time_s,recv_time_s,x_m,y_m,z_m,qx,qy,qz,qw,roll_deg,pitch_deg,yaw_deg,vx_mps,vy_mps,vz_mps,wx_radps,wy_radps,wz_radps
1790938241.132058,1790938241.132737,-0.000263,0.001820,-0.037038,-0.000350,-0.022516,-0.706301,-0.707553,1.852,1.798,89.928,0.003187,-0.001163,-0.008671,0.001160,-0.001253,-0.001317
1790938241.163975,1790938241.164590,-0.000180,0.001820,-0.037018,-0.000356,-0.022507,-0.706300,-0.707554,1.852,1.796,89.927,0.003007,-0.001146,-0.008764,0.000190,0.001052,0.000891
1790938241.201071,1790938241.201669,-0.000096,0.001797,-0.037027,-0.000354,-0.022514,-0.706300,-0.707554,1.852,1.797,89.927,0.003014,-0.001605,-0.009331,-0.000643,-0.000322,-0.000710
1790938241.233547,1790938241.234398,-0.000012,0.001779,-0.037113,-0.000348,-0.022511,-0.706302,-0.707553,1.851,1.797,89.928,0.002800,-0.001394,-0.009514,-0.001000,0.000378,-0.000981
1790938241.265026,1790938241.265568,0.000041,0.001764,-0.037183,-0.000345,-0.022503,-0.706301,-0.707554,1.850,1.797,89.927,0.002712,-0.001521,-0.009357,0.000094,-0.000648,-0.000459
1790938241.297171,1790938241.297942,0.000131,0.001735,-0.037313,-0.000340,-0.022496,-0.706300,-0.707555,1.850,1.797,89.927,0.002375,-0.001770,-0.009566,-0.000813,-0.000493,0.000234
1790938241.331075,1790938241.331661,0.000213,0.001697,-0.037226,-0.000346,-0.022497,-0.706302,-0.707553,1.850,1.796,89.928,0.002596,-0.001731,-0.009909,-0.000618,-0.001722,0.000274
1790938241.366038,1790938241.366761,0.000290,0.001673,-0.037214,-0.000353,-0.022494,-0.706302,-0.707554,1.850,1.796,89.928,0.002759,-0.001802,-0.009583,-0.000459,-0.001351,0.000644
1790938241.398070,1790938241.398588,0.000365,0.001643,-0.037222,-0.000358,-0.022492,-0.706303,-0.707553,1.851,1.795,89.928,0.002661,-0.001955,-0.009338,0.000295,0.000025,0.000034
1790938241.432091,1790938241.432757,0.000447,0.001625,-0.037293,-0.000353,-0.022489,-0.706295,-0.707560,1.850,1.795,89.927,0.002477,-0.001961,-0.009892,-0.002270,0.000437,-0.000837
1790938241.463975,1790938241.464569,0.000520,0.001602,-0.037398,-0.000348,-0.022490,-0.706297,-0.707558,1.850,1.796,89.927,0.002453,-0.001715,-0.009996,-0.000120,0.000325,0.001473
1790938241.499131,1790938241.499708,0.000585,0.001592,-0.037542,-0.000347,-0.022491,-0.706299,-0.707556,1.850,1.796,89.927,0.002770,-0.001768,-0.010354,0.000526,0.000989,-0.000145
1790938241.532058,1790938241.532618,0.000620,0.001589,-0.037489,-0.000358,-0.022484,-0.706295,-0.707560,1.850,1.794,89.926,0.002950,-0.001662,-0.010369,0.000325,-0.000658,-0.000098
1790938241.563925,1790938241.564547,0.000676,0.001584,-0.037447,-0.000362,-0.022479,-0.706296,-0.707559,1.850,1.794,89.927,0.002778,-0.001821,-0.010206,0.000445,-0.000025,-0.001077
1790938241.599062,1790938241.599814,0.000734,0.001582,-0.037453,-0.000360,-0.022484,-0.706293,-0.707563,1.850,1.794,89.926,0.002821,-0.002015,-0.010279,0.000321,0.000655,0.000693
1790938241.630068,1790938241.630701,0.000787,0.001582,-0.037503,-0.000359,-0.022495,-0.706293,-0.707563,1.851,1.795,89.926,0.002488,-0.001755,-0.010269,0.000862,0.000582,0.000493
1790938241.664034,1790938241.664607,0.000833,0.001588,-0.037614,-0.000362,-0.022500,-0.706290,-0.707565,1.852,1.795,89.926,0.002390,-0.001593,-0.010465,0.002217,-0.000909,0.000316
1790938241.697064,1790938241.697628,0.000882,0.001587,-0.037743,-0.000356,-0.022492,-0.706285,-0.707570,1.850,1.795,89.925,0.002398,-0.002001,-0.010466,-0.001158,-0.000450,-0.000033
1790938241.732058,1790938241.732584,0.000928,0.001588,-0.037716,-0.000358,-0.022492,-0.706286,-0.707569,1.851,1.795,89.925,0.002386,-0.001983,-0.010862,-0.001549,0.000216,-0.000250
1790938241.765323,1790938241.765845,0.000975,0.001582,-0.037657,-0.000356,-0.022498,-0.706284,-0.707571,1.851,1.796,89.925,0.002558,-0.002178,-0.010627,0.002438,-0.002034,-0.000075
1790938241.798160,1790938241.798684,0.000998,0.001571,-0.037625,-0.000364,-0.022497,-0.706281,-0.707574,1.852,1.795,89.924,0.002201,-0.001913,-0.010408,0.000539,0.000800,0.000901
1790938241.832081,1790938241.832640,0.001039,0.001557,-0.037656,-0.000363,-0.022488,-0.706281,-0.707574,1.851,1.794,89.924,0.002240,-0.002180,-0.010279,0.001132,-0.000582,-0.000744
1790938241.863300,1790938241.864611,0.001075,0.001542,-0.037718,-0.000364,-0.022493,-0.706281,-0.707574,1.851,1.795,89.924,0.002185,-0.002137,-0.010754,-0.000022,-0.001300,-0.001119
1790938241.900076,1790938241.900889,0.001112,0.001527,-0.037831,-0.000366,-0.022489,-0.706287,-0.707568,1.851,1.794,89.925,0.002262,-0.002059,-0.010836,0.002362,0.000915,-0.000395
1790938241.930116,1790938241.930552,0.001140,0.001517,-0.037871,-0.000375,-0.022504,-0.706285,-0.707570,1.853,1.795,89.925,0.002416,-0.001982,-0.010782,-0.000458,0.000087,0.000195
1790938241.964327,1790938241.964922,0.001158,0.001512,-0.037790,-0.000360,-0.022508,-0.706284,-0.707571,1.852,1.796,89.925,0.002461,-0.001700,-0.011496,0.000762,0.000071,-0.000574
1790938241.998061,1790938241.998651,0.001166,0.001510,-0.037772,-0.000363,-0.022502,-0.706286,-0.707569,1.852,1.795,89.925,0.002538,-0.001557,-0.011300,-0.000619,0.000407,-0.000273
1790938242.037304,1790938242.042061,0.001167,0.001518,-0.037783,-0.000362,-0.022499,-0.706284,-0.707571,1.852,1.795,89.925,0.002848,-0.001400,-0.010999,0.000248,-0.000874,-0.000571
1790938242.064297,1790938242.064892,0.001174,0.001537,-0.037822,-0.000362,-0.022499,-0.706287,-0.707568,1.852,1.795,89.925,0.003016,-0.001665,-0.011384,0.000054,0.000091,0.000127
1790938242.097063,1790938242.097653,0.001174,0.001561,-0.037931,-0.000366,-0.022499,-0.706288,-0.707567,1.852,1.795,89.925,0.002819,-0.001412,-0.011350,-0.000820,-0.001149,0.000638
1790938242.132055,1790938242.132541,0.001166,0.001578,-0.038060,-0.000365,-0.022496,-0.706286,-0.707569,1.851,1.795,89.925,0.003082,-0.001347,-0.011759,0.000214,-0.000543,-0.001616
1790938242.164054,1790938242.164635,0.001157,0.001600,-0.037973,-0.000365,-0.022495,-0.706284,-0.707571,1.851,1.795,89.925,0.003134,-0.001411,-0.011646,0.000930,0.000694,-0.000715
1790938242.198155,1790938242.200249,0.001138,0.001619,-0.037905,-0.000359,-0.022490,-0.706279,-0.707577,1.851,1.795,89.924,0.003258,-0.001096,-0.011269,0.000845,-0.000371,0.000555
1790938242.230080,1790938242.231022,0.001116,0.001638,-0.037892,-0.000362,-0.022490,-0.706274,-0.707581,1.851,1.795,89.923,0.003443,-0.001207,-0.011142,0.000317,-0.000181,0.000635
1790938242.263156,1790938242.263572,0.001099,0.001657,-0.037914,-0.000365,-0.022490,-0.706275,-0.707581,1.851,1.794,89.923,0.003505,-0.001001,-0.011272,0.001093,0.001730,0.000546
1790938242.298065,1790938242.298424,0.001061,0.001684,-0.038000,-0.000356,-0.022497,-0.706273,-0.707582,1.851,1.796,89.923,0.003173,-0.000655,-0.011374,-0.001306,0.000327,-0.002270
1790938242.333120,1790938242.333593,0.001014,0.001693,-0.038115,-0.000361,-0.022492,-0.706274,-0.707581,1.851,1.795,89.923,0.003058,-0.000794,-0.011524,-0.000469,-0.000507,0.000253
1790938242.364296,1790938242.364705,0.000957,0.001696,-0.038054,-0.000357,-0.022479,-0.706271,-0.707585,1.849,1.794,89.922,0.003343,-0.000162,-0.011846,-0.001063,0.000293,-0.000035
1790938242.396294,1790938242.396617,0.000888,0.001696,-0.037964,-0.000347,-0.022480,-0.706268,-0.707587,1.849,1.795,89.922,0.002971,-0.000311,-0.011726,-0.001151,0.000514,0.000600
1790938242.429305,1790938242.429828,0.000816,0.001681,-0.037920,-0.000354,-0.022474,-0.706272,-0.707584,1.849,1.794,89.923,0.002621,0.000111,-0.011366,0.000749,-0.001542,0.000860
1790938242.465270,1790938242.465878,0.000746,0.001664,-0.037934,-0.000350,-0.022465,-0.706262,-0.707594,1.848,1.794,89.921,0.002346,-0.000190,-0.011428,0.000331,0.001327,-0.001795
1790938242.498213,1790938242.501198,0.000676,0.001632,-0.037992,-0.000347,-0.022464,-0.706256,-0.707600,1.847,1.794,89.920,0.002367,0.000087,-0.011535,-0.000394,-0.000530,-0.001083
1790938242.530169,1790938242.530764,0.000623,0.001608,-0.038072,-0.000345,-0.022469,-0.706256,-0.707600,1.848,1.794,89.920,0.002253,0.000063,-0.012194,0.000834,0.000669,-0.000168
1790938242.564259,1790938242.564851,0.000548,0.001565,-0.038117,-0.000352,-0.022475,-0.706252,-0.707603,1.849,1.794,89.919,0.002372,0.000122,-0.012467,0.000538,-0.000436,-0.001373
1790938242.598267,1790938242.598804,0.000471,0.001521,-0.038021,-0.000352,-0.022469,-0.706249,-0.707607,1.848,1.794,89.919,0.002354,0.000383,-0.012468,-0.000151,0.002031,0.000194
1790938242.630284,1790938242.630854,0.000390,0.001477,-0.037988,-0.000346,-0.022473,-0.706253,-0.707603,1.848,1.795,89.920,0.002252,0.000554,-0.012488,0.000933,-0.000455,0.000900
1790938242.671148,1790938242.671998,0.000308,0.001432,-0.038012,-0.000349,-0.022473,-0.706258,-0.707597,1.848,1.794,89.920,0.002282,0.000621,-0.012667,-0.000218,-0.001364,0.000409
1790938242.698052,1790938242.698570,0.000225,0.001398,-0.038083,-0.000352,-0.022476,-0.706259,-0.707596,1.849,1.794,89.921,0.002809,0.000370,-0.012338,-0.000919,-0.001054,-0.001016
1790938242.729324,1790938242.729906,0.000155,0.001380,-0.038191,-0.000363,-0.022476,-0.706252,-0.707604,1.850,1.793,89.919,0.002869,0.000134,-0.012615,-0.000378,0.001398,-0.001263
1790938242.765254,1790938242.765888,0.000092,0.001369,-0.038237,-0.000367,-0.022477,-0.706256,-0.707600,1.850,1.793,89.920,0.003035,0.000320,-0.012136,0.000095,-0.000402,-0.000683
1790938242.797499,1790938242.798059,0.000035,0.001352,-0.038093,-0.000371,-0.022474,-0.706256,-0.707600,1.850,1.793,89.920,0.002785,0.000142,-0.011990,0.001893,-0.000856,0.000002
1790938242.831043,1790938242.831661,0.000004,0.001348,-0.038042,-0.000361,-0.022477,-0.706256,-0.707600,1.850,1.794,89.920,0.002769,-0.000076,-0.012076,0.001002,0.001825,-0.001158
1790938242.864921,1790938242.865552,-0.000031,0.001348,-0.038004,-0.000366,-0.022490,-0.706257,-0.707598,1.851,1.794,89.920,0.003139,-0.000170,-0.012045,0.001235,0.000153,0.000618
1790938242.898051,1790938242.898558,-0.000065,0.001360,-0.038031,-0.000361,-0.022484,-0.706260,-0.707596,1.850,1.794,89.921,0.003129,-0.000240,-0.012306,-0.000788,0.000008,0.000174
1790938242.931069,1790938242.931614,-0.000085,0.001380,-0.038105,-0.000363,-0.022475,-0.706260,-0.707595,1.850,1.793,89.921,0.003366,-0.000557,-0.011943,-0.001934,-0.001316,0.001261
1790938242.964046,1790938242.964654,-0.000098,0.001402,-0.038215,-0.000361,-0.022460,-0.706268,-0.707588,1.848,1.792,89.922,0.003381,-0.000363,-0.012406,-0.000154,-0.000495,0.001038
1790938242.998071,1790938242.998730,-0.000110,0.001425,-0.038042,-0.000361,-0.022452,-0.706268,-0.707589,1.848,1.792,89.922,0.003588,-0.000190,-0.011812,-0.000545,0.000536,0.000810
1790938243.031266,1790938243.031868,-0.000130,0.001462,-0.037924,-0.000374,-0.022449,-0.706269,-0.707587,1.848,1.790,89.922,0.003591,0.000006,-0.011950,-0.000890,-0.000194,-0.000983
1790938243.065097,1790938243.065690,-0.000148,0.001497,-0.037890,-0.000382,-0.022442,-0.706270,-0.707587,1.848,1.789,89.922,0.003560,0.000337,-0.011677,0.000096,0.000349,0.000546
1790938243.097080,1790938243.097687,-0.000168,0.001528,-0.037887,-0.000382,-0.022438,-0.706268,-0.707589,1.848,1.789,89.922,0.003894,0.000766,-0.011893,-0.000053,0.001563,-0.001613
1790938243.132047,1790938243.132578,-0.000194,0.001578,-0.037947,-0.000381,-0.022438,-0.706266,-0.707591,1.848,1.789,89.921,0.003814,0.000454,-0.012197,-0.000922,0.001218,0.000559
1790938243.164111,1790938243.164719,-0.000228,0.001624,-0.038045,-0.000378,-0.022432,-0.706269,-0.707588,1.847,1.789,89.922,0.004120,0.001048,-0.012468,-0.000295,-0.000720,-0.000110
1790938243.198029,1790938243.198521,-0.000288,0.001667,-0.037974,-0.000373,-0.022429,-0.706266,-0.707591,1.847,1.789,89.921,0.004210,0.001553,-0.012524,0.001272,0.000873,-0.002271
1790938243.229292,1790938243.229794,-0.000357,0.001710,-0.037864,-0.000373,-0.022426,-0.706266,-0.707591,1.846,1.788,89.921,0.004163,0.001672,-0.012590,-0.000058,0.000790,-0.000404
1790938243.265061,1790938243.265520,-0.000430,0.001749,-0.037818,-0.000362,-0.022421,-0.706267,-0.707591,1.845,1.789,89.921,0.004105,0.001921,-0.012866,-0.000493,0.000931,0.000687
1790938243.296341,1790938243.296757,-0.000510,0.001804,-0.037826,-0.000361,-0.022414,-0.706273,-0.707584,1.845,1.788,89.923,0.003928,0.002342,-0.012534,0.000084,-0.000737,0.000005
1790938243.330286,1790938243.330619,-0.000588,0.001847,-0.037891,-0.000351,-0.022411,-0.706280,-0.707578,1.844,1.789,89.924,0.003574,0.002286,-0.012865,-0.000787,0.000419,0.000433
1790938243.366016,1790938243.366421,-0.000678,0.001880,-0.038022,-0.000347,-0.022409,-0.706284,-0.707574,1.843,1.789,89.924,0.003529,0.002577,-0.012797,0.000071,-0.000287,-0.001842
1790938243.399163,1790938243.399423,-0.000737,0.001890,-0.038003,-0.000344,-0.022403,-0.706283,-0.707575,1.842,1.789,89.924,0.003390,0.002563,-0.013117,-0.001616,-0.001272,-0.000173
1790938243.430169,1790938243.430733,-0.000817,0.001895,-0.037871,-0.000348,-0.022394,-0.706284,-0.707575,1.842,1.788,89.924,0.003208,0.002345,-0.013065,-0.000765,-0.001514,0.000455
1790938243.465101,1790938243.465742,-0.000893,0.001906,-0.037812,-0.000352,-0.022384,-0.706286,-0.707573,1.841,1.787,89.924,0.003145,0.002361,-0.013148,-0.000080,0.000175,-0.001097
1790938243.499070,1790938243.499892,-0.000974,0.001918,-0.037830,-0.000355,-0.022392,-0.706288,-0.707570,1.842,1.787,89.925,0.003304,0.002652,-0.013233,0.000501,0.000111,-0.000831
1790938243.532105,1790938243.533385,-0.001059,0.001933,-0.037901,-0.000360,-0.022400,-0.706289,-0.707569,1.843,1.787,89.925,0.003452,0.002871,-0.013538,-0.000104,-0.000424,-0.000102
1790938243.564049,1790938243.564589,-0.001147,0.001949,-0.038024,-0.000351,-0.022393,-0.706289,-0.707570,1.842,1.788,89.925,0.003595,0.002882,-0.013648,-0.000169,-0.000003,0.001029
1790938243.598285,1790938243.598913,-0.001216,0.001949,-0.038052,-0.000360,-0.022399,-0.706295,-0.707563,1.843,1.787,89.926,0.003334,0.002237,-0.013180,0.000813,0.000286,0.000244
1790938243.630092,1790938243.630706,-0.001256,0.001952,-0.037976,-0.000365,-0.022391,-0.706296,-0.707562,1.843,1.786,89.926,0.003587,0.002389,-0.013493,-0.000244,-0.000954,-0.000622
1790938243.666997,1790938243.667555,-0.001339,0.001955,-0.037888,-0.000374,-0.022389,-0.706289,-0.707569,1.844,1.785,89.925,0.003438,0.002497,-0.013183,0.000829,-0.000355,-0.001362
1790938243.696290,1790938243.696849,-0.001383,0.001952,-0.037900,-0.000371,-0.022376,-0.706287,-0.707572,1.842,1.785,89.924,0.003319,0.002669,-0.013615,-0.001507,-0.001579,0.000162
1790938243.731269,1790938243.731830,-0.001442,0.001937,-0.037948,-0.000375,-0.022370,-0.706288,-0.707571,1.842,1.784,89.925,0.003393,0.002326,-0.013588,0.001795,0.001020,0.000084
1790938243.763271,1790938243.763806,-0.001494,0.001924,-0.038062,-0.000381,-0.022373,-0.706287,-0.707572,1.843,1.784,89.925,0.003317,0.002517,-0.013534,-0.000090,0.000182,0.000170
1790938243.796282,1790938243.797163,-0.001553,0.001905,-0.038212,-0.000384,-0.022377,-0.706293,-0.707565,1.843,1.784,89.926,0.003165,0.002608,-0.013843,-0.000360,-0.000577,0.000273
1790938243.830139,1790938243.831506,-0.001592,0.001871,-0.038059,-0.000384,-0.022386,-0.706292,-0.707566,1.844,1.784,89.925,0.002780,0.002168,-0.014028,0.002486,0.001176,-0.000202
1790938243.864132,1790938243.865162,-0.001623,0.001819,-0.038004,-0.000385,-0.022385,-0.706291,-0.707568,1.844,1.784,89.925,0.002593,0.002207,-0.014359,-0.000218,0.000876,-0.000053
1790938243.899124,1790938243.899729,-0.001654,0.001779,-0.037998,-0.000395,-0.022392,-0.706288,-0.707570,1.846,1.784,89.925,0.002981,0.002378,-0.013837,-0.000374,-0.001426,-0.000297
1790938243.931333,1790938243.932000,-0.001680,0.001763,-0.038034,-0.000400,-0.022390,-0.706289,-0.707570,1.846,1.783,89.925,0.003272,0.002583,-0.014032,0.001252,-0.000083,-0.000308
1790938243.963351,1790938243.964145,-0.001717,0.001741,-0.038144,-0.000406,-0.022392,-0.706288,-0.707571,1.846,1.783,89.925,0.003214,0.002343,-0.014540,0.001078,0.000151,-0.000795
1790938243.998368,1790938243.999050,-0.001739,0.001726,-0.038278,-0.000415,-0.022398,-0.706286,-0.707572,1.848,1.783,89.924,0.003447,0.002562,-0.014207,0.001611,0.000393,0.000909
1790938244.032348,1790938244.033187,-0.001762,0.001708,-0.038227,-0.000410,-0.022393,-0.706290,-0.707568,1.847,1.783,89.925,0.002955,0.002353,-0.014349,-0.002588,-0.000106,-0.000707
1790938244.066132,1790938244.066849,-0.001770,0.001678,-0.038135,-0.000408,-0.022387,-0.706287,-0.707572,1.846,1.782,89.925,0.002908,0.001833,-0.014838,0.000067,-0.001016,-0.000330
1790938244.098331,1790938244.099001,-0.001762,0.001644,-0.038138,-0.000407,-0.022378,-0.706286,-0.707573,1.845,1.782,89.924,0.002590,0.001655,-0.014629,-0.002255,0.000341,-0.000829
1790938244.131116,1790938244.131941,-0.001738,0.001618,-0.038182,-0.000419,-0.022374,-0.706288,-0.707571,1.846,1.781,89.925,0.002624,0.001393,-0.014885,-0.000977,-0.000349,0.000059
1790938244.166032,1790938244.166378,-0.001715,0.001588,-0.038296,-0.000424,-0.022385,-0.706291,-0.707568,1.847,1.781,89.925,0.002280,0.001615,-0.015348,0.000481,0.000765,-0.000104
1790938244.198288,1790938244.198817,-0.001701,0.001557,-0.038403,-0.000410,-0.022378,-0.706289,-0.707570,1.846,1.782,89.925,0.001906,0.001217,-0.015061,0.000280,-0.000355,0.000661
1790938244.229300,1790938244.229877,-0.001668,0.001498,-0.038473,-0.000416,-0.022381,-0.706291,-0.707567,1.846,1.781,89.925,0.001762,0.001073,-0.014927,-0.000636,0.000187,0.000119
1790938244.264109,1790938244.264775,-0.001630,0.001430,-0.038350,-0.000415,-0.022377,-0.706292,-0.707567,1.846,1.781,89.925,0.001411,0.001263,-0.014719,-0.001317,0.000110,-0.000735
1790938244.297327,1790938244.298115,-0.001590,0.001366,-0.038292,-0.000421,-0.022384,-0.706293,-0.707565,1.847,1.781,89.926,0.001426,0.001132,-0.014438,-0.000413,0.001238,0.000510
1790938244.333099,1790938244.333650,-0.001538,0.001296,-0.038304,-0.000417,-0.022400,-0.706294,-0.707564,1.848,1.783,89.926,0.000744,0.000847,-0.014551,0.001562,0.001387,0.000065
1790938244.364143,1790938244.364786,-0.001487,0.001210,-0.038368,-0.000422,-0.022410,-0.706300,-0.707557,1.849,1.783,89.927,0.000699,0.001012,-0.014796,0.000493,-0.000086,0.000846
1790938244.396462,1790938244.397449,-0.001436,0.001110,-0.038531,-0.000431,-0.022413,-0.706297,-0.707560,1.850,1.783,89.926,0.000461,0.000790,-0.015595,0.000259,0.000785,-0.000238
1790938244.430151,1790938244.430716,-0.001403,0.001038,-0.038655,-0.000433,-0.022410,-0.706300,-0.707558,1.850,1.782,89.927,0.000534,0.000940,-0.015674,0.000961,-0.001440,0.000229
1790938244.467046,1790938244.467594,-0.001332,0.000900,-0.038462,-0.000437,-0.022419,-0.706312,-0.707545,1.851,1.783,89.929,0.000525,0.000543,-0.016053,-0.000930,0.001398,-0.000105
1790938244.496283,1790938244.496833,-0.001292,0.000833,-0.038430,-0.000441,-0.022430,-0.706309,-0.707548,1.852,1.783,89.928,0.000306,0.000448,-0.015990,0.000130,-0.000541,-0.000871
1790938244.530320,1790938244.530907,-0.001231,0.000726,-0.038435,-0.000442,-0.022427,-0.706312,-0.707545,1.852,1.783,89.929,0.000195,0.000472,-0.016285,0.001465,-0.001085,-0.000391
1790938244.565258,1790938244.565898,-0.001169,0.000611,-0.038539,-0.000466,-0.022430,-0.706306,-0.707551,1.854,1.781,89.928,-0.000191,0.000209,-0.016254,-0.000072,0.000348,0.000118
1790938244.599053,1790938244.599661,-0.001100,0.000498,-0.038679,-0.000467,-0.022428,-0.706311,-0.707546,1.854,1.781,89.929,-0.000034,-0.000272,-0.016451,0.000607,-0.000368,0.002092
1790938244.629309,1790938244.629909,-0.001018,0.000389,-0.038877,-0.000462,-0.022437,-0.706306,-0.707551,1.855,1.782,89.928,-0.000132,-0.000779,-0.016689,0.000062,0.000684,-0.000119
1790938244.664292,1790938244.664865,-0.000912,0.000285,-0.038738,-0.000462,-0.022439,-0.706305,-0.707551,1.855,1.782,89.928,-0.000194,-0.001241,-0.016515,0.000280,-0.000072,-0.002062
1790938244.698459,1790938244.699032,-0.000801,0.000176,-0.038657,-0.000464,-0.022437,-0.706308,-0.707549,1.855,1.782,89.928,-0.000293,-0.001458,-0.016226,-0.001012,0.000715,-0.000694
1790938244.731297,1790938244.731938,-0.000729,0.000104,-0.038663,-0.000467,-0.022435,-0.706312,-0.707545,1.855,1.782,89.929,-0.000123,-0.001277,-0.016134,0.001355,0.000517,-0.000114
1790938244.765302,1790938244.765934,-0.000628,0.000003,-0.038693,-0.000463,-0.022435,-0.706310,-0.707547,1.855,1.782,89.929,-0.000422,-0.001363,-0.015818,-0.000195,0.001218,0.001760
1790938244.798282,1790938244.798819,-0.000521,-0.000121,-0.038787,-0.000462,-0.022434,-0.706312,-0.707545,1.854,1.782,89.929,-0.000883,-0.001504,-0.016195,-0.000977,0.000466,0.000315
1790938244.829606,1790938244.830152,-0.000413,-0.000247,-0.038943,-0.000462,-0.022425,-0.706318,-0.707539,1.854,1.781,89.930,-0.001094,-0.001969,-0.016296,0.000299,-0.000863,0.000307
1790938244.863259,1790938244.863830,-0.000302,-0.000372,-0.038878,-0.000467,-0.022416,-0.706316,-0.707541,1.853,1.780,89.929,-0.001054,-0.001798,-0.016795,-0.000027,0.001296,-0.000298
1790938244.896248,1790938244.896841,-0.000199,-0.000486,-0.038758,-0.000451,-0.022416,-0.706324,-0.707534,1.852,1.781,89.931,-0.001067,-0.001803,-0.016839,-0.001903,0.000737,-0.000663
1790938244.930055,1790938244.930578,-0.000104,-0.000595,-0.038723,-0.000448,-0.022409,-0.706321,-0.707537,1.851,1.781,89.930,-0.001465,-0.001479,-0.016464,-0.001094,-0.000176,-0.000338
1790938244.964940,1790938244.965558,-0.000019,-0.000698,-0.038745,-0.000456,-0.022425,-0.706325,-0.707532,1.853,1.782,89.931,-0.001200,-0.001490,-0.016647,-0.001372,0.000586,-0.000313
1790938245.000066,1790938245.000667,0.000068,-0.000789,-0.038859,-0.000461,-0.022432,-0.706321,-0.707536,1.854,1.782,89.930,-0.001163,-0.001625,-0.016856,0.000676,-0.000377,0.000025
1790938245.029349,1790938245.029869,0.000121,-0.000848,-0.038953,-0.000459,-0.022434,-0.706321,-0.707537,1.854,1.782,89.930,-0.001233,-0.001409,-0.016623,-0.001333,0.001526,0.000554
1790938245.064070,1790938245.064591,0.000186,-0.000923,-0.038968,-0.000455,-0.022437,-0.706321,-0.707536,1.854,1.783,89.930,-0.001381,-0.001065,-0.016313,0.000655,-0.001161,-0.000335
1790938245.098295,1790938245.098794,0.000246,-0.000997,-0.038789,-0.000465,-0.022440,-0.706321,-0.707536,1.855,1.782,89.930,-0.001750,-0.001371,-0.016162,0.001452,-0.001686,-0.000058
1790938245.130256,1790938245.130788,0.000308,-0.001074,-0.038672,-0.000472,-0.022429,-0.706323,-0.707535,1.855,1.781,89.931,-0.001778,-0.001443,-0.016265,0.000359,-0.000379,-0.000145
1790938245.163285,1790938245.163795,0.000375,-0.001153,-0.038644,-0.000477,-0.022436,-0.706331,-0.707526,1.856,1.781,89.932,-0.002007,-0.001785,-0.015794,-0.000859,-0.001128,-0.000103
1790938245.196301,1790938245.196815,0.000438,-0.001238,-0.038679,-0.000470,-0.022432,-0.706334,-0.707523,1.855,1.781,89.933,-0.002338,-0.001775,-0.015370,0.000015,0.000515,-0.000168
1790938245.229323,1790938245.229891,0.000481,-0.001303,-0.038737,-0.000473,-0.022432,-0.706334,-0.707523,1.855,1.781,89.932,-0.002715,-0.001895,-0.015515,-0.000580,-0.000022,-0.000811
1790938245.264282,1790938245.264799,0.000544,-0.001401,-0.038829,-0.000484,-0.022434,-0.706327,-0.707530,1.856,1.780,89.931,-0.002666,-0.001871,-0.014958,-0.000110,0.001525,-0.000573
1790938245.299069,1790938245.299672,0.000601,-0.001487,-0.038574,-0.000495,-0.022436,-0.706330,-0.707527,1.857,1.779,89.932,-0.002369,-0.001917,-0.014415,0.000392,0.000031,0.000169
1790938245.330280,1790938245.330934,0.000652,-0.001555,-0.038384,-0.000487,-0.022439,-0.706331,-0.707526,1.857,1.780,89.932,-0.002101,-0.001817,-0.014260,-0.001234,-0.000341,0.000908
1790938245.364070,1790938245.364625,0.000695,-0.001615,-0.038262,-0.000490,-0.022431,-0.706327,-0.707530,1.856,1.779,89.931,-0.002271,-0.001346,-0.013925,-0.000695,-0.000301,-0.000761
1790938245.399046,1790938245.399580,0.000728,-0.001669,-0.038214,-0.000490,-0.022427,-0.706327,-0.707530,1.856,1.779,89.931,-0.002306,-0.001555,-0.013886,-0.000366,0.000980,-0.000883
1790938245.429303,1790938245.429812,0.000768,-0.001720,-0.038217,-0.000486,-0.022426,-0.706328,-0.707529,1.856,1.779,89.932,-0.002394,-0.001759,-0.014148,0.001696,-0.001164,-0.001286
1790938245.463307,1790938245.463801,0.000816,-0.001769,-0.038312,-0.000486,-0.022422,-0.706323,-0.707534,1.855,1.779,89.931,-0.002309,-0.002207,-0.014643,-0.001686,-0.001668,-0.001192
1790938245.499041,1790938245.499539,0.000855,-0.001820,-0.038069,-0.000474,-0.022428,-0.706318,-0.707539,1.855,1.780,89.930,-0.002579,-0.002152,-0.013993,-0.001450,0.000382,-0.000101
1790938245.531301,1790938245.531821,0.000888,-0.001853,-0.037950,-0.000482,-0.022426,-0.706313,-0.707544,1.855,1.780,89.929,-0.002508,-0.002347,-0.013649,-0.001229,-0.000710,0.001031
1790938245.565264,1790938245.565752,0.000935,-0.001894,-0.037808,-0.000478,-0.022426,-0.706314,-0.707543,1.855,1.780,89.929,-0.002412,-0.002380,-0.013170,0.000356,-0.001102,-0.000367
1790938245.596364,1790938245.596944,0.000988,-0.001919,-0.037739,-0.000470,-0.022416,-0.706314,-0.707543,1.854,1.780,89.929,-0.002243,-0.002629,-0.012812,0.000923,-0.002467,-0.000230
1790938245.630086,1790938245.630676,0.001040,-0.001927,-0.037724,-0.000468,-0.022414,-0.706315,-0.707543,1.853,1.780,89.929,-0.001675,-0.002685,-0.012994,-0.000790,-0.001195,0.000432
1790938245.664480,1790938245.664948,0.001099,-0.001912,-0.037789,-0.000471,-0.022420,-0.706314,-0.707544,1.854,1.780,89.929,-0.001269,-0.002617,-0.013532,0.000178,0.001180,0.000660
1790938245.698332,1790938245.698875,0.001140,-0.001884,-0.037633,-0.000467,-0.022416,-0.706315,-0.707543,1.853,1.780,89.929,-0.001218,-0.002402,-0.013851,-0.000750,-0.001321,-0.001215
1790938245.733046,1790938245.733377,0.001170,-0.001857,-0.037458,-0.000469,-0.022407,-0.706318,-0.707540,1.853,1.779,89.930,-0.001121,-0.002359,-0.014480,-0.000414,-0.000087,-0.000364
1790938245.766331,1790938245.766651,0.001206,-0.001837,-0.037413,-0.000466,-0.022413,-0.706312,-0.707545,1.853,1.780,89.929,-0.001370,-0.002522,-0.015077,0.000635,0.000462,0.001338
1790938245.798060,1790938245.799020,0.001227,-0.001818,-0.037416,-0.000470,-0.022424,-0.706311,-0.707547,1.854,1.780,89.929,-0.001351,-0.002347,-0.014669,-0.000074,0.000162,-0.000639
1790938245.829341,1790938245.830342,0.001261,-0.001793,-0.037455,-0.000477,-0.022430,-0.706310,-0.707547,1.855,1.780,89.929,-0.001421,-0.002555,-0.014533,0.000840,-0.000154,-0.000367
1790938245.863281,1790938245.863825,0.001284,-0.001774,-0.037551,-0.000487,-0.022432,-0.706315,-0.707542,1.856,1.780,89.929,-0.001661,-0.002495,-0.015037,0.001578,0.000076,0.000405
1790938245.898417,1790938245.899316,0.001319,-0.001757,-0.037598,-0.000493,-0.022434,-0.706313,-0.707544,1.857,1.779,89.929,-0.001931,-0.003047,-0.015722,0.000134,-0.000574,-0.000310
1790938245.929302,1790938245.929806,0.001351,-0.001751,-0.037505,-0.000490,-0.022430,-0.706315,-0.707542,1.856,1.779,89.929,-0.001983,-0.002742,-0.015912,-0.000560,0.000809,-0.000322
1790938245.965617,1790938245.966178,0.001383,-0.001739,-0.037474,-0.000485,-0.022423,-0.706319,-0.707538,1.855,1.779,89.930,-0.001819,-0.002915,-0.016053,-0.000822,0.000627,0.000567
1790938245.998064,1790938245.998741,0.001411,-0.001715,-0.037536,-0.000485,-0.022431,-0.706318,-0.707539,1.856,1.780,89.930,-0.001407,-0.002949,-0.016464,-0.000428,-0.001539,-0.000113
1790938246.029423,1790938246.030249,0.001433,-0.001695,-0.037620,-0.000490,-0.022426,-0.706319,-0.707539,1.856,1.779,89.930,-0.001332,-0.003112,-0.016690,0.000489,-0.000660,-0.000777
1790938246.064265,1790938246.064831,0.001482,-0.001659,-0.037798,-0.000491,-0.022437,-0.706313,-0.707544,1.857,1.780,89.929,-0.001410,-0.003571,-0.016720,-0.000830,0.000383,0.000417
1790938246.097563,1790938246.097995,0.001535,-0.001625,-0.038034,-0.000483,-0.022432,-0.706317,-0.707540,1.856,1.780,89.930,-0.000917,-0.003773,-0.017142,0.001216,0.000008,-0.000051
1790938246.131441,1790938246.131926,0.001586,-0.001579,-0.037901,-0.000481,-0.022434,-0.706315,-0.707542,1.856,1.780,89.929,-0.000897,-0.003907,-0.017268,0.001202,0.000443,-0.000761
1790938246.164312,1790938246.164624,0.001632,-0.001528,-0.037879,-0.000491,-0.022441,-0.706316,-0.707540,1.857,1.780,89.930,-0.000556,-0.003422,-0.017184,-0.000019,0.000363,0.000501
1790938246.198031,1790938246.198610,0.001661,-0.001479,-0.037929,-0.000491,-0.022445,-0.706317,-0.707540,1.858,1.780,89.930,-0.000696,-0.003316,-0.017153,0.001075,0.000845,-0.000805
1790938246.231284,1790938246.231854,0.001696,-0.001433,-0.038035,-0.000486,-0.022454,-0.706318,-0.707539,1.858,1.781,89.930,-0.000396,-0.003596,-0.016517,0.000536,0.002081,0.000797
1790938246.266280,1790938246.266753,0.001725,-0.001382,-0.038181,-0.000480,-0.022450,-0.706316,-0.707540,1.857,1.782,89.930,-0.000228,-0.003267,-0.016351,-0.000629,-0.001111,-0.000893
1790938246.296294,1790938246.296769,0.001733,-0.001348,-0.038289,-0.000485,-0.022452,-0.706315,-0.707541,1.858,1.781,89.930,-0.000314,-0.003255,-0.016557,-0.000440,0.000530,-0.001162
1790938246.330259,1790938246.330774,0.001754,-0.001299,-0.038241,-0.000472,-0.022452,-0.706311,-0.707546,1.857,1.782,89.929,-0.000101,-0.003287,-0.015881,0.000689,0.001110,-0.001410
1790938246.364425,1790938246.364981,0.001767,-0.001251,-0.038061,-0.000468,-0.022455,-0.706313,-0.707544,1.857,1.783,89.929,-0.000276,-0.003430,-0.015119,-0.000087,0.000075,0.000065
1790938246.398188,1790938246.398754,0.001787,-0.001194,-0.037974,-0.000464,-0.022454,-0.706311,-0.707545,1.856,1.783,89.929,0.000192,-0.003495,-0.015329,0.000107,0.000261,-0.001047
1790938246.429317,1790938246.429840,0.001801,-0.001123,-0.037942,-0.000472,-0.022450,-0.706308,-0.707548,1.857,1.782,89.928,0.000473,-0.003221,-0.015012,-0.000646,-0.001313,0.000797
1790938246.464296,1790938246.464840,0.001823,-0.001055,-0.037999,-0.000473,-0.022449,-0.706302,-0.707555,1.857,1.782,89.927,0.000131,-0.003371,-0.014680,-0.000828,-0.000597,-0.000955
1790938246.498226,1790938246.498837,0.001837,-0.001008,-0.038064,-0.000468,-0.022443,-0.706298,-0.707559,1.856,1.782,89.927,-0.000057,-0.003646,-0.014261,-0.000106,-0.000435,-0.001152
1790938246.530387,1790938246.530989,0.001852,-0.000957,-0.037890,-0.000463,-0.022446,-0.706296,-0.707560,1.855,1.783,89.926,0.000242,-0.003264,-0.013890,-0.000876,0.000903,-0.001916
1790938246.565399,1790938246.565979,0.001854,-0.000898,-0.037650,-0.000455,-0.022448,-0.706296,-0.707561,1.855,1.784,89.926,0.000232,-0.002873,-0.013639,-0.001110,0.000184,-0.001679
1790938246.598085,1790938246.598712,0.001846,-0.000853,-0.037522,-0.000454,-0.022458,-0.706297,-0.707560,1.856,1.784,89.927,0.000357,-0.002949,-0.013635,0.000112,0.001538,0.000625
1790938246.631298,1790938246.631930,0.001836,-0.000786,-0.037422,-0.000455,-0.022443,-0.706294,-0.707563,1.855,1.783,89.926,0.000338,-0.002546,-0.013255,-0.001178,0.000131,-0.000345
1790938246.665308,1790938246.665837,0.001812,-0.000721,-0.037362,-0.000445,-0.022441,-0.706293,-0.707564,1.854,1.784,89.926,0.000185,-0.002517,-0.013079,-0.000530,0.000393,-0.000359
1790938246.698076,1790938246.698673,0.001790,-0.000658,-0.037372,-0.000451,-0.022449,-0.706288,-0.707569,1.855,1.784,89.925,0.000394,-0.002307,-0.013055,-0.000972,0.000476,-0.000451
1790938246.731287,1790938246.731860,0.001760,-0.000611,-0.037295,-0.000436,-0.022447,-0.706284,-0.707573,1.853,1.785,89.924,-0.000058,-0.002360,-0.012912,-0.000944,0.000921,-0.001085
1790938246.764269,1790938246.764649,0.001728,-0.000586,-0.037046,-0.000445,-0.022445,-0.706287,-0.707570,1.854,1.784,89.925,-0.000420,-0.002548,-0.012573,-0.000146,0.001146,-0.001820
1790938246.798067,1790938246.798599,0.001696,-0.000564,-0.036870,-0.000437,-0.022439,-0.706281,-0.707576,1.853,1.784,89.924,-0.000569,-0.002318,-0.012633,0.001712,-0.000308,0.000755
1790938246.830302,1790938246.830825,0.001676,-0.000554,-0.036799,-0.000449,-0.022434,-0.706274,-0.707583,1.853,1.783,89.923,-0.000611,-0.002438,-0.012549,0.001174,0.000007,-0.000368
1790938246.866279,1790938246.866780,0.001633,-0.000535,-0.036722,-0.000442,-0.022439,-0.706271,-0.707586,1.853,1.784,89.922,-0.000662,-0.002186,-0.011786,-0.001323,-0.000268,-0.000289
1790938246.898372,1790938246.898870,0.001606,-0.000530,-0.036717,-0.000447,-0.022445,-0.706266,-0.707591,1.854,1.784,89.921,-0.000439,-0.001902,-0.012118,0.001169,0.000464,0.000678
1790938246.932270,1790938246.932632,0.001549,-0.000514,-0.036747,-0.000444,-0.022434,-0.706266,-0.707591,1.853,1.783,89.921,-0.000378,-0.001595,-0.012291,-0.001537,0.000489,0.000450
1790938246.965343,1790938246.965635,0.001482,-0.000503,-0.036502,-0.000446,-0.022425,-0.706270,-0.707587,1.852,1.782,89.922,-0.000131,-0.001194,-0.011764,-0.001500,0.000009,0.000448
1790938246.996275,1790938246.996844,0.001409,-0.000490,-0.036333,-0.000442,-0.022435,-0.706268,-0.707589,1.853,1.784,89.922,-0.000284,-0.001251,-0.011936,0.001279,0.001067,-0.000737
1790938247.029413,1790938247.030029,0.001337,-0.000487,-0.036230,-0.000439,-0.022434,-0.706270,-0.707587,1.852,1.784,89.922,-0.000506,-0.000965,-0.011866,0.000527,0.000511,-0.000492
1790938247.064120,1790938247.064732,0.001263,-0.000485,-0.036183,-0.000436,-0.022437,-0.706271,-0.707586,1.852,1.784,89.922,-0.000309,-0.001048,-0.011662,-0.000646,-0.000103,0.000517
1790938247.099060,1790938247.099561,0.001196,-0.000472,-0.036197,-0.000427,-0.022429,-0.706273,-0.707584,1.851,1.784,89.923,-0.000244,-0.001113,-0.012064,0.000866,-0.000209,-0.001275
1790938247.131332,1790938247.131831,0.001156,-0.000460,-0.036244,-0.000432,-0.022431,-0.706272,-0.707585,1.852,1.784,89.922,0.000051,-0.001200,-0.012130,0.001581,-0.001827,0.000647
1790938247.164283,1790938247.164814,0.001088,-0.000433,-0.036126,-0.000425,-0.022429,-0.706273,-0.707584,1.851,1.785,89.923,0.000143,-0.000960,-0.011887,-0.000404,-0.000346,0.000694
1790938247.198319,1790938247.198830,0.001016,-0.000410,-0.035963,-0.000420,-0.022429,-0.706274,-0.707583,1.850,1.785,89.923,0.000027,-0.000477,-0.011721,-0.001842,0.000231,-0.000614
1790938247.229335,1790938247.229853,0.000943,-0.000396,-0.035859,-0.000420,-0.022424,-0.706272,-0.707585,1.850,1.785,89.922,-0.000279,-0.001038,-0.011416,0.002566,0.000353,-0.001916
1790938247.265281,1790938247.265725,0.000889,-0.000389,-0.035817,-0.000420,-0.022426,-0.706274,-0.707583,1.850,1.785,89.923,-0.000091,-0.001190,-0.011597,0.001604,-0.000363,0.001186
1790938247.300039,1790938247.300414,0.000832,-0.000384,-0.035854,-0.000428,-0.022433,-0.706277,-0.707580,1.852,1.785,89.923,-0.000281,-0.001102,-0.011689,0.001272,0.000874,-0.001160
1790938247.330315,1790938247.330825,0.000772,-0.000384,-0.035923,-0.000429,-0.022429,-0.706276,-0.707582,1.851,1.784,89.923,-0.000066,-0.001012,-0.011682,-0.000579,-0.000741,-0.000169
1790938247.363313,1790938247.363882,0.000735,-0.000379,-0.035875,-0.000426,-0.022433,-0.706278,-0.707579,1.851,1.785,89.923,0.000162,-0.001296,-0.011932,0.001821,0.000593,0.000069
1790938247.397439,1790938247.397874,0.000700,-0.000364,-0.035747,-0.000432,-0.022437,-0.706275,-0.707582,1.852,1.785,89.923,0.000081,-0.001194,-0.012282,-0.001249,-0.000420,-0.001125
1790938247.431398,1790938247.431886,0.000656,-0.000354,-0.035680,-0.000428,-0.022432,-0.706279,-0.707578,1.851,1.785,89.924,-0.000108,-0.001012,-0.012937,-0.001022,-0.000604,0.000185
1790938247.464290,1790938247.464813,0.000614,-0.000348,-0.035704,-0.000428,-0.022439,-0.706278,-0.707579,1.852,1.785,89.923,0.000133,-0.000964,-0.012745,0.000067,0.001006,0.000756
1790938247.499101,1790938247.499745,0.000562,-0.000336,-0.035775,-0.000425,-0.022431,-0.706284,-0.707573,1.851,1.785,89.924,0.000268,-0.000689,-0.012997,-0.000901,0.000207,0.001178
1790938247.530329,1790938247.530835,0.000518,-0.000323,-0.035893,-0.000424,-0.022430,-0.706285,-0.707572,1.851,1.785,89.925,0.000648,-0.000839,-0.013058,0.000567,0.000147,-0.000623
1790938247.565311,1790938247.565813,0.000473,-0.000288,-0.035928,-0.000422,-0.022421,-0.706288,-0.707569,1.850,1.784,89.925,0.000609,-0.000571,-0.012470,-0.000459,-0.000545,-0.000186
1790938247.596383,1790938247.596943,0.000440,-0.000250,-0.035816,-0.000418,-0.022418,-0.706287,-0.707571,1.849,1.784,89.925,0.000505,-0.000892,-0.012048,0.000645,-0.000792,-0.000372
1790938247.630972,1790938247.631421,0.000417,-0.000212,-0.035763,-0.000418,-0.022420,-0.706288,-0.707570,1.850,1.784,89.925,0.000417,-0.001016,-0.012390,-0.002891,-0.000070,-0.001836
1790938247.664427,1790938247.664879,0.000409,-0.000196,-0.035769,-0.000411,-0.022420,-0.706287,-0.707570,1.849,1.785,89.925,0.000121,-0.001193,-0.012686,-0.000081,0.000442,-0.000071
1790938247.697576,1790938247.698235,0.000397,-0.000183,-0.035821,-0.000409,-0.022415,-0.706286,-0.707571,1.849,1.785,89.925,0.000021,-0.001349,-0.012389,0.000933,-0.000131,-0.000550
1790938247.731367,1790938247.731886,0.000384,-0.000180,-0.035904,-0.000402,-0.022413,-0.706288,-0.707569,1.848,1.785,89.925,-0.000095,-0.001285,-0.012614,0.001650,-0.000816,0.000777
1790938247.765302,1790938247.765870,0.000378,-0.000190,-0.036063,-0.000398,-0.022417,-0.706294,-0.707564,1.848,1.786,89.926,-0.000395,-0.001726,-0.012913,-0.000586,0.000416,0.000282
1790938247.798304,1790938247.798857,0.000368,-0.000210,-0.035915,-0.000390,-0.022402,-0.706300,-0.707558,1.846,1.785,89.927,-0.000280,-0.000844,-0.012486,-0.000032,0.002252,-0.000822
1790938247.831290,1790938247.831842,0.000344,-0.000223,-0.035832,-0.000383,-0.022397,-0.706301,-0.707557,1.845,1.785,89.927,-0.000547,-0.000618,-0.012493,-0.000349,0.000750,-0.000273
1790938247.864365,1790938247.864861,0.000309,-0.000256,-0.035809,-0.000383,-0.022394,-0.706299,-0.707559,1.845,1.785,89.927,-0.000997,-0.000261,-0.012065,-0.000907,0.000425,-0.000140
1790938247.896363,1790938247.896819,0.000284,-0.000286,-0.035815,-0.000387,-0.022394,-0.706299,-0.707560,1.845,1.785,89.927,-0.001243,-0.000177,-0.011815,-0.002129,0.000634,0.001095
1790938247.930367,1790938247.930863,0.000241,-0.000337,-0.035854,-0.000372,-0.022385,-0.706306,-0.707553,1.843,1.785,89.928,-0.001376,-0.000072,-0.011738,-0.000913,0.001083,-0.000107
1790938247.964368,1790938247.964856,0.000193,-0.000409,-0.035968,-0.000371,-0.022387,-0.706303,-0.707556,1.843,1.785,89.927,-0.001670,0.000110,-0.012115,0.001958,-0.000435,-0.000984
1790938247.998049,1790938247.998556,0.000142,-0.000485,-0.035864,-0.000374,-0.022388,-0.706300,-0.707558,1.844,1.785,89.927,-0.001788,0.000150,-0.011835,-0.000141,-0.000700,-0.001420
1790938248.030079,1790938248.030780,0.000088,-0.000573,-0.035710,-0.000382,-0.022392,-0.706298,-0.707561,1.844,1.785,89.926,-0.002179,0.000278,-0.011566,0.000551,-0.000297,0.001137
1790938248.063311,1790938248.063677,0.000036,-0.000666,-0.035644,-0.000396,-0.022388,-0.706298,-0.707561,1.845,1.784,89.926,-0.002496,0.000348,-0.011890,-0.001290,-0.000331,0.000300
1790938248.096272,1790938248.096785,-0.000023,-0.000770,-0.035639,-0.000388,-0.022389,-0.706302,-0.707556,1.845,1.784,89.927,-0.002687,0.000512,-0.012630,-0.002225,0.000553,0.000621
1790938248.131282,1790938248.131775,-0.000086,-0.000880,-0.035693,-0.000376,-0.022387,-0.706304,-0.707554,1.844,1.785,89.927,-0.003201,0.000743,-0.012019,0.002176,-0.000083,-0.000698
1790938248.165034,1790938248.165687,-0.000149,-0.000990,-0.035788,-0.000368,-0.022385,-0.706306,-0.707553,1.843,1.785,89.928,-0.002960,0.000736,-0.012127,0.000934,-0.000898,0.000313
1790938248.199150,1790938248.199751,-0.000210,-0.001091,-0.035708,-0.000370,-0.022386,-0.706309,-0.707550,1.843,1.785,89.928,-0.002927,0.000760,-0.012297,0.000973,-0.000625,-0.000178
1790938248.229489,1790938248.230080,-0.000251,-0.001152,-0.035623,-0.000368,-0.022392,-0.706311,-0.707547,1.843,1.786,89.929,-0.002852,0.000723,-0.012429,0.000766,0.000970,-0.000389
1790938248.264385,1790938248.264961,-0.000297,-0.001235,-0.035554,-0.000365,-0.022391,-0.706309,-0.707549,1.843,1.786,89.928,-0.002791,0.000402,-0.012747,-0.002489,0.000359,-0.000167
1790938248.296264,1790938248.296893,-0.000337,-0.001332,-0.035583,-0.000356,-0.022391,-0.706302,-0.707556,1.842,1.787,89.927,-0.003079,0.000251,-0.012729,0.000331,-0.001292,-0.000187
1790938248.330277,1790938248.330909,-0.000376,-0.001421,-0.035617,-0.000361,-0.022393,-0.706305,-0.707553,1.843,1.787,89.928,-0.003044,0.000507,-0.012012,-0.000630,-0.000831,-0.000227
1790938248.363280,1790938248.363929,-0.000416,-0.001518,-0.035720,-0.000359,-0.022391,-0.706304,-0.707555,1.843,1.787,89.927,-0.003106,0.000412,-0.012451,0.001620,-0.000408,0.000758
1790938248.398063,1790938248.398574,-0.000455,-0.001605,-0.035737,-0.000358,-0.022388,-0.706302,-0.707556,1.842,1.787,89.927,-0.002705,0.000523,-0.012629,-0.000369,0.000403,-0.000635
1790938248.431087,1790938248.431564,-0.000491,-0.001668,-0.035627,-0.000348,-0.022389,-0.706300,-0.707559,1.841,1.787,89.927,-0.002028,0.000373,-0.012819,0.001541,0.000714,-0.001852
1790938248.465163,1790938248.465496,-0.000511,-0.001701,-0.035587,-0.000353,-0.022392,-0.706298,-0.707560,1.842,1.787,89.927,-0.001798,0.000380,-0.012527,0.003422,0.000782,-0.000372
1790938248.496340,1790938248.496989,-0.000540,-0.001752,-0.035561,-0.000354,-0.022394,-0.706298,-0.707560,1.842,1.787,89.926,-0.002063,0.000417,-0.012185,-0.000761,0.000844,0.000555
1790938248.531317,1790938248.532129,-0.000576,-0.001805,-0.035591,-0.000358,-0.022386,-0.706304,-0.707554,1.842,1.786,89.927,-0.001772,0.000636,-0.011886,0.000218,-0.001525,0.001651
1790938248.565288,1790938248.565900,-0.000620,-0.001856,-0.035666,-0.000357,-0.022388,-0.706302,-0.707557,1.842,1.787,89.927,-0.001850,0.001148,-0.012452,-0.001255,-0.001852,-0.000591
1790938248.598081,1790938248.598699,-0.000685,-0.001945,-0.035799,-0.000352,-0.022384,-0.706300,-0.707558,1.841,1.787,89.927,0.001629,0.000580,-0.011792,-0.000633,-0.000100,-0.000593
1790938248.629318,1790938248.629871,-0.000704,-0.001873,-0.035624,-0.000340,-0.022384,-0.706296,-0.707562,1.840,1.788,89.926,0.001169,0.000263,-0.012106,0.000063,0.000563,-0.000498
1790938248.664304,1790938248.665034,-0.000719,-0.001798,-0.035529,-0.000326,-0.022383,-0.706297,-0.707561,1.839,1.789,89.926,0.001249,0.000390,-0.011976,-0.000072,0.000407,0.000394
1790938248.698462,1790938248.699061,-0.000734,-0.001704,-0.035512,-0.000326,-0.022381,-0.706301,-0.707558,1.839,1.789,89.927,0.001611,0.000458,-0.012248,0.000034,-0.000812,0.000310
1790938248.730309,1790938248.730914,-0.000743,-0.001633,-0.035522,-0.000329,-0.022384,-0.706303,-0.707555,1.840,1.789,89.927,0.001654,0.000499,-0.011914,0.000328,0.000169,-0.000283
1790938248.764316,1790938248.765008,-0.000757,-0.001512,-0.035578,-0.000330,-0.022375,-0.706302,-0.707557,1.839,1.788,89.927,0.001939,0.000724,-0.011775,-0.000898,0.000565,-0.000475
1790938248.796357,1790938248.796954,-0.000773,-0.001382,-0.035670,-0.000336,-0.022376,-0.706296,-0.707563,1.839,1.787,89.926,0.001934,0.000778,-0.012008,0.000086,-0.000270,0.001162
1790938248.829318,1790938248.830115,-0.000783,-0.001267,-0.035587,-0.000328,-0.022376,-0.706292,-0.707567,1.839,1.788,89.925,0.002055,0.000642,-0.011838,-0.000201,0.001083,-0.000600
1790938248.863362,1790938248.863951,-0.000784,-0.001151,-0.035470,-0.000331,-0.022379,-0.706287,-0.707572,1.839,1.788,89.925,0.002333,0.000515,-0.012174,-0.000568,-0.000950,0.000070
1790938248.896273,1790938248.896827,-0.000795,-0.001043,-0.035445,-0.000337,-0.022378,-0.706285,-0.707574,1.840,1.787,89.924,0.001973,0.000809,-0.012113,0.000575,-0.000882,-0.000156
1790938248.930369,1790938248.931056,-0.000810,-0.000949,-0.035469,-0.000330,-0.022372,-0.706288,-0.707571,1.839,1.787,89.925,0.002143,0.000835,-0.012471,-0.000389,-0.000225,0.000034
1790938248.965362,1790938248.965943,-0.000829,-0.000862,-0.035550,-0.000319,-0.022370,-0.706293,-0.707566,1.838,1.788,89.926,0.002276,0.000845,-0.012622,0.000523,0.001298,-0.000762
1790938248.999298,1790938248.999848,-0.000840,-0.000775,-0.035685,-0.000321,-0.022371,-0.706295,-0.707564,1.838,1.788,89.926,0.001983,0.000388,-0.012471,0.000154,0.000081,0.000294
1790938249.030089,1790938249.030700,-0.000834,-0.000737,-0.035673,-0.000320,-0.022368,-0.706300,-0.707560,1.838,1.788,89.927,0.002216,0.000332,-0.012444,0.000986,-0.000766,0.000773
1790938249.063287,1790938249.063656,-0.000829,-0.000672,-0.035567,-0.000329,-0.022367,-0.706298,-0.707562,1.838,1.787,89.926,0.002254,0.000560,-0.012311,-0.000343,0.000805,0.000824
1790938249.098272,1790938249.098933,-0.000821,-0.000623,-0.035526,-0.000330,-0.022362,-0.706309,-0.707550,1.838,1.787,89.928,0.002146,0.000226,-0.012153,0.000140,-0.000141,-0.001347
1790938249.131200,1790938249.131769,-0.000817,-0.000582,-0.035520,-0.000320,-0.022370,-0.706305,-0.707554,1.838,1.788,89.928,0.001906,0.000720,-0.011955,0.001305,-0.001529,-0.000272
1790938249.164287,1790938249.164823,-0.000823,-0.000552,-0.035578,-0.000330,-0.022364,-0.706301,-0.707559,1.838,1.787,89.927,0.001580,0.000673,-0.012389,-0.000309,-0.001580,-0.000488
1790938249.198228,1790938249.198768,-0.000831,-0.000523,-0.035687,-0.000334,-0.022356,-0.706302,-0.707558,1.838,1.786,89.927,0.001785,0.000689,-0.012393,0.000393,0.000540,0.000512
1790938249.230211,1790938249.231998,-0.000832,-0.000509,-0.035794,-0.000344,-0.022359,-0.706298,-0.707562,1.839,1.785,89.926,0.001806,0.000770,-0.012316,0.000100,0.000067,-0.000222
1790938249.263347,1790938249.263980,-0.000839,-0.000513,-0.035650,-0.000354,-0.022369,-0.706300,-0.707559,1.840,1.785,89.927,0.001330,0.000928,-0.012978,-0.000874,-0.000890,0.000144
1790938249.298327,1790938249.298993,-0.000842,-0.000529,-0.035577,-0.000350,-0.022369,-0.706300,-0.707559,1.840,1.786,89.927,0.001129,0.000796,-0.012925,-0.000452,-0.000146,-0.000011
1790938249.330767,1790938249.331433,-0.000854,-0.000559,-0.035576,-0.000349,-0.022364,-0.706293,-0.707566,1.839,1.785,89.926,0.000490,0.001188,-0.013114,-0.000135,0.000364,-0.000581
1790938249.364328,1790938249.364915,-0.000879,-0.000600,-0.035650,-0.000342,-0.022358,-0.706288,-0.707572,1.838,1.785,89.925,0.000433,0.001285,-0.013660,-0.000379,0.001631,-0.001264
1790938249.398148,1790938249.398735,-0.000904,-0.000643,-0.035762,-0.000333,-0.022357,-0.706286,-0.707573,1.838,1.786,89.924,0.000243,0.001325,-0.013229,0.000903,0.000449,-0.000052
1790938249.430295,1790938249.430836,-0.000932,-0.000696,-0.035922,-0.000329,-0.022350,-0.706284,-0.707575,1.837,1.786,89.924,0.000135,0.001519,-0.013377,0.001000,-0.001167,0.000224
1790938249.463291,1790938249.463992,-0.000967,-0.000761,-0.035797,-0.000343,-0.022356,-0.706286,-0.707573,1.838,1.785,89.924,0.000185,0.001741,-0.013147,0.000607,-0.000741,0.000000
1790938249.498066,1790938249.498646,-0.001004,-0.000826,-0.035758,-0.000343,-0.022363,-0.706281,-0.707578,1.839,1.786,89.924,0.000148,0.001511,-0.013633,-0.001315,0.001695,-0.000210
1790938249.529339,1790938249.529936,-0.001031,-0.000865,-0.035770,-0.000341,-0.022371,-0.706280,-0.707579,1.839,1.787,89.923,0.000143,0.001830,-0.013616,0.000067,0.000230,0.000003
1790938249.563301,1790938249.563956,-0.001074,-0.000924,-0.035821,-0.000341,-0.022372,-0.706278,-0.707580,1.840,1.787,89.923,-0.000066,0.001828,-0.013258,0.001759,-0.000454,-0.000782
1790938249.598091,1790938249.598637,-0.001118,-0.000987,-0.035931,-0.000341,-0.022367,-0.706277,-0.707583,1.839,1.786,89.923,-0.000207,0.001717,-0.013244,-0.000572,0.000548,0.000611
1790938249.631363,1790938249.631929,-0.001174,-0.001056,-0.036084,-0.000337,-0.022363,-0.706282,-0.707577,1.838,1.786,89.924,-0.000237,0.001958,-0.013442,-0.000093,-0.000233,-0.000313
1790938249.663290,1790938249.663905,-0.001218,-0.001118,-0.036033,-0.000338,-0.022363,-0.706289,-0.707570,1.839,1.786,89.925,-0.000283,0.002479,-0.013578,-0.001279,-0.002055,0.000496
1790938249.696297,1790938249.697041,-0.001269,-0.001177,-0.035924,-0.000342,-0.022358,-0.706291,-0.707569,1.839,1.785,89.925,-0.000383,0.002453,-0.013307,0.000330,0.000163,-0.000212
1790938249.731132,1790938249.731548,-0.001316,-0.001243,-0.035895,-0.000334,-0.022368,-0.706293,-0.707566,1.839,1.787,89.926,-0.000504,0.001962,-0.013824,-0.001523,-0.000874,0.000442
1790938249.764290,1790938249.765930,-0.001357,-0.001308,-0.035936,-0.000328,-0.022359,-0.706293,-0.707566,1.837,1.787,89.925,-0.000547,0.001989,-0.013378,0.000694,-0.000108,-0.000245
1790938249.799985,1790938249.800417,-0.001403,-0.001369,-0.036010,-0.000330,-0.022361,-0.706296,-0.707564,1.838,1.787,89.926,-0.000479,0.001999,-0.013442,0.000540,0.000200,0.000263
1790938249.831140,1790938249.831808,-0.001433,-0.001409,-0.036090,-0.000328,-0.022370,-0.706296,-0.707563,1.838,1.788,89.926,-0.000417,0.001974,-0.013649,-0.000393,0.001503,-0.000642
1790938249.863214,1790938249.863879,-0.001464,-0.001444,-0.036130,-0.000319,-0.022366,-0.706297,-0.707562,1.837,1.788,89.926,-0.000146,0.002321,-0.013951,-0.001092,0.000435,0.001202
1790938249.898309,1790938249.898908,-0.001491,-0.001478,-0.036004,-0.000322,-0.022371,-0.706292,-0.707567,1.838,1.788,89.925,-0.000586,0.002315,-0.013785,0.002168,-0.000330,-0.000518
1790938249.931182,1790938249.931802,-0.001529,-0.001520,-0.035947,-0.000334,-0.022378,-0.706289,-0.707570,1.839,1.788,89.925,-0.000494,0.002708,-0.013752,-0.000202,0.000152,-0.000629
1790938249.965344,1790938249.965856,-0.001570,-0.001552,-0.035945,-0.000332,-0.022380,-0.706284,-0.707574,1.839,1.788,89.924,-0.000461,0.002794,-0.013671,0.000182,0.000381,-0.001278
1790938249.998138,1790938249.998698,-0.001615,-0.001583,-0.036018,-0.000326,-0.022381,-0.706286,-0.707572,1.839,1.789,89.924,-0.000397,0.002453,-0.014226,-0.001133,0.001371,-0.000234
1790938250.031186,1790938250.033203,-0.001659,-0.001618,-0.036158,-0.000321,-0.022386,-0.706288,-0.707571,1.839,1.789,89.925,-0.000398,0.002260,-0.014348,-0.001071,0.000643,-0.000060
1790938250.064299,1790938250.064822,-0.001669,-0.001632,-0.036265,-0.000322,-0.022389,-0.706283,-0.707575,1.839,1.790,89.924,-0.000431,0.002078,-0.013943,-0.000139,-0.000927,0.001010
1790938250.097461,1790938250.098196,-0.001662,-0.001645,-0.036094,-0.000317,-0.022397,-0.706280,-0.707578,1.840,1.791,89.924,-0.000345,0.002063,-0.013412,0.000201,0.001217,-0.000900
1790938250.131186,1790938250.131744,-0.001657,-0.001645,-0.036000,-0.000312,-0.022403,-0.706280,-0.707578,1.840,1.792,89.924,0.000067,0.001992,-0.013665,0.000113,0.000223,0.001095
1790938250.164168,1790938250.164717,-0.001657,-0.001639,-0.035961,-0.000306,-0.022404,-0.706283,-0.707575,1.839,1.792,89.924,0.000012,0.002224,-0.013351,0.000076,-0.000027,0.000027
1790938250.200059,1790938250.200389,-0.001665,-0.001645,-0.036002,-0.000315,-0.022417,-0.706286,-0.707571,1.841,1.792,89.925,-0.000287,0.001992,-0.013915,0.000087,-0.000677,0.001125
1790938250.229182,1790938250.229844,-0.001671,-0.001646,-0.036103,-0.000322,-0.022411,-0.706288,-0.707569,1.841,1.791,89.925,-0.000032,0.001671,-0.014453,-0.000043,-0.000203,-0.000136
1790938250.264149,1790938250.264746,-0.001646,-0.001645,-0.036262,-0.000332,-0.022422,-0.706286,-0.707571,1.843,1.791,89.925,0.000133,0.001136,-0.014273,0.000103,0.000400,-0.000702
1790938250.298063,1790938250.298615,-0.001589,-0.001631,-0.036103,-0.000340,-0.022431,-0.706285,-0.707572,1.844,1.792,89.925,-0.000200,0.001073,-0.014489,0.000901,-0.000007,-0.000753
1790938250.331209,1790938250.331786,-0.001555,-0.001626,-0.036049,-0.000341,-0.022432,-0.706281,-0.707576,1.844,1.792,89.924,-0.000096,0.001008,-0.014743,-0.000641,-0.000041,0.000725
1790938250.363368,1790938250.364098,-0.001509,-0.001607,-0.036041,-0.000340,-0.022442,-0.706284,-0.707573,1.845,1.792,89.924,0.000198,0.001083,-0.014878,0.000924,0.000297,0.000105
1790938250.398258,1790938250.398898,-0.001460,-0.001585,-0.036066,-0.000349,-0.022453,-0.706284,-0.707572,1.847,1.793,89.925,0.000181,0.001154,-0.014574,0.000415,0.002453,-0.000625
1790938250.431198,1790938250.431710,-0.001428,-0.001575,-0.036163,-0.000348,-0.022455,-0.706286,-0.707570,1.847,1.793,89.925,-0.000157,0.001328,-0.014734,-0.001913,0.000143,0.000261
1790938250.464330,1790938250.464927,-0.001396,-0.001567,-0.036327,-0.000344,-0.022452,-0.706287,-0.707569,1.846,1.793,89.925,-0.000045,0.000877,-0.014903,-0.001822,-0.001052,-0.001373
1790938250.497167,1790938250.497835,-0.001334,-0.001554,-0.036267,-0.000343,-0.022447,-0.706281,-0.707576,1.846,1.793,89.924,0.000077,0.000969,-0.015100,0.000151,0.001595,0.001731
1790938250.531157,1790938250.531761,-0.001273,-0.001537,-0.036178,-0.000354,-0.022454,-0.706283,-0.707574,1.847,1.792,89.924,0.000270,0.000873,-0.014684,0.000510,-0.000132,-0.000364
1790938250.563180,1790938250.563721,-0.001221,-0.001512,-0.036146,-0.000348,-0.022453,-0.706286,-0.707571,1.847,1.793,89.925,0.000375,0.000897,-0.013836,0.000036,0.000390,0.000384
1790938250.598055,1790938250.598614,-0.001169,-0.001493,-0.036142,-0.000350,-0.022455,-0.706283,-0.707574,1.847,1.793,89.924,0.000427,0.000915,-0.013946,0.001188,0.000897,-0.000128
1790938250.632092,1790938250.632643,-0.001132,-0.001463,-0.036240,-0.000345,-0.022452,-0.706282,-0.707574,1.846,1.793,89.924,0.000833,0.001012,-0.014488,-0.000534,-0.000171,0.000339
1790938250.663100,1790938250.663328,-0.001106,-0.001441,-0.036331,-0.000337,-0.022445,-0.706284,-0.707573,1.845,1.793,89.924,0.000653,0.000852,-0.014589,0.000492,-0.000221,-0.001382
1790938250.698184,1790938250.698790,-0.001068,-0.001410,-0.036381,-0.000344,-0.022443,-0.706285,-0.707571,1.846,1.792,89.925,0.000785,0.000913,-0.014626,-0.000551,-0.000617,-0.000359
1790938250.731170,1790938250.731700,-0.001023,-0.001378,-0.036236,-0.000337,-0.022440,-0.706284,-0.707573,1.845,1.793,89.924,0.000708,0.000628,-0.014473,-0.002083,0.000748,-0.000246
1790938250.763291,1790938250.764032,-0.000978,-0.001356,-0.036157,-0.000334,-0.022446,-0.706286,-0.707571,1.845,1.793,89.925,0.000309,0.000775,-0.015211,0.000615,-0.000132,0.000005
1790938250.796267,1790938250.798458,-0.000943,-0.001341,-0.036192,-0.000345,-0.022443,-0.706286,-0.707571,1.846,1.792,89.925,0.000291,0.000583,-0.015347,-0.000207,-0.000903,0.000194
1790938250.831085,1790938250.831730,-0.000904,-0.001328,-0.036260,-0.000341,-0.022444,-0.706283,-0.707574,1.845,1.793,89.924,0.000299,0.000306,-0.014960,-0.000305,0.000735,-0.000217
1790938250.863142,1790938250.863714,-0.000880,-0.001322,-0.036352,-0.000346,-0.022436,-0.706280,-0.707577,1.845,1.791,89.924,0.000140,0.000326,-0.015251,-0.000238,-0.001771,0.000810
1790938250.896326,1790938250.896910,-0.000843,-0.001327,-0.036502,-0.000353,-0.022435,-0.706282,-0.707575,1.846,1.791,89.924,-0.000178,0.000593,-0.015321,0.001574,-0.001145,0.000301
1790938250.931314,1790938250.932342,-0.000813,-0.001342,-0.036316,-0.000345,-0.022423,-0.706286,-0.707571,1.844,1.791,89.925,-0.000430,0.000824,-0.015203,0.000112,0.000715,0.000547
1790938250.963318,1790938250.964065,-0.000795,-0.001362,-0.036234,-0.000339,-0.022420,-0.706293,-0.707564,1.843,1.791,89.926,-0.000591,0.000860,-0.014835,-0.000840,-0.000298,0.000832
1790938250.998331,1790938250.998868,-0.000779,-0.001389,-0.036209,-0.000337,-0.022425,-0.706289,-0.707569,1.844,1.791,89.925,-0.000618,0.000887,-0.014640,0.000337,0.000641,0.000940
1790938251.030627,1790938251.031247,-0.000770,-0.001417,-0.036248,-0.000335,-0.022426,-0.706292,-0.707565,1.843,1.791,89.926,-0.000620,0.000969,-0.015584,0.000747,0.000074,-0.000149
1790938251.065312,1790938251.065922,-0.000779,-0.001455,-0.036376,-0.000335,-0.022426,-0.706291,-0.707566,1.843,1.791,89.926,-0.000857,0.001364,-0.015197,0.001735,0.000400,-0.000667
1790938251.096326,1790938251.097064,-0.000785,-0.001499,-0.036529,-0.000334,-0.022434,-0.706293,-0.707564,1.844,1.792,89.926,-0.000897,0.001279,-0.015047,0.000520,0.000746,0.001145
1790938251.129213,1790938251.129998,-0.000787,-0.001522,-0.036391,-0.000339,-0.022432,-0.706292,-0.707565,1.844,1.792,89.926,-0.000453,0.001154,-0.014841,-0.000998,0.000522,0.000216
1790938251.164337,1790938251.164955,-0.000803,-0.001554,-0.036258,-0.000342,-0.022438,-0.706296,-0.707561,1.845,1.792,89.926,-0.000566,0.001439,-0.014169,-0.000207,-0.000131,-0.000853
1790938251.198032,1790938251.198581,-0.000824,-0.001582,-0.036181,-0.000342,-0.022438,-0.706294,-0.707563,1.845,1.792,89.926,-0.000359,0.001595,-0.014265,-0.000896,-0.000482,-0.000208
1790938251.231315,1790938251.231916,-0.000843,-0.001600,-0.036142,-0.000343,-0.022446,-0.706295,-0.707562,1.846,1.792,89.926,-0.000160,0.001195,-0.013961,0.000911,-0.000860,0.000116
1790938251.263392,1790938251.264028,-0.000861,-0.001616,-0.036179,-0.000341,-0.022450,-0.706297,-0.707559,1.846,1.793,89.927,-0.000103,0.001211,-0.013748,0.001930,0.000312,-0.000834
1790938251.296332,1790938251.296952,-0.000884,-0.001636,-0.036258,-0.000342,-0.022455,-0.706302,-0.707555,1.846,1.793,89.927,-0.000254,0.001482,-0.013538,0.000464,-0.000538,0.000106
1790938251.329232,1790938251.329937,-0.000897,-0.001637,-0.036131,-0.000337,-0.022450,-0.706300,-0.707556,1.846,1.793,89.927,-0.000016,0.001432,-0.013409,0.000279,0.000189,-0.000568
1790938251.364275,1790938251.364806,-0.000905,-0.001634,-0.035918,-0.000328,-0.022444,-0.706303,-0.707554,1.844,1.793,89.927,0.000020,0.001242,-0.013201,0.000592,-0.000749,-0.000816
1790938251.396312,1790938251.396860,-0.000910,-0.001629,-0.035808,-0.000321,-0.022447,-0.706299,-0.707558,1.844,1.794,89.927,0.000223,0.001153,-0.012911,-0.000100,0.001666,-0.000787
1790938251.430359,1790938251.431080,-0.000918,-0.001621,-0.035720,-0.000333,-0.022463,-0.706294,-0.707562,1.846,1.795,89.926,0.000110,0.000966,-0.012680,-0.000033,0.000674,-0.001004
1790938251.465291,1790938251.465646,-0.000934,-0.001607,-0.035697,-0.000334,-0.022460,-0.706298,-0.707558,1.846,1.794,89.927,0.000235,0.001343,-0.013019,-0.000821,-0.000623,-0.000818
1790938251.500071,1790938251.500525,-0.000961,-0.001599,-0.035753,-0.000337,-0.022457,-0.706292,-0.707564,1.846,1.794,89.926,-0.000030,0.001504,-0.012979,0.000015,-0.000239,-0.001135
1790938251.530329,1790938251.530732,-0.000972,-0.001586,-0.035720,-0.000327,-0.022456,-0.706288,-0.707569,1.845,1.795,89.925,0.000316,0.001562,-0.013261,-0.000413,-0.000496,0.000514
1790938251.565073,1790938251.565985,-0.000973,-0.001551,-0.035537,-0.000330,-0.022457,-0.706281,-0.707575,1.846,1.794,89.924,0.000611,0.001201,-0.013249,0.000716,0.000870,-0.000540
1790938251.597382,1790938251.598475,-0.000972,-0.001516,-0.035433,-0.000326,-0.022466,-0.706280,-0.707576,1.846,1.795,89.924,0.000610,0.001315,-0.013371,0.001420,0.000537,0.001978
1790938251.629194,1790938251.631465,-0.000982,-0.001490,-0.035422,-0.000329,-0.022468,-0.706278,-0.707578,1.846,1.795,89.924,0.000958,0.001708,-0.013673,-0.000971,0.000322,-0.000649
1790938251.663196,1790938251.663750,-0.001000,-0.001452,-0.035444,-0.000339,-0.022477,-0.706274,-0.707582,1.848,1.795,89.923,0.000618,0.001505,-0.013068,0.002117,0.001540,-0.000968
1790938251.696149,1790938251.696783,-0.001024,-0.001420,-0.035493,-0.000342,-0.022472,-0.706271,-0.707584,1.848,1.795,89.923,0.000577,0.001839,-0.013138,-0.000677,0.001064,-0.000844
1790938251.730288,1790938251.730858,-0.001050,-0.001382,-0.035602,-0.000342,-0.022477,-0.706270,-0.707586,1.848,1.795,89.922,0.000939,0.001822,-0.013369,0.001486,0.000447,-0.001575
1790938251.765059,1790938251.765629,-0.001057,-0.001328,-0.035434,-0.000334,-0.022485,-0.706271,-0.707584,1.848,1.796,89.923,0.001470,0.001952,-0.013418,-0.000817,-0.000299,-0.000866
1790938251.798066,1790938251.798708,-0.001076,-0.001266,-0.035340,-0.000329,-0.022482,-0.706274,-0.707582,1.847,1.797,89.923,0.001400,0.002251,-0.013556,0.001347,-0.000390,-0.000266
1790938251.831155,1790938251.831703,-0.001113,-0.001215,-0.035333,-0.000332,-0.022486,-0.706268,-0.707587,1.848,1.797,89.922,0.001110,0.002647,-0.013925,0.001245,-0.000012,-0.000774
1790938251.862445,1790938251.863101,-0.001167,-0.001171,-0.035393,-0.000331,-0.022483,-0.706265,-0.707591,1.848,1.796,89.922,0.001087,0.002658,-0.014047,0.000187,0.000028,-0.000251
1790938251.898056,1790938251.898606,-0.001209,-0.001125,-0.035492,-0.000340,-0.022489,-0.706262,-0.707594,1.849,1.796,89.921,0.001200,0.002223,-0.013627,-0.001351,0.000503,0.000034
1790938251.931306,1790938251.931865,-0.001244,-0.001067,-0.035638,-0.000342,-0.022486,-0.706266,-0.707589,1.849,1.796,89.922,0.001877,0.002378,-0.013913,0.000383,-0.000211,0.001140
1790938251.963058,1790938251.963619,-0.001255,-0.001029,-0.035541,-0.000339,-0.022486,-0.706270,-0.707585,1.849,1.796,89.922,0.001520,0.002012,-0.013692,0.000356,-0.000365,0.000126
1790938251.998171,1790938251.998703,-0.001263,-0.000982,-0.035449,-0.000342,-0.022497,-0.706273,-0.707582,1.850,1.797,89.923,0.001736,0.001740,-0.013701,-0.000254,0.000353,-0.000265
1790938252.030769,1790938252.031647,-0.001270,-0.000933,-0.035396,-0.000344,-0.022497,-0.706266,-0.707589,1.850,1.797,89.922,0.001599,0.001711,-0.013585,0.001017,0.000167,0.000465
1790938252.063473,1790938252.064301,-0.001290,-0.000885,-0.035423,-0.000350,-0.022504,-0.706265,-0.707590,1.851,1.797,89.922,0.001570,0.002171,-0.013358,0.001261,-0.000777,0.000456
1790938252.098076,1790938252.099070,-0.001324,-0.000835,-0.035493,-0.000354,-0.022502,-0.706265,-0.707589,1.851,1.796,89.922,0.001618,0.002298,-0.013784,0.000549,0.000478,0.001216
1790938252.130227,1790938252.130924,-0.001367,-0.000785,-0.035653,-0.000360,-0.022500,-0.706264,-0.707591,1.851,1.796,89.921,0.001823,0.002424,-0.014085,0.000555,-0.000305,0.001544
1790938252.165026,1790938252.165590,-0.001371,-0.000749,-0.035587,-0.000358,-0.022505,-0.706266,-0.707589,1.852,1.796,89.922,0.002047,0.002362,-0.014321,-0.000917,0.000863,-0.000251
1790938252.197295,1790938252.197789,-0.001379,-0.000719,-0.035528,-0.000369,-0.022516,-0.706269,-0.707585,1.853,1.796,89.922,0.001887,0.002379,-0.014925,-0.000017,0.001329,-0.000649
1790938252.231123,1790938252.231858,-0.001391,-0.000687,-0.035519,-0.000374,-0.022522,-0.706270,-0.707585,1.854,1.796,89.923,0.001777,0.002217,-0.015632,-0.000146,0.000542,0.000479
1790938252.263066,1790938252.263895,-0.001401,-0.000656,-0.035574,-0.000379,-0.022524,-0.706273,-0.707582,1.855,1.796,89.923,0.001574,0.002089,-0.015567,-0.001593,-0.000741,-0.001645
1790938252.300095,1790938252.300836,-0.001422,-0.000633,-0.035704,-0.000376,-0.022518,-0.706270,-0.707585,1.854,1.796,89.922,0.001453,0.002259,-0.015571,-0.001391,-0.001223,-0.000448
1790938252.329017,1790938252.329746,-0.001441,-0.000620,-0.035879,-0.000384,-0.022520,-0.706268,-0.707587,1.855,1.795,89.922,0.001148,0.001769,-0.015544,0.000301,-0.000921,-0.000162
1790938252.364054,1790938252.364882,-0.001429,-0.000629,-0.035959,-0.000392,-0.022516,-0.706263,-0.707591,1.855,1.794,89.921,0.000949,0.001722,-0.015110,-0.001408,0.000173,-0.000409
1790938252.396041,1790938252.396723,-0.001409,-0.000648,-0.035846,-0.000389,-0.022508,-0.706264,-0.707591,1.854,1.794,89.921,0.000764,0.001991,-0.015036,-0.000157,-0.000084,-0.000782
1790938252.429083,1790938252.430066,-0.001406,-0.000664,-0.035819,-0.000397,-0.022515,-0.706266,-0.707588,1.856,1.794,89.922,0.000819,0.002074,-0.015128,-0.000762,0.000359,0.001413
1790938252.466400,1790938252.467079,-0.001402,-0.000702,-0.035852,-0.000393,-0.022516,-0.706266,-0.707588,1.855,1.794,89.922,0.000593,0.001971,-0.015534,-0.000067,0.000084,-0.001176
1790938252.498158,1790938252.498888,-0.001402,-0.000723,-0.035916,-0.000401,-0.022515,-0.706267,-0.707588,1.856,1.793,89.922,0.000326,0.001953,-0.015364,-0.000709,-0.001150,0.000596
1790938252.530217,1790938252.531197,-0.001402,-0.000762,-0.036053,-0.000400,-0.022519,-0.706262,-0.707592,1.856,1.794,89.921,0.000097,0.001771,-0.015718,-0.001372,-0.000117,0.001145
1790938252.564994,1790938252.565502,-0.001391,-0.000816,-0.036273,-0.000401,-0.022517,-0.706267,-0.707588,1.856,1.794,89.922,-0.000048,0.001482,-0.016151,-0.000166,0.001426,-0.000700
1790938252.598154,1790938252.598718,-0.001343,-0.000882,-0.036107,-0.000409,-0.022521,-0.706265,-0.707589,1.857,1.793,89.922,-0.000009,0.001273,-0.015328,-0.000933,0.000428,-0.000142
1790938252.631027,1790938252.631532,-0.001291,-0.000944,-0.036018,-0.000412,-0.022533,-0.706268,-0.707585,1.858,1.794,89.922,-0.000009,0.000728,-0.014682,0.000277,0.000133,0.001009
1790938252.664358,1790938252.664718,-0.001232,-0.001005,-0.035993,-0.000417,-0.022534,-0.706264,-0.707589,1.859,1.794,89.922,-0.000100,0.000412,-0.014582,-0.000940,-0.000562,0.000427
1790938252.698061,1790938252.698474,-0.001178,-0.001062,-0.036019,-0.000409,-0.022528,-0.706262,-0.707592,1.858,1.794,89.921,0.000089,0.000605,-0.014087,0.000372,0.001185,0.000370
1790938252.732104,1790938252.732469,-0.001123,-0.001108,-0.036075,-0.000404,-0.022535,-0.706264,-0.707590,1.858,1.795,89.922,0.000335,0.000080,-0.013728,-0.000539,-0.000144,0.000388
1790938252.763345,1790938252.763896,-0.001081,-0.001133,-0.036151,-0.000400,-0.022540,-0.706261,-0.707592,1.858,1.796,89.921,0.000549,-0.000157,-0.013791,0.000421,0.000824,-0.001512
1790938252.797148,1790938252.798007,-0.000975,-0.001161,-0.036018,-0.000396,-0.022543,-0.706262,-0.707592,1.858,1.796,89.921,0.000506,-0.000247,-0.013845,0.000116,0.001050,0.000854
1790938252.829203,1790938252.829820,-0.000883,-0.001186,-0.035835,-0.000391,-0.022548,-0.706259,-0.707595,1.858,1.797,89.921,0.000448,-0.000375,-0.014129,0.000776,0.000418,-0.000047
1790938252.863146,1790938252.863682,-0.000788,-0.001217,-0.035739,-0.000400,-0.022546,-0.706267,-0.707586,1.858,1.796,89.922,0.000376,-0.000492,-0.014407,-0.001443,0.000604,0.001508
1790938252.898131,1790938252.898656,-0.000701,-0.001237,-0.035720,-0.000394,-0.022535,-0.706268,-0.707586,1.857,1.796,89.922,0.000877,-0.000476,-0.014456,0.000573,-0.000052,-0.000483
1790938252.931006,1790938252.931559,-0.000616,-0.001254,-0.035760,-0.000404,-0.022537,-0.706265,-0.707589,1.858,1.795,89.922,0.000700,-0.000807,-0.014386,0.000091,0.000846,0.000471
1790938252.967320,1790938252.967742,-0.000534,-0.001265,-0.035867,-0.000398,-0.022532,-0.706264,-0.707590,1.857,1.795,89.922,0.000826,-0.000611,-0.014620,-0.000809,0.001582,0.001122
1790938252.998156,1790938252.998722,-0.000472,-0.001262,-0.035840,-0.000391,-0.022532,-0.706268,-0.707586,1.857,1.796,89.922,0.000943,-0.000849,-0.014771,-0.001199,0.001057,0.000307
1790938253.031322,1790938253.031935,-0.000384,-0.001242,-0.035684,-0.000388,-0.022528,-0.706271,-0.707583,1.856,1.796,89.923,0.001346,-0.000528,-0.014823,0.000955,-0.000796,0.000982
1790938253.063062,1790938253.063727,-0.000302,-0.001211,-0.035598,-0.000395,-0.022543,-0.706275,-0.707579,1.858,1.796,89.923,0.001702,-0.000914,-0.014407,0.000885,0.000316,0.000355
1790938253.096116,1790938253.096715,-0.000220,-0.001164,-0.035583,-0.000400,-0.022552,-0.706271,-0.707582,1.859,1.796,89.923,0.001925,-0.000867,-0.014659,-0.000101,-0.000453,-0.000747
1790938253.130084,1790938253.130579,-0.000141,-0.001111,-0.035644,-0.000403,-0.022555,-0.706273,-0.707580,1.859,1.797,89.923,0.002279,-0.001108,-0.014361,-0.000361,0.000104,0.000305
1790938253.164170,1790938253.164702,-0.000062,-0.001043,-0.035745,-0.000399,-0.022555,-0.706274,-0.707579,1.859,1.797,89.923,0.002554,-0.001108,-0.014068,-0.001759,0.000473,-0.001213
1790938253.196085,1790938253.196502,0.000018,-0.000965,-0.035755,-0.000408,-0.022559,-0.706280,-0.707573,1.860,1.796,89.924,0.002692,-0.001692,-0.013871,-0.000656,-0.001467,-0.000010
1790938253.230928,1790938253.231444,0.000102,-0.000886,-0.035586,-0.000406,-0.022569,-0.706284,-0.707569,1.861,1.797,89.925,0.002423,-0.001563,-0.013938,-0.000932,-0.000411,-0.000057
1790938253.263077,1790938253.263627,0.000148,-0.000837,-0.035509,-0.000397,-0.022568,-0.706284,-0.707569,1.860,1.798,89.925,0.002655,-0.001267,-0.013792,-0.001643,0.000745,0.000118
1790938253.298145,1790938253.298791,0.000211,-0.000755,-0.035441,-0.000399,-0.022566,-0.706288,-0.707565,1.860,1.798,89.926,0.002896,-0.001342,-0.013102,0.001502,0.000714,0.001065
1790938253.329947,1790938253.330456,0.000273,-0.000659,-0.035420,-0.000401,-0.022570,-0.706294,-0.707558,1.860,1.798,89.927,0.003247,-0.001412,-0.013134,0.000540,0.000206,0.000437
1790938253.364282,1790938253.364622,0.000326,-0.000556,-0.035465,-0.000398,-0.022579,-0.706286,-0.707566,1.861,1.799,89.926,0.003474,-0.001174,-0.012755,0.000147,0.001242,-0.000152
1790938253.397052,1790938253.397909,0.000378,-0.000453,-0.035542,-0.000396,-0.022576,-0.706292,-0.707561,1.860,1.799,89.926,0.003554,-0.001539,-0.013218,-0.001297,0.001254,0.000433
1790938253.429179,1790938253.429756,0.000421,-0.000370,-0.035336,-0.000386,-0.022566,-0.706294,-0.707559,1.859,1.799,89.927,0.003327,-0.001602,-0.013796,0.000218,-0.001256,0.000001
1790938253.463999,1790938253.464553,0.000459,-0.000294,-0.035219,-0.000394,-0.022577,-0.706290,-0.707562,1.860,1.799,89.926,0.003265,-0.001512,-0.014005,0.001351,-0.000793,0.000109
1790938253.498071,1790938253.498610,0.000495,-0.000212,-0.035207,-0.000405,-0.022574,-0.706287,-0.707566,1.861,1.798,89.926,0.003291,-0.001664,-0.014716,0.000155,-0.000250,-0.000481
1790938253.530146,1790938253.530752,0.000516,-0.000162,-0.035235,-0.000404,-0.022578,-0.706280,-0.707573,1.861,1.798,89.924,0.003076,-0.001332,-0.015103,0.002683,0.000075,0.000204
1790938253.565065,1790938253.565681,0.000529,-0.000097,-0.035348,-0.000410,-0.022583,-0.706284,-0.707568,1.862,1.798,89.925,0.002734,-0.000805,-0.015474,0.001571,-0.001564,0.001608
1790938253.598062,1790938253.598645,0.000530,-0.000042,-0.035523,-0.000414,-0.022576,-0.706278,-0.707574,1.862,1.797,89.924,0.002664,-0.000642,-0.015625,0.000450,-0.000579,-0.000181
1790938253.630956,1790938253.631555,0.000506,-0.000026,-0.035520,-0.000416,-0.022574,-0.706278,-0.707574,1.862,1.797,89.924,0.002880,-0.000452,-0.016029,0.000425,0.001655,0.001109
1790938253.664066,1790938253.664642,0.000482,-0.000011,-0.035492,-0.000415,-0.022574,-0.706276,-0.707577,1.862,1.797,89.924,0.002400,-0.000566,-0.016574,-0.001923,-0.000624,0.001357
1790938253.698049,1790938253.698608,0.000458,-0.000013,-0.035541,-0.000415,-0.022571,-0.706275,-0.707578,1.862,1.797,89.924,0.002260,-0.000557,-0.016895,0.000373,-0.000166,-0.000800
1790938253.730082,1790938253.730642,0.000432,-0.000014,-0.035676,-0.000420,-0.022572,-0.706268,-0.707584,1.862,1.797,89.923,0.002139,-0.000715,-0.017165,-0.001464,0.000649,-0.000594
1790938253.765016,1790938253.765517,0.000412,-0.000008,-0.035894,-0.000428,-0.022577,-0.706269,-0.707584,1.863,1.796,89.923,0.002442,-0.000937,-0.017692,-0.001817,-0.001420,0.000684
1790938253.800292,1790938253.800924,0.000396,0.000000,-0.036172,-0.000426,-0.022578,-0.706268,-0.707584,1.863,1.797,89.923,0.002465,-0.001121,-0.018137,0.000708,0.000358,0.000889
1790938253.829942,1790938253.830558,0.000386,-0.000027,-0.036219,-0.000419,-0.022583,-0.706265,-0.707587,1.863,1.797,89.922,0.002247,-0.001148,-0.018474,-0.002161,-0.000553,-0.000882
1790938253.864022,1790938253.864626,0.000376,-0.000068,-0.036235,-0.000423,-0.022588,-0.706266,-0.707586,1.864,1.798,89.922,0.001953,-0.001533,-0.019015,0.000730,0.002398,0.000545
1790938253.898074,1790938253.898775,0.000374,-0.000112,-0.036297,-0.000429,-0.022585,-0.706270,-0.707582,1.864,1.797,89.923,0.001973,-0.001634,-0.019679,-0.000099,0.000285,0.000305
1790938253.930070,1790938253.930699,0.000368,-0.000157,-0.036465,-0.000416,-0.022588,-0.706272,-0.707580,1.863,1.798,89.923,0.001765,-0.001429,-0.019644,0.000939,0.000808,0.000147
1790938253.963175,1790938253.963822,0.000350,-0.000197,-0.036695,-0.000423,-0.022594,-0.706268,-0.707584,1.864,1.798,89.923,0.001989,-0.001085,-0.019555,0.000304,0.001364,0.000850
1790938253.998053,1790938253.998599,0.000330,-0.000225,-0.036951,-0.000431,-0.022602,-0.706268,-0.707584,1.865,1.798,89.923,0.002250,-0.001020,-0.019453,0.000438,-0.001092,-0.000334
1790938254.029071,1790938254.029759,0.000317,-0.000246,-0.037174,-0.000443,-0.022602,-0.706267,-0.707585,1.866,1.797,89.922,0.002092,-0.000824,-0.019603,-0.002646,-0.000960,-0.000404
1790938254.063071,1790938254.063612,0.000293,-0.000294,-0.037050,-0.000445,-0.022600,-0.706268,-0.707584,1.866,1.797,89.923,0.001848,-0.000673,-0.019184,0.000691,0.000645,-0.000082
1790938254.098148,1790938254.098650,0.000272,-0.000342,-0.037018,-0.000440,-0.022595,-0.706273,-0.707579,1.866,1.797,89.923,0.001907,-0.000868,-0.019376,0.000355,0.000849,-0.000648
1790938254.129083,1790938254.129648,0.000259,-0.000390,-0.037082,-0.000439,-0.022592,-0.706273,-0.707579,1.865,1.797,89.923,0.001626,-0.001210,-0.019443,-0.001801,0.001448,-0.001311
1790938254.166279,1790938254.166625,0.000256,-0.000436,-0.037205,-0.000442,-0.022601,-0.706269,-0.707583,1.866,1.797,89.923,0.001731,-0.001443,-0.019923,0.003187,-0.000337,-0.000135
1790938254.198084,1790938254.198511,0.000260,-0.000482,-0.037430,-0.000445,-0.022606,-0.706269,-0.707582,1.867,1.797,89.923,0.001329,-0.001329,-0.020026,-0.000158,-0.000340,-0.000444
1790938254.231047,1790938254.231626,0.000256,-0.000538,-0.037724,-0.000451,-0.022609,-0.706263,-0.707588,1.868,1.797,89.922,0.001119,-0.001177,-0.020184,0.001315,-0.000134,-0.001586
1790938254.263059,1790938254.263792,0.000245,-0.000606,-0.037550,-0.000464,-0.022620,-0.706258,-0.707593,1.870,1.797,89.921,0.000988,-0.000835,-0.019700,0.000874,0.001852,0.000667
1790938254.296070,1790938254.296667,0.000229,-0.000646,-0.037463,-0.000466,-0.022631,-0.706256,-0.707595,1.871,1.798,89.921,0.001145,-0.000521,-0.019354,-0.001086,0.000634,-0.001030
1790938254.330049,1790938254.330627,0.000199,-0.000699,-0.037449,-0.000474,-0.022641,-0.706252,-0.707598,1.872,1.798,89.920,0.001169,-0.000390,-0.019035,-0.000370,0.000468,-0.001589
1790938254.365044,1790938254.365680,0.000176,-0.000752,-0.037464,-0.000472,-0.022629,-0.706245,-0.707606,1.871,1.797,89.919,0.000993,-0.000837,-0.018681,-0.001444,0.000433,-0.000119
1790938254.398038,1790938254.398567,0.000171,-0.000802,-0.037551,-0.000473,-0.022628,-0.706247,-0.707604,1.871,1.797,89.919,0.001031,-0.001287,-0.018794,0.000181,-0.000115,-0.000224
1790938254.429418,1790938254.430042,0.000186,-0.000841,-0.037747,-0.000469,-0.022630,-0.706248,-0.707602,1.871,1.797,89.920,0.001155,-0.001834,-0.018818,0.000780,-0.000321,0.000065
1790938254.463076,1790938254.463750,0.000207,-0.000878,-0.037625,-0.000470,-0.022624,-0.706246,-0.707605,1.870,1.797,89.919,0.001386,-0.001741,-0.019157,-0.000055,-0.000050,-0.000228
1790938254.497037,1790938254.497507,0.000224,-0.000908,-0.037456,-0.000476,-0.022622,-0.706241,-0.707610,1.871,1.796,89.918,0.001525,-0.001729,-0.019729,0.001290,-0.000886,-0.000902
1790938254.530015,1790938254.530356,0.000245,-0.000928,-0.037419,-0.000481,-0.022624,-0.706241,-0.707609,1.871,1.796,89.918,0.001559,-0.001842,-0.020081,0.000330,0.000216,0.000470
1790938254.565169,1790938254.565535,0.000273,-0.000940,-0.037456,-0.000486,-0.022624,-0.706236,-0.707615,1.872,1.795,89.918,0.001872,-0.002052,-0.020160,0.000810,-0.000812,-0.003537
1790938254.599377,1790938254.599802,0.000299,-0.000943,-0.037566,-0.000488,-0.022629,-0.706228,-0.707622,1.872,1.796,89.916,0.002039,-0.001967,-0.020020,-0.000967,0.000627,-0.000430
1790938254.629076,1790938254.629594,0.000316,-0.000937,-0.037705,-0.000490,-0.022628,-0.706226,-0.707625,1.872,1.795,89.916,0.002004,-0.001867,-0.020387,0.001763,0.000093,-0.000513
1790938254.664084,1790938254.664644,0.000338,-0.000936,-0.037746,-0.000491,-0.022635,-0.706227,-0.707623,1.873,1.796,89.916,0.001886,-0.001891,-0.019733,0.000215,0.001506,-0.000933
1790938254.697068,1790938254.697592,0.000359,-0.000920,-0.037572,-0.000499,-0.022631,-0.706227,-0.707624,1.873,1.795,89.916,0.002397,-0.001639,-0.019738,-0.000092,-0.000744,0.001333
1790938254.731119,1790938254.731687,0.000385,-0.000895,-0.037486,-0.000506,-0.022636,-0.706226,-0.707625,1.874,1.795,89.916,0.002341,-0.001985,-0.019881,0.000201,-0.000890,-0.002257
1790938254.763064,1790938254.763611,0.000412,-0.000865,-0.037507,-0.000506,-0.022631,-0.706222,-0.707628,1.874,1.795,89.915,0.002184,-0.002092,-0.019545,0.000338,0.000224,0.000444
1790938254.795288,1790938254.795844,0.000447,-0.000830,-0.037575,-0.000510,-0.022645,-0.706223,-0.707627,1.875,1.795,89.916,0.002580,-0.002418,-0.020076,-0.001400,-0.000300,-0.000715
1790938254.829094,1790938254.829710,0.000476,-0.000804,-0.037685,-0.000496,-0.022647,-0.706220,-0.707630,1.874,1.797,89.915,0.002344,-0.002398,-0.020309,0.002322,0.001081,0.000445
1790938254.865960,1790938254.866510,0.000536,-0.000763,-0.037818,-0.000510,-0.022649,-0.706227,-0.707623,1.876,1.796,89.916,0.002285,-0.002735,-0.020060,0.000786,0.001097,-0.000740
1790938254.896070,1790938254.896595,0.000564,-0.000748,-0.037656,-0.000513,-0.022666,-0.706224,-0.707626,1.877,1.797,89.916,0.002368,-0.002823,-0.019525,-0.000539,-0.000306,-0.000360
1790938254.930083,1790938254.930851,0.000613,-0.000721,-0.037547,-0.000513,-0.022670,-0.706220,-0.707630,1.877,1.797,89.915,0.002432,-0.002971,-0.019715,-0.000728,-0.001112,-0.000801
1790938254.965204,1790938254.965876,0.000663,-0.000689,-0.037495,-0.000504,-0.022667,-0.706220,-0.707630,1.877,1.798,89.915,0.002333,-0.002821,-0.019889,-0.000682,0.000043,-0.000376
1790938254.991838,1790938254.998710,0.000709,-0.000657,-0.037559,-0.000517,-0.022671,-0.706217,-0.707632,1.878,1.797,89.915,0.002277,-0.002807,-0.020063,0.000981,0.001246,-0.001258
1790938255.025838,1790938255.032051,0.000755,-0.000623,-0.037704,-0.000508,-0.022667,-0.706214,-0.707636,1.877,1.797,89.914,0.002471,-0.002851,-0.019970,0.001025,0.000081,-0.000271
1790938255.061838,1790938255.064164,0.000802,-0.000585,-0.037884,-0.000509,-0.022676,-0.706213,-0.707636,1.878,1.798,89.914,0.002682,-0.003458,-0.019761,0.000575,-0.000188,0.000652
1790938255.083838,1790938255.097443,0.000837,-0.000571,-0.037710,-0.000525,-0.022679,-0.706217,-0.707631,1.879,1.797,89.915,0.002476,-0.003322,-0.019570,0.000320,0.000347,-0.000222
1790938255.119835,1790938255.130993,0.000889,-0.000540,-0.037502,-0.000528,-0.022674,-0.706211,-0.707639,1.879,1.796,89.914,0.002963,-0.003642,-0.018925,0.000115,-0.001724,-0.000446
1790938255.153835,1790938255.165955,0.000952,-0.000505,-0.037393,-0.000538,-0.022670,-0.706206,-0.707643,1.880,1.795,89.913,0.003016,-0.003669,-0.018930,-0.001568,-0.000764,0.001522
1790938255.188829,1790938255.198890,0.001017,-0.000456,-0.037374,-0.000541,-0.022670,-0.706215,-0.707635,1.880,1.795,89.914,0.003491,-0.003840,-0.018906,-0.000234,-0.000564,-0.001263
1790938255.223829,1790938255.229988,0.001091,-0.000391,-0.037467,-0.000557,-0.022670,-0.706214,-0.707636,1.881,1.794,89.914,0.003282,-0.003976,-0.019073,-0.000365,-0.000255,0.000987
1790938255.258829,1790938255.267022,0.001160,-0.000339,-0.037617,-0.000555,-0.022669,-0.706212,-0.707637,1.881,1.794,89.914,0.003358,-0.003852,-0.019506,-0.001318,-0.000085,0.000569
1790938255.292829,1790938255.297484,0.001196,-0.000313,-0.037498,-0.000549,-0.022666,-0.706209,-0.707640,1.880,1.794,89.913,0.003134,-0.003553,-0.019092,0.000444,0.001099,0.001342
1790938255.327823,1790938255.331947,0.001227,-0.000280,-0.037278,-0.000551,-0.022660,-0.706214,-0.707635,1.880,1.793,89.914,0.003525,-0.003600,-0.018639,-0.001448,0.000831,-0.000405
1790938255.362823,1790938255.366116,0.001270,-0.000241,-0.037188,-0.000558,-0.022658,-0.706207,-0.707642,1.880,1.792,89.913,0.003358,-0.003750,-0.018603,0.001773,0.000424,-0.001302
1790938255.385823,1790938255.397089,0.001301,-0.000215,-0.037163,-0.000563,-0.022656,-0.706200,-0.707649,1.880,1.792,89.912,0.003264,-0.003913,-0.018876,0.000437,-0.000665,-0.000892
1790938255.420820,1790938255.429826,0.001349,-0.000174,-0.037187,-0.000576,-0.022656,-0.706197,-0.707653,1.881,1.791,89.911,0.003338,-0.003892,-0.018465,0.000201,-0.001362,-0.001060
1790938255.455821,1790938255.464050,0.001395,-0.000122,-0.037286,-0.000576,-0.022657,-0.706200,-0.707650,1.881,1.791,89.912,0.003480,-0.003426,-0.018323,-0.000482,0.000307,0.000501
1790938255.489820,1790938255.497229,0.001409,-0.000093,-0.037288,-0.000571,-0.022645,-0.706199,-0.707651,1.880,1.790,89.912,0.003501,-0.003460,-0.018247,-0.000585,0.000306,-0.000497
1790938255.524819,1790938255.531153,0.001404,-0.000083,-0.037004,-0.000568,-0.022644,-0.706192,-0.707658,1.880,1.791,89.911,0.003078,-0.003453,-0.018273,0.000729,-0.000614,0.000553
1790938255.559819,1790938255.564809,0.001414,-0.000066,-0.036861,-0.000570,-0.022637,-0.706193,-0.707658,1.879,1.790,89.911,0.003425,-0.003560,-0.017676,0.000654,-0.001685,-0.000476
1790938255.594813,1790938255.598755,0.001425,-0.000047,-0.036764,-0.000578,-0.022634,-0.706192,-0.707658,1.880,1.789,89.911,0.003198,-0.003769,-0.017429,0.000173,-0.000988,0.000178
1790938255.617813,1790938255.629628,0.001448,-0.000029,-0.036760,-0.000577,-0.022624,-0.706193,-0.707658,1.879,1.788,89.911,0.003299,-0.004074,-0.017020,-0.000058,0.000068,-0.000176
1790938255.652813,1790938255.663845,0.001492,-0.000007,-0.036803,-0.000572,-0.022633,-0.706187,-0.707663,1.879,1.789,89.910,0.003081,-0.004440,-0.016880,0.000543,0.001062,-0.000834
1790938255.686813,1790938255.699001,0.001528,0.000010,-0.036900,-0.000572,-0.022631,-0.706188,-0.707662,1.879,1.789,89.910,0.003238,-0.004164,-0.017078,-0.001192,0.000145,0.001642
1790938255.721804,1790938255.729801,0.001530,-0.000003,-0.036588,-0.000575,-0.022634,-0.706190,-0.707660,1.879,1.789,89.910,0.003140,-0.003863,-0.016729,0.001190,0.000892,0.000391
1790938255.756804,1790938255.765927,0.001524,-0.000005,-0.036382,-0.000582,-0.022629,-0.706190,-0.707660,1.880,1.788,89.910,0.003322,-0.003401,-0.016554,-0.000564,0.000252,-0.000642
1790938255.790804,1790938255.797603,0.001513,0.000003,-0.036260,-0.000587,-0.022622,-0.706187,-0.707664,1.879,1.787,89.910,0.003268,-0.003463,-0.016377,0.000764,0.000483,0.000039
1790938255.826803,1790938255.829641,0.001501,-0.000002,-0.036214,-0.000591,-0.022619,-0.706188,-0.707663,1.880,1.787,89.910,0.002815,-0.003283,-0.016820,-0.000753,-0.000979,-0.000371
1790938255.860803,1790938255.863939,0.001498,-0.000001,-0.036262,-0.000589,-0.022616,-0.706187,-0.707664,1.879,1.787,89.910,0.002829,-0.003262,-0.016651,-0.000617,-0.000529,0.000024
1790938255.884803,1790938255.896654,0.001500,-0.000000,-0.036328,-0.000590,-0.022605,-0.706191,-0.707660,1.878,1.786,89.910,0.002699,-0.003393,-0.016579,-0.001619,-0.001634,0.000718
1790938255.918798,1790938255.930860,0.001463,-0.000042,-0.036163,-0.000594,-0.022605,-0.706194,-0.707657,1.879,1.785,89.911,0.002458,-0.003033,-0.016080,-0.000864,-0.001698,0.000121
1790938255.953798,1790938255.962515,0.001429,-0.000083,-0.035945,-0.000595,-0.022599,-0.706195,-0.707657,1.878,1.785,89.911,0.002257,-0.003138,-0.015849,0.000436,0.000086,-0.000147
1790938255.988798,1790938255.997672,0.001401,-0.000112,-0.035808,-0.000595,-0.022592,-0.706190,-0.707662,1.878,1.784,89.910,0.002583,-0.003196,-0.015538,-0.001393,-0.001934,0.000376
1790938256.023797,1790938256.030820,0.001385,-0.000133,-0.035741,-0.000599,-0.022580,-0.706191,-0.707661,1.877,1.783,89.910,0.002497,-0.003647,-0.015704,0.001391,0.000459,-0.000225
1790938256.057797,1790938256.064735,0.001386,-0.000154,-0.035767,-0.000600,-0.022571,-0.706196,-0.707656,1.876,1.782,89.911,0.002547,-0.003623,-0.015814,0.000186,0.000588,-0.001262
1790938256.093791,1790938256.098561,0.001412,-0.000165,-0.035849,-0.000595,-0.022568,-0.706200,-0.707653,1.876,1.782,89.911,0.002440,-0.004435,-0.015554,0.000007,-0.001318,-0.002801
1790938256.127791,1790938256.130725,0.001414,-0.000214,-0.035691,-0.000591,-0.022557,-0.706194,-0.707659,1.875,1.782,89.910,0.002250,-0.004326,-0.015044,-0.001237,-0.001725,-0.001111
1790938256.162791,1790938256.166024,0.001414,-0.000256,-0.035454,-0.000597,-0.022555,-0.706196,-0.707656,1.875,1.781,89.911,0.002402,-0.004182,-0.014730,-0.001166,-0.000259,0.000233
1790938256.185791,1790938256.197723,0.001421,-0.000285,-0.035346,-0.000592,-0.022549,-0.706192,-0.707661,1.874,1.781,89.910,0.001883,-0.004279,-0.014785,0.001060,0.000705,0.000092
1790938256.220790,1790938256.229695,0.001438,-0.000338,-0.035258,-0.000589,-0.022553,-0.706189,-0.707664,1.874,1.781,89.910,0.001713,-0.004323,-0.014786,0.001717,-0.000975,-0.000410
1790938256.254790,1790938256.263774,0.001468,-0.000380,-0.035261,-0.000584,-0.022550,-0.706197,-0.707656,1.873,1.782,89.911,0.001925,-0.004302,-0.014399,-0.001506,0.000504,-0.000337
1790938256.289785,1790938256.298668,0.001488,-0.000420,-0.035283,-0.000571,-0.022555,-0.706197,-0.707656,1.873,1.783,89.911,0.001672,-0.003994,-0.014499,-0.000496,0.001202,0.000415
1790938256.324785,1790938256.329685,0.001495,-0.000484,-0.035255,-0.000573,-0.022556,-0.706201,-0.707651,1.873,1.783,89.912,0.001128,-0.004073,-0.014349,0.001094,-0.000722,-0.000810
1790938256.359785,1790938256.365942,0.001501,-0.000551,-0.035006,-0.000570,-0.022556,-0.706197,-0.707656,1.873,1.783,89.911,0.001384,-0.004508,-0.014270,0.000418,0.000374,-0.000708
1790938256.393785,1790938256.396746,0.001530,-0.000607,-0.034886,-0.000577,-0.022550,-0.706201,-0.707652,1.873,1.782,89.912,0.001366,-0.004499,-0.014326,-0.000799,-0.000278,0.000030
1790938256.429782,1790938256.431406,0.001559,-0.000659,-0.034838,-0.000571,-0.022545,-0.706199,-0.707654,1.872,1.782,89.911,0.001147,-0.004210,-0.014354,0.000959,0.000104,0.001520
1790938256.452782,1790938256.464968,0.001573,-0.000693,-0.034834,-0.000571,-0.022543,-0.706191,-0.707662,1.872,1.782,89.910,0.001244,-0.004193,-0.014789,0.001251,0.000664,0.000133
1790938256.487782,1790938256.497709,0.001596,-0.000740,-0.034898,-0.000588,-0.022530,-0.706193,-0.707660,1.872,1.780,89.910,0.000979,-0.003829,-0.014313,-0.000236,-0.002148,0.002449
1790938256.521782,1790938256.532719,0.001604,-0.000789,-0.034994,-0.000632,-0.022495,-0.706196,-0.707659,1.873,1.773,89.910,0.001357,-0.004196,-0.014456,0.000434,-0.001806,0.002112
1790938256.556782,1790938256.564620,0.001603,-0.000849,-0.034776,-0.000732,-0.022435,-0.706199,-0.707657,1.876,1.760,89.911,0.000909,-0.004423,-0.013982,0.001802,-0.006032,-0.000142
1790938256.591777,1790938256.599938,0.001602,-0.000885,-0.034654,-0.000740,-0.022418,-0.706201,-0.707656,1.875,1.758,89.911,0.001526,-0.003842,-0.013879,0.000731,-0.001685,-0.000239
1790938256.626777,1790938256.629804,0.001601,-0.000915,-0.034582,-0.000772,-0.022409,-0.706204,-0.707653,1.877,1.755,89.911,0.001406,-0.003835,-0.014128,-0.000337,-0.003297,-0.000728
1790938256.661777,1790938256.664697,0.001603,-0.000945,-0.034616,-0.000796,-0.022392,-0.706200,-0.707658,1.878,1.752,89.910,0.001389,-0.003728,-0.014850,-0.001488,-0.002265,-0.001624
1790938256.684777,1790938256.696736,0.001606,-0.000964,-0.034673,-0.000804,-0.022386,-0.706195,-0.707663,1.878,1.750,89.910,0.001206,-0.003799,-0.014775,-0.002047,0.000136,-0.000003
1790938256.719769,1790938256.731705,0.001619,-0.000995,-0.034802,-0.000789,-0.022387,-0.706194,-0.707664,1.877,1.752,89.910,0.001100,-0.003912,-0.014653,-0.000672,0.001167,-0.000231
1790938256.753769,1790938256.765786,0.001578,-0.001028,-0.034711,-0.000772,-0.022387,-0.706193,-0.707665,1.875,1.753,89.909,0.001123,-0.003648,-0.014511,-0.000380,-0.000362,-0.000952
1790938256.789769,1790938256.796817,0.001551,-0.001061,-0.034559,-0.000773,-0.022381,-0.706192,-0.707666,1.875,1.753,89.909,0.001011,-0.004126,-0.013955,-0.000025,-0.000573,0.000220
1790938256.823768,1790938256.829710,0.001542,-0.001087,-0.034517,-0.000781,-0.022367,-0.706191,-0.707668,1.875,1.751,89.909,0.001149,-0.003794,-0.014370,-0.000661,-0.001188,0.000344
1790938256.858768,1790938256.864810,0.001519,-0.001115,-0.034512,-0.000794,-0.022355,-0.706191,-0.707668,1.875,1.749,89.909,0.000808,-0.003421,-0.014365,0.000299,-0.001078,-0.000403
1790938256.893762,1790938256.898572,0.001498,-0.001141,-0.034577,-0.000785,-0.022347,-0.706196,-0.707663,1.873,1.749,89.910,0.000827,-0.003313,-0.014370,0.000046,0.000450,-0.000425
1790938256.928762,1790938256.931867,0.001482,-0.001153,-0.034701,-0.000776,-0.022351,-0.706192,-0.707667,1.873,1.750,89.909,0.001086,-0.003138,-0.014356,-0.001142,0.001125,-0.000215
1790938256.951762,1790938256.962680,0.001440,-0.001170,-0.034675,-0.000760,-0.022350,-0.706189,-0.707670,1.871,1.751,89.909,0.000888,-0.003161,-0.014048,0.000495,0.001972,-0.000701
1790938256.985762,1790938256.997852,0.001383,-0.001200,-0.034492,-0.000755,-0.022335,-0.706194,-0.707666,1.870,1.750,89.909,0.000613,-0.003026,-0.014005,-0.001460,0.000249,0.000125
1790938257.020759,1790938257.029731,0.001323,-0.001229,-0.034374,-0.000740,-0.022338,-0.706191,-0.707669,1.869,1.752,89.909,0.000616,-0.002678,-0.013467,0.001308,0.001353,-0.000524
1790938257.055759,1790938257.065734,0.001264,-0.001254,-0.034323,-0.000726,-0.022337,-0.706190,-0.707670,1.868,1.753,89.909,0.000542,-0.002474,-0.013237,0.001304,0.001370,0.001378
1790938257.090759,1790938257.096058,0.001222,-0.001276,-0.034344,-0.000715,-0.022347,-0.706195,-0.707664,1.868,1.755,89.910,0.000500,-0.002999,-0.013188,-0.001066,0.002314,0.000062
1790938257.125755,1790938257.130960,0.001191,-0.001294,-0.034397,-0.000708,-0.022346,-0.706195,-0.707665,1.867,1.755,89.909,0.000659,-0.002976,-0.013589,0.000101,0.000125,-0.000157
1790938257.160754,1790938257.162876,0.001148,-0.001313,-0.034426,-0.000717,-0.022348,-0.706193,-0.707666,1.868,1.755,89.909,0.000727,-0.002923,-0.013837,0.001519,-0.002296,-0.000038
1790938257.194745,1790938257.200469,0.001084,-0.001333,-0.034240,-0.000719,-0.022351,-0.706194,-0.707665,1.868,1.755,89.909,0.000614,-0.002705,-0.013618,-0.001053,-0.000385,0.000407
1790938257.218745,1790938257.229879,0.001050,-0.001347,-0.034176,-0.000704,-0.022358,-0.706196,-0.707663,1.868,1.756,89.910,0.000617,-0.002877,-0.014151,0.001598,0.000937,0.000740
1790938257.264745,1790938257.266627,0.000999,-0.001367,-0.034156,-0.000702,-0.022365,-0.706189,-0.707670,1.868,1.757,89.909,0.000549,-0.003228,-0.014151,-0.002736,-0.000978,0.001064
1790938257.287745,1790938257.296759,0.000984,-0.001375,-0.034181,-0.000694,-0.022350,-0.706188,-0.707671,1.866,1.757,89.908,0.000558,-0.003140,-0.014103,-0.001433,-0.000245,-0.000512
1790938257.322744,1790938257.330858,0.000966,-0.001389,-0.034280,-0.000692,-0.022353,-0.706185,-0.707674,1.866,1.757,89.908,0.000328,-0.003024,-0.013731,0.001476,-0.000414,-0.001235
1790938257.356744,1790938257.364908,0.000941,-0.001407,-0.034391,-0.000699,-0.022358,-0.706179,-0.707680,1.867,1.757,89.907,0.000237,-0.002990,-0.013124,-0.000526,-0.001173,0.000078
1790938257.391744,1790938257.395968,0.000897,-0.001433,-0.034174,-0.000703,-0.022363,-0.706179,-0.707680,1.868,1.757,89.907,0.000245,-0.002548,-0.012980,0.002375,-0.000861,0.000029
1790938257.426740,1790938257.430753,0.000847,-0.001456,-0.034055,-0.000709,-0.022358,-0.706176,-0.707683,1.868,1.756,89.907,0.000259,-0.002328,-0.013125,0.000436,0.000834,0.000508
1790938257.461740,1790938257.464983,0.000796,-0.001477,-0.034013,-0.000719,-0.022358,-0.706176,-0.707683,1.869,1.755,89.906,0.000167,-0.002051,-0.013101,0.000521,-0.001613,-0.001096
1790938257.485740,1790938257.496939,0.000762,-0.001492,-0.033998,-0.000734,-0.022355,-0.706172,-0.707687,1.870,1.754,89.906,0.000205,-0.001957,-0.013661,0.001225,-0.000228,0.000992
1790938257.531734,1790938257.532847,0.000717,-0.001524,-0.034118,-0.000745,-0.022361,-0.706173,-0.707686,1.871,1.753,89.906,-0.000149,-0.002310,-0.014071,0.001987,0.000940,0.000566
1790938257.554734,1790938257.563685,0.000704,-0.001543,-0.034220,-0.000751,-0.022349,-0.706171,-0.707688,1.871,1.752,89.906,-0.000319,-0.002419,-0.014396,0.000556,0.000140,-0.000639
1790938257.589728,1790938257.598706,0.000659,-0.001583,-0.034192,-0.000748,-0.022346,-0.706172,-0.707687,1.870,1.752,89.906,-0.000286,-0.002631,-0.015006,-0.000186,-0.001154,-0.002516
1790938257.624728,1790938257.630961,0.000604,-0.001614,-0.034124,-0.000782,-0.022320,-0.706151,-0.707709,1.871,1.747,89.902,0.000096,-0.001910,-0.014778,-0.001456,-0.002433,-0.000702
1790938257.658728,1790938257.664149,0.000568,-0.001627,-0.034146,-0.000749,-0.022312,-0.706167,-0.707693,1.867,1.749,89.905,0.000503,-0.002812,-0.015424,-0.001002,0.001176,0.005661
1790938257.693728,1790938257.695886,0.000586,-0.001626,-0.034230,-0.000762,-0.022319,-0.706278,-0.707582,1.869,1.748,89.923,0.000560,-0.003611,-0.016016,0.002388,0.001511,0.006727
1790938257.727727,1790938257.730867,0.000577,-0.001644,-0.034393,-0.000743,-0.022322,-0.706315,-0.707546,1.868,1.750,89.929,-0.000165,-0.001976,-0.016101,0.000040,-0.002109,-0.002941
1790938257.751727,1790938257.763002,0.000556,-0.001659,-0.034523,-0.000742,-0.022308,-0.706312,-0.707549,1.867,1.749,89.928,-0.000274,-0.001813,-0.016028,-0.001120,0.002447,0.000324
1790938257.786727,1790938257.796062,0.000503,-0.001678,-0.034624,-0.000712,-0.022311,-0.706305,-0.707556,1.865,1.752,89.927,0.000214,-0.001035,-0.015920,0.002349,-0.002981,-0.000407
1790938257.820725,1790938257.829064,0.000499,-0.001686,-0.034527,-0.000672,-0.022313,-0.706540,-0.707320,1.862,1.754,89.965,-0.000264,-0.005958,-0.015493,0.002105,-0.001584,0.040685
1790938257.855725,1790938257.864740,0.000515,-0.001701,-0.034519,-0.000614,-0.022352,-0.706840,-0.707019,1.861,1.761,90.014,0.000413,-0.000503,-0.015830,-0.005615,0.001163,0.001949
1790938257.891720,1790938257.904772,0.000498,-0.001701,-0.034554,-0.000572,-0.022370,-0.707067,-0.706792,1.860,1.766,90.051,0.000872,-0.005280,-0.015819,0.023046,0.004535,0.056753
1790938257.926720,1790938257.932165,0.000571,-0.001739,-0.034702,-0.000585,-0.022535,-0.707634,-0.706219,1.876,1.777,90.144,-0.000409,-0.003602,-0.015980,-0.000397,0.008180,0.032143
1790938257.961720,1790938257.965795,0.000600,-0.001751,-0.034872,-0.000526,-0.022615,-0.707944,-0.705906,1.878,1.787,90.194,-0.000312,-0.003025,-0.016531,0.008053,0.004297,0.024390
1790938257.995713,1790938257.998924,0.000572,-0.001775,-0.034977,-0.000472,-0.022726,-0.708102,-0.705744,1.884,1.800,90.221,0.000332,-0.001299,-0.016415,0.002272,0.011055,0.004347
1790938258.019713,1790938258.031103,0.000538,-0.001782,-0.034896,-0.000334,-0.022731,-0.708113,-0.705733,1.873,1.811,90.223,-0.000262,-0.000936,-0.015989,0.008254,0.000304,-0.001554
1790938258.053713,1790938258.063269,0.000472,-0.001807,-0.034861,-0.000223,-0.022763,-0.708056,-0.705790,1.866,1.823,90.213,-0.000474,-0.000900,-0.017125,-0.011538,0.014093,0.000945
1790938258.088713,1790938258.095952,0.000410,-0.001831,-0.034900,-0.000035,-0.022762,-0.708035,-0.705810,1.851,1.838,90.210,-0.000118,-0.000039,-0.018254,-0.018621,-0.009855,0.000407
1790938258.123712,1790938258.130836,0.000350,-0.001848,-0.035016,0.000029,-0.022828,-0.707984,-0.705860,1.851,1.849,90.202,-0.000940,-0.000062,-0.017534,-0.009177,0.009162,-0.002417
1790938258.158711,1790938258.163015,0.000318,-0.001877,-0.035183,0.000206,-0.022906,-0.708072,-0.705769,1.843,1.870,90.217,-0.000431,-0.002614,-0.016655,-0.008670,0.010265,0.020333
1790938258.193712,1790938258.196979,0.000325,-0.001873,-0.035326,0.000828,-0.023154,-0.708454,-0.705377,1.814,1.939,90.280,0.000644,-0.003356,-0.013647,-0.013552,0.042714,0.031320
1790938258.227709,1790938258.232370,0.000443,-0.001813,-0.035487,0.001582,-0.023621,-0.709056,-0.704755,1.793,2.037,90.381,0.002928,-0.008165,-0.012679,-0.034301,0.071131,0.093370
1790938258.251709,1790938258.263984,0.000608,-0.001736,-0.035596,0.002599,-0.024389,-0.710273,-0.703499,1.777,2.178,90.583,0.003464,-0.008947,-0.013107,-0.001553,0.096820,0.086784
1790938258.297700,1790938258.300685,0.000845,-0.001465,-0.035738,0.004287,-0.025553,-0.711137,-0.702576,1.739,2.407,90.730,0.010810,-0.005207,-0.008395,-0.033327,0.134697,0.061238
1790938258.320700,1790938258.331728,0.000884,-0.001240,-0.035818,0.006043,-0.027337,-0.711372,-0.702258,1.744,2.693,90.780,0.006702,-0.000431,-0.007185,-0.043455,0.162226,-0.016393
1790938258.355700,1790938258.364273,0.000738,-0.001050,-0.035853,0.008025,-0.028708,-0.710956,-0.702604,1.695,2.966,90.721,0.004825,0.003774,-0.004788,-0.033792,0.175379,-0.048140
1790938258.390695,1790938258.398714,0.000589,-0.000870,-0.035777,0.011034,-0.030457,-0.710460,-0.702992,1.594,3.354,90.652,0.006492,0.003203,0.001193,-0.076045,0.221906,-0.020871
1790938258.424695,1790938258.430083,0.000481,-0.000564,-0.035461,0.014645,-0.031885,-0.710383,-0.702940,1.419,3.763,90.650,0.007611,0.001635,0.007262,-0.115456,0.248942,0.002481
1790938258.459695,1790938258.464974,0.000459,-0.000408,-0.035247,0.019081,-0.034188,-0.710116,-0.702995,1.248,4.311,90.624,-0.000966,-0.001845,-0.002867,0.005027,0.212386,-0.053212
1790938258.494695,1790938258.497207,0.000586,-0.000613,-0.035476,0.020355,-0.037726,-0.708749,-0.704157,1.426,4.703,90.431,-0.007774,-0.004433,-0.011695,0.153590,0.230978,-0.161235
1790938258.517696,1790938258.528989,0.000557,-0.000788,-0.035608,0.022150,-0.039521,-0.707430,-0.705330,1.419,4.996,90.232,-0.007702,0.006075,-0.008336,-0.104957,0.037433,-0.070626
1790938258.552696,1790938258.563998,0.000213,-0.001273,-0.036029,0.022542,-0.039587,-0.705580,-0.707165,1.380,5.037,89.932,-0.015088,0.012631,-0.020520,0.025822,0.003575,-0.217395
1790938258.586696,1790938258.596013,-0.000388,-0.001840,-0.036539,0.022899,-0.039479,-0.703236,-0.709490,1.325,5.062,89.551,-0.016119,0.019555,-0.013815,-0.035541,0.017278,-0.237455
1790938258.621695,1790938258.633663,-0.001063,-0.002382,-0.036880,0.024079,-0.038954,-0.700645,-0.712039,1.168,5.118,89.128,-0.013441,0.016563,-0.011239,-0.059070,0.032799,-0.162948
1790938258.656695,1790938258.662777,-0.001258,-0.002814,-0.037269,0.024908,-0.039619,-0.699606,-0.712995,1.146,5.241,88.966,-0.006766,-0.007617,-0.017799,0.058066,0.093906,0.001824
1790938258.691695,1790938258.697870,-0.000580,-0.002740,-0.038097,0.024198,-0.042446,-0.700668,-0.711812,1.441,5.413,89.164,0.016772,-0.024516,-0.025235,0.258925,0.109589,0.167235
1790938258.726695,1790938258.731813,-0.000091,-0.002257,-0.038663,0.024155,-0.045966,-0.702445,-0.709842,1.744,5.693,89.487,0.008206,-0.007468,-0.009349,0.029909,0.122146,0.066718
1790938258.760695,1790938258.763609,0.000044,-0.002128,-0.039085,0.024949,-0.047508,-0.702716,-0.709444,1.807,5.882,89.547,0.003273,-0.000480,-0.012293,0.003826,0.095163,-0.001981
1790938258.795689,1790938258.798815,0.000034,-0.002099,-0.039633,0.025439,-0.049348,-0.702448,-0.709567,1.915,6.072,89.524,0.001913,0.000112,-0.014362,0.106903,0.085626,-0.030915
1790938258.819689,1790938258.830714,0.000025,-0.002116,-0.039951,0.025444,-0.050795,-0.702124,-0.709785,2.030,6.191,89.488,0.000122,0.001256,-0.014704,0.120774,0.074737,-0.038959
1790938258.853689,1790938258.863944,-0.000042,-0.002291,-0.040518,0.024169,-0.054602,-0.701110,-0.710549,2.435,6.401,89.370,-0.005037,0.002163,-0.020934,0.158640,0.082975,-0.038283
1790938258.888689,1790938258.896987,-0.000117,-0.002716,-0.040998,0.024472,-0.055916,-0.700955,-0.710589,2.516,6.533,89.361,-0.014428,0.002707,-0.012064,-0.014570,0.106456,0.032199
1790938258.923689,1790938258.928931,-0.000286,-0.003168,-0.041389,0.026183,-0.056482,-0.701340,-0.710103,2.426,6.716,89.431,-0.008458,0.005202,-0.009805,-0.123952,0.100110,0.011174
1790938258.957689,1790938258.962827,-0.000390,-0.003437,-0.041691,0.028677,-0.056869,-0.701618,-0.709701,2.257,6.947,89.481,-0.004805,-0.000717,-0.008687,-0.054372,0.116934,0.057836
1790938258.992689,1790938258.996665,-0.000127,-0.003764,-0.042086,0.029903,-0.057691,-0.702851,-0.708363,2.237,7.110,89.691,-0.009197,-0.011798,-0.011679,0.003852,0.086839,0.157110
1790938259.027687,1790938259.031071,0.000264,-0.004225,-0.042498,0.031149,-0.058174,-0.704617,-0.706513,2.193,7.244,89.985,-0.013099,-0.010518,-0.007434,-0.115650,0.024198,0.109991
1790938259.062687,1790938259.064787,0.000797,-0.004900,-0.042751,0.033141,-0.057824,-0.705562,-0.705507,2.013,7.375,90.134,-0.021279,-0.018063,-0.008363,-0.052871,0.104997,0.028492
1790938259.097681,1790938259.099697,0.001356,-0.005755,-0.043150,0.033983,-0.057186,-0.704755,-0.706325,1.884,7.393,89.994,-0.025677,-0.011784,-0.018379,0.000478,-0.081041,-0.164953
1790938259.120681,1790938259.131097,0.001527,-0.006520,-0.043575,0.032540,-0.056888,-0.703182,-0.707983,1.960,7.257,89.734,-0.031689,-0.002846,-0.019386,0.072844,-0.083368,-0.133029
1790938259.154681,1790938259.163876,0.001469,-0.007822,-0.044029,0.032015,-0.055300,-0.701336,-0.709961,1.854,7.090,89.415,-0.037458,0.004338,-0.009844,-0.125049,-0.086038,-0.175490
1790938259.189681,1790938259.196756,0.001362,-0.009277,-0.043934,0.033196,-0.052405,-0.699888,-0.711554,1.507,6.952,89.144,-0.040573,0.003435,0.005325,-0.148930,-0.111691,-0.047141
1790938259.224677,1790938259.231682,0.001078,-0.010362,-0.043433,0.032440,-0.048842,-0.700974,-0.710773,1.290,6.599,89.279,-0.023653,0.012805,0.020858,-0.068224,-0.242630,0.171539
1790938259.259677,1790938259.264901,0.000682,-0.011022,-0.042291,0.029465,-0.044391,-0.703498,-0.708697,1.192,5.991,89.640,-0.023033,0.010157,0.041527,-0.075097,-0.350191,0.162270
1790938259.294677,1790938259.297736,0.000497,-0.011599,-0.040553,0.026305,-0.040078,-0.704759,-0.707826,1.108,5.383,89.803,-0.014955,0.003468,0.055462,-0.052826,-0.368302,0.043076
1790938259.317676,1790938259.329738,0.000532,-0.011771,-0.039123,0.022259,-0.035384,-0.705018,-0.707957,1.056,4.674,89.805,-0.009956,-0.003921,0.068923,0.023019,-0.345652,-0.044307
1790938259.352676,1790938259.365092,0.000910,-0.011879,-0.036526,0.017867,-0.032362,-0.703919,-0.709317,1.161,4.075,89.604,-0.006561,-0.013778,0.084322,0.097033,-0.217545,-0.116477
1790938259.386676,1790938259.397225,0.001545,-0.011803,-0.033308,0.015439,-0.031835,-0.702933,-0.710376,1.311,3.838,89.440,-0.000534,-0.016288,0.105600,0.084575,-0.081554,-0.077102
1790938259.421674,1790938259.432733,0.002183,-0.011539,-0.029296,0.014142,-0.032615,-0.702031,-0.711259,1.475,3.799,89.301,-0.000108,-0.012881,0.134945,0.108545,0.055990,-0.062240
1790938259.456674,1790938259.462715,0.002560,-0.011166,-0.023765,0.014163,-0.035751,-0.702128,-0.711011,1.727,4.056,89.341,0.001488,0.004135,0.177981,0.125980,0.166030,0.116189
1790938259.491674,1790938259.497073,0.002381,-0.010743,-0.016808,0.014822,-0.038481,-0.704134,-0.708869,1.907,4.326,89.688,-0.008409,0.019738,0.233746,0.059556,0.118462,0.201482
1790938259.526671,1790938259.531979,0.001783,-0.010507,-0.007593,0.014606,-0.040770,-0.706482,-0.706405,2.125,4.487,90.090,-0.016202,0.034300,0.293932,0.112250,0.057583,0.172188
1790938259.560671,1790938259.563169,0.000882,-0.010262,0.003933,0.014153,-0.042173,-0.707616,-0.705195,2.284,4.560,90.287,-0.021720,0.042280,0.363133,0.067206,0.040489,0.044260
1790938259.584671,1790938259.595979,0.000295,-0.010115,0.012388,0.013433,-0.043290,-0.707268,-0.705491,2.431,4.593,90.242,-0.025618,0.044179,0.402610,0.076236,-0.013838,-0.075530
1790938259.618666,1790938259.629978,-0.000727,-0.009724,0.028089,0.012996,-0.043547,-0.706644,-0.706109,2.483,4.581,90.143,-0.020694,0.053260,0.463526,-0.016701,0.014329,-0.002350
1790938259.653666,1790938259.664821,-0.002022,-0.009115,0.044539,0.013984,-0.043445,-0.707183,-0.705556,2.399,4.651,90.229,-0.028405,0.064369,0.498421,-0.125662,0.105257,0.115667
1790938259.688666,1790938259.696654,-0.003655,-0.008760,0.062581,0.017709,-0.042758,-0.710531,-0.702143,2.064,4.888,90.769,-0.031639,0.069230,0.525227,-0.189896,0.141602,0.415710
1790938259.723665,1790938259.730822,-0.004953,-0.008242,0.080836,0.019283,-0.043462,-0.715433,-0.697062,2.031,5.059,91.580,-0.034776,0.041577,0.547542,0.033821,0.071392,0.314414
1790938259.757665,1790938259.764786,-0.005203,-0.007750,0.101256,0.019105,-0.045121,-0.717858,-0.694463,2.201,5.169,91.997,-0.040525,0.016120,0.588818,0.062857,0.038953,0.092764
1790938259.792660,1790938259.798746,-0.004744,-0.007091,0.122156,0.017964,-0.045534,-0.718309,-0.694000,2.329,5.107,92.076,-0.035692,0.005835,0.639890,0.084880,-0.120799,-0.007468
1790938259.827660,1790938259.830728,-0.003741,-0.006420,0.145303,0.015219,-0.044485,-0.717573,-0.694895,2.455,4.799,91.943,-0.044144,-0.007351,0.681389,0.065959,-0.224023,-0.142887
1790938259.861660,1790938259.864014,-0.002349,-0.005956,0.169690,0.012339,-0.041666,-0.715483,-0.697278,2.438,4.345,91.569,-0.044796,-0.010229,0.709247,-0.049587,-0.227128,-0.190549
1790938259.885660,1790938259.897041,-0.001465,-0.005780,0.185312,0.010590,-0.038793,-0.713124,-0.699884,2.327,3.980,91.155,-0.047921,-0.010452,0.712177,-0.043342,-0.114244,-0.213098
1790938259.920652,1790938259.930089,-0.000085,-0.005948,0.210917,0.011439,-0.037744,-0.710982,-0.702103,2.161,3.972,90.795,-0.062133,-0.009256,0.715858,-0.135100,0.113891,-0.205019
1790938259.955652,1790938259.963808,0.001147,-0.006405,0.235531,0.015475,-0.037947,-0.708802,-0.704216,1.839,4.323,90.441,-0.070648,-0.012152,0.724745,-0.157092,0.209828,-0.164946
1790938259.989652,1790938259.996032,0.002422,-0.007070,0.261082,0.019409,-0.038201,-0.706828,-0.706086,1.529,4.668,90.122,-0.082080,-0.015318,0.731914,-0.126693,0.090050,-0.132718
1790938260.024643,1790938260.030470,0.003507,-0.007837,0.286162,0.021193,-0.036691,-0.706170,-0.706773,1.257,4.692,90.003,-0.083370,-0.012389,0.737003,-0.108711,-0.069554,0.017697
1790938260.059643,1790938260.065038,0.004488,-0.008592,0.312805,0.020410,-0.034324,-0.706662,-0.706424,1.131,4.436,90.063,-0.076699,-0.012802,0.737362,-0.031541,-0.170907,-0.003440
1790938260.094643,1790938260.096738,0.005427,-0.009175,0.338534,0.018722,-0.032476,-0.706119,-0.707101,1.114,4.150,89.961,-0.067522,-0.009138,0.733625,-0.019951,-0.174503,-0.099772
1790938260.117642,1790938260.129606,0.005876,-0.009461,0.355353,0.017361,-0.029661,-0.705107,-0.708268,0.990,3.813,89.777,-0.060967,-0.003000,0.730770,-0.075601,-0.174615,-0.057872
1790938260.152642,1790938260.162896,0.006285,-0.009798,0.380005,0.015825,-0.026928,-0.704812,-0.708707,0.891,3.467,89.711,-0.052089,0.002442,0.726931,-0.015113,-0.162997,-0.005780
1790938260.187636,1790938260.198807,0.006451,-0.010025,0.405329,0.014687,-0.025820,-0.705434,-0.708153,0.897,3.284,89.805,-0.049902,0.011512,0.715542,-0.001512,0.010267,0.116750
1790938260.221636,1790938260.230357,0.006178,-0.010344,0.430163,0.016360,-0.026669,-0.707584,-0.705936,0.841,3.486,90.159,-0.052735,0.028228,0.705423,-0.086667,0.202591,0.297705
1790938260.256636,1790938260.265808,0.005242,-0.010663,0.454009,0.020476,-0.028305,-0.712317,-0.700988,0.667,3.948,90.942,-0.059716,0.045325,0.698166,-0.140020,0.266613,0.463280
1790938260.291630,1790938260.298691,0.003776,-0.011195,0.478215,0.025472,-0.030146,-0.717911,-0.695015,0.453,4.501,91.875,-0.072599,0.050267,0.688993,-0.089933,0.273581,0.408564
1790938260.326630,1790938260.331115,0.002484,-0.011915,0.501387,0.027668,-0.033410,-0.720743,-0.691844,0.568,4.940,92.369,-0.082129,0.036053,0.680025,0.088920,0.168378,0.081119
1790938260.360630,1790938260.364003,0.001661,-0.013021,0.525657,0.027260,-0.036166,-0.720154,-0.692335,0.825,5.126,92.294,-0.095376,0.030658,0.669743,0.190947,0.051303,-0.124668
1790938260.395624,1790938260.398793,0.001077,-0.014294,0.548419,0.024948,-0.038576,-0.717767,-0.694767,1.192,5.130,91.919,-0.100221,0.032003,0.667340,0.193312,-0.071647,-0.242132
1790938260.430624,1790938260.431957,0.000590,-0.015957,0.571597,0.021302,-0.039980,-0.714331,-0.698340,1.574,4.949,91.365,-0.111377,0.032509,0.651138,0.235797,-0.107972,-0.316161
1790938260.453624,1790938260.463047,0.000318,-0.017244,0.586497,0.018013,-0.040918,-0.710646,-0.702128,1.890,4.765,90.770,-0.109706,0.035230,0.637866,0.135098,-0.088826,-0.229731
1790938260.488624,1790938260.496975,-0.000200,-0.019181,0.608477,0.016182,-0.041397,-0.709834,-0.702965,2.071,4.656,90.641,-0.104464,0.044285,0.615752,0.085030,-0.051780,0.081288
1790938260.522620,1790938260.531193,-0.001061,-0.021031,0.629409,0.015221,-0.041211,-0.711488,-0.701324,2.144,4.558,90.910,-0.099532,0.052945,0.586965,-0.053114,-0.022864,0.148134
1790938260.557620,1790938260.565217,-0.002133,-0.022879,0.648673,0.016428,-0.039868,-0.713146,-0.699688,1.947,4.544,91.169,-0.101297,0.056471,0.552281,-0.169698,-0.000535,0.124085
1790938260.592615,1790938260.599005,-0.003478,-0.025004,0.667367,0.017813,-0.037144,-0.714570,-0.698350,1.621,4.436,91.378,-0.103909,0.057477,0.518088,-0.163867,-0.107828,0.060316
1790938260.627615,1790938260.630972,-0.004726,-0.027338,0.684310,0.017433,-0.034382,-0.714951,-0.698112,1.426,4.182,91.418,-0.109783,0.049521,0.478265,-0.044096,-0.190024,0.005772
1790938260.662615,1790938260.664681,-0.006022,-0.030316,0.700616,0.015011,-0.031877,-0.715198,-0.698033,1.415,3.783,91.439,-0.117660,0.053514,0.428928,-0.012517,-0.208115,0.045929
1790938260.685609,1790938260.699004,-0.006992,-0.032462,0.710209,0.013117,-0.029575,-0.716367,-0.696973,1.383,3.441,91.614,-0.118655,0.056522,0.398458,0.003247,-0.094806,0.111427
1790938260.720609,1790938260.730982,-0.008475,-0.035845,0.723087,0.012014,-0.030073,-0.717329,-0.695982,1.517,3.388,91.776,-0.117204,0.054316,0.358429,0.097772,0.029821,0.047256
1790938260.755609,1790938260.763305,-0.009855,-0.039083,0.734478,0.011939,-0.031252,-0.717749,-0.695498,1.622,3.475,91.853,-0.111169,0.055366,0.329773,-0.010446,0.069421,0.082854
1790938260.789609,1790938260.796597,-0.011404,-0.042105,0.745297,0.013419,-0.031276,-0.719576,-0.693579,1.516,3.595,92.155,-0.097957,0.056741,0.296296,-0.072449,0.052283,0.205697
1790938260.824606,1790938260.829855,-0.012735,-0.044898,0.754837,0.014112,-0.031388,-0.721557,-0.691499,1.480,3.656,92.484,-0.096327,0.041009,0.260416,-0.027775,0.018755,0.095095
1790938260.859606,1790938260.863888,-0.013532,-0.047746,0.763035,0.014747,-0.030511,-0.722104,-0.690954,1.360,3.638,92.569,-0.101000,0.028466,0.230290,-0.095334,-0.047832,0.050876
1790938260.893606,1790938260.895652,-0.014043,-0.050868,0.770503,0.014428,-0.028263,-0.723250,-0.689857,1.204,3.432,92.744,-0.102098,0.020156,0.204443,-0.074575,-0.156062,0.121485
1790938260.928601,1790938260.930969,-0.014227,-0.053867,0.776620,0.012332,-0.024916,-0.724557,-0.688654,1.097,2.991,92.939,-0.095669,0.008861,0.188266,-0.012521,-0.293817,0.054186
1790938260.952601,1790938260.962104,-0.014159,-0.055890,0.780625,0.008931,-0.021473,-0.724694,-0.688679,1.079,2.437,92.942,-0.090848,0.002952,0.173953,-0.054461,-0.365230,-0.039776
1790938260.987595,1790938260.998832,-0.013908,-0.058670,0.785531,0.005572,-0.016266,-0.724060,-0.689523,0.910,1.748,92.813,-0.085757,-0.002451,0.141815,-0.078173,-0.312663,-0.073937
1790938261.021595,1790938261.031398,-0.013435,-0.061616,0.789340,0.002685,-0.012896,-0.722837,-0.690893,0.856,1.243,92.598,-0.085138,-0.010124,0.094266,0.036181,-0.165722,-0.128278
1790938261.056595,1790938261.064101,-0.012902,-0.064447,0.791345,0.001200,-0.012781,-0.721293,-0.692511,0.961,1.113,92.342,-0.084799,-0.009637,0.049816,0.073574,0.021709,-0.124539
1790938261.091595,1790938261.096752,-0.012497,-0.067348,0.792050,0.000841,-0.014751,-0.719887,-0.693934,1.150,1.242,92.116,-0.083029,-0.004644,0.015222,0.100165,0.088517,-0.096266
1790938261.126589,1790938261.128911,-0.012355,-0.070155,0.791575,0.000928,-0.016486,-0.719110,-0.694701,1.285,1.389,91.994,-0.078074,0.002733,-0.003521,0.047431,0.083563,-0.053092
1790938261.160589,1790938261.163823,-0.012496,-0.072786,0.790508,0.001901,-0.017569,-0.718631,-0.695167,1.296,1.556,91.919,-0.071230,0.008912,-0.015913,-0.014517,0.081919,-0.039210
1790938261.195584,1790938261.198644,-0.012806,-0.075054,0.789139,0.003040,-0.018073,-0.718002,-0.695800,1.245,1.691,91.818,-0.059603,0.012171,-0.027881,-0.015746,0.053309,-0.049178
1790938261.218584,1790938261.229991,-0.013105,-0.076341,0.788031,0.003734,-0.018553,-0.717802,-0.695990,1.229,1.787,91.787,-0.050070,0.015365,-0.035474,0.004563,0.048460,0.026653
1790938261.253583,1790938261.263052,-0.013696,-0.077857,0.786198,0.004324,-0.019110,-0.718350,-0.695406,1.229,1.879,91.880,-0.033116,0.019362,-0.038918,-0.013397,0.063389,0.079319
1790938261.288584,1790938261.297600,-0.014436,-0.078766,0.784394,0.005430,-0.019531,-0.719450,-0.694249,1.179,2.002,92.063,-0.016340,0.022155,-0.037071,-0.028637,0.057805,0.099042
1790938261.323580,1790938261.330720,-0.015196,-0.079124,0.782570,0.005779,-0.020044,-0.720653,-0.692982,1.197,2.069,92.264,-0.002355,0.020198,-0.031651,0.028272,0.008450,0.101380
1790938261.358580,1790938261.363941,-0.015864,-0.079082,0.780711,0.005390,-0.020228,-0.721945,-0.691634,1.247,2.050,92.479,0.006312,0.017786,-0.025647,0.010011,-0.010442,0.121653
1790938261.392580,1790938261.395850,-0.016408,-0.078731,0.779145,0.005425,-0.020248,-0.723221,-0.690299,1.250,2.052,92.691,0.015369,0.012015,-0.018200,-0.008940,0.022234,0.125762
1790938261.427578,1790938261.429862,-0.016724,-0.078097,0.777883,0.006054,-0.020462,-0.724582,-0.688858,1.222,2.118,92.918,0.020936,0.004937,-0.013557,-0.018140,0.040054,0.090447
1790938261.450578,1790938261.462338,-0.016800,-0.077644,0.777174,0.006464,-0.020611,-0.725360,-0.688031,1.204,2.163,93.049,0.021214,0.000682,-0.011394,0.003132,-0.002473,0.029092
1790938261.485578,1790938261.497665,-0.016714,-0.076917,0.776187,0.005884,-0.020564,-0.725100,-0.688311,1.246,2.111,93.005,0.021336,-0.006086,-0.009642,0.026893,-0.038785,-0.066714
1790938261.520571,1790938261.530142,-0.016498,-0.076154,0.775355,0.005392,-0.020337,-0.724325,-0.689138,1.263,2.054,92.875,0.025542,-0.006642,-0.007395,-0.013643,-0.038191,-0.076564
1790938261.555572,1790938261.566331,-0.016327,-0.075218,0.774105,0.004926,-0.019350,-0.723567,-0.689965,1.216,1.939,92.744,0.030300,-0.005106,-0.006643,-0.020906,-0.058047,-0.028742
1790938261.589571,1790938261.595956,-0.016190,-0.074144,0.772974,0.004597,-0.018587,-0.723376,-0.690188,1.178,1.851,92.709,0.033655,-0.005008,-0.007797,-0.027375,-0.037918,-0.016940
1790938261.624567,1790938261.630841,-0.016072,-0.073008,0.771888,0.004813,-0.017863,-0.723246,-0.690342,1.100,1.812,92.684,0.036589,-0.005224,-0.009081,-0.036874,-0.005771,-0.004761
1790938261.659567,1790938261.663861,-0.015942,-0.071770,0.770870,0.005203,-0.017400,-0.723204,-0.690396,1.031,1.808,92.675,0.036857,-0.005858,-0.008468,-0.047777,-0.004541,-0.013085
1790938261.694566,1790938261.695810,-0.015825,-0.070590,0.769964,0.005776,-0.016710,-0.723101,-0.690517,0.928,1.801,92.655,0.035971,-0.004979,-0.008453,-0.038716,-0.005687,0.001109
1790938261.717564,1790938261.728834,-0.015757,-0.069762,0.769370,0.005806,-0.016333,-0.723120,-0.690505,0.894,1.774,92.657,0.036130,-0.005224,-0.008823,0.012608,-0.030366,-0.011186
1790938261.751564,1790938261.761843,-0.015608,-0.068572,0.768167,0.004700,-0.016209,-0.722727,-0.690927,0.971,1.673,92.591,0.034551,-0.006945,-0.010439,0.051909,-0.065195,-0.039354
1790938261.786564,1790938261.795920,-0.015472,-0.067487,0.766826,0.003544,-0.016196,-0.722457,-0.691217,1.061,1.576,92.546,0.032600,-0.004249,-0.013264,0.056334,-0.046371,-0.009646
1790938261.821561,1790938261.830989,-0.015438,-0.066431,0.765475,0.002465,-0.016460,-0.722397,-0.691278,1.168,1.508,92.537,0.031131,-0.001691,-0.015947,0.050792,-0.023772,-0.006585
1790938261.856561,1790938261.864664,-0.015491,-0.065490,0.764212,0.001789,-0.016767,-0.722303,-0.691371,1.247,1.477,92.523,0.027840,0.001688,-0.015808,0.034517,-0.010363,-0.007372
1790938261.890561,1790938261.896022,-0.015653,-0.064691,0.762979,0.001035,-0.017141,-0.722063,-0.691614,1.337,1.444,92.485,0.020542,0.004012,-0.016603,0.053427,-0.020959,-0.035554
1790938261.925557,1790938261.930966,-0.015878,-0.064147,0.761899,0.000421,-0.017486,-0.721443,-0.692253,1.413,1.422,92.383,0.015653,0.007005,-0.014568,0.019721,0.001669,-0.062305
1790938261.960557,1790938261.962932,-0.016191,-0.063760,0.760542,0.000439,-0.017620,-0.720762,-0.692959,1.421,1.436,92.271,0.009800,0.008219,-0.014792,0.004790,0.007846,-0.074269
1790938261.983557,1790938261.995879,-0.016394,-0.063627,0.759578,0.000429,-0.017613,-0.719834,-0.693923,1.419,1.436,92.118,0.005380,0.008262,-0.015580,-0.004088,-0.013057,-0.073293
1790938262.030551,1790938262.033466,-0.016760,-0.063550,0.757629,0.000379,-0.017346,-0.719005,-0.694788,1.400,1.412,91.980,0.003565,0.006234,-0.021174,-0.009293,-0.005513,-0.062562
1790938262.053551,1790938262.062952,-0.016900,-0.063477,0.756621,0.000552,-0.017300,-0.718409,-0.695406,1.381,1.424,91.881,0.005630,0.005380,-0.024175,-0.012308,0.019521,-0.030571
1790938262.088552,1790938262.097504,-0.017120,-0.063259,0.755079,0.001012,-0.017413,-0.718359,-0.695454,1.353,1.471,91.874,0.009856,0.006714,-0.028084,-0.023725,0.032413,0.015726
1790938262.122550,1790938262.130894,-0.017382,-0.062911,0.753449,0.001676,-0.017485,-0.718654,-0.695146,1.307,1.531,91.923,0.011361,0.007098,-0.032474,-0.015641,0.026764,0.026215
1790938262.157550,1790938262.162958,-0.017642,-0.062554,0.751578,0.002063,-0.017829,-0.718959,-0.694820,1.305,1.590,91.974,0.011152,0.007576,-0.036830,0.007098,0.038430,0.018747
1790938262.192550,1790938262.195983,-0.017984,-0.062198,0.749241,0.002516,-0.018347,-0.719088,-0.694672,1.312,1.668,91.998,0.009999,0.010625,-0.038438,-0.001388,0.054246,0.012058
1790938262.227547,1790938262.234062,-0.018451,-0.061911,0.747134,0.003252,-0.018974,-0.719355,-0.694375,1.306,1.778,92.045,0.008694,0.015585,-0.035226,-0.001712,0.056524,0.029368
1790938262.262547,1790938262.264669,-0.019097,-0.061628,0.745324,0.003941,-0.019630,-0.719610,-0.694090,1.306,1.887,92.090,0.009083,0.020283,-0.025259,-0.005526,0.050210,0.018529
1790938262.284547,1790938262.295904,-0.019613,-0.061424,0.744385,0.004510,-0.019841,-0.719986,-0.693691,1.279,1.950,92.153,0.010545,0.023331,-0.017854,-0.028145,0.007303,0.044588
1790938262.320540,1790938262.330910,-0.020496,-0.061014,0.743381,0.004727,-0.019046,-0.720601,-0.693072,1.198,1.903,92.251,0.015364,0.025447,-0.005647,-0.057961,-0.042028,0.053740
1790938262.354540,1790938262.362890,-0.021415,-0.060367,0.742803,0.004746,-0.017809,-0.721310,-0.692368,1.096,1.806,92.363,0.023552,0.025879,0.001987,-0.064077,-0.070572,0.081474
1790938262.389534,1790938262.398649,-0.022305,-0.059427,0.741896,0.004529,-0.016148,-0.722393,-0.691279,0.978,1.654,92.536,0.032571,0.024543,0.003716,-0.057833,-0.071810,0.085927
1790938262.424534,1790938262.433938,-0.023179,-0.058180,0.741055,0.004274,-0.014985,-0.723183,-0.690481,0.904,1.540,92.663,0.039596,0.023213,-0.000153,-0.025928,-0.030245,0.038354
1790938262.458534,1790938262.463949,-0.023985,-0.056662,0.740169,0.004576,-0.014990,-0.723264,-0.690393,0.881,1.565,92.676,0.048031,0.019626,-0.005164,0.005338,0.044013,-0.028614
1790938262.493534,1790938262.497895,-0.024617,-0.054916,0.739163,0.004893,-0.015777,-0.722640,-0.691027,0.919,1.655,92.575,0.055799,0.014768,-0.011306,0.054098,0.057238,-0.081382
1790938262.528533,1790938262.530192,-0.025162,-0.052777,0.738081,0.004564,-0.017380,-0.721614,-0.692063,1.076,1.756,92.411,0.068012,0.013532,-0.011916,0.082200,0.040285,-0.083250
1790938262.551533,1790938262.563869,-0.025545,-0.051118,0.737427,0.004342,-0.018217,-0.720664,-0.693031,1.160,1.806,92.258,0.078131,0.015980,-0.010087,-0.017391,0.004820,-0.057139
1790938262.586534,1790938262.595891,-0.026272,-0.048100,0.736163,0.004935,-0.017379,-0.720181,-0.693551,1.043,1.789,92.175,0.096359,0.019631,-0.009513,-0.120342,-0.022614,-0.045696
1790938262.620532,1790938262.629697,-0.027083,-0.044552,0.734655,0.005959,-0.015442,-0.719242,-0.694562,0.799,1.720,92.012,0.109357,0.020529,-0.019145,-0.111951,-0.037429,-0.113063
1790938262.656532,1790938262.663856,-0.027936,-0.040555,0.732811,0.006820,-0.013759,-0.717870,-0.696008,0.588,1.659,91.780,0.124855,0.020995,-0.033358,-0.103505,-0.005122,-0.095877
1790938262.690532,1790938262.697897,-0.028784,-0.036004,0.730694,0.008592,-0.012683,-0.717247,-0.696650,0.357,1.719,91.675,0.149615,0.020703,-0.039289,-0.132838,0.060193,-0.006827
1790938262.725526,1790938262.728864,-0.029607,-0.030427,0.728575,0.010266,-0.011692,-0.717266,-0.696626,0.142,1.777,91.675,0.174070,0.016625,-0.035764,-0.116342,-0.016877,-0.004556
1790938262.760526,1790938262.762761,-0.030253,-0.024141,0.726629,0.009899,-0.009489,-0.716869,-0.697073,-0.011,1.571,91.604,0.190568,0.009636,-0.034141,-0.041928,-0.178054,-0.066961
1790938262.795520,1790938262.798546,-0.030648,-0.017342,0.724343,0.007644,-0.006844,-0.716040,-0.697984,-0.050,1.175,91.463,0.205316,0.003371,-0.039162,0.004714,-0.169331,-0.053610
1790938262.818520,1790938262.829778,-0.030777,-0.012584,0.722663,0.006398,-0.005899,-0.715836,-0.698214,-0.028,0.997,91.428,0.217405,-0.001450,-0.042651,0.019510,-0.028702,0.021942
1790938262.853520,1790938262.863858,-0.030786,-0.004972,0.720190,0.006935,-0.007075,-0.716977,-0.697026,0.027,1.135,91.617,0.239293,-0.009174,-0.043578,0.018129,0.128386,0.139395
1790938262.887513,1790938262.898593,-0.030561,0.003601,0.717756,0.008477,-0.008932,-0.718895,-0.695010,0.061,1.410,91.936,0.260953,-0.018308,-0.041132,0.024714,0.138717,0.158973
1790938262.922513,1790938262.930937,-0.030021,0.012656,0.715403,0.008954,-0.010937,-0.719972,-0.693859,0.190,1.609,92.119,0.282541,-0.032713,-0.043848,0.114543,0.104084,0.063243
1790938262.957513,1790938262.962902,-0.029012,0.022836,0.712937,0.008598,-0.013384,-0.720409,-0.693367,0.422,1.773,92.198,0.312624,-0.046632,-0.045479,0.112407,0.053204,0.040362
1790938262.992513,1790938262.995803,-0.027602,0.034091,0.710190,0.007606,-0.014607,-0.720993,-0.692746,0.603,1.788,92.299,0.342694,-0.061348,-0.050854,0.095610,-0.036769,0.075576
1790938263.027509,1790938263.030153,-0.025783,0.046006,0.706958,0.005739,-0.014787,-0.721720,-0.692003,0.768,1.647,92.419,0.370132,-0.077188,-0.057714,0.064934,-0.083335,0.036477
1790938263.061510,1790938263.064514,-0.023432,0.059494,0.703556,0.003987,-0.014517,-0.721753,-0.691987,0.885,1.481,92.424,0.386059,-0.088469,-0.058450,0.045523,-0.099038,-0.040959
1790938263.096502,1790938263.099341,-0.020824,0.072769,0.700519,0.002237,-0.013503,-0.720864,-0.692941,0.938,1.257,92.273,0.383706,-0.095939,-0.048471,0.021248,-0.116446,-0.095319
1790938263.119502,1790938263.128979,-0.019011,0.081382,0.698865,0.001327,-0.012668,-0.720105,-0.693748,0.940,1.117,92.145,0.382949,-0.096392,-0.036818,-0.019670,-0.031824,-0.028765
1790938263.154502,1790938263.162960,-0.016354,0.094323,0.697056,0.002273,-0.013048,-0.720753,-0.693066,0.897,1.224,92.253,0.394386,-0.096894,-0.015424,0.010857,0.135622,0.116312
1790938263.189496,1790938263.199196,-0.013532,0.108285,0.695999,0.003601,-0.015612,-0.722300,-0.691394,1.007,1.535,92.518,0.414020,-0.103663,0.007758,0.071072,0.130977,0.122871
1790938263.224496,1790938263.229993,-0.010688,0.122692,0.695019,0.003540,-0.016814,-0.723603,-0.690002,1.115,1.623,92.739,0.421917,-0.103993,0.021382,0.007744,-0.027023,0.095878
1790938263.258496,1790938263.264007,-0.008043,0.136774,0.694451,0.003204,-0.016223,-0.724461,-0.689117,1.094,1.547,92.879,0.423309,-0.102958,0.023263,-0.010059,-0.008098,0.050413
1790938263.293491,1790938263.298656,-0.005404,0.151421,0.693973,0.004110,-0.017005,-0.724941,-0.688588,1.089,1.683,92.962,0.430404,-0.102364,0.023490,0.008527,0.123671,0.024384
1790938263.328490,1790938263.331643,-0.002865,0.166047,0.693661,0.005191,-0.018568,-0.724803,-0.688687,1.133,1.897,92.946,0.443142,-0.102457,0.032075,0.022280,0.103876,-0.042970
1790938263.362491,1790938263.365992,-0.000202,0.182120,0.693795,0.005392,-0.018975,-0.724126,-0.689385,1.149,1.947,92.835,0.456266,-0.099690,0.041458,0.026456,-0.075282,-0.051559
1790938263.386491,1790938263.397034,0.001410,0.192562,0.693989,0.003584,-0.017988,-0.723890,-0.689672,1.210,1.719,92.792,0.460743,-0.093438,0.038854,0.030865,-0.183857,0.022052
1790938263.421491,1790938263.431041,0.003495,0.208579,0.693758,0.000936,-0.016006,-0.725120,-0.688436,1.257,1.341,92.988,0.466531,-0.081188,0.025880,0.030311,-0.111313,0.146104
1790938263.456491,1790938263.464883,0.005121,0.224765,0.693099,-0.000333,-0.015796,-0.726516,-0.686968,1.342,1.216,93.220,0.468580,-0.070957,0.015098,0.052138,-0.050011,0.115908
1790938263.491485,1790938263.498918,0.006333,0.240410,0.692339,-0.001163,-0.016046,-0.727328,-0.686101,1.429,1.165,93.356,0.467121,-0.061321,0.012654,0.020989,-0.003134,0.051731
1790938263.525485,1790938263.531244,0.007264,0.256715,0.691763,-0.001061,-0.016471,-0.727749,-0.685645,1.457,1.206,93.428,0.473096,-0.055016,0.019138,0.032063,0.040565,0.004844
1790938263.560485,1790938263.563912,0.008049,0.273244,0.691511,-0.001026,-0.017449,-0.727589,-0.685790,1.536,1.286,93.405,0.482490,-0.050642,0.025605,0.048131,0.047301,-0.020230
1790938263.595485,1790938263.598212,0.008567,0.289584,0.691437,-0.001068,-0.018073,-0.727723,-0.685633,1.592,1.331,93.430,0.491544,-0.041387,0.026749,-0.009268,-0.022953,0.050742
1790938263.618484,1790938263.628836,0.008765,0.301321,0.691179,-0.001383,-0.016805,-0.728489,-0.684850,1.512,1.204,93.553,0.498293,-0.037790,0.019344,-0.060198,-0.096797,0.068704
1790938263.653484,1790938263.662881,0.008954,0.318247,0.690174,-0.001944,-0.015133,-0.729026,-0.684316,1.417,1.024,93.636,0.510819,-0.036404,0.000983,-0.064030,-0.105874,0.028469
1790938263.688478,1790938263.699532,0.009086,0.336232,0.688610,-0.002436,-0.013036,-0.729131,-0.684246,1.280,0.819,93.647,0.527721,-0.034495,-0.022166,-0.055629,-0.058280,0.001969
1790938263.722478,1790938263.731199,0.009117,0.354892,0.686473,-0.002527,-0.012237,-0.729185,-0.684202,1.221,0.748,93.654,0.548925,-0.033395,-0.038741,0.007684,-0.036287,-0.003315
1790938263.757478,1790938263.764008,0.009147,0.373799,0.684118,-0.003865,-0.012267,-0.728949,-0.684447,1.328,0.639,93.614,0.571025,-0.034807,-0.042669,0.083641,-0.088344,-0.030095
1790938263.792471,1790938263.800424,0.009135,0.393923,0.681979,-0.006263,-0.011446,-0.728338,-0.685093,1.447,0.376,93.510,0.584695,-0.032142,-0.032514,0.038091,-0.176666,-0.081417
1790938263.827471,1790938263.830076,0.009113,0.414322,0.680302,-0.008829,-0.009756,-0.727033,-0.686476,1.507,0.032,93.287,0.587602,-0.029666,-0.014916,0.026076,-0.230792,-0.169431
1790938263.850471,1790938263.862735,0.009078,0.427652,0.679419,-0.011051,-0.007545,-0.725212,-0.688396,1.499,-0.323,92.979,0.586747,-0.022874,-0.003737,-0.063802,-0.188777,-0.169879
1790938263.885471,1790938263.897056,0.008840,0.447545,0.678764,-0.011245,-0.003625,-0.723308,-0.690424,1.190,-0.645,92.658,0.591907,-0.012268,0.008878,-0.195521,-0.078442,-0.091043
1790938263.919467,1790938263.929103,0.008362,0.468873,0.678715,-0.009617,-0.000996,-0.722422,-0.691385,0.844,-0.717,92.510,0.605093,-0.008217,0.018965,-0.204048,-0.031020,-0.108710
1790938263.954467,1790938263.962941,0.007987,0.489133,0.678966,-0.008397,0.001950,-0.720347,-0.693561,0.506,-0.848,92.167,0.600458,-0.011065,0.019671,-0.133809,-0.102097,-0.235483
1790938263.989461,1790938263.998544,0.007935,0.509542,0.679357,-0.008601,0.003589,-0.716954,-0.697058,0.392,-0.993,91.609,0.591502,-0.017998,0.019683,0.018281,-0.018655,-0.326395
1790938264.023461,1790938264.028825,0.008306,0.529987,0.679857,-0.009140,0.002028,-0.713468,-0.700626,0.568,-0.910,91.036,0.592427,-0.020042,0.019824,0.166294,0.105334,-0.349238
1790938264.059461,1790938264.063854,0.008618,0.549835,0.679714,-0.010534,-0.001849,-0.709140,-0.704987,1.001,-0.707,90.330,0.592306,-0.003481,0.018094,0.164890,0.007532,-0.240753
1790938264.093461,1790938264.095872,0.008477,0.570105,0.679533,-0.012494,-0.001985,-0.707347,-0.706753,1.173,-0.852,90.039,0.582343,0.016234,0.007654,0.012910,-0.207100,-0.082719
1790938264.128457,1790938264.130007,0.007832,0.589944,0.678969,-0.015375,0.001749,-0.707093,-0.706952,1.104,-1.388,89.998,0.560258,0.025196,-0.018453,-0.047210,-0.284872,0.033128
1790938264.151457,1790938264.162841,0.007346,0.602513,0.678180,-0.017082,0.004290,-0.707293,-0.706701,1.036,-1.732,90.032,0.546540,0.023162,-0.037732,-0.039036,-0.044820,0.002672
1790938264.186451,1790938264.198661,0.006701,0.621155,0.676513,-0.015571,0.003385,-0.707571,-0.706463,0.987,-1.537,90.077,0.527176,0.015511,-0.049131,0.002389,0.208269,0.054328
1790938264.221451,1790938264.229328,0.006339,0.638671,0.674830,-0.013407,0.000609,-0.708388,-0.705696,1.035,-1.138,90.208,0.509471,0.002464,-0.037315,0.063549,0.256562,0.086587
1790938264.255451,1790938264.261810,0.006408,0.656229,0.673391,-0.011419,-0.003457,-0.709322,-0.704784,1.203,-0.649,90.361,0.500061,-0.011750,-0.006770,0.082824,0.197403,0.033766
1790938264.291445,1790938264.298620,0.006935,0.673523,0.672689,-0.010866,-0.005508,-0.709149,-0.704953,1.325,-0.438,90.335,0.495001,-0.021822,0.010300,0.047093,-0.005164,-0.065509
1790938264.325444,1790938264.328833,0.007929,0.690866,0.672148,-0.011758,-0.005139,-0.708432,-0.705662,1.368,-0.539,90.218,0.492822,-0.032275,-0.001338,-0.010902,-0.098321,-0.056554
1790938264.360445,1790938264.364844,0.009373,0.708368,0.670973,-0.012652,-0.003611,-0.708086,-0.706003,1.317,-0.734,90.160,0.498573,-0.045441,-0.033738,-0.032314,-0.084678,0.000283
1790938264.395437,1790938264.398511,0.011162,0.725759,0.668729,-0.012709,-0.002853,-0.708541,-0.705550,1.259,-0.801,90.234,0.508302,-0.057828,-0.069433,-0.023980,0.027398,0.074786
1790938264.430438,1790938264.431572,0.013307,0.744197,0.665420,-0.011534,-0.003606,-0.709771,-0.704329,1.224,-0.647,90.434,0.522125,-0.069887,-0.092843,-0.010963,0.111377,0.113675
1790938264.453438,1790938264.463867,0.014848,0.756637,0.662762,-0.010567,-0.005159,-0.710977,-0.703117,1.272,-0.445,90.632,0.531606,-0.077594,-0.093973,0.057771,0.086672,0.070969
1790938264.488438,1790938264.496903,0.017266,0.775415,0.658717,-0.010679,-0.006424,-0.711265,-0.702814,1.384,-0.353,90.681,0.542685,-0.082951,-0.083006,0.084817,0.017711,-0.019350
1790938264.522436,1790938264.529073,0.019859,0.795519,0.655209,-0.012525,-0.007592,-0.710561,-0.703483,1.628,-0.408,90.568,0.544990,-0.081195,-0.062104,0.146685,-0.080382,-0.081522
1790938264.557436,1790938264.564289,0.022129,0.814346,0.652747,-0.015562,-0.007713,-0.709513,-0.704478,1.884,-0.643,90.398,0.532296,-0.073034,-0.039592,0.086568,-0.144534,-0.057256
1790938264.592429,1790938264.598621,0.024197,0.833036,0.651102,-0.017236,-0.006953,-0.709588,-0.704372,1.957,-0.840,90.408,0.515077,-0.067092,-0.024017,-0.005747,-0.057484,0.121066
1790938264.626429,1790938264.629826,0.026123,0.851321,0.650016,-0.016348,-0.006658,-0.712135,-0.701821,1.859,-0.799,90.823,0.511753,-0.068973,-0.013092,-0.068188,0.128547,0.292264
1790938264.661429,1790938264.664218,0.028004,0.868896,0.649085,-0.013426,-0.008265,-0.716183,-0.697734,1.752,-0.441,91.488,0.504982,-0.077819,-0.003445,-0.040172,0.218213,0.326908
1790938264.685429,1790938264.696827,0.029410,0.881082,0.648366,-0.010315,-0.010761,-0.719988,-0.693827,1.708,0.005,92.120,0.497731,-0.086165,0.006660,0.000931,0.261026,0.300697
1790938264.720424,1790938264.728868,0.031514,0.898001,0.647790,-0.007692,-0.013589,-0.722627,-0.691061,1.735,0.439,92.565,0.489393,-0.094038,0.027494,0.029655,0.259691,0.198064
1790938264.754424,1790938264.762718,0.033920,0.915196,0.648058,-0.005830,-0.016124,-0.723918,-0.689673,1.799,0.791,92.788,0.479090,-0.100265,0.053607,0.038398,0.054672,0.008282
1790938264.789418,1790938264.798742,0.036540,0.932215,0.649043,-0.007253,-0.015349,-0.723146,-0.690486,1.846,0.614,92.657,0.471765,-0.100585,0.059539,-0.036216,-0.219619,-0.105851
1790938264.824418,1790938264.830099,0.039222,0.949151,0.650022,-0.009576,-0.011274,-0.722039,-0.691694,1.692,0.101,92.461,0.473955,-0.099626,0.043800,-0.119098,-0.278358,-0.053222
1790938264.859418,1790938264.863946,0.041837,0.965758,0.650489,-0.010617,-0.006600,-0.722054,-0.691723,1.388,-0.355,92.454,0.479052,-0.100408,0.018833,-0.163469,-0.176148,0.059018
1790938264.893418,1790938264.897107,0.044481,0.982931,0.649599,-0.010739,-0.003818,-0.722930,-0.690827,1.167,-0.587,92.596,0.480203,-0.100441,-0.007871,-0.083783,-0.095438,0.100635
1790938264.928416,1790938264.931241,0.047027,1.000271,0.648099,-0.011358,-0.002947,-0.723969,-0.689733,1.142,-0.709,92.767,0.478079,-0.097776,-0.025871,0.060032,-0.022357,0.070001
1790938264.963416,1790938264.965941,0.049183,1.016930,0.646361,-0.012158,-0.004107,-0.724729,-0.688914,1.301,-0.685,92.895,0.471380,-0.086187,-0.032309,0.092330,0.054175,0.063705
1790938264.986416,1790938264.996831,0.050413,1.028523,0.645155,-0.012131,-0.005770,-0.725536,-0.688053,1.436,-0.554,93.031,0.465012,-0.076998,-0.030096,0.075255,0.104051,0.095486
1790938265.021414,1790938265.030883,0.051795,1.044727,0.643659,-0.011237,-0.007884,-0.726715,-0.686802,1.541,-0.315,93.231,0.459468,-0.067451,-0.019417,0.030788,0.136435,0.082310
1790938265.056414,1790938265.063791,0.052956,1.061229,0.642587,-0.009922,-0.009671,-0.727102,-0.686390,1.586,-0.066,93.299,0.456680,-0.061172,-0.007744,0.018479,0.098570,-0.029533
1790938265.090414,1790938265.096854,0.053941,1.077547,0.641349,-0.009578,-0.010439,-0.725834,-0.687724,1.623,0.026,93.089,0.454895,-0.054547,-0.007271,0.033365,-0.009471,-0.169003
1790938265.125410,1790938265.130808,0.054731,1.093371,0.639835,-0.010407,-0.010487,-0.723561,-0.690102,1.693,-0.034,92.711,0.460996,-0.044915,-0.018183,0.023439,-0.044482,-0.200108
1790938265.160410,1790938265.163899,0.055245,1.110082,0.637897,-0.010669,-0.010330,-0.721709,-0.692037,1.701,-0.063,92.404,0.473106,-0.031193,-0.038419,-0.016648,0.001319,-0.145651
1790938265.195404,1790938265.197772,0.055417,1.127230,0.635377,-0.010241,-0.009922,-0.720501,-0.693307,1.633,-0.057,92.203,0.487890,-0.019051,-0.058735,-0.039684,-0.015093,-0.060458
1790938265.230404,1790938265.231803,0.055346,1.144485,0.632406,-0.010476,-0.009189,-0.720067,-0.693765,1.591,-0.134,92.130,0.504501,-0.010301,-0.073178,-0.008269,-0.058608,-0.017434
1790938265.253404,1790938265.263981,0.055124,1.156447,0.630290,-0.011212,-0.007907,-0.719820,-0.694025,1.544,-0.296,92.086,0.513264,-0.001629,-0.077098,-0.052684,-0.116832,-0.027284
1790938265.287404,1790938265.295918,0.054421,1.175428,0.626904,-0.012184,-0.005672,-0.719417,-0.694449,1.437,-0.553,92.017,0.518927,0.008921,-0.072283,-0.063430,-0.189298,-0.046808
1790938265.322400,1790938265.333645,0.053623,1.193383,0.623739,-0.014284,-0.002638,-0.718775,-0.695091,1.355,-0.967,91.908,0.517276,0.011486,-0.061718,-0.034483,-0.205272,-0.051599
1790938265.357400,1790938265.363060,0.052779,1.211713,0.621150,-0.015764,-0.000712,-0.718332,-0.695522,1.315,-1.241,91.834,0.508895,0.014987,-0.049722,-0.022249,-0.026501,0.006404
1790938265.392401,1790938265.397094,0.051877,1.229622,0.619342,-0.013764,-0.001155,-0.719151,-0.694717,1.191,-1.042,91.969,0.509361,0.019336,-0.023670,-0.093459,0.205605,0.117016
1790938265.426397,1790938265.428800,0.050971,1.247624,0.618616,-0.010639,-0.002391,-0.720275,-0.693603,1.043,-0.688,92.155,0.513236,0.015630,0.007539,-0.055377,0.162096,0.064626
1790938265.462397,1790938265.464648,0.050320,1.264970,0.618643,-0.009828,-0.002815,-0.720190,-0.693701,1.014,-0.587,92.141,0.511992,0.010068,0.015959,0.013980,-0.063914,-0.080331
1790938265.496391,1790938265.498865,0.049790,1.282659,0.618358,-0.011069,-0.001876,-0.718658,-0.695273,1.037,-0.762,91.888,0.506877,0.012288,-0.001420,0.010993,-0.062204,-0.155055
1790938265.519391,1790938265.531016,0.049431,1.294108,0.617573,-0.011297,-0.002351,-0.716852,-0.697130,1.096,-0.740,91.591,0.503050,0.016052,-0.011735,0.028831,0.073565,-0.187690
1790938265.554391,1790938265.563143,-0.046162,1.378929,0.616354,-0.010166,-0.003434,-0.715013,-0.699029,1.096,-0.558,91.290,0.502008,0.023359,-0.010041,-0.018657,0.086657,-0.102959
1790938265.589385,1790938265.598652,-0.046973,1.396404,0.615332,-0.009696,-0.004254,-0.715652,-0.698377,1.125,-0.455,91.395,0.504054,0.018809,-0.006275,0.063740,0.004953,-0.015017
1790938265.624385,1790938265.629971,-0.047663,1.413668,0.614432,-0.010842,-0.005424,-0.715403,-0.698607,1.313,-0.455,91.356,0.504305,0.012617,-0.009101,0.127546,0.012007,-0.029398
1790938265.659385,1790938265.663925,-0.048265,1.431703,0.613443,-0.012335,-0.007694,-0.714436,-0.699550,1.619,-0.393,91.201,0.501406,0.007742,-0.014830,0.163854,0.028966,-0.118718
1790938265.693385,1790938265.697181,-0.048818,1.449295,0.612309,-0.013851,-0.009324,-0.712669,-0.701302,1.875,-0.382,90.915,0.489911,0.007748,-0.022660,0.131522,-0.036792,-0.198878
1790938265.717383,1790938265.728939,-0.049297,1.461022,0.610941,-0.015838,-0.009414,-0.709999,-0.703961,2.044,-0.529,90.480,0.478618,0.012632,-0.030877,0.030183,-0.107004,-0.204932
1790938265.751383,1790938265.763416,-0.050219,1.479030,0.608697,-0.016639,-0.008316,-0.707795,-0.706173,2.021,-0.677,90.120,0.462732,0.015893,-0.039526,-0.053794,-0.038412,-0.135849
1790938265.786383,1790938265.796088,-0.051274,1.495955,0.606508,-0.015422,-0.008084,-0.706717,-0.707282,1.905,-0.594,89.944,0.454072,0.014337,-0.039525,-0.059126,0.105741,-0.033146
1790938265.821378,1790938265.828876,-0.052430,1.513950,0.604465,-0.013362,-0.009304,-0.706726,-0.707300,1.837,-0.328,89.948,0.456069,0.007610,-0.028782,-0.011639,0.186008,0.017701
1790938265.856378,1790938265.862029,-0.053464,1.531982,0.602979,-0.011557,-0.011560,-0.706959,-0.707065,1.873,0.000,89.991,0.464832,0.001444,-0.011753,0.032397,0.117751,0.034272
1790938265.890378,1790938265.896749,-0.054566,1.551660,0.601958,-0.010814,-0.012140,-0.707576,-0.706450,1.860,0.106,90.093,0.472060,-0.001336,-0.003083,-0.045646,-0.025720,0.065079
1790938265.925374,1790938265.928808,-0.055678,1.570861,0.600549,-0.010838,-0.010796,-0.708129,-0.705917,1.753,-0.006,90.179,0.480805,-0.007394,-0.013592,-0.085407,-0.092548,0.049269
1790938265.960374,1790938265.962873,-0.056650,1.591001,0.598483,-0.010797,-0.009053,-0.708532,-0.705538,1.608,-0.145,90.241,0.495729,-0.016618,-0.035238,-0.051790,-0.041246,0.029134
1790938265.995368,1790938265.998875,-0.057475,1.611105,0.595881,-0.010418,-0.008752,-0.708663,-0.705416,1.553,-0.139,90.261,0.515221,-0.025217,-0.055609,-0.006211,0.038258,0.007234
1790938266.018368,1790938266.028749,-0.057921,1.625554,0.593807,-0.009372,-0.009419,-0.708836,-0.705249,1.523,-0.000,90.291,0.530565,-0.027292,-0.064325,-0.018231,0.089052,0.026857
1790938266.052368,1790938266.062686,-0.058634,1.647377,0.590558,-0.008221,-0.010405,-0.708936,-0.705148,1.510,0.173,90.309,0.553375,-0.030313,-0.066822,0.009823,0.072344,-0.006271
1790938266.087362,1790938266.098849,-0.059284,1.669376,0.587549,-0.007980,-0.011256,-0.708628,-0.705447,1.559,0.262,90.261,0.574066,-0.032752,-0.056677,0.034850,0.005160,-0.033425
1790938266.122361,1790938266.130714,-0.059864,1.692458,0.585044,-0.009098,-0.010863,-0.707856,-0.706215,1.618,0.141,90.135,0.589289,-0.031504,-0.026889,0.012927,-0.183484,-0.119281
1790938266.157362,1790938266.162345,-0.060439,1.715199,0.583494,-0.011590,-0.006982,-0.706116,-0.707967,1.505,-0.371,89.845,0.585318,-0.025816,0.006077,-0.114409,-0.342093,-0.122642
1790938266.192362,1790938266.195817,-0.061014,1.738638,0.583241,-0.013835,-0.002361,-0.705560,-0.708511,1.314,-0.927,89.750,0.579864,-0.022050,0.025555,-0.120932,-0.281567,0.053467
1790938266.227359,1790938266.232483,-0.061699,1.760710,0.583727,-0.013804,0.000853,-0.707906,-0.706171,1.048,-1.189,90.130,0.590591,-0.021188,0.036375,-0.084153,0.067179,0.271328
1790938266.261358,1790938266.263625,-0.062419,1.783534,0.584750,-0.011920,-0.000059,-0.711009,-0.703082,0.965,-0.967,90.634,0.600048,-0.025208,0.046728,-0.014474,0.170377,0.302434
1790938266.284359,1790938266.297291,-0.062859,1.798474,0.585609,-0.010233,-0.001538,-0.714373,-0.699689,0.947,-0.714,91.184,0.599596,-0.030348,0.052062,-0.016693,0.050892,0.238906
1790938266.319352,1790938266.330898,-0.063554,1.820162,0.586959,-0.010020,-0.000676,-0.716916,-0.697088,0.856,-0.769,91.601,0.592988,-0.031157,0.048187,-0.049036,-0.079385,0.175642
1790938266.354352,1790938266.363123,-0.064152,1.842466,0.587574,-0.010402,0.000630,-0.718057,-0.695907,0.778,-0.906,91.789,0.586400,-0.036348,0.037490,-0.030207,-0.067951,0.047555
1790938266.389352,1790938266.397942,-0.064464,1.863182,0.587967,-0.010634,0.000970,-0.717766,-0.696203,0.769,-0.952,91.741,0.588891,-0.044496,0.031636,0.014934,0.010419,-0.075305
1790938266.424346,1790938266.429032,-0.064396,1.884412,0.588465,-0.011081,0.000471,-0.716591,-0.697405,0.847,-0.948,91.548,0.596161,-0.050531,0.031997,0.047203,-0.025861,-0.095054
1790938266.458346,1790938266.463896,-0.064120,1.905713,0.589039,-0.011905,0.000693,-0.716115,-0.697880,0.895,-1.032,91.470,0.603937,-0.047265,0.023725,0.028499,-0.082683,0.025840
1790938266.493346,1790938266.496802,-0.064118,1.926442,0.589088,-0.014357,0.001168,-0.717616,-0.696290,1.050,-1.274,91.717,0.609055,-0.038158,-0.003098,0.122062,-0.146585,0.225719
1790938266.528344,1790938266.532033,-0.064509,1.947645,0.588431,-0.017345,0.001654,-0.721043,-0.692671,1.241,-1.565,92.282,0.610083,-0.030167,-0.028653,0.081723,-0.116793,0.329999
1790938266.563344,1790938266.565659,-0.065345,1.968556,0.586492,-0.019001,0.001930,-0.725005,-0.688479,1.339,-1.731,92.940,0.607167,-0.023642,-0.043928,0.017441,-0.015059,0.303699
1790938266.586338,1790938266.600360,-0.066106,1.982081,0.585118,-0.018776,0.001593,-0.727928,-0.685395,1.342,-1.692,93.428,0.602528,-0.022618,-0.045291,0.013690,0.056920,0.157975
1790938266.621338,1790938266.629582,-0.067342,2.001561,0.583307,-0.018483,0.000719,-0.728601,-0.684688,1.391,-1.600,93.540,0.592211,-0.019427,-0.037488,0.055021,0.055679,-0.025823
1790938266.655338,1790938266.664025,-0.068666,2.021614,0.581835,-0.018507,-0.000658,-0.727519,-0.685838,1.510,-1.491,93.359,0.582627,-0.013349,-0.028544,0.035939,0.052226,-0.123884
1790938266.690338,1790938266.696413,-0.070033,2.039958,0.580737,-0.018072,-0.001162,-0.726210,-0.687234,1.521,-1.413,93.140,0.577810,-0.006711,-0.023421,-0.025807,0.013973,-0.086257
1790938266.725329,1790938266.733024,-0.071512,2.058660,0.579755,-0.017871,-0.000619,-0.725587,-0.687898,1.461,-1.437,93.036,0.574691,-0.002103,-0.028429,-0.011680,-0.044357,-0.040954
1790938266.759329,1790938266.762342,-0.073055,2.077058,0.577919,-0.018654,-0.000143,-0.724937,-0.688563,1.485,-1.539,92.928,0.570268,0.001793,-0.047997,0.013457,-0.072693,-0.102017
1790938266.794321,1790938266.799764,-0.074799,2.094653,0.575246,-0.019284,0.000809,-0.723709,-0.689836,1.458,-1.663,92.724,0.572398,0.013988,-0.076258,-0.059034,-0.040240,-0.074056
1790938266.829321,1790938266.832667,-0.076946,2.112741,0.571689,-0.018315,0.002215,-0.723454,-0.690126,1.265,-1.694,92.683,0.579212,0.022962,-0.106510,-0.117045,0.000468,0.032612
1790938266.853321,1790938266.862065,-0.078497,2.124849,0.568880,-0.017111,0.003483,-0.724065,-0.689511,1.064,-1.695,92.785,0.586241,0.025877,-0.121375,-0.121287,-0.002626,0.093372
1790938266.887314,1790938266.898880,-0.080946,2.143276,0.564304,-0.016278,0.005613,-0.725334,-0.688182,0.818,-1.796,92.998,0.595453,0.026460,-0.130700,-0.079433,-0.084573,0.057493
1790938266.922314,1790938266.931184,-0.083359,2.161174,0.559845,-0.017008,0.006930,-0.725326,-0.688160,0.766,-1.960,92.999,0.599125,0.026578,-0.131687,0.014302,-0.088272,-0.056060
1790938266.957314,1790938266.963807,-0.085854,2.180173,0.555160,-0.018197,0.006516,-0.724358,-0.689153,0.897,-2.025,92.838,0.598162,0.030947,-0.124830,0.083260,0.041072,-0.067209
1790938266.992314,1790938266.995968,-0.088462,2.197767,0.550727,-0.017567,0.004548,-0.724284,-0.689263,1.011,-1.818,92.822,0.594345,0.042155,-0.104524,0.053206,0.202928,0.030515
1790938267.026310,1790938267.030478,-0.091354,2.215900,0.547214,-0.015056,0.000875,-0.724445,-0.689168,1.117,-1.319,92.846,0.596834,0.045781,-0.070615,0.047220,0.298179,-0.044161
1790938267.061310,1790938267.063880,-0.094215,2.233516,0.544997,-0.011379,-0.002452,-0.723404,-0.690327,1.104,-0.749,92.673,0.603049,0.050706,-0.029546,-0.076686,0.222202,-0.116901
1790938267.084310,1790938267.095719,-0.096250,2.246170,0.544198,-0.009006,-0.001225,-0.722049,-0.691783,0.815,-0.648,92.448,0.602320,0.053319,-0.011996,-0.172272,-0.111276,-0.101046
1790938267.119304,1790938267.131966,-0.099028,2.264323,0.543368,-0.010152,0.002940,-0.720728,-0.693138,0.564,-1.072,92.231,0.593049,0.046119,-0.018469,-0.064459,-0.222862,-0.141381
1790938267.154304,1790938267.162868,-0.101301,2.281605,0.542282,-0.011530,0.004488,-0.718604,-0.695310,0.549,-1.307,91.881,0.583198,0.037694,-0.034175,0.029473,-0.051600,-0.303730
1790938267.188304,1790938267.196704,-0.103226,2.299201,0.540218,-0.012045,0.003080,-0.713890,-0.700148,0.715,-1.233,91.106,0.577515,0.037647,-0.035131,0.102177,0.080302,-0.400906
1790938267.224302,1790938267.229349,-0.104972,2.316213,0.538586,-0.012720,0.000930,-0.710105,-0.703980,0.951,-1.110,90.487,0.581336,0.045832,-0.021503,0.135452,0.013618,-0.219369
1790938267.258302,1790938267.263640,-0.106949,2.334528,0.537468,-0.015229,0.000070,-0.708287,-0.705761,1.226,-1.242,90.191,0.581137,0.054638,-0.015696,0.112465,-0.136940,-0.104979
1790938267.293294,1790938267.299046,-0.108977,2.351659,0.536470,-0.017692,0.001006,-0.707134,-0.706858,1.352,-1.515,90.004,0.565440,0.060148,-0.027429,0.036210,-0.171349,-0.113967
1790938267.316294,1790938267.328763,-0.110426,2.363477,0.535603,-0.019353,0.002504,-0.705675,-0.708266,1.369,-1.768,89.769,0.552297,0.061730,-0.037966,-0.030700,-0.074100,-0.106133
1790938267.351294,1790938267.363097,-0.112315,2.379639,0.534243,-0.019496,0.003278,-0.704463,-0.709465,1.321,-1.841,89.573,0.534434,0.056439,-0.039927,0.000713,-0.016495,-0.087516
1790938267.386294,1790938267.396769,-0.113843,2.395843,0.532493,-0.019687,0.002888,-0.703565,-0.710352,1.370,-1.823,89.428,0.519902,0.045740,-0.035348,0.039614,0.045601,-0.045596
1790938267.420290,1790938267.428935,-0.114863,2.411730,0.530855,-0.019333,0.001378,-0.703263,-0.710666,1.464,-1.670,89.379,0.515056,0.032667,-0.025048,0.076808,0.136645,-0.027385
1790938267.455290,1790938267.462772,-0.115330,2.427019,0.529727,-0.018344,-0.001432,-0.702722,-0.711227,1.611,-1.361,89.292,0.514978,0.022324,-0.012024,0.053033,0.156306,-0.079610
1790938267.490290,1790938267.499113,-0.115427,2.442897,0.528902,-0.017522,-0.003001,-0.701721,-0.712230,1.672,-1.164,89.131,0.512587,0.016695,-0.011683,0.006188,0.005366,-0.050634
1790938267.525286,1790938267.532620,-0.115244,2.458253,0.527859,-0.018041,-0.002102,-0.701609,-0.712330,1.642,-1.279,89.113,0.511282,0.010117,-0.032017,-0.050591,-0.081863,0.054078
1790938267.560286,1790938267.564586,-0.114812,2.474788,0.525770,-0.017958,-0.001032,-0.702457,-0.711499,1.548,-1.362,89.249,0.516803,0.002449,-0.073890,-0.052346,0.016659,0.117679
1790938267.595277,1790938267.600016,-0.114159,2.490674,0.521963,-0.015963,-0.001840,-0.704057,-0.709962,1.448,-1.138,89.507,0.525861,-0.006280,-0.106539,-0.048568,0.198539,0.122934
1790938267.618277,1790938267.632217,-0.113544,2.502228,0.518713,-0.013298,-0.004003,-0.705195,-0.708877,1.404,-0.749,89.692,0.534442,-0.014838,-0.113027,0.026081,0.162430,0.043862
1790938267.653277,1790938267.663567,-0.112302,2.518863,0.514012,-0.012917,-0.005572,-0.705226,-0.708843,1.500,-0.591,89.699,0.547771,-0.024739,-0.109685,0.089253,0.024653,-0.034004
1790938267.687277,1790938267.697110,-0.110690,2.536630,0.509614,-0.015020,-0.006541,-0.704298,-0.709715,1.750,-0.680,89.551,0.562975,-0.031335,-0.098899,0.139638,-0.084434,-0.101462
1790938267.722275,1790938267.730623,-0.108811,2.554842,0.505850,-0.017426,-0.007186,-0.702822,-0.711116,1.999,-0.818,89.314,0.568843,-0.033082,-0.080874,0.105358,-0.037188,-0.107365
1790938267.757275,1790938267.763860,-0.106862,2.572497,0.503091,-0.018005,-0.008776,-0.702392,-0.711509,2.175,-0.734,89.247,0.564190,-0.031745,-0.052259,0.067063,0.135423,0.070093
1790938267.792275,1790938267.796907,-0.104898,2.590805,0.501243,-0.016873,-0.011095,-0.704035,-0.709878,2.268,-0.459,89.517,0.568607,-0.031051,-0.014280,0.056922,0.190940,0.266376
1790938267.827272,1790938267.829752,-0.102947,2.608836,0.500132,-0.015702,-0.013883,-0.708207,-0.705693,2.397,-0.152,90.201,0.575704,-0.039949,0.018561,0.055078,0.125647,0.370362
1790938267.861272,1790938267.863741,-0.100702,2.628424,0.500112,-0.014822,-0.014590,-0.712553,-0.701310,2.383,-0.038,90.910,0.582697,-0.053431,0.039233,-0.054509,0.020696,0.338974
1790938267.896266,1790938267.898642,-0.098341,2.646980,0.500404,-0.014771,-0.012987,-0.715766,-0.698063,2.247,-0.173,91.431,0.576561,-0.063834,0.032749,-0.061793,-0.115528,0.160854
1790938267.919266,1790938267.929785,-0.096598,2.660020,0.500493,-0.015417,-0.010806,-0.716742,-0.697084,2.120,-0.403,91.586,0.571273,-0.070339,0.020896,-0.080893,-0.087248,0.027547
1790938267.954266,1790938267.963809,-0.093914,2.678316,0.500285,-0.014991,-0.009163,-0.716926,-0.696928,1.950,-0.500,91.612,0.566865,-0.075719,0.005985,-0.090965,-0.043077,0.011983
1790938267.989259,1790938267.999442,-0.091021,2.696965,0.499639,-0.014766,-0.007819,-0.716670,-0.697212,1.822,-0.588,91.568,0.559357,-0.080131,-0.011940,-0.040100,-0.044132,-0.055938
1790938268.024259,1790938268.030763,-0.088128,2.714901,0.497722,-0.014943,-0.007312,-0.716006,-0.697896,1.795,-0.641,91.458,0.547545,-0.077093,-0.030444,0.000664,-0.009628,-0.040973
1790938268.058259,1790938268.063610,-0.085331,2.733438,0.495429,-0.015082,-0.007331,-0.715824,-0.698079,1.808,-0.651,91.428,0.528197,-0.069885,-0.040601,0.023119,-0.001707,0.015085
1790938268.093259,1790938268.096639,-0.082994,2.750318,0.493107,-0.015384,-0.007699,-0.716176,-0.697708,1.862,-0.647,91.486,0.512946,-0.057035,-0.043781,0.054037,0.017082,0.040741
1790938268.128257,1790938268.130983,-0.081213,2.767340,0.490932,-0.015657,-0.008925,-0.716514,-0.697340,1.984,-0.572,91.544,0.507184,-0.038699,-0.038535,0.054255,0.056327,0.017873
1790938268.162257,1790938268.164846,-0.080162,2.784334,0.489109,-0.015167,-0.009973,-0.717182,-0.696650,2.031,-0.450,91.656,0.504954,-0.019094,-0.028297,-0.010032,0.066520,0.100164
1790938268.186257,1790938268.196141,-0.079815,2.795453,0.488181,-0.014344,-0.010360,-0.718363,-0.695443,1.996,-0.355,91.851,0.504695,-0.011686,-0.021316,-0.030472,0.061438,0.110918
1790938268.220248,1790938268.229663,-0.079637,2.812361,0.486484,-0.013284,-0.010759,-0.719332,-0.694456,1.944,-0.239,92.012,0.506205,-0.003482,-0.018006,-0.024131,0.053533,0.036787
1790938268.256248,1790938268.263690,-0.079793,2.828896,0.484741,-0.012325,-0.010547,-0.719489,-0.694315,1.850,-0.177,92.037,0.511170,0.004779,-0.019570,-0.051375,0.004549,0.000530
1790938268.290248,1790938268.295723,-0.080271,2.846126,0.482876,-0.012508,-0.009735,-0.719409,-0.694406,1.798,-0.256,92.022,0.517579,0.011485,-0.032560,-0.008330,-0.067735,-0.014081
1790938268.325243,1790938268.330577,-0.081063,2.863696,0.480578,-0.013427,-0.009238,-0.719320,-0.694488,1.830,-0.372,92.007,0.525330,0.020196,-0.054043,0.031969,-0.035966,0.006219
1790938268.360243,1790938268.361873,-0.082352,2.881545,0.477703,-0.013761,-0.009259,-0.719478,-0.694317,1.859,-0.398,92.033,0.531517,0.034160,-0.073093,-0.006265,-0.000123,0.022155
1790938268.383243,1790938268.395766,-0.083499,2.893427,0.475593,-0.013325,-0.008712,-0.719890,-0.693906,1.779,-0.406,92.100,0.538001,0.042356,-0.078169,-0.056272,-0.029830,0.032370
1790938268.418237,1790938268.428687,-0.085569,2.911284,0.472287,-0.013855,-0.006682,-0.719902,-0.693905,1.653,-0.612,92.098,0.545150,0.051802,-0.075842,-0.065804,-0.188344,-0.037894
1790938268.452237,1790938268.463793,-0.087998,2.929734,0.468687,-0.016170,-0.003795,-0.718998,-0.694814,1.601,-1.030,91.946,0.538894,0.056049,-0.076842,-0.000878,-0.274609,-0.135659
1790938268.487237,1790938268.496851,-0.090475,2.947808,0.465190,-0.018864,-0.002323,-0.716701,-0.697121,1.698,-1.364,91.567,0.523603,0.058272,-0.086379,0.092356,-0.016338,-0.206615
1790938268.522235,1790938268.530601,-0.093074,2.965635,0.461758,-0.017674,-0.005549,-0.714871,-0.699011,1.871,-1.003,91.269,0.524422,0.065299,-0.074617,0.047428,0.325437,-0.091784
1790938268.556235,1790938268.564569,-0.095743,2.983009,0.459199,-0.014314,-0.009669,-0.714265,-0.699663,1.939,-0.396,91.177,0.522624,0.067681,-0.043487,0.016023,0.218031,-0.045476
1790938268.592235,1790938268.595595,-0.098528,3.000741,0.457557,-0.013305,-0.010554,-0.713456,-0.700495,1.931,-0.241,91.046,0.518235,0.066473,-0.020982,-0.015326,-0.006256,-0.133345
1790938268.627231,1790938268.629651,-0.101205,3.018583,0.456226,-0.013207,-0.009690,-0.710762,-0.703242,1.854,-0.295,90.605,0.518093,0.063495,-0.016551,-0.058887,-0.034701,-0.318556
1790938268.661231,1790938268.665046,-0.103495,3.036304,0.454424,-0.012948,-0.009033,-0.705793,-0.708242,1.782,-0.314,89.797,0.506019,0.053380,-0.021771,-0.018060,-0.015928,-0.478180
1790938268.684231,1790938268.695780,-0.104695,3.047792,0.453250,-0.013028,-0.008871,-0.700075,-0.713896,1.778,-0.319,88.875,0.500438,0.051990,-0.022105,0.006415,-0.022067,-0.390609
1790938268.719223,1790938268.728864,-0.106251,3.064725,0.451637,-0.013747,-0.008689,-0.697080,-0.716809,1.824,-0.384,88.395,0.497441,0.050803,-0.024062,0.036555,-0.086890,-0.204281
1790938268.754224,1790938268.763770,-0.107781,3.082047,0.449893,-0.015151,-0.007409,-0.695326,-0.718497,1.838,-0.597,88.113,0.489463,0.050639,-0.037566,-0.020287,-0.120923,-0.075673
1790938268.789214,1790938268.800632,-0.109229,3.098996,0.447675,-0.016216,-0.006011,-0.694653,-0.719137,1.815,-0.795,88.003,0.471584,0.045247,-0.060460,0.015876,-0.068907,-0.055371
1790938268.823214,1790938268.829737,-0.110424,3.115257,0.444871,-0.016309,-0.006153,-0.693378,-0.720363,1.836,-0.788,87.800,0.450482,0.036744,-0.074189,-0.004713,0.078226,-0.137336
1790938268.858214,1790938268.861599,-0.111301,3.130478,0.441254,-0.014950,-0.007449,-0.692045,-0.721661,1.827,-0.570,87.591,0.438852,0.029510,-0.071153,-0.005552,0.166539,-0.098365
1790938268.893214,1790938268.896645,-0.111866,3.145728,0.437963,-0.012820,-0.009626,-0.691322,-0.722369,1.824,-0.219,87.480,0.430317,0.020366,-0.055095,0.003858,0.186379,-0.025288
1790938268.928211,1790938268.929574,-0.111994,3.160691,0.435457,-0.010671,-0.012275,-0.690877,-0.722789,1.856,0.172,87.416,0.426865,0.007421,-0.031095,0.037761,0.188194,-0.068502
1790938268.963211,1790938268.964695,-0.111644,3.175513,0.433752,-0.009524,-0.015135,-0.689507,-0.724058,1.987,0.503,87.208,0.428572,-0.001131,-0.014084,0.090216,0.122275,-0.146392
1790938268.986211,1790938268.996549,-0.111267,3.185246,0.432835,-0.009705,-0.016808,-0.687807,-0.725634,2.132,0.633,86.946,0.431538,-0.000424,-0.012685,0.037431,0.006674,-0.095174
1790938269.021210,1790938269.028769,-0.110690,3.200095,0.431389,-0.009950,-0.016671,-0.687551,-0.725877,2.142,0.603,86.905,0.443979,0.001821,-0.023537,-0.015863,-0.026578,0.043857
1790938269.055210,1790938269.061777,-0.110184,3.215051,0.429035,-0.009535,-0.015892,-0.689065,-0.724463,2.047,0.566,87.141,0.459514,0.001820,-0.040390,-0.080814,-0.004014,0.167195
1790938269.090210,1790938269.097736,-0.109642,3.230888,0.425998,-0.007984,-0.014320,-0.691337,-0.722346,1.796,0.553,87.496,0.473320,-0.001516,-0.056543,-0.161665,0.000981,0.184962
1790938269.125208,1790938269.128805,-0.108935,3.247091,0.422509,-0.006514,-0.012920,-0.693127,-0.720670,1.564,0.550,87.775,0.487937,-0.010706,-0.071199,-0.110844,0.003049,0.139475
1790938269.160208,1790938269.162223,-0.107928,3.263381,0.418934,-0.005821,-0.012127,-0.694384,-0.719479,1.445,0.537,87.973,0.505662,-0.021427,-0.074209,0.003072,-0.014250,0.055872
1790938269.195208,1790938269.196614,-0.106510,3.280848,0.415470,-0.007383,-0.012471,-0.694096,-0.719736,1.601,0.441,87.928,0.524576,-0.030370,-0.066739,0.130117,-0.086208,-0.104388
1790938269.230206,1790938269.230991,-0.104845,3.298860,0.412559,-0.010438,-0.012709,-0.692202,-0.721517,1.871,0.223,87.628,0.535583,-0.028960,-0.051634,0.129313,-0.121799,-0.160397
1790938269.253206,1790938269.262746,-0.103746,3.310812,0.410782,-0.012611,-0.012732,-0.690798,-0.722826,2.053,0.056,87.405,0.536772,-0.025231,-0.039560,0.085187,-0.069239,-0.073950
1790938269.288206,1790938269.297666,-0.102173,3.328500,0.408494,-0.013583,-0.013537,-0.691149,-0.722458,2.197,0.045,87.463,0.538195,-0.021753,-0.018904,0.034106,0.071111,0.129055
1790938269.322204,1790938269.329289,-0.100671,3.347519,0.407000,-0.012836,-0.014760,-0.693405,-0.720283,2.233,0.198,87.825,0.544398,-0.018244,-0.000810,0.009378,0.106136,0.281297
1790938269.357203,1790938269.362729,-0.099443,3.365608,0.406076,-0.011935,-0.015616,-0.696669,-0.717123,2.228,0.330,88.349,0.539380,-0.017602,0.007598,-0.027143,0.078343,0.330522
1790938269.392204,1790938269.395881,-0.098317,3.384085,0.405454,-0.010199,-0.016501,-0.701454,-0.712451,2.160,0.527,89.119,0.528217,-0.022561,0.013759,-0.023895,0.131354,0.315195
1790938269.427200,1790938269.430858,-0.097235,3.401724,0.405188,-0.008431,-0.017911,-0.704531,-0.709397,2.132,0.775,89.620,0.518520,-0.027409,0.028794,-0.017836,0.174152,0.278672
1790938269.450200,1790938269.461609,-0.096453,3.414021,0.405409,-0.006503,-0.019418,-0.707707,-0.706209,2.102,1.044,90.141,0.515623,-0.032224,0.043928,-0.029160,0.100158,0.233888
1790938269.485200,1790938269.496644,-0.095304,3.432126,0.405562,-0.005534,-0.019375,-0.709736,-0.704180,2.023,1.113,90.470,0.515795,-0.034943,0.058547,-0.067620,-0.020459,0.147682
1790938269.519195,1790938269.530612,-0.094190,3.449835,0.405982,-0.006000,-0.017662,-0.711123,-0.702820,1.923,0.934,90.689,0.515158,-0.037094,0.048578,-0.026216,-0.177036,0.082137
1790938269.554195,1790938269.563565,-0.093179,3.468106,0.405788,-0.008221,-0.014496,-0.712410,-0.701565,1.845,0.494,90.887,0.513531,-0.031599,0.009431,-0.074270,-0.215787,0.168910
1790938269.589195,1790938269.596087,-0.092606,3.485860,0.404402,-0.009133,-0.011465,-0.715499,-0.698460,1.671,0.169,91.383,0.516414,-0.024895,-0.032542,-0.101061,-0.066578,0.347791
1790938269.624190,1790938269.630736,-0.092441,3.504778,0.401845,-0.006946,-0.010820,-0.720263,-0.693582,1.445,0.287,92.166,0.518809,-0.023124,-0.057073,-0.094704,0.195543,0.389686
1790938269.658190,1790938269.662473,-0.092471,3.522695,0.399162,-0.003918,-0.012707,-0.723872,-0.689806,1.364,0.679,92.769,0.517576,-0.027292,-0.049920,-0.003912,0.278741,0.332423
1790938269.693190,1790938269.698380,-0.092526,3.540350,0.396140,-0.001553,-0.016415,-0.727284,-0.686139,1.491,1.161,93.350,0.504028,-0.031013,-0.032066,0.105081,0.182416,0.217879
1790938269.728188,1790938269.730723,-0.092683,3.558504,0.393778,-0.001402,-0.018839,-0.729038,-0.684212,1.685,1.360,93.653,0.491269,-0.028328,-0.013530,0.055136,0.042430,0.096961
1790938269.751188,1790938269.763724,-0.092885,3.569943,0.392596,-0.000919,-0.018543,-0.729905,-0.683296,1.624,1.375,93.797,0.486796,-0.025591,-0.006377,-0.110001,-0.018517,0.050479
1790938269.786188,1790938269.795956,-0.093274,3.587270,0.391022,-0.000293,-0.016919,-0.730157,-0.683070,1.439,1.300,93.833,0.483520,-0.026598,-0.009811,-0.100916,-0.069139,-0.007952
1790938269.820179,1790938269.828651,-0.093552,3.604065,0.389350,-0.000338,-0.014942,-0.729742,-0.683559,1.276,1.142,93.756,0.484073,-0.030847,-0.022224,-0.038190,-0.080338,-0.062983
1790938269.855179,1790938269.862861,-0.093675,3.621129,0.387315,-0.001232,-0.014196,-0.728575,-0.684818,1.282,1.011,93.558,0.490298,-0.034276,-0.036583,0.022957,-0.059992,-0.121300
1790938269.890179,1790938269.895697,-0.093826,3.639477,0.384364,-0.001955,-0.013440,-0.727425,-0.686053,1.274,0.894,93.363,0.501145,-0.028879,-0.048065,-0.039273,-0.059707,-0.055957
1790938269.925173,1790938269.929814,-0.094174,3.657255,0.381159,-0.001879,-0.011786,-0.727166,-0.686358,1.130,0.770,93.315,0.512253,-0.024410,-0.053687,-0.105451,-0.072261,-0.007744
1790938269.960173,1790938269.962959,-0.094664,3.675841,0.377999,-0.001639,-0.009425,-0.726942,-0.686632,0.914,0.605,93.272,0.517332,-0.022699,-0.053041,-0.121807,-0.129403,-0.050981
1790938269.995173,1790938269.996684,-0.095172,3.694527,0.375118,-0.002565,-0.006395,-0.725890,-0.687776,0.734,0.291,93.091,0.514399,-0.020870,-0.051558,-0.065707,-0.167855,-0.110075
1790938270.018172,1790938270.028733,-0.095546,3.706731,0.373365,-0.003384,-0.004374,-0.724741,-0.688999,0.630,0.064,92.897,0.510455,-0.016506,-0.049164,-0.036288,-0.041153,-0.067749
1790938270.064172,1790938270.066481,-0.096597,3.730826,0.370507,-0.002552,-0.004899,-0.724243,-0.689523,0.608,0.175,92.815,0.503155,-0.004262,-0.029295,0.006000,0.136609,-0.038959
1790938270.087164,1790938270.098852,-0.097335,3.743261,0.369310,-0.000484,-0.006742,-0.723583,-0.690205,0.597,0.493,92.707,0.499789,0.002230,-0.009500,-0.019747,0.227828,-0.101981
1790938270.122164,1790938270.128572,-0.098611,3.760832,0.368031,0.002712,-0.008829,-0.721912,-0.691924,0.515,0.924,92.434,0.494508,0.012537,0.020813,-0.056996,0.175839,-0.181302
1790938270.157164,1790938270.163146,-0.100111,3.778707,0.367786,0.004364,-0.009112,-0.719325,-0.694600,0.404,1.085,92.008,0.488578,0.020187,0.041063,-0.028868,-0.027768,-0.231962
1790938270.191164,1790938270.195695,-0.101665,3.796396,0.367962,0.003293,-0.007931,-0.716581,-0.697451,0.388,0.904,91.553,0.485070,0.026356,0.036084,0.012481,-0.124598,-0.209512
1790938270.226159,1790938270.228807,-0.103316,3.813610,0.367836,0.001810,-0.006797,-0.714886,-0.699206,0.412,0.693,91.273,0.487643,0.033700,0.017436,0.027258,-0.120956,-0.123310
1790938270.261158,1790938270.262941,-0.105153,3.831409,0.367235,0.000593,-0.005964,-0.714010,-0.700110,0.440,0.527,91.128,0.492204,0.039698,-0.000558,-0.014205,-0.027895,-0.005720
1790938270.284158,1790938270.296549,-0.106412,3.843150,0.366606,0.000479,-0.005932,-0.714283,-0.699831,0.447,0.515,91.173,0.492448,0.038881,-0.009678,0.040556,-0.009331,0.023118
1790938270.319150,1790938270.330578,-0.108214,3.860795,0.364622,-0.000872,-0.006425,-0.713940,-0.700176,0.596,0.444,91.118,0.484922,0.035434,-0.021714,0.109841,-0.062510,-0.087116
1790938270.354150,1790938270.362576,-0.109856,3.878009,0.362393,-0.002806,-0.006894,-0.712594,-0.701537,0.789,0.325,90.898,0.473912,0.034650,-0.037756,0.113921,-0.081904,-0.168397
1790938270.389150,1790938270.397924,-0.111411,3.894560,0.359708,-0.004992,-0.006878,-0.710004,-0.704146,0.962,0.149,90.476,0.455560,0.038818,-0.056902,0.051717,-0.086078,-0.239128
1790938270.423149,1790938270.428756,-0.112942,3.909954,0.356642,-0.005607,-0.006559,-0.707093,-0.707068,0.986,0.077,90.003,0.438260,0.043874,-0.072353,-0.022140,0.016545,-0.227546
1790938270.458149,1790938270.463676,-0.114360,3.924838,0.353345,-0.004110,-0.007263,-0.704855,-0.709303,0.921,0.258,89.642,0.429546,0.041710,-0.075204,-0.027798,0.142547,-0.141599
1790938270.493149,1790938270.495826,-0.115573,3.940349,0.350129,-0.002148,-0.008858,-0.704011,-0.710130,0.889,0.548,89.508,0.428744,0.033653,-0.061007,-0.008265,0.208330,-0.005997
1790938270.528145,1790938270.531981,-0.116399,3.955218,0.346953,0.000245,-0.011744,-0.704544,-0.709563,0.928,0.975,89.601,0.434924,0.024405,-0.041089,0.055018,0.194600,0.076495
1790938270.562145,1790938270.564726,-0.117032,3.970642,0.344318,0.001155,-0.014294,-0.705706,-0.708360,1.063,1.254,89.797,0.442179,0.020412,-0.030502,0.059200,0.081603,0.122165
1790938270.585145,1790938270.597813,-0.117433,3.981016,0.342768,0.001052,-0.014789,-0.707753,-0.706305,1.115,1.282,90.130,0.447841,0.017977,-0.028372,-0.003425,-0.042415,0.212328
1790938270.620140,1790938270.629977,-0.117942,3.996541,0.340499,0.000396,-0.013935,-0.710135,-0.703927,1.102,1.156,90.514,0.457786,0.009840,-0.034987,-0.033564,-0.089904,0.251634
1790938270.655140,1790938270.662699,-0.118285,4.013359,0.337928,-0.000016,-0.012144,-0.713332,-0.700721,0.994,0.974,91.030,0.468918,-0.001409,-0.049088,-0.068963,-0.079134,0.251921
1790938270.690140,1790938270.695713,-0.118271,4.029600,0.335101,-0.000531,-0.010702,-0.715949,-0.698070,0.921,0.813,91.455,0.478563,-0.018778,-0.062242,0.001869,-0.083060,0.154536
1790938270.725135,1790938270.730787,-0.117668,4.046719,0.331530,-0.002394,-0.010227,-0.716750,-0.697251,1.031,0.620,91.586,0.491179,-0.038720,-0.065528,0.095569,-0.103459,-0.015720
1790938270.760135,1790938270.761958,-0.116553,4.063776,0.328080,-0.004857,-0.010143,-0.716042,-0.697967,1.221,0.413,91.469,0.499490,-0.049847,-0.058460,0.137612,-0.153345,-0.114731
1790938270.794127,1790938270.799722,-0.115135,4.081846,0.325117,-0.008627,-0.009667,-0.714365,-0.699653,1.483,0.069,91.193,0.489489,-0.048487,-0.042981,0.104615,-0.179608,-0.130140
1790938270.817127,1790938270.830439,-0.114256,4.093088,0.323599,-0.010493,-0.009055,-0.713865,-0.700146,1.583,-0.132,91.110,0.477713,-0.045035,-0.035159,0.010018,0.012818,0.088300
1790938270.852127,1790938270.863230,-0.113050,4.109406,0.321922,-0.008970,-0.010805,-0.716395,-0.697553,1.604,0.127,91.529,0.473729,-0.045961,-0.013061,0.024175,0.217420,0.278095
1790938270.887126,1790938270.895971,-0.111775,4.126191,0.321204,-0.007481,-0.013203,-0.719479,-0.694349,1.684,0.434,92.043,0.471764,-0.051792,0.019293,0.053092,0.130580,0.310584
1790938270.922123,1790938270.930957,-0.110483,4.142261,0.321205,-0.007773,-0.013891,-0.722980,-0.690685,1.766,0.455,92.624,0.459481,-0.056054,0.036639,0.010419,-0.056453,0.284206
1790938270.957123,1790938270.965796,-0.109154,4.158368,0.321186,-0.008433,-0.012865,-0.725975,-0.687549,1.735,0.312,93.119,0.447213,-0.060405,0.037915,-0.031294,-0.057991,0.189407
1790938270.991123,1790938270.997872,-0.107679,4.174037,0.321194,-0.008862,-0.011686,-0.726988,-0.686494,1.671,0.181,93.285,0.433094,-0.068458,0.026375,-0.037917,-0.081841,-0.031417
1790938271.026120,1790938271.030945,-0.105828,4.189231,0.320804,-0.009691,-0.010218,-0.725821,-0.687740,1.614,-0.001,93.086,0.420452,-0.081575,0.007958,-0.015540,-0.140243,-0.191562
1790938271.061120,1790938271.064210,-0.103452,4.204115,0.319910,-0.011845,-0.008709,-0.722771,-0.690931,1.659,-0.291,92.576,0.414597,-0.090862,-0.011545,0.049625,-0.152949,-0.292017
1790938271.084120,1790938271.095756,-0.101804,4.213409,0.319090,-0.013686,-0.008223,-0.719636,-0.694168,1.767,-0.475,92.057,0.414637,-0.090025,-0.022112,0.055721,-0.036832,-0.185156
1790938271.119114,1790938271.130742,-0.099097,4.228641,0.317515,-0.014420,-0.008765,-0.718613,-0.695206,1.871,-0.489,91.889,0.416001,-0.085542,-0.031407,0.043272,-0.012629,0.005617
1790938271.153114,1790938271.164783,-0.096835,4.242898,0.315205,-0.015543,-0.008620,-0.719400,-0.694369,1.948,-0.595,92.019,0.410240,-0.075110,-0.035940,0.025674,-0.074627,0.108435
1790938271.189114,1790938271.197681,-0.094960,4.257453,0.312982,-0.016052,-0.007975,-0.720846,-0.692863,1.934,-0.693,92.256,0.405248,-0.061467,-0.034936,-0.034700,-0.021464,0.191525
1790938271.223112,1790938271.228810,-0.093588,4.271842,0.311057,-0.015343,-0.007601,-0.723668,-0.689936,1.844,-0.671,92.723,0.402083,-0.052399,-0.026442,-0.047177,0.040531,0.250807
1790938271.258112,1790938271.262591,-0.092557,4.285653,0.309692,-0.014640,-0.007578,-0.726054,-0.687440,1.784,-0.621,93.120,0.396021,-0.048655,-0.012801,-0.009294,0.033640,0.202760
1790938271.293113,1790938271.298726,-0.091656,4.299676,0.308875,-0.014320,-0.008227,-0.728125,-0.685245,1.811,-0.549,93.467,0.391901,-0.046385,0.000132,0.030266,0.039097,0.084456
1790938271.328110,1790938271.330716,-0.090945,4.313181,0.308507,-0.014498,-0.008829,-0.728582,-0.684748,1.875,-0.518,93.544,0.388588,-0.040946,0.006660,0.039136,-0.012926,0.019333
1790938271.351110,1790938271.362767,-0.090560,4.322639,0.307855,-0.015540,-0.008667,-0.728698,-0.684604,1.943,-0.618,93.564,0.387259,-0.037278,0.002000,0.033699,-0.075175,0.010152
1790938271.385110,1790938271.396732,-0.090150,4.336455,0.306672,-0.016757,-0.008467,-0.728820,-0.684448,2.022,-0.735,93.584,0.390163,-0.033488,-0.015175,0.045543,-0.025174,0.003238
1790938271.420102,1790938271.428757,-0.089889,4.350027,0.305018,-0.016945,-0.008994,-0.728668,-0.684598,2.081,-0.709,93.559,0.395229,-0.029703,-0.033291,0.019070,0.046521,-0.028864
1790938271.455102,1790938271.463743,-0.089820,4.364179,0.302888,-0.016319,-0.009446,-0.728138,-0.685172,2.070,-0.620,93.471,0.400600,-0.024090,-0.047657,-0.027345,0.017262,-0.055845
1790938271.490103,1790938271.495737,-0.089942,4.378495,0.300434,-0.016111,-0.008753,-0.727425,-0.685942,1.996,-0.655,93.351,0.405384,-0.018535,-0.059398,-0.052320,-0.059069,-0.067004
1790938271.524097,1790938271.529768,-0.090285,4.393000,0.297661,-0.016332,-0.006781,-0.726457,-0.686985,1.851,-0.826,93.186,0.411886,-0.010763,-0.072238,-0.090848,-0.103959,-0.089699
1790938271.559097,1790938271.562831,-0.090828,4.407388,0.294274,-0.016519,-0.004726,-0.725516,-0.687991,1.696,-1.001,93.027,0.421878,-0.005083,-0.081441,-0.086150,-0.124519,-0.102727
1790938271.594097,1790938271.598096,-0.091534,4.422049,0.290577,-0.017785,-0.002237,-0.724193,-0.689365,1.591,-1.299,92.805,0.425909,0.001092,-0.087144,-0.018773,-0.176191,-0.099720
1790938271.629095,1790938271.634125,-0.092521,4.437558,0.286883,-0.020130,-0.000120,-0.723402,-0.690133,1.603,-1.659,92.673,0.419809,0.011578,-0.087771,0.017086,-0.187550,-0.014704
1790938271.652095,1790938271.663769,-0.093367,4.447218,0.284619,-0.021830,0.002215,-0.723802,-0.689659,1.543,-1.986,92.741,0.406910,0.020296,-0.087323,-0.091407,-0.106161,0.100575
1790938271.687094,1790938271.697894,-0.094971,4.461409,0.281445,-0.020481,0.004163,-0.725320,-0.688094,1.270,-2.031,92.995,0.393871,0.027273,-0.078776,-0.154472,0.060927,0.110609
1790938271.722091,1790938271.731092,-0.096558,4.474854,0.278809,-0.017933,0.004486,-0.725566,-0.687904,1.041,-1.845,93.036,0.386283,0.023502,-0.066838,-0.106863,0.152216,-0.076314
1790938271.756091,1790938271.762817,-0.098005,4.488381,0.276266,-0.015160,0.003457,-0.723757,-0.689880,0.912,-1.531,92.733,0.377766,0.021336,-0.054774,-0.023106,0.136047,-0.194512
1790938271.791091,1790938271.796833,-0.099329,4.501698,0.273896,-0.013655,0.001921,-0.721583,-0.692191,0.925,-1.282,92.372,0.375421,0.021707,-0.032659,0.019741,0.112977,-0.178490
1790938271.826087,1790938271.830775,-0.100536,4.514971,0.272524,-0.013306,0.000422,-0.719301,-0.694571,1.025,-1.130,91.994,0.374777,0.021407,-0.008422,0.057417,0.018358,-0.205286
1790938271.861087,1790938271.862982,-0.101648,4.527853,0.271894,-0.014222,0.000283,-0.716945,-0.696985,1.113,-1.191,91.606,0.375819,0.023798,0.004311,0.034913,-0.088633,-0.250683
1790938271.884087,1790938271.895755,-0.102425,4.536572,0.271709,-0.015808,0.001708,-0.714047,-0.699917,1.129,-1.431,91.131,0.378089,0.029492,0.003812,-0.017948,-0.135539,-0.206273
1790938271.919080,1790938271.930768,-0.103724,4.550011,0.271440,-0.016908,0.003191,-0.711962,-0.702007,1.100,-1.636,90.791,0.381040,0.034513,-0.003965,-0.032769,-0.058782,-0.140317
1790938271.954080,1790938271.966171,-0.105077,4.563218,0.270884,-0.016612,0.003348,-0.710570,-0.703422,1.067,-1.623,90.564,0.382598,0.038094,-0.019253,0.012785,0.060580,-0.086476
1790938271.988080,1790938271.995801,-0.106586,4.577156,0.269207,-0.016159,0.002343,-0.709792,-0.704222,1.114,-1.504,90.437,0.379755,0.040315,-0.030332,0.027492,0.060974,-0.075759
1790938272.023075,1790938272.028891,-0.108040,4.590126,0.267454,-0.016168,0.001658,-0.708687,-0.705336,1.173,-1.447,90.257,0.370700,0.041765,-0.035880,0.014923,-0.017667,-0.114912
1790938272.058074,1790938272.062870,-0.109560,4.603092,0.265569,-0.016500,0.002828,-0.707298,-0.706718,1.108,-1.567,90.032,0.358211,0.044264,-0.043225,-0.082336,-0.093481,-0.088783
1790938272.093075,1790938272.095127,-0.111064,4.615614,0.263497,-0.016319,0.004944,-0.706601,-0.707407,0.923,-1.722,89.921,0.344611,0.041290,-0.055069,-0.128295,-0.083553,-0.050800
1790938272.127071,1790938272.130966,-0.112264,4.627673,0.261140,-0.015391,0.006683,-0.705909,-0.708104,0.709,-1.788,89.811,0.331696,0.028874,-0.063295,-0.085322,0.012621,-0.058318
1790938272.162071,1790938272.164892,-0.112923,4.638949,0.258693,-0.014059,0.005990,-0.705249,-0.708795,0.658,-1.623,89.703,0.318858,0.014167,-0.067165,0.019007,0.150104,-0.045815
1790938272.185071,1790938272.197430,-0.113105,4.646365,0.256603,-0.012618,0.003412,-0.705151,-0.708937,0.750,-1.297,89.685,0.314469,0.006689,-0.064676,0.084561,0.240257,0.040986
1790938272.220065,1790938272.231157,-0.113157,4.657557,0.253699,-0.010497,-0.001105,-0.706443,-0.707692,0.941,-0.760,89.893,0.315191,0.000620,-0.052508,0.091762,0.275690,0.160512
1790938272.255065,1790938272.262016,-0.113128,4.668468,0.251402,-0.008382,-0.004322,-0.708793,-0.705354,1.029,-0.331,90.276,0.316002,-0.001973,-0.037381,-0.009004,0.141276,0.206572
1790938272.290065,1790938272.295838,-0.113042,4.679974,0.249420,-0.007349,-0.004563,-0.711165,-0.702972,0.964,-0.231,90.662,0.314397,-0.008068,-0.034705,-0.035578,-0.013962,0.167038
1790938272.324058,1790938272.329870,-0.094496,4.796240,0.247497,-0.007172,-0.003804,-0.713082,-0.701034,0.887,-0.280,90.974,0.319301,-0.017682,-0.043744,-0.026787,-0.009660,0.155115
1790938272.359058,1790938272.364718,-0.093824,4.806917,0.245136,-0.007040,-0.004123,-0.715370,-0.698699,0.902,-0.247,91.349,0.327492,-0.031342,-0.063827,0.043102,0.055256,0.128793
1790938272.394050,1790938272.398672,-0.092697,4.818749,0.241686,-0.006710,-0.005760,-0.716438,-0.697595,1.009,-0.090,91.526,0.343872,-0.045426,-0.075082,0.084525,0.133539,0.072106
1790938272.417050,1790938272.428795,-0.091757,4.826694,0.239263,-0.006104,-0.008647,-0.716655,-0.697348,1.198,0.190,91.567,0.357297,-0.053146,-0.074425,0.112882,0.110317,-0.029133
1790938272.452050,1790938272.462178,-0.090042,4.839314,0.235760,-0.007486,-0.010669,-0.715687,-0.698300,1.474,0.240,91.412,0.369636,-0.062416,-0.065644,0.135905,-0.069013,-0.111686
1790938272.487050,1790938272.496791,-0.088105,4.852143,0.232872,-0.009602,-0.010408,-0.714766,-0.699220,1.622,0.047,91.260,0.367345,-0.063116,-0.049694,0.040062,-0.115730,-0.042426
1790938272.521047,1790938272.528707,-0.086204,4.864492,0.230678,-0.009866,-0.010336,-0.715173,-0.698801,1.637,0.019,91.327,0.365036,-0.064070,-0.034828,-0.016227,0.119956,0.118284
1790938272.556047,1790938272.563123,-0.084246,4.877012,0.229148,-0.006370,-0.013698,-0.717834,-0.696051,1.635,0.569,91.773,0.374021,-0.070131,-0.011703,0.050742,0.388981,0.301448
1790938272.591048,1790938272.596997,-0.081959,4.890578,0.228326,-0.003595,-0.018837,-0.721772,-0.691866,1.844,1.196,92.443,0.375236,-0.080596,0.023007,0.110766,0.159310,0.305739
1790938272.626043,1790938272.629289,-0.079644,4.903299,0.228165,-0.004815,-0.019479,-0.724346,-0.689144,1.998,1.139,92.873,0.366230,-0.083392,0.043608,0.045479,-0.211357,0.208386
1790938272.661043,1790938272.663311,-0.077318,4.916102,0.228430,-0.008910,-0.015551,-0.725913,-0.687553,1.996,0.484,93.118,0.358677,-0.083178,0.032497,-0.039227,-0.394899,0.059188
1790938272.696036,1790938272.698133,-0.075001,4.928337,0.228116,-0.013165,-0.010503,-0.725777,-0.687724,1.911,-0.267,93.080,0.352870,-0.088759,-0.000801,-0.045269,-0.309275,-0.037471
1790938272.719036,1790938272.729915,-0.073257,4.936851,0.227390,-0.015194,-0.007540,-0.725350,-0.688171,1.825,-0.668,93.003,0.347687,-0.092740,-0.020220,-0.064377,-0.166752,-0.046161
1790938272.753036,1790938272.763901,-0.070523,4.949061,0.225899,-0.015322,-0.005876,-0.724379,-0.689207,1.698,-0.808,92.839,0.340628,-0.099151,-0.030506,-0.048570,0.059142,-0.089918
1790938272.788036,1790938272.797753,-0.067612,4.960739,0.224554,-0.013729,-0.006861,-0.723505,-0.690148,1.655,-0.596,92.695,0.335454,-0.104191,-0.018563,0.003632,0.162366,-0.083873
1790938272.823030,1790938272.831939,-0.064489,4.972548,0.223246,-0.012387,-0.008907,-0.722913,-0.690771,1.719,-0.321,92.600,0.328415,-0.102430,0.001808,0.054167,0.073888,-0.007311
1790938272.858030,1790938272.863129,-0.061681,4.983706,0.222569,-0.013275,-0.008958,-0.723527,-0.690110,1.793,-0.392,92.702,0.317096,-0.089326,0.007406,0.020983,-0.143496,0.115810
1790938272.892030,1790938272.896863,-0.059306,4.995073,0.221968,-0.015813,-0.006281,-0.725482,-0.688031,1.769,-0.819,93.023,0.305478,-0.073227,-0.001046,-0.037598,-0.214978,0.194439
1790938272.927024,1790938272.929179,-0.057581,5.005465,0.221165,-0.016985,-0.004098,-0.727399,-0.685992,1.677,-1.094,93.340,0.299257,-0.062367,-0.014540,-0.070985,-0.092509,0.206526
1790938272.962024,1790938272.964977,-0.130616,5.075281,0.220060,-0.016332,-0.002888,-0.729798,-0.683462,1.521,-1.140,93.741,0.294912,-0.055539,-0.021776,-0.075875,0.058144,0.181338
1790938272.985024,1790938272.996452,-0.129911,5.081873,0.219357,-0.014533,-0.003290,-0.731473,-0.681708,1.411,-0.961,94.022,0.291924,-0.053711,-0.018210,-0.020886,0.109762,0.087129
1790938273.020018,1790938273.029955,-0.128970,5.092997,0.218180,-0.013358,-0.004297,-0.732038,-0.681120,1.403,-0.785,94.118,0.288798,-0.049054,-0.006628,0.006390,0.095224,0.033529
1790938273.055018,1790938273.061999,-0.128186,5.104574,0.217422,-0.012683,-0.004919,-0.732198,-0.680956,1.403,-0.680,94.145,0.286205,-0.042322,0.006942,0.000504,-0.003725,-0.024914
1790938273.090018,1790938273.095682,-0.127622,5.115881,0.216903,-0.012820,-0.004612,-0.731573,-0.681627,1.388,-0.715,94.040,0.282409,-0.031647,-0.000341,-0.022625,-0.010398,-0.086625
1790938273.124012,1790938273.130079,-0.127287,5.127884,0.216059,-0.012702,-0.004720,-0.730249,-0.683047,1.389,-0.694,93.817,0.287495,-0.023017,-0.014439,0.010658,0.005290,-0.144267
1790938273.159012,1790938273.161895,-0.127211,5.139938,0.214856,-0.012890,-0.004752,-0.728890,-0.684493,1.408,-0.704,93.590,0.295228,-0.012835,-0.029281,0.009831,-0.025622,-0.131783
1790938273.194012,1790938273.197007,-0.127509,5.153080,0.213120,-0.013311,-0.004419,-0.727843,-0.685601,1.415,-0.763,93.414,0.309139,-0.000663,-0.047576,-0.009123,-0.033285,-0.063869
1790938273.217011,1790938273.227942,-0.127945,5.161849,0.211548,-0.013272,-0.003878,-0.727632,-0.685828,1.367,-0.802,93.379,0.321895,0.006876,-0.054331,-0.040579,-0.023518,-0.009530
1790938273.252011,1790938273.262135,-0.128942,5.175497,0.209000,-0.013414,-0.002933,-0.727732,-0.685724,1.299,-0.888,93.395,0.337953,0.018723,-0.052163,-0.046129,-0.098209,-0.002252
1790938273.286011,1790938273.297878,-0.130414,5.190257,0.206714,-0.014413,-0.000554,-0.728039,-0.685385,1.178,-1.159,93.445,0.346626,0.028855,-0.044659,-0.062075,-0.110464,0.009359
1790938273.321007,1790938273.328943,-0.132139,5.205458,0.205026,-0.014578,0.000939,-0.728519,-0.684870,1.066,-1.291,93.526,0.349864,0.033147,-0.028577,-0.072441,-0.034512,0.039319
1790938273.356007,1790938273.364407,-0.065437,5.219802,0.204103,-0.013317,0.001621,-0.722472,-0.691270,0.921,-1.231,92.519,0.351978,0.039645,-0.006346,-0.060676,0.103235,0.010800
1790938273.391000,1790938273.400182,-0.067146,5.234133,0.204087,-0.010591,0.000669,-0.722080,-0.691728,0.784,-0.929,92.453,0.356998,0.037614,0.020714,-0.079366,0.127924,-0.148353
1790938273.426000,1790938273.430855,-0.068827,5.249040,0.204770,-0.009333,0.000888,-0.720128,-0.693778,0.669,-0.841,92.130,0.357647,0.038304,0.038771,-0.030358,-0.069390,-0.220118
1790938273.460000,1790938273.463300,-0.070515,5.264117,0.205397,-0.010617,0.002263,-0.718297,-0.695652,0.660,-1.054,91.829,0.364251,0.041819,0.030701,0.000934,-0.163274,-0.193037
1790938273.484000,1790938273.495014,-0.071668,5.273864,0.205555,-0.012131,0.003669,-0.717003,-0.696955,0.668,-1.290,91.617,0.370414,0.048940,0.014903,-0.000559,-0.071240,-0.068380
1790938273.517995,1790938273.530011,-0.073964,5.289868,0.205262,-0.012650,0.004192,-0.716645,-0.697311,0.667,-1.374,91.559,0.375303,0.063145,-0.009655,-0.005955,-0.035692,-0.076617
1790938273.552995,1790938273.561996,-0.076592,5.305097,0.204336,-0.012842,0.004575,-0.715890,-0.698080,0.652,-1.420,91.435,0.376580,0.075548,-0.028323,-0.017672,-0.020401,-0.116809
1790938273.587995,1790938273.598489,-0.079647,5.320786,0.202941,-0.012439,0.004523,-0.715006,-0.698994,0.626,-1.382,91.290,0.381223,0.083898,-0.040440,-0.006792,0.053575,-0.059508
1790938273.621989,1790938273.628647,-0.082819,5.336475,0.201301,-0.011704,0.003436,-0.714698,-0.699327,0.657,-1.234,91.238,0.379195,0.082630,-0.045201,0.038783,0.086353,-0.076286
1790938273.656989,1790938273.664313,-0.085786,5.351858,0.199087,-0.010880,0.001163,-0.713316,-0.700757,0.779,-0.983,91.011,0.371497,0.078343,-0.045606,0.090884,0.162033,-0.181881
1790938273.691989,1790938273.697887,-0.088585,5.366666,0.196982,-0.010326,-0.001650,-0.711748,-0.702357,0.966,-0.709,90.755,0.365471,0.080042,-0.042342,0.134261,0.121393,-0.137319
1790938273.726984,1790938273.730016,-0.091441,5.381601,0.195066,-0.011848,-0.003541,-0.710914,-0.703170,1.243,-0.680,90.620,0.358515,0.080757,-0.040887,0.095979,-0.144853,-0.018246
1790938273.761984,1790938273.764812,-0.094180,5.395926,0.193108,-0.014918,-0.001701,-0.710871,-0.703163,1.341,-1.078,90.612,0.349803,0.078115,-0.055776,-0.005300,-0.229965,-0.010743
1790938273.796977,1790938273.799031,-0.096892,5.410593,0.190488,-0.016524,0.001206,-0.710477,-0.703525,1.234,-1.443,90.548,0.339998,0.068637,-0.079842,-0.088481,-0.124009,-0.072657
1790938273.819977,1790938273.830098,-0.098350,5.419867,0.188432,-0.016015,0.002788,-0.709490,-0.704528,1.067,-1.527,90.388,0.334406,0.056898,-0.090776,-0.100988,0.036912,-0.080403
1790938273.854977,1790938273.862894,-0.099956,5.433349,0.184817,-0.014438,0.002410,-0.708694,-0.705364,0.972,-1.367,90.258,0.329995,0.039561,-0.094714,-0.034714,0.165870,-0.062678
1790938273.888977,1790938273.898032,-0.100931,5.447189,0.181060,-0.011620,-0.001064,-0.708444,-0.705671,1.026,-0.857,90.217,0.336041,0.020905,-0.082406,0.078932,0.316719,-0.006277
1790938273.923973,1790938273.930840,-0.101335,5.461165,0.178035,-0.009215,-0.005916,-0.708454,-0.705672,1.226,-0.270,90.223,0.344639,0.010410,-0.054967,0.109494,0.224658,0.008646
1790938273.958973,1790938273.962043,-0.101510,5.475286,0.175966,-0.008960,-0.008146,-0.708698,-0.705408,1.386,-0.069,90.266,0.349591,0.007432,-0.032938,0.092239,-0.003196,0.036574
1790938273.993973,1790938273.996303,-0.101544,5.489110,0.174352,-0.011213,-0.008196,-0.709198,-0.704872,1.572,-0.249,90.347,0.357223,0.003896,-0.036317,0.084437,-0.131803,0.061229
1790938274.028971,1790938274.030137,-0.101533,5.503641,0.172377,-0.013048,-0.007407,-0.710507,-0.703530,1.655,-0.465,90.559,0.371283,0.001587,-0.055868,0.004368,-0.067735,0.156714
1790938274.050971,1790938274.062951,-0.101497,5.513417,0.170569,-0.013237,-0.006673,-0.712630,-0.701383,1.609,-0.545,90.904,0.381625,-0.002601,-0.068897,-0.047174,-0.010831,0.191642
1790938274.086971,1790938274.096273,-0.101290,5.528364,0.167279,-0.012963,-0.005887,-0.714637,-0.699351,1.521,-0.590,91.231,0.395042,-0.011475,-0.079515,-0.028069,-0.042110,0.119418
1790938274.120965,1790938274.128034,-0.100720,5.544438,0.163876,-0.014037,-0.004948,-0.715012,-0.698954,1.530,-0.754,91.291,0.405808,-0.023581,-0.074850,0.041090,-0.161461,-0.044618
1790938274.155966,1790938274.164804,-0.099735,5.559728,0.161053,-0.017219,-0.003267,-0.713446,-0.700491,1.650,-1.146,91.033,0.403562,-0.032711,-0.067047,0.063351,-0.224111,-0.184737
1790938274.190965,1790938274.196377,-0.098380,5.575205,0.158510,-0.019747,-0.002133,-0.711546,-0.702359,1.764,-1.439,90.722,0.393187,-0.038101,-0.061397,0.065021,-0.101046,-0.140567
1790938274.225963,1790938274.229883,-0.096791,5.589915,0.156489,-0.020650,-0.003156,-0.710617,-0.703269,1.922,-1.427,90.572,0.394756,-0.044629,-0.044747,0.102853,0.120974,0.025982
1790938274.259963,1790938274.263933,-0.094837,5.605489,0.155087,-0.020132,-0.006516,-0.712179,-0.701679,2.151,-1.119,90.830,0.400605,-0.054224,-0.014810,0.128488,0.155860,0.220254
1790938274.294963,1790938274.298656,-0.092761,5.620260,0.154316,-0.020461,-0.009132,-0.715354,-0.698404,2.387,-0.946,91.354,0.397564,-0.061858,0.003579,0.110808,0.035408,0.273854
1790938274.317962,1790938274.330833,-0.091329,5.630113,0.154023,-0.021279,-0.009855,-0.717998,-0.695650,2.508,-0.965,91.790,0.392960,-0.064373,0.003288,0.021720,-0.020211,0.143500
1790938274.352962,1790938274.362059,-0.089230,5.644844,0.153511,-0.021472,-0.009394,-0.718995,-0.694621,2.484,-1.021,91.953,0.384283,-0.062321,-0.005240,-0.055177,-0.049539,0.059190
1790938274.387962,1790938274.396971,-0.087288,5.658733,0.152733,-0.021760,-0.007325,-0.719121,-0.694505,2.337,-1.210,91.971,0.373017,-0.063419,-0.019410,-0.050839,-0.086178,-0.027527
1790938274.421957,1790938274.430035,-0.085143,5.672964,0.151474,-0.021780,-0.006799,-0.718667,-0.694979,2.296,-1.252,91.895,0.363515,-0.068061,-0.033420,0.002399,0.047796,-0.062439
1790938274.457957,1790938274.463877,-0.082954,5.686141,0.150062,-0.020347,-0.008121,-0.717711,-0.695996,2.292,-1.026,91.739,0.359567,-0.070482,-0.032882,-0.006396,0.170627,-0.094581
1790938274.491957,1790938274.496510,-0.080662,5.699562,0.148384,-0.018430,-0.010067,-0.717015,-0.696742,2.299,-0.711,91.629,0.358931,-0.069285,-0.023747,0.011889,0.188304,-0.042836
1790938274.526953,1790938274.532945,-0.078491,5.712799,0.146963,-0.016576,-0.012302,-0.717177,-0.696585,2.335,-0.380,91.661,0.352785,-0.063446,-0.021929,0.031794,0.126932,0.064954
1790938274.549953,1790938274.563235,-0.077246,5.721353,0.146047,-0.016103,-0.013300,-0.718464,-0.695251,2.379,-0.266,91.876,0.348248,-0.056629,-0.022441,0.014248,-0.006208,0.187184
1790938274.584954,1790938274.596703,-0.075756,5.734162,0.144662,-0.017668,-0.012004,-0.721551,-0.692032,2.394,-0.509,92.382,0.341540,-0.045806,-0.028002,-0.006719,-0.181034,0.266132
1790938274.619947,1790938274.627944,-0.074827,5.746350,0.143092,-0.019248,-0.009873,-0.724499,-0.688936,2.340,-0.819,92.866,0.335713,-0.034783,-0.043322,-0.049972,-0.134778,0.318252
1790938274.653947,1790938274.663150,-0.074336,5.758687,0.141083,-0.018895,-0.008350,-0.728355,-0.684888,2.181,-0.922,93.506,0.331743,-0.029315,-0.054063,-0.091866,0.056482,0.288764
1790938274.688947,1790938274.696071,-0.074063,5.770886,0.138844,-0.016452,-0.008825,-0.731138,-0.681974,2.026,-0.689,93.973,0.331147,-0.029955,-0.042787,-0.050388,0.175051,0.166954
1790938274.723944,1790938274.730387,-0.073830,5.782711,0.137161,-0.013944,-0.010658,-0.732393,-0.680656,1.982,-0.339,94.188,0.330673,-0.029274,-0.019076,-0.001560,0.153568,0.051720
1790938274.757945,1790938274.763703,-0.073695,5.794724,0.136356,-0.012969,-0.011804,-0.732758,-0.680264,2.003,-0.169,94.252,0.327606,-0.025328,0.003575,0.013209,0.007181,0.010487
1790938274.793945,1790938274.794910,-0.073760,5.806613,0.136155,-0.013531,-0.011457,-0.732741,-0.680277,2.017,-0.243,94.248,0.326897,-0.020145,0.010351,0.000825,-0.074737,-0.016029
1790938274.828941,1790938274.830008,-0.074054,5.818511,0.136033,-0.014002,-0.010194,-0.732268,-0.680797,1.948,-0.380,94.166,0.330174,-0.014928,0.003145,-0.039217,-0.063564,-0.074150
1790938274.851941,1790938274.860954,-0.074340,5.826054,0.135811,-0.014633,-0.009092,-0.731092,-0.682061,1.906,-0.515,93.966,0.333677,-0.011842,-0.005510,-0.014033,-0.081513,-0.122671
1790938274.885941,1790938274.895104,-0.075033,5.838559,0.134956,-0.015236,-0.008056,-0.729987,-0.683244,1.867,-0.644,93.778,0.342274,-0.003382,-0.022323,-0.030591,-0.077917,-0.094761
1790938274.920936,1790938274.929409,-0.076064,5.850672,0.133385,-0.015430,-0.006691,-0.729277,-0.684012,1.769,-0.765,93.657,0.352676,0.006780,-0.038240,-0.082257,-0.049433,-0.030795
1790938274.955936,1790938274.960910,-0.077535,5.863362,0.131541,-0.014787,-0.004509,-0.729257,-0.684065,1.536,-0.882,93.651,0.360377,0.015781,-0.044015,-0.125399,-0.086753,0.009965
1790938274.989936,1790938274.996961,-0.079259,5.876162,0.129681,-0.015362,-0.001649,-0.729368,-0.683947,1.342,-1.155,93.668,0.357725,0.018810,-0.047122,-0.064846,-0.165618,0.003421
1790938275.024935,1790938275.029974,-0.081028,5.888742,0.127854,-0.016938,0.000306,-0.729156,-0.684138,1.303,-1.439,93.633,0.352885,0.018383,-0.049508,0.024279,-0.103962,-0.040753
1790938275.059935,1790938275.062006,-0.082766,5.900634,0.126127,-0.017907,0.000390,-0.728638,-0.684665,1.373,-1.526,93.546,0.343111,0.020306,-0.047754,0.034234,0.007626,-0.061986
1790938275.094934,1790938275.096833,-0.084627,5.912674,0.124527,-0.017121,-0.000610,-0.727833,-0.685541,1.396,-1.380,93.411,0.336636,0.023550,-0.034477,-0.021351,0.125415,-0.092118
1790938275.117934,1790938275.127881,-0.085880,5.920445,0.123599,-0.015201,-0.001451,-0.726516,-0.686980,1.318,-1.151,93.191,0.332313,0.025960,-0.023602,-0.074127,0.116624,-0.182906
1790938275.152934,1790938275.163549,-0.087722,5.931694,0.122577,-0.013774,-0.001404,-0.724023,-0.689637,1.205,-1.032,92.776,0.322440,0.026309,-0.018979,-0.038372,-0.013679,-0.248734
1790938275.187933,1790938275.197080,-0.089536,5.943273,0.121475,-0.013774,-0.000633,-0.720354,-0.693470,1.147,-1.087,92.168,0.314353,0.027559,-0.027479,-0.039330,-0.014906,-0.261351
1790938275.222929,1790938275.228703,-0.091237,5.954006,0.120117,-0.013362,-0.000375,-0.717771,-0.696151,1.097,-1.069,91.742,0.307231,0.029221,-0.040315,-0.025767,0.013888,-0.252492
1790938275.256929,1790938275.261901,-0.092987,5.964705,0.118340,-0.013061,-0.000302,-0.715415,-0.698578,1.071,-1.047,91.355,0.295340,0.033651,-0.050606,-0.016556,0.007627,-0.200692
1790938275.291929,1790938275.295907,-0.094801,5.974705,0.116479,-0.012289,0.000102,-0.713652,-0.700392,0.978,-1.013,91.066,0.285565,0.039189,-0.050410,-0.072463,0.025070,-0.080855
1790938275.326926,1790938275.328865,-0.096777,5.984936,0.114307,-0.010540,0.000466,-0.713126,-0.700956,0.809,-0.899,90.980,0.275546,0.040683,-0.044913,-0.087022,0.092615,-0.024288
1790938275.349926,1790938275.360850,-0.098025,5.991263,0.113057,-0.008182,-0.000021,-0.712697,-0.701424,0.659,-0.667,90.910,0.267191,0.039859,-0.038698,-0.054276,0.125867,-0.068692
1790938275.384926,1790938275.396061,-0.099765,6.000223,0.111549,-0.006400,-0.001027,-0.711075,-0.703087,0.599,-0.439,90.645,0.251606,0.037630,-0.025034,-0.001152,0.085335,-0.197549
1790938275.418919,1790938275.430149,-0.101382,6.008865,0.110555,-0.006356,-0.001683,-0.708258,-0.705923,0.651,-0.380,90.187,0.234453,0.037013,-0.011485,0.033586,-0.032106,-0.239958
1790938275.454919,1790938275.461876,-0.102941,6.016727,0.109947,-0.007401,-0.001224,-0.706024,-0.708148,0.700,-0.499,89.825,0.221821,0.041822,-0.008531,0.019289,-0.107330,-0.186514
1790938275.488919,1790938275.496923,-0.104699,6.024714,0.109326,-0.008594,0.000461,-0.704041,-0.710107,0.662,-0.731,89.504,0.214227,0.047753,-0.015278,-0.058270,-0.112120,-0.121773
1790938275.523918,1790938275.528965,-0.106419,6.031929,0.108189,-0.009186,0.002835,-0.702755,-0.711368,0.521,-0.971,89.298,0.202462,0.048852,-0.030626,-0.093049,-0.142191,-0.076138
1790938275.558918,1790938275.561872,-0.108090,6.038800,0.106346,-0.009733,0.005170,-0.702064,-0.712029,0.378,-1.205,89.189,0.183734,0.043643,-0.051810,-0.065642,-0.123009,-0.059323
1790938275.592918,1790938275.595460,-0.109411,6.045014,0.103895,-0.009904,0.006201,-0.701175,-0.712894,0.311,-1.302,89.047,0.168075,0.033004,-0.067318,-0.004113,0.035054,-0.078211
1790938275.627912,1790938275.630009,-0.110308,6.050744,0.101260,-0.008766,0.004001,-0.700407,-0.713679,0.396,-1.031,88.921,0.155991,0.023495,-0.063269,0.064460,0.211149,-0.028789
1790938275.650912,1790938275.661959,-0.110726,6.054269,0.099760,-0.006992,-0.000028,-0.700565,-0.713554,0.574,-0.559,88.945,0.148697,0.018259,-0.049026,0.116028,0.232762,0.042712
1790938275.685912,1790938275.695927,-0.111143,6.059081,0.098290,-0.006817,-0.003769,-0.701347,-0.712778,0.860,-0.240,89.072,0.134832,0.013651,-0.021416,0.153207,0.080392,0.077723
1790938275.720907,1790938275.728877,-0.111499,6.063447,0.097523,-0.008129,-0.005291,-0.702211,-0.711903,1.089,-0.222,89.213,0.119017,0.014477,-0.004712,0.130704,-0.038232,0.090202
1790938275.755907,1790938275.762938,-0.111834,6.067252,0.096910,-0.010123,-0.005167,-0.703456,-0.710648,1.241,-0.395,89.413,0.106877,0.013094,-0.004329,0.028652,-0.115756,0.117497
1790938275.789907,1790938275.795809,-0.111948,6.070682,0.096097,-0.011607,-0.003893,-0.704751,-0.709349,1.258,-0.621,89.621,0.099116,0.000265,-0.018076,0.016287,-0.084878,0.083847
1790938275.825901,1790938275.827880,-0.111416,6.073767,0.094823,-0.012663,-0.003943,-0.705250,-0.708835,1.347,-0.703,89.701,0.094374,-0.021813,-0.033424,0.077430,-0.006063,0.022704
1790938275.859901,1790938275.863795,-0.110103,6.076843,0.093261,-0.012931,-0.005350,-0.705294,-0.708777,1.483,-0.611,89.710,0.094716,-0.041265,-0.034044,0.061256,0.093033,0.007311
1790938275.894901,1790938275.897771,-0.108286,6.079819,0.091968,-0.012165,-0.007285,-0.705853,-0.708217,1.577,-0.393,89.803,0.095674,-0.053040,-0.021693,0.033652,0.112914,0.089469
1790938275.917900,1790938275.928884,-0.106784,6.081917,0.091393,-0.011074,-0.008715,-0.707319,-0.706754,1.603,-0.192,90.043,0.094890,-0.060157,-0.009725,-0.017899,0.102732,0.146882
1790938275.952900,1790938275.960917,-0.104318,6.084944,0.090775,-0.009865,-0.009308,-0.709146,-0.704931,1.553,-0.050,90.341,0.095934,-0.067759,0.007994,-0.035184,0.069391,0.199393
1790938275.987900,1790938275.996784,-0.101619,6.087944,0.090777,-0.009046,-0.008589,-0.711561,-0.702514,1.429,-0.046,90.733,0.092929,-0.073834,0.019468,-0.094995,-0.056224,0.170509
1790938276.022899,1790938276.028941,-0.098816,6.090644,0.090950,-0.008955,-0.005973,-0.713177,-0.700902,1.207,-0.252,90.992,0.085547,-0.079705,0.015199,-0.116144,-0.128206,0.092554
1790938276.056899,1790938276.062915,-0.095674,6.093173,0.090944,-0.008946,-0.003156,-0.713856,-0.700228,0.976,-0.479,91.100,0.080282,-0.088780,0.005025,-0.102650,-0.072047,0.020521
1790938276.091899,1790938276.096617,-0.092234,6.095562,0.090608,-0.008277,-0.001711,-0.713626,-0.700476,0.804,-0.539,91.062,0.077871,-0.096305,-0.004880,-0.073068,-0.003521,-0.057624
1790938276.126889,1790938276.130951,-0.088679,6.097726,0.090116,-0.007650,-0.001067,-0.712710,-0.701416,0.702,-0.539,90.912,0.073726,-0.100469,-0.007187,-0.057570,-0.002316,-0.115989
1790938276.149889,1790938276.161074,-0.086101,6.099176,0.089585,-0.007318,-0.000542,-0.711209,-0.702942,0.634,-0.553,90.667,0.069996,-0.100739,-0.007860,-0.022527,-0.003498,-0.117974
1790938276.184888,1790938276.194966,-0.082493,6.100939,0.088879,-0.006695,-0.000219,-0.710174,-0.703995,0.558,-0.527,90.498,0.065034,-0.096751,-0.006377,-0.062612,0.024376,-0.049592
1790938276.219882,1790938276.228014,-0.078949,6.102499,0.088294,-0.005892,0.000197,-0.709974,-0.704204,0.459,-0.495,90.466,0.057445,-0.092375,-0.003827,-0.059210,0.006476,-0.001057
1790938276.254882,1790938276.262045,-0.075568,6.103742,0.087854,-0.005417,0.001145,-0.710241,-0.703937,0.344,-0.533,90.509,0.049453,-0.088280,-0.003236,-0.049644,-0.038816,0.040049
1790938276.288882,1790938276.295038,-0.072273,6.104667,0.087354,-0.005677,0.002015,-0.710639,-0.703531,0.294,-0.625,90.574,0.040389,-0.087675,-0.009621,0.008474,-0.044155,0.009966
1790938276.323876,1790938276.330467,-0.069105,6.105270,0.086705,-0.006504,0.001904,-0.710300,-0.703867,0.370,-0.683,90.519,0.033395,-0.085923,-0.013686,0.058985,-0.013426,-0.071176
1790938276.358876,1790938276.363938,-0.066050,6.105679,0.085840,-0.007371,0.001170,-0.709009,-0.705160,0.501,-0.693,90.309,0.028634,-0.081386,-0.013016,0.070779,-0.009225,-0.134382
1790938276.392876,1790938276.394714,-0.063079,6.105965,0.084988,-0.008294,0.000722,-0.707554,-0.706611,0.613,-0.731,90.073,0.025254,-0.071963,-0.008877,0.052230,-0.036974,-0.143589
1790938276.416871,1790938276.430386,-0.061459,6.106069,0.084556,-0.009154,0.001017,-0.705974,-0.708178,0.661,-0.823,89.817,0.024988,-0.063586,-0.006898,-0.008083,-0.053669,-0.095445
1790938276.450871,1790938276.461557,-0.059235,6.106304,0.083959,-0.009659,0.001818,-0.705320,-0.708821,0.638,-0.928,89.711,0.025425,-0.049633,-0.007741,-0.016496,-0.048032,-0.021501
1790938276.485871,1790938276.497184,-0.057582,6.106491,0.083330,-0.009634,0.002549,-0.705267,-0.708872,0.577,-0.986,89.703,0.024905,-0.037929,-0.012466,-0.034832,-0.009664,0.003349
1790938276.520866,1790938276.530065,-0.056260,6.106691,0.082593,-0.009201,0.002911,-0.705309,-0.708835,0.512,-0.980,89.710,0.023192,-0.028521,-0.015268,-0.039251,0.014975,0.001513
1790938276.555866,1790938276.563104,-0.055229,6.106782,0.081719,-0.008912,0.002859,-0.705175,-0.708971,0.493,-0.952,89.688,0.018537,-0.022897,-0.017095,0.021993,0.010913,-0.027660
1790938276.590866,1790938276.598161,-0.054419,6.106697,0.080677,-0.009467,0.002112,-0.704753,-0.709386,0.599,-0.936,89.620,0.014611,-0.016431,-0.017258,0.056719,0.007253,-0.023851
1790938276.624865,1790938276.630025,-0.053947,6.106478,0.079744,-0.009835,0.001570,-0.704657,-0.709478,0.673,-0.922,89.604,0.011860,-0.007017,-0.015780,0.025188,0.004927,0.006241
1790938276.659865,1790938276.662642,-0.053836,6.106180,0.078874,-0.009913,0.001403,-0.704884,-0.709252,0.692,-0.915,89.641,0.009123,0.002631,-0.015417,-0.000631,0.010077,0.040707
1790938276.694865,1790938276.697900,-0.054043,6.105795,0.078006,-0.009580,0.001424,-0.705578,-0.708566,0.663,-0.890,89.753,0.006229,0.008389,-0.019259,-0.007376,0.012341,0.072587
1790938276.717859,1790938276.729010,-0.054262,6.105493,0.077398,-0.009463,0.001364,-0.706671,-0.707477,0.657,-0.877,89.930,0.004239,0.010398,-0.021370,0.000856,0.011326,0.103572
1790938276.752858,1790938276.762019,-0.054710,6.104984,0.076355,-0.009231,0.001056,-0.707826,-0.706326,0.662,-0.834,90.117,0.002507,0.011343,-0.024470,0.007257,0.043214,0.113652
1790938276.786859,1790938276.797505,-0.055131,6.104384,0.075044,-0.008969,0.000247,-0.708887,-0.705265,0.705,-0.749,90.289,-0.001432,0.008435,-0.025679,0.033530,0.030080,0.059518
1790938276.822855,1790938276.828025,-0.055506,6.103655,0.073837,-0.009281,-0.000450,-0.709444,-0.704700,0.786,-0.718,90.379,-0.005685,0.006644,-0.022791,0.056773,0.002900,0.034834
1790938276.856855,1790938276.863012,-0.055878,6.102822,0.072718,-0.010277,-0.001246,-0.709761,-0.704367,0.931,-0.735,90.431,-0.008352,0.006161,-0.021134,0.069777,-0.010539,0.019524
1790938276.891855,1790938276.894768,-0.056298,6.101964,0.071728,-0.011009,-0.001802,-0.709939,-0.704175,1.035,-0.750,90.460,-0.009058,0.007693,-0.018921,0.059665,-0.008743,0.022434
1790938276.926849,1790938276.928575,-0.056787,6.101120,0.070880,-0.011981,-0.002362,-0.710318,-0.703775,1.159,-0.785,90.522,-0.009829,0.009189,-0.016073,0.059465,-0.026723,0.046431
1790938276.949849,1790938276.961080,-0.057160,6.100562,0.070400,-0.012900,-0.002562,-0.710888,-0.703183,1.248,-0.844,90.615,-0.010233,0.009716,-0.013739,0.029706,-0.029253,0.048618
1790938276.984849,1790938276.998161,-0.057765,6.099712,0.069605,-0.013451,-0.002448,-0.711442,-0.702612,1.283,-0.899,90.705,-0.012027,0.010475,-0.011872,0.004726,-0.019132,0.043152
1790938277.018843,1790938277.029806,-0.058392,6.098821,0.068807,-0.013566,-0.002298,-0.711795,-0.702252,1.279,-0.922,90.763,-0.014673,0.010103,-0.012515,0.004529,-0.005807,0.026506
1790938277.053843,1790938277.061760,-0.059005,6.097899,0.068052,-0.013575,-0.002235,-0.711946,-0.702099,1.275,-0.928,90.788,-0.016654,0.009984,-0.012023,-0.013485,0.000037,-0.000276
1790938277.088843,1790938277.095025,-0.059634,6.096921,0.067350,-0.013389,-0.002064,-0.711858,-0.702193,1.246,-0.926,90.773,-0.019550,0.009992,-0.011313,-0.010587,-0.005929,-0.009284
1790938277.123836,1790938277.129060,-0.060236,6.095916,0.066775,-0.013813,-0.001898,-0.711636,-0.702410,1.267,-0.974,90.737,-0.022210,0.008792,-0.008265,0.024084,-0.040391,-0.026399
1790938277.157836,1790938277.160964,-0.060871,6.094827,0.066284,-0.014514,-0.001777,-0.711412,-0.702623,1.314,-1.040,90.700,-0.023821,0.011033,-0.007804,0.026546,-0.032210,-0.007830
1790938277.192836,1790938277.196239,-0.061567,6.093824,0.065692,-0.014965,-0.001925,-0.711498,-0.702526,1.362,-1.065,90.714,-0.023442,0.012991,-0.008256,0.026547,0.007097,0.021259
1790938277.216830,1790938277.228017,-0.062067,6.093184,0.065258,-0.015055,-0.002415,-0.711889,-0.702126,1.409,-1.034,90.778,-0.023620,0.014049,-0.007891,0.018507,0.022848,0.038720
1790938277.250830,1790938277.261071,-0.062855,6.092218,0.064698,-0.015061,-0.002928,-0.712322,-0.701685,1.450,-0.994,90.849,-0.025725,0.014796,-0.005829,0.019077,0.019173,0.033516
1790938277.285830,1790938277.298646,-0.063651,6.091258,0.064243,-0.015085,-0.003161,-0.712690,-0.701310,1.471,-0.978,90.910,-0.027222,0.015826,-0.005351,0.006007,0.000745,0.037803
1790938277.320824,1790938277.327921,-0.064486,6.090238,0.063821,-0.015315,-0.003103,-0.713138,-0.700850,1.484,-1.002,90.983,-0.028066,0.015691,-0.005371,0.004706,-0.019957,0.028084
1790938277.355824,1790938277.365209,-0.065238,6.089326,0.063422,-0.015408,-0.002802,-0.713381,-0.700602,1.466,-1.035,91.022,-0.027355,0.013989,-0.007030,-0.014564,-0.007506,0.013401
1790938277.389817,1790938277.398947,-0.065898,6.088494,0.062885,-0.015108,-0.002593,-0.713443,-0.700546,1.425,-1.027,91.032,-0.025822,0.010685,-0.010022,-0.025192,0.013754,-0.010199
1790938277.424817,1790938277.431350,-0.066413,6.087714,0.062142,-0.014596,-0.002604,-0.713175,-0.700829,1.385,-0.984,90.989,-0.023765,0.004924,-0.011667,-0.018434,0.037763,-0.044902
1790938277.459816,1790938277.461757,-0.066704,6.087093,0.061422,-0.014072,-0.002953,-0.712539,-0.701485,1.373,-0.912,90.885,-0.022471,-0.000478,-0.012492,-0.000628,0.022892,-0.059495
1790938277.494817,1790938277.495934,-0.066774,6.086506,0.060715,-0.013960,-0.003035,-0.711621,-0.702419,1.371,-0.894,90.735,-0.021384,-0.007073,-0.013100,0.011624,-0.005169,-0.095365
1790938277.517812,1790938277.529186,-0.066680,6.086153,0.060246,-0.014194,-0.003242,-0.710300,-0.703749,1.409,-0.894,90.520,-0.020469,-0.011359,-0.014215,0.014666,0.011473,-0.107843
1790938277.552812,1790938277.562336,-0.066359,6.085715,0.059488,-0.013917,-0.003626,-0.709264,-0.704796,1.419,-0.838,90.352,-0.016920,-0.016550,-0.016282,-0.010905,0.047161,-0.097012
1790938277.587812,1790938277.595004,-0.065838,6.085423,0.058767,-0.012980,-0.003923,-0.708190,-0.705892,1.369,-0.736,90.177,-0.014090,-0.022973,-0.015131,-0.040792,0.043107,-0.086758
1790938277.621807,1790938277.628275,-0.064964,6.085201,0.057897,-0.011586,-0.003511,-0.707103,-0.707007,1.223,-0.654,90.001,-0.011173,-0.033228,-0.012865,-0.096519,0.040174,-0.080231
1790938277.656806,1790938277.662118,-0.063725,6.085133,0.057146,-0.009951,-0.003072,-0.706140,-0.707996,1.056,-0.556,89.845,-0.007929,-0.045985,-0.012365,-0.070411,0.054223,-0.095107
1790938277.691807,1790938277.697223,-0.061951,6.085160,0.056471,-0.008753,-0.003168,-0.704857,-0.709288,0.967,-0.450,89.637,-0.005127,-0.059629,-0.009461,-0.034210,0.069998,-0.159459
1790938277.725804,1790938277.729088,-0.059709,6.085343,0.055974,-0.007515,-0.003757,-0.702758,-0.711380,0.915,-0.299,89.299,0.000416,-0.071370,-0.004221,-0.015343,0.073501,-0.190421
1790938277.749804,1790938277.761731,-0.058007,6.085596,0.055785,-0.006891,-0.004399,-0.700846,-0.713265,0.917,-0.194,88.992,0.005787,-0.076661,0.001139,0.011697,0.015916,-0.170565
1790938277.783804,1790938277.795981,-0.055265,6.086266,0.055750,-0.007601,-0.002881,-0.698755,-0.715315,0.854,-0.372,88.655,0.015499,-0.078824,0.006266,-0.097295,-0.206154,-0.112944
1790938277.818798,1790938277.829159,-0.052451,6.087110,0.055420,-0.009160,0.000748,-0.697626,-0.716403,0.692,-0.794,88.474,0.015134,-0.085806,-0.012627,-0.084565,-0.268940,-0.105708
1790938277.853798,1790938277.861202,-0.049106,6.087896,0.054125,-0.010685,0.003766,-0.695963,-0.717989,0.579,-1.162,88.209,0.012677,-0.102669,-0.042306,-0.024752,-0.042392,-0.141770
1790938277.888798,1790938277.897062,-0.045116,6.088716,0.052067,-0.009691,0.002983,-0.694334,-0.719582,0.562,-1.017,87.949,0.016093,-0.119002,-0.055736,-0.011847,0.158472,-0.112733
1790938277.923795,1790938277.929141,-0.040571,6.089649,0.050001,-0.007651,0.001012,-0.693438,-0.720475,0.551,-0.691,87.806,0.019393,-0.132525,-0.044781,0.006745,0.135625,-0.030820
1790938277.957796,1790938277.962038,-0.035614,6.090668,0.048556,-0.007027,-0.000400,-0.693450,-0.720471,0.612,-0.525,87.808,0.024873,-0.148854,-0.027370,0.072814,0.076259,0.028784
1790938277.992795,1790938277.996670,-0.030045,6.091962,0.047649,-0.007146,-0.002421,-0.694097,-0.719842,0.782,-0.369,87.911,0.034478,-0.163801,-0.015843,0.075555,0.076418,0.067616
1790938278.027791,1790938278.028775,-0.023643,6.093728,0.046787,-0.007043,-0.003542,-0.695168,-0.718805,0.862,-0.269,88.083,0.045642,-0.176105,-0.014943,0.002563,0.015790,0.099862
1790938278.050791,1790938278.060997,-0.019265,6.095074,0.046163,-0.007401,-0.003182,-0.696129,-0.717872,0.863,-0.329,88.236,0.051614,-0.188338,-0.019409,0.000870,-0.110008,0.078189
1790938278.097781,1790938278.099585,-0.009449,6.098198,0.044478,-0.009862,-0.000525,-0.697180,-0.716829,0.852,-0.745,88.402,0.059551,-0.215223,-0.034887,-0.012818,-0.217402,0.082412
1790938278.119781,1790938278.129078,-0.004102,6.099849,0.043413,-0.011475,0.001691,-0.698330,-0.715682,0.806,-1.057,88.586,0.059748,-0.229175,-0.042105,-0.042724,-0.122883,0.155832
1790938278.154781,1790938278.163186,0.004514,6.102373,0.041613,-0.010620,0.002716,-0.701161,-0.712919,0.650,-1.075,89.041,0.060983,-0.250807,-0.046895,-0.121359,0.114563,0.306412
1790938278.189781,1790938278.196031,0.014353,6.105217,0.039834,-0.005951,0.002158,-0.705799,-0.708384,0.308,-0.657,89.789,0.066284,-0.270984,-0.039574,-0.190151,0.262079,0.408560
1790938278.224776,1790938278.228080,0.024333,6.108115,0.038496,-0.001697,0.001402,-0.709940,-0.704259,0.023,-0.251,90.460,0.062298,-0.291384,-0.029400,-0.098352,0.203466,0.379437
1790938278.259776,1790938278.261337,0.035291,6.110793,0.037366,0.000019,0.000447,-0.713733,-0.700417,-0.038,-0.034,91.079,0.045808,-0.307631,-0.021181,-0.001191,-0.001105,0.267458
1790938278.294776,1790938278.296107,0.046325,6.113046,0.036452,-0.000687,0.001315,-0.716924,-0.697149,-0.053,-0.161,91.602,0.034133,-0.315342,-0.024512,-0.014019,-0.086600,0.248017
1790938278.317772,1790938278.329087,0.054228,6.114494,0.035597,-0.001016,0.001846,-0.719726,-0.694255,-0.071,-0.231,92.064,0.028834,-0.321563,-0.037507,-0.009840,0.037712,0.217638
1790938278.352772,1790938278.363270,0.066148,6.116585,0.033826,0.000519,0.000233,-0.721825,-0.692075,-0.060,0.024,92.411,0.025349,-0.331245,-0.054186,0.029991,0.187862,0.118170
1790938278.386772,1790938278.395122,0.078033,6.118599,0.031681,0.001981,-0.002276,-0.722419,-0.691449,0.031,0.344,92.510,0.024215,-0.340256,-0.062204,0.073495,0.192059,0.007657
1790938278.421766,1790938278.429024,0.090508,6.120642,0.029295,0.002777,-0.005563,-0.721768,-0.692107,0.240,0.671,92.405,0.025449,-0.346031,-0.065210,0.125735,0.120801,-0.096219
1790938278.456766,1790938278.462971,0.102679,6.122630,0.026710,0.001884,-0.008185,-0.720458,-0.693447,0.526,0.806,92.193,0.027616,-0.343702,-0.068215,0.145242,0.022814,-0.098594
1790938278.490766,1790938278.495029,0.115200,6.124729,0.024010,0.001032,-0.009179,-0.719899,-0.694017,0.675,0.815,92.102,0.032864,-0.328951,-0.060673,0.020347,-0.017899,0.006387
1790938278.525760,1790938278.528192,0.126464,6.126904,0.021828,0.000928,-0.008482,-0.720401,-0.693505,0.626,0.751,92.184,0.039431,-0.314740,-0.049689,-0.062854,-0.037613,0.043654
1790938278.548760,1790938278.561033,0.134093,6.128551,0.020529,0.001493,-0.007764,-0.720540,-0.693369,0.522,0.740,92.205,0.045898,-0.308360,-0.043462,-0.042417,0.038439,-0.009060
1790938278.583760,1790938278.595089,0.144740,6.131197,0.019006,0.002848,-0.008464,-0.720696,-0.693193,0.473,0.908,92.232,0.056941,-0.299760,-0.031294,-0.008360,0.106469,0.042160
1790938278.618752,1790938278.628099,0.155016,6.134128,0.018022,0.003899,-0.009284,-0.721494,-0.692348,0.458,1.059,92.366,0.064309,-0.289723,-0.012158,-0.029633,0.068085,0.124071
1790938278.653753,1790938278.662225,0.165416,6.137371,0.017703,0.004779,-0.008894,-0.723462,-0.690290,0.359,1.100,92.692,0.065465,-0.276470,0.008651,-0.075932,-0.037222,0.172491
1790938278.688752,1790938278.696265,0.174838,6.140412,0.017942,0.004042,-0.007020,-0.724823,-0.688888,0.264,0.890,92.914,0.061738,-0.269862,0.017868,0.018622,-0.175108,0.030873
1790938278.722747,1790938278.727960,0.184345,6.143331,0.018278,-0.000053,-0.005739,-0.723684,-0.690108,0.480,0.449,92.723,0.055710,-0.266192,0.012604,0.165690,-0.223821,-0.204973
1790938278.757747,1790938278.763378,0.193353,6.145953,0.018351,-0.004344,-0.006024,-0.720438,-0.693480,0.843,0.120,92.185,0.055497,-0.258330,0.005665,0.187632,-0.114424,-0.299675
1790938278.792747,1790938278.796206,0.202196,6.148588,0.018247,-0.006788,-0.007099,-0.717703,-0.696280,1.126,0.008,91.736,0.056775,-0.245380,0.003238,0.148950,-0.039333,-0.220387
1790938278.827743,1790938278.830308,0.210564,6.151092,0.018128,-0.008859,-0.008301,-0.715795,-0.698205,1.390,-0.063,91.425,0.051745,-0.236452,0.005649,0.110303,-0.059231,-0.085338
1790938278.850743,1790938278.861850,0.215980,6.152607,0.018063,-0.011275,-0.008754,-0.715241,-0.698732,1.620,-0.223,91.335,0.046528,-0.234354,0.006111,0.127134,-0.103553,-0.008538
1790938278.885743,1790938278.896054,0.224118,6.154602,0.017896,-0.013798,-0.009027,-0.715152,-0.698775,1.845,-0.408,91.321,0.035570,-0.234694,0.005486,0.106763,-0.068842,-0.015633
1790938278.920735,1790938278.928959,0.232052,6.156222,0.017745,-0.015213,-0.009642,-0.714781,-0.699116,2.009,-0.474,91.261,0.028484,-0.237466,0.006738,0.077407,-0.024566,-0.053530
1790938278.954735,1790938278.961139,0.240492,6.157649,0.017637,-0.016622,-0.009786,-0.713991,-0.699890,2.134,-0.575,91.132,0.020124,-0.240156,0.007699,0.061883,-0.113200,-0.074221
1790938278.989735,1790938278.997035,0.248565,6.158651,0.017492,-0.019323,-0.008022,-0.712982,-0.700870,2.208,-0.934,90.964,0.008855,-0.244628,0.004167,0.011199,-0.250110,-0.074962
1790938279.024731,1790938279.031294,0.257052,6.159204,0.017067,-0.022458,-0.004757,-0.712058,-0.701745,2.195,-1.450,90.808,-0.005484,-0.253122,-0.007951,-0.027046,-0.228744,-0.075034
1790938279.058731,1790938279.062253,0.265863,6.159277,0.016146,-0.023619,-0.002669,-0.710965,-0.702826,2.121,-1.710,90.628,-0.017316,-0.267031,-0.020152,-0.053687,-0.109839,-0.141704
1790938279.093731,1790938279.096981,0.275134,6.158945,0.014847,-0.024518,-0.001444,-0.708870,-0.704911,2.099,-1.875,90.287,-0.027352,-0.279757,-0.026151,0.003424,-0.091368,-0.169124
1790938279.116728,1790938279.128073,0.281354,6.158468,0.013937,-0.025683,-0.000315,-0.707076,-0.706671,2.107,-2.056,89.995,-0.037069,-0.285618,-0.025852,-0.008659,-0.087284,-0.110592
1790938279.151728,1790938279.162440,0.290793,6.157327,0.012712,-0.025249,0.000432,-0.706628,-0.707134,2.013,-2.080,89.922,-0.047149,-0.289148,-0.014967,-0.096584,0.077050,0.029493
1790938279.186728,1790938279.195923,0.300563,6.155947,0.012199,-0.021877,0.000400,-0.707470,-0.706404,1.740,-1.806,90.059,-0.049508,-0.288677,0.012674,-0.229137,0.232113,0.103777
1790938279.221724,1790938279.228883,0.310089,6.154400,0.012737,-0.016460,0.000550,-0.708858,-0.705159,1.286,-1.382,90.284,-0.059282,-0.292487,0.036149,-0.171848,0.135156,0.122633
1790938279.255724,1790938279.265042,0.320404,6.152196,0.013960,-0.014657,0.002278,-0.710810,-0.703228,0.996,-1.378,90.602,-0.079723,-0.297016,0.047095,-0.101234,-0.129796,0.211755
1790938279.291724,1790938279.296223,0.330268,6.149521,0.015255,-0.016237,0.005373,-0.713585,-0.700360,0.864,-1.759,91.059,-0.095487,-0.300410,0.045957,-0.030772,-0.217809,0.220167
1790938279.325718,1790938279.329069,0.340610,6.146403,0.016372,-0.017869,0.007915,-0.715298,-0.698546,0.782,-2.099,91.343,-0.103822,-0.304357,0.036101,-0.077087,-0.163319,0.125902
1790938279.360718,1790938279.362931,0.351124,6.143001,0.017010,-0.018097,0.010549,-0.715929,-0.697858,0.582,-2.329,91.453,-0.115301,-0.310943,0.018311,-0.091159,-0.081822,-0.021954
1790938279.383718,1790938279.394994,0.357891,6.140649,0.017081,-0.018725,0.011902,-0.714191,-0.699599,0.528,-2.487,91.171,-0.121359,-0.317626,0.006829,0.031410,-0.086166,-0.232450
1790938279.418710,1790938279.430050,0.369269,6.136486,0.016707,-0.020373,0.012041,-0.711322,-0.702467,0.659,-2.631,90.703,-0.126618,-0.325414,-0.007881,0.100512,-0.083818,-0.307475
1790938279.453710,1790938279.460994,0.380085,6.132453,0.015869,-0.022388,0.011555,-0.707904,-0.705859,0.875,-2.752,90.145,-0.122024,-0.323826,-0.018107,0.081094,-0.041759,-0.246335
1790938279.487710,1790938279.495012,0.391020,6.128437,0.014733,-0.023000,0.010898,-0.705449,-0.708303,0.987,-2.745,89.745,-0.113695,-0.317085,-0.021277,0.053498,0.022830,-0.171901
1790938279.522705,1790938279.528943,0.401716,6.124554,0.013597,-0.023755,0.009620,-0.703362,-0.710369,1.160,-2.699,89.405,-0.109254,-0.310474,-0.016252,0.107953,0.017962,-0.170046
1790938279.557705,1790938279.561168,0.411858,6.120865,0.012823,-0.024795,0.008268,-0.701991,-0.711706,1.359,-2.670,89.181,-0.101074,-0.303937,-0.000457,0.100242,0.002846,-0.073270
1790938279.592705,1790938279.595086,0.422099,6.117445,0.012800,-0.025531,0.008410,-0.702444,-0.711232,1.406,-2.742,89.254,-0.085136,-0.297620,0.023785,-0.051780,-0.083387,0.148264
1790938279.615699,1790938279.628840,0.429064,6.115410,0.013201,-0.025492,0.011326,-0.704815,-0.708842,1.158,-2.980,89.643,-0.076592,-0.296898,0.031389,-0.175888,-0.119949,0.202667
1790938279.650699,1790938279.661010,0.439033,6.112821,0.013911,-0.024220,0.014918,-0.706533,-0.707108,0.756,-3.171,89.933,-0.070012,-0.300861,0.027772,-0.189424,-0.060000,0.062506
1790938279.685699,1790938279.701907,0.449292,6.110467,0.014455,-0.022536,0.017042,-0.705758,-0.707890,0.451,-3.207,89.815,-0.062003,-0.312383,0.019726,-0.109355,0.018440,-0.173193
1790938279.719691,1790938279.729888,0.460702,6.108242,0.014719,-0.021068,0.017195,-0.702651,-0.711015,0.332,-3.099,89.313,-0.053544,-0.328172,0.009856,-0.036299,0.079751,-0.315325
1790938279.754691,1790938279.763078,0.471944,6.106322,0.014802,-0.020347,0.016138,-0.699133,-0.714520,0.374,-2.953,88.743,-0.045615,-0.339916,0.009449,0.038889,0.077924,-0.352491
1790938279.789691,1790938279.796153,0.483837,6.104538,0.015071,-0.020691,0.014836,-0.694607,-0.718938,0.524,-2.870,88.015,-0.034961,-0.346207,0.019392,0.051173,-0.002444,-0.364237
1790938279.824684,1790938279.828332,0.495818,6.103016,0.015697,-0.021387,0.014636,-0.690833,-0.722550,0.613,-2.906,87.413,-0.022871,-0.344662,0.025905,0.028823,-0.040798,-0.345338
1790938279.858684,1790938279.862803,0.507667,6.101767,0.016308,-0.022546,0.014692,-0.687004,-0.726156,0.720,-2.999,86.807,-0.014815,-0.340318,0.019555,0.042769,-0.057081,-0.264869
1790938279.893684,1790938279.896465,0.519036,6.100713,0.016603,-0.023579,0.014804,-0.684205,-0.728758,0.810,-3.086,86.366,-0.009055,-0.335927,0.009715,0.023621,-0.025541,-0.179184
1790938279.916679,1790938279.929328,0.526646,6.100115,0.016567,-0.023479,0.014293,-0.682824,-0.730065,0.847,-3.034,86.148,-0.003360,-0.331865,0.001955,-0.000397,0.097863,-0.068160
1790938279.951679,1790938279.962218,0.538094,6.099525,0.016305,-0.021917,0.012778,-0.682597,-0.730354,0.836,-2.785,86.108,0.007697,-0.325233,-0.002634,-0.020098,0.119220,0.021104
1790938279.986679,1790938279.996884,0.549096,6.099329,0.016033,-0.021004,0.012296,-0.683069,-0.729948,0.795,-2.674,86.181,0.016174,-0.321997,-0.004145,0.012837,-0.020546,0.032101
1790938280.021676,1790938280.027843,0.560736,6.099458,0.015539,-0.022032,0.012846,-0.683132,-0.729849,0.838,-2.800,86.192,0.023134,-0.321640,-0.015440,0.020512,-0.109000,-0.014801
1790938280.056676,1790938280.060754,0.571786,6.099846,0.014607,-0.023282,0.014090,-0.682678,-0.730213,0.847,-3.002,86.124,0.029883,-0.323443,-0.031182,-0.006203,-0.088193,-0.034367
1790938280.090676,1790938280.094919,0.583280,6.100601,0.013177,-0.023715,0.014961,-0.682547,-0.730303,0.816,-3.108,86.106,0.040314,-0.327028,-0.041546,-0.039763,-0.042488,0.027363
1790938280.125669,1790938280.127916,0.595011,6.101671,0.011470,-0.023794,0.016194,-0.683191,-0.729672,0.723,-3.219,86.211,0.043815,-0.336028,-0.047647,-0.034686,-0.075146,0.072551
1790938280.148669,1790938280.160924,0.602922,6.102412,0.010250,-0.024496,0.017487,-0.684141,-0.728728,0.676,-3.383,86.365,0.042360,-0.343491,-0.051459,-0.022597,-0.064780,0.090595
1790938280.183669,1790938280.195901,0.615240,6.103580,0.008239,-0.024556,0.017864,-0.685355,-0.727575,0.645,-3.420,86.558,0.044159,-0.353249,-0.057327,-0.000410,0.031074,0.101028
1790938280.218663,1790938280.228956,0.627917,6.104913,0.006107,-0.023799,0.017082,-0.686799,-0.726257,0.637,-3.296,86.783,0.045840,-0.357682,-0.059137,0.009044,0.090433,0.139367
1790938280.252663,1790938280.262084,0.640306,6.106235,0.003959,-0.022775,0.015573,-0.688869,-0.724360,0.662,-3.092,87.105,0.042723,-0.360476,-0.060925,0.052922,0.161102,0.246457
1790938280.288655,1790938280.299314,0.652746,6.107600,0.001858,-0.021291,0.012332,-0.692711,-0.720795,0.781,-2.710,87.705,0.042149,-0.360853,-0.055291,0.086234,0.221063,0.355299
1790938280.322655,1790938280.329050,0.665824,6.109066,-0.000103,-0.019675,0.008292,-0.697708,-0.716064,0.952,-2.254,88.493,0.037481,-0.357871,-0.041183,0.128050,0.238219,0.415514
1790938280.357655,1790938280.363072,0.677962,6.110573,-0.001334,-0.018435,0.004177,-0.702886,-0.711051,1.166,-1.826,89.320,0.039640,-0.352422,-0.015442,0.111923,0.188614,0.412234
1790938280.392655,1790938280.395309,0.690267,6.112338,-0.001732,-0.018344,0.002294,-0.706870,-0.707102,1.301,-1.672,89.962,0.038982,-0.343254,0.004756,0.088620,-0.037269,0.336916
1790938280.427647,1790938280.429024,0.702122,6.114046,-0.001797,-0.020729,0.003383,-0.710597,-0.703286,1.396,-1.961,90.569,0.031812,-0.331760,0.004235,0.016180,-0.211438,0.264419
1790938280.450647,1790938280.462373,0.709363,6.115103,-0.001977,-0.023077,0.005585,-0.713217,-0.700541,1.397,-2.335,90.999,0.028921,-0.327787,-0.004714,0.015857,-0.121850,0.184707
1790938280.484647,1790938280.496106,0.721059,6.116834,-0.002704,-0.024488,0.005388,-0.714981,-0.698694,1.521,-2.438,91.288,0.028879,-0.324881,-0.019941,0.111214,0.009327,0.111494
1790938280.519640,1790938280.528085,0.731928,6.118505,-0.003849,-0.025279,0.003758,-0.715954,-0.697680,1.714,-2.375,91.446,0.027441,-0.320122,-0.029690,0.114330,0.065886,0.098126
1790938280.554640,1790938280.562141,0.742881,6.120201,-0.005274,-0.025627,0.001859,-0.717746,-0.695831,1.892,-2.257,91.739,0.026580,-0.310649,-0.030675,0.065387,0.038358,0.205764
1790938280.588639,1790938280.596191,0.753418,6.121809,-0.006653,-0.026086,0.001543,-0.720791,-0.692660,1.945,-2.278,92.242,0.019705,-0.302806,-0.029566,0.012350,-0.037327,0.294587
1790938280.623635,1790938280.630067,0.763423,6.123098,-0.008137,-0.026908,0.002115,-0.724377,-0.688876,1.951,-2.401,92.837,0.007187,-0.301016,-0.039069,0.034623,-0.049989,0.294497
1790938280.658635,1790938280.662245,0.773655,6.124055,-0.010037,-0.027664,0.002127,-0.727135,-0.685933,1.999,-2.473,93.297,-0.003750,-0.301393,-0.047183,0.038937,-0.020947,0.261454
1790938280.693635,1790938280.695943,0.783513,6.124720,-0.012072,-0.028544,0.002112,-0.730116,-0.682723,2.059,-2.554,93.797,-0.013575,-0.302000,-0.050862,0.046091,-0.047608,0.208013
1790938280.716630,1790938280.728972,0.790518,6.125015,-0.013640,-0.029661,0.001920,-0.731605,-0.681081,2.157,-2.637,94.047,-0.020102,-0.304170,-0.056620,0.065364,-0.006617,0.050220
1790938280.751630,1790938280.762855,0.800755,6.125299,-0.016196,-0.030015,0.000429,-0.731577,-0.681098,2.310,-2.551,94.041,-0.021744,-0.306035,-0.063494,0.076529,0.087621,-0.048548
1790938280.786630,1790938280.794821,0.810946,6.125577,-0.018954,-0.029380,-0.001389,-0.731181,-0.681549,2.414,-2.354,93.975,-0.019660,-0.305137,-0.066442,0.039448,0.136674,-0.022462
1790938280.820624,1790938280.828796,0.820661,6.125876,-0.021582,-0.027916,-0.003248,-0.731650,-0.681101,2.453,-2.087,94.054,-0.016729,-0.299297,-0.061459,0.019121,0.121430,0.080407
1790938280.855624,1790938280.861957,0.830050,6.126212,-0.023938,-0.026806,-0.004132,-0.733208,-0.679464,2.436,-1.931,94.316,-0.014510,-0.288230,-0.051704,-0.006102,0.042896,0.180437
1790938280.890624,1790938280.895885,0.839524,6.126601,-0.026032,-0.026620,-0.004247,-0.735305,-0.677200,2.426,-1.914,94.671,-0.011874,-0.274472,-0.040518,-0.003468,0.017743,0.248087
1790938280.925620,1790938280.928697,0.847960,6.127079,-0.027557,-0.025702,-0.004609,-0.738399,-0.673858,2.377,-1.819,95.196,-0.007319,-0.264147,-0.026221,-0.024516,0.107830,0.241963
1790938280.959620,1790938280.961945,0.856380,6.127649,-0.028476,-0.024230,-0.005639,-0.740709,-0.671366,2.344,-1.623,95.590,-0.008112,-0.259643,-0.007510,0.010542,0.085018,0.138509
1790938280.983620,1790938280.995985,0.861845,6.127954,-0.028706,-0.024472,-0.006428,-0.741337,-0.670656,2.428,-1.585,95.698,-0.010998,-0.258568,0.005994,0.081678,-0.047353,-0.043324
1790938281.029617,1790938281.030883,0.872940,6.128227,-0.028513,-0.026849,-0.006770,-0.739947,-0.672095,2.644,-1.755,95.462,-0.019526,-0.252883,0.019004,0.126773,-0.115714,-0.180048
1790938281.053617,1790938281.060770,0.878252,6.128176,-0.028339,-0.029208,-0.007240,-0.737953,-0.674181,2.872,-1.911,95.124,-0.021102,-0.247560,0.017760,0.129774,-0.081915,-0.197566
1790938281.087617,1790938281.095935,0.885816,6.127934,-0.028218,-0.031367,-0.008327,-0.735992,-0.676213,3.136,-2.001,94.793,-0.023072,-0.237012,0.014090,0.116602,-0.038394,-0.131183
1790938281.128612,1790938281.130066,0.894250,6.127393,-0.028083,-0.032677,-0.008548,-0.734760,-0.677485,3.261,-2.088,94.585,-0.026412,-0.219973,0.016144,-0.006385,-0.068283,-0.060260
1790938281.160612,1790938281.162730,0.900198,6.126804,-0.027898,-0.033280,-0.007342,-0.734591,-0.677653,3.206,-2.232,94.555,-0.029379,-0.210816,0.012560,-0.039024,-0.083661,0.036824
1790938281.193612,1790938281.195359,0.906598,6.126079,-0.027851,-0.033536,-0.006273,-0.735454,-0.676715,3.133,-2.341,94.700,-0.030834,-0.208448,0.008895,-0.029465,-0.013081,0.103915
1790938281.217605,1790938281.230047,0.911136,6.125540,-0.027889,-0.033487,-0.005870,-0.736587,-0.675488,3.092,-2.373,94.891,-0.033692,-0.210421,0.006927,0.007139,-0.031224,0.066887
1790938281.253605,1790938281.262939,0.918093,6.124586,-0.028047,-0.034428,-0.005503,-0.736938,-0.675061,3.132,-2.482,94.951,-0.039802,-0.214217,0.004972,0.037061,-0.086613,0.001948
1790938281.290605,1790938281.295872,0.925444,6.123443,-0.028333,-0.036612,-0.004819,-0.736046,-0.675924,3.248,-2.716,94.799,-0.043100,-0.219524,0.001563,0.067306,-0.157775,-0.149542
1790938281.326598,1790938281.329989,0.932800,6.122150,-0.028882,-0.039136,-0.003191,-0.733966,-0.678050,3.316,-3.045,94.447,-0.050558,-0.222300,-0.009233,-0.019001,-0.242541,-0.213033
1790938281.350598,1790938281.361745,0.937779,6.121124,-0.029545,-0.041586,0.000762,-0.731609,-0.680454,3.186,-3.548,94.051,-0.054565,-0.224324,-0.021720,-0.117913,-0.252488,-0.124271
1790938281.386598,1790938281.397743,0.945417,6.119450,-0.031113,-0.042873,0.005092,-0.730427,-0.681625,2.931,-3.989,93.857,-0.060418,-0.233814,-0.043005,-0.128360,-0.164384,-0.062421
1790938281.422587,1790938281.427938,0.953402,6.117582,-0.033452,-0.042754,0.006884,-0.729762,-0.682328,2.775,-4.117,93.748,-0.067100,-0.243270,-0.060772,-0.046509,0.005118,-0.060508
1790938281.457587,1790938281.465658,0.961423,6.115704,-0.035923,-0.041747,0.006102,-0.729106,-0.683099,2.766,-3.969,93.636,-0.063086,-0.252172,-0.049953,0.019501,0.097708,-0.045308
1790938281.492587,1790938281.494839,0.969695,6.113927,-0.037814,-0.041663,0.005095,-0.729048,-0.683175,2.844,-3.882,93.625,-0.062180,-0.254257,-0.033789,0.057728,-0.002895,0.033568
1790938281.527581,1790938281.529969,0.977657,6.112016,-0.039310,-0.042428,0.005618,-0.730391,-0.681687,2.852,-3.993,93.851,-0.070422,-0.246876,-0.027467,-0.025918,-0.063612,0.177135
1790938281.550581,1790938281.561950,0.983219,6.110520,-0.040293,-0.042267,0.006848,-0.732757,-0.679142,2.722,-4.085,94.252,-0.077678,-0.243521,-0.025464,-0.079098,-0.003588,0.206862
1790938281.585581,1790938281.601650,0.991359,6.108068,-0.041465,-0.040466,0.008120,-0.734919,-0.676898,2.462,-4.041,94.620,-0.088215,-0.245506,-0.018075,-0.149608,0.046204,0.150325
1790938281.620572,1790938281.630493,0.999889,6.105294,-0.042391,-0.038422,0.009836,-0.735874,-0.675956,2.152,-4.005,94.785,-0.099954,-0.257709,-0.012038,-0.179580,-0.004098,0.043397
1790938281.656572,1790938281.664217,1.009026,6.102153,-0.043228,-0.037197,0.012094,-0.735536,-0.676356,1.869,-4.076,94.734,-0.113426,-0.273471,-0.012632,-0.085369,-0.057507,-0.097411
1790938281.690572,1790938281.696466,1.018872,6.098583,-0.044372,-0.037684,0.012223,-0.733571,-0.678457,1.908,-4.122,94.402,-0.123830,-0.287866,-0.025560,0.070785,0.036313,-0.219342
1790938281.725565,1790938281.728098,1.028745,6.094980,-0.045897,-0.037037,0.010011,-0.731380,-0.680891,2.056,-3.888,94.025,-0.122190,-0.290281,-0.031327,0.058219,0.217637,-0.218045
1790938281.760565,1790938281.762300,1.038861,6.091297,-0.047327,-0.034237,0.006257,-0.729627,-0.682960,2.161,-3.354,93.721,-0.121188,-0.284582,-0.018947,0.021624,0.255509,-0.104324
1790938281.783565,1790938281.794827,1.045429,6.088777,-0.047821,-0.032403,0.004124,-0.729118,-0.683608,2.197,-3.032,93.632,-0.124793,-0.280301,-0.001193,0.008752,0.031844,-0.004345
1790938281.818558,1790938281.829911,1.055283,6.084742,-0.047740,-0.033362,0.005096,-0.729187,-0.683482,2.191,-3.188,93.645,-0.129289,-0.272389,0.027263,-0.019379,-0.141177,0.010774
1790938281.852558,1790938281.861807,1.065038,6.080569,-0.046986,-0.034208,0.006550,-0.729206,-0.683407,2.136,-3.373,93.651,-0.128193,-0.267390,0.038143,-0.053510,-0.054483,0.012808
1790938281.887558,1790938281.896700,1.074720,6.076542,-0.046057,-0.033135,0.007191,-0.729571,-0.683064,1.996,-3.335,93.713,-0.121057,-0.263628,0.039366,-0.084068,0.080994,0.043641
1790938281.922554,1790938281.928284,1.084105,6.072949,-0.045060,-0.030561,0.007309,-0.729938,-0.682791,1.783,-3.130,93.774,-0.110239,-0.264018,0.042479,-0.115662,0.107148,0.009773
1790938281.957554,1790938281.960709,1.093978,6.069707,-0.043858,-0.028972,0.007481,-0.729915,-0.682883,1.644,-3.010,93.770,-0.095989,-0.269105,0.044651,-0.045023,0.012774,-0.022916
1790938281.992554,1790938281.995593,1.103741,6.067084,-0.042549,-0.029351,0.008820,-0.729304,-0.683503,1.564,-3.145,93.671,-0.080168,-0.273150,0.039230,-0.046925,-0.141847,-0.065091
1790938282.027550,1790938282.030153,1.113918,6.064937,-0.041623,-0.030644,0.011392,-0.728546,-0.684217,1.454,-3.454,93.551,-0.065239,-0.274772,0.021261,-0.060242,-0.135209,-0.032153
1790938282.050550,1790938282.060753,1.120927,6.063765,-0.041394,-0.030974,0.013290,-0.728218,-0.684516,1.323,-3.630,93.502,-0.057015,-0.276588,0.007006,-0.072557,-0.061548,-0.025780
1790938282.085550,1790938282.095835,1.131032,6.062395,-0.041572,-0.030764,0.014732,-0.727741,-0.685003,1.189,-3.724,93.427,-0.049410,-0.281148,-0.008814,-0.054947,-0.032129,-0.038382
1790938282.119542,1790938282.127649,1.141661,6.061294,-0.042193,-0.030684,0.015226,-0.727429,-0.685327,1.143,-3.756,93.376,-0.040614,-0.288748,-0.017538,-0.005935,-0.011150,-0.018044
1790938282.154541,1790938282.163044,1.152620,6.060540,-0.043053,-0.031341,0.014978,-0.727272,-0.685470,1.216,-3.791,93.349,-0.032299,-0.298517,-0.024360,0.067113,-0.026480,-0.011320
1790938282.189542,1790938282.195914,1.163936,6.060111,-0.044162,-0.032319,0.014577,-0.727201,-0.685508,1.327,-3.841,93.336,-0.023916,-0.307091,-0.035391,0.018498,-0.009868,0.003314
1790938282.224535,1790938282.229016,1.175214,6.060070,-0.045669,-0.032090,0.014346,-0.727313,-0.685405,1.328,-3.804,93.354,-0.014649,-0.314698,-0.051470,-0.015504,0.064481,0.017478
1790938282.258535,1790938282.262283,1.187076,6.060402,-0.047773,-0.030620,0.013824,-0.727533,-0.685250,1.255,-3.641,93.389,-0.007729,-0.323292,-0.064631,-0.054942,0.086344,0.006873
1790938282.293535,1790938282.294966,1.198959,6.060948,-0.050223,-0.029497,0.013532,-0.727487,-0.685354,1.191,-3.524,93.380,-0.004427,-0.334486,-0.075511,0.002600,0.029430,-0.006934
1790938282.316529,1790938282.327830,1.207549,6.061443,-0.052121,-0.029109,0.013019,-0.727683,-0.685171,1.202,-3.452,93.411,-0.001663,-0.342003,-0.076715,0.000339,0.056500,0.042293
1790938282.352529,1790938282.360773,1.220145,6.062207,-0.054662,-0.028431,0.012682,-0.728388,-0.684457,1.174,-3.370,93.527,-0.003823,-0.353058,-0.066156,-0.013370,0.025532,0.098869
1790938282.386529,1790938282.396996,1.233831,6.062907,-0.056881,-0.028597,0.013082,-0.730632,-0.682047,1.142,-3.419,93.905,-0.008997,-0.360888,-0.053263,0.004906,-0.045175,0.224764
1790938282.421525,1790938282.429916,1.247025,6.063565,-0.058543,-0.028822,0.013766,-0.733032,-0.679443,1.090,-3.495,94.312,-0.010732,-0.364516,-0.045562,-0.049175,-0.031937,0.256558
1790938282.456524,1790938282.461260,1.260687,6.064337,-0.060131,-0.028053,0.014941,-0.736136,-0.676087,0.915,-3.526,94.841,-0.010163,-0.367715,-0.045650,-0.073754,0.007688,0.262330
1790938282.491524,1790938282.495038,1.274500,6.065313,-0.061849,-0.027192,0.015311,-0.738780,-0.673224,0.803,-3.485,95.292,-0.007414,-0.373381,-0.052477,-0.013443,0.054836,0.280246
1790938282.525518,1790938282.530535,1.288479,6.066566,-0.063808,-0.025913,0.014669,-0.742468,-0.669220,0.740,-3.332,95.919,-0.005479,-0.379131,-0.058420,-0.027184,0.067806,0.247604
1790938282.548518,1790938282.566185,1.297806,6.067452,-0.065192,-0.024889,0.014685,-0.744538,-0.666954,0.650,-3.248,96.274,-0.008483,-0.385048,-0.060935,-0.044513,0.056444,0.202745
1790938282.583518,1790938282.594654,1.311943,6.068778,-0.067264,-0.022963,0.013933,-0.746920,-0.664371,0.556,-3.028,96.680,-0.010359,-0.397494,-0.058724,-0.008476,0.184524,0.196525
1790938282.618511,1790938282.629722,1.326975,6.070315,-0.069051,-0.020902,0.010756,-0.748750,-0.662436,0.665,-2.611,96.985,-0.004911,-0.413486,-0.051068,0.145783,0.297110,0.141902
1790938282.652511,1790938282.661967,1.342403,6.072152,-0.070500,-0.019375,0.005648,-0.750002,-0.661128,0.983,-2.094,97.190,0.001341,-0.420822,-0.035226,0.166465,0.188122,0.066642
1790938282.688511,1790938282.696146,1.357420,6.074109,-0.071507,-0.020375,0.002872,-0.750661,-0.660367,1.296,-1.970,97.301,0.006362,-0.418551,-0.024592,0.173627,-0.055882,0.044128
1790938282.722507,1790938282.728076,1.372654,6.076280,-0.072690,-0.024143,0.001632,-0.751204,-0.659627,1.686,-2.202,97.395,0.010941,-0.412647,-0.038041,0.191928,-0.113758,0.081682
1790938282.757507,1790938282.762790,1.387033,6.078590,-0.074598,-0.026006,0.000435,-0.752902,-0.657618,1.924,-2.277,97.691,0.018571,-0.400275,-0.060179,0.049040,0.050174,0.200126
1790938282.792507,1790938282.795701,1.401750,6.081304,-0.077331,-0.024812,-0.000265,-0.754757,-0.655535,1.888,-2.127,98.014,0.022623,-0.395873,-0.073950,-0.052639,0.119222,0.159645
1790938282.827502,1790938282.829069,1.415662,6.083872,-0.079949,-0.023098,-0.000602,-0.756027,-0.654133,1.785,-1.956,98.235,0.018665,-0.399798,-0.076795,-0.036225,0.043629,0.057066
1790938282.861502,1790938282.863907,1.430081,6.086418,-0.082708,-0.023019,-0.000503,-0.756324,-0.653792,1.770,-1.958,98.287,0.015931,-0.402560,-0.076672,0.022173,-0.028762,0.015247
1790938282.885502,1790938282.896869,1.439518,6.087988,-0.084535,-0.023204,-0.000540,-0.756939,-0.653074,1.785,-1.973,98.395,0.011540,-0.400632,-0.076655,-0.020453,0.028048,0.111943
1790938282.919495,1790938282.928777,1.453816,6.090136,-0.087345,-0.022204,-0.000366,-0.758433,-0.651372,1.690,-1.903,98.657,0.001071,-0.393241,-0.073832,-0.074480,0.057262,0.178992
1790938282.954495,1790938282.962858,1.467486,6.091774,-0.089866,-0.020910,0.000411,-0.760113,-0.649455,1.521,-1.852,98.953,-0.012074,-0.388354,-0.066764,-0.073347,-0.011061,0.099257
1790938282.989495,1790938282.996795,1.481390,6.093072,-0.092228,-0.020665,0.001750,-0.760824,-0.648627,1.384,-1.932,99.079,-0.018914,-0.384441,-0.059960,-0.061830,-0.060461,0.038949
1790938283.023491,1790938283.027566,1.495098,6.094227,-0.094240,-0.020723,0.003069,-0.761191,-0.648190,1.272,-2.036,99.145,-0.018487,-0.378862,-0.058415,-0.054395,-0.026787,0.027790
1790938283.058491,1790938283.063235,1.508416,6.095395,-0.096168,-0.019768,0.003267,-0.761496,-0.647860,1.183,-1.968,99.199,-0.012781,-0.368144,-0.057174,-0.032865,0.092389,0.026718
1790938283.093491,1790938283.094688,1.521200,6.096730,-0.097902,-0.018242,0.002318,-0.761963,-0.647360,1.151,-1.765,99.280,-0.003018,-0.354532,-0.046607,0.001246,0.134691,0.072383
1790938283.116485,1790938283.128944,1.529264,6.097679,-0.098790,-0.016796,0.001092,-0.763161,-0.645989,1.148,-1.550,99.491,0.000154,-0.344392,-0.035287,-0.013161,0.077425,0.140671
1790938283.151485,1790938283.165311,1.540737,6.099058,-0.099636,-0.016082,0.000932,-0.764801,-0.644065,1.106,-1.478,99.782,0.001656,-0.330002,-0.020486,-0.011564,0.006188,0.127455
1790938283.186485,1790938283.195616,1.552073,6.100425,-0.100171,-0.016228,0.001033,-0.765864,-0.642797,1.105,-1.500,99.971,0.001688,-0.317882,-0.014729,0.022756,-0.022208,0.111727
1790938283.221480,1790938283.228901,1.562903,6.101638,-0.100648,-0.017303,0.000443,-0.766910,-0.641522,1.234,-1.553,100.158,-0.001952,-0.306325,-0.021541,0.101822,-0.022027,0.059583
1790938283.255480,1790938283.261206,1.573416,6.102644,-0.101269,-0.018559,-0.000785,-0.767074,-0.641289,1.434,-1.574,100.188,-0.005573,-0.298363,-0.028917,0.142675,0.000038,-0.022987
1790938283.290480,1790938283.296999,1.583398,6.103383,-0.102204,-0.020567,-0.003637,-0.766415,-0.642006,1.833,-1.539,100.071,-0.010750,-0.291464,-0.035156,0.180705,0.025943,-0.063072
1790938283.325474,1790938283.328665,1.593354,6.103862,-0.103458,-0.021710,-0.005932,-0.765880,-0.642589,2.120,-1.469,99.978,-0.016120,-0.285101,-0.037588,0.155112,0.058544,-0.050499
1790938283.359474,1790938283.361547,1.603129,6.104121,-0.104726,-0.022401,-0.008746,-0.765290,-0.643237,2.420,-1.320,99.877,-0.019568,-0.282428,-0.031893,0.154936,0.083292,-0.067085
1790938283.395474,1790938283.396970,1.612793,6.104147,-0.105844,-0.023269,-0.011490,-0.764146,-0.644521,2.726,-1.189,99.680,-0.023024,-0.281000,-0.024343,0.134157,0.026083,-0.135678
1790938283.418470,1790938283.429945,1.619103,6.104076,-0.106527,-0.025132,-0.012606,-0.762218,-0.646710,2.966,-1.261,99.341,-0.022893,-0.281609,-0.024192,0.115107,-0.125595,-0.195575
1790938283.453470,1790938283.462055,1.628501,6.103867,-0.107422,-0.028087,-0.012169,-0.760312,-0.648837,3.151,-1.543,99.004,-0.025477,-0.282499,-0.033663,0.086248,-0.218043,-0.191907
1790938283.487470,1790938283.494011,1.638089,6.103496,-0.108865,-0.031495,-0.010817,-0.758108,-0.651278,3.294,-1.929,98.614,-0.028304,-0.283942,-0.046733,0.053213,-0.161391,-0.174564
1790938283.522463,1790938283.529961,1.647750,6.102958,-0.110841,-0.033817,-0.009964,-0.756020,-0.653598,3.400,-2.184,98.247,-0.034615,-0.288844,-0.056570,0.051412,-0.132655,-0.176164
1790938283.557463,1790938283.561777,1.657531,6.101957,-0.113065,-0.035772,-0.008769,-0.754181,-0.655633,3.451,-2.433,97.924,-0.051245,-0.291188,-0.055533,-0.023351,-0.125300,-0.129454
1790938283.591463,1790938283.597143,1.667130,6.100317,-0.115044,-0.036067,-0.006510,-0.753024,-0.656972,3.282,-2.623,97.719,-0.067808,-0.291428,-0.040444,-0.130927,-0.083634,-0.074968
1790938283.626458,1790938283.632369,1.677135,6.098083,-0.116456,-0.035824,-0.004618,-0.752204,-0.657940,3.104,-2.741,97.574,-0.081110,-0.294419,-0.020328,-0.083052,-0.064967,-0.109743
1790938283.649458,1790938283.661747,1.683462,6.096404,-0.116807,-0.035716,-0.003279,-0.750745,-0.659618,2.987,-2.826,97.320,-0.087024,-0.294604,-0.015020,-0.046375,-0.024475,-0.127724
1790938283.684458,1790938283.694788,1.693859,6.093400,-0.117454,-0.035258,-0.002926,-0.749693,-0.660839,2.926,-2.809,97.137,-0.096093,-0.293086,-0.015346,-0.047752,0.029511,-0.047467
1790938283.718451,1790938283.727781,1.703652,6.090307,-0.118047,-0.034106,-0.002202,-0.749736,-0.660853,2.776,-2.765,97.144,-0.099723,-0.295075,-0.013554,-0.108875,0.015005,0.045650
1790938283.754450,1790938283.761784,1.713890,6.086969,-0.118725,-0.032796,-0.000371,-0.750571,-0.659975,2.516,-2.794,97.288,-0.110244,-0.296745,-0.015798,-0.129200,-0.028591,0.069377
1790938283.789450,1790938283.796715,1.723941,6.083349,-0.119495,-0.032197,0.001144,-0.750572,-0.660003,2.340,-2.857,97.289,-0.120171,-0.299961,-0.018051,-0.025303,-0.019142,-0.070920
1790938283.823447,1790938283.829540,1.734417,6.079377,-0.120402,-0.032005,0.000634,-0.749302,-0.661454,2.375,-2.797,97.068,-0.126462,-0.300640,-0.017892,0.038538,0.080209,-0.132884
1790938283.858447,1790938283.860607,1.744843,6.075289,-0.120977,-0.031257,-0.001098,-0.748175,-0.662763,2.471,-2.597,96.872,-0.124762,-0.296039,-0.011042,0.075489,0.129543,-0.100845
1790938283.893447,1790938283.895607,1.754753,6.071369,-0.121043,-0.030560,-0.003083,-0.747387,-0.663679,2.591,-2.384,96.736,-0.119322,-0.289142,0.006611,0.020027,0.060826,-0.035690
1790938283.916442,1790938283.927773,1.761625,6.068736,-0.120709,-0.030354,-0.002886,-0.747282,-0.663807,2.559,-2.380,96.718,-0.113829,-0.287101,0.022551,-0.053075,-0.065752,0.000784
1790938283.951442,1790938283.963156,1.771412,6.065121,-0.119745,-0.030820,0.000288,-0.746979,-0.664133,2.324,-2.661,96.666,-0.107244,-0.285929,0.034307,-0.144369,-0.158915,-0.036993
1790938283.985442,1790938283.994719,1.781422,6.061593,-0.118718,-0.031045,0.003297,-0.746476,-0.664679,2.086,-2.908,96.582,-0.103913,-0.284051,0.027812,-0.149537,-0.137813,-0.057165
1790938284.020433,1790938284.030239,1.791412,6.058249,-0.118084,-0.030879,0.006170,-0.745629,-0.665617,1.831,-3.110,96.440,-0.096417,-0.286641,0.014179,-0.083373,-0.059149,-0.074868
1790938284.055433,1790938284.062017,1.801175,6.055226,-0.117834,-0.030588,0.006993,-0.744651,-0.666717,1.743,-3.146,96.273,-0.091337,-0.288163,-0.001055,-0.024512,0.013808,-0.094925
1790938284.089433,1790938284.094825,1.811539,6.052253,-0.117901,-0.030285,0.006803,-0.743706,-0.667786,1.741,-3.103,96.110,-0.087110,-0.290059,-0.015041,0.031112,0.022737,-0.095013
1790938284.125428,1790938284.129784,1.821399,6.049607,-0.118364,-0.031270,0.005980,-0.742754,-0.668807,1.891,-3.121,95.946,-0.080826,-0.292546,-0.021741,0.079883,-0.050797,-0.028777
1790938284.160428,1790938284.161987,1.831825,6.047073,-0.119223,-0.032693,0.005981,-0.742727,-0.668769,2.000,-3.243,95.942,-0.076639,-0.290556,-0.028950,0.043798,-0.079805,0.009969
1790938284.183428,1790938284.194990,1.838162,6.045569,-0.119912,-0.033971,0.006464,-0.742471,-0.668985,2.058,-3.388,95.900,-0.075268,-0.291456,-0.034099,0.024127,-0.056696,-0.059061
1790938284.218421,1790938284.229224,1.848616,6.043287,-0.121363,-0.034904,0.006341,-0.741468,-0.670050,2.146,-3.455,95.728,-0.071354,-0.295792,-0.040901,0.050661,-0.018340,-0.103965
1790938284.253421,1790938284.260819,1.858654,6.041304,-0.122948,-0.035330,0.005835,-0.740545,-0.671052,2.226,-3.449,95.570,-0.063384,-0.301579,-0.043834,0.022381,0.015462,-0.079830
1790938284.287421,1790938284.295768,1.869176,6.039673,-0.124269,-0.034910,0.005771,-0.739906,-0.671779,2.203,-3.406,95.460,-0.052858,-0.307290,-0.043626,-0.048820,0.005837,-0.023769
1790938284.322416,1790938284.329706,1.879934,6.038394,-0.125650,-0.034482,0.006701,-0.739989,-0.671702,2.090,-3.442,95.476,-0.045194,-0.316445,-0.045139,-0.055299,-0.043561,0.045595
1790938284.357416,1790938284.363074,1.890730,6.037458,-0.127145,-0.035001,0.007717,-0.740745,-0.670830,2.040,-3.567,95.608,-0.039584,-0.329309,-0.049126,0.012585,-0.066962,0.072964
1790938284.391416,1790938284.396898,1.902320,6.036820,-0.128928,-0.035780,0.008222,-0.741445,-0.670009,2.053,-3.674,95.729,-0.034434,-0.344633,-0.053825,-0.014926,-0.022677,0.050796
1790938284.427412,1790938284.429852,1.914109,6.036433,-0.130860,-0.035226,0.008700,-0.741836,-0.669599,1.968,-3.665,95.797,-0.033759,-0.362919,-0.057940,-0.067334,0.039361,0.031911
1790938284.450412,1790938284.461573,1.922835,6.036216,-0.132347,-0.032888,0.008933,-0.742141,-0.669377,1.767,-3.484,95.848,-0.036531,-0.378382,-0.059746,-0.133294,0.148753,0.018980
1790938284.484411,1790938284.495740,1.936281,6.035858,-0.134179,-0.028398,0.009026,-0.742598,-0.669075,1.411,-3.110,95.924,-0.040192,-0.400685,-0.054767,-0.187474,0.201050,0.050851
1790938284.519404,1790938284.528011,1.950011,6.035558,-0.135555,-0.025187,0.009055,-0.742990,-0.668767,1.161,-2.839,95.990,-0.038175,-0.416989,-0.046986,-0.112682,0.119818,0.002754
1790938284.554404,1790938284.561779,1.964608,6.035452,-0.136950,-0.023897,0.009832,-0.742116,-0.669773,0.999,-2.788,95.842,-0.034259,-0.425919,-0.052890,-0.065515,-0.059963,-0.132980
1790938284.589404,1790938284.594784,1.979317,6.035589,-0.138887,-0.024289,0.011685,-0.740498,-0.671517,0.879,-2.961,95.571,-0.023615,-0.424402,-0.073372,-0.087859,-0.081248,-0.110579
1790938284.623397,1790938284.628950,1.993822,6.036202,-0.141569,-0.023793,0.013114,-0.739840,-0.672234,0.722,-3.029,95.463,-0.009977,-0.419309,-0.094683,-0.091057,-0.000954,-0.010610
1790938284.658397,1790938284.662247,2.007707,6.037216,-0.144866,-0.022026,0.013914,-0.740382,-0.671681,0.516,-2.941,95.558,-0.000983,-0.414220,-0.112457,-0.109284,0.095870,0.111122
1790938284.693397,1790938284.695735,2.021784,6.038599,-0.148283,-0.018862,0.013732,-0.742217,-0.669754,0.280,-2.659,95.869,0.004471,-0.409701,-0.114867,-0.098508,0.187541,0.185806
1790938284.728392,1790938284.729914,2.035409,6.040118,-0.151307,-0.015619,0.011815,-0.744413,-0.667433,0.187,-2.237,96.238,0.006025,-0.411193,-0.102911,0.045458,0.212622,0.152823
1790938284.751392,1790938284.763150,2.044707,6.041184,-0.153121,-0.014211,0.008385,-0.745579,-0.666212,0.369,-1.855,96.429,0.004659,-0.414143,-0.090827,0.125794,0.175148,0.033914
1790938284.786392,1790938284.795680,2.059290,6.042796,-0.155554,-0.013551,0.005213,-0.745450,-0.666403,0.590,-1.556,96.401,0.002554,-0.413046,-0.072202,0.074707,0.112501,-0.047184
1790938284.821387,1790938284.830102,2.073442,6.044349,-0.157473,-0.013435,0.004425,-0.744893,-0.667034,0.649,-1.485,96.304,0.006204,-0.407362,-0.060357,0.010298,-0.031074,-0.058202
1790938284.856387,1790938284.860763,2.086975,6.046005,-0.159227,-0.014494,0.005566,-0.744417,-0.667534,0.634,-1.662,96.224,0.011696,-0.404241,-0.064710,-0.032837,-0.167877,-0.026043
1790938284.890387,1790938284.898289,2.100730,6.047985,-0.161298,-0.016268,0.008251,-0.744558,-0.667309,0.540,-2.019,96.254,0.020638,-0.402021,-0.080990,-0.047825,-0.102212,0.045732
1790938284.925378,1790938284.929844,2.114425,6.050388,-0.163657,-0.015952,0.008980,-0.745053,-0.666754,0.452,-2.049,96.341,0.030836,-0.399494,-0.096526,-0.020109,0.062888,0.035789
1790938284.960378,1790938284.962753,2.127507,6.053016,-0.166413,-0.014693,0.007880,-0.745400,-0.666409,0.449,-1.857,96.398,0.036469,-0.395195,-0.105092,0.019069,0.146774,0.039402
1790938284.983378,1790938284.994776,2.136227,6.054855,-0.168475,-0.013242,0.005373,-0.746098,-0.665683,0.551,-1.542,96.513,0.037111,-0.391477,-0.108641,0.080484,0.167912,0.080421
1790938285.017372,1790938285.028895,2.149290,6.057646,-0.171839,-0.012320,0.002514,-0.747119,-0.664571,0.723,-1.246,96.685,0.037076,-0.384902,-0.109228,0.105062,0.196966,0.117133
1790938285.052372,1790938285.060831,2.161753,6.060397,-0.174996,-0.011066,-0.000805,-0.748429,-0.663122,0.910,-0.888,96.910,0.040189,-0.381373,-0.096664,0.096885,0.144608,0.085559
1790938285.087372,1790938285.096658,2.174771,6.063445,-0.177954,-0.010814,-0.002216,-0.749080,-0.662387,1.011,-0.760,97.023,0.043141,-0.376892,-0.084450,-0.001377,-0.040269,0.019550
1790938285.122368,1790938285.127715,2.186913,6.066387,-0.180018,-0.011809,-0.000609,-0.749039,-0.662420,0.949,-0.967,97.015,0.043680,-0.370156,-0.082441,-0.064539,-0.136793,-0.027406
1790938285.157368,1790938285.162952,2.199086,6.069408,-0.182118,-0.012046,0.001342,-0.748513,-0.663009,0.800,-1.135,96.925,0.045958,-0.363031,-0.075709,-0.109415,-0.046709,-0.081022
1790938285.192368,1790938285.194657,2.211014,6.072447,-0.183873,-0.011259,0.002911,-0.747399,-0.664274,0.608,-1.186,96.733,0.046943,-0.357673,-0.060346,-0.067786,-0.015915,-0.105153
1790938285.226361,1790938285.229846,2.222749,6.075408,-0.185092,-0.011414,0.003662,-0.746266,-0.665539,0.557,-1.255,96.539,0.046638,-0.352254,-0.043321,0.003756,-0.054553,-0.078673
1790938285.250361,1790938285.260748,2.229961,6.077181,-0.185624,-0.012577,0.003650,-0.745781,-0.666063,0.648,-1.354,96.456,0.044159,-0.346450,-0.036868,0.074354,-0.034321,0.001002
1790938285.284361,1790938285.294716,2.241163,6.079800,-0.186430,-0.014101,0.002212,-0.746197,-0.665572,0.887,-1.375,96.527,0.036984,-0.334697,-0.034782,0.153157,0.016322,0.055292
1790938285.319354,1790938285.328707,2.251874,6.082094,-0.187002,-0.015455,-0.000142,-0.746750,-0.664925,1.190,-1.312,96.621,0.029852,-0.321360,-0.040999,0.206041,0.051522,0.054156
1790938285.354354,1790938285.363332,2.261876,6.084035,-0.187683,-0.017044,-0.002790,-0.747450,-0.664093,1.537,-1.248,96.742,0.019750,-0.306570,-0.043820,0.129894,-0.006027,0.078652
1790938285.389354,1790938285.396653,2.271620,6.085508,-0.188689,-0.018365,-0.002947,-0.748349,-0.663045,1.649,-1.351,96.898,0.002902,-0.292070,-0.047309,-0.009214,-0.079246,0.061104
1790938285.423352,1790938285.429870,2.281071,6.086360,-0.189906,-0.019230,-0.001669,-0.748363,-0.663008,1.605,-1.523,96.900,-0.014044,-0.287326,-0.050166,0.014126,-0.099041,-0.073211
1790938285.458352,1790938285.461634,2.290504,6.086609,-0.191379,-0.021429,-0.001046,-0.746865,-0.664629,1.723,-1.755,96.642,-0.030112,-0.288077,-0.056503,0.112643,-0.206697,-0.237084
1790938285.482352,1790938285.494132,2.296719,6.086402,-0.192615,-0.026455,0.000456,-0.743177,-0.668572,1.990,-2.289,96.010,-0.041733,-0.288965,-0.066335,0.110090,-0.318628,-0.339354
1790938285.517345,1790938285.527950,2.305964,6.085499,-0.194897,-0.031255,0.002803,-0.739314,-0.672629,2.175,-2.865,95.354,-0.061203,-0.291282,-0.088153,0.035259,-0.264034,-0.281830
1790938285.551345,1790938285.561723,2.315861,6.083826,-0.197827,-0.033453,0.004804,-0.737119,-0.674918,2.185,-3.199,94.984,-0.078079,-0.293570,-0.105217,-0.053776,-0.146292,-0.121627
1790938285.586345,1790938285.595765,2.325570,6.081652,-0.201116,-0.034040,0.007687,-0.736503,-0.675534,1.990,-3.470,94.884,-0.091854,-0.296036,-0.103975,-0.125474,-0.106869,0.008315
1790938285.621339,1790938285.630039,2.335115,6.079060,-0.204100,-0.033396,0.010385,-0.736524,-0.675507,1.712,-3.625,94.895,-0.104153,-0.300436,-0.090803,-0.201043,-0.072761,0.008615
1790938285.655339,1790938285.663824,2.345273,6.076037,-0.206719,-0.031743,0.013560,-0.736502,-0.675555,1.316,-3.731,94.900,-0.109537,-0.306499,-0.070683,-0.171350,-0.044698,-0.002934
1790938285.690339,1790938285.696783,2.355328,6.072918,-0.208593,-0.030205,0.016613,-0.736577,-0.675474,0.938,-3.838,94.924,-0.113447,-0.311769,-0.054427,-0.224948,-0.060357,0.046109
1790938285.725333,1790938285.728561,2.366173,6.069383,-0.210122,-0.028691,0.019207,-0.737001,-0.675009,0.599,-3.912,95.007,-0.123295,-0.313695,-0.053242,-0.161281,-0.009148,0.040074
1790938285.760333,1790938285.761938,2.376503,6.065750,-0.211064,-0.026466,0.019802,-0.736900,-0.675193,0.376,-3.770,94.992,-0.128071,-0.317637,-0.047219,-0.065414,0.137287,-0.040345
1790938285.795333,1790938285.796907,2.387212,6.061950,-0.211762,-0.024455,0.018223,-0.736628,-0.675611,0.356,-3.477,94.937,-0.124595,-0.316232,-0.030612,0.022429,0.117947,0.002779
1790938285.818330,1790938285.828659,2.394199,6.059525,-0.211912,-0.024217,0.017559,-0.737000,-0.675231,0.392,-3.406,94.997,-0.120290,-0.314030,-0.017757,0.021082,-0.056401,0.054593
1790938285.853330,1790938285.862809,2.404408,6.056035,-0.211847,-0.026264,0.019196,-0.738041,-0.673971,0.406,-3.706,95.183,-0.117860,-0.306907,-0.011796,0.001361,-0.201183,0.128627
1790938285.887330,1790938285.895740,2.414975,6.052516,-0.212016,-0.027721,0.021061,-0.739143,-0.672648,0.354,-3.975,95.381,-0.111842,-0.297574,-0.020319,-0.053124,-0.075417,0.079142
1790938285.922324,1790938285.929858,2.424676,6.049437,-0.212613,-0.026528,0.021529,-0.739396,-0.672404,0.220,-3.910,95.426,-0.106982,-0.290526,-0.033523,-0.057931,0.140795,-0.026574
1790938285.957324,1790938285.962474,2.434447,6.046401,-0.212819,-0.023480,0.019760,-0.739239,-0.672744,0.137,-3.515,95.388,-0.103412,-0.283136,-0.034536,-0.034839,0.211662,0.015138
1790938285.991324,1790938285.994999,2.443975,6.043519,-0.212874,-0.021420,0.018461,-0.739692,-0.672351,0.086,-3.240,95.458,-0.097720,-0.276001,-0.019946,-0.032609,0.120073,0.054991
1790938286.026318,1790938286.030202,2.452986,6.040890,-0.212503,-0.020048,0.018450,-0.740296,-0.671729,-0.022,-3.122,95.561,-0.090318,-0.269438,-0.008641,-0.058654,0.000172,0.049417
1790938286.049318,1790938286.062129,2.459031,6.039309,-0.212224,-0.020527,0.019365,-0.740497,-0.671467,-0.064,-3.234,95.600,-0.083369,-0.271256,-0.011960,0.042917,-0.101586,-0.025932
1790938286.084318,1790938286.095912,2.468430,6.037282,-0.212304,-0.022718,0.019471,-0.739740,-0.672228,0.100,-3.428,95.472,-0.071639,-0.278739,-0.030884,0.111467,-0.072176,-0.101992
1790938286.119311,1790938286.129004,2.477764,6.035811,-0.213187,-0.024227,0.018264,-0.738353,-0.673732,0.326,-3.462,95.231,-0.058804,-0.284081,-0.051628,0.086164,0.029100,-0.123459
1790938286.154311,1790938286.161537,2.487768,6.034719,-0.214403,-0.024683,0.016859,-0.737320,-0.674882,0.485,-3.391,95.049,-0.049763,-0.285612,-0.067325,0.104386,0.042013,-0.090154
1790938286.189312,1790938286.196932,2.497217,6.033914,-0.215751,-0.025536,0.015044,-0.736697,-0.675574,0.708,-3.322,94.936,-0.046203,-0.285856,-0.071548,0.084265,0.037131,-0.036027
1790938286.223307,1790938286.228774,2.506961,6.033195,-0.217314,-0.025804,0.013735,-0.736326,-0.675995,0.841,-3.243,94.868,-0.043829,-0.285414,-0.066235,0.062696,0.037485,-0.029249
1790938286.258307,1790938286.261660,2.516424,6.032620,-0.218774,-0.026203,0.012389,-0.736104,-0.676248,0.987,-3.172,94.826,-0.039386,-0.285803,-0.060859,0.101290,0.051791,-0.021895
1790938286.293307,1790938286.294952,2.526471,6.032296,-0.220277,-0.026534,0.010460,-0.735896,-0.676493,1.177,-3.050,94.785,-0.029670,-0.286421,-0.054062,0.092203,0.057809,-0.015559
1790938286.316300,1790938286.327766,2.532883,6.032320,-0.221138,-0.027294,0.009132,-0.735814,-0.676571,1.348,-3.011,94.768,-0.021625,-0.286963,-0.048694,0.052359,-0.037740,-0.013035
1790938286.351300,1790938286.362802,2.542393,6.032727,-0.222044,-0.028563,0.010452,-0.735452,-0.676894,1.337,-3.220,94.711,-0.009960,-0.289391,-0.045398,-0.048056,-0.156531,-0.023440
1790938286.385300,1790938286.394991,2.552386,6.033613,-0.222692,-0.029999,0.012514,-0.735422,-0.676829,1.275,-3.501,94.713,0.000650,-0.298639,-0.054509,-0.023758,-0.164421,0.034573
1790938286.420291,1790938286.428958,2.562526,6.034959,-0.223758,-0.031606,0.014163,-0.735901,-0.676203,1.258,-3.765,94.800,0.010185,-0.314132,-0.062746,0.010583,-0.094006,0.055014
1790938286.455291,1790938286.460722,2.573835,6.036727,-0.225327,-0.032409,0.014209,-0.736416,-0.675603,1.313,-3.838,94.888,0.012022,-0.329948,-0.067974,0.060067,0.028944,0.057801
1790938286.490291,1790938286.494780,2.584978,6.038521,-0.227004,-0.032172,0.012112,-0.737414,-0.674566,1.467,-3.657,95.050,0.012079,-0.340931,-0.066525,0.085202,0.099379,0.077038
1790938286.525282,1790938286.529972,2.596759,6.040450,-0.228798,-0.032502,0.010547,-0.738276,-0.673633,1.620,-3.566,95.192,0.011228,-0.346487,-0.064008,0.101914,0.001771,0.100343
1790938286.548282,1790938286.560936,2.604555,6.041749,-0.230032,-0.034252,0.009623,-0.739850,-0.671830,1.825,-3.647,95.459,0.009996,-0.346649,-0.064200,0.108934,-0.064558,0.169376
1790938286.583282,1790938286.594691,2.616349,6.043767,-0.231317,-0.035747,0.009420,-0.742054,-0.669320,1.945,-3.765,95.836,0.007991,-0.342855,-0.069323,0.022978,-0.018900,0.234965
1790938286.617276,1790938286.627520,2.627999,6.045845,-0.233007,-0.035360,0.009154,-0.744915,-0.666159,1.922,-3.720,96.327,0.005679,-0.338516,-0.075771,-0.006702,0.102777,0.350860
1790938286.652276,1790938286.660980,2.639314,6.048003,-0.234773,-0.033643,0.008045,-0.749127,-0.661523,1.864,-3.500,97.050,0.006698,-0.341218,-0.066726,-0.009715,0.107482,0.361578
1790938286.687276,1790938286.695258,2.651117,6.050391,-0.236211,-0.033533,0.008458,-0.752666,-0.657494,1.801,-3.532,97.667,0.005996,-0.345222,-0.051207,0.005536,-0.156041,0.209262
1790938286.722270,1790938286.729734,2.662733,6.052800,-0.237419,-0.036505,0.011216,-0.753823,-0.655967,1.780,-4.000,97.879,0.006025,-0.347670,-0.051360,-0.007226,-0.279694,0.024938
1790938286.756270,1790938286.761631,2.675086,6.055561,-0.239254,-0.039879,0.013476,-0.753327,-0.656298,1.842,-4.461,97.804,0.013546,-0.350563,-0.071611,0.038399,-0.149190,-0.060122
1790938286.791270,1790938286.794886,2.686789,6.058499,-0.240883,-0.040810,0.013648,-0.752726,-0.656926,1.901,-4.552,97.700,0.019112,-0.353198,-0.088471,0.024417,0.007272,-0.051143
1790938286.826262,1790938286.829934,2.698907,6.061592,-0.243191,-0.040747,0.013405,-0.752313,-0.657408,1.920,-4.527,97.627,0.016056,-0.356640,-0.095113,-0.008631,-0.016501,-0.022962
1790938286.850262,1790938286.860765,2.706939,6.063535,-0.244877,-0.041119,0.014076,-0.752117,-0.657594,1.892,-4.610,97.596,0.011713,-0.359211,-0.096218,-0.008088,-0.044531,-0.008818
1790938286.884262,1790938286.894829,2.719266,6.066314,-0.247622,-0.041476,0.014166,-0.752013,-0.657690,1.912,-4.647,97.578,0.006432,-0.361800,-0.095862,0.006784,0.004203,-0.009333
1790938286.919254,1790938286.927765,2.731632,6.068936,-0.250418,-0.041154,0.013992,-0.751990,-0.657739,1.903,-4.606,97.573,0.003068,-0.360090,-0.092538,-0.010916,0.033895,0.010828
1790938286.954254,1790938286.961605,2.743868,6.071418,-0.253115,-0.040906,0.014073,-0.752108,-0.657619,1.876,-4.591,97.594,0.000422,-0.355375,-0.083110,-0.023417,-0.036893,-0.000435
1790938286.989254,1790938286.995795,2.755633,6.073685,-0.254950,-0.041432,0.015788,-0.751766,-0.657937,1.770,-4.765,97.542,-0.003557,-0.345541,-0.078468,-0.096563,-0.134751,-0.042717
1790938287.023245,1790938287.028771,2.766954,6.075761,-0.256679,-0.042008,0.018320,-0.751102,-0.658594,1.600,-5.005,97.439,-0.006899,-0.332014,-0.085130,-0.107860,-0.135973,-0.078674
1790938287.058245,1790938287.062796,2.778434,6.077755,-0.259030,-0.041968,0.020886,-0.749872,-0.659920,1.385,-5.193,97.239,-0.008798,-0.316573,-0.096024,-0.124228,-0.035734,-0.120779
1790938287.093245,1790938287.096280,2.788782,6.079553,-0.261574,-0.040384,0.021641,-0.748437,-0.661622,1.211,-5.111,96.992,-0.009044,-0.302109,-0.099662,-0.060647,0.100435,-0.117589
1790938287.116239,1790938287.127719,2.795800,6.080709,-0.263447,-0.038869,0.020671,-0.747368,-0.662950,1.187,-4.905,96.800,-0.010557,-0.292395,-0.094680,0.023379,0.120043,-0.118402
1790938287.150239,1790938287.161654,2.805372,6.082131,-0.265790,-0.038632,0.018787,-0.745947,-0.664619,1.341,-4.738,96.544,-0.014720,-0.275925,-0.076939,0.075830,0.005107,-0.094365
1790938287.186239,1790938287.196642,2.814591,6.083219,-0.267336,-0.039713,0.018388,-0.745192,-0.665412,1.463,-4.799,96.413,-0.021185,-0.253239,-0.056858,0.032393,-0.067179,-0.067016
1790938287.221231,1790938287.229789,2.822989,6.083869,-0.267799,-0.040517,0.019386,-0.744316,-0.666316,1.446,-4.942,96.267,-0.030205,-0.228559,-0.042068,-0.053487,-0.087315,-0.091135
1790938287.255230,1790938287.261961,2.830730,6.083949,-0.268108,-0.041529,0.020904,-0.742723,-0.667983,1.405,-5.142,96.002,-0.044502,-0.209906,-0.035545,0.018686,-0.111084,-0.170066
1790938287.290231,1790938287.294664,2.837726,6.083434,-0.268396,-0.043375,0.021376,-0.740783,-0.670001,1.522,-5.331,95.674,-0.058337,-0.194704,-0.030627,0.076150,-0.121902,-0.207364
1790938287.325224,1790938287.327795,2.844398,6.082304,-0.268759,-0.045941,0.021657,-0.738284,-0.672575,1.717,-5.565,95.250,-0.070556,-0.178351,-0.025362,0.079900,-0.127858,-0.217082
1790938287.359224,1790938287.362136,2.850510,6.080645,-0.269141,-0.048475,0.022193,-0.735772,-0.675128,1.889,-5.814,94.827,-0.082068,-0.161903,-0.022113,0.039625,-0.133688,-0.188423
1790938287.394224,1790938287.396089,2.855957,6.078519,-0.269271,-0.050518,0.023342,-0.733462,-0.677449,1.971,-6.069,94.442,-0.094976,-0.150500,-0.022101,0.019665,-0.134104,-0.188421
1790938287.417220,1790938287.428056,2.859597,6.076698,-0.269092,-0.052113,0.024225,-0.731475,-0.679443,2.040,-6.267,94.112,-0.103841,-0.144473,-0.024042,0.004780,-0.110934,-0.185324
1790938287.452220,1790938287.463250,2.864487,6.073737,-0.269079,-0.053059,0.025755,-0.729168,-0.681788,2.006,-6.459,93.733,-0.113810,-0.135339,-0.026303,-0.067568,-0.065920,-0.129136
1790938287.487220,1790938287.496799,2.869267,6.070340,-0.269326,-0.052847,0.027086,-0.728007,-0.682992,1.889,-6.543,93.547,-0.121723,-0.130073,-0.027398,-0.082870,-0.035184,-0.090607
1790938287.522215,1790938287.528696,2.873855,6.066583,-0.269893,-0.052192,0.028190,-0.727157,-0.683904,1.753,-6.573,93.411,-0.130361,-0.123415,-0.033246,-0.059507,0.004664,-0.031443
1790938287.556215,1790938287.562761,2.878228,6.062548,-0.270843,-0.051139,0.028224,-0.726914,-0.684240,1.670,-6.487,93.370,-0.136525,-0.118594,-0.039722,-0.033408,0.074073,-0.026981
1790938287.592215,1790938287.595417,2.882271,6.058452,-0.272096,-0.050202,0.027873,-0.726282,-0.684995,1.631,-6.379,93.261,-0.142112,-0.110308,-0.048000,-0.024916,0.040569,-0.113646
1790938287.626209,1790938287.628860,2.886045,6.053987,-0.272982,-0.050151,0.027612,-0.724467,-0.686928,1.666,-6.350,92.955,-0.147105,-0.098968,-0.063079,0.000847,-0.012293,-0.170229
1790938287.661209,1790938287.663829,2.889315,6.049623,-0.274566,-0.050716,0.027953,-0.722752,-0.688677,1.698,-6.420,92.671,-0.145576,-0.090592,-0.083283,-0.013737,-0.058456,-0.079109
1790938287.684209,1790938287.696689,2.891377,6.046736,-0.276188,-0.050528,0.029002,-0.722289,-0.689133,1.600,-6.486,92.601,-0.144400,-0.086699,-0.097941,-0.083475,0.009834,-0.015699
1790938287.719203,1790938287.727722,2.894460,6.042443,-0.279374,-0.049180,0.029274,-0.721775,-0.689758,1.475,-6.395,92.516,-0.140429,-0.087225,-0.115284,-0.061044,0.096206,-0.096034
1790938287.754203,1790938287.762936,2.897497,6.038489,-0.283044,-0.047510,0.028145,-0.720199,-0.691567,1.451,-6.163,92.246,-0.127563,-0.084818,-0.120738,0.014628,0.105131,-0.184264
1790938287.788203,1790938287.794736,2.900492,6.034875,-0.286907,-0.047031,0.027232,-0.718136,-0.693778,1.507,-6.047,91.897,-0.119715,-0.086131,-0.122662,-0.033570,0.015475,-0.198957
1790938287.823196,1790938287.829942,2.903414,6.031571,-0.290035,-0.045624,0.028929,-0.716185,-0.695817,1.271,-6.062,91.586,-0.105553,-0.081945,-0.111101,-0.192762,-0.044998,-0.058332
1790938287.858196,1790938287.863362,2.906370,6.028704,-0.292502,-0.043672,0.032546,-0.715532,-0.696453,0.822,-6.190,91.504,-0.092543,-0.086717,-0.100223,-0.237106,-0.063409,-0.017004
1790938287.893196,1790938287.895677,2.909520,6.026391,-0.294703,-0.042174,0.035503,-0.715455,-0.696480,0.458,-6.304,91.515,-0.077890,-0.095810,-0.091742,-0.190130,-0.082872,0.014380
1790938287.916191,1790938287.927713,2.911993,6.024981,-0.296202,-0.041528,0.038528,-0.714870,-0.696959,0.162,-6.493,91.444,-0.072900,-0.106417,-0.085456,-0.139562,-0.124144,-0.125882
1790938287.951191,1790938287.964538,2.915813,6.023124,-0.298102,-0.042633,0.039869,-0.712936,-0.698795,0.158,-6.691,91.139,-0.068418,-0.112074,-0.077167,0.060467,-0.062760,-0.174771
1790938287.986191,1790938287.994047,2.919823,6.021342,-0.300006,-0.043985,0.038991,-0.711266,-0.700461,0.355,-6.730,90.856,-0.063519,-0.112363,-0.070763,0.115240,0.012123,-0.146278
1790938288.020182,1790938288.028128,2.923904,6.019791,-0.301302,-0.045484,0.037175,-0.709914,-0.701834,0.638,-6.705,90.618,-0.052816,-0.114475,-0.058305,0.134013,-0.010851,-0.081059
1790938288.055182,1790938288.061789,2.928007,6.018562,-0.301674,-0.047914,0.036360,-0.709649,-0.701984,0.904,-6.837,90.568,-0.045618,-0.113617,-0.048286,0.123661,-0.110419,0.029715
1790938288.090182,1790938288.095718,2.932019,6.017549,-0.301889,-0.050862,0.036828,-0.710466,-0.700924,1.095,-7.117,90.707,-0.042641,-0.114474,-0.042675,0.086414,-0.152386,0.110323
1790938288.125175,1790938288.128574,2.936215,6.016644,-0.302334,-0.052970,0.037340,-0.711772,-0.699414,1.210,-7.333,90.926,-0.040100,-0.115828,-0.045577,0.091340,-0.083883,0.150363
1790938288.159175,1790938288.163505,2.940583,6.015835,-0.303117,-0.054586,0.036596,-0.713453,-0.697615,1.383,-7.409,91.197,-0.044227,-0.122336,-0.050276,0.104700,0.003646,0.122099
1790938288.182175,1790938288.194771,2.943591,6.015226,-0.303812,-0.055471,0.035275,-0.715143,-0.695880,1.546,-7.379,91.465,-0.049021,-0.125205,-0.050838,0.116751,0.015076,0.150762
1790938288.218169,1790938288.228838,2.948234,6.014256,-0.305005,-0.057652,0.033421,-0.716837,-0.694049,1.856,-7.414,91.730,-0.051926,-0.131126,-0.055124,0.210736,-0.042908,0.107785
1790938288.252169,1790938288.262759,2.953115,6.013313,-0.305597,-0.060997,0.031630,-0.718021,-0.692622,2.259,-7.551,91.914,-0.051875,-0.127920,-0.066491,0.207532,-0.075661,0.082512
1790938288.287169,1790938288.296081,2.957699,6.012474,-0.306929,-0.062922,0.030651,-0.718744,-0.691743,2.486,-7.635,92.027,-0.056132,-0.121565,-0.085898,0.072860,-0.014686,0.073057
1790938288.322163,1790938288.329644,2.962309,6.011486,-0.309350,-0.063148,0.029985,-0.719938,-0.690509,2.546,-7.605,92.221,-0.062153,-0.116964,-0.107620,0.032615,0.046755,0.122704
1790938288.357163,1790938288.361727,2.966504,6.010489,-0.312621,-0.062166,0.028811,-0.721769,-0.688734,2.546,-7.436,92.518,-0.068063,-0.108749,-0.131383,0.004799,0.140506,0.152663
1790938288.391163,1790938288.393971,2.970492,6.009457,-0.316687,-0.060036,0.027210,-0.723278,-0.687404,2.494,-7.138,92.758,-0.064103,-0.097998,-0.136783,-0.036572,0.224595,0.113273
1790938288.426159,1790938288.428171,2.973969,6.008666,-0.320501,-0.055690,0.025792,-0.724662,-0.686366,2.254,-6.668,92.978,-0.054848,-0.083422,-0.121531,-0.184829,0.236132,0.076210
1790938288.461159,1790938288.463442,2.977213,6.008024,-0.322750,-0.050664,0.026267,-0.725157,-0.686214,1.812,-6.288,93.061,-0.044595,-0.071007,-0.095600,-0.214274,0.126808,-0.012588
1790938288.484159,1790938288.495712,2.979032,6.007765,-0.323660,-0.048299,0.027450,-0.724672,-0.686851,1.531,-6.183,92.987,-0.038265,-0.063360,-0.080892,-0.068042,-0.032234,-0.063320
1790938288.518151,1790938288.528112,2.981531,6.007517,-0.324743,-0.048906,0.028548,-0.723865,-0.687614,1.495,-6.319,92.860,-0.028222,-0.048398,-0.061150,-0.006802,-0.118077,-0.056693
1790938288.554151,1790938288.559679,2.983386,6.007616,-0.325320,-0.050404,0.030167,-0.723453,-0.687870,1.482,-6.571,92.804,-0.015289,-0.029516,-0.048960,-0.041031,-0.099746,-0.016985
1790938288.588151,1790938288.596870,2.984620,6.007956,-0.325901,-0.050401,0.031251,-0.723053,-0.688243,1.395,-6.656,92.745,-0.008868,-0.011447,-0.046507,-0.020012,0.006335,-0.029252
1790938288.623147,1790938288.628995,2.985239,6.008402,-0.326449,-0.050735,0.030816,-0.722705,-0.688603,1.461,-6.648,92.683,-0.009532,0.002834,-0.045502,0.069423,-0.022284,-0.042837
1790938288.658147,1790938288.661192,2.985393,6.008719,-0.326381,-0.052220,0.030203,-0.722120,-0.689132,1.636,-6.722,92.582,-0.012646,0.014347,-0.045793,0.100948,-0.056283,-0.059363
1790938288.692147,1790938288.696009,2.985078,6.008959,-0.326169,-0.053737,0.029316,-0.721805,-0.689384,1.833,-6.776,92.524,-0.013421,0.027598,-0.048609,0.105009,0.002991,-0.003613
1790938288.727144,1790938288.728954,2.984254,6.009161,-0.326301,-0.054558,0.027930,-0.721669,-0.689520,2.015,-6.734,92.492,-0.015087,0.042249,-0.051123,0.049508,0.032080,-0.039853
1790938288.750144,1790938288.764332,2.983415,6.009265,-0.326555,-0.054190,0.027305,-0.720877,-0.690402,2.046,-6.652,92.355,-0.017662,0.051613,-0.055017,-0.031430,0.050323,-0.086158
1790938288.785144,1790938288.794998,2.981782,6.009341,-0.327265,-0.053467,0.026972,-0.719982,-0.691404,2.025,-6.563,92.204,-0.021480,0.063553,-0.062726,-0.006275,0.049482,-0.103106
1790938288.820134,1790938288.827223,2.979703,6.009284,-0.328482,-0.052711,0.025787,-0.718471,-0.693078,2.077,-6.401,91.945,-0.026841,0.072257,-0.072398,0.031321,0.115012,-0.161102
1790938288.854134,1790938288.861861,2.977379,6.008980,-0.329868,-0.051828,0.022745,-0.715886,-0.695919,2.281,-6.077,91.499,-0.038065,0.074776,-0.084331,0.118388,0.164789,-0.289402
1790938288.889134,1790938288.894858,2.974967,6.008355,-0.330864,-0.051561,0.019409,-0.712556,-0.699449,2.562,-5.776,90.934,-0.050172,0.079576,-0.089338,0.089946,0.108194,-0.262645
1790938288.924126,1790938288.929783,2.972217,6.007316,-0.332351,-0.051124,0.017999,-0.710270,-0.701840,2.660,-5.618,90.554,-0.060045,0.086655,-0.092964,-0.005373,0.036700,-0.113495
1790938288.959126,1790938288.961714,2.969230,6.006033,-0.334228,-0.050601,0.017744,-0.709508,-0.702654,2.645,-5.551,90.428,-0.065670,0.089044,-0.097408,-0.033301,0.050155,-0.057256
1790938288.983126,1790938288.993870,2.967239,6.005115,-0.335661,-0.048915,0.017126,-0.708807,-0.703496,2.564,-5.361,90.311,-0.069240,0.088378,-0.101255,-0.051942,0.130891,-0.070437
1790938289.017118,1790938289.028753,2.964240,6.003551,-0.338092,-0.046556,0.015987,-0.707958,-0.704538,2.472,-5.074,90.168,-0.073186,0.085705,-0.098887,-0.055123,0.137805,-0.083782
1790938289.052118,1790938289.061762,2.961342,6.001855,-0.340453,-0.044688,0.015305,-0.707175,-0.705459,2.382,-4.864,90.038,-0.077683,0.082052,-0.090584,-0.050869,0.101488,-0.073798
1790938289.087118,1790938289.096882,2.958650,6.000112,-0.341390,-0.043569,0.014275,-0.706499,-0.706228,2.379,-4.688,89.925,-0.078205,0.078122,-0.082389,0.052995,0.074242,-0.057374
1790938289.121113,1790938289.129968,2.955963,5.998340,-0.342374,-0.043536,0.012821,-0.705835,-0.706921,2.498,-4.565,89.812,-0.074060,0.078252,-0.072130,0.033283,0.036745,-0.045775
1790938289.156112,1790938289.161813,2.953277,5.996762,-0.343118,-0.043552,0.012685,-0.705674,-0.707083,2.512,-4.554,89.786,-0.071060,0.082224,-0.063670,-0.007768,-0.030378,0.010666
1790938289.191113,1790938289.195796,2.950325,5.995118,-0.343994,-0.043664,0.013764,-0.705823,-0.706908,2.433,-4.652,89.813,-0.069736,0.084210,-0.059650,-0.058159,-0.022203,0.007824
1790938289.226104,1790938289.228867,2.947536,5.993594,-0.344861,-0.042785,0.014173,-0.705727,-0.707049,2.329,-4.613,89.799,-0.072992,0.083292,-0.059669,-0.058952,0.049764,-0.027995
1790938289.249104,1790938289.260866,2.945644,5.992394,-0.345600,-0.041970,0.013953,-0.705041,-0.707786,2.284,-4.527,89.687,-0.078441,0.079227,-0.057822,0.007858,0.018883,-0.080242
1790938289.296104,1790938289.299244,2.942322,5.989727,-0.345867,-0.042173,0.013477,-0.703949,-0.708869,2.347,-4.501,89.509,-0.089587,0.072637,-0.056010,0.027530,0.009939,-0.079038
1790938289.319102,1790938289.328463,2.940724,5.988207,-0.345958,-0.042156,0.013029,-0.703391,-0.709432,2.385,-4.462,89.417,-0.095493,0.072684,-0.056172,0.004524,0.033909,-0.035956
1790938289.353102,1790938289.361032,2.938289,5.985619,-0.346345,-0.041705,0.012608,-0.703072,-0.709783,2.384,-4.390,89.364,-0.105969,0.073007,-0.056712,-0.003556,0.027423,-0.027728
1790938289.388102,1790938289.394172,2.935945,5.982755,-0.347006,-0.041395,0.012418,-0.702771,-0.710103,2.376,-4.348,89.315,-0.116234,0.073445,-0.060068,-0.011370,0.018908,-0.015400
1790938289.423095,1790938289.428954,2.933518,5.979486,-0.348073,-0.040666,0.012429,-0.702725,-0.710189,2.316,-4.290,89.308,-0.124733,0.073226,-0.065051,-0.052662,0.038529,0.013955
1790938289.458095,1790938289.462042,2.931222,5.976068,-0.349463,-0.039551,0.012486,-0.703050,-0.709930,2.218,-4.206,89.361,-0.132618,0.070823,-0.070299,-0.062688,0.061465,0.040048
1790938289.492095,1790938289.495692,2.928937,5.972129,-0.350445,-0.037942,0.012565,-0.703537,-0.709534,2.078,-4.084,89.440,-0.140961,0.066401,-0.073699,-0.084029,0.065588,0.035324
1790938289.527089,1790938289.528978,2.926983,5.968169,-0.351224,-0.035710,0.012979,-0.703940,-0.709243,1.860,-3.939,89.506,-0.148221,0.060910,-0.074319,-0.117365,0.074099,0.022360
1790938289.550089,1790938289.559991,2.925764,5.965201,-0.351979,-0.033813,0.013661,-0.703928,-0.709334,1.650,-3.841,89.506,-0.153654,0.055222,-0.072854,-0.089035,0.019533,-0.022651
1790938289.585089,1790938289.595938,2.924267,5.960658,-0.353153,-0.033188,0.014752,-0.703408,-0.709858,1.514,-3.878,89.426,-0.160285,0.047542,-0.069693,-0.059023,-0.054234,-0.046735
1790938289.620079,1790938289.629820,2.923073,5.956102,-0.354408,-0.033458,0.015947,-0.702762,-0.710459,1.443,-3.996,89.326,-0.161567,0.040658,-0.067498,-0.028294,-0.081130,-0.069875
1790938289.655079,1790938289.661872,2.922099,5.951595,-0.355810,-0.034244,0.017115,-0.701833,-0.711312,1.419,-4.153,89.180,-0.158952,0.036724,-0.068598,-0.015422,-0.080251,-0.069791
1790938289.690079,1790938289.695029,2.921086,5.946836,-0.357191,-0.034687,0.018089,-0.701071,-0.712017,1.381,-4.266,89.061,-0.158533,0.037471,-0.071349,-0.039608,-0.051095,-0.070278
1790938289.725074,1790938289.728766,2.920104,5.942179,-0.357978,-0.034630,0.018820,-0.700045,-0.713010,1.324,-4.320,88.899,-0.162739,0.037734,-0.077071,-0.017921,0.001292,-0.086308
1790938289.760074,1790938289.761903,2.919165,5.937461,-0.359168,-0.034082,0.018610,-0.699100,-0.713968,1.301,-4.257,88.746,-0.169438,0.037696,-0.080036,-0.024960,0.056079,-0.054431
1790938289.794074,1790938289.796633,2.918243,5.932315,-0.360650,-0.032977,0.018259,-0.698602,-0.714517,1.242,-4.139,88.665,-0.177378,0.034985,-0.075735,-0.045593,0.052000,-0.036331
1790938289.818070,1790938289.826926,2.917758,5.928793,-0.361591,-0.032049,0.018446,-0.698240,-0.714908,1.153,-4.079,88.607,-0.182417,0.031024,-0.070357,-0.068803,0.016252,-0.030702
1790938289.852070,1790938289.861903,2.917148,5.923128,-0.362999,-0.031034,0.019322,-0.697819,-0.715341,1.001,-4.069,88.544,-0.189519,0.028586,-0.060369,-0.096423,-0.002232,-0.036732
1790938289.887070,1790938289.894929,2.916651,5.917394,-0.364119,-0.029665,0.020722,-0.697131,-0.716031,0.781,-4.073,88.440,-0.195468,0.027404,-0.047106,-0.126055,-0.012529,-0.064216
1790938289.922063,1790938289.928463,2.916197,5.911244,-0.363697,-0.028719,0.022468,-0.696362,-0.716764,0.567,-4.141,88.325,-0.200655,0.025093,-0.034622,-0.090072,-0.053380,-0.037457
1790938289.957063,1790938289.959759,2.915869,5.904891,-0.363264,-0.028996,0.023542,-0.696003,-0.717067,0.506,-4.251,88.273,-0.206409,0.020851,-0.030421,0.028244,-0.077764,-0.025333
1790938289.992063,1790938289.993674,2.915712,5.898329,-0.363051,-0.030336,0.023695,-0.695666,-0.717333,0.607,-4.370,88.220,-0.210546,0.015805,-0.028640,0.050922,-0.025676,-0.024562
1790938290.027055,1790938290.028894,2.915727,5.891892,-0.362963,-0.030389,0.023097,-0.695602,-0.717413,0.659,-4.325,88.206,-0.213082,0.012911,-0.026740,-0.001908,0.050687,0.014732
1790938290.050055,1790938290.060977,2.915790,5.887218,-0.363026,-0.029743,0.022851,-0.695876,-0.717182,0.624,-4.254,88.249,-0.217314,0.009004,-0.022460,-0.031447,0.020413,0.033421
1790938290.084055,1790938290.096083,2.916108,5.880210,-0.363028,-0.029644,0.023293,-0.696548,-0.716519,0.576,-4.283,88.359,-0.224547,0.002383,-0.017186,-0.002931,-0.041312,0.067571
1790938290.119047,1790938290.127001,2.916679,5.873150,-0.362130,-0.029997,0.023953,-0.697265,-0.715784,0.548,-4.366,88.477,-0.230563,-0.003196,-0.012920,-0.021304,-0.060142,0.077667
1790938290.154047,1790938290.162127,2.917502,5.865730,-0.360983,-0.030273,0.024899,-0.698254,-0.714776,0.489,-4.466,88.641,-0.233315,-0.011471,-0.010552,-0.018137,-0.028263,0.090287
1790938290.189047,1790938290.194903,2.918652,5.858392,-0.360085,-0.030378,0.024917,-0.699479,-0.713573,0.488,-4.477,88.838,-0.236537,-0.019657,-0.012155,0.013860,0.000870,0.107884
1790938290.223040,1790938290.227862,2.920139,5.850478,-0.359518,-0.030646,0.025095,-0.700951,-0.712109,0.487,-4.514,89.076,-0.241300,-0.028376,-0.011717,-0.004685,-0.044491,0.130066
1790938290.259040,1790938290.260878,2.921992,5.842531,-0.359185,-0.031342,0.026008,-0.702401,-0.710615,0.460,-4.646,89.315,-0.252047,-0.040182,-0.013735,0.010780,-0.106032,0.154812
1790938290.293040,1790938290.294740,2.924263,5.834397,-0.359271,-0.033068,0.026640,-0.704329,-0.708603,0.537,-4.838,89.631,-0.269008,-0.051602,-0.023788,0.073142,-0.039529,0.155060
1790938290.316033,1790938290.328033,2.926084,5.828280,-0.359253,-0.033218,0.025188,-0.706112,-0.706872,0.655,-4.733,89.911,-0.281534,-0.059601,-0.027752,0.064349,0.139760,0.141175
1790938290.352033,1790938290.359738,2.929050,5.819094,-0.358722,-0.031931,0.023149,-0.707929,-0.705182,0.704,-4.466,90.195,-0.303996,-0.069045,-0.025382,0.015061,0.168479,0.211906
1790938290.386033,1790938290.394963,2.932437,5.808691,-0.358336,-0.030043,0.021275,-0.711166,-0.702059,0.685,-4.164,90.714,-0.331466,-0.076514,-0.017053,0.012401,0.105258,0.270275
1790938290.421026,1790938290.427577,2.936204,5.797505,-0.357909,-0.029453,0.020627,-0.714149,-0.699070,0.673,-4.066,91.199,-0.346242,-0.084765,-0.007922,-0.002640,-0.004835,0.206851
1790938290.456027,1790938290.460965,2.940258,5.785972,-0.357559,-0.029570,0.021520,-0.716036,-0.697105,0.598,-4.149,91.513,-0.352150,-0.087885,-0.011459,-0.025902,-0.062966,0.098543
1790938290.491026,1790938290.495828,2.944291,5.774810,-0.357720,-0.030163,0.022197,-0.716487,-0.696594,0.587,-4.252,91.591,-0.346817,-0.088242,-0.025294,0.024227,-0.052852,-0.000708
1790938290.525023,1790938290.526884,2.948405,5.763644,-0.358098,-0.030997,0.022165,-0.716356,-0.696694,0.657,-4.318,91.570,-0.336514,-0.087888,-0.035717,0.039452,-0.014674,-0.010548
1790938290.548023,1790938290.559834,2.951099,5.756518,-0.358003,-0.031570,0.021552,-0.716270,-0.696776,0.754,-4.316,91.552,-0.331195,-0.087749,-0.038921,0.062021,0.014058,-0.000913
1790938290.583022,1790938290.593832,2.955036,5.746105,-0.358074,-0.032253,0.020480,-0.716578,-0.696460,0.895,-4.287,91.598,-0.328801,-0.086094,-0.032461,0.062033,0.006550,0.040002
1790938290.618015,1790938290.628826,2.959074,5.734992,-0.358039,-0.032822,0.020058,-0.717187,-0.695818,0.971,-4.301,91.696,-0.330750,-0.082674,-0.015679,0.033923,-0.019160,0.057633
1790938290.653015,1790938290.661520,2.962816,5.724429,-0.357683,-0.033543,0.020002,-0.717819,-0.695134,1.030,-4.357,91.800,-0.330895,-0.077453,-0.004437,0.040651,-0.043120,0.064401
1790938290.688015,1790938290.695944,2.966474,5.713548,-0.357242,-0.034606,0.020141,-0.718334,-0.694545,1.100,-4.456,91.886,-0.328709,-0.071265,0.001659,0.050293,-0.051290,0.014810
1790938290.722012,1790938290.727932,2.969836,5.702768,-0.356903,-0.036496,0.019486,-0.718235,-0.694570,1.305,-4.559,91.867,-0.325606,-0.062078,0.001998,0.169003,-0.047625,-0.021391
1790938290.757012,1790938290.761902,2.972754,5.692375,-0.355383,-0.039192,0.017407,-0.718062,-0.694657,1.693,-4.615,91.830,-0.320444,-0.049863,0.002753,0.198593,-0.017610,-0.004675
1790938290.792012,1790938290.794073,2.975216,5.681918,-0.354118,-0.041072,0.015739,-0.718337,-0.694304,1.979,-4.638,91.869,-0.313382,-0.035064,0.005113,0.129930,-0.010913,0.055701
1790938290.827005,1790938290.831303,2.977158,5.672003,-0.352948,-0.042117,0.015009,-0.719329,-0.693229,2.116,-4.669,92.031,-0.307713,-0.023919,0.010721,0.008937,-0.023820,0.088402
1790938290.850005,1790938290.861292,2.978288,5.665401,-0.352159,-0.042483,0.015783,-0.720326,-0.692154,2.074,-4.764,92.199,-0.304869,-0.018251,0.014624,-0.025543,-0.066156,0.078722
1790938290.884005,1790938290.895435,2.979819,5.655140,-0.351176,-0.043225,0.016451,-0.720902,-0.691492,2.074,-4.880,92.297,-0.301346,-0.013735,0.010723,0.030605,-0.031648,0.020308
1790938290.918997,1790938290.928086,2.981144,5.645703,-0.350577,-0.043619,0.015880,-0.720785,-0.691602,2.154,-4.867,92.276,-0.295710,-0.010217,0.001516,0.071178,0.034299,-0.044368
1790938290.953997,1790938290.961572,2.982253,5.636231,-0.349555,-0.043866,0.014229,-0.720179,-0.692254,2.314,-4.754,92.169,-0.288824,-0.002481,-0.005510,0.052864,0.073047,-0.046943
1790938290.988997,1790938290.996656,2.983022,5.627045,-0.348392,-0.043289,0.012760,-0.719816,-0.692696,2.392,-4.589,92.104,-0.279598,0.003731,-0.001413,0.023996,0.070348,-0.034388
1790938291.023991,1790938291.029030,2.983530,5.618462,-0.347121,-0.043118,0.012614,-0.719299,-0.693247,2.394,-4.561,92.018,-0.272793,0.011055,0.007487,-0.023423,-0.060332,-0.053226
1790938291.058991,1790938291.060759,2.983705,5.609534,-0.345918,-0.043974,0.013888,-0.718572,-0.693922,2.362,-4.731,91.902,-0.267087,0.018766,0.008714,-0.020885,-0.133492,-0.077364
1790938291.093991,1790938291.095981,2.983591,5.601396,-0.345059,-0.045418,0.015181,-0.717108,-0.695315,2.381,-4.948,91.665,-0.261477,0.023693,-0.000750,0.014921,-0.073750,-0.151879
1790938291.116986,1790938291.128281,2.983333,5.595805,-0.344820,-0.046153,0.015310,-0.715010,-0.697421,2.444,-5.011,91.320,-0.257407,0.028208,-0.007199,0.014094,-0.029347,-0.179325
1790938291.150986,1790938291.159832,2.982635,5.588164,-0.344337,-0.046498,0.015659,-0.713407,-0.699030,2.455,-5.062,91.058,-0.252042,0.039173,-0.015047,-0.038589,-0.039166,-0.105878
1790938291.185986,1790938291.195292,2.981500,5.580803,-0.343451,-0.046254,0.016576,-0.712582,-0.699866,2.366,-5.113,90.926,-0.244151,0.048758,-0.023459,-0.056743,-0.016641,-0.028234
1790938291.220980,1790938291.228533,2.979895,5.573287,-0.343200,-0.045800,0.017055,-0.712267,-0.700205,2.293,-5.113,90.876,-0.237336,0.058167,-0.030532,-0.018143,0.005974,-0.034427
1790938291.255980,1790938291.262072,2.978021,5.566456,-0.343262,-0.045938,0.017053,-0.711647,-0.700826,2.308,-5.122,90.775,-0.236049,0.068649,-0.034683,0.003837,-0.020235,-0.054203
1790938291.289980,1790938291.295038,2.975646,5.559349,-0.343655,-0.046194,0.017225,-0.711029,-0.701432,2.320,-5.155,90.674,-0.242719,0.080064,-0.036162,-0.013535,-0.023511,-0.078774
1790938291.325974,1790938291.328888,2.972996,5.552157,-0.344289,-0.045798,0.017621,-0.709840,-0.702652,2.264,-5.151,90.481,-0.256729,0.086225,-0.038580,-0.067601,0.037506,-0.104376
1790938291.359974,1790938291.362062,2.970010,5.543956,-0.344854,-0.043812,0.017410,-0.708647,-0.703986,2.129,-4.968,90.286,-0.275039,0.087312,-0.040013,-0.066349,0.128783,-0.102511
1790938291.394974,1790938291.395842,2.967205,5.535693,-0.344761,-0.041901,0.015797,-0.707166,-0.705628,2.115,-4.678,90.038,-0.291777,0.083846,-0.041771,0.040976,0.136860,-0.174701
1790938291.417968,1790938291.429485,2.965338,5.529877,-0.344938,-0.041149,0.013553,-0.704790,-0.708091,2.252,-4.427,89.645,-0.299442,0.082275,-0.046866,0.014592,0.097282,-0.191461
1790938291.452968,1790938291.459819,2.962427,5.520854,-0.345637,-0.039945,0.013184,-0.703435,-0.709514,2.192,-4.296,89.425,-0.302327,0.082035,-0.054137,-0.090928,0.033507,-0.074567
1790938291.487968,1790938291.495169,2.959705,5.512162,-0.346750,-0.039298,0.014320,-0.702712,-0.710244,2.052,-4.334,89.312,-0.300459,0.074344,-0.061491,-0.029185,-0.074275,-0.077601
1790938291.521962,1790938291.526805,2.957094,5.503003,-0.348559,-0.040039,0.015074,-0.701061,-0.711817,2.062,-4.451,89.047,-0.298050,0.064993,-0.072583,0.002667,-0.035290,-0.172356
1790938291.556962,1790938291.561896,2.954862,5.494617,-0.350752,-0.039648,0.014873,-0.698996,-0.713870,2.059,-4.397,88.715,-0.291638,0.056826,-0.081224,-0.044795,0.064001,-0.136190
1790938291.591963,1790938291.594086,2.952823,5.486178,-0.351985,-0.038137,0.014763,-0.698012,-0.714918,1.949,-4.264,88.556,-0.286348,0.047351,-0.078370,-0.085693,0.073047,-0.071034
1790938291.625955,1790938291.628850,2.951169,5.477855,-0.353271,-0.036235,0.015266,-0.697272,-0.715728,1.757,-4.151,88.440,-0.283190,0.035900,-0.069780,-0.119568,0.039139,-0.061111
1790938291.648955,1790938291.661647,2.950294,5.472436,-0.354094,-0.034359,0.016569,-0.696433,-0.716607,1.503,-4.106,88.310,-0.281600,0.029339,-0.065099,-0.127474,-0.004520,-0.074600
1790938291.695946,1790938291.698997,2.949074,5.461680,-0.355821,-0.033268,0.017969,-0.694939,-0.718074,1.310,-4.131,88.077,-0.279245,0.013372,-0.063909,-0.081008,-0.014964,-0.166359
1790938291.718946,1790938291.728822,2.948721,5.456315,-0.356878,-0.032516,0.018358,-0.692417,-0.720531,1.231,-4.099,87.676,-0.276036,0.005140,-0.065192,-0.026696,0.029710,-0.218436
1790938291.753946,1790938291.762201,2.948450,5.448338,-0.358589,-0.032367,0.017791,-0.690142,-0.722731,1.277,-4.037,87.312,-0.270910,-0.002641,-0.064708,0.048565,0.033138,-0.224127
1790938291.788946,1790938291.795118,2.948313,5.440434,-0.359530,-0.032687,0.016604,-0.688175,-0.724618,1.408,-3.960,86.996,-0.264262,-0.003720,-0.060135,0.071079,0.052533,-0.138281
1790938291.823940,1790938291.828849,2.948161,5.433024,-0.359943,-0.032464,0.014913,-0.687044,-0.725737,1.529,-3.799,86.812,-0.258156,-0.002115,-0.050394,-0.003111,0.065393,-0.024112
1790938291.857940,1790938291.860722,2.947970,5.425491,-0.360228,-0.031592,0.014777,-0.687150,-0.725678,1.467,-3.719,86.828,-0.253807,-0.000030,-0.038968,-0.054720,0.026326,0.040328
1790938291.892940,1790938291.896200,2.947810,5.418091,-0.360501,-0.030891,0.015180,-0.687964,-0.724928,1.372,-3.699,86.958,-0.246552,-0.000262,-0.035244,-0.032404,0.006892,0.086991
1790938291.915936,1790938291.928390,2.947781,5.413409,-0.360693,-0.030429,0.015468,-0.689236,-0.723732,1.305,-3.689,87.161,-0.240477,-0.001342,-0.033185,-0.031816,-0.001746,0.119001
1790938291.950936,1790938291.962278,2.947887,5.406531,-0.361013,-0.029960,0.016248,-0.690906,-0.722141,1.195,-3.719,87.429,-0.231997,-0.004675,-0.028249,-0.056583,-0.016013,0.143166
1790938291.985936,1790938291.995808,2.948278,5.400028,-0.360796,-0.029424,0.016951,-0.692548,-0.720572,1.087,-3.737,87.692,-0.226912,-0.013271,-0.021241,-0.027228,-0.008069,0.116638
1790938292.019926,1790938292.029042,2.949151,5.393433,-0.359700,-0.029750,0.017323,-0.693394,-0.719736,1.080,-3.795,87.828,-0.224174,-0.025199,-0.015438,0.013451,-0.062170,0.055393
1790938292.055926,1790938292.059789,2.950375,5.387100,-0.358773,-0.030688,0.018176,-0.693779,-0.719305,1.087,-3.941,87.893,-0.222383,-0.033026,-0.013185,-0.009210,-0.071168,0.027404
1790938292.089926,1790938292.096054,2.951955,5.380423,-0.358140,-0.031262,0.018776,-0.694259,-0.718801,1.084,-4.037,87.972,-0.218966,-0.040638,-0.017104,0.023868,-0.026733,0.054652
1790938292.124919,1790938292.129035,2.953746,5.374177,-0.357913,-0.031820,0.018581,-0.694941,-0.718123,1.142,-4.066,88.080,-0.220906,-0.047192,-0.023592,0.041280,-0.012641,0.075344
1790938292.159919,1790938292.162604,2.955769,5.367591,-0.358085,-0.032389,0.018635,-0.695999,-0.717070,1.178,-4.118,88.249,-0.225925,-0.051002,-0.028620,0.013878,-0.047676,0.104536
1790938292.182919,1790938292.195096,2.957205,5.363130,-0.358445,-0.033414,0.018969,-0.697432,-0.715621,1.228,-4.230,88.480,-0.233166,-0.054568,-0.034134,0.050421,-0.037740,0.128397
1790938292.217911,1790938292.227045,2.959534,5.355990,-0.358036,-0.034050,0.018265,-0.698937,-0.714139,1.327,-4.226,88.718,-0.242297,-0.057960,-0.038521,0.089717,0.053469,0.163336
1790938292.252911,1790938292.261172,2.961896,5.348858,-0.357854,-0.034153,0.016382,-0.701329,-0.711830,1.473,-4.084,89.096,-0.248146,-0.056398,-0.033324,0.067899,0.071445,0.218197
1790938292.286911,1790938292.295815,2.964245,5.341097,-0.357724,-0.034658,0.015504,-0.704160,-0.709026,1.569,-4.060,89.550,-0.261417,-0.052275,-0.024627,0.077712,-0.034830,0.240759
1790938292.321906,1790938292.328185,2.966536,5.332832,-0.357740,-0.036074,0.014790,-0.707520,-0.705617,1.722,-4.124,90.092,-0.272288,-0.049178,-0.025453,0.085676,0.037526,0.284355
1790938292.356906,1790938292.361686,2.968773,5.324610,-0.357885,-0.035318,0.013289,-0.711029,-0.702150,1.763,-3.950,90.659,-0.274599,-0.046031,-0.020998,-0.001390,0.113558,0.277860
1790938292.391906,1790938292.396044,2.971021,5.315685,-0.358059,-0.034581,0.013125,-0.713953,-0.699216,1.701,-3.884,91.137,-0.279912,-0.040579,-0.016658,-0.016377,-0.035099,0.180569
1790938292.426899,1790938292.428210,2.973075,5.307107,-0.357021,-0.035167,0.013934,-0.715226,-0.697869,1.675,-4.000,91.349,-0.282405,-0.038442,-0.020278,-0.008211,-0.070694,0.092900
1790938292.449899,1790938292.459872,2.974494,5.301038,-0.356656,-0.035480,0.014364,-0.715926,-0.697126,1.660,-4.062,91.466,-0.279628,-0.039182,-0.025575,-0.005080,0.004993,0.064759
1790938292.483899,1790938292.495966,2.976562,5.292573,-0.356540,-0.034957,0.013972,-0.716861,-0.696199,1.645,-3.989,91.618,-0.276333,-0.042249,-0.036084,-0.002100,0.068885,0.091461
1790938292.518892,1790938292.528107,2.978751,5.284168,-0.356958,-0.034107,0.012582,-0.718008,-0.695085,1.685,-3.811,91.803,-0.275495,-0.047067,-0.042571,0.069404,0.111137,0.079236
1790938292.553892,1790938292.560629,2.981176,5.275196,-0.357727,-0.034362,0.010490,-0.718670,-0.694422,1.875,-3.667,91.906,-0.274572,-0.050711,-0.040791,0.115851,0.012538,0.015494
1790938292.588892,1790938292.595766,2.983537,5.266844,-0.358539,-0.036140,0.009257,-0.718678,-0.694341,2.118,-3.715,91.905,-0.266547,-0.053297,-0.040895,0.127165,-0.049006,-0.011664
1790938292.623884,1790938292.628954,2.985956,5.258295,-0.358781,-0.038034,0.008008,-0.718755,-0.694176,2.372,-3.772,91.915,-0.254191,-0.049451,-0.045132,0.123802,0.002822,0.029847
1790938292.657884,1790938292.660090,2.987950,5.250570,-0.358826,-0.039121,0.006617,-0.719163,-0.693707,2.571,-3.753,91.980,-0.244154,-0.041230,-0.043905,0.119640,0.010415,0.041513
1790938292.692884,1790938292.695022,2.989597,5.242791,-0.358994,-0.040574,0.005671,-0.719849,-0.692921,2.761,-3.800,92.092,-0.240186,-0.029584,-0.038182,0.069433,-0.057578,0.070290
1790938292.716878,1790938292.726900,2.990449,5.237668,-0.359162,-0.041855,0.006308,-0.720539,-0.692121,2.807,-3.959,92.208,-0.240635,-0.023186,-0.037293,-0.013445,-0.120629,0.077173
1790938292.751878,1790938292.759900,2.991489,5.229809,-0.359735,-0.042835,0.008383,-0.721505,-0.691032,2.707,-4.209,92.372,-0.240588,-0.016490,-0.044195,-0.068628,-0.112593,0.099822
1790938292.785878,1790938292.796016,2.992296,5.221976,-0.360786,-0.042975,0.010995,-0.722954,-0.689471,2.493,-4.433,92.619,-0.238694,-0.010902,-0.051582,-0.086997,-0.081875,0.111642
1790938292.820872,1790938292.828983,2.992893,5.214329,-0.361718,-0.043064,0.012488,-0.723910,-0.688435,2.370,-4.562,92.783,-0.243279,-0.006523,-0.056563,-0.061108,-0.059103,0.103239
1790938292.855872,1790938292.861139,2.993284,5.206190,-0.362169,-0.041949,0.013437,-0.725412,-0.686904,2.192,-4.549,93.037,-0.247593,0.000943,-0.057387,-0.078404,0.080420,0.140222
1790938292.890872,1790938292.895957,2.993495,5.198163,-0.362778,-0.039737,0.013071,-0.727178,-0.685173,2.037,-4.342,93.330,-0.249301,0.003497,-0.051939,-0.051230,0.129928,0.150426
1790938292.924865,1790938292.926884,2.993701,5.189576,-0.363390,-0.037837,0.012170,-0.728557,-0.683831,1.954,-4.116,93.557,-0.248138,0.004343,-0.038725,-0.031410,0.140394,0.098846
1790938292.959865,1790938292.961982,2.993772,5.181540,-0.363589,-0.035951,0.011542,-0.728886,-0.683593,1.857,-3.910,93.610,-0.241958,0.008376,-0.024856,-0.068787,0.054244,-0.057801
1790938292.982865,1790938292.993865,2.993726,5.176234,-0.363576,-0.035525,0.012677,-0.727331,-0.685249,1.737,-3.959,93.353,-0.235868,0.009879,-0.018731,-0.070380,-0.097243,-0.164742
1790938293.017857,1790938293.026803,2.993504,5.168490,-0.363640,-0.036470,0.014325,-0.725528,-0.687076,1.685,-4.164,93.057,-0.221612,0.012176,-0.021607,-0.005633,-0.137748,-0.177348
1790938293.052857,1790938293.060923,2.993032,5.161238,-0.362884,-0.038019,0.015120,-0.723344,-0.689275,1.755,-4.350,92.696,-0.209824,0.017679,-0.035813,0.039251,-0.047256,-0.192921
1790938293.087857,1790938293.094806,2.992159,5.154383,-0.362857,-0.038961,0.014706,-0.720901,-0.691786,1.880,-4.389,92.289,-0.201832,0.027176,-0.049455,0.054181,-0.008533,-0.198163
1790938293.122850,1790938293.127967,2.990800,5.147882,-0.363451,-0.040054,0.013796,-0.718873,-0.693849,2.055,-4.401,91.951,-0.199433,0.041509,-0.058293,0.086510,-0.014901,-0.152123
1790938293.156850,1790938293.159752,2.988686,5.141143,-0.364448,-0.040907,0.012899,-0.717736,-0.694993,2.204,-4.396,91.760,-0.202644,0.063061,-0.058741,0.080145,0.013691,-0.085625
1790938293.191850,1790938293.193921,2.985827,5.134280,-0.365472,-0.041170,0.011668,-0.717366,-0.695381,2.329,-4.318,91.695,-0.212673,0.085547,-0.052301,0.017006,0.042723,0.011625
1790938293.226842,1790938293.229035,2.982157,5.126791,-0.366405,-0.040319,0.012005,-0.717934,-0.694839,2.229,-4.277,91.790,-0.224218,0.105313,-0.042000,-0.095120,-0.003479,0.065215
1790938293.249842,1790938293.260757,2.979328,5.121407,-0.366055,-0.039224,0.013395,-0.718545,-0.694244,2.024,-4.299,91.895,-0.233868,0.114806,-0.037305,-0.133146,-0.008765,0.043771
1790938293.284842,1790938293.295992,2.975014,5.113292,-0.365636,-0.037435,0.015217,-0.718585,-0.694264,1.730,-4.297,91.908,-0.247318,0.121304,-0.033666,-0.086046,0.003171,-0.034690
1790938293.318835,1790938293.328518,2.970446,5.104538,-0.365484,-0.037060,0.015814,-0.718016,-0.694859,1.655,-4.312,91.816,-0.258934,0.123140,-0.035545,-0.021228,-0.031797,-0.075113
1790938293.353835,1790938293.362668,2.965878,5.095428,-0.365809,-0.037273,0.016498,-0.716935,-0.695948,1.622,-4.382,91.640,-0.268615,0.120569,-0.042741,-0.013258,-0.039861,-0.105027
1790938293.388835,1790938293.394131,2.961508,5.086363,-0.366616,-0.037727,0.016610,-0.715670,-0.697221,1.657,-4.425,91.432,-0.276669,0.116745,-0.053631,0.037088,-0.011570,-0.143794
1790938293.423829,1790938293.428464,2.957125,5.076794,-0.368094,-0.038618,0.015611,-0.713696,-0.699216,1.823,-4.413,91.104,-0.279851,0.110023,-0.061678,0.117678,0.005180,-0.190727
1790938293.458829,1790938293.460850,2.953005,5.067519,-0.368871,-0.040210,0.013873,-0.711322,-0.701578,2.109,-4.397,90.709,-0.281231,0.103483,-0.063579,0.110473,0.001389,-0.193762
1790938293.492829,1790938293.497181,2.948873,5.057660,-0.369584,-0.040986,0.012750,-0.708949,-0.703952,2.278,-4.362,90.319,-0.281929,0.094241,-0.059898,0.049270,0.014252,-0.205683
1790938293.516825,1790938293.527683,2.946384,5.051365,-0.370053,-0.041594,0.012149,-0.706641,-0.706244,2.390,-4.355,89.941,-0.282831,0.086709,-0.054780,0.029857,-0.024826,-0.153815
1790938293.551825,1790938293.561611,2.942929,5.042000,-0.370691,-0.042032,0.012227,-0.705274,-0.707582,2.428,-4.393,89.720,-0.285386,0.078117,-0.048583,-0.005547,-0.020001,-0.108828
1790938293.585825,1790938293.595072,2.939672,5.032310,-0.371500,-0.041241,0.012729,-0.704102,-0.708786,2.330,-4.366,89.531,-0.283922,0.068880,-0.043698,-0.111797,0.043739,-0.090894
1790938293.620819,1790938293.626899,2.936768,5.022686,-0.372312,-0.038823,0.013624,-0.702921,-0.710077,2.068,-4.240,89.343,-0.280818,0.057925,-0.039607,-0.131739,0.060634,-0.102464
1790938293.655819,1790938293.662048,2.934302,5.013425,-0.372677,-0.036679,0.014039,-0.701439,-0.711647,1.868,-4.097,89.105,-0.278641,0.047408,-0.037317,-0.094303,0.082839,-0.139949
1790938293.689819,1790938293.694313,2.932058,5.003756,-0.372242,-0.034971,0.013694,-0.699844,-0.713308,1.765,-3.927,88.848,-0.271235,0.038769,-0.027715,-0.029250,0.063457,-0.107996
1790938293.724811,1790938293.726896,2.930175,4.994806,-0.371587,-0.034741,0.013445,-0.699108,-0.714045,1.770,-3.886,88.729,-0.262228,0.032309,-0.017806,0.027683,-0.031192,-0.039413
1790938293.759811,1790938293.762104,2.928528,4.986193,-0.370946,-0.036103,0.013657,-0.698745,-0.714329,1.867,-4.012,88.671,-0.250879,0.027350,-0.014365,0.063179,-0.096969,-0.021564
1790938293.782811,1790938293.793433,2.927514,4.980344,-0.370711,-0.037726,0.014181,-0.698400,-0.714572,1.960,-4.184,88.617,-0.242705,0.023574,-0.016477,0.028123,-0.104008,-0.035541
1790938293.817802,1790938293.827252,2.926228,4.972183,-0.370644,-0.038392,0.015421,-0.698007,-0.714895,1.918,-4.338,88.558,-0.231024,0.016883,-0.023786,-0.078098,-0.042220,-0.015618
1790938293.852803,1790938293.860985,2.925319,4.964653,-0.370954,-0.037049,0.016917,-0.697672,-0.715259,1.689,-4.353,88.510,-0.222564,0.005953,-0.029798,-0.130981,0.019207,-0.039703
1790938293.887803,1790938293.895078,2.924896,4.956843,-0.370301,-0.035803,0.017799,-0.696917,-0.716037,1.521,-4.324,88.392,-0.219644,-0.009162,-0.031340,-0.044542,-0.013304,-0.068734
1790938293.922796,1790938293.928025,2.924990,4.949419,-0.369853,-0.036197,0.018311,-0.696285,-0.716618,1.516,-4.396,88.293,-0.222631,-0.020845,-0.033170,0.021004,-0.072659,-0.027647
1790938293.956796,1790938293.962019,2.925401,4.941663,-0.369873,-0.037118,0.019239,-0.696641,-0.716201,1.515,-4.547,88.353,-0.224699,-0.024689,-0.035956,-0.027944,-0.037499,0.089860
1790938293.991796,1790938293.994040,2.925972,4.933836,-0.370275,-0.036954,0.019810,-0.697784,-0.715080,1.449,-4.583,88.539,-0.227304,-0.026504,-0.039805,-0.023013,-0.009221,0.128601
1790938294.026788,1790938294.029314,2.926612,4.926168,-0.370968,-0.036981,0.020319,-0.699609,-0.713279,1.398,-4.631,88.835,-0.230455,-0.025665,-0.045307,-0.006582,-0.035178,0.164295
1790938294.049788,1790938294.059940,2.927097,4.920717,-0.371758,-0.037186,0.020934,-0.701567,-0.711325,1.353,-4.701,89.153,-0.232541,-0.024617,-0.049961,-0.028030,-0.023791,0.227715
1790938294.084788,1790938294.095051,2.927846,4.912897,-0.372247,-0.036644,0.021487,-0.704722,-0.708211,1.243,-4.708,89.666,-0.237749,-0.025178,-0.055695,-0.046888,0.026946,0.284696
1790938294.119779,1790938294.126985,2.928858,4.904632,-0.372683,-0.035434,0.022081,-0.708291,-0.704685,1.073,-4.664,90.249,-0.246898,-0.030496,-0.054068,-0.063878,0.020009,0.284714
1790938294.154779,1790938294.162190,2.930232,4.896213,-0.373283,-0.034870,0.022659,-0.711257,-0.701701,0.960,-4.669,90.736,-0.260959,-0.040222,-0.050273,-0.006396,-0.017490,0.200228
1790938294.188779,1790938294.195453,2.932217,4.886733,-0.374145,-0.035403,0.022634,-0.713250,-0.699649,0.992,-4.714,91.062,-0.277250,-0.053492,-0.044201,0.042663,-0.004434,0.122526
1790938294.223771,1790938294.227994,2.934611,4.877184,-0.374927,-0.035415,0.021950,-0.714479,-0.698415,1.041,-4.661,91.260,-0.294938,-0.064722,-0.038932,0.061666,0.079142,0.142419
1790938294.258771,1790938294.260847,2.937385,4.867002,-0.375762,-0.034446,0.019772,-0.716636,-0.696316,1.128,-4.411,91.604,-0.312367,-0.072687,-0.030986,0.051576,0.188914,0.188781
1790938294.292771,1790938294.294246,2.940722,4.855590,-0.375474,-0.032073,0.017027,-0.719121,-0.693936,1.150,-4.000,92.002,-0.327514,-0.080511,-0.014903,-0.017499,0.214408,0.218578
1790938294.328764,1790938294.329735,2.944292,4.844036,-0.374467,-0.029725,0.015898,-0.721951,-0.691122,1.041,-3.721,92.466,-0.336785,-0.084280,-0.007311,-0.045466,0.057057,0.215752
1790938294.351764,1790938294.359874,2.946633,4.836708,-0.373870,-0.029520,0.016801,-0.723601,-0.689382,0.941,-3.778,92.744,-0.337734,-0.083596,-0.013447,-0.066386,-0.094229,0.111714
1790938294.385764,1790938294.393870,2.950377,4.824758,-0.373911,-0.029831,0.019470,-0.724148,-0.688724,0.740,-4.015,92.846,-0.334476,-0.079306,-0.039745,-0.114395,-0.115647,0.014625
1790938294.420756,1790938294.426580,2.953879,4.813669,-0.375064,-0.029846,0.021340,-0.724044,-0.688778,0.587,-4.164,92.838,-0.331247,-0.083006,-0.067930,-0.052968,-0.033430,-0.010760
1790938294.455756,1790938294.462744,2.957654,4.802307,-0.377330,-0.029106,0.021750,-0.723734,-0.689122,0.496,-4.135,92.789,-0.328743,-0.088009,-0.084146,-0.036330,0.069328,-0.051026
1790938294.490756,1790938294.493907,2.961465,4.790959,-0.379546,-0.027671,0.020983,-0.723023,-0.689950,0.450,-3.955,92.666,-0.331428,-0.086264,-0.083991,-0.020015,0.136132,-0.101906
1790938294.525748,1790938294.526968,2.965133,4.779356,-0.380776,-0.026752,0.018647,-0.721433,-0.691716,0.580,-3.692,92.391,-0.336421,-0.083610,-0.070581,0.154755,0.104379,-0.170744
1790938294.559748,1790938294.561949,2.968453,4.767997,-0.381588,-0.028507,0.015327,-0.719535,-0.693702,1.004,-3.571,92.063,-0.330184,-0.074517,-0.053831,0.189661,0.011859,-0.128379
1790938294.583748,1790938294.594987,2.970387,4.760426,-0.382070,-0.030401,0.014109,-0.718914,-0.694290,1.259,-3.629,91.957,-0.322046,-0.063819,-0.047591,0.053688,-0.072906,0.025586
1790938294.617739,1790938294.629087,2.972811,4.749288,-0.382873,-0.032037,0.015008,-0.719691,-0.693393,1.311,-3.837,92.088,-0.306292,-0.048348,-0.049594,0.019032,-0.121477,0.092477
1790938294.652739,1790938294.660802,2.974722,4.738921,-0.384135,-0.033266,0.015747,-0.720542,-0.692434,1.343,-3.999,92.232,-0.292572,-0.038959,-0.062835,0.040911,-0.049346,0.078575
1790938294.687739,1790938294.693744,2.976449,4.728398,-0.386208,-0.034014,0.014301,-0.721224,-0.691719,1.518,-3.948,92.340,-0.280882,-0.033194,-0.076050,0.149620,0.084853,0.014366
1790938294.721726,1790938294.726785,2.977767,4.718730,-0.387057,-0.034772,0.010928,-0.721289,-0.691675,1.857,-3.743,92.341,-0.273629,-0.021304,-0.076084,0.161370,0.108637,0.006143
1790938294.756726,1790938294.762246,2.978560,4.708916,-0.387998,-0.035124,0.008688,-0.721890,-0.691062,2.067,-3.596,92.435,-0.269258,-0.005413,-0.062802,0.090944,0.066129,0.097828
1790938294.791726,1790938294.795195,2.978854,4.699183,-0.388567,-0.034827,0.007889,-0.723385,-0.689521,2.102,-3.512,92.682,-0.265142,0.008246,-0.042400,-0.037260,0.028187,0.141789
1790938294.815719,1790938294.826968,2.978829,4.693083,-0.388660,-0.033945,0.008538,-0.724776,-0.688094,1.971,-3.495,92.914,-0.264021,0.014230,-0.032784,-0.067014,-0.002683,0.070144
1790938294.849719,1790938294.862072,2.978633,4.683185,-0.388777,-0.033431,0.009437,-0.725258,-0.687601,1.854,-3.524,92.996,-0.262202,0.017767,-0.025999,-0.043276,-0.021709,0.021926
1790938294.884719,1790938294.893790,2.978375,4.673915,-0.388866,-0.033415,0.010107,-0.725356,-0.687488,1.796,-3.576,93.015,-0.259731,0.017237,-0.021354,-0.023265,-0.038995,0.004244
1790938294.919711,1790938294.928811,2.978041,4.664776,-0.387957,-0.033945,0.010887,-0.725371,-0.687435,1.773,-3.682,93.019,-0.256766,0.020685,-0.015983,0.006651,-0.071915,-0.004138
1790938294.953711,1790938294.962274,2.977450,4.655156,-0.386826,-0.035088,0.011620,-0.724930,-0.687830,1.805,-3.834,92.948,-0.258677,0.027836,-0.015076,0.009411,-0.064999,-0.061455
1790938294.988711,1790938294.994893,2.976510,4.645982,-0.386023,-0.035342,0.011955,-0.724257,-0.688521,1.801,-3.879,92.837,-0.261640,0.038970,-0.020022,-0.036389,0.014326,-0.053572
1790938295.023705,1790938295.029057,2.975098,4.636375,-0.385689,-0.034197,0.012104,-0.723591,-0.689275,1.701,-3.794,92.726,-0.270594,0.049178,-0.025662,-0.058572,0.035616,-0.054329
1790938295.058705,1790938295.061837,2.973315,4.626299,-0.385762,-0.033463,0.012683,-0.722880,-0.690047,1.599,-3.778,92.610,-0.286476,0.058371,-0.027939,-0.064396,-0.023253,-0.087881
1790938295.092705,1790938295.095690,2.971192,4.615651,-0.386109,-0.033767,0.013883,-0.721537,-0.691413,1.531,-3.895,92.391,-0.305004,0.066218,-0.031788,-0.000728,-0.092687,-0.133893
1790938295.115700,1790938295.128772,2.969601,4.608241,-0.386073,-0.035412,0.014639,-0.719673,-0.693255,1.610,-4.087,92.085,-0.316503,0.071307,-0.033562,0.030177,-0.094073,-0.145681
1790938295.151700,1790938295.161463,2.966849,4.596610,-0.385661,-0.036469,0.015374,-0.718391,-0.694512,1.641,-4.230,91.876,-0.329606,0.083182,-0.036858,-0.000551,-0.088743,-0.091007
1790938295.186700,1790938295.197675,2.963736,4.584904,-0.385689,-0.037261,0.016328,-0.717729,-0.695133,1.630,-4.369,91.770,-0.345748,0.093852,-0.042569,-0.032258,-0.026536,-0.013881
1790938295.220693,1790938295.226673,2.960222,4.572225,-0.386327,-0.036470,0.016092,-0.717745,-0.695164,1.586,-4.286,91.772,-0.358824,0.097627,-0.047844,-0.011208,0.125357,0.014990
1790938295.255693,1790938295.259974,2.956648,4.559256,-0.387234,-0.034993,0.014578,-0.718165,-0.694840,1.591,-4.044,91.835,-0.366336,0.098787,-0.047128,0.050934,0.126298,0.051111
1790938295.290693,1790938295.295859,2.953290,4.546406,-0.388242,-0.035243,0.012653,-0.718594,-0.694421,1.767,-3.912,91.900,-0.375738,0.090622,-0.047044,0.107583,-0.016771,-0.015284
1790938295.324687,1790938295.329802,2.950153,4.532776,-0.389057,-0.036803,0.011575,-0.718115,-0.694855,1.983,-3.953,91.818,-0.384672,0.081973,-0.049379,0.131908,-0.018421,-0.093436
1790938295.348686,1790938295.359901,2.948241,4.523757,-0.389124,-0.037896,0.009659,-0.716176,-0.696823,2.239,-3.884,91.494,-0.386094,0.074347,-0.050168,0.081105,0.088289,-0.236769
1790938295.382687,1790938295.394165,2.945607,4.510140,-0.389448,-0.037145,0.007271,-0.712883,-0.700261,2.392,-3.620,90.948,-0.380749,0.061711,-0.049055,0.064319,0.115231,-0.305626
1790938295.417678,1790938295.427834,2.943233,4.496767,-0.389968,-0.038069,0.005405,-0.709242,-0.703915,2.637,-3.532,90.351,-0.374972,0.052010,-0.045487,0.101846,-0.051206,-0.273152
1790938295.452678,1790938295.462134,2.941052,4.484066,-0.390381,-0.039370,0.005823,-0.707117,-0.705976,2.720,-3.664,90.006,-0.364301,0.049724,-0.036038,-0.012271,-0.103253,-0.136696
1790938295.487678,1790938295.496797,2.938695,4.471075,-0.390937,-0.039943,0.007266,-0.706270,-0.706778,2.654,-3.824,89.870,-0.352530,0.054174,-0.033690,-0.058592,-0.051100,-0.007264
1790938295.522665,1790938295.527966,2.936303,4.459043,-0.391576,-0.039404,0.008314,-0.706246,-0.706820,2.525,-3.865,89.868,-0.349648,0.057850,-0.034305,-0.078403,0.001462,0.001662
1790938295.557665,1790938295.562757,2.933817,4.447082,-0.390886,-0.038133,0.009164,-0.706473,-0.706653,2.352,-3.832,89.907,-0.348173,0.060489,-0.031564,-0.075313,0.026309,0.036226
1790938295.591665,1790938295.595865,2.931272,4.434485,-0.390510,-0.037161,0.009641,-0.706765,-0.706406,2.233,-3.793,89.955,-0.346654,0.057866,-0.026161,-0.069111,0.012888,0.011884
1790938295.614660,1790938295.626978,2.929704,4.426486,-0.390247,-0.036571,0.010682,-0.706675,-0.706512,2.101,-3.829,89.943,-0.344929,0.055555,-0.024927,-0.057237,-0.049334,-0.019377
1790938295.649660,1790938295.659771,2.927488,4.414443,-0.390151,-0.036694,0.011850,-0.706407,-0.706755,2.018,-3.933,89.903,-0.339914,0.050246,-0.026664,-0.029514,-0.044791,-0.017112
1790938295.696651,1790938295.698897,2.924987,4.399492,-0.390381,-0.036824,0.012304,-0.706098,-0.707049,1.993,-3.980,89.854,-0.325325,0.041337,-0.028491,0.000834,-0.013637,-0.023142
1790938295.719651,1790938295.727656,2.923879,4.392159,-0.390651,-0.037075,0.012441,-0.706027,-0.707105,2.003,-4.011,89.842,-0.316879,0.037376,-0.029100,0.000145,-0.028365,0.025962
1790938295.753651,1790938295.761735,2.922376,4.381066,-0.390303,-0.037206,0.013098,-0.706744,-0.706369,1.956,-4.077,89.961,-0.302269,0.031539,-0.027813,-0.028128,-0.035687,0.093428
1790938295.788651,1790938295.794404,2.921165,4.370766,-0.389636,-0.037252,0.014020,-0.707949,-0.705142,1.878,-4.159,90.159,-0.289668,0.027830,-0.025293,-0.047209,-0.035631,0.101937
1790938295.823643,1790938295.828895,2.920108,4.361020,-0.389157,-0.036753,0.015102,-0.709028,-0.704060,1.743,-4.208,90.339,-0.287030,0.027317,-0.025684,-0.061545,-0.015923,0.085594
1790938295.858643,1790938295.860859,2.919141,4.350962,-0.389063,-0.036130,0.016027,-0.709964,-0.703128,1.612,-4.235,90.495,-0.292203,0.024382,-0.027149,-0.094368,-0.005675,0.108799
1790938295.893643,1790938295.895325,2.918535,4.340656,-0.389298,-0.035313,0.017020,-0.711236,-0.701860,1.457,-4.251,90.706,-0.301444,0.010978,-0.031580,-0.008242,-0.014402,0.090498
1790938295.916637,1790938295.928015,2.918467,4.333724,-0.389702,-0.036614,0.016682,-0.711794,-0.701235,1.586,-4.331,90.796,-0.308367,0.001005,-0.035589,0.114967,-0.054517,0.002650
1790938295.951637,1790938295.960759,2.918788,4.323275,-0.390091,-0.038300,0.015939,-0.711553,-0.701407,1.784,-4.408,90.754,-0.314445,-0.011200,-0.038559,0.105323,-0.031842,-0.041265
1790938295.985637,1790938295.995484,2.919486,4.312482,-0.389886,-0.039707,0.015004,-0.711331,-0.701575,1.976,-4.447,90.715,-0.313662,-0.018078,-0.039340,0.078278,-0.013363,0.020799
1790938296.020626,1790938296.027015,2.920418,4.301706,-0.390007,-0.040366,0.014604,-0.711954,-0.700912,2.057,-4.471,90.815,-0.315920,-0.022434,-0.036627,0.002561,-0.003307,0.066252
1790938296.055626,1790938296.062837,2.921605,4.290809,-0.390278,-0.040373,0.014792,-0.712641,-0.700210,2.038,-4.488,90.928,-0.320832,-0.029062,-0.032634,0.005961,-0.010171,0.045077
1790938296.090626,1790938296.094853,2.923053,4.280057,-0.390636,-0.040506,0.014774,-0.713046,-0.699790,2.048,-4.499,90.995,-0.328617,-0.035087,-0.028476,0.004828,-0.005278,0.040304
1790938296.124621,1790938296.127736,2.924757,4.268558,-0.391123,-0.040460,0.015099,-0.713652,-0.699168,2.014,-4.523,91.095,-0.342211,-0.037132,-0.023335,-0.023301,-0.010462,0.076548
1790938296.148621,1790938296.159928,2.925953,4.260699,-0.391486,-0.039576,0.014960,-0.715300,-0.697536,1.943,-4.444,91.365,-0.355100,-0.037890,-0.022113,-0.013003,0.119911,0.188601
1790938296.183621,1790938296.193936,2.927941,4.248226,-0.390654,-0.037264,0.012567,-0.718049,-0.694881,1.938,-4.070,91.810,-0.370259,-0.039408,-0.015720,0.029805,0.244453,0.237580
1790938296.218612,1790938296.228968,2.930018,4.235353,-0.389626,-0.035371,0.010593,-0.720786,-0.692173,1.935,-3.764,92.257,-0.373463,-0.030934,0.001000,-0.017375,0.015205,0.178029
1790938296.252613,1790938296.259960,2.931774,4.222388,-0.388420,-0.036475,0.012147,-0.722045,-0.690777,1.887,-3.983,92.470,-0.375813,-0.018030,0.005469,-0.014209,-0.220299,0.095618
1790938296.287612,1790938296.293725,2.933220,4.209828,-0.387736,-0.039289,0.015015,-0.722522,-0.690068,1.870,-4.445,92.560,-0.370122,-0.011200,-0.008255,-0.007406,-0.180907,0.026013
1790938296.322605,1790938296.326822,2.934517,4.197219,-0.387991,-0.040826,0.016133,-0.722682,-0.689785,1.898,-4.661,92.591,-0.360069,-0.007624,-0.029712,0.043095,-0.049902,0.015419
1790938296.356605,1790938296.362000,2.935688,4.184932,-0.389123,-0.041785,0.015689,-0.722797,-0.689618,2.010,-4.706,92.609,-0.354152,-0.004302,-0.046926,0.094864,-0.017315,0.005766
1790938296.391605,1790938296.393778,2.936685,4.173215,-0.389325,-0.043297,0.014333,-0.722612,-0.689748,2.243,-4.723,92.573,-0.349789,-0.000093,-0.052613,0.133988,0.003014,-0.046144
1790938296.426596,1790938296.427875,2.937538,4.161269,-0.389902,-0.044800,0.012531,-0.721854,-0.690480,2.517,-4.703,92.442,-0.342496,0.002947,-0.050657,0.117967,0.008001,-0.077205
1790938296.449596,1790938296.460982,2.938025,4.153535,-0.390385,-0.045742,0.011823,-0.721229,-0.691084,2.655,-4.722,92.336,-0.335309,0.004070,-0.048095,-0.006134,-0.035055,-0.005701
1790938296.484596,1790938296.492992,2.938666,4.142034,-0.391309,-0.045402,0.012883,-0.721743,-0.690550,2.537,-4.780,92.425,-0.330206,0.006369,-0.052858,-0.102667,-0.015924,0.105860
1790938296.518588,1790938296.526995,2.939276,4.130630,-0.392737,-0.043927,0.013561,-0.723179,-0.689128,2.354,-4.716,92.665,-0.328297,0.005200,-0.061439,-0.061803,0.087660,0.098691
1790938296.554588,1790938296.559946,2.939965,4.119564,-0.394467,-0.041601,0.012600,-0.723786,-0.688654,2.245,-4.449,92.762,-0.325936,0.002215,-0.065456,-0.041028,0.181287,0.011225
1790938296.588588,1790938296.593966,2.940781,4.108355,-0.395422,-0.038603,0.010973,-0.724111,-0.688515,2.141,-4.072,92.811,-0.315044,-0.002948,-0.060326,-0.082366,0.165452,0.030500
1790938296.623580,1790938296.627029,2.941729,4.097860,-0.395733,-0.036336,0.011025,-0.724523,-0.688204,1.955,-3.889,92.879,-0.300775,-0.007591,-0.048385,-0.122255,0.054636,0.031388
1790938296.658580,1790938296.660537,2.942814,4.087603,-0.395997,-0.035055,0.012203,-0.724516,-0.688258,1.756,-3.876,92.881,-0.283144,-0.011250,-0.044628,-0.047942,-0.019591,-0.038309
1790938296.693580,1790938296.695712,2.943911,4.077763,-0.396600,-0.034956,0.012400,-0.723811,-0.689001,1.736,-3.881,92.764,-0.262209,-0.009719,-0.047469,0.008526,0.022190,-0.068383
1790938296.716574,1790938296.726878,2.944471,4.071867,-0.397041,-0.034551,0.011682,-0.723368,-0.689499,1.766,-3.790,92.688,-0.250203,-0.002751,-0.047164,0.002254,0.051604,-0.006418
1790938296.751575,1790938296.759582,2.944889,4.063529,-0.397671,-0.034234,0.011550,-0.723451,-0.689429,1.751,-3.753,92.701,-0.239900,0.011758,-0.037882,-0.010542,-0.015592,0.003609
1790938296.785574,1790938296.794807,2.944774,4.055147,-0.397660,-0.034947,0.012257,-0.723256,-0.689586,1.750,-3.868,92.671,-0.236108,0.027085,-0.030054,0.004547,-0.080760,-0.032905
1790938296.820565,1790938296.829158,2.944137,4.046834,-0.396836,-0.035933,0.012710,-0.722504,-0.690316,1.795,-3.984,92.548,-0.233575,0.038836,-0.033230,0.035298,-0.024561,-0.090097
1790938296.855565,1790938296.860869,2.943089,4.038611,-0.396504,-0.036402,0.011938,-0.721402,-0.691457,1.902,-3.958,92.363,-0.232044,0.048793,-0.038662,0.081466,0.038130,-0.127804
1790938296.890565,1790938296.892799,2.941691,4.030590,-0.396509,-0.037129,0.010212,-0.719809,-0.693103,2.112,-3.877,92.094,-0.237060,0.059124,-0.041316,0.092666,0.023813,-0.131407
1790938296.925556,1790938296.929110,2.939822,4.022320,-0.396758,-0.038087,0.009413,-0.718593,-0.694323,2.261,-3.888,91.891,-0.246825,0.073426,-0.040881,0.045919,-0.056725,-0.065820
1790938296.948556,1790938296.959708,2.938177,4.016270,-0.397088,-0.039552,0.010452,-0.718028,-0.694811,2.296,-4.090,91.801,-0.256347,0.084271,-0.037086,-0.020658,-0.142037,-0.016741
1790938296.983556,1790938296.993828,2.935404,4.007222,-0.397614,-0.040666,0.012663,-0.717821,-0.694924,2.204,-4.358,91.773,-0.276360,0.098772,-0.037648,-0.061701,-0.101728,-0.012576
1790938297.017547,1790938297.029453,2.932112,3.996826,-0.397157,-0.040092,0.013944,-0.717381,-0.695387,2.055,-4.411,91.705,-0.303641,0.102293,-0.043866,-0.085925,0.038287,-0.057718
1790938297.052547,1790938297.060920,2.929050,3.986095,-0.397173,-0.038537,0.013687,-0.716450,-0.696439,1.958,-4.260,91.550,-0.334501,0.096645,-0.046228,-0.041290,0.128460,-0.143345
1790938297.087547,1790938297.094038,2.926214,3.974311,-0.397584,-0.036687,0.011652,-0.713888,-0.699201,1.991,-3.938,91.122,-0.366063,0.084932,-0.049848,0.073078,0.171929,-0.310949
1790938297.121537,1790938297.126806,2.923667,3.960932,-0.398528,-0.036774,0.007822,-0.709749,-0.703450,2.333,-3.624,90.437,-0.384500,0.063513,-0.051598,0.188542,0.081156,-0.333217
1790938297.156537,1790938297.161719,2.921721,3.948026,-0.399605,-0.038750,0.005982,-0.706624,-0.706502,2.659,-3.624,89.926,-0.387324,0.050605,-0.055855,0.084419,-0.083613,-0.194868
1790938297.191537,1790938297.193857,2.919883,3.934810,-0.401295,-0.040019,0.006460,-0.704807,-0.708240,2.733,-3.759,89.632,-0.384889,0.043178,-0.070931,-0.001809,-0.066421,-0.175009
1790938297.226526,1790938297.228978,2.918309,3.922179,-0.402208,-0.039807,0.006386,-0.702020,-0.711015,2.736,-3.725,89.182,-0.379180,0.032170,-0.086736,-0.014950,0.091452,-0.257373
1790938297.249526,1790938297.260728,2.917294,3.913373,-0.403367,-0.038360,0.005254,-0.699494,-0.713589,2.722,-3.507,88.774,-0.374529,0.027351,-0.093030,-0.044809,0.139100,-0.228002
1790938297.284526,1790938297.293772,2.915869,3.900694,-0.405303,-0.035023,0.004929,-0.696888,-0.716307,2.486,-3.203,88.356,-0.366839,0.023999,-0.090450,-0.178855,0.098091,-0.128111
1790938297.319519,1790938297.326815,2.914466,3.888230,-0.407159,-0.032093,0.006221,-0.696357,-0.716950,2.144,-3.073,88.273,-0.357749,0.023168,-0.079330,-0.213156,0.052537,0.000519
1790938297.353519,1790938297.362123,2.913262,3.876268,-0.408764,-0.029639,0.008103,-0.696753,-0.716653,1.790,-3.033,88.339,-0.351720,0.016950,-0.071218,-0.127506,0.020800,0.056255
1790938297.388519,1790938297.394804,2.912293,3.864033,-0.410497,-0.028020,0.008501,-0.697479,-0.716007,1.622,-2.938,88.456,-0.348572,0.011376,-0.068046,-0.021004,0.085770,0.049689
1790938297.423512,1790938297.429052,2.911617,3.851822,-0.411179,-0.027357,0.006810,-0.697768,-0.715769,1.701,-2.747,88.500,-0.345669,0.001733,-0.060884,0.082050,0.079439,-0.016716
1790938297.458512,1790938297.461169,2.911221,3.840009,-0.411216,-0.027591,0.005666,-0.697642,-0.715892,1.813,-2.671,88.478,-0.336768,-0.000499,-0.045293,0.032565,0.010040,-0.000764
1790938297.481512,1790938297.492748,2.910963,3.831890,-0.411114,-0.027959,0.006454,-0.697804,-0.715714,1.779,-2.766,88.505,-0.326947,0.001491,-0.034156,-0.057868,-0.102128,0.022180
1790938297.515503,1790938297.526918,2.910576,3.820833,-0.410784,-0.028417,0.008441,-0.697983,-0.715501,1.657,-2.966,88.537,-0.309062,0.003041,-0.027293,-0.074560,-0.115898,0.029854
1790938297.551503,1790938297.560727,2.910200,3.810165,-0.410694,-0.028545,0.010760,-0.698624,-0.714838,1.479,-3.168,88.645,-0.286150,0.003506,-0.029909,-0.073742,-0.051218,0.060133
1790938297.586504,1790938297.594973,2.909940,3.800533,-0.410863,-0.028004,0.011913,-0.699084,-0.714392,1.340,-3.220,88.721,-0.265608,0.000981,-0.031418,-0.085416,-0.014325,0.032155
1790938297.620497,1790938297.629036,2.909848,3.790963,-0.410785,-0.027193,0.013043,-0.699229,-0.714261,1.183,-3.248,88.748,-0.252816,-0.004293,-0.031907,-0.064497,-0.020105,-0.005085
1790938297.655497,1790938297.660662,2.910033,3.782156,-0.409788,-0.027267,0.014003,-0.698940,-0.714524,1.113,-3.332,88.704,-0.247395,-0.011908,-0.028688,-0.007395,-0.070851,-0.026690
1790938297.690497,1790938297.695489,2.910511,3.773213,-0.409126,-0.028380,0.014851,-0.698787,-0.714612,1.137,-3.491,88.682,-0.246278,-0.018698,-0.027616,0.016634,-0.112612,0.022461
1790938297.724491,1790938297.728659,2.911203,3.764211,-0.408756,-0.030066,0.015972,-0.699410,-0.713909,1.182,-3.719,88.786,-0.247272,-0.023560,-0.030201,0.050823,-0.112799,0.092847
1790938297.759491,1790938297.762253,2.912034,3.755427,-0.408807,-0.031963,0.016760,-0.700871,-0.712374,1.266,-3.938,89.024,-0.252290,-0.025122,-0.034903,0.034487,-0.081572,0.144401
1790938297.782491,1790938297.794036,2.912658,3.749164,-0.409126,-0.032836,0.017321,-0.702662,-0.710555,1.282,-4.058,89.315,-0.258662,-0.024889,-0.038880,0.008608,-0.047920,0.154173
1790938297.817483,1790938297.826773,2.913637,3.739901,-0.409883,-0.033252,0.017929,-0.704301,-0.708895,1.258,-4.144,89.582,-0.273288,-0.027249,-0.041345,-0.021951,-0.045412,0.164356
1790938297.852483,1790938297.859759,2.914783,3.730150,-0.409321,-0.033212,0.018916,-0.706389,-0.706791,1.162,-4.224,89.924,-0.291986,-0.031635,-0.039801,-0.047243,-0.024462,0.185802
1790938297.887483,1790938297.895569,2.916229,3.719436,-0.409179,-0.032773,0.019697,-0.708674,-0.704499,1.049,-4.255,90.300,-0.314866,-0.037173,-0.038198,-0.023775,-0.007710,0.179974
1790938297.922477,1790938297.927040,2.917969,3.707588,-0.409474,-0.032901,0.019884,-0.710333,-0.702815,1.034,-4.283,90.571,-0.340054,-0.041764,-0.040898,0.027897,-0.012730,0.136357
1790938297.957477,1790938297.959861,2.919836,3.695652,-0.410145,-0.033359,0.019295,-0.711845,-0.701279,1.110,-4.276,90.815,-0.360879,-0.045164,-0.049873,0.064022,0.028475,0.114672
1790938297.991477,1790938297.994028,2.921869,3.682742,-0.411614,-0.033280,0.017810,-0.713208,-0.699935,1.217,-4.152,91.032,-0.380639,-0.045462,-0.061776,0.034919,0.109659,0.088816
1790938298.014468,1790938298.026822,2.923241,3.673928,-0.412825,-0.031532,0.015712,-0.713761,-0.699502,1.245,-3.841,91.114,-0.391809,-0.046243,-0.066533,0.008927,0.172519,-0.010019
1790938298.049468,1790938298.060156,2.925301,3.660527,-0.413750,-0.029918,0.013951,-0.713602,-0.699773,1.261,-3.567,91.082,-0.400839,-0.045272,-0.064445,-0.001224,0.094444,-0.017609
1790938298.084468,1790938298.093556,2.927332,3.646149,-0.414516,-0.029545,0.013479,-0.713533,-0.699869,1.270,-3.499,91.069,-0.401171,-0.040518,-0.061410,0.007639,-0.001876,0.001572
1790938298.119460,1790938298.126484,2.929090,3.632641,-0.415335,-0.029956,0.013597,-0.713663,-0.699716,1.293,-3.542,91.091,-0.397007,-0.035946,-0.060486,0.013601,-0.031751,0.011407
1790938298.153460,1790938298.159754,2.930699,3.618939,-0.416482,-0.030156,0.013739,-0.713634,-0.699735,1.297,-3.570,91.086,-0.390210,-0.029878,-0.062009,0.000231,0.012593,-0.014171
1790938298.188460,1790938298.193781,2.932075,3.605424,-0.417958,-0.029939,0.013184,-0.713289,-0.700106,1.327,-3.507,91.028,-0.383352,-0.024939,-0.064294,0.038123,0.031537,-0.047014
1790938298.224451,1790938298.228782,2.933238,3.592442,-0.419574,-0.030663,0.012235,-0.712793,-0.700597,1.465,-3.489,90.944,-0.377283,-0.020887,-0.065232,0.114822,-0.016612,-0.039385
1790938298.258451,1790938298.259955,2.934173,3.578937,-0.420474,-0.032525,0.011290,-0.712786,-0.700536,1.692,-3.565,90.940,-0.367709,-0.011566,-0.061343,0.091576,-0.049707,0.039571
1790938298.282451,1790938298.292836,2.934566,3.570438,-0.420725,-0.033479,0.011365,-0.713693,-0.699566,1.758,-3.652,91.089,-0.363542,-0.004055,-0.056985,0.000895,-0.027375,0.100267
1790938298.316446,1790938298.327790,2.934860,3.557612,-0.421179,-0.033442,0.011665,-0.715071,-0.698154,1.723,-3.676,91.316,-0.361135,0.007128,-0.053203,-0.003277,0.016946,0.128458
1790938298.351446,1790938298.359992,2.934809,3.545131,-0.421859,-0.033013,0.010929,-0.716454,-0.696767,1.742,-3.585,91.542,-0.363283,0.016971,-0.054369,0.036609,0.102717,0.129713
1790938298.386446,1790938298.392915,2.934494,3.532550,-0.422667,-0.031536,0.008807,-0.717937,-0.695337,1.792,-3.298,91.781,-0.364234,0.023539,-0.048868,0.001962,0.186247,0.094817
1790938298.420437,1790938298.426997,2.934040,3.519317,-0.423355,-0.028844,0.007263,-0.718586,-0.694802,1.701,-2.955,91.884,-0.358399,0.024842,-0.031667,-0.061427,0.120937,-0.025110
1790938298.455437,1790938298.460838,2.933605,3.507013,-0.422980,-0.028160,0.007367,-0.717339,-0.696116,1.643,-2.904,91.679,-0.350270,0.022809,-0.019559,0.009534,-0.079702,-0.186618
1790938298.490438,1790938298.495775,2.933145,3.494755,-0.421636,-0.029840,0.007950,-0.714919,-0.698525,1.740,-3.082,91.282,-0.334880,0.020511,-0.020214,0.067814,-0.120299,-0.267659
1790938298.525432,1790938298.531008,2.932547,3.483532,-0.420748,-0.031586,0.008146,-0.711913,-0.701510,1.878,-3.233,90.790,-0.314383,0.024632,-0.025119,0.027365,-0.039770,-0.189939
1790938298.548432,1790938298.559477,2.931896,3.476020,-0.420435,-0.032312,0.008080,-0.710145,-0.703268,1.950,-3.282,90.502,-0.304027,0.031969,-0.027517,0.047091,-0.037159,-0.109402
1790938298.582432,1790938298.593724,2.930471,3.465383,-0.420201,-0.033936,0.007993,-0.709163,-0.704182,2.093,-3.405,90.342,-0.298278,0.048213,-0.027229,0.059724,-0.077978,-0.052413
1790938298.618425,1790938298.628817,2.928338,3.454814,-0.420125,-0.034927,0.008575,-0.708854,-0.704438,2.127,-3.531,90.292,-0.298947,0.068344,-0.025520,-0.023742,-0.065854,-0.004043
1790938298.652425,1790938298.659687,2.925605,3.444448,-0.420223,-0.034926,0.009714,-0.709039,-0.704237,2.034,-3.624,90.325,-0.303193,0.084314,-0.027557,-0.074154,-0.019776,0.037256
1790938298.687425,1790938298.694968,2.922382,3.433888,-0.419019,-0.034040,0.011059,-0.709433,-0.703864,1.851,-3.662,90.392,-0.311047,0.096240,-0.026907,-0.101792,-0.031569,0.015901
1790938298.722417,1790938298.727946,2.918593,3.422350,-0.418209,-0.033618,0.012868,-0.709203,-0.704084,1.670,-3.773,90.360,-0.323657,0.104433,-0.027110,-0.069611,-0.075814,-0.055297
1790938298.757417,1790938298.761905,2.914791,3.411017,-0.417796,-0.033979,0.013983,-0.708102,-0.705153,1.615,-3.890,90.184,-0.340967,0.107651,-0.032758,-0.017106,-0.048877,-0.149918
1790938298.791417,1790938298.795995,2.910700,3.398688,-0.418015,-0.033419,0.013637,-0.705721,-0.707570,1.611,-3.811,89.797,-0.359904,0.108651,-0.040887,-0.013702,0.117514,-0.180787
1790938298.826410,1790938298.830818,2.906646,3.386225,-0.418556,-0.031366,0.012226,-0.703776,-0.709624,1.568,-3.526,89.478,-0.376124,0.108622,-0.038870,-0.060666,0.179309,-0.204014
1790938298.849410,1790938298.861918,2.903728,3.377143,-0.418961,-0.029176,0.011292,-0.701603,-0.711881,1.475,-3.269,89.125,-0.386440,0.108215,-0.034072,-0.033093,0.044726,-0.149610
1790938298.884410,1790938298.896089,2.899439,3.363599,-0.418464,-0.029442,0.011800,-0.700151,-0.713290,1.462,-3.328,88.892,-0.393934,0.105957,-0.030220,-0.017366,-0.097382,-0.088677
1790938298.919402,1790938298.928756,2.895332,3.350394,-0.417807,-0.030185,0.013343,-0.699342,-0.714025,1.403,-3.513,88.767,-0.395013,0.101861,-0.037764,-0.068176,-0.103922,-0.057972
1790938298.954402,1790938298.959776,2.891222,3.336815,-0.418005,-0.029827,0.014937,-0.698346,-0.714983,1.251,-3.613,88.612,-0.398161,0.095101,-0.053447,-0.071914,0.018354,-0.117366
1790938298.989402,1790938298.997953,2.887403,3.323121,-0.418974,-0.028404,0.014252,-0.696163,-0.717180,1.200,-3.439,88.260,-0.404339,0.082450,-0.060236,0.006071,0.125586,-0.218821
1790938299.023398,1790938299.028624,2.883890,3.309245,-0.420070,-0.027498,0.012239,-0.693482,-0.719845,1.298,-3.196,87.827,-0.409015,0.071783,-0.051653,0.043069,0.085676,-0.204149
1790938299.058398,1790938299.060772,2.880666,3.295643,-0.420920,-0.027279,0.011690,-0.691747,-0.721530,1.331,-3.130,87.549,-0.407761,0.065632,-0.039577,-0.023920,-0.004277,-0.139318
1790938299.081398,1790938299.093803,2.878493,3.286100,-0.420899,-0.026679,0.012566,-0.690509,-0.722723,1.217,-3.153,87.355,-0.402191,0.061644,-0.033147,-0.110756,-0.014310,-0.088079
1790938299.116389,1790938299.126596,2.875565,3.272830,-0.420063,-0.025365,0.013841,-0.689722,-0.723498,1.011,-3.154,87.234,-0.394438,0.054742,-0.031890,-0.101640,0.013751,-0.050550
1790938299.151389,1790938299.159722,2.872917,3.259345,-0.419656,-0.023840,0.014362,-0.688931,-0.724293,0.846,-3.076,87.111,-0.389877,0.042155,-0.031493,-0.062932,0.069030,-0.076025
1790938299.185389,1790938299.193707,2.870808,3.246026,-0.419338,-0.022548,0.013631,-0.687766,-0.725454,0.801,-2.911,86.924,-0.383293,0.024969,-0.022775,0.001550,0.066900,-0.106187
1790938299.220378,1790938299.228837,2.869311,3.233387,-0.418837,-0.022426,0.013253,-0.686530,-0.726635,0.826,-2.869,86.728,-0.374218,0.011061,-0.012794,0.009569,-0.024022,-0.080938
1790938299.255378,1790938299.260680,2.868182,3.220649,-0.418382,-0.023228,0.013447,-0.685921,-0.727181,0.880,-2.948,86.633,-0.356852,0.002835,-0.011049,0.056081,-0.062788,-0.027786
1790938299.290378,1790938299.294594,2.867298,3.208946,-0.417606,-0.024838,0.013268,-0.686025,-0.727033,1.028,-3.059,86.648,-0.336421,0.001219,-0.014728,0.056129,-0.031736,0.054050
1790938299.325371,1790938299.330134,2.866473,3.197301,-0.416209,-0.025306,0.013432,-0.687213,-0.725891,1.049,-3.112,86.836,-0.315713,0.001611,-0.018572,-0.024698,-0.020871,0.115635
1790938299.348371,1790938299.360870,2.866056,3.190507,-0.415469,-0.024974,0.014222,-0.688324,-0.724833,0.954,-3.153,87.014,-0.306987,-0.000728,-0.019313,-0.065020,-0.024342,0.087779
1790938299.383371,1790938299.394719,2.865653,3.179635,-0.414700,-0.024508,0.015432,-0.689002,-0.724181,0.817,-3.217,87.125,-0.302591,-0.010171,-0.019098,-0.057691,-0.047950,0.028631
1790938299.418364,1790938299.426717,2.865766,3.169357,-0.414140,-0.024859,0.016421,-0.689029,-0.724122,0.767,-3.327,87.133,-0.307303,-0.025872,-0.020002,0.000227,-0.084225,-0.017940
1790938299.452363,1790938299.461683,2.866539,3.158485,-0.413960,-0.026275,0.017349,-0.688640,-0.724419,0.814,-3.516,87.074,-0.316022,-0.044153,-0.021663,0.028010,-0.089654,-0.016046
1790938299.487363,1790938299.494669,2.867918,3.147267,-0.414150,-0.027054,0.018079,-0.688861,-0.724163,0.820,-3.638,87.112,-0.324142,-0.057804,-0.025379,-0.034161,-0.028068,0.063865
1790938299.522356,1790938299.527749,2.869773,3.135701,-0.413079,-0.026730,0.018987,-0.690042,-0.723026,0.715,-3.689,87.303,-0.334596,-0.069296,-0.025198,-0.044366,-0.038151,0.116537
1790938299.557356,1790938299.560668,2.872049,3.124033,-0.412338,-0.026917,0.019979,-0.691255,-0.721833,0.645,-3.788,87.499,-0.348355,-0.081408,-0.024951,-0.033268,-0.063399,0.122450
1790938299.592356,1790938299.594669,2.874857,3.111483,-0.411990,-0.026802,0.021019,-0.692828,-0.720298,0.545,-3.866,87.754,-0.365628,-0.092763,-0.024187,-0.046031,-0.004183,0.131835
1790938299.627349,1790938299.628767,2.878028,3.098685,-0.411803,-0.026380,0.020792,-0.694356,-0.718847,0.520,-3.815,87.997,-0.384181,-0.102572,-0.018735,0.043984,0.042232,0.106013
1790938299.650349,1790938299.660652,2.880355,3.089644,-0.411729,-0.026804,0.019703,-0.695506,-0.717750,0.636,-3.760,88.176,-0.399617,-0.105719,-0.012774,0.062785,0.006702,0.078796
1790938299.684349,1790938299.693946,2.884143,3.074713,-0.411585,-0.027209,0.019453,-0.696434,-0.716841,0.684,-3.772,88.323,-0.427816,-0.108833,-0.004229,0.004456,-0.008043,0.102227
1790938299.719340,1790938299.727755,2.887851,3.059750,-0.410525,-0.026700,0.018791,-0.697818,-0.715531,0.688,-3.678,88.542,-0.453606,-0.110677,-0.007096,0.028956,0.132672,0.113555
1790938299.754340,1790938299.762290,2.891739,3.043623,-0.409295,-0.025277,0.016268,-0.699197,-0.714297,0.767,-3.359,88.753,-0.464774,-0.106376,-0.004208,0.058015,0.121079,0.085854
1790938299.789340,1790938299.793705,2.895312,3.027779,-0.408132,-0.025882,0.016199,-0.700285,-0.713211,0.817,-3.403,88.928,-0.468605,-0.092871,0.001966,-0.003475,-0.156520,0.108075
1790938299.823331,1790938299.826474,2.898536,3.011013,-0.407347,-0.027841,0.018863,-0.701578,-0.711798,0.756,-3.780,89.146,-0.464208,-0.074417,-0.005045,-0.048585,-0.235276,0.144760
1790938299.858331,1790938299.860595,2.901184,2.995484,-0.407262,-0.028937,0.021582,-0.702886,-0.710386,0.619,-4.091,89.370,-0.456094,-0.063404,-0.021005,-0.060847,-0.058951,0.075723
1790938299.881331,1790938299.893774,2.902849,2.985140,-0.407647,-0.028170,0.021850,-0.703461,-0.709839,0.531,-4.051,89.464,-0.452109,-0.058462,-0.030855,0.004694,0.056356,0.024110
1790938299.916323,1790938299.927412,2.905262,2.969530,-0.408142,-0.028440,0.020505,-0.703557,-0.709774,0.662,-3.964,89.473,-0.449392,-0.055486,-0.034416,0.109076,0.027429,-0.013281
1790938299.951323,1790938299.960922,2.907455,2.954469,-0.407742,-0.029921,0.018944,-0.703339,-0.709972,0.910,-3.956,89.431,-0.444772,-0.047289,-0.028982,0.119644,-0.013229,-0.016293
1790938299.986323,1790938299.994427,2.909284,2.938784,-0.407515,-0.031026,0.017857,-0.703371,-0.709921,1.087,-3.957,89.431,-0.433329,-0.031328,-0.023821,0.101207,0.016854,0.013798
1790938300.021313,1790938300.028612,2.910531,2.924406,-0.407313,-0.031627,0.016531,-0.703818,-0.709484,1.241,-3.898,89.498,-0.419070,-0.016599,-0.018583,0.035866,0.029926,0.047585
1790938300.055313,1790938300.060648,2.911319,2.910040,-0.407065,-0.031451,0.016357,-0.704343,-0.708974,1.238,-3.870,89.583,-0.406484,-0.003667,-0.008351,-0.044022,0.005045,0.047247
1790938300.090313,1790938300.094584,2.911801,2.896519,-0.406566,-0.030233,0.017331,-0.704773,-0.708577,1.058,-3.852,89.656,-0.393550,0.002148,0.005814,-0.098913,0.014859,-0.002837
1790938300.125306,1790938300.127600,2.912175,2.882672,-0.405148,-0.029240,0.018273,-0.704204,-0.709160,0.904,-3.847,89.568,-0.381457,0.001911,0.024337,-0.086533,-0.024802,-0.098755
1790938300.159306,1790938300.161663,2.912564,2.869948,-0.402419,-0.029593,0.019906,-0.702391,-0.710898,0.810,-4.007,89.282,-0.370033,-0.001487,0.034276,-0.009601,-0.140061,-0.182319
1790938300.183306,1790938300.193746,2.912833,2.861553,-0.400735,-0.031973,0.021540,-0.699647,-0.713448,0.890,-4.329,88.847,-0.360794,-0.004512,0.033652,0.037877,-0.163037,-0.231584
1790938300.217298,1790938300.227662,2.913117,2.849269,-0.398656,-0.033619,0.022674,-0.697279,-0.715652,0.948,-4.550,88.472,-0.349758,-0.000655,0.021190,0.006747,-0.107946,-0.204769
1790938300.252298,1790938300.260798,2.913097,2.837724,-0.397431,-0.034897,0.023326,-0.695100,-0.717686,1.015,-4.703,88.127,-0.344229,0.005813,0.004377,0.040531,-0.052044,-0.144977
1790938300.287298,1790938300.293503,2.912628,2.825714,-0.396920,-0.036007,0.023059,-0.693840,-0.718859,1.137,-4.768,87.923,-0.343396,0.017631,-0.004028,0.045877,-0.035697,-0.057228
1790938300.322289,1790938300.327528,2.911618,2.814332,-0.396765,-0.037028,0.023493,-0.693540,-0.719082,1.188,-4.884,87.878,-0.350172,0.035323,-0.006175,-0.004357,-0.081426,0.018709
1790938300.357290,1790938300.359655,2.909846,2.802358,-0.395378,-0.037422,0.024705,-0.694042,-0.718537,1.121,-5.017,87.964,-0.361913,0.054490,-0.009210,-0.061365,-0.070381,0.080540
1790938300.392289,1790938300.393688,2.907569,2.790342,-0.394554,-0.037312,0.026224,-0.695154,-0.717413,0.982,-5.135,88.150,-0.378037,0.066221,-0.014652,-0.051738,-0.049159,0.096736
1790938300.426281,1790938300.428630,2.904849,2.777025,-0.394413,-0.037654,0.027534,-0.696199,-0.716332,0.898,-5.272,88.325,-0.396819,0.070951,-0.020642,-0.017434,-0.092017,0.071834
1790938300.449281,1790938300.459791,2.903060,2.768265,-0.394580,-0.038828,0.028589,-0.696408,-0.716024,0.908,-5.453,88.365,-0.408293,0.071021,-0.026049,0.032615,-0.069416,-0.034503
1790938300.484281,1790938300.492676,2.900340,2.754784,-0.395473,-0.039369,0.028281,-0.695597,-0.716795,0.984,-5.469,88.233,-0.432946,0.072381,-0.040683,0.010439,0.065386,-0.109681
1790938300.519272,1790938300.527688,2.897349,2.740121,-0.397010,-0.037390,0.026986,-0.694499,-0.718015,0.933,-5.203,88.050,-0.455753,0.076360,-0.043234,-0.074540,0.186905,-0.053245
1790938300.553272,1790938300.561841,2.894068,2.724809,-0.397597,-0.034583,0.025455,-0.694357,-0.718348,0.824,-4.853,88.019,-0.473003,0.084249,-0.034754,-0.017638,0.140839,0.015521
1790938300.588272,1790938300.594588,2.890421,2.708997,-0.397533,-0.033665,0.025170,-0.695121,-0.717663,0.766,-4.757,88.140,-0.485329,0.095526,-0.022093,-0.070713,-0.036570,0.098683
1790938300.623265,1790938300.631375,2.886633,2.693332,-0.397545,-0.033411,0.027020,-0.696334,-0.716430,0.589,-4.890,88.345,-0.493049,0.097529,-0.023213,-0.064116,-0.063770,0.085922
1790938300.658265,1790938300.660759,2.882847,2.676885,-0.398267,-0.033393,0.027466,-0.696620,-0.716136,0.550,-4.926,88.394,-0.497627,0.089465,-0.037885,0.010005,0.014380,-0.032238
1790938300.693265,1790938300.695516,2.879296,2.660379,-0.399639,-0.033504,0.026506,-0.695200,-0.717546,0.646,-4.854,88.160,-0.500994,0.081804,-0.043422,0.039019,0.037165,-0.189072
1790938300.728260,1790938300.728897,2.875962,2.644383,-0.401169,-0.033400,0.025626,-0.692595,-0.720097,0.725,-4.771,87.739,-0.496527,0.074654,-0.044154,0.000860,0.043214,-0.191606
1790938300.751260,1790938300.759575,2.873684,2.633220,-0.401820,-0.032616,0.025096,-0.691233,-0.721459,0.711,-4.663,87.520,-0.487892,0.068854,-0.039624,-0.040380,0.074928,-0.076242
1790938300.786259,1790938300.793879,2.870669,2.617831,-0.401780,-0.030982,0.025144,-0.691111,-0.721647,0.572,-4.538,87.501,-0.471229,0.060219,-0.026497,-0.095423,0.046167,0.049255
1790938300.820249,1790938300.828754,2.867987,2.602484,-0.401624,-0.029210,0.025991,-0.692213,-0.720633,0.352,-4.468,87.682,-0.454586,0.046951,-0.018071,-0.087290,0.036365,0.104577
1790938300.855248,1790938300.861652,2.865961,2.588044,-0.401494,-0.028297,0.025644,-0.693110,-0.719820,0.298,-4.367,87.823,-0.437567,0.029175,-0.015457,0.044300,0.056239,0.008712
1790938300.890249,1790938300.892653,2.864440,2.573222,-0.401485,-0.028637,0.024557,-0.692537,-0.720396,0.416,-4.304,87.725,-0.421618,0.014476,-0.009642,0.075097,0.010754,-0.109015
1790938300.924240,1790938300.928240,2.863359,2.559698,-0.401389,-0.029788,0.024015,-0.691294,-0.721559,0.562,-4.350,87.524,-0.405791,0.004111,-0.005792,0.076982,-0.051932,-0.070878
1790938300.948240,1790938300.959650,2.862810,2.550820,-0.401404,-0.031509,0.023746,-0.690821,-0.721949,0.729,-4.463,87.447,-0.394936,-0.002337,-0.004635,0.075097,-0.051717,-0.003761
1790938300.983240,1790938300.993540,2.862202,2.537761,-0.400011,-0.032529,0.023447,-0.691389,-0.721369,0.834,-4.520,87.536,-0.378903,-0.006601,-0.005986,0.047569,-0.002809,0.088603
1790938301.018231,1790938301.028737,2.861762,2.525539,-0.399001,-0.032672,0.022998,-0.692484,-0.720326,0.875,-4.496,87.708,-0.366857,-0.008242,-0.006780,0.022624,0.025186,0.097635
1790938301.052231,1790938301.059691,2.861508,2.512913,-0.398206,-0.032654,0.022854,-0.693411,-0.719439,0.879,-4.483,87.855,-0.359064,-0.013927,-0.001901,-0.012561,-0.023868,0.036323
1790938301.087231,1790938301.093570,2.861600,2.501134,-0.397474,-0.032961,0.024020,-0.693627,-0.719178,0.810,-4.604,87.895,-0.355994,-0.025229,0.001245,-0.063528,-0.081042,0.031149
1790938301.122224,1790938301.127519,2.862207,2.489374,-0.396932,-0.032883,0.025682,-0.694314,-0.718461,0.666,-4.736,88.014,-0.355491,-0.042655,0.001313,-0.045622,-0.047766,0.096189
1790938301.156224,1790938301.160728,2.863651,2.476832,-0.396669,-0.033460,0.026208,-0.695811,-0.716966,0.662,-4.827,88.256,-0.357664,-0.064257,0.002800,0.050818,-0.046914,0.127370
1790938301.191224,1790938301.193707,2.865718,2.464869,-0.395012,-0.034398,0.026156,-0.697029,-0.715740,0.735,-4.899,88.451,-0.363163,-0.079100,0.007030,0.051280,-0.031067,0.101698
1790938301.226216,1790938301.228699,2.868316,2.452268,-0.393494,-0.035306,0.025796,-0.698007,-0.714755,0.832,-4.943,88.606,-0.369420,-0.085970,0.013596,0.061821,-0.020642,0.053744
1790938301.249216,1790938301.259646,2.870160,2.443840,-0.392595,-0.036358,0.025439,-0.698526,-0.714208,0.943,-4.999,88.687,-0.377898,-0.088522,0.016043,0.051865,-0.022626,0.036676
1790938301.284215,1790938301.294538,2.873034,2.430708,-0.391463,-0.036803,0.024949,-0.698887,-0.713848,1.016,-4.995,88.742,-0.389955,-0.088052,0.013998,0.049280,0.026526,0.020895
1790938301.319208,1790938301.326733,2.875807,2.417384,-0.390721,-0.037001,0.023534,-0.698897,-0.713877,1.146,-4.894,88.736,-0.410957,-0.085508,0.009279,0.076606,0.085301,-0.026030
1790938301.354208,1790938301.361537,2.878633,2.402495,-0.390479,-0.036270,0.021174,-0.698791,-0.714092,1.277,-4.642,88.707,-0.430510,-0.083030,0.004908,0.038487,0.144209,0.016695
1790938301.389208,1790938301.396707,2.881271,2.388130,-0.389409,-0.035120,0.019519,-0.699619,-0.713386,1.310,-4.416,88.833,-0.433963,-0.078217,-0.000798,0.008497,0.064069,0.113846
1790938301.423201,1790938301.426641,2.883769,2.373343,-0.388489,-0.035024,0.019668,-0.701026,-0.712004,1.282,-4.423,89.060,-0.433687,-0.067433,-0.011607,-0.040083,-0.069866,0.148789
1790938301.458201,1790938301.460632,2.885915,2.359063,-0.388295,-0.035587,0.021780,-0.702728,-0.710234,1.146,-4.643,89.345,-0.427336,-0.056833,-0.030763,-0.031458,-0.117890,0.127480
1790938301.481201,1790938301.493687,2.887228,2.349620,-0.388808,-0.036472,0.022794,-0.704234,-0.708664,1.126,-4.800,89.594,-0.423219,-0.050604,-0.047139,0.001784,-0.015299,0.143019
1790938301.516194,1790938301.526676,2.889111,2.335050,-0.390499,-0.035523,0.022575,-0.706358,-0.706603,1.053,-4.708,89.937,-0.419262,-0.044689,-0.065152,-0.032479,0.107612,0.191187
1790938301.551194,1790938301.560643,2.890890,2.321479,-0.392504,-0.034029,0.021436,-0.708125,-0.704941,1.013,-4.498,90.218,-0.416531,-0.044307,-0.063911,0.029364,0.135804,0.113005
1790938301.585194,1790938301.594533,2.892830,2.307577,-0.393901,-0.033578,0.019039,-0.708530,-0.704624,1.169,-4.267,90.273,-0.416323,-0.048122,-0.050534,0.118481,0.076229,-0.047187
1790938301.620184,1790938301.626652,2.894858,2.293732,-0.394101,-0.034284,0.016978,-0.707961,-0.705215,1.397,-4.157,90.172,-0.404500,-0.047509,-0.038812,0.070004,0.040324,-0.020466
1790938301.655184,1790938301.661552,2.896691,2.280543,-0.394228,-0.033935,0.016423,-0.708378,-0.704825,1.412,-4.085,90.238,-0.383494,-0.039152,-0.033928,-0.025503,0.019158,0.069647
1790938301.690184,1790938301.692678,2.898235,2.268449,-0.394468,-0.033579,0.016712,-0.709142,-0.704068,1.355,-4.081,90.363,-0.361657,-0.031329,-0.033567,-0.036951,-0.004483,0.085021
1790938301.725176,1790938301.728746,2.899539,2.256778,-0.394933,-0.032888,0.017117,-0.710303,-0.702919,1.259,-4.059,90.554,-0.339593,-0.023958,-0.033899,-0.040808,0.030563,0.102681
1790938301.760175,1790938301.761473,2.900686,2.245781,-0.395447,-0.031678,0.016940,-0.711446,-0.701822,1.170,-3.948,90.740,-0.322654,-0.021541,-0.025921,-0.035538,0.082016,0.064544
1790938301.783175,1790938301.794752,2.901431,2.238830,-0.395632,-0.030384,0.016418,-0.711893,-0.701438,1.105,-3.801,90.811,-0.314150,-0.022030,-0.015491,-0.020292,0.042205,0.007615
1790938301.817168,1790938301.828826,2.902561,2.228474,-0.394025,-0.030578,0.016584,-0.711679,-0.701643,1.109,-3.830,90.777,-0.308866,-0.021794,0.001821,0.017046,-0.060972,-0.041626
1790938301.852168,1790938301.860744,2.903633,2.218478,-0.392290,-0.031623,0.017012,-0.711052,-0.702222,1.161,-3.949,90.676,-0.306913,-0.021269,0.010087,0.034608,-0.070714,-0.068815
1790938301.887168,1790938301.895813,2.904597,2.208317,-0.390726,-0.032724,0.017233,-0.710175,-0.703053,1.237,-4.055,90.534,-0.303236,-0.016599,0.011156,0.018475,-0.041685,-0.068435
1790938301.921163,1790938301.926982,2.905313,2.198230,-0.389382,-0.033345,0.017769,-0.709267,-0.703927,1.249,-4.147,90.388,-0.299933,-0.010363,0.013876,-0.005716,-0.066102,-0.077410
1790938301.956163,1790938301.961703,2.905754,2.188469,-0.388159,-0.034434,0.018816,-0.708189,-0.704932,1.258,-4.318,90.217,-0.298863,-0.004049,0.014559,0.003613,-0.098554,-0.093881
1790938301.991163,1790938301.993839,2.905897,2.178460,-0.387277,-0.035341,0.019565,-0.707160,-0.705899,1.277,-4.451,90.053,-0.297738,0.003194,0.011354,-0.002581,-0.062989,-0.096309
1790938302.026155,1790938302.028728,2.905763,2.168766,-0.385136,-0.035806,0.020567,-0.705934,-0.707073,1.241,-4.568,89.858,-0.299647,0.009131,0.009423,-0.051958,-0.079575,-0.091476
1790938302.061155,1790938302.063005,2.905318,2.158305,-0.383562,-0.036371,0.022566,-0.704684,-0.708229,1.134,-4.774,89.665,-0.307398,0.015101,0.001929,-0.071022,-0.129754,-0.105324
1790938302.084155,1790938302.093704,2.904871,2.151499,-0.382894,-0.036796,0.024975,-0.703138,-0.709662,0.984,-5.002,89.428,-0.313446,0.019231,-0.005243,-0.094364,-0.094215,-0.121677
1790938302.119147,1790938302.126902,2.903926,2.140878,-0.382471,-0.036587,0.026548,-0.701807,-0.710932,0.849,-5.112,89.222,-0.324501,0.026782,-0.015890,-0.095703,-0.051171,-0.111162
1790938302.153147,1790938302.158833,2.902635,2.130216,-0.382519,-0.036049,0.028463,-0.700659,-0.712016,0.659,-5.224,89.049,-0.338934,0.036405,-0.017031,-0.110355,-0.071517,-0.069311
1790938302.188147,1790938302.194670,2.900861,2.118487,-0.382962,-0.035099,0.030681,-0.699777,-0.712839,0.409,-5.328,88.921,-0.367011,0.047504,-0.019836,-0.152653,-0.010406,-0.052187
1790938302.223140,1790938302.226621,2.898640,2.105721,-0.382764,-0.032980,0.031865,-0.699260,-0.713395,0.143,-5.255,88.847,-0.398974,0.058913,-0.020682,-0.157873,0.099190,-0.053250
1790938302.258141,1790938302.261964,2.896060,2.092231,-0.382495,-0.030449,0.031472,-0.698192,-0.714570,-0.025,-5.020,88.673,-0.431407,0.068053,-0.023728,0.012472,0.124548,-0.135075
1790938302.292140,1790938302.293523,2.893028,2.077326,-0.382776,-0.030197,0.028980,-0.696152,-0.716673,0.169,-4.794,88.329,-0.458335,0.074914,-0.033444,0.107422,0.108961,-0.186785
1790938302.316132,1790938302.327749,2.890849,2.067153,-0.383294,-0.029388,0.026571,-0.694392,-0.718506,0.306,-4.531,88.032,-0.467908,0.076629,-0.039293,0.018062,0.149392,-0.095448
1790938302.350132,1790938302.361728,2.887582,2.051934,-0.384334,-0.028056,0.024716,-0.693574,-0.719414,0.350,-4.271,87.892,-0.470237,0.071902,-0.044221,0.007908,0.094860,-0.067953
1790938302.385132,1790938302.393887,2.884474,2.035898,-0.385831,-0.027705,0.023998,-0.692755,-0.720241,0.383,-4.184,87.757,-0.461749,0.057440,-0.047785,0.032448,0.010644,-0.089911
1790938302.420122,1790938302.426610,2.881993,2.021327,-0.387018,-0.028914,0.022841,-0.691526,-0.721411,0.582,-4.183,87.555,-0.441410,0.044408,-0.056310,0.127249,0.030679,-0.121290
1790938302.455122,1790938302.460905,2.879752,2.007181,-0.387707,-0.028742,0.020475,-0.690306,-0.722656,0.762,-3.972,87.350,-0.413497,0.039435,-0.057373,0.015204,0.164420,-0.054020
1790938302.490122,1790938302.493648,2.877657,1.994155,-0.388314,-0.026202,0.019130,-0.690587,-0.722521,0.657,-3.660,87.390,-0.396307,0.037736,-0.044175,-0.096906,0.131550,0.079376
1790938302.524113,1790938302.527325,2.875679,1.980691,-0.388492,-0.024076,0.019433,-0.691715,-0.721508,0.451,-3.517,87.571,-0.386957,0.030111,-0.019490,-0.128067,0.050331,0.122912
1790938302.559113,1790938302.561728,2.874151,1.968084,-0.388070,-0.022313,0.020722,-0.693052,-0.720244,0.196,-3.484,87.790,-0.383078,0.020795,-0.000865,-0.114117,0.002187,0.068753
1790938302.582113,1790938302.594622,2.873380,1.959568,-0.387555,-0.021220,0.021854,-0.692975,-0.720318,0.016,-3.491,87.783,-0.378917,0.010668,0.010129,-0.061463,-0.014100,-0.064458
1790938302.617106,1790938302.625886,2.872679,1.946700,-0.386595,-0.021308,0.022402,-0.692035,-0.721202,-0.016,-3.543,87.636,-0.373739,-0.004606,0.018588,0.013645,-0.050532,-0.096293
1790938302.652107,1790938302.661952,2.872404,1.934345,-0.384191,-0.022857,0.022869,-0.691021,-0.722112,0.081,-3.705,87.477,-0.365542,-0.012692,0.020209,0.064792,-0.112191,-0.061589
1790938302.686106,1790938302.694056,2.872314,1.921564,-0.382235,-0.024990,0.023548,-0.690739,-0.722289,0.205,-3.930,87.435,-0.353347,-0.013547,0.013288,0.045354,-0.095548,0.033949
1790938302.721097,1790938302.726814,2.872232,1.909950,-0.380841,-0.025927,0.024327,-0.692026,-0.720997,0.214,-4.069,87.643,-0.338442,-0.010012,0.005632,-0.015473,-0.064679,0.174496
1790938302.756097,1790938302.759667,2.872150,1.898461,-0.379985,-0.026245,0.025459,-0.694198,-0.718855,0.137,-4.189,87.996,-0.324933,-0.006707,-0.004134,-0.057977,-0.071631,0.231784
1790938302.791097,1790938302.793643,2.872127,1.887593,-0.379703,-0.025939,0.027245,-0.696896,-0.716185,-0.047,-4.311,88.438,-0.319217,-0.007186,-0.013697,-0.079579,-0.038633,0.186215
1790938302.826088,1790938302.826850,2.872359,1.876098,-0.379998,-0.025409,0.028196,-0.698849,-0.714261,-0.179,-4.347,88.757,-0.322750,-0.015434,-0.022768,-0.014211,0.000865,0.143103
1790938302.849088,1790938302.861147,2.872757,1.868636,-0.379408,-0.026015,0.027771,-0.700534,-0.712603,-0.105,-4.360,89.025,-0.328123,-0.022355,-0.026315,0.093563,-0.027785,0.125506
1790938302.884088,1790938302.892699,2.873711,1.856998,-0.379048,-0.027608,0.027250,-0.701900,-0.711218,0.058,-4.446,89.242,-0.336818,-0.031802,-0.031068,0.110792,-0.072579,0.138904
1790938302.918079,1790938302.928790,2.874982,1.845490,-0.379082,-0.029605,0.026923,-0.703804,-0.709266,0.236,-4.581,89.548,-0.341640,-0.038171,-0.037010,0.098456,-0.042942,0.157997
1790938302.953079,1790938302.961723,2.876552,1.833822,-0.379599,-0.030651,0.026172,-0.705525,-0.707538,0.370,-4.605,89.822,-0.346576,-0.044305,-0.037116,0.065255,0.026197,0.115422
1790938302.988079,1790938302.994719,2.878518,1.821105,-0.380259,-0.030543,0.024629,-0.706607,-0.706517,0.480,-4.472,89.989,-0.358122,-0.051369,-0.026039,0.063566,0.085057,0.051108
1790938303.023070,1790938303.026927,2.880661,1.808535,-0.380532,-0.030363,0.023415,-0.707145,-0.706028,0.561,-4.359,90.069,-0.374167,-0.057463,-0.007239,0.014730,0.024029,0.033624
1790938303.057070,1790938303.059565,2.883170,1.794837,-0.379403,-0.030332,0.023359,-0.707507,-0.705669,0.561,-4.352,90.128,-0.396240,-0.066795,0.008623,-0.000735,-0.005181,0.040114
1790938303.093070,1790938303.094615,2.885926,1.780781,-0.377833,-0.030170,0.022967,-0.708193,-0.705000,0.575,-4.308,90.237,-0.412133,-0.073445,0.013660,0.042316,0.057272,0.062779
1790938303.116064,1790938303.126760,2.887983,1.770602,-0.376873,-0.030214,0.021794,-0.708829,-0.704396,0.670,-4.217,90.335,-0.416228,-0.074068,0.015102,0.048882,0.001776,0.027471
1790938303.150064,1790938303.160793,2.890947,1.755616,-0.375754,-0.031244,0.022186,-0.709073,-0.704093,0.720,-4.333,90.377,-0.417792,-0.069773,0.008550,0.013793,-0.138753,0.038707
1790938303.185064,1790938303.193822,2.893714,1.741088,-0.375343,-0.033086,0.024000,-0.709657,-0.703361,0.717,-4.630,90.482,-0.413006,-0.067719,-0.010524,-0.020554,-0.125570,0.067455
1790938303.220054,1790938303.227652,2.896589,1.726426,-0.375990,-0.033597,0.024868,-0.710360,-0.702596,0.683,-4.742,90.601,-0.405063,-0.071082,-0.035287,0.010283,0.027650,0.022032
1790938303.255054,1790938303.260701,2.899516,1.712377,-0.376991,-0.032834,0.023866,-0.710003,-0.703028,0.706,-4.599,90.537,-0.401888,-0.074502,-0.049751,0.011042,0.116245,-0.093563
1790938303.289054,1790938303.294020,2.902546,1.697955,-0.377520,-0.031706,0.021665,-0.708513,-0.704652,0.804,-4.328,90.283,-0.396886,-0.074836,-0.050714,0.075104,0.146485,-0.160671
1790938303.324046,1790938303.327561,2.905423,1.683680,-0.378129,-0.031154,0.019057,-0.706844,-0.706426,0.981,-4.069,89.999,-0.387532,-0.069147,-0.039521,0.113036,0.157406,-0.165885
1790938303.347046,1790938303.358665,2.907106,1.674435,-0.378318,-0.030749,0.015570,-0.705339,-0.708032,1.239,-3.751,89.741,-0.378754,-0.060673,-0.030189,0.115948,0.136096,-0.091310
1790938303.382046,1790938303.393621,2.909120,1.660769,-0.378278,-0.030948,0.013411,-0.704657,-0.708746,1.434,-3.591,89.624,-0.362132,-0.041764,-0.011151,0.075012,0.007401,-0.038932
1790938303.417036,1790938303.428745,2.910400,1.647985,-0.377817,-0.032554,0.013626,-0.704389,-0.708936,1.548,-3.737,89.581,-0.347294,-0.021185,-0.000002,0.047155,-0.132143,0.001695
1790938303.452036,1790938303.459835,2.911019,1.635008,-0.377466,-0.034278,0.014694,-0.704305,-0.708917,1.603,-3.963,89.571,-0.332112,-0.003881,-0.004132,0.022025,-0.118815,-0.020929
1790938303.486036,1790938303.493562,2.911123,1.623205,-0.376057,-0.035206,0.015339,-0.703361,-0.709795,1.632,-4.089,89.420,-0.320792,0.005850,-0.010131,-0.007484,-0.022326,-0.117668
1790938303.521028,1790938303.525811,2.910873,1.611692,-0.375069,-0.035034,0.015867,-0.701902,-0.711234,1.583,-4.115,89.186,-0.315923,0.013478,-0.011538,-0.065206,-0.019564,-0.103335
1790938303.556028,1790938303.559722,2.910260,1.599551,-0.374354,-0.034074,0.017207,-0.700919,-0.712218,1.403,-4.145,89.033,-0.318557,0.020972,-0.008274,-0.109493,-0.009992,-0.046970
1790938303.591028,1790938303.592854,2.909399,1.587824,-0.373742,-0.033026,0.018314,-0.700675,-0.712480,1.229,-4.151,88.998,-0.327998,0.028118,-0.003584,-0.100821,0.000810,0.004077
1790938303.625020,1790938303.627780,2.908152,1.575380,-0.373136,-0.031660,0.019549,-0.700913,-0.712276,1.017,-4.142,89.042,-0.341399,0.039859,0.003507,-0.121339,-0.005425,0.032040
1790938303.660020,1790938303.661684,2.906481,1.562791,-0.372603,-0.030864,0.021478,-0.701201,-0.711972,0.794,-4.236,89.097,-0.357988,0.052538,0.006230,-0.094481,-0.085675,0.015745
1790938303.683020,1790938303.694873,2.905068,1.553994,-0.371360,-0.030955,0.023836,-0.701138,-0.711955,0.612,-4.436,89.099,-0.368053,0.061502,0.006439,-0.088539,-0.109171,-0.010963
1790938303.718011,1790938303.725847,2.902439,1.539894,-0.369965,-0.030742,0.026063,-0.700818,-0.712201,0.417,-4.601,89.060,-0.381859,0.072668,0.004342,-0.159217,-0.095996,-0.035193
1790938303.753011,1790938303.761584,2.899611,1.525783,-0.368999,-0.029956,0.029700,-0.700076,-0.712821,0.065,-4.835,88.964,-0.393544,0.072480,0.002565,-0.181558,-0.145985,-0.060194
1790938303.788012,1790938303.793966,2.896940,1.511664,-0.368484,-0.030114,0.033348,-0.698559,-0.714140,-0.206,-5.147,88.745,-0.412050,0.066479,-0.004306,-0.107286,-0.142453,-0.173048
1790938303.823002,1790938303.828754,2.894215,1.496441,-0.368765,-0.030262,0.034629,-0.695855,-0.716708,-0.277,-5.264,88.321,-0.435957,0.065374,-0.016257,0.005912,0.036735,-0.222536
1790938303.857002,1790938303.859900,2.891247,1.480490,-0.369518,-0.029900,0.033048,-0.693755,-0.718831,-0.165,-5.106,87.973,-0.455635,0.072274,-0.015841,0.079627,0.136848,-0.203823
1790938303.892002,1790938303.893775,2.887973,1.464423,-0.369163,-0.029876,0.030644,-0.691753,-0.720865,0.039,-4.906,87.637,-0.469779,0.078184,-0.000918,0.057893,0.024602,-0.123522
1790938303.926995,1790938303.928469,2.884513,1.447477,-0.368148,-0.030409,0.030919,-0.690253,-0.722267,0.071,-4.971,87.400,-0.478346,0.070676,0.010550,-0.033507,-0.080209,-0.133757
1790938303.949995,1790938303.961495,2.882368,1.436179,-0.367561,-0.030871,0.031911,-0.688001,-0.724350,0.047,-5.089,87.049,-0.483991,0.061968,0.009383,-0.000147,-0.004913,-0.221490
1790938303.984995,1790938303.992563,2.879399,1.418809,-0.367062,-0.030913,0.030703,-0.685289,-0.726967,0.165,-4.992,86.612,-0.493113,0.047785,0.002552,0.093341,0.113243,-0.281943
1790938304.018986,1790938304.025800,2.876687,1.401076,-0.366978,-0.030592,0.027430,-0.682184,-0.730025,0.416,-4.691,86.102,-0.499198,0.037851,0.000488,0.091879,0.163613,-0.209839
1790938304.053986,1790938304.060767,2.874147,1.383822,-0.366846,-0.029618,0.025265,-0.680441,-0.731768,0.515,-4.432,85.817,-0.496882,0.035220,0.008647,-0.035857,0.078281,-0.066470
1790938304.088986,1790938304.094125,2.871554,1.366319,-0.366042,-0.028246,0.025829,-0.680219,-0.732009,0.357,-4.372,85.786,-0.483122,0.033604,0.017083,-0.107657,-0.006146,0.021728
1790938304.123976,1790938304.125876,2.869181,1.349365,-0.364516,-0.026990,0.026957,-0.680492,-0.731762,0.162,-4.369,85.836,-0.464163,0.025871,0.010194,-0.127150,0.024981,0.034653
1790938304.158976,1790938304.160542,2.867224,1.333108,-0.363526,-0.024569,0.027326,-0.680819,-0.731529,-0.072,-4.211,85.890,-0.444050,0.014110,-0.001394,-0.077500,0.128062,-0.005316
1790938304.181976,1790938304.195710,2.866238,1.322768,-0.363138,-0.022749,0.025991,-0.680100,-0.732305,-0.117,-3.957,85.770,-0.433029,0.004041,-0.004540,0.011508,0.099915,-0.101482
1790938304.227969,1790938304.229994,2.864764,1.302805,-0.362589,-0.022335,0.025023,-0.678992,-0.733379,-0.070,-3.844,85.592,-0.411031,-0.006180,-0.005854,0.018594,0.022051,-0.059359
1790938304.251969,1790938304.260913,2.864212,1.293233,-0.362499,-0.022418,0.024649,-0.678929,-0.733447,-0.034,-3.819,85.580,-0.398210,-0.010080,-0.009988,0.043681,0.021767,0.041131
1790938304.285969,1790938304.294507,2.863618,1.279248,-0.362708,-0.022817,0.023254,-0.679944,-0.732540,0.104,-3.732,85.732,-0.378247,-0.015162,-0.018152,0.087066,0.057750,0.106263
1790938304.320961,1790938304.327745,2.863278,1.266326,-0.361857,-0.022999,0.021753,-0.681481,-0.731151,0.229,-3.621,85.965,-0.361083,-0.016631,-0.025919,0.047152,0.056523,0.130146
1790938304.355962,1790938304.360506,2.863083,1.253522,-0.361583,-0.022678,0.020883,-0.682919,-0.729843,0.263,-3.523,86.187,-0.348503,-0.018415,-0.033403,0.016966,0.056944,0.132593
1790938304.389961,1790938304.393704,2.863137,1.241103,-0.361757,-0.022224,0.020349,-0.684520,-0.728371,0.259,-3.444,86.437,-0.338914,-0.024703,-0.038605,-0.014696,0.028540,0.128717
1790938304.424953,1790938304.426659,2.863519,1.229342,-0.362302,-0.021051,0.020488,-0.686371,-0.726658,0.142,-3.364,86.730,-0.330412,-0.032463,-0.046652,-0.061381,0.066076,0.165955
1790938304.459953,1790938304.461786,2.864374,1.217243,-0.363409,-0.019645,0.019919,-0.688624,-0.724578,0.059,-3.206,87.084,-0.321880,-0.043383,-0.050552,-0.011461,0.094967,0.190434
1790938304.483953,1790938304.494919,2.865184,1.209674,-0.364134,-0.018344,0.018673,-0.690845,-0.722529,0.041,-3.000,87.431,-0.317463,-0.049970,-0.046363,0.012143,0.093895,0.145478
1790938304.517944,1790938304.526828,2.866807,1.198148,-0.364048,-0.017695,0.017987,-0.692319,-0.721150,0.035,-2.891,87.662,-0.316440,-0.060733,-0.030405,-0.001420,0.022012,0.140116
1790938304.552944,1790938304.561712,2.868729,1.186865,-0.363267,-0.017931,0.017883,-0.693980,-0.719549,0.056,-2.902,87.926,-0.322442,-0.067688,-0.019480,0.043542,-0.029538,0.115435
1790938304.587944,1790938304.592937,2.870906,1.175006,-0.362575,-0.019426,0.017895,-0.694951,-0.718572,0.175,-3.022,88.081,-0.330446,-0.069851,-0.015872,0.079472,-0.089528,0.038386
1790938304.621932,1790938304.628673,2.873106,1.162757,-0.362239,-0.021564,0.017755,-0.695307,-0.718170,0.361,-3.181,88.137,-0.344525,-0.069416,-0.022046,0.099245,-0.034463,0.042572
1790938304.656932,1790938304.658888,2.875203,1.150415,-0.362264,-0.021907,0.016647,-0.696155,-0.717364,0.474,-3.118,88.268,-0.357387,-0.068434,-0.019700,0.037911,0.105450,0.106941
1790938304.691932,1790938304.693882,2.877446,1.137217,-0.362097,-0.019976,0.015055,-0.697734,-0.715920,0.436,-2.833,88.515,-0.369490,-0.073384,-0.000525,-0.061175,0.141279,0.131475
1790938304.725925,1790938304.727856,2.880070,1.123560,-0.360386,-0.018211,0.014978,-0.699154,-0.714583,0.292,-2.687,88.743,-0.377167,-0.085598,0.021099,-0.066887,-0.035631,0.069243
1790938304.749925,1790938304.760926,2.881952,1.114879,-0.358746,-0.018925,0.017248,-0.699272,-0.714397,0.167,-2.930,88.770,-0.377212,-0.092551,0.027393,-0.050448,-0.185002,-0.034250
1790938304.783925,1790938304.794973,2.885250,1.100839,-0.356659,-0.020466,0.019421,-0.698853,-0.714709,0.121,-3.231,88.711,-0.370073,-0.099379,0.015784,-0.011499,-0.154245,-0.018088
1790938304.819920,1790938304.827995,2.888553,1.087851,-0.355483,-0.021480,0.020561,-0.699197,-0.714310,0.111,-3.406,88.772,-0.362374,-0.103286,-0.005279,0.006971,-0.010198,0.099016
1790938304.853920,1790938304.858996,2.892050,1.074845,-0.355273,-0.021300,0.019824,-0.701049,-0.712520,0.147,-3.332,89.066,-0.356012,-0.103716,-0.024383,0.039716,0.058741,0.165327
1790938304.888920,1790938304.894062,2.895396,1.062231,-0.355742,-0.021615,0.018918,-0.702962,-0.710648,0.237,-3.283,89.370,-0.359704,-0.097223,-0.034228,0.061075,-0.013442,0.146695
1790938304.923909,1790938304.925840,2.898634,1.048747,-0.356237,-0.022355,0.018702,-0.704223,-0.709381,0.309,-3.326,89.573,-0.362711,-0.085055,-0.039921,0.036668,-0.016224,0.095848
1790938304.958909,1790938304.960613,2.901279,1.035938,-0.356143,-0.022211,0.018213,-0.705230,-0.708397,0.332,-3.275,89.734,-0.363865,-0.071946,-0.043346,0.006816,0.067181,0.074355
1790938304.992909,1790938304.995036,2.903625,1.022733,-0.356366,-0.021406,0.017167,-0.706206,-0.707475,0.347,-3.126,89.888,-0.364087,-0.062183,-0.038644,0.018621,0.070625,0.081838
1790938305.027903,1790938305.029426,2.905624,1.009942,-0.356529,-0.021313,0.016356,-0.707373,-0.706330,0.400,-3.053,90.074,-0.364055,-0.053550,-0.033232,0.050459,0.008196,0.096114
1790938305.050903,1790938305.059271,2.906889,1.000885,-0.356786,-0.022082,0.015485,-0.708318,-0.705378,0.529,-3.045,90.224,-0.362703,-0.047147,-0.033045,0.109110,0.014714,0.075720
1790938305.085903,1790938305.096718,2.908449,0.987856,-0.357260,-0.022780,0.013217,-0.708719,-0.704999,0.768,-2.919,90.282,-0.358451,-0.036502,-0.031680,0.114816,0.115191,-0.020877
1790938305.120894,1790938305.125910,2.909545,0.975385,-0.357653,-0.022381,0.010401,-0.708253,-0.705527,0.966,-2.658,90.198,-0.353277,-0.024499,-0.022434,0.091031,0.122819,-0.048343
1790938305.155895,1790938305.160704,2.910276,0.962727,-0.356342,-0.022540,0.008344,-0.707994,-0.705810,1.147,-2.504,90.152,-0.347108,-0.016219,-0.004400,0.082489,0.017303,-0.005245
1790938305.190894,1790938305.192670,2.910744,0.950294,-0.354783,-0.023446,0.007805,-0.708063,-0.705717,1.264,-2.534,90.162,-0.339134,-0.009146,0.004821,0.050975,-0.037341,0.011726
1790938305.224886,1790938305.227957,2.910914,0.938221,-0.353424,-0.024106,0.007746,-0.707932,-0.705826,1.323,-2.583,90.141,-0.328086,-0.002120,0.000384,0.019961,-0.003887,-0.047871
1790938305.248886,1790938305.260204,2.910889,0.930839,-0.352751,-0.024411,0.007070,-0.706613,-0.707144,1.407,-2.550,89.926,-0.320570,-0.000269,-0.003860,0.044591,0.017223,-0.164573
1790938305.282886,1790938305.292980,2.910700,0.919141,-0.352091,-0.024746,0.006569,-0.704795,-0.708949,1.481,-2.533,89.631,-0.309539,0.002437,-0.009578,0.024080,-0.004364,-0.173264
1790938305.317878,1790938305.326912,2.910327,0.908485,-0.351717,-0.024954,0.006609,-0.703076,-0.710646,1.501,-2.549,89.353,-0.298992,0.004662,-0.012433,-0.016191,-0.019292,-0.114220
1790938305.352878,1790938305.360795,2.909808,0.897884,-0.350695,-0.025150,0.007095,-0.701628,-0.712065,1.483,-2.602,89.120,-0.291872,0.005907,-0.014175,-0.004081,-0.039541,-0.124079
1790938305.386878,1790938305.391753,2.909099,0.887450,-0.349556,-0.025672,0.007879,-0.699811,-0.713823,1.470,-2.704,88.829,-0.291337,0.011017,-0.016196,-0.028394,-0.067863,-0.167525
1790938305.421869,1790938305.426875,2.908083,0.876980,-0.348813,-0.025986,0.009039,-0.697806,-0.715758,1.410,-2.820,88.510,-0.294851,0.015723,-0.020432,-0.053206,-0.079551,-0.211574
1790938305.456869,1790938305.459026,2.906823,0.866674,-0.348489,-0.026314,0.010794,-0.695131,-0.718320,1.308,-2.986,88.086,-0.301285,0.021258,-0.025424,-0.090601,-0.095106,-0.187254
1790938305.491869,1790938305.494102,2.905176,0.855877,-0.348642,-0.025963,0.013435,-0.693114,-0.720235,1.077,-3.173,87.772,-0.309524,0.028838,-0.030861,-0.160146,-0.106229,-0.129896
1790938305.515862,1790938305.527814,2.903899,0.848639,-0.348971,-0.025225,0.016922,-0.691500,-0.721738,0.747,-3.400,87.526,-0.318502,0.032761,-0.035175,-0.166825,-0.105928,-0.124079
1790938305.549862,1790938305.561628,2.901770,0.837199,-0.349542,-0.024269,0.019383,-0.689477,-0.723641,0.482,-3.527,87.215,-0.337855,0.035196,-0.046144,-0.115290,-0.006921,-0.197584
1790938305.584862,1790938305.592878,2.899544,0.825553,-0.349780,-0.023054,0.019335,-0.687179,-0.725865,0.396,-3.426,86.852,-0.354678,0.034917,-0.054916,-0.016002,0.108106,-0.236216
1790938305.619853,1790938305.627840,2.897052,0.812705,-0.350548,-0.021934,0.017672,-0.683947,-0.728988,0.448,-3.197,86.336,-0.370333,0.036225,-0.051121,0.024750,0.089144,-0.263906
1790938305.654853,1790938305.658905,2.894552,0.800242,-0.351175,-0.021813,0.016716,-0.680668,-0.732077,0.527,-3.105,85.818,-0.378506,0.031112,-0.042642,0.022801,0.008098,-0.262363
1790938305.688853,1790938305.693766,2.892161,0.787284,-0.351781,-0.022088,0.016761,-0.677844,-0.734683,0.558,-3.128,85.376,-0.382175,0.020320,-0.033846,-0.011996,-0.035375,-0.262408
1790938305.723845,1790938305.725849,2.890009,0.774245,-0.352373,-0.022477,0.017351,-0.674401,-0.737819,0.560,-3.206,84.842,-0.384464,0.010279,-0.031710,-0.008912,-0.044456,-0.287599
1790938305.758845,1790938305.760479,2.888073,0.761630,-0.352699,-0.022758,0.017605,-0.670551,-0.741306,0.581,-3.246,84.246,-0.381928,0.004446,-0.035012,-0.003828,0.010781,-0.271943
1790938305.781845,1790938305.792678,2.886727,0.752829,-0.352516,-0.022080,0.017340,-0.667727,-0.743877,0.556,-3.169,83.809,-0.378346,0.003333,-0.032190,-0.069195,0.048502,-0.165849
1790938305.815837,1790938305.827610,2.884757,0.740622,-0.352137,-0.020171,0.018355,-0.666085,-0.745377,0.322,-3.109,83.561,-0.372073,0.004234,-0.019723,-0.172598,0.000397,-0.076906
1790938305.851837,1790938305.858864,2.882697,0.728398,-0.351536,-0.018251,0.020516,-0.665642,-0.745766,-0.005,-3.147,83.502,-0.361266,0.006170,-0.009467,-0.193623,-0.042010,-0.006364
1790938305.885837,1790938305.891822,2.880691,0.716562,-0.351075,-0.016445,0.022803,-0.665655,-0.745730,-0.335,-3.205,83.515,-0.352122,0.005605,-0.010875,-0.139971,0.002740,0.004679
1790938305.920828,1790938305.925979,2.878784,0.705398,-0.350802,-0.014258,0.023645,-0.665482,-0.745903,-0.585,-3.110,83.494,-0.345648,0.006246,-0.010275,-0.132696,0.090338,-0.014792
1790938305.955828,1790938305.960644,2.876847,0.694134,-0.350527,-0.011216,0.024018,-0.665426,-0.745993,-0.874,-2.910,83.488,-0.339573,0.006487,-0.001506,-0.139343,0.087276,0.010195
1790938305.990828,1790938305.991680,2.875057,0.683404,-0.348723,-0.009347,0.024483,-0.665540,-0.745902,-1.070,-2.807,83.509,-0.331947,0.003719,0.007802,-0.094649,0.035953,0.019482
1790938306.024819,1790938306.026854,2.873384,0.672464,-0.346890,-0.008075,0.025139,-0.665791,-0.745671,-1.230,-2.765,83.551,-0.319270,-0.001436,0.011629,-0.063940,0.002979,0.027660
1790938306.059819,1790938306.062245,2.872112,0.662658,-0.345363,-0.007882,0.025684,-0.666146,-0.745337,-1.289,-2.796,83.609,-0.304167,-0.008642,0.004753,-0.004612,-0.033984,0.021105
1790938306.082819,1790938306.094044,2.871437,0.656072,-0.344657,-0.008419,0.025947,-0.666394,-0.745100,-1.264,-2.860,83.648,-0.293818,-0.012959,-0.004501,0.025733,-0.029388,0.020742
1790938306.117813,1790938306.126945,2.870708,0.647114,-0.344160,-0.008926,0.025865,-0.666577,-0.744934,-1.215,-2.891,83.676,-0.280599,-0.017818,-0.019162,0.033310,-0.008194,0.012222
1790938306.152812,1790938306.160847,2.870201,0.638357,-0.344347,-0.009367,0.025282,-0.666710,-0.744829,-1.134,-2.875,83.693,-0.270007,-0.021147,-0.031326,0.057987,0.020943,0.001034
1790938306.186813,1790938306.193858,2.869910,0.629864,-0.344067,-0.010057,0.023965,-0.666596,-0.744966,-0.973,-2.815,83.668,-0.266565,-0.025890,-0.035262,0.102480,0.031586,-0.015300
1790938306.222804,1790938306.226893,2.869835,0.621646,-0.343471,-0.011429,0.022494,-0.666409,-0.745160,-0.743,-2.795,83.632,-0.268700,-0.031988,-0.025521,0.120938,-0.021203,-0.017767
1790938306.256804,1790938306.258854,2.869974,0.612961,-0.342739,-0.013273,0.021857,-0.666274,-0.745268,-0.536,-2.881,83.607,-0.276603,-0.038468,-0.011582,0.114886,-0.081018,-0.010532
1790938306.291804,1790938306.293586,2.870366,0.603856,-0.341896,-0.015446,0.021934,-0.666294,-0.745206,-0.356,-3.054,83.610,-0.284180,-0.047335,-0.003288,0.063928,-0.080618,0.026034
1790938306.326796,1790938306.327757,2.871104,0.594504,-0.341100,-0.016874,0.021981,-0.666967,-0.744572,-0.241,-3.167,83.713,-0.292622,-0.057732,-0.000074,0.074401,-0.041657,0.074761
1790938306.349796,1790938306.361809,2.871820,0.588099,-0.340658,-0.018557,0.021489,-0.667872,-0.743734,-0.063,-3.253,83.849,-0.299218,-0.066360,0.002932,0.096923,-0.050865,0.052929
1790938306.384796,1790938306.393816,2.873257,0.578359,-0.339510,-0.020228,0.021362,-0.668400,-0.743220,0.087,-3.371,83.929,-0.308569,-0.079838,0.008280,0.109105,-0.094933,0.066048
1790938306.418787,1790938306.426960,2.875153,0.567975,-0.337624,-0.022636,0.021420,-0.669562,-0.742102,0.282,-3.561,84.108,-0.316076,-0.089713,0.013044,0.104897,-0.082437,0.105476
1790938306.453787,1790938306.459127,2.877293,0.557650,-0.335925,-0.024619,0.021357,-0.671110,-0.740641,0.448,-3.708,84.346,-0.322038,-0.095010,0.018729,0.069886,-0.066699,0.148713
1790938306.488787,1790938306.492897,2.879782,0.546376,-0.334268,-0.025665,0.021529,-0.672857,-0.739014,0.515,-3.805,84.617,-0.331119,-0.101400,0.026361,0.034516,-0.045690,0.175373
1790938306.523778,1790938306.525971,2.882408,0.535360,-0.332679,-0.026120,0.021742,-0.675422,-0.736648,0.523,-3.860,85.017,-0.344889,-0.108280,0.031958,-0.011160,0.003865,0.224294
1790938306.558778,1790938306.560894,2.885432,0.523349,-0.331063,-0.025339,0.021762,-0.678413,-0.733921,0.440,-3.803,85.484,-0.358523,-0.114582,0.038061,-0.041018,0.049471,0.256429
1790938306.581778,1790938306.592898,2.887534,0.515302,-0.330000,-0.023728,0.022504,-0.681865,-0.730747,0.229,-3.741,86.029,-0.364737,-0.114676,0.040434,-0.123671,-0.000957,0.265558
1790938306.616770,1790938306.628692,2.890856,0.502707,-0.327189,-0.022458,0.024627,-0.684823,-0.727947,-0.059,-3.819,86.505,-0.370119,-0.113786,0.039378,-0.128260,-0.077216,0.226254
1790938306.650769,1790938306.658903,2.894155,0.490044,-0.324922,-0.022273,0.026840,-0.687015,-0.725806,-0.261,-3.989,86.864,-0.372522,-0.109284,0.027993,-0.088733,-0.112437,0.197231
1790938306.685770,1790938306.695405,2.897284,0.477698,-0.323417,-0.022655,0.028857,-0.688978,-0.723853,-0.400,-4.186,87.187,-0.375204,-0.104941,0.011830,-0.017951,-0.079305,0.130876
1790938306.720764,1790938306.727798,2.900398,0.464936,-0.322803,-0.023296,0.029202,-0.690314,-0.722545,-0.382,-4.265,87.401,-0.376605,-0.098107,-0.008625,0.049100,0.004452,0.082505
1790938306.755764,1790938306.760830,2.903190,0.452500,-0.323084,-0.023706,0.027334,-0.691049,-0.721902,-0.204,-4.142,87.506,-0.378022,-0.088147,-0.026355,0.134779,0.114437,0.029144
1790938306.789764,1790938306.794843,2.905738,0.439229,-0.323949,-0.023884,0.023834,-0.691425,-0.721660,0.087,-3.866,87.546,-0.379566,-0.074854,-0.029154,0.147656,0.131597,0.028446
1790938306.824755,1790938306.827986,2.907667,0.426714,-0.323557,-0.024287,0.021262,-0.692273,-0.720914,0.320,-3.686,87.668,-0.375433,-0.056473,-0.025663,0.142313,0.096815,0.119942
1790938306.859755,1790938306.861933,2.908982,0.414126,-0.323214,-0.024554,0.018334,-0.694421,-0.718917,0.565,-3.466,87.997,-0.363087,-0.033743,-0.017473,0.113605,0.135573,0.189393
1790938306.882755,1790938306.893952,2.909474,0.406104,-0.322856,-0.023667,0.015731,-0.696841,-0.716663,0.689,-3.183,88.374,-0.353908,-0.019251,-0.006734,0.049757,0.127848,0.186870
1790938306.917746,1790938306.926750,2.909812,0.394684,-0.321848,-0.023300,0.014423,-0.699124,-0.714475,0.753,-3.049,88.736,-0.340372,-0.005023,0.014472,0.035373,0.017410,0.165541
1790938306.952746,1790938306.960915,2.909835,0.383099,-0.320384,-0.023645,0.014212,-0.700600,-0.713020,0.792,-3.061,88.972,-0.323417,0.002389,0.026704,0.025530,-0.006310,0.107623
1790938306.987746,1790938306.991970,2.909780,0.372769,-0.318879,-0.023712,0.013758,-0.701155,-0.712482,0.832,-3.030,89.060,-0.305786,0.003454,0.028595,0.025380,0.036454,-0.013093
1790938307.021738,1790938307.026779,2.909717,0.362688,-0.316627,-0.023611,0.012536,-0.700525,-0.713127,0.924,-2.921,88.955,-0.289654,0.002350,0.026740,0.066207,0.055119,-0.076454
1790938307.056737,1790938307.060808,2.909636,0.353086,-0.314211,-0.023991,0.011474,-0.699658,-0.713983,1.044,-2.863,88.813,-0.277313,0.002266,0.029225,0.070909,0.003350,-0.100314
1790938307.091738,1790938307.094650,2.909494,0.344094,-0.312008,-0.025553,0.011148,-0.698437,-0.715128,1.203,-2.960,88.616,-0.268410,0.003728,0.025637,0.073746,-0.089530,-0.075325
1790938307.125730,1790938307.127789,2.909154,0.335152,-0.310274,-0.026894,0.011502,-0.697833,-0.715663,1.288,-3.095,88.520,-0.258992,0.008665,0.016810,0.003342,-0.029396,-0.030620
1790938307.148730,1790938307.160081,2.908821,0.329454,-0.309405,-0.026682,0.011853,-0.697389,-0.716098,1.244,-3.106,88.450,-0.255516,0.010860,0.012148,-0.067974,0.005323,-0.066929
1790938307.184730,1790938307.193220,2.908184,0.320850,-0.308378,-0.025730,0.012935,-0.696165,-0.717304,1.085,-3.117,88.257,-0.257200,0.012765,0.006195,-0.099284,-0.025147,-0.132969
1790938307.218721,1790938307.228058,2.907452,0.312119,-0.307386,-0.024952,0.014312,-0.694219,-0.719189,0.919,-3.166,87.950,-0.263695,0.011248,-0.000243,-0.085594,-0.023498,-0.165031
1790938307.253721,1790938307.258806,2.906702,0.303174,-0.305899,-0.024062,0.015474,-0.692478,-0.720871,0.761,-3.189,87.677,-0.271493,0.008958,0.000906,-0.143917,-0.012847,-0.155505
1790938307.288721,1790938307.296616,2.905967,0.294250,-0.304572,-0.022036,0.018206,-0.690298,-0.722960,0.386,-3.253,87.341,-0.281870,0.005033,0.005889,-0.182310,-0.050248,-0.147121
1790938307.323719,1790938307.327124,2.905193,0.284803,-0.303430,-0.020951,0.020215,-0.688370,-0.724775,0.146,-3.333,87.044,-0.296813,0.005918,0.005457,-0.111701,-0.036498,-0.215811
1790938307.357719,1790938307.362019,2.904150,0.274278,-0.302712,-0.020243,0.020687,-0.685233,-0.727749,0.064,-3.317,86.551,-0.312971,0.010261,-0.003888,-0.007158,0.063913,-0.282043
1790938307.380719,1790938307.393323,2.903281,0.267331,-0.302488,-0.019003,0.019296,-0.681812,-0.731026,0.084,-3.103,86.008,-0.320437,0.014350,-0.006314,-0.035686,0.116986,-0.231256
1790938307.427711,1790938307.428903,2.901170,0.253054,-0.301627,-0.016802,0.019458,-0.679469,-0.733254,-0.103,-2.944,85.642,-0.330788,0.014751,0.004611,-0.176248,0.033750,-0.155566
1790938307.450711,1790938307.458972,2.900135,0.245411,-0.300530,-0.014604,0.021850,-0.677638,-0.734926,-0.467,-2.976,85.367,-0.335842,0.007106,0.009994,-0.237288,-0.063273,-0.174729
1790938307.485711,1790938307.493933,2.898903,0.234396,-0.299058,-0.013048,0.025515,-0.674681,-0.737553,-0.871,-3.167,84.926,-0.343111,-0.005067,0.005524,-0.182251,-0.091860,-0.283641
1790938307.520705,1790938307.526992,2.897966,0.223172,-0.298284,-0.011996,0.027362,-0.670420,-0.741380,-1.085,-3.248,84.276,-0.346858,-0.015736,-0.012425,-0.101596,0.038087,-0.339577
1790938307.554705,1790938307.561132,2.897076,0.211275,-0.298388,-0.009494,0.027387,-0.666894,-0.744589,-1.285,-3.064,83.733,-0.344582,-0.017014,-0.025781,-0.138247,0.137299,-0.170624
1790938307.590705,1790938307.595767,2.896163,0.200272,-0.298712,-0.006579,0.027219,-0.665670,-0.745721,-1.516,-2.829,83.545,-0.344880,-0.017658,-0.026411,-0.130508,0.135778,-0.067730
1790938307.624700,1790938307.628915,2.895247,0.188923,-0.299220,-0.003975,0.026979,-0.664969,-0.746373,-1.718,-2.611,83.437,-0.342421,-0.018450,-0.026569,-0.077237,0.111097,-0.041775
1790938307.648700,1790938307.660158,2.894665,0.181568,-0.298775,-0.001146,0.025624,-0.664335,-0.746995,-1.854,-2.281,83.333,-0.337235,-0.019632,-0.026302,-0.068881,0.215193,-0.060390
1790938307.682700,1790938307.691843,2.893916,0.170580,-0.298109,0.001612,0.023806,-0.663448,-0.747842,-1.949,-1.918,83.188,-0.328824,-0.024640,-0.015980,-0.043221,0.191056,-0.093436
1790938307.717691,1790938307.728008,2.893344,0.159781,-0.297171,0.003167,0.022623,-0.662202,-0.748977,-1.990,-1.702,82.992,-0.323679,-0.028450,-0.001609,0.000500,0.024818,-0.085978
1790938307.752691,1790938307.761152,2.892913,0.149561,-0.295989,0.002725,0.022637,-0.661242,-0.749826,-1.951,-1.739,82.845,-0.312124,-0.031016,0.006877,0.033082,-0.035318,-0.069482
1790938307.786691,1790938307.793841,2.892640,0.139565,-0.294851,0.002250,0.022350,-0.660169,-0.750782,-1.886,-1.753,82.680,-0.295374,-0.033257,0.005637,0.022804,0.029300,-0.092094
1790938307.821685,1790938307.826797,2.892521,0.130502,-0.293973,0.002580,0.021537,-0.659129,-0.751717,-1.850,-1.661,82.517,-0.277176,-0.033454,0.002048,-0.010042,0.064588,-0.051360
1790938307.856685,1790938307.859165,2.892499,0.121606,-0.292494,0.003643,0.021324,-0.658934,-0.751890,-1.925,-1.562,82.487,-0.256382,-0.032545,0.001855,-0.083015,0.043999,0.021266
1790938307.891685,1790938307.893825,2.892633,0.113884,-0.290770,0.005412,0.022581,-0.659774,-0.751106,-2.174,-1.535,82.622,-0.238767,-0.036064,0.006258,-0.134052,-0.023213,0.095797
1790938307.914676,1790938307.925857,2.892959,0.108747,-0.289671,0.006311,0.024328,-0.660673,-0.750253,-2.386,-1.614,82.768,-0.231627,-0.043923,0.004055,-0.063517,-0.046567,0.034778
1790938307.949676,1790938307.958601,2.893854,0.101704,-0.288406,0.006228,0.024792,-0.660777,-0.750146,-2.414,-1.660,82.786,-0.225794,-0.054854,-0.005369,0.031960,-0.002726,-0.002149
1790938307.984676,1790938307.993791,2.895079,0.094766,-0.287755,0.005374,0.023635,-0.660897,-0.750085,-2.253,-1.625,82.798,-0.224734,-0.059498,-0.018609,0.128868,0.033353,0.024199
1790938308.018667,1790938308.026998,2.896466,0.087442,-0.287581,0.004010,0.021402,-0.661264,-0.749838,-1.967,-1.535,82.843,-0.223865,-0.057150,-0.021045,0.142639,0.037207,0.017215
1790938308.053667,1790938308.058776,2.897629,0.080664,-0.287058,0.002985,0.019965,-0.661602,-0.749583,-1.771,-1.489,82.888,-0.220651,-0.048859,-0.014406,0.084483,0.016580,0.052499
1790938308.088667,1790938308.093798,2.898677,0.073891,-0.285743,0.002695,0.019540,-0.662715,-0.748612,-1.716,-1.472,83.056,-0.215693,-0.046979,-0.010712,0.005119,0.003231,0.120373
1790938308.123658,1790938308.126779,2.899880,0.067441,-0.284672,0.002032,0.018559,-0.664256,-0.747272,-1.587,-1.435,83.288,-0.212022,-0.054147,-0.011442,0.153862,0.028123,0.093151
1790938308.157658,1790938308.160782,2.901441,0.060612,-0.283852,-0.000301,0.015431,-0.665133,-0.746566,-1.151,-1.343,83.411,-0.211600,-0.058670,-0.013328,0.259993,0.065544,0.054363
1790938308.180658,1790938308.192808,2.902474,0.056271,-0.283397,-0.001801,0.011645,-0.666415,-0.745488,-0.736,-1.132,83.596,-0.211269,-0.055157,-0.010250,0.142437,0.130042,0.144714
1790938308.215650,1790938308.228167,2.903816,0.049868,-0.282645,-0.001619,0.009454,-0.668466,-0.743681,-0.586,-0.930,83.907,-0.213189,-0.047432,-0.003633,0.030035,0.045179,0.155630
1790938308.250650,1790938308.259066,2.905099,0.043165,-0.281853,-0.001670,0.009148,-0.670347,-0.741989,-0.561,-0.906,84.197,-0.214856,-0.048128,-0.001024,0.007240,-0.007202,0.200545
1790938308.285650,1790938308.293978,2.906496,0.036425,-0.280199,-0.001142,0.009459,-0.673488,-0.739137,-0.633,-0.889,84.683,-0.213566,-0.050193,-0.006917,-0.083718,0.022469,0.279364
1790938308.320639,1790938308.328070,2.908066,0.029767,-0.279032,0.000215,0.009921,-0.677077,-0.735845,-0.788,-0.820,85.242,-0.211833,-0.054885,-0.016800,-0.044588,0.038204,0.246664
1790938308.355639,1790938308.361126,2.909884,0.023284,-0.278353,0.000730,0.009756,-0.679328,-0.733770,-0.821,-0.763,85.593,-0.213902,-0.063673,-0.022882,0.019910,0.009395,0.100731
1790938308.389639,1790938308.393905,2.912052,0.016431,-0.278061,0.000708,0.009088,-0.679969,-0.733184,-0.768,-0.708,85.692,-0.217045,-0.070992,-0.028295,0.035777,0.059131,0.018071
1790938308.424628,1790938308.426787,2.914385,0.009682,-0.278042,0.001004,0.007204,-0.679889,-0.733279,-0.646,-0.527,85.676,-0.217906,-0.078075,-0.029977,0.103936,0.141425,-0.030333
1790938308.459628,1790938308.461640,2.916974,0.002413,-0.278103,0.001214,0.004004,-0.679282,-0.733865,-0.414,-0.242,85.577,-0.216619,-0.080093,-0.022161,0.116176,0.127703,-0.048948
1790938308.482628,1790938308.493857,2.918572,-0.001916,-0.277272,0.000617,0.001678,-0.678953,-0.734179,-0.182,-0.093,85.524,-0.214419,-0.079807,-0.019116,0.123600,0.023033,-0.016239
1790938308.517621,1790938308.525763,2.921101,-0.008921,-0.276257,-0.000645,0.000406,-0.678614,-0.734494,0.023,-0.084,85.471,-0.206898,-0.077561,-0.019977,0.117890,0.001146,-0.050377
1790938308.551620,1790938308.560952,2.923411,-0.015128,-0.275591,-0.001852,-0.001032,-0.677799,-0.735244,0.236,-0.057,85.344,-0.194238,-0.074946,-0.027207,0.095506,0.033225,-0.065919
1790938308.587620,1790938308.593831,2.925651,-0.020764,-0.275392,-0.002408,-0.002960,-0.677021,-0.735954,0.433,0.063,85.224,-0.182032,-0.073781,-0.034242,0.090109,0.086559,-0.046242
1790938308.621612,1790938308.626966,2.927962,-0.026315,-0.275582,-0.002598,-0.005256,-0.676705,-0.736231,0.627,0.242,85.177,-0.172361,-0.071983,-0.036852,0.104570,0.084520,-0.006594
1790938308.656612,1790938308.660824,2.930098,-0.031245,-0.275843,-0.002871,-0.007187,-0.676612,-0.736299,0.800,0.384,85.165,-0.165531,-0.068326,-0.033576,0.070889,0.091823,-0.001954
1790938308.691612,1790938308.693783,2.932130,-0.036173,-0.275385,-0.002399,-0.009116,-0.676888,-0.736026,0.909,0.583,85.211,-0.162087,-0.063743,-0.029396,0.049699,0.099615,0.052723
1790938308.714603,1790938308.726169,2.933371,-0.039386,-0.274884,-0.002108,-0.010498,-0.677692,-0.735268,0.993,0.721,85.339,-0.161906,-0.060606,-0.026463,0.071197,0.057678,0.088716
1790938308.749603,1790938308.758853,2.935086,-0.044100,-0.274163,-0.002621,-0.012059,-0.678763,-0.734254,1.159,0.811,85.510,-0.160929,-0.055671,-0.022980,0.069219,0.042935,0.088369
1790938308.783603,1790938308.793902,2.936624,-0.049110,-0.273585,-0.002448,-0.012909,-0.680627,-0.732513,1.213,0.893,85.804,-0.159718,-0.045477,-0.022095,-0.004609,0.033486,0.163866
1790938308.818594,1790938308.826841,2.937788,-0.053816,-0.273239,-0.001958,-0.013273,-0.682386,-0.730869,1.202,0.959,86.080,-0.162053,-0.039800,-0.027709,-0.019385,0.069168,0.162278
1790938308.853595,1790938308.859913,2.938842,-0.058794,-0.273264,-0.000739,-0.014301,-0.684527,-0.728847,1.184,1.137,86.420,-0.164600,-0.037536,-0.033150,-0.020371,0.104736,0.156059
1790938308.887594,1790938308.891851,2.939888,-0.063888,-0.273072,0.000409,-0.015001,-0.685950,-0.727494,1.145,1.283,86.646,-0.167045,-0.039286,-0.030340,-0.016280,0.066357,0.119673
1790938308.922586,1790938308.925915,2.940970,-0.068834,-0.272193,0.000915,-0.015521,-0.687383,-0.726129,1.147,1.364,86.873,-0.166850,-0.040897,-0.027313,0.006134,0.030527,0.107479
1790938308.957586,1790938308.962792,2.942116,-0.073927,-0.271549,0.001573,-0.016243,-0.688818,-0.724751,1.152,1.473,87.103,-0.163044,-0.040880,-0.027205,-0.012579,0.065828,0.071823
1790938308.981586,1790938308.992693,2.942877,-0.077188,-0.271193,0.002637,-0.016680,-0.689253,-0.724324,1.099,1.593,87.173,-0.159204,-0.041149,-0.025582,-0.034929,0.072241,0.015377
1790938309.015577,1790938309.027248,2.944052,-0.081989,-0.270687,0.003432,-0.017023,-0.689244,-0.724321,1.060,1.684,87.173,-0.151111,-0.041447,-0.021187,-0.014780,0.037042,-0.022498
1790938309.050577,1790938309.060844,2.945185,-0.086422,-0.270259,0.004154,-0.017424,-0.688514,-0.725002,1.030,1.776,87.059,-0.142619,-0.041689,-0.019608,-0.006210,0.043488,-0.073280
1790938309.085577,1790938309.093972,2.946339,-0.090859,-0.269918,0.004718,-0.017965,-0.687760,-0.725700,1.024,1.866,86.942,-0.132553,-0.039145,-0.018735,0.002539,0.068576,-0.065307
1790938309.119567,1790938309.127950,2.947301,-0.094701,-0.268603,0.005864,-0.019180,-0.687017,-0.726364,1.023,2.059,86.829,-0.122689,-0.035331,-0.015469,0.000290,0.115376,-0.052413
1790938309.154567,1790938309.161016,2.948154,-0.098243,-0.267311,0.007217,-0.020563,-0.686488,-0.726814,1.017,2.281,86.751,-0.114395,-0.032889,-0.007875,0.011831,0.088870,-0.033869
1790938309.189567,1790938309.194046,2.948957,-0.101788,-0.265956,0.007671,-0.021562,-0.686171,-0.727080,1.057,2.400,86.706,-0.107151,-0.029848,-0.000353,0.021422,0.030615,-0.012471
1790938309.224558,1790938309.227147,2.949599,-0.104829,-0.264584,0.007565,-0.021845,-0.686138,-0.727104,1.088,2.416,86.702,-0.095859,-0.026231,0.004709,0.007019,-0.010893,-0.001238
1790938309.258558,1790938309.262102,2.950172,-0.107522,-0.263211,0.007307,-0.021413,-0.686239,-0.727024,1.076,2.359,86.716,-0.080298,-0.024002,0.007299,-0.007959,-0.032429,0.015805
1790938309.282558,1790938309.292193,2.950546,-0.109002,-0.262417,0.007071,-0.021261,-0.686394,-0.726885,1.084,2.328,86.740,-0.069049,-0.024796,0.005512,0.024256,0.004556,0.009234
1790938309.317549,1790938309.328311,2.951188,-0.110775,-0.260706,0.006724,-0.022028,-0.686388,-0.726871,1.174,2.364,86.743,-0.051397,-0.025986,0.002780,0.043825,0.018793,-0.001806
1790938309.352549,1790938309.362810,2.951809,-0.111964,-0.258988,0.006368,-0.022741,-0.686519,-0.726728,1.260,2.395,86.767,-0.036595,-0.024104,0.000579,0.046968,0.021922,0.029808
1790938309.386549,1790938309.394299,2.952423,-0.112786,-0.257565,0.006491,-0.023399,-0.687009,-0.726243,1.303,2.459,86.848,-0.025107,-0.021484,0.001339,-0.004516,0.039919,0.045972
1790938309.421540,1790938309.426257,2.952922,-0.113219,-0.256226,0.006941,-0.023677,-0.687565,-0.725703,1.290,2.517,86.937,-0.018111,-0.019459,0.002971,-0.013797,0.022122,0.053198
1790938309.456540,1790938309.460030,2.953403,-0.113425,-0.255094,0.007016,-0.024032,-0.688195,-0.725094,1.314,2.551,87.038,-0.014131,-0.019307,0.001244,0.037776,0.019473,0.044504
1790938309.490540,1790938309.493573,2.953939,-0.113440,-0.254116,0.006693,-0.024753,-0.688750,-0.724546,1.399,2.584,87.130,-0.011282,-0.018170,0.002046,0.039581,0.008900,0.051882
1790938309.514531,1790938309.526864,2.954258,-0.113388,-0.253185,0.006139,-0.025057,-0.689522,-0.723805,1.472,2.564,87.254,-0.011030,-0.017031,0.003258,0.019760,-0.031625,0.061315
1790938309.550531,1790938309.560868,2.954719,-0.113306,-0.251361,0.005413,-0.024802,-0.690141,-0.723230,1.514,2.484,87.351,-0.011276,-0.015313,0.003402,0.024042,-0.030316,0.032905
1790938309.585531,1790938309.591932,2.955106,-0.113181,-0.249849,0.005218,-0.024918,-0.690461,-0.722922,1.541,2.478,87.402,-0.009628,-0.012197,0.001357,0.013510,0.020759,0.034242
1790938309.620522,1790938309.628338,2.955412,-0.112948,-0.248516,0.005382,-0.025577,-0.691080,-0.722306,1.582,2.544,87.504,-0.006985,-0.010298,0.003175,0.026616,0.037933,0.066542
1790938309.655521,1790938309.660055,2.955688,-0.112601,-0.247219,0.005365,-0.026095,-0.691875,-0.721526,1.627,2.584,87.633,-0.004258,-0.009351,0.008691,0.015186,0.011016,0.082272
1790938309.690521,1790938309.695937,2.955944,-0.112130,-0.245966,0.005430,-0.026122,-0.692894,-0.720545,1.628,2.589,87.795,-0.000059,-0.007958,0.009480,-0.027726,0.005642,0.082485
1790938309.724516,1790938309.726905,2.956169,-0.111445,-0.244540,0.006043,-0.025762,-0.693999,-0.719489,1.552,2.605,87.969,0.006946,-0.006922,0.008216,-0.050366,0.010753,0.083295
1790938309.747516,1790938309.758894,2.956324,-0.110840,-0.243239,0.006301,-0.025525,-0.694864,-0.718661,1.515,2.605,88.105,0.011492,-0.007938,0.008978,-0.002248,-0.005223,0.061093
1790938309.782516,1790938309.791865,2.956578,-0.109752,-0.241374,0.006213,-0.025474,-0.695558,-0.717991,1.521,2.592,88.216,0.016372,-0.006942,0.011718,0.005078,-0.011058,0.075805
1790938309.817507,1790938309.826010,2.956796,-0.108553,-0.239625,0.005851,-0.025485,-0.696490,-0.717090,1.555,2.562,88.365,0.018322,-0.005585,0.013944,0.023455,-0.011705,0.071734
1790938309.852507,1790938309.860083,2.956910,-0.107381,-0.238035,0.005388,-0.025868,-0.697406,-0.716189,1.627,2.554,88.514,0.017358,-0.001039,0.015995,0.042025,0.001483,0.073801
1790938309.886507,1790938309.893039,2.956851,-0.106239,-0.236454,0.004893,-0.026146,-0.698219,-0.715390,1.693,2.536,88.646,0.015923,0.004595,0.020027,0.020275,-0.021559,0.064914
1790938309.921498,1790938309.927665,2.956557,-0.105176,-0.234937,0.004565,-0.025918,-0.699346,-0.714298,1.705,2.488,88.825,0.013632,0.012299,0.020349,-0.015086,-0.019872,0.120721
1790938309.956498,1790938309.959703,2.956005,-0.104224,-0.232729,0.004686,-0.025575,-0.700750,-0.712933,1.673,2.466,89.049,0.010431,0.019073,0.011173,-0.032738,0.004798,0.141829
1790938309.991498,1790938309.992780,2.955186,-0.103384,-0.231139,0.005398,-0.025589,-0.702297,-0.711403,1.621,2.521,89.298,0.008785,0.025520,-0.000333,-0.049118,0.065006,0.096263
1790938310.014486,1790938310.026813,2.954509,-0.102830,-0.230357,0.007110,-0.026020,-0.702947,-0.710731,1.519,2.693,89.405,0.008100,0.029920,-0.004073,-0.045833,0.091703,-0.003474
1790938310.060486,1790938310.062784,2.952851,-0.101698,-0.229050,0.008118,-0.026690,-0.702763,-0.710876,1.490,2.829,89.379,0.007553,0.038151,-0.003162,0.027270,0.044447,-0.004832
1790938310.083486,1790938310.092838,2.951869,-0.101109,-0.228458,0.007809,-0.027643,-0.702803,-0.710804,1.592,2.882,89.391,0.008034,0.043624,-0.000982,0.082513,0.013187,0.015594
1790938310.118478,1790938310.126823,2.950147,-0.100166,-0.227542,0.006545,-0.028898,-0.703178,-0.710396,1.798,2.881,89.460,0.011286,0.055108,0.002907,0.104568,0.002996,0.069658
1790938310.153478,1790938310.158894,2.947856,-0.098995,-0.225940,0.006234,-0.030191,-0.704839,-0.708698,1.935,2.957,89.737,0.018931,0.072629,0.010629,0.015910,0.078528,0.184967
1790938310.188478,1790938310.192812,2.945100,-0.097594,-0.223926,0.006681,-0.031489,-0.707135,-0.706346,2.014,3.092,90.118,0.024212,0.085141,0.020631,0.059717,0.049508,0.179203
1790938310.222469,1790938310.225698,2.941763,-0.096012,-0.221646,0.005932,-0.032311,-0.708612,-0.704833,2.148,3.093,90.364,0.025976,0.097758,0.030708,0.066654,-0.040527,0.121614
1790938310.257469,1790938310.259879,2.938092,-0.094421,-0.219405,0.004766,-0.032194,-0.709871,-0.703579,2.238,2.985,90.568,0.028566,0.113418,0.032198,0.005324,-0.039645,0.080583
1790938310.280469,1790938310.291896,2.935288,-0.093279,-0.217948,0.004796,-0.031821,-0.710467,-0.702995,2.208,2.955,90.663,0.032203,0.123467,0.031330,-0.039172,0.010915,0.039942
1790938310.315461,1790938310.326879,2.930600,-0.091451,-0.215874,0.006317,-0.031304,-0.711169,-0.702296,2.046,3.035,90.774,0.035845,0.136945,0.032650,-0.085178,0.050822,0.056542
1790938310.350461,1790938310.358895,2.925520,-0.089532,-0.213525,0.007358,-0.030776,-0.711585,-0.701887,1.921,3.077,90.838,0.036628,0.143913,0.036575,-0.050752,-0.011616,-0.002186
1790938310.385461,1790938310.391967,2.920225,-0.087565,-0.210646,0.007476,-0.030045,-0.711374,-0.702131,1.851,3.028,90.798,0.039300,0.150502,0.037685,-0.038480,-0.048978,-0.041107
1790938310.420450,1790938310.427832,2.914730,-0.085508,-0.208050,0.007511,-0.028771,-0.710894,-0.702670,1.742,2.930,90.711,0.044888,0.162202,0.035327,-0.056863,-0.031570,-0.021174
1790938310.454450,1790938310.459441,2.908561,-0.083175,-0.205611,0.008004,-0.027810,-0.710797,-0.702802,1.623,2.893,90.689,0.051759,0.178237,0.034782,-0.054279,-0.020304,-0.013673
1790938310.489450,1790938310.493754,2.901889,-0.080675,-0.203450,0.008075,-0.027041,-0.710609,-0.703021,1.553,2.837,90.654,0.057238,0.197911,0.030477,-0.029606,-0.048600,-0.023679
1790938310.524443,1790938310.528960,2.893981,-0.077859,-0.201554,0.007775,-0.026078,-0.710409,-0.703263,1.498,2.736,90.615,0.063422,0.222543,0.022534,-0.023023,-0.056332,-0.016863
1790938310.559443,1790938310.561995,2.885599,-0.074947,-0.199833,0.007383,-0.025150,-0.710074,-0.703640,1.453,2.630,90.555,0.069929,0.246127,0.013618,-0.038172,-0.046425,-0.040314
1790938310.582443,1790938310.591936,2.879137,-0.072776,-0.198567,0.007717,-0.024218,-0.709565,-0.704182,1.348,2.583,90.467,0.073466,0.262860,0.003844,-0.080339,-0.005503,-0.076435
1790938310.616435,1790938310.625858,2.869408,-0.069572,-0.197298,0.009231,-0.023296,-0.708101,-0.705667,1.145,2.634,90.224,0.078061,0.281674,-0.008049,-0.091374,0.041467,-0.173498
1790938310.652435,1790938310.659739,2.858739,-0.066033,-0.196445,0.010531,-0.022887,-0.705398,-0.708364,0.996,2.710,89.783,0.084464,0.296971,-0.009022,-0.032718,0.014813,-0.286226
1790938310.687435,1790938310.694800,2.847873,-0.062286,-0.195715,0.010615,-0.022652,-0.701495,-0.712236,0.956,2.703,89.152,0.089235,0.313195,-0.008127,0.032888,-0.033109,-0.336697
1790938310.721427,1790938310.726707,2.836076,-0.058193,-0.195045,0.010108,-0.022668,-0.698022,-0.715646,0.985,2.668,88.594,0.092371,0.335761,-0.002422,0.015770,-0.012423,-0.302900
1790938310.756428,1790938310.759696,2.823395,-0.053845,-0.194088,0.010489,-0.022436,-0.694935,-0.718646,0.924,2.684,88.100,0.094277,0.361268,0.013269,-0.071951,0.015133,-0.204235
1790938310.791428,1790938310.792917,2.810263,-0.049523,-0.191966,0.012196,-0.021434,-0.692820,-0.720689,0.695,2.739,87.758,0.088952,0.383146,0.027989,-0.137654,0.038357,-0.131441
1790938310.814419,1790938310.825877,2.800563,-0.046565,-0.190345,0.015055,-0.020515,-0.691555,-0.721875,0.381,2.891,87.552,0.082611,0.396796,0.037647,-0.153165,0.104463,-0.105767
1790938310.848419,1790938310.859992,2.785919,-0.042412,-0.187676,0.017987,-0.019959,-0.689504,-0.723784,0.085,3.078,87.223,0.074283,0.410000,0.058327,-0.138035,0.055151,-0.226839
1790938310.883419,1790938310.891930,2.771399,-0.038447,-0.184509,0.019384,-0.018541,-0.686952,-0.726207,-0.154,3.070,86.814,0.069605,0.417280,0.079079,-0.119894,-0.085405,-0.256110
1790938310.918410,1790938310.927297,2.756212,-0.034385,-0.180880,0.018683,-0.015039,-0.683901,-0.729180,-0.383,2.722,86.320,0.063373,0.418541,0.087571,-0.071196,-0.263312,-0.231948
1790938310.953410,1790938310.960916,2.741129,-0.030436,-0.177448,0.016460,-0.011026,-0.681065,-0.731955,-0.520,2.210,85.865,0.059573,0.416734,0.076970,-0.032294,-0.189195,-0.242111
1790938310.987410,1790938310.992736,2.726147,-0.026445,-0.174018,0.015751,-0.009933,-0.677818,-0.734994,-0.555,2.060,85.355,0.060457,0.415466,0.068387,0.007184,0.043353,-0.255449
1790938311.023402,1790938311.024875,2.711596,-0.022520,-0.170618,0.016552,-0.010667,-0.675128,-0.737438,-0.574,2.182,84.938,0.055185,0.418531,0.075439,-0.018157,0.052106,-0.249463
1790938311.057402,1790938311.059751,2.696507,-0.018676,-0.166859,0.016355,-0.009917,-0.671781,-0.740503,-0.625,2.101,84.417,0.044558,0.419198,0.089570,0.011334,-0.180883,-0.295857
1790938311.080402,1790938311.091840,2.686629,-0.016302,-0.164251,0.012814,-0.006790,-0.667600,-0.744378,-0.574,1.560,83.767,0.036466,0.415583,0.093680,0.083414,-0.321434,-0.349143
1790938311.115393,1790938311.126311,2.672343,-0.012935,-0.160444,0.008916,-0.004811,-0.663963,-0.747697,-0.398,1.091,83.207,0.033387,0.403840,0.087881,0.145434,-0.220199,-0.329531
1790938311.150393,1790938311.159733,2.657722,-0.009373,-0.156792,0.005705,-0.004582,-0.660357,-0.750916,-0.144,0.826,82.656,0.036155,0.392217,0.081155,0.100073,-0.049872,-0.197051
1790938311.185393,1790938311.192649,2.644408,-0.005964,-0.153202,0.004104,-0.004852,-0.658817,-0.752276,0.013,0.728,82.422,0.035882,0.378106,0.082821,0.055890,-0.079825,-0.040365
1790938311.219384,1790938311.226038,2.631372,-0.002661,-0.149030,0.002100,-0.003764,-0.658846,-0.752266,0.103,0.483,82.425,0.034105,0.357150,0.088544,0.043875,-0.154060,0.033503
1790938311.254384,1790938311.259874,2.619253,0.000350,-0.144876,-0.000467,-0.002520,-0.659490,-0.751709,0.231,0.182,82.523,0.032920,0.330453,0.088504,0.077685,-0.134390,0.075882
1790938311.289384,1790938311.295650,2.608377,0.002937,-0.141052,-0.002172,-0.002167,-0.660824,-0.750534,0.351,0.022,82.726,0.029871,0.306690,0.080668,0.059012,-0.055593,0.168266
1790938311.323377,1790938311.326011,2.598045,0.005167,-0.137609,-0.003209,-0.002575,-0.663632,-0.748048,0.471,-0.023,83.156,0.023749,0.283424,0.071036,0.074589,-0.001083,0.259749
1790938311.347377,1790938311.358862,2.591679,0.006305,-0.135551,-0.004412,-0.003682,-0.667319,-0.744749,0.658,-0.023,83.723,0.018607,0.270403,0.065621,0.116338,0.004027,0.299785
1790938311.382377,1790938311.392830,2.582506,0.007568,-0.132665,-0.005755,-0.004798,-0.671290,-0.741157,0.858,-0.035,84.336,0.009302,0.256249,0.060566,0.094280,-0.005954,0.322978
1790938311.416368,1790938311.427713,2.573792,0.008225,-0.129455,-0.007097,-0.006017,-0.675482,-0.737318,1.065,-0.041,84.987,-0.000481,0.246099,0.055140,0.123419,0.016419,0.316090
1790938311.451368,1790938311.460630,2.565700,0.008307,-0.126619,-0.008308,-0.007508,-0.678611,-0.734413,1.283,-0.014,85.477,-0.008291,0.237898,0.047957,0.126462,0.015924,0.300625
1790938311.486368,1790938311.493780,2.557597,0.007859,-0.124178,-0.009478,-0.008828,-0.682749,-0.730538,1.484,-0.003,86.127,-0.019805,0.236721,0.035757,0.064728,0.025774,0.353813
1790938311.521359,1790938311.526826,2.549563,0.006717,-0.122285,-0.008873,-0.010997,-0.688009,-0.725564,1.605,0.215,86.959,-0.033163,0.237820,0.024445,0.081643,0.252809,0.480134
1790938311.555359,1790938311.560492,2.541505,0.004976,-0.120585,-0.006309,-0.015439,-0.693353,-0.720405,1.748,0.773,87.819,-0.038444,0.241275,0.029454,0.085503,0.420671,0.519375
1790938311.590359,1790938311.591758,2.533650,0.002868,-0.118638,-0.003382,-0.021196,-0.699285,-0.714521,1.976,1.465,88.790,-0.039777,0.242463,0.041500,0.138066,0.213665,0.354294
1790938311.613350,1790938311.625888,2.528398,0.001239,-0.116782,-0.004892,-0.022936,-0.701695,-0.712091,2.245,1.478,89.186,-0.041767,0.238844,0.044401,0.080845,-0.143767,0.079845
1790938311.648350,1790938311.659744,2.520558,-0.001383,-0.114159,-0.006732,-0.020601,-0.702403,-0.711449,2.208,1.138,89.289,-0.039639,0.235493,0.037759,-0.107250,-0.139882,0.059549
1790938311.683350,1790938311.691622,2.513122,-0.003889,-0.112128,-0.006732,-0.018401,-0.703002,-0.710918,2.031,0.957,89.375,-0.028205,0.227819,0.021424,-0.096260,-0.093816,0.043129
1790938311.718338,1790938311.725865,2.505393,-0.006317,-0.110851,-0.006962,-0.016396,-0.703446,-0.710526,1.889,0.774,89.439,-0.021870,0.228245,0.001022,-0.046012,-0.059925,0.036461
1790938311.753338,1790938311.760851,2.497600,-0.008655,-0.110285,-0.006671,-0.016202,-0.703864,-0.710118,1.850,0.780,89.506,-0.014473,0.240202,-0.008750,0.008569,0.086950,0.019565
1790938311.788338,1790938311.792919,2.489281,-0.010844,-0.109683,-0.005085,-0.017748,-0.703852,-0.710107,1.846,1.034,89.510,-0.002777,0.258123,0.007043,-0.043517,0.195114,-0.020124
1790938311.822329,1790938311.826313,2.480536,-0.012697,-0.108009,-0.001850,-0.018626,-0.703719,-0.710231,1.653,1.367,89.492,0.007734,0.278677,0.036932,-0.166460,0.107522,-0.002515
1790938311.857329,1790938311.861764,2.471085,-0.014442,-0.105422,0.000785,-0.016081,-0.703688,-0.710327,1.233,1.372,89.477,0.013792,0.296325,0.055567,-0.239463,-0.096969,-0.044418
1790938311.880329,1790938311.892984,2.464371,-0.015555,-0.103596,0.001646,-0.011138,-0.701953,-0.712134,0.762,1.041,89.182,0.015658,0.304253,0.055325,-0.207752,-0.210588,-0.258721
1790938311.926318,1790938311.928519,2.449959,-0.017434,-0.100754,0.001589,-0.006579,-0.697759,-0.716301,0.396,0.667,88.500,0.024808,0.326893,0.026618,-0.161582,-0.155535,-0.426814
1790938311.950318,1790938311.958678,2.442407,-0.018214,-0.099991,0.001718,-0.003844,-0.692996,-0.720929,0.163,0.454,87.737,0.026528,0.343857,0.010486,-0.097399,-0.110192,-0.489233
1790938311.984318,1790938311.993726,2.430047,-0.019070,-0.099550,0.001357,-0.001661,-0.686643,-0.726992,0.018,0.245,86.730,0.027170,0.379029,-0.006458,-0.059057,-0.101453,-0.486468
1790938312.019309,1790938312.025618,2.416218,-0.019578,-0.099357,0.001092,0.000685,-0.680967,-0.732313,-0.145,0.028,85.839,0.028172,0.426418,-0.006009,-0.113499,-0.113116,-0.417082
1790938312.054308,1790938312.059719,2.400753,-0.019732,-0.098776,0.001209,0.003130,-0.676688,-0.736263,-0.345,-0.170,85.172,0.028383,0.470284,0.003843,-0.109092,-0.124010,-0.408088
1790938312.089309,1790938312.091822,2.384462,-0.019763,-0.098078,0.000644,0.005543,-0.671091,-0.741354,-0.481,-0.421,84.306,0.017035,0.503300,0.010641,-0.021606,-0.094229,-0.440835
1790938312.124300,1790938312.125584,2.366559,-0.019760,-0.097167,-0.000388,0.005934,-0.666018,-0.745912,-0.420,-0.537,83.525,0.002767,0.533319,0.021785,0.077681,-0.028169,-0.349888
1790938312.159300,1790938312.161879,2.348336,-0.019900,-0.095907,-0.002682,0.004900,-0.661415,-0.750000,-0.141,-0.624,82.818,-0.009008,0.552816,0.032407,0.195243,-0.065270,-0.375090
1790938312.193300,1790938312.195724,2.328506,-0.019845,-0.094185,-0.006514,0.003110,-0.656549,-0.754248,0.329,-0.759,82.075,-0.015266,0.564180,0.043377,0.260368,-0.055951,-0.349810
1790938312.216294,1790938312.225646,2.315714,-0.019796,-0.092786,-0.009782,0.001407,-0.653027,-0.757270,0.744,-0.854,81.540,-0.020681,0.567683,0.048808,0.207399,-0.070366,-0.297390
1790938312.251294,1790938312.260561,2.296880,-0.019800,-0.090061,-0.013030,0.001119,-0.649247,-0.760465,1.053,-1.067,80.968,-0.033658,0.562081,0.055040,0.103726,-0.143743,-0.271951
1790938312.286294,1790938312.291554,2.277919,-0.019979,-0.087184,-0.015517,0.001840,-0.646535,-0.762725,1.220,-1.311,80.560,-0.042840,0.546843,0.054658,0.095395,-0.078366,-0.112362
1790938312.320285,1790938312.325690,2.259703,-0.020242,-0.084450,-0.017246,0.000721,-0.646082,-0.763073,1.455,-1.340,80.491,-0.044212,0.523823,0.052498,0.181005,0.036371,0.016623
1790938312.355285,1790938312.360751,2.242915,-0.020645,-0.081702,-0.018820,-0.001991,-0.646951,-0.762296,1.792,-1.221,80.623,-0.045230,0.500966,0.059114,0.127626,0.068096,0.115497
1790938312.390285,1790938312.393687,2.226669,-0.021216,-0.078553,-0.019293,-0.003124,-0.649173,-0.760390,1.914,-1.163,80.958,-0.049705,0.474674,0.071421,0.029549,-0.008000,0.217974
1790938312.425278,1790938312.428331,2.211684,-0.022199,-0.075092,-0.020474,-0.002532,-0.652417,-0.757579,1.968,-1.311,81.447,-0.054255,0.440705,0.078600,0.020362,-0.113753,0.253684
1790938312.448278,1790938312.459723,2.202596,-0.023053,-0.072587,-0.021133,-0.000722,-0.655552,-0.754854,1.883,-1.525,81.920,-0.054309,0.419877,0.075551,-0.106752,-0.043588,0.236245
1790938312.483279,1790938312.492691,2.190063,-0.024458,-0.069243,-0.019676,0.000184,-0.657926,-0.752825,1.684,-1.500,82.281,-0.054428,0.386944,0.068156,-0.099526,0.075651,0.186579
1790938312.518270,1790938312.527589,2.178241,-0.026113,-0.065988,-0.018398,-0.000014,-0.660153,-0.750906,1.585,-1.391,82.621,-0.057563,0.350550,0.068786,0.014697,0.015387,0.168868
1790938312.553270,1790938312.558781,2.168326,-0.027944,-0.062949,-0.019061,-0.000050,-0.663305,-0.748106,1.639,-1.445,83.103,-0.057135,0.330541,0.069910,0.039162,-0.048311,0.351210
1790938312.587270,1790938312.593655,2.159007,-0.029742,-0.059946,-0.020267,0.000179,-0.668729,-0.743230,1.713,-1.568,83.936,-0.051049,0.317438,0.070096,0.038904,-0.043726,0.449902
1790938312.622261,1790938312.627652,2.149525,-0.031603,-0.056856,-0.020682,0.000480,-0.674214,-0.738246,1.713,-1.639,84.784,-0.049955,0.305667,0.068809,-0.000274,0.001213,0.375258
1790938312.657261,1790938312.661796,2.141120,-0.033495,-0.053897,-0.021179,-0.000023,-0.677821,-0.734922,1.786,-1.643,85.345,-0.049309,0.287515,0.064835,0.110003,0.005785,0.296961
1790938312.680261,1790938312.691627,2.135494,-0.034858,-0.051815,-0.023218,-0.001432,-0.680866,-0.732039,2.061,-1.692,85.821,-0.050313,0.272016,0.065056,0.167226,-0.054626,0.198907
1790938312.715252,1790938312.725862,2.128160,-0.037050,-0.048899,-0.026261,-0.002120,-0.683357,-0.729609,2.364,-1.880,86.211,-0.060647,0.251779,0.064271,0.109097,-0.081972,0.195094
1790938312.750252,1790938312.758683,2.121168,-0.039768,-0.045968,-0.027615,-0.002769,-0.685304,-0.727728,2.523,-1.938,86.518,-0.070706,0.231896,0.066329,0.101447,0.032678,0.174237
1790938312.784252,1790938312.793831,2.114695,-0.042666,-0.042903,-0.027360,-0.004712,-0.687702,-0.725462,2.648,-1.765,86.898,-0.068505,0.215235,0.076832,0.033329,0.130130,0.207248
1790938312.819244,1790938312.825906,2.108790,-0.045372,-0.039592,-0.026276,-0.005658,-0.690623,-0.722716,2.626,-1.611,87.361,-0.063278,0.205584,0.085817,-0.055810,0.024692,0.269433
1790938312.854244,1790938312.859915,2.102780,-0.048019,-0.036032,-0.025859,-0.004534,-0.694129,-0.719372,2.494,-1.683,87.917,-0.057578,0.197961,0.084847,-0.042737,-0.050374,0.256016
1790938312.889244,1790938312.891962,2.097172,-0.050347,-0.032745,-0.025649,-0.004076,-0.696613,-0.716977,2.434,-1.713,88.313,-0.046789,0.187403,0.069978,-0.028683,0.058676,0.236994
1790938312.923235,1790938312.926797,2.091342,-0.052304,-0.029893,-0.022264,-0.005015,-0.699788,-0.713986,2.225,-1.375,88.823,-0.031075,0.179713,0.059218,-0.173243,0.263476,0.257608
1790938312.958235,1790938312.962664,2.085827,-0.053821,-0.027531,-0.018138,-0.005956,-0.702643,-0.711286,1.959,-0.975,89.283,-0.024804,0.171281,0.049545,-0.071427,0.087066,0.179653
1790938312.993235,1790938312.995845,2.080457,-0.055278,-0.025527,-0.017113,-0.004701,-0.704566,-0.709417,1.771,-1.000,89.591,-0.026915,0.169283,0.044701,-0.076957,-0.103723,0.144258
1790938313.016229,1790938313.027555,2.076744,-0.056270,-0.024321,-0.018154,-0.002869,-0.706076,-0.707898,1.705,-1.236,89.834,-0.026016,0.170540,0.040715,0.003918,-0.155496,0.152548
1790938313.051229,1790938313.058558,2.070790,-0.057741,-0.022747,-0.019731,-0.001871,-0.707961,-0.705973,1.749,-1.449,90.139,-0.023903,0.177020,0.031699,0.036420,0.003287,0.162379
1790938313.086229,1790938313.092294,2.064279,-0.059087,-0.021308,-0.018549,-0.003099,-0.710333,-0.703614,1.749,-1.260,90.525,-0.017973,0.191755,0.027024,-0.038607,0.195578,0.231100
1790938313.121220,1790938313.126088,2.056911,-0.060294,-0.019852,-0.014781,-0.004621,-0.713542,-0.700442,1.565,-0.838,91.050,-0.012767,0.208695,0.035781,-0.140636,0.210941,0.275416
1790938313.156220,1790938313.158727,2.049080,-0.061331,-0.018051,-0.010997,-0.004265,-0.716342,-0.697650,1.229,-0.562,91.509,-0.004777,0.223205,0.049609,-0.250707,0.125555,0.250293
1790938313.190220,1790938313.192984,2.040452,-0.062122,-0.015951,-0.006951,-0.001917,-0.718619,-0.695367,0.712,-0.420,91.882,0.006244,0.233085,0.052400,-0.210572,0.012603,0.066784
1790938313.213212,1790938313.226029,2.034416,-0.062417,-0.014682,-0.005209,0.000312,-0.718178,-0.695840,0.390,-0.454,91.809,0.017375,0.240276,0.046505,-0.131490,-0.043417,-0.135314
1790938313.249212,1790938313.259663,2.024737,-0.062284,-0.013243,-0.004520,0.002789,-0.716044,-0.698035,0.133,-0.594,91.459,0.036818,0.258592,0.029399,-0.113506,-0.095285,-0.182079
1790938313.283211,1790938313.293072,2.014030,-0.061455,-0.012497,-0.004448,0.004862,-0.714363,-0.699745,-0.041,-0.754,91.185,0.054683,0.286524,0.004260,-0.093491,-0.077236,-0.126343
1790938313.318204,1790938313.325686,2.002311,-0.060150,-0.012637,-0.003811,0.006541,-0.713154,-0.700967,-0.228,-0.837,90.989,0.067679,0.315695,-0.014956,-0.103098,-0.009424,-0.075215
1790938313.353204,1790938313.360729,1.989197,-0.058459,-0.013188,-0.003569,0.007980,-0.711920,-0.702207,-0.364,-0.933,90.790,0.071347,0.341149,-0.017047,-0.003451,-0.142870,-0.167373
1790938313.388204,1790938313.391793,1.975479,-0.056890,-0.013855,-0.006011,0.009995,-0.709517,-0.704592,-0.327,-1.296,90.403,0.060717,0.368372,-0.023480,0.031132,-0.275767,-0.287811
1790938313.422195,1790938313.427589,1.959984,-0.055681,-0.014956,-0.010461,0.012666,-0.705251,-0.708767,-0.174,-1.874,89.718,0.038798,0.395973,-0.037139,0.095170,-0.144410,-0.257722
1790938313.457195,1790938313.460424,1.944525,-0.055104,-0.016302,-0.012077,0.011153,-0.702886,-0.711112,0.086,-1.882,89.332,0.025071,0.410905,-0.039659,0.204594,0.141235,-0.226005
1790938313.480195,1790938313.491697,1.933298,-0.054732,-0.017094,-0.011897,0.005761,-0.699940,-0.714079,0.512,-1.426,88.848,0.025135,0.419164,-0.029646,0.172129,0.282226,-0.268831
1790938313.515190,1790938313.526713,1.916873,-0.054096,-0.017373,-0.010201,0.002595,-0.696859,-0.717131,0.631,-1.028,88.352,0.025387,0.433536,0.001457,-0.030594,0.068981,-0.201019
1790938313.550190,1790938313.560304,1.899464,-0.053546,-0.016841,-0.010287,0.003527,-0.694340,-0.719565,0.568,-1.109,87.950,0.010686,0.438621,0.015877,-0.025826,-0.089170,-0.232444
1790938313.584190,1790938313.593889,1.881954,-0.053299,-0.016198,-0.010278,0.004450,-0.691355,-0.722428,0.498,-1.183,87.477,0.002263,0.430839,0.011400,-0.059258,0.023662,-0.316184
1790938313.619181,1790938313.628129,1.865118,-0.053061,-0.015957,-0.008756,0.004345,-0.687554,-0.726067,0.386,-1.051,86.875,-0.001628,0.421772,-0.001282,-0.045507,0.089866,-0.293625
1790938313.654181,1790938313.660076,1.848211,-0.052787,-0.016118,-0.007784,0.003723,-0.684635,-0.728835,0.358,-0.922,86.415,-0.005899,0.406451,-0.007712,-0.002134,0.063117,-0.245358
1790938313.688181,1790938313.691954,1.831875,-0.052485,-0.016317,-0.006974,0.002827,-0.682095,-0.731225,0.363,-0.782,86.016,-0.006597,0.390337,-0.004751,0.016653,0.098575,-0.146033
1790938313.723174,1790938313.724871,1.816389,-0.052104,-0.016257,-0.005713,0.000545,-0.680441,-0.732780,0.437,-0.491,85.756,-0.004459,0.373452,0.003762,0.065427,0.183450,-0.123335
1790938313.746174,1790938313.758591,1.805914,-0.051778,-0.015981,-0.004702,-0.002723,-0.678709,-0.734388,0.608,-0.137,85.486,-0.006913,0.360477,0.013361,0.118689,0.151213,-0.152624
1790938313.782174,1790938313.793762,1.791552,-0.051441,-0.015166,-0.004989,-0.005659,-0.676794,-0.736133,0.860,0.090,85.191,-0.013668,0.342911,0.026487,0.125011,0.082269,-0.125895
1790938313.816166,1790938313.827768,1.777400,-0.051260,-0.013903,-0.005339,-0.008238,-0.675617,-0.737187,1.089,0.283,85.012,-0.017081,0.324993,0.033712,0.112312,0.131540,-0.050529
1790938313.851166,1790938313.858623,1.763989,-0.051076,-0.012542,-0.004690,-0.010964,-0.675477,-0.737284,1.245,0.563,84.996,-0.015480,0.310226,0.032758,0.073719,0.198685,0.032055
1790938313.886166,1790938313.893132,1.751134,-0.050884,-0.011175,-0.002448,-0.014000,-0.676953,-0.735889,1.293,0.991,85.234,-0.015280,0.295804,0.035334,0.000854,0.197290,0.190117
1790938313.919157,1790938313.926733,1.739905,-0.050776,-0.009654,-0.000895,-0.015518,-0.679793,-0.733240,1.284,1.234,85.682,-0.014791,0.278473,0.045999,-0.038980,0.070239,0.309862
1790938313.949157,1790938313.958530,1.729873,-0.050738,-0.007871,0.000049,-0.014750,-0.684649,-0.728724,1.154,1.236,86.440,-0.012120,0.260937,0.057746,-0.086947,-0.038804,0.441440
1790938313.989157,1790938313.992544,1.717590,-0.050722,-0.005234,0.000600,-0.013289,-0.689669,-0.724003,1.001,1.150,87.228,-0.008303,0.232922,0.062558,-0.111628,-0.025589,0.453846
1790938314.019148,1790938314.027947,1.709324,-0.050726,-0.003284,0.001489,-0.012430,-0.695002,-0.718899,0.867,1.143,88.072,-0.005620,0.211091,0.059923,-0.030939,0.035190,0.388257
1790938314.052148,1790938314.059625,1.701268,-0.050778,-0.001231,0.001998,-0.012700,-0.699392,-0.714623,0.854,1.200,88.775,-0.004887,0.190777,0.060044,0.005795,0.013662,0.328199
1790938314.088148,1790938314.092678,1.693519,-0.050936,0.001053,0.001040,-0.012504,-0.702927,-0.711151,0.923,1.103,89.342,-0.005275,0.170388,0.060737,0.039799,-0.092322,0.236003
1790938314.124139,1790938314.127640,1.686592,-0.051152,0.003277,-0.000443,-0.011403,-0.705072,-0.709044,0.957,0.891,89.686,-0.007942,0.155789,0.054417,-0.000779,-0.139037,0.167196
1790938314.160139,1790938314.162712,1.680376,-0.051673,0.005084,-0.002881,-0.010099,-0.707062,-0.707074,1.052,0.585,90.004,-0.017237,0.136413,0.039636,0.122877,-0.125581,0.181072
1790938314.184139,1790938314.192781,1.676767,-0.052134,0.006041,-0.005379,-0.010865,-0.709545,-0.704556,1.318,0.440,90.409,-0.014962,0.126445,0.037857,0.174841,-0.024902,0.299817
1790938314.220129,1790938314.225774,1.671813,-0.052633,0.007529,-0.007489,-0.014005,-0.714250,-0.699711,1.747,0.510,91.186,-0.005697,0.120369,0.039889,0.208424,0.091827,0.417136
1790938314.257129,1790938314.258876,1.667109,-0.053105,0.009024,-0.008112,-0.016449,-0.718216,-0.695579,2.001,0.644,91.846,-0.010602,0.122319,0.036546,0.070054,0.079607,0.334158
1790938314.281130,1790938314.292589,1.663981,-0.053587,0.009949,-0.006750,-0.016939,-0.722025,-0.691627,1.937,0.784,92.477,-0.012265,0.124783,0.034517,-0.110784,0.090491,0.301757
1790938314.317121,1790938314.326617,1.659350,-0.054281,0.011404,-0.004592,-0.016565,-0.725472,-0.688037,1.740,0.924,93.048,-0.004171,0.122020,0.039527,-0.114852,0.074172,0.341509
1790938314.353121,1790938314.359656,1.655008,-0.054749,0.013066,-0.002842,-0.015083,-0.729585,-0.683718,1.484,0.944,93.730,0.000981,0.117663,0.044297,-0.136000,-0.043583,0.301884
1790938314.389121,1790938314.392624,1.650962,-0.055218,0.014696,-0.002455,-0.012924,-0.732441,-0.680704,1.276,0.802,94.202,0.000949,0.116629,0.040053,-0.129782,-0.079362,0.249672
1790938314.413112,1790938314.425650,1.648173,-0.055536,0.015732,-0.000762,-0.011061,-0.734868,-0.678120,0.991,0.795,94.607,0.004253,0.119792,0.039122,-0.141351,0.092853,0.103946
1790938314.450112,1790938314.460682,1.644093,-0.055860,0.017336,0.003107,-0.011188,-0.734944,-0.678028,0.701,1.131,94.620,0.010779,0.128131,0.049356,-0.147945,0.193201,-0.068445
1790938314.486112,1790938314.491529,1.639616,-0.055907,0.019488,0.006554,-0.010974,-0.733912,-0.679124,0.413,1.405,94.446,0.019782,0.146205,0.069435,-0.171142,0.100404,-0.122034
1790938314.521104,1790938314.525620,1.634642,-0.055636,0.022177,0.008509,-0.008774,-0.732228,-0.680950,0.072,1.399,94.157,0.028263,0.166352,0.083239,-0.171807,-0.094862,-0.174632
1790938314.556104,1790938314.560719,1.629086,-0.055137,0.024946,0.008937,-0.004886,-0.729899,-0.683480,-0.291,1.130,93.759,0.035596,0.188982,0.076026,-0.161256,-0.131320,-0.217669
1790938314.591104,1790938314.592992,1.623001,-0.054406,0.026947,0.009258,-0.002808,-0.727400,-0.686146,-0.494,0.993,93.339,0.044473,0.211264,0.048612,-0.063640,-0.014780,-0.289099
1790938314.614095,1790938314.625623,1.618213,-0.053641,0.027813,0.009812,-0.002870,-0.724480,-0.689220,-0.537,1.041,92.853,0.054319,0.228695,0.034588,0.027108,0.071375,-0.279738
1790938314.649095,1790938314.660628,1.610542,-0.052061,0.028713,0.010280,-0.004017,-0.721489,-0.692338,-0.484,1.169,92.357,0.067835,0.260160,0.029979,-0.021341,0.039609,-0.193305
1790938314.684095,1790938314.694786,1.602064,-0.050134,0.029564,0.010894,-0.003382,-0.719817,-0.694070,-0.588,1.168,92.081,0.077065,0.294787,0.033402,-0.079618,-0.042560,-0.101976
1790938314.718089,1790938314.726125,1.592243,-0.047892,0.030532,0.011404,-0.001484,-0.718284,-0.695655,-0.787,1.057,91.827,0.081690,0.325394,0.038171,-0.105099,-0.051107,-0.182897
1790938314.753089,1790938314.758672,1.581494,-0.045572,0.031508,0.011995,0.000469,-0.715259,-0.698757,-0.999,0.946,91.329,0.077793,0.354029,0.040135,-0.104299,-0.065347,-0.317161
1790938314.788089,1790938314.791589,1.569871,-0.043404,0.032489,0.012045,0.002214,-0.711493,-0.702587,-1.150,0.804,90.714,0.066439,0.380884,0.040309,-0.059869,-0.086513,-0.417495
1790938314.823081,1790938314.827546,1.557808,-0.041608,0.033368,0.011074,0.003699,-0.705014,-0.709098,-1.199,0.594,89.663,0.048958,0.406246,0.038243,0.034877,-0.075690,-0.472417
1790938314.858081,1790938314.862563,1.544522,-0.040038,0.034247,0.008655,0.003857,-0.699367,-0.714701,-1.018,0.378,88.754,0.034920,0.424239,0.037385,0.149937,-0.128569,-0.437981
1790938314.881081,1790938314.892659,1.535192,-0.039078,0.034841,0.004911,0.003156,-0.694862,-0.719120,-0.656,0.131,88.034,0.024695,0.427390,0.031728,0.292393,-0.132639,-0.451347
1790938314.916069,1790938314.924880,1.522147,-0.037924,0.035474,0.000749,0.000579,-0.689691,-0.724103,-0.108,0.011,87.211,0.011370,0.423897,0.020782,0.334551,0.014765,-0.550676
1790938314.951069,1790938314.960610,1.508739,-0.036885,0.036061,-0.001519,-0.003900,-0.681856,-0.731474,0.432,0.208,85.979,0.000134,0.421788,0.026327,0.185969,0.151624,-0.641272
1790938314.986069,1790938314.991775,1.495433,-0.035868,0.037185,-0.001792,-0.007301,-0.673721,-0.738948,0.715,0.480,84.716,-0.012046,0.418001,0.043056,0.124541,0.065017,-0.612303
1790938315.021061,1790938315.025748,1.482952,-0.035044,0.038921,-0.004120,-0.007686,-0.666122,-0.745792,0.939,0.342,83.544,-0.026412,0.402334,0.059411,0.083781,-0.211097,-0.587522
1790938315.055061,1790938315.060790,1.470210,-0.034322,0.041221,-0.007349,-0.004380,-0.659060,-0.752042,0.964,-0.178,82.459,-0.031892,0.386702,0.062389,-0.040063,-0.246370,-0.463275
1790938315.090061,1790938315.092040,1.458885,-0.033559,0.043155,-0.008107,-0.002563,-0.654562,-0.755961,0.895,-0.386,81.773,-0.032925,0.369269,0.051517,-0.038920,-0.026774,-0.368741
1790938315.125053,1790938315.126971,1.447798,-0.032786,0.044939,-0.006057,-0.003531,-0.651169,-0.758900,0.790,-0.145,81.261,-0.037118,0.351394,0.055164,-0.067752,0.199081,-0.161326
1790938315.149054,1790938315.160964,1.440865,-0.032360,0.046252,-0.003235,-0.005196,-0.650661,-0.759344,0.669,0.211,81.186,-0.041012,0.339236,0.069772,-0.053072,0.101596,0.037826
1790938315.183053,1790938315.191987,1.430891,-0.031971,0.049017,-0.002669,-0.005089,-0.651168,-0.758912,0.612,0.243,81.262,-0.049624,0.320410,0.096066,-0.016955,-0.049789,0.041305
1790938315.218045,1790938315.226388,1.421536,-0.031966,0.052395,-0.003054,-0.004210,-0.651675,-0.758481,0.580,0.138,81.338,-0.056006,0.303685,0.103350,-0.035448,-0.017574,0.044775
1790938315.253045,1790938315.258748,1.412783,-0.032129,0.055766,-0.001657,-0.004018,-0.652625,-0.757668,0.444,0.225,81.481,-0.056806,0.289452,0.099506,-0.099528,0.072468,0.092086
1790938315.288045,1790938315.292534,1.404869,-0.032353,0.058920,0.000327,-0.003378,-0.653823,-0.756640,0.225,0.317,81.662,-0.057365,0.274609,0.098015,-0.159911,0.028857,0.119027
1790938315.322036,1790938315.324629,1.397253,-0.032676,0.062013,0.002197,-0.001894,-0.655708,-0.755009,-0.048,0.329,81.947,-0.054719,0.257134,0.092368,-0.112684,0.010866,0.183866
1790938315.357036,1790938315.359131,1.390206,-0.032846,0.064858,0.003987,-0.001325,-0.658890,-0.752228,-0.244,0.415,82.430,-0.043333,0.246582,0.091911,-0.097695,0.061206,0.311132
1790938315.381036,1790938315.391618,1.385814,-0.032776,0.066701,0.005410,-0.001040,-0.663005,-0.748595,-0.385,0.500,83.059,-0.035377,0.243425,0.093324,-0.078243,0.023341,0.427968
1790938315.415025,1790938315.426709,1.379364,-0.032520,0.069433,0.005993,-0.000348,-0.670396,-0.741980,-0.483,0.490,84.195,-0.028507,0.242706,0.089928,0.005963,-0.054965,0.542907
1790938315.450025,1790938315.459638,1.372490,-0.032281,0.071935,0.004754,0.000125,-0.676114,-0.736782,-0.411,0.358,85.081,-0.026207,0.243296,0.073087,0.046040,-0.100175,0.515260
1790938315.485025,1790938315.492691,1.365427,-0.032132,0.073794,0.002831,0.000375,-0.682500,-0.730880,-0.266,0.190,86.079,-0.024236,0.243423,0.052795,0.087780,-0.036154,0.504979
1790938315.520016,1790938315.525775,1.358390,-0.032026,0.075072,0.002352,-0.001475,-0.689247,-0.724521,-0.079,0.308,87.141,-0.020660,0.246344,0.038576,0.103659,0.182239,0.586385
1790938315.554016,1790938315.559747,1.350624,-0.031982,0.076178,0.004375,-0.006865,-0.696988,-0.717036,0.189,0.913,88.377,-0.015277,0.248984,0.043717,0.136392,0.381647,0.606444
1790938315.589016,1790938315.592676,1.343113,-0.031870,0.077785,0.006675,-0.011860,-0.702828,-0.711230,0.411,1.504,89.325,-0.010168,0.252466,0.073009,0.103294,0.272729,0.516637
1790938315.624007,1790938315.626642,1.335074,-0.031771,0.080392,0.006367,-0.013832,-0.708556,-0.705490,0.609,1.635,90.257,-0.007634,0.254902,0.084802,0.077419,-0.130594,0.446680
1790938315.659007,1790938315.660983,1.326803,-0.031694,0.082835,0.003110,-0.012054,-0.713729,-0.700312,0.736,1.222,91.095,-0.000439,0.254757,0.062582,0.013944,-0.181598,0.376432
1790938315.682007,1790938315.693777,1.321309,-0.031590,0.083989,0.002652,-0.010508,-0.717681,-0.696288,0.653,1.057,91.740,0.006827,0.251083,0.047683,-0.069826,-0.028682,0.276068
1790938315.715998,1790938315.727623,1.313067,-0.031359,0.085139,0.002251,-0.009601,-0.720309,-0.693584,0.614,0.949,92.171,0.008771,0.240556,0.026767,0.013331,-0.078142,0.168840
1790938315.750998,1790938315.758603,1.305177,-0.031308,0.085673,0.001309,-0.009318,-0.721738,-0.692102,0.667,0.847,92.407,0.004495,0.235919,0.013589,0.048119,-0.001691,0.124135
1790938315.785998,1790938315.792719,1.297152,-0.031385,0.085798,0.001634,-0.010759,-0.723160,-0.690595,0.762,0.987,92.646,0.006510,0.238996,0.017735,0.036943,0.150519,0.116908
1790938315.820990,1790938315.827647,1.288463,-0.031383,0.086589,0.004049,-0.012738,-0.724689,-0.688946,0.738,1.342,92.905,0.014229,0.251640,0.047386,-0.078269,0.173048,0.139120
1790938315.854990,1790938315.860776,1.278873,-0.031162,0.088667,0.006903,-0.012408,-0.726461,-0.687062,0.490,1.552,93.200,0.020966,0.266836,0.080049,-0.186764,0.021636,0.139932
1790938315.890990,1790938315.893520,1.268930,-0.030945,0.091463,0.008348,-0.009526,-0.727619,-0.685865,0.138,1.445,93.386,0.020117,0.280149,0.089611,-0.190387,-0.122754,0.070125
1790938315.913981,1790938315.924556,1.262114,-0.030884,0.093268,0.008615,-0.006310,-0.727709,-0.685802,-0.151,1.214,93.395,0.019615,0.287995,0.083107,-0.113073,-0.059640,-0.049587
1790938315.947981,1790938315.959710,1.251468,-0.030764,0.095600,0.011089,-0.005416,-0.726917,-0.686615,-0.421,1.350,93.261,0.027538,0.306950,0.074097,-0.157428,0.169862,-0.070365
1790938315.983981,1790938315.993801,1.239570,-0.030335,0.097652,0.014895,-0.005474,-0.725856,-0.687664,-0.719,1.670,93.085,0.037037,0.333966,0.076475,-0.120238,0.089622,-0.116641
1790938316.017972,1790938316.028376,1.226557,-0.029737,0.099698,0.015308,-0.004228,-0.724201,-0.689406,-0.859,1.605,92.808,0.039512,0.365883,0.077310,-0.046715,-0.147332,-0.213406
1790938316.052972,1790938316.060869,1.212282,-0.029061,0.101485,0.012850,-0.001026,-0.721258,-0.692547,-0.935,1.144,92.317,0.043692,0.400868,0.058236,-0.032819,-0.255752,-0.280602
1790938316.087972,1790938316.093808,1.197174,-0.028218,0.102254,0.011078,0.001977,-0.717681,-0.696282,-1.047,0.753,91.727,0.048387,0.432352,0.023098,-0.053411,-0.107715,-0.331243
1790938316.121964,1790938316.127606,1.180625,-0.027172,0.101842,0.011278,0.002894,-0.714088,-0.699960,-1.142,0.691,91.138,0.045767,0.457432,-0.006021,-0.046286,0.058615,-0.381004
1790938316.157963,1790938316.159792,1.163789,-0.026324,0.100962,0.012295,0.001806,-0.708822,-0.705278,-1.141,0.853,90.279,0.029579,0.469705,-0.005072,0.141202,0.084503,-0.475024
1790938316.180963,1790938316.192895,1.151758,-0.025906,0.100502,0.009140,-0.002539,-0.702538,-0.711583,-0.541,0.943,89.263,0.015522,0.473146,0.007827,0.425536,0.039477,-0.501806
1790938316.215955,1790938316.226861,1.134326,-0.025314,0.100810,0.005049,-0.007295,-0.697102,-0.716917,0.168,1.003,88.396,0.014277,0.489336,0.048976,0.279945,0.015258,-0.369914
1790938316.249955,1790938316.259769,1.115375,-0.024370,0.102889,0.002614,-0.009148,-0.693780,-0.720124,0.512,0.963,87.870,0.013166,0.499613,0.083897,0.172148,-0.084178,-0.285160
1790938316.284955,1790938316.292643,1.097317,-0.023501,0.105727,-0.001463,-0.008976,-0.690135,-0.723624,0.831,0.629,87.291,0.002995,0.495688,0.094547,0.168718,-0.246229,-0.314554
1790938316.318945,1790938316.325664,1.079136,-0.022773,0.108991,-0.006304,-0.006924,-0.685688,-0.727835,1.070,0.082,86.585,-0.004538,0.480145,0.095650,0.061107,-0.260267,-0.363820
1790938316.353945,1790938316.359642,1.061656,-0.022009,0.112266,-0.008190,-0.004365,-0.681116,-0.732117,1.028,-0.273,85.864,-0.004800,0.455756,0.093040,-0.074558,-0.096959,-0.325249
1790938316.388946,1790938316.393708,1.045207,-0.021057,0.115418,-0.007397,-0.003234,-0.678244,-0.734792,0.874,-0.303,85.414,-0.003446,0.423156,0.099400,-0.092585,0.026378,-0.230833
1790938316.423938,1790938316.427643,1.030420,-0.020145,0.118639,-0.006750,-0.002978,-0.675381,-0.737432,0.801,-0.271,84.968,-0.009244,0.384896,0.114368,0.018472,-0.024639,-0.234332
1790938316.446938,1790938316.461867,1.021125,-0.019643,0.121117,-0.008075,-0.003036,-0.672300,-0.740229,0.919,-0.365,84.491,-0.015157,0.361695,0.120768,0.087170,-0.047752,-0.218292
1790938316.481938,1790938316.493606,1.007967,-0.019052,0.125172,-0.008906,-0.003646,-0.669923,-0.742368,1.038,-0.374,84.124,-0.020297,0.331210,0.128986,0.020844,0.026073,-0.141337
1790938316.516930,1790938316.525819,0.996151,-0.018625,0.129469,-0.008397,-0.003656,-0.669113,-0.743105,0.995,-0.333,83.999,-0.023928,0.305729,0.137799,-0.089723,0.006542,0.020415
1790938316.551930,1790938316.560436,0.984654,-0.018385,0.134244,-0.006727,-0.001853,-0.670462,-0.741911,0.714,-0.359,84.206,-0.027321,0.280603,0.138209,-0.181854,-0.021027,0.188457
1790938316.586930,1790938316.591679,0.974652,-0.018380,0.138632,-0.004635,0.000361,-0.673031,-0.739600,0.365,-0.388,84.603,-0.031482,0.252855,0.135361,-0.204736,-0.017516,0.265787
1790938316.620918,1790938316.626710,0.965518,-0.018722,0.142638,-0.002784,0.003438,-0.676927,-0.736037,-0.032,-0.506,85.209,-0.036672,0.220982,0.133600,-0.123231,-0.092552,0.266721
1790938316.655918,1790938316.657856,0.957618,-0.019287,0.146346,-0.002426,0.005593,-0.680303,-0.732906,-0.232,-0.659,85.738,-0.037292,0.200860,0.122896,-0.107167,-0.070658,0.372444
1790938316.678918,1790938316.691519,0.952639,-0.019721,0.148634,-0.001229,0.006941,-0.686220,-0.727360,-0.443,-0.675,86.669,-0.034958,0.192736,0.112381,-0.090148,0.027100,0.544753
1790938316.713910,1790938316.725717,0.945417,-0.020565,0.151763,0.000029,0.007690,-0.693073,-0.720826,-0.613,-0.633,87.754,-0.039699,0.182531,0.095802,-0.059764,-0.013267,0.539316
1790938316.748910,1790938316.759630,0.939015,-0.021645,0.154222,0.000084,0.008671,-0.699022,-0.715048,-0.702,-0.704,88.706,-0.043105,0.175306,0.082117,-0.018854,-0.057296,0.385939
1790938316.783910,1790938316.791689,0.932786,-0.022960,0.156284,-0.000367,0.008986,-0.702222,-0.711902,-0.693,-0.763,89.220,-0.048016,0.170742,0.064501,0.043968,0.010969,0.251141
1790938316.818903,1790938316.827654,0.926813,-0.024542,0.157500,0.000476,0.007248,-0.705306,-0.708865,-0.625,-0.550,89.715,-0.051501,0.168890,0.054555,0.052858,0.219363,0.291979
1790938316.852903,1790938316.858713,0.921004,-0.026063,0.158563,0.002709,0.002310,-0.709689,-0.704506,-0.407,0.034,90.420,-0.041046,0.169844,0.059826,0.159190,0.332643,0.425395
1790938316.887903,1790938316.892566,0.915182,-0.027219,0.160291,0.004437,-0.003120,-0.715560,-0.698530,-0.099,0.614,91.379,-0.028986,0.176094,0.080947,0.141439,0.197548,0.485799
1790938316.922894,1790938316.925621,0.909405,-0.028194,0.162607,0.004169,-0.005342,-0.719827,-0.694121,0.109,0.769,92.084,-0.026971,0.181682,0.088578,0.112834,0.019862,0.369458
1790938316.957894,1790938316.960535,0.903655,-0.029223,0.165074,0.003260,-0.006691,-0.723379,-0.690412,0.297,0.800,92.674,-0.023291,0.183511,0.087886,0.060286,0.053804,0.232426
1790938316.980894,1790938316.992650,0.899602,-0.029851,0.166862,0.003964,-0.008519,-0.726125,-0.687498,0.397,1.001,93.134,-0.015817,0.183803,0.086312,0.018517,0.133528,0.254520
1790938317.015886,1790938317.027613,0.893768,-0.030492,0.169326,0.005578,-0.009277,-0.729340,-0.684066,0.338,1.193,93.673,-0.004916,0.184245,0.090873,-0.083515,0.027879,0.279519
1790938317.049886,1790938317.059823,0.888020,-0.030981,0.171648,0.006100,-0.007855,-0.732081,-0.681145,0.183,1.125,94.130,-0.003430,0.184177,0.093139,-0.108865,-0.089329,0.267126
1790938317.084886,1790938317.093492,0.882466,-0.031579,0.173973,0.006162,-0.005610,-0.735040,-0.677973,-0.006,0.955,94.625,-0.004206,0.184931,0.092635,-0.064109,-0.050220,0.216867
1790938317.118876,1790938317.127553,0.876816,-0.032230,0.176461,0.006811,-0.005479,-0.737005,-0.675830,-0.065,1.000,94.958,0.000701,0.186102,0.094484,-0.018359,0.096916,0.131525
1790938317.153876,1790938317.159704,0.871046,-0.032720,0.179305,0.008680,-0.006136,-0.738573,-0.674090,-0.151,1.209,95.226,0.008408,0.193491,0.108232,-0.077544,0.081053,0.148480
1790938317.188876,1790938317.191936,0.865230,-0.033024,0.182601,0.009876,-0.004946,-0.740074,-0.672435,-0.342,1.219,95.480,0.015305,0.202239,0.120747,-0.140338,-0.068980,0.136562
1790938317.223869,1790938317.226562,0.858869,-0.033188,0.185955,0.009161,-0.001580,-0.741015,-0.671424,-0.571,0.899,95.637,0.020702,0.211073,0.112982,-0.086691,-0.221811,0.016350
1790938317.258869,1790938317.261518,0.852364,-0.033297,0.188329,0.007746,0.001744,-0.740682,-0.671809,-0.744,0.523,95.580,0.026986,0.226279,0.093353,-0.089158,-0.087647,-0.071667
1790938317.281869,1790938317.291411,0.847393,-0.033279,0.189728,0.008430,0.002904,-0.739778,-0.672792,-0.896,0.491,95.426,0.031527,0.239420,0.084286,-0.090605,0.046726,-0.117674
1790938317.316860,1790938317.325615,0.839485,-0.033128,0.191672,0.010264,0.003620,-0.738222,-0.674471,-1.100,0.588,95.162,0.035190,0.263174,0.087857,-0.121409,0.022992,-0.129409
1790938317.351861,1790938317.359683,0.830851,-0.032941,0.193900,0.011120,0.006143,-0.736858,-0.675929,-1.380,0.463,94.933,0.035651,0.290344,0.099045,-0.155673,-0.150542,-0.121484
1790938317.385860,1790938317.393560,0.820929,-0.032854,0.196408,0.010085,0.010425,-0.734917,-0.678002,-1.662,0.039,94.613,0.030976,0.316739,0.094766,-0.111111,-0.223759,-0.228054
1790938317.420852,1790938317.426552,0.810067,-0.032985,0.198456,0.008735,0.013737,-0.731342,-0.681816,-1.834,-0.341,94.020,0.023451,0.342775,0.074287,-0.070606,-0.134271,-0.393594
1790938317.455852,1790938317.459569,0.798251,-0.033319,0.199089,0.008172,0.015189,-0.726913,-0.686513,-1.909,-0.514,93.283,0.014425,0.372477,0.055925,-0.021837,-0.051234,-0.460913
1790938317.490852,1790938317.493819,0.785686,-0.033896,0.199385,0.007773,0.016063,-0.721282,-0.692411,-1.945,-0.632,92.351,-0.000035,0.405261,0.050883,-0.046544,-0.049224,-0.471104
1790938317.513843,1790938317.525076,0.776537,-0.034482,0.199575,0.007452,0.017676,-0.715949,-0.697889,-2.047,-0.802,91.478,-0.012645,0.426681,0.049603,-0.045631,-0.089475,-0.395226
1790938317.547843,1790938317.560655,0.761651,-0.035642,0.199805,0.006859,0.018730,-0.711801,-0.702098,-2.080,-0.948,90.804,-0.025850,0.456389,0.045506,0.009888,-0.015930,-0.322553
1790938317.583843,1790938317.591943,0.746346,-0.036996,0.200068,0.006233,0.018127,-0.708191,-0.705760,-1.976,-0.960,90.214,-0.036169,0.472861,0.049510,0.116244,0.017264,-0.425112
1790938317.618834,1790938317.625879,0.729674,-0.038606,0.200859,0.004673,0.015877,-0.702150,-0.711837,-1.659,-0.919,89.228,-0.048966,0.479055,0.064787,0.181066,0.066477,-0.542922
1790938317.652834,1790938317.658653,0.713761,-0.040219,0.201741,0.002861,0.012025,-0.695526,-0.718394,-1.194,-0.762,88.155,-0.057781,0.480551,0.075085,0.240976,0.100238,-0.516493
1790938317.687834,1790938317.693736,0.725661,-0.024861,0.203099,0.001238,0.008645,-0.689432,-0.724298,-0.786,-0.620,87.179,-0.057926,0.480027,0.088260,0.152882,0.040990,-0.462491
1790938317.722826,1790938317.724863,0.709977,-0.025983,0.204988,-0.000361,0.007402,-0.684611,-0.728871,-0.551,-0.647,86.416,-0.055379,0.472169,0.090357,0.125823,-0.053706,-0.445725
1790938317.756826,1790938317.758832,0.694746,-0.026699,0.207064,-0.002161,0.007595,-0.679646,-0.733498,-0.410,-0.807,85.638,-0.053249,0.467132,0.087991,0.010329,-0.082037,-0.337618
1790938317.779826,1790938317.793964,0.685301,-0.026970,0.208317,-0.002155,0.007853,-0.676571,-0.736332,-0.427,-0.830,85.159,-0.052129,0.462456,0.084861,-0.034794,0.078420,-0.144591
1790938317.814817,1790938317.826246,0.670458,-0.027088,0.210535,0.000653,0.006530,-0.676101,-0.736779,-0.561,-0.501,85.084,-0.042240,0.452331,0.097794,-0.106845,0.226497,0.059667
1790938317.849817,1790938317.858768,0.656560,-0.026925,0.213301,0.004011,0.005673,-0.677412,-0.735571,-0.778,-0.167,85.287,-0.036450,0.433196,0.129787,-0.150311,0.130229,0.203929
1790938317.883817,1790938317.892907,0.642608,-0.026761,0.217017,0.006247,0.006631,-0.680677,-0.732527,-1.042,-0.069,85.798,-0.036091,0.408605,0.158886,-0.104075,-0.051238,0.292994
1790938317.918808,1790938317.928626,0.630437,-0.026754,0.221234,0.005904,0.008552,-0.684434,-0.729001,-1.164,-0.251,86.391,-0.034489,0.383276,0.170493,-0.036476,-0.119917,0.296575
1790938317.953808,1790938317.960604,0.618587,-0.026810,0.225902,0.005815,0.010434,-0.687583,-0.726007,-1.306,-0.410,86.891,-0.029312,0.363289,0.166750,-0.136969,-0.071712,0.302062
1790938317.988807,1790938317.990891,0.607783,-0.026864,0.230160,0.007214,0.012687,-0.691341,-0.722381,-1.603,-0.479,87.491,-0.026486,0.339051,0.152260,-0.140614,-0.010669,0.292949
1790938318.023798,1790938318.026367,0.597227,-0.027067,0.234253,0.008459,0.013874,-0.694742,-0.719076,-1.802,-0.470,88.035,-0.026032,0.311705,0.139499,-0.051853,-0.013990,0.261290
1790938318.046798,1790938318.058006,0.590914,-0.027239,0.236738,0.008346,0.014838,-0.698324,-0.715579,-1.872,-0.549,88.611,-0.021900,0.297501,0.137753,-0.009773,-0.094316,0.319944
1790938318.081798,1790938318.094241,0.581756,-0.027528,0.239722,0.006014,0.016242,-0.702563,-0.711411,-1.798,-0.840,89.296,-0.019647,0.279587,0.130093,0.076844,-0.209686,0.362047
1790938318.116789,1790938318.126658,0.573275,-0.027983,0.242357,0.002829,0.017570,-0.706418,-0.707571,-1.652,-1.196,89.924,-0.020946,0.269833,0.114666,0.103174,-0.227107,0.377954
1790938318.150789,1790938318.159156,0.564724,-0.028671,0.244731,-0.001150,0.018385,-0.711218,-0.702730,-1.406,-1.574,90.707,-0.023743,0.261853,0.099875,0.162175,-0.146596,0.370504
1790938318.185789,1790938318.190884,0.556650,-0.029671,0.246785,-0.003613,0.017223,-0.715467,-0.698425,-1.123,-1.675,91.398,-0.031347,0.253816,0.091117,0.137944,0.044411,0.356128
1790938318.220780,1790938318.224766,0.548195,-0.031050,0.249105,-0.002794,0.013379,-0.720531,-0.693288,-0.883,-1.294,92.218,-0.029676,0.247857,0.098713,0.111310,0.294001,0.470778
1790938318.255780,1790938318.259642,0.540294,-0.032260,0.251993,0.000656,0.009607,-0.726186,-0.687431,-0.851,-0.702,93.146,-0.023120,0.248501,0.124033,-0.069596,0.341241,0.644382
1790938318.278780,1790938318.291790,0.534659,-0.033132,0.254028,0.005146,0.008234,-0.733655,-0.679453,-1.093,-0.208,94.395,-0.022232,0.246297,0.139562,-0.129634,0.094888,0.569062
1790938318.313772,1790938318.324861,0.526864,-0.034607,0.257202,0.004673,0.008777,-0.739134,-0.673485,-1.104,-0.282,95.324,-0.027778,0.237007,0.133539,0.147061,-0.162828,0.327352
1790938318.348772,1790938318.357888,0.519240,-0.036410,0.260002,0.000994,0.008322,-0.741450,-0.670956,-0.783,-0.555,95.718,-0.032200,0.225438,0.102939,0.221168,-0.144937,0.173457
1790938318.382772,1790938318.392916,0.511908,-0.038148,0.261836,-0.002083,0.006348,-0.743560,-0.668635,-0.381,-0.664,96.076,-0.023202,0.219358,0.069785,0.098780,0.052605,0.158726
1790938318.417763,1790938318.426957,0.504893,-0.039483,0.262759,-0.001700,0.004682,-0.745179,-0.666846,-0.270,-0.503,96.352,-0.014379,0.215278,0.043161,0.076535,0.105025,0.161704
1790938318.452763,1790938318.458853,0.497766,-0.040784,0.263186,-0.001649,0.002266,-0.746833,-0.665005,-0.068,-0.314,96.634,-0.015743,0.211895,0.035249,0.095503,0.088330,0.117679
1790938318.487763,1790938318.492431,0.490862,-0.042071,0.263314,-0.000649,0.000651,-0.748259,-0.663406,-0.007,-0.105,96.880,-0.012753,0.213588,0.054981,-0.020742,0.129283,0.138084
1790938318.522754,1790938318.524725,0.483363,-0.043228,0.264344,0.001209,-0.000261,-0.749590,-0.661901,-0.069,0.124,97.110,-0.002990,0.218216,0.085933,-0.051772,0.131359,0.125356
1790938318.557754,1790938318.560111,0.475982,-0.044124,0.266337,0.003369,0.000067,-0.750857,-0.660457,-0.261,0.285,97.329,0.001241,0.229040,0.107376,-0.141968,0.011578,0.107003
1790938318.580754,1790938318.591810,0.470452,-0.044761,0.268184,0.004807,0.003586,-0.752088,-0.659036,-0.672,0.144,97.545,0.002962,0.239557,0.113804,-0.248392,-0.131971,0.096408
1790938318.615746,1790938318.625977,0.461964,-0.045722,0.270859,0.005735,0.007240,-0.752823,-0.658158,-1.057,-0.051,97.677,0.005956,0.250384,0.103514,-0.189577,-0.057057,0.048669
1790938318.649745,1790938318.660570,0.453315,-0.046468,0.273076,0.008648,0.008536,-0.752738,-0.658208,-1.389,0.102,97.665,0.018460,0.260685,0.093676,-0.122289,0.180418,-0.073403
1790938318.684746,1790938318.693799,0.443848,-0.046704,0.275080,0.011515,0.007974,-0.751243,-0.659877,-1.557,0.388,97.404,0.036470,0.277143,0.101674,-0.069085,0.115698,-0.229012
1790938318.719737,1790938318.727552,0.433928,-0.046427,0.276732,0.011060,0.008719,-0.747768,-0.663810,-1.589,0.284,96.804,0.048926,0.300741,0.106047,0.032660,-0.213962,-0.371648
1790938318.754737,1790938318.758756,0.422568,-0.045699,0.278544,0.007247,0.011167,-0.743963,-0.668089,-1.507,-0.237,96.155,0.064199,0.334192,0.092957,0.061775,-0.353420,-0.415848
1790938318.789737,1790938318.793450,0.410385,-0.044485,0.279821,0.002476,0.014700,-0.738856,-0.673698,-1.436,-0.925,95.294,0.076200,0.369902,0.073354,-0.042158,-0.272511,-0.440729
1790938318.823728,1790938318.826241,0.396177,-0.042890,0.280796,0.000453,0.018230,-0.733457,-0.679491,-1.568,-1.382,94.393,0.076903,0.404830,0.062590,-0.094822,-0.190726,-0.499601
1790938318.846728,1790938318.860433,0.386531,-0.041870,0.281360,-0.001060,0.022004,-0.726972,-0.686314,-1.751,-1.819,93.323,0.069290,0.422648,0.065501,-0.101821,-0.218697,-0.541729
1790938318.881728,1790938318.892234,0.371200,-0.040394,0.282588,-0.003018,0.025635,-0.720819,-0.692643,-1.880,-2.285,92.321,0.060209,0.443124,0.078149,-0.038999,-0.216422,-0.497267
1790938318.916719,1790938318.926917,0.355698,-0.039110,0.283234,-0.006139,0.027769,-0.714473,-0.699085,-1.784,-2.728,91.290,0.047439,0.460141,0.088260,0.056058,-0.177199,-0.549739
1790938318.951720,1790938318.962928,0.339169,-0.038136,0.284377,-0.008324,0.028854,-0.708376,-0.705196,-1.672,-3.009,90.302,0.026688,0.477869,0.088330,0.038551,-0.133275,-0.660307
1790938318.985719,1790938318.993165,0.322173,-0.037657,0.285838,-0.010817,0.029849,-0.698845,-0.714568,-1.507,-3.312,88.769,0.004047,0.487314,0.102645,0.055752,-0.152295,-0.866572
1790938319.020711,1790938319.025859,0.305512,-0.037475,0.288112,-0.014778,0.030656,-0.688582,-0.724359,-1.195,-3.713,87.138,-0.015304,0.485526,0.124197,0.178059,-0.211068,-0.768804
1790938319.055711,1790938319.059958,0.288548,-0.037435,0.291327,-0.020467,0.030848,-0.679786,-0.732476,-0.687,-4.187,85.752,-0.024609,0.478626,0.133970,0.214481,-0.218052,-0.637818
1790938319.089711,1790938319.092272,0.271899,-0.037325,0.294687,-0.024906,0.030421,-0.673349,-0.738279,-0.241,-4.500,84.742,-0.029113,0.469076,0.118757,0.252158,-0.151684,-0.607965
1790938319.113702,1790938319.124961,0.261606,-0.037177,0.295862,-0.029559,0.028972,-0.665525,-0.745227,0.316,-4.734,83.520,-0.035133,0.463549,0.109785,0.191042,-0.064199,-0.590203
1790938319.148702,1790938319.160339,0.245182,-0.036679,0.297933,-0.032055,0.026825,-0.659929,-0.750165,0.729,-4.735,82.647,-0.030392,0.447008,0.096223,0.223794,0.061259,-0.418604
1790938319.183702,1790938319.191783,0.230321,-0.035866,0.299741,-0.033658,0.022716,-0.656543,-0.753195,1.200,-4.497,82.109,-0.023816,0.429196,0.090967,0.193881,0.153598,-0.122554
1790938319.217695,1790938319.227233,0.215746,-0.034754,0.301905,-0.034287,0.018971,-0.656703,-0.753131,1.536,-4.221,82.118,-0.015947,0.409078,0.092168,0.116064,0.111165,0.115812
1790938319.252695,1790938319.258025,0.201927,-0.033610,0.304532,-0.034056,0.017342,-0.658965,-0.751202,1.626,-4.068,82.458,-0.012891,0.386968,0.103145,0.019952,0.048614,0.198291
1790938319.287695,1790938319.293883,0.189287,-0.032709,0.307355,-0.033883,0.017144,-0.661607,-0.748888,1.612,-4.043,82.861,-0.016560,0.363096,0.102682,-0.016172,0.006743,0.206924
1790938319.321686,1790938319.324622,0.177088,-0.032032,0.309511,-0.033097,0.017504,-0.663904,-0.746880,1.505,-4.019,83.215,-0.016538,0.340024,0.096253,-0.074272,0.041109,0.216901
1790938319.356686,1790938319.360544,0.165936,-0.031439,0.311078,-0.030888,0.017439,-0.667067,-0.744153,1.304,-3.851,83.703,-0.012997,0.316179,0.087635,-0.112246,0.152525,0.268326
1790938319.379686,1790938319.391382,0.158556,-0.031012,0.312250,-0.027119,0.016290,-0.670994,-0.740787,1.052,-3.470,84.308,-0.006968,0.299652,0.087860,-0.062237,0.228401,0.335984
1790938319.414677,1790938319.425003,0.148467,-0.030322,0.314106,-0.024263,0.014073,-0.675804,-0.736547,0.959,-3.068,85.049,-0.000865,0.279955,0.091163,-0.020587,0.151978,0.377082
1790938319.449677,1790938319.460846,0.138723,-0.029601,0.316358,-0.023170,0.013977,-0.680778,-0.731990,0.854,-2.981,85.826,0.003959,0.278276,0.097675,-0.023285,-0.035824,0.418753
1790938319.484677,1790938319.491859,0.129238,-0.028974,0.318680,-0.023715,0.014797,-0.685559,-0.727480,0.816,-3.098,86.579,0.001691,0.277371,0.094072,0.036964,-0.060114,0.459112
1790938319.519667,1790938319.525754,0.119621,-0.028599,0.320814,-0.024735,0.013991,-0.690993,-0.722303,0.941,-3.118,87.436,-0.001859,0.267524,0.097237,0.141507,0.080247,0.402960
1790938319.553667,1790938319.557850,0.110466,-0.028384,0.322648,-0.025359,0.010607,-0.695241,-0.718251,1.244,-2.895,88.103,0.003665,0.253750,0.109292,0.264525,0.192542,0.413953
1790938319.588667,1790938319.591690,0.101767,-0.027944,0.325129,-0.025890,0.005335,-0.701495,-0.712184,1.686,-2.517,89.097,0.015989,0.259304,0.119842,0.167395,0.163330,0.542972
1790938319.623659,1790938319.626797,0.092537,-0.027301,0.328179,-0.026031,0.003320,-0.708213,-0.705511,1.837,-2.382,90.181,0.023434,0.265586,0.116718,0.081964,0.016205,0.522343
1790938319.646659,1790938319.658813,0.086441,-0.026828,0.330016,-0.027284,0.001728,-0.713733,-0.699884,2.049,-2.371,91.080,0.029129,0.262104,0.097751,0.116871,0.087168,0.352216
1790938319.681659,1790938319.691932,0.077660,-0.026045,0.332187,-0.026651,-0.000312,-0.716812,-0.696757,2.156,-2.165,91.585,0.033516,0.250711,0.077902,0.086288,0.151442,0.281530
1790938319.716650,1790938319.724919,0.069008,-0.025107,0.333916,-0.026676,-0.002298,-0.720358,-0.693086,2.310,-2.020,92.170,0.035941,0.239460,0.060315,0.056207,-0.020230,0.299095
1790938319.750650,1790938319.758881,0.060706,-0.024278,0.334023,-0.028928,-0.000987,-0.724095,-0.689093,2.369,-2.323,92.790,0.031230,0.229203,0.043228,0.020159,-0.231286,0.331071
1790938319.785650,1790938319.792521,0.052979,-0.023683,0.333831,-0.032594,0.001751,-0.727435,-0.685400,2.418,-2.856,93.348,0.029905,0.217248,0.034414,0.045577,-0.237958,0.227450
1790938319.819640,1790938319.825944,0.045249,-0.023042,0.333925,-0.035040,0.003403,-0.729147,-0.683452,2.465,-3.196,93.637,0.035122,0.205349,0.039262,0.023785,-0.078755,0.077607
1790938319.854640,1790938319.859544,0.038289,-0.022337,0.334344,-0.034579,0.003399,-0.729741,-0.682841,2.426,-3.159,93.736,0.034474,0.197159,0.047615,-0.052264,0.117757,0.041745
1790938319.889640,1790938319.891798,0.031643,-0.021752,0.335365,-0.031471,0.002397,-0.730382,-0.682309,2.263,-2.823,93.842,0.031230,0.187272,0.067063,-0.136152,0.270086,0.072577
1790938319.924631,1790938319.926902,0.025060,-0.021133,0.337581,-0.025791,0.000769,-0.731554,-0.681295,1.951,-2.223,94.037,0.035858,0.174519,0.098595,-0.148251,0.313113,0.080436
1790938319.947631,1790938319.959178,0.021238,-0.020656,0.338594,-0.021650,-0.000831,-0.731590,-0.681400,1.761,-1.750,94.042,0.038023,0.168714,0.112506,-0.049070,0.102623,-0.125737
1790938319.982631,1790938319.993516,0.015052,-0.019755,0.340898,-0.022146,0.000057,-0.728562,-0.684622,1.734,-1.854,93.534,0.039445,0.172434,0.108108,-0.025991,-0.208906,-0.384311
1790938320.017623,1790938320.025598,0.008886,-0.018894,0.342761,-0.024406,0.003146,-0.723783,-0.689589,1.669,-2.273,92.739,0.037613,0.185111,0.088758,-0.071862,-0.285687,-0.533279
1790938320.051623,1790938320.057879,0.002035,-0.017911,0.344201,-0.027152,0.006182,-0.716831,-0.696691,1.662,-2.725,91.593,0.040562,0.201384,0.067091,0.030107,-0.183135,-0.558387
1790938320.086623,1790938320.092124,-0.005478,-0.016723,0.345350,-0.028987,0.007705,-0.709920,-0.703643,1.713,-2.981,90.464,0.039513,0.223837,0.059834,-0.068276,-0.119432,-0.564235
1790938320.121614,1790938320.125684,-0.013850,-0.015595,0.346447,-0.028875,0.009795,-0.704375,-0.709173,1.558,-3.128,89.569,0.029083,0.251382,0.052184,-0.179008,-0.075731,-0.482450
1790938320.157614,1790938320.160681,-0.023143,-0.014822,0.346714,-0.026210,0.012364,-0.699247,-0.714293,1.156,-3.114,88.749,0.012812,0.269453,0.059092,-0.227202,0.105400,-0.325069
1790938320.180614,1790938320.192053,-0.029459,-0.014577,0.346986,-0.021607,0.012579,-0.695232,-0.718350,0.777,-2.758,88.107,0.000803,0.272946,0.074042,-0.157151,0.215021,-0.332274
1790938320.215605,1790938320.225955,-0.039094,-0.014672,0.348189,-0.018450,0.010746,-0.690375,-0.723136,0.679,-2.351,87.331,-0.019730,0.270378,0.095971,-0.023562,0.176544,-0.468679
1790938320.249605,1790938320.257932,-0.048639,-0.015333,0.350326,-0.016835,0.009438,-0.685013,-0.728276,0.665,-2.110,86.481,-0.036731,0.269379,0.112993,-0.047230,0.088826,-0.518299
1790938320.284605,1790938320.291929,-0.058191,-0.016381,0.353076,-0.015871,0.010149,-0.678117,-0.734713,0.548,-2.088,85.402,-0.050518,0.267045,0.122980,-0.100800,-0.071751,-0.567213
1790938320.319596,1790938320.324676,-0.067233,-0.017621,0.356062,-0.016348,0.012135,-0.671981,-0.740288,0.453,-2.289,84.453,-0.056637,0.254052,0.122782,-0.046320,-0.164217,-0.574543
1790938320.354595,1790938320.361591,-0.076052,-0.018850,0.358584,-0.017963,0.014117,-0.664496,-0.746942,0.463,-2.577,83.304,-0.054874,0.241205,0.110365,-0.004022,-0.048358,-0.349900
1790938320.388596,1790938320.391664,-0.084488,-0.019731,0.360017,-0.017825,0.014058,-0.661555,-0.749553,0.466,-2.560,82.853,-0.042621,0.231384,0.100463,-0.015729,0.056948,-0.230793
1790938320.423588,1790938320.426763,-0.092222,-0.020063,0.361526,-0.016525,0.013154,-0.659044,-0.751808,0.431,-2.382,82.467,-0.028031,0.219127,0.101981,-0.062884,0.098596,-0.141388
1790938320.458588,1790938320.460753,-0.099678,-0.019947,0.363553,-0.014426,0.012874,-0.658163,-0.752627,0.273,-2.199,82.333,-0.016998,0.202577,0.111258,-0.090958,0.084652,0.016685
1790938320.481588,1790938320.490955,-0.104148,-0.019749,0.365185,-0.012964,0.012518,-0.658825,-0.752081,0.172,-2.058,82.434,-0.011746,0.184469,0.117025,-0.018083,0.088817,0.102852
1790938320.516578,1790938320.527999,-0.110051,-0.019362,0.368071,-0.011980,0.010923,-0.660651,-0.750518,0.204,-1.847,82.709,-0.005133,0.152410,0.125014,0.052223,0.112810,0.150911
1790938320.550578,1790938320.559244,-0.114812,-0.018941,0.371439,-0.011151,0.009310,-0.662564,-0.748865,0.250,-1.646,82.998,0.000052,0.120552,0.132494,-0.014897,0.074885,0.145491
1790938320.585578,1790938320.592766,-0.118430,-0.018468,0.373678,-0.009777,0.009243,-0.664445,-0.747216,0.133,-1.536,83.287,0.007368,0.092882,0.137330,-0.102405,0.041658,0.130893
1790938320.620569,1790938320.626099,-0.121114,-0.017878,0.376510,-0.008161,0.009900,-0.665410,-0.746368,-0.057,-1.469,83.437,0.014039,0.060521,0.140125,-0.103036,0.035817,0.028980
1790938320.655569,1790938320.657887,-0.122692,-0.017207,0.379613,-0.006951,0.010343,-0.664942,-0.746791,-0.193,-1.415,83.366,0.021504,0.030490,0.138302,-0.048708,0.013926,-0.083162
1790938320.690569,1790938320.691915,-0.123294,-0.016353,0.382741,-0.006703,0.010740,-0.663816,-0.747789,-0.243,-1.430,83.194,0.032365,0.005854,0.136189,0.003341,-0.030632,-0.065339
1790938320.724560,1790938320.727046,-0.123196,-0.015148,0.386146,-0.007035,0.011311,-0.663694,-0.747886,-0.257,-1.505,83.177,0.042898,-0.009027,0.131662,-0.046177,-0.037386,0.068990
1790938320.747561,1790938320.758857,-0.122884,-0.014275,0.388273,-0.006436,0.011979,-0.665377,-0.746383,-0.363,-1.515,83.437,0.042850,-0.018436,0.122813,-0.046048,0.045245,0.192354
1790938320.782560,1790938320.791688,-0.122067,-0.012976,0.390363,-0.004720,0.011340,-0.668225,-0.743858,-0.466,-1.328,83.874,0.044580,-0.029430,0.112325,-0.074264,0.175104,0.343382
1790938320.817553,1790938320.825587,-0.121014,-0.011413,0.392176,-0.001049,0.009829,-0.673569,-0.739058,-0.670,-0.913,84.697,0.056513,-0.033460,0.115412,-0.116034,0.215651,0.507567
1790938320.852553,1790938320.859995,-0.119885,-0.009394,0.394540,0.002396,0.008882,-0.680401,-0.732783,-0.894,-0.559,85.759,0.066362,-0.036835,0.126854,-0.079544,0.101567,0.528391
1790938320.887553,1790938320.892276,-0.118769,-0.007184,0.397331,0.003424,0.009742,-0.686443,-0.727110,-1.052,-0.542,86.709,0.070618,-0.038025,0.131513,-0.079138,-0.093086,0.443367
1790938320.922544,1790938320.924770,-0.117622,-0.004795,0.400362,0.002429,0.012108,-0.690510,-0.723218,-1.160,-0.811,87.357,0.073692,-0.040679,0.118138,-0.027489,-0.228955,0.327925
1790938320.957544,1790938320.959946,-0.116386,-0.002330,0.402849,-0.000449,0.015326,-0.693532,-0.720263,-1.181,-1.301,87.847,0.075586,-0.043465,0.090647,0.016075,-0.233266,0.144849
1790938320.980544,1790938320.991648,-0.115501,-0.000681,0.403538,-0.002960,0.016708,-0.694273,-0.719511,-1.086,-1.613,87.970,0.076292,-0.046706,0.072470,0.068940,-0.067626,-0.029157
1790938321.014534,1790938321.027148,-0.113995,0.001872,0.403375,-0.004093,0.015121,-0.693017,-0.720751,-0.863,-1.574,87.764,0.079190,-0.050526,0.052458,0.126527,0.093464,-0.154607
1790938321.049535,1790938321.060079,-0.112386,0.004572,0.403130,-0.004097,0.012839,-0.691269,-0.722472,-0.678,-1.388,87.479,0.084786,-0.048632,0.049924,0.091713,0.112547,-0.163137
1790938321.084535,1790938321.091004,-0.110935,0.007429,0.403161,-0.004205,0.010976,-0.690024,-0.723691,-0.519,-1.243,87.277,0.092563,-0.042634,0.055434,0.057695,0.025470,-0.030364
1790938321.119526,1790938321.126912,-0.109657,0.010523,0.403529,-0.005629,0.010452,-0.690465,-0.723268,-0.360,-1.312,87.346,0.097614,-0.036274,0.051744,0.052787,-0.091903,0.121881
1790938321.153526,1790938321.160023,-0.108542,0.013902,0.403808,-0.006998,0.012070,-0.692896,-0.720903,-0.380,-1.553,87.735,0.099313,-0.029338,0.034042,-0.066114,-0.140705,0.258139
1790938321.188526,1790938321.191022,-0.107626,0.017188,0.402844,-0.007642,0.014689,-0.695724,-0.718118,-0.543,-1.818,88.194,0.101167,-0.028953,0.001594,-0.098821,-0.178771,0.281806
1790938321.223518,1790938321.227012,-0.106594,0.020674,0.399799,-0.008605,0.017732,-0.699137,-0.714716,-0.716,-2.142,88.751,0.101588,-0.034231,-0.040477,-0.066592,-0.133445,0.273090
1790938321.247519,1790938321.259032,-0.105803,0.023027,0.397188,-0.008236,0.019607,-0.702133,-0.711729,-0.907,-2.262,89.240,0.103737,-0.039263,-0.066215,-0.078255,0.020007,0.192453
1790938321.281518,1790938321.293323,-0.104327,0.026823,0.392291,-0.006881,0.018810,-0.703557,-0.710357,-0.957,-2.086,89.466,0.111330,-0.048607,-0.109576,0.017932,0.145069,0.029642
1790938321.316509,1790938321.324890,-0.102509,0.030934,0.386115,-0.005202,0.016998,-0.703405,-0.710567,-0.947,-1.804,89.434,0.118387,-0.055259,-0.154294,-0.010499,0.176486,-0.041118
1790938321.351510,1790938321.358838,-0.100542,0.035152,0.378561,-0.003521,0.015154,-0.703307,-0.710716,-0.935,-1.518,89.412,0.123903,-0.056617,-0.210942,0.019524,0.101548,0.046886
1790938321.385509,1790938321.391280,-0.098422,0.039669,0.368918,-0.002436,0.014270,-0.704314,-0.709741,-0.954,-1.357,89.572,0.127673,-0.059760,-0.273159,-0.017615,0.051418,0.099584
1790938321.420500,1790938321.425886,-0.096106,0.044382,0.355610,-0.001346,0.014618,-0.705360,-0.708698,-1.073,-1.296,89.742,0.129046,-0.063243,-0.345288,-0.113857,0.019781,0.067922
1790938321.455500,1790938321.460633,-0.093631,0.049107,0.339888,0.000468,0.015873,-0.705850,-0.708183,-1.322,-1.250,89.825,0.127024,-0.065539,-0.427298,-0.201560,0.041485,0.030357
1790938321.490500,1790938321.491672,-0.090797,0.053855,0.321594,0.003017,0.017233,-0.705698,-0.708297,-1.639,-1.155,89.806,0.126259,-0.076831,-0.511449,-0.076962,0.041672,-0.075237
1790938321.525491,1790938321.526867,-0.087504,0.058345,0.301068,0.003919,0.017498,-0.704404,-0.709573,-1.732,-1.107,89.598,0.116856,-0.083075,-0.600007,-0.024040,0.032115,-0.105758
1790938321.548491,1790938321.559919,-0.085066,0.061274,0.284913,0.004830,0.016420,-0.703377,-0.710611,-1.717,-0.948,89.428,0.107433,-0.082545,-0.665105,0.044355,0.155913,-0.070532
1790938321.582491,1790938321.591967,-0.081504,0.065117,0.259949,0.006964,0.014330,-0.702339,-0.711665,-1.722,-0.608,89.253,0.106678,-0.086259,-0.719801,-0.035294,0.226357,-0.131116
1790938321.617483,1790938321.626695,-0.077726,0.068908,0.232729,0.009163,0.012013,-0.700119,-0.713866,-1.714,-0.248,88.890,0.106043,-0.088695,-0.760414,0.049085,0.133594,-0.219148
1790938321.652483,1790938321.657789,-0.073749,0.072370,0.202170,0.009933,0.010367,-0.697352,-0.716585,-1.644,-0.058,88.442,0.090088,-0.083562,-0.811474,0.027769,0.078061,-0.197205
1790938321.687483,1790938321.690879,-0.070206,0.075315,0.171897,0.010483,0.009884,-0.695954,-0.717942,-1.651,0.023,88.218,0.090829,-0.073198,-0.848811,-0.030353,0.019679,-0.066798
1790938321.722474,1790938321.726752,-0.066825,0.078296,0.139826,0.010949,0.010546,-0.695733,-0.718139,-1.742,0.005,88.184,0.084997,-0.063937,-0.884731,-0.077887,0.002980,0.023590
1790938321.757474,1790938321.760509,-0.063828,0.080979,0.107548,0.012753,0.010745,-0.696688,-0.717181,-1.906,0.135,88.337,0.082651,-0.051607,-0.925139,-0.067531,0.124195,0.136161
1790938321.780474,1790938321.792069,-0.061876,0.082848,0.084180,0.015163,0.009903,-0.698452,-0.715427,-2.036,0.402,88.617,0.085971,-0.044164,-0.944224,-0.094669,0.173373,0.183988
1790938321.815466,1790938321.825849,-0.059237,0.085328,0.050169,0.018689,0.008497,-0.700514,-0.713343,-2.211,0.806,88.945,0.080335,-0.039216,-0.965696,-0.064057,0.156973,0.093494
1790938321.849466,1790938321.857922,-0.056485,0.087147,0.014135,0.020836,0.007477,-0.700617,-0.713194,-2.304,1.062,88.959,0.059846,-0.041423,-0.981451,-0.024105,0.174925,-0.054406
1790938321.884466,1790938321.891120,-0.053599,0.088446,-0.021930,0.023109,0.005134,-0.700039,-0.713712,-2.303,1.434,88.863,0.065038,-0.042896,-0.976027,0.004670,0.208413,0.015608
1790938321.918457,1790938321.926976,-0.050770,0.089843,-0.057130,0.026030,0.002859,-0.700845,-0.712833,-2.358,1.857,88.990,0.072392,-0.039339,-0.947251,-0.072583,0.183687,0.107022
1790938321.953457,1790938321.958883,-0.048081,0.091161,-0.090101,0.028177,0.002479,-0.701802,-0.711810,-2.500,2.064,89.144,0.071296,-0.039344,-0.915167,-0.038519,0.004246,0.054868
1790938321.988457,1790938321.992796,-0.045219,0.092437,-0.122727,0.026748,0.003147,-0.702471,-0.711203,-2.435,1.897,89.252,0.066527,-0.044331,-0.885739,0.090579,-0.128038,0.056911
1790938322.023448,1790938322.027615,-0.042469,0.093646,-0.153441,0.024625,0.003198,-0.702952,-0.710804,-2.265,1.723,89.329,0.061798,-0.042383,-0.858001,0.121910,-0.069562,0.020386
1790938322.058448,1790938322.060575,-0.039863,0.094955,-0.184633,0.023075,0.001634,-0.702724,-0.711087,-2.013,1.725,89.292,0.059084,-0.036515,-0.813605,0.128845,0.060303,-0.043071
1790938322.081448,1790938322.091788,-0.038507,0.095816,-0.203568,0.022298,-0.001678,-0.702494,-0.711338,-1.684,1.932,89.255,0.062145,-0.028220,-0.776224,0.188506,0.125067,0.025698
1790938322.116439,1790938322.123857,-0.037171,0.097268,-0.229721,0.021473,-0.004986,-0.703197,-0.710653,-1.348,2.137,89.371,0.071066,-0.008085,-0.707042,0.179683,0.137773,0.148634
1790938322.150439,1790938322.161639,-0.036709,0.099074,-0.253568,0.021832,-0.008244,-0.705360,-0.708465,-1.107,2.435,89.725,0.080281,0.009486,-0.605905,0.051056,0.111735,0.182084
1790938322.185439,1790938322.192622,-0.036897,0.101093,-0.273809,0.021767,-0.009337,-0.707451,-0.706366,-1.006,2.521,90.066,0.078250,0.023524,-0.512050,0.040391,-0.013907,0.189424
1790938322.220430,1790938322.224986,-0.173766,-0.078660,-0.290802,0.021378,-0.009214,-0.710337,-0.703477,-0.974,2.484,90.535,0.082413,0.026831,-0.417144,-0.028117,-0.027720,0.167883
1790938322.255430,1790938322.259156,-0.174466,-0.076322,-0.303473,0.021661,-0.008209,-0.711883,-0.701916,-1.074,2.428,90.785,0.085915,0.018562,-0.330878,-0.094073,-0.028759,0.066812
1790938322.289430,1790938322.291720,-0.174824,-0.073770,-0.313853,0.022033,-0.006968,-0.712214,-0.701582,-1.204,2.359,90.837,0.085622,0.004553,-0.263970,-0.005461,-0.037984,-0.022343
1790938322.324422,1790938322.327159,-0.174615,-0.071185,-0.321948,0.020781,-0.007449,-0.710894,-0.702953,-1.068,2.294,90.622,0.084393,-0.014013,-0.211050,0.130069,-0.025002,-0.202640
1790938322.347422,1790938322.359042,-0.174199,-0.069281,-0.326438,0.019294,-0.008329,-0.708136,-0.705764,-0.885,2.240,90.175,0.090207,-0.017707,-0.162917,0.048285,-0.021544,-0.182748
1790938322.382422,1790938322.392727,-0.173691,-0.066024,-0.331025,0.018752,-0.008645,-0.707148,-0.706764,-0.819,2.220,90.015,0.104266,-0.011289,-0.101549,0.009930,0.008810,-0.028858
1790938322.417412,1790938322.426282,-0.173383,-0.062377,-0.333702,0.019221,-0.008814,-0.706492,-0.707405,-0.845,2.271,89.909,0.108159,-0.009257,-0.054910,0.010506,0.024929,-0.102441
1790938322.452412,1790938322.460076,-0.173136,-0.058855,-0.334403,0.018410,-0.010258,-0.704482,-0.709409,-0.669,2.321,89.587,0.101932,-0.005124,-0.031298,0.166743,0.042434,-0.211413
1790938322.487412,1790938322.492990,-0.173156,-0.055378,-0.334235,0.016570,-0.013122,-0.701127,-0.712723,-0.299,2.404,89.054,0.099242,0.003844,-0.017772,0.263524,0.044866,-0.323748
1790938322.521404,1790938322.527067,-0.173392,-0.051944,-0.333622,0.014764,-0.016467,-0.696822,-0.716903,0.102,2.533,88.375,0.098061,0.011493,0.004685,0.152839,0.067458,-0.325483
1790938322.556404,1790938322.559959,-0.173799,-0.048630,-0.332335,0.013960,-0.017834,-0.693703,-0.719905,0.266,2.582,87.882,0.093710,0.015467,0.025145,0.069042,-0.017781,-0.250090
1790938322.591404,1790938322.593721,-0.174308,-0.045404,-0.330390,0.013342,-0.016452,-0.691981,-0.721605,0.202,2.419,87.603,0.086277,0.017735,0.045079,-0.101893,-0.130684,-0.032321
1790938322.614395,1790938322.626798,-0.174650,-0.043443,-0.328893,0.012553,-0.013864,-0.692549,-0.721128,0.063,2.142,87.685,0.079200,0.016041,0.045825,-0.016252,-0.106478,0.123963
1790938322.649395,1790938322.659883,-0.175193,-0.040743,-0.326258,0.012536,-0.013019,-0.694667,-0.719105,0.003,2.071,88.019,0.073478,0.020529,0.049266,-0.113409,0.024084,0.299331
1790938322.684395,1790938322.690897,-0.175996,-0.038070,-0.322734,0.015384,-0.012221,-0.699631,-0.714234,-0.280,2.234,88.811,0.071541,0.025038,0.055126,-0.144575,0.130318,0.474161
1790938322.719383,1790938322.724843,-0.176699,-0.035647,-0.319161,0.018539,-0.012746,-0.705232,-0.708620,-0.476,2.534,89.715,0.066126,0.013873,0.068391,-0.062168,0.156361,0.409900
1790938322.753383,1790938322.758929,-0.188328,-0.057655,-0.315176,0.019431,-0.014112,-0.708269,-0.705534,-0.426,2.719,90.212,0.067475,-0.010455,0.085164,0.141161,0.035098,0.140290
1790938322.788383,1790938322.792715,-0.187688,-0.055267,-0.310686,0.016719,-0.016380,-0.708021,-0.705804,-0.023,2.682,90.179,0.074307,-0.026394,0.105935,0.236881,-0.052860,-0.146878
1790938322.823374,1790938322.825795,-0.186818,-0.052734,-0.305920,0.012977,-0.018301,-0.705748,-0.708108,0.428,2.535,89.818,0.068577,-0.023842,0.101207,0.243940,-0.079476,-0.201529
1790938322.846374,1790938322.857932,-0.186323,-0.051354,-0.303082,0.010777,-0.021192,-0.703557,-0.710241,0.832,2.595,89.477,0.066666,-0.020800,0.100259,0.146163,0.190850,-0.099969
1790938322.881374,1790938322.893075,-0.185526,-0.049184,-0.297697,0.013448,-0.026019,-0.702878,-0.710707,1.002,3.204,89.393,0.067338,-0.022433,0.086245,0.083492,0.556409,-0.071814
1790938322.916366,1790938322.925402,-0.184574,-0.047180,-0.293272,0.019251,-0.035481,-0.700920,-0.712097,1.283,4.446,89.143,0.068360,-0.028736,0.075586,0.421662,0.467464,-0.263250
1790938322.950366,1790938322.958584,-0.184302,-0.045138,-0.287281,0.017104,-0.035348,-0.702346,-0.710752,1.456,4.259,89.373,0.071229,0.009611,0.134886,0.003797,0.023399,0.206910
1790938322.985366,1790938322.991064,-0.184398,-0.043271,-0.281244,0.016619,-0.035735,-0.703246,-0.709854,1.532,4.250,89.521,0.053129,-0.001385,0.137431,-0.004726,-0.070307,0.060321
1790938323.020357,1790938323.026163,-0.184238,-0.041907,-0.275329,0.016025,-0.035766,-0.703888,-0.709229,1.587,4.203,89.625,0.050963,-0.010328,0.141038,0.017723,-0.022730,0.025511
1790938323.054358,1790938323.060267,-0.183950,-0.040616,-0.269369,0.015438,-0.035886,-0.704526,-0.708602,1.648,4.164,89.729,0.051156,-0.011708,0.139688,0.042532,-0.020111,0.060053
1790938323.090358,1790938323.092844,-0.183750,-0.039602,-0.262426,0.014597,-0.036025,-0.704970,-0.708171,1.730,4.106,89.802,0.039953,-0.007642,0.143058,0.008136,-0.020365,-0.000884
1790938323.125349,1790938323.127270,-0.183761,-0.038989,-0.255737,0.014294,-0.035820,-0.704769,-0.708388,1.737,4.065,89.768,0.040069,-0.001612,0.141964,0.020978,-0.024903,-0.059678
1790938323.148349,1790938323.158916,-0.183974,-0.038653,-0.251372,0.013794,-0.035695,-0.704372,-0.708799,1.765,4.016,89.703,0.037904,0.002556,0.141871,0.010807,-0.020934,-0.052161
1790938323.182349,1790938323.190879,-0.184572,-0.038153,-0.244759,0.013353,-0.035792,-0.703677,-0.709492,1.805,3.990,89.591,0.037611,0.008189,0.144324,-0.011191,-0.045908,-0.082004
1790938323.217340,1790938323.225838,-0.185630,-0.042643,-0.238503,0.013716,-0.032905,-0.704341,-0.708967,1.545,3.783,89.676,0.028198,0.020591,0.150930,-0.371019,-0.259222,-0.129234
1790938323.252340,1790938323.257932,-0.187043,-0.042920,-0.231832,0.015755,-0.022149,-0.703630,-0.710047,0.505,3.074,89.493,0.011771,0.041146,0.167691,-0.970122,-0.625786,-0.048895
1790938323.287340,1790938323.293079,-0.189817,-0.044016,-0.223752,0.020563,-0.001089,-0.700779,-0.713082,-1.594,1.741,88.979,-0.001579,0.040720,0.154863,0.044430,-0.000215,-0.458412
1790938323.321332,1790938323.323871,-0.189917,-0.044417,-0.217849,0.016383,-0.007329,-0.698996,-0.714901,-0.756,1.913,88.698,0.025356,-0.028915,0.112478,0.601969,0.053078,0.023151
1790938323.356332,1790938323.359180,-0.189312,-0.045088,-0.214057,0.002711,-0.018483,-0.697622,-0.716222,1.256,1.734,88.512,0.022984,-0.059867,0.001343,2.278305,-0.020738,-0.183683
1790938323.380332,1790938323.392033,-0.188991,-0.045409,-0.209134,0.000492,-0.020187,-0.701012,-0.712864,1.582,1.689,89.063,0.033752,-0.011137,0.176298,0.196677,0.058496,0.098499
1790938323.414323,1790938323.426023,-0.189355,-0.045430,-0.202974,0.000309,-0.021617,-0.700254,-0.713567,1.710,1.793,88.948,0.025107,0.027554,0.164959,-0.005728,0.003235,-0.047545
1790938323.449323,1790938323.458286,-0.190154,-0.045564,-0.196621,0.000173,-0.022086,-0.699807,-0.713991,1.758,1.821,88.878,0.028495,0.005344,0.149664,0.064943,0.002917,0.021153
1790938323.484323,1790938323.490840,-0.190654,-0.045590,-0.189795,0.000087,-0.022206,-0.699827,-0.713967,1.775,1.824,88.882,0.025765,0.013208,0.153001,-0.006666,0.002727,-0.008777
1790938323.519314,1790938323.525671,-0.191148,-0.045635,-0.182880,0.000055,-0.022216,-0.699775,-0.714018,1.778,1.822,88.874,0.025928,0.009661,0.152989,0.003754,-0.001328,0.004472
1790938323.553314,1790938323.559898,-0.191649,-0.045615,-0.175965,0.000079,-0.022198,-0.699659,-0.714132,1.774,1.823,88.855,0.024988,0.009000,0.154709,0.004059,-0.001308,0.005997
1790938323.588314,1790938323.591940,-0.192133,-0.045547,-0.169212,0.000081,-0.022182,-0.699573,-0.714217,1.773,1.822,88.841,0.023761,0.010177,0.155257,-0.001391,0.000417,0.000183
1790938323.623302,1790938323.625967,-0.192653,-0.045452,-0.162637,0.000061,-0.022173,-0.699501,-0.714288,1.773,1.820,88.830,0.022835,0.011137,0.155652,-0.003466,-0.000517,-0.002955
1790938323.646302,1790938323.658871,-0.193026,-0.045367,-0.158327,0.000058,-0.022165,-0.699423,-0.714364,1.773,1.819,88.817,0.022525,0.010979,0.156423,-0.001629,0.001328,-0.000815
1790938323.681302,1790938323.692040,-0.193647,-0.045206,-0.151876,0.000073,-0.022163,-0.699338,-0.714447,1.771,1.821,88.804,0.021710,0.011816,0.157477,0.000082,0.000607,0.000990
1790938323.715293,1790938323.725353,-0.194293,-0.045028,-0.144990,0.000081,-0.022166,-0.699266,-0.714517,1.771,1.822,88.792,0.021031,0.012726,0.158065,0.000016,0.000902,0.000528
1790938323.751293,1790938323.759973,-0.194956,-0.044803,-0.138212,0.000082,-0.022147,-0.699193,-0.714590,1.769,1.820,88.780,0.020383,0.013665,0.159370,-0.000048,-0.000786,-0.000154
1790938323.785293,1790938323.792057,-0.195650,-0.044491,-0.131241,0.000076,-0.022140,-0.699139,-0.714643,1.769,1.819,88.771,0.020110,0.014213,0.160352,0.000297,-0.002186,0.000279
1790938323.820284,1790938323.826160,-0.196324,-0.044177,-0.124722,0.000054,-0.022118,-0.699075,-0.714706,1.769,1.816,88.761,0.019683,0.014853,0.160510,-0.001229,-0.001857,0.001043
1790938323.855284,1790938323.857829,-0.197013,-0.043820,-0.118133,0.000037,-0.022112,-0.699036,-0.714745,1.769,1.814,88.755,0.019199,0.015270,0.160943,0.000335,-0.000691,-0.000335
1790938323.890285,1790938323.891763,-0.197674,-0.043441,-0.111813,0.000027,-0.022109,-0.698990,-0.714789,1.770,1.813,88.748,0.019310,0.015512,0.161685,0.000200,-0.000338,-0.000238
1790938323.913275,1790938323.925135,-0.198120,-0.043138,-0.107050,0.000016,-0.022111,-0.698951,-0.714828,1.771,1.813,88.741,0.019009,0.015624,0.161888,0.001092,-0.000542,0.000664
1790938323.947275,1790938323.958874,-0.198756,-0.042667,-0.100206,0.000003,-0.022113,-0.698915,-0.714863,1.772,1.812,88.735,0.018979,0.015974,0.161988,0.000046,0.000342,-0.000173
1790938323.982275,1790938323.993040,-0.199373,-0.042162,-0.093503,0.000021,-0.022124,-0.698887,-0.714890,1.771,1.814,88.731,0.018571,0.016360,0.162447,0.000216,0.003494,0.000767
1790938324.017267,1790938324.027103,-0.199971,-0.041651,-0.087026,0.000061,-0.022136,-0.698866,-0.714910,1.769,1.819,88.728,0.017991,0.016669,0.162784,-0.002601,0.002215,-0.001150
1790938324.052267,1790938324.058913,-0.200543,-0.041112,-0.080664,0.000145,-0.022157,-0.698842,-0.714933,1.764,1.827,88.724,0.018078,0.017013,0.163508,-0.001318,0.005761,0.000106
1790938324.086267,1790938324.093326,-0.201110,-0.040486,-0.074032,0.000224,-0.022211,-0.698825,-0.714948,1.761,1.838,88.722,0.017916,0.017190,0.164640,0.000251,0.002641,-0.001380
1790938324.122258,1790938324.124380,-0.201621,-0.039884,-0.067538,0.000231,-0.022230,-0.698819,-0.714953,1.762,1.840,88.721,0.017283,0.017590,0.165612,0.000324,-0.000089,0.000717
1790938324.156258,1790938324.159918,-0.202117,-0.039237,-0.060789,0.000239,-0.022231,-0.698817,-0.714955,1.762,1.841,88.720,0.017229,0.017219,0.165795,-0.000705,0.002462,-0.000410
1790938324.180258,1790938324.190986,-0.202413,-0.038803,-0.056418,0.000245,-0.022230,-0.698808,-0.714964,1.761,1.841,88.719,0.016789,0.017214,0.166129,-0.000264,0.000763,0.000422
1790938324.214249,1790938324.225999,-0.202830,-0.038117,-0.049842,0.000244,-0.022236,-0.698806,-0.714966,1.762,1.842,88.719,0.016780,0.017099,0.166534,-0.001312,0.000722,-0.001352
1790938324.249249,1790938324.259929,-0.203210,-0.037415,-0.043342,0.000242,-0.022236,-0.698808,-0.714964,1.762,1.841,88.719,0.016588,0.017113,0.166868,0.000428,0.000089,0.000929
1790938324.284249,1790938324.292908,-0.203559,-0.036707,-0.037075,0.000253,-0.022240,-0.698814,-0.714958,1.761,1.843,88.720,0.016620,0.017727,0.167745,-0.001506,0.000689,-0.000485
1790938324.318240,1790938324.326819,-0.203891,-0.035939,-0.030589,0.000253,-0.022240,-0.698812,-0.714959,1.761,1.843,88.720,0.017351,0.017456,0.168360,0.000824,0.000963,-0.000459
1790938324.353240,1790938324.359186,-0.204177,-0.035160,-0.024179,0.000239,-0.022238,-0.698813,-0.714959,1.762,1.841,88.720,0.017332,0.017326,0.168766,0.002342,-0.000000,0.000218
1790938324.388240,1790938324.391100,-0.204445,-0.034312,-0.017476,0.000231,-0.022238,-0.698819,-0.714953,1.763,1.841,88.721,0.017580,0.016903,0.169469,-0.000282,-0.001122,0.001092
1790938324.422231,1790938324.424633,-0.204644,-0.033476,-0.011179,0.000233,-0.022236,-0.698825,-0.714947,1.763,1.841,88.722,0.018174,0.016423,0.169751,-0.002305,-0.000821,0.000430
1790938324.446232,1790938324.458013,-0.204761,-0.032897,-0.006948,0.000222,-0.022236,-0.698835,-0.714937,1.764,1.840,88.723,0.018327,0.016471,0.169910,-0.000686,-0.001659,0.001304
1790938324.481231,1790938324.491823,-0.204917,-0.031984,-0.000573,0.000223,-0.022231,-0.698840,-0.714932,1.763,1.839,88.724,0.018744,0.016536,0.169899,0.000461,0.000178,-0.000556
1790938324.516223,1790938324.524042,-0.205056,-0.031057,0.005755,0.000223,-0.022233,-0.698847,-0.714925,1.763,1.840,88.725,0.018613,0.016603,0.170243,0.000486,-0.000366,0.000236
1790938324.550223,1790938324.558823,-0.205165,-0.030119,0.012171,0.000235,-0.022232,-0.698851,-0.714921,1.762,1.840,88.726,0.018623,0.016421,0.170989,-0.001714,-0.000798,-0.000200
1790938324.585223,1790938324.590793,-0.205257,-0.029201,0.018357,0.000226,-0.022238,-0.698862,-0.714911,1.764,1.840,88.728,0.018382,0.016819,0.171598,0.000901,0.000622,0.000297
1790938324.620212,1790938324.626073,-0.205347,-0.028243,0.024736,0.000223,-0.022240,-0.698860,-0.714913,1.764,1.840,88.727,0.018583,0.016382,0.172256,0.000819,0.000784,0.000069
1790938324.655212,1790938324.657647,-0.205405,-0.027306,0.030900,0.000211,-0.022242,-0.698859,-0.714914,1.765,1.839,88.727,0.018562,0.016096,0.172580,-0.001347,-0.000244,0.000212
1790938324.689212,1790938324.690764,-0.205458,-0.026306,0.037393,0.000205,-0.022238,-0.698863,-0.714909,1.765,1.838,88.728,0.018914,0.015617,0.173710,-0.000790,-0.000428,0.000678
1790938324.724204,1790938324.726862,-0.205465,-0.025348,0.043537,0.000200,-0.022238,-0.698861,-0.714911,1.766,1.838,88.727,0.018874,0.015245,0.174555,-0.001836,-0.000531,-0.000000
1790938324.748204,1790938324.758765,-0.205478,-0.024681,0.047842,0.000195,-0.022237,-0.698865,-0.714907,1.766,1.838,88.728,0.018408,0.015304,0.174664,-0.000073,-0.000638,0.000456
1790938324.782204,1790938324.790794,-0.205469,-0.023741,0.053941,0.000184,-0.022252,-0.698865,-0.714907,1.768,1.838,88.728,0.018485,0.015594,0.174848,0.000401,-0.000799,-0.000667
1790938324.817195,1790938324.826829,-0.205465,-0.022777,0.060209,0.000187,-0.022255,-0.698873,-0.714900,1.768,1.839,88.729,0.018332,0.015174,0.175631,-0.001087,0.001517,-0.000319
1790938324.852195,1790938324.857891,-0.205446,-0.021822,0.066487,0.000180,-0.022262,-0.698867,-0.714905,1.769,1.839,88.729,0.018416,0.015116,0.176330,0.000488,0.001735,-0.000896
1790938324.887195,1790938324.892687,-0.205431,-0.020881,0.072762,0.000178,-0.022262,-0.698876,-0.714896,1.769,1.838,88.730,0.018002,0.015323,0.176839,0.000321,-0.000512,0.000157
1790938324.921186,1790938324.924947,-0.205390,-0.019973,0.078879,0.000177,-0.022260,-0.698878,-0.714894,1.769,1.838,88.730,0.018233,0.014699,0.177911,-0.001639,-0.001154,-0.001169
1790938324.956186,1790938324.958793,-0.205336,-0.019053,0.085058,0.000159,-0.022259,-0.698873,-0.714899,1.771,1.837,88.729,0.017805,0.014163,0.178560,-0.000298,-0.000204,-0.001371
1790938324.980186,1790938324.990815,-0.205286,-0.018462,0.089114,0.000152,-0.022264,-0.698877,-0.714895,1.772,1.836,88.730,0.017619,0.013964,0.179189,-0.000327,-0.001215,0.000299
1790938325.014177,1790938325.025820,-0.205197,-0.017592,0.095145,0.000148,-0.022260,-0.698871,-0.714901,1.772,1.836,88.729,0.017897,0.013530,0.179458,-0.000489,-0.000640,-0.000354
1790938325.049177,1790938325.057981,-0.205107,-0.016682,0.101504,0.000146,-0.022268,-0.698870,-0.714902,1.773,1.836,88.729,0.017991,0.013392,0.179336,0.000220,-0.001363,0.000176
1790938325.084177,1790938325.091947,-0.204999,-0.015824,0.107557,0.000132,-0.022276,-0.698865,-0.714906,1.774,1.836,88.728,0.018112,0.013219,0.179383,0.001627,0.000863,-0.000468
1790938325.119168,1790938325.125130,-0.204888,-0.014965,0.113764,0.000131,-0.022267,-0.698869,-0.714903,1.774,1.835,88.729,0.017820,0.013092,0.180558,-0.000976,0.000001,0.000517
1790938325.153168,1790938325.157994,-0.204763,-0.014118,0.119960,0.000126,-0.022272,-0.698868,-0.714904,1.774,1.835,88.729,0.017831,0.012498,0.181374,-0.001475,0.001043,-0.000514
1790938325.188168,1790938325.190828,-0.204627,-0.013294,0.125976,0.000132,-0.022262,-0.698868,-0.714905,1.773,1.835,88.729,0.017703,0.011902,0.181996,-0.001390,0.000928,-0.000759
1790938325.223160,1790938325.225682,-0.204463,-0.012521,0.131867,0.000117,-0.022254,-0.698876,-0.714896,1.774,1.833,88.730,0.017105,0.011737,0.182531,0.000730,0.000546,0.001433
1790938325.246160,1790938325.258691,-0.204361,-0.012014,0.135883,0.000109,-0.022248,-0.698880,-0.714893,1.774,1.832,88.731,0.016756,0.011601,0.183010,0.001871,-0.003295,-0.000395
1790938325.281160,1790938325.291716,-0.204185,-0.011277,0.142060,0.000103,-0.022238,-0.698876,-0.714897,1.774,1.830,88.730,0.016363,0.011116,0.183985,0.001858,-0.000191,-0.001553
1790938325.316151,1790938325.326607,-0.204004,-0.010587,0.148109,0.000098,-0.022244,-0.698881,-0.714892,1.775,1.830,88.731,0.015983,0.010840,0.184764,0.000116,-0.000275,-0.000691
1790938325.350151,1790938325.357579,-0.203822,-0.009884,0.154541,0.000088,-0.022245,-0.698876,-0.714897,1.775,1.830,88.730,0.015649,0.010560,0.185284,0.000559,-0.001143,0.000584
1790938325.385151,1790938325.391625,-0.203626,-0.009244,0.160256,0.000087,-0.022239,-0.698881,-0.714893,1.775,1.829,88.731,0.014857,0.010227,0.185840,0.000834,-0.001344,0.000161
1790938325.420143,1790938325.425698,-0.203422,-0.008629,0.166221,0.000073,-0.022232,-0.698875,-0.714899,1.776,1.827,88.730,0.014576,0.010055,0.186237,-0.001034,-0.001226,-0.001249
1790938325.454143,1790938325.459852,-0.203220,-0.008044,0.172269,0.000076,-0.022218,-0.698877,-0.714896,1.774,1.827,88.730,0.013758,0.009917,0.186513,0.000898,-0.001085,-0.001107
1790938325.490143,1790938325.492639,-0.203007,-0.007515,0.178197,0.000060,-0.022214,-0.698872,-0.714901,1.775,1.825,88.729,0.013553,0.009551,0.187108,0.000275,-0.000702,-0.000521
1790938325.513134,1790938325.524256,-0.202858,-0.007148,0.182424,0.000044,-0.022207,-0.698868,-0.714906,1.776,1.823,88.728,0.013621,0.009018,0.186717,0.000366,0.000352,0.000216
1790938325.548134,1790938325.558055,-0.202629,-0.006645,0.188445,0.000051,-0.022200,-0.698870,-0.714904,1.775,1.823,88.729,0.013634,0.008960,0.187440,-0.000553,-0.000337,0.000022
1790938325.582134,1790938325.591817,-0.202391,-0.006156,0.194302,0.000043,-0.022205,-0.698872,-0.714902,1.776,1.823,88.729,0.013574,0.008432,0.187419,0.000068,-0.000785,-0.000688
1790938325.617126,1790938325.626082,-0.202157,-0.005690,0.200034,0.000033,-0.022194,-0.698872,-0.714902,1.776,1.821,88.729,0.012838,0.008287,0.187354,-0.000808,0.000209,-0.000345
1790938325.652126,1790938325.657883,-0.201923,-0.005277,0.205724,0.000024,-0.022188,-0.698875,-0.714900,1.776,1.820,88.729,0.012099,0.008032,0.187418,0.000079,0.000076,-0.000454
1790938325.686126,1790938325.692951,-0.201699,-0.004891,0.211649,0.000013,-0.022187,-0.698874,-0.714901,1.777,1.819,88.729,0.011478,0.008107,0.187883,0.000506,-0.000046,-0.000660
1790938325.721117,1790938325.724910,-0.201483,-0.004554,0.217518,0.000006,-0.022189,-0.698873,-0.714902,1.778,1.818,88.729,0.010866,0.007327,0.188098,0.000602,0.000245,0.000521
1790938325.756117,1790938325.758772,-0.201250,-0.004219,0.223812,0.000003,-0.022188,-0.698874,-0.714901,1.778,1.818,88.729,0.010674,0.006733,0.188626,-0.001482,0.000060,0.000832
1790938325.790117,1790938325.791929,-0.201022,-0.003936,0.229326,-0.000006,-0.022179,-0.698876,-0.714899,1.778,1.817,88.729,0.010223,0.006686,0.189287,-0.001064,-0.001550,-0.000586
1790938325.814109,1790938325.825802,-0.200867,-0.003775,0.232977,-0.000019,-0.022182,-0.698872,-0.714903,1.779,1.816,88.729,0.009734,0.006595,0.189697,0.001111,-0.001394,-0.000162
1790938325.849109,1790938325.857825,-0.200654,-0.003547,0.238673,-0.000034,-0.022178,-0.698871,-0.714904,1.780,1.814,88.729,0.008971,0.006660,0.190181,0.000745,-0.000806,-0.000044
1790938325.884109,1790938325.892779,-0.200453,-0.003379,0.244325,-0.000044,-0.022174,-0.698873,-0.714902,1.781,1.813,88.729,0.008233,0.006647,0.191291,0.001398,-0.000882,-0.000161
1790938325.918099,1790938325.926729,-0.200262,-0.003267,0.173352,-0.000048,-0.022177,-0.698870,-0.714905,1.781,1.813,88.729,0.007953,0.006141,0.181773,-0.001054,0.000138,-0.000166
1790938325.953099,1790938325.959796,-0.200078,-0.003205,0.111466,-0.000054,-0.022168,-0.698870,-0.714905,1.781,1.812,88.729,0.007615,0.005638,0.174026,-0.000037,-0.001046,0.000154
1790938325.988099,1790938325.991735,-0.199895,-0.003171,0.057217,-0.000063,-0.022163,-0.698872,-0.714904,1.781,1.811,88.729,0.007154,0.004978,0.167322,0.000995,-0.000186,-0.001533
1790938326.023091,1790938326.026707,-0.199719,-0.003174,0.010461,-0.000068,-0.022146,-0.698867,-0.714909,1.780,1.809,88.728,0.006731,0.004944,0.161399,0.001008,0.000381,-0.000068
1790938326.057091,1790938326.059797,-0.199550,-0.003192,-0.030125,-0.000079,-0.022145,-0.698867,-0.714909,1.781,1.808,88.728,0.006329,0.004414,0.155447,0.000200,-0.000615,0.000189
1790938326.080091,1790938326.091718,-0.199438,-0.003252,-0.054690,-0.000100,-0.022135,-0.698873,-0.714904,1.782,1.806,88.729,0.005555,0.004296,0.152577,0.001935,-0.001114,0.001355
1790938326.115082,1790938326.126855,-0.199280,-0.003390,-0.110377,-0.000114,-0.022134,-0.698868,-0.714908,1.783,1.804,88.728,0.004957,0.003897,0.145791,-0.001140,0.000992,0.000717
1790938326.150082,1790938326.159433,-0.199130,-0.003566,-0.171222,-0.000132,-0.022142,-0.698872,-0.714904,1.785,1.804,88.729,0.004749,0.003732,0.137951,0.002058,-0.000666,0.000434
1790938326.184082,1790938326.191783,-0.198991,-0.003763,-0.223936,-0.000141,-0.022129,-0.698869,-0.714907,1.785,1.802,88.728,0.004101,0.003359,0.131153,-0.000392,-0.001286,-0.000401
1790938326.220072,1790938326.224662,-0.198854,-0.004001,-0.269308,-0.000156,-0.022125,-0.698869,-0.714908,1.786,1.800,88.728,0.003677,0.002868,0.125196,0.001564,0.000257,0.000138
1790938326.255072,1790938326.259642,-0.198731,-0.004263,-0.308657,-0.000170,-0.022129,-0.698867,-0.714909,1.787,1.800,88.728,0.003119,0.002823,0.119804,0.000987,0.000895,-0.000887
1790938326.289072,1790938326.291566,-0.198615,-0.004551,-0.343117,-0.000174,-0.022119,-0.698869,-0.714908,1.787,1.798,88.728,0.002151,0.002742,0.115636,0.000720,-0.001030,-0.000144
1790938326.324064,1790938326.326650,-0.198514,-0.004899,-0.387451,-0.000181,-0.022117,-0.698873,-0.714904,1.787,1.798,88.729,0.001443,0.002538,0.109518,-0.000181,0.000080,-0.000995
1790938326.347064,1790938326.357679,-0.198455,-0.005147,-0.418006,-0.000196,-0.022110,-0.698875,-0.714902,1.788,1.796,88.729,0.001169,0.002128,0.105533,0.000757,-0.000118,0.000479
1790938326.382064,1790938326.391638,-0.198351,-0.005555,-0.459538,-0.000194,-0.022096,-0.698879,-0.714899,1.787,1.795,88.730,0.000393,0.001617,0.100738,0.000208,-0.000459,-0.000559
1790938326.416055,1790938326.424660,-0.198264,-0.005988,-0.494709,-0.000200,-0.022093,-0.698882,-0.714896,1.787,1.794,88.730,0.000079,0.002026,0.096493,-0.000851,0.000746,-0.000489
1790938326.451055,1790938326.459871,-0.198183,-0.006444,-0.525151,-0.000211,-0.022087,-0.698879,-0.714899,1.787,1.793,88.730,-0.000508,0.001568,0.092712,-0.000625,-0.000437,-0.000587
1790938326.486055,1790938326.491727,-0.198104,-0.006916,-0.551260,-0.000220,-0.022084,-0.698883,-0.714895,1.788,1.792,88.730,-0.001378,0.001446,0.089921,0.000500,0.000950,-0.000543
1790938326.521046,1790938326.525644,-0.198031,-0.007429,-0.579040,-0.000222,-0.022071,-0.698885,-0.714894,1.787,1.791,88.730,-0.002391,0.001327,0.085931,0.000785,-0.001353,-0.001762
1790938326.556046,1790938326.560870,-0.197964,-0.007979,-0.612230,-0.000232,-0.022049,-0.698885,-0.714895,1.786,1.788,88.730,-0.003051,0.001056,0.081730,-0.001212,-0.000920,0.001108
1790938326.579046,1790938326.591923,-0.197925,-0.008357,-0.631641,-0.000230,-0.022043,-0.698890,-0.714890,1.785,1.788,88.731,-0.003991,0.001086,0.079087,-0.000803,-0.000938,0.000592
1790938326.614038,1790938326.626157,-0.197871,-0.008963,-0.657521,-0.000245,-0.022036,-0.698890,-0.714890,1.786,1.786,88.731,-0.004311,0.000576,0.075517,0.000961,-0.000602,0.000309
1790938326.648038,1790938326.657840,-0.197825,-0.009596,-0.678715,-0.000259,-0.022032,-0.698893,-0.714887,1.787,1.784,88.732,-0.004708,0.000765,0.072749,-0.001031,0.000732,0.000684
1790938326.683038,1790938326.691816,-0.197803,-0.010252,-0.697201,-0.000271,-0.022030,-0.698888,-0.714892,1.788,1.783,88.731,-0.005594,0.000937,0.070138,0.000113,-0.000127,-0.000123
1790938326.718029,1790938326.725836,-0.197789,-0.010946,-0.713340,-0.000276,-0.022019,-0.698883,-0.714897,1.787,1.782,88.730,-0.006511,0.001090,0.067860,-0.000255,0.000214,0.000329
1790938326.753029,1790938326.758837,-0.197796,-0.011655,-0.736945,-0.000285,-0.022007,-0.698887,-0.714893,1.787,1.780,88.730,-0.007605,0.000744,0.064718,0.000617,0.000076,0.000524
1790938326.787029,1790938326.791008,-0.197803,-0.012426,-0.757603,-0.000299,-0.022008,-0.698887,-0.714894,1.788,1.779,88.730,-0.008724,0.000696,0.061976,0.000936,0.000437,0.001098
1790938326.822020,1790938326.825122,-0.197833,-0.013223,-0.774587,-0.000305,-0.022000,-0.698889,-0.714892,1.788,1.778,88.731,-0.009728,0.001033,0.059438,0.000793,0.000784,-0.001672
1790938326.846020,1790938326.858002,-0.197862,-0.013777,-0.784150,-0.000325,-0.021993,-0.698892,-0.714889,1.789,1.776,88.731,-0.010392,0.000902,0.058335,0.000335,-0.002481,-0.000825
1790938326.881020,1790938326.891802,-0.197915,-0.014624,-0.796567,-0.000334,-0.021983,-0.698888,-0.714893,1.789,1.774,88.731,-0.011214,0.000802,0.056892,-0.000381,-0.000477,0.000062
1790938326.915011,1790938326.924121,-0.197979,-0.015517,-0.807170,-0.000333,-0.021969,-0.698887,-0.714894,1.788,1.773,88.730,-0.011733,0.000494,0.055800,0.000406,-0.001208,-0.000094
1790938326.950011,1790938326.958977,-0.198049,-0.016419,-0.821306,-0.000320,-0.021953,-0.698884,-0.714898,1.785,1.773,88.730,-0.012404,0.000678,0.054623,0.001858,-0.000586,0.001917
1790938326.985011,1790938326.991116,-0.198139,-0.017323,-0.835534,-0.000334,-0.021951,-0.698884,-0.714898,1.786,1.772,88.730,-0.013003,0.000500,0.052511,-0.002564,-0.000353,-0.000129
1790938327.020003,1790938327.024976,-0.198237,-0.018250,-0.848261,-0.000351,-0.021949,-0.698877,-0.714905,1.788,1.770,88.729,-0.013971,0.000151,0.050718,0.002680,0.000116,-0.001160
1790938327.054003,1790938327.059957,-0.198339,-0.019222,-0.857211,-0.000365,-0.021943,-0.698872,-0.714910,1.788,1.769,88.728,-0.015212,0.000045,0.049510,0.000536,0.000426,0.000765
1790938327.089003,1790938327.092723,-0.198467,-0.020214,-0.864683,-0.000366,-0.021937,-0.698869,-0.714913,1.788,1.768,88.727,-0.016389,0.000596,0.048240,-0.000490,0.000040,-0.000493
1790938327.112994,1790938327.123783,-0.198561,-0.020912,-0.868960,-0.000378,-0.021936,-0.698869,-0.714913,1.789,1.767,88.727,-0.016831,0.000692,0.047976,0.001106,-0.000148,-0.002042
1790938327.146994,1790938327.159574,-0.198708,-0.021948,-0.876619,-0.000387,-0.021938,-0.698865,-0.714917,1.790,1.767,88.727,-0.017850,0.000389,0.046751,0.001598,0.000193,0.000633
1790938327.181994,1790938327.191593,-0.198870,-0.022997,-0.886950,-0.000383,-0.021924,-0.698866,-0.714916,1.788,1.766,88.727,-0.018946,0.000713,0.045508,-0.001433,0.000119,0.001338
1790938327.216985,1790938327.224622,-0.199046,-0.024078,-0.895764,-0.000393,-0.021927,-0.698859,-0.714923,1.789,1.765,88.726,-0.019795,0.000942,0.044826,0.000303,0.000873,-0.001658
1790938327.251985,1790938327.258720,-0.199220,-0.025177,-0.901733,-0.000395,-0.021928,-0.698863,-0.714920,1.790,1.765,88.726,-0.020910,0.000452,0.044050,-0.000057,-0.001354,-0.001600
1790938327.286985,1790938327.292517,-0.199396,-0.026291,-0.906404,-0.000398,-0.021924,-0.698854,-0.714928,1.789,1.765,88.725,-0.022061,0.000820,0.043431,-0.000739,-0.002366,-0.000315
1790938327.321977,1790938327.325589,-0.199574,-0.027429,-0.910017,-0.000412,-0.021916,-0.698851,-0.714932,1.790,1.763,88.724,-0.022766,0.001027,0.043220,0.001636,-0.001877,0.000068
1790938327.355977,1790938327.358546,-0.199752,-0.028606,-0.914681,-0.000416,-0.021921,-0.698848,-0.714934,1.791,1.763,88.724,-0.023452,0.001004,0.042844,0.001058,0.000327,0.001144
1790938327.379977,1790938327.391778,-0.199859,-0.029345,-0.919336,-0.000422,-0.021913,-0.698844,-0.714938,1.791,1.762,88.723,-0.023944,0.000686,0.042175,-0.001512,-0.001020,0.000283
1790938327.413968,1790938327.425852,-0.200012,-0.030491,-0.925603,-0.000419,-0.021900,-0.698841,-0.714942,1.789,1.761,88.723,-0.024751,0.000697,0.041299,0.000433,-0.000321,0.000093
1790938327.448968,1790938327.457581,-0.200161,-0.031639,-0.930208,-0.000426,-0.021900,-0.698835,-0.714948,1.790,1.760,88.722,-0.025736,0.000618,0.040943,0.000643,-0.000386,-0.000095
1790938327.483968,1790938327.492909,-0.200306,-0.032807,-0.932804,-0.000439,-0.021901,-0.698823,-0.714959,1.791,1.759,88.720,-0.026202,0.000409,0.040491,0.000052,-0.000303,0.001287
1790938327.517960,1790938327.526523,-0.200441,-0.034020,-0.934608,-0.000439,-0.021888,-0.698825,-0.714958,1.790,1.758,88.720,-0.026823,0.000211,0.040305,-0.001011,-0.000558,0.001120
1790938327.552960,1790938327.558588,-0.200566,-0.035179,-0.935790,-0.000445,-0.021885,-0.698817,-0.714965,1.790,1.758,88.719,-0.027337,-0.000074,0.040138,0.000643,0.000418,-0.000129
1790938327.587960,1790938327.590544,-0.200683,-0.036315,-0.941003,-0.000446,-0.021884,-0.698813,-0.714969,1.790,1.758,88.718,-0.028280,0.000115,0.039286,-0.002163,0.000721,-0.000654
1790938327.622952,1790938327.626625,-0.200811,-0.037427,-0.945121,-0.000448,-0.021881,-0.698816,-0.714967,1.790,1.757,88.718,-0.028982,0.000786,0.038461,0.000715,0.001149,0.001306
1790938327.657951,1790938327.659906,-0.200952,-0.038607,-0.947974,-0.000441,-0.021885,-0.698823,-0.714960,1.790,1.758,88.720,-0.029393,0.000809,0.037654,0.001665,-0.000003,0.001961
1790938327.680951,1790938327.690535,-0.201048,-0.039362,-0.948616,-0.000442,-0.021887,-0.698825,-0.714958,1.790,1.758,88.720,-0.029923,0.000899,0.037798,-0.001225,-0.001023,0.000049
1790938327.715943,1790938327.726588,-0.201191,-0.040483,-0.949230,-0.000447,-0.021877,-0.698819,-0.714964,1.790,1.757,88.719,-0.030328,0.000435,0.037866,0.001556,0.000548,-0.000086
1790938327.749943,1790938327.759914,-0.201324,-0.041626,-0.949608,-0.000452,-0.021878,-0.698817,-0.714966,1.790,1.757,88.719,-0.030868,0.000130,0.037779,0.002148,0.000370,0.000071
1790938327.784943,1790938327.792709,-0.201458,-0.042718,-0.951998,-0.000449,-0.021889,-0.698810,-0.714972,1.791,1.758,88.718,-0.031378,0.000394,0.037631,0.000434,-0.000981,-0.001521
1790938327.819933,1790938327.825725,-0.201603,-0.043748,-0.955189,-0.000441,-0.021872,-0.698807,-0.714976,1.789,1.757,88.717,-0.031794,0.000530,0.037229,-0.000618,0.000542,0.001017
1790938327.853933,1790938327.857262,-0.201760,-0.044805,-0.957569,-0.000447,-0.021870,-0.698812,-0.714971,1.789,1.756,88.718,-0.032199,0.001022,0.037231,0.002015,0.000213,-0.000471
1790938327.888933,1790938327.890906,-0.201933,-0.045825,-0.957704,-0.000455,-0.021878,-0.698806,-0.714976,1.790,1.756,88.717,-0.032672,0.001185,0.036742,0.000208,-0.000444,0.000998
1790938327.923924,1790938327.925547,-0.202100,-0.046900,-0.957399,-0.000453,-0.021889,-0.698802,-0.714980,1.791,1.757,88.716,-0.033043,0.000753,0.036856,-0.001340,0.000214,-0.001327
1790938327.947924,1790938327.957599,-0.202200,-0.047544,-0.957069,-0.000451,-0.021878,-0.698807,-0.714975,1.790,1.757,88.717,-0.033364,0.000596,0.036320,-0.001725,0.000625,0.000149
1790938327.981924,1790938327.990491,-0.202347,-0.048577,-0.957580,-0.000447,-0.021870,-0.698794,-0.714988,1.789,1.756,88.715,-0.034071,0.000659,0.035627,-0.001664,0.001265,-0.000072
1790938328.016916,1790938328.024743,-0.202488,-0.049491,-0.959897,-0.000452,-0.021876,-0.698787,-0.714995,1.790,1.757,88.714,-0.034073,0.000620,0.035265,0.001970,-0.000467,-0.000670
1790938328.051916,1790938328.059946,-0.202618,-0.050423,-0.961625,-0.000452,-0.021875,-0.698782,-0.715000,1.790,1.756,88.713,-0.034518,0.000401,0.035278,-0.001137,0.000744,0.000477
1790938328.086915,1790938328.091578,-0.202735,-0.051313,-0.961772,-0.000453,-0.021878,-0.698782,-0.715000,1.790,1.757,88.713,-0.034679,0.000169,0.034967,0.000232,-0.000998,-0.000905
1790938328.120907,1790938328.123717,-0.202846,-0.052253,-0.960917,-0.000451,-0.021860,-0.698780,-0.715002,1.789,1.755,88.713,-0.034592,0.000691,0.035014,-0.000752,-0.000446,-0.000380
1790938328.155907,1790938328.157767,-0.202956,-0.053109,-0.959966,-0.000454,-0.021864,-0.698775,-0.715007,1.789,1.755,88.712,-0.034982,0.000937,0.035485,-0.001218,-0.000476,0.001384
1790938328.178907,1790938328.190560,-0.203030,-0.053681,-0.959216,-0.000449,-0.021870,-0.698766,-0.715016,1.789,1.756,88.710,-0.035073,0.000810,0.035601,-0.000916,-0.000181,-0.001390
1790938328.213898,1790938328.225499,-0.203126,-0.054460,-0.960932,-0.000439,-0.021873,-0.698761,-0.715020,1.789,1.757,88.710,-0.035385,0.000617,0.035222,0.000317,-0.000269,0.000689
1790938328.248899,1790938328.259565,-0.203212,-0.055207,-0.962091,-0.000443,-0.021886,-0.698759,-0.715022,1.790,1.758,88.709,-0.035690,0.000500,0.034769,-0.000997,-0.000049,-0.001832
1790938328.283898,1790938328.291459,-0.203284,-0.056006,-0.962290,-0.000433,-0.021874,-0.698753,-0.715029,1.788,1.758,88.708,-0.035407,0.000176,0.035086,0.000146,-0.000764,-0.000584
1790938328.318890,1790938328.324685,-0.203352,-0.056727,-0.960997,-0.000432,-0.021875,-0.698749,-0.715032,1.788,1.758,88.708,-0.035404,0.000274,0.035264,-0.000879,-0.000209,-0.001685
1790938328.352890,1790938328.358687,-0.203410,-0.057472,-0.959614,-0.000436,-0.021877,-0.698738,-0.715043,1.788,1.758,88.706,-0.035705,0.000378,0.035613,-0.000373,0.001289,-0.000253
1790938328.387890,1790938328.390651,-0.203479,-0.058211,-0.958045,-0.000426,-0.021888,-0.698740,-0.715040,1.789,1.760,88.706,-0.035901,0.000803,0.036167,0.000197,0.000651,-0.000026
1790938328.422881,1790938328.425818,-0.203540,-0.058826,-0.959202,-0.000424,-0.021877,-0.698733,-0.715047,1.788,1.759,88.705,-0.035980,0.000532,0.035363,-0.000096,0.001273,-0.000476
1790938328.456881,1790938328.459860,-0.203602,-0.059466,-0.959911,-0.000409,-0.021883,-0.698730,-0.715051,1.787,1.761,88.705,-0.035749,0.000636,0.035192,-0.000841,-0.000602,0.000751
1790938328.480881,1790938328.492525,-0.203647,-0.059884,-0.960117,-0.000407,-0.021886,-0.698726,-0.715054,1.787,1.761,88.704,-0.035738,0.000731,0.035412,-0.001008,0.000770,-0.000103
1790938328.514873,1790938328.524632,-0.203723,-0.060484,-0.958552,-0.000401,-0.021891,-0.698721,-0.715059,1.787,1.762,88.703,-0.035382,0.000649,0.035926,0.001118,0.000004,-0.000406
1790938328.549873,1790938328.558539,-0.203794,-0.061081,-0.956828,-0.000399,-0.021900,-0.698719,-0.715061,1.787,1.763,88.703,-0.035168,0.000644,0.035555,0.000646,-0.001243,0.001180
1790938328.584873,1790938328.590695,-0.203863,-0.061629,-0.955135,-0.000394,-0.021903,-0.698713,-0.715067,1.787,1.763,88.702,-0.035283,0.000325,0.035077,-0.000266,-0.001241,-0.000217
1790938328.619864,1790938328.624792,-0.203929,-0.062155,-0.955064,-0.000389,-0.021906,-0.698704,-0.715076,1.787,1.764,88.701,-0.035234,0.000144,0.034972,-0.000435,-0.000121,0.000779
1790938328.654864,1790938328.659678,-0.204005,-0.062646,-0.955569,-0.000381,-0.021912,-0.698697,-0.715082,1.787,1.765,88.700,-0.035136,0.000510,0.034880,0.000621,-0.000190,-0.001340
1790938328.688864,1790938328.691653,-0.204093,-0.063119,-0.955757,-0.000376,-0.021917,-0.698692,-0.715087,1.787,1.766,88.699,-0.034570,0.001001,0.034901,-0.000709,-0.000150,0.001402
1790938328.723855,1790938328.725703,-0.204186,-0.063540,-0.954004,-0.000363,-0.021914,-0.698691,-0.715087,1.785,1.767,88.699,-0.034273,0.000745,0.034799,-0.000762,-0.000491,-0.001845
1790938328.746855,1790938328.759874,-0.204244,-0.063850,-0.952800,-0.000340,-0.021913,-0.698687,-0.715092,1.783,1.769,88.698,-0.034039,0.000690,0.034749,0.000980,0.000591,-0.000142
1790938328.781855,1790938328.791147,-0.204325,-0.064231,-0.950961,-0.000338,-0.021928,-0.698682,-0.715096,1.784,1.770,88.697,-0.034052,0.000627,0.034757,0.002621,0.000403,0.000743
1790938328.816846,1790938328.826727,-0.204412,-0.064583,-0.949893,-0.000334,-0.021933,-0.698681,-0.715097,1.785,1.771,88.697,-0.033962,0.000770,0.034927,-0.000732,-0.000888,0.000113
1790938328.850846,1790938328.859837,-0.204492,-0.064928,-0.950162,-0.000317,-0.021930,-0.698673,-0.715105,1.783,1.772,88.696,-0.033197,0.000782,0.034691,-0.000822,-0.000343,-0.001216
1790938328.885846,1790938328.892786,-0.204564,-0.065192,-0.950192,-0.000304,-0.021926,-0.698677,-0.715101,1.781,1.773,88.696,-0.032754,0.000535,0.034664,0.001299,0.000105,0.000496
1790938328.920837,1790938328.926723,-0.204631,-0.065472,-0.948870,-0.000294,-0.021934,-0.698667,-0.715111,1.781,1.774,88.695,-0.032565,0.000741,0.034191,-0.000624,-0.000041,-0.000282
1790938328.955837,1790938328.958813,-0.204694,-0.065717,-0.946880,-0.000286,-0.021929,-0.698660,-0.715117,1.780,1.774,88.694,-0.031967,0.000878,0.034302,-0.002307,-0.000178,0.001295
1790938328.978837,1790938328.990708,-0.204739,-0.065899,-0.945565,-0.000290,-0.021935,-0.698655,-0.715123,1.781,1.775,88.693,-0.031951,0.000941,0.034849,0.000612,0.001472,-0.000698
1790938329.013829,1790938329.024964,-0.204787,-0.066116,-0.943562,-0.000276,-0.021941,-0.698652,-0.715125,1.780,1.776,88.692,-0.031456,0.000655,0.035187,0.000246,0.000017,-0.000813
1790938329.048829,1790938329.058892,-0.204831,-0.066288,-0.943620,-0.000270,-0.021942,-0.698652,-0.715125,1.780,1.777,88.693,-0.030936,0.000924,0.035187,-0.000639,-0.001867,-0.000006
1790938329.083828,1790938329.090875,-0.204870,-0.066377,-0.943508,-0.000260,-0.021950,-0.698651,-0.715126,1.780,1.778,88.692,-0.029988,0.000962,0.035675,0.000699,0.000390,-0.000872
1790938329.117821,1790938329.125434,-0.204903,-0.066493,-0.942500,-0.000263,-0.021965,-0.698646,-0.715130,1.781,1.779,88.692,-0.029842,0.001227,0.036380,-0.000545,-0.000047,0.000754
1790938329.152821,1790938329.158745,-0.204939,-0.066599,-0.940349,-0.000256,-0.021957,-0.698646,-0.715130,1.780,1.779,88.692,-0.029498,0.001187,0.036680,0.000310,-0.001758,-0.000347
1790938329.187821,1790938329.191702,-0.204977,-0.066671,-0.938211,-0.000245,-0.021956,-0.698642,-0.715134,1.779,1.780,88.691,-0.029009,0.001297,0.037201,0.000221,0.000262,-0.000852
1790938329.221813,1790938329.225751,-0.205015,-0.066764,-0.936037,-0.000238,-0.021973,-0.698640,-0.715136,1.780,1.782,88.691,-0.029010,0.001422,0.037900,0.003310,0.000115,0.000878
1790938329.256813,1790938329.259835,-0.205049,-0.066779,-0.935887,-0.000230,-0.021987,-0.698640,-0.715135,1.780,1.784,88.691,-0.028513,0.001118,0.037623,-0.000153,0.000682,0.000191
1790938329.291813,1790938329.294932,-0.205088,-0.066844,-0.935485,-0.000219,-0.021990,-0.698641,-0.715134,1.780,1.785,88.691,-0.028085,0.001599,0.037182,-0.000909,0.002054,0.000634
1790938329.315805,1790938329.327624,-0.205117,-0.066820,-0.935130,-0.000209,-0.021999,-0.698638,-0.715137,1.780,1.786,88.690,-0.027702,0.001531,0.036776,-0.001162,0.000676,0.000655
1790938329.349806,1790938329.358747,-0.205159,-0.066860,-0.932809,-0.000197,-0.022006,-0.698639,-0.715136,1.779,1.788,88.691,-0.027111,0.001176,0.037086,-0.000082,-0.000419,0.000895
1790938329.384805,1790938329.392736,-0.205190,-0.066843,-0.930576,-0.000192,-0.022027,-0.698637,-0.715137,1.780,1.790,88.690,-0.026606,0.001409,0.037067,0.000010,0.000066,-0.000083
1790938329.419796,1790938329.425809,-0.205233,-0.066849,-0.928330,-0.000175,-0.022034,-0.698631,-0.715143,1.780,1.792,88.690,-0.026425,0.001558,0.036825,0.000177,-0.000114,0.000060
1790938329.454796,1790938329.457752,-0.205283,-0.066788,-0.927541,-0.000164,-0.022044,-0.698630,-0.715143,1.779,1.794,88.690,-0.025641,0.001580,0.036522,0.000274,-0.001634,-0.000592
1790938329.488796,1790938329.490974,-0.205342,-0.066759,-0.927152,-0.000154,-0.022058,-0.698627,-0.715146,1.780,1.796,88.689,-0.025042,0.001583,0.036080,-0.000455,-0.001741,0.000062
1790938329.523787,1790938329.526742,-0.205393,-0.066670,-0.926729,-0.000158,-0.022065,-0.698624,-0.715149,1.781,1.796,88.689,-0.024746,0.001772,0.035951,0.001449,-0.000743,-0.001666
1790938329.546787,1790938329.559690,-0.205433,-0.066619,-0.925267,-0.000147,-0.022061,-0.698626,-0.715146,1.779,1.796,88.689,-0.024398,0.001852,0.035900,-0.001315,-0.000710,0.000609
1790938329.581787,1790938329.590816,-0.205498,-0.066544,-0.923088,-0.000134,-0.022065,-0.698630,-0.715143,1.779,1.798,88.689,-0.024290,0.001563,0.036064,0.000027,-0.001252,0.001958
1790938329.616776,1790938329.626735,-0.205556,-0.066469,-0.920911,-0.000135,-0.022068,-0.698628,-0.715144,1.779,1.798,88.689,-0.023950,0.001579,0.036396,-0.000115,-0.000939,-0.000366
1790938329.651777,1790938329.659860,-0.205623,-0.066412,-0.919383,-0.000126,-0.022074,-0.698626,-0.715146,1.779,1.799,88.689,-0.023584,0.002272,0.036283,-0.001070,-0.000229,0.000638
1790938329.686777,1790938329.691736,-0.205692,-0.066302,-0.919038,-0.000126,-0.022077,-0.698632,-0.715141,1.779,1.799,88.690,-0.023065,0.002125,0.035781,0.001806,-0.001098,0.000351
1790938329.720768,1790938329.726719,-0.205775,-0.066207,-0.918575,-0.000116,-0.022071,-0.698629,-0.715144,1.778,1.800,88.689,-0.022727,0.002608,0.035435,-0.001043,0.000624,0.000737
1790938329.755768,1790938329.760035,-0.205854,-0.066127,-0.916838,-0.000108,-0.022072,-0.698626,-0.715146,1.777,1.800,88.689,-0.022219,0.002266,0.035217,-0.001956,-0.000193,0.000308
1790938329.778768,1790938329.791686,-0.205902,-0.066071,-0.915348,-0.000102,-0.022083,-0.698631,-0.715141,1.777,1.802,88.690,-0.021857,0.002067,0.034948,-0.000462,-0.001411,-0.001143
1790938329.813759,1790938329.824859,-0.205970,-0.065994,-0.913196,-0.000108,-0.022088,-0.698624,-0.715148,1.778,1.802,88.689,-0.021707,0.001883,0.035068,0.002131,-0.000275,-0.000078
1790938329.848759,1790938329.858679,-0.206021,-0.065910,-0.911054,-0.000106,-0.022091,-0.698624,-0.715148,1.778,1.802,88.689,-0.021419,0.002068,0.035297,-0.002038,-0.002000,0.000948
1790938329.882759,1790938329.892187,-0.206078,-0.065791,-0.910715,-0.000101,-0.022095,-0.698625,-0.715147,1.778,1.803,88.689,-0.020546,0.002063,0.035386,0.000468,0.001284,-0.000208
1790938329.917752,1790938329.926619,-0.206135,-0.065695,-0.910123,-0.000098,-0.022107,-0.698622,-0.715150,1.779,1.804,88.688,-0.020085,0.002222,0.035758,0.001924,-0.000821,-0.000046
1790938329.952752,1790938329.958610,-0.206188,-0.065578,-0.908940,-0.000093,-0.022115,-0.698626,-0.715145,1.779,1.805,88.689,-0.019699,0.002256,0.035244,0.000604,0.000364,0.000899
1790938329.987752,1790938329.990664,-0.206245,-0.065512,-0.906657,-0.000088,-0.022115,-0.698626,-0.715145,1.779,1.806,88.689,-0.019463,0.001802,0.034783,0.000323,0.000548,-0.000145
1790938330.022739,1790938330.025799,-0.206291,-0.065461,-0.904458,-0.000085,-0.022126,-0.698622,-0.715148,1.779,1.807,88.689,-0.019236,0.001748,0.034618,-0.000664,0.001802,0.000552
1790938330.045739,1790938330.057805,-0.206321,-0.065444,-0.903016,-0.000082,-0.022126,-0.698626,-0.715145,1.779,1.807,88.689,-0.019165,0.001764,0.034581,-0.000780,-0.001157,0.001150
1790938330.080739,1790938330.092868,-0.206367,-0.065382,-0.901995,-0.000078,-0.022136,-0.698623,-0.715148,1.780,1.808,88.689,-0.018977,0.001758,0.034199,0.000038,-0.000308,0.000423
1790938330.115731,1790938330.125805,-0.206419,-0.065313,-0.901435,-0.000083,-0.022145,-0.698617,-0.715153,1.781,1.808,88.688,-0.018624,0.002058,0.034377,0.002044,-0.000017,0.000688
1790938330.149730,1790938330.157687,-0.206480,-0.065298,-0.900649,-0.000079,-0.022146,-0.698622,-0.715148,1.781,1.809,88.689,-0.018395,0.002000,0.034671,0.000890,0.001023,0.000502
1790938330.184731,1790938330.191732,-0.206533,-0.065265,-0.898348,-0.000068,-0.022150,-0.698630,-0.715140,1.780,1.810,88.690,-0.017762,0.001860,0.034361,-0.000215,0.000782,-0.000785
1790938330.219721,1790938330.226694,-0.206594,-0.065255,-0.896096,-0.000064,-0.022155,-0.698632,-0.715138,1.780,1.811,88.690,-0.017404,0.002291,0.034744,0.000521,0.000757,0.000762
1790938330.254721,1790938330.256938,-0.206659,-0.065240,-0.893926,-0.000070,-0.022156,-0.698634,-0.715137,1.781,1.810,88.691,-0.016953,0.002452,0.034765,0.000084,0.001634,-0.000066
1790938330.288721,1790938330.290724,-0.206712,-0.065237,-0.892750,-0.000062,-0.022167,-0.698636,-0.715134,1.781,1.812,88.691,-0.016648,0.002085,0.035319,0.000642,-0.002230,-0.000404
1790938330.312713,1790938330.323559,-0.206745,-0.065222,-0.892260,-0.000057,-0.022163,-0.698638,-0.715132,1.780,1.812,88.691,-0.016388,0.002163,0.034868,-0.001965,0.000398,-0.000019
1790938330.347713,1790938330.359186,-0.206789,-0.065228,-0.891415,-0.000061,-0.022173,-0.698639,-0.715131,1.781,1.812,88.691,-0.016247,0.002176,0.035159,-0.000405,0.000845,-0.000499
1790938330.382713,1790938330.391617,-0.206824,-0.065222,-0.889529,-0.000052,-0.022174,-0.698639,-0.715131,1.781,1.813,88.692,-0.015995,0.001987,0.035438,0.000500,0.000918,0.000795
