time_s,recv_time_s,x_m,y_m,z_m,qx,qy,qz,qw,roll_deg,pitch_deg,yaw_deg,vx_mps,vy_mps,vz_mps,wx_radps,wy_radps,wz_radps
1790937483.561945,1790937483.693123,0.000176,0.000545,-0.000091,-0.699940,-0.002666,-0.002637,0.714192,-88.845,-0.430,-0.002,0.002740,0.011320,-0.002937,0.001448,0.000333,0.001971
1790937483.595287,1790937483.727310,-0.000406,-0.000425,0.000116,-0.699991,-0.002743,-0.002734,0.714141,-88.853,-0.444,-0.004,-0.014447,-0.017093,0.003009,0.003575,0.000335,-0.000159
1790937483.628628,1790937483.763052,-0.000660,-0.001215,0.000297,-0.699917,-0.002933,-0.002954,0.714212,-88.842,-0.477,-0.007,0.002847,0.000985,-0.000622,0.000377,0.002468,0.000906
1790937483.661970,1790937483.795900,-0.000163,-0.000255,0.000104,-0.699917,-0.002840,-0.002861,0.714213,-88.842,-0.462,-0.006,0.015308,0.025743,-0.004989,0.000378,-0.001794,0.003037
1790937483.695311,1790937483.828643,-0.000511,-0.000701,0.000180,-0.699967,-0.002818,-0.002810,0.714164,-88.850,-0.456,-0.004,-0.009591,-0.013051,0.002446,-0.000686,-0.002853,-0.000158
1790937483.728653,1790937483.856394,0.000136,0.000159,0.000028,-0.699940,-0.002780,-0.002771,0.714190,-88.845,-0.450,-0.004,0.022199,0.032522,-0.005674,-0.001749,0.000336,-0.001223
1790937483.761994,1790937483.883878,-0.000272,-0.000066,0.000036,-0.699985,-0.002724,-0.002715,0.714147,-88.852,-0.441,-0.004,-0.012536,-0.008600,0.001222,0.001449,0.001403,-0.000157
1790937483.795336,1790937483.912909,0.000041,0.000131,0.000010,-0.699982,-0.002750,-0.002742,0.714149,-88.852,-0.445,-0.004,0.011328,0.014285,-0.002661,0.001448,0.001398,-0.002289
1790937483.828683,1790937483.941711,0.000107,0.000306,-0.000032,-0.699997,-0.002690,-0.002649,0.714136,-88.854,-0.433,-0.001,0.002410,0.003255,-0.000520,-0.000682,0.001400,-0.003352
1790937483.862029,1790937483.968663,-0.000040,0.000037,0.000022,-0.700009,-0.002684,-0.002665,0.714124,-88.856,-0.433,-0.003,-0.003127,-0.004386,0.000904,0.001450,0.001399,-0.001222
1790937483.895376,1790937483.995659,0.000190,0.000400,-0.000042,-0.700010,-0.002662,-0.002655,0.714123,-88.856,-0.431,-0.004,0.007356,0.011615,-0.001623,-0.003876,0.001396,0.001974
1790937483.928723,1790937484.022925,-0.000321,-0.000425,0.000116,-0.700020,-0.002699,-0.002685,0.714113,-88.858,-0.436,-0.003,-0.015387,-0.023324,0.004398,-0.003877,0.000331,0.005168
1790937483.962070,1790937484.049719,-0.000168,-0.000360,0.000126,-0.700000,-0.002770,-0.002772,0.714132,-88.855,-0.449,-0.005,0.005630,0.005898,-0.000569,-0.001748,0.002461,0.004102
1790937483.995417,1790937484.076886,-0.000208,-0.000309,0.000110,-0.700020,-0.002724,-0.002743,0.714113,-88.858,-0.443,-0.006,-0.001972,-0.002623,0.001155,-0.000677,-0.002869,0.000906
1790937484.028764,1790937484.102531,-0.000009,0.000126,0.000017,-0.700009,-0.002729,-0.002706,0.714124,-88.856,-0.440,-0.002,0.005948,0.013339,-0.002325,0.001453,0.001390,-0.002290
1790937484.062112,1790937484.128886,-0.000575,-0.000917,0.000223,-0.700011,-0.002797,-0.002801,0.714121,-88.857,-0.454,-0.005,-0.016013,-0.028106,0.005297,0.001452,0.002463,-0.002288
1790937484.095459,1790937484.155892,-0.000682,-0.001336,0.000339,-0.699940,-0.002924,-0.002961,0.714189,-88.845,-0.477,-0.008,0.004531,0.003899,-0.000243,0.000386,-0.003927,0.003038
1790937484.128806,1790937484.183143,-0.000447,-0.000838,0.000222,-0.699914,-0.002871,-0.002902,0.714215,-88.841,-0.468,-0.007,0.006178,0.009906,-0.002012,-0.000678,-0.000736,0.000907
1790937484.162153,1790937484.209965,-0.000714,-0.001123,0.000277,-0.699935,-0.002878,-0.002898,0.714195,-88.844,-0.468,-0.006,-0.007458,-0.005971,0.001090,-0.000680,0.000331,0.000906
1790937484.195501,1790937484.242077,-0.000965,-0.001714,0.000409,-0.699921,-0.002979,-0.003021,0.714208,-88.842,-0.486,-0.008,-0.005983,-0.011264,0.002317,0.000384,-0.000730,-0.001223
1790937484.228848,1790937484.269717,-0.000508,-0.000963,0.000257,-0.699899,-0.002938,-0.002990,0.714230,-88.839,-0.480,-0.009,0.012800,0.019843,-0.003695,-0.001746,0.000329,0.000907
1790937484.262196,1790937484.314703,0.000047,0.000128,0.000018,-0.699962,-0.002780,-0.002777,0.714170,-88.849,-0.450,-0.004,0.017036,0.029136,-0.005613,-0.001743,-0.001801,-0.002289
1790937484.295543,1790937484.349780,-0.000184,0.000011,0.000020,-0.699979,-0.002727,-0.002736,0.714153,-88.851,-0.443,-0.005,-0.005538,0.001489,-0.000996,-0.000677,-0.000741,-0.002289
1790937484.328890,1790937484.383221,-0.000679,-0.001043,0.000256,-0.699958,-0.002855,-0.002858,0.714173,-88.848,-0.463,-0.005,-0.012766,-0.018641,0.003735,0.003582,-0.000736,-0.000157
1790937484.362237,1790937484.416338,-0.001023,-0.001845,0.000423,-0.699894,-0.003006,-0.003080,0.714234,-88.838,-0.493,-0.011,-0.002857,-0.007080,0.000551,0.001448,0.001395,0.001974
1790937484.395585,1790937484.452789,0.000156,0.000134,0.000042,-0.699897,-0.002828,-0.002850,0.714233,-88.838,-0.460,-0.006,0.029961,0.045730,-0.008112,0.001452,0.002452,-0.000158
1790937484.428933,1790937484.486089,-0.000259,0.000012,0.000025,-0.699988,-0.002721,-0.002718,0.714144,-88.853,-0.441,-0.004,-0.012865,-0.007044,0.000987,-0.002808,0.005647,0.003039
1790937484.462280,1790937484.520155,-0.000306,-0.000570,0.000167,-0.699965,-0.002843,-0.002862,0.714166,-88.849,-0.462,-0.006,0.009463,0.010651,-0.001510,-0.001742,0.000321,-0.001222
1790937484.495628,1790937484.547427,-0.000681,-0.000951,0.000241,-0.699944,-0.002858,-0.002867,0.714186,-88.846,-0.464,-0.005,-0.010832,-0.010509,0.002270,0.001456,-0.002872,-0.002288
1790937484.528976,1790937484.574577,0.000293,0.000368,-0.000016,-0.699928,-0.002792,-0.002772,0.714202,-88.843,-0.451,-0.003,0.031607,0.042474,-0.007819,0.000392,0.002452,-0.000157
1790937484.562324,1790937484.610823,-0.000368,-0.000212,0.000095,-0.700011,-0.002688,-0.002688,0.714122,-88.857,-0.436,-0.004,-0.019763,-0.020629,0.004766,-0.001737,0.000323,0.000907
1790937484.595671,1790937484.643368,0.000052,0.000110,0.000037,-0.699983,-0.002782,-0.002795,0.714149,-88.852,-0.452,-0.006,0.020113,0.029676,-0.005261,0.000397,0.000314,0.000906
1790937484.629019,1790937484.678828,-0.000415,-0.000405,0.000113,-0.700010,-0.002760,-0.002737,0.714123,-88.856,-0.445,-0.003,-0.014329,-0.017787,0.003273,-0.000667,-0.000746,-0.000159
1790937484.662367,1790937484.721700,-0.000167,-0.000270,0.000115,-0.699982,-0.002807,-0.002813,0.714149,-88.852,-0.455,-0.005,0.010502,0.013954,-0.001828,-0.001730,0.002445,-0.000159
1790937484.695715,1790937484.748507,0.000150,0.000394,-0.000034,-0.699998,-0.002704,-0.002671,0.714134,-88.855,-0.436,-0.002,0.009016,0.015403,-0.002485,0.002534,-0.001818,0.000905
1790937484.729063,1790937484.777469,-0.000535,-0.000693,0.000177,-0.700015,-0.002764,-0.002760,0.714117,-88.857,-0.448,-0.004,-0.018885,-0.026523,0.004847,-0.000664,0.001384,-0.001223
1790937484.762410,1790937484.816477,0.000201,0.000246,0.000018,-0.699969,-0.002773,-0.002776,0.714163,-88.850,-0.450,-0.005,0.025587,0.036047,-0.006234,-0.001727,0.000312,0.001972
1790937484.795758,1790937484.843687,-0.000379,-0.000326,0.000111,-0.700038,-0.002690,-0.002689,0.714096,-88.861,-0.436,-0.004,-0.019467,-0.025642,0.005483,0.000406,0.000314,0.003036
1790937484.829099,1790937484.879222,-0.000183,-0.000500,0.000152,-0.699986,-0.002824,-0.002836,0.714145,-88.853,-0.459,-0.006,0.014613,0.015598,-0.003210,-0.000661,0.002438,0.000904
1790937484.862438,1790937484.924435,-0.000424,-0.000555,0.000149,-0.699990,-0.002789,-0.002791,0.714142,-88.853,-0.452,-0.005,-0.007545,-0.003655,0.000485,0.000404,0.002439,0.003035
1790937484.895778,1790937484.959944,-0.000811,-0.001389,0.000344,-0.699960,-0.002891,-0.002925,0.714170,-88.848,-0.471,-0.007,-0.009871,-0.016060,0.003823,-0.000661,0.002442,0.001970
1790937484.929118,1790937484.995868,-0.000688,-0.001282,0.000322,-0.699911,-0.002935,-0.002992,0.714218,-88.841,-0.480,-0.009,0.005813,0.007202,-0.001533,-0.001727,0.001374,-0.000162
1790937484.962458,1790937485.032272,-0.000722,-0.001161,0.000297,-0.699922,-0.002930,-0.002970,0.714208,-88.842,-0.478,-0.008,-0.001558,0.000914,0.000434,0.002538,0.002439,-0.000161
1790937484.995797,1790937485.066513,-0.000950,-0.001528,0.000365,-0.699900,-0.002954,-0.003025,0.714228,-88.839,-0.484,-0.011,-0.006690,-0.007859,0.001362,0.000405,0.000307,-0.002293
1790937485.029137,1790937485.105191,-0.000432,-0.000874,0.000247,-0.699880,-0.002919,-0.002960,0.714248,-88.836,-0.476,-0.008,0.013917,0.017239,-0.002762,-0.000658,0.000301,-0.003358
1790937485.062477,1790937485.134573,-0.000649,-0.001012,0.000246,-0.699909,-0.002879,-0.002908,0.714221,-88.840,-0.469,-0.007,-0.007220,-0.007345,0.000909,-0.000659,-0.000762,0.000903
1790937485.095817,1790937485.163425,-0.000257,-0.000572,0.000176,-0.699903,-0.002871,-0.002882,0.714227,-88.839,-0.466,-0.006,0.013561,0.018305,-0.003060,0.001475,0.001365,-0.000161
1790937485.129157,1790937485.189716,-0.000572,-0.000827,0.000217,-0.699924,-0.002826,-0.002853,0.714206,-88.843,-0.460,-0.007,-0.009583,-0.007926,0.001824,-0.000654,0.001363,-0.002292
1790937485.162496,1790937485.227223,-0.000668,-0.001213,0.000309,-0.699903,-0.002911,-0.002924,0.714226,-88.839,-0.473,-0.006,-0.001393,-0.005291,0.001701,0.000412,-0.000762,-0.000161
1790937485.195835,1790937485.260760,-0.000857,-0.001522,0.000359,-0.699857,-0.002961,-0.003001,0.714270,-88.832,-0.483,-0.008,-0.005470,-0.008946,0.001409,0.000411,0.001367,-0.002291
1790937485.229175,1790937485.294034,0.000153,0.000079,0.000088,-0.699851,-0.002822,-0.002824,0.714278,-88.831,-0.457,-0.005,0.028721,0.040901,-0.005699,-0.001715,0.002428,0.001970
1790937485.262514,1790937485.331131,-0.000259,0.000045,0.000014,-0.699947,-0.002677,-0.002673,0.714185,-88.846,-0.433,-0.004,-0.019392,-0.017606,0.002421,0.000415,-0.000768,0.003034
1790937485.295854,1790937485.366317,-0.000641,-0.001147,0.000288,-0.699945,-0.002904,-0.002928,0.714185,-88.846,-0.473,-0.007,0.001444,-0.003385,0.000870,0.000414,-0.000764,0.000903
1790937485.329194,1790937485.402236,-0.000757,-0.001306,0.000324,-0.699888,-0.002926,-0.002958,0.714241,-88.837,-0.477,-0.007,-0.003044,-0.005545,0.001485,-0.001716,-0.000763,0.000903
1790937485.362533,1790937485.437009,-0.000339,-0.000740,0.000201,-0.699867,-0.002892,-0.002895,0.714261,-88.834,-0.469,-0.005,0.013474,0.016101,-0.003180,-0.001717,0.001367,0.000902
1790937485.395873,1790937485.471208,-0.000028,0.000050,0.000037,-0.699918,-0.002762,-0.002769,0.714212,-88.842,-0.448,-0.005,0.009243,0.019418,-0.003248,0.001484,0.000296,-0.001227
1790937485.429213,1790937485.505103,-0.000370,-0.000446,0.000127,-0.699951,-0.002765,-0.002755,0.714180,-88.847,-0.447,-0.004,-0.009248,-0.009979,0.001973,-0.001713,0.001364,0.000902
1790937485.462552,1790937485.539144,-0.000097,-0.000146,0.000081,-0.699941,-0.002794,-0.002787,0.714189,-88.845,-0.452,-0.004,0.010836,0.016945,-0.003031,-0.000646,0.000298,-0.002293
1790937485.495892,1790937485.573772,0.000380,0.000796,-0.000114,-0.699959,-0.002663,-0.002620,0.714173,-88.848,-0.428,-0.001,0.013517,0.021968,-0.003384,-0.000642,-0.000772,0.001968
1790937485.529232,1790937485.608039,-0.000226,0.000043,0.000021,-0.699994,-0.002685,-0.002657,0.714138,-88.854,-0.433,-0.002,-0.016719,-0.017124,0.003353,0.001490,0.001362,-0.006554
1790937485.562571,1790937485.644624,-0.000520,-0.000895,0.000234,-0.699956,-0.002859,-0.002874,0.714174,-88.848,-0.464,-0.006,-0.002441,-0.008989,0.002248,-0.001707,-0.001831,-0.001227
1790937485.595911,1790937485.683791,0.000151,0.000167,0.000033,-0.699935,-0.002773,-0.002751,0.714195,-88.844,-0.448,-0.003,0.019687,0.026100,-0.003829,-0.002768,-0.002902,0.000901
1790937485.629250,1790937485.718503,-0.000252,-0.000110,0.000049,-0.699992,-0.002735,-0.002712,0.714140,-88.854,-0.441,-0.003,-0.012627,-0.012772,0.002231,-0.000636,-0.001830,0.000902
1790937485.662589,1790937485.752572,-0.000690,-0.001104,0.000263,-0.699952,-0.002865,-0.002877,0.714178,-88.847,-0.465,-0.006,-0.009964,-0.015640,0.002536,-0.001706,0.000301,-0.002293
1790937485.695929,1790937485.785290,-0.000480,-0.001079,0.000281,-0.699894,-0.002911,-0.002922,0.714235,-88.838,-0.473,-0.006,0.007979,0.002975,-0.000159,0.000426,-0.003959,0.001970
1790937485.729268,1790937485.821648,-0.000663,-0.001052,0.000264,-0.699880,-0.002884,-0.002902,0.714249,-88.836,-0.469,-0.006,-0.005760,-0.002086,0.000326,-0.001705,-0.001827,0.001969
1790937485.762607,1790937485.856978,-0.000767,-0.001389,0.000339,-0.699884,-0.002942,-0.002981,0.714244,-88.836,-0.480,-0.008,-0.002070,-0.006168,0.001365,-0.001706,0.001371,-0.001226
1790937485.795947,1790937485.891891,-0.000858,-0.001571,0.000387,-0.699873,-0.002957,-0.003014,0.714255,-88.835,-0.484,-0.010,-0.002520,-0.004754,0.001730,-0.002769,0.000301,0.003034
1790937485.829287,1790937485.927624,-0.000974,-0.001768,0.000428,-0.699839,-0.003012,-0.003052,0.714288,-88.829,-0.491,-0.008,-0.004172,-0.006448,0.001732,0.000427,-0.000761,0.001970
1790937485.862628,1790937485.962301,-0.000415,-0.000814,0.000228,-0.699826,-0.002931,-0.002948,0.714301,-88.827,-0.476,-0.006,0.014265,0.022082,-0.004234,-0.002767,0.002430,-0.001226
1790937485.895968,1790937485.995747,-0.000488,-0.000620,0.000179,-0.699878,-0.002858,-0.002872,0.714251,-88.835,-0.464,-0.006,-0.002394,0.003186,0.000132,-0.002764,0.002430,0.000903
1790937485.929308,1790937486.032243,0.000426,0.000598,-0.000033,-0.699870,-0.002749,-0.002716,0.714260,-88.834,-0.443,-0.002,0.030505,0.042615,-0.006512,0.002567,0.000295,-0.000163
1790937485.962649,1790937486.069582,-0.000090,0.000432,-0.000064,-0.699950,-0.002645,-0.002605,0.714183,-88.847,-0.425,-0.001,-0.018086,-0.012062,0.001455,-0.003825,0.000300,-0.000163
1790937485.995989,1790937486.107035,-0.000550,-0.000917,0.000234,-0.699955,-0.002903,-0.002911,0.714175,-88.848,-0.471,-0.005,0.001983,-0.002566,0.000436,-0.000629,-0.002892,-0.000162
1790937486.029329,1790937486.146975,-0.000739,-0.001188,0.000299,-0.699913,-0.002920,-0.002945,0.714216,-88.841,-0.475,-0.007,-0.003995,-0.005922,0.001587,0.000435,-0.000753,-0.001226
1790937486.062670,1790937486.183985,-0.000222,-0.000524,0.000155,-0.699881,-0.002880,-0.002900,0.714248,-88.836,-0.468,-0.006,0.016876,0.020889,-0.004372,0.000434,-0.002893,-0.001226
1790937486.096009,1790937486.221978,-0.000566,-0.000772,0.000198,-0.699900,-0.002842,-0.002842,0.714229,-88.839,-0.461,-0.005,-0.009583,-0.006104,0.001203,0.001502,0.001370,-0.000161
1790937486.129349,1790937486.257145,-0.000513,-0.000865,0.000228,-0.699876,-0.002900,-0.002938,0.714252,-88.835,-0.473,-0.008,0.006895,0.012258,-0.002153,0.001501,-0.001828,-0.002293
1790937486.162690,1790937486.291170,-0.000635,-0.001067,0.000264,-0.699877,-0.002898,-0.002928,0.714252,-88.835,-0.472,-0.007,-0.003533,-0.005676,0.001123,-0.000629,-0.002891,-0.000161
1790937486.196030,1790937486.324796,0.000264,0.000248,0.000026,-0.699850,-0.002784,-0.002761,0.714279,-88.831,-0.449,-0.003,0.028155,0.039910,-0.006599,0.000439,-0.001829,0.000902
1790937486.229370,1790937486.360612,0.000072,0.000496,-0.000086,-0.699930,-0.002637,-0.002577,0.714202,-88.843,-0.423,0.001,-0.010853,-0.006911,0.000838,0.000439,-0.000760,0.000903
1790937486.262710,1790937486.399196,-0.000584,-0.000908,0.000222,-0.699943,-0.002795,-0.002804,0.714188,-88.846,-0.454,-0.005,-0.015907,-0.026125,0.005316,-0.001693,-0.001820,0.004098
1790937486.296051,1790937486.434774,-0.000778,-0.001482,0.000364,-0.699877,-0.002937,-0.002971,0.714251,-88.835,-0.479,-0.008,-0.003460,-0.009768,0.002454,0.001505,-0.001816,-0.001226
1790937486.329391,1790937486.468548,-0.000887,-0.001709,0.000404,-0.699829,-0.002964,-0.003018,0.714298,-88.827,-0.485,-0.009,-0.003816,-0.010255,0.002163,-0.000627,0.002443,0.000903
1790937486.362731,1790937486.507138,-0.000467,-0.001065,0.000274,-0.699812,-0.002938,-0.002957,0.714315,-88.825,-0.478,-0.006,0.012684,0.015935,-0.002900,0.001505,-0.002881,0.000903
1790937486.396071,1790937486.543642,-0.000535,-0.000903,0.000234,-0.699850,-0.002878,-0.002894,0.714278,-88.831,-0.468,-0.006,-0.001741,0.001608,-0.000156,-0.000626,0.002446,0.001970
1790937486.429412,1790937486.581904,-0.000909,-0.001496,0.000356,-0.699848,-0.002944,-0.002986,0.714280,-88.831,-0.480,-0.008,-0.009627,-0.010290,0.002038,0.001504,-0.000746,-0.001225
1790937486.462752,1790937486.618418,-0.000355,-0.000769,0.000215,-0.699820,-0.002925,-0.002952,0.714307,-88.826,-0.476,-0.007,0.016569,0.021379,-0.003625,0.001506,0.003509,0.000904
1790937486.496093,1790937486.652988,0.000043,0.000118,0.000023,-0.699868,-0.002777,-0.002748,0.714261,-88.834,-0.448,-0.002,0.011291,0.019289,-0.003329,-0.002753,-0.000752,-0.000161
1790937486.529432,1790937486.688092,-0.000519,-0.000617,0.000160,-0.699912,-0.002784,-0.002789,0.714219,-88.841,-0.452,-0.005,-0.014904,-0.014877,0.002744,0.001509,-0.000750,0.000903
1790937486.562772,1790937486.723412,0.000148,0.000074,0.000038,-0.699872,-0.002781,-0.002801,0.714257,-88.834,-0.452,-0.006,0.023417,0.030627,-0.005573,-0.000621,-0.002891,0.000902
1790937486.596112,1790937486.758138,-0.000347,-0.000224,0.000079,-0.699923,-0.002728,-0.002709,0.714208,-88.842,-0.441,-0.003,-0.016621,-0.015241,0.003115,-0.001686,-0.000756,0.001969
1790937486.629452,1790937486.795947,-0.000013,-0.000109,0.000077,-0.699902,-0.002791,-0.002782,0.714228,-88.839,-0.452,-0.004,0.016743,0.021087,-0.003412,-0.000619,-0.000760,-0.001228
1790937486.662793,1790937486.828778,-0.000471,-0.000589,0.000159,-0.699937,-0.002783,-0.002780,0.714194,-88.845,-0.451,-0.004,-0.013504,-0.017541,0.003611,0.001513,0.001379,-0.001227
1790937486.696133,1790937486.857997,-0.000349,-0.000773,0.000199,-0.699879,-0.002887,-0.002900,0.714250,-88.835,-0.469,-0.006,0.012167,0.011986,-0.002656,-0.001686,-0.001814,0.000903
1790937486.729473,1790937486.885781,-0.000376,-0.000508,0.000144,-0.699886,-0.002835,-0.002844,0.714243,-88.837,-0.460,-0.005,-0.000356,0.006240,-0.001217,0.000447,0.002445,0.001970
1790937486.762814,1790937486.916549,-0.000216,-0.000328,0.000101,-0.699888,-0.002813,-0.002803,0.714242,-88.837,-0.455,-0.004,0.006346,0.008748,-0.001804,0.001511,-0.000748,-0.002293
1790937486.796154,1790937486.946542,-0.000506,-0.000860,0.000210,-0.699882,-0.002820,-0.002826,0.714248,-88.836,-0.457,-0.005,-0.007238,-0.012924,0.002261,0.001509,0.002448,0.000903
1790937486.829493,1790937486.973915,-0.000062,-0.000160,0.000076,-0.699896,-0.002800,-0.002805,0.714234,-88.838,-0.454,-0.005,0.014225,0.023281,-0.004410,0.000444,-0.000752,-0.003357
1790937486.862833,1790937487.000712,-0.000093,-0.000005,0.000031,-0.699950,-0.002756,-0.002706,0.714181,-88.847,-0.443,-0.000,-0.000396,0.003381,-0.000842,0.001511,-0.000743,-0.003356
1790937486.896172,1790937487.028716,-0.000441,-0.000747,0.000191,-0.699939,-0.002805,-0.002794,0.714191,-88.845,-0.454,-0.004,-0.008146,-0.015699,0.003253,0.002576,0.000325,-0.000159
1790937486.929511,1790937487.056325,0.000058,0.000076,0.000030,-0.699931,-0.002775,-0.002748,0.714200,-88.844,-0.447,-0.002,0.016470,0.025718,-0.004741,-0.001686,0.000326,0.000905
1790937486.962850,1790937487.083558,-0.000009,0.000230,-0.000015,-0.699988,-0.002696,-0.002656,0.714145,-88.853,-0.434,-0.001,-0.001579,0.002044,-0.000067,-0.000617,0.001393,-0.000160
1790937486.996188,1790937487.112145,0.000227,0.000522,-0.000067,-0.699986,-0.002674,-0.002644,0.714147,-88.853,-0.431,-0.002,0.008606,0.012615,-0.001745,0.001517,0.000324,-0.002291
1790937487.029527,1790937487.138328,-0.000069,0.000023,0.000025,-0.700000,-0.002649,-0.002642,0.714133,-88.855,-0.429,-0.004,-0.008230,-0.013699,0.002877,-0.000614,-0.000740,0.000904
1790937487.062866,1790937487.166699,-0.000158,-0.000204,0.000083,-0.700013,-0.002715,-0.002725,0.714120,-88.857,-0.441,-0.005,-0.001843,-0.003120,0.001023,0.002582,0.000323,0.000904
1790937487.096205,1790937487.195139,-0.000209,-0.000273,0.000090,-0.700013,-0.002747,-0.002735,0.714120,-88.857,-0.444,-0.003,-0.001610,-0.003208,0.000748,-0.000614,-0.002868,0.000904
1790937487.129545,1790937487.222368,-0.000737,-0.001291,0.000307,-0.699967,-0.002832,-0.002848,0.714164,-88.850,-0.460,-0.006,-0.015556,-0.028730,0.005858,0.001517,-0.000735,0.001970
1790937487.162884,1790937487.249201,-0.000268,-0.000609,0.000178,-0.699914,-0.002885,-0.002866,0.714216,-88.841,-0.466,-0.003,0.016337,0.023605,-0.004263,-0.000613,-0.003924,-0.003357
1790937487.196223,1790937487.275877,0.000287,0.000526,-0.000080,-0.699963,-0.002709,-0.002686,0.714168,-88.849,-0.437,-0.002,0.017336,0.027710,-0.005707,-0.000614,-0.000732,-0.001226
1790937487.229562,1790937487.303861,-0.000398,-0.000398,0.000110,-0.699994,-0.002716,-0.002706,0.714139,-88.854,-0.439,-0.004,-0.018181,-0.020024,0.003623,0.000449,0.000338,0.001970
1790937487.262901,1790937487.331647,-0.000719,-0.001263,0.000316,-0.699933,-0.002904,-0.002950,0.714197,-88.844,-0.474,-0.008,-0.000091,-0.001310,0.000421,0.001514,0.000336,0.000903
1790937487.296240,1790937487.359884,-0.000147,-0.000251,0.000100,-0.699924,-0.002826,-0.002834,0.714206,-88.843,-0.459,-0.005,0.017131,0.027151,-0.005289,0.000449,-0.001798,-0.000163
1790937487.329579,1790937487.389126,0.000086,0.000351,-0.000032,-0.699992,-0.002699,-0.002686,0.714140,-88.854,-0.436,-0.003,0.007860,0.016712,-0.002869,-0.000613,0.000329,-0.005490
1790937487.362918,1790937487.430386,0.000370,0.000783,-0.000120,-0.700005,-0.002624,-0.002601,0.714129,-88.856,-0.423,-0.002,0.009627,0.015969,-0.002539,-0.001677,-0.002870,-0.003359
1790937487.396257,1790937487.463840,0.000332,0.000795,-0.000147,-0.700010,-0.002593,-0.002518,0.714124,-88.856,-0.414,0.002,0.000316,0.004251,-0.001403,0.000454,0.000330,-0.004422
1790937487.429595,1790937487.491710,0.000105,0.000309,-0.000029,-0.700027,-0.002619,-0.002593,0.714107,-88.859,-0.422,-0.002,-0.005245,-0.009910,0.002607,0.000456,0.001396,0.001969
1790937487.462934,1790937487.518890,-0.000645,-0.001043,0.000239,-0.700000,-0.002774,-0.002772,0.714132,-88.855,-0.449,-0.004,-0.021186,-0.034958,0.006382,-0.000613,-0.000724,0.004099
1790937487.496273,1790937487.545734,-0.000144,-0.000376,0.000138,-0.699952,-0.002814,-0.002833,0.714179,-88.847,-0.458,-0.006,0.017558,0.024292,-0.003872,0.002585,0.000335,-0.000163
1790937487.529612,1790937487.578886,-0.000180,-0.000251,0.000062,-0.699955,-0.002739,-0.002721,0.714177,-88.848,-0.442,-0.003,-0.002045,-0.002727,-0.000844,-0.000616,-0.000729,-0.002293
1790937487.562951,1790937487.614380,0.000044,0.000104,0.000002,-0.699964,-0.002738,-0.002709,0.714168,-88.849,-0.441,-0.002,0.008966,0.016947,-0.004227,0.002577,-0.001792,-0.001225
1790937487.596290,1790937487.642136,-0.000090,0.000032,0.000024,-0.700021,-0.002692,-0.002684,0.714112,-88.858,-0.436,-0.004,-0.002872,-0.000045,0.000025,0.000446,0.001405,0.001971
1790937487.629629,1790937487.680242,-0.000362,-0.000465,0.000131,-0.700016,-0.002742,-0.002766,0.714116,-88.857,-0.446,-0.006,-0.007846,-0.010002,0.002068,-0.000620,-0.000730,-0.000161
1790937487.662967,1790937487.718934,-0.000759,-0.001308,0.000316,-0.699958,-0.002877,-0.002883,0.714173,-88.848,-0.467,-0.005,-0.011965,-0.021885,0.004413,0.001510,0.001405,-0.001225
1790937487.696306,1790937487.755351,-0.000938,-0.001696,0.000409,-0.699910,-0.002981,-0.003029,0.714218,-88.841,-0.487,-0.009,-0.002181,-0.005869,0.001527,-0.001687,-0.001788,0.003035
1790937487.729645,1790937487.790167,-0.000222,-0.000594,0.000189,-0.699893,-0.002884,-0.002892,0.714236,-88.838,-0.468,-0.005,0.020430,0.025124,-0.003840,-0.000617,-0.000724,-0.001226
1790937487.762984,1790937487.825466,-0.000217,-0.000314,0.000105,-0.699952,-0.002781,-0.002753,0.714179,-88.847,-0.448,-0.002,0.000630,0.002577,-0.000110,-0.000615,0.000347,0.001971
1790937487.796323,1790937487.862188,0.000262,0.000549,-0.000058,-0.699980,-0.002692,-0.002657,0.714153,-88.852,-0.433,-0.001,0.016413,0.029206,-0.004673,0.000455,0.002472,0.001970
1790937487.829662,1790937487.896266,0.000221,0.000562,-0.000092,-0.700011,-0.002609,-0.002567,0.714122,-88.857,-0.419,-0.001,-0.000321,0.000378,-0.000225,0.000457,-0.000720,0.000904
1790937487.862999,1790937487.929668,-0.000301,-0.000354,0.000099,-0.700027,-0.002719,-0.002705,0.714106,-88.859,-0.440,-0.003,-0.013088,-0.019234,0.003741,-0.000609,-0.001775,-0.002290
1790937487.896338,1790937487.959435,-0.000198,-0.000329,0.000103,-0.699999,-0.002754,-0.002772,0.714133,-88.855,-0.448,-0.006,0.004063,0.003455,-0.000748,0.001520,0.001417,0.003037
1790937487.929676,1790937487.989029,-0.000649,-0.000967,0.000236,-0.699979,-0.002799,-0.002823,0.714152,-88.852,-0.456,-0.007,-0.014041,-0.019590,0.003878,0.001518,0.003549,-0.003355
1790937487.963014,1790937488.016089,0.000249,0.000265,0.000019,-0.699945,-0.002766,-0.002772,0.714186,-88.846,-0.449,-0.005,0.027314,0.037266,-0.006231,0.001520,-0.000720,-0.004420
1790937487.996352,1790937488.042184,-0.000206,-0.000108,0.000041,-0.700026,-0.002655,-0.002624,0.714108,-88.859,-0.428,-0.002,-0.017763,-0.023586,0.004022,0.000454,0.000351,-0.001223
1790937488.029691,1790937488.075295,-0.000842,-0.001503,0.000353,-0.699975,-0.002864,-0.002892,0.714155,-88.851,-0.466,-0.007,-0.016602,-0.029128,0.005891,-0.000613,0.002485,-0.000157
1790937488.063029,1790937488.106087,-0.000311,-0.000756,0.000202,-0.699916,-0.002867,-0.002891,0.714214,-88.841,-0.467,-0.007,0.014668,0.019053,-0.004030,0.000449,-0.001780,-0.005484
1790937488.096367,1790937488.139129,-0.000381,-0.000589,0.000161,-0.699964,-0.002807,-0.002809,0.714167,-88.849,-0.455,-0.005,-0.002904,-0.000647,0.000310,0.001518,0.000353,0.003039
1790937488.129706,1790937488.172630,-0.000291,-0.000501,0.000156,-0.699972,-0.002801,-0.002798,0.714159,-88.850,-0.454,-0.004,0.004468,0.006511,-0.000771,0.000453,-0.001775,0.000907
1790937488.163044,1790937488.206042,-0.000117,-0.000220,0.000090,-0.699991,-0.002753,-0.002743,0.714141,-88.853,-0.445,-0.004,0.006351,0.008186,-0.001257,-0.002741,0.001422,0.005167
1790937488.196382,1790937488.242670,-0.000617,-0.000957,0.000241,-0.699979,-0.002792,-0.002808,0.714152,-88.852,-0.454,-0.006,-0.013437,-0.018327,0.003769,-0.000612,-0.000702,-0.000158
1790937488.229720,1790937488.272734,-0.000228,-0.000420,0.000124,-0.699933,-0.002849,-0.002874,0.714197,-88.844,-0.464,-0.007,0.015291,0.024346,-0.005459,0.001517,-0.000706,0.005167
1790937488.263058,1790937488.308615,0.000682,0.001326,-0.000215,-0.699970,-0.002628,-0.002565,0.714163,-88.850,-0.421,0.001,0.027444,0.045934,-0.008116,-0.000611,0.000354,0.001973
1790937488.296396,1790937488.343821,0.000241,0.000814,-0.000183,-0.700031,-0.002539,-0.002492,0.714103,-88.860,-0.408,-0.000,-0.011234,-0.012253,0.000059,-0.002747,-0.000703,-0.001223
1790937488.329733,1790937488.375148,-0.000424,-0.000681,0.000159,-0.700044,-0.002741,-0.002717,0.714089,-88.862,-0.442,-0.002,-0.015531,-0.028841,0.005286,0.000443,0.000373,0.000909
1790937488.363071,1790937488.408567,-0.000227,-0.000569,0.000161,-0.699985,-0.002794,-0.002802,0.714146,-88.853,-0.453,-0.005,0.006860,0.004457,-0.000632,0.000444,0.001438,0.000909
1790937488.396410,1790937488.441901,-0.000656,-0.001063,0.000269,-0.699993,-0.002822,-0.002826,0.714138,-88.854,-0.458,-0.005,-0.012970,-0.018018,0.004311,0.002577,-0.001745,0.001976
1790937488.429748,1790937488.473383,-0.000977,-0.001722,0.000403,-0.699938,-0.002983,-0.003045,0.714191,-88.845,-0.488,-0.010,-0.002726,-0.005156,0.000619,0.003636,-0.003874,-0.002286
1790937488.463085,1790937488.514672,-0.000576,-0.001102,0.000285,-0.699917,-0.002965,-0.002994,0.714212,-88.842,-0.483,-0.007,0.012935,0.016677,-0.003136,0.000442,-0.000674,0.001977
1790937488.496423,1790937488.544624,-0.000240,-0.000410,0.000129,-0.699938,-0.002836,-0.002849,0.714192,-88.845,-0.461,-0.006,0.011081,0.018657,-0.003688,0.000445,-0.000677,-0.002284
1790937488.529761,1790937488.580883,-0.000361,-0.000466,0.000129,-0.699964,-0.002805,-0.002816,0.714167,-88.849,-0.455,-0.005,-0.002687,0.001575,-0.000374,0.001512,0.001450,-0.000152
1790937488.563099,1790937488.608519,-0.000680,-0.001170,0.000282,-0.699956,-0.002867,-0.002888,0.714174,-88.848,-0.466,-0.006,-0.008413,-0.014971,0.003020,-0.000620,0.002520,-0.005478
1790937488.596437,1790937488.641588,-0.000736,-0.001426,0.000350,-0.699902,-0.002907,-0.002955,0.714226,-88.839,-0.475,-0.009,-0.001117,-0.005907,0.001597,-0.000619,0.003583,-0.000152
1790937488.629775,1790937488.677634,-0.000294,-0.000459,0.000141,-0.699889,-0.002856,-0.002869,0.714240,-88.837,-0.464,-0.006,0.012637,0.025377,-0.004884,0.000446,-0.000681,0.003042
1790937488.663113,1790937488.709168,0.000620,0.001340,-0.000225,-0.699964,-0.002655,-0.002617,0.714169,-88.849,-0.427,-0.001,0.027536,0.049413,-0.008809,-0.000613,-0.000687,0.001977
1790937488.696451,1790937488.742630,-0.000109,0.000354,-0.000064,-0.700044,-0.002608,-0.002582,0.714091,-88.862,-0.420,-0.002,-0.020065,-0.024368,0.004100,0.000450,0.003577,-0.005481
1790937488.729788,1790937488.774392,-0.000285,-0.000525,0.000148,-0.700005,-0.002773,-0.002799,0.714127,-88.856,-0.451,-0.007,0.001897,-0.003277,0.000887,0.002582,0.001444,0.001977
1790937488.763125,1790937488.814827,-0.000537,-0.000826,0.000202,-0.699962,-0.002815,-0.002840,0.714169,-88.849,-0.458,-0.007,-0.007904,-0.010111,0.001775,0.001515,-0.000684,-0.000153
1790937488.796463,1790937488.852683,-0.000757,-0.001332,0.000325,-0.699935,-0.002892,-0.002924,0.714195,-88.844,-0.471,-0.007,-0.006351,-0.012591,0.002721,0.000448,0.002513,0.000912
1790937488.829802,1790937488.888958,-0.000703,-0.001282,0.000309,-0.699916,-0.002933,-0.002976,0.714213,-88.842,-0.479,-0.008,0.001972,0.000778,-0.000310,-0.000618,-0.004938,-0.000153
1790937488.863141,1790937488.925170,0.000355,0.000552,-0.000036,-0.699945,-0.002768,-0.002739,0.714186,-88.846,-0.446,-0.002,0.032321,0.049230,-0.008316,-0.001680,0.000383,0.004107
1790937488.896480,1790937488.957570,0.000336,0.001207,-0.000218,-0.699971,-0.002578,-0.002547,0.714162,-88.850,-0.415,-0.002,-0.001240,0.017500,-0.003499,0.002584,-0.003879,-0.001218
1790937488.929819,1790937488.991954,-0.000099,0.000077,0.000008,-0.700015,-0.002721,-0.002722,0.714118,-88.857,-0.441,-0.004,0.001837,0.010836,-0.002015,-0.000610,-0.000684,-0.002284
1790937488.963159,1790937489.025991,-0.000012,0.000105,0.000006,-0.699990,-0.002715,-0.002702,0.714142,-88.853,-0.439,-0.003,0.005361,0.010091,-0.001779,0.001522,0.003576,0.000912
1790937488.996498,1790937489.061949,-0.000445,-0.000573,0.000126,-0.699961,-0.002764,-0.002768,0.714171,-88.849,-0.448,-0.005,-0.010934,-0.013658,0.001666,0.001518,0.001450,-0.002283
1790937489.029837,1790937489.089935,-0.000379,-0.000625,0.000169,-0.699933,-0.002830,-0.002872,0.714197,-88.844,-0.462,-0.008,0.006645,0.011523,-0.002223,-0.000612,0.000383,0.001979
1790937489.063176,1790937489.117811,-0.000664,-0.001160,0.000269,-0.699939,-0.002852,-0.002871,0.714191,-88.845,-0.464,-0.006,-0.008266,-0.015600,0.002916,0.001518,-0.001744,-0.001217
1790937489.096515,1790937489.145525,-0.000505,-0.001016,0.000249,-0.699893,-0.002892,-0.002911,0.714236,-88.838,-0.470,-0.006,0.006412,0.008922,-0.001932,0.000448,-0.000679,-0.000152
1790937489.129854,1790937489.182304,-0.000300,-0.000486,0.000151,-0.699921,-0.002817,-0.002835,0.714209,-88.842,-0.458,-0.006,0.006146,0.013274,-0.002128,-0.002745,-0.000683,-0.002283
1790937489.163194,1790937489.213768,-0.000295,-0.000375,0.000114,-0.699965,-0.002805,-0.002805,0.714166,-88.849,-0.455,-0.005,0.001166,0.004784,-0.000952,-0.000613,-0.000680,0.000912
1790937489.196532,1790937489.239882,0.000129,0.000222,0.000002,-0.699994,-0.002738,-0.002722,0.714138,-88.854,-0.442,-0.003,0.014477,0.020043,-0.003437,0.000453,0.000382,0.000912
1790937489.229871,1790937489.291385,-0.000249,-0.000270,0.000080,-0.700022,-0.002708,-0.002719,0.714111,-88.858,-0.440,-0.005,-0.010400,-0.011611,0.001651,0.000451,0.000381,-0.001217
1790937489.263210,1790937489.319335,-0.000333,-0.000589,0.000165,-0.700028,-0.002767,-0.002798,0.714104,-88.859,-0.451,-0.007,-0.001914,-0.003024,0.000833,0.000449,0.000375,0.000911
1790937489.296549,1790937489.348592,-0.000324,-0.000501,0.000149,-0.700036,-0.002802,-0.002805,0.714097,-88.861,-0.454,-0.005,-0.000127,0.001699,-0.000249,0.002580,0.000378,0.000911
1790937489.329888,1790937489.378666,-0.000809,-0.001327,0.000319,-0.700045,-0.002865,-0.002917,0.714087,-88.862,-0.468,-0.009,-0.013600,-0.021579,0.004006,0.001512,0.001448,-0.002284
1790937489.363227,1790937489.412848,-0.000825,-0.001508,0.000369,-0.700003,-0.002980,-0.003047,0.714127,-88.856,-0.488,-0.010,0.004139,0.005091,-0.001188,-0.001687,0.000382,0.000913
1790937489.396566,1790937489.444149,-0.000672,-0.001100,0.000298,-0.699990,-0.002938,-0.002982,0.714141,-88.853,-0.480,-0.008,0.003518,0.008107,-0.000682,-0.001683,-0.002815,-0.002283
1790937489.429905,1790937489.479604,-0.000356,-0.000559,0.000186,-0.700005,-0.002860,-0.002891,0.714127,-88.856,-0.466,-0.007,0.009855,0.015650,-0.002083,-0.002743,-0.002819,0.003042
1790937489.463244,1790937489.509173,0.000169,0.000394,-0.000053,-0.700023,-0.002723,-0.002699,0.714110,-88.859,-0.439,-0.002,0.016890,0.028377,-0.005667,0.001525,0.001436,0.000911
1790937489.496583,1790937489.542904,0.000263,0.000639,-0.000127,-0.700027,-0.002595,-0.002568,0.714107,-88.859,-0.418,-0.002,0.003667,0.008502,-0.001561,-0.000604,0.000367,-0.000154
1790937489.529922,1790937489.580284,0.000392,0.000937,-0.000187,-0.700036,-0.002583,-0.002522,0.714098,-88.861,-0.414,0.001,0.005447,0.014001,-0.002760,-0.000606,-0.001762,0.003043
1790937489.563261,1790937489.614720,0.000576,0.001181,-0.000224,-0.700076,-0.002510,-0.002435,0.714060,-88.867,-0.401,0.002,0.007070,0.009552,-0.001236,-0.002733,-0.004957,-0.000154
1790937489.596600,1790937489.653009,-0.000090,0.000141,-0.000043,-0.700075,-0.002578,-0.002542,0.714060,-88.867,-0.415,-0.001,-0.018904,-0.026151,0.004344,0.001527,0.001432,-0.001218
1790937489.629939,1790937489.685132,-0.000503,-0.000927,0.000187,-0.700038,-0.002768,-0.002758,0.714095,-88.861,-0.448,-0.004,-0.011517,-0.025480,0.004419,0.002587,-0.001757,0.003043
1790937489.663277,1790937489.719583,-0.000659,-0.001157,0.000259,-0.700003,-0.002846,-0.002864,0.714129,-88.855,-0.463,-0.006,-0.004783,-0.008237,0.001803,-0.000610,-0.001753,-0.001217
1790937489.696616,1790937489.752648,-0.000062,-0.000194,0.000065,-0.699996,-0.002777,-0.002798,0.714136,-88.854,-0.452,-0.006,0.017186,0.022708,-0.003942,-0.001675,0.000370,0.001978
1790937489.729955,1790937489.785876,-0.000473,-0.000545,0.000110,-0.700018,-0.002745,-0.002743,0.714115,-88.858,-0.445,-0.004,-0.013282,-0.013508,0.002026,-0.001676,-0.001759,-0.001218
1790937489.763294,1790937489.819298,-0.000140,-0.000358,0.000093,-0.699995,-0.002802,-0.002796,0.714137,-88.854,-0.454,-0.004,0.013106,0.016247,-0.003099,-0.001676,0.000371,-0.002284
1790937489.796633,1790937489.854412,-0.000196,-0.000173,0.000054,-0.700031,-0.002705,-0.002714,0.714102,-88.860,-0.439,-0.005,-0.002729,0.000658,0.000455,-0.000606,0.003559,0.001978
1790937489.829972,1790937489.891721,0.000393,0.000565,-0.000102,-0.700015,-0.002641,-0.002611,0.714118,-88.857,-0.426,-0.002,0.018208,0.022425,-0.004156,0.000459,-0.000702,-0.004413
1790937489.863311,1790937489.928154,0.000620,0.001356,-0.000266,-0.700041,-0.002521,-0.002443,0.714094,-88.861,-0.402,0.002,0.007209,0.021103,-0.003731,-0.000602,0.001425,-0.000152
1790937489.896649,1790937489.966201,0.000329,0.000941,-0.000199,-0.700056,-0.002527,-0.002455,0.714079,-88.864,-0.404,0.002,-0.007393,-0.006539,0.000971,0.001529,-0.001767,0.000913
1790937489.929988,1790937489.999160,0.000394,0.000752,-0.000149,-0.700050,-0.002570,-0.002495,0.714085,-88.863,-0.411,0.002,0.003763,-0.000887,0.000247,0.000462,-0.001764,0.003044
1790937489.963327,1790937490.035143,0.000313,0.000677,-0.000137,-0.700051,-0.002553,-0.002489,0.714084,-88.863,-0.409,0.001,-0.001232,-0.002361,0.000383,0.000461,-0.001763,0.000913
1790937489.996666,1790937490.071050,0.000591,0.001127,-0.000218,-0.700043,-0.002519,-0.002450,0.714092,-88.862,-0.403,0.002,0.009080,0.013068,-0.002124,-0.000603,0.002495,-0.000151
1790937490.030005,1790937490.104126,0.000696,0.001504,-0.000310,-0.700058,-0.002452,-0.002369,0.714078,-88.864,-0.391,0.003,0.003061,0.008637,-0.002065,0.001527,-0.002831,-0.003347
1790937490.063343,1790937490.141448,-0.000162,-0.000063,0.000002,-0.700082,-0.002576,-0.002515,0.714053,-88.868,-0.413,0.001,-0.023870,-0.039175,0.007172,-0.000605,0.003568,0.001981
1790937490.096681,1790937490.179148,0.000268,0.000298,-0.000043,-0.700031,-0.002674,-0.002606,0.714103,-88.860,-0.428,0.001,0.014895,0.015219,-0.002422,0.000457,0.000378,0.001981
1790937490.130020,1790937490.213085,0.000061,0.000319,-0.000072,-0.700063,-0.002607,-0.002559,0.714072,-88.865,-0.419,-0.000,-0.007099,-0.006550,0.000791,0.000456,-0.001752,-0.000150
1790937490.163358,1790937490.248735,0.000003,0.000086,-0.000022,-0.700073,-0.002666,-0.002622,0.714061,-88.867,-0.429,-0.001,0.000588,-0.000118,-0.000568,0.001521,-0.000680,0.000915
1790937490.196697,1790937490.283070,0.000238,0.000545,-0.000107,-0.700083,-0.002602,-0.002594,0.714053,-88.868,-0.421,-0.004,0.007998,0.013350,-0.002489,0.000454,-0.001749,-0.002281
1790937490.230036,1790937490.317693,-0.000161,-0.000116,0.000024,-0.700092,-0.002629,-0.002600,0.714043,-88.870,-0.424,-0.002,-0.011393,-0.017379,0.003333,-0.000611,-0.001747,0.000915
1790937490.263374,1790937490.353999,0.000322,0.000418,-0.000032,-0.700055,-0.002628,-0.002610,0.714079,-88.864,-0.424,-0.003,0.015942,0.019627,-0.001951,-0.002739,0.001444,-0.000151
1790937490.296713,1790937490.391153,-0.000163,0.000019,-0.000019,-0.700074,-0.002602,-0.002574,0.714061,-88.867,-0.419,-0.002,-0.018592,-0.021858,0.003089,-0.001676,0.001446,-0.000150
1790937490.330051,1790937490.427665,0.000259,0.000367,-0.000042,-0.700070,-0.002653,-0.002622,0.714064,-88.866,-0.427,-0.002,0.014356,0.016609,-0.002084,0.000456,-0.001748,-0.001215
1790937490.363390,1790937490.464587,-0.000008,0.000281,-0.000064,-0.700104,-0.002586,-0.002582,0.714031,-88.871,-0.419,-0.004,-0.009726,-0.011904,0.001958,0.000456,0.002511,0.001981
1790937490.396729,1790937490.500564,0.000300,0.000591,-0.000104,-0.700100,-0.002599,-0.002572,0.714036,-88.871,-0.419,-0.002,0.010209,0.012899,-0.001943,0.000456,-0.002820,-0.001215
1790937490.430067,1790937490.534758,0.000176,0.000518,-0.000107,-0.700103,-0.002573,-0.002523,0.714032,-88.871,-0.413,0.000,-0.004275,-0.004817,0.000619,-0.000608,0.004637,0.004110
1790937490.463406,1790937490.570595,0.000330,0.000482,-0.000080,-0.700092,-0.002572,-0.002521,0.714044,-88.869,-0.413,0.000,0.006653,0.004306,-0.000008,0.001524,-0.000689,0.000914
1790937490.496744,1790937490.603537,0.000345,0.000683,-0.000137,-0.700084,-0.002542,-0.002485,0.714052,-88.868,-0.407,0.001,0.000583,0.003714,-0.000781,0.003652,-0.000687,-0.003347
1790937490.530082,1790937490.631653,-0.000235,-0.000214,0.000031,-0.700097,-0.002638,-0.002613,0.714038,-88.870,-0.425,-0.002,-0.016690,-0.022047,0.003471,0.000453,0.002508,-0.002281
1790937490.563420,1790937490.659087,0.000201,0.000333,-0.000046,-0.700072,-0.002660,-0.002632,0.714063,-88.866,-0.429,-0.002,0.013091,0.018073,-0.003061,-0.001678,0.000373,0.003045
1790937490.596759,1790937490.685092,0.000713,0.001352,-0.000255,-0.700087,-0.002494,-0.002428,0.714049,-88.869,-0.399,0.001,0.014236,0.022233,-0.003727,0.000455,-0.001762,-0.002283
1790937490.630097,1790937490.714487,-0.000012,0.000144,-0.000041,-0.700120,-0.002566,-0.002502,0.714017,-88.874,-0.411,0.001,-0.017571,-0.027077,0.004274,0.000454,-0.001754,-0.000151
1790937490.663436,1790937490.740427,0.000102,0.000199,-0.000030,-0.700091,-0.002655,-0.002624,0.714043,-88.869,-0.428,-0.002,0.005545,0.009698,-0.001636,0.001520,-0.002822,0.000913
1790937490.696774,1790937490.768994,0.000272,0.000524,-0.000101,-0.700094,-0.002589,-0.002535,0.714042,-88.870,-0.415,0.000,0.004721,0.005292,-0.000674,0.000454,0.003570,-0.000152
1790937490.730113,1790937490.799464,0.000418,0.000993,-0.000198,-0.700107,-0.002549,-0.002500,0.714029,-88.872,-0.409,-0.000,0.005445,0.015681,-0.002974,-0.002742,-0.000692,-0.000152
1790937490.763451,1790937490.828016,0.000074,0.000304,-0.000061,-0.700141,-0.002562,-0.002529,0.713996,-88.877,-0.413,-0.001,-0.008950,-0.017305,0.003431,-0.000610,-0.002818,0.001978
1790937490.796790,1790937490.856492,-0.000507,-0.000807,0.000182,-0.700136,-0.002695,-0.002710,0.713999,-88.877,-0.438,-0.005,-0.016192,-0.027280,0.005990,0.001522,-0.000685,-0.001218
1790937490.830128,1790937490.883841,-0.000230,-0.000542,0.000132,-0.700088,-0.002759,-0.002752,0.714046,-88.869,-0.447,-0.004,0.007792,0.005618,-0.000630,-0.001677,-0.000687,0.003042
1790937490.863467,1790937490.913120,0.000194,0.000410,-0.000065,-0.700088,-0.002640,-0.002622,0.714047,-88.869,-0.426,-0.003,0.011333,0.021349,-0.003587,0.001523,0.000371,-0.001219
1790937490.896806,1790937490.941757,0.000675,0.001336,-0.000257,-0.700094,-0.002501,-0.002446,0.714042,-88.870,-0.401,0.001,0.014479,0.026251,-0.004853,-0.000608,-0.000702,-0.001219
1790937490.930145,1790937490.976724,0.000001,0.000333,-0.000088,-0.700135,-0.002567,-0.002503,0.714001,-88.876,-0.411,0.001,-0.016219,-0.019825,0.002456,0.001522,-0.001756,0.001977
1790937490.963484,1790937491.009014,0.000479,0.000856,-0.000140,-0.700113,-0.002590,-0.002541,0.714023,-88.873,-0.416,-0.000,0.016796,0.022326,-0.002969,-0.002738,-0.000694,0.000910
1790937490.996822,1790937491.040819,-0.000271,-0.000209,0.000021,-0.700128,-0.002614,-0.002565,0.714008,-88.875,-0.420,-0.000,-0.023318,-0.036304,0.005891,-0.000609,-0.001746,-0.001217
1790937491.030160,1790937491.073706,0.000261,0.000299,-0.000012,-0.700079,-0.002658,-0.002638,0.714055,-88.868,-0.429,-0.003,0.019032,0.023156,-0.002857,-0.000609,0.002508,-0.000154
1790937491.063499,1790937491.105501,-0.000223,-0.000127,0.000013,-0.700112,-0.002586,-0.002575,0.714023,-88.873,-0.418,-0.003,-0.021381,-0.029820,0.005014,0.000455,0.002509,0.000911
1790937491.096838,1790937491.140782,0.000252,0.000425,-0.000054,-0.700093,-0.002653,-0.002637,0.714042,-88.870,-0.429,-0.003,0.014844,0.020987,-0.003199,-0.001678,-0.000689,-0.001219
1790937491.130177,1790937491.174728,-0.000013,0.000155,-0.000037,-0.700124,-0.002572,-0.002541,0.714012,-88.875,-0.414,-0.002,-0.014330,-0.023454,0.004161,0.000454,0.000375,-0.000154
1790937491.163516,1790937491.210525,0.000209,0.000238,-0.000025,-0.700090,-0.002610,-0.002569,0.714045,-88.869,-0.420,-0.001,0.007413,0.005672,-0.000133,0.000455,-0.000693,0.001977
1790937491.196855,1790937491.241839,0.000665,0.001337,-0.000254,-0.700097,-0.002502,-0.002429,0.714040,-88.870,-0.400,0.002,0.012780,0.026229,-0.004513,-0.002739,0.002498,-0.000155
1790937491.230193,1790937491.278791,0.000157,0.000464,-0.000096,-0.700148,-0.002504,-0.002459,0.713989,-88.879,-0.402,-0.000,-0.014478,-0.024728,0.004646,-0.000607,-0.000693,-0.000155
1790937491.263532,1790937491.311531,0.000129,0.000152,-0.000025,-0.700091,-0.002599,-0.002554,0.714044,-88.869,-0.418,-0.000,0.000950,-0.002639,0.000541,0.000457,0.000372,0.003041
1790937491.296871,1790937491.345035,0.000350,0.000756,-0.000143,-0.700081,-0.002574,-0.002509,0.714054,-88.868,-0.412,0.001,0.006113,0.014677,-0.002637,0.000456,-0.002825,0.001977
1790937491.330209,1790937491.391074,-0.000343,-0.000523,0.000095,-0.700108,-0.002658,-0.002612,0.714027,-88.872,-0.427,-0.000,-0.019276,-0.033876,0.005800,0.000453,0.001445,-0.000154
1790937491.363548,1790937491.420917,0.000303,0.000396,-0.000027,-0.700059,-0.002662,-0.002654,0.714075,-88.864,-0.431,-0.004,0.021755,0.032949,-0.004952,0.000454,-0.001754,-0.001220
1790937491.396887,1790937491.446664,0.000470,0.001021,-0.000199,-0.700118,-0.002475,-0.002407,0.714019,-88.874,-0.396,0.002,-0.005279,-0.006124,0.001217,0.000456,0.001438,-0.001219
1790937491.430224,1790937491.478005,0.000676,0.001317,-0.000252,-0.700131,-0.002480,-0.002393,0.714006,-88.876,-0.395,0.003,0.007945,0.013220,-0.002121,0.000458,-0.004949,-0.000154
1790937491.463563,1790937491.512488,0.000479,0.001121,-0.000238,-0.700147,-0.002475,-0.002386,0.713990,-88.878,-0.394,0.003,-0.005887,-0.007841,0.000937,-0.000608,-0.002813,-0.000153
1790937491.496902,1790937491.547087,0.000548,0.001043,-0.000196,-0.700154,-0.002482,-0.002415,0.713983,-88.879,-0.397,0.002,0.003842,0.000856,0.000587,-0.000607,-0.001746,-0.000153
1790937491.530240,1790937491.576672,-0.000162,-0.000018,-0.000008,-0.700163,-0.002573,-0.002550,0.713974,-88.881,-0.415,-0.002,-0.020422,-0.029353,0.005024,0.001523,0.004651,-0.000153
1790937491.563579,1790937491.613212,0.000087,0.000101,-0.000008,-0.700123,-0.002638,-0.002650,0.714013,-88.874,-0.428,-0.005,0.007263,0.005891,-0.000865,-0.000611,0.004636,0.000911
1790937491.596917,1790937491.644908,0.000671,0.001176,-0.000207,-0.700098,-0.002508,-0.002447,0.714038,-88.870,-0.402,0.001,0.015135,0.023011,-0.003549,-0.000609,-0.000693,-0.002285
1790937491.630256,1790937491.675607,0.000062,0.000277,-0.000072,-0.700134,-0.002550,-0.002477,0.714003,-88.876,-0.407,0.002,-0.015728,-0.023287,0.003243,0.001521,-0.000681,-0.000153
1790937491.663594,1790937491.710635,-0.000033,-0.000105,0.000026,-0.700123,-0.002648,-0.002621,0.714012,-88.875,-0.427,-0.002,-0.000186,-0.002999,0.000675,-0.001679,0.000384,0.004108
1790937491.696933,1790937491.748212,0.000265,0.000534,-0.000087,-0.700134,-0.002615,-0.002572,0.714002,-88.876,-0.420,-0.001,0.008462,0.015079,-0.002111,0.001522,-0.000681,-0.007610
1790937491.730272,1790937491.785803,0.000218,0.000561,-0.000118,-0.700145,-0.002573,-0.002530,0.713991,-88.878,-0.414,-0.001,-0.000961,0.000509,-0.000269,-0.001675,-0.001746,0.005173
1790937491.763610,1790937491.818540,-0.000083,0.000096,-0.000027,-0.700159,-0.002619,-0.002589,0.713978,-88.880,-0.422,-0.002,-0.008041,-0.008380,0.001409,0.000455,0.004644,-0.004413
1790937491.796948,1790937491.851399,0.000364,0.000619,-0.000094,-0.700154,-0.002598,-0.002576,0.713982,-88.879,-0.419,-0.002,0.013192,0.014973,-0.001389,0.000457,0.002506,0.003043
1790937491.830287,1790937491.886044,0.000009,0.000302,-0.000071,-0.700165,-0.002567,-0.002520,0.713972,-88.881,-0.412,-0.000,-0.012324,-0.015209,0.002752,-0.000606,-0.000685,-0.002284
1790937491.863626,1790937491.920908,0.000455,0.000649,-0.000115,-0.700128,-0.002588,-0.002536,0.714009,-88.875,-0.415,0.000,0.015460,0.014481,-0.002122,0.001523,0.001446,-0.001218
1790937491.896964,1790937491.949377,0.000873,0.001873,-0.000374,-0.700141,-0.002404,-0.002333,0.713996,-88.877,-0.384,0.002,0.009731,0.023807,-0.004463,0.000457,0.000374,0.000910
1790937491.930304,1790937491.978018,-0.000192,-0.000077,0.000010,-0.700198,-0.002519,-0.002500,0.713939,-88.887,-0.407,-0.002,-0.026554,-0.044425,0.008493,-0.002737,0.000379,0.000910
1790937491.963642,1790937492.011153,0.000133,0.000023,0.000022,-0.700135,-0.002657,-0.002623,0.714001,-88.876,-0.428,-0.001,0.012928,0.012963,-0.001680,0.000459,0.002509,0.000910
1790937491.996981,1790937492.051483,0.000252,0.000594,-0.000123,-0.700136,-0.002570,-0.002518,0.714000,-88.877,-0.412,0.000,0.001686,0.006351,-0.001432,0.001525,0.001445,0.001977
1790937492.030320,1790937492.081851,0.000509,0.001017,-0.000211,-0.700139,-0.002515,-0.002461,0.713998,-88.877,-0.403,0.000,0.008613,0.014737,-0.003060,0.000458,-0.001753,0.000910
1790937492.063659,1790937492.111816,0.000597,0.001309,-0.000269,-0.700170,-0.002475,-0.002398,0.713968,-88.882,-0.395,0.002,0.003877,0.010428,-0.001909,0.001524,0.001443,0.000910
1790937492.096998,1790937492.145292,0.000524,0.001081,-0.000215,-0.700185,-0.002462,-0.002402,0.713953,-88.884,-0.394,0.001,-0.000655,-0.003226,0.001001,0.000460,0.002507,-0.001218
1790937492.130337,1790937492.177732,0.000247,0.000666,-0.000140,-0.700170,-0.002511,-0.002472,0.713967,-88.882,-0.404,-0.001,-0.007571,-0.008902,0.001681,-0.000604,0.003574,0.000911
1790937492.163676,1790937492.212698,0.000285,0.000641,-0.000123,-0.700180,-0.002560,-0.002510,0.713958,-88.884,-0.411,0.000,0.001273,0.000002,0.000604,0.001528,-0.002816,-0.000153
1790937492.197015,1790937492.249484,0.000290,0.000558,-0.000115,-0.700170,-0.002557,-0.002488,0.713967,-88.882,-0.409,0.002,0.000472,-0.003523,0.000613,-0.004866,0.001445,0.000912
1790937492.230354,1790937492.278633,-0.000093,-0.000009,0.000009,-0.700179,-0.002626,-0.002577,0.713958,-88.884,-0.422,-0.000,-0.010322,-0.014200,0.003278,0.000462,-0.002808,-0.000152
1790937492.263693,1790937492.311691,0.000245,0.000449,-0.000079,-0.700160,-0.002622,-0.002575,0.713976,-88.881,-0.421,-0.000,0.010868,0.013518,-0.002087,0.002594,0.000386,-0.004413
1790937492.297031,1790937492.339841,0.000216,0.000526,-0.000117,-0.700150,-0.002573,-0.002536,0.713987,-88.879,-0.414,-0.001,-0.001170,-0.001002,-0.000190,-0.002733,-0.002811,-0.003347
1790937492.330369,1790937492.380526,0.000619,0.001057,-0.000186,-0.700149,-0.002528,-0.002457,0.713988,-88.879,-0.404,0.002,0.013454,0.016926,-0.001755,0.000467,-0.001741,-0.001215
1790937492.363708,1790937492.411600,-0.000459,-0.000376,0.000074,-0.700185,-0.002624,-0.002591,0.713952,-88.884,-0.423,-0.001,-0.029685,-0.037098,0.006501,-0.000599,0.000395,0.000916
1790937492.397047,1790937492.443656,-0.000167,-0.000437,0.000114,-0.700134,-0.002785,-0.002784,0.714001,-88.876,-0.451,-0.004,0.016425,0.017433,-0.003316,0.000464,0.000393,0.003047
1790937492.430386,1790937492.475079,0.000087,0.000238,-0.000046,-0.700158,-0.002659,-0.002616,0.713979,-88.880,-0.427,-0.001,0.007147,0.012488,-0.002651,0.000464,-0.001734,-0.000149
1790937492.463724,1790937492.513306,0.000532,0.001073,-0.000202,-0.700174,-0.002552,-0.002509,0.713963,-88.883,-0.410,-0.000,0.014963,0.026316,-0.004567,-0.002728,0.001456,0.001982
1790937492.497063,1790937492.540185,0.000953,0.001892,-0.000368,-0.700173,-0.002383,-0.002295,0.713966,-88.882,-0.379,0.003,0.013401,0.023513,-0.003410,0.001540,0.002515,-0.000152
1790937492.530402,1790937492.580791,-0.000154,0.000059,-0.000032,-0.700199,-0.002539,-0.002487,0.713939,-88.887,-0.407,0.000,-0.025849,-0.037336,0.006220,-0.002724,-0.001737,0.005174
1790937492.563740,1790937492.610108,0.000060,-0.000075,0.000048,-0.700164,-0.002661,-0.002631,0.713972,-88.881,-0.429,-0.002,0.009935,0.007933,-0.000189,-0.000591,0.000392,-0.000152
1790937492.597079,1790937492.647851,-0.000217,-0.000282,0.000064,-0.700166,-0.002648,-0.002634,0.713971,-88.881,-0.428,-0.003,-0.009123,-0.012108,0.002364,-0.003786,-0.001733,0.000913
1790937492.630418,1790937492.678383,-0.000190,-0.000349,0.000085,-0.700162,-0.002709,-0.002684,0.713974,-88.881,-0.437,-0.002,0.002121,0.001061,0.000320,-0.002720,0.000400,-0.004412
1790937492.663757,1790937492.711280,0.000131,0.000191,-0.000026,-0.700152,-0.002647,-0.002631,0.713984,-88.879,-0.428,-0.003,0.009813,0.013034,-0.001991,0.000477,-0.000669,-0.000152
1790937492.697095,1790937492.749101,0.000236,0.000490,-0.000093,-0.700145,-0.002573,-0.002539,0.713992,-88.878,-0.414,-0.001,0.003622,0.008517,-0.001626,0.000477,0.000395,0.003044
1790937492.730434,1790937492.778423,0.000632,0.001383,-0.000260,-0.700155,-0.002508,-0.002449,0.713983,-88.880,-0.402,0.001,0.012435,0.027710,-0.004405,0.000481,0.000389,-0.003348
1790937492.763772,1790937492.820171,0.000631,0.001359,-0.000275,-0.700193,-0.002440,-0.002361,0.713946,-88.886,-0.389,0.003,0.000285,-0.001715,0.000770,-0.001647,-0.000671,-0.000152
1790937492.797110,1790937492.856092,0.000556,0.001086,-0.000231,-0.700182,-0.002455,-0.002381,0.713956,-88.884,-0.392,0.002,0.000149,-0.003200,0.000355,-0.000580,-0.000669,-0.001216
1790937492.830449,1790937492.893441,0.000214,0.000517,-0.000124,-0.700171,-0.002515,-0.002464,0.713967,-88.882,-0.403,0.000,-0.009232,-0.014172,0.002355,-0.001650,-0.001730,-0.001215
1790937492.863789,1790937492.929069,-0.000206,-0.000341,0.000064,-0.700177,-0.002645,-0.002621,0.713960,-88.883,-0.427,-0.002,-0.011419,-0.021269,0.003838,0.000477,0.000409,0.003046
1790937492.897128,1790937492.964855,0.000367,0.000454,-0.000054,-0.700146,-0.002590,-0.002584,0.713990,-88.878,-0.419,-0.004,0.017161,0.020488,-0.002718,-0.001653,-0.000663,-0.000151
1790937492.930468,1790937493.001327,0.000285,0.000707,-0.000144,-0.700178,-0.002496,-0.002436,0.713960,-88.883,-0.400,0.001,-0.008461,-0.008396,0.001862,-0.000585,-0.002791,0.004110
1790937492.963808,1790937493.036823,0.000403,0.000829,-0.000162,-0.700191,-0.002523,-0.002485,0.713947,-88.885,-0.406,-0.001,0.004743,0.007727,-0.001183,0.000479,0.001466,0.000914
1790937492.997148,1790937493.074355,0.000250,0.000617,-0.000136,-0.700200,-0.002528,-0.002483,0.713937,-88.887,-0.406,-0.000,-0.004292,-0.006017,0.000713,0.003674,-0.000661,0.000914
1790937493.030487,1790937493.111367,0.000646,0.001129,-0.000220,-0.700163,-0.002502,-0.002430,0.713974,-88.881,-0.400,0.002,0.013164,0.016913,-0.003068,0.000475,0.000403,-0.001215
1790937493.063827,1790937493.146040,-0.000422,-0.000391,0.000064,-0.700188,-0.002598,-0.002577,0.713950,-88.885,-0.419,-0.002,-0.029446,-0.039175,0.006410,-0.001660,0.003604,-0.000150
1790937493.097166,1790937493.182354,0.000002,-0.000281,0.000086,-0.700143,-0.002729,-0.002710,0.713992,-88.878,-0.441,-0.003,0.016405,0.015048,-0.002327,0.000471,-0.001718,-0.003345
1790937493.130506,1790937493.218899,-0.000375,-0.000459,0.000091,-0.700159,-0.002693,-0.002683,0.713977,-88.880,-0.436,-0.003,-0.012618,-0.012284,0.001989,-0.000595,0.000414,-0.000148
1790937493.163846,1790937493.254776,0.000363,0.000552,-0.000075,-0.700144,-0.002649,-0.002631,0.713992,-88.878,-0.428,-0.003,0.023065,0.032210,-0.005274,-0.000596,-0.001720,0.000915
1790937493.197184,1790937493.291446,0.000087,0.000454,-0.000100,-0.700202,-0.002534,-0.002495,0.713936,-88.887,-0.408,-0.001,-0.012800,-0.014718,0.002464,0.000471,-0.002783,0.000916
1790937493.230524,1790937493.319649,-0.000014,0.000043,-0.000009,-0.700210,-0.002618,-0.002607,0.713928,-88.888,-0.423,-0.003,-0.000931,-0.003710,0.000633,-0.000596,0.000414,0.000915
1790937493.263863,1790937493.347036,-0.000067,-0.000053,0.000020,-0.700210,-0.002650,-0.002626,0.713928,-88.888,-0.427,-0.002,-0.001192,-0.003666,0.001062,0.003664,0.002545,0.004111
1790937493.297203,1790937493.373625,-0.000404,-0.000786,0.000167,-0.700198,-0.002726,-0.002695,0.713938,-88.887,-0.439,-0.002,-0.008431,-0.019923,0.003999,0.000469,-0.002767,-0.002279
1790937493.330543,1790937493.404418,0.000172,0.000205,-0.000015,-0.700163,-0.002673,-0.002673,0.713973,-88.881,-0.433,-0.004,0.017983,0.027397,-0.004234,-0.000593,0.000423,0.004112
1790937493.363882,1790937493.432070,-0.000502,-0.000592,0.000120,-0.700180,-0.002684,-0.002680,0.713956,-88.884,-0.435,-0.004,-0.021238,-0.026754,0.004963,-0.001661,-0.000639,0.003048
1790937493.397222,1790937493.458824,0.000139,0.000034,0.000034,-0.700132,-0.002718,-0.002723,0.714004,-88.876,-0.441,-0.005,0.025104,0.032637,-0.005542,-0.000594,0.001486,0.001982
1790937493.430561,1790937493.485870,-0.000357,-0.000371,0.000067,-0.700193,-0.002633,-0.002618,0.713944,-88.886,-0.425,-0.003,-0.020104,-0.026227,0.004650,-0.000595,0.000426,0.000916
1790937493.463901,1790937493.516785,0.000242,0.000180,-0.000006,-0.700154,-0.002668,-0.002641,0.713982,-88.879,-0.430,-0.002,0.020520,0.023134,-0.003327,0.001538,0.000426,0.000916
1790937493.497240,1790937493.547172,0.000186,0.000574,-0.000132,-0.700173,-0.002550,-0.002524,0.713964,-88.883,-0.411,-0.002,-0.003094,0.002896,-0.001138,0.000470,-0.001706,-0.001214
1790937493.530580,1790937493.579415,0.000753,0.001421,-0.000269,-0.700182,-0.002504,-0.002446,0.713955,-88.884,-0.401,0.001,0.018308,0.028329,-0.004738,-0.000594,-0.000643,-0.002280
1790937493.563920,1790937493.613089,0.000276,0.000779,-0.000169,-0.700215,-0.002457,-0.002423,0.713923,-88.889,-0.395,-0.001,-0.014775,-0.020075,0.003352,0.000471,-0.002775,-0.001214
1790937493.597259,1790937493.645050,0.000462,0.000816,-0.000153,-0.700205,-0.002530,-0.002473,0.713933,-88.888,-0.405,0.001,0.007116,0.006876,-0.000635,0.000472,-0.002772,-0.002279
1790937493.630598,1790937493.686797,0.000498,0.001045,-0.000220,-0.700206,-0.002482,-0.002417,0.713932,-88.888,-0.397,0.001,0.001606,0.002892,-0.000829,0.001537,-0.000636,0.000917
1790937493.663937,1790937493.720574,-0.000349,-0.000257,0.000036,-0.700244,-0.002611,-0.002605,0.713894,-88.894,-0.423,-0.004,-0.023625,-0.031136,0.005367,0.001536,-0.001697,-0.004408
1790937493.697276,1790937493.753543,0.000094,-0.000014,0.000028,-0.700179,-0.002702,-0.002695,0.713957,-88.884,-0.437,-0.004,0.015010,0.014400,-0.002168,0.000467,-0.000634,-0.004407
1790937493.730616,1790937493.787819,-0.000108,-0.000043,-0.000004,-0.700196,-0.002589,-0.002585,0.713941,-88.886,-0.419,-0.004,-0.012817,-0.019271,0.002966,0.001531,0.001497,-0.001211
1790937493.763956,1790937493.822542,0.000314,0.000494,-0.000066,-0.700184,-0.002608,-0.002597,0.713953,-88.884,-0.422,-0.003,0.013564,0.018945,-0.002447,-0.000599,-0.002767,0.000917
1790937493.797295,1790937493.857172,0.000344,0.000871,-0.000186,-0.700203,-0.002510,-0.002451,0.713935,-88.887,-0.402,0.001,-0.005291,-0.004055,0.000282,0.000466,0.000430,-0.000146
1790937493.830636,1790937493.893575,0.000045,0.000115,-0.000018,-0.700226,-0.002588,-0.002530,0.713912,-88.891,-0.415,0.001,-0.007101,-0.015978,0.003432,-0.001664,-0.000630,0.001985
1790937493.863978,1790937493.928835,-0.000155,-0.000255,0.000069,-0.700214,-0.002645,-0.002638,0.713923,-88.889,-0.428,-0.004,-0.004822,-0.008620,0.002425,0.000468,0.001502,-0.002277
1790937493.897321,1790937493.965788,0.000275,0.000481,-0.000075,-0.700191,-0.002615,-0.002592,0.713946,-88.885,-0.422,-0.002,0.012305,0.016893,-0.002360,-0.000594,-0.000629,-0.001211
1790937493.930663,1790937494.001118,-0.000376,-0.000312,0.000058,-0.700213,-0.002643,-0.002631,0.713924,-88.889,-0.427,-0.003,-0.020071,-0.026127,0.004726,-0.000595,0.000440,-0.003341
1790937493.964006,1790937494.036397,0.000158,0.000094,0.000024,-0.700150,-0.002707,-0.002683,0.713985,-88.879,-0.437,-0.002,0.020221,0.023872,-0.003635,0.001536,-0.001691,-0.002276
1790937493.997349,1790937494.073328,-0.000294,-0.000267,0.000039,-0.700172,-0.002635,-0.002613,0.713964,-88.882,-0.425,-0.002,-0.018918,-0.024590,0.003776,0.001536,0.002571,-0.001209
1790937494.030692,1790937494.111644,-0.000909,-0.001646,0.000348,-0.700155,-0.002846,-0.002882,0.713980,-88.880,-0.464,-0.007,-0.014813,-0.024445,0.004469,0.003660,0.001511,-0.003339
1790937494.064034,1790937494.148361,0.000001,-0.000424,0.000148,-0.700095,-0.002776,-0.002791,0.714039,-88.870,-0.451,-0.006,0.024620,0.027824,-0.004025,-0.000598,-0.001687,-0.001209
1790937494.097376,1790937494.178379,-0.000343,-0.000433,0.000084,-0.700156,-0.002642,-0.002628,0.713980,-88.880,-0.427,-0.003,-0.020159,-0.026388,0.004734,0.001534,0.000445,-0.000143
1790937494.130719,1790937494.212679,-0.000291,-0.000610,0.000123,-0.700138,-0.002774,-0.002757,0.713997,-88.877,-0.448,-0.003,0.003526,0.002021,-0.001139,0.001529,-0.004875,0.001989
1790937494.164062,1790937494.251215,-0.000424,-0.000667,0.000148,-0.700152,-0.002749,-0.002770,0.713983,-88.879,-0.447,-0.006,-0.004277,-0.006105,0.001611,-0.000602,0.001516,0.003053
1790937494.197405,1790937494.285064,-0.000272,-0.000507,0.000123,-0.700156,-0.002727,-0.002768,0.713979,-88.880,-0.445,-0.008,0.004268,0.004572,-0.000115,-0.000600,0.003639,-0.000144
1790937494.230748,1790937494.319820,0.000322,0.000518,-0.000066,-0.700147,-0.002606,-0.002618,0.713989,-88.878,-0.423,-0.005,0.015781,0.024329,-0.003293,0.000467,-0.002763,0.003051
1790937494.264091,1790937494.355384,0.000583,0.001316,-0.000268,-0.700162,-0.002482,-0.002405,0.713976,-88.881,-0.396,0.002,0.002818,0.012616,-0.002547,0.002600,-0.003829,0.000920
1790937494.297434,1790937494.392795,0.000196,0.000512,-0.000113,-0.700194,-0.002536,-0.002462,0.713944,-88.886,-0.405,0.002,-0.009392,-0.017338,0.003368,0.000469,-0.000624,-0.002275
1790937494.330777,1790937494.429774,0.000199,0.000444,-0.000085,-0.700183,-0.002578,-0.002541,0.713955,-88.884,-0.415,-0.001,0.001795,0.002253,-0.000033,-0.000595,0.001505,0.003051
1790937494.364120,1790937494.462249,0.000100,0.000347,-0.000067,-0.700179,-0.002579,-0.002550,0.713958,-88.883,-0.416,-0.002,-0.003327,-0.004265,0.001293,0.001537,0.001502,0.000919
1790937494.397463,1790937494.495195,0.000494,0.000822,-0.000156,-0.700150,-0.002543,-0.002514,0.713986,-88.879,-0.410,-0.002,0.011759,0.013339,-0.002223,0.000469,0.000432,0.000919
1790937494.430807,1790937494.527761,0.000640,0.001389,-0.000285,-0.700167,-0.002424,-0.002361,0.713971,-88.881,-0.388,0.001,0.001269,0.008137,-0.001703,-0.001662,0.000430,-0.001210
1790937494.464150,1790937494.564173,0.000618,0.001349,-0.000275,-0.700184,-0.002433,-0.002367,0.713954,-88.884,-0.389,0.002,-0.000122,0.001787,0.000046,0.000470,-0.000639,-0.000146
1790937494.497493,1790937494.601482,0.000207,0.000493,-0.000111,-0.700177,-0.002514,-0.002446,0.713960,-88.883,-0.402,0.002,-0.011664,-0.021862,0.004128,-0.001661,-0.001699,-0.001210
1790937494.530835,1790937494.638683,0.000551,0.000866,-0.000157,-0.700143,-0.002529,-0.002457,0.713994,-88.878,-0.404,0.002,0.011226,0.011658,-0.001510,-0.001662,0.001496,0.001987
1790937494.564179,1790937494.673290,0.000118,0.000493,-0.000114,-0.700173,-0.002500,-0.002458,0.713964,-88.883,-0.402,-0.000,-0.014982,-0.016722,0.002701,-0.002727,0.000433,-0.002276
1790937494.597522,1790937494.709580,-0.000062,-0.000073,0.000007,-0.700177,-0.002637,-0.002616,0.713960,-88.883,-0.426,-0.002,-0.003776,-0.008940,0.001430,-0.001665,0.000435,-0.002275
1790937494.630865,1790937494.745493,0.000063,0.000083,-0.000004,-0.700177,-0.002635,-0.002613,0.713959,-88.883,-0.425,-0.002,0.003630,0.002882,0.000156,0.000467,0.000434,0.000921
1790937494.664209,1790937494.781121,0.000180,0.000401,-0.000076,-0.700164,-0.002611,-0.002567,0.713972,-88.881,-0.420,-0.001,0.003597,0.007810,-0.001483,0.002599,0.002563,-0.000143
1790937494.697552,1790937494.817920,-0.000382,-0.000465,0.000083,-0.700181,-0.002671,-0.002663,0.713956,-88.884,-0.432,-0.004,-0.015909,-0.021628,0.003435,-0.000599,0.000440,0.000922
1790937494.730896,1790937494.854023,0.000297,0.000394,-0.000043,-0.700146,-0.002658,-0.002651,0.713990,-88.878,-0.430,-0.004,0.021099,0.027537,-0.004312,0.000465,-0.002764,-0.002274
1790937494.764239,1790937494.890167,0.000407,0.001024,-0.000217,-0.700179,-0.002479,-0.002420,0.713959,-88.883,-0.397,0.001,-0.005044,-0.001496,-0.000051,0.001534,0.000430,-0.002275
1790937494.797583,1790937494.927121,0.000192,0.000461,-0.000114,-0.700193,-0.002560,-0.002514,0.713945,-88.886,-0.411,-0.000,-0.004612,-0.010055,0.001148,0.001530,0.000436,-0.002274
1790937494.830925,1790937494.965166,-0.000009,0.000027,-0.000003,-0.700197,-0.002595,-0.002580,0.713941,-88.886,-0.419,-0.003,-0.005223,-0.010248,0.002397,0.001530,0.002563,0.000922
1790937494.864265,1790937494.998774,0.000221,0.000369,-0.000063,-0.700184,-0.002587,-0.002556,0.713954,-88.884,-0.417,-0.002,0.006878,0.008167,-0.000634,-0.002730,0.000435,0.000920
1790937494.897605,1790937495.032077,0.000545,0.001118,-0.000212,-0.700188,-0.002497,-0.002460,0.713950,-88.885,-0.402,-0.001,0.009249,0.017085,-0.002413,0.001533,0.001495,-0.003340
1790937494.930945,1790937495.068258,-0.000366,-0.000317,0.000045,-0.700217,-0.002594,-0.002577,0.713921,-88.890,-0.419,-0.003,-0.026955,-0.038049,0.006516,0.000465,0.001499,-0.001209
1790937494.964285,1790937495.101165,-0.000445,-0.000959,0.000211,-0.700170,-0.002778,-0.002792,0.713966,-88.882,-0.451,-0.006,-0.000267,-0.008859,0.002122,0.001530,0.000434,-0.003339
1790937494.997624,1790937495.137399,-0.000594,-0.001125,0.000251,-0.700136,-0.002807,-0.002813,0.713998,-88.877,-0.455,-0.005,-0.006388,-0.012730,0.002983,-0.002732,-0.002760,0.001989
1790937495.030964,1790937495.176005,0.000330,0.000327,-0.000004,-0.700116,-0.002702,-0.002658,0.714019,-88.873,-0.434,-0.001,0.027462,0.038071,-0.005782,0.001535,0.002562,0.001988
1790937495.064304,1790937495.212337,0.000494,0.001147,-0.000245,-0.700149,-0.002477,-0.002392,0.713989,-88.879,-0.395,0.003,-0.002494,0.004425,-0.001584,-0.000596,-0.000630,-0.003338
1790937495.097644,1790937495.247926,0.000232,0.000573,-0.000129,-0.700184,-0.002539,-0.002468,0.713954,-88.884,-0.406,0.002,-0.005364,-0.008097,0.000945,-0.000598,-0.001690,0.000923
1790937495.130984,1790937495.284843,0.000294,0.000600,-0.000117,-0.700180,-0.002554,-0.002494,0.713958,-88.884,-0.409,0.001,0.003099,0.003686,-0.000402,0.003661,0.001503,-0.002273
1790937495.164324,1790937495.321487,0.000369,0.000917,-0.000184,-0.700183,-0.002534,-0.002479,0.713955,-88.884,-0.406,0.001,0.001984,0.008884,-0.001681,-0.000598,0.000435,0.001989
1790937495.197664,1790937495.355685,0.000089,0.000344,-0.000071,-0.700195,-0.002579,-0.002518,0.713942,-88.886,-0.413,0.001,-0.007920,-0.014120,0.002947,0.000467,-0.001693,-0.002273
1790937495.231004,1790937495.392428,0.000134,0.000259,-0.000061,-0.700136,-0.002634,-0.002587,0.714000,-88.877,-0.423,-0.000,0.002662,0.002452,-0.000924,0.001531,-0.000632,-0.001206
1790937495.264344,1790937495.426409,0.000256,0.000584,-0.000126,-0.700131,-0.002599,-0.002526,0.714006,-88.876,-0.415,0.002,0.003779,0.008776,-0.002228,0.000463,0.000434,-0.001206
1790937495.297684,1790937495.459807,0.000390,0.000806,-0.000164,-0.700152,-0.002561,-0.002494,0.713985,-88.879,-0.410,0.001,0.004864,0.007369,-0.001320,0.000463,0.001497,-0.000141
1790937495.331024,1790937495.494012,0.000123,0.000404,-0.000079,-0.700159,-0.002583,-0.002519,0.713978,-88.880,-0.413,0.001,-0.007099,-0.009674,0.002281,0.003662,-0.001693,-0.000141
1790937495.364364,1790937495.529868,-0.000276,-0.000435,0.000073,-0.700118,-0.002682,-0.002638,0.714017,-88.874,-0.431,-0.001,-0.011578,-0.020856,0.003456,0.002592,0.000432,0.001990
1790937495.397704,1790937495.566123,0.000365,0.000484,-0.000081,-0.700068,-0.002679,-0.002594,0.714066,-88.866,-0.427,0.003,0.018818,0.024798,-0.004252,-0.001671,0.000429,-0.000142
1790937495.431043,1790937495.602940,0.000020,0.000229,-0.000070,-0.700083,-0.002641,-0.002527,0.714052,-88.868,-0.419,0.005,-0.010429,-0.011568,0.001310,0.000459,0.000435,-0.001206
1790937495.464383,1790937495.639006,0.000007,0.000030,-0.000001,-0.700064,-0.002702,-0.002633,0.714070,-88.865,-0.432,0.001,0.002629,0.004427,-0.000355,0.001526,0.002563,0.003054
1790937495.497723,1790937495.678522,0.000088,0.000139,-0.000025,-0.700059,-0.002681,-0.002604,0.714075,-88.864,-0.428,0.002,0.002293,0.001663,-0.000089,-0.001671,0.001495,0.000923
1790937495.531063,1790937495.713893,0.000408,0.000704,-0.000129,-0.700052,-0.002622,-0.002520,0.714082,-88.863,-0.417,0.004,0.010006,0.016191,-0.002238,-0.001667,-0.000636,0.000922
1790937495.564402,1790937495.749804,0.000414,0.000870,-0.000171,-0.700062,-0.002570,-0.002446,0.714073,-88.865,-0.406,0.006,0.000924,0.004791,-0.000322,0.001534,0.001494,0.001989
1790937495.597742,1790937495.784850,0.000037,0.000232,-0.000062,-0.700078,-0.002630,-0.002529,0.714058,-88.867,-0.418,0.004,-0.009650,-0.013933,0.002462,-0.002729,-0.002761,-0.001208
1790937495.631082,1790937495.820301,0.000372,0.000604,-0.000110,-0.700050,-0.002655,-0.002549,0.714085,-88.863,-0.422,0.004,0.010940,0.012044,-0.001195,0.002600,0.003628,0.001988
1790937495.664422,1790937495.856514,0.000781,0.001590,-0.000325,-0.700040,-0.002522,-0.002401,0.714095,-88.861,-0.399,0.006,0.011738,0.024150,-0.004393,-0.001660,0.002556,-0.001208
1790937495.697762,1790937495.893864,0.000654,0.001403,-0.000296,-0.700077,-0.002485,-0.002333,0.714059,-88.867,-0.390,0.008,-0.002965,-0.003438,0.000768,0.000474,-0.002767,0.003053
1790937495.731102,1790937495.929927,0.000030,0.000070,-0.000040,-0.700053,-0.002602,-0.002481,0.714082,-88.863,-0.412,0.006,-0.016323,-0.032146,0.005495,-0.001661,0.002565,0.001989
1790937495.764442,1790937495.966925,0.000448,0.000715,-0.000123,-0.700017,-0.002631,-0.002528,0.714117,-88.857,-0.418,0.004,0.012966,0.018757,-0.002281,0.000471,-0.002763,-0.003338
1790937495.797781,1790937496.002867,0.000337,0.000842,-0.000185,-0.700062,-0.002559,-0.002426,0.714073,-88.865,-0.404,0.007,-0.007255,-0.009295,0.001845,-0.001659,-0.003822,0.003053
1790937495.831121,1790937496.037920,0.000158,0.000219,-0.000054,-0.700043,-0.002619,-0.002522,0.714092,-88.862,-0.417,0.004,-0.003840,-0.014329,0.003234,0.000472,0.000438,-0.000143
1790937495.864460,1790937496.074809,0.000173,0.000419,-0.000102,-0.700021,-0.002661,-0.002558,0.714113,-88.858,-0.423,0.004,0.000798,0.005927,-0.001690,-0.002727,0.000440,0.001989
1790937495.897799,1790937496.110289,-0.000382,-0.000535,0.000107,-0.700056,-0.002731,-0.002669,0.714078,-88.864,-0.438,0.001,-0.016401,-0.026441,0.005623,0.001534,0.001508,-0.002273
1790937495.931139,1790937496.145406,-0.000564,-0.001133,0.000240,-0.699993,-0.002852,-0.002817,0.714139,-88.854,-0.459,-0.002,-0.005146,-0.013993,0.002655,0.002597,-0.000624,-0.002272
1790937495.964479,1790937496.183942,0.000101,0.000057,0.000004,-0.699985,-0.002774,-0.002709,0.714147,-88.852,-0.444,0.001,0.018878,0.029630,-0.005571,0.000465,0.001500,0.000922
1790937495.997819,1790937496.217775,0.000192,0.000585,-0.000126,-0.700028,-0.002638,-0.002569,0.714106,-88.859,-0.422,0.001,0.001784,0.011069,-0.002413,0.002597,-0.003831,-0.000143
1790937496.031158,1790937496.245656,0.000129,0.000232,-0.000031,-0.700040,-0.002640,-0.002546,0.714094,-88.861,-0.420,0.003,-0.000933,-0.005683,0.002133,-0.000593,0.000426,0.004117
1790937496.064498,1790937496.272972,0.000507,0.000941,-0.000176,-0.700008,-0.002602,-0.002480,0.714126,-88.856,-0.412,0.006,0.011768,0.021271,-0.003750,0.001537,-0.002772,-0.000144
1790937496.097837,1790937496.300698,0.000110,0.000419,-0.000104,-0.700039,-0.002606,-0.002473,0.714095,-88.861,-0.412,0.007,-0.010889,-0.013956,0.001561,0.001533,0.002559,-0.003340
1790937496.131177,1790937496.327810,-0.000472,-0.000749,0.000141,-0.700020,-0.002770,-0.002708,0.714112,-88.858,-0.444,0.001,-0.015303,-0.025367,0.004248,-0.000602,0.002562,-0.001208
1790937496.164517,1790937496.355946,0.000357,0.000384,-0.000037,-0.699964,-0.002720,-0.002633,0.714168,-88.849,-0.434,0.003,0.024557,0.030273,-0.004775,0.000462,0.001492,-0.000144
1790937496.197856,1790937496.382839,0.000334,0.000817,-0.000168,-0.700012,-0.002526,-0.002412,0.714123,-88.857,-0.400,0.005,-0.009426,-0.009240,0.001808,-0.000601,0.003620,-0.002276
1790937496.231196,1790937496.409667,0.000544,0.001061,-0.000202,-0.700029,-0.002556,-0.002435,0.714106,-88.859,-0.404,0.006,0.007155,0.011446,-0.001267,0.001534,0.001486,0.000920
1790937496.264535,1790937496.436734,-0.000339,-0.000354,0.000067,-0.700036,-0.002656,-0.002551,0.714098,-88.861,-0.422,0.004,-0.026124,-0.039977,0.007439,0.001532,-0.001701,0.003051
1790937496.297875,1790937496.467004,-0.000203,-0.000413,0.000110,-0.699996,-0.002813,-0.002744,0.714136,-88.854,-0.450,0.001,0.009252,0.012243,-0.001507,0.002598,0.001492,0.004115
1790937496.331213,1790937496.495831,0.000205,0.000393,-0.000073,-0.700001,-0.002703,-0.002600,0.714132,-88.855,-0.430,0.004,0.010995,0.015738,-0.002673,-0.000596,0.002552,0.000919
1790937496.364553,1790937496.523740,0.000675,0.001341,-0.000271,-0.699984,-0.002569,-0.002431,0.714150,-88.852,-0.405,0.007,0.014862,0.027775,-0.005283,-0.000595,-0.001712,-0.001211
1790937496.397892,1790937496.551617,0.000899,0.001805,-0.000358,-0.700005,-0.002464,-0.002276,0.714130,-88.855,-0.384,0.011,0.007688,0.014547,-0.002013,-0.000589,-0.002779,0.004115
1790937496.431232,1790937496.579693,0.000271,0.000748,-0.000170,-0.700024,-0.002531,-0.002361,0.714111,-88.859,-0.396,0.010,-0.016594,-0.024327,0.004528,0.002605,-0.000641,0.003050
1790937496.464571,1790937496.607093,-0.000239,-0.000386,0.000071,-0.700015,-0.002708,-0.002603,0.714118,-88.857,-0.430,0.004,-0.013165,-0.025110,0.004281,0.002600,-0.000635,0.003051
1790937496.497911,1790937496.634169,-0.000538,-0.001087,0.000236,-0.699946,-0.002840,-0.002736,0.714184,-88.846,-0.452,0.004,-0.009110,-0.021663,0.004182,0.001532,0.000434,-0.002275
1790937496.531250,1790937496.661232,-0.000159,-0.000488,0.000119,-0.699897,-0.002838,-0.002725,0.714233,-88.838,-0.451,0.005,0.010763,0.013312,-0.002371,0.000466,0.000431,0.003051
1790937496.564590,1790937496.690187,0.000082,0.000206,-0.000034,-0.699927,-0.002743,-0.002598,0.714205,-88.843,-0.433,0.007,0.007089,0.016635,-0.003293,0.001533,0.002559,-0.000144
1790937496.597930,1790937496.718256,0.000288,0.000498,-0.000100,-0.699926,-0.002678,-0.002518,0.714206,-88.843,-0.421,0.009,0.007413,0.010478,-0.002282,0.000467,-0.001703,0.000920
1790937496.631269,1790937496.747767,0.000271,0.000539,-0.000116,-0.699905,-0.002663,-0.002473,0.714227,-88.840,-0.416,0.011,0.001238,0.004974,-0.001680,-0.003796,0.001494,0.000921
1790937496.664608,1790937496.781360,0.000511,0.000916,-0.000176,-0.699901,-0.002610,-0.002439,0.714230,-88.839,-0.409,0.010,0.008049,0.013547,-0.002216,0.001532,-0.002774,0.000920
1790937496.697948,1790937496.817107,0.000930,0.001819,-0.000373,-0.699896,-0.002514,-0.002305,0.714237,-88.838,-0.391,0.013,0.012918,0.025910,-0.005074,-0.000597,0.001485,0.000920
1790937496.731287,1790937496.851935,0.000469,0.001004,-0.000212,-0.699949,-0.002510,-0.002312,0.714185,-88.847,-0.391,0.012,-0.012363,-0.021265,0.004712,-0.001661,0.002552,-0.000145
1790937496.764626,1790937496.885201,0.000290,0.000555,-0.000108,-0.699944,-0.002617,-0.002453,0.714188,-88.846,-0.411,0.009,-0.003772,-0.007777,0.002048,-0.001660,-0.001703,0.000920
1790937496.797965,1790937496.922608,0.000123,0.000252,-0.000060,-0.699925,-0.002674,-0.002513,0.714207,-88.843,-0.420,0.009,-0.005497,-0.011657,0.002292,0.001537,0.001490,-0.001209
1790937496.831305,1790937496.958176,0.000481,0.000772,-0.000165,-0.699882,-0.002663,-0.002480,0.714249,-88.836,-0.417,0.011,0.011317,0.014019,-0.002966,0.001535,0.000428,0.001986
1790937496.864646,1790937496.991493,0.000022,0.000326,-0.000074,-0.699916,-0.002673,-0.002507,0.714215,-88.841,-0.420,0.009,-0.012625,-0.012038,0.002539,0.000470,-0.003828,-0.003340
1790937496.897987,1790937497.031325,0.000055,0.000087,-0.000019,-0.699901,-0.002764,-0.002603,0.714230,-88.839,-0.435,0.009,0.003660,0.001438,0.000188,0.003665,-0.000628,0.000921
1790937496.931327,1790937497.065367,0.000329,0.000680,-0.000141,-0.699901,-0.002693,-0.002535,0.714231,-88.839,-0.424,0.008,0.009023,0.015587,-0.002842,-0.000594,-0.001694,0.000921
1790937496.964668,1790937497.097446,0.000091,0.000277,-0.000072,-0.699903,-0.002686,-0.002514,0.714229,-88.839,-0.421,0.010,-0.006193,-0.010443,0.001880,0.000469,-0.002757,0.000921
1790937496.998009,1790937497.125153,0.000416,0.000848,-0.000178,-0.699870,-0.002686,-0.002506,0.714261,-88.834,-0.421,0.010,0.011166,0.020087,-0.003664,0.003665,0.002567,0.005181
1790937497.031349,1790937497.152647,0.000462,0.000967,-0.000213,-0.699901,-0.002597,-0.002437,0.714231,-88.839,-0.408,0.009,0.001819,0.001827,-0.000261,0.002600,-0.000628,-0.000146
1790937497.064690,1790937497.180758,0.000557,0.001069,-0.000229,-0.699888,-0.002591,-0.002417,0.714244,-88.837,-0.406,0.010,0.003764,0.005733,-0.000831,0.003667,-0.001699,-0.004407
1790937497.098031,1790937497.208894,0.000347,0.000809,-0.000189,-0.699874,-0.002609,-0.002430,0.714258,-88.834,-0.408,0.010,-0.006400,-0.006731,0.001005,-0.000594,-0.003829,-0.002277
1790937497.131371,1790937497.236404,0.000539,0.001070,-0.000220,-0.699884,-0.002627,-0.002426,0.714248,-88.836,-0.410,0.012,0.006119,0.009424,-0.000862,0.000472,-0.000636,-0.002277
1790937497.164712,1790937497.266861,0.000043,0.000298,-0.000085,-0.699897,-0.002680,-0.002487,0.714235,-88.838,-0.419,0.011,-0.014273,-0.021678,0.003777,0.001538,-0.001693,-0.000146
1790937497.198052,1790937497.294566,0.000621,0.000968,-0.000189,-0.699862,-0.002661,-0.002479,0.714269,-88.833,-0.417,0.010,0.019040,0.021263,-0.003332,-0.000594,0.001500,0.000918
1790937497.231393,1790937497.322888,0.000015,0.000361,-0.000116,-0.699899,-0.002609,-0.002449,0.714232,-88.839,-0.410,0.009,-0.021963,-0.027948,0.004765,0.000469,0.003630,0.001984
1790937497.264734,1790937497.351342,-0.000038,-0.000149,0.000009,-0.699876,-0.002761,-0.002613,0.714255,-88.835,-0.436,0.008,-0.000452,-0.007864,0.001710,-0.001664,0.001500,-0.000148
1790937497.298074,1790937497.377381,-0.000179,-0.000287,0.000054,-0.699880,-0.002783,-0.002638,0.714250,-88.836,-0.439,0.007,-0.004508,-0.007830,0.002294,0.001535,-0.001691,-0.000148
1790937497.331415,1790937497.405167,0.000444,0.000767,-0.000153,-0.699863,-0.002698,-0.002549,0.714268,-88.833,-0.425,0.008,0.018359,0.027365,-0.004267,-0.000593,0.000431,0.004111
1790937497.364756,1790937497.435383,0.001074,0.002080,-0.000414,-0.699857,-0.002524,-0.002312,0.714275,-88.832,-0.392,0.013,0.017823,0.031280,-0.004531,-0.000589,0.000426,-0.001216
1790937497.398096,1790937497.469371,0.001069,0.002306,-0.000512,-0.699870,-0.002461,-0.002222,0.714263,-88.834,-0.380,0.015,0.000265,0.008963,-0.002581,0.001542,-0.002772,-0.001216
1790937497.431437,1790937497.506966,0.000506,0.001068,-0.000261,-0.699865,-0.002536,-0.002325,0.714267,-88.833,-0.394,0.013,-0.010902,-0.022599,0.003936,0.008995,-0.000632,-0.001215
1790937497.464778,1790937497.543916,0.000275,0.000497,-0.000117,-0.699785,-0.002614,-0.002447,0.714344,-88.820,-0.410,0.009,-0.005091,-0.012227,0.002794,-0.000590,0.002565,0.003047
1790937497.498119,1790937497.579923,-0.000143,-0.000117,0.000001,-0.699748,-0.002674,-0.002542,0.714380,-88.814,-0.423,0.006,-0.012492,-0.019004,0.004173,0.006865,-0.000624,0.005176
1790937497.531460,1790937497.614842,-0.000062,-0.000142,0.000040,-0.699705,-0.002728,-0.002601,0.714422,-88.807,-0.432,0.006,0.002317,-0.002055,0.001593,0.002606,0.002570,-0.002281
1790937497.564800,1790937497.654352,0.000626,0.001232,-0.000218,-0.699685,-0.002632,-0.002467,0.714442,-88.804,-0.413,0.009,0.019245,0.032281,-0.004627,-0.002717,0.000437,-0.000149
1790937497.598141,1790937497.690253,0.000269,0.000754,-0.000206,-0.699711,-0.002573,-0.002403,0.714418,-88.808,-0.403,0.010,-0.011591,-0.016793,0.000860,0.001542,-0.000625,-0.002280
1790937497.631481,1790937497.723945,0.000553,0.001008,-0.000187,-0.699729,-0.002600,-0.002441,0.714399,-88.811,-0.409,0.009,0.012058,0.017908,-0.002121,0.001542,-0.001688,-0.001214
1790937497.664821,1790937497.759373,-0.000322,-0.000252,0.000031,-0.699776,-0.002676,-0.002549,0.714353,-88.819,-0.423,0.006,-0.026127,-0.039273,0.006526,0.002605,0.003644,0.001983
1790937497.698162,1790937497.797386,-0.001006,-0.001893,0.000388,-0.699705,-0.002938,-0.002909,0.714420,-88.808,-0.474,-0.003,-0.014114,-0.028209,0.005421,0.000467,0.000450,0.003047
1790937497.731503,1790937497.832047,-0.001192,-0.002383,0.000501,-0.699600,-0.003048,-0.003037,0.714522,-88.791,-0.493,-0.004,-0.004671,-0.014719,0.002563,0.004725,0.000454,-0.001213
1790937497.764843,1790937497.866272,-0.001179,-0.002308,0.000485,-0.699495,-0.003092,-0.003079,0.714624,-88.774,-0.500,-0.004,-0.001169,-0.003408,0.000176,-0.001670,-0.002739,-0.000148
1790937497.798184,1790937497.901581,-0.001093,-0.002324,0.000482,-0.699434,-0.003111,-0.003041,0.714684,-88.764,-0.499,0.000,0.000671,-0.004989,0.000760,0.007920,-0.001670,-0.006538
1790937497.831524,1790937497.938390,-0.001188,-0.002432,0.000524,-0.699380,-0.003113,-0.003065,0.714737,-88.756,-0.501,-0.002,-0.003627,-0.006046,0.002945,0.002600,-0.004867,-0.000147
1790937497.864864,1790937497.974025,0.000212,-0.000104,0.000050,-0.699329,-0.002900,-0.002763,0.714789,-88.747,-0.459,0.006,0.032336,0.048657,-0.007790,0.001540,-0.000618,-0.001213
1790937497.898203,1790937498.010866,0.001175,0.002158,-0.000431,-0.699405,-0.002541,-0.002271,0.714717,-88.759,-0.390,0.018,0.012518,0.028887,-0.004298,-0.001653,0.005770,-0.001213
1790937497.931543,1790937498.045797,0.001571,0.002663,-0.000514,-0.699456,-0.002469,-0.002262,0.714668,-88.767,-0.383,0.013,0.014188,0.018258,-0.001978,-0.005911,-0.012340,0.007307
1790937497.964882,1790937498.082108,0.001638,0.002946,-0.000563,-0.699420,-0.002484,-0.002242,0.714703,-88.762,-0.383,0.015,0.004992,0.014308,-0.002042,0.001549,-0.001690,-0.003345
1790937497.998221,1790937498.117446,0.001019,0.001230,-0.000094,-0.699844,-0.002980,-0.002785,0.714284,-88.830,-0.467,0.011,0.007546,0.007206,-0.001052,-0.000582,0.003633,0.003046
1790937498.031561,1790937498.154320,0.000709,0.000706,0.000016,-0.699667,-0.003108,-0.002978,0.714456,-88.802,-0.493,0.005,0.002226,0.005786,0.000187,0.001551,0.002567,0.000914
1790937498.064900,1790937498.187732,0.000608,0.000532,0.000031,-0.699536,-0.003197,-0.003090,0.714583,-88.781,-0.509,0.003,0.002815,0.005016,-0.000387,0.001553,0.001502,0.003044
1790937498.098238,1790937498.218847,0.000406,0.000172,0.000056,-0.699532,-0.003232,-0.003194,0.714586,-88.780,-0.521,-0.003,0.002525,0.000964,-0.000883,0.003680,0.000437,-0.004411
1790937498.131578,1790937498.245646,0.000413,0.000245,0.000040,-0.699459,-0.003272,-0.003271,0.714657,-88.768,-0.530,-0.006,0.003852,0.008745,-0.002321,-0.001648,0.000438,0.003045
1790937498.164917,1790937498.272062,0.000427,0.000408,0.000056,-0.699463,-0.003219,-0.003265,0.714655,-88.769,-0.525,-0.009,0.001618,0.007272,0.000642,0.000486,-0.000624,-0.003347
1790937498.198256,1790937498.301930,0.000541,0.000342,0.000049,-0.699427,-0.003284,-0.003243,0.714689,-88.763,-0.529,-0.002,0.006873,0.002306,0.000112,0.019661,-0.020862,-0.016131
1790937498.231596,1790937498.328496,0.001161,0.000737,-0.000011,-0.699384,-0.003917,-0.002719,0.714730,-88.757,-0.539,0.091,0.027651,0.015237,-0.001295,0.000493,-0.106063,0.006242
1790937498.264935,1790937498.355602,0.001095,0.000242,-0.000050,-0.699719,-0.004733,-0.001320,0.714401,-88.812,-0.493,0.271,0.001946,-0.006425,0.000578,-0.011222,-0.037891,0.022220
1790937498.298274,1790937498.383377,0.000588,-0.000585,0.000010,-0.699962,-0.004922,-0.001155,0.714162,-88.851,-0.495,0.300,-0.011535,-0.009006,-0.000796,-0.013357,-0.024059,0.005173
1790937498.331613,1790937498.411628,0.001134,-0.000666,0.000053,-0.700091,-0.005396,-0.000199,0.714033,-88.872,-0.458,0.417,0.019387,-0.001305,0.000833,-0.048507,-0.097548,0.036068
1790937498.364952,1790937498.437676,0.001867,-0.000969,-0.000156,-0.700807,-0.006542,0.002408,0.713316,-88.989,-0.341,0.722,0.034914,-0.018233,-0.002549,-0.046368,-0.230683,0.082941
1790937498.398292,1790937498.465554,0.002097,-0.003546,-0.000221,-0.701660,-0.007513,0.005103,0.712454,-89.127,-0.203,1.021,0.009771,-0.059606,-0.002622,-0.016541,-0.038965,0.048845
1790937498.431631,1790937498.494757,0.002625,-0.005947,-0.000036,-0.702194,-0.007965,0.005569,0.711920,-89.214,-0.202,1.095,0.004551,-0.046642,0.003057,-0.064475,-0.059224,-0.015072
1790937498.464970,1790937498.539190,0.003335,-0.006106,-0.000071,-0.703143,-0.009304,0.006353,0.710959,-89.369,-0.246,1.267,0.018980,-0.010882,0.003993,-0.115598,-0.119925,-0.025722
1790937498.498309,1790937498.568490,0.002960,-0.005996,-0.000243,-0.704416,-0.010369,0.007230,0.709674,-89.577,-0.260,1.425,-0.021736,-0.015377,0.002385,-0.101744,-0.026194,0.010494
1790937498.531647,1790937498.611972,0.003110,-0.005698,-0.000491,-0.704925,-0.010421,0.007083,0.709170,-89.659,-0.275,1.418,-0.008794,-0.000221,-0.010270,0.003698,0.036632,0.015817
1790937498.564986,1790937498.643022,0.002991,-0.005399,-0.000813,-0.704728,-0.009636,0.007137,0.709376,-89.626,-0.207,1.358,-0.008529,0.014358,-0.011089,0.085674,0.047245,0.032852
1790937498.598326,1790937498.670915,0.002177,-0.005405,-0.000501,-0.703472,-0.008421,0.006505,0.710643,-89.421,-0.161,1.209,-0.012122,0.019564,-0.007422,0.057848,0.108925,-0.014038
1790937498.631665,1790937498.701698,0.001872,-0.005492,-0.000343,-0.703362,-0.007474,0.005006,0.710775,-89.401,-0.205,1.010,-0.011270,0.011864,-0.002872,-0.065863,0.073621,-0.033229
1790937498.665004,1790937498.733109,0.002015,-0.005635,-0.000216,-0.704557,-0.006708,0.004152,0.709603,-89.593,-0.210,0.879,-0.004797,0.006537,0.003495,-0.184124,0.060693,-0.003418
1790937498.698343,1790937498.767332,0.001912,-0.005706,0.000056,-0.707271,-0.006547,0.003165,0.706905,-90.032,-0.274,0.787,-0.005235,0.010250,0.006891,-0.305456,0.031885,-0.020471
1790937498.731682,1790937498.801437,0.001522,-0.005708,0.000255,-0.710888,-0.006466,0.002696,0.703270,-90.619,-0.301,0.744,-0.004466,0.010516,0.007552,-0.276441,-0.007524,0.000824
1790937498.765022,1790937498.835718,0.001519,-0.005292,0.000305,-0.714159,-0.006440,0.003009,0.699947,-91.153,-0.270,0.768,-0.001665,0.008352,0.006919,-0.302730,-0.031966,0.017835
1790937498.798361,1790937498.878265,0.002094,-0.004634,0.000304,-0.717624,-0.006629,0.004007,0.696387,-91.722,-0.199,0.865,0.003484,0.012599,0.006121,-0.252443,-0.068103,0.019935
1790937498.831700,1790937498.915526,0.002486,-0.004424,0.000146,-0.717823,-0.008114,0.003972,0.696167,-91.758,-0.321,0.984,-0.000808,-0.000314,0.002634,-0.180727,-0.048040,0.001809
1790937498.865041,1790937498.944312,0.002659,-0.003555,0.000147,-0.720085,-0.007248,0.005859,0.693823,-92.129,-0.093,1.064,0.006644,0.012139,-0.003248,-0.021995,-0.016162,-0.025939
1790937498.898382,1790937498.972581,0.002867,-0.003021,-0.000516,-0.719427,-0.007392,0.004858,0.694511,-92.021,-0.188,0.996,0.004973,0.009492,-0.013348,0.188443,0.085754,-0.068617
1790937498.931724,1790937499.001679,0.003068,-0.003050,-0.000943,-0.718224,-0.005917,0.002905,0.695781,-91.820,-0.233,0.719,0.003650,0.013528,-0.013517,0.031292,0.157629,-0.047386
1790937498.965065,1790937499.030507,0.002529,-0.003784,-0.000886,-0.718190,-0.004547,0.001015,0.695832,-91.813,-0.279,0.455,0.003401,0.011799,-0.013380,-0.039212,0.076353,0.063352
1790937498.998405,1790937499.058116,0.002463,-0.004156,-0.000853,-0.718961,-0.002454,0.002454,0.695041,-91.938,0.007,0.398,0.012099,0.007250,-0.005861,0.025766,-0.040614,0.146346
1790937499.031747,1790937499.086528,0.002692,-0.004523,-0.000012,-0.718591,0.000338,0.005253,0.695413,-91.877,0.460,0.391,0.012777,0.006024,0.016765,-0.021120,0.059658,0.486894
1790937499.065088,1790937499.121635,0.003027,-0.004839,0.001939,-0.718742,0.006843,0.010132,0.695170,-91.907,1.380,0.244,0.019402,0.008284,0.032961,-0.043497,0.114809,0.618427
1790937499.098429,1790937499.181789,0.003840,-0.004851,0.005486,-0.719373,0.015298,0.015483,0.694283,-92.034,2.494,-0.029,0.020500,-0.007728,0.037746,-0.206319,0.058125,0.414556
1790937499.131771,1790937499.223918,0.003997,-0.005564,0.007507,-0.721650,0.018390,0.018890,0.691755,-92.424,3.021,-0.023,0.009305,-0.012087,0.022789,-0.191508,-0.082452,0.068049
1790937499.165112,1790937499.260098,0.004335,-0.005728,0.007205,-0.724938,0.014883,0.018448,0.688406,-92.956,2.708,0.219,-0.000540,-0.002790,-0.014077,-0.273478,-0.211949,-0.550784
1790937499.198453,1790937499.294036,0.004677,-0.006205,0.005545,-0.728820,0.002704,0.014163,0.684553,-93.577,1.395,0.885,-0.009567,-0.003205,-0.032251,-0.386178,-0.342308,-0.750628
1790937499.231795,1790937499.336097,0.004086,-0.006618,0.003654,-0.731639,-0.006560,0.009550,0.681594,-94.053,0.288,1.296,0.004860,0.010835,-0.003185,-0.125142,0.000814,-0.278533
1790937499.265136,1790937499.372995,0.003626,-0.007303,0.002093,-0.732339,-0.007833,0.007118,0.680858,-94.173,-0.014,1.213,0.007516,0.004196,-0.001304,-0.031462,0.060551,-0.097135
1790937499.298478,1790937499.410619,0.003307,-0.008695,0.001449,-0.731685,-0.007575,0.005987,0.681574,-94.062,-0.090,1.103,0.001760,-0.017554,0.000244,0.048335,0.058337,0.028763
1790937499.331819,1790937499.451555,0.002423,-0.010208,0.001416,-0.730813,-0.007084,0.005576,0.682518,-93.915,-0.087,1.029,-0.006763,-0.027758,0.002921,0.039675,0.012563,-0.023296
1790937499.365160,1790937499.489563,0.002235,-0.011240,0.001684,-0.730209,-0.007450,0.005498,0.683161,-93.814,-0.123,1.054,-0.008361,-0.032325,0.000581,0.080052,-0.049085,0.015166
1790937499.398502,1790937499.526857,0.002307,-0.011680,0.002229,-0.729105,-0.008060,0.006624,0.684322,-93.630,-0.079,1.193,-0.009070,-0.020477,0.018851,0.177953,-0.105397,-0.050813
1790937499.431842,1790937499.560245,0.002026,-0.011118,0.004211,-0.726265,-0.009883,0.006616,0.687312,-93.160,-0.228,1.344,0.000501,-0.001100,0.049407,0.384367,-0.031830,-0.131731
1790937499.465183,1790937499.595747,0.003239,-0.009665,0.007579,-0.721494,-0.011075,0.005349,0.692311,-92.370,-0.436,1.340,0.014681,0.016058,0.074819,0.508519,0.053258,-0.061410
1790937499.498525,1790937499.635474,0.004673,-0.008489,0.011477,-0.715529,-0.010156,0.004158,0.698497,-91.385,-0.472,1.166,0.025202,0.026981,0.085146,0.480585,0.134083,0.006728
1790937499.531866,1790937499.677925,0.005231,-0.006228,0.016045,-0.711421,-0.008971,0.003194,0.702702,-90.711,-0.462,0.989,0.013816,0.038140,0.072134,0.339628,0.001914,-0.026317
1790937499.565208,1790937499.720660,0.003921,-0.004527,0.019358,-0.709152,-0.009755,0.003194,0.704981,-90.343,-0.529,1.051,0.014081,0.024823,0.046600,0.039825,0.036033,0.004546
1790937499.598549,1790937499.756090,0.005537,-0.006635,0.018686,-0.710309,-0.009803,0.000500,0.703821,-90.531,-0.750,0.838,0.013417,0.009975,0.016298,-0.179511,0.091372,-0.007225
1790937499.631890,1790937499.792264,0.005726,-0.008638,0.019473,-0.711671,-0.010022,0.000143,0.702441,-90.754,-0.795,0.829,-0.003003,-0.003502,0.028090,-0.131393,-0.038620,-0.071144
1790937499.665232,1790937499.829696,0.005594,-0.009957,0.020475,-0.712356,-0.009681,-0.000610,0.701752,-90.865,-0.828,0.741,0.008689,-0.001017,0.059065,0.024109,0.125418,0.040681
1790937499.698573,1790937499.863911,0.005317,-0.010716,0.022414,-0.710846,-0.007901,-0.001688,0.703301,-90.615,-0.774,0.508,0.007156,-0.001246,0.098236,0.215739,0.106181,0.051290
1790937499.731915,1790937499.898610,0.005339,-0.011020,0.025485,-0.708227,-0.005834,-0.001961,0.705958,-90.186,-0.631,0.315,0.006414,0.004475,0.116171,0.183680,0.089154,0.109844
1790937499.765256,1790937499.939455,0.005433,-0.011256,0.029778,-0.706918,-0.004183,-0.001762,0.707281,-89.971,-0.482,0.196,0.001619,0.012504,0.127013,0.016481,0.006101,0.040576
1790937499.798598,1790937499.979465,0.004628,-0.013447,0.034177,-0.707132,-0.005059,-0.000762,0.707063,-90.007,-0.472,0.348,-0.012619,0.012774,0.145147,-0.104838,-0.168546,-0.037203
1790937499.831939,1790937500.016307,0.004918,-0.014823,0.040082,-0.708304,-0.007478,0.001016,0.705867,-90.201,-0.522,0.689,-0.009364,0.017901,0.173655,-0.093148,-0.162103,0.011794
1790937499.865282,1790937500.055323,0.004415,-0.015096,0.046557,-0.708766,-0.009206,0.002603,0.705379,-90.279,-0.533,0.958,-0.005022,0.020744,0.204750,-0.006900,-0.124816,-0.031885
1790937499.898625,1790937500.095024,0.001366,-0.011329,0.065492,-0.708856,-0.010765,0.002484,0.705267,-90.297,-0.668,1.075,0.006365,0.034675,0.261802,0.069448,0.033023,-0.046863
1790937499.931968,1790937500.129716,0.001850,-0.014809,0.067410,-0.707167,-0.010278,0.000719,0.706972,-90.022,-0.774,0.891,0.025108,0.025769,0.278506,0.145086,0.144852,-0.051216
1790937499.965312,1790937500.167007,0.002055,-0.016148,0.075139,-0.705336,-0.009104,-0.001510,0.708813,-89.723,-0.861,0.613,0.033502,0.021892,0.303266,0.127078,0.146959,-0.028884
1790937499.998655,1790937500.202522,0.003200,-0.016871,0.085786,-0.703507,-0.007927,-0.003615,0.710634,-89.425,-0.937,0.345,0.039797,0.021487,0.333041,0.133487,0.106508,-0.061917
1790937500.031999,1790937500.237451,0.004820,-0.016856,0.097398,-0.702245,-0.008088,-0.004858,0.711873,-89.222,-1.051,0.255,0.033989,0.024154,0.352271,0.068483,-0.037236,-0.049117
1790937500.065342,1790937500.276820,0.006699,-0.016478,0.109870,-0.701716,-0.009895,-0.004062,0.712376,-89.141,-1.134,0.464,0.026136,0.030400,0.369481,0.017321,-0.185232,-0.062942
1790937500.098686,1790937500.316419,0.008406,-0.018977,0.121694,-0.701439,-0.013390,-0.002516,0.712599,-89.106,-1.296,0.871,0.028755,0.032361,0.386405,0.006818,-0.217130,-0.104487
1790937500.132030,1790937500.345786,0.009895,-0.018166,0.134476,-0.701468,-0.016953,-0.001806,0.712497,-89.122,-1.530,1.216,0.037733,0.034151,0.400370,-0.030442,-0.109581,-0.104465
1790937500.165374,1790937500.403959,0.009816,-0.016722,0.148077,-0.701582,-0.017771,-0.001569,0.712365,-89.144,-1.577,1.301,0.041522,0.033227,0.423743,0.005804,0.007563,0.059588
1790937500.198717,1790937500.451785,0.011667,-0.019992,0.162173,-0.701217,-0.016175,-0.000933,0.712764,-89.079,-1.396,1.224,0.040756,0.027650,0.452106,0.042957,0.073617,0.104435
1790937500.232061,1790937500.478418,0.009219,-0.017585,0.177764,-0.700452,-0.014475,-0.001112,0.713552,-88.950,-1.273,1.071,0.020454,0.029620,0.484425,0.104732,0.053503,0.054340
1790937500.265405,1790937500.504005,0.009895,-0.016499,0.193328,-0.699011,-0.014130,-0.000968,0.714970,-88.718,-1.235,1.053,0.000168,0.028475,0.508717,0.115409,-0.050854,-0.019149
1790937500.298749,1790937500.530307,0.011418,-0.016209,0.209810,-0.697963,-0.016059,0.000019,0.715954,-88.557,-1.316,1.286,-0.018230,0.024900,0.521898,0.046177,-0.212774,-0.063856
1790937500.332092,1790937500.559950,0.012195,-0.015347,0.228324,-0.697705,-0.020044,0.002383,0.716101,-88.532,-1.454,1.799,-0.030043,0.019612,0.532482,0.003535,-0.321416,-0.055307
1790937500.365436,1790937500.588162,0.012270,-0.016547,0.247289,-0.697781,-0.024111,0.005639,0.715883,-88.565,-1.527,2.392,-0.030826,0.010889,0.536210,-0.008285,-0.306257,-0.025251
1790937500.398780,1790937500.622574,0.012417,-0.016867,0.265421,-0.697695,-0.027626,0.008681,0.715809,-88.572,-1.572,2.923,-0.025702,0.005968,0.540898,0.020480,-0.223300,0.002489
1790937500.432124,1790937500.651290,0.007964,-0.017493,0.281369,-0.697252,-0.029521,0.010929,0.716135,-88.513,-1.550,3.259,-0.018968,0.007950,0.538622,0.022603,-0.111585,0.034447
1790937500.465468,1790937500.674898,0.004276,-0.015678,0.299648,-0.697038,-0.030436,0.012022,0.716287,-88.485,-1.538,3.421,-0.020084,0.014919,0.535177,0.005553,-0.070008,0.004546
1790937500.498812,1790937500.710217,0.002229,-0.014047,0.317599,-0.696898,-0.030907,0.012712,0.716391,-88.466,-1.522,3.515,-0.015415,0.023798,0.533287,0.000214,-0.014574,0.034327
1790937500.532156,1790937500.738052,0.000946,-0.014296,0.337264,-0.697163,-0.030368,0.012582,0.716159,-88.505,-1.487,3.462,-0.007948,0.028548,0.521574,-0.071102,0.042019,-0.003002
1790937500.565500,1790937500.762117,0.000524,-0.013451,0.355695,-0.698675,-0.030599,0.011800,0.714687,-88.748,-1.561,3.420,-0.004877,0.030351,0.500729,-0.197902,0.006913,-0.032879
1790937500.598845,1790937500.786536,-0.000005,-0.012507,0.373054,-0.701055,-0.030932,0.010786,0.712355,-89.133,-1.659,3.369,0.004412,0.033165,0.495278,-0.169164,0.054868,-0.056354
1790937500.632189,1790937500.809689,-0.000340,-0.011592,0.389996,-0.702207,-0.030940,0.009399,0.711238,-89.318,-1.766,3.259,0.007088,0.032221,0.499924,-0.047727,0.058076,-0.044667
1790937500.665533,1790937500.833731,-0.000434,-0.010755,0.406761,-0.702379,-0.030461,0.007922,0.711107,-89.342,-1.845,3.100,0.017284,0.032380,0.503985,-0.001913,0.129459,-0.014866
1790937500.698878,1790937500.857176,-0.000577,-0.009908,0.423326,-0.702075,-0.027974,0.005322,0.711534,-89.277,-1.853,2.687,0.030965,0.034858,0.500723,0.038577,0.309495,0.006390
1790937500.732222,1790937500.889637,-0.000636,-0.008684,0.439489,-0.701551,-0.023822,0.001317,0.712220,-89.168,-1.839,2.024,0.030259,0.032411,0.488220,0.033257,0.346780,-0.004318
1790937500.765565,1790937500.917980,-0.000104,-0.012199,0.454932,-0.701233,-0.020158,-0.002374,0.712643,-89.098,-1.837,1.427,0.020917,0.019593,0.469447,0.008916,0.270132,-0.010734
1790937500.798910,1790937500.950911,-0.001103,-0.008505,0.473866,-0.701426,-0.017455,-0.005875,0.712504,-89.117,-1.898,0.924,0.013604,0.019239,0.449912,-0.034822,0.235117,-0.040591
1790937500.832254,1790937500.978447,-0.001259,-0.008505,0.488528,-0.702140,-0.015309,-0.008624,0.711822,-89.224,-1.943,0.529,0.004097,0.012075,0.425764,-0.094467,0.171242,-0.016097
1790937500.865595,1790937501.002961,-0.000828,-0.008278,0.502568,-0.703167,-0.013335,-0.010506,0.710822,-89.383,-1.933,0.219,-0.002244,0.004358,0.411558,-0.067836,0.144611,0.009479
1790937500.898936,1790937501.036701,-0.000606,-0.008618,0.515827,-0.703706,-0.011731,-0.011614,0.710299,-89.466,-1.892,0.001,-0.016534,-0.004083,0.401697,-0.022018,0.072169,0.034000
1790937500.932277,1790937501.072866,-0.001838,-0.008784,0.528097,-0.703835,-0.011002,-0.011300,0.710188,-89.485,-1.807,-0.032,-0.040517,-0.013135,0.388426,0.000363,-0.033382,0.052121
1790937500.965617,1790937501.101765,-0.002795,-0.009532,0.540794,-0.704162,-0.011099,-0.009736,0.709886,-89.538,-1.689,0.104,-0.056561,-0.020444,0.373142,-0.048632,-0.102637,0.062810
1790937500.998958,1790937501.128300,-0.004144,-0.010339,0.553495,-0.705066,-0.012127,-0.007403,0.708999,-89.686,-1.584,0.378,-0.071179,-0.024886,0.363343,-0.075256,-0.201712,0.023448
1790937501.032299,1790937501.156970,-0.005832,-0.011463,0.566100,-0.706301,-0.014684,-0.004617,0.707745,-89.894,-1.565,0.814,-0.074862,-0.031444,0.353582,-0.126382,-0.226214,-0.014842
1790937501.065640,1790937501.177918,-0.007881,-0.012872,0.578343,-0.708085,-0.017087,-0.002952,0.705914,-90.192,-1.622,1.148,-0.061069,-0.032123,0.351384,-0.163660,-0.109039,-0.051039
1790937501.098980,1790937501.199464,-0.010054,-0.014350,0.590129,-0.709908,-0.018269,-0.002599,0.704053,-90.493,-1.686,1.277,-0.049632,-0.031808,0.355808,-0.149803,-0.018502,-0.011648
1790937501.132321,1790937501.224911,-0.011778,-0.015835,0.601320,-0.711570,-0.018066,-0.003121,0.702376,-90.763,-1.709,1.223,-0.032547,-0.029740,0.363310,-0.121029,0.086941,-0.026603
1790937501.165662,1790937501.258505,-0.013525,-0.016974,0.612596,-0.712321,-0.016675,-0.004581,0.701641,-90.880,-1.715,0.993,-0.022680,-0.025175,0.378085,0.007876,0.149795,0.024464
1790937501.199002,1790937501.288177,-0.012722,-0.018312,0.620179,-0.711388,-0.013879,-0.006071,0.702636,-90.718,-1.613,0.643,-0.009710,-0.020444,0.383015,0.150721,0.228566,0.036343
1790937501.232343,1790937501.314794,-0.012868,-0.019359,0.631611,-0.709710,-0.010711,-0.008556,0.704360,-90.436,-1.561,0.181,-0.005910,-0.013478,0.374078,0.125190,0.230697,-0.005218
1790937501.265684,1790937501.340005,-0.012554,-0.019609,0.643575,-0.708926,-0.008514,-0.010994,0.705146,-90.304,-1.581,-0.197,-0.005964,-0.003714,0.358668,0.022944,0.163592,-0.038204
1790937501.299024,1790937501.377842,-0.011550,-0.019049,0.656178,-0.709196,-0.006801,-0.012895,0.704860,-90.345,-1.598,-0.489,-0.001143,0.002474,0.344742,-0.061210,0.133765,-0.023203
1790937501.332365,1790937501.411850,-0.010459,-0.018782,0.663669,-0.710261,-0.006201,-0.014167,0.703768,-90.517,-1.653,-0.638,-0.004649,0.003034,0.328794,-0.094121,0.015437,-0.083779
1790937501.365706,1790937501.436109,-0.009885,-0.018708,0.673729,-0.711056,-0.006574,-0.014481,0.702955,-90.647,-1.710,-0.631,-0.003242,0.006003,0.331380,-0.010997,0.006921,-0.001686
1790937501.399047,1790937501.462747,-0.009603,-0.018351,0.684020,-0.710861,-0.006151,-0.014453,0.703157,-90.615,-1.673,-0.664,-0.008342,0.011013,0.334440,0.059315,-0.018633,-0.026170
1790937501.432387,1790937501.487134,-0.009779,-0.017788,0.694877,-0.710120,-0.007668,-0.014122,0.703898,-90.496,-1.768,-0.515,-0.022213,0.014169,0.333026,0.073173,-0.114502,-0.055965
1790937501.465728,1790937501.529781,-0.009444,-0.017139,0.705273,-0.709450,-0.009093,-0.013577,0.704566,-90.390,-1.838,-0.357,-0.019263,0.018318,0.327948,0.049757,-0.048441,-0.042028
1790937501.499069,1790937501.552864,-0.009560,-0.016499,0.715695,-0.709017,-0.010129,-0.013170,0.704995,-90.322,-1.889,-0.241,-0.027946,0.019083,0.320124,0.025274,-0.093184,-0.021729
1790937501.532410,1790937501.596969,-0.009923,-0.015654,0.726318,-0.709104,-0.011596,-0.011797,0.704910,-90.340,-1.896,-0.011,-0.033679,0.017885,0.312117,-0.032234,-0.128331,0.006025
1790937501.565751,1790937501.629645,-0.010393,-0.014833,0.737094,-0.709634,-0.012801,-0.010166,0.704381,-90.429,-1.860,0.221,-0.037861,0.016222,0.304914,-0.050332,-0.127261,-0.008831
1790937501.599092,1790937501.662753,-0.011214,-0.014064,0.747772,-0.710435,-0.015098,-0.008769,0.703546,-90.567,-1.931,0.522,-0.048297,0.014997,0.300902,-0.069501,-0.190107,-0.065243
1790937501.632432,1790937501.691508,-0.012640,-0.012370,0.758330,-0.711198,-0.017369,-0.006941,0.702743,-90.700,-1.965,0.857,-0.046986,0.011549,0.298964,-0.055649,-0.142155,0.008306
1790937501.665772,1790937501.727424,-0.014286,-0.011745,0.769592,-0.711898,-0.018586,-0.005566,0.702015,-90.819,-1.950,1.069,-0.044429,0.009803,0.297966,-0.053542,-0.081433,0.002974
1790937501.699113,1790937501.757087,-0.012483,-0.013036,0.775818,-0.712052,-0.018906,-0.004443,0.701858,-90.846,-1.883,1.186,-0.031575,0.000156,0.293215,-0.010836,-0.021792,0.036270
1790937501.732454,1790937501.776178,-0.013885,-0.013018,0.785552,-0.712070,-0.018049,-0.004103,0.701864,-90.845,-1.787,1.143,-0.023720,-0.002452,0.289955,0.012639,0.058067,0.037359
1790937501.765795,1790937501.818577,-0.014994,-0.013997,0.794911,-0.711458,-0.017262,-0.004510,0.702502,-90.742,-1.758,1.045,-0.026033,-0.007317,0.292506,0.099986,0.020778,0.018143
1790937501.799135,1790937501.839278,-0.015644,-0.013985,0.803960,-0.709614,-0.016503,-0.003953,0.704386,-90.438,-1.654,1.023,-0.021496,-0.011693,0.291544,0.222527,0.034619,0.087448
1790937501.832476,1790937501.876739,-0.015594,-0.015143,0.811196,-0.706807,-0.014329,-0.003159,0.707254,-89.975,-1.417,0.905,-0.013526,-0.013671,0.271819,0.215060,0.068710,0.138596
1790937501.865817,1790937501.919220,-0.016682,-0.015264,0.819355,-0.704861,-0.012171,-0.001841,0.709238,-89.654,-1.138,0.834,-0.019446,-0.015725,0.235891,0.100002,0.022916,0.126849
1790937501.899158,1790937501.959653,-0.017657,-0.014618,0.827165,-0.704136,-0.010147,-0.000967,0.709992,-89.531,-0.904,0.740,-0.019850,-0.013139,0.198984,0.018000,0.071918,0.101308
1790937501.932499,1790937501.988560,-0.016385,-0.017972,0.834316,-0.704162,-0.009012,-0.000299,0.709982,-89.533,-0.757,0.703,-0.026953,-0.020243,0.161201,-0.067130,-0.034700,0.034350
1790937501.965840,1790937502.014177,-0.016633,-0.020841,0.840539,-0.704818,-0.008957,0.000649,0.709331,-89.639,-0.676,0.776,-0.022489,-0.017995,0.136249,-0.103282,-0.010215,0.051507
1790937501.999180,1790937502.036804,-0.016998,-0.020869,0.844566,-0.705663,-0.008211,0.001175,0.708499,-89.774,-0.572,0.759,-0.018297,-0.009533,0.119424,-0.045660,0.016390,0.051563
1790937502.032521,1790937502.097218,-0.017468,-0.021166,0.847710,-0.705781,-0.007865,0.001609,0.708385,-89.792,-0.508,0.767,-0.022768,-0.004410,0.099443,0.002312,-0.031558,0.011104
1790937502.065862,1790937502.126302,-0.017609,-0.021563,0.849720,-0.705535,-0.008398,0.002354,0.708621,-89.754,-0.492,0.870,-0.021569,0.001529,0.080200,-0.006164,-0.057125,0.005817
1790937502.099202,1790937502.171295,-0.018000,-0.021763,0.851571,-0.705430,-0.008911,0.003130,0.708717,-89.738,-0.471,0.975,-0.018574,0.008410,0.065249,0.006656,-0.051798,-0.001622
1790937502.132542,1790937502.207443,-0.018455,-0.021805,0.852987,-0.705124,-0.009926,0.003725,0.709005,-89.690,-0.505,1.105,-0.019605,0.014750,0.051453,0.017344,-0.084816,-0.034637
1790937502.165883,1790937502.243899,-0.018704,-0.021705,0.853963,-0.704801,-0.011155,0.004296,0.709304,-89.641,-0.560,1.250,-0.014699,0.018049,0.039050,0.008864,-0.060315,-0.013328
1790937502.199224,1790937502.268873,-0.018802,-0.021587,0.854563,-0.704500,-0.011682,0.005090,0.709590,-89.594,-0.539,1.357,-0.012349,0.019823,0.029780,0.019555,-0.052860,0.012233
1790937502.232565,1790937502.298008,-0.018774,-0.021421,0.854769,-0.703981,-0.012454,0.005855,0.710085,-89.512,-0.541,1.481,-0.013572,0.021962,0.021833,0.040903,-0.083755,-0.012271
1790937502.265906,1790937502.330786,-0.018670,-0.021318,0.854421,-0.703198,-0.013145,0.007173,0.710837,-89.388,-0.493,1.644,-0.010626,0.022797,0.013545,0.050536,-0.058188,0.067613
1790937502.299247,1790937502.358482,-0.018699,-0.020809,0.853893,-0.702622,-0.012574,0.008365,0.711403,-89.294,-0.352,1.695,-0.003875,0.029091,0.007217,-0.000553,0.001461,0.085688
1790937502.332588,1790937502.384619,-0.018919,-0.019928,0.853740,-0.702885,-0.011433,0.009301,0.711151,-89.333,-0.183,1.679,-0.002194,0.040326,0.001495,-0.079338,0.019563,0.068585
1790937502.365928,1790937502.417664,-0.019067,-0.018944,0.853808,-0.703552,-0.010856,0.009210,0.710501,-89.439,-0.141,1.625,0.000756,0.050416,0.010067,-0.029234,0.033412,0.004612
1790937502.399269,1790937502.448331,-0.019046,-0.017386,0.853111,-0.703147,-0.010275,0.008953,0.710914,-89.372,-0.116,1.557,0.006094,0.059427,0.017990,0.050717,0.045134,0.029036
1790937502.432610,1790937502.477720,-0.018715,-0.015788,0.852322,-0.702451,-0.009346,0.008748,0.711617,-89.258,-0.058,1.466,0.013866,0.066868,0.015381,0.021984,0.047273,0.036431
1790937502.465951,1790937502.508469,-0.018183,-0.014149,0.852013,-0.702146,-0.008390,0.008418,0.711934,-89.207,-0.007,1.362,0.020863,0.070719,0.009109,-0.006747,0.050476,0.010803
1790937502.499292,1790937502.541691,-0.017258,-0.012536,0.851797,-0.702123,-0.008801,0.007723,0.711959,-89.204,-0.097,1.338,0.017668,0.070829,0.002322,-0.018435,-0.050704,-0.112811
1790937502.532632,1790937502.574838,-0.015981,-0.010927,0.851414,-0.702018,-0.011344,0.007062,0.712034,-89.193,-0.358,1.489,0.018632,0.074906,0.005010,0.001832,-0.097544,-0.135203
1790937502.565973,1790937502.614398,-0.014791,-0.008994,0.850857,-0.701626,-0.013710,0.006391,0.712385,-89.137,-0.605,1.624,0.026641,0.083639,0.013674,0.030609,-0.035736,-0.110727
1790937502.599313,1790937502.642858,-0.014071,-0.006626,0.850364,-0.701033,-0.014783,0.005278,0.712956,-89.045,-0.784,1.619,0.035011,0.095040,0.020528,0.032747,0.049484,-0.059642
1790937502.632654,1790937502.707106,-0.013493,-0.003907,0.850352,-0.700568,-0.014575,0.003894,0.713426,-88.969,-0.879,1.489,0.038813,0.107181,0.028101,0.021037,0.071851,-0.024539
1790937502.665995,1790937502.737170,-0.012616,-0.000855,0.850772,-0.700113,-0.014245,0.003170,0.713883,-88.895,-0.911,1.403,0.036058,0.117422,0.035549,0.031698,0.015403,0.010574
1790937502.699336,1790937502.764582,-0.011551,0.002528,0.851475,-0.699704,-0.014048,0.003106,0.714288,-88.829,-0.901,1.381,0.033173,0.128133,0.041246,0.023181,0.001574,0.016937
1790937502.732677,1790937502.808438,-0.010748,0.006183,0.852400,-0.699280,-0.013890,0.003338,0.714705,-88.760,-0.870,1.387,0.026657,0.135404,0.041778,0.021058,-0.018650,0.023302
1790937502.766018,1790937502.836300,-0.010084,0.009932,0.853525,-0.699251,-0.014538,0.003973,0.714717,-88.758,-0.872,1.491,0.015933,0.139867,0.031498,-0.036459,-0.113438,-0.022522
1790937502.799359,1790937502.865854,-0.009311,0.013692,0.854613,-0.699544,-0.017343,0.005232,0.714360,-88.815,-1.000,1.819,0.008903,0.142336,0.017594,-0.022605,-0.242300,-0.086436
1790937502.832700,1790937502.892142,-0.009122,0.018293,0.855575,-0.699450,-0.020619,0.006621,0.714354,-88.814,-1.157,2.196,0.025019,0.157491,0.008802,0.016800,-0.106980,-0.018272
1790937502.866041,1790937502.928294,-0.009947,0.024105,0.856400,-0.699044,-0.020262,0.006238,0.714764,-88.748,-1.160,2.135,0.051528,0.184745,0.003216,0.052992,0.184886,0.070079
1790937502.899382,1790937502.959368,-0.006700,0.033451,0.848320,-0.698093,-0.016438,0.004294,0.715805,-88.579,-1.005,1.668,0.059618,0.215510,-0.009901,0.053000,0.287172,0.122969
1790937502.932724,1790937502.996897,-0.005724,0.038099,0.855366,-0.697425,-0.012086,0.001963,0.716553,-88.458,-0.836,1.127,0.050852,0.244939,-0.012992,0.046589,0.257373,0.076026
1790937502.966065,1790937503.029532,-0.004269,0.045674,0.855706,-0.696255,-0.009307,0.000239,0.717734,-88.264,-0.746,0.762,0.030128,0.268555,-0.007610,0.136039,0.081622,0.020606
1790937502.999406,1790937503.066644,-0.002453,0.053455,0.855097,-0.694556,-0.009831,-0.000082,0.719372,-87.995,-0.817,0.776,0.007696,0.276710,-0.004331,0.106196,-0.080281,-0.034781
1790937503.032747,1790937503.096762,-0.001451,0.059557,0.853909,-0.693781,-0.011024,0.000372,0.720102,-87.874,-0.880,0.907,-0.000710,0.286273,-0.007178,-0.036584,-0.077998,0.016302
1790937503.066089,1790937503.135539,-0.000772,0.067705,0.855628,-0.694767,-0.012329,0.001457,0.719128,-88.034,-0.900,1.102,-0.018649,0.306250,-0.002044,-0.117557,-0.147258,0.001336
1790937503.099430,1790937503.163665,-0.001871,0.076867,0.856740,-0.695556,-0.014644,0.003046,0.718316,-88.167,-0.963,1.418,-0.034037,0.328765,0.010156,-0.023825,-0.154703,0.007719
1790937503.132771,1790937503.194598,-0.003827,0.087611,0.856955,-0.695253,-0.015841,0.003874,0.718580,-88.123,-0.996,1.581,-0.035751,0.360753,0.016078,0.066693,-0.011959,-0.015711
1790937503.166113,1790937503.220546,-0.006583,0.099857,0.856919,-0.693988,-0.016726,0.002676,0.719787,-87.925,-1.167,1.551,-0.049934,0.393123,0.019828,0.142299,0.043421,-0.090254
1790937503.199454,1790937503.259484,-0.009718,0.113156,0.857032,-0.692008,-0.016656,0.000841,0.721697,-87.610,-1.311,1.391,-0.057204,0.416988,0.027307,0.179558,0.129703,-0.000716
1790937503.232796,1790937503.282448,-0.013280,0.127124,0.857683,-0.690310,-0.014632,-0.000458,0.723365,-87.333,-1.249,1.120,-0.074314,0.427252,0.031272,0.087927,0.149935,0.076066
1790937503.266137,1790937503.329512,-0.016798,0.140933,0.859394,-0.690290,-0.012591,-0.001360,0.723422,-87.324,-1.151,0.883,-0.094168,0.435874,0.038768,-0.093170,0.090277,0.042063
1790937503.299479,1790937503.353988,-0.020489,0.154622,0.861888,-0.692127,-0.011835,-0.002150,0.721676,-87.613,-1.149,0.761,-0.106789,0.447060,0.049527,-0.186902,0.031686,-0.031351
1790937503.332820,1790937503.400247,-0.024375,0.168784,0.864094,-0.693654,-0.012453,-0.003169,0.720194,-87.857,-1.280,0.728,-0.111743,0.457785,0.073167,-0.010055,0.012511,-0.054704
1790937503.366162,1790937503.424978,-0.028571,0.183675,0.865185,-0.692389,-0.012497,-0.004578,0.721402,-87.656,-1.396,0.613,-0.101179,0.460427,0.084628,0.230690,0.135012,-0.016296
1790937503.399503,1790937503.462338,-0.033192,0.198938,0.865365,-0.689272,-0.009981,-0.006563,0.724404,-87.156,-1.347,0.244,-0.089235,0.455965,0.066734,0.275425,0.248984,0.081736
1790937503.432844,1790937503.502329,-0.036688,0.214329,0.865711,-0.686822,-0.006698,-0.008716,0.726742,-86.763,-1.244,-0.199,-0.089310,0.453909,0.033852,0.133700,0.188258,0.014448
1790937503.466185,1790937503.530733,-0.039392,0.227506,0.865570,-0.686160,-0.005429,-0.010409,0.727356,-86.656,-1.271,-0.441,-0.093070,0.452565,0.010103,0.023923,0.053017,-0.038836
1790937503.499527,1790937503.555099,-0.042367,0.242678,0.865823,-0.686325,-0.005132,-0.011376,0.727188,-86.682,-1.322,-0.545,-0.086818,0.449777,-0.001873,-0.026132,0.073272,-0.014297
1790937503.532868,1790937503.578619,-0.045034,0.257405,0.865456,-0.687280,-0.003860,-0.012060,0.726282,-86.831,-1.271,-0.700,-0.080859,0.443603,-0.006944,-0.127294,0.074335,0.035829
1790937503.566210,1790937503.631871,-0.047502,0.271790,0.865148,-0.689476,-0.002651,-0.011642,0.724210,-87.178,-1.140,-0.757,-0.080672,0.440489,0.002613,-0.193295,-0.043911,0.078497
1790937503.599551,1790937503.664024,-0.049567,0.286053,0.864883,-0.691618,-0.003193,-0.009223,0.722197,-87.517,-0.995,-0.510,-0.082430,0.442424,0.023009,-0.117608,-0.206895,0.048740
1790937503.632893,1790937503.699215,-0.051404,0.300607,0.864467,-0.692461,-0.005555,-0.006003,0.721409,-87.654,-0.936,-0.055,-0.076745,0.450535,0.041286,0.013465,-0.266546,-0.011911
1790937503.666234,1790937503.725367,-0.053107,0.315725,0.864650,-0.692236,-0.009295,-0.003095,0.721604,-87.624,-1.014,0.482,-0.065766,0.462653,0.046216,0.033738,-0.276136,-0.057656
1790937503.699576,1790937503.762897,-0.054023,0.330875,0.867609,-0.692073,-0.012645,-0.000910,0.721716,-87.607,-1.118,0.928,-0.047197,0.479928,0.045766,0.043236,-0.174935,-0.067369
1790937503.732918,1790937503.794783,-0.054804,0.346828,0.868726,-0.691477,-0.014863,0.000154,0.722245,-87.519,-1.218,1.191,-0.030467,0.497064,0.047430,0.083751,-0.102516,-0.059882
1790937503.766259,1790937503.832711,-0.055446,0.363952,0.869235,-0.690236,-0.016574,0.000502,0.723394,-87.328,-1.334,1.353,-0.022260,0.512624,0.046878,0.138116,-0.087617,-0.080075
1790937503.799601,1790937503.870497,-0.055112,0.381450,0.868553,-0.688634,-0.018128,0.001270,0.724881,-87.081,-1.406,1.537,-0.016911,0.526809,0.040529,0.130772,-0.100426,-0.013849
1790937503.832942,1790937503.910771,-0.057094,0.398755,0.868245,-0.687225,-0.018993,0.002711,0.726191,-86.862,-1.367,1.722,-0.018615,0.542917,0.031252,0.110600,-0.103591,0.058567
1790937503.866283,1790937503.946370,-0.057698,0.417605,0.868743,-0.686156,-0.019190,0.004738,0.727186,-86.695,-1.227,1.904,-0.015430,0.563337,0.021679,0.085071,-0.069515,0.066070
1790937503.899624,1790937503.983706,-0.058346,0.437283,0.869653,-0.685436,-0.019099,0.006411,0.727854,-86.581,-1.089,2.036,-0.011012,0.583260,0.014542,0.050961,-0.066319,0.055386
1790937503.932966,1790937504.018815,-0.058408,0.457152,0.869909,-0.685166,-0.019085,0.008296,0.728089,-86.539,-0.941,2.191,-0.001952,0.601656,0.014745,0.011566,-0.075911,0.078841
1790937503.966308,1790937504.058035,-0.057896,0.477195,0.869836,-0.685258,-0.019100,0.009930,0.727982,-86.553,-0.814,2.329,0.011192,0.615381,0.022930,-0.021400,-0.068466,0.019246
1790937503.999649,1790937504.098874,-0.058952,0.498327,0.870362,-0.685579,-0.020129,0.010829,0.727640,-86.608,-0.828,2.485,0.016897,0.620058,0.037272,-0.026705,-0.107863,-0.041546
1790937504.032991,1790937504.131826,-0.057799,0.518945,0.871084,-0.685765,-0.022027,0.011904,0.727392,-86.647,-0.901,2.724,0.022524,0.623327,0.054644,0.004222,-0.153687,-0.034029
1790937504.066332,1790937504.164426,-0.057181,0.541493,0.873575,-0.685657,-0.024822,0.014079,0.727365,-86.645,-0.963,3.126,0.015540,0.624127,0.068083,0.023341,-0.270854,-0.043678
1790937504.099674,1790937504.193310,-0.055870,0.562109,0.875333,-0.685664,-0.028058,0.017050,0.727177,-86.666,-0.999,3.628,0.020786,0.623491,0.069448,-0.055462,-0.212269,0.020264
1790937504.133016,1790937504.230990,-0.055288,0.583143,0.878161,-0.687072,-0.028978,0.019434,0.725751,-86.894,-0.880,3.901,0.034228,0.625877,0.067324,-0.197130,-0.062068,0.085238
1790937504.166357,1790937504.259679,-0.054851,0.602273,0.879592,-0.689550,-0.028122,0.020270,0.723408,-87.280,-0.730,3.906,0.040654,0.629110,0.069434,-0.207666,0.037037,0.018111
1790937504.199699,1790937504.285686,-0.053468,0.621580,0.881976,-0.691163,-0.028556,0.019197,0.721879,-87.538,-0.842,3.853,0.030138,0.631090,0.074879,-0.037192,-0.019426,-0.148062
1790937504.233041,1790937504.309821,-0.052488,0.642964,0.883583,-0.690157,-0.031521,0.018233,0.722742,-87.399,-1.169,4.007,0.009262,0.621406,0.073251,0.196104,-0.160040,-0.173630
1790937504.266382,1790937504.333949,-0.051767,0.663117,0.884012,-0.687134,-0.035604,0.018968,0.725410,-86.952,-1.466,4.386,-0.000967,0.606028,0.054663,0.266420,-0.249522,-0.152297
1790937504.299724,1790937504.357573,-0.051716,0.682887,0.884476,-0.684668,-0.039805,0.020960,0.727466,-86.599,-1.674,4.878,-0.002923,0.591313,0.028494,0.110897,-0.259107,-0.030837
1790937504.333065,1790937504.394916,-0.052371,0.704090,0.886113,-0.684419,-0.042196,0.023738,0.727480,-86.583,-1.656,5.298,0.000571,0.587424,0.018101,-0.090441,-0.172807,0.052218
1790937504.366406,1790937504.431093,-0.056104,0.728994,0.886526,-0.686529,-0.043671,0.025846,0.725329,-86.930,-1.597,5.595,-0.002641,0.590666,0.027542,-0.233185,-0.149389,0.002124
1790937504.399748,1790937504.460872,-0.056702,0.748516,0.887764,-0.689089,-0.045593,0.027317,0.722725,-87.353,-1.619,5.875,-0.006118,0.595794,0.053169,-0.150100,-0.128088,-0.011719
1790937504.433089,1790937504.496279,-0.057225,0.769020,0.889244,-0.689990,-0.047175,0.027899,0.721741,-87.513,-1.696,6.051,-0.005714,0.604742,0.074133,0.029927,-0.049258,-0.092678
1790937504.466431,1790937504.536302,-0.056627,0.783653,0.890204,-0.688413,-0.047940,0.026847,0.723235,-87.271,-1.856,6.021,-0.002247,0.609841,0.076068,0.241934,0.084953,-0.072408
1790937504.499773,1790937504.575206,-0.059494,0.805947,0.891453,-0.685348,-0.047333,0.024780,0.726254,-86.781,-1.993,5.793,-0.006478,0.626121,0.058614,0.297333,0.155261,-0.045802
1790937504.533115,1790937504.608371,-0.059276,0.827121,0.892515,-0.682276,-0.045350,0.022537,0.729338,-86.277,-2.029,5.441,-0.008305,0.644931,0.031155,0.239802,0.207456,-0.001033
1790937504.566457,1790937504.653028,-0.059452,0.848660,0.892758,-0.680245,-0.042839,0.020401,0.731448,-85.934,-2.001,5.059,-0.018432,0.663911,0.004801,0.120489,0.173363,-0.009546
1790937504.599798,1790937504.691275,-0.065147,0.874686,0.899370,-0.678064,-0.041487,0.018511,0.733598,-85.580,-2.050,4.788,-0.036663,0.684022,-0.009662,0.024506,0.094544,-0.014973
1790937504.633140,1790937504.726803,-0.063188,0.891409,0.892846,-0.678747,-0.040843,0.017348,0.733031,-85.680,-2.082,4.642,-0.039185,0.685551,-0.031216,-0.051025,0.076406,-0.011751
1790937504.666482,1790937504.761730,-0.064736,0.914333,0.889642,-0.680060,-0.039347,0.016290,0.731918,-85.872,-2.031,4.440,-0.040713,0.692881,-0.034352,-0.047825,0.161630,0.073483
1790937504.699823,1790937504.795233,-0.066372,0.937205,0.887130,-0.680654,-0.036320,0.015337,0.731544,-85.939,-1.849,4.124,-0.048869,0.694977,-0.016764,0.058704,0.146716,0.061772
1790937504.733165,1790937504.834928,-0.068101,0.958829,0.885970,-0.679554,-0.034967,0.014351,0.732651,-85.756,-1.818,3.933,-0.062480,0.680907,0.003225,0.168430,0.071075,-0.035161
1790937504.766506,1790937504.873103,-0.071102,0.981422,0.884167,-0.677545,-0.034880,0.012507,0.734547,-85.441,-1.965,3.766,-0.063592,0.659448,0.017807,0.176971,0.114759,-0.087316
1790937504.799847,1790937504.906618,-0.073188,1.002573,0.883947,-0.676089,-0.033687,0.010094,0.735981,-85.205,-2.059,3.465,-0.062096,0.636994,0.020257,0.060855,0.188266,-0.036172
1790937504.833189,1790937504.941077,-0.075405,1.023224,0.884148,-0.676985,-0.031348,0.007641,0.735289,-85.327,-2.049,3.079,-0.061451,0.616739,0.012371,-0.198009,0.215962,0.041592
1790937504.866565,1790937504.982761,-0.077704,1.043770,0.884423,-0.680428,-0.028185,0.005888,0.732249,-85.843,-1.906,2.694,-0.063056,0.602053,0.018219,-0.298141,0.172286,0.073556
1790937504.899969,1790937505.022946,-0.079473,1.062122,0.885185,-0.683320,-0.025976,0.005019,0.729640,-86.283,-1.779,2.456,-0.068100,0.592586,0.036811,-0.146827,0.097713,0.039476
1790937504.933373,1790937505.058619,-0.081673,1.082170,0.886289,-0.683860,-0.024306,0.004220,0.729196,-86.358,-1.701,2.259,-0.068180,0.589103,0.042379,0.069417,0.131804,0.013906
1790937504.966778,1790937505.100576,-0.083970,1.101580,0.886703,-0.682691,-0.022694,0.001844,0.730353,-86.166,-1.755,1.931,-0.067322,0.583056,0.029285,0.120549,0.189330,-0.083038
1790937505.000183,1790937505.136368,-0.086894,1.121454,0.885041,-0.681974,-0.021224,-0.001402,0.731067,-86.046,-1.888,1.542,-0.064810,0.575100,0.008388,0.059819,0.217015,-0.058554
1790937505.033588,1790937505.169602,-0.089190,1.140859,0.884015,-0.682426,-0.018917,-0.004234,0.730698,-86.106,-1.915,1.125,-0.057363,0.565327,-0.013320,-0.092518,0.199973,0.009623
1790937505.066994,1790937505.202940,-0.091010,1.159539,0.882658,-0.684755,-0.016778,-0.005546,0.728559,-86.463,-1.836,0.854,-0.056316,0.551261,-0.027857,-0.253376,0.081726,0.059691
1790937505.100400,1790937505.245403,-0.092666,1.177669,0.881379,-0.688518,-0.015426,-0.005185,0.725036,-87.052,-1.691,0.787,-0.053781,0.540654,-0.024548,-0.339664,-0.007758,0.068211
1790937505.133807,1790937505.287681,-0.093587,1.194480,0.878654,-0.692877,-0.015141,-0.004146,0.720885,-87.742,-1.580,0.860,-0.050755,0.538638,-0.003300,-0.259748,-0.054658,0.043729
1790937505.167214,1790937505.320740,-0.095773,1.213328,0.877809,-0.694764,-0.015583,-0.002994,0.719063,-88.044,-1.523,0.994,-0.050829,0.544425,0.020804,0.030004,-0.078088,0.008574
1790937505.200621,1790937505.361357,-0.096883,1.231450,0.878056,-0.693673,-0.016724,-0.001898,0.720093,-87.874,-1.531,1.173,-0.049163,0.553445,0.022194,0.167414,-0.116434,-0.038343
1790937505.234029,1790937505.402273,-0.099008,1.250809,0.875218,-0.692484,-0.019017,-0.000881,0.721182,-87.695,-1.642,1.437,-0.046789,0.564698,-0.002655,0.135453,-0.146290,-0.039357
1790937505.267437,1790937505.439506,-0.100822,1.270900,0.873268,-0.691774,-0.020592,0.000472,0.721820,-87.589,-1.666,1.672,-0.032620,0.580857,-0.029826,0.058747,-0.079170,0.016037
1790937505.300845,1790937505.476597,-0.101671,1.290875,0.871049,-0.691904,-0.020856,0.001320,0.721687,-87.611,-1.620,1.764,-0.020770,0.596987,-0.051526,-0.026477,-0.021643,0.013898
1790937505.334255,1790937505.512886,-0.102259,1.311072,0.868770,-0.692476,-0.020763,0.001734,0.721140,-87.701,-1.578,1.792,-0.017195,0.608604,-0.054722,-0.031804,-0.010991,0.033065
1790937505.367664,1790937505.550669,-0.102625,1.331439,0.866836,-0.692626,-0.020106,0.003080,0.721010,-87.722,-1.417,1.851,-0.017539,0.619912,-0.044634,0.028916,-0.052536,0.125741
1790937505.401074,1790937505.584575,-0.103001,1.352242,0.865191,-0.692349,-0.019142,0.005838,0.721285,-87.674,-1.119,2.002,-0.019407,0.634698,-0.039799,0.016133,-0.100475,0.150234
1790937505.434484,1790937505.626869,-0.102630,1.373327,0.864216,-0.692380,-0.019108,0.008545,0.721229,-87.679,-0.901,2.223,-0.015526,0.648889,-0.037366,-0.025419,-0.120710,0.064960
1790937505.467895,1790937505.667008,-0.104093,1.399088,0.863371,-0.692954,-0.019986,0.010448,0.720629,-87.774,-0.821,2.451,-0.012975,0.665268,-0.026268,-0.036124,-0.089817,0.046829
1790937505.501306,1790937505.703074,-0.104896,1.418437,0.860927,-0.693191,-0.020225,0.011779,0.720374,-87.813,-0.734,2.580,-0.008492,0.663170,-0.005033,0.062991,-0.064269,0.026639
1790937505.534718,1790937505.739333,-0.104915,1.440171,0.860346,-0.692322,-0.021356,0.013351,0.721149,-87.681,-0.706,2.799,-0.011050,0.655055,0.012493,0.091756,-0.171862,0.002133
1790937505.568130,1790937505.774371,-0.104840,1.462023,0.860537,-0.691638,-0.023811,0.015725,0.721680,-87.585,-0.723,3.190,-0.011228,0.650505,0.019645,0.028903,-0.216604,-0.037287
1790937505.601542,1790937505.812789,-0.104809,1.483737,0.861162,-0.691715,-0.026609,0.017669,0.721464,-87.613,-0.799,3.573,-0.007021,0.643945,0.018919,-0.069104,-0.181450,-0.024508
1790937505.634955,1790937505.855531,-0.104041,1.505183,0.862262,-0.693341,-0.028767,0.019363,0.719775,-87.885,-0.834,3.886,0.003608,0.645806,0.017029,-0.225707,-0.142026,-0.010709
1790937505.668367,1790937505.897127,-0.102620,1.525993,0.860673,-0.696855,-0.030590,0.020603,0.716263,-88.458,-0.866,4.138,0.015854,0.659577,0.024356,-0.261917,-0.120745,-0.047939
1790937505.701781,1790937505.930056,-0.101721,1.548497,0.861609,-0.699066,-0.032893,0.021179,0.713986,-88.828,-0.995,4.373,0.018449,0.671391,0.041860,-0.058453,-0.131386,-0.082071
1790937505.735195,1790937505.966944,-0.101308,1.570824,0.862333,-0.698143,-0.034982,0.021976,0.714765,-88.696,-1.107,4.604,0.019451,0.673182,0.052481,0.230247,-0.099435,-0.028766
1790937505.768609,1790937506.012682,-0.099825,1.593369,0.863845,-0.694976,-0.035817,0.023428,0.717758,-88.197,-1.080,4.786,0.019010,0.669912,0.036535,0.244088,-0.111144,0.036169
1790937505.802024,1790937506.054917,-0.097379,1.614287,0.863465,-0.693542,-0.036529,0.025790,0.719027,-87.975,-0.960,5.035,0.019080,0.664838,0.004377,-0.009422,-0.122890,0.078856
1790937505.835439,1790937506.092505,-0.096833,1.636439,0.863250,-0.695272,-0.036554,0.027947,0.717272,-88.251,-0.778,5.217,0.022094,0.665312,-0.005727,-0.265092,-0.067490,0.066074
1790937505.868810,1790937506.131398,-0.096092,1.658706,0.863569,-0.698631,-0.037283,0.029019,0.713921,-88.794,-0.727,5.367,0.018582,0.668798,0.020746,-0.259766,-0.089861,-0.029807
1790937505.902144,1790937506.167769,-0.095325,1.680782,0.864922,-0.700426,-0.038666,0.029312,0.712073,-89.094,-0.802,5.504,0.018000,0.673029,0.059610,-0.010488,-0.052575,-0.059641
1790937505.935477,1790937506.201339,-0.094374,1.702744,0.867094,-0.698945,-0.040228,0.028966,0.713455,-88.870,-0.969,5.600,0.015322,0.674317,0.075576,0.237726,-0.054704,-0.139538
1790937505.968811,1790937506.238288,-0.093905,1.725773,0.869021,-0.695822,-0.041995,0.027666,0.716451,-88.387,-1.242,5.630,0.020090,0.680362,0.055989,0.252634,0.044371,-0.155523
1790937506.002145,1790937506.282576,-0.092924,1.749102,0.870417,-0.693298,-0.042120,0.025010,0.718984,-87.986,-1.483,5.417,0.027197,0.692028,0.017970,0.139702,0.165826,-0.110823
1790937506.035479,1790937506.322224,-0.090359,1.771620,0.868997,-0.692561,-0.041239,0.021832,0.719848,-87.861,-1.669,5.082,0.025883,0.702499,-0.014298,0.033185,0.157290,-0.111853
1790937506.068812,1790937506.355535,-0.089748,1.795491,0.867917,-0.692268,-0.040240,0.019199,0.720262,-87.804,-1.798,4.785,0.020606,0.709910,-0.031766,0.043834,0.134921,-0.046868
1790937506.102144,1790937506.392604,-0.089108,1.819291,0.866576,-0.691638,-0.039515,0.017871,0.720942,-87.698,-1.848,4.616,0.007282,0.717372,-0.040571,0.056616,0.028393,-0.031958
1790937506.135478,1790937506.436003,-0.088632,1.843395,0.865461,-0.690870,-0.039830,0.017609,0.721666,-87.579,-1.900,4.617,-0.004934,0.726737,-0.040760,0.061934,-0.022731,-0.026666
1790937506.168811,1790937506.471217,-0.087476,1.866225,0.862262,-0.690358,-0.039981,0.017815,0.722143,-87.499,-1.900,4.645,-0.012112,0.734720,-0.039121,0.071541,0.012401,0.012801
1790937506.202145,1790937506.498357,-0.088266,1.891156,0.860761,-0.689697,-0.039416,0.017434,0.722814,-87.389,-1.887,4.567,-0.019354,0.745860,-0.030041,0.063016,0.060340,-0.053245
1790937506.235478,1790937506.525415,-0.089008,1.915934,0.859964,-0.688598,-0.039556,0.016006,0.723887,-87.216,-2.019,4.456,-0.027835,0.741637,-0.017259,0.119475,0.049689,-0.112906
1790937506.268811,1790937506.552163,-0.089773,1.940310,0.859491,-0.687287,-0.040040,0.013597,0.725154,-87.013,-2.257,4.291,-0.022053,0.731988,-0.009586,0.068339,0.135979,-0.142739
1790937506.302144,1790937506.579066,-0.090392,1.964374,0.859368,-0.686813,-0.039229,0.010255,0.725703,-86.930,-2.456,3.947,-0.016049,0.717669,0.001284,0.002291,0.205224,-0.074563
1790937506.335477,1790937506.616916,-0.090912,1.987878,0.859628,-0.687503,-0.036988,0.007610,0.725199,-87.020,-2.475,3.552,-0.017289,0.703342,0.008128,-0.159635,0.172199,0.024506
1790937506.368810,1790937506.649448,-0.090347,2.010331,0.860195,-0.690256,-0.034688,0.006625,0.722703,-87.437,-2.349,3.297,-0.019239,0.703706,0.025137,-0.249105,0.110395,0.068195
1790937506.402143,1790937506.677609,-0.091213,2.033936,0.861618,-0.691931,-0.033145,0.005864,0.721179,-87.690,-2.275,3.117,-0.022663,0.711710,0.051585,0.037456,0.086958,-0.022355
1790937506.435476,1790937506.704124,-0.091888,2.057551,0.863433,-0.689573,-0.032169,0.004344,0.723488,-87.309,-2.324,2.906,-0.017261,0.713220,0.050908,0.333608,0.151942,-0.040467
1790937506.468809,1790937506.731090,-0.092025,2.080859,0.864554,-0.685508,-0.030254,0.001869,0.727434,-86.653,-2.376,2.535,-0.004594,0.703764,0.010282,0.280343,0.244623,-0.038337
1790937506.502142,1790937506.771351,-0.092348,2.104721,0.863981,-0.683724,-0.026986,-0.001567,0.729240,-86.351,-2.379,1.985,0.011958,0.692972,-0.040630,-0.016879,0.321328,-0.003187
1790937506.535473,1790937506.810502,-0.090746,2.126796,0.861894,-0.685491,-0.022018,-0.004507,0.727735,-86.602,-2.191,1.355,0.024455,0.678868,-0.060900,-0.257630,0.329834,0.160863
1790937506.568806,1790937506.848763,-0.089998,2.148975,0.860319,-0.689108,-0.016694,-0.005506,0.724445,-87.150,-1.821,0.862,0.024012,0.656652,-0.043155,-0.327946,0.163653,0.167239
1790937506.602139,1790937506.889503,-0.089326,2.170348,0.859781,-0.692757,-0.014238,-0.004926,0.721014,-87.720,-1.568,0.724,0.019055,0.640962,-0.005830,-0.251251,-0.003591,0.093707
1790937506.635471,1790937506.929644,-0.087913,2.189820,0.859919,-0.694608,-0.013322,-0.004028,0.719253,-88.012,-1.419,0.729,0.027904,0.637100,0.027575,-0.008336,0.049645,0.052207
1790937506.668803,1790937506.962905,-0.087138,2.211488,0.860740,-0.693416,-0.011614,-0.004402,0.720430,-87.817,-1.309,0.560,0.040956,0.638838,0.038724,0.218566,0.117832,0.051129
1790937506.702136,1790937506.996535,-0.085974,2.233266,0.861615,-0.690473,-0.009933,-0.004731,0.723275,-87.346,-1.198,0.394,0.043750,0.644866,0.020867,0.249456,0.041135,0.055384
1790937506.735468,1790937507.030161,-0.084683,2.255495,0.861696,-0.688120,-0.009181,-0.003916,0.725529,-86.972,-1.072,0.398,0.047869,0.657111,-0.015872,0.117355,-0.031301,0.060706
1790937506.768800,1790937507.066540,-0.082937,2.277878,0.860385,-0.687622,-0.008993,-0.002839,0.726007,-86.893,-0.972,0.473,0.056370,0.675764,-0.052427,-0.027519,-0.021716,0.039417
1790937506.802133,1790937507.099197,-0.080992,2.300268,0.858646,-0.688316,-0.008307,-0.002248,0.725360,-87.001,-0.868,0.468,0.063091,0.692250,-0.066106,-0.075463,0.027292,0.075612
1790937506.835465,1790937507.132769,-0.078800,2.323898,0.856774,-0.688957,-0.006414,-0.001441,0.724772,-87.100,-0.646,0.387,0.062657,0.708676,-0.063899,-0.039242,0.059244,0.147007
1790937506.868799,1790937507.169363,-0.076953,2.347616,0.854841,-0.689491,-0.004367,-0.000058,0.724281,-87.182,-0.367,0.340,0.054008,0.723536,-0.053198,-0.046698,-0.020652,0.100131
1790937506.902133,1790937507.208814,-0.075388,2.371477,0.853704,-0.689748,-0.004814,0.001372,0.724032,-87.223,-0.291,0.494,0.045174,0.730512,-0.029236,0.009755,-0.142089,-0.002163
1790937506.935467,1790937507.254146,-0.073557,2.392548,0.852838,-0.689315,-0.007148,0.003182,0.724419,-87.158,-0.342,0.829,0.045565,0.722597,-0.006457,0.039607,-0.202819,-0.046889
1790937506.968801,1790937507.290843,-0.071862,2.416403,0.852994,-0.689019,-0.010210,0.005567,0.724650,-87.117,-0.408,1.269,0.051636,0.709756,0.007283,-0.010463,-0.255017,-0.000016
1790937507.002134,1790937507.321641,-0.070001,2.440073,0.853307,-0.689486,-0.012904,0.008716,0.724132,-87.198,-0.382,1.743,0.057735,0.698880,0.016631,-0.071183,-0.240106,0.044735
1790937507.035468,1790937507.364395,-0.068135,2.462899,0.854310,-0.690521,-0.014766,0.012126,0.723060,-87.368,-0.264,2.174,0.059366,0.691962,0.028100,-0.105275,-0.195360,0.091591
1790937507.068802,1790937507.398023,-0.066573,2.485174,0.854707,-0.691989,-0.016567,0.014857,0.721565,-87.607,-0.192,2.543,0.056674,0.689397,0.038122,-0.130831,-0.186845,-0.037307
1790937507.102136,1790937507.427315,-0.064658,2.508436,0.856236,-0.693404,-0.019729,0.015455,0.720113,-87.845,-0.400,2.844,0.062938,0.698495,0.052852,-0.079700,-0.117599,-0.158751
1790937507.135469,1790937507.455222,-0.062413,2.531462,0.858278,-0.693002,-0.022439,0.014472,0.720441,-87.794,-0.703,2.978,0.068179,0.702103,0.063601,0.154665,-0.046224,-0.153427
1790937507.168803,1790937507.483676,-0.059981,2.554266,0.860420,-0.689989,-0.023767,0.013969,0.723295,-87.323,-0.865,3.039,0.066287,0.695785,0.058742,0.341093,-0.025983,0.026605
1790937507.202137,1790937507.522342,-0.057646,2.576730,0.861904,-0.685932,-0.023124,0.015737,0.727128,-86.679,-0.690,3.131,0.057531,0.684422,0.031117,0.281438,-0.077117,0.146983
1790937507.235470,1790937507.555931,-0.055730,2.596285,0.862029,-0.683990,-0.022465,0.019044,0.728897,-86.370,-0.384,3.353,0.043793,0.668236,-0.003664,0.009809,-0.142104,0.158702
1790937507.268804,1790937507.584643,-0.054734,2.618349,0.861528,-0.685035,-0.023260,0.022787,0.727782,-86.539,-0.151,3.729,0.023390,0.654188,-0.018405,-0.185138,-0.240107,0.090522
1790937507.302137,1790937507.611812,-0.054115,2.639483,0.861194,-0.687564,-0.025805,0.026266,0.725190,-86.952,-0.075,4.220,0.013031,0.643498,-0.002583,-0.210704,-0.247562,0.034061
1790937507.335471,1790937507.638584,-0.053670,2.660324,0.861782,-0.689024,-0.028094,0.028893,0.723617,-87.196,-0.048,4.619,0.013195,0.636402,0.027675,-0.010427,-0.163403,-0.011747
1790937507.368804,1790937507.677519,-0.053187,2.680974,0.863108,-0.687982,-0.029950,0.030213,0.724480,-87.044,-0.105,4.875,0.013508,0.633370,0.036353,0.156825,-0.099485,-0.036252
1790937507.402137,1790937507.709855,-0.052471,2.699542,0.864329,-0.685983,-0.031486,0.030239,0.726307,-86.740,-0.243,4.998,0.015901,0.633583,0.009556,0.109964,-0.031305,-0.088459
1790937507.435469,1790937507.739018,-0.051864,2.721126,0.864175,-0.685239,-0.032292,0.029189,0.727017,-86.628,-0.398,4.974,0.019929,0.644722,-0.024235,0.003433,0.045397,-0.080999
1790937507.468802,1790937507.768624,-0.051124,2.742313,0.862943,-0.685345,-0.031978,0.027346,0.727002,-86.643,-0.516,4.795,0.026352,0.658470,-0.049932,-0.013610,0.159384,-0.034129
1790937507.502136,1790937507.798714,-0.050368,2.764506,0.860720,-0.685525,-0.029731,0.024582,0.727026,-86.655,-0.546,4.388,0.027791,0.670984,-0.067982,0.015151,0.237153,-0.024545
1790937507.535469,1790937507.827287,-0.049651,2.786687,0.858336,-0.684878,-0.027555,0.021676,0.727814,-86.539,-0.597,3.974,0.018603,0.680236,-0.074299,0.123812,0.199868,-0.060769
1790937507.568802,1790937507.856665,-0.049171,2.809351,0.855838,-0.682831,-0.026157,0.018265,0.729880,-86.209,-0.759,3.577,0.006274,0.694401,-0.079220,0.207970,0.193477,-0.144928
1790937507.602134,1790937507.899322,-0.049021,2.832111,0.853277,-0.680314,-0.026222,0.014617,0.732305,-85.815,-1.061,3.273,-0.015794,0.704233,-0.089232,0.166426,0.088011,-0.173691
1790937507.635468,1790937507.938514,-0.049726,2.852962,0.850429,-0.679109,-0.027409,0.012494,0.733419,-85.633,-1.331,3.186,-0.028004,0.712796,-0.092435,-0.014657,-0.008931,-0.095924
1790937507.668800,1790937507.975828,-0.050704,2.877010,0.847495,-0.679991,-0.028411,0.011560,0.732579,-85.777,-1.484,3.187,-0.031366,0.712465,-0.082347,-0.137170,-0.008931,-0.069293
1790937507.702133,1790937508.011241,-0.051966,2.901101,0.845038,-0.682137,-0.029224,0.010958,0.730558,-86.118,-1.590,3.205,-0.033291,0.701921,-0.055063,-0.197895,0.010244,-0.049056
1790937507.735466,1790937508.045576,-0.052980,2.924024,0.843978,-0.684279,-0.028646,0.009550,0.728595,-86.451,-1.643,3.046,-0.026696,0.690390,-0.014625,-0.137173,0.164713,-0.003250
1790937507.768798,1790937508.079705,-0.053910,2.946353,0.844093,-0.685652,-0.026348,0.007451,0.727414,-86.652,-1.611,2.693,-0.027296,0.676150,0.012457,-0.098820,0.184954,0.004204
1790937507.802131,1790937508.116659,-0.055050,2.968163,0.844709,-0.687149,-0.024800,0.005687,0.726071,-86.879,-1.616,2.428,-0.033419,0.665363,0.021545,-0.156345,0.090143,0.012721
1790937507.835464,1790937508.156158,-0.056316,2.989471,0.846149,-0.688877,-0.022990,0.005576,0.724492,-87.142,-1.469,2.279,-0.033134,0.665468,0.032850,-0.090299,0.097604,0.111780
1790937507.868796,1790937508.193933,-0.057491,3.007932,0.848150,-0.688811,-0.021057,0.005010,0.724617,-87.122,-1.353,2.079,-0.037314,0.661313,0.037124,0.099338,0.102934,-0.038434
1790937507.902130,1790937508.229613,-0.058516,3.029675,0.849445,-0.686799,-0.021042,0.002528,0.726538,-86.804,-1.553,1.868,-0.033722,0.652604,0.027055,0.200544,0.125303,-0.124712
1790937507.935464,1790937508.264827,-0.059312,3.050986,0.850381,-0.684712,-0.019597,-0.000246,0.728550,-86.469,-1.656,1.518,-0.014855,0.639981,0.007983,0.099343,0.224374,0.011644
1790937507.968799,1790937508.300853,-0.059689,3.071900,0.850224,-0.684350,-0.016553,-0.001977,0.728963,-86.399,-1.538,1.133,-0.010485,0.617934,-0.014594,-0.047666,0.150870,0.091540
1790937508.002133,1790937508.337576,-0.060221,3.092037,0.849681,-0.685416,-0.014062,-0.001600,0.728014,-86.559,-1.299,0.971,-0.011453,0.591944,-0.025644,-0.126503,0.039016,0.166099
1790937508.035467,1790937508.376284,-0.060366,3.109311,0.850103,-0.687184,-0.011909,0.000468,0.726386,-86.831,-0.954,0.977,-0.010621,0.573393,-0.024018,-0.201060,-0.011059,0.187407
1790937508.068801,1790937508.411540,-0.060709,3.127869,0.849602,-0.689515,-0.010435,0.002164,0.724193,-87.196,-0.695,1.004,-0.009929,0.571397,-0.012555,-0.153119,-0.002534,0.086204
1790937508.102135,1790937508.446263,-0.061070,3.146664,0.849508,-0.690380,-0.010073,0.002584,0.723373,-87.332,-0.631,1.011,-0.011033,0.574266,-0.004088,0.018393,-0.007859,0.004176
1790937508.135469,1790937508.481077,-0.061252,3.165390,0.849322,-0.689355,-0.011190,0.002552,0.724333,-87.172,-0.727,1.096,-0.014750,0.578750,-0.016895,0.119601,-0.099474,-0.098089
1790937508.168803,1790937508.512126,-0.061792,3.184759,0.848312,-0.688142,-0.014561,0.002516,0.725426,-86.990,-1.012,1.358,-0.015660,0.585437,-0.052525,0.052487,-0.192156,-0.140702
1790937508.202137,1790937508.538141,-0.062250,3.204500,0.845955,-0.688171,-0.017934,0.003614,0.725318,-87.007,-1.206,1.715,-0.006211,0.598484,-0.089204,-0.070019,-0.160195,-0.033108
1790937508.235471,1790937508.565592,-0.062253,3.224451,0.842716,-0.689521,-0.019105,0.004671,0.723999,-87.226,-1.216,1.898,0.008704,0.614794,-0.105817,-0.144587,-0.035555,0.039329
1790937508.268804,1790937508.603202,-0.062047,3.244842,0.839564,-0.691043,-0.018907,0.005305,0.722547,-87.466,-1.145,1.937,0.013724,0.631972,-0.093315,-0.082802,0.000667,0.061687
1790937508.302138,1790937508.640747,-0.060779,3.260861,0.837918,-0.690993,-0.017912,0.005826,0.722616,-87.454,-1.022,1.901,0.016765,0.644445,-0.059665,0.074892,0.032618,0.080888
1790937508.335470,1790937508.675326,-0.060267,3.282846,0.836297,-0.689413,-0.017078,0.006445,0.724139,-87.200,-0.908,1.885,0.012146,0.651548,-0.036017,0.164376,-0.019579,0.032950
1790937508.368804,1790937508.712742,-0.059759,3.304655,0.835193,-0.687917,-0.016831,0.007485,0.725555,-86.963,-0.809,1.950,0.011238,0.642919,-0.032650,0.047194,-0.051538,0.102197
1790937508.402138,1790937508.751477,-0.059339,3.326115,0.833997,-0.688762,-0.017073,0.009928,0.724719,-87.098,-0.634,2.173,0.003539,0.630175,-0.038263,-0.190363,-0.198549,0.073435
1790937508.435471,1790937508.785885,-0.059435,3.346944,0.832903,-0.691764,-0.020359,0.013027,0.721719,-87.587,-0.651,2.692,-0.003422,0.626357,-0.024889,-0.265997,-0.311470,-0.035226
1790937508.468804,1790937508.819520,-0.059412,3.367494,0.832843,-0.693821,-0.023931,0.015425,0.719585,-87.932,-0.747,3.177,0.003680,0.621860,0.004896,-0.050806,-0.164460,-0.043749
1790937508.502137,1790937508.859751,-0.059145,3.387772,0.833417,-0.693671,-0.026230,0.016401,0.719628,-87.921,-0.859,3.440,0.006835,0.609358,0.011995,0.007789,-0.155938,-0.040553
1790937508.535471,1790937508.895125,-0.058660,3.403527,0.835487,-0.694139,-0.029579,0.017762,0.719013,-88.017,-1.024,3.820,0.006973,0.599943,-0.000101,-0.161579,-0.239031,-0.094887
1790937508.568804,1790937508.921388,-0.058465,3.423959,0.835322,-0.695918,-0.033293,0.019034,0.717096,-88.328,-1.218,4.224,0.013723,0.606055,0.004568,-0.096598,-0.169785,-0.049082
1790937508.602137,1790937508.950250,-0.057893,3.444244,0.835908,-0.695504,-0.035104,0.020137,0.717382,-88.276,-1.281,4.459,0.018852,0.610874,0.021251,0.167596,-0.076038,0.013769
1790937508.635470,1790937508.982169,-0.057294,3.464394,0.836774,-0.692272,-0.035337,0.021418,0.720453,-87.763,-1.218,4.577,0.016696,0.610060,0.023329,0.340176,-0.069646,0.080882
1790937508.668803,1790937509.013986,-0.056984,3.481492,0.838446,-0.688193,-0.035232,0.023691,0.724284,-87.116,-1.056,4.751,0.005511,0.599116,0.003255,0.259227,-0.115455,0.125623
1790937508.702137,1790937509.039712,-0.057006,3.501660,0.837954,-0.686636,-0.035270,0.026956,0.725645,-86.871,-0.812,5.024,-0.009124,0.588695,-0.025702,-0.017748,-0.150609,0.163973
1790937508.735469,1790937509.075028,-0.057602,3.520964,0.837050,-0.688288,-0.035552,0.030332,0.723931,-87.134,-0.557,5.328,-0.021983,0.585595,-0.034466,-0.234002,-0.145281,0.101116
1790937508.768801,1790937509.105565,-0.058523,3.538406,0.836961,-0.691032,-0.037147,0.031845,0.721166,-87.582,-0.548,5.582,-0.030125,0.586862,-0.021457,-0.211623,-0.103736,-0.058676
1790937508.802134,1790937509.132862,-0.059485,3.557807,0.836677,-0.692470,-0.039434,0.030989,0.719702,-87.830,-0.793,5.695,-0.026047,0.591885,-0.005049,-0.039042,-0.017446,-0.152423
1790937508.835467,1790937509.158445,-0.060198,3.577405,0.836646,-0.692205,-0.040901,0.028417,0.719981,-87.801,-1.121,5.599,-0.014043,0.604013,-0.006170,0.040858,0.112519,-0.155620
1790937508.868802,1790937509.186862,-0.060540,3.597560,0.836331,-0.691624,-0.040918,0.024780,0.720672,-87.709,-1.415,5.299,-0.007151,0.620563,-0.016927,0.054710,0.179634,-0.120466
1790937508.902138,1790937509.211061,-0.060811,3.618287,0.835570,-0.690770,-0.039959,0.021404,0.721653,-87.564,-1.610,4.941,-0.007333,0.635673,-0.032394,0.081345,0.187090,-0.081050
1790937508.935474,1790937509.236419,-0.061015,3.639465,0.834147,-0.690131,-0.038339,0.018222,0.722438,-87.448,-1.733,4.547,-0.007118,0.652067,-0.049094,0.016366,0.225443,-0.042700
1790937508.968810,1790937509.263642,-0.061341,3.661279,0.832386,-0.690137,-0.036342,0.015065,0.722609,-87.432,-1.818,4.127,-0.016251,0.666444,-0.055461,-0.001741,0.183895,-0.051222
1790937509.002146,1790937509.288307,-0.062132,3.683618,0.830706,-0.689867,-0.035428,0.012550,0.722960,-87.382,-1.943,3.845,-0.027399,0.674156,-0.051983,0.048329,0.115716,-0.061874
1790937509.035481,1790937509.324411,-0.062975,3.706376,0.829142,-0.689178,-0.034192,0.010779,0.723705,-87.263,-1.985,3.599,-0.029887,0.679044,-0.048174,0.046198,0.161523,0.025479
1790937509.068817,1790937509.359946,-0.063480,3.726494,0.828117,-0.689204,-0.031617,0.009032,0.723821,-87.247,-1.910,3.250,-0.036208,0.674270,-0.047161,-0.085891,0.194548,0.036140
1790937509.102153,1790937509.385815,-0.064871,3.748684,0.826556,-0.691334,-0.029649,0.007507,0.721888,-87.571,-1.858,2.973,-0.049563,0.660884,-0.041059,-0.260599,0.091212,0.061705
1790937509.135489,1790937509.412795,-0.066887,3.770903,0.825611,-0.694843,-0.028154,0.007386,0.718572,-88.119,-1.730,2.852,-0.055073,0.655933,-0.007529,-0.244618,0.080560,0.069159
1790937509.168824,1790937509.451305,-0.068967,3.793132,0.826306,-0.696123,-0.026392,0.005930,0.717413,-88.313,-1.697,2.595,-0.052905,0.654612,0.044623,0.089883,0.195612,-0.030982
1790937509.202159,1790937509.482848,-0.071473,3.813400,0.828738,-0.693483,-0.024525,0.002771,0.720050,-87.881,-1.804,2.179,-0.056055,0.637987,0.063770,0.264593,0.202002,-0.041641
1790937509.235494,1790937509.507875,-0.073389,3.834092,0.830701,-0.691681,-0.023240,0.000931,0.721828,-87.587,-1.849,1.920,-0.061517,0.627832,0.044512,-0.025164,0.057122,-0.012877
1790937509.268830,1790937509.535145,-0.075451,3.854928,0.832076,-0.693000,-0.023327,0.000099,0.720560,-87.797,-1.919,1.862,-0.058088,0.630223,0.033228,-0.147670,0.019837,-0.046967
1790937509.302166,1790937509.562416,-0.077271,3.875902,0.833397,-0.693919,-0.023735,-0.001312,0.719661,-87.945,-2.062,1.781,-0.047751,0.631434,0.040309,0.021712,0.062449,-0.083189
1790937509.335501,1790937509.589508,-0.078733,3.896798,0.834855,-0.692408,-0.023364,-0.003153,0.721121,-87.703,-2.181,1.595,-0.031618,0.622342,0.046187,0.206010,0.149803,-0.004358
1790937509.368836,1790937509.626086,-0.079795,3.917177,0.836290,-0.689889,-0.020290,-0.004830,0.723614,-87.288,-2.065,1.204,-0.010393,0.607201,0.035271,0.174049,0.266990,0.111748
1790937509.402172,1790937509.658793,-0.080169,3.935147,0.837866,-0.688623,-0.015572,-0.006434,0.724924,-87.069,-1.802,0.695,-0.001454,0.586925,0.011086,0.004671,0.247810,0.124533
1790937509.435507,1790937509.688114,-0.080158,3.954601,0.837892,-0.689166,-0.012001,-0.007770,0.724463,-87.144,-1.610,0.303,0.003055,0.572579,0.000703,-0.082681,0.190286,0.089377
1790937509.468842,1790937509.725569,-0.080021,3.973560,0.837882,-0.690273,-0.008841,-0.009065,0.723439,-87.311,-1.450,-0.052,0.010484,0.569476,0.005288,-0.097594,0.171112,0.058481
1790937509.502177,1790937509.758617,-0.080078,3.990646,0.838682,-0.691132,-0.006926,-0.010267,0.722622,-87.444,-1.387,-0.302,0.013052,0.571849,0.015024,-0.050717,0.107194,0.044629
1790937509.535512,1790937509.786404,-0.079227,4.010015,0.839435,-0.691046,-0.004970,-0.010694,0.722715,-87.428,-1.259,-0.492,0.022513,0.580553,0.027472,0.086706,0.083756,0.058479
1790937509.568848,1790937509.814286,-0.078539,4.029572,0.840381,-0.689094,-0.004196,-0.010845,0.724579,-87.118,-1.205,-0.569,0.023768,0.585690,0.026212,0.230522,-0.013183,0.011605
1790937509.602183,1790937509.838953,-0.077737,4.049201,0.840992,-0.686231,-0.004935,-0.010051,0.727297,-86.667,-1.202,-0.450,0.026727,0.591307,0.008392,0.210282,-0.092016,0.017996
1790937509.635518,1790937509.865550,-0.076691,4.068935,0.840868,-0.684212,-0.005529,-0.008916,0.729208,-86.350,-1.161,-0.312,0.034548,0.599160,-0.017715,0.115472,-0.047272,0.054217
1790937509.668852,1790937509.892241,-0.075515,4.088863,0.839948,-0.683516,-0.005604,-0.007665,0.729874,-86.241,-1.069,-0.202,0.035359,0.603994,-0.040545,-0.019818,-0.060056,0.047825
1790937509.702187,1790937509.919126,-0.074326,4.109111,0.838523,-0.684340,-0.005874,-0.006669,0.729109,-86.371,-1.014,-0.097,0.039491,0.612809,-0.045421,-0.082670,-0.038749,0.038236
1790937509.735522,1790937509.946971,-0.072976,4.129753,0.837226,-0.684815,-0.005753,-0.005979,0.728670,-86.445,-0.950,-0.048,0.047552,0.617763,-0.032566,0.029185,-0.005725,0.025452
1790937509.768857,1790937509.979786,-0.071318,4.150867,0.836259,-0.684262,-0.005299,-0.005909,0.729194,-86.358,-0.906,-0.078,0.059018,0.612215,-0.022359,0.039837,0.047539,0.042495
1790937509.802191,1790937510.016114,-0.069287,4.171270,0.835631,-0.684302,-0.003465,-0.005792,0.729168,-86.362,-0.744,-0.212,0.068468,0.597374,-0.014111,-0.068823,0.075236,0.115998
1790937509.835526,1790937510.055515,-0.067229,4.191227,0.835421,-0.685712,-0.001885,-0.004820,0.727854,-86.584,-0.536,-0.254,0.065862,0.588057,-0.000042,-0.167895,-0.056857,0.074448
1790937509.868861,1790937510.094773,-0.066134,4.209563,0.835440,-0.687607,-0.003278,-0.002832,0.726071,-86.883,-0.496,0.023,0.054510,0.585010,0.022588,-0.109304,-0.219843,-0.041672
1790937509.902195,1790937510.130591,-0.064339,4.228573,0.837037,-0.687805,-0.006837,-0.001144,0.725863,-86.918,-0.659,0.444,0.056986,0.584936,0.046621,0.090972,-0.204930,-0.087479
1790937509.935529,1790937510.166198,-0.062474,4.247829,0.838678,-0.686428,-0.010424,0.000103,0.727123,-86.708,-0.861,0.829,0.057295,0.574736,0.043903,0.072861,-0.214517,-0.074697
1790937509.968863,1790937510.200655,-0.060437,4.266808,0.840051,-0.686816,-0.013497,0.001641,0.726704,-86.778,-0.995,1.199,0.064503,0.570277,0.031799,-0.138064,-0.158057,-0.033150
1790937510.002197,1790937510.238092,-0.058351,4.285777,0.841394,-0.688516,-0.015795,0.002419,0.725045,-87.054,-1.121,1.448,0.065224,0.568243,0.040213,-0.081603,-0.119704,-0.100269
1790937510.035530,1790937510.275947,-0.057188,4.303416,0.843001,-0.688101,-0.018423,0.002128,0.725377,-86.998,-1.364,1.630,0.061865,0.563049,0.054666,0.185787,-0.079217,-0.117315
1790937510.068864,1790937510.309467,-0.055072,4.321660,0.844752,-0.684526,-0.020024,0.002193,0.728710,-86.441,-1.500,1.755,0.057427,0.553947,0.048644,0.370084,-0.077088,-0.015045
1790937510.102196,1790937510.344655,-0.053298,4.339700,0.845854,-0.680380,-0.021215,0.003615,0.732544,-85.797,-1.499,1.959,0.048036,0.540412,0.011638,0.245443,-0.141005,0.032890
1790937510.135530,1790937510.387051,-0.051828,4.357238,0.845656,-0.679040,-0.022402,0.006100,0.733734,-85.594,-1.409,2.257,0.042817,0.528208,-0.030520,-0.065620,-0.138874,0.110657
1790937510.168864,1790937510.425124,-0.051237,4.371521,0.844504,-0.681300,-0.021970,0.008772,0.731622,-85.945,-1.157,2.452,0.041385,0.520180,-0.040667,-0.286132,-0.050447,0.130897
1790937510.202197,1790937510.461862,-0.050186,4.388878,0.843424,-0.685002,-0.022222,0.010069,0.728132,-86.528,-1.064,2.586,0.024121,0.518605,-0.021212,-0.266958,-0.101584,-0.037421
1790937510.235530,1790937510.497823,-0.049617,4.405934,0.843171,-0.687127,-0.024830,0.010131,0.726042,-86.876,-1.268,2.800,0.012079,0.515330,0.004100,-0.060289,-0.128216,-0.167388
1790937510.268863,1790937510.536424,-0.049331,4.422985,0.843587,-0.686686,-0.028431,0.009388,0.726337,-86.828,-1.628,3.021,0.008404,0.515320,0.014544,0.094178,-0.115432,-0.182304
1790937510.302197,1790937510.572150,-0.049692,4.437205,0.844128,-0.685335,-0.031148,0.008420,0.727513,-86.633,-1.936,3.151,0.011962,0.515577,-0.000380,0.086725,-0.015290,-0.105602
1790937510.335530,1790937510.607385,-0.049064,4.454376,0.843715,-0.684497,-0.031032,0.007520,0.728316,-86.501,-2.000,3.065,0.019064,0.517559,-0.025060,0.041983,0.122130,0.046735
1790937510.368863,1790937510.643478,-0.048427,4.471719,0.842586,-0.684208,-0.028246,0.006328,0.728712,-86.436,-1.863,2.745,0.017216,0.519331,-0.044687,0.021743,0.203092,0.055257
1790937510.402196,1790937510.681321,-0.048055,4.489035,0.840938,-0.683987,-0.025869,0.004690,0.729020,-86.387,-1.794,2.421,0.002194,0.521631,-0.056387,0.019612,0.115737,0.006253
1790937510.435529,1790937510.717599,-0.048195,4.506617,0.839098,-0.683563,-0.025207,0.003759,0.729446,-86.317,-1.813,2.290,-0.014047,0.529830,-0.057027,0.054766,0.010273,-0.042748
1790937510.468862,1790937510.753814,-0.048811,4.524585,0.837319,-0.682654,-0.025865,0.003273,0.730277,-86.177,-1.909,2.299,-0.025177,0.539155,-0.051747,0.083529,-0.024879,-0.022507
1790937510.502195,1790937510.783935,-0.049719,4.543221,0.835452,-0.681928,-0.026110,0.003534,0.730945,-86.065,-1.911,2.338,-0.031268,0.543588,-0.047863,0.013220,-0.008900,0.006254
1790937510.535527,1790937510.813858,-0.050856,4.561467,0.834070,-0.682326,-0.026010,0.003535,0.730577,-86.127,-1.901,2.332,-0.036726,0.538755,-0.039752,-0.089048,0.014535,-0.000136
1790937510.568860,1790937510.845478,-0.052244,4.579627,0.833105,-0.683933,-0.025743,0.003177,0.729083,-86.378,-1.902,2.285,-0.041103,0.536789,-0.026808,-0.165751,0.045429,0.012644
1790937510.602192,1790937510.878710,-0.053689,4.597558,0.832564,-0.685808,-0.024488,0.002323,0.727366,-86.666,-1.859,2.120,-0.039398,0.536455,-0.008139,-0.103962,0.144501,0.035015
1790937510.635525,1790937510.910002,-0.055102,4.615510,0.832464,-0.686290,-0.022237,0.000658,0.726988,-86.729,-1.801,1.805,-0.039220,0.532650,0.003763,0.032394,0.175396,-0.007597
1790937510.668858,1790937510.947861,-0.056527,4.633444,0.832483,-0.685913,-0.020271,-0.001523,0.727400,-86.660,-1.810,1.467,-0.037459,0.529294,-0.002599,0.002567,0.176462,-0.004400
1790937510.702190,1790937510.978668,-0.058455,4.648892,0.833035,-0.686284,-0.017979,-0.003325,0.727104,-86.709,-1.760,1.137,-0.034600,0.522770,-0.007394,-0.069870,0.171141,0.070165
1790937510.735523,1790937511.004475,-0.059560,4.666380,0.832794,-0.687235,-0.015021,-0.004059,0.726268,-86.848,-1.570,0.845,-0.031794,0.514596,-0.006559,-0.080523,0.147703,0.126625
1790937510.768855,1790937511.032218,-0.060677,4.683433,0.832700,-0.688302,-0.011967,-0.004449,0.725312,-87.007,-1.346,0.574,-0.027944,0.510997,-0.000689,-0.080522,0.159421,0.092534
1790937510.802187,1790937511.058750,-0.061424,4.700312,0.832878,-0.688484,-0.009570,-0.006350,0.725161,-87.030,-1.296,0.227,-0.020327,0.507651,0.013098,0.086729,0.218012,-0.069388
1790937510.835520,1790937511.095315,-0.061900,4.716854,0.833300,-0.686411,-0.007729,-0.010240,0.727100,-86.699,-1.450,-0.245,-0.010643,0.493026,0.011217,0.253981,0.275538,-0.083237
1790937510.868853,1790937511.126705,-0.062147,4.729994,0.834039,-0.683128,-0.004524,-0.014184,0.730147,-86.178,-1.489,-0.833,0.002825,0.472531,-0.017784,0.197525,0.332003,0.025424
1790937510.902187,1790937511.164239,-0.061987,4.744548,0.833142,-0.682332,-0.000678,-0.017465,0.730833,-86.051,-1.423,-1.410,0.005023,0.455962,-0.055023,-0.112471,0.232930,0.026489
1790937510.935521,1790937511.195895,-0.061782,4.756084,0.832186,-0.684577,0.001601,-0.019196,0.728686,-86.404,-1.372,-1.729,0.000110,0.443978,-0.064139,-0.266933,0.105095,0.086148
1790937510.968855,1790937511.223654,-0.061771,4.771070,0.830350,-0.687568,0.003486,-0.019001,0.725863,-86.877,-1.207,-1.856,-0.002969,0.442790,-0.042507,-0.199815,0.027329,0.091474
1790937511.002188,1790937511.260954,-0.061929,4.785868,0.829400,-0.689344,0.003532,-0.018218,0.724197,-87.157,-1.146,-1.792,-0.011328,0.444519,-0.017105,-0.091154,-0.085590,0.008381
1790937511.035522,1790937511.291657,-0.062089,4.797511,0.830369,-0.689769,0.001691,-0.017592,0.723814,-87.223,-1.250,-1.593,-0.014273,0.445922,-0.001238,0.012185,-0.118617,-0.039552
1790937511.068856,1790937511.323445,-0.062624,4.812115,0.830237,-0.689124,-0.000889,-0.016844,0.724447,-87.121,-1.404,-1.329,-0.018207,0.450001,-0.001495,0.100609,-0.191056,-0.080034
1790937511.102190,1790937511.349385,-0.063152,4.827250,0.830044,-0.687814,-0.005078,-0.015271,0.725708,-86.916,-1.626,-0.870,-0.022247,0.459700,-0.016796,0.097416,-0.286931,-0.085359
1790937511.135525,1790937511.375381,-0.063646,4.843213,0.829263,-0.687150,-0.009264,-0.013099,0.726338,-86.818,-1.803,-0.361,-0.011830,0.476742,-0.040128,0.017518,-0.220884,-0.024635
1790937511.168858,1790937511.410322,-0.063928,4.859757,0.827769,-0.687288,-0.011178,-0.011174,0.726213,-86.844,-1.811,-0.050,0.001749,0.498700,-0.057575,-0.029352,-0.106897,0.049931
1790937511.202192,1790937511.442420,-0.063570,4.874442,0.826917,-0.687596,-0.011634,-0.010127,0.725930,-86.894,-1.766,0.074,0.013302,0.520258,-0.061850,-0.027214,-0.018475,0.078697
1790937511.235526,1790937511.469260,-0.063097,4.891810,0.824879,-0.687697,-0.010856,-0.009198,0.725858,-86.908,-1.628,0.090,0.020130,0.538561,-0.050384,0.030314,-0.004627,0.119175
1790937511.268859,1790937511.495811,-0.062377,4.909828,0.823442,-0.687056,-0.010082,-0.007800,0.726492,-86.806,-1.454,0.144,0.022932,0.546426,-0.034735,0.066534,-0.050434,0.075498
1790937511.302193,1790937511.522495,-0.061494,4.928171,0.822533,-0.686764,-0.010171,-0.005964,0.726785,-86.760,-1.316,0.304,0.026062,0.536000,-0.023425,-0.050647,-0.110091,0.098934
1790937511.335526,1790937511.548572,-0.060488,4.946501,0.822159,-0.688468,-0.010649,-0.003162,0.725182,-87.030,-1.134,0.578,0.026154,0.530936,-0.008540,-0.245595,-0.172945,0.100001
1790937511.368860,1790937511.575014,-0.059615,4.964851,0.822504,-0.691927,-0.012482,-0.000318,0.721860,-87.583,-1.058,0.964,0.023263,0.540640,0.022396,-0.280752,-0.209164,0.021167
1790937511.402193,1790937511.611212,-0.058756,4.982689,0.823849,-0.693985,-0.014824,0.001972,0.719834,-87.918,-1.066,1.342,0.030406,0.547069,0.058177,-0.018686,-0.165487,-0.007594
1790937511.435526,1790937511.644713,-0.057367,4.999890,0.826804,-0.693011,-0.016990,0.002757,0.720721,-87.771,-1.184,1.577,0.040269,0.546615,0.068772,0.138975,-0.087718,-0.071510
1790937511.468859,1790937511.670238,-0.055962,5.017590,0.828683,-0.691498,-0.018622,0.002600,0.722134,-87.537,-1.335,1.691,0.050061,0.543292,0.054829,0.077190,-0.037650,-0.068315
1790937511.502192,1790937511.700149,-0.054095,5.035979,0.830450,-0.691269,-0.019707,0.001988,0.722326,-87.505,-1.474,1.726,0.058520,0.542852,0.040192,-0.027208,-0.001429,-0.071511
1790937511.535526,1790937511.734339,-0.052088,5.054498,0.831855,-0.691368,-0.020759,0.000664,0.722204,-87.525,-1.666,1.701,0.062678,0.543017,0.039712,0.030315,0.011352,-0.126907
1790937511.568859,1790937511.770920,-0.050049,5.072878,0.833231,-0.690197,-0.022643,-0.000762,0.723267,-87.349,-1.937,1.729,0.054130,0.537189,0.040409,0.167736,-0.070673,-0.148212
1790937511.602192,1790937511.812429,-0.048347,5.090795,0.834206,-0.687545,-0.025810,-0.000561,0.725682,-86.946,-2.191,1.989,0.034759,0.522756,0.021879,0.245502,-0.220879,-0.115187
1790937511.635525,1790937511.851248,-0.047696,5.120342,0.834783,-0.684846,-0.029347,0.001613,0.728094,-86.543,-2.323,2.440,0.023773,0.517733,-0.010156,0.180487,-0.241103,-0.019321
1790937511.668858,1790937511.885083,-0.046121,5.125806,0.834282,-0.683488,-0.031768,0.004123,0.729259,-86.346,-2.333,2.836,0.024654,0.498039,-0.036298,-0.017631,-0.158025,0.047805
1790937511.702191,1790937511.926033,-0.045469,5.141333,0.833161,-0.685226,-0.033169,0.005998,0.727550,-86.630,-2.295,3.109,0.020447,0.494668,-0.041877,-0.255190,-0.127131,0.032889
1790937511.735524,1790937511.966943,-0.044682,5.156723,0.832341,-0.688536,-0.034586,0.007247,0.724340,-87.164,-2.300,3.335,0.009453,0.487297,-0.030267,-0.265845,-0.102620,-0.024630
1790937511.768857,1790937511.999185,-0.044596,5.172467,0.831529,-0.691017,-0.036724,0.007269,0.721869,-87.574,-2.463,3.515,0.000262,0.478648,-0.004530,-0.125225,-0.086641,-0.120509
1790937511.802189,1790937512.038435,-0.044647,5.188384,0.831606,-0.691243,-0.038375,0.006821,0.721570,-87.624,-2.634,3.610,-0.002496,0.472483,0.017582,0.071854,-0.007808,-0.051265
1790937511.835522,1790937512.077450,-0.044364,5.202983,0.832659,-0.689746,-0.038314,0.006110,0.723012,-87.385,-2.692,3.541,-0.004039,0.469417,0.020863,0.165600,0.073157,-0.009713
1790937511.868854,1790937512.109730,-0.044651,5.218603,0.833100,-0.687644,-0.037415,0.005060,0.725065,-87.045,-2.711,3.374,-0.011355,0.473129,0.006609,0.164534,0.090201,-0.031021
1790937511.902188,1790937512.144696,-0.045132,5.234401,0.832968,-0.686048,-0.036658,0.003475,0.726624,-86.787,-2.780,3.177,-0.016381,0.476308,-0.018134,0.085703,0.122160,-0.028889
1790937511.935522,1790937512.179744,-0.045772,5.250470,0.832027,-0.685420,-0.035099,0.001714,0.727300,-86.675,-2.792,2.904,-0.018393,0.480106,-0.042451,0.020719,0.160510,0.009458
1790937511.968856,1790937512.214562,-0.046608,5.266707,0.830394,-0.685070,-0.033207,-0.000006,0.727720,-86.605,-2.771,2.610,-0.027852,0.483143,-0.055235,0.063330,0.140269,-0.002260
1790937512.002190,1790937512.261061,-0.047667,5.282986,0.828519,-0.683737,-0.031610,-0.001586,0.729041,-86.383,-2.766,2.348,-0.034797,0.482977,-0.053624,0.152815,0.145596,-0.017174
1790937512.035524,1790937512.301625,-0.048350,5.297551,0.827338,-0.682063,-0.030212,-0.003629,0.730660,-86.110,-2.814,2.060,-0.038155,0.469811,-0.049652,0.075049,0.160513,0.004134
1790937512.068857,1790937512.336220,-0.049718,5.312349,0.825822,-0.682120,-0.027359,-0.004887,0.730712,-86.101,-2.674,1.731,-0.036831,0.450084,-0.040739,-0.078349,0.195667,0.143686
1790937512.102191,1790937512.367923,-0.051069,5.327144,0.824856,-0.683938,-0.023177,-0.005447,0.729151,-86.363,-2.364,1.363,-0.038534,0.437746,-0.022160,-0.202990,0.202059,0.118116
1790937512.135525,1790937512.403306,-0.052551,5.341766,0.824572,-0.686482,-0.020346,-0.007220,0.726826,-86.750,-2.263,1.000,-0.044001,0.438352,0.003945,-0.182749,0.200995,-0.049134
1790937512.168858,1790937512.443104,-0.054231,5.356409,0.825045,-0.687708,-0.018446,-0.011219,0.725667,-86.934,-2.419,0.521,-0.039590,0.441125,0.027714,-0.000580,0.301136,-0.082162
1790937512.202192,1790937512.482041,-0.055476,5.369904,0.826769,-0.686656,-0.015014,-0.015121,0.726670,-86.755,-2.441,-0.078,-0.039249,0.438539,0.029113,0.112337,0.284090,0.065911
1790937512.235525,1790937512.516174,-0.056610,5.384143,0.827372,-0.685570,-0.011398,-0.016602,0.727728,-86.573,-2.255,-0.489,-0.047191,0.439895,0.013014,0.050553,0.144535,0.088285
1790937512.268858,1790937512.555495,-0.058146,5.399260,0.827580,-0.685307,-0.009931,-0.016905,0.727990,-86.528,-2.157,-0.631,-0.060932,0.447514,0.001028,-0.004842,-0.001407,-0.016112
1790937512.302192,1790937512.595509,-0.060439,5.414280,0.827738,-0.685279,-0.011567,-0.017260,0.727984,-86.528,-2.321,-0.532,-0.070275,0.456511,-0.001797,0.030310,-0.078108,-0.117315
1790937512.335524,1790937512.630820,-0.062731,5.429152,0.827594,-0.684574,-0.013205,-0.018158,0.728597,-86.421,-2.528,-0.481,-0.060385,0.457465,-0.005528,0.081444,0.035879,-0.075768
1790937512.368857,1790937512.664950,-0.064716,5.444257,0.827276,-0.683554,-0.012337,-0.019841,0.729526,-86.258,-2.586,-0.693,-0.044754,0.448183,-0.015549,0.065465,0.179693,-0.015049
1790937512.402190,1790937512.697660,-0.066296,5.458977,0.826580,-0.683150,-0.010037,-0.022286,0.729869,-86.188,-2.585,-1.079,-0.038635,0.435493,-0.025297,-0.026150,0.197803,-0.000138
1790937512.435524,1790937512.727056,-0.067411,5.474059,0.825781,-0.683770,-0.007823,-0.024157,0.729256,-86.281,-2.547,-1.407,-0.036563,0.425013,-0.025214,-0.087939,0.139211,0.017970
1790937512.468856,1790937512.750964,-0.068471,5.488451,0.825105,-0.685062,-0.006235,-0.025091,0.728026,-86.482,-2.491,-1.606,-0.035149,0.417325,-0.015259,-0.130550,0.059313,0.027560
1790937512.502189,1790937512.787870,-0.069439,5.502593,0.824853,-0.686758,-0.005998,-0.025088,0.726428,-86.749,-2.474,-1.618,-0.034684,0.417421,0.000507,-0.139073,-0.040823,0.000930
1790937512.535522,1790937512.820202,-0.070834,5.518757,0.825361,-0.687940,-0.006628,-0.024396,0.725327,-86.937,-2.475,-1.507,-0.032445,0.425956,0.023980,-0.011244,-0.072786,-0.013987
1790937512.568855,1790937512.845390,-0.071964,5.532918,0.826222,-0.686954,-0.008359,-0.023523,0.726272,-86.784,-2.548,-1.301,-0.034015,0.431515,0.035617,0.165594,-0.164402,-0.074707
1790937512.602188,1790937512.868866,-0.072874,5.547956,0.827147,-0.684810,-0.012041,-0.022406,0.728278,-86.454,-2.764,-0.926,-0.033561,0.438823,0.019017,0.159198,-0.243232,-0.145013
1790937512.635520,1790937512.891260,-0.073679,5.563362,0.827317,-0.683716,-0.016941,-0.021304,0.729240,-86.297,-3.086,-0.454,-0.026591,0.448204,-0.014580,0.008992,-0.259211,-0.146078
1790937512.668853,1790937512.928366,-0.074258,5.578574,0.826554,-0.684446,-0.021032,-0.019967,0.728487,-86.429,-3.324,-0.017,-0.012168,0.458067,-0.037439,-0.109255,-0.199554,-0.039548
1790937512.702186,1790937512.960636,-0.074088,5.595333,0.824978,-0.685968,-0.022331,-0.017936,0.727068,-86.675,-3.272,0.261,0.005908,0.470482,-0.038124,-0.123111,-0.085562,0.027571
1790937512.735518,1790937512.985705,-0.074091,5.611834,0.823918,-0.686656,-0.022814,-0.016042,0.726447,-86.787,-3.163,0.460,0.001381,0.492211,-0.015582,0.039877,-0.130310,0.057397
1790937512.768850,1790937513.009060,-0.073748,5.629321,0.823773,-0.685176,-0.023666,-0.014028,0.727858,-86.558,-3.077,0.689,0.009996,0.505878,0.006073,0.199668,-0.093027,0.031830
1790937512.802182,1790937513.041122,-0.073293,5.646690,0.823955,-0.682737,-0.023944,-0.012642,0.730163,-86.176,-2.994,0.817,0.019593,0.511280,0.006949,0.176229,-0.028045,0.059528
1790937512.835515,1790937513.079472,-0.072314,5.664336,0.824020,-0.681387,-0.022751,-0.011228,0.731483,-85.959,-2.785,0.836,0.022457,0.504640,-0.006713,0.026019,-0.008871,0.131971
1790937512.868847,1790937513.104720,-0.072055,5.680610,0.823789,-0.682422,-0.022676,-0.008884,0.730553,-86.121,-2.594,1.031,0.005825,0.495582,-0.020960,-0.190233,-0.197425,0.117056
1790937512.902181,1790937513.128534,-0.071810,5.697250,0.823260,-0.685323,-0.025023,-0.004779,0.727794,-86.591,-2.463,1.568,-0.004973,0.494498,-0.016529,-0.227518,-0.329521,0.070184
1790937512.935516,1790937513.150222,-0.071717,5.713989,0.822916,-0.687208,-0.028044,-0.000739,0.725919,-86.907,-2.392,2.149,0.001668,0.496665,-0.000585,-0.042157,-0.249624,0.020118
1790937512.968850,1790937513.181275,-0.071491,5.730755,0.822862,-0.686926,-0.030425,0.001744,0.726089,-86.878,-2.395,2.543,0.009811,0.494221,0.003007,0.061174,-0.170794,-0.022492
1790937513.002184,1790937513.207739,-0.071310,5.748746,0.822530,-0.686566,-0.031979,0.003686,0.726354,-86.833,-2.372,2.826,0.019230,0.489924,-0.006301,-0.025122,-0.113266,0.037163
1790937513.035518,1790937513.232178,-0.070524,5.765403,0.822258,-0.687442,-0.031983,0.005199,0.725516,-86.971,-2.250,2.955,0.034602,0.486308,-0.008997,-0.119934,-0.013132,0.071251
1790937513.068851,1790937513.255513,-0.069336,5.781921,0.822168,-0.689024,-0.031348,0.005361,0.724040,-87.217,-2.178,2.923,0.042989,0.487455,0.005094,-0.110346,0.041194,0.000941
1790937513.102185,1790937513.280147,-0.067867,5.798136,0.822529,-0.689598,-0.030829,0.004577,0.723521,-87.304,-2.195,2.819,0.047403,0.484148,0.018560,0.026010,0.045454,-0.017170
1790937513.135519,1790937513.310210,-0.066110,5.814107,0.823074,-0.688452,-0.031070,0.004691,0.724601,-87.124,-2.210,2.844,0.037158,0.472435,0.021024,0.170889,-0.100490,-0.012906
1790937513.168853,1790937513.337614,-0.064410,5.829722,0.823097,-0.685724,-0.032474,0.006775,0.727105,-86.704,-2.174,3.120,0.029159,0.459935,0.011914,0.242260,-0.156957,-0.009706
1790937513.202186,1790937513.360839,-0.063343,5.845519,0.823226,-0.683631,-0.034051,0.008617,0.728983,-86.387,-2.170,3.392,0.027052,0.447563,-0.011096,0.039853,-0.128193,0.041427
1790937513.235519,1790937513.394582,-0.062497,5.860678,0.822675,-0.684747,-0.034962,0.010417,0.727867,-86.570,-2.099,3.617,0.023536,0.439507,-0.023636,-0.215817,-0.094105,0.035035
1790937513.268853,1790937513.420769,-0.061053,5.874744,0.821969,-0.687717,-0.035894,0.011285,0.725003,-87.045,-2.093,3.772,0.015832,0.435973,-0.001959,-0.229664,-0.074933,-0.044856
1790937513.302186,1790937513.442663,-0.060609,5.889533,0.822468,-0.689250,-0.037743,0.010932,0.723457,-87.303,-2.266,3.893,0.010089,0.430058,0.031388,-0.009149,-0.053625,-0.121555
1790937513.335520,1790937513.464582,-0.060273,5.903420,0.823717,-0.688308,-0.039252,0.010057,0.724286,-87.167,-2.465,3.937,0.010843,0.424727,0.044100,0.141057,0.011354,-0.077878
1790937513.368853,1790937513.494081,-0.059905,5.917283,0.825033,-0.686429,-0.039378,0.008881,0.726075,-86.871,-2.579,3.843,0.011117,0.424410,0.031283,0.145319,0.071010,-0.046984
1790937513.402187,1790937513.533431,-0.058893,5.929885,0.825328,-0.684847,-0.038671,0.007662,0.727620,-86.615,-2.624,3.680,0.010919,0.425468,0.006434,0.105907,0.105095,-0.040590
1790937513.435520,1790937513.565081,-0.058557,5.945024,0.825081,-0.683964,-0.037583,0.005765,0.728525,-86.467,-2.687,3.433,0.009519,0.426726,-0.023685,0.021746,0.149837,-0.059766
1790937513.468853,1790937513.612537,-0.058352,5.960395,0.823994,-0.684201,-0.036591,0.003059,0.728369,-86.495,-2.815,3.130,0.005681,0.429190,-0.044052,-0.060283,0.166882,-0.066158
1790937513.502186,1790937513.642778,-0.057884,5.973343,0.822439,-0.684990,-0.034831,0.000240,0.727719,-86.605,-2.887,2.759,0.005435,0.431270,-0.044636,-0.064537,0.221208,-0.027808
1790937513.535520,1790937513.666084,-0.057570,5.988416,0.821126,-0.685367,-0.032104,-0.002861,0.727484,-86.643,-2.902,2.286,0.005197,0.431473,-0.028139,0.012159,0.258493,-0.038458
1790937513.568852,1790937513.686205,-0.057533,6.002954,0.820443,-0.684743,-0.029462,-0.006196,0.728163,-86.526,-2.946,1.797,-0.000832,0.420033,-0.010535,0.066488,0.239316,-0.039525
1790937513.602186,1790937513.713766,-0.057776,6.017120,0.820345,-0.684062,-0.026717,-0.009481,0.728873,-86.401,-2.976,1.304,-0.002672,0.407449,0.003727,0.020679,0.285125,-0.026743
1790937513.635519,1790937513.738443,-0.058051,6.030176,0.820436,-0.683990,-0.023379,-0.013137,0.728998,-86.370,-2.984,0.736,-0.004364,0.399853,0.017724,-0.012341,0.309617,-0.040597
1790937513.668851,1790937513.756876,-0.058229,6.044241,0.821258,-0.683797,-0.019764,-0.017405,0.729197,-86.322,-3.017,0.094,-0.002958,0.387536,0.029610,0.047310,0.367145,-0.044860
1790937513.702183,1790937513.783604,-0.058368,6.056911,0.822302,-0.682735,-0.015081,-0.022098,0.730176,-86.136,-2.992,-0.670,0.003075,0.370506,0.033582,0.108033,0.458760,0.068059
1790937513.735516,1790937513.808484,-0.059311,6.068953,0.823329,-0.681026,-0.008560,-0.025880,0.731752,-85.851,-2.739,-1.504,-0.009717,0.356855,0.029099,0.141057,0.392681,0.100005
1790937513.768849,1790937513.840652,-0.059741,6.082061,0.824024,-0.679137,-0.003395,-0.028557,0.733448,-85.550,-2.508,-2.138,-0.028423,0.349340,0.012990,0.132531,0.296806,0.072309
1790937513.802182,1790937513.869147,-0.061297,6.093568,0.824075,-0.677657,0.000450,-0.030876,0.734729,-85.318,-2.360,-2.638,-0.045773,0.339886,-0.007753,0.081397,0.219022,0.031823
1790937513.835515,1790937513.893877,-0.063346,6.106439,0.823509,-0.677029,0.002382,-0.032651,0.735228,-85.220,-2.333,-2.939,-0.064160,0.330148,-0.029161,-0.014483,0.081611,-0.047007
1790937513.868848,1790937513.929188,-0.066018,6.118093,0.822007,-0.678251,0.001980,-0.034088,0.734037,-85.410,-2.484,-3.025,-0.070030,0.320478,-0.046648,-0.196651,0.029398,-0.120519
1790937513.902182,1790937513.955700,-0.068163,6.128759,0.820540,-0.680787,0.002699,-0.035699,0.731606,-85.807,-2.560,-3.208,-0.052957,0.310273,-0.039930,-0.182804,0.189196,0.063776
1790937513.935516,1790937513.992472,-0.069673,6.137427,0.819364,-0.681941,0.006394,-0.037504,0.730417,-85.992,-2.396,-3.644,-0.046931,0.290748,-0.025247,-0.017676,0.241397,0.040341
1790937513.968850,1790937514.025950,-0.071153,6.147422,0.818632,-0.681228,0.009607,-0.040006,0.730914,-85.887,-2.319,-4.108,-0.043518,0.277350,-0.015226,0.096306,0.264833,-0.032097
1790937514.002184,1790937514.057426,-0.072820,6.155120,0.817996,-0.679721,0.011933,-0.043930,0.732057,-85.656,-2.421,-4.624,-0.039713,0.263844,-0.021001,0.109095,0.249917,-0.116258
1790937514.035518,1790937514.092263,-0.074149,6.164456,0.816928,-0.678471,0.013216,-0.047560,0.732967,-85.464,-2.588,-5.034,-0.041958,0.244930,-0.041713,0.051566,0.155106,-0.094953
1790937514.068851,1790937514.128428,-0.075433,6.172290,0.815111,-0.678437,0.013986,-0.049979,0.732823,-85.461,-2.712,-5.298,-0.038597,0.222934,-0.061140,-0.076269,0.117821,-0.067253
1790937514.102184,1790937514.160059,-0.076516,6.179488,0.812967,-0.679756,0.015115,-0.051615,0.731464,-85.670,-2.755,-5.519,-0.034594,0.201646,-0.066336,-0.161494,0.089058,0.001993
1790937514.135518,1790937514.183868,-0.077362,6.184967,0.810774,-0.682128,0.016015,-0.051654,0.729230,-86.045,-2.700,-5.583,-0.037975,0.182976,-0.058520,-0.245649,-0.036641,0.027566
1790937514.168851,1790937514.246887,-0.078680,6.191740,0.809154,-0.685522,0.015267,-0.049885,0.726181,-86.576,-2.649,-5.364,-0.043832,0.172581,-0.033734,-0.261634,-0.185785,0.009455
1790937514.202185,1790937514.274531,-0.079566,6.196735,0.808659,-0.687926,0.013080,-0.047477,0.724108,-86.949,-2.658,-4.982,-0.040368,0.164780,0.004521,-0.076269,-0.193238,-0.021425
1790937514.235518,1790937514.300100,-0.080877,6.201924,0.809231,-0.687968,0.010512,-0.045895,0.724212,-86.948,-2.747,-4.648,-0.032802,0.161392,0.029366,0.083525,-0.154889,-0.048060
1790937514.268852,1790937514.326228,-0.081100,6.206865,0.810227,-0.686753,0.008778,-0.044754,0.725459,-86.752,-2.793,-4.421,-0.016732,0.156781,0.029271,0.111225,-0.065397,-0.006500
1790937514.302185,1790937514.356333,-0.081481,6.212170,0.811045,-0.685595,0.008516,-0.044643,0.726563,-86.569,-2.799,-4.395,0.002506,0.152644,0.018714,0.072872,0.060302,0.000953
1790937514.335518,1790937514.389350,-0.080529,6.217134,0.811514,-0.684824,0.010093,-0.045961,0.727187,-86.451,-2.767,-4.632,0.020515,0.146575,0.011328,0.039848,0.180688,-0.005428
1790937514.368851,1790937514.422608,-0.079777,6.221902,0.811864,-0.684144,0.012349,-0.048001,0.727661,-86.350,-2.734,-4.983,0.023068,0.129329,0.007520,0.034521,0.152987,0.024399
1790937514.402184,1790937514.451321,-0.078861,6.226127,0.811966,-0.684161,0.014169,-0.048303,0.727592,-86.359,-2.606,-5.150,0.014591,0.106711,-0.001467,-0.090120,-0.004671,0.078733
1790937514.435518,1790937514.488829,-0.078298,6.229673,0.811941,-0.686163,0.014476,-0.046144,0.725839,-86.675,-2.425,-4.987,0.007605,0.096685,-0.001847,-0.232872,-0.179380,0.077672
1790937514.468851,1790937514.520787,-0.077925,6.232996,0.811953,-0.688981,0.011416,-0.042935,0.723417,-87.111,-2.444,-4.469,-0.000833,0.089921,0.008440,-0.156172,-0.348763,-0.095965
1790937514.502184,1790937514.551828,-0.077856,6.235904,0.812427,-0.690059,0.006617,-0.040167,0.722608,-87.272,-2.629,-3.856,0.008939,0.083593,0.022743,0.041972,-0.257146,-0.058679
1790937514.535516,1790937514.592357,-0.076637,6.238489,0.813234,-0.688675,0.004429,-0.038777,0.724019,-87.050,-2.694,-3.573,0.034272,0.077117,0.021915,0.170872,-0.043014,-0.045888
1790937514.568848,1790937514.637292,-0.075309,6.241364,0.813551,-0.686822,0.003852,-0.039392,0.725747,-86.756,-2.781,-3.586,0.049995,0.065749,-0.002453,0.094167,0.035813,-0.039498
1790937514.602181,1790937514.672189,-0.073065,6.243866,0.813056,-0.686732,0.004118,-0.039872,0.725805,-86.742,-2.796,-3.647,0.060927,0.055476,-0.027154,-0.111439,0.026228,0.009509
1790937514.635514,1790937514.703265,-0.070874,6.245792,0.812156,-0.688744,0.005075,-0.039666,0.723901,-87.061,-2.711,-3.698,0.067030,0.048019,-0.029530,-0.213710,0.036880,0.083017
1790937514.668846,1790937514.738333,-0.068422,6.247866,0.811458,-0.690966,0.007081,-0.038648,0.721819,-87.417,-2.475,-3.764,0.063041,0.042881,-0.011355,-0.139146,0.026226,0.097934
1790937514.702179,1790937514.767723,-0.066541,6.249131,0.811311,-0.692037,0.007810,-0.037677,0.720836,-87.588,-2.343,-3.737,0.046118,0.035025,0.005797,-0.030486,-0.070714,0.019103
1790937514.735512,1790937514.796728,-0.065125,6.250431,0.811515,-0.691988,0.006557,-0.036244,0.720968,-87.578,-2.333,-3.519,0.030999,0.029669,0.012305,0.045149,-0.142088,-0.016050
1790937514.768844,1790937514.817406,-0.064064,6.251515,0.811808,-0.691434,0.004666,-0.034953,0.721579,-87.488,-2.384,-3.264,0.026204,0.026200,0.005788,0.046212,-0.129306,-0.039484
1790937514.802176,1790937514.858687,-0.063183,6.252537,0.811855,-0.691109,0.002753,-0.034061,0.721942,-87.434,-2.470,-3.040,0.027048,0.027079,-0.002701,0.017447,-0.086694,-0.032026
1790937514.835509,1790937514.898704,-0.062164,6.253626,0.811720,-0.690979,0.002062,-0.033750,0.722084,-87.413,-2.503,-2.960,0.035612,0.029615,-0.005335,0.011054,0.000659,0.012714
1790937514.868842,1790937514.930253,-0.060962,6.255373,0.811440,-0.690809,0.003031,-0.033373,0.722260,-87.387,-2.392,-3.006,0.038458,0.029989,-0.006633,0.014243,0.041135,0.055324
1790937514.902177,1790937514.956119,-0.059474,6.256876,0.811180,-0.690620,0.004329,-0.033154,0.722445,-87.358,-2.266,-3.091,0.035822,0.028926,-0.008564,0.005717,0.037935,0.053199
1790937514.935512,1790937514.993800,-0.058301,6.257949,0.810867,-0.690685,0.005284,-0.032794,0.722393,-87.370,-2.159,-3.137,0.031486,0.024909,-0.010121,-0.028375,0.015566,0.053200
1790937514.968847,1790937515.029140,-0.057227,6.258969,0.810498,-0.691227,0.005862,-0.032444,0.721885,-87.457,-2.085,-3.152,0.027532,0.020703,-0.012000,-0.055009,-0.001478,0.006326
1790937515.002181,1790937515.058918,-0.056291,6.259851,0.810184,-0.691776,0.005705,-0.032306,0.721366,-87.544,-2.090,-3.126,0.023165,0.017784,-0.004631,-0.024117,-0.033436,-0.019238
1790937515.035516,1790937515.082739,-0.055535,6.259967,0.810256,-0.691728,0.005064,-0.031931,0.721434,-87.535,-2.113,-3.045,0.019191,0.016266,0.008469,0.044061,-0.053675,-0.004322
1790937515.068850,1790937515.140084,-0.054826,6.260620,0.810610,-0.691081,0.004269,-0.031458,0.722080,-87.432,-2.138,-2.944,0.018273,0.016483,0.013702,0.054714,-0.041957,-0.016040
1790937515.102185,1790937515.177520,-0.054189,6.261249,0.811101,-0.690492,0.003933,-0.031063,0.722662,-87.338,-2.133,-2.887,0.019083,0.018069,0.016292,0.046191,-0.023848,0.018048
1790937515.135520,1790937515.215253,-0.053675,6.262523,0.811867,-0.689975,0.003720,-0.030442,0.723184,-87.256,-2.099,-2.820,0.016327,0.021075,0.018053,0.039793,-0.038759,0.019112
1790937515.168854,1790937515.248570,-0.052680,6.264151,0.812345,-0.689559,0.003589,-0.029817,0.723607,-87.190,-2.059,-2.759,0.015239,0.022096,0.016319,0.025939,-0.024912,0.008465
1790937515.202189,1790937515.279379,-0.052126,6.264983,0.812886,-0.689188,0.003706,-0.029439,0.723975,-87.131,-2.018,-2.738,0.017765,0.020351,0.016883,0.042983,0.016632,0.046815
1790937515.235523,1790937515.309494,-0.051489,6.265780,0.813472,-0.688358,0.004824,-0.029011,0.724775,-87.002,-1.888,-2.793,0.020063,0.017634,0.019619,0.089854,0.045394,0.068122
1790937515.268858,1790937515.342973,-0.050764,6.266534,0.814076,-0.687120,0.006511,-0.028708,0.725947,-86.809,-1.719,-2.903,0.023511,0.015534,0.017322,0.099441,0.091200,0.088363
1790937515.302192,1790937515.378433,-0.049926,6.267258,0.814503,-0.686041,0.008592,-0.028929,0.726937,-86.642,-1.559,-3.088,0.024051,0.013286,0.009178,0.062153,0.099722,0.051078
1790937515.335526,1790937515.414543,-0.048604,6.268807,0.814521,-0.685526,0.010490,-0.029309,0.727382,-86.566,-1.428,-3.270,0.026650,0.012978,0.002516,0.013145,0.096529,0.034034
1790937515.368861,1790937515.435001,-0.047577,6.268963,0.814699,-0.685421,0.012025,-0.030099,0.727425,-86.553,-1.362,-3.456,0.031736,0.009600,0.000980,0.002494,0.096529,0.031904
1790937515.402195,1790937515.460569,-0.046416,6.269333,0.814728,-0.685444,0.013320,-0.030977,0.727344,-86.561,-1.323,-3.631,0.036849,0.006797,0.000070,-0.018813,0.090138,-0.003248
1790937515.435528,1790937515.499546,-0.044839,6.270718,0.814517,-0.685682,0.014691,-0.031967,0.727050,-86.603,-1.288,-3.821,0.045118,0.008685,-0.000298,-0.033734,0.119963,-0.004312
1790937515.468862,1790937515.537076,-0.043167,6.271028,0.814520,-0.686124,0.016404,-0.033393,0.726533,-86.678,-1.260,-4.074,0.051762,0.008371,-0.000047,-0.050779,0.141266,0.027646
1790937515.502197,1790937515.566959,-0.041394,6.271371,0.814607,-0.686523,0.018691,-0.034533,0.726047,-86.750,-1.162,-4.349,0.054388,0.007642,0.004757,-0.030540,0.156181,0.059605
1790937515.535531,1790937515.596249,-0.039558,6.271637,0.814802,-0.686628,0.021085,-0.035722,0.725824,-86.778,-1.057,-4.636,0.052458,0.005855,0.007530,-0.010300,0.144460,0.015928
1790937515.568865,1790937515.637907,-0.037807,6.271914,0.815176,-0.686603,0.022675,-0.036844,0.725744,-86.782,-1.013,-4.855,0.045990,0.007028,0.017337,0.012070,0.076281,0.025517
1790937515.602199,1790937515.673125,-0.035935,6.274326,0.815405,-0.686184,0.023760,-0.036965,0.726099,-86.722,-0.930,-4.951,0.039840,0.012297,0.025754,0.059997,0.027262,-0.013892
1790937515.635532,1790937515.699824,-0.034784,6.274554,0.816275,-0.685279,0.023544,-0.037369,0.726940,-86.578,-0.973,-4.969,0.033770,0.011746,0.025750,0.082371,-0.012151,-0.029872
1790937515.668866,1790937515.723361,-0.033596,6.275053,0.817069,-0.684486,0.022741,-0.037682,0.727696,-86.449,-1.059,-4.933,0.031685,0.014151,0.021090,0.041889,-0.021738,-0.041588
1790937515.702200,1790937515.752811,-0.032453,6.275700,0.817722,-0.684216,0.022252,-0.037821,0.727958,-86.404,-1.109,-4.906,0.031241,0.017900,0.015621,0.010994,-0.001496,-0.023477
1790937515.735534,1790937515.793962,-0.031440,6.276291,0.818219,-0.684139,0.021972,-0.038303,0.728013,-86.391,-1.170,-4.925,0.031732,0.020348,0.012634,0.010994,0.019808,-0.030935
1790937515.768868,1790937515.820976,-0.030301,6.277119,0.818687,-0.683810,0.022110,-0.039067,0.728278,-86.339,-1.216,-5.000,0.034516,0.021490,0.016046,0.050409,0.066680,-0.016021
1790937515.802202,1790937515.858771,-0.029064,6.277958,0.819311,-0.682909,0.023212,-0.039906,0.729043,-86.204,-1.184,-5.158,0.036822,0.020279,0.021875,0.081300,0.099704,0.028721
1790937515.835535,1790937515.904369,-0.027797,6.278724,0.820082,-0.681960,0.024627,-0.040654,0.729843,-86.063,-1.117,-5.333,0.033021,0.019496,0.024144,0.065321,0.079464,0.023395
1790937515.868868,1790937515.948077,-0.026234,6.280369,0.821249,-0.681104,0.025296,-0.041232,0.730587,-85.933,-1.100,-5.435,0.024445,0.018932,0.026555,0.085553,0.020872,-0.036253
1790937515.902202,1790937515.973346,-0.025652,6.280808,0.822150,-0.680056,0.024462,-0.041780,0.731560,-85.764,-1.205,-5.418,0.014822,0.016247,0.027177,0.081294,-0.044104,-0.057558
1790937515.935536,1790937516.004073,-0.025167,6.281299,0.823008,-0.679407,0.023349,-0.041817,0.732197,-85.656,-1.297,-5.336,0.013016,0.015380,0.022216,0.026964,-0.039842,-0.021337
1790937515.968870,1790937516.039649,-0.024163,6.282156,0.823481,-0.679300,0.023097,-0.041588,0.732317,-85.638,-1.299,-5.297,0.015483,0.018148,0.019006,0.002463,0.001706,-0.003222
1790937516.002204,1790937516.067365,-0.023635,6.282980,0.824084,-0.679076,0.023121,-0.041890,0.732507,-85.603,-1.319,-5.324,0.015396,0.020447,0.020533,0.048269,0.021944,-0.035182
1790937516.035538,1790937516.104339,-0.022658,6.284410,0.824582,-0.678137,0.023130,-0.042772,0.733325,-85.457,-1.380,-5.401,0.018366,0.022997,0.023450,0.108986,0.069885,-0.043701
1790937516.068872,1790937516.135051,-0.021988,6.285187,0.825325,-0.676420,0.024142,-0.044580,0.734770,-85.195,-1.423,-5.636,0.022927,0.021963,0.020950,0.155858,0.167890,-0.024526
1790937516.102206,1790937516.155728,-0.021308,6.285971,0.825805,-0.674557,0.026006,-0.047014,0.736265,-84.916,-1.440,-5.990,0.020369,0.017579,0.005456,0.107919,0.189196,-0.019202
1790937516.135540,1790937516.191528,-0.020744,6.286507,0.825693,-0.673927,0.028138,-0.049177,0.736622,-84.831,-1.423,-6.339,0.016340,0.012887,-0.014732,-0.052939,0.174282,-0.004287
1790937516.168874,1790937516.229109,-0.020278,6.287411,0.825303,-0.675145,0.030301,-0.051057,0.735292,-85.035,-1.397,-6.663,0.012612,0.011814,-0.023275,-0.149886,0.150843,-0.006418
1790937516.202207,1790937516.270585,-0.020015,6.287992,0.824812,-0.676830,0.031713,-0.052575,0.733574,-85.307,-1.412,-6.898,0.006644,0.010073,-0.019219,-0.133908,0.099708,-0.039445
1790937516.235541,1790937516.305616,-0.019700,6.288399,0.824292,-0.677742,0.032969,-0.054379,0.732545,-85.458,-1.456,-7.146,0.010110,0.011909,-0.007585,-0.011401,0.175344,-0.029855
1790937516.268874,1790937516.342081,-0.019236,6.289148,0.824305,-0.677077,0.035541,-0.057509,0.732800,-85.375,-1.478,-7.612,0.016057,0.018986,-0.005360,0.061036,0.302115,-0.055424
1790937516.302208,1790937516.367861,-0.018713,6.289910,0.823946,-0.676151,0.038714,-0.062214,0.733110,-85.258,-1.568,-8.258,0.018493,0.027078,-0.013863,0.037599,0.364966,-0.082057
1790937516.335540,1790937516.392041,-0.018098,6.290902,0.823376,-0.675476,0.042829,-0.067598,0.733027,-85.191,-1.635,-9.034,0.022336,0.031242,-0.020104,0.010967,0.448059,-0.044774
1790937516.368874,1790937516.430285,-0.017352,6.291985,0.822666,-0.675043,0.048554,-0.073061,0.732544,-85.184,-1.576,-9.942,0.023117,0.030652,-0.023049,-0.047621,0.493866,0.015947
1790937516.402207,1790937516.469866,-0.016696,6.293226,0.822006,-0.675351,0.055236,-0.078050,0.731271,-85.312,-1.412,-10.884,0.018725,0.028968,-0.022702,-0.115803,0.493862,0.071339
1790937516.435540,1790937516.503223,-0.016085,6.294095,0.821309,-0.676179,0.062023,-0.082337,0.729490,-85.533,-1.195,-11.774,0.009895,0.023345,-0.017473,-0.131783,0.445925,0.064949
1790937516.468873,1790937516.538415,-0.015878,6.295086,0.821061,-0.677086,0.067978,-0.086513,0.727633,-85.763,-1.044,-12.591,0.006649,0.022049,-0.007217,-0.127522,0.434204,-0.007495
1790937516.502206,1790937516.573554,-0.015566,6.295801,0.820996,-0.677380,0.073511,-0.091813,0.726170,-85.899,-1.010,-13.472,0.011284,0.020178,0.007604,0.007771,0.503449,-0.022408
1790937516.535540,1790937516.608791,-0.015223,6.296575,0.821477,-0.675543,0.079145,-0.098515,0.726410,-85.712,-1.038,-14.483,0.012394,0.014709,0.012254,0.146256,0.519423,-0.099111
1790937516.568872,1790937516.639931,-0.014826,6.296934,0.821682,-0.673272,0.083483,-0.105696,0.727024,-85.441,-1.200,-15.436,0.010617,0.009741,-0.000233,0.079143,0.467226,-0.125744
1790937516.602205,1790937516.677041,-0.014416,6.297333,0.821498,-0.672367,0.088083,-0.112242,0.726337,-85.391,-1.317,-16.354,0.015695,0.005229,-0.014016,-0.059346,0.504503,-0.078870
1790937516.635538,1790937516.711359,-0.013752,6.297544,0.821006,-0.672456,0.094538,-0.118638,0.724425,-85.541,-1.294,-17.404,0.021803,0.000921,-0.015527,-0.106218,0.589727,-0.006432
1790937516.668871,1790937516.750808,-0.013066,6.297654,0.820666,-0.672371,0.101413,-0.124957,0.722508,-85.683,-1.231,-18.482,0.011000,-0.004108,-0.007281,-0.051891,0.516213,-0.029868
1790937516.702204,1790937516.783207,-0.012835,6.297309,0.820504,-0.671632,0.106984,-0.130538,0.721405,-85.702,-1.203,-19.398,-0.002697,-0.010524,-0.002093,0.005636,0.437382,-0.010692
1790937516.735537,1790937516.818717,-0.012645,6.297065,0.820455,-0.670652,0.111668,-0.135326,0.720724,-85.668,-1.178,-20.177,-0.012918,-0.013568,-0.005679,-0.002887,0.385180,-0.057559
1790937516.768868,1790937516.857195,-0.013099,6.296590,0.820229,-0.669979,0.115566,-0.140422,0.719760,-85.666,-1.249,-20.921,-0.015386,-0.014473,-0.009226,-0.012473,0.396899,-0.092714
1790937516.802201,1790937516.892642,-0.013012,6.296243,0.819875,-0.669299,0.119768,-0.145999,0.718595,-85.675,-1.335,-21.731,-0.010149,-0.015510,-0.012474,-0.017803,0.452291,-0.073533
1790937516.835533,1790937516.927098,-0.013326,6.295659,0.819381,-0.668644,0.124876,-0.151950,0.717100,-85.718,-1.381,-22.646,-0.004241,-0.018001,-0.017576,-0.055087,0.479990,-0.045836
1790937516.868866,1790937516.965533,-0.012849,6.295300,0.818712,-0.668267,0.130375,-0.157332,0.715309,-85.822,-1.362,-23.544,-0.000462,-0.018484,-0.021182,-0.065745,0.458680,-0.038372
1790937516.902202,1790937516.994501,-0.012914,6.294457,0.817987,-0.667902,0.135456,-0.162703,0.713503,-85.921,-1.378,-24.409,0.001145,-0.022830,-0.021832,-0.062547,0.440573,-0.040503
1790937516.935537,1790937517.033481,-0.011843,6.294130,0.817403,-0.667328,0.141081,-0.167560,0.711824,-86.011,-1.306,-25.274,0.009100,-0.025297,-0.018269,-0.054026,0.467209,-0.007473
1790937516.968873,1790937517.066234,-0.011536,6.293181,0.816913,-0.666337,0.146853,-0.172692,0.710357,-86.051,-1.232,-26.178,0.010045,-0.030538,-0.012123,0.000306,0.465077,0.019158
1790937517.002208,1790937517.096597,-0.010163,6.292754,0.816596,-0.664563,0.153045,-0.177117,0.709621,-85.993,-1.043,-27.056,0.011503,-0.035197,-0.011895,0.024804,0.454425,0.027689
1790937517.035543,1790937517.127659,-0.009876,6.291446,0.816135,-0.663159,0.158712,-0.181965,0.708462,-85.982,-0.943,-27.930,0.011787,-0.039282,-0.016446,-0.038046,0.474667,0.017034
1790937517.068879,1790937517.150197,-0.008459,6.291111,0.815666,-0.662214,0.165226,-0.186765,0.706606,-86.081,-0.794,-28.869,0.015818,-0.040278,-0.013983,-0.058290,0.499170,-0.010658
1790937517.102214,1790937517.170391,-0.008050,6.289488,0.815349,-0.661215,0.170836,-0.192274,0.704728,-86.145,-0.773,-29.799,0.012096,-0.043736,-0.005852,-0.019938,0.471472,-0.023441
1790937517.135549,1790937517.196568,-0.006318,6.289449,0.815481,-0.659587,0.176789,-0.196956,0.703490,-86.136,-0.635,-30.688,0.015290,-0.043696,0.000698,0.021610,0.460820,-0.025569
1790937517.168884,1790937517.228469,-0.004906,6.288770,0.815576,-0.657643,0.182148,-0.202032,0.702503,-86.063,-0.562,-31.565,0.016881,-0.045793,-0.000663,0.038652,0.457624,-0.038349
1790937517.202218,1790937517.264663,-0.004474,6.287014,0.815451,-0.655927,0.186877,-0.207600,0.701241,-86.005,-0.587,-32.435,0.016941,-0.049459,-0.007416,0.003500,0.451232,-0.042611
1790937517.235553,1790937517.298104,-0.002992,6.286532,0.815120,-0.654699,0.192119,-0.212660,0.699453,-86.048,-0.556,-33.304,0.020545,-0.049133,-0.015038,-0.045504,0.455492,-0.055392
1790937517.268888,1790937517.321896,-0.002320,6.284549,0.814624,-0.653745,0.196913,-0.217997,0.697367,-86.119,-0.595,-34.162,0.021341,-0.052956,-0.014308,-0.030589,0.441644,-0.033021
1790937517.302223,1790937517.348911,-0.000753,6.284021,0.814335,-0.652277,0.202303,-0.222726,0.695702,-86.146,-0.520,-35.018,0.025384,-0.052075,-0.008438,0.008828,0.443773,-0.039414
1790937517.335558,1790937517.383011,-0.000027,6.281907,0.814086,-0.650596,0.206631,-0.228332,0.694185,-86.097,-0.586,-35.867,0.024102,-0.055940,-0.006922,0.021611,0.434183,-0.068177
1790937517.368893,1790937517.419005,0.001577,6.281036,0.813903,-0.648864,0.211272,-0.233624,0.692647,-86.062,-0.602,-36.716,0.026984,-0.056277,-0.008198,0.010958,0.444835,-0.072437
1790937517.402228,1790937517.448021,0.002382,6.278867,0.813579,-0.647395,0.215486,-0.239158,0.690832,-86.049,-0.684,-37.553,0.024847,-0.060367,-0.010864,-0.007149,0.425661,-0.057523
1790937517.435563,1790937517.489787,0.004039,6.278360,0.813292,-0.646046,0.220240,-0.243949,0.688918,-86.087,-0.673,-38.370,0.026983,-0.061757,-0.007996,-0.006084,0.422465,-0.069241
1790937517.468897,1790937517.521844,0.004813,6.275478,0.813123,-0.644485,0.223873,-0.249651,0.687163,-86.041,-0.809,-39.178,0.024873,-0.068021,-0.002439,0.032265,0.412878,-0.115049
1790937517.502232,1790937517.554527,0.006643,6.274276,0.813191,-0.642591,0.227577,-0.255264,0.685658,-85.953,-0.916,-39.987,0.025174,-0.068949,0.000402,0.053573,0.419271,-0.109723
1790937517.535566,1790937517.599565,0.007195,6.271609,0.813140,-0.640613,0.231163,-0.260906,0.684183,-85.850,-1.029,-40.790,0.019815,-0.071564,-0.002626,0.025875,0.410748,-0.053261
1790937517.568901,1790937517.637835,0.008649,6.270084,0.813102,-0.638825,0.235373,-0.265557,0.682628,-85.813,-1.028,-41.559,0.016627,-0.066024,-0.003742,0.015222,0.383051,-0.069242
1790937517.602236,1790937517.670091,0.009817,6.269507,0.813010,-0.637397,0.238914,-0.270259,0.680885,-85.796,-1.099,-42.277,0.013884,-0.057009,-0.002655,0.017354,0.362813,-0.090547
1790937517.635570,1790937517.697433,0.010139,6.266978,0.812964,-0.635865,0.241989,-0.275118,0.679284,-85.742,-1.210,-42.974,0.010322,-0.055531,-0.001312,0.012027,0.353224,-0.070307
1790937517.668903,1790937517.728114,0.011166,6.266270,0.812953,-0.634383,0.245361,-0.279380,0.677719,-85.714,-1.255,-43.642,0.006780,-0.048473,-0.001999,0.017354,0.340442,-0.061784
1790937517.702238,1790937517.761969,0.011693,6.265413,0.812895,-0.632851,0.248532,-0.283412,0.676320,-85.671,-1.292,-44.275,0.002362,-0.040891,-0.001700,0.029072,0.309547,-0.046869
1790937517.735572,1790937517.782887,0.011608,6.263954,0.812829,-0.631340,0.250948,-0.287328,0.675187,-85.590,-1.371,-44.835,-0.002899,-0.033160,-0.001709,0.032267,0.259477,-0.083090
1790937517.768907,1790937517.826113,0.011986,6.264175,0.812780,-0.630389,0.252611,-0.290810,0.673964,-85.548,-1.498,-45.294,-0.005030,-0.021361,-0.000662,0.024811,0.208345,-0.108656
1790937517.802240,1790937517.851190,0.011582,6.262815,0.812790,-0.629429,0.253576,-0.294381,0.672947,-85.465,-1.679,-45.703,-0.007154,-0.016657,-0.001114,0.034398,0.203019,-0.095873
1790937517.835575,1790937517.885176,0.012076,6.263175,0.812736,-0.628600,0.254756,-0.297181,0.672045,-85.414,-1.788,-46.060,-0.010006,-0.007806,-0.004886,0.015222,0.139104,-0.079894
1790937517.868909,1790937517.920351,0.011451,6.262641,0.812545,-0.628273,0.255163,-0.299291,0.671260,-85.390,-1.920,-46.289,-0.014265,-0.002992,-0.005939,0.001377,0.091165,-0.066045
1790937517.902243,1790937517.961970,0.011634,6.263386,0.812398,-0.628061,0.255743,-0.300669,0.670621,-85.393,-1.986,-46.465,-0.014608,0.001265,-0.005350,0.001377,0.093299,-0.047935
1790937517.935577,1790937517.990176,0.010795,6.263162,0.812169,-0.627821,0.256170,-0.302383,0.669912,-85.383,-2.090,-46.659,-0.019618,0.000194,-0.008676,-0.003950,0.095427,-0.071372
1790937517.968911,1790937518.028408,0.011244,6.263561,0.811878,-0.627645,0.256898,-0.303701,0.669201,-85.401,-2.143,-46.842,-0.021457,-0.001863,-0.013356,-0.027386,0.082647,-0.044740
1790937518.002244,1790937518.054889,0.010206,6.263620,0.811376,-0.627758,0.257566,-0.304888,0.668299,-85.456,-2.208,-47.007,-0.025358,-0.008213,-0.015826,-0.035908,0.094366,-0.025565
1790937518.035578,1790937518.094996,0.010764,6.263987,0.810979,-0.627597,0.259180,-0.305888,0.667369,-85.529,-2.178,-47.234,-0.020199,-0.015329,-0.013664,-0.038037,0.149764,0.003197
1790937518.068912,1790937518.120756,0.009895,6.263374,0.810584,-0.626989,0.261475,-0.307344,0.666375,-85.579,-2.116,-47.561,-0.020262,-0.023511,-0.009146,-0.031645,0.200898,0.033023
1790937518.102244,1790937518.161507,0.010509,6.263376,0.810488,-0.626086,0.264683,-0.308757,0.665303,-85.643,-1.973,-47.962,-0.018058,-0.026139,-0.002356,-0.042297,0.222208,0.050066
1790937518.135578,1790937518.198923,0.009543,6.262489,0.810566,-0.625089,0.267790,-0.310097,0.664373,-85.691,-1.825,-48.349,-0.023875,-0.027651,0.009034,-0.010338,0.187052,0.074569
1790937518.168911,1790937518.225224,0.009940,6.262562,0.811153,-0.623840,0.270649,-0.310906,0.664011,-85.689,-1.632,-48.666,-0.024669,-0.029382,0.019110,0.007775,0.156164,0.068176
1790937518.202245,1790937518.259168,0.008889,6.261194,0.811894,-0.622759,0.272883,-0.311750,0.663715,-85.674,-1.493,-48.935,-0.025597,-0.033773,0.025788,-0.008206,0.126334,0.043674
1790937518.235578,1790937518.301739,0.009464,6.261186,0.812958,-0.622284,0.274335,-0.312669,0.663129,-85.697,-1.450,-49.144,-0.019499,-0.034219,0.033880,0.007775,0.092249,-0.041546
1790937518.268911,1790937518.328138,0.008985,6.259872,0.814171,-0.621757,0.274609,-0.314262,0.662758,-85.639,-1.535,-49.316,-0.013727,-0.041736,0.038286,0.042927,0.080530,-0.043677
1790937518.302245,1790937518.354557,0.008572,6.258260,0.815462,-0.621097,0.274788,-0.315589,0.662672,-85.556,-1.595,-49.455,-0.008992,-0.048250,0.039046,0.032274,0.054963,-0.030894
1790937518.335578,1790937518.395473,0.009847,6.257739,0.816879,-0.620473,0.275322,-0.316066,0.662807,-85.500,-1.562,-49.546,0.000335,-0.050608,0.044791,0.046122,0.046447,0.014914
1790937518.368911,1790937518.426386,0.009910,6.255862,0.818505,-0.619611,0.275395,-0.316494,0.663378,-85.382,-1.537,-49.593,0.001927,-0.052940,0.050814,0.085539,-0.004685,-0.005326
1790937518.402244,1790937518.460973,0.011574,6.255652,0.820238,-0.618671,0.274456,-0.316859,0.664471,-85.189,-1.566,-49.549,0.006393,-0.051337,0.054564,0.136673,-0.047290,-0.047935
1790937518.435577,1790937518.488591,0.011307,6.253370,0.822057,-0.617504,0.272665,-0.317622,0.665927,-84.910,-1.668,-49.472,0.005694,-0.059990,0.050828,0.141998,-0.024920,-0.044741
1790937518.468910,1790937518.523175,0.011477,6.251247,0.823602,-0.616204,0.271712,-0.318816,0.666949,-84.665,-1.746,-49.507,0.006687,-0.071376,0.041611,0.100452,0.052845,-0.025565
1790937518.502243,1790937518.571696,0.011608,6.248876,0.824793,-0.615385,0.271866,-0.319626,0.667255,-84.559,-1.752,-49.597,-0.001905,-0.077669,0.028883,-0.006075,0.011297,0.008523
1790937518.535574,1790937518.600418,0.012778,6.247691,0.825485,-0.616479,0.271710,-0.318545,0.666826,-84.704,-1.741,-49.481,-0.009217,-0.072515,0.017744,-0.129652,-0.144228,-0.006386
1790937518.568907,1790937518.627664,0.011761,6.244821,0.826118,-0.618996,0.270501,-0.316185,0.666109,-84.987,-1.780,-49.154,-0.006649,-0.069128,0.019145,-0.137108,-0.177251,-0.007454
1790937518.602240,1790937518.663605,0.013097,6.243763,0.826860,-0.620441,0.269305,-0.314551,0.666022,-85.118,-1.811,-48.899,0.009389,-0.067050,0.031765,0.056773,-0.073908,0.010659
1790937518.635572,1790937518.694718,0.013221,6.241038,0.828044,-0.618554,0.268802,-0.314716,0.667899,-84.818,-1.735,-48.875,0.017664,-0.072936,0.032730,0.237872,0.064573,0.067118
1790937518.668905,1790937518.736640,0.014851,6.239187,0.828737,-0.615226,0.269567,-0.316017,0.670048,-84.393,-1.581,-49.066,0.023189,-0.077905,0.010752,0.165428,0.134887,0.051143
1790937518.702238,1790937518.763025,0.016182,6.236951,0.828593,-0.613416,0.271399,-0.316890,0.670556,-84.252,-1.421,-49.304,0.022439,-0.078583,-0.011578,-0.017806,0.116783,0.099083
1790937518.735570,1790937518.794150,0.016743,6.234179,0.828194,-0.613241,0.274087,-0.316236,0.669930,-84.396,-1.181,-49.467,0.020583,-0.081001,-0.010044,-0.132855,0.072038,0.135302
1790937518.768902,1790937518.830479,0.018051,6.231858,0.828126,-0.613848,0.276649,-0.314485,0.669145,-84.645,-0.909,-49.518,0.016538,-0.077120,0.012717,-0.092376,-0.014245,0.123587
1790937518.802235,1790937518.856454,0.018325,6.229124,0.828998,-0.614155,0.277087,-0.313013,0.669372,-84.717,-0.775,-49.417,0.007466,-0.071713,0.036648,0.036523,-0.079226,0.020254
1790937518.835567,1790937518.884327,0.019029,6.227138,0.830355,-0.613609,0.275172,-0.312279,0.671004,-84.518,-0.799,-49.187,-0.002888,-0.065808,0.043529,0.162225,-0.165510,-0.006374
1790937518.868899,1790937518.928784,0.018689,6.224827,0.831556,-0.612937,0.272452,-0.311195,0.673228,-84.251,-0.839,-48.858,-0.006246,-0.062591,0.025074,0.084458,-0.169772,0.009603
1790937518.902234,1790937518.958923,0.019018,6.223030,0.831979,-0.613529,0.270571,-0.309581,0.674191,-84.217,-0.862,-48.549,-0.004085,-0.059779,0.002513,-0.043376,-0.149528,-0.023418
1790937518.935568,1790937518.998218,0.018774,6.221080,0.831898,-0.614926,0.269327,-0.308369,0.673971,-84.337,-0.929,-48.331,-0.002675,-0.062858,-0.006039,-0.058288,-0.069632,0.012798
1790937518.968903,1790937519.031989,0.019342,6.219476,0.831722,-0.615315,0.269546,-0.307308,0.674013,-84.406,-0.850,-48.250,-0.000643,-0.063041,0.000625,0.009890,-0.012103,0.056477
1790937519.002236,1790937519.066734,0.019024,6.217039,0.831871,-0.614508,0.269424,-0.306756,0.675050,-84.284,-0.760,-48.189,-0.006604,-0.061824,0.004642,0.107897,-0.051521,0.052215
1790937519.035570,1790937519.099489,0.019143,6.215360,0.831896,-0.613400,0.268612,-0.305986,0.676728,-84.077,-0.678,-48.050,-0.003699,-0.055500,-0.003397,0.097244,-0.072824,0.042628
1790937519.068905,1790937519.120368,0.019144,6.213514,0.831584,-0.612542,0.268076,-0.305674,0.677857,-83.923,-0.633,-47.976,0.004216,-0.052917,-0.015777,0.066350,0.009200,-0.006374
1790937519.102239,1790937519.155878,0.019290,6.211873,0.830930,-0.611926,0.267952,-0.306285,0.678187,-83.829,-0.653,-48.023,0.004702,-0.050620,-0.021668,0.026934,0.024114,0.007473
1790937519.135573,1790937519.182283,0.019502,6.210250,0.830231,-0.611691,0.268324,-0.306380,0.678209,-83.819,-0.622,-48.064,0.006028,-0.050322,-0.019637,-0.021001,0.023047,0.015995
1790937519.168907,1790937519.225393,0.019783,6.208592,0.829672,-0.611969,0.268945,-0.306106,0.677836,-83.896,-0.576,-48.089,0.005856,-0.048798,-0.013501,-0.058286,0.006002,0.017060
1790937519.202241,1790937519.256952,0.019835,6.207618,0.829237,-0.612728,0.269228,-0.305930,0.677117,-84.021,-0.591,-48.096,0.004197,-0.048086,-0.000556,-0.050833,0.009201,-0.039399
1790937519.235575,1790937519.275784,0.019913,6.205420,0.829573,-0.612939,0.269223,-0.306664,0.676595,-84.050,-0.666,-48.164,0.003890,-0.051660,0.015249,0.021606,0.050745,-0.028744
1790937519.268909,1790937519.313468,0.019977,6.203585,0.830102,-0.612507,0.269705,-0.307743,0.676305,-84.019,-0.698,-48.306,0.007140,-0.054007,0.015029,-0.017809,0.107207,-0.021286
1790937519.302243,1790937519.336880,0.020322,6.201845,0.830488,-0.612611,0.271153,-0.309122,0.675002,-84.124,-0.727,-48.556,0.016998,-0.054878,0.008603,-0.080661,0.160470,-0.039397
1790937519.335577,1790937519.392333,0.021021,6.200110,0.830731,-0.612612,0.273389,-0.311537,0.672986,-84.264,-0.787,-48.969,0.031962,-0.058020,0.007518,-0.052963,0.285108,-0.057508
1790937519.368911,1790937519.434311,0.022031,6.198180,0.830959,-0.611151,0.277104,-0.315491,0.670949,-84.294,-0.790,-49.653,0.043821,-0.062764,0.006262,0.014148,0.434249,0.005342
1790937519.402244,1790937519.472248,0.023325,6.197416,0.830749,-0.608599,0.282430,-0.319850,0.668982,-84.279,-0.655,-50.513,0.045356,-0.060148,-0.003229,-0.019944,0.470467,0.056476
1790937519.435577,1790937519.502779,0.025036,6.194638,0.830622,-0.606558,0.288435,-0.323692,0.666420,-84.388,-0.472,-51.385,0.045965,-0.057650,-0.011313,-0.109426,0.442769,0.019192
1790937519.468911,1790937519.533625,0.026474,6.193313,0.830176,-0.605334,0.293783,-0.327462,0.663349,-84.576,-0.383,-52.198,0.045309,-0.052786,-0.006976,-0.059357,0.431045,0.004278
1790937519.502244,1790937519.561861,0.028214,6.191295,0.830093,-0.602794,0.298996,-0.332211,0.660967,-84.578,-0.301,-53.096,0.049204,-0.056538,0.001407,0.048237,0.532249,-0.006372
1790937519.535578,1790937519.600459,0.029595,6.189587,0.829911,-0.598782,0.305016,-0.338533,0.658650,-84.442,-0.207,-54.216,0.048392,-0.060427,0.001361,0.076995,0.621729,-0.010629
1790937519.568912,1790937519.633523,0.031047,6.187536,0.829826,-0.594942,0.311217,-0.344943,0.655899,-84.354,-0.125,-55.367,0.038160,-0.057848,-0.010130,-0.006096,0.578054,-0.026608
1790937519.602245,1790937519.658274,0.031771,6.186234,0.828926,-0.592501,0.317141,-0.350390,0.652374,-84.449,-0.082,-56.406,0.027675,-0.051411,-0.018543,-0.070021,0.504546,-0.017014
1790937519.635578,1790937519.690207,0.032694,6.184260,0.828428,-0.590592,0.322329,-0.354692,0.649229,-84.571,-0.024,-57.276,0.016562,-0.043100,-0.015563,-0.050845,0.400146,-0.036189
1790937519.668912,1790937519.726438,0.032968,6.183305,0.827763,-0.589251,0.325953,-0.358622,0.646473,-84.659,-0.069,-57.975,0.009449,-0.036919,-0.011090,-0.042324,0.325567,-0.061750
1790937519.702245,1790937519.753973,0.033295,6.182015,0.827550,-0.588182,0.329006,-0.362063,0.643977,-84.745,-0.125,-58.578,0.009303,-0.034837,-0.004325,-0.046583,0.307457,-0.055359
1790937519.735578,1790937519.796534,0.033448,6.180992,0.827200,-0.587200,0.331713,-0.365723,0.641413,-84.818,-0.228,-59.174,0.010015,-0.034473,0.000320,-0.011434,0.315974,-0.091571
1790937519.768911,1790937519.833537,0.033628,6.179737,0.827260,-0.585705,0.334312,-0.370075,0.638928,-84.815,-0.361,-59.830,0.011074,-0.036736,-0.000624,-0.003975,0.356455,-0.108618
1790937519.802245,1790937519.866519,0.034111,6.178740,0.826784,-0.584404,0.337187,-0.374915,0.635780,-84.862,-0.541,-60.560,0.014018,-0.040782,-0.005185,-0.039138,0.385215,-0.137370
1790937519.835578,1790937519.894971,0.034592,6.177142,0.826666,-0.583120,0.340461,-0.379922,0.632231,-84.944,-0.721,-61.345,0.017571,-0.048968,-0.005919,-0.052985,0.416109,-0.117132
1790937519.868909,1790937519.923918,0.035220,6.175352,0.826222,-0.581442,0.344354,-0.384936,0.628625,-85.026,-0.842,-62.190,0.021607,-0.058957,-0.003494,-0.027424,0.460848,-0.078770
1790937519.902246,1790937519.956151,0.035870,6.173153,0.826224,-0.578624,0.348914,-0.390252,0.625425,-85.014,-0.870,-63.129,0.023545,-0.068593,0.000023,0.021579,0.516245,-0.034031
1790937519.935583,1790937519.994111,0.036556,6.170649,0.826048,-0.574986,0.354065,-0.395598,0.622520,-84.948,-0.808,-64.130,0.022007,-0.072201,-0.000494,0.030096,0.521571,0.005391
1790937519.968919,1790937520.037437,0.037183,6.168238,0.826065,-0.571389,0.359158,-0.400313,0.619895,-84.891,-0.698,-65.068,0.018096,-0.068628,-0.000414,0.016248,0.453392,0.013912
1790937520.002256,1790937520.073124,0.037900,6.165919,0.825832,-0.568339,0.363680,-0.404540,0.617312,-84.867,-0.620,-65.909,0.015702,-0.066397,0.001332,0.018371,0.431022,-0.022297
1790937520.035592,1790937520.097971,0.038365,6.163589,0.825987,-0.565314,0.367703,-0.409017,0.614752,-84.811,-0.593,-66.733,0.013468,-0.065755,0.003490,0.021570,0.435283,-0.019102
1790937520.068929,1790937520.126502,0.038874,6.161385,0.825851,-0.562246,0.372015,-0.413138,0.612210,-84.780,-0.520,-67.551,0.010668,-0.063267,0.003014,0.017301,0.412913,0.011800
1790937520.102265,1790937520.159870,0.038747,6.159197,0.826024,-0.559492,0.375530,-0.416938,0.610007,-84.727,-0.481,-68.266,0.003140,-0.054617,0.002649,0.021566,0.324493,-0.046793
1790937520.135602,1790937520.200017,0.038701,6.157163,0.825936,-0.557841,0.377871,-0.420385,0.607703,-84.718,-0.559,-68.839,-0.001344,-0.049917,0.001078,-0.014657,0.275492,-0.063831
1790937520.168938,1790937520.245142,0.038567,6.155473,0.825995,-0.556225,0.380555,-0.423377,0.605428,-84.745,-0.584,-69.398,-0.002908,-0.051740,0.001485,-0.019982,0.308516,-0.024416
1790937520.202274,1790937520.284119,0.038340,6.153724,0.825871,-0.554354,0.383502,-0.426544,0.603057,-84.765,-0.594,-70.002,-0.003531,-0.051833,0.003384,-0.004008,0.327694,-0.035062
1790937520.235611,1790937520.310251,0.038173,6.151857,0.826053,-0.552007,0.386951,-0.429843,0.600659,-84.772,-0.556,-70.669,-0.002255,-0.053440,0.004884,-0.012530,0.370305,0.008612
1790937520.268947,1790937520.340489,0.038072,6.150129,0.826262,-0.549308,0.390888,-0.433104,0.598238,-84.782,-0.466,-71.382,-0.002883,-0.052628,0.007643,-0.000812,0.378827,0.020330
1790937520.302283,1790937520.376401,0.037740,6.148357,0.826367,-0.546253,0.394845,-0.436484,0.595976,-84.755,-0.357,-72.112,-0.003543,-0.052696,0.011160,0.030075,0.394809,0.028858
1790937520.335618,1790937520.408912,0.037476,6.146475,0.826812,-0.542751,0.398824,-0.440101,0.593862,-84.680,-0.231,-72.872,-0.005283,-0.053816,0.012608,0.035401,0.409723,0.021399
1790937520.368955,1790937520.442175,0.036936,6.144932,0.827012,-0.539468,0.402500,-0.443954,0.591500,-84.610,-0.163,-73.632,-0.009030,-0.051642,0.011470,0.048179,0.382029,-0.004162
1790937520.402291,1790937520.477816,0.036617,6.142744,0.827422,-0.536322,0.405683,-0.447833,0.589259,-84.516,-0.130,-74.351,-0.010847,-0.055049,0.010652,0.042854,0.379896,-0.039316
1790937520.435627,1790937520.510370,0.035911,6.140609,0.827509,-0.533188,0.408999,-0.451867,0.586725,-84.442,-0.110,-75.104,-0.013715,-0.059295,0.005661,0.036456,0.401206,-0.015875
1790937520.468963,1790937520.539725,0.035497,6.138571,0.827598,-0.530183,0.412503,-0.455756,0.583981,-84.405,-0.085,-75.862,-0.017140,-0.062547,-0.002008,-0.006154,0.388421,-0.044638
1790937520.502299,1790937520.566428,0.034757,6.136227,0.827242,-0.527770,0.416016,-0.459497,0.580734,-84.446,-0.105,-76.610,-0.019465,-0.066663,-0.006737,-0.031727,0.388425,-0.058480
1790937520.535635,1790937520.596370,0.034067,6.133826,0.827091,-0.525567,0.419436,-0.463287,0.577250,-84.508,-0.157,-77.357,-0.022034,-0.070371,-0.003516,-0.025335,0.379902,-0.069134
1790937520.568971,1790937520.622849,0.033386,6.131296,0.826877,-0.523327,0.422509,-0.467135,0.573934,-84.535,-0.226,-78.080,-0.025147,-0.074379,0.000478,-0.001906,0.366056,-0.074454
1790937520.602307,1790937520.669951,0.032528,6.128703,0.826960,-0.520921,0.425428,-0.470856,0.570917,-84.531,-0.274,-78.778,-0.026755,-0.077686,0.002368,-0.002969,0.358600,-0.051018
1790937520.635643,1790937520.698710,0.031799,6.126069,0.826886,-0.518446,0.428554,-0.474379,0.567908,-84.542,-0.293,-79.478,-0.027461,-0.079249,0.002508,-0.001912,0.360734,-0.048881
1790937520.668978,1790937520.736063,0.030884,6.123402,0.827029,-0.516178,0.431242,-0.478046,0.564856,-84.538,-0.363,-80.154,-0.028933,-0.077688,0.005170,0.006611,0.341558,-0.078709
1790937520.702314,1790937520.766308,0.030313,6.120810,0.827090,-0.513884,0.433773,-0.481716,0.561884,-84.518,-0.437,-80.817,-0.028726,-0.078015,0.006045,0.009798,0.344756,-0.062725
1790937520.735650,1790937520.810321,0.029304,6.118201,0.827263,-0.511398,0.436732,-0.484996,0.559032,-84.521,-0.444,-81.484,-0.029133,-0.077451,0.003526,-0.013637,0.350083,-0.021178
1790937520.768985,1790937520.842968,0.028805,6.115836,0.827237,-0.508968,0.439927,-0.488048,0.556080,-84.558,-0.432,-82.152,-0.028309,-0.073291,0.004802,-0.016841,0.335169,-0.033957
1790937520.802320,1790937520.881205,0.027774,6.113398,0.827495,-0.506729,0.442629,-0.491184,0.553211,-84.571,-0.462,-82.782,-0.028686,-0.070046,0.009733,0.004468,0.326647,-0.039284
1790937520.835656,1790937520.912256,0.027353,6.111089,0.827767,-0.503879,0.445417,-0.494479,0.550635,-84.524,-0.446,-83.443,-0.028016,-0.069756,0.013109,0.033221,0.360742,-0.023298
1790937520.868986,1790937520.942955,0.026263,6.108800,0.828203,-0.500934,0.448191,-0.498049,0.547848,-84.469,-0.453,-84.137,-0.029483,-0.064745,0.010796,0.014046,0.356479,-0.056325
1790937520.902355,1790937520.974992,0.025875,6.106741,0.828426,-0.498344,0.450967,-0.501427,0.544842,-84.459,-0.479,-84.813,-0.030448,-0.060702,0.009703,0.010843,0.349028,-0.031817
1790937520.935724,1790937521.016708,0.024741,6.104737,0.828722,-0.495698,0.453670,-0.504527,0.542144,-84.437,-0.474,-85.453,-0.034633,-0.055564,0.006209,0.002324,0.322394,-0.037144
1790937520.969094,1790937521.050072,0.024235,6.102895,0.828785,-0.493251,0.456452,-0.507348,0.539401,-84.450,-0.463,-86.072,-0.034372,-0.052120,0.003599,-0.008336,0.328791,-0.016899
1790937521.002463,1790937521.082623,0.022810,6.101108,0.828878,-0.490625,0.459337,-0.510124,0.536722,-84.457,-0.429,-86.700,-0.037770,-0.046211,0.001344,-0.005140,0.318137,-0.013703
1790937521.035834,1790937521.111431,0.022182,6.099541,0.828731,-0.488155,0.462179,-0.512555,0.534211,-84.480,-0.379,-87.286,-0.039926,-0.039571,-0.003565,-0.018995,0.301097,0.013999
1790937521.069205,1790937521.144174,0.020683,6.098265,0.828533,-0.485827,0.465199,-0.514666,0.531677,-84.541,-0.310,-87.856,-0.042117,-0.032808,-0.009423,-0.055214,0.287248,-0.009436
1790937521.102576,1790937521.170646,0.019760,6.097072,0.828037,-0.484265,0.467948,-0.516635,0.528772,-84.662,-0.315,-88.383,-0.042447,-0.025579,-0.011108,-0.059484,0.259555,-0.041389
1790937521.135947,1790937521.193914,0.018331,6.096337,0.827694,-0.482921,0.470388,-0.518567,0.525937,-84.776,-0.347,-88.874,-0.042407,-0.022187,-0.010166,-0.065875,0.255294,-0.034998
1790937521.169319,1790937521.239666,0.016974,6.095633,0.827366,-0.481479,0.472974,-0.520288,0.523235,-84.897,-0.347,-89.359,-0.041560,-0.019157,-0.009588,-0.055222,0.245708,-0.005170
1790937521.202691,1790937521.266765,0.016301,6.094881,0.826939,-0.479962,0.475413,-0.521821,0.520886,-84.995,-0.323,-89.807,-0.039133,-0.017044,-0.007987,-0.037120,0.222277,-0.022210
1790937521.236063,1790937521.290938,0.014863,6.094395,0.826748,-0.478457,0.477369,-0.523571,0.518721,-85.044,-0.331,-90.230,-0.036415,-0.016200,-0.005032,-0.017943,0.216950,-0.025407
1790937521.269437,1790937521.335735,0.013551,6.094047,0.826605,-0.477006,0.479084,-0.525379,0.516643,-85.073,-0.355,-90.635,-0.033225,-0.013322,-0.003516,-0.019008,0.196711,-0.030734
1790937521.302810,1790937521.362979,0.013157,6.093527,0.826336,-0.475865,0.480761,-0.526828,0.514659,-85.133,-0.375,-90.995,-0.028682,-0.012868,-0.004017,-0.034997,0.183932,-0.024335
1790937521.336184,1790937521.395521,0.012032,6.093134,0.826281,-0.474946,0.482429,-0.528039,0.512702,-85.217,-0.395,-91.325,-0.027528,-0.011631,-0.000658,-0.045649,0.156235,-0.038185
1790937521.369559,1790937521.425400,0.011186,6.092740,0.826383,-0.474377,0.483604,-0.529256,0.510863,-85.286,-0.460,-91.603,-0.025729,-0.010367,0.007219,-0.022213,0.129602,-0.050970
1790937521.402933,1790937521.474356,0.010374,6.092366,0.826733,-0.473707,0.484415,-0.530578,0.509344,-85.303,-0.528,-91.853,-0.025415,-0.010264,0.013586,0.003353,0.123211,-0.033924
1790937521.436309,1790937521.503277,0.010431,6.091929,0.827110,-0.472751,0.485074,-0.531790,0.508341,-85.272,-0.552,-92.074,-0.021868,-0.005525,0.017191,0.038498,0.091259,-0.022201
1790937521.469684,1790937521.530921,0.009526,6.091780,0.827711,-0.472092,0.484933,-0.532861,0.507964,-85.185,-0.599,-92.190,-0.021271,0.005366,0.016077,0.038499,0.006035,-0.039247
1790937521.503060,1790937521.562876,0.008837,6.091957,0.828187,-0.472649,0.483937,-0.533145,0.508099,-85.134,-0.699,-92.114,-0.018355,0.013793,0.011737,0.008673,-0.078119,-0.053094
1790937521.536437,1790937521.589494,0.008309,6.092275,0.828533,-0.473681,0.483094,-0.532680,0.508428,-85.153,-0.768,-91.963,-0.013890,0.012655,0.009481,-0.025417,-0.080249,0.003366
1790937521.569813,1790937521.640244,0.007948,6.092669,0.828889,-0.474475,0.482642,-0.531964,0.508865,-85.189,-0.780,-91.826,-0.008363,0.010510,0.012533,-0.000915,-0.053615,-0.006221
1790937521.603191,1790937521.674961,0.007744,6.093061,0.829332,-0.474803,0.482117,-0.531889,0.509136,-85.167,-0.811,-91.759,-0.004177,0.008561,0.014145,0.013997,-0.019528,-0.027528
1790937521.636568,1790937521.705991,0.007727,6.093374,0.829767,-0.475167,0.481647,-0.532061,0.509061,-85.154,-0.874,-91.728,-0.000318,0.009143,0.012463,-0.006242,-0.024853,-0.039246
1790937521.669945,1790937521.736443,0.007863,6.093637,0.830167,-0.475931,0.481271,-0.532015,0.508751,-85.196,-0.958,-91.681,0.003238,0.008113,0.012120,-0.029679,-0.023788,-0.034984
1790937521.703324,1790937521.767271,0.008062,6.093824,0.830620,-0.476516,0.481031,-0.531940,0.508509,-85.233,-1.016,-91.645,0.003360,0.006077,0.014954,-0.000916,-0.019528,-0.041375
1790937521.736702,1790937521.803180,0.008144,6.093926,0.831097,-0.477308,0.480159,-0.532360,0.508152,-85.224,-1.158,-91.600,0.001209,0.004650,0.014637,0.008670,-0.038702,-0.089313
1790937521.770082,1790937521.838180,0.008234,6.093888,0.831590,-0.478379,0.479007,-0.532901,0.507664,-85.214,-1.347,-91.540,0.001547,-0.001126,0.015794,0.006538,-0.036570,-0.099966
1790937521.803461,1790937521.870641,0.008364,6.093698,0.832138,-0.479310,0.477813,-0.533544,0.507236,-85.185,-1.532,-91.487,0.001920,-0.006363,0.017035,0.027843,-0.037636,-0.094639
1790937521.836841,1790937521.905664,0.008538,6.093312,0.832639,-0.480145,0.476478,-0.534166,0.507046,-85.130,-1.705,-91.418,0.003890,-0.009934,0.013076,0.028907,-0.051485,-0.066940
1790937521.870229,1790937521.939639,0.008834,6.092786,0.832993,-0.480736,0.475486,-0.534314,0.507261,-85.086,-1.796,-91.328,0.007464,-0.012862,0.007672,0.017189,-0.049353,-0.026459
1790937521.903569,1790937521.973310,0.009364,6.092287,0.833130,-0.481446,0.474893,-0.534042,0.507431,-85.100,-1.849,-91.230,0.012621,-0.012363,-0.000164,-0.030748,-0.062136,-0.022199
1790937521.936909,1790937522.005892,0.010180,6.091811,0.833077,-0.482651,0.474548,-0.533334,0.507353,-85.196,-1.908,-91.106,0.020623,-0.011641,-0.004252,-0.057380,-0.073854,-0.014741
1790937521.970249,1790937522.040766,0.011276,6.091290,0.832932,-0.484038,0.474328,-0.532229,0.507397,-85.326,-1.942,-90.947,0.029687,-0.008977,-0.006083,-0.081880,-0.105814,-0.016872
1790937522.003590,1790937522.070320,0.012468,6.090638,0.832861,-0.485902,0.473948,-0.530508,0.507774,-85.492,-1.962,-90.695,0.041607,-0.005273,-0.003814,-0.075488,-0.153750,0.009757
1790937522.036930,1790937522.098741,0.014321,6.090326,0.832778,-0.487834,0.473237,-0.528621,0.508552,-85.631,-1.973,-90.389,0.055325,-0.001433,-0.000851,-0.054183,-0.172926,-0.001959
1790937522.070270,1790937522.135173,0.016584,6.090149,0.832764,-0.489822,0.471859,-0.526962,0.509641,-85.705,-2.022,-90.039,0.069132,0.002989,0.000047,-0.010507,-0.201688,-0.022199
1790937522.103609,1790937522.167074,0.023044,6.089739,0.832257,-0.491899,0.470243,-0.525219,0.510932,-85.764,-2.074,-89.654,0.091437,0.003833,-0.004470,-0.024368,-0.209128,-0.007277
1790937522.136950,1790937522.201333,0.025858,6.089840,0.832127,-0.493871,0.468842,-0.523239,0.512348,-85.836,-2.086,-89.265,0.109884,0.003785,-0.009754,-0.039281,-0.196352,0.027876
1790937522.170290,1790937522.229866,0.030085,6.090017,0.831751,-0.495595,0.467930,-0.521078,0.513716,-85.934,-2.047,-88.908,0.128409,0.000618,-0.012344,-0.052063,-0.162264,0.043854
1790937522.203630,1790937522.270408,0.034880,6.089407,0.831396,-0.496757,0.467657,-0.519109,0.514835,-86.038,-1.960,-88.644,0.148027,-0.006009,-0.008445,-0.037150,-0.112200,0.065162
1790937522.236970,1790937522.303142,0.044288,6.089147,0.830667,-0.497404,0.467647,-0.517367,0.515972,-86.111,-1.839,-88.436,0.170762,-0.010205,-0.000426,-0.003070,-0.095148,0.061972
1790937522.270311,1790937522.332077,0.049750,6.088801,0.830903,-0.497496,0.467391,-0.516317,0.517166,-86.094,-1.736,-88.284,0.186982,-0.017257,0.009536,0.019302,-0.050409,0.070493
1790937522.303651,1790937522.358457,0.056345,6.088237,0.831308,-0.497102,0.467560,-0.515518,0.518189,-86.067,-1.602,-88.208,0.198956,-0.024366,0.017784,0.001193,-0.023781,0.065169
1790937522.336991,1790937522.387770,0.063253,6.087374,0.832020,-0.496916,0.467939,-0.514652,0.518884,-86.087,-1.482,-88.147,0.210667,-0.030615,0.027638,-0.013722,-0.029111,0.079017
1790937522.370331,1790937522.416466,0.070055,6.086399,0.833212,-0.496717,0.468317,-0.513752,0.519626,-86.105,-1.357,-88.081,0.225767,-0.036006,0.037649,0.003323,-0.022722,0.044928
1790937522.403672,1790937522.468219,0.078114,6.085370,0.834554,-0.496494,0.468097,-0.513628,0.520158,-86.056,-1.321,-88.043,0.241170,-0.040529,0.045621,0.055520,-0.009939,-0.000878
1790937522.437012,1790937522.504126,0.086391,6.083849,0.836060,-0.496181,0.467314,-0.514146,0.520650,-85.936,-1.353,-88.020,0.254449,-0.046146,0.046381,0.067237,-0.019530,-0.054143
1790937522.470352,1790937522.539916,0.095321,6.082513,0.837519,-0.496500,0.466018,-0.514820,0.520841,-85.834,-1.477,-87.961,0.261877,-0.050277,0.039900,0.040605,-0.055749,-0.061599
1790937522.503692,1790937522.573908,0.103179,6.081302,0.838789,-0.497100,0.464961,-0.514933,0.521101,-85.789,-1.568,-87.861,0.263468,-0.058089,0.035870,0.008648,-0.045094,-0.025382
1790937522.537031,1790937522.607437,0.112199,6.079659,0.840196,-0.497368,0.464322,-0.514936,0.521413,-85.751,-1.606,-87.793,0.264666,-0.063767,0.044450,0.051259,-0.028049,-0.004076
1790937522.570372,1790937522.641508,0.121241,6.077688,0.841776,-0.496885,0.463336,-0.515339,0.522351,-85.591,-1.609,-87.736,0.262705,-0.063151,0.050903,0.113045,-0.045095,-0.006207
1790937522.603712,1790937522.680185,0.130282,6.075907,0.843310,-0.496913,0.461552,-0.515704,0.523543,-85.404,-1.675,-87.590,0.258992,-0.055187,0.041396,0.070434,-0.117535,-0.054146
1790937522.637052,1790937522.720257,0.143997,6.075319,0.843731,-0.498097,0.460026,-0.515134,0.524321,-85.378,-1.763,-87.361,0.259736,-0.050400,0.022972,-0.022256,-0.114338,-0.023247
1790937522.670392,1790937522.753172,0.153177,6.074650,0.844604,-0.499551,0.459395,-0.514044,0.524560,-85.478,-1.812,-87.165,0.256373,-0.044984,0.012311,-0.064863,-0.110073,-0.005141
1790937522.703732,1790937522.787229,0.161764,6.073425,0.844972,-0.500926,0.459049,-0.512365,0.525195,-85.599,-1.784,-86.931,0.252128,-0.037216,0.010527,-0.057407,-0.129249,0.048123
1790937522.737073,1790937522.822390,0.170230,6.072401,0.845380,-0.502404,0.458579,-0.510380,0.526125,-85.720,-1.736,-86.648,0.251341,-0.028418,0.015180,-0.055276,-0.155881,0.037469
1790937522.770413,1790937522.858127,0.178849,6.071715,0.846018,-0.503546,0.458169,-0.508383,0.527323,-85.809,-1.649,-86.372,0.253744,-0.022511,0.024380,-0.024381,-0.122857,0.074754
1790937522.803753,1790937522.895260,0.188061,6.071789,0.846946,-0.503915,0.457652,-0.506877,0.528867,-85.798,-1.534,-86.142,0.256392,-0.014135,0.034590,0.061905,-0.113269,0.069427
1790937522.837093,1790937522.934206,0.202221,6.072099,0.847295,-0.503422,0.456702,-0.505977,0.531015,-85.641,-1.399,-85.938,0.262257,-0.007821,0.030817,0.110902,-0.089838,0.081151
1790937522.870433,1790937522.966335,0.210919,6.072217,0.848191,-0.502683,0.456006,-0.505224,0.533026,-85.483,-1.250,-85.777,0.264315,-0.000453,0.011318,0.041658,-0.073854,0.091803
1790937522.903774,1790937523.002464,0.219578,6.073691,0.848454,-0.502654,0.456083,-0.503656,0.534470,-85.488,-1.077,-85.604,0.268601,0.007528,-0.005566,-0.030781,-0.094087,0.091800
1790937522.937114,1790937523.036762,0.228577,6.074046,0.848243,-0.503066,0.456137,-0.501839,0.535744,-85.541,-0.927,-85.400,0.272830,0.011606,-0.006286,-0.013736,-0.101544,0.088604
1790937522.970454,1790937523.068525,0.237854,6.074586,0.848071,-0.503037,0.456220,-0.500341,0.537100,-85.547,-0.763,-85.236,0.274916,0.009487,-0.003386,0.010765,-0.050409,0.092864
1790937523.003794,1790937523.105141,0.246955,6.074772,0.847985,-0.502779,0.456612,-0.499262,0.538012,-85.558,-0.614,-85.153,0.276769,0.010028,-0.002630,-0.046759,-0.035499,0.056645
1790937523.037134,1790937523.136786,0.256505,6.075690,0.847911,-0.503475,0.457396,-0.498124,0.537749,-85.721,-0.553,-85.105,0.284191,0.010528,-0.002391,-0.119198,-0.012061,0.015097
1790937523.070474,1790937523.175927,0.266131,6.076222,0.847917,-0.504656,0.458231,-0.497169,0.536814,-85.946,-0.563,-85.084,0.292720,0.009694,0.002546,-0.106415,-0.008865,-0.024317
1790937523.103814,1790937523.207942,0.278980,6.077371,0.847560,-0.505635,0.458714,-0.497000,0.535635,-86.110,-0.641,-85.115,0.308464,0.005223,0.003884,-0.061672,0.042267,-0.061602
1790937523.137155,1790937523.232070,0.289818,6.077887,0.847774,-0.505969,0.459280,-0.497790,0.534099,-86.209,-0.752,-85.265,0.327926,-0.000460,-0.000223,-0.043564,0.110451,-0.055212
1790937523.170495,1790937523.268759,0.301155,6.078040,0.847595,-0.505581,0.460392,-0.498948,0.532427,-86.281,-0.818,-85.516,0.347008,-0.002879,-0.010256,-0.026519,0.141343,-0.030711
1790937523.203835,1790937523.302353,0.313049,6.078021,0.847022,-0.504901,0.461483,-0.500329,0.530828,-86.318,-0.876,-85.790,0.365351,-0.001846,-0.024134,-0.024388,0.136017,-0.043494
1790937523.237176,1790937523.331363,0.325474,6.077851,0.845903,-0.504567,0.462690,-0.501361,0.529120,-86.407,-0.934,-86.037,0.386240,0.000956,-0.042362,-0.080850,0.121102,-0.037103
1790937523.270516,1790937523.365385,0.338696,6.077844,0.844375,-0.504354,0.464575,-0.501982,0.527079,-86.583,-0.952,-86.309,0.414712,-0.000697,-0.046397,-0.096830,0.174368,0.004443
1790937523.303856,1790937523.404445,0.353166,6.078414,0.843059,-0.503137,0.466939,-0.503106,0.525077,-86.695,-0.911,-86.692,0.440722,0.000939,-0.029177,-0.004148,0.207393,0.000181
1790937523.337197,1790937523.443331,0.371183,6.079506,0.841980,-0.501458,0.468126,-0.505184,0.523629,-86.629,-0.940,-87.059,0.458890,0.006044,-0.004713,0.066157,0.176499,-0.040302
1790937523.370537,1790937523.478180,0.386676,6.079646,0.842326,-0.499833,0.468597,-0.507834,0.522196,-86.493,-1.047,-87.418,0.469164,0.004938,0.024101,0.054438,0.196743,-0.091436
1790937523.403877,1790937523.515899,0.402317,6.079494,0.843596,-0.498216,0.469553,-0.510833,0.519953,-86.410,-1.187,-87.871,0.476074,-0.000893,0.051502,0.032066,0.276637,-0.066933
1790937523.437216,1790937523.558104,0.418407,6.079799,0.845634,-0.496029,0.471161,-0.514192,0.517270,-86.334,-1.299,-88.439,0.479869,0.000471,0.068713,0.037393,0.297945,-0.121264
1790937523.470557,1790937523.597170,0.436056,6.080405,0.847605,-0.494506,0.471660,-0.518188,0.514278,-86.214,-1.568,-88.966,0.481378,0.008102,0.078280,0.106637,0.229762,-0.168137
1790937523.503897,1790937523.631090,0.452230,6.080501,0.850261,-0.492932,0.470205,-0.522437,0.512822,-85.877,-1.879,-89.316,0.476115,0.016280,0.071937,0.218493,0.106190,-0.186248
1790937523.537237,1790937523.667220,0.468391,6.081196,0.852248,-0.491193,0.468087,-0.526117,0.512665,-85.452,-2.115,-89.530,0.468147,0.014421,0.045983,0.196120,0.138152,-0.041367
1790937523.570577,1790937523.696168,0.485304,6.081283,0.852767,-0.488195,0.468751,-0.528776,0.512186,-85.185,-2.070,-89.923,0.463230,0.006810,0.018158,0.053369,0.258526,0.032136
1790937523.603918,1790937523.721212,0.500236,6.081513,0.853225,-0.486524,0.470876,-0.530092,0.510462,-85.228,-2.010,-90.312,0.459558,0.019691,0.005125,-0.100030,0.105122,-0.018996
1790937523.637258,1790937523.747304,0.515557,6.081912,0.853464,-0.487391,0.471767,-0.529761,0.509155,-85.422,-2.063,-90.368,0.460722,0.032182,0.012785,-0.080854,-0.039758,-0.031777
1790937523.670598,1790937523.771536,0.531027,6.082655,0.854112,-0.487910,0.471395,-0.529718,0.509048,-85.439,-2.120,-90.323,0.460497,0.027700,0.027130,0.083200,0.012442,-0.012600
1790937523.703938,1790937523.796313,0.546377,6.083495,0.854911,-0.486365,0.470537,-0.531300,0.509670,-85.173,-2.130,-90.423,0.450336,0.022257,0.017991,0.131138,0.078490,-0.014731
1790937523.737278,1790937523.834006,0.561301,6.084153,0.855030,-0.485072,0.470794,-0.532575,0.509335,-85.056,-2.126,-90.606,0.442184,0.016326,-0.011283,-0.048897,0.118971,0.012964
1790937523.770619,1790937523.869896,0.577286,6.083797,0.853822,-0.485177,0.473019,-0.532197,0.507565,-85.310,-2.077,-90.801,0.433138,0.015517,-0.030880,-0.194847,0.065695,0.025753
1790937523.803959,1790937523.904132,0.592353,6.086662,0.853036,-0.486489,0.475175,-0.530444,0.506128,-85.692,-2.012,-90.821,0.428677,0.020687,-0.023769,-0.186324,-0.035495,0.043856
1790937523.837299,1790937523.935942,0.606441,6.086682,0.852577,-0.487926,0.476378,-0.528482,0.505666,-85.985,-1.945,-90.714,0.430232,0.019333,0.000132,-0.102164,-0.068521,0.023619
1790937523.870638,1790937523.972449,0.620779,6.087425,0.852870,-0.489327,0.476032,-0.527137,0.506042,-86.104,-1.954,-90.514,0.431435,0.025143,0.018402,-0.015875,-0.158005,-0.026447
1790937523.903979,1790937524.007180,0.635315,6.088263,0.853568,-0.491308,0.473932,-0.525842,0.507439,-86.098,-2.047,-90.129,0.434433,0.028352,0.023200,0.032060,-0.231509,-0.034969
1790937523.937319,1790937524.042787,0.649960,6.088941,0.854260,-0.493258,0.471393,-0.524590,0.509206,-86.042,-2.146,-89.703,0.440189,0.023081,0.017604,0.043778,-0.226183,-0.038164
1790937523.970659,1790937524.077533,0.664761,6.089514,0.854608,-0.494977,0.469029,-0.523249,0.511097,-85.982,-2.209,-89.286,0.446074,0.015380,0.002998,0.025668,-0.200616,0.000186
1790937524.003999,1790937524.119599,0.680253,6.090812,0.854532,-0.496430,0.467786,-0.521646,0.512463,-86.014,-2.205,-88.961,0.458154,0.004178,-0.010690,-0.058489,-0.140958,0.048118
1790937524.037339,1790937524.161046,0.696756,6.088400,0.853430,-0.497641,0.468228,-0.519212,0.513356,-86.200,-2.065,-88.718,0.469377,-0.006993,-0.012118,-0.109627,-0.101549,0.103526
1790937524.070679,1790937524.195711,0.712268,6.088379,0.853312,-0.498589,0.468958,-0.516643,0.514361,-86.387,-1.877,-88.491,0.479033,-0.008267,0.006820,-0.054232,-0.135640,0.107786
1790937524.104020,1790937524.230769,0.728353,6.088113,0.853993,-0.499015,0.468309,-0.515160,0.516025,-86.367,-1.767,-88.246,0.490772,-0.013790,0.034263,0.094907,-0.101550,-0.003003
1790937524.137360,1790937524.265661,0.745099,6.088467,0.855542,-0.498629,0.466453,-0.515450,0.517786,-86.123,-1.776,-88.081,0.489464,-0.020672,0.050609,0.152432,-0.070651,0.051325
1790937524.170700,1790937524.299184,0.761313,6.087712,0.857301,-0.497885,0.465404,-0.514605,0.520281,-85.926,-1.613,-87.869,0.484291,-0.022792,0.051201,0.024598,-0.171854,0.110981
1790937524.204040,1790937524.335870,0.777797,6.087655,0.859062,-0.499782,0.464349,-0.511319,0.522639,-86.031,-1.474,-87.370,0.483084,-0.017042,0.047446,-0.106433,-0.331647,0.051320
1790937524.237380,1790937524.376619,0.793979,6.083940,0.860311,-0.503414,0.462659,-0.507062,0.524794,-86.270,-1.428,-86.693,0.482553,-0.023963,0.049740,-0.114956,-0.350822,0.047069
1790937524.270720,1790937524.412875,0.809960,6.083054,0.862157,-0.506870,0.460758,-0.503554,0.526515,-86.469,-1.449,-86.084,0.482100,-0.033195,0.059400,-0.061690,-0.283709,-0.016847
1790937524.304060,1790937524.453616,0.826654,6.082817,0.864248,-0.509296,0.458478,-0.501348,0.528267,-86.511,-1.505,-85.588,0.481445,-0.041175,0.059297,0.019269,-0.234703,-0.025374
1790937524.337399,1790937524.492730,0.843636,6.079512,0.865567,-0.511228,0.456299,-0.499841,0.529713,-86.509,-1.584,-85.185,0.482481,-0.053149,0.046785,-0.007367,-0.179308,-0.014710
1790937524.370739,1790937524.530098,0.859431,6.077979,0.867027,-0.512514,0.455043,-0.498645,0.530677,-86.528,-1.614,-84.916,0.482410,-0.064188,0.041278,0.009676,-0.112196,0.004463
1790937524.404080,1790937524.563050,0.875958,6.076720,0.868472,-0.512946,0.453963,-0.497910,0.531873,-86.467,-1.599,-84.719,0.483665,-0.066707,0.043147,0.065070,-0.093018,0.022567
1790937524.437420,1790937524.603673,0.892300,6.074601,0.869921,-0.512975,0.452375,-0.497884,0.533221,-86.305,-1.626,-84.550,0.485492,-0.063929,0.044122,0.118334,-0.075972,-0.044547
1790937524.470760,1790937524.642517,0.908006,6.070321,0.870881,-0.512477,0.450344,-0.498832,0.534532,-86.035,-1.710,-84.448,0.486194,-0.059712,0.043516,0.176919,-0.039752,-0.024293
1790937524.504100,1790937524.680570,0.923903,6.068352,0.872239,-0.511161,0.448500,-0.499775,0.536458,-85.690,-1.704,-84.365,0.481313,-0.046921,0.036963,0.173724,-0.088757,0.025774
1790937524.537440,1790937524.715400,0.939698,6.066823,0.873377,-0.510735,0.445918,-0.499456,0.539305,-85.374,-1.674,-84.062,0.473493,-0.028448,0.031733,0.172658,-0.217656,0.008730
1790937524.570780,1790937524.749140,0.955283,6.065719,0.874317,-0.511381,0.442542,-0.498906,0.541977,-85.105,-1.752,-83.653,0.466922,-0.021223,0.025162,0.097023,-0.205939,-0.055185
1790937524.604120,1790937524.790246,0.971701,6.066240,0.875248,-0.512639,0.440488,-0.497934,0.543353,-85.044,-1.825,-83.332,0.465757,-0.021105,0.027247,-0.016964,-0.105799,0.023637
1790937524.637460,1790937524.828179,0.986964,6.062049,0.875834,-0.513021,0.440590,-0.497039,0.543730,-85.100,-1.768,-83.239,0.467418,-0.026000,0.034427,-0.015901,-0.004593,0.032173
1790937524.670800,1790937524.864407,1.002056,6.061555,0.877098,-0.513261,0.440285,-0.496773,0.543993,-85.097,-1.772,-83.178,0.467552,-0.012072,0.041152,0.028840,-0.075968,-0.034938
1790937524.704140,1790937524.899338,1.017726,6.061244,0.878535,-0.514071,0.438436,-0.496891,0.544614,-85.006,-1.909,-83.003,0.473659,-0.005074,0.044465,0.077843,-0.095144,-0.075419
1790937524.737480,1790937524.933816,1.033738,6.061106,0.879909,-0.514057,0.436837,-0.497469,0.545384,-84.843,-2.004,-82.908,0.485056,-0.009027,0.035843,0.089561,0.018842,-0.010437
1790937524.770819,1790937524.968036,1.050168,6.060917,0.880763,-0.512585,0.437024,-0.498699,0.545496,-84.687,-1.975,-83.068,0.494866,-0.012459,0.012993,0.059733,0.141350,0.011932
1790937524.804159,1790937525.003078,1.066802,6.060780,0.880734,-0.511100,0.438075,-0.500132,0.544734,-84.618,-1.946,-83.340,0.499637,-0.004938,-0.014391,-0.003118,0.145612,0.004475
1790937524.837499,1790937525.035997,1.083972,6.061337,0.879960,-0.510207,0.439506,-0.501110,0.543519,-84.658,-1.924,-83.598,0.503964,0.007862,-0.033155,-0.043600,0.094480,-0.033877
1790937524.870839,1790937525.072571,1.100141,6.061275,0.878662,-0.510549,0.439789,-0.501811,0.542320,-84.727,-2.028,-83.707,0.510916,0.022615,-0.039007,-0.023358,0.040148,-0.055179
1790937524.904180,1790937525.108240,1.117373,6.062092,0.877455,-0.509785,0.440604,-0.502924,0.541345,-84.719,-2.047,-83.919,0.524698,0.015717,-0.030343,0.032035,0.208466,0.019390
1790937524.937522,1790937525.143714,1.135153,6.062905,0.876697,-0.507077,0.442627,-0.505338,0.539989,-84.608,-1.975,-84.406,0.531358,0.015220,-0.014980,0.052275,0.269188,-0.016831
1790937524.970863,1790937525.178023,1.152873,6.063634,0.876435,-0.505407,0.443987,-0.507859,0.538069,-84.552,-2.038,-84.838,0.526646,0.025399,-0.000214,-0.023359,0.182899,-0.083944
1790937525.004205,1790937525.213677,1.170841,6.064884,0.876848,-0.504825,0.445783,-0.509759,0.535328,-84.668,-2.143,-85.244,0.527289,0.023359,0.021837,-0.093668,0.271321,-0.063704
1790937525.037547,1790937525.256877,1.189206,6.067107,0.878052,-0.502911,0.449040,-0.512594,0.531687,-84.782,-2.182,-85.913,0.524912,0.021487,0.045304,-0.026556,0.417267,-0.029621
1790937525.070888,1790937525.287585,1.205151,6.065620,0.879424,-0.499127,0.452513,-0.516506,0.528513,-84.706,-2.137,-86.735,0.517364,0.025420,0.058117,0.061863,0.411944,0.001277
1790937525.104230,1790937525.327031,1.222428,6.066042,0.881336,-0.495368,0.455327,-0.519892,0.526308,-84.570,-2.051,-87.432,0.509109,0.036287,0.054340,0.032033,0.315002,0.024716
1790937525.137571,1790937525.358776,1.237947,6.067301,0.882802,-0.492627,0.458097,-0.522016,0.524371,-84.549,-1.942,-87.976,0.504482,0.045239,0.042589,-0.037207,0.262803,0.038562
1790937525.170913,1790937525.399115,1.255478,6.069062,0.884167,-0.490536,0.461025,-0.523266,0.522516,-84.623,-1.809,-88.435,0.504278,0.052441,0.037108,-0.035076,0.227648,0.044954
1790937525.204254,1790937525.438140,1.271761,6.071522,0.885296,-0.488906,0.462326,-0.525182,0.520970,-84.577,-1.823,-88.803,0.506610,0.064561,0.038013,0.089562,0.127513,-0.094602
1790937525.237596,1790937525.475386,1.288772,6.073601,0.886410,-0.487849,0.461145,-0.527624,0.520540,-84.332,-1.989,-88.973,0.508098,0.068775,0.025906,0.139632,0.044420,-0.078621
1790937525.270937,1790937525.509783,1.305746,6.075695,0.886894,-0.486934,0.460126,-0.529381,0.520514,-84.121,-2.094,-89.078,0.507421,0.059083,0.002616,0.073583,0.072117,-0.045597
1790937525.304279,1790937525.546216,1.322531,6.077507,0.886613,-0.485798,0.460756,-0.530801,0.519571,-84.060,-2.117,-89.317,0.499837,0.043846,-0.018232,-0.032945,0.180778,0.004471
1790937525.337620,1790937525.585512,1.339059,6.080255,0.885859,-0.484512,0.463291,-0.531898,0.517391,-84.187,-2.064,-89.720,0.486678,0.032656,-0.027960,-0.109648,0.228719,0.015114
1790937525.370962,1790937525.626578,1.354463,6.080439,0.884723,-0.483758,0.466218,-0.532354,0.514993,-84.416,-1.998,-90.087,0.471809,0.030993,-0.021394,-0.135215,0.131774,0.014057
1790937525.404304,1790937525.663462,1.370242,6.081635,0.884265,-0.484614,0.467911,-0.531339,0.513700,-84.694,-1.963,-90.145,0.462651,0.036227,-0.006864,-0.166109,-0.055715,0.017252
1790937525.437645,1790937525.696539,1.385669,6.082766,0.884383,-0.486341,0.468677,-0.529562,0.513204,-84.970,-1.951,-90.011,0.460648,0.034917,0.015083,-0.080885,-0.072760,0.005534
1790937525.470987,1790937525.731585,1.400993,6.084073,0.885151,-0.486940,0.467981,-0.528987,0.513864,-84.962,-1.961,-89.866,0.457938,0.038464,0.028926,0.093822,-0.079152,-0.000856
1790937525.504329,1790937525.766152,1.416281,6.085531,0.885946,-0.486965,0.466004,-0.529226,0.515388,-84.752,-2.011,-89.684,0.460109,0.042696,0.015784,0.090626,-0.124959,-0.022164
1790937525.537671,1790937525.800159,1.431724,6.087016,0.886079,-0.488242,0.464259,-0.528484,0.516516,-84.708,-2.090,-89.407,0.467007,0.043147,-0.007066,-0.054254,-0.168636,-0.057318
1790937525.571013,1790937525.834206,1.447400,6.088401,0.885693,-0.490904,0.463250,-0.527000,0.516415,-84.900,-2.232,-89.120,0.477693,0.033586,-0.013593,-0.107517,-0.114305,-0.046665
1790937525.604354,1790937525.868119,1.463354,6.089556,0.885327,-0.492534,0.463096,-0.526145,0.515872,-85.068,-2.321,-89.001,0.487599,0.019598,-0.006933,-0.041469,-0.013102,-0.032817
1790937525.637696,1790937525.900695,1.479595,6.090453,0.885219,-0.492526,0.463118,-0.526345,0.515656,-85.069,-2.342,-89.027,0.494956,0.011253,0.001560,0.028837,0.035900,0.030031
1790937525.671037,1790937525.934936,1.496203,6.090978,0.885399,-0.491367,0.464211,-0.526132,0.515997,-85.055,-2.177,-89.118,0.508325,0.001832,0.011061,-0.024425,0.065727,0.145081
1790937525.704379,1790937525.969901,1.513354,6.091386,0.886088,-0.489755,0.466273,-0.524980,0.516841,-85.095,-1.848,-89.199,0.525485,0.002896,0.032287,0.001142,0.040160,0.184496
1790937525.737721,1790937526.002555,1.530982,6.091856,0.887561,-0.487729,0.467430,-0.524303,0.518398,-84.992,-1.536,-89.242,0.537379,0.005430,0.055350,0.104472,0.035900,0.123773
1790937525.771063,1790937526.039119,1.548864,6.090896,0.889568,-0.485629,0.467667,-0.524333,0.520122,-84.783,-1.305,-89.271,0.535863,0.005595,0.065761,0.076776,0.008200,0.121648
1790937525.804404,1790937526.072791,1.566580,6.093051,0.891798,-0.484983,0.468065,-0.523064,0.521642,-84.754,-1.090,-89.161,0.532833,0.014031,0.064441,-0.067039,-0.135610,0.091813
1790937525.837746,1790937526.106045,1.584400,6.094140,0.894001,-0.487266,0.467558,-0.520086,0.522945,-84.955,-1.021,-88.751,0.534964,0.021939,0.067327,-0.101128,-0.276229,0.014044
1790937525.871088,1790937526.147758,1.602025,6.097424,0.896389,-0.490033,0.465449,-0.517474,0.524829,-85.040,-1.066,-88.214,0.537022,0.016671,0.069846,0.034161,-0.258115,-0.004075
1790937525.904429,1790937526.198417,1.619064,6.094057,0.897954,-0.491616,0.463227,-0.516297,0.526471,-84.981,-1.140,-87.838,0.542229,-0.009134,0.052974,-0.000991,-0.108975,-0.059454
1790937525.937769,1790937526.234097,1.636869,6.096578,0.899505,-0.493287,0.462642,-0.516165,0.525551,-85.108,-1.315,-87.760,0.546828,-0.023311,0.033657,-0.133089,-0.007768,-0.098884
1790937525.971109,1790937526.270328,1.655024,6.094669,0.900504,-0.495372,0.463212,-0.515484,0.523754,-85.405,-1.461,-87.740,0.546515,-0.029226,0.030177,-0.152263,-0.036532,-0.032830
1790937526.004450,1790937526.305946,1.673278,6.093778,0.901688,-0.496864,0.463645,-0.514351,0.523071,-85.622,-1.495,-87.652,0.549816,-0.027877,0.042796,-0.042538,-0.043990,-0.015788
1790937526.037790,1790937526.347735,1.691578,6.095292,0.903325,-0.497160,0.462911,-0.514538,0.523255,-85.577,-1.557,-87.596,0.554668,-0.014776,0.052145,0.090621,-0.030139,-0.039233
1790937526.071130,1790937526.391962,1.709902,6.093624,0.904324,-0.496875,0.461097,-0.515414,0.524264,-85.352,-1.646,-87.507,0.553557,0.008511,0.048871,0.158795,-0.098318,-0.045613
1790937526.104469,1790937526.428931,1.728532,6.094861,0.905951,-0.497156,0.457744,-0.515718,0.526632,-85.029,-1.757,-87.189,0.544169,0.041459,0.035695,0.174776,-0.273024,-0.026438
1790937526.137810,1790937526.462126,1.746609,6.096750,0.906857,-0.498845,0.453728,-0.513920,0.530254,-84.801,-1.808,-86.557,0.531485,0.059878,0.016190,0.057593,-0.355050,0.031085
1790937526.171150,1790937526.504760,1.764215,6.098926,0.907305,-0.501315,0.451647,-0.511305,0.532227,-84.868,-1.828,-86.032,0.527577,0.052843,0.010071,-0.116048,-0.138795,0.000191
1790937526.204490,1790937526.540455,1.780825,6.101517,0.907363,-0.503057,0.452856,-0.509633,0.531158,-85.196,-1.815,-85.962,0.526220,0.041963,0.020249,-0.221516,0.058288,0.001251
1790937526.237830,1790937526.577051,1.797446,6.101578,0.908243,-0.504260,0.455055,-0.509144,0.528601,-85.565,-1.857,-86.134,0.521901,0.041834,0.044585,-0.121376,0.112619,-0.044550
1790937526.271170,1790937526.613642,1.814208,6.103122,0.910118,-0.503466,0.455758,-0.510603,0.527344,-85.546,-1.917,-86.378,0.515798,0.043310,0.067878,0.158794,0.145643,-0.052006
1790937526.304511,1790937526.650572,1.831067,6.104916,0.912259,-0.500595,0.454914,-0.514154,0.527356,-85.126,-2.004,-86.708,0.515132,0.045530,0.057896,0.236560,0.187189,-0.050942
1790937526.337851,1790937526.689850,1.848113,6.106823,0.913599,-0.497589,0.454722,-0.517301,0.527288,-84.760,-2.021,-87.060,0.521012,0.052077,0.022093,0.100202,0.169080,0.009777
1790937526.371191,1790937526.727434,1.865413,6.108949,0.913707,-0.495881,0.456234,-0.518442,0.526470,-84.724,-1.936,-87.354,0.531185,0.063092,-0.012777,-0.065983,0.134991,0.038539
1790937526.404531,1790937526.768559,1.883015,6.111575,0.913012,-0.495743,0.457627,-0.518621,0.525212,-84.855,-1.920,-87.522,0.542555,0.083661,-0.023249,-0.047871,0.014613,-0.066924
1790937526.437871,1790937526.806863,1.901085,6.114877,0.912335,-0.496930,0.456231,-0.519425,0.524511,-84.843,-2.157,-87.471,0.558802,0.102452,-0.012649,0.071440,-0.077001,-0.161736
1790937526.471211,1790937526.844116,1.919668,6.118620,0.912106,-0.497991,0.453288,-0.520847,0.524645,-84.655,-2.472,-87.333,0.574765,0.108352,0.000524,0.111921,-0.087652,-0.148954
1790937526.504552,1790937526.878225,1.938292,6.124582,0.912171,-0.498625,0.451392,-0.521723,0.524808,-84.529,-2.665,-87.240,0.571381,0.106863,0.001381,-0.016980,0.008223,-0.000885
1790937526.537891,1790937526.916538,1.956681,6.127033,0.912192,-0.497988,0.454015,-0.521173,0.523696,-84.730,-2.496,-87.447,0.565320,0.090715,0.004502,-0.202339,0.228740,0.135474
1790937526.571231,1790937526.955549,1.974713,6.130573,0.912600,-0.496745,0.459308,-0.520497,0.520925,-85.146,-2.211,-87.922,0.563355,0.095949,0.024613,-0.203405,0.245784,0.082209
1790937526.604571,1790937526.998052,1.992649,6.136372,0.913841,-0.495585,0.462469,-0.521169,0.518557,-85.349,-2.117,-88.336,0.559871,0.104893,0.049827,0.014978,0.201042,-0.023262
1790937526.637911,1790937527.035036,2.009959,6.141490,0.914840,-0.493464,0.463087,-0.523744,0.517432,-85.173,-2.159,-88.711,0.552301,0.104226,0.053315,0.140680,0.197851,-0.029655
1790937526.671252,1790937527.069147,2.027283,6.145411,0.916214,-0.490303,0.463828,-0.526948,0.516520,-84.894,-2.153,-89.176,0.543795,0.095465,0.037922,0.107656,0.295859,-0.006220
1790937526.704592,1790937527.104009,2.044488,6.148932,0.917157,-0.486886,0.466015,-0.529995,0.514662,-84.744,-2.087,-89.778,0.540862,0.089867,0.025015,0.021367,0.307577,0.009755
1790937526.737932,1790937527.150598,2.061659,6.152332,0.917870,-0.484774,0.467979,-0.531960,0.512843,-84.719,-2.049,-90.228,0.535931,0.095273,0.023534,-0.002069,0.139261,0.017212
1790937526.771272,1790937527.192911,2.078602,6.155642,0.918091,-0.483679,0.468929,-0.532355,0.512600,-84.700,-1.962,-90.378,0.532955,0.092654,0.029677,0.034145,0.055109,0.038518
1790937526.804612,1790937527.225471,2.095528,6.158438,0.919050,-0.482380,0.469212,-0.533243,0.512641,-84.586,-1.913,-90.517,0.526754,0.080996,0.034334,0.088476,0.106243,-0.000895
1790937526.837952,1790937527.261053,2.112232,6.160992,0.920091,-0.480185,0.469573,-0.534927,0.512618,-84.382,-1.851,-90.762,0.515283,0.065354,0.029747,0.095932,0.138202,0.036388
1790937526.871292,1790937527.295048,2.128499,6.159475,0.920780,-0.478611,0.470353,-0.535687,0.512580,-84.293,-1.753,-90.939,0.502136,0.055767,0.016395,-0.028703,0.029542,0.047055
1790937526.904633,1790937527.329220,2.144376,6.161094,0.921142,-0.479336,0.470919,-0.534670,0.512445,-84.434,-1.715,-90.876,0.492582,0.053380,0.011535,-0.108601,-0.088704,0.005510
1790937526.937973,1790937527.358794,2.160281,6.162793,0.921747,-0.480864,0.471121,-0.533051,0.512516,-84.625,-1.704,-90.699,0.495828,0.041027,0.030322,-0.059597,-0.071659,0.025750
1790937526.971313,1790937527.392334,2.176471,6.164187,0.923103,-0.480999,0.470640,-0.532850,0.513039,-84.588,-1.701,-90.623,0.501240,0.030551,0.050817,0.119373,-0.037570,-0.044560
1790937527.004652,1790937527.421157,2.192906,6.165386,0.924734,-0.480921,0.468176,-0.533928,0.514244,-84.312,-1.836,-90.489,0.506537,0.027322,0.045654,0.138547,-0.125990,-0.076519
1790937527.037992,1790937527.451680,2.209700,6.166299,0.925911,-0.482141,0.465285,-0.533938,0.515713,-84.136,-2.003,-90.181,0.514472,0.023991,0.025728,0.047998,-0.213343,-0.057344
1790937527.071332,1790937527.479066,2.226775,6.166966,0.926433,-0.484347,0.462828,-0.532726,0.517109,-84.119,-2.142,-89.771,0.521949,0.015473,0.007631,-0.006330,-0.211212,-0.034972
1790937527.104673,1790937527.509195,2.244143,6.167066,0.926505,-0.486496,0.461030,-0.531309,0.518154,-84.167,-2.246,-89.408,0.529497,0.005389,-0.002904,-0.031897,-0.176058,-0.047757
1790937527.138013,1790937527.537784,2.261863,6.166918,0.926364,-0.488709,0.459418,-0.530248,0.518590,-84.244,-2.394,-89.109,0.539138,-0.002248,-0.005293,-0.027635,-0.149427,-0.046691
1790937527.171353,1790937527.566739,2.279916,6.166825,0.926247,-0.489841,0.458398,-0.529402,0.519289,-84.264,-2.439,-88.898,0.552525,-0.013956,0.001160,0.030954,-0.066334,0.034269
1790937527.204693,1790937527.594506,2.298365,6.166497,0.926413,-0.489201,0.457885,-0.529118,0.520632,-84.138,-2.345,-88.810,0.563743,-0.022085,0.009914,0.106590,-0.017331,0.058769
1790937527.238033,1790937527.638032,2.317196,6.165889,0.926780,-0.487822,0.457203,-0.529611,0.522023,-83.911,-2.256,-88.798,0.574429,-0.028799,0.013042,0.114048,0.014626,0.051312
1790937527.271373,1790937527.674047,2.334121,6.161565,0.926050,-0.486079,0.457428,-0.529947,0.523109,-83.740,-2.099,-88.863,0.581380,-0.042115,0.018327,0.063978,0.075358,0.123763
1790937527.304713,1790937527.703397,2.351995,6.160165,0.927131,-0.483754,0.458794,-0.529654,0.524363,-83.625,-1.793,-88.971,0.573002,-0.046693,0.029546,0.045869,0.035944,0.172767
1790937527.338053,1790937527.731607,2.370113,6.158790,0.928292,-0.482789,0.459413,-0.528215,0.526160,-83.584,-1.523,-88.862,0.565667,-0.040214,0.039893,-0.003133,-0.131306,0.104587
1790937527.371393,1790937527.767964,2.388451,6.157419,0.929767,-0.483932,0.458362,-0.526153,0.528088,-83.600,-1.440,-88.502,0.563370,-0.038787,0.046829,0.018171,-0.206943,0.023624
1790937527.404734,1790937527.800280,2.406893,6.158105,0.931275,-0.485013,0.456522,-0.524740,0.530093,-83.527,-1.433,-88.139,0.556677,-0.045816,0.043270,0.054392,-0.157940,0.049184
1790937527.438073,1790937527.834766,2.425242,6.156732,0.932479,-0.485558,0.455628,-0.523349,0.531735,-83.494,-1.357,-87.878,0.547353,-0.058655,0.028956,-0.037222,-0.104674,0.056641
1790937527.471413,1790937527.871264,2.443271,6.152482,0.933237,-0.486852,0.456181,-0.521183,0.532206,-83.698,-1.256,-87.676,0.538880,-0.069039,0.017728,-0.168252,-0.080173,0.058777
1790937527.504753,1790937527.907614,2.460888,6.149992,0.933835,-0.488558,0.457681,-0.518798,0.531684,-84.048,-1.160,-87.549,0.532255,-0.075758,0.021804,-0.176774,-0.032234,0.056647
1790937527.538093,1790937527.941409,2.478418,6.149736,0.934731,-0.489411,0.459451,-0.517336,0.530797,-84.331,-1.067,-87.562,0.527940,-0.083388,0.034541,-0.114988,0.054052,0.017224
1790937527.571433,1790937527.978147,2.495932,6.145049,0.936046,-0.489542,0.460618,-0.517361,0.529639,-84.469,-1.067,-87.688,0.523195,-0.084606,0.043584,-0.025502,0.059380,-0.012597
1790937527.604774,1790937528.015722,2.513042,6.142051,0.937468,-0.489012,0.460889,-0.517824,0.529441,-84.438,-1.055,-87.771,0.513456,-0.080436,0.043437,0.055459,0.024225,0.021490
1790937527.638113,1790937528.052662,2.529854,6.139385,0.938767,-0.488125,0.460434,-0.518054,0.530429,-84.291,-0.991,-87.751,0.505956,-0.070532,0.037032,0.100202,-0.037561,0.048123
1790937527.671454,1790937528.087114,2.546396,6.137093,0.939814,-0.487060,0.459497,-0.517911,0.532357,-84.072,-0.875,-87.635,0.498878,-0.059127,0.026721,0.108725,-0.066324,0.079016
1790937527.704794,1790937528.123349,2.562594,6.135184,0.940426,-0.486592,0.458768,-0.517070,0.534227,-83.942,-0.747,-87.458,0.490871,-0.045113,0.012504,0.003262,-0.119588,0.058775
1790937527.738134,1790937528.162157,2.578631,6.136523,0.940677,-0.488235,0.458188,-0.515096,0.535132,-84.066,-0.722,-87.164,0.482794,-0.028454,0.003374,-0.137357,-0.178181,0.004439
1790937527.771474,1790937528.201677,2.574012,6.124334,0.938557,-0.491313,0.458104,-0.512358,0.535014,-84.404,-0.760,-86.832,0.467997,-0.030737,0.006735,-0.192745,-0.150472,-0.015770
1790937527.804814,1790937528.237032,2.585374,6.122490,0.939012,-0.493982,0.458174,-0.510235,0.534527,-84.714,-0.818,-86.590,0.461164,-0.026467,0.021681,-0.105388,-0.114251,-0.014702
1790937527.838154,1790937528.273783,2.599022,6.121612,0.939792,-0.495450,0.457384,-0.509262,0.534772,-84.798,-0.884,-86.393,0.456761,-0.022912,0.030499,0.014988,-0.084423,-0.040269
1790937527.871493,1790937528.312795,2.616507,6.122179,0.941026,-0.495935,0.456472,-0.509389,0.534981,-84.757,-0.965,-86.312,0.461972,-0.023180,0.024308,0.008596,0.005057,-0.043470
1790937527.904834,1790937528.352376,2.785721,6.148009,0.950668,-0.496793,0.456802,-0.509973,0.533345,-84.890,-1.114,-86.415,0.556359,-0.000591,0.017470,-0.030911,0.061585,-0.058446
1790937527.938174,1790937528.389488,2.691901,6.126984,0.942775,-0.496286,0.457094,-0.510782,0.532792,-84.862,-1.141,-86.540,0.503574,-0.013813,0.006814,-0.008468,0.091360,-0.028562
1790937527.971514,1790937528.421694,2.689885,6.126897,0.942096,-0.495651,0.457453,-0.511823,0.532075,-84.828,-1.179,-86.700,0.498497,-0.004090,-0.001090,0.025626,0.059398,-0.039220
1790937528.004854,1790937528.453696,2.688420,6.123534,0.941296,-0.495543,0.457204,-0.512707,0.531538,-84.789,-1.266,-86.778,0.493494,0.003526,-0.012860,-0.009519,0.015722,-0.061581
1790937528.038195,1790937528.487491,2.695024,6.121965,0.940331,-0.496322,0.456961,-0.513116,0.530625,-84.852,-1.398,-86.800,0.496673,0.010105,-0.020808,-0.053193,0.006133,-0.066904
1790937528.071535,1790937528.522054,2.708830,6.122206,0.939485,-0.496774,0.457190,-0.513619,0.529518,-84.927,-1.497,-86.884,0.504666,0.011701,-0.019578,-0.022299,0.080704,-0.044533
1790937528.104876,1790937528.553371,2.724891,6.122733,0.938879,-0.496198,0.457781,-0.515042,0.528162,-84.924,-1.579,-87.114,0.516068,0.011789,-0.010943,0.014985,0.158470,-0.070099
1790937528.138216,1790937528.584350,2.741765,6.123302,0.938607,-0.494755,0.459072,-0.517256,0.526229,-84.895,-1.643,-87.512,0.521751,0.011164,-0.001677,-0.007384,0.246890,-0.023227
1790937528.171556,1790937528.617031,2.758752,6.123669,0.938677,-0.492549,0.461933,-0.519062,0.524012,-84.948,-1.559,-88.029,0.518796,0.011114,0.007931,-0.062780,0.294829,0.064125
1790937528.204896,1790937528.655541,2.776129,6.125350,0.939110,-0.490064,0.465712,-0.520359,0.521706,-85.071,-1.380,-88.585,0.510749,0.017190,0.019216,-0.073432,0.294828,0.051339
1790937528.238237,1790937528.695355,2.783859,6.124344,0.938524,-0.487875,0.468911,-0.521838,0.519409,-85.169,-1.265,-89.105,0.496189,0.026316,0.030117,-0.026563,0.242632,0.025777
1790937528.271577,1790937528.731824,2.799522,6.125218,0.939828,-0.486097,0.470898,-0.523265,0.517840,-85.185,-1.204,-89.490,0.489978,0.036680,0.037541,-0.009518,0.162735,0.015123
1790937528.304918,1790937528.768788,2.815917,6.127873,0.941059,-0.484578,0.472508,-0.524309,0.516740,-85.190,-1.135,-89.790,0.488578,0.043264,0.037788,0.000069,0.166995,0.035360
1790937528.338257,1790937528.807208,2.849663,6.132810,0.943579,-0.482661,0.474370,-0.525595,0.515521,-85.179,-1.047,-90.146,0.495524,0.049300,0.030704,0.024553,0.198964,0.032153
1790937528.371597,1790937528.839153,2.847902,6.130484,0.942025,-0.480563,0.475896,-0.527256,0.514377,-85.114,-0.984,-90.513,0.478669,0.049592,0.017408,0.012846,0.182980,-0.008312
1790937528.404938,1790937528.871609,2.854983,6.131506,0.942060,-0.479220,0.477395,-0.528422,0.513042,-85.130,-0.952,-90.818,0.467318,0.052577,0.006709,-0.044675,0.123322,0.018320
1790937528.438278,1790937528.910399,2.866642,6.133114,0.942014,-0.478750,0.478888,-0.528577,0.511929,-85.242,-0.905,-91.000,0.460357,0.049179,0.000763,-0.088352,0.088167,-0.002984
1790937528.471618,1790937528.950984,2.867165,6.133574,0.940378,-0.479006,0.480490,-0.528429,0.510339,-85.447,-0.906,-91.159,0.451504,0.045622,-0.001285,-0.101137,0.065798,0.010870
1790937528.504958,1790937528.985539,2.883179,6.134931,0.940556,-0.479103,0.481686,-0.528033,0.509529,-85.590,-0.865,-91.243,0.442078,0.044512,0.006899,-0.035088,0.028512,0.000218
1790937528.538299,1790937529.022070,2.897927,6.136361,0.940918,-0.479314,0.481456,-0.528737,0.508817,-85.588,-0.969,-91.302,0.434940,0.039564,0.015409,0.052264,0.028512,-0.104181
1790937528.571639,1790937529.058451,2.911955,6.137598,0.941340,-0.478780,0.480068,-0.530904,0.508375,-85.376,-1.161,-91.413,0.427491,0.032534,0.009438,0.139619,0.095625,-0.091398
1790937528.604980,1790937529.092216,2.925520,6.138609,0.941216,-0.477332,0.480046,-0.533369,0.507176,-85.214,-1.275,-91.711,0.413644,0.014357,-0.014931,-0.020174,0.211743,-0.036003
1790937528.638320,1790937529.127601,2.938453,6.138973,0.940443,-0.475896,0.483164,-0.534352,0.504523,-85.402,-1.207,-92.176,0.396241,-0.001744,-0.024833,-0.178903,0.258615,0.052415
1790937528.671660,1790937529.166844,2.950848,6.139609,0.939724,-0.475461,0.487123,-0.534039,0.501448,-85.796,-1.106,-92.578,0.380206,-0.004593,-0.010584,-0.209796,0.135040,0.020454
1790937528.705000,1790937529.204683,2.966875,6.137998,0.939648,0.476405,-0.489182,0.532955,-0.499698,-86.130,-1.084,-92.676,0.378694,-0.002930,0.020735,-0.096889,-0.022618,-0.020023
1790937528.738341,1790937529.237801,2.962102,6.136453,0.939792,0.477076,-0.488708,0.532881,-0.499601,-86.150,-1.154,-92.614,0.365958,-0.010550,0.043354,0.072503,-0.031142,-0.027477
1790937528.771680,1790937529.272835,2.970317,6.135708,0.941118,-0.476326,0.487140,-0.533977,0.500676,-85.892,-1.197,-92.573,0.360517,-0.017420,0.043749,0.177970,-0.015162,-0.013627
1790937528.805020,1790937529.306456,2.982571,6.135265,0.942363,-0.475222,0.485345,-0.535319,0.502033,-85.571,-1.230,-92.537,0.363914,-0.020245,0.027320,0.133227,-0.030075,-0.015759
1790937528.838360,1790937529.340020,2.994366,6.134427,0.942901,-0.474900,0.484338,-0.535742,0.502860,-85.423,-1.246,-92.477,0.371054,-0.026448,0.006569,0.010719,-0.014097,-0.005105
1790937528.871701,1790937529.374586,3.006108,6.133365,0.942876,-0.475224,0.484849,-0.535585,0.502227,-85.516,-1.263,-92.514,0.381219,-0.035879,-0.003368,-0.089417,0.048754,-0.002974
1790937528.905041,1790937529.408924,3.018165,6.132109,0.942744,-0.475308,0.486025,-0.535358,0.501252,-85.656,-1.242,-92.617,0.388951,-0.037420,0.000461,-0.044674,0.044494,0.002353
1790937528.938382,1790937529.440442,3.030400,6.130881,0.942867,-0.475210,0.486287,-0.535474,0.500967,-85.675,-1.243,-92.661,0.391482,-0.035348,0.012642,0.029896,0.008273,0.022592
1790937528.971722,1790937529.472116,3.042721,6.129732,0.943464,-0.473946,0.486527,-0.535326,0.502088,-85.564,-1.081,-92.669,0.388768,-0.034250,0.027853,0.079965,-0.003443,0.118468
1790937529.005063,1790937529.503025,3.055697,6.128771,0.944599,-0.472381,0.486643,-0.534593,0.504227,-85.407,-0.820,-92.592,0.379089,-0.031580,0.040108,0.072507,-0.060969,0.154689
1790937529.038403,1790937529.536386,3.068335,6.127809,0.946048,-0.471662,0.486799,-0.532970,0.506463,-85.347,-0.554,-92.411,0.368661,-0.031522,0.047108,-0.014846,-0.120626,0.114207
1790937529.071743,1790937529.572109,3.080000,6.126957,0.947776,-0.472866,0.486168,-0.530469,0.508568,-85.407,-0.412,-92.035,0.368964,-0.018797,0.057738,-0.019105,-0.256983,0.057746
1790937529.105084,1790937529.605384,3.091567,6.126260,0.949764,-0.474685,0.484421,-0.528106,0.510993,-85.410,-0.361,-91.554,0.371359,-0.022096,0.061918,0.017112,-0.189870,0.041766
1790937529.138424,1790937529.637809,3.103160,6.125383,0.951727,-0.475415,0.483407,-0.527109,0.512303,-85.377,-0.337,-91.321,0.367436,-0.035339,0.056893,0.017113,-0.066295,-0.020019
1790937529.171765,1790937529.670153,3.114987,6.124399,0.953417,-0.475991,0.482388,-0.527019,0.512821,-85.327,-0.399,-91.197,0.362969,-0.039361,0.048974,0.034158,-0.088667,-0.014693
1790937529.205104,1790937529.700782,3.127417,6.123390,0.954963,-0.476498,0.481289,-0.526424,0.513993,-85.261,-0.397,-91.004,0.361440,-0.045990,0.040405,0.036289,-0.085469,0.053485
1790937529.238445,1790937529.731895,3.138900,6.121675,0.956125,-0.476109,0.481356,-0.525560,0.515173,-85.226,-0.257,-90.907,0.356485,-0.062539,0.032550,-0.007386,0.005078,0.082247
1790937529.271785,1790937529.764655,3.149879,6.119660,0.957122,-0.475321,0.482180,-0.525055,0.515645,-85.231,-0.107,-90.937,0.352313,-0.067776,0.033754,0.014983,0.007210,0.093965
1790937529.305125,1790937529.795182,3.160526,6.117424,0.958207,-0.474650,0.482263,-0.524312,0.516939,-85.167,0.050,-90.857,0.343939,-0.060776,0.034720,0.038420,-0.093991,0.056680
1790937529.338466,1790937529.825575,3.170546,6.115408,0.959156,-0.475598,0.480964,-0.523076,0.518528,-85.126,0.071,-90.565,0.331704,-0.052397,0.026361,-0.008450,-0.204783,-0.006171
1790937529.371806,1790937529.861084,3.181061,6.115738,0.959892,-0.477992,0.479252,-0.521355,0.519645,-85.200,-0.019,-90.171,0.319986,-0.055790,0.023033,-0.045735,-0.176019,-0.043460
1790937529.405147,1790937529.896732,3.167533,6.109640,0.958365,-0.479548,0.478005,-0.520451,0.520266,-85.234,-0.102,-89.926,0.305942,-0.061489,0.028504,0.027772,-0.096118,-0.017885
1790937529.438487,1790937529.932340,3.172336,6.106813,0.959415,-0.479956,0.476414,-0.520373,0.521424,-85.104,-0.154,-89.743,0.297298,-0.057325,0.030621,0.098083,-0.101445,-0.028539
1790937529.471828,1790937529.966689,3.179375,6.104831,0.960185,-0.480357,0.474316,-0.520740,0.522600,-84.919,-0.259,-89.558,0.284576,-0.053511,0.023289,0.079975,-0.092922,-0.053039
1790937529.505168,1790937530.000380,3.186511,6.102874,0.960717,-0.480862,0.472805,-0.520707,0.523537,-84.810,-0.327,-89.390,0.270370,-0.050066,0.014082,0.022450,-0.085464,0.006615
1790937529.538509,1790937530.033568,3.193185,6.101241,0.961043,-0.481719,0.472379,-0.519513,0.524320,-84.859,-0.296,-89.202,0.259186,-0.043304,0.011604,-0.071294,-0.106771,0.028986
1790937529.571849,1790937530.071073,3.200709,6.101294,0.961459,-0.483322,0.472405,-0.517860,0.524456,-85.040,-0.291,-89.008,0.251447,-0.034352,0.016684,-0.111775,-0.097184,-0.001908
1790937529.605189,1790937530.102787,3.182256,6.097508,0.959574,-0.485068,0.472438,-0.516578,0.524079,-85.238,-0.342,-88.860,0.232247,-0.029468,0.022878,-0.088335,-0.057764,-0.038122
1790937529.638530,1790937530.131428,3.181943,6.095359,0.960049,-0.486370,0.472306,-0.516387,0.523178,-85.369,-0.465,-88.823,0.222000,-0.029177,0.024977,-0.045720,0.021066,-0.069015
1790937529.671869,1790937530.170871,3.186038,6.094649,0.960650,-0.486450,0.472603,-0.517251,0.521980,-85.410,-0.565,-88.957,0.218494,-0.031407,0.020734,0.003285,0.122269,-0.063689
1790937529.705209,1790937530.203044,3.192093,6.094767,0.961128,-0.485553,0.473407,-0.519200,0.520149,-85.397,-0.671,-89.276,0.220224,-0.032176,0.012569,-0.006302,0.198970,-0.072213
1790937529.738550,1790937530.238821,3.198888,6.093941,0.961326,-0.484371,0.475179,-0.521503,0.517324,-85.458,-0.777,-89.743,0.220660,-0.036470,0.001758,-0.079808,0.294848,-0.063691
1790937529.771890,1790937530.271572,3.205462,6.092823,0.961348,-0.482614,0.478483,-0.523767,0.513620,-85.625,-0.804,-90.376,0.222359,-0.039653,0.000200,-0.102178,0.349178,-0.025342
1790937529.805231,1790937530.312805,3.211866,6.091729,0.961352,-0.480501,0.481869,-0.525988,0.510155,-85.765,-0.792,-91.016,0.227054,-0.034146,0.005922,-0.037195,0.317217,-0.011493
1790937529.838571,1790937530.351470,3.205021,6.091760,0.959697,-0.478177,0.484365,-0.528394,0.507481,-85.786,-0.786,-91.583,0.220284,-0.027793,0.006662,-0.002043,0.290589,-0.010428
1790937529.871911,1790937530.388713,3.209817,6.090261,0.959968,-0.475374,0.487272,-0.530657,0.504965,-85.803,-0.711,-92.181,0.221940,-0.031119,0.007735,-0.037196,0.355572,0.028987
1790937529.905252,1790937530.425732,3.216997,6.092237,0.960283,-0.472086,0.491102,-0.533210,0.501638,-85.876,-0.615,-92.923,0.229528,-0.030780,0.013029,-0.042524,0.422688,0.004481
1790937529.938592,1790937530.467939,3.209308,6.089625,0.958971,0.468677,-0.494955,0.536638,-0.497374,-85.944,-0.611,-93.780,0.222243,-0.033133,0.016232,-0.030807,0.479149,-0.069018
1790937529.971932,1790937530.510764,3.214496,6.089814,0.959598,0.465275,-0.498614,0.540771,-0.492412,-85.997,-0.697,-94.710,0.217282,-0.033979,0.022423,-0.038262,0.478084,-0.078608
1790937530.005272,1790937530.548834,3.211847,6.088599,0.959243,0.461728,-0.502371,0.544408,-0.487904,-86.051,-0.717,-95.596,0.207187,-0.034465,0.031167,-0.021218,0.439739,0.000225
1790937530.038613,1790937530.593847,3.215309,6.086836,0.960338,0.457469,-0.506102,0.547533,-0.484551,-86.034,-0.601,-96.423,0.201659,-0.037188,0.039358,0.035241,0.441868,0.042837
1790937530.071953,1790937530.637666,3.202877,6.083146,0.960044,0.452867,-0.509379,0.551008,-0.481491,-85.935,-0.489,-97.248,0.188655,-0.036281,0.040793,0.051225,0.423755,0.014080
1790937530.105292,1790937530.680168,3.207138,6.082019,0.961375,0.448769,-0.512119,0.554603,-0.478285,-85.832,-0.453,-98.031,0.188189,-0.032955,0.040757,0.043768,0.398190,-0.022140
1790937530.138633,1790937530.722615,3.192089,6.080489,0.960951,0.444839,-0.514842,0.558207,-0.474828,-85.750,-0.441,-98.819,0.171214,-0.034991,0.038469,0.032055,0.431215,-0.026398
1790937530.171973,1790937530.765140,3.201247,6.078771,0.962464,0.440931,-0.517779,0.561850,-0.470966,-85.700,-0.445,-99.645,0.166297,-0.036565,0.036652,0.010749,0.425888,-0.049834
1790937530.205313,1790937530.797582,3.184705,6.077447,0.962011,0.437538,-0.520504,0.565506,-0.466733,-85.683,-0.515,-100.454,0.143061,-0.036688,0.032220,-0.007352,0.413109,-0.073270
1790937530.238653,1790937530.832705,3.194979,6.075139,0.963343,0.434342,-0.523360,0.569198,-0.462013,-85.705,-0.622,-101.291,0.139090,-0.045106,0.027401,-0.025465,0.466370,-0.108423
1790937530.271993,1790937530.866895,3.193603,6.073793,0.963630,0.430779,-0.526694,0.573233,-0.456539,-85.753,-0.743,-102.241,0.122132,-0.052481,0.019312,-0.036115,0.518572,-0.073268
1790937530.305334,1790937530.906164,3.197855,6.071658,0.964280,0.426284,-0.530680,0.577101,-0.451237,-85.795,-0.750,-103.259,0.112911,-0.058515,0.016198,-0.015875,0.539877,-0.027459
1790937530.338674,1790937530.940007,3.196026,6.070119,0.964232,0.421202,-0.534663,0.581105,-0.446140,-85.788,-0.714,-104.307,0.099442,-0.060178,0.014405,0.008627,0.551595,-0.017870
1790937530.372014,1790937530.979538,3.199068,6.067882,0.964720,0.415978,-0.538543,0.585157,-0.441049,-85.764,-0.675,-105.361,0.094696,-0.060209,0.011637,-0.005222,0.548399,-0.014674
1790937530.405354,1790937531.011712,3.198708,6.066065,0.964643,0.410763,-0.542573,0.588960,-0.435907,-85.769,-0.620,-106.411,0.085994,-0.058820,0.009109,-0.003091,0.555855,-0.010412
1790937530.438694,1790937531.048015,3.202292,6.063968,0.964913,0.405581,-0.546412,0.592843,-0.430669,-85.763,-0.587,-107.462,0.082296,-0.055104,0.002901,-0.010549,0.535613,-0.045566
1790937530.472035,1790937531.079856,3.202173,6.062186,0.964500,0.401053,-0.550135,0.596538,-0.425029,-85.813,-0.621,-108.483,0.073099,-0.052405,-0.005767,-0.054225,0.535611,-0.072195
1790937530.505375,1790937531.119010,3.204645,6.060496,0.964232,0.396916,-0.554061,0.600093,-0.418763,-85.931,-0.707,-109.525,0.068751,-0.054336,-0.012219,-0.078726,0.556918,-0.094568
1790937530.538714,1790937531.152000,3.202744,6.058901,0.963299,0.392496,-0.558188,0.603854,-0.411988,-86.058,-0.807,-110.638,0.058001,-0.061235,-0.013666,-0.064875,0.594204,-0.078586
1790937530.572054,1790937531.192574,3.204787,6.056603,0.963006,0.387277,-0.562348,0.607724,-0.405528,-86.126,-0.838,-111.788,0.055259,-0.071564,-0.007325,-0.010546,0.612313,-0.028518
1790937530.605395,1790937531.227895,3.202269,6.054292,0.962394,0.380954,-0.566206,0.612029,-0.399632,-86.068,-0.789,-112.978,0.042714,-0.080646,-0.002744,0.053374,0.632552,-0.019993
1790937530.638735,1790937531.264167,3.205085,6.051377,0.962478,0.374232,-0.569477,0.616873,-0.393845,-85.911,-0.753,-114.186,0.043597,-0.085410,-0.001142,0.086396,0.625095,-0.041299
1790937530.672075,1790937531.300268,3.202454,6.048867,0.961968,0.367773,-0.572395,0.621732,-0.388014,-85.744,-0.752,-115.367,0.034747,-0.086309,-0.005669,0.069353,0.608051,-0.046624
1790937530.705415,1790937531.338068,3.204252,6.045887,0.961721,0.361678,-0.575441,0.626002,-0.382333,-85.634,-0.734,-116.491,0.031586,-0.085871,-0.011959,0.024611,0.560112,-0.024252
1790937530.738755,1790937531.369837,3.201472,6.043497,0.960863,0.356266,-0.578762,0.629257,-0.377022,-85.628,-0.685,-117.509,0.023082,-0.083505,-0.013979,-0.031847,0.497259,-0.009337
1790937530.772095,1790937531.407943,3.202442,6.040695,0.960548,0.351672,-0.582172,0.631573,-0.372180,-85.710,-0.623,-118.401,0.022922,-0.081273,-0.006380,-0.056348,0.428014,-0.010404
1790937530.805436,1790937531.439897,3.198836,6.038539,0.960055,0.348251,-0.584847,0.633542,-0.367832,-85.793,-0.631,-119.135,0.016552,-0.077347,0.005650,-0.032910,0.336399,-0.041295
1790937530.838776,1790937531.476030,3.200015,6.035871,0.960503,0.345430,-0.586793,0.635254,-0.364423,-85.830,-0.641,-119.721,0.020372,-0.078044,0.017550,-0.015865,0.276742,-0.009336
1790937530.872116,1790937531.513400,3.197027,6.033672,0.960766,0.342771,-0.588536,0.636760,-0.361482,-85.856,-0.632,-120.246,0.015645,-0.081079,0.025393,-0.017996,0.282069,-0.027447
1790937530.905456,1790937531.541457,3.197773,6.030815,0.961789,0.340116,-0.590268,0.638432,-0.358203,-85.882,-0.654,-120.801,0.017812,-0.084794,0.034290,-0.007342,0.300180,-0.032772
1790937530.938795,1790937531.577689,3.198260,6.027908,0.963086,0.337034,-0.591841,0.640458,-0.354888,-85.856,-0.667,-121.397,0.016803,-0.088871,0.044354,0.037398,0.316159,-0.016793
1790937530.972134,1790937531.610064,3.195207,6.025188,0.964201,0.333172,-0.593058,0.642801,-0.352257,-85.724,-0.602,-121.995,0.010174,-0.090868,0.051073,0.095989,0.302311,0.040733
1790937531.005473,1790937531.645560,3.195929,6.022122,0.965989,0.329091,-0.593885,0.645029,-0.350626,-85.526,-0.463,-122.516,0.013511,-0.088332,0.049614,0.098120,0.245851,0.059909
1790937531.038812,1790937531.678746,3.193375,6.019433,0.967043,0.325643,-0.594755,0.646587,-0.349497,-85.386,-0.308,-122.931,0.012254,-0.086397,0.039979,0.037398,0.201109,0.069497
1790937531.072151,1790937531.705865,3.194002,6.016460,0.968302,0.322827,-0.596101,0.647300,-0.348494,-85.360,-0.141,-123.276,0.016414,-0.086117,0.034246,-0.013735,0.167019,0.068433
1790937531.105490,1790937531.745556,3.194317,6.013635,0.969411,0.320917,-0.597420,0.647546,-0.347542,-85.400,-0.021,-123.535,0.018912,-0.083024,0.034872,-0.023322,0.104167,0.039670
1790937531.138830,1790937531.777643,3.191792,6.010935,0.970096,0.319834,-0.598393,0.647452,-0.347042,-85.454,0.068,-123.679,0.015130,-0.082841,0.034505,-0.023323,0.058361,0.037541
1790937531.172169,1790937531.806019,3.192483,6.008086,0.971316,0.319001,-0.599018,0.647425,-0.346780,-85.479,0.137,-123.777,0.016160,-0.087513,0.036516,0.008637,0.065818,0.026887
1790937531.205508,1790937531.833969,3.192793,6.004981,0.972560,0.317535,-0.599430,0.647930,-0.346472,-85.428,0.223,-123.936,0.013479,-0.096790,0.039788,0.046985,0.114822,0.054586
1790937531.238847,1790937531.865530,3.193550,6.001431,0.973858,0.314865,-0.599940,0.649003,-0.346016,-85.304,0.371,-124.214,0.011009,-0.106018,0.037814,0.089597,0.187262,0.050324
1790937531.272186,1790937531.892703,3.193705,5.997815,0.974971,0.311810,-0.600277,0.650690,-0.345029,-85.130,0.484,-124.575,0.006650,-0.106968,0.030319,0.081074,0.196851,0.058847
1790937531.305525,1790937531.931374,3.193761,5.994192,0.975831,0.308710,-0.601233,0.651773,-0.344107,-85.041,0.651,-124.933,0.000698,-0.106970,0.023042,0.002244,0.189394,0.070565
1790937531.338865,1790937531.962702,3.190888,5.990708,0.975938,0.306408,-0.602937,0.651866,-0.343003,-85.114,0.810,-125.239,-0.004524,-0.101484,0.023709,-0.061675,0.123351,0.062045
1790937531.372204,1790937531.991467,3.189480,5.987108,0.976864,0.305667,-0.604189,0.651436,-0.342279,-85.236,0.880,-125.373,-0.000816,-0.091773,0.029116,-0.059544,0.012558,-0.024240
1790937531.405543,1790937532.018944,3.189248,5.984106,0.977766,0.307053,-0.604283,0.651093,-0.341522,-85.347,0.740,-125.325,0.000199,-0.082423,0.024479,-0.068066,-0.068404,-0.103073
1790937531.438881,1790937532.046612,3.188891,5.981322,0.978336,0.309440,-0.604590,0.650220,-0.340488,-85.559,0.533,-125.216,-0.006483,-0.082190,0.011764,-0.173529,-0.028987,-0.096682
1790937531.472220,1790937532.074215,3.188448,5.978371,0.978646,0.310995,-0.606229,0.649078,-0.338329,-85.898,0.372,-125.285,-0.010911,-0.091530,0.009703,-0.153289,0.087128,-0.086028
1790937531.505559,1790937532.103055,3.188133,5.975259,0.978988,0.311003,-0.607696,0.649010,-0.335809,-86.103,0.255,-125.523,-0.013571,-0.093378,0.010699,-0.054217,0.151047,-0.043416
1790937531.538898,1790937532.141951,3.187758,5.972032,0.979333,0.309283,-0.608822,0.649990,-0.333457,-86.138,0.227,-125.895,-0.016473,-0.097342,0.011518,0.022483,0.238401,-0.017848
1790937531.572237,1790937532.176063,3.182107,5.968041,0.978905,0.306145,-0.609813,0.651781,-0.331036,-86.054,0.267,-126.398,-0.021185,-0.098247,0.009866,0.068289,0.281015,-0.011454
1790937531.605577,1790937532.209712,3.182229,5.964945,0.979282,0.303163,-0.610288,0.654099,-0.328323,-85.912,0.238,-126.913,-0.015046,-0.090093,0.004799,0.083203,0.242665,-0.046609
1790937531.638915,1790937532.248856,3.182710,5.961680,0.979320,0.300558,-0.610653,0.656003,-0.326233,-85.783,0.235,-127.335,-0.009449,-0.083497,-0.003737,0.042721,0.194726,-0.002932
1790937531.672254,1790937532.285362,3.178382,5.958683,0.978240,0.298982,-0.611252,0.657057,-0.324433,-85.758,0.213,-127.641,-0.004980,-0.076511,-0.009770,-0.009478,0.106311,-0.064717
1790937531.705594,1790937532.312752,3.177222,5.956073,0.977932,0.299388,-0.611235,0.657702,-0.322778,-85.784,0.044,-127.760,0.003631,-0.065920,-0.014308,-0.013738,0.015759,-0.097741
1790937531.738933,1790937532.340385,3.177205,5.953912,0.977345,0.299959,-0.611314,0.657768,-0.321965,-85.834,-0.055,-127.787,0.004212,-0.059880,-0.019547,-0.045697,0.017888,-0.011451
1790937531.772271,1790937532.368356,3.177242,5.951929,0.976663,0.299569,-0.612403,0.657173,-0.321472,-85.961,0.000,-127.867,0.002633,-0.057313,-0.018623,-0.079787,0.085003,0.064182
1790937531.805611,1790937532.396505,3.177305,5.950032,0.976119,0.298071,-0.614305,0.656628,-0.320348,-86.126,0.123,-128.102,0.005833,-0.056990,-0.013146,-0.091505,0.175552,0.007723
1790937531.838950,1790937532.436224,3.177709,5.948052,0.975771,0.296849,-0.616113,0.657056,-0.317116,-86.298,0.038,-128.509,0.013952,-0.056530,-0.006604,-0.081917,0.240536,-0.116916
1790937531.872288,1790937532.471057,3.173149,5.944786,0.974483,0.295321,-0.617711,0.658504,-0.312397,-86.420,-0.172,-129.079,0.010636,-0.064008,-0.009029,-0.042505,0.371568,-0.126500
1790937531.905627,1790937532.499904,3.173787,5.942815,0.974158,0.291357,-0.619981,0.661005,-0.306278,-86.476,-0.310,-129.987,0.007328,-0.076402,-0.016945,-0.028655,0.572909,-0.078561
1790937531.938967,1790937532.538299,3.174095,5.940230,0.973479,0.285047,-0.623265,0.664342,-0.298226,-86.527,-0.400,-131.272,0.006828,-0.087160,-0.022150,-0.028656,0.766793,-0.098802
1790937531.972308,1790937532.579821,3.170799,5.937015,0.971696,0.276617,-0.627322,0.668269,-0.288733,-86.566,-0.427,-132.863,0.003504,-0.094658,-0.024069,-0.010550,0.903152,0.006662
1790937532.005648,1790937532.620970,3.167863,5.932681,0.970340,0.265232,-0.631818,0.672595,-0.279419,-86.507,-0.212,-134.681,0.001701,-0.103063,-0.011722,0.088518,1.017137,0.081236
1790937532.038989,1790937532.663505,3.166124,5.929491,0.969579,0.252929,-0.634964,0.678245,-0.269871,-86.233,-0.022,-136.585,0.006445,-0.089409,0.000039,0.182260,0.922324,-0.008246
1790937532.072329,1790937532.704436,3.165380,5.927088,0.969174,0.242341,-0.636912,0.683647,-0.261230,-85.915,0.081,-138.250,0.010841,-0.082735,0.001156,0.118339,0.856275,-0.000787
1790937532.105670,1790937532.746650,3.165327,5.924540,0.968881,0.231954,-0.640059,0.687877,-0.251688,-85.811,0.176,-139.970,0.010067,-0.089175,-0.003255,-0.000976,0.953215,-0.035943
1790937532.139010,1790937532.784347,3.165360,5.921642,0.968551,0.221661,-0.644166,0.691456,-0.240426,-85.881,0.184,-141.825,0.010606,-0.086319,-0.006589,-0.049983,0.974519,-0.083879
1790937532.172351,1790937532.820054,3.165466,5.918879,0.968252,0.211388,-0.648284,0.694837,-0.228572,-85.981,0.149,-143.721,0.004419,-0.080657,-0.004419,-0.036137,1.000085,-0.091336
1790937532.205691,1790937532.857220,3.165419,5.916213,0.968076,0.200859,-0.651837,0.698386,-0.216846,-86.013,0.123,-145.616,-0.001770,-0.070113,-0.003069,0.007537,0.977710,-0.062572
1790937532.239032,1790937532.897954,3.165080,5.913940,0.967891,0.189794,-0.655154,0.701812,-0.205453,-86.015,0.161,-147.516,-0.010412,-0.064280,-0.004690,-0.011642,1.014996,-0.038069
1790937532.272372,1790937532.940049,3.164553,5.911704,0.967741,0.178491,-0.658427,0.705059,-0.193669,-86.030,0.191,-149.460,-0.013029,-0.057154,-0.000016,0.028834,0.991559,-0.072158
1790937532.305712,1790937532.986018,3.163939,5.909716,0.967786,0.167926,-0.660482,0.708723,-0.182416,-85.921,0.168,-151.289,-0.013862,-0.047716,0.005233,0.094880,0.930837,-0.080679
1790937532.339052,1790937533.030076,3.163161,5.907531,0.967915,0.157037,-0.662018,0.712536,-0.171360,-85.748,0.177,-153.120,-0.023605,-0.048890,0.005402,0.095943,0.990491,-0.040196
1790937532.372392,1790937533.070247,3.161919,5.905934,0.967985,0.145054,-0.663611,0.716133,-0.160417,-85.575,0.295,-155.021,-0.030791,-0.041136,0.000600,0.093810,0.986231,0.021589
1790937532.405733,1790937533.110286,3.160665,5.904439,0.967856,0.132478,-0.665484,0.719050,-0.150159,-85.460,0.535,-156.903,-0.038868,-0.033162,-0.005182,0.036282,1.009667,0.057810
1790937532.439073,1790937533.154613,3.159100,5.903094,0.967654,0.119363,-0.667903,0.721317,-0.139140,-85.450,0.783,-158.887,-0.043624,-0.028188,-0.002870,0.023494,1.070387,0.031179
1790937532.472414,1790937533.201930,3.157691,5.901870,0.967596,0.106212,-0.669747,0.723780,-0.127672,-85.393,0.989,-160.905,-0.038284,-0.017318,0.003552,0.083149,1.028839,0.002420
1790937532.505754,1790937533.240906,3.156396,5.901545,0.967785,0.094032,-0.670453,0.726624,-0.116914,-85.221,1.153,-162.779,-0.030790,-0.006840,0.010306,0.137476,0.936158,0.023723
1790937532.539094,1790937533.278154,3.155323,5.901254,0.968117,0.082710,-0.670477,0.729437,-0.107430,-84.994,1.341,-164.472,-0.024216,-0.000301,0.011955,0.141734,0.838149,0.010941
1790937532.572435,1790937533.316229,3.154717,5.901083,0.968372,0.072921,-0.670275,0.731900,-0.098671,-84.787,1.463,-165.980,-0.014919,0.006578,0.005274,0.115099,0.738012,-0.026341
1790937532.605775,1790937533.355183,3.153917,5.901243,0.968330,0.064524,-0.670462,0.733589,-0.090356,-84.683,1.518,-167.340,-0.016304,0.009248,-0.002969,0.032003,0.698595,-0.038059
1790937532.639116,1790937533.397735,3.152946,5.901402,0.968161,0.056560,-0.671267,0.734476,-0.082141,-84.696,1.558,-168.658,-0.020482,0.010354,-0.002253,0.003238,0.671962,-0.052972
1790937532.672456,1790937533.433711,3.151889,5.901612,0.968113,0.049082,-0.671953,0.735246,-0.074056,-84.711,1.567,-169.926,-0.025947,0.013334,0.003261,0.021345,0.649591,-0.076409
1790937532.705796,1790937533.475791,3.150520,5.902030,0.968245,0.042141,-0.672298,0.736148,-0.065773,-84.692,1.512,-171.167,-0.032512,0.016982,0.008502,0.029865,0.626154,-0.085995
1790937532.739137,1790937533.522096,3.149022,5.902486,0.968545,0.035317,-0.672535,0.736927,-0.058208,-84.668,1.504,-172.337,-0.039845,0.020195,0.012804,0.033058,0.602718,-0.038056
1790937532.772476,1790937533.565268,3.147093,5.903068,0.968921,0.028216,-0.672691,0.737629,-0.050932,-84.640,1.541,-173.504,-0.051102,0.025268,0.012196,0.023467,0.614437,-0.055100
1790937532.805817,1790937533.603951,3.145343,5.903954,0.969200,0.021638,-0.673036,0.738018,-0.043397,-84.656,1.517,-174.651,-0.056216,0.034723,0.002724,-0.013817,0.578214,-0.068949
1790937532.839157,1790937533.642505,3.142854,5.905093,0.969053,0.015909,-0.673866,0.737792,-0.036260,-84.760,1.455,-175.701,-0.060289,0.042906,-0.006584,-0.064952,0.485536,-0.115821
1790937532.872497,1790937533.680820,3.140794,5.906465,0.968774,0.011687,-0.675060,0.737059,-0.030027,-84.932,1.336,-176.557,-0.062186,0.047956,-0.011103,-0.096912,0.400310,-0.095580
1790937532.905838,1790937533.720126,3.138014,5.907643,0.968224,0.008191,-0.676710,0.735796,-0.024507,-85.181,1.210,-177.297,-0.069368,0.049230,-0.018831,-0.135264,0.366221,-0.104102
1790937532.939179,1790937533.761578,3.135603,5.909378,0.967489,0.005099,-0.678599,0.734239,-0.019222,-85.471,1.066,-177.985,-0.072764,0.048997,-0.025284,-0.149113,0.334262,-0.109429
1790937532.972520,1790937533.807098,3.132504,5.910297,0.966481,0.002791,-0.680679,0.732434,-0.014480,-85.794,0.895,-178.567,-0.071929,0.044027,-0.032122,-0.168290,0.245843,-0.112624
1790937533.005862,1790937533.846184,3.130136,5.911379,0.965301,0.001186,-0.682902,0.730428,-0.010904,-86.142,0.754,-178.994,-0.072101,0.038577,-0.039493,-0.185334,0.198966,-0.058293
1790937533.039203,1790937533.886012,3.127128,5.911918,0.963827,-0.000898,-0.685255,0.728256,-0.008272,-86.511,0.725,-179.380,-0.077792,0.029808,-0.043907,-0.175749,0.203230,0.008819
1790937533.072544,1790937533.920549,3.124585,5.912907,0.962413,-0.003630,-0.687198,0.726435,-0.006209,-86.819,0.791,-179.769,-0.078902,0.020911,-0.039927,-0.131006,0.210685,0.039713
1790937533.105885,1790937533.967107,3.121938,5.913355,0.961223,-0.006854,-0.688404,0.725282,-0.004448,-87.013,0.921,179.829,-0.079153,0.010492,-0.031292,-0.061762,0.214947,0.058887
1790937533.139227,1790937534.006988,3.118762,5.912363,0.960230,-0.009739,-0.688881,0.724804,-0.002768,-87.094,1.027,179.461,-0.074810,-0.000753,-0.023657,-0.002109,0.161680,0.031191
1790937533.172568,1790937534.040229,3.116439,5.912214,0.959517,-0.011323,-0.688777,0.724884,-0.001225,-87.081,1.037,179.208,-0.066817,-0.009721,-0.020837,0.010674,0.104154,-0.035922
1790937533.205908,1790937534.075168,3.114202,5.911589,0.958782,-0.012012,-0.688949,0.724710,0.000354,-87.110,0.970,179.022,-0.064927,-0.019049,-0.023570,-0.050046,0.092435,-0.032725
1790937533.239249,1790937534.117902,3.111974,5.909933,0.957977,-0.012788,-0.690012,0.723683,0.001563,-87.281,0.937,178.859,-0.061807,-0.027740,-0.023386,-0.107571,0.065801,-0.001832
1790937533.272591,1790937534.164123,3.109313,5.907745,0.957260,-0.013551,-0.691236,0.722501,0.001598,-87.477,0.995,178.794,-0.056443,-0.039302,-0.012876,-0.078811,-0.000245,0.055693
1790937533.305932,1790937534.195762,3.107598,5.907060,0.956982,-0.013831,-0.691947,0.721815,0.000643,-87.590,1.093,178.850,-0.049082,-0.048583,-0.003274,-0.050048,-0.054574,0.040779
1790937533.339273,1790937534.224984,3.106021,5.905090,0.956980,-0.013400,-0.692643,0.721156,-0.000472,-87.700,1.145,178.975,-0.046727,-0.058292,0.003166,-0.067093,-0.051379,0.019473
1790937533.372614,1790937534.254722,3.104485,5.902715,0.957250,-0.013511,-0.693311,0.720511,-0.001275,-87.806,1.217,179.032,-0.049829,-0.070041,0.013495,-0.029808,0.014668,0.076999
1790937533.405956,1790937534.282951,3.102840,5.899931,0.957906,-0.015242,-0.693224,0.720559,-0.001839,-87.798,1.405,178.941,-0.055550,-0.080344,0.026018,0.047957,0.086042,0.094044
1790937533.439297,1790937534.311947,3.101088,5.896739,0.958972,-0.016932,-0.692376,0.721337,-0.001605,-87.669,1.527,178.789,-0.051701,-0.090376,0.038164,0.083112,0.042365,0.038648
1790937533.472639,1790937534.339984,3.099372,5.893258,0.960399,-0.017218,-0.691578,0.722093,-0.002025,-87.543,1.585,178.803,-0.045939,-0.098065,0.046973,0.040499,-0.055640,0.021603
1790937533.505980,1790937534.367965,3.097685,5.889506,0.962065,-0.016410,-0.691386,0.722292,-0.003240,-87.510,1.615,178.968,-0.046142,-0.103991,0.053080,-0.005307,-0.118493,0.026929
1790937533.539321,1790937534.396253,3.096036,5.885439,0.963953,-0.015461,-0.691468,0.722220,-0.005520,-87.519,1.717,179.231,-0.046268,-0.111485,0.059439,0.001087,-0.156843,0.079128
1790937533.572663,1790937534.424521,3.094500,5.881093,0.966021,-0.014071,-0.691262,0.722419,-0.008360,-87.482,1.827,179.577,-0.042363,-0.117404,0.063973,0.025586,-0.212240,0.049301
1790937533.606004,1790937534.452955,3.093180,5.876469,0.968184,-0.011740,-0.690936,0.722729,-0.011502,-87.423,1.883,-179.977,-0.037102,-0.126026,0.064066,0.020259,-0.239937,0.020537
1790937533.639345,1790937534.482208,3.091973,5.871577,0.970303,-0.008910,-0.690760,0.722892,-0.014077,-87.388,1.853,-179.539,-0.035045,-0.133434,0.061732,0.001087,-0.222891,-0.039118
1790937533.672686,1790937534.511128,3.090849,5.866363,0.972341,-0.005735,-0.690782,0.722863,-0.016012,-87.387,1.743,-179.127,-0.034485,-0.139316,0.058899,-0.001043,-0.212240,-0.044445
1790937533.706027,1790937534.553939,3.089728,5.860952,0.974304,-0.002923,-0.690757,0.722860,-0.017860,-87.380,1.656,-178.751,-0.038386,-0.142995,0.057248,-0.004238,-0.180279,-0.015682
1790937533.739368,1790937534.587408,3.099201,5.831678,0.977401,-0.001179,-0.691333,0.722260,-0.019943,-87.471,1.678,-178.442,-0.030254,-0.177492,0.061117,0.008566,-0.151480,0.037580
1790937533.772710,1790937534.618042,3.088325,5.840454,0.978358,0.000126,-0.690453,0.723043,-0.022000,-87.331,1.730,-178.166,-0.045441,-0.162899,0.066194,0.076726,-0.121689,0.013079
1790937533.806051,1790937534.646027,3.084903,5.838170,0.980469,0.001812,-0.689052,0.724347,-0.022919,-87.109,1.660,-177.953,-0.050645,-0.164401,0.061932,0.149163,-0.105711,-0.075338
1790937533.839393,1790937534.676859,3.082899,5.832748,0.982310,0.004233,-0.686976,0.726311,-0.022771,-86.783,1.440,-177.770,-0.051937,-0.169459,0.046720,0.180056,-0.092926,-0.157367
1790937533.872734,1790937534.716422,3.081561,5.826193,0.983527,0.006874,-0.684859,0.728306,-0.022185,-86.454,1.167,-177.608,-0.051030,-0.165631,0.024650,0.151294,-0.091861,-0.077469
1790937533.906076,1790937534.749565,3.077605,5.815515,0.983888,0.007688,-0.683531,0.729513,-0.023164,-86.246,1.172,-177.460,-0.057315,-0.162275,0.007384,0.068198,-0.052444,0.069538
1790937533.939421,1790937534.779664,3.075946,5.810444,0.984130,0.007089,-0.682939,0.730030,-0.024512,-86.152,1.325,-177.393,-0.054259,-0.159003,0.005877,0.024523,-0.010900,0.079125
1790937533.972765,1790937534.808677,3.074445,5.804940,0.984379,0.006802,-0.682794,0.730136,-0.025430,-86.129,1.421,-177.338,-0.040655,-0.156233,0.008090,0.001088,-0.057772,0.023730
1790937534.006110,1790937534.838404,3.073440,5.799596,0.984621,0.008116,-0.682934,0.729952,-0.026570,-86.153,1.401,-177.140,-0.024635,-0.151745,0.007052,-0.042590,-0.156845,-0.032728
1790937534.039454,1790937534.865982,3.072746,5.794289,0.984882,0.010659,-0.683692,0.729149,-0.028161,-86.278,1.316,-176.809,-0.015046,-0.151651,0.007210,-0.092658,-0.176020,-0.028468
1790937534.072799,1790937534.896008,3.072274,5.789028,0.985179,0.012478,-0.684814,0.728018,-0.029385,-86.459,1.265,-176.567,-0.016473,-0.155023,0.008059,-0.094789,-0.068425,-0.026337
1790937534.106142,1790937534.925642,3.071981,5.783389,0.985503,0.013300,-0.685620,0.727245,-0.029377,-86.588,1.200,-176.504,-0.012401,-0.157823,0.011951,-0.019151,-0.029009,-0.022077
1790937534.139487,1790937534.954481,3.071835,5.777532,0.985986,0.013946,-0.685253,0.727544,-0.030224,-86.533,1.211,-176.382,0.000082,-0.161410,0.018277,0.079919,-0.100384,0.063146
1790937534.172832,1790937534.997787,3.071938,5.771657,0.986537,0.014475,-0.684083,0.728552,-0.032147,-86.350,1.312,-176.178,0.009783,-0.168730,0.014288,0.089506,-0.106775,0.031187
1790937534.206176,1790937535.031651,3.071338,5.758921,0.986730,0.015770,-0.683425,0.729083,-0.033465,-86.251,1.303,-175.965,0.021195,-0.187176,0.001725,0.001089,-0.104645,-0.032731
1790937534.239521,1790937535.061228,3.072245,5.752402,0.986609,0.017564,-0.683824,0.728660,-0.033626,-86.321,1.168,-175.811,0.027131,-0.199934,-0.012198,-0.079874,-0.060969,-0.096650
1790937534.272866,1790937535.094073,3.073805,5.745088,0.986035,0.019137,-0.684999,0.727541,-0.033063,-86.513,1.000,-175.737,0.032458,-0.210385,-0.023737,-0.118223,-0.025813,-0.062560
1790937534.306210,1790937535.130177,3.075113,5.737468,0.985156,0.019427,-0.686660,0.725987,-0.032599,-86.776,0.949,-175.755,0.030824,-0.222767,-0.029186,-0.153377,0.053018,0.012009
1790937534.339555,1790937535.165212,3.076357,5.729499,0.984176,0.018340,-0.688605,0.724203,-0.031890,-87.078,0.994,-175.902,0.033254,-0.237671,-0.029469,-0.146986,0.096694,0.012009
1790937534.372900,1790937535.199116,3.077771,5.721070,0.983203,0.017765,-0.690201,0.722760,-0.030432,-87.328,0.936,-176.071,0.042622,-0.253588,-0.028305,-0.104374,0.075387,-0.080670
1790937534.406245,1790937535.235903,3.079419,5.711960,0.982221,0.018060,-0.691216,0.721862,-0.028458,-87.490,0.760,-176.212,0.048992,-0.272544,-0.030340,-0.060697,0.076453,-0.097715
1790937534.439589,1790937535.275974,3.081048,5.702287,0.981131,0.017881,-0.691777,0.721401,-0.026550,-87.578,0.627,-176.385,0.053040,-0.291303,-0.033419,-0.025543,0.093498,-0.044451
1790937534.472934,1790937535.308886,3.084813,5.691601,0.980018,0.017150,-0.692020,0.721246,-0.024848,-87.614,0.553,-176.584,0.057117,-0.311470,-0.028658,-0.010628,0.113744,-0.055103
1790937534.506279,1790937535.344324,3.084781,5.681360,0.979334,0.016816,-0.692152,0.721202,-0.022587,-87.634,0.402,-176.798,0.061204,-0.327227,-0.016764,-0.017020,0.100955,-0.117956
1790937534.539623,1790937535.379467,3.086404,5.670245,0.979065,0.016841,-0.692636,0.720812,-0.020043,-87.711,0.200,-177.006,0.060782,-0.335876,0.001095,-0.069220,0.123326,-0.073214
1790937534.572968,1790937535.419966,3.090864,5.658234,0.979400,0.015330,-0.693609,0.719971,-0.017691,-87.860,0.141,-177.321,0.060165,-0.351556,0.024733,-0.066023,0.193641,-0.014622
1790937534.606313,1790937535.465469,3.087837,5.640592,0.980572,0.013420,-0.693952,0.719734,-0.015276,-87.908,0.108,-177.672,0.064147,-0.368863,0.045185,0.038372,0.162737,-0.064695
1790937534.639658,1790937535.502474,3.089285,5.627499,0.982204,0.012197,-0.692975,0.720748,-0.012651,-87.749,-0.003,-177.986,0.066812,-0.381663,0.054541,0.128923,0.181912,-0.050845
1790937534.673003,1790937535.536983,3.091415,5.614517,0.983967,0.009790,-0.691368,0.722364,-0.010210,-87.488,-0.002,-178.379,0.068359,-0.388234,0.050044,0.141705,0.225590,0.030116
1790937534.706348,1790937535.579445,3.095965,5.601356,0.985341,0.006555,-0.689736,0.723988,-0.007987,-87.223,0.087,-178.819,0.080197,-0.395924,0.037866,0.139576,0.224527,0.024790
1790937534.739693,1790937535.618672,3.094691,5.582009,0.986237,0.004123,-0.688145,0.725538,-0.005863,-86.969,0.120,-179.187,0.093197,-0.409508,0.025379,0.126790,0.155276,-0.019955
1790937534.773038,1790937535.653029,3.097579,5.567962,0.986929,0.002846,-0.686957,0.726681,-0.004022,-86.780,0.080,-179.441,0.100697,-0.417166,0.014961,0.067133,0.115860,-0.035934
1790937534.806383,1790937535.694766,3.102239,5.554006,0.987261,0.001852,-0.686615,0.727015,-0.002087,-86.726,0.010,-179.680,0.101143,-0.419725,0.010685,-0.004239,0.147822,-0.042326
1790937534.839728,1790937535.735883,3.102163,5.534355,0.987362,0.000126,-0.686780,0.726865,0.000074,-86.751,-0.016,-179.996,0.092823,-0.423286,0.010326,-0.004240,0.189362,-0.002912
1790937534.873073,1790937535.769856,3.105105,5.520410,0.987779,-0.002698,-0.686574,0.727053,0.001748,-86.720,0.087,179.642,0.087256,-0.423934,0.012878,0.038369,0.178709,0.088702
1790937534.906417,1790937535.804592,3.108024,5.506295,0.988280,-0.005159,-0.685973,0.727604,0.002648,-86.627,0.222,179.374,0.085445,-0.422090,0.014703,0.062872,0.103074,-0.001847
1790937534.939757,1790937535.838582,3.110725,5.492334,0.988748,-0.005825,-0.685012,0.728496,0.004214,-86.477,0.156,179.191,0.079722,-0.414808,0.010718,0.099092,0.103074,-0.057242
1790937534.973097,1790937535.878268,3.112995,5.478556,0.988967,-0.007300,-0.683720,0.729681,0.006297,-86.276,0.117,178.901,0.061624,-0.403585,0.000758,0.095895,0.209604,-0.007173
1790937535.006436,1790937535.912410,3.113110,5.461048,0.988443,-0.010356,-0.683080,0.730218,0.008673,-86.182,0.188,178.463,0.045715,-0.388061,-0.016446,-0.026613,0.234105,0.050348
1790937535.039776,1790937535.942439,3.114457,5.448554,0.987747,-0.013442,-0.684342,0.728965,0.010254,-86.388,0.319,178.089,0.037560,-0.374379,-0.024491,-0.198126,0.151012,0.042892
1790937535.073116,1790937535.972207,3.115538,5.436061,0.987111,-0.015181,-0.687100,0.726319,0.011145,-86.828,0.386,177.877,0.033090,-0.372553,-0.012046,-0.230084,0.071114,0.004542
1790937535.106456,1790937536.012032,3.116463,5.423505,0.986996,-0.015490,-0.689207,0.724303,0.011806,-87.162,0.353,177.796,0.026878,-0.376134,0.005391,-0.093726,0.025306,-0.031677
1790937535.139796,1790937536.044926,3.115882,5.407070,0.987185,-0.015517,-0.689547,0.723969,0.012372,-87.216,0.310,177.747,0.015595,-0.386790,0.012660,0.040499,0.012524,0.006669
1790937535.173136,1790937536.073774,3.116252,5.394144,0.987498,-0.015329,-0.688966,0.724532,0.011981,-87.124,0.327,177.794,0.007666,-0.394983,0.003284,0.039434,-0.065241,0.000279
1790937535.206475,1790937536.101835,3.116274,5.380694,0.987313,-0.014002,-0.688698,0.724835,0.010595,-87.077,0.327,178.015,0.005467,-0.406527,-0.016067,0.007477,-0.180293,0.030106
1790937535.239815,1790937536.131733,3.116263,5.366832,0.986492,-0.011949,-0.688823,0.724790,0.007659,-87.090,0.388,178.420,0.001891,-0.421219,-0.031629,-0.027678,-0.221841,0.069522
1790937535.273155,1790937536.163978,3.116065,5.352423,0.985443,-0.010783,-0.689177,0.724499,0.004571,-87.143,0.534,178.769,-0.011717,-0.441723,-0.028993,-0.012764,-0.117443,0.098285
1790937535.306495,1790937536.194101,3.115555,5.337341,0.984765,-0.010926,-0.688853,0.724814,0.002807,-87.092,0.686,178.904,-0.022510,-0.462008,-0.009187,0.076719,-0.007716,0.071653
1790937535.339835,1790937536.224121,3.114584,5.321636,0.984910,-0.012072,-0.687342,0.726229,0.002609,-86.857,0.799,178.832,-0.034797,-0.479279,0.020164,0.180053,0.094550,0.058868
1790937535.373175,1790937536.253903,3.113241,5.305558,0.986037,-0.014161,-0.684483,0.728886,0.002898,-86.412,0.956,178.647,-0.043340,-0.484517,0.047419,0.280191,0.103072,0.097220
1790937535.406515,1790937536.283830,3.111673,5.289624,0.987840,-0.017220,-0.680986,0.732091,0.002149,-85.875,1.277,178.475,-0.051563,-0.478365,0.058392,0.258884,0.088159,0.243165
1790937535.439854,1790937536.314015,3.110190,5.273960,0.989805,-0.020396,-0.678511,0.734307,-0.000412,-85.500,1.749,178.448,-0.046273,-0.472561,0.056878,0.107612,-0.047131,0.211206
1790937535.473194,1790937536.357360,3.108988,5.258185,0.991774,-0.020820,-0.678010,0.734748,-0.003626,-85.424,2.035,178.687,-0.030290,-0.479095,0.058254,-0.020222,-0.174966,0.095089
1790937535.506533,1790937536.398423,3.106379,5.238184,0.993662,-0.018667,-0.678362,0.734466,-0.006018,-85.469,2.039,179.055,-0.025215,-0.481930,0.057271,-0.022354,-0.193078,-0.037006
1790937535.539873,1790937536.428945,3.105407,5.222492,0.995613,-0.016355,-0.678601,0.734288,-0.007377,-85.497,1.950,179.349,-0.036191,-0.476413,0.062532,-0.023419,-0.099331,-0.040201
1790937535.573213,1790937536.461613,3.103938,5.206615,0.997954,-0.015248,-0.678715,0.734209,-0.007108,-85.511,1.836,179.412,-0.051937,-0.477989,0.080533,0.019192,0.019979,-0.081747
1790937535.606553,1790937536.492504,3.102121,5.190617,1.000996,-0.014476,-0.677730,0.735146,-0.005636,-85.355,1.657,179.350,-0.055139,-0.480731,0.100338,0.165138,-0.003455,-0.094532
1790937535.639893,1790937536.522412,3.100404,5.174683,1.004319,-0.012750,-0.675086,0.737612,-0.004949,-84.939,1.461,179.432,-0.049695,-0.473238,0.097965,0.256752,-0.100397,-0.112641
1790937535.673233,1790937536.550819,3.098839,5.159095,1.007255,-0.010070,-0.672143,0.740337,-0.004838,-84.476,1.227,179.635,-0.044926,-0.461406,0.078549,0.207748,-0.127029,-0.101989
1790937535.706573,1790937536.598089,3.097445,5.143826,1.009500,-0.008009,-0.670001,0.742296,-0.005541,-84.141,1.107,179.856,-0.036134,-0.447608,0.055429,0.133177,-0.122768,-0.010373
1790937535.739912,1790937536.639862,3.094328,5.125743,1.010880,-0.006198,-0.668816,0.743369,-0.007110,-83.955,1.073,-179.869,-0.021033,-0.438441,0.035784,0.053280,-0.178165,-0.006110
1790937535.773252,1790937536.673050,3.094808,5.110769,1.011941,-0.003806,-0.668615,0.743537,-0.009572,-83.921,1.058,-179.476,-0.000426,-0.432288,0.028010,-0.026615,-0.228239,0.023715
1790937535.806592,1790937536.706780,3.095142,5.096401,1.012823,-0.000727,-0.669224,0.742961,-0.012132,-84.014,0.992,-179.023,0.014786,-0.423867,0.024630,-0.075618,-0.242088,-0.040200
1790937535.839932,1790937536.754460,3.095803,5.082307,1.013651,0.002823,-0.670292,0.741964,-0.013807,-84.179,0.821,-178.609,0.023702,-0.419905,0.025283,-0.106512,-0.192020,-0.093466
1790937535.873271,1790937536.800266,3.093839,5.066494,1.014358,0.005771,-0.671571,0.740775,-0.014527,-84.380,0.628,-178.322,0.025416,-0.420981,0.027228,-0.099056,-0.118509,-0.066828
1790937535.906610,1790937536.836096,3.095565,5.051900,1.015309,0.007484,-0.672391,0.740014,-0.014636,-84.510,0.493,-178.182,0.025364,-0.419492,0.030405,-0.011702,-0.016245,-0.067896
1790937535.939952,1790937536.869414,3.096696,5.037700,1.016283,0.007970,-0.671913,0.740465,-0.013409,-84.437,0.356,-178.248,0.026533,-0.421437,0.023826,0.079912,0.071107,-0.066830
1790937535.973294,1790937536.902119,3.097811,5.023552,1.016791,0.007358,-0.670848,0.741464,-0.011821,-84.271,0.284,-178.430,0.031608,-0.427641,0.003991,0.083107,0.103066,-0.015697
1790937536.006635,1790937536.937876,3.099761,5.009304,1.016523,0.006207,-0.670056,0.742207,-0.010770,-84.147,0.299,-178.607,0.041676,-0.434311,-0.020458,0.039431,0.077501,0.008803
1790937536.039976,1790937536.973987,3.101374,4.994669,1.015395,0.005587,-0.669916,0.742349,-0.009972,-84.125,0.290,-178.723,0.051751,-0.442227,-0.046807,-0.022356,0.040215,-0.018893
1790937536.073318,1790937537.007951,3.103318,4.979630,1.013548,0.005496,-0.670472,0.741852,-0.009608,-84.210,0.271,-178.761,0.064145,-0.456728,-0.061997,-0.058575,0.005060,-0.011436
1790937536.106659,1790937537.048332,3.104399,4.964687,1.011405,0.005137,-0.671118,0.741270,-0.009626,-84.310,0.304,-178.787,0.071069,-0.470507,-0.063104,-0.034074,0.047678,0.041828
1790937536.140001,1790937537.082165,3.106848,4.948893,1.009383,0.003703,-0.671534,0.740904,-0.009438,-84.373,0.412,-178.914,0.075838,-0.476304,-0.056044,-0.044726,0.092420,0.056744
1790937536.173342,1790937537.117726,3.109573,4.932970,1.007805,0.002132,-0.672243,0.740275,-0.008848,-84.481,0.501,-179.085,0.085522,-0.474402,-0.036166,-0.066033,0.084963,0.026914
1790937536.206683,1790937537.157655,3.112563,4.917198,1.007015,0.001404,-0.673203,0.739415,-0.007875,-84.629,0.489,-179.224,0.092930,-0.472163,-0.011238,-0.086274,0.060461,-0.080678
1790937536.240025,1790937537.191610,3.115725,4.901355,1.006949,0.001564,-0.674298,0.738433,-0.006074,-84.799,0.337,-179.365,0.096476,-0.474323,0.005218,-0.085207,0.081768,-0.079613
1790937536.273366,1790937537.237775,3.120425,4.885009,1.007312,0.001360,-0.675149,0.737671,-0.003761,-84.932,0.176,-179.577,0.098971,-0.480431,0.012979,-0.043661,0.114783,-0.117965
1790937536.306708,1790937537.263905,3.123697,4.868887,1.007765,0.000940,-0.675398,0.737452,-0.001076,-84.970,0.004,-179.836,0.095634,-0.486032,0.013469,0.009603,0.159527,-0.057244
1790937536.340048,1790937537.300067,3.123665,4.850232,1.007934,-0.001620,-0.675133,0.737693,0.001257,-84.929,0.040,179.768,0.086299,-0.486877,0.011641,0.030906,0.258612,0.036506
1790937536.373390,1790937537.338479,3.127133,4.833837,1.008386,-0.005496,-0.674731,0.738033,0.003798,-84.870,0.171,179.254,0.089154,-0.484488,0.016161,0.031971,0.262872,0.055680
1790937536.406731,1790937537.380270,3.130359,4.817634,1.008995,-0.008312,-0.674304,0.738387,0.005516,-84.808,0.277,178.891,0.098431,-0.484829,0.020743,0.034101,0.116925,0.019461
1790937536.440073,1790937537.413161,3.131873,4.799647,1.009649,-0.009414,-0.673717,0.738901,0.006580,-84.719,0.289,178.716,0.096982,-0.488979,0.021179,0.066060,0.080713,-0.049778
1790937536.473414,1790937537.441458,3.134963,4.783269,1.010207,-0.009771,-0.672827,0.739685,0.008693,-84.582,0.158,178.510,0.086084,-0.482337,0.009228,0.060733,0.127588,-0.071085
1790937536.506756,1790937537.472651,3.137557,4.767454,1.010217,-0.011248,-0.672612,0.739830,0.010864,-84.553,0.116,178.212,0.068291,-0.465209,-0.006833,-0.046859,0.160611,-0.002906
1790937536.540097,1790937537.506793,3.140192,4.752105,1.009900,-0.013060,-0.673636,0.738846,0.012238,-84.716,0.161,177.955,0.056513,-0.447493,-0.011295,-0.119299,0.087102,0.030115
1790937536.573439,1790937537.540625,3.141997,4.737353,1.009593,-0.013980,-0.675362,0.737254,0.012161,-84.987,0.240,177.890,0.045743,-0.433270,-0.004892,-0.161911,-0.013033,0.024790
1790937536.606781,1790937537.583735,3.143393,4.722930,1.009721,-0.013560,-0.677282,0.735502,0.011893,-85.284,0.220,177.945,0.031070,-0.431938,0.014211,-0.126757,-0.023687,-0.011429
1790937536.640122,1790937537.617103,3.142940,4.706211,1.010413,-0.013469,-0.678326,0.734542,0.011838,-85.447,0.214,177.956,0.014702,-0.436188,0.031193,-0.022359,-0.000240,-0.011427
1790937536.673464,1790937537.647687,3.143496,4.691643,1.011495,-0.012906,-0.677960,0.734886,0.012072,-85.388,0.149,177.980,0.007895,-0.437793,0.031967,0.075646,-0.040722,-0.034864
1790937536.706805,1790937537.678706,3.143641,4.677033,1.012281,-0.012004,-0.676988,0.735802,0.011810,-85.234,0.096,178.073,-0.000834,-0.443022,0.013882,0.063928,-0.063093,-0.009297
1790937536.740147,1790937537.714457,3.143746,4.662068,1.012321,-0.011033,-0.676600,0.736184,0.011101,-85.171,0.070,178.208,-0.005711,-0.451563,-0.011645,-0.005314,-0.089726,-0.019950
1790937536.773488,1790937537.749143,3.143504,4.646873,1.011517,-0.009301,-0.677072,0.735783,0.010542,-85.240,-0.034,178.389,-0.012080,-0.460252,-0.035543,-0.072427,-0.099313,-0.060432
1790937536.806829,1790937537.784512,3.142881,4.631393,1.010089,-0.008405,-0.678232,0.734731,0.010021,-85.419,-0.071,178.503,-0.028218,-0.467821,-0.047945,-0.105451,0.001888,0.063141
1790937536.840171,1790937537.823591,3.141842,4.615605,1.008421,-0.009676,-0.679411,0.733633,0.009482,-85.606,0.075,178.449,-0.037411,-0.473222,-0.051601,-0.083081,0.031716,0.061010
1790937536.873513,1790937537.862279,3.140945,4.599774,1.006694,-0.009496,-0.680286,0.732836,0.008422,-85.742,0.141,178.552,-0.027870,-0.477201,-0.051888,-0.067101,-0.158970,0.019464
1790937536.906854,1790937537.896233,3.140126,4.583779,1.005025,-0.006766,-0.681327,0.731926,0.005707,-85.900,0.122,178.993,-0.031067,-0.484642,-0.045682,-0.096930,-0.252717,0.001354
1790937536.940194,1790937537.940782,3.139782,4.567408,1.003834,-0.004576,-0.682148,0.731193,0.003119,-86.026,0.140,179.381,-0.051315,-0.496167,-0.027451,-0.015966,-0.130214,0.047159
1790937536.973534,1790937537.977029,3.137383,4.549972,1.003134,-0.004755,-0.681792,0.731529,0.001178,-85.970,0.307,179.530,-0.072628,-0.500316,-0.008875,0.057538,-0.040724,0.132385
1790937537.006875,1790937538.012881,3.134430,4.531661,1.003078,-0.005640,-0.681287,0.731994,-0.001016,-85.892,0.552,179.645,-0.079826,-0.504631,0.002439,-0.001051,-0.073740,0.120666
1790937537.040215,1790937538.046129,3.132568,4.514654,1.003371,-0.005586,-0.681607,0.731689,-0.003413,-85.942,0.735,179.850,-0.079372,-0.512573,0.014053,-0.036206,-0.121685,0.079118
1790937537.073555,1790937538.083781,3.129233,4.497376,1.004018,-0.004799,-0.681654,0.731639,-0.005376,-85.948,0.822,-179.924,-0.082461,-0.519921,0.026602,0.039428,-0.098243,-0.005038
1790937537.106895,1790937538.122237,3.127056,4.480148,1.005036,-0.002770,-0.680582,0.732647,-0.005466,-85.779,0.659,-179.757,-0.081130,-0.517664,0.029496,0.112933,-0.089728,-0.110502
1790937537.140235,1790937538.154571,3.123046,4.463013,1.005930,-0.001186,-0.679593,0.733568,-0.005502,-85.624,0.528,-179.630,-0.091018,-0.512974,0.024587,0.019188,-0.039655,0.006680
1790937537.173575,1790937538.197793,3.120727,4.445425,1.006832,-0.001760,-0.679955,0.733227,-0.006066,-85.680,0.621,-179.627,-0.098885,-0.518113,0.030105,-0.051122,0.031712,0.069531
1790937537.206914,1790937538.230645,3.116216,4.427515,1.007658,-0.002407,-0.680122,0.733069,-0.006134,-85.707,0.680,-179.672,-0.095227,-0.520882,0.042576,0.056471,-0.004491,-0.038059
1790937537.240255,1790937538.258480,3.113793,4.409118,1.009191,-0.001179,-0.678629,0.734456,-0.005906,-85.473,0.558,-179.595,-0.084300,-0.514348,0.050634,0.194960,-0.098238,-0.061496
1790937537.273595,1790937538.287626,3.111093,4.392412,1.010689,0.000635,-0.676060,0.736815,-0.006798,-85.073,0.473,-179.377,-0.079857,-0.497099,0.039009,0.185372,-0.117414,0.008811
1790937537.306935,1790937538.318435,3.108434,4.376132,1.011623,0.001257,-0.674740,0.738004,-0.008581,-84.868,0.557,-179.177,-0.077724,-0.480949,0.018398,0.007469,-0.081194,0.081251
1790937537.340275,1790937538.352677,3.106062,4.360181,1.012060,0.000830,-0.675523,0.737263,-0.010503,-84.989,0.743,-179.048,-0.069585,-0.468366,0.011568,-0.131019,-0.033254,0.100427
1790937537.373615,1790937538.389400,3.104107,4.344546,1.012594,0.000486,-0.677342,0.735580,-0.011389,-85.272,0.843,-179.002,-0.057252,-0.460214,0.023959,-0.143804,-0.010885,0.006679
1790937537.406955,1790937538.426678,3.102620,4.329113,1.013650,0.001307,-0.678687,0.734344,-0.011035,-85.482,0.748,-178.970,-0.043264,-0.455687,0.038956,-0.059646,-0.028994,-0.087064
1790937537.440295,1790937538.459503,3.101711,4.313594,1.014978,0.002721,-0.678979,0.734084,-0.010003,-85.529,0.549,-178.947,-0.039310,-0.453720,0.036959,-0.006381,-0.001296,-0.106241
1790937537.473635,1790937538.496932,3.100270,4.298366,1.015924,0.003200,-0.679133,0.733957,-0.008681,-85.553,0.406,-179.021,-0.043644,-0.457040,0.021057,-0.018099,0.081796,-0.047650
1790937537.506976,1790937538.533179,3.099007,4.282653,1.016385,0.001827,-0.679320,0.733810,-0.006659,-85.581,0.365,-179.298,-0.047634,-0.465237,0.007191,0.009598,0.207500,-0.027410
1790937537.540316,1790937538.567490,3.098253,4.266209,1.016381,-0.000970,-0.678854,0.734263,-0.003767,-85.508,0.375,-179.758,-0.043997,-0.473401,-0.009093,0.068188,0.260766,-0.008235
1790937537.573656,1790937538.601223,3.097078,4.250222,1.015757,-0.003875,-0.677917,0.735128,-0.000910,-85.364,0.397,179.776,-0.029800,-0.479031,-0.026504,0.072448,0.201109,-0.011431
1790937537.606996,1790937538.642274,3.097525,4.234053,1.014662,-0.005288,-0.677490,0.735513,0.000760,-85.299,0.387,179.525,-0.008553,-0.487847,-0.039404,-0.014904,0.044504,-0.023151
1790937537.640336,1790937538.680071,3.096730,4.217710,1.012641,-0.005031,-0.678060,0.734989,0.000926,-85.387,0.352,179.531,0.008238,-0.501997,-0.039652,-0.067104,-0.031124,-0.013562
1790937537.673675,1790937538.714941,3.097612,4.200796,1.011624,-0.004668,-0.678732,0.734370,0.001213,-85.492,0.298,179.535,0.015014,-0.513491,-0.023826,-0.023427,0.035986,-0.044457
1790937537.707015,1790937538.755121,3.098212,4.182058,1.011291,-0.004658,-0.678520,0.734562,0.002508,-85.459,0.197,179.427,0.023603,-0.519134,-0.000835,0.058600,0.046641,-0.074285
1790937537.740355,1790937538.794217,3.099354,4.164687,1.011538,-0.004029,-0.677869,0.735161,0.003923,-85.357,0.035,179.357,0.033956,-0.511932,0.014415,0.017052,0.013618,-0.072154
1790937537.773695,1790937538.829865,3.101480,4.147896,1.012229,-0.003974,-0.678363,0.734699,0.004961,-85.434,-0.051,179.273,0.035461,-0.510656,0.024867,-0.101194,0.077527,-0.052979
1790937537.807035,1790937538.866369,3.101861,4.130882,1.013298,-0.004656,-0.679666,0.733475,0.006850,-85.638,-0.142,179.062,0.036856,-0.516874,0.044388,-0.078822,0.144648,-0.048718
1790937537.840375,1790937538.899354,3.103163,4.113669,1.015092,-0.006409,-0.679721,0.733386,0.009158,-85.648,-0.175,178.731,0.038248,-0.522509,0.062133,0.085232,0.187260,-0.010368
1790937537.873715,1790937538.934698,3.104238,4.096759,1.017100,-0.008423,-0.678120,0.734821,0.011012,-85.402,-0.146,178.418,0.042071,-0.517782,0.058136,0.127844,0.133995,0.029047
1790937537.907056,1790937538.974438,3.106654,4.080102,1.018736,-0.010975,-0.677153,0.735670,0.011519,-85.257,0.031,178.177,0.040554,-0.509789,0.040251,-0.004252,0.144637,0.127053
1790937537.940396,1790937539.013398,3.106969,4.064464,1.018934,-0.014274,-0.677555,0.735237,0.011905,-85.329,0.278,177.888,0.039740,-0.507780,0.031914,-0.044735,0.173408,0.094031
1790937537.973737,1790937539.052082,3.108679,4.047272,1.020104,-0.016375,-0.677711,0.735031,0.013000,-85.361,0.370,177.633,0.049028,-0.508343,0.030486,0.026637,0.075401,-0.030609
1790937538.007077,1790937539.085665,3.110889,4.029900,1.021121,-0.016323,-0.677081,0.735594,0.013990,-85.263,0.290,177.554,0.052385,-0.509841,0.027471,0.077772,0.007224,-0.052979
1790937538.040418,1790937539.122145,3.112981,4.012628,1.021866,-0.015756,-0.676110,0.736478,0.015069,-85.109,0.162,177.507,0.045192,-0.503301,0.012623,0.070316,0.056228,-0.089201
1790937538.073758,1790937539.158324,3.114420,3.996297,1.021807,-0.016562,-0.675657,0.736835,0.016984,-85.042,0.083,177.283,0.031514,-0.483263,-0.014545,-0.029821,0.180867,0.007740
1790937538.107098,1790937539.196150,3.115597,3.980712,1.020978,-0.019082,-0.676541,0.735917,0.018808,-85.190,0.151,176.933,0.027541,-0.459632,-0.032047,-0.120372,0.146777,0.033305
1790937538.140438,1790937539.239237,3.118231,3.966239,1.019904,-0.020404,-0.678306,0.734249,0.019053,-85.471,0.236,176.809,0.034941,-0.437619,-0.032987,-0.180027,-0.023677,0.022651
1790937538.173779,1790937539.276035,3.118380,3.954991,1.017765,-0.019626,-0.680775,0.732008,0.017994,-85.853,0.243,176.958,0.032900,-0.429619,-0.014640,-0.193879,-0.120607,0.017326
1790937538.207119,1790937539.306242,3.118517,3.940474,1.017957,-0.018415,-0.682648,0.730334,0.016259,-86.141,0.269,177.198,0.024471,-0.429139,0.009692,-0.085218,-0.117414,-0.001848
1790937538.240460,1790937539.337930,3.119416,3.926093,1.018547,-0.016497,-0.682876,0.730186,0.015406,-86.169,0.175,177.419,0.019176,-0.431380,0.022288,0.059660,-0.123806,-0.046590
1790937538.273800,1790937539.364017,3.120072,3.911569,1.019203,-0.014387,-0.681925,0.731139,0.014400,-86.012,0.080,177.669,0.012946,-0.437895,0.012629,0.074574,-0.141915,-0.046590
1790937538.307141,1790937539.391287,3.120479,3.897019,1.019204,-0.012040,-0.681405,0.731685,0.013362,-85.924,-0.034,177.939,0.004578,-0.445710,-0.013449,0.011722,-0.156829,-0.067897
1790937538.340481,1790937539.429885,3.120582,3.882130,1.018290,-0.009355,-0.681570,0.731587,0.012452,-85.943,-0.188,178.225,-0.007180,-0.457853,-0.039560,-0.034085,-0.132328,-0.043395
1790937538.373821,1790937539.460834,3.122354,3.843671,1.016883,-0.008446,-0.682480,0.730761,0.011741,-86.084,-0.211,178.356,-0.028729,-0.487580,-0.057025,-0.084166,0.010423,0.050346
1790937538.407162,1790937539.487980,3.119727,3.849295,1.014055,-0.010088,-0.683353,0.729938,0.010855,-86.224,-0.006,178.302,-0.041433,-0.489982,-0.055218,-0.069243,0.038113,0.177117
1790937538.440503,1790937539.513788,3.118532,3.833685,1.012558,-0.012438,-0.683696,0.729612,0.008447,-86.284,0.378,178.319,-0.038264,-0.511210,-0.030347,0.023436,-0.049239,0.210142
1790937538.473843,1790937539.544333,3.117478,3.816388,1.012103,-0.013655,-0.682756,0.730501,0.005034,-86.140,0.749,178.510,-0.036940,-0.532217,0.002169,0.121444,-0.102503,0.161138
1790937538.507184,1790937539.572104,3.116408,3.798219,1.012535,-0.013866,-0.681390,0.731785,0.002327,-85.926,0.981,178.722,-0.041618,-0.542296,0.023791,0.067113,-0.108896,0.111069
1790937538.540523,1790937539.598725,3.115055,3.780076,1.013589,-0.013795,-0.681338,0.731838,-0.000555,-85.918,1.200,178.969,-0.052631,-0.547085,0.041968,-0.059656,-0.122743,0.151550
1790937538.573864,1790937539.624075,3.113509,3.761400,1.015366,-0.013625,-0.682074,0.731146,-0.003779,-86.032,1.437,179.251,-0.060825,-0.552678,0.063912,-0.022371,-0.163226,0.086565
1790937538.607204,1790937539.661494,3.111823,3.742265,1.017764,-0.012103,-0.681517,0.731676,-0.006171,-85.940,1.497,179.572,-0.070631,-0.559206,0.074647,0.125705,-0.150441,0.003473
1790937538.640545,1790937539.692860,3.110538,3.723723,1.019597,-0.010464,-0.679542,0.733526,-0.007257,-85.627,1.445,179.795,-0.084073,-0.564743,0.071153,0.186424,-0.076940,-0.016771
1790937538.673885,1790937539.721065,3.107496,3.703373,1.021893,-0.009743,-0.677413,0.735499,-0.007635,-85.293,1.414,179.887,-0.092554,-0.562575,0.057159,0.121440,-0.044979,-0.012509
1790937538.707226,1790937539.748072,3.104514,3.684653,1.023475,-0.008724,-0.676915,0.735962,-0.008342,-85.213,1.383,-179.973,-0.091437,-0.558348,0.040364,-0.061789,-0.111028,-0.017836
1790937538.740566,1790937539.779687,3.101780,3.665743,1.024841,-0.006624,-0.677992,0.734979,-0.009436,-85.378,1.291,-179.720,-0.086494,-0.560851,0.044893,-0.074573,-0.161098,-0.059384
1790937538.773906,1790937539.816072,3.099172,3.646811,1.026595,-0.003221,-0.677764,0.735203,-0.010165,-85.339,1.061,-179.394,-0.084123,-0.557633,0.057175,0.140616,-0.188794,-0.138216
1790937538.807247,1790937539.855487,3.096811,3.630450,1.028397,0.000215,-0.675215,0.737541,-0.010844,-84.941,0.821,-179.067,-0.082678,-0.543015,0.044716,0.249277,-0.167494,-0.061515
1790937538.840587,1790937539.898219,3.102738,3.569588,1.033020,0.002757,-0.673097,0.739455,-0.011796,-84.614,0.676,-178.788,-0.070842,-0.557769,0.013413,0.108628,-0.152554,-0.033837
1790937538.873928,1790937539.933368,3.093530,3.592659,1.028760,0.004645,-0.672624,0.739840,-0.013873,-84.542,0.675,-178.466,-0.069240,-0.519983,-0.011734,-0.106534,-0.156842,0.024769
1790937538.907269,1790937539.966284,3.091303,3.576475,1.028299,0.006424,-0.674424,0.738152,-0.015602,-84.823,0.662,-178.183,-0.059889,-0.509315,-0.006256,-0.181105,-0.138732,-0.037017
1790937538.940610,1790937540.004217,3.089566,3.559499,1.028542,0.008891,-0.676368,0.736328,-0.016375,-85.130,0.519,-177.929,-0.046286,-0.503155,0.025161,-0.111861,-0.131274,-0.066845
1790937538.973951,1790937540.044101,3.088209,3.543201,1.029899,0.010918,-0.676780,0.735917,-0.016600,-85.199,0.367,-177.753,-0.039058,-0.497466,0.052970,0.054324,-0.054574,-0.097739
1790937539.007292,1790937540.084205,3.088682,3.530304,1.031138,0.012797,-0.675474,0.737107,-0.015653,-85.001,0.131,-177.687,-0.030987,-0.491417,0.050482,0.144875,-0.025819,-0.103070
1790937539.040633,1790937540.117059,3.087481,3.510607,1.032484,0.013605,-0.674002,0.738458,-0.014696,-84.775,-0.016,-177.705,-0.031779,-0.497111,0.019586,0.060714,0.051946,-0.038086
1790937539.073975,1790937540.143190,3.086424,3.493941,1.032533,0.012499,-0.674032,0.738478,-0.013223,-84.776,-0.036,-177.915,-0.032361,-0.507122,-0.013820,-0.053270,0.169129,-0.015716
1790937539.107316,1790937540.169739,3.085570,3.477029,1.031671,0.010380,-0.674692,0.737944,-0.010998,-84.873,-0.027,-178.267,-0.022505,-0.512046,-0.035062,-0.031965,0.178717,-0.014650
1790937539.140658,1790937540.194755,3.085180,3.460125,1.030275,0.008413,-0.674936,0.737773,-0.009063,-84.906,-0.010,-178.583,-0.012317,-0.513455,-0.044807,-0.008528,0.152085,0.003459
1790937539.174000,1790937540.219454,3.085129,3.443308,1.028823,0.006807,-0.674832,0.737901,-0.007617,-84.887,0.013,-178.829,0.000134,-0.526140,-0.037665,0.046865,0.108408,0.007719
1790937539.207341,1790937540.244270,3.085460,3.425944,1.027805,0.005322,-0.673868,0.738803,-0.006672,-84.736,0.065,-179.024,0.012138,-0.542609,-0.022503,0.115045,0.112668,0.011979
1790937539.240682,1790937540.280301,3.086114,3.407721,1.027218,0.003637,-0.672249,0.740297,-0.005284,-84.483,0.098,-179.272,0.019411,-0.552199,-0.013713,0.142744,0.139302,-0.018913
1790937539.274024,1790937540.311186,3.091383,3.358070,1.031283,0.002949,-0.671575,0.740924,-0.003033,-84.379,-0.017,-179.516,0.032719,-0.574611,-0.015860,0.004220,0.107341,-0.119058
1790937539.307365,1790937540.339544,3.090721,3.371442,1.025409,0.002630,-0.672135,0.740424,-0.000331,-84.465,-0.198,-179.769,0.026779,-0.543026,-0.024061,-0.181109,0.169125,-0.068986
1790937539.340707,1790937540.365535,3.091468,3.354285,1.024641,0.000541,-0.674693,0.738093,0.002780,-84.861,-0.261,179.807,0.019333,-0.542165,-0.016148,-0.197087,0.260741,-0.057269
1790937539.374048,1790937540.391046,3.092267,3.336676,1.024297,-0.001930,-0.676210,0.736677,0.006583,-85.097,-0.347,179.295,0.024110,-0.541080,-0.004184,-0.031967,0.255414,-0.057269
1790937539.407390,1790937540.431615,3.093394,3.318400,1.024270,-0.004822,-0.676156,0.736678,0.009763,-85.091,-0.349,178.802,0.024971,-0.537776,0.000180,0.008514,0.266068,0.038605
1790937539.440731,1790937540.466168,3.096197,3.303367,1.023822,-0.009120,-0.676385,0.736394,0.011993,-85.133,-0.160,178.281,0.027804,-0.533399,0.002753,-0.055406,0.282044,0.100389
1790937539.474072,1790937540.494065,3.097393,3.285081,1.024066,-0.012497,-0.677091,0.735668,0.013553,-85.251,0.002,177.887,0.047153,-0.533976,0.009398,-0.049014,0.104140,0.004513
1790937539.507414,1790937540.535189,3.099548,3.267434,1.024477,-0.012397,-0.677411,0.735361,0.014312,-85.301,-0.066,177.831,0.062452,-0.541762,0.016280,-0.003206,-0.034346,-0.078579
1790937539.540755,1790937540.567421,3.103331,3.250763,1.024755,-0.010555,-0.677285,0.735486,0.015300,-85.276,-0.298,177.891,0.062752,-0.547301,0.019407,0.033011,-0.026890,-0.123326
1790937539.574097,1790937540.596592,3.105088,3.231761,1.025417,-0.009562,-0.676808,0.735912,0.016525,-85.200,-0.475,177.864,0.053008,-0.542190,0.015939,0.042598,0.042353,-0.055146
1790937539.607439,1790937540.623447,3.106800,3.214135,1.025779,-0.009943,-0.676454,0.736215,0.017269,-85.145,-0.500,177.772,0.046481,-0.530188,0.006795,0.001054,0.040222,0.027946
1790937539.640780,1790937540.650370,3.108446,3.197024,1.025818,-0.010478,-0.677009,0.735704,0.017009,-85.233,-0.436,177.753,0.042256,-0.518397,-0.000812,-0.105476,-0.015172,0.025814
1790937539.674122,1790937540.676526,3.109922,3.180451,1.025827,-0.010499,-0.678827,0.734044,0.016240,-85.517,-0.380,177.817,0.034050,-0.512378,0.007278,-0.186440,-0.043935,0.034336
1790937539.707463,1790937540.701176,3.111114,3.163829,1.026395,-0.010338,-0.681045,0.732004,0.015519,-85.863,-0.344,177.891,0.024987,-0.513933,0.030085,-0.145958,-0.023694,0.011964
1790937539.740805,1790937540.726183,3.111977,3.146977,1.027753,-0.009976,-0.681911,0.731212,0.015098,-85.998,-0.344,177.955,0.022779,-0.515073,0.047950,0.023423,-0.060980,-0.016798
1790937539.774147,1790937540.751576,3.112809,3.130116,1.029353,-0.008379,-0.680726,0.732350,0.014293,-85.809,-0.412,178.147,0.024578,-0.515853,0.043755,0.145933,-0.148334,-0.041299
1790937539.807488,1790937540.777972,3.113576,3.112948,1.030428,-0.005556,-0.679237,0.733781,0.013121,-85.571,-0.554,178.464,0.023565,-0.523629,0.019896,0.079885,-0.194141,-0.076455
1790937539.840830,1790937540.801478,3.114302,3.095772,1.030524,-0.002264,-0.678921,0.734113,0.011788,-85.519,-0.727,178.832,0.018135,-0.531980,-0.012012,-0.020251,-0.192012,-0.076455
1790937539.874170,1790937540.834910,3.114670,3.078326,1.029721,0.000192,-0.679544,0.733554,0.010875,-85.616,-0.863,179.101,0.001483,-0.542989,-0.030470,-0.061797,-0.073763,-0.005080
1790937539.907512,1790937540.862792,3.115827,3.063249,1.028320,0.000104,-0.680173,0.732985,0.009885,-85.714,-0.779,179.178,-0.008698,-0.554381,-0.027140,-0.026642,-0.013045,0.105707
1790937539.940851,1790937540.888472,3.115383,3.043859,1.027719,-0.000938,-0.680107,0.733067,0.008170,-85.704,-0.558,179.241,-0.010038,-0.569744,-0.013518,0.044731,-0.049265,0.127012
1790937539.974191,1790937540.913172,3.115056,3.024932,1.027397,-0.001471,-0.679367,0.733773,0.005959,-85.589,-0.340,179.384,-0.011881,-0.587116,-0.004428,0.069232,-0.064179,0.112098
1790937540.007530,1790937540.937411,3.114444,3.005317,1.027486,-0.002065,-0.678556,0.734531,0.004615,-85.462,-0.185,179.451,-0.024249,-0.607158,0.011884,0.068168,0.026368,0.066290
1790937540.040869,1790937540.962741,3.113358,2.985209,1.028071,-0.003934,-0.677638,0.735374,0.004111,-85.320,0.012,179.348,-0.037134,-0.614703,0.022640,0.063906,0.073242,0.142992
1790937540.074209,1790937540.988876,3.112045,2.965014,1.028868,-0.006289,-0.677448,0.735539,0.002589,-85.294,0.329,179.294,-0.041325,-0.612831,0.028025,-0.042622,-0.006654,0.148317
1790937540.107548,1790937541.023222,3.110851,2.944686,1.029927,-0.006805,-0.678165,0.734878,0.000668,-85.406,0.521,179.415,-0.037874,-0.614439,0.039148,-0.061796,-0.108923,0.053507
1790937540.140887,1790937541.049687,3.109664,2.924382,1.031370,-0.004860,-0.678556,0.734532,-0.000889,-85.464,0.478,179.697,-0.037197,-0.616431,0.047944,0.006382,-0.179232,-0.069002
1790937540.174227,1790937541.075439,3.108300,2.903958,1.032897,-0.002232,-0.678341,0.734741,-0.002314,-85.429,0.368,-179.979,-0.044474,-0.613513,0.042854,-0.003205,-0.152600,0.011959
1790937540.207566,1790937541.109099,3.106490,2.883485,1.034174,-0.001045,-0.679245,0.733900,-0.003980,-85.569,0.398,-179.747,-0.053400,-0.607288,0.038394,-0.164065,-0.092942,0.020482
1790937540.240905,1790937541.139527,3.102942,2.867703,1.035109,0.000451,-0.681478,0.731822,-0.004910,-85.918,0.346,-179.553,-0.051779,-0.606252,0.059689,-0.147021,-0.121715,-0.079651
1790937540.274245,1790937541.163700,3.102891,2.848592,1.037717,0.003274,-0.681562,0.731736,-0.004958,-85.933,0.113,-179.328,-0.047226,-0.612393,0.089230,0.166176,-0.105731,-0.108419
1790937540.307584,1790937541.195826,3.101178,2.828122,1.040798,0.005124,-0.678078,0.734956,-0.004843,-85.390,-0.055,-179.194,-0.050332,-0.605792,0.085909,0.388823,-0.054596,-0.042370
1790937540.340922,1790937541.229021,3.099533,2.808131,1.042994,0.005897,-0.673192,0.739424,-0.005411,-84.632,-0.082,-179.087,-0.042204,-0.589190,0.039467,0.352604,-0.066315,0.009828
1790937540.374261,1790937541.264203,3.098207,2.788946,1.043235,0.006304,-0.670489,0.741864,-0.006447,-84.214,-0.041,-178.968,-0.033464,-0.571004,-0.021015,0.034080,-0.057792,0.040722
1790937540.407601,1790937541.302829,3.097647,2.770472,1.041696,0.006623,-0.671883,0.740587,-0.007711,-84.430,0.032,-178.836,-0.019886,-0.557970,-0.059028,-0.270594,-0.076971,0.051375
1790937540.440940,1790937541.339616,3.096927,2.758298,1.039110,0.007769,-0.676073,0.736740,-0.008912,-85.082,0.035,-178.646,-0.003945,-0.552842,-0.048736,-0.373927,-0.133431,-0.055154
1790937540.474279,1790937541.374100,3.097333,2.739381,1.038181,0.011311,-0.679704,0.733342,-0.009177,-85.656,-0.236,-178.348,0.011710,-0.553899,-0.012687,-0.173651,-0.171782,-0.194710
1790937540.507618,1790937541.413933,3.098152,2.720998,1.038217,0.015387,-0.680364,0.732664,-0.008517,-85.771,-0.628,-178.085,0.013522,-0.551139,0.008298,0.055386,-0.122781,-0.168076
1790937540.540957,1790937541.453504,3.098620,2.705186,1.037828,0.017304,-0.679233,0.733672,-0.008266,-85.601,-0.811,-177.958,0.008466,-0.554026,0.002491,0.092669,0.006116,0.002370
1790937540.574297,1790937541.489694,3.098780,2.686678,1.037640,0.016019,-0.678612,0.734282,-0.007689,-85.500,-0.750,-178.107,0.007441,-0.563261,-0.015869,0.012774,0.137151,0.032196
1790937540.607636,1790937541.523551,3.099237,2.668236,1.036757,0.014225,-0.678557,0.734381,-0.006491,-85.485,-0.692,-178.347,0.023441,-0.566683,-0.033023,-0.003204,0.095603,-0.001892
1790937540.640975,1790937541.556479,3.100753,2.649717,1.035445,0.013601,-0.678792,0.734183,-0.005684,-85.520,-0.702,-178.464,0.041933,-0.570897,-0.042744,-0.035163,0.025291,0.007695
1790937540.674314,1790937541.590660,3.102114,2.631006,1.033912,0.013770,-0.679446,0.733574,-0.005751,-85.622,-0.710,-178.444,0.057146,-0.580465,-0.045004,-0.075644,-0.038622,-0.032785
1790937540.707654,1790937541.630081,3.104173,2.611987,1.032454,0.014945,-0.680408,0.732660,-0.005463,-85.776,-0.829,-178.376,0.064456,-0.593350,-0.038841,-0.080970,-0.009859,-0.079659
1790937540.740993,1790937541.664515,3.106321,2.592724,1.031269,0.015030,-0.681371,0.731773,-0.003919,-85.927,-0.954,-178.497,0.054214,-0.602945,-0.027287,-0.089493,0.137150,-0.045570
1790937540.774331,1790937541.696895,3.107900,2.573177,1.030537,0.012318,-0.682811,0.730489,-0.001796,-86.144,-0.891,-178.886,0.041100,-0.601548,-0.011592,-0.156606,0.274573,0.082265
1790937540.807670,1790937541.730967,3.109027,2.553701,1.030569,0.007183,-0.684913,0.728589,0.001131,-86.463,-0.688,-179.531,0.025649,-0.606048,0.019655,-0.153410,0.429040,0.072676
1790937540.841009,1790937541.767527,3.110407,2.533837,1.031910,0.000966,-0.685607,0.727948,0.005768,-86.567,-0.534,179.595,0.021139,-0.614688,0.060475,0.070302,0.472713,0.043913
1790937540.874348,1790937541.805641,3.110755,2.516740,1.033515,-0.005053,-0.682954,0.730368,0.010501,-86.153,-0.399,178.726,0.020869,-0.617460,0.079929,0.343015,0.443956,0.059893
1790937540.907687,1790937541.843019,3.112317,2.494976,1.036188,-0.011384,-0.678662,0.734223,0.014295,-85.493,-0.154,177.911,0.020217,-0.615015,0.062377,0.282293,0.417319,0.139790
1790937540.941028,1790937541.882309,3.113392,2.476022,1.037198,-0.017279,-0.676586,0.735964,0.017044,-85.189,0.136,177.222,0.025859,-0.606976,0.036489,0.033012,0.307594,0.092916
1790937540.974368,1790937541.922734,3.114723,2.456791,1.038216,-0.020407,-0.676861,0.735593,0.018592,-85.246,0.278,176.848,0.046394,-0.602523,0.026837,-0.053275,0.077489,0.001301
1790937541.007709,1790937541.963788,3.116441,2.439081,1.038642,-0.019710,-0.677237,0.735248,0.019297,-85.301,0.163,176.843,0.058857,-0.597281,0.032657,0.011704,-0.060993,-0.104162
1790937541.041049,1790937541.999228,3.118319,2.419623,1.039912,-0.017669,-0.676803,0.735678,0.020089,-85.225,-0.069,176.935,0.054930,-0.591515,0.037766,0.053253,-0.031165,-0.121207
1790937541.074390,1790937542.035419,3.119755,2.400185,1.041183,-0.017407,-0.676206,0.736201,0.021226,-85.131,-0.176,176.859,0.036191,-0.584159,0.037720,0.043664,0.113714,0.019410
1790937541.107730,1790937542.069318,3.120633,2.381033,1.042333,-0.019474,-0.675679,0.736606,0.022143,-85.057,-0.071,176.621,0.026856,-0.569436,0.031065,0.031946,0.103059,0.039651
1790937541.141071,1790937542.103832,3.121725,2.362375,1.043201,-0.020128,-0.675421,0.736829,0.021998,-85.020,-0.003,176.583,0.030645,-0.557477,0.022669,-0.005338,-0.057799,0.049238
1790937541.174411,1790937542.135632,3.122860,2.344016,1.043902,-0.019758,-0.675933,0.736411,0.020564,-85.098,0.074,176.732,0.024262,-0.556951,0.022561,-0.063928,-0.057800,0.024737
1790937541.207751,1790937542.172330,3.123654,2.325692,1.044667,-0.019560,-0.676502,0.735909,0.019982,-85.186,0.100,176.797,0.018424,-0.558709,0.023825,-0.011729,-0.025842,0.018343
1790937541.241091,1790937542.203250,3.124351,2.307311,1.045371,-0.019347,-0.676269,0.736154,0.019055,-85.149,0.155,176.892,0.015811,-0.560356,0.017852,0.039404,-0.079106,0.036454
1790937541.274432,1790937542.237680,3.125053,2.288862,1.045734,-0.018019,-0.675834,0.736624,0.017581,-85.075,0.159,177.119,0.014517,-0.562886,0.002744,0.028751,-0.173918,-0.045573
1790937541.307772,1790937542.262361,3.125737,2.270435,1.045411,-0.014285,-0.675936,0.736644,0.016191,-85.077,-0.048,177.526,0.012617,-0.568851,-0.020987,-0.049014,-0.254881,-0.106295
1790937541.341113,1790937542.297314,3.126143,2.251773,1.044278,-0.010707,-0.677233,0.735551,0.014324,-85.269,-0.209,177.961,0.001284,-0.579904,-0.042682,-0.149152,-0.196291,-0.015746
1790937541.374454,1790937542.323809,3.125422,2.238043,1.041893,-0.008739,-0.679366,0.733644,0.012352,-85.597,-0.227,178.281,-0.006178,-0.589055,-0.048323,-0.172587,-0.151545,0.014081
1790937541.407794,1790937542.348672,3.125078,2.218509,1.040565,-0.007104,-0.680971,0.732206,0.010138,-85.845,-0.195,178.595,-0.006628,-0.606500,-0.035756,-0.071383,-0.186702,0.047104
1790937541.441135,1790937542.379660,3.125621,2.196862,1.039846,-0.005253,-0.681409,0.731849,0.007124,-85.911,-0.116,178.992,-0.010067,-0.624891,-0.012737,0.004254,-0.213333,0.066279
1790937541.474475,1790937542.409570,3.124616,2.182886,1.039120,-0.003723,-0.680961,0.732300,0.003830,-85.839,0.014,179.388,-0.020060,-0.634004,0.005249,0.058583,-0.168592,0.099302
1790937541.507816,1790937542.432997,3.123631,2.163052,1.039538,-0.003776,-0.680466,0.732770,0.000925,-85.762,0.245,179.628,-0.032665,-0.635450,0.017059,0.005320,-0.048215,0.172808
1790937541.541156,1790937542.457059,3.122413,2.142358,1.040255,-0.005772,-0.680866,0.732384,-0.001657,-85.826,0.614,179.689,-0.040439,-0.629735,0.028688,-0.069251,-0.014126,0.193049
1790937541.574497,1790937542.481698,3.121448,2.121527,1.041450,-0.006210,-0.681700,0.731593,-0.004197,-85.957,0.848,179.867,-0.028378,-0.624331,0.043447,-0.047944,-0.170725,0.039646
1790937541.607837,1790937542.512119,3.120915,2.100804,1.043004,-0.003522,-0.682083,0.731236,-0.006570,-86.014,0.809,-179.725,-0.022175,-0.619231,0.047730,-0.030900,-0.234643,-0.054099
1790937541.641178,1790937542.540783,3.120329,2.083357,1.044018,0.000099,-0.682840,0.730523,-0.008054,-86.132,0.622,-179.318,-0.029347,-0.613737,0.045546,-0.110797,-0.194165,-0.104169
1790937541.674517,1790937542.564581,3.119192,2.063251,1.045699,0.003431,-0.684469,0.728982,-0.008719,-86.389,0.397,-179.003,-0.041032,-0.618559,0.055380,-0.127841,-0.145162,-0.070079
1790937541.707858,1790937542.586710,3.117633,2.042618,1.047852,0.005150,-0.685189,0.728281,-0.009805,-86.504,0.340,-178.777,-0.053327,-0.626024,0.072712,0.048996,-0.094028,-0.005097
1790937541.741199,1790937542.617640,3.115872,2.021661,1.050488,0.006708,-0.683135,0.730184,-0.010625,-86.183,0.270,-178.586,-0.051856,-0.626570,0.080763,0.279100,-0.124923,-0.039187
1790937541.774539,1790937542.645614,3.114803,2.003076,1.052472,0.008259,-0.678902,0.734078,-0.012368,-85.524,0.267,-178.317,-0.049694,-0.614505,0.062411,0.364323,-0.141970,0.053493
1790937541.807879,1790937542.680459,3.113122,1.983955,1.053920,0.009034,-0.675319,0.737324,-0.014676,-84.967,0.372,-178.060,-0.048877,-0.599586,0.023200,0.154460,-0.119600,0.082256
1790937541.841220,1790937542.717615,3.111509,1.967460,1.053799,0.009245,-0.675206,0.737370,-0.017210,-84.950,0.550,-177.830,-0.041487,-0.591461,-0.002760,-0.131038,-0.094033,0.100366
1790937541.874561,1790937542.744823,3.110514,1.948035,1.053796,0.009751,-0.677618,0.735106,-0.018890,-85.326,0.645,-177.651,-0.026033,-0.589561,0.007233,-0.220522,-0.091902,0.011945
1790937541.907901,1790937542.778589,3.110010,1.928607,1.054513,0.011492,-0.679604,0.733224,-0.019706,-85.640,0.569,-177.448,-0.009121,-0.584352,0.036116,-0.079905,-0.128123,-0.079669
1790937541.941242,1790937542.812944,3.110008,1.909280,1.056025,0.014523,-0.679551,0.733215,-0.019879,-85.641,0.328,-177.198,-0.001963,-0.574733,0.049821,0.072431,-0.139842,-0.160632
1790937541.974582,1790937542.848622,3.109920,1.890176,1.057528,0.017292,-0.678319,0.734314,-0.019162,-85.459,0.034,-177.042,-0.006955,-0.572176,0.035403,0.102261,-0.025857,-0.099910
1790937542.007923,1790937542.883125,3.109578,1.871150,1.058178,0.017543,-0.677397,0.735188,-0.018019,-85.316,-0.079,-177.119,-0.013843,-0.575270,0.002874,0.027690,0.095583,-0.045580
1790937542.041264,1790937542.916297,3.109385,1.851843,1.057791,0.016223,-0.677446,0.735218,-0.016059,-85.319,-0.120,-177.387,-0.016459,-0.581997,-0.023659,-0.007463,0.173350,-0.032796
1790937542.074604,1790937542.945749,3.109315,1.832266,1.056664,0.014214,-0.677407,0.735341,-0.013836,-85.306,-0.124,-177.730,-0.011978,-0.585641,-0.044461,0.017037,0.179742,-0.002969
1790937542.107944,1790937542.977327,3.109158,1.812619,1.054879,0.012110,-0.677535,0.735295,-0.011882,-85.319,-0.098,-178.058,-0.007848,-0.589444,-0.060760,-0.046879,0.152042,-0.008296
1790937542.141284,1790937543.006398,3.109106,1.792907,1.052782,0.010900,-0.678422,0.734521,-0.010185,-85.455,-0.126,-178.295,-0.000276,-0.601830,-0.059315,-0.087360,0.084928,-0.053037
1790937542.174625,1790937543.035361,3.109425,1.772869,1.051071,0.010594,-0.679315,0.733722,-0.008469,-85.593,-0.231,-178.463,-0.000030,-0.613959,-0.039419,-0.046879,0.117950,-0.048777
1790937542.207966,1790937543.069606,3.109779,1.752338,1.050146,0.008917,-0.679445,0.733649,-0.005824,-85.610,-0.296,-178.816,-0.007831,-0.623251,-0.013914,0.034082,0.246848,-0.059432
1790937542.241306,1790937543.104306,3.110448,1.732384,1.049693,0.006546,-0.678863,0.734233,-0.001909,-85.515,-0.402,-179.330,-0.002013,-0.622752,0.002298,0.028754,0.271346,-0.079674
1790937542.274647,1790937543.143254,3.110382,1.715382,1.049454,0.003911,-0.679026,0.734101,0.002068,-85.537,-0.490,-179.870,0.004390,-0.619132,0.011510,-0.061794,0.271354,-0.049846
1790937542.307987,1790937543.175125,3.111133,1.694149,1.049980,0.002086,-0.679896,0.733287,0.005191,-85.671,-0.580,179.726,0.026051,-0.614105,0.016349,-0.072448,0.125408,-0.076480
1790937542.341328,1790937543.210664,3.112439,1.673765,1.050513,0.002166,-0.680689,0.732534,0.007225,-85.795,-0.745,179.562,0.036676,-0.612047,0.016076,-0.053272,0.056163,-0.087132
1790937542.374669,1790937543.243530,3.113791,1.656387,1.050600,0.001840,-0.681338,0.731917,0.008497,-85.897,-0.818,179.431,0.037799,-0.610073,0.012278,-0.079905,0.081742,0.022589
1790937542.408010,1790937543.277439,3.115056,1.636616,1.051070,0.000038,-0.682731,0.730618,0.008700,-86.115,-0.684,179.275,0.037353,-0.609463,0.014496,-0.142755,0.090264,0.103551
1790937542.441350,1790937543.308900,3.117009,1.616945,1.051752,-0.001962,-0.684189,0.729253,0.008477,-86.344,-0.501,179.138,0.044167,-0.613095,0.027862,-0.056466,0.055102,0.036437
1790937542.474691,1790937543.333334,3.118363,1.596481,1.052895,-0.002199,-0.683947,0.729470,0.009251,-86.306,-0.541,179.054,0.047779,-0.620314,0.039995,0.108653,0.035932,-0.063700
1790937542.508031,1790937543.356108,3.120158,1.575974,1.054215,-0.002385,-0.682025,0.731253,0.010244,-86.005,-0.601,178.955,0.043049,-0.624926,0.035840,0.191746,0.072150,0.001282
1790937542.541371,1790937543.379100,3.121681,1.555627,1.055079,-0.003756,-0.679899,0.733213,0.011001,-85.673,-0.542,178.783,0.036057,-0.616425,0.014801,0.117176,0.108370,0.049219
1790937542.574711,1790937543.402193,3.123047,1.535797,1.055190,-0.005532,-0.679367,0.733684,0.011698,-85.592,-0.446,178.586,0.029534,-0.600673,-0.004518,-0.062858,0.090259,0.005541
1790937542.608052,1790937543.431163,3.124420,1.516651,1.054907,-0.006410,-0.680873,0.732272,0.012187,-85.828,-0.413,178.477,0.028124,-0.584131,-0.005832,-0.169388,0.016751,0.052413
1790937542.641393,1790937543.460781,3.125924,1.502748,1.054735,-0.007151,-0.682826,0.730462,0.011089,-86.136,-0.269,178.512,0.025130,-0.568758,0.020191,-0.126774,-0.043975,0.071587
1790937542.674733,1790937543.487478,3.126588,1.486154,1.056148,-0.006877,-0.683541,0.729817,0.009543,-86.247,-0.172,178.663,0.025386,-0.566447,0.061181,0.030891,-0.124936,0.018321
1790937542.708074,1790937543.510237,3.127776,1.468450,1.058616,-0.004909,-0.682196,0.731111,0.007834,-86.034,-0.201,178.960,0.024304,-0.566499,0.081493,0.182163,-0.166484,-0.028551
1790937542.741415,1790937543.532788,3.128532,1.450271,1.061201,-0.002771,-0.679837,0.733326,0.006868,-85.663,-0.302,179.207,0.011632,-0.567564,0.068137,0.178968,-0.094044,-0.046661
1790937542.774755,1790937543.556812,3.128999,1.431864,1.062898,-0.000996,-0.678163,0.734883,0.006411,-85.401,-0.414,179.383,0.006275,-0.571956,0.032629,0.075634,-0.114286,-0.057314
1790937542.808096,1790937543.577507,3.129394,1.413194,1.063353,0.001221,-0.678014,0.735025,0.005847,-85.377,-0.557,179.602,-0.003334,-0.580990,-0.001428,-0.046872,-0.105767,-0.067968
1790937542.841437,1790937543.599286,3.129215,1.394170,1.062914,0.002515,-0.678722,0.734368,0.005838,-85.488,-0.666,179.704,-0.020136,-0.589655,-0.020429,-0.047936,-0.000304,-0.020030
1790937542.874777,1790937543.631241,3.128576,1.374850,1.062127,0.001924,-0.679037,0.734078,0.005885,-85.537,-0.620,179.655,-0.035240,-0.596535,-0.023023,-0.005325,0.058283,0.083302
1790937542.908118,1790937543.657819,3.128402,1.358374,1.061117,0.000140,-0.678787,0.734316,0.005345,-85.498,-0.428,179.561,-0.039400,-0.605045,-0.009599,0.053266,0.040168,0.105670
1790937542.941458,1790937543.679988,3.126624,1.340094,1.061123,-0.000936,-0.677645,0.735376,0.004139,-85.320,-0.243,179.579,-0.035821,-0.618370,0.007960,0.128903,-0.052508,0.073712
1790937542.974798,1790937543.702696,3.125657,1.320338,1.061646,-0.000900,-0.675920,0.736970,0.002326,-85.051,-0.104,179.734,-0.037200,-0.636642,0.024227,0.140622,-0.089795,0.088626
1790937543.008137,1790937543.731362,3.124629,1.299556,1.062698,-0.000711,-0.674287,0.738469,0.000311,-84.798,0.036,179.919,-0.042531,-0.650106,0.038709,0.121447,-0.086601,0.071580
1790937543.041477,1790937543.757466,3.124539,1.280378,1.063656,-0.000559,-0.673036,0.739608,-0.001555,-84.604,0.167,-179.911,-0.049373,-0.650148,0.044376,0.067116,-0.084479,0.098210
1790937543.074817,1790937543.780931,3.122437,1.260335,1.065214,-0.000237,-0.672437,0.740145,-0.003749,-84.511,0.309,-179.700,-0.056073,-0.645870,0.046145,0.035158,-0.123894,0.060924
1790937543.108157,1790937543.803336,3.120561,1.239787,1.066716,0.000786,-0.672006,0.740522,-0.005798,-84.444,0.380,-179.447,-0.064289,-0.642192,0.045758,0.043681,-0.110046,0.038553
1790937543.141498,1790937543.833987,3.118172,1.218900,1.068199,0.000918,-0.671534,0.740939,-0.007110,-84.371,0.469,-179.326,-0.079286,-0.636270,0.041894,0.007464,0.007134,0.081165
1790937543.174838,1790937543.870445,3.116122,1.199827,1.068960,-0.000930,-0.672065,0.740453,-0.007525,-84.453,0.658,-179.433,-0.092228,-0.626650,0.040952,-0.102263,0.117914,0.079033
1790937543.208178,1790937543.901337,3.112733,1.180281,1.070643,-0.002770,-0.673528,0.739127,-0.006601,-84.680,0.744,-179.655,-0.092697,-0.624711,0.062045,-0.098001,0.093417,-0.031755
1790937543.241518,1790937543.927269,3.110029,1.160177,1.073215,-0.002034,-0.673414,0.739245,-0.005090,-84.662,0.565,-179.726,-0.076815,-0.625335,0.091326,0.162996,-0.050397,-0.143612
1790937543.274858,1790937543.956136,3.107894,1.139864,1.076455,0.000516,-0.670214,0.742156,-0.004240,-84.167,0.282,-179.600,-0.069444,-0.616466,0.094935,0.334508,-0.101533,-0.104196
1790937543.308198,1790937543.982441,3.105909,1.119842,1.079200,0.002615,-0.666157,0.745795,-0.004309,-83.543,0.105,-179.432,-0.058789,-0.594878,0.065052,0.280180,-0.106862,-0.070106
1790937543.341538,1790937544.011622,3.104384,1.100519,1.080608,0.004971,-0.663971,0.747721,-0.005659,-83.210,0.005,-179.137,-0.038596,-0.572267,0.022163,0.035160,-0.244287,0.011919
1790937543.374878,1790937544.047685,3.103791,1.081734,1.080801,0.008636,-0.664911,0.746816,-0.009242,-83.360,-0.035,-178.551,-0.021108,-0.559762,-0.002031,-0.185354,-0.341230,0.003397
1790937543.408218,1790937544.082611,3.103919,1.064578,1.079952,0.012707,-0.667379,0.744503,-0.012593,-83.749,-0.121,-177.953,-0.014271,-0.552865,0.003268,-0.187488,-0.273060,-0.018975
1790937543.441557,1790937544.118304,3.103306,1.047656,1.080334,0.016277,-0.669064,0.742882,-0.014625,-84.020,-0.264,-177.506,-0.006837,-0.542002,0.016526,-0.096937,-0.210203,-0.080762
1790937543.474897,1790937544.156048,3.104050,1.031004,1.080744,0.019543,-0.670024,0.741920,-0.015517,-84.182,-0.470,-177.179,-0.001924,-0.538410,0.026583,-0.075631,-0.142046,-0.090347
1790937543.508238,1790937544.191413,3.101935,1.017200,1.081270,0.021777,-0.670747,0.741198,-0.015764,-84.304,-0.638,-176.986,-0.004744,-0.535608,0.026531,-0.047930,-0.063149,-0.057330
1790937543.541578,1790937544.226525,3.101617,0.999860,1.081977,0.022197,-0.671059,0.740916,-0.015176,-84.354,-0.718,-177.003,-0.010951,-0.539313,0.011740,-0.018102,0.093449,-0.014718
1790937543.574918,1790937544.259718,3.101012,0.982118,1.081998,0.020041,-0.671533,0.740580,-0.013547,-84.417,-0.658,-177.307,-0.016923,-0.547824,-0.008368,-0.050061,0.244720,0.042807
1790937543.608258,1790937544.284135,3.100425,0.964178,1.081490,0.016023,-0.672031,0.740263,-0.011298,-84.477,-0.489,-177.807,-0.010909,-0.553574,-0.018880,-0.005319,0.264960,0.070504
1790937543.641598,1790937544.310306,3.100392,0.946090,1.080743,0.012938,-0.671716,0.740634,-0.009574,-84.418,-0.361,-178.191,0.006325,-0.553928,-0.024867,0.054337,0.125407,0.031089
1790937543.674938,1790937544.332642,3.101002,0.927847,1.079786,0.011890,-0.671167,0.741154,-0.009145,-84.331,-0.306,-178.309,0.022073,-0.557380,-0.030946,0.026639,-0.006689,0.004456
1790937543.708278,1790937544.366930,3.102156,0.909491,1.078721,0.012617,-0.671081,0.741215,-0.009510,-84.319,-0.340,-178.222,0.036364,-0.569140,-0.028509,-0.007447,-0.075934,-0.032828
1790937543.741618,1790937544.394576,3.103370,0.894943,1.077493,0.014047,-0.670888,0.741360,-0.009834,-84.294,-0.437,-178.084,0.044061,-0.576237,-0.020146,0.037295,-0.071674,-0.060526
1790937543.774958,1790937544.417870,3.105325,0.875131,1.077002,0.015894,-0.670373,0.741792,-0.009627,-84.220,-0.612,-177.960,0.049384,-0.577860,-0.014439,0.027707,-0.081260,-0.112727
1790937543.808298,1790937544.440346,3.107155,0.856148,1.076471,0.018272,-0.670503,0.741626,-0.009169,-84.250,-0.848,-177.816,0.052139,-0.568146,-0.016118,-0.080951,-0.087652,-0.102075
1790937543.841638,1790937544.464613,3.108938,0.837876,1.075919,0.020541,-0.672334,0.739912,-0.008700,-84.542,-1.071,-177.679,0.052583,-0.563718,-0.011679,-0.215179,-0.069543,-0.099944
1790937543.874977,1790937544.496656,3.110704,0.819763,1.075655,0.022094,-0.674965,0.737477,-0.007853,-84.958,-1.260,-177.626,0.048306,-0.561026,-0.000765,-0.188545,0.010352,-0.097813
1790937543.908317,1790937544.522580,3.111834,0.807430,1.075426,0.022041,-0.676194,0.736367,-0.006348,-85.148,-1.368,-177.755,0.037914,-0.552697,0.012325,-0.003181,0.116878,-0.003001
1790937543.941657,1790937544.544590,3.112824,0.790841,1.076033,0.019799,-0.675303,0.737257,-0.005139,-84.999,-1.275,-178.033,0.032096,-0.548476,0.016933,0.134243,0.172274,0.065177
1790937543.974997,1790937544.567626,3.114062,0.773576,1.076369,0.016746,-0.673848,0.738668,-0.004335,-84.761,-1.083,-178.339,0.035244,-0.542676,0.003473,0.082044,0.150968,0.106722
1790937544.008337,1790937544.592404,3.115528,0.756367,1.076173,0.013645,-0.673500,0.739048,-0.004507,-84.696,-0.808,-178.565,0.039416,-0.542129,-0.011107,-0.024483,0.107290,0.140812
1790937544.041677,1790937544.615578,3.117231,0.739220,1.075609,0.011383,-0.674414,0.738248,-0.005109,-84.832,-0.568,-178.688,0.046178,-0.542592,-0.017182,-0.120361,0.028455,0.080089
1790937544.075018,1790937544.646612,3.119201,0.722190,1.075099,0.010629,-0.675952,0.736847,-0.005773,-85.069,-0.450,-178.689,0.048993,-0.544161,-0.008164,-0.107576,-0.000308,0.043868
1790937544.108358,1790937544.674213,3.120822,0.710172,1.074552,0.010210,-0.676565,0.736290,-0.005709,-85.163,-0.419,-178.727,0.041253,-0.533295,0.005934,0.020260,0.062535,-0.007265
1790937544.141698,1790937544.698377,3.121626,0.695463,1.074918,0.008495,-0.675624,0.737183,-0.004692,-85.013,-0.354,-178.946,0.026214,-0.518647,0.010908,0.101225,0.177590,0.071566
1790937544.175038,1790937544.721278,3.122244,0.679934,1.075203,0.004912,-0.674757,0.738016,-0.003404,-84.873,-0.152,-179.332,0.012351,-0.504432,0.009213,0.021330,0.238311,0.095003
1790937544.208378,1790937544.743884,3.122770,0.664542,1.075456,0.001298,-0.674976,0.737836,-0.001863,-84.905,0.034,-179.742,0.007173,-0.491186,0.010139,-0.059632,0.183980,0.073697
1790937544.241719,1790937544.766881,3.123255,0.649398,1.075876,-0.001319,-0.676020,0.736881,-0.001164,-85.067,0.202,179.996,0.001036,-0.482408,0.020711,-0.100112,0.112603,0.069434
1790937544.275059,1790937544.798151,3.123661,0.634266,1.076858,-0.003071,-0.676937,0.736034,-0.000824,-85.211,0.323,179.831,-0.001988,-0.481615,0.041111,-0.018083,0.064663,0.043866
1790937544.308399,1790937544.825504,3.123954,0.623166,1.077746,-0.003869,-0.676186,0.736721,-0.000614,-85.094,0.374,179.752,-0.001197,-0.477857,0.049428,0.124666,0.006063,-0.010463
1790937544.341738,1790937544.848910,3.123611,0.609852,1.079301,-0.002778,-0.674369,0.738389,-0.000458,-84.811,0.270,179.824,-0.000758,-0.475055,0.031395,0.132126,-0.093004,-0.057335
1790937544.375078,1790937544.874540,3.123714,0.595677,1.079737,-0.000758,-0.673320,0.739350,-0.001185,-84.648,0.156,-179.958,-0.004108,-0.477340,-0.003937,0.011748,-0.137748,-0.047749
1790937544.408418,1790937544.896133,3.123647,0.580885,1.079010,0.001815,-0.673900,0.738817,-0.002050,-84.738,0.005,-179.686,-0.008688,-0.483479,-0.033490,-0.097975,-0.146271,-0.071185
1790937544.441758,1790937544.917746,3.123223,0.565368,1.077660,0.004123,-0.675292,0.737534,-0.002627,-84.956,-0.145,-179.459,-0.018036,-0.490802,-0.043398,-0.113953,-0.083420,-0.044553
1790937544.475098,1790937544.938907,3.122582,0.549613,1.076279,0.004971,-0.676376,0.736533,-0.003114,-85.125,-0.178,-179.352,-0.028169,-0.496103,-0.034576,-0.051101,-0.044005,0.022561
1790937544.508439,1790937544.968674,3.121876,0.533682,1.075362,0.005359,-0.676530,0.736383,-0.004274,-85.149,-0.121,-179.224,-0.029443,-0.502076,-0.019085,0.027730,-0.096206,0.058779
1790937544.541779,1790937545.006109,3.121655,0.520084,1.074169,0.006028,-0.676064,0.736789,-0.006623,-85.078,0.004,-178.974,-0.029302,-0.506496,-0.009926,0.036253,-0.139893,0.074760
1790937544.575119,1790937545.028913,3.120531,0.504837,1.074050,0.006811,-0.675614,0.737169,-0.009020,-85.009,0.123,-178.711,-0.033158,-0.515021,-0.001337,0.025600,-0.113258,0.077954
1790937544.608459,1790937545.050428,3.119391,0.488768,1.074153,0.007087,-0.675516,0.737230,-0.010977,-84.994,0.251,-178.524,-0.038718,-0.517282,0.007955,-0.026596,-0.068516,0.094999
1790937544.641799,1790937545.072114,3.118150,0.472393,1.074578,0.006430,-0.676348,0.736435,-0.013267,-85.122,0.486,-178.382,-0.045855,-0.513242,0.019450,-0.108625,-0.079169,0.132284
1790937544.675139,1790937545.100535,3.116944,0.455956,1.075513,0.006546,-0.677617,0.735218,-0.015714,-85.320,0.669,-178.167,-0.045797,-0.512886,0.039060,-0.070272,-0.126046,0.076889
1790937544.708479,1790937545.125989,3.116413,0.441953,1.076376,0.007760,-0.677638,0.735140,-0.017762,-85.325,0.726,-177.901,-0.047988,-0.515273,0.053241,0.065018,-0.127120,0.005514
1790937544.741819,1790937545.149699,3.114252,0.426994,1.078180,0.008957,-0.676277,0.736354,-0.018755,-85.116,0.698,-177.723,-0.059287,-0.518451,0.049084,0.119350,-0.046154,-0.004071
1790937544.775158,1790937545.172184,3.111974,0.411267,1.079522,0.009146,-0.675051,0.737479,-0.018665,-84.925,0.671,-177.714,-0.073856,-0.520609,0.033962,0.061825,0.032678,-0.015791
1790937544.808498,1790937545.194065,3.109270,0.395156,1.080315,0.008487,-0.674861,0.737672,-0.018216,-84.895,0.691,-177.803,-0.085506,-0.514669,0.017878,-0.036180,0.052917,0.031082
1790937544.841838,1790937545.216426,3.106319,0.378976,1.080760,0.007262,-0.675897,0.736736,-0.018181,-85.053,0.795,-177.902,-0.093838,-0.507654,0.016235,-0.113946,0.058241,0.072628
1790937544.875179,1790937545.237354,3.103450,0.362783,1.081515,0.006142,-0.676904,0.735813,-0.018517,-85.208,0.919,-177.962,-0.086954,-0.502164,0.033194,-0.002091,-0.012068,0.011906
1790937544.908519,1790937545.259358,3.101077,0.346566,1.082878,0.007796,-0.675641,0.736955,-0.018560,-85.015,0.779,-177.828,-0.066184,-0.496149,0.044185,0.193924,-0.140971,-0.136168
1790937544.941863,1790937545.281230,3.099183,0.330425,1.084186,0.011630,-0.672896,0.739409,-0.018679,-84.597,0.455,-177.520,-0.056709,-0.488601,0.029536,0.198185,-0.185714,-0.107405
1790937544.975208,1790937545.310106,3.097311,0.314593,1.084701,0.014064,-0.671046,0.741018,-0.019802,-84.318,0.328,-177.236,-0.058773,-0.474006,0.001686,0.076742,-0.112211,-0.006202
1790937545.008553,1790937545.336747,3.095253,0.301633,1.083529,0.015530,-0.670684,0.741282,-0.021032,-84.267,0.297,-177.018,-0.051884,-0.452773,-0.018790,-0.024459,-0.132461,0.002323
1790937545.041898,1790937545.361213,3.093664,0.288796,1.082887,0.016976,-0.671330,0.740600,-0.023215,-84.373,0.345,-176.722,-0.042371,-0.433588,-0.019098,-0.089442,-0.158022,0.073695
1790937545.075242,1790937545.387780,3.092534,0.276209,1.082453,0.018136,-0.672571,0.739369,-0.025552,-84.569,0.433,-176.435,-0.032554,-0.417179,-0.001354,-0.111813,-0.121801,0.040670
1790937545.108587,1790937545.410277,3.091745,0.263821,1.082805,0.019324,-0.673630,0.738334,-0.026706,-84.738,0.427,-176.246,-0.017434,-0.406838,0.025277,-0.068135,-0.083452,-0.049878
1790937545.141932,1790937545.442173,3.091692,0.251392,1.084047,0.021661,-0.674045,0.737886,-0.026793,-84.814,0.238,-176.058,0.000620,-0.399721,0.047002,0.001111,-0.137783,-0.112731
1790937545.175277,1790937545.467970,3.088564,0.249267,1.084678,0.024602,-0.673303,0.738467,-0.026922,-84.715,-0.005,-175.820,0.004174,-0.388913,0.048094,0.083142,-0.107904,-0.101018
1790937545.208621,1790937545.491012,3.088598,0.236543,1.086089,0.026095,-0.672211,0.739412,-0.026845,-84.554,-0.143,-175.711,0.003209,-0.391310,0.027702,0.066097,-0.012029,-0.032838
1790937545.241966,1790937545.514375,3.088549,0.224038,1.086527,0.025656,-0.671845,0.739781,-0.026284,-84.495,-0.151,-175.793,0.004745,-0.398691,0.001645,0.001118,0.093435,-0.003010
1790937545.275311,1790937545.539151,3.088783,0.211338,1.086142,0.024299,-0.671829,0.739891,-0.024847,-84.485,-0.147,-176.019,0.012968,-0.405136,-0.021877,0.014964,0.132850,-0.014728
1790937545.308656,1790937545.562602,3.089523,0.198544,1.084958,0.023225,-0.671728,0.740070,-0.023196,-84.463,-0.184,-176.242,0.025436,-0.406182,-0.045087,-0.002079,0.088109,-0.034969
1790937545.342000,1790937545.590347,3.090741,0.185268,1.083135,0.022496,-0.672086,0.739796,-0.022271,-84.515,-0.192,-176.377,0.032637,-0.411095,-0.058795,-0.053212,0.061477,0.022555
1790937545.375346,1790937545.616818,3.092216,0.172558,1.081084,0.021594,-0.672906,0.739088,-0.021923,-84.637,-0.138,-176.476,0.041035,-0.415443,-0.057966,-0.064929,0.034843,0.012966
1790937545.408691,1790937545.642601,3.093957,0.160037,1.079283,0.021228,-0.673567,0.738499,-0.021795,-84.738,-0.114,-176.515,0.049061,-0.420142,-0.044828,-0.038296,0.009275,-0.006207
1790937545.442036,1790937545.666043,3.095994,0.146953,1.077973,0.021470,-0.673988,0.738127,-0.021168,-84.804,-0.181,-176.549,0.052467,-0.419837,-0.031864,-0.041491,0.026320,-0.053081
1790937545.475381,1790937545.689121,3.097997,0.134131,1.076939,0.021636,-0.674828,0.737386,-0.020024,-84.935,-0.280,-176.633,0.049826,-0.414095,-0.026560,-0.107539,0.064672,-0.055212
1790937545.508726,1790937545.711445,3.099729,0.121506,1.075970,0.021672,-0.676486,0.735924,-0.017715,-85.193,-0.454,-176.824,0.045604,-0.413030,-0.025606,-0.160804,0.120067,-0.128719
1790937545.542071,1790937545.740336,3.101248,0.108544,1.074983,0.021120,-0.678510,0.734143,-0.014568,-85.506,-0.644,-177.131,0.038536,-0.407444,-0.034423,-0.179978,0.193573,-0.088238
1790937545.575416,1790937545.767290,3.103858,0.110144,1.072253,0.018785,-0.680793,0.732151,-0.011043,-85.852,-0.715,-177.607,0.026973,-0.393490,-0.044421,-0.194887,0.303296,-0.016864
1790937545.608762,1790937545.789838,3.104526,0.097797,1.070810,0.014992,-0.682966,0.730258,-0.007483,-86.177,-0.669,-178.200,0.027626,-0.391716,-0.046301,-0.146947,0.291578,0.014028
1790937545.642107,1790937545.819082,3.106289,0.085612,1.069298,0.012179,-0.684406,0.728984,-0.004678,-86.395,-0.651,-178.654,0.038943,-0.392109,-0.042446,-0.088356,0.179721,-0.043497
1790937545.675451,1790937545.847432,3.109367,0.084872,1.066807,0.010891,-0.685166,0.728302,-0.002408,-86.511,-0.720,-178.944,0.048071,-0.390093,-0.033885,-0.046803,0.126455,-0.044566
1790937545.708797,1790937545.880350,3.111301,0.074173,1.065983,0.010009,-0.685610,0.727900,-0.000517,-86.578,-0.794,-179.170,0.053876,-0.393766,-0.026557,-0.035084,0.095557,-0.053086
1790937545.742141,1790937545.933171,3.113303,0.061422,1.065222,0.010069,-0.686181,0.727360,0.001152,-86.668,-0.930,-179.304,0.058609,-0.394496,-0.018948,-0.058520,0.036966,-0.095698
1790937545.775487,1790937545.979359,3.115674,0.049722,1.064693,0.010341,-0.686856,0.726715,0.002639,-86.775,-1.069,-179.406,0.055403,-0.391573,-0.011407,-0.053193,0.079576,-0.047762
1790937545.808832,1790937546.016414,3.117755,0.038042,1.064359,0.009233,-0.687421,0.726187,0.004519,-86.862,-1.124,-179.649,0.045665,-0.382897,-0.003788,-0.044669,0.171193,-0.027522
1790937545.842178,1790937546.068000,3.119517,0.026610,1.064415,0.006903,-0.687680,0.725951,0.006642,-86.898,-1.098,179.991,0.042400,-0.374008,0.007546,0.004335,0.180779,0.020415
1790937545.875523,1790937546.112248,3.122862,0.027490,1.063727,0.004980,-0.687401,0.726214,0.008272,-86.852,-1.066,179.704,0.049699,-0.356926,0.014028,0.021385,0.100887,0.000171
1790937545.908869,1790937546.148009,3.124506,0.017535,1.064255,0.005053,-0.687053,0.726533,0.009056,-86.797,-1.134,179.644,0.060561,-0.352839,0.014703,0.037364,-0.040800,-0.068008
1790937545.942232,1790937546.185918,3.126913,0.006937,1.064649,0.007048,-0.686519,0.727018,0.009368,-86.715,-1.324,179.774,0.060807,-0.351739,0.008253,0.053344,-0.074891,-0.110619
1790937545.975616,1790937546.217629,3.128679,-0.005598,1.064735,0.008862,-0.685638,0.727815,0.010360,-86.579,-1.553,179.832,0.047491,-0.347840,-0.002565,0.097022,0.017792,-0.115947
1790937546.009001,1790937546.242127,3.129921,-0.016409,1.064351,0.008830,-0.684334,0.729010,0.012392,-86.374,-1.710,179.657,0.027327,-0.331394,-0.019574,0.093827,0.161608,-0.047769
1790937546.042385,1790937546.268081,3.130350,-0.026310,1.063381,0.006175,-0.683720,0.729567,0.014855,-86.273,-1.680,179.242,0.009200,-0.304479,-0.034779,-0.022289,0.241506,0.040650
1790937546.075769,1790937546.300587,3.130782,-0.035151,1.062054,0.003017,-0.684617,0.728707,0.016629,-86.411,-1.557,178.848,0.009140,-0.275372,-0.035581,-0.130948,0.150956,0.072608
1790937546.109153,1790937546.326609,3.133507,-0.029186,1.060133,0.001104,-0.686531,0.726897,0.017165,-86.711,-1.442,178.657,0.011107,-0.242939,-0.014585,-0.195926,0.056144,0.024666
1790937546.142539,1790937546.348713,3.134181,-0.040039,1.060413,0.000990,-0.688729,0.724808,0.017480,-87.058,-1.462,178.626,0.013769,-0.230020,0.018277,-0.128814,-0.062102,-0.049904
1790937546.175924,1790937546.375125,3.135199,-0.047296,1.061563,0.003464,-0.689328,0.724252,0.016548,-87.154,-1.595,178.900,0.023056,-0.219277,0.046493,0.050156,-0.235747,-0.066950
1790937546.209310,1790937546.402039,3.136414,-0.053742,1.063253,0.007950,-0.688126,0.725407,0.014278,-86.970,-1.787,179.440,0.024568,-0.210841,0.047865,0.137511,-0.320970,-0.090387
1790937546.242696,1790937546.429513,3.137276,-0.061455,1.064615,0.012636,-0.686801,0.726644,0.011550,-86.771,-1.962,-179.967,0.015789,-0.207188,0.026841,0.074658,-0.290077,-0.052037
1790937546.276082,1790937546.457312,3.137201,-0.067322,1.065150,0.015888,-0.686365,0.727027,0.009108,-86.713,-2.040,-179.509,-0.001379,-0.204416,0.003405,0.002221,-0.171828,0.012943
1790937546.309469,1790937546.489643,3.136600,-0.072992,1.065055,0.016356,-0.686660,0.726758,0.007254,-86.762,-1.933,-179.317,-0.022100,-0.199539,-0.003202,-0.045718,-0.020557,0.091777
1790937546.342855,1790937546.526046,3.138297,-0.065961,1.064260,0.015715,-0.687143,0.726324,0.006404,-86.835,-1.813,-179.295,-0.026776,-0.179019,0.008882,-0.039319,-0.023753,0.043832
1790937546.376242,1790937546.557037,3.137451,-0.071591,1.065046,0.015880,-0.687444,0.726047,0.004961,-86.884,-1.712,-179.161,-0.024250,-0.166307,0.033291,-0.011621,-0.117500,0.077922
1790937546.409630,1790937546.589789,3.136944,-0.077042,1.066551,0.016410,-0.687679,0.725826,0.002037,-86.923,-1.526,-178.876,-0.024516,-0.153685,0.055759,-0.021208,-0.170764,0.119467
1790937546.443017,1790937546.620664,3.136385,-0.082541,1.068747,0.017656,-0.687860,0.725627,-0.001384,-86.957,-1.359,-178.493,-0.022535,-0.147624,0.073671,0.016076,-0.227226,0.064071
1790937546.476405,1790937546.652462,3.135926,-0.087080,1.071402,0.020448,-0.687070,0.726289,-0.004546,-86.844,-1.344,-178.011,-0.018777,-0.145224,0.081527,0.122606,-0.251727,-0.020086
1790937546.509794,1790937546.689141,3.135167,-0.091567,1.074023,0.023150,-0.685275,0.727886,-0.006709,-86.575,-1.404,-177.621,-0.029692,-0.142787,0.070546,0.153499,-0.128152,0.002286
1790937546.543181,1790937546.730440,3.135719,-0.082183,1.075329,0.024081,-0.683444,0.729564,-0.007817,-86.292,-1.401,-177.459,-0.038360,-0.126206,0.044985,0.111961,-0.051452,0.007607
1790937546.576570,1790937546.765714,3.133802,-0.086762,1.076392,0.024663,-0.682534,0.730393,-0.008136,-86.153,-1.428,-177.388,-0.046597,-0.119555,0.018211,0.028867,-0.023752,-0.027546
1790937546.609959,1790937546.796721,3.131964,-0.090181,1.076688,0.024865,-0.682611,0.730314,-0.008066,-86.166,-1.450,-177.378,-0.056494,-0.113979,0.003819,-0.042506,0.020989,0.015064
1790937546.643348,1790937546.828540,3.129920,-0.093310,1.076768,0.024143,-0.683051,0.729927,-0.008048,-86.231,-1.390,-177.436,-0.061101,-0.105690,0.003485,-0.007349,0.035903,0.033174
1790937546.676738,1790937546.859250,3.127902,-0.095626,1.076923,0.023536,-0.682800,0.730182,-0.008056,-86.188,-1.339,-177.483,-0.057800,-0.094159,0.005815,0.048045,0.010336,0.023587
1790937546.710127,1790937546.882835,3.126164,-0.097824,1.077061,0.023531,-0.682220,0.730722,-0.008244,-86.097,-1.326,-177.469,-0.051389,-0.080920,0.001554,0.026738,-0.017361,-0.004108
1790937546.743518,1790937546.907766,3.124469,-0.099472,1.076965,0.023439,-0.682166,0.730773,-0.008417,-86.088,-1.305,-177.461,-0.049572,-0.070167,-0.005305,-0.018001,0.025250,0.029978
1790937546.776908,1790937546.930736,3.122598,-0.100363,1.076655,0.022522,-0.682483,0.730509,-0.008211,-86.133,-1.243,-177.550,-0.047250,-0.060900,-0.009673,-0.026522,0.076384,0.037436
1790937546.810299,1790937546.953346,3.120980,-0.101186,1.076310,0.020630,-0.682731,0.730336,-0.007843,-86.163,-1.113,-177.729,-0.042963,-0.056577,-0.008045,-0.004150,0.116866,0.078982
1790937546.843689,1790937546.976647,3.119588,-0.101833,1.076128,0.018248,-0.682621,0.730508,-0.007314,-86.135,-0.956,-177.960,-0.035235,-0.054131,-0.001220,0.029939,0.122193,0.057677
1790937546.877081,1790937546.999753,3.118625,-0.102256,1.076136,0.016213,-0.682175,0.730977,-0.006859,-86.057,-0.822,-178.158,-0.022013,-0.052469,0.002560,0.036331,0.081712,0.059808
1790937546.910472,1790937547.023053,3.118424,-0.102907,1.076186,0.014991,-0.681913,0.731248,-0.006802,-86.012,-0.725,-178.258,-0.008577,-0.050552,0.001630,0.002244,0.022054,0.039566
1790937546.943833,1790937547.045914,3.118568,-0.103265,1.076178,0.014563,-0.681949,0.731219,-0.007234,-86.016,-0.655,-178.255,0.003430,-0.049564,0.000381,-0.005213,-0.026948,0.027848
1790937546.977166,1790937547.068196,3.118948,-0.103472,1.076147,0.015032,-0.682038,0.731118,-0.007989,-86.032,-0.635,-178.155,0.012938,-0.049006,0.000091,-0.009472,-0.071691,0.001216
1790937547.010499,1790937547.091371,3.119639,-0.104033,1.076148,0.016056,-0.682214,0.730924,-0.008765,-86.063,-0.660,-178.010,0.016877,-0.050361,0.001412,-0.017994,-0.073821,-0.014763
1790937547.043833,1790937547.113081,3.120260,-0.104241,1.076213,0.017163,-0.682331,0.730782,-0.009304,-86.086,-0.710,-177.878,0.019179,-0.051922,0.003229,-0.000948,-0.065298,-0.025417
1790937547.077166,1790937547.136568,3.120795,-0.104509,1.076343,0.017856,-0.682246,0.730839,-0.009782,-86.075,-0.731,-177.784,0.016000,-0.052270,0.005352,0.008640,-0.028013,0.018258
1790937547.110500,1790937547.165966,3.121232,-0.105242,1.076579,0.017597,-0.681976,0.731092,-0.010145,-86.032,-0.681,-177.774,0.011606,-0.050910,0.007885,0.041664,0.023119,0.023585
1790937547.143833,1790937547.200778,3.121431,-0.105287,1.076832,0.016944,-0.681310,0.731730,-0.010039,-85.925,-0.637,-177.835,0.009085,-0.046811,0.006873,0.057644,0.044426,0.019325
1790937547.177166,1790937547.235753,3.121630,-0.105154,1.076935,0.016049,-0.680755,0.732270,-0.009806,-85.835,-0.582,-177.925,0.006113,-0.041741,0.001533,0.026751,0.050817,0.031043
1790937547.210500,1790937547.267509,3.122009,-0.105510,1.076848,0.015004,-0.680660,0.732383,-0.009573,-85.816,-0.513,-178.026,0.004892,-0.036467,-0.003592,-0.011597,0.049753,0.032107
1790937547.243833,1790937547.311201,3.122187,-0.104924,1.076651,0.014241,-0.680899,0.732178,-0.009429,-85.851,-0.459,-178.097,0.004776,-0.030071,-0.004495,-0.025445,0.024185,0.016129
1790937547.277166,1790937547.345402,3.123296,-0.093739,1.075626,0.014125,-0.681067,0.732025,-0.009352,-85.877,-0.455,-178.113,0.006621,-0.019850,-0.001603,-0.012655,-0.017358,-0.017959
1790937547.310499,1790937547.374607,3.123066,-0.093002,1.075607,0.014682,-0.681065,0.732016,-0.009387,-85.878,-0.499,-178.066,0.005482,-0.018547,0.002586,0.011845,-0.028011,-0.019025
1790937547.343832,1790937547.407032,3.122782,-0.093053,1.075732,0.015050,-0.680857,0.732200,-0.009536,-85.847,-0.519,-178.025,0.001237,-0.017198,0.001101,0.013977,-0.005641,0.002282
1790937547.377165,1790937547.437759,3.122696,-0.092917,1.075723,0.014816,-0.680748,0.732305,-0.009614,-85.829,-0.493,-178.037,-0.002478,-0.016009,-0.001387,0.004392,0.016729,0.016129
1790937547.410498,1790937547.474094,3.122585,-0.093057,1.075676,0.014402,-0.680750,0.732311,-0.009597,-85.828,-0.460,-178.071,-0.003863,-0.015540,-0.001404,-0.004130,0.024187,0.016129
1790937547.443830,1790937547.503875,3.122380,-0.092687,1.075647,0.013828,-0.680749,0.732325,-0.009513,-85.826,-0.418,-178.123,-0.005884,-0.014406,0.001289,0.006522,0.036970,0.020389
1790937547.477163,1790937547.533665,3.122195,-0.092394,1.075754,0.013234,-0.680497,0.732574,-0.009146,-85.785,-0.398,-178.200,-0.005121,-0.012792,0.004203,0.032088,0.039101,-0.001981
1790937547.510496,1790937547.567718,3.122117,-0.092337,1.075924,0.012906,-0.679987,0.733057,-0.008847,-85.704,-0.395,-178.251,-0.003314,-0.011282,0.003852,0.041677,0.015665,-0.000914
1790937547.543828,1790937547.612150,3.121986,-0.091814,1.075966,0.012695,-0.679599,0.733421,-0.008789,-85.643,-0.382,-178.272,-0.002907,-0.009770,-0.000086,0.018240,0.008207,0.013998
1790937547.577161,1790937547.644358,3.121971,-0.091550,1.075877,0.012493,-0.679534,0.733485,-0.008761,-85.632,-0.368,-178.291,-0.003066,-0.008915,-0.003185,-0.007323,0.010338,-0.006241
1790937547.610493,1790937547.674088,3.122084,-0.091349,1.075764,0.012510,-0.679651,0.733378,-0.008648,-85.651,-0.378,-178.299,-0.001279,-0.007773,-0.003105,-0.010520,-0.013097,-0.014764
1790937547.643826,1790937547.710629,3.122152,-0.090571,1.075667,0.013187,-0.679707,0.733314,-0.008625,-85.661,-0.436,-178.248,0.000272,-0.005318,-0.001949,-0.006258,-0.042927,-0.035005
1790937547.677158,1790937547.741729,3.122273,-0.090252,1.075606,0.014133,-0.679770,0.733239,-0.008567,-85.674,-0.520,-178.179,-0.001747,-0.003380,-0.002000,-0.013715,-0.033337,-0.047790
1790937547.710490,1790937547.773167,3.122178,-0.089901,1.075526,0.015044,-0.680025,0.732989,-0.008236,-85.717,-0.622,-178.136,-0.005557,-0.002972,-0.002030,-0.027562,-0.018423,-0.046723
1790937547.743823,1790937547.803198,3.121725,-0.088920,1.075535,0.015677,-0.680203,0.732815,-0.007783,-85.747,-0.710,-178.124,-0.010389,-0.004500,0.003070,0.006527,0.001815,-0.033940
1790937547.777155,1790937547.842157,3.121362,-0.088511,1.075828,0.015871,-0.679894,0.733101,-0.007417,-85.699,-0.755,-178.140,-0.015411,-0.004001,0.009679,0.044878,0.012469,-0.017960
1790937547.810487,1790937547.878333,3.120803,-0.088190,1.076277,0.015694,-0.679086,0.733856,-0.007072,-85.572,-0.770,-178.184,-0.019210,-0.003456,0.011960,0.078968,0.032710,-0.004111
1790937547.843819,1790937547.910142,3.119924,-0.087399,1.076610,0.015142,-0.678210,0.734681,-0.006703,-85.434,-0.754,-178.258,-0.022004,-0.003642,0.008310,0.055531,0.047624,0.016128
1790937547.877150,1790937547.941019,3.119257,-0.086951,1.076832,0.014390,-0.677777,0.735100,-0.006295,-85.364,-0.723,-178.352,-0.022065,-0.004258,0.005761,0.019312,0.054016,0.004409
1790937547.910482,1790937547.962205,3.118607,-0.086484,1.077035,0.013887,-0.677635,0.735245,-0.005771,-85.340,-0.722,-178.435,-0.020431,-0.004024,0.006380,0.017181,0.043362,-0.005178
1790937547.943816,1790937547.996469,3.117601,-0.085220,1.077321,0.013570,-0.677338,0.735529,-0.005137,-85.293,-0.745,-178.513,-0.020038,-0.002864,0.009043,0.033162,0.032709,-0.030745
1790937547.977152,1790937548.032359,3.117004,-0.084620,1.077675,0.013735,-0.676784,0.736040,-0.004423,-85.207,-0.815,-178.561,-0.019782,-0.001456,0.008518,0.045946,0.011402,-0.033941
1790937548.010487,1790937548.063660,3.116247,-0.084051,1.077923,0.013609,-0.676287,0.736502,-0.003967,-85.129,-0.841,-178.610,-0.026250,-0.001526,0.004157,0.031032,0.047623,0.001214
1790937548.043823,1790937548.094802,3.115157,-0.083303,1.077965,0.012891,-0.676046,0.736738,-0.003391,-85.090,-0.826,-178.715,-0.030413,-0.001322,-0.000334,0.007598,0.055079,-0.011569
1790937548.077158,1790937548.135093,3.114145,-0.082762,1.077884,0.012571,-0.676025,0.736767,-0.002548,-85.085,-0.864,-178.811,-0.033621,-0.000205,-0.003806,-0.009446,0.043361,-0.030745
1790937548.110494,1790937548.167118,3.113054,-0.082129,1.077748,0.012483,-0.676193,0.736617,-0.001716,-85.111,-0.921,-178.888,-0.038186,0.000437,-0.005684,-0.009446,0.029512,-0.033941
1790937548.143829,1790937548.221550,3.111814,-0.081248,1.077543,0.012593,-0.676283,0.736533,-0.001030,-85.125,-0.983,-178.937,-0.043005,0.000895,-0.008226,-0.008380,0.023120,-0.024352
1790937548.177164,1790937548.249536,3.110850,-0.075586,1.077633,0.012373,-0.676323,0.736501,-0.000460,-85.131,-1.009,-179.002,-0.052308,0.002190,-0.009387,-0.009441,0.040168,-0.012634
1790937548.210500,1790937548.270960,3.108977,-0.075758,1.077294,0.012284,-0.676594,0.736254,0.000447,-85.173,-1.071,-179.085,-0.060825,0.001538,-0.011842,-0.038205,0.035908,-0.071227
1790937548.243834,1790937548.289937,3.106700,-0.075454,1.076859,0.012717,-0.677159,0.735725,0.001772,-85.262,-1.210,-179.162,-0.072914,-0.001051,-0.014688,-0.060576,0.043364,-0.073358
1790937548.277170,1790937548.324714,3.103909,-0.075336,1.076400,0.012742,-0.677976,0.734966,0.003301,-85.389,-1.330,-179.288,-0.091544,-0.004008,-0.014243,-0.077621,0.084912,-0.054182
1790937548.310505,1790937548.358569,3.100576,-0.075207,1.076022,0.011984,-0.678948,0.734073,0.004764,-85.538,-1.379,-179.468,-0.107055,-0.006358,-0.009360,-0.074425,0.088107,-0.014765
1790937548.343839,1790937548.392072,3.096912,-0.075171,1.075930,0.011130,-0.679600,0.733475,0.005814,-85.638,-1.388,-179.622,-0.116172,-0.012217,-0.001102,-0.020094,0.069997,-0.007309
1790937548.377174,1790937548.431271,3.092936,-0.075491,1.076154,0.010165,-0.679425,0.733647,0.006456,-85.608,-1.357,-179.751,-0.125310,-0.020851,0.004197,0.059803,0.067867,0.022518
1790937548.410509,1790937548.469088,3.088493,-0.075554,1.076399,0.009086,-0.678112,0.734868,0.007077,-85.401,-1.315,-179.890,-0.134594,-0.028563,-0.000354,0.152483,0.077454,0.010800
1790937548.443844,1790937548.498567,3.084436,-0.074702,1.077039,0.008084,-0.676233,0.736601,0.007938,-85.106,-1.298,179.956,-0.144711,-0.030161,-0.016531,0.112005,0.070002,-0.000916
1790937548.477179,1790937548.529485,3.079458,-0.076210,1.075972,0.007193,-0.675704,0.737090,0.008476,-85.022,-1.264,179.841,-0.157619,-0.029882,-0.035083,-0.040331,0.060414,0.033170
1790937548.510514,1790937548.566398,3.073891,-0.077062,1.074648,0.005509,-0.677007,0.735910,0.008169,-85.223,-1.098,179.738,-0.172864,-0.028118,-0.036218,-0.150057,0.048696,0.125853
1790937548.543848,1790937548.611401,3.068062,-0.077851,1.073705,0.003829,-0.678651,0.734420,0.006757,-85.478,-0.848,179.729,-0.179557,-0.026662,-0.017552,-0.087204,-0.032264,0.142897
1790937548.577183,1790937548.649900,3.062635,-0.077980,1.074250,0.002834,-0.678838,0.734272,0.003890,-85.507,-0.541,179.893,-0.183213,-0.028170,0.006227,0.055546,-0.121746,0.185507
1790937548.610518,1790937548.680570,3.056306,-0.079175,1.074617,0.002940,-0.677605,0.735420,0.000193,-85.315,-0.263,-179.788,-0.189766,-0.033786,0.013108,0.130117,-0.173945,0.129048
1790937548.643852,1790937548.707063,3.049584,-0.080354,1.074958,0.003596,-0.676143,0.736755,-0.003186,-85.087,-0.057,-179.452,-0.206332,-0.042622,0.000817,0.090702,-0.145182,0.115199
1790937548.677187,1790937548.734236,3.042296,-0.081791,1.074683,0.003860,-0.675492,0.737333,-0.006008,-84.986,0.139,-179.194,-0.229407,-0.049528,-0.015813,0.011869,-0.102570,0.104546
1790937548.710522,1790937548.764632,3.034217,-0.083262,1.073924,0.003926,-0.675786,0.737039,-0.008411,-85.032,0.320,-178.985,-0.253367,-0.042727,-0.027543,-0.070156,-0.113223,0.121591
1790937548.743856,1790937548.796802,3.025444,-0.084608,1.072956,0.004423,-0.677273,0.735631,-0.011354,-85.264,0.508,-178.699,-0.279195,-0.031760,-0.026333,-0.179881,-0.176075,0.074718
1790937548.777190,1790937548.829926,3.016085,-0.086240,1.072486,0.006803,-0.679316,0.733681,-0.013995,-85.586,0.517,-178.293,-0.289787,-0.038792,-0.004184,-0.124486,-0.239993,-0.022223
1790937548.810524,1790937548.860154,3.006363,-0.087659,1.072820,0.010323,-0.679953,0.733001,-0.016353,-85.692,0.407,-177.822,-0.296912,-0.045527,0.017756,0.007611,-0.250646,-0.056313
1790937548.843858,1790937548.904012,2.996295,-0.089232,1.073584,0.014207,-0.679413,0.733391,-0.018275,-85.619,0.229,-177.357,-0.307418,-0.044264,0.020082,0.052351,-0.253842,-0.078683
1790937548.877193,1790937548.933613,2.985929,-0.088940,1.075034,0.018381,-0.678608,0.733982,-0.020612,-85.509,0.057,-176.835,-0.311756,-0.043598,0.010242,0.048094,-0.306035,-0.037138
1790937548.910527,1790937548.963635,2.975295,-0.090463,1.074901,0.021905,-0.678140,0.734212,-0.024061,-85.452,0.027,-176.271,-0.319489,-0.047171,-0.007735,0.010809,-0.257033,0.055541
1790937548.943863,1790937548.993142,2.964397,-0.092114,1.074486,0.023293,-0.677878,0.734295,-0.027380,-85.418,0.167,-175.883,-0.328590,-0.055518,-0.016401,0.034245,-0.130263,0.100284
1790937548.977199,1790937549.034445,2.953425,-0.094114,1.073972,0.023864,-0.677399,0.734640,-0.029409,-85.347,0.274,-175.668,-0.325509,-0.065526,-0.016721,0.029985,-0.097240,0.025714
1790937549.010534,1790937549.066938,2.942652,-0.095825,1.074309,0.025148,-0.677184,0.734741,-0.030732,-85.321,0.267,-175.456,-0.315853,-0.070796,-0.016985,-0.019013,-0.148371,0.009733
1790937549.043870,1790937549.090955,2.932412,-0.098293,1.073529,0.027811,-0.677407,0.734338,-0.033067,-85.372,0.227,-175.052,-0.300717,-0.065454,-0.020703,-0.028603,-0.288991,-0.032876
1790937549.077205,1790937549.133888,2.922578,-0.100492,1.072826,0.032623,-0.677397,0.734004,-0.036136,-85.404,0.061,-174.419,-0.291523,-0.061063,-0.021861,-0.005167,-0.374216,-0.075488
1790937549.110541,1790937549.166251,2.912881,-0.102452,1.072078,0.038504,-0.676896,0.734018,-0.039326,-85.374,-0.188,-173.693,-0.288114,-0.058780,-0.024561,0.043835,-0.394456,-0.139405
1790937549.143877,1790937549.207732,2.903308,-0.104372,1.071118,0.044509,-0.675863,0.734472,-0.042176,-85.270,-0.480,-172.985,-0.285619,-0.049892,-0.037887,0.047031,-0.357171,-0.070161
1790937549.177212,1790937549.237844,2.893838,-0.103988,1.070594,0.048208,-0.675610,0.734258,-0.045752,-85.270,-0.514,-172.396,-0.290131,-0.035215,-0.046547,-0.062689,-0.262356,0.076846
1790937549.210546,1790937549.258633,2.884026,-0.105049,1.069061,0.049883,-0.676765,0.732832,-0.049579,-85.469,-0.344,-171.941,-0.288869,-0.028917,-0.031572,-0.124476,-0.213353,0.121588
1790937549.243882,1790937549.311969,2.874512,-0.105925,1.068538,0.051720,-0.678141,0.731188,-0.053044,-85.705,-0.212,-171.505,-0.279417,-0.024043,0.001001,-0.108497,-0.234658,0.039561
1790937549.277217,1790937549.339781,2.864916,-0.104473,1.070022,0.054289,-0.678919,0.730098,-0.055487,-85.857,-0.225,-171.098,-0.278147,-0.019639,0.036918,-0.045640,-0.160083,0.005470
1790937549.310552,1790937549.359668,2.855520,-0.105036,1.071573,0.054736,-0.678810,0.730069,-0.056744,-85.846,-0.165,-170.958,-0.288893,-0.016903,0.060515,0.066214,0.029537,0.080042
1790937549.343888,1790937549.394221,2.845674,-0.105530,1.073752,0.051822,-0.677812,0.731180,-0.057104,-85.655,0.093,-171.155,-0.301003,-0.013740,0.067368,0.131198,0.198919,0.167396
1790937549.377223,1790937549.436090,2.835514,-0.105812,1.075861,0.046885,-0.676443,0.732851,-0.056181,-85.385,0.418,-171.618,-0.308942,-0.009751,0.056292,0.142916,0.297993,0.136502
1790937549.410558,1790937549.464864,2.825194,-0.105908,1.077337,0.041537,-0.675205,0.734417,-0.054816,-85.138,0.746,-172.148,-0.312308,0.000955,0.031862,0.116284,0.268163,0.174853
1790937549.443893,1790937549.512809,2.814789,-0.105689,1.077949,0.036632,-0.674460,0.735430,-0.053891,-84.978,1.078,-172.605,-0.316768,0.006430,0.008229,0.056627,0.231944,0.121587
1790937549.477228,1790937549.542335,2.803536,-0.105023,1.078844,0.033159,-0.674154,0.735954,-0.052797,-84.902,1.282,-172.966,-0.319499,0.011949,-0.007376,0.020410,0.156307,0.040626
1790937549.510563,1790937549.572946,2.792959,-0.104617,1.078299,0.032334,-0.674140,0.736123,-0.051122,-84.894,1.222,-173.172,-0.320358,0.013414,-0.020806,0.000170,0.046580,-0.103188
1790937549.543898,1790937549.618107,2.781222,-0.104147,1.077858,0.033533,-0.674053,0.736251,-0.049619,-84.890,1.004,-173.207,-0.327612,0.019222,-0.031184,-0.006217,-0.019468,-0.135145
1790937549.577233,1790937549.684340,2.770431,-0.103823,1.076730,0.035343,-0.673936,0.736380,-0.048005,-84.887,0.725,-173.203,-0.341850,0.027500,-0.036169,0.011890,0.007165,-0.134081
1790937549.610568,1790937549.723699,2.758623,-0.102856,1.075452,0.035750,-0.673581,0.736810,-0.046072,-84.835,0.538,-173.335,-0.365435,0.036803,-0.040929,0.036392,0.137131,-0.072293
1790937549.643903,1790937549.748982,2.746043,-0.101471,1.074109,0.034255,-0.673100,0.737501,-0.043084,-84.748,0.428,-173.704,-0.381132,0.046372,-0.037719,0.064089,0.221289,-0.082946
1790937549.677237,1790937549.782074,2.733303,-0.099691,1.073004,0.033117,-0.672127,0.738631,-0.039661,-84.589,0.252,-174.082,-0.383546,0.057948,-0.028994,0.104570,0.131804,-0.136210
1790937549.710572,1790937549.815557,2.720130,-0.098059,1.072563,0.033442,-0.670390,0.740326,-0.037098,-84.323,0.013,-174.274,-0.385613,0.062771,-0.020784,0.174883,0.090258,-0.093600
1790937549.743906,1790937549.845286,2.707202,-0.095824,1.071835,0.032344,-0.667969,0.742648,-0.035290,-83.942,-0.051,-174.513,-0.386561,0.065489,-0.022178,0.224951,0.143522,-0.009440
1790937549.777241,1790937549.881966,2.694555,-0.093525,1.070950,0.030369,-0.665494,0.745006,-0.034063,-83.547,0.005,-174.769,-0.374714,0.069832,-0.030487,0.167425,0.125412,0.001212
1790937549.810576,1790937549.922414,2.682060,-0.091679,1.070340,0.029002,-0.663913,0.746527,-0.032796,-83.295,0.014,-174.982,-0.357003,0.063370,-0.030329,0.100315,0.077473,-0.050988
1790937549.843910,1790937549.962534,2.670416,-0.089551,1.069593,0.029139,-0.662792,0.747562,-0.031761,-83.124,-0.084,-175.060,-0.342210,0.063553,-0.028472,0.064097,-0.006683,-0.031814
1790937549.877245,1790937549.996045,2.659142,-0.087183,1.068651,0.029324,-0.662428,0.747871,-0.031908,-83.070,-0.091,-175.033,-0.341534,0.069757,-0.022172,-0.005146,-0.003487,0.029971
1790937549.910579,1790937550.032816,2.647825,-0.084676,1.068235,0.028365,-0.662721,0.747621,-0.032544,-83.108,0.041,-175.052,-0.341554,0.076408,-0.002648,-0.022191,0.026339,0.105608
1790937549.943915,1790937550.064896,2.636595,-0.081761,1.068387,0.027286,-0.663146,0.747228,-0.033823,-83.166,0.234,-175.024,-0.341499,0.094917,0.010386,-0.062672,-0.037577,0.087496
1790937549.977253,1790937550.099004,2.625359,-0.078167,1.068932,0.027396,-0.664715,0.745768,-0.035128,-83.407,0.334,-174.904,-0.347636,0.106633,0.023721,-0.189442,-0.069536,0.026774
1790937550.010591,1790937550.130877,2.613962,-0.074523,1.070006,0.028202,-0.667331,0.743350,-0.036123,-83.814,0.360,-174.759,-0.347817,0.101341,0.040518,-0.217138,-0.072732,0.040623
1790937550.043928,1790937550.171598,2.602437,-0.071391,1.071478,0.028820,-0.669719,0.741132,-0.037001,-84.186,0.392,-174.638,-0.349263,0.091283,0.045338,-0.166005,-0.042906,-0.016901
1790937550.077266,1790937550.211296,2.591305,-0.068117,1.073184,0.029592,-0.671342,0.739655,-0.036550,-84.442,0.304,-174.618,-0.352067,0.077241,0.044087,-0.105279,0.003968,-0.061646
1790937550.110602,1790937550.245043,2.579192,-0.066114,1.074531,0.030219,-0.672122,0.738981,-0.035290,-84.567,0.159,-174.676,-0.356513,0.060681,0.036229,-0.016862,0.041251,-0.088278
1790937550.143940,1790937550.281634,2.567387,-0.064077,1.075459,0.030266,-0.672022,0.739137,-0.033861,-84.552,0.044,-174.794,-0.362982,0.044109,0.017240,0.023618,0.079603,-0.015839
1790937550.177277,1790937550.316066,2.555235,-0.062877,1.075656,0.028790,-0.671788,0.739443,-0.033092,-84.506,0.108,-174.973,-0.371707,0.024651,-0.005198,0.018292,0.109431,0.049143
1790937550.210615,1790937550.355140,2.542676,-0.062642,1.075171,0.026698,-0.671843,0.739492,-0.032647,-84.501,0.251,-175.172,-0.377600,0.005866,-0.022379,-0.013666,0.106231,0.058731
1790937550.243952,1790937550.401614,2.531268,-0.061490,1.074327,0.025185,-0.672299,0.739153,-0.032131,-84.562,0.342,-175.333,-0.380874,-0.004711,-0.037159,-0.074384,0.057228,0.038487
1790937550.277290,1790937550.437665,2.518552,-0.061691,1.072885,0.024396,-0.673699,0.737889,-0.032469,-84.775,0.444,-175.366,-0.385517,-0.016020,-0.044936,-0.140433,-0.013078,0.056598
1790937550.310627,1790937550.473021,2.505707,-0.062499,1.071396,0.024216,-0.675364,0.736336,-0.033263,-85.032,0.531,-175.314,-0.392767,-0.033545,-0.043185,-0.116997,-0.018406,0.026768
1790937550.343965,1790937550.511344,2.492256,-0.064845,1.070046,0.024187,-0.676401,0.735389,-0.033155,-85.193,0.532,-175.326,-0.406145,-0.053749,-0.040507,-0.044557,0.031655,-0.028624
1790937550.377302,1790937550.544464,2.479899,-0.065314,1.068866,0.024020,-0.676507,0.735333,-0.032340,-85.209,0.483,-175.408,-0.419979,-0.062999,-0.044509,0.011905,0.044441,-0.003060
1790937550.410640,1790937550.567417,2.465261,-0.067380,1.067205,0.023126,-0.676414,0.735461,-0.032050,-85.189,0.535,-175.502,-0.441974,-0.065035,-0.055083,0.005516,0.041246,0.019310
1790937550.443977,1790937550.589970,2.450333,-0.069570,1.065053,0.023086,-0.676779,0.735124,-0.032085,-85.246,0.544,-175.502,-0.453600,-0.057908,-0.073257,-0.099950,-0.058891,-0.027563
1790937550.477315,1790937550.622752,2.435061,-0.071776,1.062568,0.024309,-0.678806,0.733215,-0.032055,-85.569,0.451,-175.411,-0.469382,-0.073870,-0.070036,-0.207544,0.009284,-0.043541
1790937550.510652,1790937550.650749,2.419329,-0.075103,1.060753,0.024347,-0.680707,0.731516,-0.030482,-85.866,0.337,-175.541,-0.480960,-0.095292,-0.047322,-0.057338,0.116875,-0.073371
1790937550.543988,1790937550.674924,2.403278,-0.078253,1.059431,0.023840,-0.680439,0.731855,-0.028699,-85.821,0.238,-175.730,-0.478066,-0.095354,-0.033627,0.099260,0.035914,-0.026496
1790937550.577326,1790937550.707516,2.387665,-0.081356,1.058365,0.024047,-0.679120,0.733037,-0.029582,-85.616,0.282,-175.640,-0.466544,-0.088373,-0.033143,0.068366,-0.150513,0.082163
1790937550.610663,1790937550.738637,2.372760,-0.084672,1.057305,0.025917,-0.679195,0.732734,-0.033506,-85.639,0.432,-175.164,-0.449231,-0.083234,-0.044327,-0.121254,-0.352923,0.107727
1790937550.644001,1790937550.763279,2.358305,-0.087130,1.055660,0.029931,-0.681406,0.730245,-0.039153,-86.010,0.553,-174.377,-0.435980,-0.086056,-0.048162,-0.260809,-0.433886,0.058723
1790937550.677338,1790937550.789323,2.344050,-0.090369,1.054289,0.035443,-0.684033,0.727299,-0.043351,-86.463,0.444,-173.595,-0.426941,-0.100216,-0.032311,-0.178781,-0.371033,-0.133028
1790937550.710675,1790937550.825624,2.329821,-0.094249,1.053596,0.040716,-0.684928,0.726053,-0.045424,-86.650,0.178,-173.008,-0.426087,-0.111664,-0.012492,0.005516,-0.225088,-0.095742
1790937550.744012,1790937550.859996,2.315629,-0.099039,1.053473,0.043183,-0.683984,0.726749,-0.046227,-86.526,0.027,-172.746,-0.434405,-0.117520,-0.008675,0.120565,-0.043995,-0.040346
1790937550.777350,1790937550.890298,2.301143,-0.102812,1.053041,0.042337,-0.682456,0.728232,-0.046267,-86.278,0.085,-172.809,-0.442055,-0.118536,-0.017611,0.112043,0.112603,0.089618
1790937550.810687,1790937550.922830,2.286339,-0.106963,1.052350,0.039531,-0.681696,0.729134,-0.045733,-86.132,0.270,-173.074,-0.445024,-0.120085,-0.021555,0.049190,0.174391,0.088553
1790937550.844024,1790937550.950367,2.271671,-0.111224,1.051754,0.036182,-0.681251,0.729771,-0.044967,-86.033,0.485,-173.400,-0.438122,-0.114686,-0.013339,0.069430,0.161604,0.106663
1790937550.877361,1790937550.982548,2.257426,-0.114999,1.051522,0.033429,-0.680448,0.730638,-0.045177,-85.885,0.724,-173.597,-0.425180,-0.099084,-0.000688,0.067299,0.045486,0.141818
1790937550.910698,1790937551.016256,2.244013,-0.119044,1.051923,0.031712,-0.680224,0.730795,-0.047204,-85.837,1.024,-173.561,-0.413395,-0.091358,0.020802,-0.020055,-0.062115,0.179104
1790937550.944037,1790937551.039751,2.230732,-0.121497,1.053096,0.031347,-0.680490,0.730375,-0.050040,-85.876,1.279,-173.351,-0.402665,-0.087154,0.052883,-0.001945,-0.129228,0.077900
1790937550.977375,1790937551.063940,2.217439,-0.124390,1.055398,0.032407,-0.679568,0.731085,-0.051496,-85.739,1.295,-173.144,-0.402122,-0.084443,0.081187,0.166371,-0.062113,-0.055260
1790937551.010713,1790937551.097561,2.203962,-0.127411,1.058331,0.033316,-0.676846,0.733596,-0.051057,-85.322,1.159,-173.106,-0.409106,-0.079422,0.088304,0.255856,0.012455,-0.062718
1790937551.044051,1790937551.125886,2.189088,-0.127286,1.061315,0.033061,-0.673858,0.736399,-0.050393,-84.856,1.102,-173.177,-0.421122,-0.067720,0.074346,0.204725,0.065745,0.015043
1790937551.077390,1790937551.149287,2.174902,-0.129137,1.063357,0.031183,-0.671893,0.738333,-0.049521,-84.537,1.175,-173.393,-0.433965,-0.053440,0.049151,0.139743,0.172275,0.027827
1790937551.110728,1790937551.183308,2.160349,-0.130590,1.064593,0.028668,-0.670561,0.739762,-0.047726,-84.314,1.237,-173.737,-0.439206,-0.033907,0.025798,0.099262,0.176537,-0.002001
1790937551.144066,1790937551.211814,2.146081,-0.131837,1.065464,0.026922,-0.669784,0.740642,-0.045983,-84.183,1.244,-174.019,-0.441721,-0.016778,0.013102,0.037475,0.111553,-0.013720
1790937551.177405,1790937551.247875,2.131360,-0.131735,1.065803,0.026343,-0.669729,0.740778,-0.044903,-84.171,1.210,-174.155,-0.444657,-0.002322,0.012308,-0.013658,0.026329,-0.042483
1790937551.210743,1790937551.276399,2.117128,-0.132130,1.066458,0.026890,-0.669789,0.740753,-0.044088,-84.184,1.101,-174.183,-0.449541,0.007994,0.018677,0.024692,0.000763,-0.075508
1790937551.244081,1790937551.305400,2.101852,-0.131313,1.067186,0.027486,-0.668854,0.741650,-0.042822,-84.044,0.946,-174.244,-0.459620,0.018641,0.026225,0.132288,0.060419,-0.079770
1790937551.277420,1790937551.342711,2.086442,-0.130578,1.068218,0.026781,-0.666446,0.743949,-0.040895,-83.669,0.840,-174.459,-0.468595,0.028732,0.031775,0.273972,0.152035,-0.044616
1790937551.310758,1790937551.379689,2.070774,-0.129452,1.069074,0.024706,-0.662929,0.747267,-0.038827,-83.117,0.834,-174.791,-0.474661,0.045486,0.014107,0.280365,0.192516,0.004388
1790937551.344096,1790937551.407917,2.055576,-0.127650,1.069229,0.022326,-0.660515,0.749572,-0.036927,-82.735,0.877,-175.132,-0.475070,0.058060,-0.017738,0.090745,0.152035,-0.013724
1790937551.377434,1790937551.445885,2.039892,-0.125484,1.068159,0.022017,-0.660514,0.749662,-0.035245,-82.734,0.776,-175.300,-0.460694,0.064877,-0.040194,-0.073310,-0.022672,-0.104273
1790937551.410773,1790937551.474327,2.026092,-0.122601,1.066751,0.024710,-0.661631,0.748617,-0.034732,-82.919,0.514,-175.141,-0.442399,0.080835,-0.051369,-0.128704,-0.178205,-0.146888
1790937551.444110,1790937551.501836,2.011535,-0.119701,1.065095,0.029226,-0.663017,0.747232,-0.034627,-83.159,0.128,-174.807,-0.435223,0.081943,-0.042840,-0.102071,-0.200575,-0.194827
1790937551.477448,1790937551.534078,1.997273,-0.116963,1.063966,0.033753,-0.663304,0.746799,-0.034340,-83.236,-0.278,-174.487,-0.425830,0.077845,-0.027429,0.043873,-0.185661,-0.190565
1790937551.510786,1790937551.566351,1.983385,-0.114141,1.063157,0.037850,-0.662110,0.747664,-0.034316,-83.087,-0.639,-174.178,-0.420759,0.085290,-0.023160,0.095008,-0.165421,-0.127713
1790937551.544124,1790937551.608999,1.969481,-0.111060,1.062510,0.040199,-0.661176,0.748338,-0.034936,-82.965,-0.800,-173.947,-0.421596,0.094360,-0.015780,0.015110,-0.090850,-0.020118
1790937551.577462,1790937551.638409,1.957293,-0.106616,1.062169,0.041205,-0.661756,0.747722,-0.035954,-83.063,-0.804,-173.782,-0.413273,0.111469,-0.012445,-0.156397,-0.101503,0.066165
1790937551.610801,1790937551.673794,1.943435,-0.102746,1.061802,0.042235,-0.664843,0.744812,-0.038136,-83.546,-0.699,-173.513,-0.410758,0.123250,-0.004088,-0.356674,-0.181400,0.068297
1790937551.644138,1790937551.700540,1.930315,-0.098369,1.062031,0.044486,-0.669575,0.740271,-0.041101,-84.296,-0.620,-173.083,-0.406710,0.124066,0.020209,-0.387568,-0.245318,0.055511
1790937551.677477,1790937551.743252,1.917079,-0.094341,1.063148,0.047132,-0.673388,0.736486,-0.043767,-84.914,-0.601,-172.649,-0.407412,0.108790,0.042837,-0.222445,-0.165421,0.003313
1790937551.710814,1790937551.773220,1.906569,-0.089675,1.064980,0.048799,-0.674952,0.734903,-0.044449,-85.174,-0.672,-172.460,-0.405240,0.086076,0.054205,-0.042407,-0.031196,-0.069131
1790937551.744152,1790937551.801563,1.892652,-0.087287,1.066810,0.050270,-0.674617,0.735180,-0.043299,-85.139,-0.888,-172.443,-0.398657,0.065273,0.053924,0.084362,-0.027998,-0.145833
1790937551.777490,1790937551.834598,1.879664,-0.085334,1.068477,0.051860,-0.672905,0.736683,-0.042500,-84.892,-1.101,-172.390,-0.396099,0.046949,0.042462,0.167455,-0.026934,-0.035041
1790937551.810828,1790937551.871063,1.866621,-0.083999,1.069517,0.051437,-0.670897,0.738515,-0.042968,-84.576,-1.050,-172.386,-0.400793,0.029042,0.017611,0.130170,0.033786,0.098118
1790937551.844166,1790937551.907293,1.853228,-0.083243,1.069621,0.048752,-0.670315,0.739155,-0.044157,-84.456,-0.738,-172.493,-0.406082,0.012507,-0.009293,-0.022166,0.110488,0.206779
1790937551.877503,1790937551.935099,1.839919,-0.082949,1.069041,0.045461,-0.671553,0.738182,-0.045135,-84.612,-0.372,-172.663,-0.402450,-0.002556,-0.020443,-0.125500,0.071071,0.125816
1790937551.910841,1790937551.980080,1.827225,-0.083196,1.068418,0.044347,-0.673037,0.736835,-0.046135,-84.830,-0.186,-172.664,-0.390303,-0.019360,-0.016114,-0.086083,-0.084461,0.069354
1790937551.944179,1790937552.008772,1.816701,-0.082797,1.068100,0.045573,-0.673419,0.736256,-0.048541,-84.902,-0.099,-172.365,-0.379289,-0.038796,-0.011105,0.015121,-0.192059,0.074677
1790937551.977515,1790937552.041658,1.803377,-0.084843,1.067693,0.046630,-0.672598,0.736740,-0.051490,-84.786,0.032,-172.033,-0.385933,-0.061452,-0.016733,0.099281,-0.141989,0.073614
1790937552.010852,1790937552.091216,1.790462,-0.087231,1.066842,0.047331,-0.671324,0.737672,-0.054070,-84.597,0.159,-171.760,-0.393378,-0.075738,-0.035846,0.084365,-0.150512,0.086396
1790937552.044189,1790937552.123216,1.777407,-0.089967,1.065372,0.048799,-0.670593,0.738015,-0.057077,-84.500,0.259,-171.391,-0.402122,-0.085635,-0.049801,0.008731,-0.237866,0.072547
1790937552.077526,1790937552.154784,1.764034,-0.092917,1.063725,0.051020,-0.670797,0.737351,-0.061164,-84.557,0.391,-170.871,-0.417319,-0.095035,-0.045574,-0.057317,-0.261305,0.088527
1790937552.110862,1790937552.183782,1.750135,-0.096224,1.062509,0.053559,-0.671214,0.736475,-0.064868,-84.652,0.469,-170.360,-0.427090,-0.102148,-0.027686,-0.029619,-0.276219,0.050175
1790937552.144199,1790937552.214267,1.736081,-0.099686,1.061862,0.056777,-0.670884,0.736170,-0.068877,-84.642,0.506,-169.770,-0.428299,-0.099349,-0.014098,0.040688,-0.335875,0.056567
1790937552.177535,1790937552.249484,1.722064,-0.102947,1.061537,0.060494,-0.669739,0.736426,-0.073940,-84.515,0.570,-169.051,-0.427338,-0.093249,-0.009567,0.063060,-0.424296,0.061892
1790937552.210872,1790937552.282422,1.708483,-0.106904,1.061117,0.065429,-0.669104,0.735888,-0.080548,-84.489,0.659,-168.105,-0.417618,-0.083874,-0.017603,-0.079690,-0.560664,0.125812
1790937552.244209,1790937552.317374,1.697633,-0.106970,1.060512,0.071231,-0.670636,0.733034,-0.088514,-84.816,0.819,-166.978,-0.414710,-0.085486,-0.027627,-0.288482,-0.569182,0.155635
1790937552.277545,1790937552.355502,1.683600,-0.110417,1.059455,0.077047,-0.673779,0.728663,-0.095589,-85.401,0.947,-165.927,-0.407456,-0.097815,-0.031053,-0.291679,-0.520176,0.053367
1790937552.310881,1790937552.393665,1.671434,-0.113257,1.058700,0.083150,-0.675574,0.725631,-0.100729,-85.792,0.884,-165.015,-0.401455,-0.102727,-0.024028,-0.107381,-0.390210,-0.028662
1790937552.344217,1790937552.435071,1.657274,-0.117188,1.058014,0.085768,-0.675432,0.724983,-0.104089,-85.821,0.931,-164.525,-0.419095,-0.110164,-0.021029,0.070522,-0.090861,0.125806
1790937552.377553,1790937552.468047,1.643379,-0.120737,1.057559,0.083032,-0.674226,0.726194,-0.105678,-85.580,1.255,-164.602,-0.438856,-0.119536,-0.027882,0.158944,0.205293,0.201441
1790937552.410890,1790937552.498850,1.628249,-0.124957,1.056384,0.077355,-0.673172,0.727891,-0.105020,-85.311,1.649,-165.100,-0.447811,-0.125627,-0.039684,0.119528,0.333128,0.151373
1790937552.444226,1790937552.533207,1.613232,-0.129372,1.054954,0.071059,-0.672933,0.729027,-0.103108,-85.166,2.015,-165.752,-0.447162,-0.126893,-0.044320,0.050284,0.350173,0.158829
1790937552.477562,1790937552.571001,1.598338,-0.133087,1.053505,0.065655,-0.673186,0.729521,-0.101536,-85.119,2.345,-166.306,-0.437171,-0.116091,-0.042462,0.016194,0.230859,0.156698
1790937552.510898,1790937552.607502,1.584124,-0.137250,1.052367,0.061990,-0.673684,0.729389,-0.101480,-85.141,2.654,-166.596,-0.425721,-0.105461,-0.031705,-0.021089,0.099828,0.133263
1790937552.544235,1790937552.646993,1.570475,-0.140545,1.051619,0.060078,-0.674227,0.728944,-0.102225,-85.197,2.881,-166.683,-0.414073,-0.098746,-0.008490,-0.032808,0.006081,0.070409
1790937552.577570,1790937552.683099,1.555953,-0.143715,1.052110,0.060473,-0.674215,0.728891,-0.102451,-85.201,2.866,-166.633,-0.403154,-0.093157,0.021718,0.042828,-0.039723,-0.074468
1790937552.610907,1790937552.713502,1.542668,-0.146748,1.053243,0.061418,-0.673037,0.730046,-0.101399,-85.032,2.683,-166.645,-0.407622,-0.090294,0.045782,0.133378,0.071067,-0.100036
1790937552.644243,1790937552.744445,1.528811,-0.149778,1.055062,0.060271,-0.671356,0.732007,-0.099069,-84.756,2.567,-166.927,-0.417218,-0.086526,0.061495,0.169599,0.208491,-0.040378
1790937552.677579,1790937552.780383,1.514914,-0.152629,1.057332,0.056822,-0.669429,0.734382,-0.096534,-84.412,2.624,-167.403,-0.421548,-0.078569,0.075122,0.215407,0.297974,0.069346
1790937552.710915,1790937552.815918,1.500737,-0.155037,1.060275,0.051460,-0.667057,0.737258,-0.094008,-83.978,2.840,-168.023,-0.424169,-0.067720,0.088032,0.273999,0.368285,0.067215
1790937552.744251,1790937552.856214,1.487088,-0.157071,1.063247,0.046322,-0.663967,0.740803,-0.090623,-83.445,2.964,-168.694,-0.413312,-0.050388,0.090791,0.311284,0.318215,-0.024397
1790937552.777586,1790937552.895738,1.473889,-0.158775,1.066437,0.043121,-0.660762,0.744269,-0.087166,-82.921,2.924,-169.224,-0.402444,-0.029670,0.078383,0.234587,0.228730,-0.060619
1790937552.810922,1790937552.934147,1.460431,-0.159508,1.068740,0.040907,-0.658873,0.746423,-0.084055,-82.612,2.848,-169.653,-0.402229,-0.013298,0.055179,0.089707,0.215947,-0.077664
1790937552.844258,1790937552.972473,1.447131,-0.159670,1.070153,0.039245,-0.658730,0.747013,-0.080665,-82.576,2.731,-170.072,-0.400012,0.001642,0.032570,-0.022148,0.195705,-0.095773
1790937552.877594,1790937553.013892,1.433998,-0.158837,1.070959,0.038152,-0.659442,0.746792,-0.077346,-82.675,2.581,-170.444,-0.401689,0.019976,0.018544,-0.046648,0.183989,-0.112820
1790937552.910929,1790937553.053587,1.420971,-0.158723,1.071425,0.037160,-0.660130,0.746590,-0.073837,-82.773,2.407,-170.825,-0.407189,0.037246,0.010966,-0.030672,0.192498,-0.118145
1790937552.944265,1790937553.089203,1.407318,-0.155688,1.071722,0.036153,-0.660664,0.746559,-0.069756,-82.847,2.189,-171.255,-0.414380,0.051107,0.006580,-0.039190,0.231929,-0.156499
1790937552.977601,1790937553.127035,1.393258,-0.153942,1.071879,0.034399,-0.661141,0.746661,-0.064863,-82.906,1.971,-171.811,-0.424886,0.056731,0.001733,0.006618,0.329936,-0.131998
1790937553.010937,1790937553.159413,1.379196,-0.151074,1.071731,0.030503,-0.661030,0.747376,-0.059490,-82.860,1.894,-172.570,-0.437980,0.062571,-0.009244,0.062014,0.444989,-0.053166
1790937553.044272,1790937553.196689,1.364506,-0.148916,1.071073,0.025480,-0.660618,0.748369,-0.053649,-82.765,1.877,-173.453,-0.445517,0.073397,-0.031931,0.065210,0.441793,-0.114954
1790937553.077608,1790937553.228809,1.349953,-0.145663,1.069515,0.022939,-0.660048,0.749394,-0.047108,-82.665,1.593,-174.207,-0.433575,0.087388,-0.056796,0.059883,0.291586,-0.254509
1790937553.110943,1790937553.264502,1.335749,-0.142760,1.067377,0.022462,-0.659669,0.750088,-0.041222,-82.606,1.185,-174.750,-0.421992,0.089859,-0.069918,0.000228,0.226602,-0.227877
1790937553.144279,1790937553.298146,1.322361,-0.139055,1.064912,0.022059,-0.660177,0.749899,-0.036478,-82.682,0.864,-175.190,-0.409318,0.093955,-0.073942,-0.069016,0.174403,-0.167157
1790937553.177614,1790937553.335118,1.309074,-0.136767,1.062497,0.022527,-0.661663,0.748726,-0.033244,-82.912,0.588,-175.435,-0.387565,0.102161,-0.069505,-0.168091,0.039095,-0.167154
1790937553.210948,1790937553.376961,1.297363,-0.131985,1.060452,0.024700,-0.663995,0.746707,-0.030483,-83.281,0.206,-175.508,-0.369205,0.107791,-0.043629,-0.195788,-0.000306,-0.228947
1790937553.244284,1790937553.414321,1.285339,-0.128423,1.059665,0.027721,-0.665599,0.745288,-0.027490,-83.545,-0.271,-175.533,-0.352009,0.109353,-0.004875,-0.061559,-0.036524,-0.261970
1790937553.277619,1790937553.455784,1.273855,-0.124999,1.060016,0.030833,-0.665118,0.745676,-0.025173,-83.492,-0.716,-175.494,-0.338803,0.114370,0.021552,0.120604,-0.037596,-0.175680
1790937553.310954,1790937553.498034,1.263734,-0.120372,1.060797,0.032017,-0.663216,0.747366,-0.023745,-83.209,-0.937,-175.528,-0.333148,0.115470,0.028819,0.148301,0.065739,-0.055304
1790937553.344290,1790937553.533833,1.252451,-0.117039,1.061777,0.031083,-0.661975,0.748551,-0.022238,-83.012,-0.979,-175.730,-0.326043,0.110952,0.028654,0.044966,0.121129,-0.022279
1790937553.377625,1790937553.569379,1.241741,-0.113444,1.062645,0.029546,-0.661961,0.748665,-0.020853,-82.999,-0.953,-175.966,-0.314096,0.108784,0.023573,-0.035995,0.118998,0.010744
1790937553.410960,1790937553.609735,1.231232,-0.111271,1.063375,0.028111,-0.662928,0.747879,-0.020318,-83.138,-0.866,-176.120,-0.299348,0.107889,0.021297,-0.106309,0.039081,0.049099
1790937553.444295,1790937553.647778,1.223116,-0.106084,1.063992,0.028107,-0.664510,0.746461,-0.020798,-83.380,-0.821,-176.077,-0.279516,0.112081,0.026344,-0.151050,-0.087678,0.028853
1790937553.477630,1790937553.681950,1.214638,-0.100981,1.064994,0.029545,-0.666422,0.744658,-0.022202,-83.683,-0.826,-175.845,-0.271443,0.112798,0.034734,-0.167027,-0.119620,0.005413
1790937553.510965,1790937553.714391,1.205479,-0.097300,1.066351,0.030533,-0.668289,0.742925,-0.022795,-83.977,-0.854,-175.717,-0.276928,0.102583,0.047418,-0.131873,0.001822,-0.023348
1790937553.544300,1790937553.750991,1.196218,-0.093783,1.068230,0.030382,-0.669554,0.741833,-0.021396,-84.171,-0.941,-175.846,-0.280344,0.084540,0.066084,-0.079673,0.107290,-0.080875
1790937553.577635,1790937553.794454,1.186651,-0.091721,1.070717,0.029858,-0.670454,0.741109,-0.018880,-84.306,-1.085,-176.099,-0.282815,0.063763,0.081466,-0.060497,0.128591,-0.093659
1790937553.610970,1790937553.827636,1.179802,-0.088672,1.073517,0.029275,-0.670629,0.741029,-0.016599,-84.329,-1.210,-176.337,-0.281197,0.047438,0.093045,0.048162,0.104092,-0.027615
1790937553.644304,1790937553.865038,1.169867,-0.088984,1.076765,0.028056,-0.669382,0.742222,-0.015741,-84.128,-1.179,-176.506,-0.283243,0.030874,0.096627,0.164276,0.073184,0.041632
1790937553.677638,1790937553.902647,1.160640,-0.087130,1.079912,0.026326,-0.666957,0.744460,-0.015980,-83.744,-1.025,-176.622,-0.283498,0.017550,0.089949,0.206891,0.067868,0.084241
1790937553.710973,1790937553.946121,1.151233,-0.086736,1.082705,0.024426,-0.664634,0.746591,-0.016343,-83.377,-0.845,-176.739,-0.284049,0.004077,0.076734,0.172801,0.078521,0.089568
1790937553.744307,1790937553.982728,1.144265,-0.085496,1.084896,0.022929,-0.662600,0.748438,-0.016632,-83.057,-0.704,-176.831,-0.276464,-0.003896,0.055043,0.134453,0.017803,0.048018
1790937553.777642,1790937554.017140,1.135332,-0.085603,1.086254,0.023155,-0.661649,0.749258,-0.017247,-82.913,-0.680,-176.762,-0.273346,-0.010410,0.026195,0.004488,-0.087658,-0.014833
1790937553.810977,1790937554.050863,1.126309,-0.085957,1.086673,0.024838,-0.662231,0.748669,-0.018110,-83.011,-0.757,-176.559,-0.278417,-0.014408,0.001165,-0.098846,-0.122813,-0.025487
1790937553.844311,1790937554.085298,1.116944,-0.086512,1.086383,0.026757,-0.663584,0.747378,-0.019138,-83.229,-0.836,-176.323,-0.289776,-0.015329,-0.016827,-0.128675,-0.134533,-0.025487
1790937553.877645,1790937554.120374,1.107070,-0.087128,1.085645,0.028274,-0.665012,0.746023,-0.020231,-83.458,-0.875,-176.112,-0.307249,-0.019197,-0.026232,-0.095650,-0.085528,0.016058
1790937553.910980,1790937554.156413,1.096664,-0.087952,1.084666,0.029024,-0.665956,0.745118,-0.021435,-83.608,-0.842,-175.951,-0.323996,-0.022412,-0.033287,-0.060496,-0.087660,0.028841
1790937553.944315,1790937554.189566,1.085661,-0.088889,1.083451,0.029414,-0.666515,0.744556,-0.022993,-83.697,-0.754,-175.788,-0.340531,-0.030004,-0.039844,-0.022146,-0.068486,0.094890
1790937553.977651,1790937554.214853,1.074031,-0.090122,1.081983,0.029000,-0.666681,0.744351,-0.025223,-83.720,-0.547,-175.629,-0.354857,-0.036267,-0.048652,-0.010428,-0.075943,0.133240
1790937554.010986,1790937554.238289,1.061850,-0.091578,1.080258,0.027919,-0.666856,0.744134,-0.028089,-83.739,-0.234,-175.467,-0.367852,-0.043670,-0.053817,-0.005101,-0.053572,0.207811
1790937554.044322,1790937554.262290,1.049372,-0.093202,1.078408,0.026516,-0.666939,0.743978,-0.031391,-83.744,0.139,-175.292,-0.375907,-0.044589,-0.057057,-0.007231,-0.106838,0.191833
1790937554.077658,1790937554.287821,1.036813,-0.095020,1.076450,0.026370,-0.667435,0.743370,-0.035157,-83.819,0.443,-174.982,-0.386925,-0.043926,-0.059438,-0.091391,-0.165430,0.153481
1790937554.110993,1790937554.319535,1.023557,-0.096736,1.074625,0.027214,-0.668890,0.741861,-0.038563,-84.048,0.642,-174.628,-0.400474,-0.047979,-0.048884,-0.131873,-0.181412,0.101282
1790937554.144328,1790937554.347644,1.011977,-0.096813,1.073142,0.028629,-0.670108,0.740532,-0.041822,-84.245,0.782,-174.242,-0.410857,-0.049462,-0.032766,-0.073279,-0.201651,0.104475
1790937554.177664,1790937554.379443,0.997891,-0.098427,1.072292,0.029664,-0.670517,0.739905,-0.045472,-84.314,0.979,-173.853,-0.431661,-0.049438,-0.021550,-0.009362,-0.183540,0.137500
1790937554.210999,1790937554.408075,0.983668,-0.098551,1.071466,0.030459,-0.670552,0.739584,-0.049486,-84.325,1.221,-173.450,-0.447586,-0.046239,-0.020018,-0.023210,-0.206974,0.157740
1790937554.244335,1790937554.432289,0.968776,-0.100389,1.070815,0.031180,-0.671089,0.738792,-0.053422,-84.412,1.469,-173.060,-0.465833,-0.049214,-0.019356,-0.082868,-0.159034,0.132173
1790937554.277671,1790937554.455679,0.953000,-0.102428,1.070217,0.031775,-0.672132,0.737632,-0.055917,-84.578,1.621,-172.804,-0.478729,-0.056116,-0.015204,-0.090324,-0.099378,0.061862
1790937554.311006,1790937554.478987,0.937022,-0.104794,1.069821,0.032715,-0.672898,0.736752,-0.057746,-84.703,1.691,-172.578,-0.480012,-0.066275,-0.009115,-0.031734,-0.138795,0.018186
1790937554.344342,1790937554.501873,0.921395,-0.107277,1.069523,0.034627,-0.672722,0.736681,-0.059551,-84.691,1.668,-172.277,-0.479381,-0.074848,-0.010888,0.033248,-0.167559,0.014990
1790937554.377677,1790937554.525710,0.905361,-0.110309,1.069045,0.035985,-0.672144,0.736979,-0.061558,-84.612,1.703,-172.000,-0.483765,-0.083558,-0.019115,0.022594,-0.102576,0.039493
1790937554.411012,1790937554.548588,0.889272,-0.113706,1.068237,0.036085,-0.672152,0.736830,-0.063178,-84.614,1.820,-171.855,-0.483460,-0.093354,-0.027805,-0.031735,-0.034400,0.109802
1790937554.444348,1790937554.580145,0.873239,-0.117465,1.067230,0.034950,-0.672950,0.736034,-0.064576,-84.728,2.032,-171.826,-0.479507,-0.102827,-0.029721,-0.076478,0.015668,0.091693
1790937554.477683,1790937554.606616,0.858502,-0.120175,1.066253,0.034650,-0.673758,0.735252,-0.065216,-84.850,2.116,-171.797,-0.460282,-0.103660,-0.022321,-0.045586,-0.059963,-0.006313
1790937554.511018,1790937554.632588,0.843598,-0.123692,1.065701,0.036177,-0.674066,0.734847,-0.065769,-84.911,2.034,-171.632,-0.440558,-0.101155,-0.011798,-0.024279,-0.108967,-0.044665
1790937554.544352,1790937554.657764,0.829120,-0.127218,1.065575,0.038134,-0.674112,0.734677,-0.066092,-84.935,1.895,-171.454,-0.427372,-0.102836,0.004754,0.007680,-0.072747,-0.092602
1790937554.577688,1790937554.679500,0.815010,-0.130811,1.066062,0.040231,-0.673302,0.735406,-0.064996,-84.829,1.625,-171.383,-0.411064,-0.107185,0.020826,0.130187,-0.017352,-0.186349
1790937554.611022,1790937554.714621,0.801596,-0.134827,1.066866,0.041479,-0.670924,0.737681,-0.062986,-84.473,1.336,-171.453,-0.397250,-0.103237,0.022719,0.231391,0.070001,-0.080883
1790937554.644358,1790937554.746217,0.789113,-0.137189,1.067489,0.039836,-0.668582,0.739999,-0.061750,-84.097,1.353,-171.680,-0.392783,-0.092525,0.017216,0.122731,0.174406,0.059735
1790937554.677693,1790937554.781314,0.776206,-0.139827,1.068168,0.036654,-0.668047,0.740780,-0.060113,-83.986,1.490,-172.063,-0.381411,-0.090034,0.028722,0.017266,0.234063,0.016058
1790937554.711028,1790937554.808666,0.765317,-0.143132,1.069360,0.033733,-0.667830,0.741319,-0.057551,-83.929,1.539,-172.506,-0.359567,-0.081839,0.049041,0.086508,0.225541,0.005405
1790937554.744363,1790937554.841570,0.753901,-0.145312,1.071235,0.030462,-0.666391,0.742925,-0.055303,-83.683,1.630,-172.945,-0.344246,-0.064467,0.059967,0.185582,0.239389,0.039494
1790937554.777697,1790937554.868109,0.743742,-0.148009,1.073037,0.026952,-0.664194,0.745170,-0.053305,-83.322,1.756,-173.379,-0.327353,-0.048610,0.053340,0.197298,0.223410,0.029906
1790937554.811032,1790937554.899242,0.733196,-0.149200,1.074513,0.023475,-0.662499,0.746949,-0.051099,-83.041,1.870,-173.829,-0.319005,-0.034277,0.032245,0.089702,0.274545,0.035232
1790937554.844367,1790937554.927177,0.723197,-0.151168,1.074894,0.019110,-0.662394,0.747352,-0.048314,-83.003,2.031,-174.399,-0.313661,-0.018875,0.001720,-0.021089,0.320351,0.081041
1790937554.877702,1790937554.958350,0.712835,-0.150898,1.074522,0.014343,-0.663200,0.746899,-0.045849,-83.107,2.257,-174.976,-0.306425,0.002581,-0.024607,-0.073287,0.287326,0.089564
1790937554.911036,1790937554.984875,0.703744,-0.150824,1.073090,0.010509,-0.664682,0.745756,-0.044004,-83.322,2.454,-175.430,-0.298056,0.024281,-0.041553,-0.128688,0.209557,0.057605
1790937554.944372,1790937555.014609,0.693611,-0.148520,1.071683,0.007710,-0.666414,0.744334,-0.042436,-83.582,2.584,-175.784,-0.293166,0.037147,-0.042714,-0.115901,0.179732,0.022450
1790937554.977709,1790937555.042031,0.684043,-0.146391,1.070185,0.006108,-0.667726,0.743281,-0.040460,-83.782,2.576,-176.079,-0.286356,0.048668,-0.039338,-0.074355,0.106226,-0.064904
1790937555.011044,1790937555.077167,0.674817,-0.144691,1.068971,0.006206,-0.668501,0.742653,-0.039160,-83.902,2.472,-176.186,-0.277917,0.058359,-0.036707,-0.053048,-0.009889,-0.047860
1790937555.044381,1790937555.104424,0.666691,-0.142079,1.067635,0.007360,-0.669108,0.742127,-0.038574,-83.998,2.332,-176.149,-0.276595,0.061760,-0.034001,-0.043461,-0.024803,-0.101125
1790937555.077718,1790937555.136576,0.657229,-0.140172,1.066550,0.008785,-0.669467,0.741852,-0.037308,-84.057,2.116,-176.149,-0.280461,0.062939,-0.033730,-0.012567,-0.002433,-0.113910
1790937555.111054,1790937555.168403,0.647907,-0.137992,1.065373,0.009875,-0.669589,0.741791,-0.036038,-84.079,1.926,-176.174,-0.284596,0.066574,-0.036538,-0.013633,0.014610,-0.071297
1790937555.144391,1790937555.204140,0.638398,-0.135694,1.064161,0.009464,-0.669804,0.741636,-0.035334,-84.111,1.908,-176.266,-0.294213,0.069043,-0.034676,-0.001915,0.090247,0.038426
1790937555.177727,1790937555.234100,0.628708,-0.133232,1.063093,0.007886,-0.669526,0.741938,-0.034660,-84.064,1.989,-176.444,-0.300208,0.078667,-0.029382,0.072654,0.090247,0.019251
1790937555.211063,1790937555.275878,0.619234,-0.130341,1.062188,0.007311,-0.668227,0.743143,-0.034025,-83.863,1.983,-176.539,-0.299721,0.089012,-0.027055,0.135507,-0.007759,-0.058514
1790937555.244400,1790937555.311342,0.610292,-0.126353,1.060994,0.008724,-0.666391,0.744806,-0.033325,-83.584,1.800,-176.486,-0.303572,0.097413,-0.038053,0.134442,-0.032262,-0.107520
1790937555.277736,1790937555.336800,0.599523,-0.123153,1.059461,0.009609,-0.665123,0.746005,-0.031566,-83.392,1.585,-176.566,-0.325490,0.104053,-0.054558,0.054544,0.111552,-0.133087
1790937555.311073,1790937555.366787,0.588387,-0.119546,1.057327,0.009245,-0.665134,0.746138,-0.028092,-83.393,1.351,-176.891,-0.342457,0.109794,-0.071861,-0.050919,0.175470,-0.133087
1790937555.344409,1790937555.406085,0.577045,-0.115791,1.054743,0.008818,-0.666452,0.745088,-0.024671,-83.595,1.131,-177.219,-0.351675,0.116092,-0.079567,-0.152122,0.124335,-0.153327
1790937555.377745,1790937555.437434,0.566244,-0.111015,1.051980,0.009139,-0.668571,0.743279,-0.021569,-83.923,0.874,-177.462,-0.360275,0.121208,-0.066156,-0.169170,0.109419,-0.108587
1790937555.411082,1790937555.467406,0.553793,-0.107066,1.050220,0.008757,-0.670204,0.741873,-0.019369,-84.174,0.743,-177.680,-0.369312,0.127190,-0.042491,-0.080749,0.104093,-0.061712
1790937555.444417,1790937555.507964,0.541210,-0.102729,1.049164,0.007892,-0.670811,0.741381,-0.017436,-84.266,0.670,-177.911,-0.378451,0.134090,-0.022113,-0.024287,0.128595,-0.041471
1790937555.477753,1790937555.536677,0.529418,-0.097569,1.048354,0.006936,-0.671312,0.740979,-0.015569,-84.342,0.609,-178.144,-0.379891,0.139028,-0.011935,-0.067969,0.089178,-0.041472
1790937555.511089,1790937555.563370,0.516692,-0.093042,1.048042,0.007063,-0.672563,0.739873,-0.014038,-84.536,0.483,-178.265,-0.380818,0.138565,-0.009613,-0.131886,0.025261,-0.113913
1790937555.544425,1790937555.613111,0.503789,-0.088491,1.047862,0.008056,-0.674113,0.738481,-0.012380,-84.778,0.275,-178.330,-0.391981,0.133977,0.001505,-0.097796,0.050828,-0.065974
1790937555.577761,1790937555.643294,0.491154,-0.083950,1.048063,0.007088,-0.674944,0.737750,-0.011213,-84.905,0.268,-178.504,-0.413172,0.132361,0.024538,-0.016836,0.142443,0.054402
1790937555.611097,1790937555.666458,0.477083,-0.079519,1.049403,0.004715,-0.674580,0.738120,-0.009971,-84.845,0.372,-178.792,-0.426388,0.132105,0.053141,0.089693,0.143508,0.016052
1790937555.644433,1790937555.712237,0.462862,-0.075100,1.051501,0.003278,-0.673119,0.739471,-0.009053,-84.618,0.421,-178.980,-0.422822,0.129552,0.069488,0.119522,0.035913,0.016052
1790937555.677769,1790937555.743370,0.449811,-0.070779,1.053722,0.003141,-0.672144,0.740356,-0.009196,-84.467,0.442,-178.978,-0.419015,0.123429,0.073560,0.021513,-0.025873,0.003269
1790937555.711106,1790937555.766079,0.436068,-0.066721,1.056199,0.003725,-0.672410,0.740111,-0.009295,-84.508,0.400,-178.925,-0.418585,0.112708,0.074854,-0.062645,-0.040787,-0.046800
1790937555.744441,1790937555.797420,0.422106,-0.063137,1.058778,0.005152,-0.673319,0.739280,-0.008919,-84.651,0.252,-178.847,-0.419946,0.096157,0.082020,-0.070101,-0.054636,-0.112848
1790937555.777777,1790937555.836736,0.408002,-0.060279,1.061642,0.007334,-0.673697,0.738930,-0.007772,-84.712,-0.021,-178.776,-0.425791,0.078164,0.087619,0.032165,-0.031201,-0.135220
1790937555.811113,1790937555.867550,0.393927,-0.057993,1.064357,0.008347,-0.672649,0.739882,-0.006897,-84.552,-0.176,-178.772,-0.437789,0.062674,0.078079,0.128042,0.022064,-0.004188
1790937555.844449,1790937555.905188,0.379013,-0.056224,1.066717,0.006792,-0.670881,0.741503,-0.006693,-84.276,-0.063,-178.909,-0.456746,0.045780,0.060432,0.149347,0.155226,0.098078
1790937555.877784,1790937555.930988,0.363421,-0.054926,1.068320,0.002841,-0.669310,0.742955,-0.005753,-84.029,0.199,-179.292,-0.474567,0.030078,0.035922,0.092886,0.266017,0.118318
1790937555.911119,1790937555.971413,0.347464,-0.054083,1.069103,-0.001765,-0.668626,0.743585,-0.004188,-83.922,0.471,-179.778,-0.481447,0.016315,0.013495,0.016186,0.252168,0.120450
1790937555.944455,1790937556.001695,0.331116,-0.053640,1.069242,-0.006033,-0.668769,0.743439,-0.003284,-83.948,0.766,179.817,-0.487863,0.002475,0.001890,-0.028556,0.188252,0.130037
1790937555.977792,1790937556.040305,0.314847,-0.053834,1.069295,-0.009051,-0.668950,0.743247,-0.002790,-83.981,0.985,179.544,-0.494548,-0.010297,0.001136,0.020446,0.129660,0.065055
1790937556.011128,1790937556.068914,0.297900,-0.054112,1.069217,-0.011744,-0.668162,0.743921,-0.001757,-83.865,1.136,179.250,-0.510959,-0.019970,0.001732,0.104604,0.208494,0.068251
1790937556.044464,1790937556.109559,0.280751,-0.055106,1.069203,-0.015229,-0.666630,0.745233,-0.000121,-83.640,1.310,178.847,-0.522743,-0.018481,-0.008409,0.110997,0.177600,0.022443
1790937556.077800,1790937556.143983,0.262908,-0.054621,1.068362,-0.016730,-0.665712,0.746021,0.000527,-83.504,1.390,178.678,-0.518631,-0.000109,-0.031850,0.009794,-0.024805,0.041618
1790937556.111136,1790937556.168959,0.245145,-0.053508,1.066776,-0.014851,-0.666406,0.745442,-0.000245,-83.604,1.287,178.887,-0.517773,0.012525,-0.054741,-0.149999,-0.196319,-0.211920
1790937556.144473,1790937556.209484,0.228099,-0.053536,1.064797,-0.007718,-0.668885,0.743324,0.001695,-83.969,0.528,179.264,-0.510527,-0.003836,-0.065232,-0.195807,-0.295390,-0.502747
1790937556.177809,1790937556.237159,0.210766,-0.053035,1.062294,0.001865,-0.670744,0.741671,0.004721,-84.249,-0.521,179.742,-0.499254,-0.019426,-0.080766,-0.103126,-0.283672,-0.496353
1790937556.211145,1790937556.272949,0.194324,-0.053936,1.059149,0.009263,-0.671777,0.740662,0.007037,-84.417,-1.328,-179.884,-0.493242,-0.022697,-0.109665,-0.063709,-0.181405,-0.251335
1790937556.244481,1790937556.303947,0.177577,-0.053780,1.055189,0.012505,-0.671873,0.740526,0.007126,-84.439,-1.610,-179.642,-0.476188,-0.023191,-0.117369,0.089692,-0.102571,-0.023362
1790937556.277817,1790937556.335854,0.161444,-0.053841,1.051320,0.013563,-0.669803,0.742391,0.006022,-84.123,-1.616,-179.471,-0.445598,-0.021902,-0.110405,0.242030,-0.086593,0.012856
1790937556.311153,1790937556.368334,0.147371,-0.054663,1.047583,0.014876,-0.666713,0.745154,0.004289,-83.651,-1.598,-179.229,-0.400245,-0.021986,-0.115801,0.230312,-0.179273,0.065057
1790937556.344488,1790937556.392330,0.134908,-0.055480,1.043526,0.017282,-0.664997,0.746645,0.001149,-83.396,-1.566,-178.781,-0.358861,-0.020419,-0.127785,-0.004051,-0.270889,-0.012708
1790937556.377823,1790937556.441551,0.123856,-0.056337,1.039141,0.021328,-0.666567,0.745139,-0.001236,-83.655,-1.727,-178.264,-0.323034,-0.023120,-0.132108,-0.258659,-0.285804,-0.094737
1790937556.411159,1790937556.471344,0.114094,-0.057233,1.034889,0.025941,-0.670399,0.741540,-0.003387,-84.270,-1.945,-177.717,-0.287326,-0.029025,-0.118233,-0.336426,-0.301787,-0.062779
1790937556.444495,1790937556.504376,0.105124,-0.058106,1.031232,0.030523,-0.673916,0.738154,-0.005889,-84.844,-2.127,-177.142,-0.254350,-0.032235,-0.103027,-0.222438,-0.293264,-0.068106
1790937556.477831,1790937556.530258,0.097730,-0.059770,1.027799,0.033649,-0.676088,0.736005,-0.008322,-85.204,-2.194,-176.687,-0.232998,-0.038028,-0.100980,-0.127629,-0.141994,0.102341
1790937556.511166,1790937556.567268,0.089609,-0.061076,1.024459,0.031850,-0.677202,0.735032,-0.010506,-85.365,-1.868,-176.640,-0.227045,-0.043006,-0.100310,-0.048797,0.138178,0.204609
1790937556.544502,1790937556.611376,0.081801,-0.062642,1.021094,0.026799,-0.677391,0.735069,-0.009871,-85.361,-1.491,-177.086,-0.216330,-0.046846,-0.101230,0.073711,0.337389,0.165193
1790937556.577837,1790937556.647239,0.075020,-0.065487,1.017730,0.020290,-0.675699,0.736855,-0.008051,-85.063,-1.090,-177.748,-0.195799,-0.054721,-0.102432,0.234568,0.386393,0.215264
1790937556.611173,1790937556.680238,0.068720,-0.067177,1.014066,0.013272,-0.672388,0.740053,-0.006388,-84.523,-0.633,-178.435,-0.173979,-0.056477,-0.120714,0.305942,0.357632,0.182238
1790937556.644509,1790937556.718060,0.063431,-0.070557,1.009548,0.007789,-0.668825,0.743364,-0.004681,-83.960,-0.305,-179.004,-0.146177,-0.063810,-0.152721,0.263329,0.266015,0.141758
1790937556.677844,1790937556.751420,0.059507,-0.072894,1.003786,0.003178,-0.666119,0.745828,-0.003925,-83.538,0.028,-179.422,-0.124157,-0.070078,-0.194803,0.151472,0.197830,0.115126
1790937556.711179,1790937556.778101,0.055481,-0.075914,0.996648,-0.000260,-0.665343,0.746532,-0.003028,-83.417,0.253,-179.761,-0.106656,-0.077630,-0.230391,0.015112,0.159489,0.081035
1790937556.744515,1790937556.803340,0.053358,-0.078221,0.988473,-0.001435,-0.665395,0.746483,-0.003193,-83.425,0.366,-179.836,-0.070397,-0.085203,-0.259063,-0.044541,-0.045047,-0.002058
1790937556.777849,1790937556.838099,0.052046,-0.081255,0.979329,-0.000639,-0.666337,0.745642,-0.003577,-83.570,0.328,-179.743,-0.056183,-0.089100,-0.289670,-0.097807,-0.041852,-0.046800
1790937556.811184,1790937556.869777,0.051444,-0.085342,0.969245,0.000640,-0.667734,0.744394,-0.003019,-83.785,0.176,-179.693,-0.046707,-0.088935,-0.316088,-0.111658,-0.013088,-0.116046
1790937556.844520,1790937556.897564,0.050379,-0.087997,0.958258,0.001774,-0.668864,0.743382,-0.000958,-83.959,-0.078,-179.782,-0.043197,-0.087665,-0.342960,-0.067981,0.076394,-0.129896
1790937556.877855,1790937556.938657,0.049343,-0.090848,0.946237,0.001915,-0.669483,0.742823,0.001586,-84.055,-0.285,-179.988,-0.040789,-0.084932,-0.381033,-0.036021,0.117940,-0.108591
1790937556.911190,1790937556.970238,0.049140,-0.093972,0.932658,0.001155,-0.669597,0.742712,0.004241,-84.072,-0.424,179.728,-0.038559,-0.082155,-0.434766,0.022568,0.154162,-0.032955
1790937556.944526,1790937557.009847,0.048156,-0.096954,0.917057,-0.000606,-0.669122,0.743129,0.005913,-83.999,-0.402,179.450,-0.033406,-0.073988,-0.505232,0.039613,0.117939,0.019243
1790937556.977863,1790937557.055521,0.047223,-0.099315,0.898758,-0.002429,-0.669036,0.743189,0.007412,-83.986,-0.361,179.182,-0.037183,-0.061979,-0.591662,-0.045610,0.165878,-0.022304
1790937557.011201,1790937557.090075,0.047752,-0.101230,0.877744,-0.002024,-0.669646,0.742613,0.009819,-84.080,-0.581,179.009,-0.009862,-0.056508,-0.667615,-0.072242,-0.072743,-0.288629
1790937557.044538,1790937557.120152,0.048400,-0.103466,0.854058,0.005091,-0.671400,0.740986,0.011652,-84.352,-1.329,179.402,0.015044,-0.046178,-0.758156,-0.200078,-0.356114,-0.295023
1790937557.077876,1790937557.154586,0.048618,-0.105050,0.827146,0.010616,-0.674656,0.737982,0.010464,-84.865,-1.707,179.936,-0.011566,-0.027438,-0.855613,-0.347091,-0.187796,-0.104333
1790937557.111214,1790937557.193408,0.048016,-0.105873,0.797293,0.013084,-0.679763,0.733232,0.011039,-85.667,-1.960,-179.908,-0.037696,0.005232,-0.931016,-0.448294,-0.003498,-0.114987
1790937557.144551,1790937557.231166,0.046052,-0.105985,0.765467,0.012739,-0.684523,0.728777,0.012228,-86.413,-2.024,179.978,-0.047772,0.028076,-0.973886,-0.274651,0.109425,0.070372
1790937557.177889,1790937557.264450,0.044722,-0.105183,0.732696,0.009258,-0.686597,0.726880,0.012048,-86.731,-1.719,179.725,-0.051049,0.040463,-0.990446,-0.049874,0.159493,0.172641
1790937557.211225,1790937557.291788,0.043617,-0.103345,0.699380,0.006324,-0.686447,0.727050,0.012180,-86.703,-1.485,179.483,-0.046135,0.056294,-1.007730,0.054523,0.108355,0.071437
1790937557.244563,1790937557.316095,0.042086,-0.101260,0.665476,0.004507,-0.685760,0.727694,0.013190,-86.592,-1.412,179.254,-0.050036,0.060386,-1.024442,0.039610,0.174403,0.011780
1790937557.277900,1790937557.344320,0.040778,-0.099146,0.631198,0.001740,-0.685329,0.728064,0.015593,-86.522,-1.370,178.835,-0.051490,0.052997,-1.030320,0.034283,0.259626,0.005387
1790937557.311238,1790937557.372552,0.039036,-0.097265,0.596755,-0.001161,-0.684757,0.728529,0.018753,-86.432,-1.375,178.343,-0.046469,0.058016,-1.035542,0.048132,0.232996,-0.053201
1790937557.344575,1790937557.402419,0.037477,-0.095342,0.562037,-0.001981,-0.684735,0.728459,0.021939,-86.429,-1.556,178.012,-0.039618,0.074911,-1.047244,-0.107400,0.087051,-0.128838
1790937557.377912,1790937557.434692,0.036088,-0.093094,0.527110,-0.002122,-0.687076,0.726216,0.023075,-86.797,-1.640,177.911,-0.039040,0.075688,-1.044890,-0.272524,0.033787,0.041608
1790937557.411250,1790937557.469278,0.034534,-0.090838,0.492581,-0.003327,-0.690873,0.722589,0.023438,-87.399,-1.580,177.795,-0.042100,0.077852,-1.024298,-0.334311,0.074270,-0.000999
1790937557.444587,1790937557.502490,0.033029,-0.088233,0.459030,-0.003930,-0.694869,0.718719,0.024172,-88.035,-1.601,177.695,-0.035238,0.092266,-0.986068,-0.339639,-0.002429,-0.013782
1790937557.477924,1790937557.533926,0.031871,-0.085151,0.426997,-0.003791,-0.699260,0.714471,0.023489,-88.737,-1.572,177.772,-0.027633,0.101850,-0.934551,-0.398231,-0.054628,0.043743
1790937557.511261,1790937557.570800,0.030756,-0.081866,0.396838,-0.003713,-0.704565,0.709267,0.022692,-89.590,-1.530,177.855,-0.029586,0.103096,-0.871279,-0.471738,-0.034387,-0.030825
1790937557.544599,1790937557.615411,0.029835,-0.078604,0.369295,0.001857,0.709217,-0.704619,-0.022778,-90.343,-1.701,178.009,-0.020514,0.095393,-0.775268,-0.238439,-0.152636,-0.119243
1790937557.577936,1790937557.648320,0.029264,-0.075568,0.345277,-0.001701,0.710544,-0.703324,-0.021433,-90.559,-1.883,178.410,-0.012839,0.093261,-0.668063,0.015099,-0.252774,-0.087284
1790937557.611273,1790937557.674155,0.028709,-0.072609,0.324596,-0.004765,0.709803,-0.704110,-0.019643,-90.441,-1.983,178.802,-0.021340,0.088802,-0.575070,0.123760,-0.126005,-0.020170
1790937557.644610,1790937557.703590,0.027965,-0.069608,0.306678,-0.005772,0.708354,-0.705608,-0.017862,-90.206,-1.917,179.024,-0.022099,0.091780,-0.503193,0.092865,-0.094044,0.134297
1790937557.677946,1790937557.736501,0.026967,-0.066838,0.291002,-0.004198,0.707651,-0.706374,-0.015755,-90.090,-1.618,179.065,-0.028225,0.079503,-0.436467,0.058777,0.038049,0.130036
1790937557.711283,1790937557.769782,0.026240,-0.064467,0.277639,0.002593,-0.706303,0.707770,0.013821,-89.871,-1.329,179.089,-0.007561,0.070538,-0.368353,0.184480,-0.088720,0.202476
1790937557.744620,1790937557.801660,0.026004,-0.062484,0.266112,0.001207,-0.704379,0.709758,0.009594,-89.559,-0.873,179.317,-0.002150,0.055063,-0.329351,0.084341,-0.112156,0.300485
1790937557.777957,1790937557.830851,0.025932,-0.060828,0.255573,-0.001779,-0.704749,0.709442,0.004276,-89.619,-0.201,179.509,-0.002918,0.034630,-0.297541,-0.143630,-0.072740,0.393167
1790937557.811294,1790937557.861428,0.025865,-0.060292,0.246603,-0.004987,-0.706302,0.707893,-0.000188,-89.872,0.420,179.612,0.008255,0.003032,-0.237477,-0.069059,-0.050368,0.254678
1790937557.844631,1790937557.897547,0.026458,-0.060667,0.239807,-0.006957,-0.706158,0.708008,-0.004150,-89.852,0.900,179.774,0.030887,-0.022281,-0.171493,0.077950,-0.122808,0.242960
1790937557.877968,1790937557.932772,0.027907,-0.061820,0.234938,-0.007192,-0.704670,0.709456,-0.007791,-89.612,1.214,-179.947,0.054549,-0.042149,-0.127061,0.154652,-0.178205,0.083166
1790937557.911305,1790937557.964812,0.029825,-0.063332,0.230952,-0.006070,-0.703204,0.710877,-0.011055,-89.373,1.385,-179.588,0.055536,-0.050216,-0.115190,0.037469,-0.162224,0.121516
1790937557.944642,1790937557.998710,0.031305,-0.065224,0.227196,-0.007122,-0.703633,0.710389,-0.014036,-89.444,1.712,-179.431,0.034422,-0.062969,-0.111325,-0.097822,0.000765,0.202479
1790937557.977991,1790937558.039633,0.032273,-0.067310,0.223480,-0.009687,-0.705144,0.708819,-0.015954,-89.693,2.076,-179.487,0.018086,-0.067156,-0.111521,-0.164935,0.044443,0.142823
1790937558.011344,1790937558.069177,0.032655,-0.069567,0.219779,0.010528,0.707674,-0.706271,0.016358,-90.105,2.179,-179.529,0.007685,-0.066185,-0.110188,-0.244832,-0.021604,-0.035080
1790937558.044698,1790937558.106529,0.032689,-0.071551,0.216352,0.008718,0.710421,-0.703569,0.014714,-90.547,1.901,-179.523,-0.024633,-0.066751,-0.092489,-0.177718,0.109425,-0.233227
1790937558.078052,1790937558.137554,0.031125,-0.073788,0.213618,0.009670,0.711892,-0.702147,0.010268,-90.789,1.616,-179.963,-0.067363,-0.059070,-0.074136,-0.042426,0.341660,-0.044670
1790937558.111404,1790937558.188387,0.028773,-0.075265,0.211233,0.014828,0.711731,-0.702277,0.005174,-90.777,1.616,179.207,-0.087591,-0.039081,-0.072287,0.071561,0.543002,0.056531
1790937558.144758,1790937558.223832,0.026021,-0.076021,0.208562,0.022029,0.711396,-0.702445,-0.001452,-90.753,1.655,178.086,-0.088250,-0.015456,-0.095075,-0.075448,0.642074,0.023505
1790937558.178111,1790937558.252270,0.023166,-0.076059,0.204636,0.029175,0.713794,-0.699684,-0.009454,-91.187,1.566,176.853,-0.071175,0.009555,-0.139479,-0.415277,0.573896,-0.181030
1790937558.211465,1790937558.282792,0.021788,-0.075152,0.199490,0.029795,0.720805,-0.692274,-0.017615,-92.344,0.909,176.138,-0.006437,0.018205,-0.136985,-0.788130,0.054030,-0.533642
1790937558.244819,1790937558.318960,0.021974,-0.075115,0.199455,0.026238,0.715242,-0.698094,-0.020143,-91.405,0.448,176.235,-0.033030,-0.022449,0.025802,0.295277,0.152037,0.404882
1790937558.278173,1790937558.354085,0.021457,-0.075767,0.199120,0.029566,0.715543,-0.697718,-0.017686,-91.476,0.914,176.158,0.011615,-0.039180,-0.001907,0.043867,-0.149441,0.053335
1790937558.311527,1790937558.387118,0.021528,-0.076697,0.199243,0.030332,0.714532,-0.698775,-0.015411,-91.315,1.167,176.279,-0.006821,-0.024738,0.005732,0.121634,-0.010952,0.150276
1790937558.344881,1790937558.418893,0.021303,-0.077107,0.199403,0.031524,0.713370,-0.699952,-0.013301,-91.134,1.441,176.353,-0.004100,-0.020503,-0.001492,0.034282,-0.111089,0.037355
1790937558.378235,1790937558.445627,0.021222,-0.077828,0.199248,0.031020,0.713694,-0.699677,-0.011429,-91.183,1.553,176.543,-0.003723,-0.019587,-0.002064,0.004456,-0.100437,0.060791
1790937558.411589,1790937558.480494,0.021050,-0.078005,0.199480,0.031730,0.712599,-0.700806,-0.008162,-91.009,1.882,176.750,-0.006351,-0.010681,0.009742,0.131226,-0.131329,0.251478
1790937558.444944,1790937558.508108,0.020912,-0.078338,0.199486,0.030743,0.710815,-0.702686,-0.005385,-90.711,2.037,177.059,0.009156,-0.000832,-0.033608,0.412463,-0.441331,-1.031136
1790937558.478298,1790937558.541453,0.021825,-0.077862,0.197749,-0.006918,-0.702409,0.711439,0.020706,-89.247,-1.103,177.754,0.018577,-0.001041,0.057266,1.925186,0.627159,-0.292886
1790937558.511652,1790937558.571296,0.021984,-0.077043,0.196333,-0.017721,-0.702485,0.711210,0.019524,-89.289,-0.127,176.981,-0.001806,0.012849,-0.016025,-0.279976,-0.073804,0.358009
1790937558.545006,1790937558.605008,0.021559,-0.076896,0.195972,-0.016333,-0.699921,0.713758,0.019839,-88.872,-0.255,177.066,-0.003792,-0.033438,-0.035088,-0.162790,0.010352,0.132168
1790937558.578360,1790937558.638681,0.021256,-0.077175,0.195368,-0.016263,-0.699818,0.713866,0.019656,-88.855,-0.246,177.087,-0.005667,-0.021148,-0.020023,0.000202,-0.014150,0.009659
1790937558.611715,1790937558.669956,0.021070,-0.077866,0.194668,-0.016276,-0.699789,0.713894,0.019664,-88.850,-0.245,177.085,-0.004455,-0.021275,-0.020370,-0.008321,0.000765,0.003270
1790937558.645070,1790937558.709756,0.020710,-0.077951,0.194077,-0.016315,-0.699769,0.713914,0.019607,-88.847,-0.238,177.086,-0.005160,-0.019833,-0.020204,-0.000860,0.006090,0.001140
1790937558.678424,1790937558.747960,0.020585,-0.078632,0.193357,-0.016350,-0.699767,0.713916,0.019587,-88.847,-0.233,177.085,-0.005236,-0.020031,-0.020599,0.003400,0.002894,0.002206
1790937558.711779,1790937558.784053,0.020393,-0.078599,0.192739,-0.016392,-0.699719,0.713963,0.019541,-88.840,-0.226,177.086,-0.005417,-0.018577,-0.020580,0.001273,-0.000300,0.001141
1790937558.745134,1790937558.815636,0.020379,-0.079260,0.192016,-0.016389,-0.699706,0.713975,0.019541,-88.838,-0.226,177.086,-0.004869,-0.018966,-0.021120,0.000206,0.002894,-0.002056
1790937558.778489,1790937558.849977,0.020075,-0.078515,0.191520,-0.016391,-0.699633,0.714047,0.019527,-88.826,-0.224,177.087,-0.005332,-0.015844,-0.020855,-0.001919,0.000764,0.000078
1790937558.811844,1790937558.870045,0.019726,-0.078896,0.190759,-0.016392,-0.699665,0.714017,0.019507,-88.831,-0.223,177.088,-0.005700,-0.015752,-0.020756,-0.004048,0.000763,-0.003118
1790937558.845199,1790937558.898885,0.019610,-0.079533,0.190061,-0.016349,-0.699730,0.713953,0.019508,-88.841,-0.227,177.092,-0.005796,-0.016215,-0.020992,-0.007244,-0.003497,-0.004183
1790937558.878554,1790937558.940206,0.019169,-0.078018,0.189578,-0.016323,-0.699705,0.713979,0.019515,-88.837,-0.229,177.093,-0.006512,-0.012215,-0.020808,-0.005108,0.001827,-0.005246
1790937558.911910,1790937558.967195,0.019080,-0.078814,0.188805,-0.016288,-0.699799,0.713886,0.019576,-88.852,-0.237,177.091,-0.006644,-0.013065,-0.021485,-0.004043,0.001827,-0.004181
1790937558.945265,1790937559.001023,0.018840,-0.077611,0.188382,-0.016242,-0.699757,0.713927,0.019582,-88.845,-0.241,177.094,-0.007061,-0.009818,-0.021281,-0.004037,0.001827,-0.000982
1790937558.978605,1790937559.030325,0.018289,-0.077626,0.187539,-0.016234,-0.699792,0.713894,0.019588,-88.851,-0.243,177.094,-0.008066,-0.009168,-0.022004,-0.000841,0.003958,-0.000983
1790937559.011938,1790937559.060242,0.018174,-0.078046,0.186805,-0.016232,-0.699810,0.713875,0.019599,-88.854,-0.244,177.094,-0.008095,-0.009471,-0.022455,-0.001907,0.002891,-0.004179
1790937559.045272,1790937559.080520,0.017908,-0.078263,0.186067,-0.016255,-0.699802,0.713883,0.019608,-88.853,-0.243,177.091,-0.008403,-0.009264,-0.022788,-0.001907,-0.000303,-0.002049
1790937559.078606,1790937559.122131,0.017608,-0.078433,0.185313,-0.016250,-0.699786,0.713898,0.019629,-88.850,-0.245,177.090,-0.008737,-0.009104,-0.023344,0.002355,0.002891,0.001147
1790937559.111939,1790937559.187477,0.017262,-0.078588,0.184527,-0.016267,-0.699768,0.713916,0.019613,-88.847,-0.242,177.090,-0.009098,-0.009071,-0.023430,0.000225,-0.003499,-0.002049
1790937559.145273,1790937559.219716,0.016543,-0.075871,0.184081,-0.016256,-0.699635,0.714047,0.019580,-88.826,-0.240,177.093,-0.010062,-0.003521,-0.023516,-0.000832,-0.003500,0.003282
1790937559.178607,1790937559.252532,0.016154,-0.076530,0.183200,-0.016241,-0.699653,0.714030,0.019548,-88.829,-0.238,177.097,-0.010423,-0.004154,-0.023765,0.003427,0.000761,-0.000979
1790937559.211940,1790937559.284348,0.016292,-0.074997,0.182853,-0.016222,-0.699572,0.714110,0.019582,-88.815,-0.242,177.096,-0.009845,-0.000930,-0.023297,-0.001894,0.000760,0.003284
1790937559.245274,1790937559.309969,0.015419,-0.075037,0.181737,-0.016239,-0.699585,0.714097,0.019563,-88.818,-0.240,177.096,-0.010807,-0.001072,-0.024056,0.001302,-0.007761,-0.003109
1790937559.278607,1790937559.343148,0.014632,-0.072523,0.181173,-0.016237,-0.699470,0.714211,0.019505,-88.799,-0.235,177.101,-0.011724,0.003627,-0.023917,0.003438,-0.000306,0.002221
1790937559.311941,1790937559.371423,0.014213,-0.070656,0.180706,-0.016241,-0.699383,0.714297,0.019476,-88.785,-0.231,177.103,-0.012054,0.007248,-0.023709,0.001314,0.000756,-0.000971
1790937559.345274,1790937559.398084,0.013814,-0.070430,0.179843,-0.016259,-0.699376,0.714304,0.019486,-88.784,-0.231,177.101,-0.012420,0.007419,-0.023994,0.000248,-0.000308,0.003288
1790937559.378607,1790937559.443722,0.013580,-0.070244,0.179059,-0.016264,-0.699388,0.714292,0.019466,-88.786,-0.229,177.102,-0.012401,0.007735,-0.024447,0.001314,-0.003504,-0.000972
1790937559.411940,1790937559.473317,0.014153,-0.069708,0.178892,-0.016229,-0.699340,0.714340,0.019452,-88.778,-0.230,177.106,-0.011082,0.009239,-0.024006,-0.001879,-0.000309,0.000095
1790937559.445273,1790937559.497767,0.013363,-0.068894,0.177849,-0.016232,-0.699343,0.714337,0.019438,-88.779,-0.229,177.107,-0.011907,0.010454,-0.024271,-0.000812,-0.001374,0.001159
1790937559.478606,1790937559.530760,0.013009,-0.068456,0.177042,-0.016229,-0.699352,0.714329,0.019428,-88.780,-0.229,177.108,-0.011798,0.011194,-0.024744,-0.001879,0.000755,0.001159
1790937559.511939,1790937559.578116,0.012616,-0.067997,0.176212,-0.016217,-0.699361,0.714320,0.019436,-88.782,-0.230,177.108,-0.011804,0.011947,-0.025025,0.000253,-0.001374,-0.002036
1790937559.545272,1790937559.606879,0.012844,-0.066977,0.176069,-0.016207,-0.699314,0.714367,0.019415,-88.774,-0.229,177.111,-0.011058,0.013868,-0.024230,0.003454,-0.002442,0.001163
1790937559.578605,1790937559.641469,0.012132,-0.066050,0.175069,-0.016202,-0.699297,0.714383,0.019433,-88.771,-0.231,177.110,-0.011655,0.014948,-0.024934,0.002389,-0.001375,-0.000966
1790937559.611938,1790937559.675022,0.012129,-0.064958,0.174955,-0.016218,-0.699262,0.714418,0.019402,-88.766,-0.227,177.111,-0.011328,0.016857,-0.024122,0.003459,-0.000311,0.000103
1790937559.645270,1790937559.698673,0.011107,-0.063799,0.173881,-0.016227,-0.699244,0.714435,0.019399,-88.763,-0.226,177.110,-0.012267,0.018436,-0.024767,0.003459,-0.002443,0.000103
1790937559.678603,1790937559.737345,0.010513,-0.063104,0.173054,-0.016212,-0.699221,0.714459,0.019379,-88.759,-0.225,177.113,-0.012852,0.019183,-0.024967,-0.001868,-0.000312,0.001168
1790937559.711936,1790937559.764421,0.009754,-0.062327,0.172186,-0.016250,-0.699234,0.714446,0.019365,-88.761,-0.221,177.111,-0.013801,0.019726,-0.025483,0.000263,0.000753,0.006493
1790937559.745268,1790937559.786556,0.008965,-0.060716,0.171930,-0.016333,-0.699195,0.714483,0.019329,-88.756,-0.211,177.108,-0.014667,0.022221,-0.024861,0.001334,0.003948,0.001174
1790937559.778601,1790937559.854305,0.008398,-0.059709,0.170927,-0.016367,-0.699215,0.714463,0.019346,-88.759,-0.210,177.103,-0.015008,0.023076,-0.025332,-0.002928,0.000753,-0.000957
1790937559.811933,1790937559.881285,0.008314,-0.059184,0.170708,-0.016377,-0.699212,0.714467,0.019299,-88.758,-0.206,177.107,-0.014702,0.023530,-0.024907,-0.001861,0.000752,0.000113
1790937559.845266,1790937559.907397,0.007564,-0.057476,0.169562,-0.016368,-0.699199,0.714479,0.019313,-88.756,-0.207,177.106,-0.015405,0.025667,-0.025476,-0.005056,0.002882,0.002242
1790937559.878597,1790937559.935740,0.007178,-0.056032,0.169120,-0.016392,-0.699165,0.714512,0.019286,-88.751,-0.203,177.106,-0.015588,0.027600,-0.025125,0.001341,0.000752,0.003310
1790937559.911929,1790937559.966353,0.006862,-0.054771,0.168656,-0.016433,-0.699125,0.714550,0.019287,-88.745,-0.200,177.103,-0.015461,0.029188,-0.025203,-0.002917,0.001817,-0.003078
1790937559.945262,1790937559.983932,0.006418,-0.053881,0.167767,-0.016421,-0.699142,0.714534,0.019301,-88.747,-0.202,177.103,-0.015341,0.029666,-0.025367,0.001344,-0.001377,0.003313
1790937559.978596,1790937560.044294,0.005952,-0.052902,0.166927,-0.016456,-0.699152,0.714524,0.019263,-88.749,-0.196,177.103,-0.015817,0.030478,-0.025766,-0.000787,0.000752,0.002249
1790937560.011930,1790937560.078179,0.006217,-0.052538,0.166849,-0.016445,-0.699159,0.714517,0.019279,-88.750,-0.198,177.103,-0.014994,0.030404,-0.024841,0.000281,-0.000312,-0.000942
1790937560.045264,1790937560.097342,0.005025,-0.050385,0.165616,-0.016471,-0.699125,0.714551,0.019264,-88.745,-0.195,177.102,-0.016446,0.032692,-0.026072,0.000282,-0.001377,0.000121
1790937560.078598,1790937560.149020,0.004303,-0.049115,0.164721,-0.016449,-0.699111,0.714565,0.019249,-88.742,-0.195,177.105,-0.017234,0.033747,-0.026246,0.000282,-0.000313,-0.002010
1790937560.111932,1790937560.175141,0.003606,-0.047357,0.164366,-0.016506,-0.699077,0.714598,0.019201,-88.737,-0.187,177.104,-0.017980,0.035860,-0.025381,0.001353,0.001816,0.001191
1790937560.145265,1790937560.191443,0.002911,-0.046114,0.163410,-0.016488,-0.699081,0.714594,0.019213,-88.738,-0.189,177.105,-0.018480,0.036865,-0.025815,0.000286,-0.001378,-0.002005
1790937560.178599,1790937560.251606,0.002273,-0.044836,0.162556,-0.016499,-0.699086,0.714589,0.019222,-88.739,-0.189,177.103,-0.018962,0.037835,-0.025846,0.000286,-0.002444,-0.003070
1790937560.211933,1790937560.282594,0.001797,-0.043973,0.162432,-0.016526,-0.699089,0.714586,0.019203,-88.739,-0.185,177.102,-0.019335,0.038205,-0.025063,0.001355,0.002880,0.001197
1790937560.245267,1790937560.299894,0.000383,-0.041545,0.161195,-0.016581,-0.699061,0.714613,0.019165,-88.735,-0.177,177.101,-0.020946,0.040652,-0.025948,-0.000775,0.000750,0.002262
1790937560.278600,1790937560.315362,-0.000287,-0.040168,0.160317,-0.016578,-0.699068,0.714606,0.019134,-88.736,-0.175,177.104,-0.021399,0.041591,-0.026480,-0.001841,-0.000315,0.001195
1790937560.311934,1790937560.355263,-0.000961,-0.038785,0.159440,-0.016590,-0.699071,0.714603,0.019145,-88.737,-0.175,177.102,-0.021777,0.042523,-0.026626,0.000290,0.002879,0.004391
1790937560.345266,1790937560.386600,-0.001411,-0.037608,0.159229,-0.016633,-0.699040,0.714633,0.019132,-88.732,-0.170,177.100,-0.021825,0.043313,-0.025783,-0.000771,0.000749,0.000136
1790937560.378600,1790937560.442215,-0.002247,-0.035837,0.158187,-0.016658,-0.699032,0.714640,0.019125,-88.731,-0.168,177.098,-0.022548,0.044488,-0.026218,0.000293,0.001814,-0.003061
1790937560.411933,1790937560.479631,-0.003149,-0.034164,0.157277,-0.016677,-0.699040,0.714632,0.019131,-88.732,-0.167,177.096,-0.023434,0.045428,-0.026675,0.000293,0.000749,0.002266
1790937560.445266,1790937560.515107,-0.002275,-0.033935,0.157192,-0.016679,-0.699062,0.714610,0.019155,-88.736,-0.169,177.094,-0.021277,0.044760,-0.025417,-0.002900,0.001816,0.006528
1790937560.478600,1790937560.549060,-0.003974,-0.031035,0.155897,-0.016722,-0.699027,0.714645,0.019104,-88.730,-0.161,177.095,-0.023391,0.047952,-0.026258,-0.001835,-0.000315,-0.001994
1790937560.511933,1790937560.569005,-0.004902,-0.029287,0.154991,-0.016712,-0.699019,0.714653,0.019108,-88.729,-0.162,177.095,-0.024107,0.049048,-0.026452,-0.000768,-0.000316,-0.003058
1790937560.545266,1790937560.617178,-0.005718,-0.027633,0.154120,-0.016721,-0.699022,0.714650,0.019071,-88.729,-0.158,177.098,-0.024729,0.050243,-0.026805,-0.000768,0.001814,-0.000927
1790937560.578599,1790937560.654492,-0.005685,-0.026903,0.153928,-0.016750,-0.699022,0.714649,0.019071,-88.729,-0.156,177.095,-0.024033,0.050282,-0.026315,0.001365,0.001813,-0.001989
1790937560.611932,1790937560.684910,-0.007062,-0.024326,0.152718,-0.016777,-0.699005,0.714665,0.019079,-88.727,-0.154,177.092,-0.025458,0.052385,-0.026858,0.000299,-0.003512,0.001205
1790937560.645265,1790937560.719334,-0.006792,-0.024467,0.152722,-0.016797,-0.699060,0.714612,0.019072,-88.736,-0.152,177.091,-0.024649,0.050748,-0.026308,-0.001831,-0.000316,-0.004114
1790937560.678598,1790937560.752686,-0.008342,-0.021643,0.151470,-0.016816,-0.699035,0.714635,0.019057,-88.732,-0.149,177.091,-0.026366,0.053294,-0.026741,0.000300,0.003943,-0.000920
1790937560.711931,1790937560.784142,-0.009319,-0.020731,0.151227,-0.016864,-0.699048,0.714623,0.019021,-88.734,-0.143,177.090,-0.027431,0.053475,-0.026395,-0.000762,-0.002452,0.001216
1790937560.745263,1790937560.815763,-0.009999,-0.018417,0.150186,-0.016855,-0.699025,0.714645,0.019047,-88.730,-0.145,177.089,-0.027664,0.055299,-0.026690,-0.002893,0.002874,-0.001982
1790937560.778595,1790937560.849383,-0.010754,-0.018008,0.150027,-0.016878,-0.699069,0.714602,0.019017,-88.737,-0.141,177.089,-0.028209,0.054344,-0.025945,-0.000760,-0.000324,0.000155
1790937560.811928,1790937560.880339,-0.011824,-0.015789,0.148982,-0.016878,-0.699046,0.714625,0.019008,-88.734,-0.140,177.090,-0.028895,0.056062,-0.026696,0.000304,-0.001388,0.000154
1790937560.845260,1790937560.910670,-0.012615,-0.013963,0.148127,-0.016865,-0.699059,0.714612,0.019032,-88.736,-0.143,177.089,-0.029262,0.057256,-0.026415,-0.001827,-0.002454,0.000154
1790937560.878593,1790937560.934085,-0.013602,-0.012070,0.147227,-0.016864,-0.699061,0.714610,0.019034,-88.736,-0.144,177.089,-0.029661,0.058175,-0.026768,0.000304,-0.001388,0.003349
1790937560.911926,1790937560.984746,-0.012509,-0.013345,0.147541,-0.016872,-0.699112,0.714559,0.019065,-88.744,-0.146,177.086,-0.027120,0.055180,-0.025168,0.000304,-0.002455,-0.001972
1790937560.945258,1790937561.008775,-0.014951,-0.009447,0.146056,-0.016902,-0.699057,0.714613,0.019004,-88.736,-0.138,177.089,-0.029829,0.058892,-0.026306,-0.000759,-0.001391,-0.001973
1790937560.978593,1790937561.035164,-0.014879,-0.008887,0.145844,-0.016883,-0.699070,0.714601,0.019004,-88.738,-0.140,177.090,-0.028878,0.058389,-0.025606,-0.001824,0.000737,0.005486
1790937561.011929,1790937561.051234,-0.016181,-0.006444,0.144800,-0.016897,-0.699053,0.714618,0.018989,-88.735,-0.138,177.090,-0.029798,0.059828,-0.025967,0.001373,-0.000328,-0.006231
1790937561.045266,1790937561.078600,-0.017414,-0.004197,0.143897,-0.016898,-0.699060,0.714611,0.018988,-88.736,-0.137,177.090,-0.030578,0.061245,-0.026631,-0.000757,-0.000328,0.001225
1790937561.078602,1790937561.148243,-0.018509,-0.002163,0.143027,-0.016929,-0.699074,0.714598,0.018955,-88.738,-0.132,177.090,-0.031205,0.062209,-0.026525,-0.001824,0.001802,-0.000904
1790937561.111938,1790937561.197100,-0.019822,0.000254,0.142064,-0.016949,-0.699086,0.714586,0.018951,-88.740,-0.130,177.089,-0.032341,0.063607,-0.027101,-0.000757,0.000737,-0.000904
1790937561.145275,1790937561.231640,-0.020253,0.001368,0.141682,-0.016941,-0.699090,0.714582,0.018942,-88.741,-0.130,177.091,-0.032252,0.063560,-0.026511,-0.001822,0.004996,0.000164
1790937561.178611,1790937561.272452,-0.019668,0.001065,0.141634,-0.016926,-0.699157,0.714515,0.018986,-88.752,-0.135,177.088,-0.030474,0.061336,-0.025557,0.001375,-0.000329,0.000168
1790937561.211946,1790937561.299027,-0.021347,0.004255,0.140421,-0.016929,-0.699117,0.714554,0.019005,-88.745,-0.136,177.086,-0.032129,0.064218,-0.026381,-0.002886,-0.005657,0.000166
1790937561.245282,1790937561.324569,-0.022323,0.006333,0.139567,-0.016900,-0.699128,0.714544,0.018987,-88.747,-0.137,177.090,-0.032763,0.065317,-0.026417,0.000309,0.001799,0.001231
1790937561.278619,1790937561.348303,-0.023381,0.008541,0.138667,-0.016938,-0.699131,0.714542,0.018963,-88.748,-0.132,177.089,-0.033150,0.066343,-0.026735,-0.001822,-0.002461,0.003362
1790937561.311955,1790937561.368095,-0.024450,0.010758,0.137779,-0.016936,-0.699139,0.714534,0.018961,-88.749,-0.132,177.089,-0.033742,0.067459,-0.026699,0.000309,-0.000330,-0.000899
1790937561.345291,1790937561.387965,-0.025580,0.012987,0.136896,-0.016929,-0.699160,0.714514,0.018955,-88.752,-0.132,177.090,-0.034539,0.068478,-0.027215,0.003505,-0.001394,0.000166
1790937561.378627,1790937561.420164,-0.026854,0.015354,0.135959,-0.016928,-0.699145,0.714528,0.018945,-88.750,-0.132,177.091,-0.035305,0.069541,-0.027581,0.002440,-0.004590,-0.001965
1790937561.411963,1790937561.451365,-0.026649,0.015945,0.135725,-0.016895,-0.699188,0.714487,0.018956,-88.757,-0.135,177.093,-0.034149,0.068529,-0.026894,-0.001821,-0.000330,-0.003027
1790937561.445300,1790937561.487898,-0.028007,0.018664,0.134671,-0.016904,-0.699173,0.714500,0.018982,-88.754,-0.137,177.090,-0.034956,0.069992,-0.027579,-0.001821,0.001799,0.000168
1790937561.478636,1790937561.546181,-0.026563,0.017430,0.134943,-0.016853,-0.699253,0.714423,0.019029,-88.767,-0.145,177.091,-0.031965,0.066314,-0.026158,-0.000756,0.003932,0.001237
1790937561.511971,1790937561.577975,-0.028750,0.021509,0.133526,-0.016873,-0.699203,0.714471,0.019034,-88.759,-0.144,177.088,-0.033969,0.069666,-0.027338,0.000310,0.001800,0.001235
1790937561.545308,1790937561.605778,-0.029852,0.023811,0.132603,-0.016892,-0.699210,0.714463,0.019043,-88.760,-0.143,177.086,-0.034647,0.070702,-0.027389,-0.000754,0.001800,-0.001960
1790937561.578644,1790937561.637515,-0.030890,0.026077,0.131721,-0.016920,-0.699224,0.714448,0.019063,-88.762,-0.142,177.082,-0.035030,0.071728,-0.027468,0.002441,0.000735,0.001235
1790937561.611979,1790937561.669948,-0.031958,0.028467,0.130805,-0.016918,-0.699219,0.714453,0.019068,-88.762,-0.143,177.082,-0.035373,0.072596,-0.027585,-0.000754,-0.001394,0.003366
1790937561.645315,1790937561.728530,-0.033192,0.030950,0.129878,-0.016914,-0.699213,0.714459,0.019065,-88.761,-0.143,177.083,-0.036131,0.073649,-0.027551,-0.000754,-0.001394,-0.003025
1790937561.678650,1790937561.760408,-0.034498,0.033768,0.128822,-0.016923,-0.699211,0.714461,0.019063,-88.760,-0.142,177.082,-0.036621,0.074924,-0.027957,-0.000754,-0.001394,0.002301
1790937561.711986,1790937561.786416,-0.033967,0.033639,0.128813,-0.016938,-0.699264,0.714409,0.019066,-88.769,-0.141,177.081,-0.035309,0.073069,-0.026860,-0.002885,-0.001395,0.001237
1790937561.745322,1790937561.822363,-0.035543,0.036874,0.127633,-0.016945,-0.699259,0.714414,0.019039,-88.768,-0.138,177.082,-0.036245,0.074901,-0.027357,-0.003950,-0.000330,0.002303
1790937561.778658,1790937561.853465,-0.033686,0.034202,0.128227,-0.016878,-0.699372,0.714304,0.019064,-88.786,-0.146,177.086,-0.033405,0.070034,-0.025967,-0.002887,-0.001394,0.003372
1790937561.811994,1790937561.873358,-0.036293,0.038782,0.126701,-0.016907,-0.699331,0.714346,0.018990,-88.779,-0.138,177.089,-0.035944,0.073456,-0.026732,-0.001821,-0.000331,0.000175
1790937561.845329,1790937561.889077,-0.037893,0.041835,0.125697,-0.016939,-0.699329,0.714347,0.019000,-88.779,-0.136,177.086,-0.037238,0.075066,-0.027257,-0.001821,0.002862,0.000175
1790937561.878665,1790937561.914756,-0.039351,0.044637,0.124699,-0.016969,-0.699322,0.714352,0.019015,-88.778,-0.135,177.082,-0.038062,0.076368,-0.027584,0.001377,0.003928,-0.003021
1790937561.912001,1790937561.981485,-0.039914,0.044137,0.124581,-0.016993,-0.699377,0.714298,0.019007,-88.787,-0.132,177.081,-0.038347,0.073927,-0.027192,-0.001822,0.001794,0.000179
1790937561.945336,1790937562.009036,-0.041315,0.046771,0.123595,-0.016999,-0.699388,0.714287,0.019001,-88.789,-0.131,177.081,-0.039255,0.074820,-0.027291,0.000309,-0.000336,0.001244
1790937561.978686,1790937562.045041,-0.042555,0.049270,0.122624,-0.017014,-0.699404,0.714272,0.018979,-88.792,-0.128,177.082,-0.039932,0.075503,-0.027880,0.000309,-0.000336,0.002310
1790937562.012066,1790937562.071996,-0.040429,0.045478,0.123501,-0.016976,-0.699522,0.714156,0.019033,-88.810,-0.136,177.080,-0.036713,0.069562,-0.026606,0.000307,0.000728,-0.000880
1790937562.045446,1790937562.105587,-0.043486,0.050599,0.121786,-0.016993,-0.699440,0.714237,0.019002,-88.797,-0.132,177.082,-0.039385,0.073773,-0.027542,-0.000756,-0.002469,0.002314
1790937562.078827,1790937562.135273,-0.042771,0.050210,0.121668,-0.016938,-0.699501,0.714178,0.018999,-88.807,-0.137,177.086,-0.037446,0.071282,-0.026930,0.001374,-0.001403,-0.004075
1790937562.112207,1790937562.156820,-0.043955,0.052677,0.120731,-0.016942,-0.699503,0.714176,0.019004,-88.807,-0.137,177.085,-0.037890,0.072217,-0.026893,-0.000757,0.001791,0.000184
1790937562.145589,1790937562.204497,-0.045108,0.054968,0.119863,-0.016961,-0.699508,0.714171,0.019021,-88.808,-0.137,177.083,-0.038273,0.073020,-0.027280,-0.000757,0.000726,0.001249
1790937562.178971,1790937562.228358,-0.046578,0.057676,0.118882,-0.016994,-0.699512,0.714165,0.019037,-88.809,-0.135,177.079,-0.039164,0.074164,-0.027407,-0.000757,0.001791,-0.000880
1790937562.212354,1790937562.272376,-0.047783,0.060072,0.117994,-0.017009,-0.699517,0.714160,0.019035,-88.810,-0.134,177.078,-0.039580,0.075050,-0.027670,0.000308,-0.002470,0.001249
1790937562.245737,1790937562.304220,-0.049336,0.062858,0.117040,-0.017019,-0.699514,0.714163,0.019036,-88.809,-0.133,177.077,-0.040561,0.076031,-0.028143,0.000308,0.001791,0.005509
1790937562.279120,1790937562.343110,-0.047996,0.061403,0.117304,-0.016992,-0.699578,0.714100,0.019042,-88.819,-0.136,177.078,-0.038437,0.073072,-0.026818,-0.000757,0.003921,0.002319
1790937562.312503,1790937562.370836,-0.049530,0.064226,0.116289,-0.016986,-0.699575,0.714104,0.019021,-88.819,-0.135,177.081,-0.039350,0.074390,-0.027229,0.002439,0.001790,-0.001944
1790937562.345887,1790937562.399558,-0.051004,0.067054,0.115265,-0.016992,-0.699573,0.714105,0.019042,-88.819,-0.136,177.078,-0.040144,0.075652,-0.027489,0.000308,-0.003536,0.000187
1790937562.379272,1790937562.439525,-0.047567,0.062762,0.116296,-0.016902,-0.699726,0.713955,0.019104,-88.843,-0.149,177.081,-0.034858,0.068829,-0.025462,-0.000760,0.000727,0.002322
1790937562.412657,1790937562.469346,-0.050841,0.068450,0.114468,-0.016923,-0.699640,0.714041,0.019037,-88.829,-0.142,177.084,-0.038007,0.073679,-0.026410,0.000307,-0.000341,0.001254
1790937562.446042,1790937562.492881,-0.049807,0.067582,0.114525,-0.016867,-0.699700,0.713984,0.019034,-88.839,-0.146,177.089,-0.035563,0.070772,-0.025602,0.001372,-0.000342,0.001256
1790937562.479428,1790937562.530214,-0.051144,0.070270,0.113570,-0.016871,-0.699689,0.713996,0.019013,-88.837,-0.144,177.090,-0.036076,0.071775,-0.025989,-0.000759,0.003919,0.001256
1790937562.512814,1790937562.555547,-0.052254,0.072551,0.112737,-0.016872,-0.699703,0.713981,0.019034,-88.839,-0.146,177.089,-0.036461,0.072355,-0.025890,0.001372,-0.000342,0.001256
1790937562.546200,1790937562.584698,-0.053754,0.075458,0.111759,-0.016885,-0.699691,0.713993,0.019003,-88.837,-0.142,177.090,-0.037374,0.073812,-0.026500,-0.002889,-0.001407,-0.000874
1790937562.579586,1790937562.626838,-0.055058,0.078038,0.110846,-0.016926,-0.699695,0.713989,0.018999,-88.838,-0.139,177.087,-0.038062,0.074962,-0.026534,0.001373,0.001787,-0.001940
1790937562.612973,1790937562.674831,-0.053974,0.077028,0.110881,-0.016854,-0.699761,0.713923,0.019063,-88.848,-0.150,177.088,-0.035542,0.071725,-0.025847,0.000305,-0.000343,0.002324
1790937562.646361,1790937562.695987,-0.055402,0.079850,0.109901,-0.016845,-0.699759,0.713927,0.019026,-88.848,-0.148,177.091,-0.036282,0.072878,-0.025944,0.000305,0.001787,0.000193
1790937562.679749,1790937562.718738,-0.056552,0.082218,0.109052,-0.016816,-0.699756,0.713930,0.019054,-88.847,-0.152,177.092,-0.036794,0.073459,-0.026169,-0.000760,-0.000343,-0.001938
1790937562.713138,1790937562.763043,-0.057873,0.084809,0.108140,-0.016789,-0.699761,0.713926,0.019032,-88.848,-0.153,177.096,-0.037374,0.074193,-0.026598,0.001372,0.000722,0.002324
1790937562.746527,1790937562.802743,-0.054094,0.079355,0.109485,-0.016717,-0.699937,0.713754,0.019097,-88.876,-0.164,177.096,-0.031923,0.065617,-0.024216,-0.000763,0.000724,0.001264
1790937562.779916,1790937562.831005,-0.057725,0.085633,0.107497,-0.016780,-0.699830,0.713858,0.019040,-88.859,-0.154,177.096,-0.035492,0.071234,-0.025843,0.000304,-0.000344,0.000196
1790937562.813305,1790937562.858458,-0.056630,0.084429,0.107587,-0.016772,-0.699910,0.713780,0.019061,-88.872,-0.157,177.094,-0.033107,0.067547,-0.024598,-0.000762,-0.001409,0.001264
1790937562.846696,1790937562.883292,-0.057925,0.087334,0.106563,-0.016773,-0.699907,0.713782,0.019061,-88.871,-0.157,177.094,-0.033884,0.069023,-0.025118,-0.002893,-0.002475,0.001263
1790937562.880086,1790937562.914475,-0.059072,0.089669,0.105710,-0.016789,-0.699908,0.713781,0.019072,-88.872,-0.156,177.092,-0.034487,0.069622,-0.025279,0.001369,0.001785,0.002329
1790937562.913477,1790937562.948881,-0.060166,0.091887,0.104894,-0.016784,-0.699913,0.713777,0.019069,-88.872,-0.157,177.093,-0.034921,0.070125,-0.025385,0.000302,0.000720,0.001263
1790937562.946868,1790937562.983953,-0.061438,0.094346,0.104029,-0.016799,-0.699904,0.713786,0.019037,-88.871,-0.153,177.094,-0.035681,0.071045,-0.025542,0.001369,-0.002475,0.002329
1790937562.980243,1790937563.019736,-0.062556,0.096589,0.103202,-0.016799,-0.699914,0.713776,0.019025,-88.873,-0.152,177.095,-0.036165,0.071455,-0.025677,-0.001829,-0.003540,-0.000867
1790937563.013577,1790937563.061918,-0.063795,0.099075,0.102279,-0.016802,-0.699914,0.713776,0.019041,-88.872,-0.153,177.094,-0.036695,0.072322,-0.026102,0.001369,0.000720,0.001262
1790937563.046913,1790937563.105349,-0.061951,0.096464,0.102741,-0.016764,-0.699997,0.713695,0.019054,-88.886,-0.157,177.096,-0.033737,0.067438,-0.024765,0.000300,-0.000345,0.000201
1790937563.080248,1790937563.128158,-0.063367,0.099245,0.101764,-0.016760,-0.699987,0.713705,0.019032,-88.884,-0.156,177.098,-0.034454,0.068560,-0.025168,0.001367,-0.000345,0.000201
1790937563.113584,1790937563.167323,-0.064651,0.101668,0.100880,-0.016733,-0.699989,0.713705,0.018992,-88.884,-0.155,177.103,-0.035383,0.069355,-0.025578,0.000301,-0.000345,0.000201
1790937563.146919,1790937563.204736,-0.060777,0.095359,0.102428,-0.016660,-0.700143,0.713552,0.019105,-88.909,-0.170,177.100,-0.030452,0.060550,-0.023695,0.001363,0.000720,0.000208
1790937563.180255,1790937563.237945,-0.064213,0.101318,0.100487,-0.016687,-0.700074,0.713622,0.019037,-88.898,-0.163,177.103,-0.033730,0.065591,-0.024935,-0.000766,0.001783,-0.000860
1790937563.213590,1790937563.270806,-0.063224,0.099288,0.100769,-0.016658,-0.700142,0.713556,0.019026,-88.909,-0.164,177.107,-0.031580,0.061113,-0.023791,0.000297,-0.000348,0.000210
1790937563.246925,1790937563.306116,-0.064564,0.101956,0.099779,-0.016664,-0.700150,0.713548,0.019027,-88.910,-0.164,177.106,-0.032056,0.062135,-0.024023,-0.001834,0.000716,0.002340
1790937563.280261,1790937563.326101,-0.065640,0.104052,0.098969,-0.016651,-0.700138,0.713560,0.019033,-88.908,-0.165,177.107,-0.032402,0.062722,-0.024315,-0.001834,-0.001413,-0.004052
1790937563.313596,1790937563.355176,-0.066699,0.106310,0.098115,-0.016616,-0.700148,0.713550,0.019049,-88.909,-0.170,177.108,-0.032424,0.063605,-0.024070,-0.001834,0.001781,-0.002987
1790937563.346931,1790937563.383550,-0.065267,0.103525,0.098653,-0.016579,-0.700271,0.713430,0.019060,-88.929,-0.174,177.110,-0.030002,0.058690,-0.022571,0.000295,-0.000350,-0.001918
1790937563.380266,1790937563.418196,-0.066513,0.106271,0.097712,-0.016559,-0.700253,0.713447,0.019079,-88.926,-0.177,177.110,-0.030544,0.059954,-0.022809,0.001362,0.001779,-0.005114
1790937563.413601,1790937563.453745,-0.067498,0.108210,0.096972,-0.016559,-0.700269,0.713431,0.019096,-88.929,-0.179,177.109,-0.031094,0.060575,-0.023314,0.000296,-0.004610,0.003408
1790937563.446935,1790937563.480691,-0.068423,0.110101,0.096234,-0.016579,-0.700284,0.713417,0.019072,-88.931,-0.175,177.109,-0.031194,0.060890,-0.023330,0.001362,0.001779,0.000213
1790937563.480270,1790937563.520145,-0.069629,0.112352,0.095386,-0.016614,-0.700296,0.713405,0.019051,-88.933,-0.171,177.108,-0.031641,0.061516,-0.023370,-0.001835,-0.001414,0.003408
1790937563.513605,1790937563.562879,-0.065058,0.104636,0.097528,-0.016562,-0.700492,0.713213,0.019097,-88.964,-0.179,177.109,-0.025846,0.051519,-0.020688,-0.001839,0.000716,0.002353
1790937563.546940,1790937563.620620,-0.068928,0.111232,0.095344,-0.016593,-0.700396,0.713309,0.018999,-88.949,-0.168,177.114,-0.029675,0.057088,-0.022227,0.002426,-0.001416,-0.000847
1790937563.580275,1790937563.648580,-0.067682,0.109012,0.095833,-0.016595,-0.700462,0.713244,0.018987,-88.960,-0.168,177.115,-0.027846,0.052981,-0.021197,-0.000770,0.000712,0.000223
1790937563.613610,1790937563.667131,-0.068786,0.111209,0.094978,-0.016607,-0.700457,0.713250,0.018953,-88.959,-0.164,177.117,-0.028455,0.053955,-0.021437,-0.001837,-0.005679,-0.001909
1790937563.646944,1790937563.684096,-0.069741,0.113038,0.094256,-0.016581,-0.700462,0.713245,0.018944,-88.960,-0.165,177.120,-0.029044,0.054285,-0.021518,0.000294,0.003908,0.001287
1790937563.680279,1790937563.722948,-0.070627,0.114735,0.093574,-0.016555,-0.700467,0.713241,0.018956,-88.960,-0.168,177.121,-0.029239,0.054398,-0.021721,-0.000771,0.000712,0.003418
1790937563.713614,1790937563.761336,-0.071512,0.116435,0.092884,-0.016550,-0.700477,0.713231,0.018959,-88.962,-0.169,177.121,-0.029307,0.054640,-0.021906,-0.000771,0.000712,-0.000842
1790937563.746948,1790937563.791564,-0.072476,0.118311,0.092139,-0.016537,-0.700472,0.713236,0.018953,-88.961,-0.170,177.122,-0.029690,0.055226,-0.022148,-0.002902,-0.003548,0.002353
1790937563.780283,1790937563.825723,-0.073392,0.120049,0.091436,-0.016526,-0.700485,0.713224,0.018925,-88.963,-0.168,177.125,-0.030003,0.055577,-0.022159,-0.001837,-0.000352,0.000222
1790937563.813617,1790937563.861206,-0.074709,0.122318,0.090607,-0.016525,-0.700471,0.713239,0.018938,-88.961,-0.170,177.125,-0.030849,0.056370,-0.022471,-0.000770,0.002842,0.004482
1790937563.846952,1790937563.897923,-0.072584,0.118786,0.091486,-0.016498,-0.700549,0.713161,0.018986,-88.973,-0.176,177.123,-0.028062,0.051280,-0.020918,-0.001837,-0.000353,-0.000837
1790937563.880285,1790937563.930276,-0.069407,0.113594,0.092979,-0.016455,-0.700691,0.713021,0.019051,-88.996,-0.185,177.121,-0.024108,0.044575,-0.018893,-0.001839,0.001777,0.003430
1790937563.913619,1790937563.954394,-0.071379,0.117031,0.091727,-0.016496,-0.700661,0.713050,0.019031,-88.991,-0.180,177.119,-0.025743,0.046889,-0.019728,-0.001838,-0.000354,-0.000832
1790937563.946954,1790937563.987080,-0.072098,0.118464,0.091116,-0.016507,-0.700683,0.713029,0.018981,-88.995,-0.175,177.123,-0.026003,0.047277,-0.019622,0.001360,0.002840,0.000233
1790937563.980289,1790937564.021523,-0.072945,0.120047,0.090460,-0.016521,-0.700669,0.713043,0.018992,-88.993,-0.175,177.121,-0.026211,0.047803,-0.019812,0.000293,-0.001418,-0.002963
1790937564.013625,1790937564.047869,-0.073672,0.121479,0.089860,-0.016495,-0.700666,0.713045,0.019037,-88.992,-0.181,177.119,-0.026523,0.048046,-0.019629,-0.001838,-0.000354,0.001297
1790937564.046961,1790937564.086926,-0.074388,0.122928,0.089255,-0.016529,-0.700667,0.713042,0.019042,-88.992,-0.178,177.116,-0.026909,0.048315,-0.019788,-0.000771,0.000711,-0.001898
1790937564.080298,1790937564.122612,-0.075446,0.124813,0.088523,-0.016561,-0.700666,0.713043,0.019052,-88.992,-0.176,177.112,-0.027345,0.048921,-0.019807,-0.000771,0.000711,0.002364
1790937564.113634,1790937564.156283,-0.076228,0.126340,0.087906,-0.016551,-0.700671,0.713038,0.019053,-88.993,-0.177,177.113,-0.027596,0.049051,-0.019697,-0.001838,0.001775,0.001297
1790937564.146970,1790937564.189363,-0.076993,0.127870,0.087288,-0.016582,-0.700692,0.713017,0.019071,-88.997,-0.176,177.109,-0.027847,0.049316,-0.019679,0.000293,-0.000354,0.002363
1790937564.180306,1790937564.218827,-0.077895,0.129541,0.086631,-0.016567,-0.700709,0.713000,0.019056,-88.999,-0.176,177.112,-0.028279,0.049735,-0.019479,-0.001837,-0.000354,0.001297
1790937564.213642,1790937564.256270,-0.078824,0.131229,0.085977,-0.016540,-0.700709,0.713001,0.019058,-88.999,-0.179,177.114,-0.028540,0.050025,-0.019934,0.001360,-0.001419,-0.001899
1790937564.246977,1790937564.286194,-0.079643,0.132773,0.085352,-0.016536,-0.700719,0.712991,0.019055,-89.001,-0.179,177.114,-0.029003,0.050006,-0.019719,-0.001837,-0.001419,0.001297
1790937564.280313,1790937564.325048,-0.080579,0.134477,0.084691,-0.016548,-0.700739,0.712971,0.019067,-89.004,-0.179,177.112,-0.029315,0.050209,-0.020008,0.000294,-0.001419,0.001297
1790937564.313649,1790937564.381711,-0.081632,0.136246,0.083992,-0.016531,-0.700744,0.712967,0.019039,-89.005,-0.178,177.116,-0.029878,0.050625,-0.020026,0.000294,-0.000354,-0.002964
1790937564.346984,1790937564.411253,-0.078081,0.131346,0.085580,-0.016475,-0.700813,0.712899,0.019097,-89.016,-0.188,177.116,-0.026198,0.045581,-0.018151,0.001361,0.000710,-0.000827
1790937564.380320,1790937564.439296,-0.079547,0.133766,0.084631,-0.016506,-0.700818,0.712894,0.019059,-89.017,-0.182,177.116,-0.027077,0.046326,-0.018563,-0.000771,-0.000355,0.001301
1790937564.413655,1790937564.471656,-0.074563,0.126117,0.087227,-0.016457,-0.700938,0.712775,0.019131,-89.036,-0.192,177.114,-0.021861,0.038389,-0.016169,0.001360,-0.001418,-0.000820
1790937564.446991,1790937564.503188,-0.077150,0.130356,0.085671,-0.016447,-0.700890,0.712824,0.019085,-89.028,-0.189,177.119,-0.024075,0.041300,-0.016928,-0.001837,0.001774,0.001307
1790937564.480326,1790937564.529127,-0.074106,0.125107,0.087591,-0.016426,-0.700944,0.712771,0.019106,-89.037,-0.193,177.119,-0.021085,0.036228,-0.014527,-0.000769,0.002838,0.002382
1790937564.513662,1790937564.550554,-0.074996,0.126800,0.086888,-0.016444,-0.700945,0.712770,0.019121,-89.037,-0.193,177.116,-0.021384,0.036760,-0.014903,0.002426,0.001773,-0.004011
1790937564.546998,1790937564.581053,-0.075546,0.127882,0.086439,-0.016437,-0.700950,0.712763,0.019178,-89.038,-0.198,177.112,-0.021490,0.036691,-0.015237,-0.003965,0.000709,0.000250
1790937564.580333,1790937564.623962,-0.076038,0.128873,0.086019,-0.016439,-0.700953,0.712760,0.019180,-89.038,-0.198,177.112,-0.021267,0.036737,-0.014995,-0.002901,-0.000356,0.000250
1790937564.613669,1790937564.664236,-0.076624,0.129967,0.085557,-0.016415,-0.700950,0.712764,0.019168,-89.037,-0.199,177.115,-0.021595,0.036618,-0.015114,-0.001836,-0.002487,0.000250
1790937564.647004,1790937564.692992,-0.077314,0.131171,0.085062,-0.016457,-0.700963,0.712751,0.019141,-89.040,-0.193,177.113,-0.021717,0.036481,-0.015034,0.000295,0.000708,0.002381
1790937564.680339,1790937564.724853,-0.077882,0.132233,0.084622,-0.016445,-0.700947,0.712766,0.019167,-89.037,-0.196,177.112,-0.022050,0.036729,-0.014989,-0.001836,-0.000356,-0.002946
1790937564.713675,1790937564.753347,-0.078601,0.133505,0.084105,-0.016430,-0.700938,0.712774,0.019192,-89.036,-0.200,177.112,-0.022339,0.037361,-0.014953,0.002426,-0.001421,0.001314
1790937564.747010,1790937564.780095,-0.079286,0.135067,0.083468,-0.016437,-0.700936,0.712777,0.019192,-89.035,-0.199,177.111,-0.022421,0.037628,-0.014835,0.003491,0.003904,0.003444
1790937564.780344,1790937564.817386,-0.080027,0.136726,0.082838,-0.016429,-0.700936,0.712776,0.019216,-89.035,-0.202,177.110,-0.022684,0.038220,-0.014945,-0.001836,0.000708,-0.002948
1790937564.813679,1790937564.852749,-0.080670,0.138060,0.082300,-0.016427,-0.700930,0.712782,0.019216,-89.034,-0.202,177.110,-0.022692,0.038219,-0.014774,-0.000770,0.001773,0.003443
1790937564.847015,1790937564.889935,-0.081800,0.139850,0.081682,-0.016423,-0.700926,0.712787,0.019187,-89.034,-0.200,177.112,-0.023383,0.038696,-0.015041,-0.001836,-0.005684,0.001312
1790937564.880350,1790937564.918853,-0.082548,0.141193,0.081188,-0.016448,-0.700937,0.712775,0.019190,-89.036,-0.198,177.110,-0.023404,0.038923,-0.015071,-0.000769,0.000708,0.001312
1790937564.913685,1790937564.961470,-0.083053,0.142341,0.080733,-0.016432,-0.700926,0.712787,0.019192,-89.034,-0.199,177.111,-0.023405,0.039155,-0.015181,-0.000769,-0.002488,0.001312
1790937564.947020,1790937564.987127,-0.083901,0.143740,0.080197,-0.016448,-0.700930,0.712782,0.019180,-89.034,-0.197,177.111,-0.023526,0.039342,-0.015514,-0.001835,-0.000357,-0.000818
1790937564.980356,1790937565.023575,-0.084481,0.144979,0.079725,-0.016432,-0.700924,0.712789,0.019167,-89.033,-0.197,177.113,-0.023502,0.039411,-0.015439,-0.001835,0.000708,0.000247
1790937565.013692,1790937565.061839,-0.085726,0.146912,0.078898,-0.016424,-0.700942,0.712771,0.019187,-89.036,-0.200,177.112,-0.024123,0.039965,-0.015797,0.000295,-0.000357,0.005571
1790937565.047028,1790937565.095564,-0.081090,0.140353,0.081461,-0.016413,-0.700998,0.712716,0.019212,-89.045,-0.203,177.111,-0.020325,0.035709,-0.013679,-0.001834,-0.003554,0.002383
1790937565.080364,1790937565.125751,-0.075784,0.131826,0.084471,-0.016378,-0.701093,0.712622,0.019249,-89.060,-0.209,177.111,-0.015630,0.028990,-0.011705,0.000297,0.000707,-0.000805
1790937565.113700,1790937565.159547,-0.076688,0.133331,0.083715,-0.016370,-0.701072,0.712643,0.019253,-89.057,-0.210,177.111,-0.016299,0.029655,-0.012078,0.000297,-0.003554,-0.004001
1790937565.147036,1790937565.190110,-0.073020,0.126989,0.086022,-0.016353,-0.701139,0.712577,0.019276,-89.067,-0.213,177.111,-0.013228,0.024867,-0.010259,0.000297,-0.001424,0.002397
1790937565.180372,1790937565.217531,-0.073399,0.127734,0.085642,-0.016351,-0.701151,0.712565,0.019290,-89.069,-0.215,177.110,-0.013331,0.024567,-0.010442,-0.001834,-0.000360,0.001330
1790937565.213707,1790937565.252209,-0.073675,0.128376,0.085357,-0.016377,-0.701166,0.712548,0.019319,-89.072,-0.215,177.105,-0.013343,0.024360,-0.010371,-0.000768,0.000705,-0.001866
1790937565.247043,1790937565.289373,-0.073908,0.128944,0.085108,-0.016389,-0.701180,0.712534,0.019331,-89.074,-0.215,177.104,-0.013525,0.024213,-0.010676,-0.001834,0.003901,0.001330
1790937565.280379,1790937565.332850,-0.074161,0.129496,0.084847,-0.016408,-0.701188,0.712525,0.019338,-89.076,-0.214,177.101,-0.013727,0.024156,-0.010554,0.000297,-0.001424,0.001330
1790937565.313715,1790937565.363103,-0.074410,0.130036,0.084578,-0.016402,-0.701195,0.712519,0.019321,-89.077,-0.213,177.103,-0.013723,0.023842,-0.010615,-0.000768,-0.001424,-0.000799
1790937565.347051,1790937565.429145,-0.074706,0.130577,0.084321,-0.016452,-0.701204,0.712510,0.019297,-89.078,-0.207,177.101,-0.013729,0.023960,-0.010370,-0.001834,0.003901,0.001330
1790937565.380387,1790937565.457099,-0.074919,0.131096,0.084066,-0.016470,-0.701184,0.712528,0.019326,-89.075,-0.208,177.097,-0.013716,0.023846,-0.010390,0.004559,-0.001424,-0.000799
1790937565.413723,1790937565.482465,-0.075057,0.131521,0.083827,-0.016460,-0.701185,0.712527,0.019326,-89.075,-0.209,177.098,-0.013622,0.023346,-0.010392,0.001363,0.001770,-0.000799
1790937565.447058,1790937565.506166,-0.075340,0.132055,0.083592,-0.016466,-0.701205,0.712507,0.019345,-89.079,-0.210,177.096,-0.013724,0.022927,-0.010009,0.001363,-0.002491,0.000266
1790937565.480394,1790937565.529690,-0.075558,0.132569,0.083359,-0.016459,-0.701223,0.712490,0.019339,-89.081,-0.210,177.097,-0.013632,0.022846,-0.010429,0.001363,0.001770,0.001330
1790937565.513730,1790937565.559068,-0.075698,0.133015,0.083119,-0.016471,-0.701231,0.712481,0.019352,-89.083,-0.210,177.095,-0.013505,0.022700,-0.010226,-0.000768,-0.001425,0.001330
1790937565.547065,1790937565.586962,-0.076220,0.133811,0.082765,-0.016464,-0.701233,0.712479,0.019345,-89.083,-0.210,177.096,-0.013893,0.022627,-0.010263,-0.001834,0.002834,0.002397
1790937565.580401,1790937565.624058,-0.076382,0.134329,0.082510,-0.016492,-0.701244,0.712468,0.019338,-89.085,-0.207,177.095,-0.013766,0.022543,-0.010239,0.000297,0.000705,0.001330
1790937565.613736,1790937565.661932,-0.076564,0.134778,0.082269,-0.016490,-0.701259,0.712454,0.019344,-89.087,-0.208,177.094,-0.013731,0.022257,-0.010282,0.000297,-0.000360,-0.001866
1790937565.647072,1790937565.687291,-0.076861,0.135300,0.082023,-0.016477,-0.701265,0.712449,0.019317,-89.088,-0.207,177.098,-0.013723,0.022061,-0.010475,-0.003964,-0.000360,0.000265
1790937565.680406,1790937565.735587,-0.077411,0.136206,0.081631,-0.016489,-0.701270,0.712443,0.019341,-89.089,-0.208,177.095,-0.013940,0.022298,-0.010383,-0.001834,0.001768,0.002396
1790937565.713742,1790937565.768389,-0.077629,0.136843,0.081329,-0.016502,-0.701273,0.712440,0.019325,-89.090,-0.206,177.095,-0.013821,0.022080,-0.010654,0.000297,0.002833,0.003461
1790937565.747077,1790937565.801203,-0.077849,0.137341,0.081084,-0.016518,-0.701286,0.712427,0.019315,-89.092,-0.204,177.094,-0.013917,0.022059,-0.010231,0.001363,0.000704,0.000265
1790937565.780412,1790937565.828620,-0.078350,0.138316,0.080630,-0.016544,-0.701286,0.712426,0.019322,-89.092,-0.202,177.092,-0.014176,0.022092,-0.010113,0.002428,-0.000361,-0.000800
1790937565.813748,1790937565.859642,-0.078586,0.139082,0.080304,-0.016558,-0.701275,0.712437,0.019327,-89.090,-0.201,177.090,-0.014397,0.021814,-0.010263,0.000297,0.000704,0.001329
1790937565.847083,1790937565.887312,-0.079399,0.140245,0.079839,-0.016580,-0.701270,0.712441,0.019313,-89.090,-0.198,177.090,-0.015139,0.022032,-0.010302,-0.000767,-0.000361,0.001329
1790937565.880418,1790937565.924799,-0.079931,0.141367,0.079393,-0.016573,-0.701275,0.712438,0.019279,-89.090,-0.196,177.093,-0.015419,0.022227,-0.010545,0.000297,0.002833,0.000264
1790937565.913754,1790937565.958997,-0.080710,0.142580,0.078921,-0.016591,-0.701270,0.712441,0.019285,-89.090,-0.195,177.091,-0.015920,0.022806,-0.010625,0.000298,-0.002492,0.000264
1790937565.947088,1790937565.991548,-0.081424,0.143812,0.078480,-0.016571,-0.701269,0.712444,0.019274,-89.089,-0.196,177.094,-0.016407,0.023369,-0.010797,-0.000767,-0.001425,0.000263
1790937565.980424,1790937566.022083,-0.081855,0.144649,0.078114,-0.016555,-0.701270,0.712443,0.019276,-89.089,-0.197,177.095,-0.016676,0.023583,-0.010740,0.003494,0.001769,0.001328
1790937566.013760,1790937566.060053,-0.082152,0.145308,0.077808,-0.016570,-0.701272,0.712441,0.019241,-89.090,-0.193,177.096,-0.016850,0.023662,-0.010647,-0.001833,-0.002492,0.005588
1790937566.047095,1790937566.083514,-0.082474,0.145924,0.077526,-0.016597,-0.701282,0.712431,0.019212,-89.092,-0.189,177.097,-0.016898,0.023669,-0.010584,-0.000767,0.002833,0.000263
1790937566.080431,1790937566.123706,-0.082651,0.146511,0.077229,-0.016614,-0.701267,0.712445,0.019244,-89.089,-0.190,177.093,-0.016846,0.023780,-0.010650,-0.001833,0.000704,0.002394
1790937566.113765,1790937566.165997,-0.082904,0.147079,0.076958,-0.016616,-0.701274,0.712439,0.019217,-89.090,-0.188,177.095,-0.017094,0.023693,-0.010754,-0.002898,0.001769,0.003458
1790937566.147101,1790937566.191260,-0.083204,0.147698,0.076683,-0.016637,-0.701282,0.712430,0.019248,-89.092,-0.189,177.090,-0.017288,0.023672,-0.010729,-0.001833,0.002833,0.002393
1790937566.180436,1790937566.221797,-0.083370,0.148286,0.076377,-0.016645,-0.701274,0.712437,0.019260,-89.090,-0.189,177.089,-0.017395,0.023577,-0.010785,0.001365,0.001768,0.000262
1790937566.213771,1790937566.272456,-0.083632,0.148856,0.076099,-0.016639,-0.701279,0.712432,0.019275,-89.091,-0.191,177.088,-0.017293,0.023309,-0.010888,0.001365,-0.000361,-0.001869
1790937566.247107,1790937566.298753,-0.083933,0.149504,0.075829,-0.016634,-0.701295,0.712416,0.019288,-89.094,-0.192,177.087,-0.017370,0.023306,-0.010667,-0.000766,-0.000361,0.000262
1790937566.280442,1790937566.324952,-0.084093,0.150130,0.075535,-0.016657,-0.701295,0.712415,0.019315,-89.094,-0.192,177.083,-0.017250,0.023147,-0.010655,0.000298,0.002833,0.002393
1790937566.313777,1790937566.372859,-0.084345,0.150707,0.075261,-0.016642,-0.701287,0.712423,0.019305,-89.093,-0.193,177.085,-0.017409,0.023066,-0.010845,0.001365,-0.001426,-0.000803
1790937566.347112,1790937566.397920,-0.085169,0.151859,0.074684,-0.016619,-0.701293,0.712418,0.019325,-89.093,-0.196,177.086,-0.017850,0.023281,-0.010926,0.001365,0.001768,-0.000804
1790937566.380447,1790937566.422838,-0.085519,0.152812,0.074288,-0.016598,-0.701303,0.712407,0.019339,-89.095,-0.199,177.086,-0.018153,0.023560,-0.011254,0.001365,-0.002493,0.001325
1790937566.413782,1790937566.466837,-0.085902,0.153582,0.073975,-0.016617,-0.701297,0.712413,0.019341,-89.094,-0.198,177.084,-0.018071,0.023597,-0.010960,0.000299,-0.001426,-0.005066
1790937566.447117,1790937566.500973,-0.086663,0.154835,0.073568,-0.016602,-0.701304,0.712406,0.019348,-89.095,-0.200,177.085,-0.018181,0.024005,-0.011281,0.000299,-0.001426,-0.004000
1790937566.480452,1790937566.534083,-0.081100,0.146678,0.077503,-0.016590,-0.701310,0.712401,0.019341,-89.096,-0.200,177.087,-0.015234,0.021384,-0.009269,0.000302,-0.001432,0.000267
1790937566.513787,1790937566.579475,-0.080110,0.144321,0.077741,-0.016569,-0.701337,0.712375,0.019330,-89.100,-0.201,177.089,-0.014608,0.019247,-0.008971,-0.002895,0.000700,0.000267
1790937566.547121,1790937566.614928,-0.072113,0.129657,0.083721,-0.016530,-0.701435,0.712278,0.019365,-89.116,-0.207,177.090,-0.009774,0.012373,-0.006399,0.000301,-0.001431,-0.000789
1790937566.580456,1790937566.641797,-0.072552,0.129854,0.083280,-0.016548,-0.701442,0.712272,0.019319,-89.117,-0.202,177.092,-0.010646,0.012535,-0.006793,0.000302,0.002827,0.002408
1790937566.613791,1790937566.674887,-0.072787,0.130122,0.083135,-0.016555,-0.701423,0.712292,0.019297,-89.114,-0.200,177.093,-0.010717,0.012435,-0.006765,-0.000763,-0.001432,0.000276
1790937566.647125,1790937566.701282,-0.072952,0.130268,0.083009,-0.016560,-0.701434,0.712281,0.019283,-89.116,-0.198,177.094,-0.010635,0.012231,-0.006634,-0.000763,0.003893,0.001341
1790937566.680460,1790937566.732939,-0.072940,0.130263,0.082928,-0.016566,-0.701432,0.712283,0.019291,-89.115,-0.198,177.093,-0.010662,0.012051,-0.006495,0.000301,-0.003563,-0.005050
1790937566.713795,1790937566.761571,-0.073173,0.130449,0.082824,-0.016547,-0.701446,0.712270,0.019270,-89.118,-0.198,177.096,-0.010657,0.011992,-0.006480,-0.001830,-0.000367,0.005601
1790937566.747130,1790937566.801958,-0.073304,0.130568,0.082726,-0.016565,-0.701439,0.712277,0.019243,-89.117,-0.195,177.097,-0.010549,0.012010,-0.006275,0.000302,0.001762,0.002407
1790937566.780464,1790937566.832512,-0.073203,0.130450,0.082674,-0.016570,-0.701439,0.712277,0.019241,-89.117,-0.194,177.096,-0.010611,0.011728,-0.006384,-0.003959,-0.002498,-0.000788
1790937566.813799,1790937566.861759,-0.073295,0.130505,0.082629,-0.016563,-0.701446,0.712271,0.019240,-89.118,-0.195,177.097,-0.010632,0.011514,-0.006104,0.000302,0.001763,-0.001855
1790937566.847133,1790937566.892127,-0.073312,0.130516,0.082570,-0.016570,-0.701449,0.712267,0.019235,-89.118,-0.194,177.097,-0.010780,0.011208,-0.006064,-0.000763,-0.000366,-0.000789
1790937566.880468,1790937566.926024,-0.073363,0.130596,0.082472,-0.016552,-0.701458,0.712259,0.019242,-89.120,-0.196,177.098,-0.010525,0.011080,-0.006196,0.000302,-0.000366,0.001341
1790937566.913802,1790937566.958198,-0.073589,0.130787,0.082384,-0.016578,-0.701448,0.712267,0.019261,-89.118,-0.195,177.094,-0.010578,0.011069,-0.006178,-0.000763,0.001762,-0.000789
1790937566.947136,1790937566.991158,-0.073572,0.130857,0.082294,-0.016569,-0.701448,0.712268,0.019261,-89.118,-0.196,177.095,-0.010266,0.010942,-0.006197,0.000302,0.000698,-0.001855
1790937566.980471,1790937567.023104,-0.073617,0.130953,0.082213,-0.016566,-0.701442,0.712273,0.019299,-89.117,-0.199,177.092,-0.010248,0.010802,-0.006050,-0.001829,0.001763,0.002407
1790937567.013808,1790937567.053470,-0.073772,0.131105,0.082138,-0.016587,-0.701447,0.712267,0.019299,-89.118,-0.197,177.090,-0.010425,0.010809,-0.006580,0.002433,-0.000367,-0.002920
1790937567.047145,1790937567.087631,-0.073955,0.131386,0.081958,-0.016580,-0.701439,0.712275,0.019278,-89.117,-0.196,177.093,-0.010542,0.010979,-0.006331,-0.001829,-0.003563,0.001340
1790937567.080483,1790937567.124672,-0.074032,0.131499,0.081865,-0.016572,-0.701461,0.712254,0.019279,-89.120,-0.197,177.093,-0.010496,0.010941,-0.006488,-0.000763,0.000698,-0.000789
1790937567.113820,1790937567.155015,-0.074205,0.131661,0.081811,-0.016560,-0.701470,0.712245,0.019302,-89.121,-0.200,177.092,-0.010830,0.011144,-0.006340,0.000302,0.001763,0.002407
1790937567.147157,1790937567.208029,-0.074142,0.131694,0.081715,-0.016582,-0.701461,0.712253,0.019301,-89.120,-0.198,177.091,-0.010817,0.011000,-0.006225,0.000302,0.000698,0.003471
1790937567.180495,1790937567.239349,-0.074047,0.131636,0.081652,-0.016579,-0.701455,0.712260,0.019299,-89.119,-0.198,177.091,-0.010605,0.010528,-0.006501,-0.000762,-0.003563,-0.000790
1790937567.213832,1790937567.263794,-0.074201,0.131734,0.081588,-0.016575,-0.701466,0.712250,0.019281,-89.121,-0.197,177.093,-0.010408,0.010433,-0.006141,-0.000762,-0.003563,-0.003985
1790937567.247169,1790937567.291437,-0.074252,0.131824,0.081486,-0.016559,-0.701477,0.712239,0.019270,-89.123,-0.198,177.095,-0.010307,0.010263,-0.006486,-0.003958,0.000698,0.004535
1790937567.280507,1790937567.321424,-0.074260,0.131907,0.081445,-0.016594,-0.701510,0.712207,0.019255,-89.128,-0.194,177.093,-0.010170,0.010034,-0.006067,0.001369,0.001762,0.000275
1790937567.313844,1790937567.350595,-0.074617,0.132314,0.081260,-0.016568,-0.701490,0.712227,0.019245,-89.125,-0.195,177.096,-0.010454,0.010139,-0.006059,0.001369,-0.001432,0.000275
1790937567.347181,1790937567.385757,-0.074598,0.132558,0.081084,-0.016582,-0.701492,0.712223,0.019270,-89.125,-0.196,177.093,-0.010138,0.009959,-0.005901,-0.000762,0.002827,0.002406
1790937567.380518,1790937567.421119,-0.074546,0.132622,0.081038,-0.016577,-0.701486,0.712230,0.019274,-89.124,-0.196,177.093,-0.009967,0.010055,-0.006200,0.000303,-0.002498,-0.000790
1790937567.413856,1790937567.453401,-0.075088,0.133298,0.080772,-0.016570,-0.701481,0.712235,0.019252,-89.123,-0.195,177.095,-0.010462,0.010186,-0.006367,0.002434,-0.000367,0.002406
1790937567.447192,1790937567.485648,-0.075213,0.133708,0.080566,-0.016589,-0.701496,0.712221,0.019243,-89.126,-0.193,177.095,-0.010713,0.010284,-0.006234,0.000303,0.001762,-0.000790
1790937567.480529,1790937567.516519,-0.075730,0.133968,0.080378,-0.016591,-0.701485,0.712232,0.019224,-89.124,-0.191,177.096,-0.011187,0.010336,-0.006380,-0.001828,-0.001432,-0.001857
1790937567.513866,1790937567.557662,-0.075999,0.134381,0.080251,-0.016613,-0.701481,0.712235,0.019225,-89.124,-0.189,177.094,-0.011263,0.010393,-0.006123,0.001370,0.000697,0.003470
1790937567.547203,1790937567.592943,-0.076158,0.134689,0.080088,-0.016616,-0.701486,0.712230,0.019223,-89.124,-0.189,177.094,-0.011419,0.010473,-0.006150,-0.000761,0.000697,-0.000790
1790937567.580540,1790937567.640964,-0.076693,0.135392,0.079741,-0.016643,-0.701507,0.712209,0.019236,-89.128,-0.188,177.091,-0.011701,0.010661,-0.006125,-0.000761,0.003892,0.000274
