time_s,recv_time_s,x_m,y_m,z_m,qx,qy,qz,qw,roll_deg,pitch_deg,yaw_deg,vx_mps,vy_mps,vz_mps,wx_radps,wy_radps,wz_radps
1790939843.762009,1790939843.765807,-0.001217,-0.000725,-0.080731,0.001732,-0.021999,-0.706551,-0.707318,1.642,1.924,89.965,0.003103,0.001505,-0.040504,-0.003533,0.001873,-0.000933
1790939843.797003,1790939843.800745,-0.001293,-0.000741,-0.080991,0.001738,-0.022008,-0.706554,-0.707315,1.642,1.925,89.966,0.002578,0.001541,-0.040926,0.001300,0.001773,0.000747
1790939843.820003,1790939843.833494,-0.001345,-0.000756,-0.081307,0.001746,-0.022002,-0.706557,-0.707312,1.641,1.925,89.966,0.002631,0.001394,-0.040850,0.001353,-0.001145,-0.000890
1790939843.855003,1790939843.868696,-0.001420,-0.000773,-0.080800,0.001730,-0.022000,-0.706561,-0.707308,1.642,1.924,89.967,0.002779,0.001281,-0.040881,-0.001329,0.000765,-0.000001
1790939843.888996,1790939843.900779,-0.001496,-0.000825,-0.080502,0.001736,-0.021993,-0.706563,-0.707306,1.641,1.923,89.967,0.002688,0.001703,-0.041107,0.002771,0.001398,0.000198
1790939843.923996,1790939843.932801,-0.001575,-0.000866,-0.080411,0.001746,-0.021992,-0.706566,-0.707304,1.640,1.924,89.968,0.002741,0.001776,-0.041263,-0.001066,0.001096,-0.000658
1790939843.958996,1790939843.967405,-0.001659,-0.000908,-0.080564,0.001738,-0.022000,-0.706566,-0.707303,1.642,1.924,89.968,0.002425,0.001400,-0.041097,-0.002429,0.002609,-0.000824
1790939843.993990,1790939843.998539,-0.001737,-0.000953,-0.080814,0.001743,-0.021996,-0.706567,-0.707302,1.641,1.924,89.968,0.002208,0.001360,-0.041215,-0.001394,-0.001903,-0.001275
1790939844.027991,1790939844.031869,-0.001832,-0.000989,-0.081257,0.001739,-0.021995,-0.706564,-0.707306,1.641,1.924,89.967,0.002868,0.002235,-0.041006,-0.001599,-0.000079,-0.000897
1790939844.063991,1790939844.067031,-0.001930,-0.001008,-0.080722,0.001754,-0.021996,-0.706564,-0.707305,1.640,1.925,89.967,0.002974,0.002164,-0.041060,0.000467,-0.001220,-0.000565
1790939844.086985,1790939844.098822,-0.001971,-0.001036,-0.080531,0.001758,-0.021999,-0.706560,-0.707309,1.640,1.926,89.967,0.002928,0.002394,-0.040895,0.002002,0.000832,0.001591
1790939844.120986,1790939844.133916,-0.002043,-0.001074,-0.080436,0.001755,-0.022000,-0.706563,-0.707306,1.640,1.926,89.967,0.002879,0.002189,-0.041550,-0.000481,0.001247,-0.000763
1790939844.155985,1790939844.165746,-0.002122,-0.001104,-0.080474,0.001751,-0.021996,-0.706556,-0.707313,1.640,1.925,89.966,0.003105,0.002512,-0.041222,-0.001158,0.000563,-0.000062
1790939844.190979,1790939844.200843,-0.002217,-0.001119,-0.080715,0.001761,-0.022008,-0.706556,-0.707313,1.640,1.927,89.966,0.003371,0.003150,-0.041148,0.001396,0.004314,0.000598
1790939844.225979,1790939844.234797,-0.002315,-0.001116,-0.081094,0.001767,-0.022020,-0.706552,-0.707317,1.641,1.928,89.966,0.003747,0.003179,-0.041640,-0.000683,0.000485,0.000602
1790939844.259979,1790939844.266778,-0.002424,-0.001108,-0.080957,0.001755,-0.022025,-0.706556,-0.707312,1.642,1.928,89.966,0.003204,0.002641,-0.041430,0.000510,-0.001938,-0.000985
1790939844.294973,1790939844.297825,-0.002490,-0.001115,-0.080598,0.001760,-0.022031,-0.706553,-0.707315,1.642,1.928,89.966,0.003345,0.002981,-0.040857,0.001188,0.001641,0.001060
1790939844.329973,1790939844.333961,-0.002552,-0.001107,-0.080457,0.001771,-0.022017,-0.706556,-0.707313,1.640,1.928,89.966,0.003947,0.003414,-0.040314,-0.000252,-0.000573,0.000291
1790939844.352973,1790939844.365999,-0.002591,-0.001096,-0.080450,0.001768,-0.022017,-0.706555,-0.707313,1.641,1.928,89.966,0.003768,0.003127,-0.040549,0.001865,-0.000445,0.000456
1790939844.387968,1790939844.401624,-0.002649,-0.001073,-0.080634,0.001749,-0.022026,-0.706555,-0.707313,1.643,1.927,89.966,0.003863,0.002790,-0.040257,-0.000460,-0.000268,-0.000871
1790939844.421968,1790939844.435223,-0.002709,-0.001036,-0.080948,0.001743,-0.022036,-0.706555,-0.707313,1.644,1.928,89.966,0.004230,0.002546,-0.040348,-0.000643,0.000462,0.000584
1790939844.457968,1790939844.468406,-0.002762,-0.000992,-0.081018,0.001742,-0.022047,-0.706561,-0.707306,1.645,1.928,89.967,0.004392,0.002674,-0.040382,-0.000735,0.001134,0.000605
1790939844.491961,1790939844.498863,-0.002792,-0.000946,-0.080531,0.001744,-0.022054,-0.706561,-0.707307,1.645,1.929,89.967,0.004346,0.002393,-0.039722,0.001367,-0.000500,0.001886
1790939844.526961,1790939844.534110,-0.002778,-0.000913,-0.080269,0.001742,-0.022053,-0.706563,-0.707304,1.645,1.929,89.968,0.004448,0.002204,-0.039565,-0.005732,0.000159,-0.000964
1790939844.561961,1790939844.568128,-0.002777,-0.000867,-0.080229,0.001732,-0.022042,-0.706563,-0.707305,1.645,1.927,89.968,0.004350,0.002309,-0.039129,-0.001405,0.001510,-0.000756
1790939844.596955,1790939844.600013,-0.002774,-0.000824,-0.080316,0.001732,-0.022038,-0.706563,-0.707305,1.645,1.927,89.968,0.004085,0.002581,-0.039038,0.002159,-0.001340,0.000602
1790939844.619955,1790939844.632604,-0.002782,-0.000789,-0.080500,0.001732,-0.022042,-0.706565,-0.707303,1.645,1.927,89.968,0.004428,0.002779,-0.039032,0.001503,-0.001818,0.000857
1790939844.653955,1790939844.668590,-0.002801,-0.000734,-0.080820,0.001720,-0.022044,-0.706563,-0.707305,1.647,1.926,89.968,0.004632,0.002701,-0.039334,0.002181,-0.001003,-0.000166
1790939844.688949,1790939844.697913,-0.002820,-0.000678,-0.080279,0.001727,-0.022042,-0.706560,-0.707308,1.646,1.927,89.967,0.004319,0.002145,-0.039047,0.000178,-0.000319,-0.001118
1790939844.723948,1790939844.732728,-0.002787,-0.000654,-0.079981,0.001721,-0.022043,-0.706561,-0.707307,1.646,1.926,89.967,0.004553,0.002435,-0.039228,0.001590,-0.002215,-0.001077
1790939844.758949,1790939844.765765,-0.002752,-0.000625,-0.079858,0.001729,-0.022038,-0.706559,-0.707309,1.645,1.927,89.967,0.004520,0.002311,-0.039033,-0.000025,0.001401,0.000151
1790939844.793942,1790939844.799070,-0.002710,-0.000587,-0.079921,0.001736,-0.022042,-0.706555,-0.707313,1.645,1.927,89.966,0.004512,0.001292,-0.039182,-0.000571,-0.002476,0.000846
1790939844.828942,1790939844.834728,-0.002657,-0.000551,-0.080131,0.001723,-0.022045,-0.706560,-0.707307,1.646,1.927,89.967,0.004213,0.000949,-0.039164,-0.000492,-0.001453,-0.001500
1790939844.862942,1790939844.868042,-0.002613,-0.000513,-0.080537,0.001717,-0.022061,-0.706561,-0.707306,1.648,1.927,89.967,0.003875,0.001273,-0.038879,-0.000017,0.001031,0.000019
1790939844.885935,1790939844.898083,-0.002581,-0.000496,-0.080176,0.001713,-0.022075,-0.706563,-0.707304,1.650,1.928,89.968,0.003875,0.001347,-0.038774,0.000761,0.002794,-0.000003
1790939844.920935,1790939844.933870,-0.002517,-0.000499,-0.079826,0.001714,-0.022087,-0.706564,-0.707302,1.651,1.929,89.968,0.003829,0.001272,-0.039215,0.000880,-0.001996,0.000162
1790939844.955935,1790939844.965696,-0.002440,-0.000520,-0.079627,0.001702,-0.022088,-0.706565,-0.707302,1.652,1.928,89.968,0.003799,0.000807,-0.038606,-0.000775,0.000485,0.000788
1790939844.990928,1790939845.000220,-0.002363,-0.000534,-0.079676,0.001698,-0.022090,-0.706566,-0.707300,1.652,1.928,89.968,0.003404,0.000649,-0.038537,-0.000546,-0.001668,0.000137
1790939845.024928,1790939845.032841,-0.002283,-0.000540,-0.079850,0.001709,-0.022094,-0.706568,-0.707299,1.651,1.929,89.969,0.003995,0.000884,-0.038407,0.000869,0.001351,-0.000275
1790939845.060928,1790939845.067950,-0.002219,-0.000527,-0.080169,0.001706,-0.022106,-0.706567,-0.707299,1.653,1.930,89.969,0.004272,0.000835,-0.038990,-0.000347,-0.003013,0.000983
1790939845.094922,1790939845.098920,-0.002149,-0.000504,-0.079983,0.001702,-0.022089,-0.706568,-0.707298,1.652,1.929,89.969,0.004428,-0.000272,-0.039541,0.001416,-0.002208,-0.002010
1790939845.129922,1790939845.133893,-0.002049,-0.000511,-0.079646,0.001701,-0.022097,-0.706567,-0.707299,1.652,1.929,89.969,0.004092,-0.000178,-0.039518,0.000236,0.000917,-0.000294
1790939845.152922,1790939845.165645,-0.001978,-0.000525,-0.079557,0.001702,-0.022096,-0.706571,-0.707295,1.652,1.929,89.969,0.003730,0.000012,-0.039170,0.001560,-0.003145,-0.000321
1790939845.187915,1790939845.198812,-0.001881,-0.000559,-0.079530,0.001695,-0.022100,-0.706569,-0.707297,1.653,1.929,89.969,0.003756,0.000157,-0.038974,0.003572,-0.001832,0.000581
1790939845.222915,1790939845.233021,-0.001790,-0.000579,-0.079772,0.001684,-0.022114,-0.706565,-0.707300,1.655,1.929,89.968,0.003693,-0.000804,-0.039417,0.001044,-0.001318,-0.000426
1790939845.257915,1790939845.267631,-0.001686,-0.000594,-0.080064,0.001675,-0.022117,-0.706559,-0.707306,1.656,1.929,89.967,0.003791,-0.001014,-0.040106,0.000108,0.001485,-0.000398
1790939845.291909,1790939845.300695,-0.001595,-0.000592,-0.080238,0.001686,-0.022107,-0.706556,-0.707310,1.654,1.929,89.967,0.004121,-0.000632,-0.039802,0.001531,0.000063,0.001774
1790939845.326909,1790939845.333580,-0.001498,-0.000601,-0.079870,0.001689,-0.022117,-0.706557,-0.707308,1.655,1.930,89.967,0.003947,-0.001262,-0.040203,0.001944,-0.000824,0.000616
1790939845.361909,1790939845.364900,-0.001388,-0.000631,-0.079676,0.001691,-0.022109,-0.706549,-0.707317,1.654,1.929,89.966,0.004043,-0.001340,-0.039644,0.001275,0.000791,0.000785
1790939845.395902,1790939845.399871,-0.001299,-0.000646,-0.079674,0.001676,-0.022108,-0.706544,-0.707321,1.655,1.928,89.965,0.004186,-0.000486,-0.039051,0.000428,0.001696,-0.000293
1790939845.419903,1790939845.432810,-0.001248,-0.000646,-0.079788,0.001665,-0.022103,-0.706545,-0.707321,1.656,1.927,89.965,0.004374,-0.000828,-0.040009,-0.000225,0.001059,0.001567
1790939845.454902,1790939845.467102,-0.001180,-0.000639,-0.080054,0.001651,-0.022104,-0.706548,-0.707318,1.657,1.926,89.965,0.004525,-0.000255,-0.040327,0.001553,-0.001299,-0.000408
1790939845.488895,1790939845.502070,-0.001123,-0.000613,-0.080586,0.001647,-0.022110,-0.706550,-0.707316,1.658,1.926,89.966,0.004695,-0.000797,-0.040833,0.003850,-0.001035,0.001465
1790939845.523895,1790939845.533756,-0.001058,-0.000591,-0.080110,0.001641,-0.022109,-0.706548,-0.707317,1.658,1.925,89.966,0.004503,-0.001319,-0.040473,-0.000672,0.003188,-0.000105
1790939845.558895,1790939845.567289,-0.000990,-0.000598,-0.079887,0.001626,-0.022108,-0.706547,-0.707319,1.659,1.924,89.965,0.004313,-0.000939,-0.039942,0.000531,-0.004412,-0.000214
1790939845.593889,1790939845.599993,-0.000934,-0.000603,-0.079855,0.001634,-0.022097,-0.706547,-0.707319,1.658,1.924,89.965,0.004559,-0.000822,-0.040125,0.001781,0.000690,0.001422
1790939845.627889,1790939845.632941,-0.000879,-0.000596,-0.080000,0.001631,-0.022103,-0.706550,-0.707317,1.658,1.924,89.966,0.004170,-0.001276,-0.040666,0.001883,-0.000799,0.000813
1790939845.662889,1790939845.667665,-0.000829,-0.000604,-0.080299,0.001619,-0.022100,-0.706547,-0.707319,1.659,1.923,89.965,0.003663,-0.001370,-0.040833,0.002328,-0.001478,-0.000662
1790939845.685882,1790939845.699502,-0.000792,-0.000601,-0.080626,0.001625,-0.022089,-0.706554,-0.707313,1.658,1.922,89.966,0.003768,-0.001596,-0.040861,0.001898,0.000153,0.000276
1790939845.732882,1790939845.736673,-0.000728,-0.000605,-0.080291,0.001618,-0.022090,-0.706554,-0.707313,1.659,1.922,89.966,0.003770,-0.001339,-0.041275,0.000511,0.001341,0.000210
1790939845.755882,1790939845.764894,-0.000699,-0.000630,-0.080133,0.001623,-0.022100,-0.706555,-0.707311,1.659,1.923,89.967,0.003617,-0.001278,-0.041944,0.000434,0.000274,0.000221
1790939845.789877,1790939845.798928,-0.000656,-0.000668,-0.080098,0.001611,-0.022093,-0.706560,-0.707306,1.659,1.921,89.967,0.003538,-0.001699,-0.041935,0.000942,-0.002708,0.001335
1790939845.825877,1790939845.832827,-0.000620,-0.000699,-0.080204,0.001606,-0.022102,-0.706562,-0.707304,1.660,1.922,89.968,0.003612,-0.001588,-0.042480,-0.000659,0.003526,-0.001584
1790939845.859877,1790939845.867375,-0.000589,-0.000711,-0.080503,0.001628,-0.022093,-0.706564,-0.707303,1.658,1.923,89.968,0.004091,-0.001180,-0.042587,-0.000070,-0.001067,0.001240
1790939845.894871,1790939845.898165,-0.000560,-0.000710,-0.080990,0.001630,-0.022090,-0.706568,-0.707299,1.658,1.923,89.969,0.004083,-0.001870,-0.042275,0.000778,0.001107,0.001712
1790939845.929871,1790939845.933926,-0.000529,-0.000707,-0.080818,0.001635,-0.022089,-0.706573,-0.707294,1.657,1.923,89.969,0.003772,-0.001834,-0.042413,-0.001360,-0.004150,0.000526
1790939845.963871,1790939845.968043,-0.000501,-0.000726,-0.080561,0.001631,-0.022088,-0.706571,-0.707296,1.657,1.923,89.969,0.003915,-0.001550,-0.041973,0.000247,-0.000930,-0.000589
1790939845.987864,1790939846.000229,-0.000484,-0.000748,-0.080492,0.001640,-0.022086,-0.706570,-0.707296,1.656,1.923,89.969,0.003596,-0.001832,-0.041827,0.002283,-0.000386,0.001209
1790939846.021864,1790939846.035202,-0.000465,-0.000782,-0.080518,0.001647,-0.022088,-0.706570,-0.707296,1.656,1.924,89.969,0.003608,-0.001484,-0.041649,0.002301,0.000928,-0.000114
1790939846.056864,1790939846.066696,-0.000445,-0.000803,-0.080710,0.001647,-0.022090,-0.706573,-0.707294,1.656,1.924,89.969,0.003843,-0.001364,-0.041317,-0.000519,-0.000805,-0.000375
1790939846.091859,1790939846.098711,-0.000433,-0.000808,-0.081116,0.001644,-0.022080,-0.706569,-0.707298,1.656,1.923,89.969,0.003816,-0.001718,-0.041117,-0.001354,0.001891,-0.001631
1790939846.126859,1790939846.132298,-0.000423,-0.000809,-0.081213,0.001645,-0.022084,-0.706570,-0.707297,1.656,1.923,89.969,0.003732,-0.001106,-0.041368,0.001026,0.000168,0.000832
1790939846.161859,1790939846.165082,-0.000432,-0.000826,-0.080793,0.001648,-0.022085,-0.706565,-0.707301,1.656,1.924,89.968,0.003516,-0.000988,-0.041038,0.000215,0.002030,0.000797
1790939846.195852,1790939846.200356,-0.000445,-0.000869,-0.080580,0.001664,-0.022079,-0.706571,-0.707296,1.654,1.925,89.969,0.002994,-0.001161,-0.041125,0.001818,-0.002618,-0.000567
1790939846.218852,1790939846.232157,-0.000455,-0.000901,-0.080550,0.001650,-0.022078,-0.706578,-0.707289,1.655,1.923,89.970,0.003198,-0.001010,-0.041042,0.000238,0.001670,-0.000613
1790939846.253852,1790939846.266349,-0.000475,-0.000935,-0.080596,0.001652,-0.022073,-0.706572,-0.707295,1.654,1.923,89.969,0.003227,-0.000872,-0.040841,0.000322,0.000270,-0.001246
1790939846.288846,1790939846.299217,-0.000497,-0.000960,-0.080875,0.001666,-0.022070,-0.706569,-0.707298,1.653,1.924,89.969,0.003370,-0.000564,-0.041009,0.003028,-0.000469,0.000667
1790939846.323846,1790939846.333128,-0.000518,-0.000975,-0.081247,0.001663,-0.022081,-0.706569,-0.707298,1.654,1.925,89.969,0.003317,-0.000822,-0.040652,0.001439,-0.001758,0.000248
1790939846.357846,1790939846.364939,-0.000543,-0.000988,-0.080785,0.001653,-0.022082,-0.706573,-0.707294,1.655,1.924,89.969,0.002856,-0.000990,-0.040578,-0.000881,0.001303,0.000035
1790939846.392840,1790939846.400134,-0.000569,-0.001039,-0.080477,0.001647,-0.022075,-0.706574,-0.707293,1.655,1.923,89.969,0.002704,-0.000746,-0.040191,0.000027,0.003129,0.000973
1790939846.427840,1790939846.434199,-0.000597,-0.001085,-0.080356,0.001652,-0.022086,-0.706577,-0.707290,1.656,1.924,89.970,0.003112,-0.000808,-0.040117,-0.000465,-0.000556,0.001697
1790939846.462840,1790939846.466045,-0.000624,-0.001117,-0.080408,0.001656,-0.022085,-0.706576,-0.707290,1.655,1.924,89.970,0.002966,-0.000688,-0.039727,-0.001871,0.001229,-0.001476
1790939846.496835,1790939846.500903,-0.000659,-0.001147,-0.080678,0.001653,-0.022078,-0.706570,-0.707297,1.655,1.924,89.969,0.002308,-0.000393,-0.040166,0.000888,-0.000454,0.000855
1790939846.520835,1790939846.533125,-0.000684,-0.001176,-0.080917,0.001645,-0.022065,-0.706573,-0.707294,1.654,1.922,89.969,0.002194,-0.000499,-0.040616,0.000967,-0.000278,-0.000198
1790939846.554835,1790939846.570175,-0.000722,-0.001219,-0.080693,0.001649,-0.022066,-0.706574,-0.707293,1.654,1.922,89.969,0.002361,-0.000411,-0.040849,0.000840,0.001544,0.002010
1790939846.589828,1790939846.600013,-0.000747,-0.001270,-0.080350,0.001649,-0.022070,-0.706574,-0.707294,1.654,1.923,89.969,0.002548,-0.000576,-0.040607,0.001518,-0.002886,0.000132
1790939846.624828,1790939846.634641,-0.000763,-0.001317,-0.080202,0.001650,-0.022077,-0.706571,-0.707296,1.655,1.923,89.969,0.002586,-0.001117,-0.040896,0.000243,-0.001202,-0.001046
1790939846.659828,1790939846.668164,-0.000770,-0.001348,-0.080298,0.001646,-0.022085,-0.706571,-0.707295,1.656,1.924,89.969,0.002884,-0.001171,-0.041055,-0.000778,0.000079,-0.000556
1790939846.694821,1790939846.699118,-0.000771,-0.001369,-0.080513,0.001642,-0.022090,-0.706568,-0.707298,1.657,1.924,89.969,0.003080,-0.001352,-0.040854,-0.000514,0.001212,-0.000733
1790939846.729821,1790939846.732018,-0.000767,-0.001376,-0.080887,0.001644,-0.022089,-0.706572,-0.707295,1.656,1.924,89.969,0.003259,-0.001529,-0.041044,0.000285,0.001572,-0.000706
1790939846.763821,1790939846.767142,-0.000764,-0.001378,-0.080723,0.001619,-0.022096,-0.706577,-0.707289,1.659,1.922,89.970,0.003023,-0.001345,-0.040523,0.001023,-0.002830,-0.000872
1790939846.786816,1790939846.798890,-0.000756,-0.001385,-0.080442,0.001624,-0.022105,-0.706579,-0.707287,1.659,1.923,89.970,0.002997,-0.001682,-0.040276,-0.001728,-0.001235,-0.002154
1790939846.821816,1790939846.832203,-0.000738,-0.001393,-0.080213,0.001612,-0.022095,-0.706578,-0.707289,1.659,1.922,89.970,0.003141,-0.001170,-0.039780,0.000341,0.001353,0.000399
1790939846.856816,1790939846.865959,-0.000717,-0.001390,-0.080158,0.001607,-0.022098,-0.706571,-0.707295,1.660,1.922,89.969,0.003544,-0.001444,-0.039636,0.003699,-0.000417,0.001339
1790939846.891809,1790939846.898295,-0.000686,-0.001376,-0.080322,0.001601,-0.022094,-0.706581,-0.707286,1.660,1.921,89.971,0.003318,-0.002090,-0.039404,-0.000723,-0.000535,-0.000232
1790939846.926809,1790939846.932956,-0.000652,-0.001355,-0.080583,0.001599,-0.022102,-0.706581,-0.707286,1.661,1.921,89.971,0.003455,-0.001801,-0.039664,0.002687,-0.002434,-0.000074
1790939846.961809,1790939846.966856,-0.000621,-0.001328,-0.080632,0.001599,-0.022101,-0.706571,-0.707295,1.661,1.921,89.969,0.003646,-0.001441,-0.040050,0.003234,0.000698,-0.000694
1790939846.996803,1790939847.000776,-0.000601,-0.001303,-0.080208,0.001597,-0.022105,-0.706570,-0.707296,1.662,1.921,89.969,0.003215,-0.001723,-0.040326,0.001700,-0.001818,0.000825
1790939847.019803,1790939847.032794,-0.000585,-0.001304,-0.080068,0.001597,-0.022094,-0.706572,-0.707294,1.661,1.920,89.969,0.002886,-0.001722,-0.040202,-0.001462,0.001504,-0.000926
1790939847.053803,1790939847.065801,-0.000549,-0.001310,-0.079974,0.001598,-0.022097,-0.706568,-0.707298,1.661,1.921,89.969,0.002686,-0.002181,-0.040252,-0.000205,0.000588,-0.001077
1790939847.088795,1790939847.100891,-0.000495,-0.001310,-0.080054,0.001599,-0.022104,-0.706573,-0.707293,1.661,1.921,89.969,0.002722,-0.002838,-0.040078,-0.001942,0.001078,0.000656
1790939847.123795,1790939847.133970,-0.000421,-0.001303,-0.080295,0.001600,-0.022100,-0.706574,-0.707292,1.661,1.921,89.970,0.002917,-0.002838,-0.040098,0.000158,-0.001401,0.001517
1790939847.158795,1790939847.166655,-0.000360,-0.001291,-0.080657,0.001598,-0.022094,-0.706579,-0.707287,1.661,1.920,89.970,0.003049,-0.002961,-0.039978,-0.003114,0.001162,-0.001040
1790939847.192789,1790939847.198772,-0.000298,-0.001266,-0.080210,0.001599,-0.022094,-0.706574,-0.707292,1.660,1.921,89.970,0.003084,-0.002409,-0.039503,-0.000991,0.002320,-0.000699
1790939847.227789,1790939847.241517,-0.000247,-0.001280,-0.079882,0.001587,-0.022100,-0.706575,-0.707292,1.662,1.920,89.970,0.002971,-0.002587,-0.039030,0.001134,0.001320,0.000799
1790939847.261789,1790939847.264762,-0.000193,-0.001286,-0.079761,0.001592,-0.022098,-0.706571,-0.707296,1.661,1.920,89.969,0.003030,-0.003326,-0.039386,0.002301,-0.001800,-0.000355
1790939847.285784,1790939847.298068,-0.000149,-0.001286,-0.079798,0.001588,-0.022100,-0.706571,-0.707295,1.662,1.920,89.969,0.003116,-0.003312,-0.039228,0.000134,-0.003178,-0.000832
1790939847.320783,1790939847.334624,-0.000078,-0.001279,-0.080010,0.001581,-0.022102,-0.706569,-0.707297,1.663,1.920,89.969,0.003127,-0.003756,-0.039560,-0.001494,0.000640,0.000133
1790939847.355783,1790939847.364821,-0.000004,-0.001261,-0.080357,0.001578,-0.022107,-0.706568,-0.707298,1.663,1.920,89.969,0.003548,-0.003050,-0.039236,-0.000519,0.002675,-0.000527
1790939847.390777,1790939847.399117,0.000054,-0.001240,-0.080134,0.001575,-0.022107,-0.706568,-0.707298,1.663,1.920,89.969,0.003140,-0.002879,-0.039113,0.001418,0.001861,0.001042
1790939847.424777,1790939847.430900,0.000101,-0.001239,-0.079764,0.001565,-0.022109,-0.706564,-0.707302,1.664,1.919,89.968,0.003079,-0.003316,-0.039058,0.001772,-0.002353,-0.000178
1790939847.459777,1790939847.466497,0.000146,-0.001257,-0.079573,0.001558,-0.022107,-0.706568,-0.707298,1.665,1.918,89.969,0.002674,-0.003527,-0.039025,-0.001255,0.001166,0.001400
1790939847.494770,1790939847.499790,0.000191,-0.001271,-0.079639,0.001569,-0.022101,-0.706572,-0.707295,1.663,1.919,89.969,0.002741,-0.003147,-0.038901,-0.001503,0.001180,-0.000765
1790939847.529770,1790939847.531557,0.000231,-0.001287,-0.079795,0.001570,-0.022108,-0.706569,-0.707297,1.664,1.919,89.969,0.002562,-0.003264,-0.039404,0.001587,-0.001453,0.000283
1790939847.564770,1790939847.567366,0.000278,-0.001299,-0.080134,0.001553,-0.022112,-0.706563,-0.707303,1.666,1.918,89.968,0.002357,-0.003697,-0.039650,0.003023,-0.002250,0.000776
1790939847.587765,1790939847.600111,0.000312,-0.001302,-0.080138,0.001538,-0.022114,-0.706565,-0.707301,1.667,1.917,89.968,0.002634,-0.003658,-0.039517,0.000271,0.001538,-0.000405
1790939847.633765,1790939847.636861,0.000348,-0.001333,-0.079634,0.001549,-0.022115,-0.706565,-0.707301,1.666,1.918,89.968,0.002288,-0.003104,-0.039192,0.000090,0.001277,0.000437
1790939847.656765,1790939847.667728,0.000358,-0.001359,-0.079536,0.001562,-0.022113,-0.706568,-0.707298,1.665,1.919,89.969,0.002510,-0.003164,-0.038773,0.001091,-0.002039,0.001581
1790939847.691758,1790939847.697962,0.000372,-0.001389,-0.079501,0.001563,-0.022112,-0.706567,-0.707299,1.665,1.919,89.969,0.002287,-0.003412,-0.039204,-0.000788,0.002325,0.000825
1790939847.726758,1790939847.733707,0.000398,-0.001425,-0.079677,0.001556,-0.022109,-0.706564,-0.707302,1.665,1.918,89.968,0.001899,-0.003393,-0.039755,-0.000422,0.001920,-0.000405
1790939847.761758,1790939847.766705,0.000423,-0.001462,-0.079978,0.001564,-0.022103,-0.706558,-0.707308,1.664,1.919,89.967,0.001945,-0.003257,-0.039600,0.000397,0.001547,0.000651
1790939847.796752,1790939847.798961,0.000460,-0.001491,-0.080155,0.001564,-0.022106,-0.706556,-0.707310,1.664,1.919,89.967,0.002124,-0.003676,-0.039832,-0.000973,0.001225,-0.000292
1790939847.830752,1790939847.837442,0.000477,-0.001510,-0.079706,0.001564,-0.022114,-0.706557,-0.707308,1.665,1.919,89.967,0.002500,-0.003590,-0.039018,0.000853,-0.003160,0.001227
1790939847.853752,1790939847.865368,0.000479,-0.001521,-0.079558,0.001559,-0.022107,-0.706556,-0.707310,1.665,1.918,89.967,0.002794,-0.003736,-0.039205,-0.001054,-0.001721,-0.000062
1790939847.888745,1790939847.899855,0.000488,-0.001538,-0.079485,0.001549,-0.022102,-0.706552,-0.707315,1.665,1.917,89.966,0.002570,-0.003464,-0.038931,-0.001184,0.000293,-0.000151
1790939847.922745,1790939847.934149,0.000489,-0.001548,-0.079613,0.001562,-0.022105,-0.706546,-0.707320,1.664,1.918,89.965,0.002919,-0.002932,-0.039339,0.000464,-0.000649,0.000919
1790939847.957745,1790939847.968936,0.000485,-0.001553,-0.079838,0.001555,-0.022110,-0.706550,-0.707316,1.665,1.918,89.966,0.002811,-0.003262,-0.039346,0.001670,-0.001965,-0.000344
1790939847.992738,1790939847.999321,0.000480,-0.001542,-0.080261,0.001555,-0.022105,-0.706555,-0.707311,1.665,1.918,89.967,0.002960,-0.002832,-0.038818,0.000094,-0.000124,-0.000336
1790939848.027738,1790939848.032201,0.000479,-0.001525,-0.079730,0.001555,-0.022097,-0.706565,-0.707302,1.664,1.917,89.968,0.003124,-0.003093,-0.038942,-0.001211,0.002322,-0.000220
1790939848.062738,1790939848.066138,0.000461,-0.001515,-0.079483,0.001561,-0.022107,-0.706569,-0.707297,1.665,1.919,89.969,0.003269,-0.003312,-0.038759,0.000543,0.000687,0.001236
1790939848.085732,1790939848.099345,0.000445,-0.001511,-0.079377,0.001562,-0.022101,-0.706578,-0.707289,1.664,1.918,89.970,0.002685,-0.002697,-0.039039,0.002419,-0.002046,0.000885
1790939848.120731,1790939848.132104,0.000429,-0.001511,-0.079455,0.001566,-0.022093,-0.706580,-0.707287,1.663,1.918,89.971,0.002552,-0.003509,-0.039687,-0.002266,-0.000950,-0.000341
1790939848.155731,1790939848.167155,0.000421,-0.001502,-0.079647,0.001567,-0.022089,-0.706584,-0.707283,1.663,1.918,89.971,0.002750,-0.003234,-0.039150,0.000384,0.001618,-0.000231
1790939848.190725,1790939848.200220,0.000413,-0.001491,-0.080032,0.001580,-0.022089,-0.706586,-0.707281,1.662,1.919,89.971,0.002653,-0.002868,-0.039667,0.000027,-0.000359,-0.001111
1790939848.224725,1790939848.234131,0.000412,-0.001475,-0.079870,0.001580,-0.022097,-0.706588,-0.707278,1.662,1.919,89.972,0.002816,-0.003431,-0.039497,0.000397,-0.000695,0.000393
1790939848.259725,1790939848.265864,0.000387,-0.001468,-0.079532,0.001579,-0.022085,-0.706589,-0.707277,1.661,1.918,89.972,0.002731,-0.002915,-0.039767,-0.003485,0.001490,-0.000804
1790939848.294720,1790939848.301035,0.000344,-0.001467,-0.079432,0.001594,-0.022080,-0.706580,-0.707287,1.660,1.919,89.971,0.002643,-0.002110,-0.039505,-0.000286,0.001109,-0.000936
1790939848.329720,1790939848.332622,0.000296,-0.001475,-0.079473,0.001594,-0.022083,-0.706581,-0.707286,1.660,1.919,89.971,0.002130,-0.002090,-0.039924,0.000683,0.000042,0.000334
1790939848.363720,1790939848.366945,0.000247,-0.001491,-0.079773,0.001595,-0.022076,-0.706583,-0.707284,1.659,1.919,89.971,0.002090,-0.002143,-0.040647,-0.002205,0.001264,-0.000579
1790939848.387715,1790939848.399857,0.000215,-0.001497,-0.080006,0.001594,-0.022064,-0.706581,-0.707287,1.658,1.918,89.971,0.002269,-0.002219,-0.040952,-0.000751,-0.000869,0.000293
1790939848.421715,1790939848.433848,0.000166,-0.001489,-0.080224,0.001592,-0.022077,-0.706581,-0.707285,1.660,1.919,89.971,0.002756,-0.001588,-0.040792,-0.001429,0.002741,0.000602
1790939848.456715,1790939848.466627,0.000106,-0.001477,-0.079828,0.001596,-0.022067,-0.706578,-0.707289,1.659,1.918,89.970,0.002797,-0.001398,-0.040401,-0.001082,0.000751,0.001085
1790939848.491708,1790939848.498593,0.000031,-0.001495,-0.079685,0.001601,-0.022079,-0.706574,-0.707293,1.659,1.920,89.970,0.002289,-0.001810,-0.040337,-0.003785,0.001133,-0.000113
1790939848.525708,1790939848.534394,-0.000040,-0.001512,-0.079723,0.001596,-0.022083,-0.706573,-0.707294,1.660,1.919,89.969,0.002197,-0.001667,-0.040549,0.002151,0.004666,0.000014
1790939848.560708,1790939848.566877,-0.000106,-0.001525,-0.079900,0.001608,-0.022086,-0.706571,-0.707295,1.659,1.921,89.969,0.002261,-0.001392,-0.039919,-0.002541,0.001178,-0.000438
1790939848.595701,1790939848.601423,-0.000169,-0.001530,-0.080235,0.001609,-0.022085,-0.706575,-0.707292,1.659,1.921,89.970,0.002627,-0.001552,-0.040022,0.000576,-0.001049,0.000823
1790939848.619701,1790939848.632172,-0.000215,-0.001526,-0.080538,0.001607,-0.022090,-0.706576,-0.707290,1.659,1.921,89.970,0.002783,-0.000863,-0.039488,0.002755,0.000387,-0.001688
1790939848.653702,1790939848.665379,-0.000293,-0.001510,-0.080020,0.001612,-0.022092,-0.706574,-0.707292,1.659,1.921,89.970,0.002793,-0.001152,-0.039321,-0.000431,0.000277,-0.000677
1790939848.688695,1790939848.701036,-0.000361,-0.001508,-0.079704,0.001610,-0.022091,-0.706571,-0.707296,1.659,1.921,89.969,0.002988,-0.001406,-0.039072,-0.003375,0.000956,-0.000705
1790939848.723695,1790939848.731959,-0.000425,-0.001498,-0.079644,0.001622,-0.022089,-0.706570,-0.707296,1.658,1.922,89.969,0.002984,-0.000993,-0.039036,0.000553,0.001310,0.000421
1790939848.758695,1790939848.766945,-0.000486,-0.001493,-0.079693,0.001626,-0.022083,-0.706566,-0.707300,1.657,1.922,89.968,0.002676,-0.001198,-0.038802,-0.001074,0.002058,0.000774
1790939848.792688,1790939848.800729,-0.000547,-0.001480,-0.079946,0.001619,-0.022084,-0.706561,-0.707306,1.658,1.921,89.967,0.002813,-0.001010,-0.039202,-0.003831,0.002804,-0.000663
1790939848.827688,1790939848.832940,-0.000609,-0.001466,-0.080292,0.001621,-0.022087,-0.706558,-0.707309,1.658,1.922,89.967,0.003045,-0.000930,-0.039332,-0.001334,0.002138,-0.002141
1790939848.862688,1790939848.865935,-0.000651,-0.001438,-0.079869,0.001636,-0.022074,-0.706556,-0.707311,1.656,1.922,89.967,0.003167,-0.001589,-0.038799,0.000338,-0.002048,-0.000316
1790939848.896682,1790939848.899872,-0.000683,-0.001428,-0.079540,0.001644,-0.022072,-0.706551,-0.707316,1.655,1.922,89.966,0.003062,-0.001884,-0.039574,0.000104,0.000267,0.000634
1790939848.920681,1790939848.932034,-0.000701,-0.001422,-0.079477,0.001633,-0.022073,-0.706553,-0.707314,1.656,1.922,89.966,0.002938,-0.001526,-0.039343,0.000595,-0.001694,-0.000760
1790939848.955682,1790939848.967280,-0.000728,-0.001416,-0.079508,0.001633,-0.022070,-0.706550,-0.707318,1.656,1.921,89.966,0.002677,-0.001485,-0.039132,0.000224,-0.000088,0.000517
1790939848.990675,1790939849.001455,-0.000760,-0.001405,-0.079691,0.001639,-0.022069,-0.706548,-0.707319,1.655,1.922,89.965,0.002959,-0.001060,-0.039480,0.001032,-0.001115,-0.000067
1790939849.024675,1790939849.033997,-0.000794,-0.001387,-0.080106,0.001645,-0.022082,-0.706551,-0.707315,1.656,1.923,89.966,0.002955,-0.001052,-0.039736,-0.001140,0.001662,-0.001357
1790939849.059675,1790939849.066049,-0.000822,-0.001366,-0.079921,0.001636,-0.022083,-0.706549,-0.707318,1.656,1.923,89.965,0.003149,-0.001155,-0.039452,-0.000363,-0.002933,-0.000695
1790939849.094668,1790939849.099943,-0.000847,-0.001344,-0.079577,0.001640,-0.022079,-0.706547,-0.707320,1.656,1.923,89.965,0.003733,-0.000852,-0.038964,-0.003809,0.001599,-0.001929
1790939849.129668,1790939849.132169,-0.000874,-0.001304,-0.079447,0.001647,-0.022066,-0.706546,-0.707321,1.654,1.922,89.965,0.004180,-0.000580,-0.038997,0.001539,-0.003718,0.002163
1790939849.152668,1790939849.165938,-0.000889,-0.001273,-0.079454,0.001644,-0.022065,-0.706547,-0.707320,1.654,1.922,89.965,0.004134,-0.000693,-0.039143,0.002202,-0.002195,0.001094
1790939849.186663,1790939849.198920,-0.000903,-0.001221,-0.079603,0.001632,-0.022083,-0.706552,-0.707315,1.657,1.922,89.966,0.004195,-0.001037,-0.038557,0.001453,-0.001311,-0.000663
1790939849.221663,1790939849.234154,-0.000920,-0.001161,-0.079898,0.001624,-0.022074,-0.706553,-0.707314,1.657,1.921,89.966,0.004447,-0.001238,-0.039313,-0.002152,0.000147,-0.000715
1790939849.256663,1790939849.265024,-0.000928,-0.001089,-0.080007,0.001620,-0.022074,-0.706550,-0.707317,1.657,1.921,89.966,0.004350,-0.001136,-0.039060,-0.001125,0.001509,-0.000990
1790939849.291657,1790939849.299949,-0.000923,-0.001040,-0.079564,0.001626,-0.022080,-0.706549,-0.707317,1.657,1.922,89.966,0.004040,-0.001044,-0.038714,0.001405,-0.002786,-0.000483
1790939849.325657,1790939849.331157,-0.000926,-0.000992,-0.079362,0.001624,-0.022079,-0.706546,-0.707321,1.657,1.921,89.965,0.004349,-0.001214,-0.038296,0.002215,-0.001664,0.001585
1790939849.361657,1790939849.367152,-0.000927,-0.000937,-0.079300,0.001630,-0.022076,-0.706549,-0.707317,1.656,1.922,89.966,0.004591,-0.001258,-0.037998,-0.003255,0.002364,-0.000062
1790939849.395651,1790939849.399065,-0.000928,-0.000869,-0.079435,0.001636,-0.022063,-0.706553,-0.707314,1.655,1.921,89.966,0.004953,-0.000842,-0.038261,0.000058,-0.002022,0.000500
1790939849.418651,1790939849.432403,-0.000929,-0.000818,-0.079603,0.001642,-0.022068,-0.706556,-0.707311,1.655,1.922,89.967,0.004873,-0.000890,-0.038124,0.002178,-0.000132,0.000407
1790939849.453651,1790939849.466284,-0.000940,-0.000730,-0.079973,0.001640,-0.022070,-0.706556,-0.707311,1.655,1.922,89.967,0.004957,-0.000745,-0.037573,0.001863,-0.001164,0.001158
1790939849.488645,1790939849.500425,-0.000950,-0.000634,-0.079442,0.001633,-0.022069,-0.706557,-0.707310,1.656,1.921,89.967,0.005265,-0.001136,-0.037770,-0.004487,0.001424,0.000039
1790939849.523645,1790939849.534253,-0.000955,-0.000578,-0.079119,0.001629,-0.022057,-0.706557,-0.707311,1.655,1.920,89.967,0.005450,-0.001016,-0.037338,0.000153,0.001359,-0.000767
1790939849.557645,1790939849.566928,-0.000963,-0.000513,-0.078976,0.001637,-0.022059,-0.706553,-0.707315,1.654,1.921,89.966,0.005449,-0.000480,-0.037001,0.002320,0.000559,0.000372
1790939849.593638,1790939849.600025,-0.000980,-0.000445,-0.078988,0.001636,-0.022060,-0.706553,-0.707314,1.655,1.921,89.966,0.005403,-0.000430,-0.036385,0.001124,0.001044,-0.000054
1790939849.627639,1790939849.634077,-0.001005,-0.000367,-0.079194,0.001622,-0.022067,-0.706554,-0.707313,1.656,1.920,89.966,0.005386,-0.000012,-0.036410,0.001054,0.001434,0.000482
1790939849.662638,1790939849.667207,-0.001036,-0.000293,-0.079490,0.001617,-0.022062,-0.706557,-0.707310,1.656,1.919,89.967,0.005481,0.000000,-0.036412,-0.000708,0.003162,0.001502
1790939849.697634,1790939849.700049,-0.001065,-0.000216,-0.078944,0.001623,-0.022066,-0.706559,-0.707308,1.656,1.920,89.967,0.005112,-0.000005,-0.036128,-0.001362,0.002349,0.000298
1790939849.720634,1790939849.733107,-0.001088,-0.000205,-0.078699,0.001622,-0.022070,-0.706559,-0.707308,1.657,1.921,89.967,0.005201,0.000155,-0.036341,0.000022,0.000308,0.000864
1790939849.755633,1790939849.766964,-0.001125,-0.000184,-0.078552,0.001609,-0.022073,-0.706563,-0.707304,1.658,1.920,89.968,0.004866,-0.000201,-0.036553,0.001010,-0.001339,0.000675
1790939849.790628,1790939849.800333,-0.001160,-0.000168,-0.078511,0.001606,-0.022071,-0.706561,-0.707306,1.658,1.919,89.967,0.004894,-0.000292,-0.037050,-0.002574,0.000994,-0.001098
1790939849.824629,1790939849.832149,-0.001205,-0.000130,-0.078738,0.001613,-0.022072,-0.706561,-0.707306,1.658,1.920,89.967,0.005248,0.000417,-0.036802,0.001994,0.001131,0.000375
1790939849.859628,1790939849.865484,-0.001243,-0.000091,-0.079006,0.001620,-0.022069,-0.706560,-0.707307,1.657,1.920,89.967,0.005293,0.000109,-0.036519,-0.000356,-0.000587,-0.000391
1790939849.894623,1790939849.899096,-0.001277,-0.000050,-0.078795,0.001615,-0.022070,-0.706562,-0.707305,1.657,1.920,89.968,0.004898,-0.000165,-0.036697,0.002018,-0.002297,0.000501
1790939849.928623,1790939849.932500,-0.001304,-0.000049,-0.078500,0.001606,-0.022064,-0.706561,-0.707307,1.657,1.919,89.967,0.004871,0.000411,-0.036581,-0.001015,0.001198,-0.000306
1790939849.963623,1790939849.967174,-0.001334,-0.000072,-0.078333,0.001591,-0.022057,-0.706559,-0.707308,1.658,1.917,89.967,0.004678,0.000174,-0.036865,-0.001972,0.002127,-0.000539
1790939849.986616,1790939849.998054,-0.001350,-0.000082,-0.078368,0.001598,-0.022060,-0.706554,-0.707314,1.658,1.918,89.966,0.004680,0.000095,-0.036417,-0.001781,0.004012,-0.000916
1790939850.021616,1790939850.034016,-0.001376,-0.000099,-0.078485,0.001592,-0.022061,-0.706554,-0.707314,1.658,1.917,89.966,0.004426,0.000266,-0.035805,-0.000228,-0.001596,-0.001282
1790939850.056616,1790939850.065897,-0.001407,-0.000118,-0.078706,0.001589,-0.022062,-0.706554,-0.707313,1.659,1.917,89.966,0.004295,0.000021,-0.036063,-0.000175,-0.001435,0.000336
1790939850.091612,1790939850.100607,-0.001449,-0.000134,-0.078841,0.001587,-0.022056,-0.706553,-0.707315,1.658,1.917,89.966,0.003807,0.000690,-0.036248,0.000170,0.000348,-0.000353
1790939850.126612,1790939850.133560,-0.001488,-0.000177,-0.078438,0.001603,-0.022055,-0.706551,-0.707316,1.657,1.918,89.966,0.003509,0.000715,-0.035979,0.000438,-0.001228,0.002211
1790939850.161612,1790939850.167074,-0.001509,-0.000269,-0.078176,0.001590,-0.022039,-0.706553,-0.707315,1.657,1.915,89.966,0.003095,0.000467,-0.035828,0.002605,-0.002570,0.000911
1790939850.195606,1790939850.200292,-0.001536,-0.000354,-0.078163,0.001587,-0.022032,-0.706560,-0.707308,1.656,1.915,89.967,0.002917,0.000646,-0.036001,-0.002792,0.001347,-0.000091
1790939850.230606,1790939850.234812,-0.001568,-0.000434,-0.078247,0.001587,-0.022032,-0.706562,-0.707307,1.656,1.915,89.967,0.003096,0.000797,-0.036208,-0.001708,0.001484,-0.000916
1790939850.253606,1790939850.268179,-0.001588,-0.000479,-0.078457,0.001584,-0.022027,-0.706567,-0.707302,1.656,1.914,89.968,0.003137,0.000729,-0.036309,0.001488,-0.000885,0.001431
1790939850.288598,1790939850.298636,-0.001613,-0.000542,-0.078853,0.001580,-0.022029,-0.706571,-0.707297,1.657,1.914,89.969,0.002986,0.000294,-0.037122,0.002217,-0.000324,-0.000927
1790939850.323598,1790939850.333200,-0.001638,-0.000603,-0.078405,0.001570,-0.022025,-0.706566,-0.707302,1.657,1.913,89.968,0.003025,0.000251,-0.037302,0.001319,-0.001605,0.000896
1790939850.358598,1790939850.364629,-0.001637,-0.000698,-0.078178,0.001564,-0.022020,-0.706568,-0.707301,1.657,1.912,89.968,0.003042,0.000359,-0.037254,-0.000963,0.002287,-0.000425
1790939850.393591,1790939850.400101,-0.001642,-0.000792,-0.078130,0.001556,-0.022021,-0.706572,-0.707297,1.658,1.911,89.969,0.002564,0.000864,-0.037231,0.000434,-0.001713,-0.000490
1790939850.428591,1790939850.431133,-0.001662,-0.000889,-0.078309,0.001551,-0.022015,-0.706573,-0.707296,1.658,1.910,89.969,0.002086,0.000264,-0.037653,-0.002190,-0.000567,0.000454
1790939850.463591,1790939850.466169,-0.001671,-0.000985,-0.078620,0.001534,-0.022007,-0.706575,-0.707294,1.659,1.908,89.969,0.001876,0.000261,-0.037571,0.001890,-0.003212,0.001392
1790939850.486585,1790939850.497959,-0.001672,-0.001049,-0.078879,0.001540,-0.022010,-0.706573,-0.707296,1.658,1.909,89.969,0.001784,-0.000235,-0.037928,-0.002588,0.002874,-0.000755
1790939850.521585,1790939850.533508,-0.001664,-0.001141,-0.078726,0.001545,-0.022001,-0.706571,-0.707299,1.657,1.909,89.969,0.001707,-0.000525,-0.038539,-0.001746,0.001297,0.000082
1790939850.555585,1790939850.566972,-0.001634,-0.001253,-0.078556,0.001534,-0.021998,-0.706566,-0.707303,1.658,1.908,89.968,0.001184,-0.000774,-0.038815,0.003235,-0.002465,-0.000069
1790939850.590578,1790939850.598427,-0.001585,-0.001375,-0.078474,0.001529,-0.021996,-0.706566,-0.707304,1.658,1.907,89.968,0.001026,-0.001174,-0.038877,-0.000444,0.000271,-0.001451
1790939850.625578,1790939850.632894,-0.001537,-0.001487,-0.078579,0.001515,-0.021985,-0.706561,-0.707309,1.658,1.905,89.967,0.001005,-0.001025,-0.038752,0.000696,0.002683,-0.000103
1790939850.659578,1790939850.668774,-0.001499,-0.001594,-0.078870,0.001524,-0.021993,-0.706565,-0.707305,1.658,1.906,89.968,0.001176,-0.000324,-0.038591,-0.000458,0.001222,0.000924
1790939850.695571,1790939850.698777,-0.001466,-0.001688,-0.079232,0.001533,-0.021986,-0.706564,-0.707306,1.657,1.906,89.967,0.001235,-0.000688,-0.038538,0.000250,0.001590,0.000164
1790939850.729571,1790939850.733039,-0.001430,-0.001771,-0.079124,0.001529,-0.021987,-0.706563,-0.707307,1.657,1.906,89.967,0.001157,-0.001055,-0.039072,-0.001288,0.001364,-0.000543
1790939850.764571,1790939850.768057,-0.001385,-0.001860,-0.078832,0.001518,-0.021971,-0.706559,-0.707312,1.657,1.904,89.966,0.000686,-0.000680,-0.038695,-0.000209,0.001721,-0.000093
1790939850.787565,1790939850.798976,-0.001358,-0.001921,-0.078791,0.001528,-0.021973,-0.706562,-0.707308,1.656,1.905,89.967,0.001207,-0.000360,-0.039298,-0.000208,0.001255,0.001333
1790939850.822565,1790939850.833288,-0.001324,-0.001979,-0.078882,0.001531,-0.021975,-0.706564,-0.707306,1.656,1.905,89.967,0.001690,-0.000429,-0.039226,0.000312,0.000597,0.001669
1790939850.857565,1790939850.867268,-0.001284,-0.002032,-0.079108,0.001518,-0.021971,-0.706564,-0.707307,1.657,1.904,89.967,0.001299,-0.000958,-0.038729,0.000144,-0.002043,-0.000989
1790939850.891559,1790939850.900806,-0.001243,-0.002084,-0.079442,0.001508,-0.021973,-0.706560,-0.707310,1.658,1.903,89.967,0.001410,-0.001243,-0.039356,-0.000535,-0.002341,0.000660
1790939850.927559,1790939850.932890,-0.001188,-0.002123,-0.079564,0.001518,-0.021968,-0.706557,-0.707313,1.657,1.904,89.966,0.001424,-0.001398,-0.038827,-0.003430,0.001527,-0.000478
1790939850.961559,1790939850.965266,-0.001128,-0.002150,-0.079222,0.001533,-0.021972,-0.706555,-0.707315,1.656,1.905,89.966,0.001841,-0.001612,-0.038634,-0.000691,0.002174,-0.000688
1790939850.996552,1790939850.999916,-0.001074,-0.002163,-0.079044,0.001533,-0.021991,-0.706558,-0.707312,1.657,1.907,89.967,0.001698,-0.001914,-0.038727,-0.001645,0.001428,0.000160
1790939851.019552,1790939851.031846,-0.001035,-0.002171,-0.079010,0.001532,-0.021988,-0.706558,-0.707312,1.657,1.907,89.966,0.001708,-0.001823,-0.038365,-0.002011,0.000016,-0.000313
1790939851.054552,1790939851.065980,-0.000971,-0.002181,-0.079151,0.001540,-0.021995,-0.706563,-0.707307,1.657,1.908,89.967,0.001591,-0.001835,-0.038742,-0.001786,0.001069,0.000412
1790939851.089544,1790939851.100965,-0.000919,-0.002189,-0.079403,0.001536,-0.021987,-0.706560,-0.707310,1.657,1.907,89.967,0.001545,-0.001515,-0.039263,-0.000659,0.001496,-0.001915
1790939851.123544,1790939851.132128,-0.000864,-0.002197,-0.079900,0.001536,-0.021977,-0.706564,-0.707306,1.656,1.906,89.967,0.001491,-0.002075,-0.039544,-0.002896,0.001436,0.001112
1790939851.158544,1790939851.165867,-0.000816,-0.002202,-0.079478,0.001531,-0.021984,-0.706565,-0.707305,1.657,1.906,89.968,0.001251,-0.001814,-0.039267,-0.001649,0.003067,0.000110
1790939851.193539,1790939851.199890,-0.000772,-0.002219,-0.079210,0.001542,-0.021981,-0.706567,-0.707303,1.656,1.907,89.968,0.001124,-0.001755,-0.039195,0.000011,0.002056,0.000844
1790939851.228539,1790939851.233031,-0.000715,-0.002240,-0.079171,0.001541,-0.021977,-0.706567,-0.707303,1.656,1.906,89.968,0.000745,-0.002274,-0.039555,0.002175,-0.001615,-0.001161
1790939851.262539,1790939851.267006,-0.000633,-0.002268,-0.079361,0.001526,-0.021976,-0.706558,-0.707312,1.657,1.905,89.966,0.000662,-0.003411,-0.039837,0.003324,-0.001599,0.000465
1790939851.286533,1790939851.297911,-0.000579,-0.002280,-0.079500,0.001517,-0.021976,-0.706551,-0.707320,1.657,1.904,89.965,0.000730,-0.003239,-0.039240,0.000987,-0.001171,-0.001162
1790939851.321533,1790939851.333083,-0.000497,-0.002301,-0.079953,0.001523,-0.021977,-0.706550,-0.707320,1.657,1.905,89.965,0.000661,-0.002846,-0.039934,-0.001833,0.002550,-0.000382
1790939851.355533,1790939851.366012,-0.000421,-0.002317,-0.079779,0.001545,-0.021983,-0.706547,-0.707323,1.656,1.907,89.965,0.000821,-0.003005,-0.039791,0.000814,0.001000,0.000672
1790939851.390526,1790939851.399037,-0.000353,-0.002334,-0.079438,0.001549,-0.021981,-0.706544,-0.707326,1.655,1.907,89.964,0.001059,-0.002809,-0.040064,-0.002788,0.000694,-0.001323
1790939851.425526,1790939851.432993,-0.000291,-0.002346,-0.079383,0.001541,-0.021976,-0.706543,-0.707327,1.656,1.906,89.964,0.000953,-0.002916,-0.039551,-0.000399,0.002040,-0.000153
1790939851.460526,1790939851.466282,-0.000235,-0.002354,-0.079471,0.001545,-0.021974,-0.706543,-0.707327,1.655,1.906,89.964,0.001238,-0.002757,-0.038776,-0.002499,0.002473,0.000225
1790939851.494520,1790939851.499174,-0.000182,-0.002347,-0.079630,0.001547,-0.021968,-0.706545,-0.707325,1.654,1.906,89.964,0.001412,-0.002702,-0.038447,0.002933,0.000398,0.000190
1790939851.529520,1790939851.533181,-0.000129,-0.002341,-0.079994,0.001550,-0.021973,-0.706543,-0.707327,1.655,1.907,89.964,0.001328,-0.002959,-0.038507,0.001614,-0.000815,-0.000888
1790939851.552520,1790939851.564901,-0.000093,-0.002332,-0.079926,0.001549,-0.021984,-0.706538,-0.707332,1.655,1.908,89.963,0.001527,-0.003238,-0.038505,-0.000524,-0.001211,0.000099
1790939851.587514,1790939851.600954,-0.000041,-0.002316,-0.079440,0.001553,-0.021981,-0.706540,-0.707330,1.655,1.908,89.963,0.001590,-0.003489,-0.038141,-0.000347,0.000260,-0.000595
1790939851.622514,1790939851.631879,-0.000007,-0.002292,-0.079251,0.001567,-0.021966,-0.706536,-0.707334,1.653,1.908,89.963,0.001871,-0.002769,-0.037771,-0.000991,0.000389,-0.000829
1790939851.656514,1790939851.667091,0.000021,-0.002265,-0.079156,0.001564,-0.021974,-0.706541,-0.707329,1.654,1.908,89.964,0.002004,-0.002724,-0.037747,0.002025,-0.001794,0.001273
1790939851.692509,1790939851.698995,0.000046,-0.002229,-0.079207,0.001556,-0.021982,-0.706539,-0.707330,1.655,1.908,89.963,0.001945,-0.002814,-0.037987,-0.003415,-0.000002,-0.001682
1790939851.726509,1790939851.733124,0.000070,-0.002198,-0.079526,0.001559,-0.021968,-0.706534,-0.707336,1.653,1.907,89.962,0.001705,-0.002431,-0.038447,-0.002848,0.001609,-0.000574
1790939851.761509,1790939851.766701,0.000092,-0.002170,-0.079588,0.001563,-0.021962,-0.706534,-0.707336,1.653,1.907,89.963,0.001784,-0.002431,-0.039102,0.001384,0.000260,-0.000213
1790939851.796502,1790939851.800498,0.000104,-0.002151,-0.079207,0.001563,-0.021968,-0.706540,-0.707330,1.653,1.908,89.963,0.001259,-0.002976,-0.039269,0.002177,-0.002403,0.000168
1790939851.819502,1790939851.832201,0.000107,-0.002145,-0.079079,0.001541,-0.021962,-0.706544,-0.707327,1.654,1.905,89.964,0.001408,-0.003110,-0.039457,-0.001045,0.000486,-0.000609
1790939851.854502,1790939851.865714,0.000129,-0.002132,-0.079039,0.001546,-0.021976,-0.706545,-0.707325,1.655,1.907,89.964,0.001078,-0.003258,-0.039780,-0.001771,0.002067,-0.000721
1790939851.889495,1790939851.899040,0.000145,-0.002122,-0.079156,0.001551,-0.021983,-0.706548,-0.707322,1.655,1.908,89.965,0.001562,-0.003160,-0.039862,-0.000107,0.000706,0.000611
1790939851.923495,1790939851.932603,0.000161,-0.002108,-0.079523,0.001559,-0.021979,-0.706540,-0.707330,1.654,1.908,89.963,0.001211,-0.003095,-0.040391,-0.001035,0.001097,0.000271
1790939851.958495,1790939851.964564,0.000183,-0.002099,-0.079956,0.001544,-0.021977,-0.706538,-0.707332,1.655,1.907,89.963,0.001100,-0.003593,-0.041126,-0.001724,-0.001213,-0.000968
1790939851.993488,1790939852.000012,0.000209,-0.002099,-0.079600,0.001543,-0.021975,-0.706537,-0.707333,1.655,1.906,89.963,0.000962,-0.003129,-0.041325,0.000522,-0.000285,-0.001697
1790939852.027488,1790939852.033442,0.000213,-0.002121,-0.079405,0.001557,-0.021959,-0.706531,-0.707339,1.653,1.906,89.962,0.001098,-0.003377,-0.041148,-0.004809,0.002443,-0.000940
1790939852.062488,1790939852.064746,0.000221,-0.002139,-0.079387,0.001552,-0.021964,-0.706532,-0.707338,1.654,1.906,89.962,0.001113,-0.003171,-0.040971,-0.000881,-0.000026,0.000153
1790939852.085481,1790939852.098809,0.000222,-0.002142,-0.079511,0.001551,-0.021969,-0.706535,-0.707336,1.654,1.907,89.963,0.001441,-0.003021,-0.040713,-0.000692,-0.001121,-0.000224
1790939852.121481,1790939852.133960,0.000222,-0.002143,-0.079781,0.001539,-0.021970,-0.706533,-0.707338,1.655,1.906,89.962,0.001175,-0.003080,-0.040872,-0.000922,0.003979,0.001133
1790939852.155481,1790939852.166058,0.000217,-0.002148,-0.080205,0.001540,-0.021970,-0.706535,-0.707335,1.655,1.906,89.963,0.001405,-0.002274,-0.041376,-0.000994,0.001501,0.000869
1790939852.190475,1790939852.200171,0.000198,-0.002146,-0.080059,0.001541,-0.021972,-0.706536,-0.707334,1.655,1.906,89.963,0.001193,-0.001886,-0.041426,0.001485,0.000228,0.000868
1790939852.225474,1790939852.232876,0.000173,-0.002159,-0.079799,0.001534,-0.021973,-0.706539,-0.707331,1.656,1.906,89.963,0.000888,-0.002958,-0.041097,0.002202,0.000348,-0.000223
1790939852.259475,1790939852.266083,0.000149,-0.002178,-0.079670,0.001539,-0.021967,-0.706538,-0.707333,1.655,1.905,89.963,0.000785,-0.002726,-0.041387,-0.001558,0.002051,0.000559
1790939852.294469,1790939852.298809,0.000119,-0.002198,-0.079729,0.001549,-0.021940,-0.706539,-0.707332,1.652,1.904,89.963,0.000860,-0.002334,-0.041185,-0.002056,0.000652,0.000491
1790939852.329469,1790939852.333135,0.000088,-0.002212,-0.080025,0.001553,-0.021945,-0.706538,-0.707333,1.652,1.905,89.963,0.001062,-0.002224,-0.040840,0.000968,0.001991,-0.000865
1790939852.352469,1790939852.365870,0.000063,-0.002217,-0.080235,0.001554,-0.021953,-0.706535,-0.707336,1.653,1.906,89.963,0.001135,-0.001985,-0.040743,-0.000660,-0.000456,-0.000147
1790939852.387462,1790939852.398735,0.000039,-0.002224,-0.080362,0.001561,-0.021951,-0.706538,-0.707333,1.652,1.906,89.963,0.001048,-0.002463,-0.040930,-0.003033,0.002552,-0.000653
1790939852.422462,1790939852.431861,0.000019,-0.002229,-0.079951,0.001557,-0.021944,-0.706542,-0.707329,1.652,1.905,89.964,0.001186,-0.002272,-0.040588,-0.002208,0.000847,-0.000230
1790939852.457462,1790939852.466922,-0.000014,-0.002223,-0.079676,0.001546,-0.021936,-0.706542,-0.707329,1.652,1.904,89.964,0.001744,-0.002529,-0.040041,0.000065,0.002322,-0.000417
1790939852.491457,1790939852.498945,-0.000026,-0.002203,-0.079688,0.001545,-0.021933,-0.706541,-0.707331,1.652,1.903,89.963,0.001852,-0.003123,-0.039890,-0.001907,0.000687,0.000805
1790939852.526457,1790939852.533971,-0.000040,-0.002185,-0.079792,0.001534,-0.021941,-0.706539,-0.707332,1.653,1.903,89.963,0.001483,-0.002828,-0.039936,-0.000870,-0.000429,-0.002427
1790939852.561457,1790939852.567152,-0.000065,-0.002181,-0.080091,0.001531,-0.021932,-0.706539,-0.707332,1.653,1.902,89.963,0.001317,-0.001717,-0.040452,-0.000476,0.001732,-0.000864
1790939852.596450,1790939852.601588,-0.000101,-0.002175,-0.080218,0.001532,-0.021929,-0.706536,-0.707335,1.652,1.902,89.963,0.001326,-0.001478,-0.039786,-0.002413,0.000119,0.000472
1790939852.619450,1790939852.631995,-0.000125,-0.002170,-0.079874,0.001533,-0.021932,-0.706544,-0.707328,1.653,1.902,89.964,0.001203,-0.001358,-0.039827,0.000494,-0.001675,0.000647
1790939852.653450,1790939852.669267,-0.000180,-0.002165,-0.079545,0.001522,-0.021938,-0.706539,-0.707332,1.654,1.902,89.963,0.001206,-0.001460,-0.039008,0.000831,-0.000315,-0.000395
1790939852.688442,1790939852.698434,-0.000237,-0.002162,-0.079406,0.001511,-0.021936,-0.706538,-0.707334,1.655,1.901,89.963,0.000879,-0.001495,-0.039522,-0.000368,-0.000672,-0.000497
1790939852.723442,1790939852.736307,-0.000292,-0.002162,-0.079457,0.001518,-0.021931,-0.706535,-0.707337,1.654,1.901,89.962,0.001051,-0.001233,-0.039428,-0.000072,-0.000792,-0.000183
1790939852.758442,1790939852.766113,-0.000343,-0.002158,-0.079664,0.001525,-0.021931,-0.706538,-0.707334,1.653,1.901,89.963,0.001022,-0.001035,-0.039387,0.000473,-0.001792,0.000919
1790939852.792435,1790939852.799671,-0.000393,-0.002159,-0.080060,0.001522,-0.021938,-0.706542,-0.707330,1.654,1.902,89.964,0.000810,-0.001455,-0.039434,-0.000974,-0.001716,-0.000202
1790939852.827435,1790939852.831866,-0.000447,-0.002172,-0.079515,0.001525,-0.021948,-0.706542,-0.707330,1.655,1.903,89.964,0.000549,-0.000782,-0.039243,-0.001463,-0.000428,-0.000265
1790939852.862435,1790939852.865782,-0.000531,-0.002192,-0.079182,0.001531,-0.021929,-0.706541,-0.707330,1.652,1.902,89.963,0.000643,0.000124,-0.038926,-0.003443,0.000599,-0.000745
1790939852.897428,1790939852.901541,-0.000626,-0.002209,-0.079065,0.001544,-0.021924,-0.706532,-0.707340,1.651,1.902,89.962,0.000422,-0.000254,-0.038804,0.000930,-0.001151,0.001428
1790939852.920428,1790939852.934085,-0.000687,-0.002222,-0.079026,0.001547,-0.021935,-0.706529,-0.707343,1.652,1.904,89.961,0.000650,0.000540,-0.038466,0.001355,-0.001199,-0.000162
1790939852.955428,1790939852.967847,-0.000786,-0.002232,-0.079213,0.001554,-0.021934,-0.706530,-0.707341,1.651,1.904,89.962,0.000867,0.000036,-0.038683,-0.001897,0.002052,-0.000408
1790939852.990423,1790939852.999972,-0.000892,-0.002232,-0.079510,0.001557,-0.021930,-0.706529,-0.707342,1.650,1.904,89.962,0.000866,0.000846,-0.039380,-0.002040,0.001188,-0.000654
1790939853.025423,1790939853.034119,-0.001009,-0.002246,-0.079265,0.001566,-0.021914,-0.706529,-0.707343,1.648,1.903,89.961,0.000640,0.001343,-0.038428,-0.001997,0.000844,0.001201
1790939853.060423,1790939853.066804,-0.001110,-0.002261,-0.078852,0.001569,-0.021915,-0.706529,-0.707343,1.648,1.904,89.961,0.000671,0.000900,-0.038323,0.002200,-0.003119,-0.000537
1790939853.094417,1790939853.097964,-0.001212,-0.002271,-0.078681,0.001570,-0.021914,-0.706531,-0.707341,1.648,1.904,89.962,0.000767,0.000540,-0.038978,0.001992,-0.000946,0.000608
1790939853.129417,1790939853.131784,-0.001314,-0.002282,-0.078710,0.001575,-0.021927,-0.706534,-0.707337,1.649,1.905,89.962,0.000870,0.001270,-0.038989,-0.000550,-0.000286,-0.001005
1790939853.152417,1790939853.164599,-0.001379,-0.002287,-0.078807,0.001581,-0.021938,-0.706535,-0.707336,1.649,1.907,89.963,0.000558,0.000636,-0.038982,-0.003316,0.000800,-0.001362
1790939853.187410,1790939853.197977,-0.001464,-0.002304,-0.079089,0.001588,-0.021923,-0.706530,-0.707342,1.647,1.906,89.962,0.000547,0.000927,-0.038494,0.001251,-0.001745,0.001820
1790939853.222410,1790939853.233713,-0.001540,-0.002323,-0.079196,0.001584,-0.021919,-0.706534,-0.707338,1.647,1.905,89.962,0.000417,0.000242,-0.038607,-0.001483,-0.000098,0.000064
1790939853.256410,1790939853.266606,-0.001603,-0.002340,-0.078748,0.001580,-0.021922,-0.706538,-0.707333,1.648,1.905,89.963,0.000272,0.000530,-0.038735,-0.000437,0.003651,-0.000227
1790939853.291399,1790939853.297826,-0.001648,-0.002359,-0.078510,0.001581,-0.021926,-0.706537,-0.707334,1.648,1.906,89.963,0.000220,0.000692,-0.038833,0.003951,-0.001355,0.000213
1790939853.326399,1790939853.333964,-0.001691,-0.002377,-0.078461,0.001593,-0.021929,-0.706536,-0.707336,1.647,1.907,89.963,0.000186,0.000440,-0.038318,0.000729,-0.002869,0.000336
1790939853.360399,1790939853.364877,-0.001721,-0.002402,-0.078615,0.001595,-0.021921,-0.706535,-0.707337,1.647,1.906,89.962,0.000021,0.000068,-0.037863,0.001038,-0.002033,0.000278
1790939853.396393,1790939853.399766,-0.001754,-0.002418,-0.078868,0.001580,-0.021914,-0.706542,-0.707330,1.647,1.905,89.964,0.000322,0.000255,-0.037767,0.001780,-0.001840,0.000006
1790939853.418393,1790939853.430922,-0.001779,-0.002423,-0.079139,0.001579,-0.021915,-0.706541,-0.707331,1.647,1.904,89.963,0.000637,0.000530,-0.038215,-0.000033,0.000355,0.001508
1790939853.465393,1790939853.468926,-0.001823,-0.002425,-0.078481,0.001589,-0.021909,-0.706537,-0.707335,1.646,1.905,89.963,0.000577,0.001109,-0.037807,0.001449,-0.001963,0.001771
1790939853.488387,1790939853.498871,-0.001843,-0.002426,-0.078277,0.001586,-0.021916,-0.706536,-0.707336,1.647,1.905,89.963,0.000570,0.001475,-0.037670,0.000398,0.001891,0.001465
1790939853.523387,1790939853.534674,-0.001877,-0.002430,-0.078216,0.001596,-0.021916,-0.706543,-0.707329,1.646,1.906,89.964,0.000416,0.001089,-0.037638,-0.002822,-0.001946,-0.000162
1790939853.558387,1790939853.565179,-0.001900,-0.002436,-0.078254,0.001586,-0.021901,-0.706540,-0.707332,1.646,1.904,89.963,0.000299,0.000934,-0.037601,-0.000371,0.001028,-0.000477
1790939853.592380,1790939853.598938,-0.001928,-0.002446,-0.078482,0.001587,-0.021912,-0.706541,-0.707331,1.647,1.905,89.963,0.000224,0.001395,-0.037891,0.002744,0.002294,-0.001327
1790939853.627380,1790939853.633438,-0.001958,-0.002465,-0.078825,0.001600,-0.021921,-0.706540,-0.707331,1.646,1.907,89.963,0.000047,0.001149,-0.038138,0.000672,0.000352,0.000575
1790939853.662380,1790939853.668288,-0.001988,-0.002482,-0.078383,0.001610,-0.021919,-0.706541,-0.707330,1.645,1.907,89.963,0.000167,0.001108,-0.038272,0.000887,-0.001615,0.000338
1790939853.696375,1790939853.699853,-0.001997,-0.002488,-0.078113,0.001600,-0.021921,-0.706540,-0.707332,1.646,1.907,89.963,0.000184,0.001164,-0.038380,-0.000003,-0.000538,-0.000326
1790939853.720375,1790939853.733504,-0.002002,-0.002491,-0.078039,0.001605,-0.021918,-0.706536,-0.707336,1.646,1.907,89.963,0.000259,0.000920,-0.038251,0.002417,0.000942,0.001857
1790939853.755375,1790939853.767196,-0.002013,-0.002493,-0.078096,0.001593,-0.021925,-0.706540,-0.707332,1.647,1.906,89.963,0.000409,0.001023,-0.038648,0.002608,-0.001498,0.000922
1790939853.790368,1790939853.799682,-0.002017,-0.002494,-0.078349,0.001590,-0.021936,-0.706540,-0.707331,1.648,1.907,89.963,0.000456,0.000259,-0.039031,0.000989,-0.001954,-0.001550
1790939853.824368,1790939853.833855,-0.002021,-0.002495,-0.078709,0.001570,-0.021937,-0.706535,-0.707336,1.650,1.906,89.963,0.000363,0.000990,-0.038317,0.000195,0.000658,-0.000928
1790939853.859368,1790939853.865804,-0.002031,-0.002497,-0.078526,0.001570,-0.021945,-0.706529,-0.707342,1.651,1.906,89.962,0.000368,0.000986,-0.038292,0.000324,-0.002625,-0.001591
1790939853.894361,1790939853.897867,-0.002022,-0.002492,-0.078157,0.001574,-0.021947,-0.706518,-0.707353,1.650,1.907,89.960,0.000539,0.000711,-0.038083,0.001652,-0.001875,0.000537
1790939853.929362,1790939853.934081,-0.002003,-0.002477,-0.078055,0.001570,-0.021949,-0.706519,-0.707352,1.651,1.907,89.960,0.000573,0.000267,-0.038575,-0.001446,0.003993,0.001272
1790939853.963362,1790939853.967276,-0.001974,-0.002459,-0.078148,0.001562,-0.021951,-0.706519,-0.707352,1.652,1.906,89.960,0.000884,0.000031,-0.039044,0.000240,0.001397,-0.000557
1790939853.986356,1790939853.998564,-0.001957,-0.002442,-0.078320,0.001549,-0.021951,-0.706522,-0.707348,1.653,1.905,89.961,0.001005,0.000257,-0.039220,-0.000411,0.001515,-0.000788
1790939854.021356,1790939854.033802,-0.001932,-0.002416,-0.078648,0.001559,-0.021957,-0.706517,-0.707353,1.652,1.906,89.960,0.001267,0.000373,-0.039375,0.003964,-0.001108,0.000590
1790939854.056356,1790939854.066000,-0.001916,-0.002380,-0.078803,0.001549,-0.021965,-0.706517,-0.707353,1.654,1.906,89.960,0.001423,0.000057,-0.039643,0.002064,-0.001331,0.001094
1790939854.091351,1790939854.097914,-0.001884,-0.002341,-0.078428,0.001541,-0.021957,-0.706521,-0.707350,1.654,1.905,89.960,0.001292,-0.000129,-0.039467,-0.001060,0.000314,0.000177
1790939854.126351,1790939854.134631,-0.001844,-0.002298,-0.078342,0.001546,-0.021958,-0.706524,-0.707347,1.654,1.905,89.961,0.001364,0.000496,-0.039640,0.000956,-0.001186,-0.000279
1790939854.161350,1790939854.167050,-0.001809,-0.002266,-0.078365,0.001556,-0.021962,-0.706524,-0.707346,1.653,1.906,89.961,0.000787,0.000273,-0.039819,-0.000492,0.001332,0.000649
1790939854.195344,1790939854.199805,-0.001773,-0.002250,-0.078550,0.001564,-0.021967,-0.706525,-0.707346,1.653,1.908,89.961,0.000562,-0.000053,-0.039900,0.000537,-0.002002,-0.000427
1790939854.230344,1790939854.233912,-0.001746,-0.002239,-0.078955,0.001562,-0.021975,-0.706530,-0.707340,1.654,1.908,89.962,0.000904,0.000132,-0.039847,-0.002125,-0.001188,0.000514
1790939854.253344,1790939854.267414,-0.001725,-0.002223,-0.079238,0.001566,-0.021966,-0.706525,-0.707346,1.653,1.908,89.961,0.000848,-0.000297,-0.039981,-0.001467,-0.002503,0.000038
1790939854.288338,1790939854.298925,-0.001699,-0.002205,-0.078829,0.001565,-0.021965,-0.706524,-0.707346,1.653,1.907,89.961,0.000900,0.000028,-0.039365,0.003127,-0.000474,0.001617
1790939854.323338,1790939854.331851,-0.001654,-0.002193,-0.078575,0.001560,-0.021979,-0.706529,-0.707341,1.654,1.908,89.962,0.000842,-0.000069,-0.039096,0.000447,0.001188,-0.000173
1790939854.357338,1790939854.366819,-0.001609,-0.002188,-0.078505,0.001555,-0.021978,-0.706528,-0.707342,1.655,1.908,89.962,0.000349,-0.000658,-0.039270,0.000142,0.000823,0.000886
1790939854.392332,1790939854.398995,-0.001558,-0.002195,-0.078651,0.001555,-0.021987,-0.706523,-0.707347,1.655,1.908,89.961,0.000167,-0.000418,-0.039363,0.001416,-0.001003,0.000622
1790939854.427332,1790939854.436067,-0.001505,-0.002204,-0.078908,0.001548,-0.021989,-0.706519,-0.707351,1.656,1.908,89.960,0.000195,-0.000802,-0.039199,0.000422,0.000758,0.000711
1790939854.462332,1790939854.464798,-0.001447,-0.002221,-0.079320,0.001552,-0.021997,-0.706515,-0.707354,1.656,1.909,89.960,0.000107,-0.001351,-0.038970,-0.000147,-0.000155,-0.000663
1790939854.497326,1790939854.500160,-0.001393,-0.002235,-0.078832,0.001543,-0.021988,-0.706513,-0.707357,1.656,1.908,89.959,0.000058,-0.001123,-0.039097,0.000771,-0.002542,-0.001037
1790939854.520326,1790939854.531951,-0.001356,-0.002254,-0.078644,0.001535,-0.021983,-0.706510,-0.707360,1.656,1.907,89.959,-0.000569,-0.001289,-0.039653,-0.000824,-0.000134,-0.000292
1790939854.554326,1790939854.564833,-0.001291,-0.002298,-0.078538,0.001540,-0.021988,-0.706513,-0.707356,1.656,1.907,89.959,-0.000246,-0.001053,-0.039247,-0.000754,0.003330,0.000896
1790939854.589319,1790939854.600012,-0.001228,-0.002324,-0.078540,0.001543,-0.021996,-0.706515,-0.707355,1.657,1.908,89.959,0.000096,-0.001087,-0.038996,0.000862,-0.002293,-0.000660
1790939854.624319,1790939854.634546,-0.001174,-0.002357,-0.078753,0.001539,-0.021993,-0.706512,-0.707358,1.657,1.908,89.959,-0.000498,-0.001367,-0.038915,0.000897,-0.002118,0.000482
1790939854.659319,1790939854.669068,-0.001121,-0.002396,-0.079091,0.001532,-0.021989,-0.706511,-0.707359,1.657,1.907,89.959,-0.000429,-0.001393,-0.039115,0.000777,0.000262,0.001277
1790939854.693314,1790939854.699969,-0.001067,-0.002438,-0.078939,0.001537,-0.021989,-0.706510,-0.707360,1.657,1.907,89.959,-0.000220,-0.001342,-0.038875,-0.001306,0.002433,-0.001072
1790939854.728314,1790939854.733015,-0.000998,-0.002474,-0.078598,0.001539,-0.021983,-0.706513,-0.707357,1.656,1.907,89.959,-0.000481,-0.001853,-0.039151,0.004358,-0.000151,0.000228
1790939854.751314,1790939854.764934,-0.000953,-0.002498,-0.078497,0.001530,-0.021996,-0.706515,-0.707354,1.658,1.907,89.960,-0.000390,-0.001931,-0.038784,-0.001919,-0.000784,-0.000182
1790939854.786305,1790939854.798931,-0.000881,-0.002525,-0.078467,0.001530,-0.021991,-0.706518,-0.707352,1.658,1.907,89.960,-0.000158,-0.002688,-0.039099,-0.001661,-0.001148,-0.001350
1790939854.821305,1790939854.833949,-0.000800,-0.002556,-0.078639,0.001533,-0.021994,-0.706518,-0.707351,1.658,1.907,89.960,-0.000197,-0.001955,-0.038755,0.001199,0.002534,0.000868
1790939854.855305,1790939854.865997,-0.000740,-0.002594,-0.078953,0.001530,-0.022000,-0.706516,-0.707354,1.658,1.907,89.960,-0.000395,-0.001712,-0.039004,0.001010,0.000709,-0.000091
1790939854.891298,1790939854.898020,-0.000690,-0.002638,-0.079039,0.001535,-0.021995,-0.706518,-0.707351,1.657,1.908,89.960,-0.000653,-0.001573,-0.039151,-0.001920,-0.002592,0.000031
1790939854.925298,1790939854.932012,-0.000648,-0.002673,-0.078637,0.001530,-0.021989,-0.706523,-0.707347,1.657,1.907,89.961,-0.000427,-0.001683,-0.039584,-0.001329,-0.002568,-0.002405
1790939854.960298,1790939854.967289,-0.000619,-0.002696,-0.078487,0.001543,-0.021984,-0.706526,-0.707344,1.656,1.907,89.961,-0.000665,-0.001126,-0.039245,-0.002318,0.000581,-0.000659
1790939854.995291,1790939854.999459,-0.000592,-0.002725,-0.078476,0.001550,-0.021977,-0.706525,-0.707345,1.655,1.907,89.961,-0.000676,-0.001733,-0.039478,0.002113,-0.001057,-0.000319
1790939855.030291,1790939855.033079,-0.000559,-0.002749,-0.078640,0.001546,-0.021979,-0.706529,-0.707341,1.655,1.907,89.962,-0.000482,-0.001974,-0.040083,-0.001847,0.002466,-0.000415
1790939855.053291,1790939855.066026,-0.000537,-0.002764,-0.078878,0.001546,-0.021989,-0.706531,-0.707338,1.656,1.908,89.962,-0.000424,-0.002027,-0.039974,-0.003680,0.002645,-0.001606
1790939855.088285,1790939855.098327,-0.000512,-0.002776,-0.079293,0.001544,-0.021987,-0.706533,-0.707337,1.656,1.908,89.962,-0.000044,-0.001503,-0.040386,-0.002792,0.001517,-0.001169
1790939855.123285,1790939855.132800,-0.000503,-0.002787,-0.078875,0.001562,-0.021982,-0.706535,-0.707335,1.654,1.909,89.963,-0.000086,-0.000827,-0.040045,-0.001129,0.000212,-0.001534
1790939855.157285,1790939855.164692,-0.000508,-0.002763,-0.078634,0.001561,-0.021990,-0.706533,-0.707336,1.655,1.909,89.962,0.000305,-0.001587,-0.039223,0.002415,-0.001407,-0.001388
1790939855.192275,1790939855.199798,-0.000512,-0.002733,-0.078535,0.001551,-0.021994,-0.706538,-0.707331,1.656,1.909,89.963,0.000379,-0.001545,-0.038892,-0.001976,0.000843,-0.001386
1790939855.227275,1790939855.235270,-0.000513,-0.002705,-0.078642,0.001546,-0.021990,-0.706533,-0.707337,1.656,1.908,89.962,0.000495,-0.001255,-0.039049,0.003114,-0.002021,0.000081
1790939855.262275,1790939855.265820,-0.000516,-0.002673,-0.078899,0.001546,-0.021996,-0.706531,-0.707339,1.657,1.908,89.962,0.000809,-0.001102,-0.038671,0.000793,0.001981,0.000068
1790939855.285269,1790939855.297796,-0.000518,-0.002652,-0.079176,0.001549,-0.021993,-0.706528,-0.707342,1.656,1.908,89.962,0.000640,-0.001281,-0.039063,0.001467,-0.003772,-0.000175
1790939855.331269,1790939855.335046,-0.000530,-0.002622,-0.078835,0.001550,-0.021984,-0.706531,-0.707339,1.655,1.908,89.962,0.000424,-0.001076,-0.039080,-0.000005,0.001774,0.001982
1790939855.354269,1790939855.367088,-0.000548,-0.002591,-0.078635,0.001554,-0.021985,-0.706529,-0.707341,1.655,1.908,89.962,0.000344,-0.001054,-0.039064,-0.001510,0.000565,-0.001204
1790939855.389262,1790939855.399680,-0.000575,-0.002551,-0.078448,0.001545,-0.021997,-0.706526,-0.707343,1.657,1.908,89.961,0.000399,-0.000707,-0.039311,0.001259,-0.000111,0.000898
1790939855.424262,1790939855.431983,-0.000604,-0.002509,-0.078460,0.001546,-0.022003,-0.706523,-0.707346,1.657,1.909,89.961,0.000848,-0.000597,-0.039025,0.004294,-0.002250,0.000085
1790939855.458262,1790939855.467845,-0.000638,-0.002455,-0.078711,0.001540,-0.022013,-0.706527,-0.707342,1.659,1.909,89.962,0.001029,-0.001063,-0.039486,-0.003186,-0.000584,-0.000539
1790939855.494253,1790939855.499789,-0.000666,-0.002400,-0.079049,0.001535,-0.022024,-0.706529,-0.707340,1.660,1.910,89.962,0.001087,-0.001056,-0.039677,-0.001238,0.001770,-0.000433
1790939855.528253,1790939855.532816,-0.000687,-0.002356,-0.078864,0.001540,-0.022032,-0.706526,-0.707342,1.660,1.911,89.962,0.000987,-0.000723,-0.038888,0.000247,0.002133,0.000809
1790939855.563253,1790939855.567118,-0.000696,-0.002312,-0.078544,0.001547,-0.022034,-0.706523,-0.707346,1.660,1.912,89.961,0.000986,-0.001922,-0.038778,0.002828,-0.000102,-0.000649
1790939855.586248,1790939855.598688,-0.000694,-0.002278,-0.078398,0.001552,-0.022039,-0.706522,-0.707346,1.660,1.912,89.961,0.000969,-0.001818,-0.038169,0.001119,0.002445,0.000604
1790939855.621248,1790939855.630909,-0.000689,-0.002233,-0.078362,0.001539,-0.022043,-0.706522,-0.707346,1.661,1.912,89.961,0.000956,-0.001845,-0.038259,-0.000175,-0.002759,0.000232
1790939855.656248,1790939855.666629,-0.000692,-0.002191,-0.078474,0.001535,-0.022046,-0.706519,-0.707349,1.662,1.912,89.960,0.000955,-0.001296,-0.038223,-0.000867,0.003070,-0.000589
1790939855.690242,1790939855.699237,-0.000706,-0.002156,-0.078752,0.001550,-0.022040,-0.706523,-0.707345,1.660,1.912,89.961,0.000768,-0.000981,-0.038139,-0.002563,0.001056,-0.000076
1790939855.725242,1790939855.731789,-0.000721,-0.002131,-0.078825,0.001542,-0.022037,-0.706524,-0.707345,1.660,1.911,89.961,0.000781,-0.001104,-0.037938,0.001281,-0.003013,-0.000698
1790939855.760242,1790939855.767287,-0.000734,-0.002110,-0.078404,0.001535,-0.022042,-0.706521,-0.707348,1.661,1.911,89.961,0.000538,-0.000995,-0.037971,0.001689,0.000683,-0.000003
1790939855.794236,1790939855.798287,-0.000729,-0.002092,-0.078133,0.001524,-0.022053,-0.706515,-0.707352,1.663,1.911,89.960,0.000781,-0.001393,-0.037803,-0.002261,-0.001052,-0.000660
1790939855.830236,1790939855.834339,-0.000715,-0.002073,-0.078058,0.001527,-0.022061,-0.706517,-0.707350,1.664,1.912,89.960,0.000868,-0.001368,-0.037885,0.001563,0.002609,0.000058
1790939855.864236,1790939855.866954,-0.000703,-0.002056,-0.078226,0.001531,-0.022061,-0.706514,-0.707353,1.663,1.913,89.960,0.000780,-0.001662,-0.038499,-0.000551,0.002161,0.000862
1790939855.888231,1790939855.900273,-0.000696,-0.002044,-0.078365,0.001541,-0.022065,-0.706510,-0.707357,1.663,1.914,89.959,0.000908,-0.001760,-0.038461,-0.002291,-0.003479,0.001003
1790939855.922230,1790939855.934734,-0.000672,-0.002016,-0.078785,0.001534,-0.022057,-0.706506,-0.707361,1.662,1.912,89.958,0.001316,-0.001827,-0.039116,-0.000718,0.003046,-0.000238
1790939855.957231,1790939855.965554,-0.000662,-0.001997,-0.078317,0.001539,-0.022063,-0.706505,-0.707362,1.663,1.913,89.958,0.000845,-0.001289,-0.039065,0.000117,-0.002686,-0.001351
1790939855.992224,1790939855.997903,-0.000657,-0.001993,-0.078057,0.001538,-0.022054,-0.706503,-0.707365,1.662,1.913,89.958,0.000746,-0.001385,-0.038449,0.000725,-0.000139,-0.000910
1790939856.026224,1790939856.032578,-0.000650,-0.001992,-0.077999,0.001530,-0.022043,-0.706503,-0.707365,1.662,1.911,89.958,0.000621,-0.001802,-0.038847,0.000895,-0.002031,-0.001100
1790939856.061224,1790939856.064969,-0.000634,-0.001999,-0.078080,0.001538,-0.022044,-0.706504,-0.707364,1.661,1.912,89.958,0.000490,-0.001884,-0.038772,0.002028,0.001071,0.000301
1790939856.096219,1790939856.099837,-0.000607,-0.002010,-0.078350,0.001548,-0.022037,-0.706507,-0.707362,1.660,1.912,89.958,0.000286,-0.001809,-0.038761,0.000631,-0.000696,0.000826
1790939856.129219,1790939856.135419,-0.000577,-0.002028,-0.078679,0.001547,-0.022038,-0.706506,-0.707363,1.660,1.912,89.958,0.000429,-0.002167,-0.039445,-0.001575,0.000204,-0.001241
1790939856.159219,1790939856.165786,-0.000546,-0.002035,-0.078057,0.001559,-0.022042,-0.706509,-0.707359,1.659,1.913,89.959,0.000694,-0.002369,-0.039532,0.000765,-0.000614,-0.000397
1790939856.190212,1790939856.197820,-0.000514,-0.002038,-0.077656,0.001549,-0.022046,-0.706509,-0.707359,1.660,1.913,89.959,0.000570,-0.002419,-0.040024,-0.001024,0.000341,0.001555
1790939856.225212,1790939856.234155,-0.000474,-0.002047,-0.077664,0.001556,-0.022054,-0.706508,-0.707359,1.661,1.914,89.959,0.000950,-0.002680,-0.039896,-0.001157,0.002363,0.000640
1790939856.261212,1790939856.264986,-0.000430,-0.002054,-0.077862,0.001544,-0.022069,-0.706509,-0.707358,1.663,1.914,89.959,0.000648,-0.002658,-0.039667,0.003133,-0.001523,0.000356
1790939856.285206,1790939856.297920,-0.000399,-0.002062,-0.078074,0.001555,-0.022066,-0.706507,-0.707360,1.662,1.915,89.959,0.000472,-0.002607,-0.039619,-0.001302,-0.000386,-0.000123
1790939856.321206,1790939856.333438,-0.000347,-0.002078,-0.078495,0.001550,-0.022071,-0.706509,-0.707358,1.662,1.915,89.959,0.000462,-0.003210,-0.039479,0.000358,-0.002451,0.001049
1790939856.357206,1790939856.366800,-0.000281,-0.002102,-0.078512,0.001560,-0.022063,-0.706502,-0.707365,1.661,1.915,89.958,0.000479,-0.003051,-0.039486,-0.001361,0.003031,-0.000155
1790939856.393199,1790939856.398103,-0.000225,-0.002100,-0.078470,0.001565,-0.022076,-0.706503,-0.707364,1.662,1.916,89.958,0.001167,-0.003329,-0.039516,0.000199,-0.003371,-0.000340
1790939856.430199,1790939856.432813,-0.000174,-0.002089,-0.078610,0.001554,-0.022076,-0.706503,-0.707364,1.662,1.916,89.958,0.001352,-0.002762,-0.039543,-0.001368,0.001659,-0.000275
1790939856.454200,1790939856.465118,-0.000139,-0.002078,-0.078713,0.001566,-0.022086,-0.706506,-0.707360,1.662,1.917,89.959,0.001395,-0.003008,-0.039900,0.001384,-0.002331,0.000780
1790939856.490193,1790939856.497654,-0.000079,-0.002065,-0.078922,0.001551,-0.022085,-0.706506,-0.707361,1.663,1.916,89.958,0.001148,-0.003446,-0.040346,0.000474,-0.002356,-0.001136
1790939856.525193,1790939856.531710,-0.000022,-0.002051,-0.079194,0.001568,-0.022081,-0.706507,-0.707359,1.662,1.917,89.959,0.001355,-0.003105,-0.040516,0.000626,0.001658,0.000427
1790939856.560193,1790939856.566588,0.000045,-0.002038,-0.079233,0.001558,-0.022088,-0.706507,-0.707360,1.663,1.917,89.959,0.001216,-0.003938,-0.039903,-0.000189,-0.003104,0.000142
1790939856.595183,1790939856.598016,0.000112,-0.002034,-0.078701,0.001548,-0.022094,-0.706507,-0.707360,1.664,1.917,89.959,0.000597,-0.003787,-0.039392,-0.002975,0.002177,-0.002466
1790939856.618183,1790939856.630544,0.000137,-0.002032,-0.078441,0.001551,-0.022087,-0.706505,-0.707362,1.664,1.916,89.958,0.000358,-0.003786,-0.039043,0.000807,0.001256,-0.000205
1790939856.653183,1790939856.668555,0.000180,-0.002032,-0.078245,0.001568,-0.022091,-0.706503,-0.707364,1.663,1.918,89.958,0.000620,-0.003547,-0.038473,0.000458,-0.002182,0.000283
1790939856.688176,1790939856.699961,0.000229,-0.002030,-0.078240,0.001564,-0.022104,-0.706502,-0.707364,1.664,1.919,89.958,0.000978,-0.003736,-0.037892,0.000500,-0.001752,-0.000714
1790939856.723176,1790939856.734176,0.000271,-0.002012,-0.078409,0.001563,-0.022101,-0.706504,-0.707362,1.664,1.918,89.958,0.001068,-0.003667,-0.037605,-0.002237,0.001839,-0.000762
1790939856.758177,1790939856.765044,0.000312,-0.001999,-0.078392,0.001575,-0.022092,-0.706503,-0.707364,1.662,1.919,89.958,0.001006,-0.003088,-0.037438,-0.001570,0.000465,0.000193
1790939856.792172,1790939856.800034,0.000347,-0.001981,-0.077822,0.001572,-0.022091,-0.706508,-0.707359,1.662,1.918,89.959,0.001159,-0.003452,-0.036876,0.001762,-0.001157,0.001556
1790939856.827172,1790939856.830924,0.000370,-0.001958,-0.077501,0.001574,-0.022095,-0.706509,-0.707357,1.662,1.919,89.959,0.001357,-0.003886,-0.036838,0.002541,-0.000347,0.001706
1790939856.862172,1790939856.866081,0.000384,-0.001930,-0.077380,0.001548,-0.022099,-0.706514,-0.707353,1.665,1.917,89.960,0.001489,-0.003117,-0.036716,0.001117,-0.000617,-0.001294
1790939856.885165,1790939856.897753,0.000390,-0.001910,-0.077406,0.001554,-0.022106,-0.706516,-0.707350,1.665,1.918,89.960,0.001577,-0.003459,-0.036737,0.000556,-0.001059,0.002307
1790939856.920165,1790939856.931005,0.000407,-0.001879,-0.077531,0.001571,-0.022101,-0.706511,-0.707355,1.663,1.919,89.959,0.001648,-0.003336,-0.037233,0.002142,0.000165,0.000285
1790939856.955165,1790939856.966933,0.000432,-0.001848,-0.077905,0.001579,-0.022099,-0.706513,-0.707353,1.662,1.919,89.960,0.001724,-0.003603,-0.037637,0.001678,-0.000872,0.000019
1790939856.990158,1790939857.000778,0.000456,-0.001820,-0.077408,0.001568,-0.022098,-0.706504,-0.707362,1.663,1.919,89.958,0.001626,-0.003603,-0.038014,-0.000867,-0.000310,-0.001395
1790939857.024158,1790939857.031797,0.000434,-0.001787,-0.077168,0.001567,-0.022105,-0.706504,-0.707362,1.664,1.919,89.958,0.001700,-0.002711,-0.038283,-0.000820,0.001803,0.000479
1790939857.059158,1790939857.066706,0.000404,-0.001743,-0.077052,0.001578,-0.022107,-0.706503,-0.707363,1.663,1.920,89.958,0.002409,-0.002341,-0.038004,0.002620,-0.000666,-0.000044
1790939857.093153,1790939857.100270,0.000380,-0.001680,-0.077175,0.001572,-0.022119,-0.706493,-0.707372,1.664,1.921,89.957,0.002719,-0.002842,-0.037696,0.004717,-0.002259,0.001712
1790939857.128153,1790939857.131916,0.000358,-0.001615,-0.077427,0.001574,-0.022110,-0.706493,-0.707373,1.664,1.920,89.957,0.002903,-0.002589,-0.038238,0.001087,-0.000360,0.000513
1790939857.163153,1790939857.167242,0.000331,-0.001546,-0.077828,0.001563,-0.022110,-0.706492,-0.707374,1.664,1.919,89.956,0.002914,-0.002254,-0.037937,0.000381,0.001625,-0.001377
1790939857.187147,1790939857.198728,0.000318,-0.001502,-0.077456,0.001579,-0.022112,-0.706484,-0.707382,1.663,1.921,89.955,0.002909,-0.002808,-0.037808,-0.002973,0.002619,-0.000007
1790939857.221147,1790939857.234005,0.000281,-0.001432,-0.077191,0.001571,-0.022113,-0.706492,-0.707374,1.664,1.920,89.956,0.002752,-0.002473,-0.037884,0.000058,0.001687,-0.002267
1790939857.256147,1790939857.265920,0.000229,-0.001381,-0.077046,0.001569,-0.022119,-0.706493,-0.707373,1.665,1.920,89.957,0.002820,-0.002222,-0.037795,-0.000440,0.001999,0.001037
1790939857.291140,1790939857.300077,0.000177,-0.001334,-0.077125,0.001566,-0.022113,-0.706498,-0.707367,1.664,1.920,89.957,0.002409,-0.002277,-0.037745,0.000184,-0.001052,0.001088
1790939857.325140,1790939857.332154,0.000140,-0.001289,-0.077364,0.001566,-0.022110,-0.706496,-0.707370,1.664,1.919,89.957,0.002617,-0.002368,-0.037913,-0.001893,0.002201,0.000814
1790939857.360140,1790939857.364883,0.000114,-0.001241,-0.077730,0.001570,-0.022112,-0.706501,-0.707364,1.664,1.920,89.958,0.002706,-0.003034,-0.038138,0.000091,-0.001614,0.002106
1790939857.395135,1790939857.398125,0.000098,-0.001195,-0.077554,0.001569,-0.022109,-0.706492,-0.707374,1.664,1.919,89.956,0.002519,-0.003090,-0.037850,0.001982,-0.001043,-0.000228
1790939857.430135,1790939857.433772,0.000066,-0.001166,-0.077207,0.001552,-0.022109,-0.706491,-0.707375,1.665,1.918,89.956,0.002528,-0.002339,-0.037685,0.000537,-0.000999,0.000324
1790939857.464135,1790939857.466918,0.000034,-0.001148,-0.077119,0.001536,-0.022110,-0.706495,-0.707371,1.667,1.917,89.957,0.002548,-0.002776,-0.037819,0.002439,-0.000192,0.001021
1790939857.488128,1790939857.499927,0.000016,-0.001133,-0.077109,0.001536,-0.022118,-0.706492,-0.707374,1.667,1.918,89.956,0.002748,-0.002476,-0.037874,0.001119,0.001613,-0.000689
1790939857.522128,1790939857.534034,-0.000006,-0.001104,-0.077308,0.001535,-0.022118,-0.706488,-0.707378,1.667,1.917,89.956,0.002714,-0.002988,-0.037678,-0.003190,0.001664,-0.002313
1790939857.557128,1790939857.565636,-0.000022,-0.001077,-0.077604,0.001538,-0.022115,-0.706484,-0.707382,1.667,1.918,89.955,0.002715,-0.002877,-0.037989,-0.001377,0.001865,0.000078
1790939857.592122,1790939857.598705,-0.000040,-0.001047,-0.077704,0.001536,-0.022111,-0.706475,-0.707391,1.667,1.917,89.954,0.002702,-0.002480,-0.038578,0.001334,0.001151,-0.001839
1790939857.627122,1790939857.631870,-0.000049,-0.001021,-0.077394,0.001533,-0.022123,-0.706477,-0.707389,1.668,1.918,89.954,0.002765,-0.002880,-0.038527,-0.000144,0.002074,0.000293
1790939857.662122,1790939857.667573,-0.000073,-0.001015,-0.077204,0.001542,-0.022121,-0.706472,-0.707394,1.667,1.918,89.953,0.002846,-0.002557,-0.038677,-0.001829,-0.000537,-0.001935
1790939857.696116,1790939857.699823,-0.000091,-0.000995,-0.077248,0.001535,-0.022124,-0.706470,-0.707396,1.668,1.918,89.953,0.003226,-0.002481,-0.038804,0.000855,-0.000801,-0.000872
1790939857.719116,1790939857.732273,-0.000096,-0.000982,-0.077363,0.001544,-0.022126,-0.706471,-0.707395,1.667,1.919,89.953,0.003009,-0.002768,-0.039006,-0.001013,0.001224,-0.001562
1790939857.754116,1790939857.766551,-0.000112,-0.000975,-0.077624,0.001545,-0.022121,-0.706468,-0.707397,1.667,1.919,89.953,0.002400,-0.002395,-0.038933,-0.000101,-0.001861,0.001217
1790939857.789109,1790939857.799879,-0.000116,-0.000976,-0.078141,0.001546,-0.022114,-0.706465,-0.707401,1.666,1.918,89.952,0.002311,-0.002991,-0.040017,-0.000064,-0.000489,0.000297
1790939857.824109,1790939857.831660,-0.000097,-0.000979,-0.077706,0.001533,-0.022116,-0.706462,-0.707404,1.667,1.917,89.952,0.002314,-0.003535,-0.039457,-0.001381,0.000120,-0.000683
1790939857.858109,1790939857.864546,-0.000098,-0.000997,-0.077479,0.001529,-0.022112,-0.706462,-0.707404,1.667,1.917,89.951,0.002599,-0.002583,-0.039128,0.002175,-0.001496,0.001060
1790939857.894100,1790939857.899956,-0.000108,-0.001003,-0.077483,0.001531,-0.022113,-0.706460,-0.707406,1.667,1.917,89.951,0.002721,-0.002634,-0.039117,0.003110,-0.000058,0.000635
1790939857.928100,1790939857.933972,-0.000113,-0.001001,-0.077606,0.001524,-0.022121,-0.706458,-0.707408,1.668,1.917,89.951,0.003050,-0.002912,-0.038708,0.003114,-0.000468,0.000264
1790939857.951100,1790939857.965635,-0.000112,-0.000994,-0.077773,0.001515,-0.022116,-0.706459,-0.707407,1.669,1.916,89.951,0.002945,-0.003075,-0.038606,-0.002194,0.003180,-0.000410
1790939857.986094,1790939857.999212,-0.000111,-0.000981,-0.078111,0.001521,-0.022106,-0.706467,-0.707399,1.667,1.915,89.952,0.003274,-0.002965,-0.038610,-0.001977,0.002458,0.000570
1790939858.021094,1790939858.030828,-0.000108,-0.000952,-0.077941,0.001518,-0.022109,-0.706464,-0.707402,1.668,1.915,89.952,0.003626,-0.002369,-0.038997,0.000366,0.002785,0.000151
1790939858.056094,1790939858.066739,-0.000117,-0.000927,-0.077560,0.001520,-0.022120,-0.706465,-0.707401,1.669,1.916,89.952,0.003722,-0.002267,-0.038197,0.001566,-0.001963,0.000242
1790939858.090088,1790939858.098233,-0.000125,-0.000893,-0.077435,0.001523,-0.022126,-0.706465,-0.707400,1.669,1.917,89.952,0.003966,-0.002907,-0.037680,-0.000219,0.001528,-0.001198
1790939858.125088,1790939858.131751,-0.000128,-0.000849,-0.077431,0.001527,-0.022127,-0.706465,-0.707400,1.669,1.918,89.952,0.004468,-0.002649,-0.038138,-0.001449,-0.000496,0.000517
1790939858.160088,1790939858.166793,-0.000126,-0.000788,-0.077614,0.001549,-0.022123,-0.706467,-0.707398,1.667,1.919,89.952,0.004656,-0.002531,-0.038518,0.002620,-0.000969,0.000204
1790939858.195081,1790939858.200911,-0.000126,-0.000725,-0.077947,0.001553,-0.022132,-0.706470,-0.707395,1.667,1.920,89.953,0.004535,-0.002607,-0.038299,0.001336,-0.001146,-0.000276
1790939858.229081,1790939858.232307,-0.000117,-0.000666,-0.077758,0.001547,-0.022139,-0.706475,-0.707390,1.668,1.920,89.954,0.004354,-0.003166,-0.038121,0.002522,0.001503,0.001014
1790939858.253082,1790939858.264802,-0.000108,-0.000632,-0.077516,0.001544,-0.022137,-0.706480,-0.707385,1.668,1.920,89.955,0.004110,-0.003240,-0.037974,-0.002534,-0.000637,0.001178
1790939858.288076,1790939858.299799,-0.000106,-0.000601,-0.077262,0.001544,-0.022130,-0.706480,-0.707386,1.668,1.919,89.954,0.003984,-0.002750,-0.038017,0.000148,0.000214,-0.001125
1790939858.322076,1790939858.333123,-0.000102,-0.000569,-0.077223,0.001544,-0.022129,-0.706477,-0.707388,1.668,1.919,89.954,0.003815,-0.003200,-0.037764,0.000581,-0.001347,-0.001203
1790939858.357076,1790939858.366639,-0.000083,-0.000538,-0.077380,0.001542,-0.022123,-0.706477,-0.707389,1.667,1.918,89.954,0.003823,-0.003567,-0.037868,0.000435,0.001670,-0.001687
1790939858.392071,1790939858.399245,-0.000071,-0.000499,-0.077667,0.001541,-0.022124,-0.706482,-0.707384,1.667,1.918,89.955,0.004315,-0.002706,-0.038648,0.001980,-0.000704,0.001176
1790939858.427070,1790939858.432035,-0.000058,-0.000445,-0.077781,0.001537,-0.022120,-0.706482,-0.707384,1.667,1.918,89.955,0.004524,-0.002944,-0.039191,-0.000565,0.000657,0.000108
1790939858.461071,1790939858.464996,-0.000039,-0.000403,-0.077418,0.001536,-0.022131,-0.706477,-0.707388,1.668,1.919,89.954,0.004488,-0.003589,-0.039159,-0.000817,-0.000218,0.001978
1790939858.496064,1790939858.499321,-0.000038,-0.000381,-0.077256,0.001533,-0.022137,-0.706485,-0.707380,1.669,1.919,89.955,0.004443,-0.002950,-0.039444,-0.001864,0.001363,0.000183
1790939858.519064,1790939858.531701,-0.000035,-0.000363,-0.077263,0.001535,-0.022137,-0.706489,-0.707376,1.669,1.919,89.956,0.004392,-0.003365,-0.039215,-0.000354,0.002977,0.000687
1790939858.554064,1790939858.566985,-0.000015,-0.000338,-0.077404,0.001541,-0.022138,-0.706491,-0.707374,1.669,1.920,89.956,0.004224,-0.003125,-0.039302,0.001785,-0.002537,0.001182
1790939858.589057,1790939858.599090,0.000011,-0.000325,-0.077676,0.001543,-0.022140,-0.706491,-0.707374,1.668,1.920,89.956,0.003974,-0.003703,-0.039468,0.000823,0.000596,-0.000021
1790939858.624057,1790939858.632683,0.000060,-0.000309,-0.078112,0.001544,-0.022130,-0.706488,-0.707377,1.668,1.919,89.956,0.003760,-0.004255,-0.039371,-0.000352,0.001442,0.000056
1790939858.658057,1790939858.666900,0.000118,-0.000301,-0.077686,0.001539,-0.022126,-0.706489,-0.707376,1.668,1.919,89.956,0.003453,-0.004142,-0.039476,-0.003715,0.000643,-0.000854
1790939858.693053,1790939858.697619,0.000146,-0.000348,-0.077407,0.001547,-0.022121,-0.706492,-0.707373,1.667,1.919,89.957,0.003223,-0.003986,-0.039488,-0.002642,0.002832,0.001189
1790939858.728053,1790939858.732579,0.000184,-0.000386,-0.077384,0.001554,-0.022122,-0.706494,-0.707371,1.666,1.919,89.957,0.003357,-0.004471,-0.039842,0.000462,-0.000048,0.001583
1790939858.763052,1790939858.766706,0.000236,-0.000423,-0.077530,0.001558,-0.022118,-0.706499,-0.707366,1.665,1.919,89.958,0.003105,-0.004465,-0.039600,0.000637,-0.002476,-0.001292
1790939858.786045,1790939858.797926,0.000267,-0.000449,-0.077697,0.001554,-0.022111,-0.706493,-0.707373,1.665,1.918,89.957,0.002992,-0.004538,-0.039331,0.002153,0.000315,-0.000229
1790939858.821045,1790939858.832695,0.000322,-0.000481,-0.078060,0.001566,-0.022106,-0.706495,-0.707371,1.664,1.919,89.957,0.003144,-0.004880,-0.039408,-0.003241,0.000958,-0.000456
1790939858.855045,1790939858.864877,0.000391,-0.000501,-0.077943,0.001568,-0.022102,-0.706495,-0.707371,1.663,1.919,89.957,0.003274,-0.004349,-0.039490,0.001135,0.000116,0.000061
1790939858.890038,1790939858.899619,0.000421,-0.000550,-0.077597,0.001554,-0.022102,-0.706498,-0.707368,1.665,1.918,89.957,0.003031,-0.004505,-0.039576,-0.000743,0.001756,-0.000024
1790939858.925039,1790939858.931826,0.000440,-0.000614,-0.077469,0.001555,-0.022101,-0.706497,-0.707369,1.664,1.918,89.957,0.002706,-0.004386,-0.039632,0.000246,0.002470,0.002512
1790939858.960038,1790939858.966549,0.000474,-0.000668,-0.077589,0.001574,-0.022095,-0.706497,-0.707369,1.662,1.919,89.957,0.003074,-0.003915,-0.039769,-0.000916,0.002065,-0.000049
1790939858.995032,1790939858.998304,0.000503,-0.000717,-0.077803,0.001578,-0.022100,-0.706492,-0.707374,1.662,1.920,89.956,0.003008,-0.004222,-0.039942,-0.001148,0.001391,-0.000525
1790939859.018032,1790939859.031532,0.000529,-0.000749,-0.078042,0.001587,-0.022103,-0.706493,-0.707373,1.662,1.920,89.957,0.002713,-0.004162,-0.039977,0.001155,-0.000897,-0.001937
1790939859.064032,1790939859.066248,0.000592,-0.000818,-0.078098,0.001576,-0.022101,-0.706485,-0.707381,1.663,1.919,89.955,0.002383,-0.004066,-0.040198,-0.003569,0.001663,-0.001639
1790939859.087027,1790939859.098119,0.000603,-0.000865,-0.077806,0.001570,-0.022098,-0.706484,-0.707383,1.663,1.919,89.955,0.002155,-0.004698,-0.039878,-0.002611,0.000288,-0.001501
1790939859.122027,1790939859.131831,0.000595,-0.000939,-0.077684,0.001572,-0.022091,-0.706478,-0.707389,1.662,1.918,89.954,0.002116,-0.003430,-0.039855,0.000250,0.002251,0.000428
1790939859.157027,1790939859.167402,0.000567,-0.001014,-0.077667,0.001580,-0.022101,-0.706475,-0.707391,1.662,1.920,89.954,0.001942,-0.003188,-0.039608,0.002165,-0.001636,0.000187
1790939859.191022,1790939859.198980,0.000546,-0.001081,-0.077842,0.001563,-0.022098,-0.706470,-0.707396,1.663,1.918,89.953,0.002263,-0.003734,-0.039677,-0.001389,-0.001622,-0.000665
1790939859.226022,1790939859.233652,0.000533,-0.001129,-0.078169,0.001561,-0.022092,-0.706468,-0.707399,1.663,1.918,89.952,0.002385,-0.003462,-0.040099,-0.002069,0.002066,-0.000214
1790939859.261022,1790939859.265001,0.000527,-0.001166,-0.078332,0.001558,-0.022091,-0.706469,-0.707398,1.663,1.917,89.953,0.002702,-0.003479,-0.039176,-0.001475,0.000004,-0.001072
1790939859.296016,1790939859.299122,0.000509,-0.001197,-0.077875,0.001565,-0.022090,-0.706470,-0.707397,1.663,1.918,89.953,0.002843,-0.003665,-0.039060,0.000097,-0.000513,0.001217
1790939859.331017,1790939859.339318,0.000459,-0.001230,-0.077654,0.001571,-0.022093,-0.706464,-0.707402,1.662,1.918,89.952,0.002523,-0.002883,-0.039027,-0.001444,0.003771,-0.000827
1790939859.354017,1790939859.371138,0.000420,-0.001249,-0.077609,0.001587,-0.022078,-0.706466,-0.707401,1.660,1.919,89.952,0.002830,-0.002887,-0.038906,-0.000991,0.000692,0.000354
1790939859.389009,1790939859.399661,0.000354,-0.001259,-0.077668,0.001583,-0.022074,-0.706467,-0.707400,1.660,1.918,89.952,0.003223,-0.002334,-0.039013,-0.000805,0.001052,0.000606
1790939859.423010,1790939859.431943,0.000293,-0.001253,-0.077944,0.001586,-0.022075,-0.706466,-0.707401,1.660,1.918,89.952,0.003387,-0.002267,-0.039035,-0.000230,-0.000555,-0.000266
1790939859.458009,1790939859.466551,0.000234,-0.001241,-0.078310,0.001583,-0.022095,-0.706463,-0.707404,1.662,1.920,89.952,0.003379,-0.002539,-0.038900,-0.000958,0.000579,-0.000490
1790939859.493004,1790939859.500043,0.000183,-0.001216,-0.077792,0.001575,-0.022093,-0.706461,-0.707405,1.662,1.919,89.951,0.003613,-0.002111,-0.038566,-0.001298,0.001151,0.000418
1790939859.528004,1790939859.531239,0.000088,-0.001199,-0.077474,0.001579,-0.022104,-0.706461,-0.707405,1.663,1.920,89.951,0.003305,-0.001341,-0.038318,-0.000699,0.002440,-0.000297
1790939859.562004,1790939859.566744,-0.000013,-0.001176,-0.077388,0.001583,-0.022105,-0.706459,-0.707407,1.662,1.920,89.951,0.003573,-0.001674,-0.038532,0.001711,-0.000357,0.000635
1790939859.584998,1790939859.597603,-0.000074,-0.001157,-0.077421,0.001586,-0.022096,-0.706459,-0.707407,1.661,1.920,89.951,0.003555,-0.001746,-0.038866,0.002046,-0.002649,0.001136
1790939859.619998,1790939859.630844,-0.000159,-0.001123,-0.077593,0.001582,-0.022092,-0.706464,-0.707403,1.661,1.919,89.952,0.003771,-0.002017,-0.039204,0.000691,0.001007,-0.000260
1790939859.654998,1790939859.666546,-0.000232,-0.001070,-0.077941,0.001583,-0.022088,-0.706457,-0.707409,1.661,1.919,89.951,0.004192,-0.001230,-0.038848,0.003452,0.000773,-0.001459
1790939859.689991,1790939859.699575,-0.000313,-0.001013,-0.077734,0.001584,-0.022097,-0.706453,-0.707413,1.662,1.920,89.950,0.004035,-0.001104,-0.038298,0.003072,-0.000135,-0.000207
1790939859.724991,1790939859.732899,-0.000399,-0.000975,-0.077367,0.001583,-0.022106,-0.706455,-0.707410,1.662,1.921,89.950,0.003906,-0.001455,-0.037778,0.000228,-0.002122,-0.000285
1790939859.758991,1790939859.768907,-0.000484,-0.000945,-0.077192,0.001575,-0.022100,-0.706455,-0.707411,1.663,1.919,89.950,0.003889,-0.001066,-0.038113,-0.001438,0.000763,-0.001709
1790939859.793985,1790939859.799381,-0.000583,-0.000911,-0.077162,0.001571,-0.022101,-0.706449,-0.707418,1.663,1.919,89.949,0.003903,-0.000396,-0.038422,-0.001244,0.002006,-0.000802
1790939859.828985,1790939859.833142,-0.000675,-0.000869,-0.077410,0.001572,-0.022102,-0.706445,-0.707421,1.663,1.919,89.949,0.003591,-0.000857,-0.038430,0.001210,0.001933,0.000503
1790939859.851985,1790939859.864789,-0.000735,-0.000851,-0.077588,0.001577,-0.022099,-0.706446,-0.707420,1.662,1.920,89.949,0.003493,-0.000015,-0.038379,-0.003232,-0.000223,0.000134
1790939859.886979,1790939859.899683,-0.000825,-0.000821,-0.077721,0.001560,-0.022090,-0.706448,-0.707418,1.663,1.917,89.949,0.003373,-0.000787,-0.038781,-0.000098,-0.001200,-0.000203
1790939859.921979,1790939859.931952,-0.000901,-0.000806,-0.077303,0.001552,-0.022093,-0.706454,-0.707412,1.664,1.917,89.950,0.003245,-0.000692,-0.038718,-0.002212,0.001068,-0.000440
1790939859.955979,1790939859.966806,-0.000976,-0.000828,-0.077064,0.001568,-0.022096,-0.706454,-0.707412,1.663,1.918,89.950,0.003009,-0.000540,-0.038408,0.001902,0.001301,0.000801
1790939859.990974,1790939859.996889,-0.001040,-0.000839,-0.077092,0.001570,-0.022107,-0.706457,-0.707409,1.664,1.920,89.951,0.003053,-0.000950,-0.037995,0.002589,-0.001120,-0.000240
1790939860.025974,1790939860.032013,-0.001086,-0.000850,-0.077222,0.001576,-0.022100,-0.706453,-0.707414,1.663,1.919,89.950,0.003049,-0.001390,-0.038719,-0.002365,-0.000184,-0.000771
1790939860.060974,1790939860.063731,-0.001127,-0.000857,-0.077543,0.001584,-0.022087,-0.706455,-0.707411,1.661,1.919,89.950,0.003124,-0.000740,-0.038801,0.000770,0.000247,-0.000265
1790939860.095968,1790939860.099954,-0.001163,-0.000863,-0.077644,0.001584,-0.022089,-0.706452,-0.707414,1.661,1.919,89.950,0.002683,-0.000809,-0.038407,0.002183,0.002312,0.000474
1790939860.118968,1790939860.130846,-0.001185,-0.000876,-0.077321,0.001592,-0.022101,-0.706454,-0.707412,1.661,1.921,89.950,0.002569,-0.000955,-0.038587,0.003549,0.001185,0.000011
1790939860.164968,1790939860.167149,-0.001198,-0.000946,-0.077032,0.001601,-0.022098,-0.706458,-0.707408,1.660,1.921,89.951,0.002343,-0.001448,-0.037753,-0.001705,0.000736,-0.000248
1790939860.187961,1790939860.198869,-0.001204,-0.000978,-0.076979,0.001593,-0.022100,-0.706458,-0.707408,1.661,1.921,89.951,0.002313,-0.001421,-0.037782,-0.002649,0.001676,-0.000802
1790939860.222961,1790939860.233113,-0.001209,-0.001026,-0.077070,0.001596,-0.022094,-0.706461,-0.707406,1.660,1.921,89.951,0.002266,-0.000965,-0.038054,-0.001446,0.003086,0.001733
1790939860.256961,1790939860.264965,-0.001203,-0.001067,-0.077324,0.001581,-0.022102,-0.706467,-0.707399,1.662,1.920,89.952,0.002271,-0.001380,-0.037020,0.004517,-0.001769,0.000953
1790939860.291955,1790939860.299987,-0.001195,-0.001105,-0.077635,0.001576,-0.022111,-0.706467,-0.707399,1.663,1.920,89.952,0.002391,-0.001533,-0.036934,0.001177,-0.000724,0.000401
1790939860.326955,1790939860.332742,-0.001181,-0.001133,-0.077123,0.001580,-0.022101,-0.706473,-0.707393,1.662,1.920,89.953,0.002403,-0.001439,-0.036026,0.001702,-0.001639,-0.000244
1790939860.361955,1790939860.365885,-0.001155,-0.001175,-0.076794,0.001574,-0.022098,-0.706473,-0.707393,1.663,1.919,89.953,0.002892,-0.001801,-0.036510,-0.001533,0.001833,-0.000791
1790939860.396949,1790939860.399861,-0.001117,-0.001213,-0.076686,0.001577,-0.022087,-0.706476,-0.707390,1.661,1.918,89.954,0.002439,-0.002286,-0.036881,0.000306,-0.001535,0.000274
1790939860.419949,1790939860.432321,-0.001084,-0.001238,-0.076707,0.001582,-0.022079,-0.706475,-0.707391,1.660,1.918,89.954,0.002529,-0.002241,-0.036348,0.002836,0.001447,-0.000924
1790939860.465949,1790939860.469807,-0.001019,-0.001272,-0.076888,0.001571,-0.022067,-0.706474,-0.707393,1.660,1.916,89.953,0.002591,-0.001721,-0.035870,0.000041,-0.001056,-0.000660
1790939860.488942,1790939860.500125,-0.000990,-0.001282,-0.077090,0.001566,-0.022067,-0.706473,-0.707394,1.661,1.916,89.953,0.002812,-0.001876,-0.036281,-0.000756,0.002240,-0.001434
1790939860.523942,1790939860.531432,-0.000945,-0.001291,-0.076832,0.001572,-0.022065,-0.706469,-0.707399,1.660,1.916,89.952,0.002965,-0.001905,-0.035922,0.001737,-0.000322,0.001203
1790939860.558942,1790939860.565655,-0.000896,-0.001289,-0.076489,0.001578,-0.022062,-0.706469,-0.707398,1.659,1.916,89.953,0.003124,-0.002615,-0.035688,0.001476,-0.003166,-0.000870
1790939860.593936,1790939860.596939,-0.000831,-0.001290,-0.076299,0.001581,-0.022057,-0.706473,-0.707394,1.659,1.916,89.953,0.003009,-0.003441,-0.035850,-0.000715,-0.003398,0.000183
1790939860.628936,1790939860.635075,-0.000751,-0.001283,-0.076283,0.001580,-0.022044,-0.706473,-0.707395,1.658,1.915,89.953,0.003416,-0.003000,-0.035694,-0.001951,0.000047,0.000923
1790939860.663936,1790939860.668021,-0.000665,-0.001254,-0.076457,0.001591,-0.022037,-0.706469,-0.707399,1.656,1.916,89.952,0.003697,-0.003457,-0.035774,0.002410,-0.001582,-0.000010
1790939860.686929,1790939860.696891,-0.000604,-0.001234,-0.076599,0.001588,-0.022037,-0.706472,-0.707396,1.657,1.915,89.953,0.003820,-0.003283,-0.035906,-0.000637,0.001554,0.000757
1790939860.720929,1790939860.733179,-0.000502,-0.001197,-0.076715,0.001578,-0.022039,-0.706470,-0.707397,1.657,1.915,89.953,0.003405,-0.003982,-0.035637,-0.001513,-0.000389,0.000527
1790939860.755929,1790939860.765194,-0.000403,-0.001180,-0.076269,0.001575,-0.022038,-0.706473,-0.707395,1.658,1.914,89.953,0.003090,-0.004268,-0.035553,-0.002013,-0.001578,0.000289
1790939860.790923,1790939860.799947,-0.000310,-0.001166,-0.076058,0.001585,-0.022032,-0.706475,-0.707393,1.656,1.915,89.953,0.003399,-0.003863,-0.036050,0.000257,-0.002426,-0.001571
1790939860.825923,1790939860.831160,-0.000229,-0.001148,-0.076038,0.001589,-0.022029,-0.706470,-0.707398,1.656,1.915,89.953,0.003360,-0.003379,-0.036114,0.002319,0.000727,0.000120
1790939860.859923,1790939860.863949,-0.000148,-0.001117,-0.076211,0.001582,-0.022032,-0.706467,-0.707401,1.656,1.914,89.952,0.003497,-0.003764,-0.036362,0.001417,-0.004523,0.000111
1790939860.894919,1790939860.898178,-0.000080,-0.001080,-0.076483,0.001573,-0.022031,-0.706465,-0.707403,1.657,1.914,89.952,0.003459,-0.003259,-0.035820,0.001319,-0.001209,0.000366
1790939860.929919,1790939860.933615,-0.000015,-0.001044,-0.076567,0.001572,-0.022031,-0.706462,-0.707406,1.657,1.914,89.951,0.003388,-0.002972,-0.035223,-0.004036,0.001041,-0.000362
1790939860.952919,1790939860.965319,0.000029,-0.001021,-0.076267,0.001579,-0.022028,-0.706459,-0.707409,1.656,1.914,89.951,0.003350,-0.002767,-0.035249,0.002640,0.001416,0.000852
1790939860.987914,1790939860.996757,0.000042,-0.001014,-0.075989,0.001587,-0.022029,-0.706461,-0.707407,1.656,1.915,89.951,0.003585,-0.002527,-0.034775,0.002705,-0.002036,-0.000793
1790939861.021914,1790939861.032822,0.000055,-0.000989,-0.075905,0.001586,-0.022021,-0.706458,-0.707410,1.655,1.914,89.950,0.003681,-0.002802,-0.034342,0.000257,-0.000876,-0.000003
1790939861.057914,1790939861.065985,0.000063,-0.000970,-0.075941,0.001589,-0.022018,-0.706464,-0.707405,1.655,1.914,89.951,0.003323,-0.002689,-0.034316,-0.001701,0.001263,-0.000006
1790939861.091908,1790939861.098530,0.000073,-0.000953,-0.076122,0.001599,-0.022010,-0.706465,-0.707404,1.653,1.914,89.951,0.003409,-0.002470,-0.034399,0.000496,0.001039,0.002660
1790939861.126908,1790939861.132754,0.000086,-0.000927,-0.076465,0.001593,-0.022009,-0.706466,-0.707403,1.654,1.913,89.952,0.003392,-0.002890,-0.034241,0.000223,0.000193,-0.000284
1790939861.161908,1790939861.164945,0.000097,-0.000908,-0.075990,0.001591,-0.022002,-0.706462,-0.707407,1.653,1.913,89.951,0.002831,-0.002453,-0.034859,-0.000866,0.001919,-0.000019
1790939861.195902,1790939861.199799,0.000053,-0.000943,-0.075704,0.001592,-0.021993,-0.706461,-0.707408,1.653,1.912,89.951,0.002278,-0.001501,-0.034663,-0.000568,0.001900,-0.000448
1790939861.219902,1790939861.232664,0.000015,-0.000969,-0.075634,0.001600,-0.021988,-0.706455,-0.707415,1.651,1.912,89.950,0.002177,-0.001616,-0.034604,0.003578,-0.002669,0.001648
1790939861.254902,1790939861.266004,-0.000046,-0.001006,-0.075637,0.001605,-0.021984,-0.706455,-0.707415,1.651,1.912,89.950,0.002266,-0.001144,-0.033839,-0.000577,-0.001479,0.000440
1790939861.288895,1790939861.299161,-0.000112,-0.001033,-0.075791,0.001597,-0.021982,-0.706453,-0.707417,1.651,1.912,89.949,0.002396,-0.001292,-0.033848,0.000163,-0.001966,0.001076
1790939861.324895,1790939861.331986,-0.000188,-0.001060,-0.076029,0.001593,-0.021986,-0.706456,-0.707413,1.652,1.912,89.950,0.002250,-0.000910,-0.033418,0.000147,-0.002025,-0.000578
1790939861.358895,1790939861.366175,-0.000258,-0.001081,-0.075863,0.001601,-0.021989,-0.706453,-0.707416,1.651,1.912,89.949,0.002348,-0.000331,-0.033370,0.002091,-0.001777,0.002059
1790939861.393889,1790939861.397645,-0.000359,-0.001128,-0.075472,0.001592,-0.021991,-0.706451,-0.707418,1.652,1.912,89.949,0.002052,-0.000645,-0.033118,0.000794,0.000758,-0.001006
1790939861.428889,1790939861.431107,-0.000459,-0.001187,-0.075313,0.001591,-0.021979,-0.706447,-0.707422,1.651,1.911,89.949,0.001866,-0.000347,-0.033040,0.000440,0.000481,0.000105
1790939861.463889,1790939861.466748,-0.000564,-0.001250,-0.075315,0.001586,-0.021976,-0.706443,-0.707427,1.652,1.910,89.948,0.001797,0.000155,-0.032878,0.000079,0.003155,0.000641
1790939861.486882,1790939861.499679,-0.000638,-0.001294,-0.075377,0.001585,-0.021988,-0.706435,-0.707434,1.653,1.911,89.947,0.001396,0.000255,-0.033318,0.001722,0.000808,-0.000452
1790939861.520883,1790939861.533211,-0.000750,-0.001367,-0.075618,0.001584,-0.021993,-0.706440,-0.707429,1.653,1.911,89.947,0.001022,0.000241,-0.033299,0.002387,-0.002958,-0.000518
1790939861.555882,1790939861.566941,-0.000850,-0.001438,-0.075702,0.001572,-0.021991,-0.706440,-0.707430,1.654,1.910,89.947,0.001089,-0.000297,-0.033760,-0.002184,-0.000053,-0.001694
1790939861.590872,1790939861.597744,-0.000947,-0.001508,-0.075295,0.001585,-0.021986,-0.706438,-0.707432,1.652,1.911,89.947,0.001161,0.000283,-0.033607,-0.000652,0.002178,-0.001864
1790939861.625872,1790939861.632847,-0.001044,-0.001586,-0.075098,0.001581,-0.021980,-0.706437,-0.707432,1.652,1.910,89.947,0.000902,0.000210,-0.033729,0.001260,-0.001937,0.000708
1790939861.659872,1790939861.667649,-0.001126,-0.001670,-0.075128,0.001588,-0.021978,-0.706431,-0.707439,1.652,1.911,89.946,0.000832,-0.000426,-0.033776,-0.000024,-0.003345,0.000123
1790939861.694866,1790939861.699125,-0.001201,-0.001748,-0.075257,0.001577,-0.021981,-0.706427,-0.707442,1.653,1.910,89.945,0.000429,-0.000032,-0.033627,0.000033,0.001872,0.000607
1790939861.729866,1790939861.732951,-0.001285,-0.001833,-0.075507,0.001565,-0.021978,-0.706426,-0.707444,1.653,1.909,89.945,0.000352,0.000520,-0.032833,0.000445,-0.003571,0.001673
1790939861.753866,1790939861.765526,-0.001342,-0.001886,-0.075737,0.001563,-0.021984,-0.706427,-0.707443,1.654,1.909,89.945,0.000337,0.000473,-0.032755,-0.001740,0.001693,-0.000072
1790939861.787861,1790939861.798256,-0.001426,-0.001956,-0.075291,0.001561,-0.021985,-0.706426,-0.707444,1.654,1.909,89.945,0.000546,0.000689,-0.032421,0.004243,-0.000957,-0.000274
1790939861.822861,1790939861.831777,-0.001485,-0.002020,-0.075033,0.001545,-0.021987,-0.706431,-0.707438,1.656,1.908,89.946,0.000559,0.000186,-0.032341,0.001097,-0.001701,0.000767
1790939861.857861,1790939861.865911,-0.001531,-0.002081,-0.074922,0.001551,-0.021984,-0.706431,-0.707439,1.655,1.908,89.946,0.000375,0.000047,-0.033065,-0.000349,0.000736,-0.000321
1790939861.891854,1790939861.897731,-0.001580,-0.002140,-0.075004,0.001558,-0.021981,-0.706426,-0.707443,1.654,1.908,89.945,0.000465,0.000578,-0.032696,-0.001229,0.004512,-0.000872
1790939861.926854,1790939861.932811,-0.001632,-0.002200,-0.075180,0.001557,-0.021986,-0.706425,-0.707444,1.655,1.909,89.945,0.000217,0.000913,-0.032602,0.002050,-0.000519,0.001668
1790939861.961854,1790939861.965490,-0.001690,-0.002273,-0.075551,0.001548,-0.021989,-0.706425,-0.707444,1.656,1.908,89.945,-0.000204,0.000664,-0.033340,0.002506,-0.002567,-0.001200
1790939861.996848,1790939861.999772,-0.001745,-0.002337,-0.075141,0.001541,-0.022000,-0.706428,-0.707441,1.657,1.909,89.945,0.000015,0.001318,-0.032629,0.000236,0.000047,-0.000771
1790939862.031848,1790939862.034268,-0.001789,-0.002382,-0.074893,0.001550,-0.022000,-0.706429,-0.707441,1.656,1.909,89.946,0.000116,0.001104,-0.032469,0.003324,-0.001044,0.000310
1790939862.054848,1790939862.064929,-0.001818,-0.002409,-0.074831,0.001555,-0.022011,-0.706432,-0.707437,1.657,1.911,89.946,0.000065,0.001401,-0.032385,0.001183,0.002465,0.000669
1790939862.089840,1790939862.099255,-0.001867,-0.002455,-0.074865,0.001556,-0.022020,-0.706434,-0.707435,1.658,1.911,89.946,-0.000278,0.001200,-0.032349,0.000556,-0.000430,0.000379
1790939862.123840,1790939862.130600,-0.001910,-0.002507,-0.075044,0.001558,-0.022021,-0.706440,-0.707429,1.657,1.912,89.947,-0.000045,0.001156,-0.032976,-0.001667,0.002244,0.000242
1790939862.158840,1790939862.166626,-0.001949,-0.002546,-0.075342,0.001566,-0.022013,-0.706445,-0.707424,1.656,1.912,89.948,0.000260,0.001205,-0.033521,-0.000201,0.002066,0.000355
1790939862.193831,1790939862.198908,-0.001973,-0.002571,-0.075202,0.001580,-0.022013,-0.706445,-0.707424,1.655,1.913,89.948,0.000075,0.000398,-0.033169,0.001900,-0.001285,0.002166
1790939862.228831,1790939862.233309,-0.001976,-0.002594,-0.074918,0.001584,-0.022027,-0.706438,-0.707430,1.656,1.914,89.947,0.000060,0.000366,-0.033353,0.000833,-0.001444,-0.001040
1790939862.262831,1790939862.266052,-0.001976,-0.002618,-0.074851,0.001582,-0.022029,-0.706440,-0.707428,1.656,1.914,89.948,-0.000200,0.000830,-0.033473,0.000487,0.000711,0.000891
1790939862.286823,1790939862.298110,-0.001975,-0.002635,-0.074826,0.001592,-0.022029,-0.706441,-0.707427,1.655,1.915,89.948,-0.000438,0.000224,-0.033516,0.002888,-0.001288,0.000228
1790939862.320823,1790939862.331044,-0.001983,-0.002662,-0.075007,0.001582,-0.022032,-0.706438,-0.707430,1.656,1.914,89.947,-0.000124,0.001417,-0.033076,0.001261,0.000895,-0.000109
1790939862.355823,1790939862.363753,-0.002005,-0.002679,-0.075283,0.001575,-0.022032,-0.706441,-0.707427,1.657,1.914,89.948,0.000367,0.001082,-0.033524,0.001362,-0.001449,0.000783
1790939862.390816,1790939862.398141,-0.002018,-0.002682,-0.075386,0.001570,-0.022038,-0.706439,-0.707429,1.658,1.914,89.948,0.000229,0.000524,-0.034062,-0.001778,0.002877,0.000008
1790939862.425817,1790939862.434905,-0.002031,-0.002688,-0.075095,0.001573,-0.022043,-0.706432,-0.707436,1.658,1.915,89.946,0.000485,0.001514,-0.033591,0.000089,0.002296,0.000935
1790939862.460817,1790939862.463709,-0.002052,-0.002678,-0.074930,0.001569,-0.022045,-0.706427,-0.707441,1.659,1.914,89.946,0.000302,0.002082,-0.033815,0.001622,-0.001490,0.000156
1790939862.494810,1790939862.497913,-0.002077,-0.002673,-0.074957,0.001565,-0.022037,-0.706431,-0.707438,1.658,1.913,89.946,-0.000037,0.001153,-0.034267,0.003738,0.000756,0.001181
1790939862.517810,1790939862.530828,-0.002091,-0.002675,-0.075073,0.001551,-0.022042,-0.706432,-0.707436,1.660,1.913,89.946,0.000062,0.001359,-0.034293,-0.001047,0.001288,-0.001293
1790939862.564810,1790939862.566804,-0.002112,-0.002680,-0.075483,0.001549,-0.022041,-0.706430,-0.707438,1.660,1.913,89.946,0.000141,0.001600,-0.034494,0.003442,0.000807,0.001318
1790939862.587804,1790939862.598766,-0.002127,-0.002683,-0.075754,0.001553,-0.022053,-0.706432,-0.707435,1.660,1.914,89.946,0.000113,0.002071,-0.034627,0.001651,0.002419,-0.000305
1790939862.622804,1790939862.631800,-0.002153,-0.002684,-0.075375,0.001553,-0.022051,-0.706430,-0.707438,1.660,1.914,89.946,0.000027,0.001622,-0.034463,0.002683,-0.001679,0.000908
1790939862.656804,1790939862.666692,-0.002155,-0.002682,-0.075177,0.001548,-0.022053,-0.706432,-0.707436,1.661,1.913,89.946,0.000041,0.000969,-0.034463,-0.001111,0.001697,-0.001936
1790939862.691797,1790939862.698897,-0.002155,-0.002675,-0.075170,0.001543,-0.022059,-0.706431,-0.707436,1.662,1.914,89.946,0.000116,0.001085,-0.034186,-0.003466,0.002129,0.001303
1790939862.726798,1790939862.732771,-0.002147,-0.002668,-0.075281,0.001553,-0.022066,-0.706432,-0.707435,1.662,1.915,89.946,0.000291,0.000846,-0.034172,0.000739,-0.000188,0.000906
1790939862.761798,1790939862.765486,-0.002140,-0.002662,-0.075529,0.001548,-0.022068,-0.706425,-0.707442,1.662,1.915,89.945,0.000120,0.000553,-0.034032,0.002593,-0.001549,-0.000312
1790939862.784793,1790939862.796878,-0.002139,-0.002656,-0.075788,0.001542,-0.022064,-0.706431,-0.707436,1.662,1.914,89.946,0.000174,0.000698,-0.034207,-0.000869,-0.002806,0.001662
1790939862.819793,1790939862.832856,-0.002128,-0.002652,-0.075618,0.001544,-0.022062,-0.706430,-0.707438,1.662,1.914,89.946,0.000006,0.000192,-0.034065,-0.003500,0.002908,-0.001217
1790939862.854793,1790939862.863920,-0.002095,-0.002648,-0.075309,0.001541,-0.022060,-0.706427,-0.707440,1.662,1.913,89.946,-0.000169,0.000312,-0.034147,0.001768,0.003712,-0.000251
1790939862.888785,1790939862.899145,-0.002063,-0.002655,-0.075231,0.001537,-0.022069,-0.706430,-0.707437,1.663,1.914,89.946,-0.000086,0.000666,-0.033770,-0.000757,0.002137,0.001005
1790939862.923785,1790939862.930524,-0.002029,-0.002664,-0.075265,0.001527,-0.022068,-0.706432,-0.707435,1.664,1.913,89.947,-0.000632,0.000213,-0.033772,-0.000332,-0.004448,-0.000632
1790939862.958785,1790939862.963814,-0.001996,-0.002688,-0.075441,0.001518,-0.022074,-0.706430,-0.707437,1.665,1.913,89.946,-0.000965,0.000429,-0.033877,-0.003245,0.000732,-0.000969
1790939862.993779,1790939862.996835,-0.001969,-0.002712,-0.075739,0.001513,-0.022066,-0.706426,-0.707441,1.665,1.912,89.945,-0.000623,0.000444,-0.034118,-0.002868,0.000609,-0.000908
1790939863.027779,1790939863.030778,-0.001939,-0.002730,-0.075615,0.001531,-0.022064,-0.706430,-0.707438,1.663,1.913,89.946,-0.000316,-0.000118,-0.034230,0.001475,-0.002207,0.000498
1790939863.063779,1790939863.066683,-0.001883,-0.002729,-0.075319,0.001533,-0.022063,-0.706428,-0.707439,1.663,1.913,89.946,-0.000023,-0.000401,-0.034082,0.002017,-0.000365,-0.000149
1790939863.086772,1790939863.098300,-0.001842,-0.002720,-0.075215,0.001526,-0.022061,-0.706427,-0.707441,1.663,1.912,89.946,0.000299,-0.000492,-0.033519,-0.002949,0.000101,0.000779
1790939863.120772,1790939863.133346,-0.001774,-0.002707,-0.075187,0.001535,-0.022047,-0.706425,-0.707443,1.661,1.912,89.945,0.000201,-0.000507,-0.033215,-0.001859,0.001922,-0.001476
1790939863.155772,1790939863.165810,-0.001719,-0.002697,-0.075292,0.001531,-0.022052,-0.706417,-0.707450,1.662,1.912,89.944,0.000377,-0.000064,-0.033067,-0.001334,-0.000639,-0.001432
1790939863.190766,1790939863.199274,-0.001661,-0.002688,-0.075567,0.001525,-0.022057,-0.706412,-0.707456,1.663,1.912,89.943,0.000094,-0.000924,-0.033137,0.001334,-0.002875,-0.000085
1790939863.225766,1790939863.232060,-0.001591,-0.002673,-0.075620,0.001512,-0.022066,-0.706410,-0.707457,1.665,1.912,89.943,0.000389,-0.001108,-0.032839,0.001036,0.000580,-0.000372
1790939863.259766,1790939863.264064,-0.001514,-0.002649,-0.075208,0.001505,-0.022068,-0.706406,-0.707461,1.666,1.911,89.942,0.000560,-0.001144,-0.032567,0.001875,-0.003441,0.000790
1790939863.294757,1790939863.299225,-0.001425,-0.002600,-0.075015,0.001505,-0.022074,-0.706405,-0.707462,1.666,1.912,89.942,0.001153,-0.001415,-0.032489,0.002973,-0.001231,0.002276
1790939863.329756,1790939863.333648,-0.001332,-0.002543,-0.074969,0.001502,-0.022081,-0.706416,-0.707451,1.667,1.912,89.944,0.001208,-0.002040,-0.032624,0.002244,0.000082,0.002905
1790939863.352757,1790939863.365416,-0.001272,-0.002508,-0.075008,0.001493,-0.022091,-0.706416,-0.707450,1.668,1.912,89.944,0.001141,-0.001784,-0.032447,-0.000417,0.000128,0.000233
1790939863.387750,1790939863.397964,-0.001185,-0.002455,-0.075224,0.001494,-0.022094,-0.706413,-0.707453,1.669,1.912,89.944,0.001254,-0.001809,-0.032974,0.001960,0.002445,-0.000770
1790939863.422750,1790939863.430966,-0.001098,-0.002406,-0.075509,0.001504,-0.022089,-0.706413,-0.707454,1.667,1.913,89.943,0.001006,-0.001620,-0.032376,-0.001499,0.002774,-0.001108
1790939863.457750,1790939863.463886,-0.001016,-0.002366,-0.075057,0.001510,-0.022080,-0.706417,-0.707450,1.666,1.913,89.944,0.001038,-0.001528,-0.032038,0.001585,-0.002143,0.000766
1790939863.491741,1790939863.501015,-0.000944,-0.002325,-0.074814,0.001491,-0.022087,-0.706418,-0.707449,1.668,1.912,89.944,0.000690,-0.001699,-0.031833,0.000842,-0.000550,-0.001204
1790939863.526741,1790939863.532744,-0.000876,-0.002279,-0.074686,0.001499,-0.022079,-0.706418,-0.707449,1.667,1.912,89.944,0.000914,-0.001422,-0.031180,-0.001187,0.001654,-0.001595
1790939863.561741,1790939863.564939,-0.000820,-0.002238,-0.074694,0.001500,-0.022083,-0.706412,-0.707455,1.667,1.912,89.943,0.000862,-0.001147,-0.030861,-0.001604,0.000426,-0.000096
1790939863.584735,1790939863.596882,-0.000779,-0.002211,-0.074789,0.001503,-0.022087,-0.706415,-0.707452,1.667,1.913,89.944,0.000991,-0.001377,-0.031355,0.000550,-0.000851,0.000340
1790939863.619735,1790939863.630835,-0.000724,-0.002169,-0.075028,0.001512,-0.022094,-0.706413,-0.707453,1.667,1.914,89.944,0.001110,-0.001487,-0.030849,-0.002951,0.001797,0.000625
1790939863.654735,1790939863.666335,-0.000673,-0.002123,-0.074825,0.001507,-0.022099,-0.706425,-0.707442,1.668,1.914,89.945,0.001018,-0.001466,-0.030913,0.000741,0.000012,-0.000149
1790939863.688727,1790939863.696828,-0.000648,-0.002091,-0.074491,0.001503,-0.022100,-0.706433,-0.707434,1.668,1.914,89.947,0.000953,-0.000811,-0.030728,-0.002828,-0.001897,0.001682
1790939863.723727,1790939863.730221,-0.000630,-0.002069,-0.074280,0.001507,-0.022100,-0.706437,-0.707429,1.668,1.914,89.947,0.000821,-0.001045,-0.030706,0.000434,0.000340,0.000916
1790939863.758727,1790939863.764879,-0.000600,-0.002058,-0.074287,0.001492,-0.022109,-0.706442,-0.707424,1.670,1.913,89.948,0.000334,-0.002017,-0.031172,0.000794,-0.001023,-0.000229
1790939863.793717,1790939863.796981,-0.000571,-0.002057,-0.074401,0.001480,-0.022102,-0.706442,-0.707425,1.670,1.912,89.948,0.000044,-0.001451,-0.031977,0.003983,0.001839,-0.001089
1790939863.828717,1790939863.830772,-0.000576,-0.002077,-0.074740,0.001469,-0.022043,-0.706444,-0.707424,1.667,1.906,89.948,-0.000023,0.002022,-0.036541,0.005068,-0.012752,0.010144
1790939863.851717,1790939863.863692,-0.000814,-0.002082,-0.074794,0.001629,-0.021819,-0.706451,-0.707424,1.635,1.901,89.948,0.001931,0.015586,-0.037981,-0.015839,0.027922,-0.001647
1790939863.886710,1790939863.898819,-0.001364,-0.001936,-0.074705,0.001816,-0.021934,-0.706483,-0.707388,1.630,1.925,89.954,0.012447,0.007380,-0.043263,0.062594,0.086619,-0.004840
1790939863.920710,1790939863.929981,-0.001490,-0.001358,-0.075472,0.001720,-0.023302,-0.706057,-0.707769,1.747,2.029,89.892,0.021617,-0.015206,-0.072484,0.165712,0.128548,-0.081418
1790939863.955710,1790939863.966190,-0.000283,-0.000642,-0.077218,-0.000517,-0.026089,-0.705494,-0.708235,2.153,2.076,89.817,0.014622,-0.076564,-0.083260,0.173356,-0.201508,0.000335
1790939863.990703,1790939863.999882,0.003736,0.000132,-0.078935,-0.003475,-0.027208,-0.705641,-0.708039,2.484,1.927,89.847,0.040250,-0.159359,-0.060798,0.246490,-0.064644,0.016344
1790939864.025703,1790939864.032115,0.010419,0.001988,-0.080141,-0.006712,-0.029975,-0.705554,-0.707990,2.971,1.890,89.852,0.072664,-0.226816,-0.035934,0.130322,-0.050201,-0.063956
1790939864.060703,1790939864.063548,0.019398,0.004603,-0.081081,-0.008333,-0.030486,-0.704237,-0.709261,3.141,1.806,89.642,0.082022,-0.292117,-0.038648,0.075977,-0.098125,-0.235038
1790939864.095697,1790939864.099373,0.026448,0.009221,-0.078617,-0.004628,-0.031131,-0.697821,-0.715581,2.872,2.183,88.615,0.161682,-0.114008,0.095497,-0.828676,0.023039,-0.170083
1790939864.118697,1790939864.130697,0.028951,0.013146,-0.076426,0.003679,-0.026445,-0.699067,-0.714558,1.819,2.461,88.783,0.134125,-0.101227,0.076871,-0.486846,-0.135692,0.701307
1790939864.152698,1790939864.166370,0.033025,0.018849,-0.074803,0.001224,-0.032809,-0.703039,-0.710393,2.547,2.770,89.465,0.163284,-0.103004,-0.032432,0.612150,0.320455,0.182757
1790939864.187692,1790939864.198526,0.033672,0.024359,-0.075559,0.002091,-0.036272,-0.703857,-0.709412,2.761,3.119,89.625,0.169115,0.066293,-0.068377,-0.204727,0.194307,-0.023616
1790939864.221692,1790939864.232960,0.028771,0.030353,-0.077341,0.009234,-0.030375,-0.703495,-0.709991,1.700,3.217,89.521,0.178411,0.193885,-0.079791,-0.577549,0.076932,-0.066464
1790939864.257692,1790939864.263926,0.020880,0.036431,-0.079567,0.015559,-0.024552,-0.703682,-0.709921,0.715,3.254,89.515,0.177746,0.259977,-0.079239,-0.572685,-0.113078,-0.032427
1790939864.291685,1790939864.303787,0.010372,0.043276,-0.081969,0.021598,-0.017521,-0.704357,-0.709301,-0.342,3.169,89.590,0.193230,0.314122,-0.075033,-0.368986,-0.011500,0.050867
1790939864.326685,1790939864.334295,-0.000870,0.050385,-0.083854,0.024025,-0.010993,-0.705187,-0.708529,-1.064,2.835,89.703,0.221119,0.341067,-0.042981,-0.299361,-0.329868,0.018782
1790939864.361685,1790939864.366681,-0.009457,0.060810,-0.082087,0.024211,-0.015080,-0.707609,-0.706028,-0.737,3.185,90.108,0.344790,0.202029,0.059831,0.775950,0.568462,0.396523
1790939864.384679,1790939864.396780,-0.012437,0.067425,-0.080584,0.026462,-0.029873,-0.709995,-0.703075,0.299,4.565,90.573,0.230338,0.109435,0.133471,0.437949,-0.099160,-0.256651
1790939864.419678,1790939864.432061,-0.014900,0.072517,-0.077588,0.025681,-0.030822,-0.708507,-0.704563,0.430,4.578,90.337,0.091521,0.071976,0.074477,-0.772954,-0.422532,-0.041319
1790939864.453679,1790939864.466314,-0.015774,0.074856,-0.077135,0.023943,-0.022069,-0.708784,-0.704674,-0.141,3.729,90.329,0.055397,-0.059169,-0.041037,0.085491,-0.336576,0.022320
1790939864.488671,1790939864.499089,-0.012129,0.076696,-0.079759,0.018807,-0.020045,-0.707125,-0.706554,0.102,3.148,90.049,0.068038,-0.170500,-0.112826,0.456437,-0.229768,-0.238586
1790939864.523671,1790939864.530901,-0.004175,0.079228,-0.083446,0.010953,-0.021096,-0.706293,-0.707521,0.820,2.598,89.919,0.098689,-0.282716,-0.101314,0.527650,-0.353922,0.052059
1790939864.558671,1790939864.564398,0.006362,0.083379,-0.086238,0.001263,-0.022494,-0.705804,-0.708049,1.718,1.928,89.847,0.148483,-0.337384,-0.064186,0.432830,-0.229356,-0.091966
1790939864.593664,1790939864.598957,0.018761,0.090484,-0.088306,-0.005361,-0.022056,-0.704747,-0.709095,2.218,1.359,89.674,0.247641,-0.364041,-0.031513,0.051894,-0.201582,-0.011428
1790939864.685657,1790939864.697471,0.047433,0.121634,-0.085693,0.008249,-0.027921,-0.704942,-0.708667,1.588,2.935,89.739,0.284588,-0.166010,0.125183,-0.498441,-0.369488,0.374487
1790939864.720657,1790939864.732984,0.053595,0.130451,-0.084465,0.002349,-0.029414,-0.706750,-0.706847,2.195,2.574,90.041,0.270085,-0.156470,0.003234,0.783637,0.244250,-0.041096
1790939864.755657,1790939864.763857,0.056561,0.140569,-0.086275,0.001651,-0.032077,-0.707100,-0.706384,2.469,2.731,90.117,0.303053,-0.005013,-0.054123,-0.345461,-0.095546,0.038765
1790939864.790651,1790939864.797370,0.054782,0.150939,-0.089690,0.006038,-0.029082,-0.706762,-0.706828,1.869,2.846,90.041,0.302038,0.099410,-0.099394,-0.308724,-0.022690,-0.143281
1790939864.824651,1790939864.830710,0.049424,0.161537,-0.093481,0.008167,-0.022249,-0.705613,-0.708201,1.137,2.467,89.815,0.310683,0.197662,-0.098881,-0.655816,-0.442784,-0.009633
1790939864.859651,1790939864.866278,0.041931,0.173054,-0.097257,0.007958,-0.012470,-0.704242,-0.709806,0.359,1.657,89.554,0.355503,0.251110,-0.098450,-0.342953,-0.289268,-0.191386
1790939864.894644,1790939864.900874,0.032815,0.186516,-0.100932,0.008264,-0.007148,-0.701662,-0.712426,-0.100,1.248,89.127,0.402335,0.249509,-0.092601,-0.093619,-0.281734,-0.431084
1790939864.929644,1790939864.933387,0.028666,0.205539,-0.099136,0.008014,-0.019719,-0.697282,-0.716481,0.918,2.260,88.462,0.555444,0.060497,0.098554,0.314792,0.535861,0.152696
1790939864.964644,1790939864.968491,0.026511,0.222201,-0.098164,0.012507,-0.040660,-0.695552,-0.717215,2.220,4.343,88.327,0.337019,0.062965,0.143454,1.324662,0.722175,-0.039080
1790939864.987638,1790939864.999773,0.025507,0.229397,-0.097667,0.015172,-0.039263,-0.691765,-0.720895,1.865,4.451,87.710,0.256033,0.047862,0.023424,-0.354047,-0.191781,-0.063223
1790939865.022638,1790939865.034869,0.025054,0.238402,-0.097954,0.016197,-0.032382,-0.693617,-0.719434,1.242,3.960,87.950,0.233556,-0.025591,-0.051266,-0.100716,-0.116186,0.001006
1790939865.056638,1790939865.063662,0.027691,0.245924,-0.100925,0.013584,-0.027917,-0.693059,-0.720212,1.098,3.385,87.831,0.211817,-0.127482,-0.102146,0.188768,-0.332487,-0.129192
1790939865.091631,1790939865.097725,0.033655,0.252636,-0.104938,0.005956,-0.027240,-0.692127,-0.721237,1.670,2.725,87.680,0.205791,-0.208493,-0.102608,0.406754,-0.315525,0.023424
1790939865.126631,1790939865.132926,0.041942,0.259927,-0.108465,-0.002669,-0.024359,-0.693658,-0.719887,2.158,1.798,87.908,0.233194,-0.242174,-0.070448,0.035196,-0.455675,0.070599
1790939865.160631,1790939865.163821,0.051441,0.268997,-0.111649,-0.006343,-0.019229,-0.694148,-0.719547,2.053,1.081,87.961,0.300869,-0.303409,-0.090730,-0.119955,-0.361117,0.007863
1790939865.218632,1790939865.230792,0.065249,0.292325,-0.110665,0.006531,-0.023655,-0.699045,-0.714656,1.361,2.461,88.764,0.394941,-0.173748,0.018033,-0.071552,1.045088,0.495076
1790939865.253631,1790939865.266016,0.068921,0.305263,-0.110161,0.011212,-0.022065,-0.706587,-0.707193,0.879,2.697,89.972,0.347627,-0.088654,0.022196,0.852875,0.834428,0.264704
1790939865.288631,1790939865.296705,0.070892,0.317611,-0.112303,0.011312,-0.027839,-0.706938,-0.706636,1.341,3.172,90.062,0.339417,-0.001971,-0.079443,0.819040,0.631805,-0.004626
1790939865.323632,1790939865.332077,0.068620,0.329574,-0.116355,0.015983,-0.027289,-0.709032,-0.704466,0.929,3.504,90.399,0.351576,0.119291,-0.122686,-0.535053,-0.067126,0.225763
1790939865.358631,1790939865.365722,0.063591,0.340799,-0.121245,0.017888,-0.022344,-0.709039,-0.704589,0.372,3.259,90.371,0.308857,0.172290,-0.103753,-0.462623,-0.309960,0.025567
1790939865.393625,1790939865.398759,0.056765,0.351173,-0.125554,0.016652,-0.015147,-0.709044,-0.704805,-0.114,2.577,90.341,0.324924,0.229136,-0.117587,-0.262238,-0.473406,-0.004346
1790939865.427625,1790939865.430788,0.048133,0.363707,-0.130409,0.014140,-0.007811,-0.708369,-0.705658,-0.510,1.780,90.212,0.403088,0.268049,-0.130005,-0.005653,-0.253482,-0.179416
1790939865.462625,1790939865.466050,0.039913,0.379886,-0.133638,0.011927,-0.007016,-0.704568,-0.709501,-0.403,1.533,89.595,0.544839,0.011348,0.172460,-0.237510,0.620210,0.170115
1790939865.485625,1790939865.497710,0.039301,0.391252,-0.131739,0.010791,-0.024688,-0.708158,-0.705540,1.132,2.873,90.241,0.508566,0.114007,0.045736,0.289929,1.087283,0.344753
1790939865.520625,1790939865.532018,0.037757,0.407315,-0.131415,0.017892,-0.034328,-0.704480,-0.708667,1.322,4.236,89.709,0.380585,0.012882,0.032686,-0.299848,0.156225,-0.612630
1790939865.555625,1790939865.565826,0.038676,0.418740,-0.132137,0.019595,-0.033255,-0.702352,-0.710782,1.084,4.290,89.357,0.325219,-0.043308,-0.038497,-0.010382,0.093334,-0.063857
1790939865.589618,1790939865.598824,0.041838,0.428542,-0.135971,0.018177,-0.032880,-0.700363,-0.712798,1.157,4.148,89.034,0.255496,-0.138528,-0.141122,0.422916,-0.047481,-0.174722
1790939865.625618,1790939865.632851,0.048233,0.436143,-0.141621,0.009613,-0.032789,-0.699562,-0.713755,1.846,3.454,88.905,0.215476,-0.209889,-0.125524,0.258584,-0.544750,0.026570
1790939865.659618,1790939865.665958,0.056360,0.443382,-0.146293,0.001223,-0.029357,-0.699945,-0.713592,2.257,2.499,88.943,0.224909,-0.248339,-0.090158,0.161000,-0.613289,0.124391
1790939865.694612,1790939865.697828,0.065686,0.452012,-0.149883,-0.006109,-0.021812,-0.701120,-0.712683,2.253,1.291,89.088,0.300732,-0.289531,-0.083470,-0.205656,-0.570176,0.041504
1790939865.717612,1790939865.730806,0.072969,0.459425,-0.152622,-0.008232,-0.015707,-0.703363,-0.710610,1.937,0.616,89.423,0.360572,-0.334259,-0.116445,0.597379,0.644773,0.640270
1790939865.787612,1790939865.798110,0.089446,0.490109,-0.152354,0.006805,-0.021638,-0.710645,-0.703185,1.215,2.298,90.629,0.357680,-0.135830,0.081805,-0.838375,-0.387436,0.433951
1790939865.821612,1790939865.830916,0.093002,0.503387,-0.152155,0.007028,-0.023114,-0.710719,-0.703061,1.318,2.435,90.649,0.386033,-0.084016,-0.058361,0.783069,0.834335,-0.215913
1790939865.856612,1790939865.867607,0.093972,0.516130,-0.155392,0.008468,-0.027226,-0.711151,-0.702461,1.539,2.883,90.743,0.383794,0.013770,-0.122281,-0.126190,0.205539,-0.053072
1790939865.891606,1790939865.899158,0.091460,0.528862,-0.160523,0.012743,-0.023808,-0.711130,-0.702542,0.915,2.956,90.720,0.364095,0.094464,-0.143152,-0.162469,-0.055725,-0.252871
1790939865.925606,1790939865.931892,0.086430,0.541814,-0.165886,0.013351,-0.015622,-0.709844,-0.704059,0.194,2.347,90.473,0.381330,0.168627,-0.139201,-0.156714,-0.244537,-0.026388
1790939865.961606,1790939865.965038,0.079932,0.555248,-0.170936,0.011592,-0.009389,-0.709223,-0.704827,-0.173,1.701,90.354,0.443855,0.214265,-0.137723,-0.145796,-0.307335,-0.130094
1790939866.053599,1790939866.066569,0.068081,0.606238,-0.177740,0.011058,-0.038373,-0.700918,-0.712123,2.186,4.023,89.168,0.488536,-0.036519,-0.041535,1.015993,0.417562,-0.668306
1790939866.088593,1790939866.100893,0.069666,0.621225,-0.177670,0.015329,-0.039816,-0.695678,-0.717085,1.921,4.498,88.339,0.415754,-0.025563,-0.004866,0.310116,0.265453,-0.234142
1790939866.123593,1790939866.130708,0.071925,0.634706,-0.180642,0.017123,-0.039089,-0.694974,-0.717767,1.710,4.584,88.220,0.363881,-0.083514,-0.095663,-0.163694,-0.079928,-0.154575
1790939866.157593,1790939866.164940,0.076575,0.646080,-0.186444,0.014676,-0.039968,-0.692437,-0.720221,1.966,4.468,87.823,0.309262,-0.171555,-0.162312,0.257558,-0.267287,-0.130079
1790939866.192588,1790939866.199278,0.083771,0.655229,-0.192506,0.006409,-0.035231,-0.692251,-0.720768,2.270,3.420,87.755,0.276327,-0.221177,-0.134254,0.142149,-0.589889,0.149934
1790939866.227588,1790939866.230824,0.092427,0.664661,-0.197636,-0.000655,-0.028689,-0.693651,-0.719739,2.337,2.315,87.932,0.314120,-0.253680,-0.122796,-0.152620,-0.744417,0.126081
1790939866.250588,1790939866.262592,0.098563,0.671693,-0.200780,-0.004540,-0.019375,-0.695848,-0.717913,1.919,1.232,88.232,0.361143,-0.289719,-0.133352,-0.261384,-0.484694,0.205245
1790939866.285588,1790939866.298340,0.110513,0.686381,-0.205680,-0.004328,-0.015016,-0.700869,-0.713119,1.560,0.879,89.019,0.551387,-0.307196,-0.069384,-0.386815,0.140021,0.387849
1790939866.320588,1790939866.331964,0.118754,0.703212,-0.204623,0.005215,-0.023939,-0.701829,-0.711924,1.501,2.373,89.213,0.447642,-0.216930,0.030431,-0.853776,0.274454,0.669201
1790939866.355588,1790939866.364893,0.122713,0.717694,-0.204159,0.010183,-0.016646,-0.707344,-0.706600,0.525,2.174,90.070,0.404217,-0.081674,0.013346,-0.181831,-0.009025,0.170773
1790939866.390581,1790939866.401990,0.125242,0.731500,-0.206706,0.010974,-0.026240,-0.708161,-0.705478,1.244,3.013,90.250,0.388025,-0.041599,-0.083595,0.129754,0.127220,-0.031082
1790939866.424581,1790939866.431683,0.124485,0.745789,-0.211988,0.014666,-0.025524,-0.709164,-0.704429,0.892,3.254,90.409,0.411276,0.075262,-0.157450,-0.442665,-0.118204,0.208519
1790939866.459581,1790939866.466149,0.121017,0.758222,-0.217802,0.016277,-0.018834,-0.708991,-0.704778,0.216,2.845,90.347,0.361989,0.130110,-0.148221,-0.331505,-0.317391,-0.086821
1790939866.494574,1790939866.497772,0.115726,0.770975,-0.223428,0.014058,-0.012495,-0.708357,-0.705603,-0.123,2.152,90.221,0.384565,0.171861,-0.157158,-0.274062,-0.506717,-0.075009
1790939866.529574,1790939866.531827,0.109189,0.785304,-0.229295,0.010004,-0.005919,-0.706964,-0.707154,-0.331,1.290,89.981,0.463024,0.209345,-0.160803,0.042344,-0.315412,-0.147486
1790939866.552574,1790939866.564776,0.104359,0.796602,-0.233631,0.007034,-0.006863,-0.700865,-0.713226,-0.024,1.126,88.998,0.444541,0.099519,-0.105377,-0.735150,-0.086045,0.121857
1790939866.586574,1790939866.597783,0.102293,0.819070,-0.233999,0.011031,-0.024770,-0.704223,-0.709461,1.104,2.905,89.603,0.589450,0.074027,0.045659,0.050666,1.045869,0.369185
1790939866.621574,1790939866.630813,0.102128,0.836715,-0.234762,0.014395,-0.034672,-0.700350,-0.712812,1.611,3.991,89.046,0.460655,-0.028150,0.034661,-0.332022,0.089022,-0.283522
1790939866.656574,1790939866.666219,0.104019,0.851170,-0.236619,0.016100,-0.034634,-0.699537,-0.713575,1.464,4.126,88.914,0.399237,-0.076648,-0.085684,0.190917,0.208979,0.059369
1790939866.691567,1790939866.699453,0.108001,0.863462,-0.241143,0.014939,-0.034289,-0.698457,-0.714674,1.525,4.007,88.738,0.341390,-0.150400,-0.142468,0.273247,-0.041920,-0.122472
1790939866.726568,1790939866.729990,0.115105,0.874568,-0.247742,0.009692,-0.035052,-0.697852,-0.715318,2.013,3.651,88.648,0.305040,-0.224543,-0.151579,0.255411,-0.451143,0.025544
1790939866.761567,1790939866.764630,0.123698,0.884437,-0.253592,0.000616,-0.031696,-0.698604,-0.714806,2.490,2.647,88.744,0.304960,-0.265616,-0.128536,0.191664,-0.507669,0.101604
1790939866.795561,1790939866.798325,0.133731,0.895710,-0.258907,-0.005576,-0.024555,-0.699151,-0.714530,2.425,1.564,88.787,0.364388,-0.305781,-0.135132,-0.241046,-0.537023,0.116758
1790939866.819561,1790939866.832016,0.141520,0.904340,-0.262925,-0.008957,-0.020143,-0.701649,-0.712182,2.351,0.924,89.165,0.400277,-0.370007,-0.187259,-0.899592,-0.011133,0.893860
1790939866.888554,1790939866.898999,0.156377,0.937871,-0.263403,0.007220,-0.023038,-0.707097,-0.706705,1.283,2.451,90.059,0.401299,-0.081663,0.012066,-0.821707,-0.104318,0.453041
1790939866.923554,1790939866.929668,0.158965,0.950713,-0.264207,0.007571,-0.024062,-0.709468,-0.704286,1.347,2.558,90.450,0.414319,-0.049254,-0.081961,0.383324,0.508246,0.144046
1790939866.957554,1790939866.963696,0.159030,0.964384,-0.268611,0.009874,-0.027642,-0.710819,-0.702762,1.459,3.032,90.692,0.403513,0.047575,-0.144171,-0.184464,0.277330,0.015791
1790939866.992547,1790939866.997615,0.155770,0.977605,-0.275125,0.013522,-0.025003,-0.711147,-0.702468,0.950,3.116,90.729,0.359612,0.116767,-0.170827,-0.330774,-0.120771,-0.144116
1790939867.027547,1790939867.029753,0.150192,0.989945,-0.281166,0.014373,-0.015259,-0.709613,-0.704280,0.081,2.401,90.434,0.360924,0.174198,-0.150922,-0.364457,-0.422156,-0.067367
1790939867.062547,1790939867.067098,0.143533,1.003247,-0.287022,0.011068,-0.006890,-0.708878,-0.705211,-0.335,1.456,90.293,0.423777,0.206646,-0.169888,-0.133232,-0.397561,-0.108634
1790939867.085541,1790939867.097886,0.138322,1.014051,-0.291072,0.007606,-0.002828,-0.706075,-0.708091,-0.388,0.845,89.834,0.483240,0.225706,-0.181655,-0.005212,-0.045771,-0.453578
1790939867.120541,1790939867.130169,0.131516,1.035037,-0.295228,0.008715,-0.013986,-0.699954,-0.713998,0.409,1.844,88.868,0.653490,-0.023372,0.081509,1.177133,1.033516,0.405337
1790939867.155540,1790939867.165914,0.130914,1.055855,-0.295328,0.010437,-0.036396,-0.697574,-0.715512,2.059,3.821,88.614,0.492655,-0.030456,0.021466,0.223987,0.849710,-0.540178
1790939867.189531,1790939867.196761,0.132301,1.071978,-0.296498,0.013706,-0.037048,-0.690954,-0.721818,1.805,4.153,87.562,0.400973,-0.004835,-0.027677,-0.216586,0.100377,-0.201498
1790939867.224531,1790939867.230622,0.134350,1.085690,-0.299953,0.015715,-0.037064,-0.689664,-0.723010,1.632,4.317,87.357,0.383337,-0.082715,-0.130849,0.026984,0.021298,-0.188835
1790939867.259531,1790939867.264887,0.139061,1.097701,-0.306380,0.013919,-0.037493,-0.687385,-0.725192,1.802,4.216,87.000,0.334190,-0.172286,-0.170776,0.418076,-0.065905,-0.018645
1790939867.293525,1790939867.297822,0.146251,1.107810,-0.312864,0.006266,-0.034580,-0.687607,-0.725233,2.208,3.369,87.014,0.303695,-0.221526,-0.150226,0.231965,-0.529434,0.047351
1790939867.328525,1790939867.332211,0.154678,1.117689,-0.318551,-0.002252,-0.028070,-0.688371,-0.724812,2.404,2.154,87.091,0.332052,-0.247455,-0.135411,-0.160063,-0.632095,0.039584
1790939867.351525,1790939867.364030,0.161240,1.125922,-0.322360,-0.005520,-0.019046,-0.689695,-0.723828,1.964,1.144,87.253,0.384976,-0.275908,-0.145413,-0.379773,-0.571819,0.227402
1790939867.387525,1790939867.398922,0.172408,1.140647,-0.327374,-0.003752,-0.015077,-0.695004,-0.718838,1.510,0.943,88.081,0.575452,-0.286280,-0.097798,-0.117349,0.208249,0.246728
1790939867.421525,1790939867.430799,0.180873,1.157610,-0.327516,-0.002994,-0.015859,-0.695277,-0.718561,1.511,1.067,88.127,0.434618,-0.192257,-0.005485,0.620439,0.928409,-0.055851
1790939867.456525,1790939867.466071,0.185309,1.172302,-0.327319,0.007783,-0.018426,-0.698666,-0.715168,0.838,2.134,88.678,0.409841,-0.081373,0.009515,-0.282358,-0.083231,0.083524
1790939867.491518,1790939867.497907,0.188018,1.187294,-0.330146,0.008953,-0.027539,-0.697300,-0.716194,1.468,2.977,88.507,0.402384,-0.021952,-0.097698,-0.057052,0.076766,0.079911
1790939867.525518,1790939867.531915,0.187180,1.201602,-0.335319,0.013392,-0.026036,-0.698581,-0.714932,0.989,3.207,88.702,0.426840,0.084834,-0.172405,-0.393583,-0.076496,0.156855
1790939867.560519,1790939867.563723,0.183849,1.215042,-0.341477,0.015016,-0.020954,-0.697873,-0.715757,0.445,2.921,88.562,0.389997,0.140319,-0.154745,-0.462791,-0.503600,-0.175545
1790939867.583512,1790939867.596896,0.180459,1.224505,-0.345531,0.013308,-0.012790,-0.696958,-0.716874,-0.072,2.114,88.385,0.413446,0.175959,-0.163419,-0.173637,-0.476230,-0.095118
1790939867.618512,1790939867.631285,0.174338,1.239438,-0.351560,0.010144,-0.006184,-0.695247,-0.718673,-0.343,1.317,88.098,0.467334,0.212138,-0.180513,-0.010272,-0.280578,-0.196219
1790939867.688512,1790939867.698249,0.166416,1.281216,-0.357245,0.010302,-0.027078,-0.689714,-0.723502,1.288,3.061,87.295,0.611993,0.075546,0.026194,0.385982,1.075421,0.304375
1790939867.723512,1790939867.732289,0.166998,1.299305,-0.357534,0.014687,-0.035821,-0.685482,-0.727059,1.594,4.142,86.686,0.434394,-0.011923,-0.014430,-0.204382,-0.229326,-0.260150
1790939867.758512,1790939867.763915,0.168886,1.313133,-0.359573,0.016226,-0.037707,-0.684893,-0.727486,1.612,4.421,86.607,0.388833,-0.061123,-0.071770,0.137017,0.167278,0.032216
1790939867.792505,1790939867.797347,0.172838,1.325340,-0.364473,0.015601,-0.035340,-0.683809,-0.728638,1.471,4.177,86.418,0.344880,-0.137005,-0.164903,0.294368,-0.010438,-0.295649
1790939867.827505,1790939867.831977,0.179628,1.335377,-0.371170,0.008508,-0.035003,-0.682979,-0.729550,2.033,3.594,86.287,0.292819,-0.209958,-0.172098,0.248695,-0.574914,0.008072
1790939867.862505,1790939867.866112,0.188112,1.344527,-0.376918,-0.001800,-0.030455,-0.683708,-0.729118,2.540,2.404,86.371,0.300372,-0.250795,-0.137933,0.197914,-0.616415,0.119796
1790939867.885500,1790939867.896665,0.194736,1.351672,-0.380456,-0.008013,-0.022020,-0.684616,-0.728527,2.398,1.210,86.466,0.343633,-0.271393,-0.137126,-0.263909,-0.564254,0.133561
1790939868.024500,1790939868.031927,0.223594,1.409358,-0.387349,0.005725,-0.021735,-0.691840,-0.721701,1.251,2.252,87.604,0.401622,-0.039538,-0.070047,0.299329,0.158042,0.057564
1790939868.059500,1790939868.064647,0.223728,1.423130,-0.391232,0.007284,-0.022529,-0.692845,-0.720698,1.188,2.440,87.768,0.397206,0.057619,-0.134673,-0.144715,0.266818,0.073947
1790939868.094490,1790939868.098013,0.220691,1.436407,-0.397082,0.010317,-0.020867,-0.692403,-0.721135,0.804,2.544,87.689,0.365815,0.125500,-0.153484,-0.299155,-0.096924,-0.136513
1790939868.128490,1790939868.131729,0.215710,1.448950,-0.402339,0.009989,-0.011701,-0.691823,-0.721903,0.101,1.760,87.564,0.375741,0.183465,-0.137885,-0.141351,-0.429566,0.043871
1790939868.163490,1790939868.166804,0.209258,1.463072,-0.407664,0.006508,-0.003089,-0.691495,-0.722346,-0.294,0.771,87.498,0.439648,0.222196,-0.151949,-0.084245,-0.422333,-0.058092
1790939868.186483,1790939868.200053,0.204168,1.475324,-0.411601,0.003357,0.000113,-0.689524,-0.724255,-0.288,0.256,87.185,0.518568,0.235136,-0.173794,-0.086761,0.043015,-0.414412
1790939868.256484,1790939868.264616,0.194453,1.520302,-0.416488,0.010104,-0.027563,-0.679118,-0.733442,1.298,3.104,85.630,0.546971,0.069357,-0.049152,1.564138,1.608614,-0.790647
1790939868.290478,1790939868.296610,0.193900,1.536283,-0.417473,0.011701,-0.028538,-0.671108,-0.740717,1.204,3.324,84.390,0.437916,0.045880,0.008271,-0.416610,-0.320979,-0.766288
1790939868.325478,1790939868.329431,0.194892,1.552101,-0.420938,0.014670,-0.027590,-0.667977,-0.743525,0.864,3.476,83.899,0.465281,-0.029497,-0.110753,0.032408,0.239768,0.028660
1790939868.360478,1790939868.363330,0.199272,1.567916,-0.427255,0.014556,-0.031498,-0.667739,-0.743587,1.173,3.800,83.886,0.434974,-0.127065,-0.171606,0.441167,0.255299,0.071069
1790939868.395471,1790939868.398907,0.205624,1.581006,-0.433721,0.008991,-0.031915,-0.668968,-0.742552,1.685,3.407,84.082,0.398530,-0.183665,-0.164460,0.327209,-0.309368,0.100835
1790939868.430471,1790939868.433020,0.213964,1.593614,-0.440279,0.000582,-0.029248,-0.671378,-0.740537,2.203,2.528,84.440,0.396696,-0.215118,-0.152611,-0.031146,-0.584145,0.215728
1790939868.453471,1790939868.463582,0.219996,1.602608,-0.444252,-0.003693,-0.023773,-0.673790,-0.738532,2.149,1.727,84.783,0.442587,-0.236808,-0.154146,-0.258402,-0.498116,0.270887
1790939868.523466,1790939868.530833,0.232933,1.637897,-0.446515,0.014174,-0.025276,-0.673923,-0.738233,0.754,3.234,84.806,0.534948,-0.073281,-0.037072,0.386505,0.574000,0.440055
1790939868.557466,1790939868.565007,0.233560,1.652371,-0.446007,0.018637,-0.018479,-0.676034,-0.736403,-0.141,3.004,85.102,0.392094,0.002016,-0.058857,0.561957,0.595786,0.060149
1790939868.592460,1790939868.599591,0.233377,1.666262,-0.448776,0.019123,-0.023458,-0.677958,-0.734477,0.213,3.462,85.423,0.404973,0.066816,-0.093690,-0.024345,0.092369,0.241520
1790939868.627460,1790939868.630576,0.230566,1.679897,-0.453998,0.021792,-0.024282,-0.680445,-0.732072,0.065,3.739,85.816,0.387330,0.151879,-0.159937,-0.216585,0.070014,0.290665
1790939868.661460,1790939868.665448,0.225036,1.692440,-0.460030,0.022025,-0.018318,-0.680806,-0.731903,-0.419,3.256,85.845,0.319838,0.214521,-0.147778,-0.374822,-0.563735,-0.174775
1790939868.685453,1790939868.696800,0.220672,1.699760,-0.463337,0.016328,-0.008029,-0.680524,-0.732500,-0.745,1.948,85.774,0.339463,0.223560,-0.162791,0.188437,-0.537023,0.032023
1790939868.719453,1790939868.729774,0.213234,1.713822,-0.469101,0.008978,-0.003390,-0.680484,-0.732701,-0.490,0.985,85.764,0.419746,0.259970,-0.170583,0.326100,-0.428935,-0.156237
1790939868.755453,1790939868.766006,0.203780,1.730573,-0.475776,0.006879,-0.001564,-0.673588,-0.739073,-0.462,0.663,84.689,0.492812,0.392350,-0.213668,1.341389,0.338042,-1.404424
1790939868.824446,1790939868.831105,0.194049,1.766136,-0.477436,0.008739,-0.019484,-0.665335,-0.746240,0.739,2.333,83.454,0.413918,0.049729,-0.016036,-0.734601,-0.751003,0.282060
1790939868.859446,1790939868.866452,0.194148,1.780752,-0.479592,0.010545,-0.015918,-0.667930,-0.743979,0.320,2.165,83.840,0.396102,0.002719,-0.097943,0.247442,0.311408,0.003006
1790939868.894441,1790939868.896791,0.197525,1.793104,-0.484289,0.010043,-0.018661,-0.666902,-0.744844,0.569,2.361,83.692,0.375011,-0.112623,-0.164372,0.393145,-0.007771,-0.109643
1790939868.928441,1790939868.931889,0.204539,1.804475,-0.490613,0.002778,-0.021775,-0.667161,-0.744590,1.429,2.071,83.747,0.319079,-0.198341,-0.171427,0.376833,-0.534674,0.104182
1790939868.963441,1790939868.965711,0.213781,1.815433,-0.496421,-0.007443,-0.019958,-0.668235,-0.743646,2.164,1.131,83.907,0.356763,-0.259564,-0.160367,0.470696,-0.391796,0.134420
1790939868.986434,1790939868.998838,0.220527,1.823096,-0.500238,-0.016682,-0.018079,-0.669192,-0.742682,2.807,0.259,84.047,0.394744,-0.287179,-0.156174,0.146866,-0.508209,0.015591
1790939869.021434,1790939869.029745,0.232271,1.839005,-0.505707,-0.017307,-0.016581,-0.669876,-0.742086,2.746,0.081,84.147,0.664496,-0.251366,-0.068341,-1.078090,-0.102782,0.038845
1790939869.056434,1790939869.064568,0.238617,1.861141,-0.505102,-0.001720,-0.023467,-0.668533,-0.743310,1.946,1.867,83.968,0.522174,-0.026774,0.145345,0.257688,0.375986,0.398980
1790939869.091434,1790939869.096918,0.240659,1.880600,-0.503565,0.014730,-0.025198,-0.668694,-0.742964,0.678,3.276,83.996,0.494508,0.037948,0.014004,-0.577460,-0.128912,0.383141
1790939869.160434,1790939869.164114,0.239409,1.914036,-0.511659,0.017248,-0.033722,-0.678359,-0.733753,1.174,4.180,85.550,0.457251,0.158737,-0.166355,-0.276740,0.217762,0.111449
1790939869.184428,1790939869.196800,0.236367,1.923553,-0.516182,0.021830,-0.027467,-0.680224,-0.732164,0.310,4.009,85.799,0.423999,0.193472,-0.207336,-0.302883,-0.189405,0.015422
1790939869.218428,1790939869.230855,0.229847,1.937817,-0.523629,0.021389,-0.019516,-0.681221,-0.731505,-0.270,3.307,85.915,0.380567,0.243277,-0.169307,-0.284617,-0.508636,0.035780
1790939869.253428,1790939869.265832,0.222107,1.951243,-0.530062,0.017236,-0.010154,-0.681307,-0.731724,-0.653,2.198,85.901,0.397823,0.271564,-0.179789,-0.052238,-0.491359,-0.142705
1790939869.322421,1790939869.331998,0.204778,1.985457,-0.539665,0.009873,-0.004198,-0.671893,-0.740571,-0.515,1.116,84.428,0.576580,0.042521,0.078944,0.596595,0.674911,-0.510813
1790939869.392415,1790939869.399140,0.202380,2.018041,-0.539511,0.009862,-0.024543,-0.668456,-0.743281,1.041,2.847,83.958,0.439739,0.056542,-0.050154,-0.083892,0.368204,0.039320
1790939869.427415,1790939869.430724,0.203237,2.031812,-0.543296,0.012165,-0.026483,-0.667978,-0.743610,0.992,3.189,83.894,0.394491,-0.032836,-0.135655,-0.092098,0.072102,-0.267967
1790939869.462415,1790939869.466742,0.207630,2.044832,-0.549987,0.009298,-0.028404,-0.666656,-0.744766,1.379,3.136,83.703,0.366328,-0.139776,-0.188713,0.425253,-0.043980,0.110853
1790939869.485407,1790939869.497905,0.211952,2.052402,-0.554432,0.000791,-0.027181,-0.667390,-0.744212,2.013,2.379,83.812,0.349120,-0.183407,-0.170273,0.327427,-0.395481,0.003295
1790939869.520407,1790939869.531847,0.219991,2.064234,-0.560217,-0.006478,-0.023320,-0.668458,-0.743356,2.340,1.490,83.957,0.395574,-0.210076,-0.158082,-0.018098,-0.465242,0.066896
1790939869.554407,1790939869.563307,0.229051,2.077583,-0.565463,-0.009492,-0.018116,-0.668908,-0.743064,2.198,0.815,84.003,0.458669,-0.241280,-0.163078,-0.262074,-0.340163,0.046493
1790939869.589400,1790939869.597744,0.239510,2.095416,-0.570298,-0.004561,-0.015692,-0.673918,-0.738626,1.598,0.976,84.768,0.665168,-0.220485,-0.083125,-1.135271,0.162352,0.405039
1790939869.624400,1790939869.629572,0.245896,2.115546,-0.569290,-0.002210,-0.015505,-0.674342,-0.738253,1.385,1.141,84.833,0.556267,-0.093452,0.001237,-0.310490,0.508019,-0.061186
1790939869.659400,1790939869.666992,0.248152,2.131566,-0.569094,0.012095,-0.020331,-0.679990,-0.732840,0.569,2.651,85.729,0.440885,-0.010772,0.004024,-0.347144,-0.336990,-0.220114
1790939869.693395,1790939869.696657,0.248903,2.147049,-0.572079,0.012261,-0.026726,-0.678065,-0.734414,1.046,3.203,85.460,0.443154,0.066332,-0.115182,0.168609,0.045263,0.067048
1790939869.716395,1790939869.729442,0.247429,2.157321,-0.575315,0.015994,-0.026872,-0.678636,-0.733809,0.746,3.506,85.549,0.455256,0.123349,-0.163715,-0.576590,-0.013879,0.189196
1790939869.752395,1790939869.763503,0.242943,2.171938,-0.581015,0.018411,-0.019744,-0.677846,-0.734708,-0.017,3.094,85.389,0.410449,0.200691,-0.163823,-0.385002,-0.420867,-0.077406
1790939869.786387,1790939869.798660,0.236380,2.186599,-0.586784,0.015516,-0.011406,-0.678811,-0.734061,-0.418,2.167,85.513,0.406437,0.226012,-0.169944,-0.130534,-0.556871,0.026968
1790939869.821388,1790939869.832842,0.228819,2.202452,-0.592511,0.011624,-0.006708,-0.678002,-0.734938,-0.458,1.468,85.379,0.473428,0.255192,-0.175384,0.225719,-0.240854,-0.188905
1790939869.856387,1790939869.865496,0.221228,2.220144,-0.598023,0.006541,-0.008743,-0.670240,-0.742064,0.115,1.246,84.179,0.597031,0.264315,-0.061464,-1.024082,0.143421,0.281416
1790939869.891382,1790939869.898573,0.219459,2.241073,-0.596631,0.007317,-0.024189,-0.673315,-0.738923,1.248,2.614,84.709,0.565225,0.097583,0.030345,1.127383,1.160160,-0.284501
1790939869.925382,1790939869.929491,0.218692,2.258198,-0.596335,0.010337,-0.032234,-0.667978,-0.743411,1.590,3.539,83.930,0.406527,0.045029,0.010137,-0.759298,-0.216474,-0.510124
1790939869.960382,1790939869.963733,0.219362,2.271309,-0.597650,0.012421,-0.033167,-0.664519,-0.746432,1.467,3.786,83.403,0.371280,-0.002960,-0.078488,-0.069167,0.088753,-0.065577
1790939869.995376,1790939869.998556,0.222051,2.282653,-0.601988,0.012384,-0.030639,-0.661676,-0.749061,1.263,3.571,82.950,0.326938,-0.089512,-0.167982,0.364006,-0.054150,-0.163822
1790939870.018376,1790939870.031708,0.225572,2.288976,-0.606061,0.004377,-0.029744,-0.661768,-0.749106,1.883,2.886,82.963,0.287267,-0.154032,-0.176892,0.240989,-0.571104,0.053627
1790939870.053376,1790939870.065563,0.232601,2.297588,-0.611800,-0.005663,-0.024945,-0.662929,-0.748245,2.382,1.709,83.116,0.290984,-0.199728,-0.158120,0.140297,-0.700834,0.161461
1790939870.087369,1790939870.101197,0.241624,2.307821,-0.617357,-0.012528,-0.017789,-0.664183,-0.747253,2.428,0.570,83.276,0.357904,-0.244614,-0.150587,-0.229951,-0.641376,0.175701
1790939870.122369,1790939870.131678,0.252284,2.320165,-0.622905,-0.014769,-0.010985,-0.666389,-0.745378,2.101,-0.190,83.592,0.485219,-0.318763,-0.204274,0.480154,0.488269,0.539113
1790939870.192362,1790939870.196706,0.266893,2.356167,-0.625032,0.000458,-0.021471,-0.673746,-0.738650,1.620,1.853,84.764,0.439901,0.014128,-0.014032,-0.507626,0.353930,0.779974
1790939870.227362,1790939870.230614,0.268611,2.372612,-0.627574,0.004978,-0.019900,-0.675807,-0.736793,1.122,2.066,85.076,0.471958,0.008965,-0.166420,0.590215,0.842757,-0.024304
1790939870.262362,1790939870.264845,0.267818,2.388111,-0.633682,0.005285,-0.026643,-0.675522,-0.736840,1.618,2.660,85.066,0.470856,0.124324,-0.215644,0.073740,0.121761,-0.011765
1790939870.285357,1790939870.297924,0.265223,2.398399,-0.639123,0.011714,-0.024761,-0.676401,-0.736025,0.933,2.998,85.190,0.447423,0.190821,-0.257814,-0.330485,-0.070985,-0.170330
1790939870.319357,1790939870.330599,0.259121,2.413281,-0.647463,0.014075,-0.013530,-0.674188,-0.738302,-0.146,2.233,84.799,0.422224,0.244993,-0.231883,-0.200718,-0.260392,-0.102965
1790939870.354357,1790939870.364677,0.251756,2.428649,-0.654866,0.012470,-0.006297,-0.673623,-0.738943,-0.570,1.496,84.697,0.460971,0.281101,-0.239967,-0.158295,-0.361397,-0.084832
1790939870.459349,1790939870.464733,0.237654,2.492536,-0.667300,0.011128,-0.036775,-0.666720,-0.744317,1.865,3.990,83.770,0.494007,0.048322,-0.050529,-0.964295,-0.577156,-0.355716
1790939870.494342,1790939870.497849,0.238877,2.508508,-0.669551,0.014539,-0.038889,-0.662462,-0.747944,1.712,4.441,83.130,0.448088,0.011734,-0.080066,-0.029628,0.213126,-0.254037
1790939870.517342,1790939870.529713,0.240034,2.518803,-0.672925,0.016340,-0.038872,-0.660276,-0.749838,1.542,4.581,82.793,0.417646,-0.011805,-0.150259,-0.160080,-0.186329,-0.228960
1790939870.563342,1790939870.567065,0.245017,2.534841,-0.682556,0.012893,-0.039011,-0.657350,-0.752464,1.832,4.339,82.350,0.331426,-0.122193,-0.228740,0.327661,-0.249900,-0.045798
1790939870.586335,1790939870.597686,0.248894,2.541553,-0.687994,0.004279,-0.033363,-0.657123,-0.753032,2.147,3.203,82.278,0.308220,-0.156273,-0.233881,0.306696,-0.483823,0.040849
1790939870.621335,1790939870.629520,0.255923,2.551040,-0.695114,-0.003249,-0.026947,-0.658132,-0.752413,2.315,2.079,82.394,0.325590,-0.188464,-0.203258,-0.057672,-0.654587,0.050895
1790939870.656335,1790939870.665481,0.264421,2.562436,-0.701986,-0.006820,-0.018082,-0.660427,-0.750642,1.956,1.039,82.701,0.416107,-0.239923,-0.219296,-0.365293,-0.541416,0.314337
1790939870.690335,1790939870.696536,0.275898,2.578341,-0.708889,-0.005865,-0.014079,-0.667279,-0.744652,1.577,0.753,83.737,0.539037,-0.282493,-0.141562,-0.193374,0.201904,0.425018
1790939870.725335,1790939870.730488,0.282311,2.594014,-0.709420,0.002168,-0.022373,-0.666980,-0.744736,1.526,2.076,83.722,0.528305,-0.043363,-0.040597,-0.728179,0.671829,0.233869
1790939870.760335,1790939870.763100,0.284089,2.609097,-0.709476,0.008160,-0.015536,-0.671859,-0.740471,0.504,1.947,84.446,0.433345,-0.005717,-0.070639,-0.679524,-0.266157,0.037936
1790939870.795329,1790939870.799078,0.284314,2.623621,-0.713117,0.008664,-0.026141,-0.671819,-0.740204,1.279,2.886,84.487,0.415494,0.083313,-0.152613,0.225023,0.095011,0.136105
1790939870.818329,1790939870.830370,0.282279,2.633209,-0.717109,0.011211,-0.026268,-0.673336,-0.738785,1.079,3.090,84.722,0.399418,0.155665,-0.191718,-0.566470,-0.141648,0.177327
1790939870.853328,1790939870.864961,0.276425,2.647326,-0.724505,0.013844,-0.018149,-0.673707,-0.738646,0.230,2.606,84.740,0.355663,0.215088,-0.198874,-0.397114,-0.518510,-0.043118
1790939870.888322,1790939870.898411,0.268865,2.661178,-0.731232,0.011859,-0.008535,-0.673646,-0.738910,-0.345,1.638,84.704,0.407517,0.281269,-0.177200,-0.321824,-0.583649,-0.001564
1790939870.922322,1790939870.931696,0.260142,2.677022,-0.737898,0.008877,-0.001515,-0.672816,-0.739755,-0.636,0.813,84.569,0.478660,0.305164,-0.209405,0.110799,-0.297976,-0.137403
1790939870.957322,1790939870.963950,0.251532,2.696243,-0.744044,0.007611,-0.000431,-0.671383,-0.741071,-0.613,0.622,84.347,0.707929,0.287118,-0.089129,-0.036827,0.053861,-0.380028
1790939870.992322,1790939870.999950,0.248975,2.720715,-0.742750,0.007746,-0.019176,-0.670014,-0.742061,0.814,2.226,84.174,0.600834,0.112802,-0.013858,0.299872,0.491224,0.455667
1790939871.027322,1790939871.031563,0.247974,2.738305,-0.744469,0.012100,-0.032030,-0.665970,-0.745192,1.414,3.661,83.619,0.451190,0.044252,-0.048120,-0.470862,-0.028862,-0.657544
1790939871.062322,1790939871.063802,0.248745,2.752911,-0.747447,0.014095,-0.034654,-0.662338,-0.748271,1.425,4.045,83.078,0.412557,-0.002490,-0.118309,-0.030726,0.039636,-0.111886
1790939871.085315,1790939871.096740,0.250294,2.761586,-0.751038,0.013285,-0.035108,-0.659980,-0.750344,1.517,4.027,82.721,0.374876,-0.070398,-0.168828,0.336317,0.017444,-0.144332
1790939871.131315,1790939871.134695,0.257019,2.775865,-0.760654,0.006161,-0.033444,-0.660079,-0.750426,2.004,3.344,82.729,0.311130,-0.158014,-0.208493,0.250626,-0.543871,0.095892
1790939871.154315,1790939871.163463,0.261710,2.782194,-0.765334,-0.002257,-0.030020,-0.660575,-0.750156,2.469,2.410,82.785,0.310091,-0.180805,-0.189207,0.134354,-0.620168,0.115021
1790939871.189308,1790939871.201855,0.269464,2.792301,-0.770903,-0.008720,-0.021940,-0.661369,-0.749689,2.413,1.224,82.863,0.371326,-0.220642,-0.185679,-0.101505,-0.468283,0.112511
1790939871.224308,1790939871.232449,0.279630,2.805328,-0.777415,-0.011409,-0.015151,-0.663516,-0.747922,2.130,0.431,83.163,0.464689,-0.185345,-0.139689,0.802996,0.431003,0.284913
1790939871.293302,1790939871.297829,0.290655,2.840333,-0.778316,0.004814,-0.022624,-0.668053,-0.743754,1.323,2.297,83.888,0.418835,0.005449,0.035874,-0.409832,-0.052032,0.523061
1790939871.328302,1790939871.331639,0.291660,2.854785,-0.780519,0.005223,-0.025721,-0.669727,-0.742143,1.532,2.589,84.162,0.409140,0.038346,-0.113271,0.471029,0.626049,0.028446
1790939871.351302,1790939871.363778,0.290645,2.864738,-0.783765,0.007449,-0.028571,-0.669993,-0.741780,1.563,3.002,84.219,0.433982,0.117774,-0.187802,-0.231026,0.324900,-0.035541
1790939871.398296,1790939871.401107,0.283929,2.884649,-0.792847,0.013000,-0.023031,-0.669803,-0.742068,0.663,2.958,84.157,0.404503,0.232260,-0.218410,-0.331137,-0.168053,-0.218124
1790939871.421296,1790939871.431533,0.278764,2.894792,-0.797622,0.014231,-0.014824,-0.669187,-0.742810,-0.075,2.354,84.029,0.408358,0.271764,-0.221288,-0.094778,-0.153993,-0.095187
1790939871.455296,1790939871.468083,0.270179,2.910511,-0.804505,0.011244,-0.005188,-0.668635,-0.743488,-0.561,1.304,83.925,0.464724,0.321921,-0.230825,-0.045017,-0.385349,-0.054248
1790939871.491290,1790939871.496794,0.260967,2.928515,-0.811589,0.008475,-0.002443,-0.666353,-0.745584,-0.538,0.856,83.572,0.540079,0.354753,-0.248695,0.110827,0.007963,-0.427480
1790939871.560290,1790939871.564243,0.254255,2.971243,-0.815528,0.009838,-0.033726,-0.661874,-0.748792,1.718,3.643,83.003,0.413848,0.046830,-0.069353,0.880311,0.605902,-0.162777
1790939871.595284,1790939871.598919,0.255164,2.987616,-0.817154,0.011497,-0.034375,-0.657634,-0.752465,1.603,3.833,82.359,0.446093,0.019267,-0.107403,0.262146,0.433543,-0.404782
1790939871.618284,1790939871.630843,0.255902,2.996638,-0.819419,0.013365,-0.037739,-0.655434,-0.754191,1.684,4.269,82.048,0.406252,0.009760,-0.149059,-0.266900,-0.195606,-0.244389
1790939871.653284,1790939871.665701,0.258675,3.008707,-0.826050,0.010453,-0.037276,-0.652869,-0.756481,1.888,4.017,81.657,0.322203,-0.076866,-0.237983,0.563384,-0.161417,-0.057871
1790939871.688281,1790939871.697629,0.263408,3.017518,-0.833204,0.001640,-0.031939,-0.652525,-0.757092,2.249,2.895,81.572,0.285003,-0.133082,-0.221097,0.279252,-0.642427,-0.052304
1790939871.722281,1790939871.730673,0.269712,3.026417,-0.839771,-0.007258,-0.025179,-0.653533,-0.756444,2.517,1.639,81.687,0.313161,-0.157209,-0.186335,-0.116842,-0.685962,0.102218
1790939871.757281,1790939871.764057,0.277756,3.037995,-0.846297,-0.010615,-0.015194,-0.655218,-0.755212,2.060,0.518,81.899,0.399354,-0.214120,-0.211006,-0.357386,-0.576299,0.199413
1790939871.792274,1790939871.797601,0.287242,3.053234,-0.851448,-0.006998,-0.010406,-0.660865,-0.750400,1.390,0.365,82.744,0.570303,-0.233110,-0.161686,-0.252193,0.245417,0.089261
1790939871.862274,1790939871.863870,0.294012,3.084676,-0.852104,0.007461,-0.015849,-0.663091,-0.748334,0.565,1.926,83.097,0.421635,0.016026,-0.054376,-0.383854,-0.117142,-0.084552
1790939871.885267,1790939871.897609,0.293782,3.095008,-0.854404,0.007997,-0.025026,-0.661818,-0.749204,1.213,2.756,82.941,0.443419,0.104268,-0.118758,-0.010025,0.061540,0.219688
1790939871.919267,1790939871.929610,0.290223,3.110166,-0.859907,0.011502,-0.025067,-0.663437,-0.747724,0.921,3.024,83.188,0.412782,0.205434,-0.192653,-0.521677,-0.094285,0.135411
1790939871.954268,1790939871.963493,0.283900,3.124119,-0.866617,0.013928,-0.017353,-0.663041,-0.748252,0.124,2.547,83.092,0.379225,0.255399,-0.195799,-0.539344,-0.574136,-0.161168
1790939871.989259,1790939871.998615,0.275657,3.138865,-0.873273,0.012257,-0.008173,-0.662305,-0.749090,-0.432,1.632,82.957,0.411648,0.309377,-0.183210,-0.308300,-0.653312,-0.048914
1790939872.024260,1790939872.029675,0.266586,3.155468,-0.879093,0.009327,-0.002501,-0.661495,-0.749888,-0.612,0.922,82.828,0.491722,0.332998,-0.203607,0.129799,-0.284473,-0.144262
1790939872.058259,1790939872.064612,0.257007,3.176998,-0.885285,0.006373,-0.005121,-0.653016,-0.757300,-0.170,0.921,81.541,0.758569,0.370535,-0.157065,-0.394811,0.278826,-0.171548
1790939872.128259,1790939872.131671,0.253997,3.217889,-0.885736,0.011089,-0.032154,-0.647578,-0.761240,1.422,3.630,80.820,0.436342,0.102652,-0.038610,-0.663193,-0.259426,-0.824756
1790939872.162259,1790939872.166808,0.253944,3.232668,-0.888721,0.013089,-0.034708,-0.641905,-0.765887,1.408,4.012,79.983,0.400440,0.042514,-0.122539,-0.083962,-0.003930,-0.296582
1790939872.186254,1790939872.196655,0.254698,3.240928,-0.892075,0.013490,-0.033485,-0.639448,-0.767986,1.270,3.938,79.607,0.361721,-0.002502,-0.168831,0.138808,-0.053586,-0.162800
1790939872.221254,1790939872.229604,0.258038,3.252010,-0.898764,0.007214,-0.032938,-0.639194,-0.768306,1.781,3.430,79.571,0.308457,-0.082375,-0.209462,0.160664,-0.600477,0.058400
1790939872.256254,1790939872.263626,0.263370,3.261334,-0.904995,-0.002435,-0.027734,-0.639831,-0.768012,2.250,2.263,79.640,0.294863,-0.127722,-0.200915,0.155417,-0.653152,0.120953
1790939872.290247,1790939872.297707,0.269722,3.271091,-0.910502,-0.009315,-0.019038,-0.641102,-0.767163,2.218,0.989,79.789,0.355498,-0.157500,-0.179269,-0.209640,-0.566735,0.189228
1790939872.395247,1790939872.399280,0.290325,3.316841,-0.919029,-0.007121,-0.009889,-0.650364,-0.759525,1.357,0.330,81.149,0.371059,0.070618,0.005736,0.771199,1.337911,0.121870
1790939872.429247,1790939872.431600,0.290695,3.331436,-0.920458,0.006619,-0.015681,-0.653590,-0.756658,0.601,1.856,81.650,0.408936,0.045680,-0.138475,0.724120,0.836792,-0.126582
1790939872.452247,1790939872.464501,0.289939,3.341441,-0.922903,0.008511,-0.020980,-0.654293,-0.755902,0.837,2.456,81.776,0.431353,0.124159,-0.162003,-0.124526,0.413008,0.053675
1790939872.487240,1790939872.497735,0.286009,3.356671,-0.928890,0.012255,-0.020642,-0.655453,-0.754855,0.491,2.707,81.948,0.416443,0.213837,-0.221284,-0.228244,-0.086880,-0.037198
1790939872.522240,1790939872.531466,0.279387,3.371710,-0.935587,0.012477,-0.011817,-0.654159,-0.756162,-0.195,1.960,81.723,0.399239,0.281160,-0.215795,-0.288985,-0.499148,0.011852
1790939872.557240,1790939872.563586,0.271401,3.387548,-0.942131,0.009127,-0.003084,-0.653170,-0.757150,-0.561,0.951,81.562,0.449493,0.323140,-0.215957,-0.228700,-0.567602,-0.091850
1790939872.592233,1790939872.598559,0.263220,3.406192,-0.948988,0.004880,-0.001075,-0.650134,-0.759804,-0.345,0.457,81.103,0.560898,0.354352,-0.249418,0.108760,0.096198,-0.415069
1790939872.661233,1790939872.665552,0.256639,3.452543,-0.952325,0.006814,-0.034237,-0.643544,-0.764613,1.932,3.504,80.231,0.397525,0.086031,-0.079649,0.515240,0.581762,-0.271531
1790939872.719226,1790939872.732541,0.257449,3.478999,-0.955790,0.011173,-0.036487,-0.638151,-0.768965,1.688,4.035,79.437,0.408067,0.030805,-0.148005,-0.234452,-0.096686,-0.100518
1790939872.754226,1790939872.763501,0.259833,3.491491,-0.961767,0.008911,-0.037404,-0.637296,-0.769659,1.951,3.953,79.318,0.355571,-0.051881,-0.215719,0.397423,-0.126319,0.014120
1790939872.789219,1790939872.798589,0.264579,3.501947,-0.968895,0.000491,-0.033885,-0.637857,-0.769409,2.438,3.025,79.383,0.320975,-0.117627,-0.217844,0.343867,-0.435799,0.102503
1790939872.824219,1790939872.832642,0.270625,3.511747,-0.975187,-0.007524,-0.026981,-0.641758,-0.766396,2.647,1.817,79.926,0.333030,-0.137434,-0.174796,-0.174791,-0.594156,0.384873
1790939872.858219,1790939872.864646,0.278481,3.523895,-0.980121,-0.010291,-0.016140,-0.647354,-0.761949,2.096,0.646,80.714,0.406015,-0.207037,-0.204686,-0.544143,-0.675354,0.439134
1790939872.893209,1790939872.896643,0.288494,3.539080,-0.984423,-0.009323,-0.012245,-0.653744,-0.756560,1.726,0.363,81.666,0.547424,-0.250959,-0.135788,-0.850250,-0.133089,0.517733
1790939872.963209,1790939872.964523,0.296806,3.571359,-0.984298,0.004938,-0.015683,-0.663120,-0.748333,0.769,1.720,83.102,0.448205,0.013296,-0.086991,-0.244342,0.009957,0.333048
1790939872.986203,1790939872.997503,0.297519,3.580803,-0.986772,0.004560,-0.026623,-0.664809,-0.746525,1.640,2.626,83.410,0.441103,0.067060,-0.153186,0.205189,0.160663,0.194878
1790939873.021203,1790939873.031662,0.295076,3.596411,-0.992690,0.007887,-0.025622,-0.666234,-0.745260,1.284,2.791,83.622,0.427543,0.179143,-0.189273,-0.629230,-0.113040,0.281491
1790939873.056203,1790939873.065595,0.289319,3.611008,-0.998974,0.011357,-0.017449,-0.669367,-0.742640,0.372,2.357,84.067,0.412466,0.236830,-0.212177,-0.438045,-0.326471,0.097702
1790939873.090199,1790939873.096632,0.282018,3.626178,-1.004928,0.010677,-0.009461,-0.671341,-0.741012,-0.179,1.625,84.349,0.450109,0.272070,-0.215054,-0.120515,-0.386948,0.087558
1790939873.125199,1790939873.130445,0.273310,3.644916,-1.011466,0.008197,-0.004684,-0.671762,-0.740707,-0.335,1.029,84.408,0.531915,0.300207,-0.228063,0.036191,-0.278558,-0.063796
1790939873.194199,1790939873.198005,0.261641,3.690083,-1.016507,0.006871,-0.020885,-0.668169,-0.743685,1.014,2.306,83.897,0.638973,0.153991,-0.041235,0.280953,0.513761,0.153217
1790939873.218199,1790939873.230742,0.260901,3.703161,-1.017775,0.010816,-0.031162,-0.665643,-0.745541,1.456,3.489,83.563,0.548705,0.134165,-0.011351,-0.506705,-0.292329,-0.352474
1790939873.253199,1790939873.264532,0.260320,3.720460,-1.019693,0.011067,-0.039327,-0.664433,-0.746230,2.054,4.209,83.438,0.472737,0.043626,-0.109330,-0.048826,0.139740,0.237028
1790939873.288193,1790939873.297554,0.260725,3.734601,-1.022733,0.011708,-0.036773,-0.666259,-0.744721,1.813,4.035,83.698,0.379280,0.000516,-0.177740,0.174510,-0.010161,0.063214
1790939873.322193,1790939873.329916,0.263090,3.746597,-1.028545,0.007313,-0.035049,-0.667620,-0.743641,2.063,3.548,83.897,0.314185,-0.080595,-0.198850,0.184836,-0.479215,0.023818
1790939873.357193,1790939873.363759,0.267203,3.756357,-1.034138,-0.003198,-0.026917,-0.668288,-0.743409,2.336,2.049,83.950,0.312091,-0.112270,-0.204016,-0.069205,-0.820543,0.198130
1790939873.392188,1790939873.397897,0.272590,3.767093,-1.039638,-0.008936,-0.018191,-0.669799,-0.742266,2.157,0.861,84.141,0.362682,-0.160390,-0.178421,-0.221006,-0.657973,0.102236
1790939873.426188,1790939873.431631,0.280898,3.781653,-1.046381,-0.011945,-0.008102,-0.672674,-0.739798,1.637,-0.234,84.555,0.481830,-0.170553,-0.214394,-0.122639,-0.081055,0.676337
1790939873.519188,1790939873.530517,0.289761,3.829255,-1.049041,0.008385,-0.015736,-0.688360,-0.725150,0.545,1.969,87.028,0.474892,0.015918,-0.171030,0.493760,1.003599,-0.064158
1790939873.554188,1790939873.563537,0.288331,3.845409,-1.054234,0.009792,-0.023521,-0.688310,-0.724970,1.043,2.727,87.053,0.466811,0.116379,-0.213487,-0.042642,0.193596,0.023140
1790939873.588180,1790939873.598907,0.282778,3.861789,-1.061863,0.014127,-0.019069,-0.689289,-0.724097,0.334,2.699,87.186,0.415749,0.211708,-0.252032,-0.306761,-0.163618,-0.147356
1790939873.624180,1790939873.631676,0.275383,3.876159,-1.069599,0.014574,-0.009655,-0.686576,-0.726848,-0.455,1.951,86.728,0.442317,0.271430,-0.255602,-0.132593,-0.342985,-0.117455
1790939873.658180,1790939873.667711,0.266294,3.892514,-1.077595,0.011743,-0.002057,-0.685839,-0.727655,-0.818,1.094,86.603,0.495119,0.312849,-0.251934,-0.137612,-0.334856,-0.023709
1790939873.693174,1790939873.696836,0.256382,3.911500,-1.084555,0.008927,0.000334,-0.684722,-0.728750,-0.772,0.673,86.427,0.586596,0.357213,-0.286259,0.092825,-0.140767,-0.289448
1790939873.763174,1790939873.765427,0.247192,3.958059,-1.089335,0.011981,-0.034004,-0.679945,-0.732376,1.648,3.790,85.802,0.544344,0.105444,-0.067478,0.698279,0.757320,-0.702162
1790939873.786168,1790939873.800895,0.246634,3.970664,-1.090443,0.014032,-0.034109,-0.676551,-0.735472,1.465,3.966,85.272,0.520909,0.046097,-0.116740,0.060592,0.220932,-0.227814
1790939873.820168,1790939873.833198,0.246592,3.987635,-1.094975,0.015765,-0.036859,-0.676053,-0.735762,1.531,4.333,85.214,0.453651,0.013154,-0.181028,-0.247085,-0.229262,-0.061033
1790939873.855168,1790939873.864462,0.248475,4.002129,-1.102316,0.013477,-0.036071,-0.676459,-0.735473,1.665,4.088,85.273,0.425071,-0.079827,-0.262973,0.459592,-0.036252,0.053605
1790939873.890162,1790939873.899142,0.253136,4.015378,-1.110090,0.005743,-0.035661,-0.674608,-0.737292,2.276,3.459,84.985,0.378346,-0.133133,-0.238083,0.273815,-0.442431,-0.154155
1790939873.924162,1790939873.932781,0.258915,4.027421,-1.115806,-0.002193,-0.029086,-0.676169,-0.736169,2.441,2.284,85.183,0.382843,-0.140541,-0.197429,-0.285742,-0.694655,0.075240
1790939873.960162,1790939873.963546,0.265627,4.041297,-1.121655,-0.004808,-0.019434,-0.677276,-0.735456,1.914,1.265,85.305,0.468093,-0.204578,-0.234592,-0.568027,-0.656805,0.310248
1790939873.995162,1790939874.000121,0.274324,4.058469,-1.127344,-0.004352,-0.013275,-0.683342,-0.729964,1.404,0.770,86.231,0.559318,-0.242430,-0.184114,-0.622889,-0.051825,0.199796
1790939874.018162,1790939874.030242,0.276186,4.070022,-1.126452,0.003231,-0.019350,-0.682413,-0.730703,1.243,1.873,86.106,0.488097,-0.121413,-0.081536,0.240718,1.078971,0.257674
1790939874.052162,1790939874.064454,0.277213,4.087124,-1.128229,0.007986,-0.012824,-0.686882,-0.726612,0.345,1.697,86.785,0.436601,0.051104,-0.077777,0.154423,0.205472,-0.080456
1790939874.087155,1790939874.099728,0.276410,4.103008,-1.132121,0.009652,-0.022321,-0.687424,-0.725849,0.957,2.618,86.907,0.479752,0.082507,-0.167014,-0.159864,0.124629,0.258907
1790939874.122155,1790939874.129595,0.272230,4.119557,-1.138088,0.013387,-0.023694,-0.689233,-0.724029,0.762,3.025,87.199,0.475982,0.198026,-0.226231,-0.632910,-0.058702,0.208675
1790939874.157155,1790939874.164592,0.265322,4.134457,-1.145159,0.015430,-0.015735,-0.688937,-0.724486,-0.039,2.525,87.118,0.428166,0.247063,-0.235296,-0.588918,-0.595389,-0.135206
1790939874.191150,1790939874.197901,0.256189,4.150472,-1.152661,0.013047,-0.006175,-0.688136,-0.725439,-0.598,1.542,86.969,0.451690,0.297325,-0.245036,-0.223874,-0.580894,-0.103970
1790939874.226150,1790939874.229806,0.246428,4.168155,-1.160157,0.009989,-0.001016,-0.687455,-0.726157,-0.751,0.871,86.858,0.549687,0.322700,-0.267665,0.003306,-0.360983,-0.088348
1790939874.319150,1790939874.330587,0.230362,4.229982,-1.168072,0.015063,-0.033989,-0.681124,-0.731223,1.394,4.027,85.986,0.594988,0.115635,-0.013964,-0.192395,0.133669,-0.259899
1790939874.354150,1790939874.366200,0.229179,4.247572,-1.169773,0.016960,-0.034194,-0.678909,-0.733230,1.239,4.196,85.639,0.486593,0.052618,-0.116300,0.030482,0.065408,-0.011081
1790939874.389140,1790939874.395717,0.229595,4.262842,-1.174709,0.016417,-0.034184,-0.677069,-0.734942,1.273,4.156,85.352,0.423654,-0.019601,-0.227338,0.220058,-0.090397,-0.160711
1790939874.423141,1790939874.430687,0.232497,4.276136,-1.182089,0.009690,-0.032928,-0.676537,-0.735609,1.740,3.529,85.263,0.384875,-0.094226,-0.235147,0.102976,-0.625902,0.133992
1790939874.458140,1790939874.465350,0.237410,4.287934,-1.189297,-0.000188,-0.028682,-0.677741,-0.734741,2.246,2.401,85.425,0.371982,-0.143153,-0.224365,0.086410,-0.730250,0.155207
1790939874.493133,1790939874.496932,0.243864,4.301620,-1.196504,-0.006277,-0.021773,-0.678643,-0.734119,2.222,1.344,85.529,0.438668,-0.171884,-0.224559,-0.155718,-0.556118,0.087806
1790939874.562133,1790939874.565912,0.257486,4.339448,-1.202045,-0.005459,-0.010987,-0.685882,-0.727609,1.319,0.487,86.624,0.450080,0.022299,0.045136,-0.314773,0.347543,-0.045136
1790939874.585133,1790939874.596429,0.258560,4.351766,-1.202081,-0.005459,-0.010987,-0.685882,-0.727609,1.319,0.487,86.624,0.478251,-0.013489,-0.072023,-0.314773,0.347543,-0.045136
1790939874.621133,1790939874.631531,0.258384,4.368057,-1.203306,0.008562,-0.020912,-0.689686,-0.723756,0.944,2.412,87.258,0.463599,0.025433,-0.179038,0.503887,0.620168,-0.154905
1790939874.655133,1790939874.664438,0.256097,4.385620,-1.208861,0.009054,-0.022662,-0.689847,-0.723544,1.042,2.596,87.292,0.493856,0.137281,-0.253433,-0.435467,-0.073156,0.212524
1790939874.690126,1790939874.696654,0.250601,4.402275,-1.216755,0.014178,-0.021610,-0.691634,-0.721785,0.541,2.912,87.570,0.461773,0.211442,-0.271649,-0.221306,-0.109101,-0.105028
1790939874.725126,1790939874.731617,0.242668,4.418596,-1.223508,0.014197,-0.011921,-0.690373,-0.723217,-0.234,2.112,87.334,0.468807,0.275763,-0.267790,-0.174511,-0.357914,-0.063365
1790939874.760126,1790939874.764697,0.233403,4.435843,-1.229587,0.011433,-0.004923,-0.689449,-0.724227,-0.560,1.312,87.175,0.540184,0.327371,-0.269227,-0.150686,-0.423074,-0.078464
1790939874.794119,1790939874.798531,0.222573,4.457533,-1.237113,0.007852,-0.001148,-0.687088,-0.726531,-0.563,0.714,86.800,0.639421,0.366604,-0.305315,0.188717,0.084165,-0.444311
1790939874.852119,1790939874.862815,0.213694,4.499014,-1.240690,0.011413,-0.031897,-0.681999,-0.730568,1.541,3.565,86.109,0.676827,0.085010,-0.206074,1.376013,0.659750,-0.388080
1790939874.887114,1790939874.897930,0.212745,4.518609,-1.242874,0.012676,-0.034285,-0.677881,-0.734262,1.601,3.872,85.481,0.525885,0.057784,-0.141656,0.174508,0.337753,-0.277518
1790939874.922113,1790939874.931601,0.212628,4.536462,-1.247232,0.014368,-0.037543,-0.676259,-0.735566,1.703,4.282,85.253,0.498028,0.018947,-0.189606,-0.319755,-0.202893,-0.197198
1790939874.956114,1790939874.965737,0.214505,4.551818,-1.253144,0.011570,-0.038635,-0.673945,-0.737680,2.011,4.163,84.903,0.429832,-0.065608,-0.257069,0.362107,-0.149751,-0.078049
1790939874.992105,1790939875.001079,0.218283,4.564904,-1.259488,0.003909,-0.033647,-0.674127,-0.737838,2.273,3.148,84.895,0.397480,-0.111215,-0.242136,0.267625,-0.425206,0.076779
1790939875.026106,1790939875.032787,0.223453,4.578393,-1.265528,-0.003254,-0.025373,-0.675346,-0.737057,2.240,1.892,85.033,0.433125,-0.133511,-0.224381,-0.160901,-0.567018,0.069518
1790939875.061105,1790939875.064412,0.229859,4.593619,-1.271849,-0.005476,-0.017110,-0.676738,-0.736005,1.789,1.018,85.211,0.502718,-0.211125,-0.259949,-0.375673,-0.579575,0.241165
1790939875.096106,1790939875.098365,0.238983,4.614212,-1.278376,-0.004254,-0.013124,-0.683769,-0.729568,1.384,0.764,86.297,0.649213,-0.258590,-0.236916,-0.516668,0.267965,0.634488
1790939875.119106,1790939875.130967,0.241332,4.627156,-1.278454,-0.002811,-0.016837,-0.684300,-0.729000,1.556,1.186,86.393,0.480952,-0.082234,-0.015993,1.367971,1.879333,-0.134009
1790939875.154106,1790939875.163640,0.242421,4.645314,-1.278929,0.007895,-0.015428,-0.693103,-0.720630,0.574,1.901,87.779,0.514107,0.048586,-0.065490,-0.541945,-0.450534,0.157280
1790939875.188099,1790939875.196451,0.241657,4.663507,-1.282366,0.009691,-0.023639,-0.692784,-0.720693,1.078,2.723,87.763,0.521753,0.079758,-0.194141,0.241750,0.223444,0.029426
1790939875.223099,1790939875.230047,0.237841,4.680896,-1.288622,0.013232,-0.024761,-0.693489,-0.719920,0.877,3.096,87.881,0.519700,0.189011,-0.257223,-0.577888,-0.090328,0.190286
1790939875.258099,1790939875.262768,0.230542,4.698225,-1.296923,0.015588,-0.018852,-0.692732,-0.720780,0.209,2.796,87.732,0.481623,0.249871,-0.244620,-0.617680,-0.623774,-0.209420
1790939875.293092,1790939875.298930,0.221943,4.714811,-1.304703,0.014024,-0.008302,-0.690203,-0.723433,-0.506,1.798,87.299,0.522286,0.304453,-0.264016,-0.362865,-0.511254,-0.016956
1790939875.328093,1790939875.330915,0.211874,4.734703,-1.313341,0.011746,-0.004240,-0.690245,-0.723467,-0.639,1.281,87.300,0.601907,0.332892,-0.282110,0.066211,-0.280064,-0.057810
1790939875.351093,1790939875.362497,0.204722,4.749113,-1.317760,0.010257,-0.003370,-0.688345,-0.725303,-0.587,1.089,86.999,0.569299,0.238089,-0.236846,0.157569,-0.016070,-0.936625
1790939875.421093,1790939875.428788,0.196835,4.796138,-1.319041,0.011922,-0.033547,-0.684953,-0.727717,1.643,3.736,86.586,0.621110,0.075788,-0.027194,-0.497748,-0.226460,-0.592693
1790939875.455092,1790939875.467701,0.195759,4.815220,-1.322130,0.014314,-0.034618,-0.680951,-0.731370,1.506,4.022,85.964,0.530261,0.037356,-0.179925,0.148794,0.233240,-0.120976
1790939875.490086,1790939875.497830,0.196228,4.831774,-1.327961,0.014719,-0.034308,-0.678240,-0.733891,1.432,4.033,85.537,0.477056,-0.024216,-0.252535,0.237585,0.032710,-0.145998
1790939875.525086,1790939875.531128,0.199419,4.846897,-1.336078,0.008966,-0.034350,-0.678241,-0.733981,1.920,3.588,85.540,0.434486,-0.104294,-0.260003,0.228375,-0.453972,0.008798
1790939875.559086,1790939875.565130,0.204384,4.861044,-1.342386,0.000236,-0.029737,-0.678908,-0.733621,2.296,2.519,85.614,0.426238,-0.134191,-0.246920,0.021576,-0.682889,0.075184
1790939875.594079,1790939875.598281,0.210203,4.875859,-1.347476,-0.004148,-0.022435,-0.679731,-0.733106,2.097,1.562,85.702,0.493902,-0.167468,-0.244020,-0.219382,-0.486238,0.115388
1790939875.687078,1790939875.696442,0.224891,4.927958,-1.355513,-0.002601,-0.013346,-0.688044,-0.725541,1.269,0.905,86.971,0.558378,0.044999,-0.103743,0.929553,1.313540,0.245242
1790939875.722079,1790939875.728832,0.223961,4.945985,-1.357256,0.008121,-0.016190,-0.690068,-0.723518,0.607,1.985,87.299,0.521968,0.058045,-0.186823,0.624398,0.558603,-0.321906
1790939875.757078,1790939875.762984,0.220915,4.963414,-1.361942,0.008207,-0.021704,-0.688891,-0.724493,1.033,2.450,87.136,0.523362,0.154886,-0.268201,0.577785,0.595584,-0.207842
1790939875.791071,1790939875.797441,0.214369,4.981438,-1.368130,0.013944,-0.020056,-0.690187,-0.723219,0.431,2.766,87.333,0.484725,0.236467,-0.281110,-0.281351,-0.208083,-0.093755
1790939875.826071,1790939875.828765,0.205681,4.998157,-1.374293,0.014103,-0.011007,-0.689060,-0.724483,-0.302,2.028,87.124,0.508980,0.308424,-0.279961,-0.291749,-0.410274,-0.052454
1790939875.861071,1790939875.863644,0.194669,5.017658,-1.381594,0.011471,-0.002541,-0.688043,-0.725575,-0.754,1.116,86.951,0.573400,0.351719,-0.276260,-0.181520,-0.502874,-0.102850
1790939875.953065,1790939875.964634,0.174147,5.083756,-1.393592,0.012598,-0.034940,-0.680168,-0.732114,1.671,3.916,85.844,0.606173,0.050315,-0.019480,0.353129,0.786137,-0.096913
1790939876.023058,1790939876.030847,0.172090,5.121729,-1.396894,0.015865,-0.036907,-0.671764,-0.739676,1.501,4.354,84.548,0.489456,0.033404,-0.226677,-0.097457,-0.103004,-0.313857
1790939876.058058,1790939876.062696,0.173420,5.136927,-1.403991,0.011548,-0.036225,-0.669335,-0.741988,1.801,3.969,84.169,0.426606,-0.051618,-0.301097,0.419961,-0.238408,-0.060888
1790939876.093058,1790939876.098674,0.176718,5.149988,-1.411328,0.004427,-0.031598,-0.669829,-0.741830,2.052,3.027,84.215,0.412981,-0.096187,-0.273957,0.227651,-0.596062,0.038654
1790939876.128058,1790939876.130986,0.181551,5.163440,-1.418247,-0.004556,-0.024794,-0.670572,-0.741416,2.294,1.757,84.291,0.448473,-0.115059,-0.255949,-0.143789,-0.672215,0.072080
1790939876.162058,1790939876.164862,0.188208,5.180341,-1.425571,-0.007804,-0.015489,-0.672178,-0.740187,1.855,0.713,84.498,0.525456,-0.186437,-0.284756,-0.455665,-0.617771,0.210621
1790939876.186058,1790939876.195835,0.193398,5.192879,-1.427654,-0.009093,-0.013572,-0.674808,-0.737813,1.819,0.444,84.899,0.730822,-0.158308,-0.207093,0.784499,0.503227,0.564351
1790939876.220058,1790939876.230346,0.198341,5.215646,-1.426844,-0.004067,-0.011921,-0.678867,-0.734154,1.270,0.686,85.526,0.614951,-0.030719,-0.073700,0.528480,0.968722,0.097964
1790939876.255058,1790939876.264491,0.198769,5.235137,-1.427381,0.007670,-0.013856,-0.685764,-0.727652,0.450,1.758,86.612,0.523252,0.059025,-0.121191,-0.539499,-0.446122,0.114240
1790939876.290051,1790939876.297902,0.197556,5.254742,-1.430899,0.009324,-0.023773,-0.685385,-0.727733,1.091,2.716,86.593,0.558874,0.096212,-0.222127,-0.045936,0.135917,0.198286
1790939876.324051,1790939876.329684,0.192836,5.274641,-1.437705,0.014079,-0.024720,-0.687289,-0.725827,0.777,3.166,86.897,0.565610,0.224926,-0.299072,-0.457394,-0.051318,0.242057
1790939876.359051,1790939876.362558,0.185398,5.292809,-1.445632,0.016133,-0.018295,-0.686856,-0.726384,0.097,2.794,86.798,0.525803,0.276502,-0.263259,-0.611500,-0.584807,-0.264085
1790939876.394042,1790939876.400323,0.176137,5.311673,-1.452059,0.014087,-0.009805,-0.685207,-0.728147,-0.406,1.925,86.513,0.546439,0.323124,-0.297083,-0.339528,-0.662468,-0.079826
1790939876.429042,1790939876.431720,0.166035,5.332322,-1.458368,0.009986,-0.003006,-0.683503,-0.729874,-0.600,1.034,86.236,0.644319,0.362610,-0.315153,0.303036,-0.245117,-0.255720
1790939876.452042,1790939876.463000,0.158296,5.348934,-1.463306,0.009101,-0.001430,-0.681198,-0.732041,-0.652,0.830,85.874,0.644067,0.285160,-0.209529,0.038615,0.046498,-0.579938
1790939876.522042,1790939876.529921,0.148783,5.401636,-1.464872,0.014119,-0.032776,-0.674670,-0.737257,1.344,3.864,84.969,0.697954,0.143669,-0.053906,-0.942106,-0.043126,0.003907
1790939876.556042,1790939876.566743,0.146988,5.422015,-1.468321,0.017282,-0.035778,-0.674442,-0.737258,1.309,4.363,84.954,0.594408,0.071803,-0.187165,0.107499,0.185480,0.057126
1790939876.591035,1790939876.597355,0.147172,5.440221,-1.473745,0.016556,-0.036011,-0.673801,-0.737849,1.385,4.327,84.857,0.520871,-0.003749,-0.284351,0.459313,-0.005100,-0.089549
1790939876.626035,1790939876.628743,0.149804,5.456782,-1.480108,0.010601,-0.035998,-0.673746,-0.738010,1.887,3.866,84.851,0.458980,-0.060493,-0.285487,0.144578,-0.613478,0.100752
1790939876.661035,1790939876.665010,0.154037,5.471338,-1.486005,0.000758,-0.030740,-0.674644,-0.737502,2.316,2.657,84.956,0.462433,-0.111853,-0.270934,0.118138,-0.650031,0.173057
1790939876.695028,1790939876.698702,0.159707,5.487704,-1.492078,-0.005603,-0.022463,-0.675688,-0.736824,2.214,1.463,85.072,0.532175,-0.147064,-0.272725,-0.130237,-0.399090,0.057710
1790939876.789028,1790939876.797630,0.171551,5.543482,-1.499510,0.007758,-0.022527,-0.686777,-0.726478,1.128,2.487,86.806,0.510109,0.066840,-0.132412,-0.386106,-0.444173,0.378389
1790939876.823028,1790939876.831501,0.170299,5.561179,-1.498856,0.007501,-0.021940,-0.687473,-0.725840,1.106,2.417,86.913,0.537518,0.079749,-0.200718,0.276752,0.335970,0.016829
1790939876.858028,1790939876.864600,0.166543,5.579601,-1.502460,0.009858,-0.024442,-0.688640,-0.724625,1.112,2.809,87.110,0.542629,0.180903,-0.274517,-0.051033,0.480190,0.029954
1790939876.893020,1790939876.897091,0.159588,5.597351,-1.508820,0.013491,-0.022370,-0.689508,-0.723807,0.649,2.923,87.236,0.504225,0.259241,-0.303703,-0.209711,-0.097021,-0.134392
1790939876.927020,1790939876.929759,0.149479,5.615521,-1.515908,0.014540,-0.011889,-0.688643,-0.724857,-0.270,2.135,87.060,0.502696,0.323757,-0.271878,-0.432438,-0.424096,-0.021432
1790939876.951020,1790939876.962585,0.142612,5.627337,-1.520269,0.012168,-0.003978,-0.688293,-0.725320,-0.698,1.290,86.991,0.552967,0.354902,-0.273771,-0.224206,-0.529399,-0.088552
1790939877.055015,1790939877.062562,0.117255,5.702801,-1.528749,0.010648,-0.035782,-0.679789,-0.732457,1.898,3.836,85.792,0.555808,0.036707,-0.079299,-0.250259,-0.123310,-0.932771
1790939877.090006,1790939877.098987,0.117636,7.989340,-1.527972,0.013097,-0.036843,-0.665448,-0.745419,1.695,4.149,83.573,0.571194,0.115832,-0.108270,0.178773,0.257925,-0.348239
1790939877.125006,1790939877.130720,0.114941,8.015785,-1.530837,0.014695,-0.035724,-0.663001,-0.747621,1.459,4.181,83.187,0.512502,0.089747,-0.192804,-0.105672,-0.096113,-0.276329
1790939877.160006,1790939877.162680,0.113160,8.043454,-1.536674,0.012226,-0.034584,-0.660737,-0.749721,1.572,3.900,82.834,0.484006,0.022440,-0.244384,0.219640,-0.305144,-0.082854
1790939877.194000,1790939877.196788,0.112618,8.074953,-1.543944,0.004284,-0.028827,-0.660740,-0.750049,1.817,2.803,82.800,0.507744,-0.017096,-0.234978,0.239483,-0.556075,0.116644
1790939877.229000,1790939877.231216,0.112962,8.108771,-1.547933,-0.003457,-0.021763,-0.662625,-0.748627,1.950,1.605,83.053,0.562174,-0.015769,-0.198355,-0.109510,-0.735646,0.243552
1790939877.252000,1790939877.265767,0.113610,8.136265,-1.550406,-0.007343,-0.014609,-0.666317,-0.745489,1.743,0.687,83.591,0.607717,-0.027610,-0.245311,0.618558,0.043652,0.566403
1790939877.321994,1790939877.330859,0.108221,8.240984,-1.553362,0.009357,-0.016620,-0.671412,-0.740839,0.485,2.131,84.380,0.948500,0.087922,-0.185680,1.190165,1.824194,0.323385
1790939877.390986,1790939877.396850,0.099314,8.364438,-1.560970,0.012232,-0.040033,-0.677285,-0.734529,2.084,4.323,85.435,1.008422,0.219016,-0.140044,0.302042,0.725827,0.312255
1790939877.460986,1790939877.463451,0.078829,8.493702,-1.567348,0.021735,-0.050869,-0.687079,-0.724474,2.213,5.945,87.080,1.002402,0.322319,-0.132492,-0.388013,-0.015151,0.448416
1790939877.495979,1790939877.499028,0.066697,8.557723,-1.570403,0.025304,-0.049441,-0.692138,-0.719625,1.845,6.095,87.867,1.004492,0.313527,-0.131773,-0.243811,-0.030863,0.441558
1790939877.518979,1790939877.529718,0.058214,8.601697,-1.572932,0.027868,-0.047991,-0.698003,-0.713941,1.568,6.167,88.791,1.007863,0.294724,-0.115677,-0.157825,-0.004667,0.501386
1790939877.553979,1790939877.563834,0.046576,8.664236,-1.576240,0.028127,-0.045748,-0.703566,-0.708598,1.412,5.993,89.666,0.976425,0.259607,-0.105460,-0.122597,-0.154453,0.531080
1790939877.587972,1790939877.595888,0.035003,8.727648,-1.580056,0.027123,-0.042647,-0.710608,-0.701770,1.298,5.647,90.781,0.967662,0.215426,-0.102773,-0.090906,-0.207683,0.532293
1790939877.622972,1790939877.630019,0.024598,8.787592,-1.583985,0.024847,-0.039484,-0.717000,-0.695510,1.269,5.195,91.801,0.954638,0.174207,-0.117593,0.006205,-0.232836,0.450937
1790939877.657972,1790939877.664806,0.014879,8.845512,-1.584644,0.021900,-0.037020,-0.721582,-0.690992,1.332,4.748,92.536,0.943118,0.145292,-0.129411,-0.019509,-0.283669,0.414331
1790939877.691966,1790939877.697840,0.004518,8.904146,-1.586514,0.017075,-0.032689,-0.728039,-0.684543,1.391,3.992,93.576,0.922848,0.128987,-0.140871,-0.010393,-0.408803,0.489908
1790939877.726966,1790939877.729533,-0.005791,8.959220,-1.588640,0.012428,-0.028499,-0.733974,-0.678466,1.433,3.263,94.542,0.928009,0.121069,-0.152528,-0.011918,-0.436203,0.607656
1790939877.761966,1790939877.764760,-0.016862,9.014591,-1.591352,0.007250,-0.023261,-0.741239,-0.670799,1.420,2.405,95.742,0.978603,0.123115,-0.149924,-0.115889,-0.325036,0.638929
1790939877.785959,1790939877.796710,-0.024720,9.051332,-1.593363,0.005479,-0.019090,-0.749747,-0.661426,1.226,1.918,97.183,1.020144,0.108130,-0.159260,-0.150891,-0.168772,0.792400
1790939877.819959,1790939877.831129,-0.037516,9.108041,-1.597006,0.006504,-0.016869,-0.762040,-0.647277,0.991,1.819,99.327,1.098216,0.094090,-0.170450,-0.128789,0.050529,1.362027
1790939877.854959,1790939877.864678,-0.050919,9.163985,-1.598415,0.007041,-0.015615,-0.776294,-0.630139,0.881,1.754,101.879,1.152176,0.046561,-0.165266,0.019968,-0.053037,1.512912
1790939877.889952,1790939877.896597,-0.064938,9.222081,-1.599470,0.005154,-0.016119,-0.788366,-0.614974,1.093,1.602,104.102,1.204635,0.017199,-0.156477,0.033833,-0.146383,0.954428
1790939877.924952,1790939877.930630,-0.079841,9.278192,-1.600615,0.003450,-0.014601,-0.794674,-0.606851,1.090,1.330,105.278,1.262073,0.020705,-0.165774,-0.081985,-0.078860,0.088925
1790939877.958952,1790939877.962588,-0.095498,9.334774,-1.602476,0.004323,-0.012055,-0.794013,-0.607765,0.796,1.233,105.145,1.345763,0.005390,-0.156291,-0.143080,0.032900,-0.184049
1790939877.993946,1790939877.997998,-0.111584,9.396125,-1.605098,0.007314,-0.012260,-0.792233,-0.610052,0.602,1.521,104.812,1.427259,-0.021625,-0.154415,-0.016224,0.255135,-0.200787
1790939878.016946,1790939878.030041,-0.121234,9.434778,-1.606914,0.010482,-0.013887,-0.791356,-0.611108,0.526,1.923,104.656,1.461248,-0.041518,-0.141734,-0.010510,0.302806,-0.078444
1790939878.051946,1790939878.063092,-0.135927,9.498084,-1.609312,0.014461,-0.017218,-0.791385,-0.610904,0.550,2.518,104.680,1.513344,-0.085080,-0.134492,0.053574,0.291623,0.060650
1790939878.086944,1790939878.096983,-0.148717,9.558434,-1.609823,0.017316,-0.021564,-0.792237,-0.609587,0.749,3.080,104.867,1.533292,-0.130855,-0.126626,0.125509,0.246388,0.095316
1790939878.121944,1790939878.130251,-0.160908,9.620247,-1.611392,0.019530,-0.026226,-0.793695,-0.607436,1.028,3.604,105.177,1.553915,-0.156095,-0.117392,0.108833,0.260970,0.125092
1790939878.156944,1790939878.164690,-0.172688,9.679467,-1.613488,0.021048,-0.030055,-0.794961,-0.605549,1.281,4.006,105.449,1.553659,-0.161537,-0.096404,0.125793,0.209145,0.104935
1790939878.190938,1790939878.196987,-0.185163,9.740364,-1.616517,0.021466,-0.033169,-0.796450,-0.603412,1.547,4.257,105.760,1.535724,-0.159294,-0.088236,0.074368,0.044586,0.146614
1790939878.225938,1790939878.228848,-0.197831,9.796717,-1.619790,0.021806,-0.034503,-0.797319,-0.602176,1.653,4.377,105.939,1.519471,-0.138897,-0.086555,0.079213,0.092721,0.017746
1790939878.260938,1790939878.264877,-0.211075,9.851121,-1.622003,0.022289,-0.035451,-0.796999,-0.602527,1.704,4.488,105.889,1.489127,-0.111062,-0.075634,-0.015932,-0.009732,-0.003955
1790939878.294930,1790939878.298614,-0.225397,9.906386,-1.622324,0.021878,-0.035389,-0.797041,-0.602491,1.727,4.446,105.895,1.444666,-0.091804,-0.085324,0.015645,-0.057447,0.020274
1790939878.318930,1790939878.331094,-0.234692,9.938817,-1.622688,0.020009,-0.033436,-0.797234,-0.602412,1.678,4.140,105.909,1.416965,-0.078573,-0.097575,-0.077727,-0.257387,0.013970
1790939878.352931,1790939878.365419,-0.250077,9.989741,-1.624253,0.017710,-0.030618,-0.797592,-0.602159,1.580,3.734,105.948,1.388456,-0.058070,-0.104449,-0.067550,-0.197492,0.055293
1790939878.387922,1790939878.398097,-0.265556,10.036509,-1.626031,0.015885,-0.028070,-0.798021,-0.601766,1.474,3.390,106.006,1.385483,-0.045821,-0.106375,-0.080076,-0.204601,0.014664
1790939878.422922,1790939878.430920,-0.282168,10.083931,-1.628384,0.013791,-0.024547,-0.798144,-0.601809,1.296,2.955,106.000,1.397272,-0.037773,-0.113009,-0.093368,-0.218892,0.001892
1790939878.457922,1790939878.463687,-0.299241,10.129937,-1.631147,0.012013,-0.021702,-0.798061,-0.602065,1.157,2.597,105.964,1.420039,-0.038871,-0.123145,-0.050487,-0.169031,-0.029972
1790939878.492912,1790939878.497769,-0.317512,10.179446,-1.630461,0.010796,-0.019911,-0.798060,-0.602152,1.077,2.362,105.952,1.462084,-0.054813,-0.123766,0.018513,-0.054283,0.003080
1790939878.527912,1790939878.531109,-0.335582,10.227223,-1.630286,0.010635,-0.019508,-0.798273,-0.601886,1.052,2.319,105.990,1.509280,-0.066457,-0.126186,-0.005736,-0.009969,0.019627
1790939878.561912,1790939878.563610,-0.354625,10.277397,-1.631249,0.011492,-0.020522,-0.798209,-0.601921,1.085,2.467,105.984,1.549062,-0.068162,-0.124979,0.068202,0.151893,-0.038583
1790939878.584905,1790939878.595619,-0.367930,10.311019,-1.632166,0.012812,-0.021832,-0.798285,-0.601747,1.115,2.678,106.008,1.573149,-0.063226,-0.119201,0.053463,0.170176,-0.027928
1790939878.619905,1790939878.628936,-0.388374,10.360890,-1.634101,0.014658,-0.023663,-0.798255,-0.601676,1.156,2.974,106.016,1.607018,-0.049111,-0.103779,0.037258,0.182902,-0.000116
1790939878.654905,1790939878.665747,-0.410892,10.414136,-1.636912,0.016821,-0.025168,-0.798155,-0.601691,1.144,3.276,106.011,1.625585,-0.034569,-0.088945,-0.027611,0.146752,0.019250
1790939878.689897,1790939878.695957,-0.433469,10.464149,-1.637020,0.019161,-0.027035,-0.797999,-0.601747,1.153,3.619,105.999,1.626645,-0.030196,-0.090501,0.059187,0.189641,-0.023051
1790939878.723897,1790939878.728687,-0.457465,10.515103,-1.636720,0.020544,-0.028489,-0.797904,-0.601760,1.191,3.846,105.995,1.615757,-0.025945,-0.084170,0.035192,0.100173,-0.020811
1790939878.758897,1790939878.764769,-0.481910,10.565352,-1.637388,0.021245,-0.029211,-0.797909,-0.601695,1.209,3.960,106.003,1.604966,-0.016565,-0.078049,0.030030,0.040346,0.023898
1790939878.793890,1790939878.799806,-0.507212,10.614769,-1.638604,0.021339,-0.029577,-0.797982,-0.601577,1.237,3.993,106.020,1.590830,-0.004893,-0.076230,0.022821,0.001468,-0.021240
1790939878.828890,1790939878.830673,-0.532695,10.661751,-1.640398,0.021012,-0.029541,-0.797986,-0.601585,1.256,3.961,106.020,1.573950,0.012388,-0.078592,0.024606,-0.033673,-0.002231
1790939878.851890,1790939878.864780,-0.550531,10.692909,-1.641933,0.019872,-0.028610,-0.797993,-0.601659,1.249,3.792,106.011,1.562267,0.027269,-0.081573,-0.005031,-0.123638,0.007238
1790939878.886883,1790939878.898056,-0.578198,10.739444,-1.643159,0.018221,-0.027154,-0.798102,-0.601635,1.230,3.541,106.018,1.549493,0.043191,-0.089590,-0.007870,-0.149859,-0.001144
1790939878.921883,1790939878.930851,-0.606261,10.783835,-1.642078,0.016616,-0.025481,-0.798303,-0.601487,1.188,3.278,106.041,1.553161,0.057287,-0.094731,-0.010128,-0.112833,0.002105
1790939878.955883,1790939878.967035,-0.636803,10.830855,-1.642068,0.015428,-0.023827,-0.798349,-0.601526,1.118,3.055,106.037,1.566532,0.082064,-0.100352,-0.024462,-0.100169,-0.008977
1790939878.990876,1790939878.997181,-0.668148,10.874863,-1.642631,0.014808,-0.022363,-0.798408,-0.601519,1.027,2.898,106.037,1.592833,0.102779,-0.103911,-0.010979,-0.028397,-0.003652
1790939879.025876,1790939879.029050,-0.700840,10.919260,-1.643836,0.014778,-0.021622,-0.798472,-0.601463,0.961,2.844,106.045,1.618063,0.110884,-0.102361,-0.011284,-0.022963,0.002546
1790939879.059876,1790939879.063951,-0.735401,10.967158,-1.646114,0.014982,-0.021293,-0.798586,-0.601317,0.917,2.839,106.065,1.644023,0.111555,-0.103454,0.006171,0.023434,-0.004447
1790939879.094869,1790939879.097965,-0.769773,11.012266,-1.647045,0.015663,-0.021742,-0.798702,-0.601130,0.912,2.932,106.091,1.664670,0.124899,-0.099898,0.017380,0.059985,0.006023
1790939879.117869,1790939879.131055,-0.793878,11.042611,-1.646065,0.016529,-0.022360,-0.798764,-0.601001,0.910,3.054,106.108,1.671855,0.140744,-0.095239,0.016936,0.065573,0.003766
1790939879.152869,1790939879.164747,-0.831018,11.088780,-1.645586,0.017638,-0.022936,-0.798868,-0.600810,0.887,3.195,106.133,1.679497,0.165906,-0.089030,0.004361,0.065589,-0.008725
1790939879.187863,1790939879.195940,-0.869049,11.132648,-1.645698,0.018493,-0.023362,-0.799034,-0.600547,0.868,3.303,106.169,1.680752,0.184054,-0.086419,0.011716,0.080509,-0.000741
1790939879.222863,1790939879.230914,-0.909380,11.178810,-1.646926,0.019434,-0.023663,-0.799058,-0.600474,0.831,3.410,106.177,1.675496,0.204360,-0.083806,0.027535,0.040429,0.004075
1790939879.257863,1790939879.264004,-0.949498,11.220838,-1.648572,0.019935,-0.023787,-0.799242,-0.600207,0.809,3.464,106.214,1.667737,0.226030,-0.081902,0.008633,0.013097,-0.012410
1790939879.291857,1790939879.295934,-0.992308,11.262930,-1.650911,0.020072,-0.023559,-0.799460,-0.599922,0.780,3.461,106.254,1.658704,0.250676,-0.080841,-0.013531,-0.027308,0.001041
1790939879.326857,1790939879.329468,-1.035419,11.302628,-1.649109,0.020015,-0.022998,-0.799710,-0.599612,0.734,3.416,106.298,1.655514,0.278103,-0.082364,-0.000671,-0.012618,0.003770
1790939879.349857,1790939879.362769,-1.065515,11.328921,-1.648457,0.019945,-0.022239,-0.799943,-0.599332,0.670,3.357,106.337,1.657458,0.296914,-0.083977,-0.012454,-0.016295,0.003279
1790939879.384851,1790939879.396844,-1.112621,11.370220,-1.648491,0.019944,-0.021482,-0.800182,-0.599041,0.602,3.305,106.378,1.660111,0.322580,-0.084217,-0.008479,-0.020319,0.004215
1790939879.419851,1790939879.429183,-1.159333,11.407887,-1.649009,0.019929,-0.020899,-0.800396,-0.598775,0.550,3.264,106.415,1.663350,0.345146,-0.084756,-0.001079,-0.017287,0.000093
1790939879.453851,1790939879.463064,-1.208052,11.446490,-1.650418,0.019958,-0.020352,-0.800669,-0.598429,0.499,3.228,106.464,1.669717,0.369463,-0.085796,0.002831,-0.008923,-0.002385
1790939879.489845,1790939879.499604,-1.257109,11.483137,-1.652322,0.020141,-0.019920,-0.800943,-0.598070,0.449,3.215,106.515,1.676203,0.396609,-0.085556,-0.002325,0.009432,-0.002345
1790939879.523845,1790939879.530989,-1.309880,11.522010,-1.651909,0.020478,-0.019578,-0.801221,-0.597697,0.396,3.223,106.567,1.680058,0.424639,-0.084555,0.002260,0.013255,-0.000154
1790939879.558845,1790939879.563054,-1.361717,11.557788,-1.650633,0.020747,-0.019333,-0.801452,-0.597387,0.356,3.231,106.610,1.680434,0.451625,-0.083668,0.006910,0.009035,0.000659
1790939879.593838,1790939879.601941,-1.415997,11.594414,-1.650371,0.020962,-0.018886,-0.801758,-0.596983,0.302,3.220,106.666,1.676276,0.485706,-0.087920,-0.001948,0.006293,0.013265
1790939879.616838,1790939879.629043,-1.453289,11.617662,-1.651119,0.022691,-0.017637,-0.802547,-0.595897,0.073,3.293,106.814,1.659322,0.560188,-0.125293,-0.291768,0.015343,0.044534
1790939879.651838,1790939879.666700,-1.512582,11.651567,-1.654427,0.024753,-0.007371,-0.802477,-0.596124,-1.014,2.781,106.761,1.623561,0.689441,-0.165578,-0.571911,-0.291249,-0.160403
1790939879.685832,1790939879.696831,-1.576633,11.684125,-1.658744,0.027805,0.002145,-0.801150,-0.597813,-2.104,2.406,106.496,1.654677,0.830663,-0.129988,-0.598655,-0.209298,-0.145651
1790939879.720832,1790939879.730874,-1.644696,11.716887,-1.660826,0.030722,0.009182,-0.799054,-0.600403,-2.958,2.182,106.102,1.694992,0.937660,-0.087463,-0.417404,-0.040928,-0.416745
1790939879.755832,1790939879.763224,-1.712401,11.750800,-1.657561,0.033657,0.008341,-0.795407,-0.605083,-3.098,2.490,105.411,1.772184,0.826248,0.093965,0.110409,0.216971,0.119767
1790939879.790825,1790939879.797414,-1.774557,11.789187,-1.653024,0.027817,-0.014924,-0.793884,-0.607249,-0.579,3.571,105.157,1.721398,0.700787,0.020636,1.407998,0.521398,0.016168
1790939879.824825,1790939879.830191,-1.837940,11.824664,-1.651806,0.027683,-0.017904,-0.791999,-0.609631,-0.310,3.766,104.816,1.643967,0.744896,-0.056213,-0.619825,-0.302053,-0.432491
1790939879.860825,1790939879.862793,-1.899035,11.859838,-1.653759,0.026554,-0.011393,-0.788182,-0.614764,-0.843,3.203,104.070,1.620517,0.669521,-0.157042,0.489450,0.162464,-0.449664
1790939879.895818,1790939879.898769,-1.956110,11.893366,-1.657528,0.020114,-0.015041,-0.784262,-0.619922,-0.077,2.877,103.349,1.570661,0.612286,-0.170661,0.784209,-0.008126,-0.458449
1790939879.918818,1790939879.929991,-1.993751,11.916330,-1.660193,0.014320,-0.019501,-0.780530,-0.624650,0.720,2.678,102.677,1.576076,0.620474,-0.159256,0.396443,-0.128390,-0.428046
1790939879.952818,1790939879.963889,-2.050417,11.953270,-1.658772,0.010196,-0.025161,-0.775059,-0.631305,1.499,2.727,101.708,1.597617,0.650146,-0.120514,0.225435,0.111784,-0.455799
1790939879.987811,1790939879.996049,-2.106233,11.989491,-1.657116,0.011019,-0.024815,-0.770738,-0.636573,1.390,2.784,100.925,1.588168,0.693465,-0.093245,-0.177110,-0.083522,-0.561728
1790939880.022811,1790939880.030013,-2.163581,12.028742,-1.657340,0.011728,-0.022828,-0.763340,-0.645487,1.131,2.715,99.590,1.564344,0.660170,-0.161076,0.732184,0.384931,-0.717239
1790939880.091801,1790939880.097922,-2.289775,12.102252,-1.651574,0.016246,-0.006860,-0.759027,-0.650821,-0.615,1.925,98.767,1.642197,1.018300,-0.120037,0.345989,0.301011,0.036863
1790939880.161801,1790939880.164898,-2.429718,12.183011,-1.652223,0.023748,-0.014493,-0.751600,-0.659032,-0.546,3.141,97.494,1.618350,1.330841,-0.104485,0.103363,0.471847,-0.910338
1790939880.219794,1790939880.231016,-2.560449,12.248150,-1.651353,0.030799,-0.004800,-0.731942,-0.680653,-2.003,2.959,94.107,1.461649,1.617265,-0.065393,-0.184816,-0.101495,-0.751564
1790939880.254794,1790939880.264111,-2.641453,12.285259,-1.651521,0.031262,0.000091,-0.726096,-0.686883,-2.472,2.595,93.123,1.426144,1.736848,-0.049453,-0.249687,-0.170562,-0.585965
1790939880.323785,1790939880.328913,-2.810195,12.363506,-1.649975,0.023295,0.010490,-0.716913,-0.696694,-2.723,1.076,91.613,1.421778,1.676650,-0.005330,0.771967,-0.147991,-0.294881
1790939880.358785,1790939880.362933,-2.891283,12.404827,-1.648102,0.020723,-0.004657,-0.712734,-0.701113,-1.285,2.067,90.919,1.358987,1.701517,-0.079492,-0.102542,-0.173650,-0.410017
1790939880.393777,1790939880.396897,-2.969673,12.444916,-1.646246,0.023072,-0.006735,-0.705266,-0.708536,-1.330,2.412,89.707,1.298034,1.669439,-0.074136,-0.006514,-0.014363,-0.535450
1790939880.427777,1790939880.429967,-3.049026,12.486942,-1.646060,0.021459,-0.008263,-0.700547,-0.713236,-1.092,2.399,88.949,1.236221,1.610165,-0.120663,0.183043,-0.130869,-0.175217
1790939880.450777,1790939880.462714,-3.098915,12.513434,-1.646314,0.015837,-0.009766,-0.698959,-0.714920,-0.516,2.069,88.697,1.205491,1.571453,-0.145982,0.380931,-0.170470,-0.024534
1790939880.485770,1790939880.495990,-3.171576,12.552640,-1.646931,0.010434,-0.010772,-0.698257,-0.715690,0.006,1.719,88.587,1.195352,1.569411,-0.139518,0.183966,-0.210173,-0.121535
1790939880.555770,1790939880.565322,-3.324459,12.634862,-1.642674,0.010506,0.008272,-0.693849,-0.719997,-1.525,0.153,87.879,1.213340,1.798572,-0.097937,-0.181596,0.261650,-0.091933
1790939880.590763,1790939880.595913,-3.407212,12.682516,-1.639362,0.013408,0.004079,-0.692815,-0.720979,-1.432,0.728,87.708,1.292356,1.824636,-0.113584,-0.112125,0.067956,0.052897
1790939880.625763,1790939880.628958,-3.488517,12.730045,-1.637412,0.014452,-0.003672,-0.693352,-0.720445,-0.902,1.452,87.793,1.314874,1.943628,-0.111961,0.219423,0.333974,0.066731
1790939880.659763,1790939880.665844,-3.575818,12.779794,-1.636987,0.015942,-0.008636,-0.693900,-0.719843,-0.629,1.980,87.887,1.295447,2.074889,-0.111183,-0.038887,0.130633,0.012682
1790939880.682757,1790939880.695942,-3.635330,12.812798,-1.637139,0.018314,-0.008025,-0.693521,-0.720159,-0.874,2.118,87.825,1.299508,2.137011,-0.103949,-0.055421,0.127140,-0.020539
1790939880.717757,1790939880.729952,-3.726574,12.863246,-1.638175,0.020906,-0.007824,-0.692829,-0.720756,-1.106,2.307,87.714,1.277248,2.201821,-0.081828,-0.100275,0.071853,-0.022218
1790939880.752758,1790939880.765444,-3.819340,12.914302,-1.639779,0.022863,-0.007117,-0.692156,-0.721350,-1.327,2.402,87.606,1.263623,2.214194,-0.070895,-0.113993,0.025168,-0.043054
1790939880.786755,1790939880.795850,-3.908427,12.964417,-1.636556,0.024222,-0.006332,-0.691593,-0.721854,-1.503,2.444,87.515,1.254871,2.196501,-0.063403,-0.068896,0.006680,-0.019995
1790939880.821755,1790939880.828863,-3.996042,13.015005,-1.634372,0.025131,-0.005758,-0.691386,-0.722026,-1.625,2.468,87.481,1.249073,2.164812,-0.057614,-0.017456,0.004830,-0.000828
1790939880.856755,1790939880.862653,-4.085967,13.068636,-1.633511,0.025024,-0.005880,-0.691348,-0.722064,-1.606,2.470,87.475,1.239698,2.148537,-0.053737,0.023171,-0.046117,0.023789
1790939880.891748,1790939880.897921,-4.172126,13.120205,-1.633111,0.024110,-0.005701,-0.691176,-0.722262,-1.545,2.382,87.448,1.229253,2.182667,-0.058508,0.039282,-0.074405,-0.007124
1790939880.926748,1790939880.929637,-4.261185,13.173982,-1.633683,0.023203,-0.004910,-0.690964,-0.722500,-1.534,2.244,87.414,1.232067,2.234591,-0.062191,-0.001934,-0.070295,-0.006801
1790939880.961748,1790939880.963603,-4.348662,13.227536,-1.634876,0.022844,-0.004270,-0.690706,-0.722762,-1.555,2.162,87.372,1.244879,2.275470,-0.060473,0.011154,-0.026634,-0.005115
1790939880.984741,1790939880.996772,-4.410439,13.265718,-1.632733,0.022307,-0.003624,-0.690349,-0.723123,-1.563,2.065,87.315,1.243406,2.287678,-0.066758,0.008343,-0.069590,-0.003810
1790939881.018742,1790939881.029903,-4.500232,13.321772,-1.630633,0.021435,-0.003368,-0.690261,-0.723235,-1.511,1.975,87.301,1.245674,2.291108,-0.079122,0.024217,-0.064080,0.039106
1790939881.053741,1790939881.063767,-4.585510,13.376809,-1.630353,0.019128,-0.005398,-0.691485,-0.722117,-1.156,1.963,87.497,1.240585,2.215995,-0.134700,0.324950,0.004008,0.249848
1790939881.088735,1790939881.097839,-4.670211,13.433180,-1.631553,0.015713,-0.009363,-0.694546,-0.719216,-0.550,2.023,87.991,1.211179,2.147615,-0.144685,0.308125,-0.034391,0.275692
1790939881.123735,1790939881.130075,-4.749637,13.486623,-1.632592,0.010432,-0.012129,-0.697987,-0.715932,0.114,1.830,88.547,1.199308,2.081169,-0.141716,0.352094,-0.161972,0.347332
1790939881.192729,1790939881.196733,-4.917402,13.595449,-1.626701,0.009759,-0.005617,-0.709133,-0.704985,-0.332,1.247,90.333,1.207512,2.343678,-0.091956,-0.668418,-0.078083,0.758798
1790939881.227729,1790939881.230819,-5.007787,13.649436,-1.623348,0.012154,0.011277,-0.713101,-0.700865,-1.898,0.087,90.990,1.267755,2.390508,-0.160174,-0.194306,-0.114027,0.028219
1790939881.285722,1790939881.297861,-5.162086,13.742419,-1.624203,0.015980,0.014249,-0.711515,-0.702344,-2.449,0.156,90.740,1.266733,2.592941,-0.072290,-0.269781,0.040231,-0.093076
1790939881.320722,1790939881.329772,-5.258075,13.799237,-1.624867,0.020464,0.016581,-0.710259,-0.703448,-3.001,0.329,90.544,1.275484,2.658201,-0.028939,-0.326814,0.125802,-0.128606
1790939881.355722,1790939881.363617,-5.353529,13.854992,-1.626150,0.027454,0.018537,-0.707672,-0.705765,-3.726,0.727,90.131,1.247192,2.743228,-0.000050,-0.473195,0.176482,-0.176707
1790939881.389715,1790939881.395805,-5.452540,13.910860,-1.626670,0.032323,0.020005,-0.704587,-0.708599,-4.244,0.985,89.638,1.190717,2.786295,0.012002,-0.110944,0.157084,-0.087686
1790939881.424716,1790939881.429149,-5.548615,13.965208,-1.625184,0.034016,0.016372,-0.703094,-0.710094,-4.092,1.409,89.382,1.042134,2.755462,0.039202,0.340659,-0.007415,-0.757909
1790939881.459715,1790939881.463246,-5.646170,14.019505,-1.620392,0.033172,0.014864,-0.701363,-0.711877,-3.905,1.454,89.098,1.021590,2.670690,0.118857,0.563549,0.052162,-0.941877
1790939881.494709,1790939881.497985,-5.737037,14.072763,-1.619184,0.013692,0.021143,-0.688538,-0.724763,-2.807,-0.676,87.080,1.055766,2.758690,-0.004373,-0.508731,-1.066751,-0.051884
1790939881.517709,1790939881.529935,-5.800019,14.112528,-1.619366,0.012502,0.025886,-0.686385,-0.726670,-3.079,-1.172,86.765,1.153940,2.653082,-0.064327,0.103417,0.071090,-0.021878
1790939881.551709,1790939881.565108,-5.885770,14.172981,-1.620141,0.014056,0.019944,-0.685427,-0.727732,-2.740,-0.559,86.584,1.262387,2.580484,-0.060910,0.282492,0.476887,-0.138804
1790939881.587702,1790939881.597532,-5.967494,14.236277,-1.621401,0.014889,0.009575,-0.684204,-0.729076,-1.995,0.367,86.357,1.293239,2.490028,-0.071886,0.527951,0.497187,-0.102252
1790939881.621702,1790939881.629034,-6.051040,14.303317,-1.618382,0.015438,-0.003272,-0.683352,-0.729919,-1.035,1.483,86.212,1.296696,2.448220,-0.114153,0.521338,0.592062,-0.050991
1790939881.656702,1790939881.664850,-6.127485,14.366506,-1.616705,0.016103,-0.013285,-0.681593,-0.731433,-0.312,2.372,85.953,1.278916,2.405336,-0.126167,0.314146,0.460860,-0.155083
1790939881.691694,1790939881.696745,-6.204082,14.430837,-1.617535,0.019069,-0.025737,-0.678104,-0.734267,0.396,3.650,85.458,1.264185,2.334853,-0.201645,0.345144,0.672379,-0.371995
1790939881.726694,1790939881.729072,-6.279067,14.491074,-1.618109,0.020295,-0.036996,-0.671439,-0.739857,1.130,4.703,84.496,1.045511,2.493548,-0.188672,-0.669592,-1.038533,-0.148200
1790939881.760695,1790939881.764759,-6.367981,14.550968,-1.616712,0.019532,-0.023273,-0.656576,-0.753648,0.064,3.482,82.127,0.917806,2.794376,-0.098117,-1.327078,-1.445132,-0.655207
1790939881.783688,1790939881.796792,-6.425079,14.590532,-1.616982,0.013737,-0.007297,-0.648937,-0.760683,-0.655,1.658,80.925,0.914384,2.831438,-0.160092,0.522265,0.072204,-0.492042
1790939881.818688,1790939881.831662,-6.511230,14.653270,-1.615939,0.013612,-0.003941,-0.648822,-0.760808,-0.894,1.356,80.905,1.054515,2.999784,-0.093396,-0.186647,0.185580,0.001440
1790939881.853688,1790939881.862918,-6.604115,14.722502,-1.613415,0.021201,-0.002299,-0.649509,-0.760054,-1.676,1.778,81.005,1.164979,3.145310,-0.037940,-0.712009,0.314541,0.162975
1790939881.888682,1790939881.895947,-6.699326,14.794000,-1.612215,0.032914,-0.001415,-0.651632,-0.757819,-2.756,2.582,81.321,1.198813,3.217898,0.013520,-0.439883,0.438993,0.104658
1790939881.923682,1790939881.929930,-6.796886,14.866100,-1.612053,0.043947,-0.002392,-0.652137,-0.756823,-3.642,3.494,81.390,1.190816,3.293804,0.105238,-0.556666,0.324651,-0.078519
1790939881.958682,1790939881.964982,-6.892181,14.934091,-1.612334,0.050975,-0.002888,-0.650679,-0.757634,-4.225,4.055,81.164,1.040716,3.264549,0.143920,0.246252,0.132062,-0.185342
1790939881.992676,1790939881.995571,-6.988451,14.998476,-1.613582,0.046834,-0.001448,-0.646005,-0.761894,-3.993,3.596,80.463,0.878759,3.181929,0.136716,-0.075701,-0.723511,-0.497597
1790939882.027676,1790939882.030620,-7.076392,15.056761,-1.610588,0.027915,0.007282,-0.637546,-0.769872,-2.997,1.397,79.221,0.762324,3.079709,0.008429,0.506305,-1.169118,-0.372538
1790939882.050676,1790939882.062816,-7.137823,15.098598,-1.609183,0.017188,0.015525,-0.632954,-0.773843,-2.651,-0.130,78.565,0.841998,3.103334,-0.062614,0.085812,-0.117458,-0.418553
1790939882.085669,1790939882.097746,-7.223753,15.163569,-1.606979,0.013250,0.016414,-0.633040,-0.773831,-2.366,-0.494,78.581,0.961913,2.962924,-0.029818,0.267950,0.060390,0.219192
1790939882.120669,1790939882.130031,-7.302006,15.229596,-1.605193,0.011632,0.011135,-0.635051,-0.772303,-1.840,-0.139,78.862,1.063587,2.865452,-0.059424,0.466507,0.402918,0.117401
1790939882.154669,1790939882.164031,-7.379461,15.298162,-1.604210,0.009516,0.002799,-0.637351,-0.770510,-1.045,0.448,79.190,1.102318,2.803936,-0.089454,0.350316,0.213881,0.122465
1790939882.189663,1790939882.195683,-7.452222,15.364472,-1.604179,0.007976,-0.004423,-0.637986,-0.769994,-0.380,0.973,79.284,1.109109,2.752687,-0.120802,0.263273,0.247105,0.000703
1790939882.224663,1790939882.230936,-7.527560,15.434239,-1.603935,0.008404,-0.012418,-0.636745,-0.770928,0.164,1.710,79.112,1.125007,2.682611,-0.185387,0.650228,0.585613,-0.122462
1790939882.282655,1790939882.297890,-7.651010,15.546912,-1.594895,0.014052,-0.015004,-0.640858,-0.767384,-0.134,2.352,79.729,1.154715,2.972844,-0.119524,-0.518529,-0.450095,0.071460
1790939882.317655,1790939882.328615,-7.731761,15.614821,-1.593251,0.013392,-0.004311,-0.641069,-0.767354,-0.861,1.363,79.742,1.121127,2.988619,-0.102836,-0.791091,-0.824523,0.348948
1790939882.352655,1790939882.364733,-7.812407,15.683375,-1.594302,0.014065,-0.002350,-0.641346,-0.767119,-1.064,1.240,79.783,1.234598,3.136229,-0.118397,-0.297587,-0.138631,-0.051375
1790939882.386649,1790939882.396991,-7.901882,15.758930,-1.595923,0.019277,-0.001477,-0.640210,-0.767957,-1.589,1.544,79.611,1.308074,3.270542,-0.074723,-0.478912,0.233619,-0.094749
1790939882.421649,1790939882.431000,-7.988391,15.833470,-1.597348,0.029028,-0.000846,-0.638793,-0.768831,-2.498,2.200,79.396,1.335457,3.355676,0.016745,-0.366149,0.353126,-0.133652
1790939882.456649,1790939882.462606,-8.079223,15.910486,-1.593691,0.037329,-0.002680,-0.636745,-0.770165,-3.105,2.962,79.085,1.302238,3.433473,0.061863,-0.339056,0.433481,-0.104708
1790939882.490643,1790939882.496965,-8.172256,15.986847,-1.591767,0.044780,-0.001766,-0.635553,-0.770755,-3.836,3.419,78.902,1.244474,3.496961,0.115417,-0.269615,0.218866,-0.057264
1790939882.525643,1790939882.530870,-8.261349,16.058578,-1.590330,0.045904,-0.002354,-0.635149,-0.771021,-3.895,3.551,78.841,1.082951,3.413160,0.132931,0.446426,-0.310600,-0.311599
1790939882.560643,1790939882.563882,-8.349965,16.128262,-1.588481,0.037478,0.003695,-0.632632,-0.773536,-3.595,2.390,78.481,1.043103,3.226885,0.122705,0.547457,-0.782837,-0.387745
1790939882.583636,1790939882.596730,-8.405080,16.173096,-1.588401,0.023224,0.007452,-0.627246,-0.778439,-2.609,1.005,77.699,0.984708,3.218709,-0.002774,-0.573729,-0.961146,-0.102425
1790939882.618636,1790939882.631492,-8.487586,16.244228,-1.589409,0.019669,0.010934,-0.625063,-0.780250,-2.543,0.431,77.387,1.131153,3.148127,-0.031916,0.331996,-0.219584,-0.071685
1790939882.653636,1790939882.662734,-8.564817,16.317148,-1.587214,0.015694,0.008188,-0.626197,-0.779464,-1.990,0.395,77.548,1.216339,3.034940,-0.053970,0.387662,0.214061,0.115453
1790939882.688629,1790939882.699683,-8.637324,16.392044,-1.583880,0.012310,-0.000930,-0.627791,-0.778284,-1.031,0.969,77.773,1.260920,2.930624,-0.085983,0.596059,0.289416,0.134448
1790939882.722629,1790939882.730646,-8.704166,16.465128,-1.581450,0.008600,-0.010728,-0.629205,-0.777118,0.008,1.576,77.992,1.270403,2.876034,-0.134184,0.428710,0.258320,0.098913
1790939882.757629,1790939882.763637,-8.769201,16.538067,-1.579669,0.007460,-0.016036,-0.629602,-0.776717,0.493,1.966,78.065,1.277743,2.844047,-0.143660,0.125157,0.195905,-0.035980
1790939882.792623,1790939882.797303,-8.835763,16.616489,-1.580397,0.008733,-0.020156,-0.628967,-0.777121,0.676,2.425,77.985,1.336994,2.841936,-0.143033,0.159270,0.251112,-0.216235
1790939882.827623,1790939882.829956,-8.903397,16.691730,-1.576400,0.012951,-0.028199,-0.632053,-0.774304,0.895,3.442,78.475,1.191384,3.053754,0.009744,-0.635847,-0.895978,0.200012
1790939882.850623,1790939882.862648,-8.952842,16.743702,-1.574256,0.010443,-0.016043,-0.631147,-0.775427,0.232,2.181,78.291,1.205827,3.072547,-0.139381,-0.087324,-1.343236,0.262734
1790939882.884616,1790939882.895604,-9.023508,16.820206,-1.570476,0.007286,-0.012154,-0.631169,-0.775516,0.232,1.607,78.285,1.358030,3.168949,-0.208364,0.130096,-0.053548,0.245267
1790939882.919616,1790939882.928959,-9.097585,16.901133,-1.568466,0.010610,-0.006890,-0.631568,-0.775217,-0.444,1.380,78.334,1.406878,3.307335,-0.121745,-0.344866,0.108259,0.012815
1790939882.954616,1790939882.964354,-9.181480,16.989679,-1.567590,0.019734,-0.004040,-0.630492,-0.775934,-1.464,1.785,78.169,1.457410,3.441463,-0.055152,-0.732167,0.150312,-0.101605
1790939882.989609,1790939882.995629,-9.262014,17.075541,-1.567217,0.029614,-0.001415,-0.628110,-0.777560,-2.540,2.258,77.812,1.457159,3.501169,0.024546,-0.441403,0.224756,-0.148724
1790939883.024609,1790939883.029485,-9.347611,17.163990,-1.567689,0.039339,0.000473,-0.626303,-0.778586,-3.550,2.782,77.541,1.443245,3.565330,0.111860,-0.502956,0.218446,-0.123016
1790939883.059609,1790939883.064544,-9.433716,17.251036,-1.566736,0.043000,-0.000094,-0.624351,-0.779959,-3.845,3.086,77.250,1.325297,3.508130,0.129353,0.215544,-0.056974,-0.374579
1790939883.093601,1790939883.097845,-9.516803,17.334581,-1.561336,0.038802,0.003963,-0.617950,-0.785250,-3.778,2.392,76.323,1.242222,3.292194,0.201600,0.759972,-0.509182,-0.716379
1790939883.117600,1790939883.128622,-9.565032,17.386612,-1.557834,0.023130,0.001067,-0.610102,-0.791984,-2.175,1.520,75.189,1.165796,3.319270,-0.011048,0.589618,-0.411487,-0.482560
1790939883.151601,1790939883.163986,-9.646005,17.471359,-1.555282,0.021705,0.010921,-0.609677,-0.792277,-2.735,0.525,75.146,1.272840,3.269136,-0.016205,0.476098,0.178241,-0.215326
1790939883.186595,1790939883.195733,-9.717033,17.554277,-1.553940,0.018152,0.009846,-0.610604,-0.791667,-2.336,0.377,75.278,1.358103,3.126605,-0.041573,0.452600,0.162770,0.149308
1790939883.221595,1790939883.230982,-9.783097,17.638494,-1.553403,0.013929,0.002633,-0.611927,-0.790787,-1.447,0.738,75.457,1.437511,3.013717,-0.072748,0.549540,0.203631,-0.022904
1790939883.255595,1790939883.262714,-9.850455,17.727840,-1.553768,0.008957,-0.006880,-0.612485,-0.790402,-0.328,1.252,75.541,1.467577,2.925408,-0.122735,0.583986,0.242860,0.045175
1790939883.290588,1790939883.296798,-9.910886,17.812407,-1.549183,0.005067,-0.016015,-0.612228,-0.790503,0.665,1.806,75.525,1.474283,2.882677,-0.155716,0.354263,0.293658,-0.088358
1790939883.325588,1790939883.330566,-9.971385,17.900349,-1.545970,0.004942,-0.022595,-0.610901,-0.791369,1.135,2.396,75.357,1.502864,2.818716,-0.196671,0.195166,0.376573,-0.177784
1790939883.360589,1790939883.364310,-10.032627,17.987072,-1.541153,0.006495,-0.033578,-0.608435,-0.792867,1.755,3.506,75.058,1.493760,3.188037,0.063691,1.156731,0.658777,0.190995
1790939883.395581,1790939883.397955,-10.103264,18.078775,-1.537558,0.012613,-0.019905,-0.617332,-0.786350,0.272,2.687,76.275,1.506350,3.045433,-0.087456,-0.220413,-0.262039,-0.196266
1790939883.418581,1790939883.430982,-10.145655,18.136684,-1.536859,0.011351,-0.018385,-0.618380,-0.785582,0.281,2.460,76.423,1.610371,3.113629,-0.144493,-0.014464,0.070597,0.326154
1790939883.453581,1790939883.462550,-10.217627,18.230825,-1.537496,0.012397,-0.016978,-0.619142,-0.784998,0.089,2.408,76.529,1.682064,3.235864,-0.117373,-0.266035,0.098214,0.038822
1790939883.487574,1790939883.496555,-10.293454,18.327904,-1.534890,0.018655,-0.014849,-0.618638,-0.785315,-0.627,2.660,76.445,1.703179,3.367427,-0.059406,-0.660415,-0.071225,0.050555
1790939883.522574,1790939883.530800,-10.373178,18.426661,-1.531395,0.027133,-0.012458,-0.619605,-0.784346,-1.557,3.048,76.574,1.762729,3.449131,0.022262,-0.436849,0.300398,0.068010
1790939883.557574,1790939883.564792,-10.455266,18.526304,-1.528700,0.036822,-0.011382,-0.618824,-0.784584,-2.509,3.637,76.448,1.752388,3.525006,0.089421,-0.630656,0.243579,-0.119513
1790939883.592568,1790939883.596067,-10.536133,18.621529,-1.526736,0.041408,-0.009950,-0.617306,-0.785570,-3.032,3.828,76.220,1.622318,3.501479,0.142827,-0.102332,-0.070277,-0.165364
1790939883.626568,1790939883.628832,-10.620176,18.715538,-1.525096,0.038295,-0.002606,-0.618078,-0.785179,-3.267,2.948,76.334,1.560088,3.427343,0.161057,0.182690,-0.437685,-0.155753
1790939883.650568,1790939883.665873,-10.671940,18.775646,-1.522762,0.024297,0.002882,-0.613531,-0.789292,-2.402,1.448,75.687,1.535888,3.311206,0.094633,0.427471,-0.816542,-0.073988
1790939883.685560,1790939883.696955,-10.746020,18.866539,-1.519913,0.019137,0.001701,-0.614765,-0.788476,-1.850,1.195,75.867,1.681831,3.248083,-0.034003,0.078713,0.098170,0.026538
1790939883.719561,1790939883.728949,-10.822431,18.964354,-1.515218,0.019018,0.001714,-0.615565,-0.787855,-1.839,1.187,75.983,1.738214,3.106924,-0.005399,0.163631,0.009866,0.146352
1790939883.754560,1790939883.761950,-10.889447,19.057243,-1.511719,0.015706,-0.002837,-0.617661,-0.786282,-1.215,1.367,76.288,1.794103,2.979020,-0.047155,0.439562,0.093658,0.119291
1790939883.789553,1790939883.796061,-10.955080,19.152756,-1.509412,0.010199,-0.009762,-0.619438,-0.784919,-0.224,1.602,76.556,1.838955,2.879969,-0.091808,0.479800,0.111104,0.091260
1790939883.824553,1790939883.830042,-11.016637,19.245140,-1.507917,0.005474,-0.015778,-0.620663,-0.783899,0.631,1.807,76.752,1.866900,2.822758,-0.121146,0.307501,0.126499,0.107684
1790939883.858553,1790939883.863036,-11.080486,19.342493,-1.507221,0.003972,-0.020307,-0.621918,-0.782809,1.092,2.105,76.952,1.924810,2.739877,-0.145893,0.259855,0.283805,0.036614
1790939883.893545,1790939883.897045,-11.140361,19.436762,-1.503203,0.003333,-0.026501,-0.620968,-0.783381,1.588,2.617,76.842,1.970466,3.086796,0.118519,0.484114,0.927798,-0.470304
1790939883.916545,1790939883.928744,-11.184396,19.502247,-1.496884,0.010298,-0.022785,-0.631349,-0.775096,0.735,2.770,78.346,2.019900,2.892619,-0.064692,-0.141158,0.039290,-0.004259
1790939883.962545,1790939883.964739,-11.273748,19.634756,-1.490600,0.004134,-0.026519,-0.625699,-0.779603,1.534,2.666,77.536,2.043842,2.943792,-0.119116,0.712797,0.064862,-0.343962
1790939883.986535,1790939883.995845,-11.316645,19.698587,-1.488567,-0.000024,-0.027803,-0.623785,-0.781102,1.992,2.488,77.265,2.068447,3.063717,-0.161796,0.024333,0.017024,-0.055372
1790939884.021535,1790939884.029058,-11.393045,19.805780,-1.486881,0.004456,-0.025911,-0.625445,-0.779825,1.461,2.636,77.495,2.157649,3.222461,-0.149362,-0.383737,0.221645,0.265169
1790939884.056535,1790939884.064672,-11.469107,19.909967,-1.486733,0.014622,-0.025295,-0.629863,-0.776156,0.526,3.307,78.135,2.250964,3.331720,-0.086326,-0.709422,0.440719,0.409631
1790939884.090528,1790939884.096688,-11.552030,20.018522,-1.487764,0.029022,-0.021952,-0.634430,-0.772123,-0.974,4.056,78.783,2.290232,3.409979,0.034122,-0.753802,0.280720,0.208608
1790939884.125528,1790939884.128487,-11.637572,20.126356,-1.483671,0.038399,-0.020594,-0.635886,-0.770552,-1.896,4.621,78.985,2.163340,3.404442,0.143092,-0.087087,0.078111,-0.207782
1790939884.160527,1790939884.163699,-11.720856,20.225859,-1.478767,0.038681,-0.013892,-0.631746,-0.774085,-2.432,4.036,78.351,2.024561,3.339747,0.254457,-0.319627,-1.238778,-0.273823
1790939884.183521,1790939884.196160,-11.777349,20.294201,-1.475057,0.026992,-0.005977,-0.626021,-0.779316,-1.984,2.471,77.507,2.018604,3.228700,0.094276,0.661835,-0.360973,-0.280929
1790939884.218521,1790939884.230545,-11.853614,20.392603,-1.471873,0.020308,-0.005561,-0.627199,-0.778574,-1.413,1.956,77.684,2.118355,3.181762,0.033050,0.154951,-0.083520,0.159813
1790939884.252521,1790939884.263528,-11.930105,20.495062,-1.470339,0.020204,-0.004960,-0.629486,-0.776733,-1.441,1.899,78.021,2.193974,3.054873,0.017457,0.194762,0.163729,0.018040
1790939884.287514,1790939884.298106,-12.002464,20.597637,-1.469815,0.018047,-0.008603,-0.630907,-0.775601,-0.983,2.070,78.235,2.235137,2.920773,-0.017675,0.441574,0.246157,0.195260
1790939884.322514,1790939884.328748,-12.069070,20.697006,-1.466003,0.013841,-0.013348,-0.634567,-0.772628,-0.255,2.189,78.788,2.275879,2.818570,-0.028521,0.268306,-0.002191,0.371893
1790939884.356514,1790939884.363716,-12.136189,20.798595,-1.461380,0.009439,-0.017108,-0.639541,-0.768509,0.423,2.199,79.541,2.325472,2.721717,-0.058138,0.296783,-0.029861,0.419041
1790939884.392508,1790939884.395916,-12.199282,20.896963,-1.457726,0.006758,-0.019940,-0.643854,-0.764859,0.880,2.247,80.198,2.370743,2.631515,-0.077917,0.200652,0.040587,0.424226
1790939884.426508,1790939884.430033,-12.263906,21.001450,-1.456092,0.004264,-0.024044,-0.648313,-0.760982,1.416,2.414,80.888,2.444751,2.480591,-0.148207,0.625085,0.207410,0.229420
1790939884.449508,1790939884.463600,-12.308002,21.069178,-1.451638,0.005616,-0.023204,-0.653666,-0.756407,1.253,2.433,81.692,2.530973,2.659562,0.087112,-0.222630,0.419875,0.320914
1790939884.484501,1790939884.495659,-12.377273,21.174988,-1.447826,0.009462,-0.021523,-0.655905,-0.754477,0.800,2.573,82.022,2.582594,2.716572,-0.030246,0.194741,0.148030,-0.097155
1790939884.519501,1790939884.528872,-12.445485,21.278679,-1.445409,0.006950,-0.024727,-0.655897,-0.754413,1.259,2.661,82.037,2.610286,2.778504,-0.072902,0.155625,-0.094630,0.268158
1790939884.554502,1790939884.563669,-12.517873,21.384773,-1.440793,0.008500,-0.027742,-0.658539,-0.751987,1.363,3.033,82.455,2.704857,2.911070,-0.070893,-0.161233,0.316184,0.293495
1790939884.588494,1790939884.596364,-12.600569,21.499062,-1.437628,0.016067,-0.028932,-0.662359,-0.748455,0.820,3.703,83.042,2.765866,3.035165,-0.010845,-0.423518,0.412677,0.217588
1790939884.623494,1790939884.630666,-12.683235,21.607643,-1.435789,0.027040,-0.026582,-0.663641,-0.747090,-0.294,4.336,83.218,2.779878,3.134711,0.073466,-0.722721,0.246740,-0.005928
1790939884.658494,1790939884.664244,-12.771415,21.718771,-1.434313,0.034898,-0.024812,-0.663614,-0.746849,-1.104,4.783,83.199,2.750243,3.184197,0.164039,-0.603167,0.175834,0.173653
1790939884.692494,1790939884.696130,-12.862164,21.826267,-1.432710,0.036642,-0.021101,-0.660175,-0.749921,-1.558,4.590,82.654,2.553337,3.179817,0.210036,-0.609659,-0.663090,-0.364940
1790939884.716494,1790939884.728942,-12.917280,21.891655,-1.430643,0.030030,-0.010548,-0.655368,-0.754638,-1.808,3.169,81.896,2.541907,3.098960,0.150223,0.514135,-0.133169,-0.425961
1790939884.751494,1790939884.763759,-13.004778,21.999411,-1.424131,0.024199,-0.011107,-0.654481,-0.755609,-1.264,2.778,81.765,2.596214,3.025859,0.099957,0.031791,-0.155282,0.120342
1790939884.786484,1790939884.795991,-13.086238,22.102413,-1.419306,0.022863,-0.010048,-0.654722,-0.755457,-1.227,2.586,81.800,2.594161,2.938025,0.067091,0.026341,-0.176023,-0.112563
1790939884.820484,1790939884.832760,-13.166355,22.207699,-1.415895,0.020174,-0.011888,-0.653672,-0.756416,-0.859,2.542,81.646,2.630968,2.803508,0.039748,0.256453,-0.102985,0.069165
1790939884.855484,1790939884.863044,-13.240940,22.309391,-1.413790,0.014184,-0.014958,-0.654746,-0.755567,-0.106,2.360,81.820,2.641723,2.704406,-0.006458,0.375695,-0.168446,0.110065
1790939884.890478,1790939884.898245,-13.317737,22.417015,-1.412663,0.008085,-0.019976,-0.655308,-0.755054,0.801,2.336,81.925,2.689783,2.623085,-0.052309,0.515554,0.094721,0.001784
1790939884.925478,1790939884.930644,-13.388567,22.518814,-1.411793,0.005609,-0.025359,-0.654790,-0.755364,1.419,2.617,81.873,2.716000,2.585329,-0.049309,0.311503,0.304960,-0.098595
1790939884.959478,1790939884.962883,-13.460252,22.623831,-1.406483,0.005265,-0.030556,-0.653606,-0.756200,1.835,3.044,81.724,2.723668,2.526182,-0.082258,0.195707,0.277755,-0.080516
1790939884.994478,1790939884.997996,-13.534738,22.728390,-1.399759,0.005091,-0.035449,-0.652420,-0.757011,2.213,3.458,81.579,2.756232,2.684108,0.032960,0.498608,0.854694,-0.520901
1790939885.017478,1790939885.030676,-13.584425,22.794704,-1.395591,0.009441,-0.023123,-0.659916,-0.750924,0.937,2.705,82.640,2.699325,2.727673,0.050092,-0.426838,-0.730119,-0.561328
1790939885.052478,1790939885.063770,-13.666670,22.902937,-1.391909,0.005782,-0.025796,-0.655386,-0.754832,1.439,2.667,81.966,2.745017,2.778237,-0.083694,0.628150,0.295123,-0.141128
1790939885.087467,1790939885.097859,-13.751081,23.010401,-1.391027,0.004592,-0.029441,-0.654168,-0.755762,1.812,2.895,81.803,2.790426,2.979729,-0.066159,-0.154463,0.119134,-0.052941
1790939885.122467,1790939885.129819,-13.838776,23.116276,-1.390524,0.011694,-0.026436,-0.654165,-0.755799,0.970,3.168,81.781,2.811413,3.122776,-0.045938,-0.399789,0.369990,-0.042745
1790939885.157467,1790939885.163986,-13.931087,23.221884,-1.387913,0.021222,-0.025206,-0.652933,-0.756698,0.046,3.776,81.581,2.761765,3.255977,0.036881,-0.740694,0.156535,-0.043684
1790939885.191460,1790939885.196870,-14.032559,23.332563,-1.384045,0.030138,-0.019332,-0.652370,-0.757054,-1.172,3.933,81.464,2.702456,3.314543,0.133724,-0.435077,0.269492,-0.189548
1790939885.226460,1790939885.231399,-14.130807,23.434401,-1.380450,0.038332,-0.015087,-0.650522,-0.758370,-2.213,4.172,81.165,2.600464,3.383129,0.214568,-0.635116,-0.090163,-0.148287
1790939885.261460,1790939885.263721,-14.234940,23.537533,-1.377657,0.043409,-0.011004,-0.649065,-0.759414,-2.968,4.190,80.932,2.469082,3.385372,0.276684,-0.113251,0.007103,-0.035612
1790939885.284460,1790939885.295667,-14.302787,23.601837,-1.376168,0.037479,-0.008318,-0.641873,-0.765849,-2.683,3.489,79.852,2.361861,3.339121,0.176359,0.245396,-0.678956,-0.601924
1790939885.319460,1790939885.329952,-14.400737,23.697096,-1.371399,0.021618,-0.000908,-0.632667,-0.774122,-1.853,1.648,78.490,2.290748,3.287677,0.074730,0.309437,-0.392770,-0.622406
1790939885.353460,1790939885.363794,-14.497913,23.794905,-1.368391,0.016782,0.002885,-0.627532,-0.778404,-1.705,0.949,77.736,2.319865,3.284731,0.046808,-0.058250,-0.151501,-0.301871
1790939885.388451,1790939885.396489,-14.589656,23.891600,-1.363526,0.014875,0.003701,-0.625287,-0.780245,-1.596,0.735,77.407,2.394914,3.177653,0.013571,0.159766,0.048011,0.179710
1790939885.423451,1790939885.429627,-14.680059,23.992842,-1.359746,0.013313,-0.002930,-0.625699,-0.779945,-0.980,1.217,77.465,2.463651,3.074273,0.005560,0.341243,0.336201,0.025575
1790939885.458451,1790939885.462764,-14.765151,24.091413,-1.356937,0.011236,-0.011366,-0.626804,-0.779013,-0.187,1.822,77.638,2.485347,2.992832,-0.022977,0.449595,0.353949,0.131549
1790939885.493445,1790939885.496954,-14.853971,24.195015,-1.355474,0.008718,-0.021125,-0.626680,-0.778942,0.740,2.512,77.651,2.464994,2.951937,-0.049746,0.348867,0.281489,-0.020302
1790939885.528445,1790939885.530743,-14.937126,24.291565,-1.355102,0.007912,-0.030498,-0.625426,-0.779647,1.481,3.294,77.515,2.451762,2.916511,-0.085951,0.462624,0.565192,-0.148560
1790939885.551445,1790939885.562598,-14.995216,24.360125,-1.356068,0.008889,-0.044220,-0.621638,-0.782005,2.362,4.601,77.059,2.419377,2.969080,-0.074135,0.029404,-0.108517,0.105667
1790939885.585445,1790939885.597911,-15.084972,24.455503,-1.347235,0.011556,-0.034287,-0.619899,-0.783847,1.401,3.904,76.725,2.291962,3.228882,0.077945,0.153412,0.278557,-0.435614
1790939885.620445,1790939885.629856,-15.177253,24.551136,-1.342075,0.009555,-0.023350,-0.617538,-0.786136,0.793,2.781,76.321,2.351563,3.273476,-0.030199,-0.018767,-0.306184,0.096747
1790939885.655445,1790939885.665972,-15.276505,24.656782,-1.339720,0.008113,-0.023909,-0.618711,-0.785213,0.966,2.728,76.496,2.436224,3.394317,-0.064766,-0.262568,-0.071746,0.146483
1790939885.690439,1790939885.695561,-15.374411,24.759878,-1.337686,0.013329,-0.022163,-0.621144,-0.783269,0.382,2.939,76.840,2.515660,3.530064,-0.013332,-0.279574,0.437729,0.092247
1790939885.724439,1790939885.729979,-15.479282,24.868887,-1.335863,0.022601,-0.020359,-0.622261,-0.782218,-0.575,3.439,76.988,2.544330,3.634029,0.088435,-0.579387,0.327896,0.142708
1790939885.760439,1790939885.764107,-15.584043,24.975195,-1.334897,0.033405,-0.020223,-0.621711,-0.782273,-1.558,4.196,76.895,2.518404,3.718017,0.182222,-0.550173,0.329165,-0.158687
1790939885.794432,1790939885.798120,-15.697376,25.087492,-1.329318,0.044281,-0.020055,-0.620661,-0.782571,-2.555,4.954,76.726,2.343067,3.712965,0.309109,-0.525192,0.217735,0.160420
1790939885.818432,1790939885.828425,-15.767053,25.152864,-1.325956,0.043743,-0.019378,-0.618673,-0.784191,-2.567,4.848,76.433,2.297424,3.734860,0.250864,0.020569,-0.450318,-0.270275
1790939885.852432,1790939885.863483,-15.875141,25.252531,-1.320294,0.028748,-0.008146,-0.609711,-0.792061,-2.043,2.749,75.128,2.126077,3.582371,0.187291,0.642967,-0.835933,-0.366814
1790939885.887426,1790939885.895474,-15.979030,25.351770,-1.316748,0.019425,-0.002799,-0.606824,-0.794594,-1.575,1.606,74.715,2.190493,3.568216,0.049128,0.023803,-0.368393,-0.163415
1790939885.922426,1790939885.928470,-16.077084,25.451029,-1.314539,0.016256,-0.000710,-0.604750,-0.796249,-1.434,1.191,74.418,2.276500,3.476485,0.054423,0.056143,-0.082681,0.087597
1790939885.956426,1790939885.963636,-16.175789,25.557913,-1.312919,0.014205,-0.004552,-0.606296,-0.795099,-0.978,1.402,74.642,2.361250,3.347424,0.027912,0.410826,0.254192,0.079198
1790939885.991421,1790939885.997645,-16.266685,25.659521,-1.308648,0.010590,-0.013700,-0.607120,-0.794422,-0.011,1.984,74.776,2.380110,3.279036,-0.009160,0.431230,0.178577,0.089840
1790939886.026421,1790939886.029713,-16.357426,25.762936,-1.303839,0.006984,-0.020747,-0.607611,-0.793933,0.810,2.374,74.872,2.389198,3.218512,-0.043567,0.467235,0.243120,0.062622
1790939886.060421,1790939886.063443,-16.447176,25.866528,-1.300343,0.004392,-0.027400,-0.607124,-0.794123,1.509,2.800,74.834,2.406228,3.187214,-0.075487,0.231926,0.205757,-0.127926
1790939886.084415,1790939886.095792,-16.502426,25.932699,-1.299251,0.004723,-0.036326,-0.604549,-0.795725,2.091,3.642,74.518,2.434701,3.164730,-0.109601,0.314467,1.130336,-0.685589
1790939886.119415,1790939886.128777,-16.597513,26.041393,-1.293011,0.010465,-0.032229,-0.608698,-0.792679,1.300,3.660,75.083,2.417980,3.406027,0.072767,-0.772827,-0.284458,-0.255971
1790939886.154415,1790939886.163984,-16.689926,26.143946,-1.290517,0.009989,-0.023892,-0.606606,-0.794581,0.752,2.871,74.737,2.339479,3.416333,0.021478,-0.207108,-0.874972,-0.167689
1790939886.188407,1790939886.195711,-16.785870,26.250834,-1.288530,0.003448,-0.024738,-0.602160,-0.797985,1.393,2.501,74.107,2.347990,3.575109,-0.076892,-0.072686,-0.422649,-0.173151
1790939886.223407,1790939886.230778,-16.882961,26.358765,-1.283828,0.005571,-0.020950,-0.601556,-0.798537,0.935,2.302,74.002,2.450403,3.737881,-0.063267,-0.229301,0.139901,0.079781
1790939886.258407,1790939886.264193,-16.989277,26.478338,-1.280143,0.015917,-0.021383,-0.603955,-0.796573,0.027,3.055,74.339,2.546230,3.870799,0.020155,-0.692704,0.439467,0.328709
1790939886.292402,1790939886.296907,-17.092793,26.593037,-1.277705,0.026594,-0.022338,-0.604956,-0.795501,-0.878,3.883,74.474,2.530238,3.955041,0.120520,-0.645475,0.344565,-0.086850
1790939886.316402,1790939886.329310,-17.164577,26.670670,-1.276405,0.039570,-0.019384,-0.603430,-0.796198,-2.278,4.509,74.226,2.491384,4.008716,0.243361,-0.624680,0.303153,-0.136934
1790939886.350402,1790939886.362445,-17.274826,26.786489,-1.274405,0.042674,-0.018922,-0.598726,-0.799593,-2.621,4.667,73.544,2.278710,4.000764,0.294914,-0.133987,-0.354488,-0.622061
1790939886.385396,1790939886.397640,-17.380613,26.892490,-1.271136,0.032704,-0.005834,-0.586170,-0.809507,-2.646,2.739,71.754,2.080741,3.888299,0.311446,0.302297,-0.837962,-0.907745
1790939886.420396,1790939886.429618,-17.486919,27.002808,-1.264030,0.019735,-0.005033,-0.580061,-0.814318,-1.508,1.782,70.903,2.023542,3.852750,0.096066,0.167540,-0.600382,-0.122107
1790939886.455396,1790939886.461608,-17.585361,27.108479,-1.259329,0.017063,0.000282,-0.578499,-0.815505,-1.614,1.105,70.686,2.128954,3.787986,0.076471,-0.038615,-0.111639,-0.005301
1790939886.490389,1790939886.495488,-17.682289,27.218447,-1.255473,0.014491,0.000074,-0.580839,-0.813890,-1.357,0.958,71.016,2.192145,3.655731,0.025234,0.352518,0.094840,0.180462
1790939886.524389,1790939886.529556,-17.774689,27.327978,-1.252834,0.011120,-0.004929,-0.581716,-0.813301,-0.708,1.201,71.141,2.253648,3.558518,-0.001618,0.524323,0.336834,0.033438
1790939886.559389,1790939886.563630,-17.862499,27.434687,-1.250869,0.006928,-0.013066,-0.582333,-0.812816,0.227,1.680,71.242,2.267719,3.488489,-0.037168,0.430129,0.135788,0.029627
1790939886.594381,1790939886.598097,-17.951059,27.543598,-1.249663,0.003436,-0.021020,-0.582532,-0.812528,1.084,2.187,71.297,2.276722,3.441385,-0.075593,0.331844,0.291339,-0.039094
1790939886.617381,1790939886.630746,-18.008432,27.615068,-1.246305,0.002320,-0.027123,-0.581318,-0.813221,1.593,2.683,71.154,2.294411,3.397004,-0.110209,0.472498,0.404356,-0.264649
1790939886.652381,1790939886.663893,-18.097830,27.724279,-1.239323,0.001448,-0.032372,-0.579406,-0.814395,2.018,3.119,70.915,2.319762,3.701357,0.140806,0.273397,1.036419,-0.781040
1790939886.687375,1790939886.696722,-18.188683,27.830803,-1.233662,0.007492,-0.025310,-0.586070,-0.809831,1.006,2.853,71.811,2.262333,3.571748,0.002488,-0.057065,-0.583880,-0.091238
1790939886.721375,1790939886.731105,-18.282393,27.939423,-1.231023,-0.000819,-0.025945,-0.583107,-0.811980,1.812,2.360,71.404,2.290792,3.699034,-0.130779,-0.040059,-0.424060,0.015002
1790939886.756375,1790939886.764814,-18.381237,28.052202,-1.229570,-0.000113,-0.022932,-0.582635,-0.812410,1.543,2.128,71.322,2.357592,3.866549,-0.111970,-0.456235,-0.027893,0.134592
1790939886.791369,1790939886.795582,-18.481745,28.166105,-1.228810,0.006599,-0.023700,-0.585017,-0.810648,0.977,2.645,71.656,2.449654,3.999804,-0.077815,-0.550028,0.352009,0.379496
1790939886.826369,1790939886.829804,-18.592333,28.289074,-1.226196,0.019518,-0.024711,-0.591092,-0.805990,-0.129,3.607,72.507,2.497954,4.086780,0.030533,-0.554828,0.568382,0.322564
1790939886.849369,1790939886.861956,-18.662012,28.363707,-1.223754,0.032603,-0.022836,-0.593834,-0.803603,-1.453,4.326,72.871,2.496840,4.126090,0.160165,-0.812784,0.167634,0.018684
1790939886.884362,1790939886.895729,-18.777983,28.484087,-1.220066,0.036867,-0.021385,-0.590408,-0.805979,-1.965,4.474,72.371,2.320770,4.113792,0.231535,-0.064343,-0.241142,-0.549513
1790939886.919362,1790939886.930601,-18.887072,28.591110,-1.214615,0.028635,-0.004837,-0.583322,-0.811722,-2.343,2.365,71.355,2.163486,4.037016,0.262320,0.598609,-0.642689,-0.602245
1790939886.953362,1790939886.964967,-18.993942,28.699022,-1.211473,0.018343,-0.007439,-0.580404,-0.814088,-1.217,1.914,70.954,2.183179,3.961660,0.082547,-0.007203,-0.474612,0.171775
1790939886.988355,1790939886.995453,-19.099380,28.808998,-1.209564,0.015976,-0.003255,-0.581688,-0.813249,-1.272,1.368,71.134,2.259881,3.873427,0.056938,-0.171004,-0.043382,0.193918
1790939887.023355,1790939887.031775,-19.197165,28.915701,-1.206883,0.014695,-0.007079,-0.582305,-0.812807,-0.897,1.640,71.224,2.289269,3.728509,0.029084,0.201203,0.035499,0.026465
1790939887.057355,1790939887.061708,-19.294224,29.024252,-1.202258,0.010739,-0.010684,-0.583552,-0.811935,-0.285,1.712,71.407,2.295533,3.623251,-0.021458,0.393048,-0.079637,0.136537
1790939887.092348,1790939887.096049,-19.388666,29.131742,-1.198756,0.004665,-0.015769,-0.585238,-0.810695,0.624,1.778,71.660,2.323267,3.547261,-0.077737,0.525048,0.178512,0.118390
1790939887.115348,1790939887.129183,-19.449614,29.201309,-1.196673,0.000378,-0.020738,-0.586895,-0.809397,1.360,1.949,71.915,2.343464,3.505775,-0.106296,0.271686,0.113884,0.114041
1790939887.150348,1790939887.161826,-19.541645,29.308332,-1.194416,-0.001889,-0.024227,-0.588153,-0.808385,1.809,2.117,72.110,2.375190,3.432595,-0.128316,0.212138,0.016339,0.147858
1790939887.185338,1790939887.196617,-19.634968,29.415741,-1.190110,-0.000247,-0.024412,-0.594236,-0.803920,1.687,2.233,72.975,2.413144,3.616431,0.051411,-0.037249,0.404535,0.442658
1790939887.220338,1790939887.230816,-19.729284,29.522041,-1.186447,0.004954,-0.019638,-0.594013,-0.804200,0.881,2.147,72.919,2.443749,3.609278,-0.020042,0.067551,-0.060231,-0.450925
1790939887.255338,1790939887.263667,-19.823433,29.627897,-1.181277,-0.000648,-0.027718,-0.589819,-0.807060,1.936,2.520,72.363,2.433637,3.710840,-0.119692,0.197936,0.009545,0.109229
1790939887.289331,1790939887.295789,-19.928862,29.744322,-1.177892,-0.000245,-0.027478,-0.593244,-0.804554,1.893,2.517,72.849,2.497468,3.886776,-0.138703,-0.175841,0.168532,0.156577
1790939887.324332,1790939887.329549,-20.036417,29.859884,-1.175641,0.008577,-0.024712,-0.597571,-0.801389,0.906,2.858,73.444,2.582563,4.013731,-0.069703,-0.537554,0.361024,0.339194
1790939887.359331,1790939887.363582,-20.144773,29.973509,-1.174737,0.018118,-0.025213,-0.601332,-0.798396,0.080,3.558,73.975,2.617725,4.116703,0.013955,-0.548323,0.477463,0.159709
1790939887.394324,1790939887.397756,-20.256084,30.086985,-1.173860,0.030338,-0.021585,-0.603913,-0.796180,-1.277,4.072,74.316,2.464881,4.118322,0.165683,-0.026600,0.019404,-0.227370
1790939887.417324,1790939887.429675,-20.335106,30.163937,-1.172791,0.031866,-0.014358,-0.599958,-0.799267,-1.936,3.508,73.727,2.379380,4.147090,0.228604,-0.575524,-0.998626,-0.337010
1790939887.451324,1790939887.464638,-20.449512,30.274164,-1.167061,0.025855,-0.008173,-0.595329,-0.803024,-1.824,2.517,73.063,2.350738,4.019550,0.203945,0.379846,-0.319867,-0.179498
1790939887.486317,1790939887.497615,-20.559380,30.384735,-1.160548,0.018851,-0.009925,-0.596264,-0.802505,-1.056,2.201,73.205,2.407461,3.914375,0.116117,0.302238,-0.037296,0.333595
1790939887.521317,1790939887.529983,-20.663122,30.491308,-1.156006,0.016942,-0.010690,-0.599304,-0.800271,-0.820,2.144,73.642,2.424119,3.834541,0.058431,0.023357,-0.043558,0.116597
1790939887.556317,1790939887.563494,-20.764122,30.595867,-1.153185,0.014048,-0.009152,-0.598944,-0.800616,-0.661,1.804,73.590,2.396780,3.700564,0.020111,0.310491,-0.247457,-0.016223
1790939887.591311,1790939887.596336,-20.866367,30.705988,-1.151672,0.008193,-0.010061,-0.599713,-0.800110,-0.060,1.486,73.705,2.441760,3.580217,-0.036838,0.508318,0.032815,0.106613
1790939887.626311,1790939887.630630,-20.959906,30.809818,-1.150330,0.002156,-0.015386,-0.600911,-0.799165,0.862,1.558,73.892,2.483825,3.520514,-0.067327,0.346883,0.084021,0.071885
1790939887.649311,1790939887.665732,-21.024677,30.882929,-1.147932,-0.000722,-0.020037,-0.600831,-0.799125,1.447,1.785,73.899,2.485276,3.491881,-0.091418,0.225125,0.106635,-0.050426
1790939887.684304,1790939887.696724,-21.115612,30.986952,-1.142841,-0.002760,-0.023765,-0.600487,-0.799277,1.890,1.987,73.867,2.478715,3.419918,-0.119464,0.203002,0.069262,0.026497
1790939887.718304,1790939887.730278,-21.208139,31.094023,-1.137679,-0.003889,-0.025699,-0.600158,-0.799459,2.126,2.087,73.830,2.442616,3.573367,-0.018683,0.587784,0.175628,-0.066662
1790939887.753304,1790939887.763715,-21.306099,31.204285,-1.130697,0.002119,-0.021672,-0.605442,-0.795591,1.311,2.123,74.566,2.533787,3.621107,-0.009150,-0.752521,-0.610028,-0.431340
1790939887.788297,1790939887.796724,-21.400839,31.311626,-1.127427,-0.000800,-0.023653,-0.595352,-0.803116,1.689,2.123,73.131,2.490671,3.715770,-0.111981,0.201754,-0.053704,-0.212079
1790939887.822297,1790939887.829615,-21.501404,31.425831,-1.126403,-0.002443,-0.027966,-0.595745,-0.802683,2.136,2.406,73.210,2.532702,3.908555,-0.129270,-0.299208,0.030231,0.311329
1790939887.858297,1790939887.861770,-21.604315,31.539690,-1.124168,0.003233,-0.027180,-0.597574,-0.801346,1.566,2.718,73.462,2.555866,4.035664,-0.084945,-0.687164,0.003490,0.116053
1790939887.892290,1790939887.895768,-21.717117,31.662745,-1.121029,0.012514,-0.025596,-0.598755,-0.800426,0.609,3.208,73.613,2.555385,4.153970,-0.050582,-0.469552,0.444062,-0.045475
1790939887.927290,1790939887.930790,-21.827087,31.779881,-1.118687,0.024117,-0.021932,-0.598712,-0.800301,-0.709,3.668,73.578,2.528679,4.229148,0.102337,-0.660256,0.073077,0.052427
1790939887.950290,1790939887.963109,-21.905895,31.861712,-1.117173,0.029590,-0.019762,-0.595986,-0.802206,-1.374,3.840,73.174,2.387225,4.254219,0.187973,-0.625982,-0.244672,-0.179299
1790939887.985282,1790939887.997668,-22.019211,31.974333,-1.114326,0.030432,-0.004291,-0.590407,-0.806520,-2.525,2.456,72.357,2.198488,4.267797,0.258745,-0.023046,-0.656353,-0.519975
1790939888.020282,1790939888.028889,-22.128510,32.084591,-1.110614,0.023454,-0.002612,-0.586131,-0.809873,-2.003,1.818,71.757,2.200730,4.110600,0.207271,0.552331,-0.246713,-0.218371
1790939888.054282,1790939888.061869,-22.239088,32.202042,-1.107560,0.016549,-0.004924,-0.586279,-0.809925,-1.206,1.569,71.783,2.245870,4.037244,0.101277,0.197377,-0.087681,0.259714
1790939888.089276,1790939888.096652,-22.341270,32.312279,-1.102089,0.015636,-0.003154,-0.587379,-0.809155,-1.238,1.345,71.939,2.233550,3.969597,0.053068,-0.167883,-0.194750,-0.131933
1790939888.124276,1790939888.131830,-22.443321,32.425522,-1.098502,0.012837,-0.002854,-0.586790,-0.809632,-0.999,1.128,71.856,2.261668,3.814750,0.018356,0.294528,-0.035580,0.060354
1790939888.159276,1790939888.161902,-22.537584,32.534679,-1.095984,0.007750,-0.005370,-0.587744,-0.808992,-0.357,1.020,71.995,2.284206,3.696327,-0.025757,0.514561,0.017286,0.070016
1790939888.193269,1790939888.198084,-22.633413,32.651279,-1.093955,0.001294,-0.011210,-0.588446,-0.808457,0.636,1.126,72.105,2.320641,3.620637,-0.067851,0.460700,0.088381,0.062830
1790939888.216269,1790939888.229917,-22.692972,32.726349,-1.092666,-0.002760,-0.018055,-0.588714,-0.808135,1.474,1.486,72.165,2.331226,3.589127,-0.104258,0.264935,0.188344,0.089836
1790939888.252269,1790939888.263866,-22.779673,32.837521,-1.091138,-0.004057,-0.022896,-0.589626,-0.807342,1.924,1.844,72.315,2.336762,3.535412,-0.130558,0.185090,0.185902,0.069812
1790939888.321262,1790939888.329229,-22.958572,33.066555,-1.078761,0.001507,-0.025578,-0.603378,-0.797044,1.633,2.441,74.288,2.483920,3.705701,-0.023902,-0.637191,-0.117144,0.601072
1790939888.356261,1790939888.362626,-23.056860,33.188213,-1.074537,0.001785,-0.025020,-0.605881,-0.795160,1.576,2.404,74.645,2.501422,3.677109,-0.103182,0.446102,0.139777,0.150106
1790939888.391254,1790939888.397907,-23.152241,33.304325,-1.072982,0.000658,-0.027459,-0.609805,-0.792075,1.861,2.539,75.225,2.565794,3.803660,-0.114038,-0.127602,0.086784,0.248720
1790939888.425254,1790939888.428757,-23.255800,33.425632,-1.071970,0.004842,-0.026792,-0.612514,-0.789991,1.444,2.766,75.611,2.598853,3.938924,-0.093932,-0.462669,0.176009,0.363633
1790939888.460254,1790939888.462811,-23.364275,33.548218,-1.071593,0.013398,-0.021714,-0.618913,-0.785045,0.335,2.905,76.511,2.669190,4.006809,0.010111,-0.318400,0.361946,0.354703
1790939888.483248,1790939888.495765,-23.434572,33.625343,-1.069790,0.021973,-0.020146,-0.623508,-0.781249,-0.529,3.376,77.171,2.695370,4.040034,0.110474,-0.508334,0.193018,0.206186
1790939888.518249,1790939888.530445,-23.553350,33.750977,-1.065510,0.029861,-0.016245,-0.624099,-0.780606,-1.512,3.591,77.238,2.622429,4.102075,0.214001,-0.378933,-0.263865,-0.190790
1790939888.553248,1790939888.564668,-23.667658,33.865299,-1.061322,0.028705,-0.008966,-0.623629,-0.781142,-1.932,2.855,77.156,2.484216,4.110435,0.209364,-0.094177,-0.661217,-0.004422
1790939888.588241,1790939888.597659,-23.785112,33.979301,-1.056886,0.021816,-0.002522,-0.619642,-0.784578,-1.783,1.776,76.574,2.411120,3.897114,0.237712,0.862544,-0.461237,-0.825368
1790939888.623241,1790939888.630729,-23.893747,34.089737,-1.052282,0.011958,0.000068,-0.615906,-0.787729,-1.084,0.838,76.034,2.502952,3.898484,0.078572,0.076612,-0.174473,0.321845
1790939888.657241,1790939888.665623,-24.007395,34.209148,-1.050054,0.012969,0.000469,-0.618113,-0.785982,-1.202,0.876,76.355,2.573963,3.836655,0.074998,-0.295786,-0.098864,0.237806
1790939888.692235,1790939888.695437,-24.111216,34.322079,-1.047041,0.012630,-0.000663,-0.619907,-0.784573,-1.089,0.957,76.617,2.617413,3.689039,0.043656,0.387629,0.157005,0.184726
1790939888.727236,1790939888.730653,-24.214554,34.438652,-1.042732,0.008885,-0.006394,-0.621124,-0.783636,-0.343,1.207,76.798,2.653789,3.584219,0.001074,0.464006,0.191324,0.070485
1790939888.750236,1790939888.760806,-24.281137,34.515182,-1.040378,0.004048,-0.013545,-0.621337,-0.783416,0.601,1.504,76.845,2.652809,3.531904,-0.046899,0.432645,0.079774,-0.011566
1790939888.785228,1790939888.797737,-24.380939,34.631584,-1.037541,0.001082,-0.020773,-0.620671,-0.783795,1.381,1.943,76.773,2.672666,3.489740,-0.063352,0.325406,0.221165,-0.047847
1790939888.819228,1790939888.828656,-24.479084,34.748363,-1.035669,0.000778,-0.026994,-0.620112,-0.784049,1.850,2.481,76.722,2.690591,3.429373,-0.109525,0.300310,0.375089,-0.111701
1790939888.889221,1790939888.896711,-24.677818,34.980537,-1.030324,0.006378,-0.026656,-0.619331,-0.784651,1.320,2.851,76.601,2.635293,3.649143,-0.036737,0.399429,0.055096,-0.325418
1790939888.924221,1790939888.930658,-24.778404,35.096119,-1.025757,-0.000535,-0.026110,-0.613395,-0.789344,1.886,2.325,75.739,2.601825,3.744975,-0.098098,0.270631,-0.299782,-0.357613
1790939888.959221,1790939888.961689,-24.887632,35.220520,-1.022326,-0.003953,-0.023791,-0.610995,-0.791267,2.026,1.881,75.382,2.658972,3.920542,-0.133495,-0.070832,0.016478,-0.136107
1790939888.994215,1790939888.997544,-24.996000,35.343719,-1.019926,0.001270,-0.023348,-0.611806,-0.790662,1.523,2.205,75.494,2.743037,4.067821,-0.092849,-0.479360,0.304669,0.103873
1790939889.017215,1790939889.028550,-25.071550,35.428875,-1.018893,0.013798,-0.024404,-0.614591,-0.788347,0.473,3.178,75.893,2.798017,4.148340,0.023093,-0.622728,0.511451,0.285965
1790939889.052214,1790939889.061348,-25.190020,35.559013,-1.018278,0.025090,-0.023898,-0.616593,-0.786519,-0.574,3.930,76.170,2.775936,4.222753,0.128280,-0.656173,0.432255,0.131015
1790939889.086207,1790939889.095549,-25.311190,35.688549,-1.017997,0.036370,-0.023074,-0.616770,-0.785964,-1.651,4.654,76.178,2.636158,4.242906,0.267442,-0.115450,0.012629,-0.187310
1790939889.155207,1790939889.162506,-25.546991,35.926575,-1.007343,0.023181,-0.006100,-0.602424,-0.797816,-1.700,2.158,74.080,2.308796,4.070608,0.139002,1.217706,-0.318777,-0.518046
1790939889.190200,1790939889.197908,-25.661285,36.045959,-1.004187,0.011250,-0.002338,-0.599771,-0.800089,-0.871,0.988,73.705,2.398757,4.061158,0.060988,-0.094107,-0.380969,-0.078205
1790939889.225200,1790939889.229826,-25.772057,36.167870,-1.001702,0.009635,-0.002740,-0.599610,-0.800230,-0.695,0.913,73.683,2.458522,3.968556,0.025611,0.009545,-0.128542,0.147369
1790939889.260200,1790939889.263622,-25.875767,36.287697,-0.999678,0.006762,-0.004194,-0.601405,-0.798905,-0.330,0.850,73.941,2.512257,3.858351,-0.005218,0.276654,0.042136,0.072976
1790939889.283194,1790939889.295823,-25.944227,36.369381,-0.998846,0.003489,-0.010159,-0.603197,-0.797520,0.383,1.170,74.207,2.556959,3.796712,-0.044758,0.461957,0.263479,0.159906
1790939889.318194,1790939889.329892,-26.046644,36.493793,-0.996713,0.000882,-0.016670,-0.605702,-0.795516,1.077,1.581,74.586,2.586257,3.730844,-0.061895,0.264917,0.163362,0.252464
1790939889.353194,1790939889.362180,-26.147879,36.618057,-0.992677,0.000471,-0.020851,-0.609060,-0.792850,1.413,1.928,75.086,2.636300,3.659687,-0.080684,0.251013,0.419882,0.284179
1790939889.422186,1790939889.430861,-26.349224,36.863106,-0.984316,0.004443,-0.028918,-0.620119,-0.783962,1.658,2.915,76.731,2.688881,3.711922,-0.028545,0.566300,0.283426,0.276462
1790939889.457186,1790939889.462815,-26.453012,36.984379,-0.982004,0.002485,-0.018973,-0.620780,-0.783751,1.127,1.881,76.781,2.716396,3.756696,-0.027668,-0.071286,-0.702509,-0.071924
1790939889.492179,1790939889.495227,-26.561024,37.111019,-0.981403,-0.002365,-0.019691,-0.619658,-0.784621,1.612,1.603,76.623,2.768625,3.915497,-0.106281,-0.367298,-0.455240,0.080302
1790939889.526179,1790939889.529464,-26.673315,37.242100,-0.979947,0.000673,-0.018043,-0.621626,-0.783106,1.225,1.667,76.903,2.897739,4.049673,-0.088160,-0.287197,0.270772,0.365663
1790939889.549179,1790939889.562673,-26.752573,37.334045,-0.977548,0.010747,-0.019337,-0.628417,-0.777562,0.435,2.498,77.899,3.019805,4.095676,0.017661,-0.634690,0.479730,0.705409
1790939889.585173,1790939889.597954,-26.868870,37.467228,-0.974913,0.024069,-0.020350,-0.634864,-0.771981,-0.650,3.554,78.846,3.063435,4.134929,0.150711,-0.643185,0.419681,0.367636
1790939889.619173,1790939889.630028,-26.991127,37.603767,-0.972793,0.034730,-0.019512,-0.636727,-0.770059,-1.646,4.260,79.110,3.064674,4.191971,0.264414,-0.758941,0.392549,0.025206
1790939889.654173,1790939889.664799,-27.110537,37.732483,-0.970678,0.036655,-0.019642,-0.634016,-0.772201,-1.822,4.406,78.705,2.849045,4.173466,0.291568,-0.203161,-0.430909,-0.214544
1790939889.689165,1790939889.695086,-27.234552,37.862213,-0.966967,0.025990,-0.007636,-0.627473,-0.778167,-1.771,2.551,77.722,2.691066,4.026971,0.253941,0.515243,-0.686484,-0.571715
1790939889.724165,1790939889.730217,-27.347593,37.985733,-0.965164,0.014134,-0.006000,-0.624529,-0.780851,-0.836,1.549,77.295,2.770780,4.003207,0.062530,0.004522,-0.382499,0.230903
1790939889.758165,1790939889.762247,-27.460253,38.115055,-0.961090,0.011233,-0.006042,-0.626542,-0.779284,-0.570,1.346,77.592,2.852701,3.879867,0.050797,0.060636,0.066658,0.147285
1790939889.793158,1790939889.797294,-27.567833,38.242424,-0.957829,0.008589,-0.008699,-0.629199,-0.777148,-0.138,1.394,77.987,2.904198,3.756949,0.015207,0.302650,-0.047572,0.257271
1790939889.816158,1790939889.829812,-27.642155,38.331894,-0.956277,0.003798,-0.013869,-0.631076,-0.775588,0.666,1.507,78.278,2.937889,3.678936,-0.027252,0.416004,0.116052,0.121881
1790939889.851158,1790939889.861946,-27.748470,38.462463,-0.954294,0.000767,-0.019183,-0.631634,-0.775029,1.321,1.759,78.379,2.959674,3.635402,-0.061046,0.381969,0.224348,-0.081094
1790939889.886152,1790939889.895718,-27.851408,38.590321,-0.952786,-0.000572,-0.024135,-0.630877,-0.775507,1.797,2.104,78.290,2.966650,3.598694,-0.059608,0.154571,0.167935,-0.033969
1790939889.921152,1790939889.931280,-27.955086,38.721550,-0.952802,-0.000959,-0.029851,-0.629200,-0.776669,2.240,2.588,78.074,2.984322,3.510931,-0.144218,0.443541,0.181122,-0.164299
1790939889.956152,1790939889.963717,-28.064213,38.853706,-0.946247,-0.000527,-0.038109,-0.626183,-0.778744,2.787,3.365,77.687,2.961505,3.796340,0.004075,0.471839,1.580272,0.004863
1790939889.990146,1790939889.997767,-28.176743,38.985157,-0.941002,0.005281,-0.023943,-0.634784,-0.772300,1.276,2.504,78.864,2.975247,3.746959,0.025115,0.327498,-0.411182,-0.281830
1790939890.025146,1790939890.028739,-28.287844,39.112446,-0.938748,-0.001789,-0.024597,-0.630842,-0.775519,1.939,2.057,78.288,2.997924,3.912837,-0.100345,0.411461,-0.011994,-0.046895
1790939890.060146,1790939890.062904,-28.408932,39.246758,-0.937166,-0.001373,-0.020974,-0.631036,-0.775469,1.640,1.765,78.299,3.099909,4.093738,-0.092161,-0.302102,0.136572,0.183101
1790939890.095140,1790939890.098181,-28.532270,39.380756,-0.936223,0.007896,-0.020570,-0.634699,-0.772446,0.798,2.396,78.835,3.195284,4.219318,-0.004566,-0.495827,0.478281,0.212015
1790939890.118140,1790939890.127810,-28.618752,39.472015,-0.936103,0.021792,-0.020656,-0.636906,-0.770356,-0.417,3.416,79.153,3.218992,4.276498,0.128755,-0.657474,0.470927,-0.003978
1790939890.152140,1790939890.161770,-28.753647,39.609951,-0.934881,0.032102,-0.019513,-0.635646,-0.771066,-1.419,4.066,78.952,3.150457,4.360183,0.260942,-0.543293,0.397932,-0.130979
1790939890.187133,1790939890.194946,-28.891256,39.744545,-0.931202,0.038140,-0.017392,-0.632520,-0.773409,-2.126,4.310,78.475,2.950186,4.380948,0.327584,0.019506,-0.065747,-0.490822
1790939890.221133,1790939890.230123,-29.029795,39.872955,-0.927247,0.033650,-0.005675,-0.624894,-0.779964,-2.605,2.918,77.336,2.702699,4.304800,0.378285,0.498510,-0.908533,-1.145836
1790939890.256133,1790939890.262437,-29.162352,39.998669,-0.922367,0.018666,-0.001003,-0.616598,-0.787056,-1.613,1.409,76.132,2.725997,4.274343,0.169568,0.508148,-0.497796,-0.080329
1790939890.292124,1790939890.295170,-29.290268,40.122692,-0.920025,0.015862,0.000496,-0.617351,-0.786528,-1.465,1.077,76.243,2.814372,4.252693,0.110366,0.030295,0.074112,0.009098
1790939890.326124,1790939890.328625,-29.419233,40.251671,-0.918461,0.017147,0.001835,-0.617431,-0.786436,-1.676,1.048,76.256,2.836294,4.123062,0.116046,0.168665,0.106074,0.015271
1790939890.361124,1790939890.364105,-29.544128,40.380566,-0.916897,0.013179,-0.002697,-0.618194,-0.785910,-0.996,1.177,76.367,2.876740,4.013905,0.061139,0.427830,0.110863,0.002670
1790939890.384118,1790939890.396663,-29.624418,40.465652,-0.914635,0.008240,-0.010137,-0.618735,-0.785491,-0.023,1.497,76.455,2.901488,3.965620,0.003731,0.571438,0.181353,0.081340
1790939890.419118,1790939890.428932,-29.744461,40.595085,-0.911954,0.003630,-0.016773,-0.618958,-0.785237,0.864,1.767,76.507,2.891353,3.908931,-0.036559,0.511662,0.252832,0.027371
1790939890.454118,1790939890.462698,-29.859280,40.721153,-0.909948,0.000380,-0.023749,-0.618796,-0.785193,1.651,2.164,76.513,2.901897,3.871754,-0.075726,0.387533,0.327083,-0.110355
1790939890.523111,1790939890.528637,-30.098848,40.985348,-0.903606,0.006394,-0.028891,-0.624644,-0.780349,1.499,3.043,77.392,2.981874,4.088581,-0.009002,-0.774595,-0.126445,0.219943
1790939890.558111,1790939890.563662,-30.221956,41.118145,-0.901873,0.004609,-0.019631,-0.622981,-0.781977,0.989,2.089,77.105,2.921838,4.079459,-0.050705,0.711455,-0.005253,-0.416465
1790939890.592106,1790939890.595593,-30.341585,41.250053,-0.899093,-0.001659,-0.024111,-0.620361,-0.783944,1.865,2.048,76.745,2.944829,4.271555,-0.113500,0.151121,-0.140312,-0.043548
1790939890.616106,1790939890.627781,-30.424208,41.343044,-0.897185,0.001208,-0.020142,-0.620738,-0.783759,1.325,1.895,76.780,3.008613,4.387275,-0.066778,-0.317467,0.261654,0.152072
1790939890.651106,1790939890.664598,-30.553146,41.488945,-0.895123,0.011592,-0.020359,-0.624003,-0.781070,0.419,2.652,77.253,3.110019,4.514345,0.035566,-0.688505,0.372919,0.188997
1790939890.686100,1790939890.696751,-30.681318,41.633907,-0.893876,0.024821,-0.018801,-0.624282,-0.780578,-0.877,3.459,77.277,3.098395,4.617053,0.179782,-0.608930,0.345189,-0.081468
1790939890.720099,1790939890.730680,-30.818909,41.788586,-0.893171,0.035047,-0.016796,-0.622951,-0.781295,-1.944,4.009,77.065,3.069247,4.705828,0.306424,-0.725388,0.324709,-0.078678
1790939890.755100,1790939890.764085,-30.948717,41.932690,-0.892084,0.037251,-0.014438,-0.618818,-0.784518,-2.331,3.943,76.452,2.847085,4.706170,0.356403,-0.346342,-0.619910,-0.422063
1790939890.790093,1790939890.796164,-31.075642,42.072876,-0.886941,0.030210,-0.004948,-0.610617,-0.791334,-2.396,2.563,75.256,2.722372,4.553027,0.340188,0.298590,-0.729188,-0.646241
1790939890.824093,1790939890.831527,-31.203833,42.220657,-0.882849,0.015559,-0.002135,-0.604558,-0.796406,-1.272,1.273,74.391,2.699654,4.545065,0.099413,0.188071,-0.294958,-0.048638
1790939890.859093,1790939890.863910,-31.322241,42.365528,-0.880226,0.014861,0.000095,-0.604225,-0.796676,-1.364,1.020,74.344,2.791666,4.452778,0.122407,-0.084041,-0.092189,-0.004911
1790939890.882086,1790939890.895787,-31.402857,42.468822,-0.878781,0.012886,0.000010,-0.605690,-0.795597,-1.176,0.894,74.555,2.845596,4.355664,0.081724,0.287174,-0.016178,0.161565
1790939890.917086,1790939890.928953,-31.513191,42.615845,-0.877446,0.008554,-0.005766,-0.606318,-0.795155,-0.379,1.120,74.648,2.903162,4.241404,0.029548,0.472616,0.262344,0.091767
1790939890.952086,1790939890.964011,-31.621943,42.764957,-0.876749,0.004079,-0.013754,-0.607092,-0.794502,0.586,1.536,74.776,2.947413,4.172913,-0.029840,0.441921,0.219425,0.099691
1790939890.987079,1790939890.996549,-31.735004,42.922016,-0.875538,0.001440,-0.020135,-0.607901,-0.793756,1.272,1.932,74.915,2.982393,4.127773,-0.049813,0.302151,0.237731,0.044158
1790939891.022079,1790939891.028659,-31.839540,43.071476,-0.872779,0.000463,-0.027668,-0.607341,-0.793959,1.886,2.550,74.871,3.014160,4.052912,-0.102033,0.565658,0.282365,-0.064071
1790939891.056079,1790939891.061838,-31.952078,43.227123,-0.867013,0.005077,-0.026438,-0.613879,-0.788941,1.403,2.748,75.807,3.103763,4.235860,0.174522,-0.636871,0.586764,0.428914
1790939891.091072,1790939891.096791,-32.068462,43.381855,-0.863953,0.006635,-0.022336,-0.615167,-0.788053,0.976,2.486,75.974,3.053618,4.214586,0.035596,0.198422,-0.635407,-0.063757
1790939891.126072,1790939891.129783,-32.186272,43.536636,-0.862743,-0.001388,-0.025974,-0.611579,-0.790755,1.948,2.257,75.476,3.078475,4.382647,-0.076331,0.090635,-0.348695,-0.091570
1790939891.160072,1790939891.162805,-32.307365,43.689941,-0.862046,-0.001361,-0.022370,-0.610175,-0.791949,1.689,1.935,75.255,3.166967,4.570530,-0.084232,-0.479544,-0.211595,0.079677
1790939891.184066,1790939891.196758,-32.392570,43.796654,-0.862081,0.007238,-0.023386,-0.612998,-0.789705,0.989,2.626,75.663,3.264686,4.656198,0.002994,-0.574653,0.513432,0.353939
1790939891.218066,1790939891.229995,-32.527348,43.961632,-0.859308,0.019025,-0.024015,-0.615529,-0.787519,-0.023,3.511,76.022,3.324402,4.773429,0.117450,-0.651286,0.557370,0.110436
1790939891.253066,1790939891.262208,-32.662960,44.121143,-0.857479,0.032446,-0.022067,-0.615824,-0.786906,-1.372,4.283,76.041,3.277094,4.858784,0.289825,-0.669692,0.365958,-0.114215
1790939891.288059,1790939891.295278,-32.810547,44.286236,-0.855551,0.040490,-0.019559,-0.613956,-0.788058,-2.288,4.620,75.750,3.113130,4.871047,0.397028,0.011691,-0.147927,-0.329660
1790939891.323059,1790939891.327993,-32.955708,44.439869,-0.853211,0.038912,-0.011013,-0.609000,-0.792139,-2.770,3.718,75.017,2.889318,4.796404,0.465196,-0.168302,-1.009411,-0.660455
1790939891.358058,1790939891.363949,-33.091309,44.585499,-0.849485,0.022070,-0.002688,-0.598910,-0.800508,-1.841,1.762,73.577,2.865149,4.754012,0.230531,0.548200,-0.549927,-0.050804
1790939891.393051,1790939891.396144,-33.226814,44.733879,-0.848190,0.018432,-0.000162,-0.598948,-0.800576,-1.680,1.280,73.585,2.959894,4.755904,0.164000,-0.184247,-0.147489,-0.048386
1790939891.416051,1790939891.428107,-33.320751,44.838570,-0.845334,0.019484,0.000711,-0.599172,-0.800383,-1.837,1.273,73.617,3.006342,4.668916,0.185975,0.208765,0.135356,0.076873
1790939891.451051,1790939891.462740,-33.456184,44.990410,-0.842068,0.016218,-0.004429,-0.600892,-0.799153,-1.181,1.523,73.864,3.056545,4.546658,0.112657,0.461187,0.269722,0.056262
1790939891.485045,1790939891.496925,-33.589890,45.140919,-0.839966,0.011647,-0.011122,-0.601884,-0.798421,-0.299,1.821,74.016,3.086800,4.463118,0.065573,0.481601,0.080819,0.147832
1790939891.520045,1790939891.528901,-33.720016,45.285435,-0.838405,0.007413,-0.016656,-0.603829,-0.796906,0.476,2.034,74.312,3.101093,4.411754,0.019201,0.435789,0.124796,0.229523
1790939891.555045,1790939891.561966,-33.850487,45.428188,-0.837334,0.004237,-0.022923,-0.607617,-0.793888,1.212,2.381,74.884,3.158094,4.352248,-0.025277,0.402062,0.357769,0.197562
1790939891.624036,1790939891.629922,-34.127487,45.718960,-0.830141,0.008847,-0.026033,-0.617024,-0.786464,1.045,2.973,76.259,3.179130,4.524323,0.022668,0.101201,0.056076,-0.014525
1790939891.659035,1790939891.664556,-34.273186,45.862316,-0.826001,0.008190,-0.019960,-0.617284,-0.786444,0.674,2.379,76.271,3.237480,4.558980,0.026738,0.037790,-0.541000,0.101760
1790939891.694029,1790939891.696679,-34.423603,46.005611,-0.824416,0.002084,-0.022736,-0.616946,-0.786674,1.421,2.197,76.238,3.277985,4.740392,-0.056461,-0.059532,-0.300069,0.092311
1790939891.717029,1790939891.728093,-34.522968,46.096336,-0.823364,0.005124,-0.019766,-0.619363,-0.784839,0.943,2.142,76.576,3.354076,4.840295,-0.002094,-0.251504,0.256513,0.287794
1790939891.752029,1790939891.762716,-34.688465,46.248047,-0.822380,0.015799,-0.019724,-0.625477,-0.779833,0.002,2.896,77.464,3.483942,4.969389,0.119758,-0.675058,0.397777,0.418109
1790939891.787023,1790939891.796176,-34.851692,46.390865,-0.822120,0.026529,-0.019237,-0.628166,-0.777389,-0.981,3.626,77.849,3.479845,5.072090,0.227674,-0.665690,0.383888,0.118733
1790939891.821023,1790939891.828409,-35.024429,46.535862,-0.820929,0.037552,-0.016786,-0.627388,-0.777620,-2.146,4.199,77.715,3.429476,5.158359,0.383354,-0.648313,0.445322,-0.197620
1790939891.856023,1790939891.862838,-35.195057,46.670296,-0.817321,0.042355,-0.014768,-0.621621,-0.782033,-2.753,4.345,76.856,3.137203,5.202364,0.461251,-0.353097,-0.538562,-0.551844
1790939891.891016,1790939891.895495,-35.373001,46.806004,-0.812220,0.035338,-0.003541,-0.613428,-0.788952,-2.951,2.805,75.659,2.955752,5.065912,0.415689,0.609569,-0.639094,-0.776963
1790939891.926017,1790939891.928057,-35.537323,46.932236,-0.809116,0.020893,-0.001096,-0.608611,-0.793193,-1.824,1.557,74.973,2.901991,5.090271,0.201671,0.310647,-0.589825,-0.083726
1790939891.960016,1790939891.964316,-35.703094,47.064522,-0.807043,0.017891,0.003075,-0.607751,-0.793920,-1.842,0.966,74.853,2.967067,5.020781,0.180732,0.049395,-0.156536,0.007935
1790939891.995009,1790939891.998405,-35.865078,47.197449,-0.805531,0.015287,0.002519,-0.609506,-0.792630,-1.565,0.839,75.107,3.011299,4.906341,0.137133,0.345118,0.051656,0.174843
1790939892.018009,1790939892.028015,-35.966103,47.280407,-0.804805,0.011727,-0.001985,-0.610097,-0.792238,-0.926,1.000,75.191,3.030323,4.852060,0.091934,0.462972,0.259437,0.017874
1790939892.053010,1790939892.063739,-36.127075,47.418007,-0.800870,0.006997,-0.010768,-0.611224,-0.791354,0.120,1.467,75.365,3.046746,4.800398,0.024935,0.486247,0.231576,0.074862
1790939892.088002,1790939892.095048,-36.277782,47.547352,-0.797758,0.004621,-0.016428,-0.611272,-0.791237,0.732,1.813,75.388,3.034704,4.785633,-0.002308,0.238431,0.200937,-0.030543
1790939892.123003,1790939892.130025,-36.430634,47.680550,-0.795629,0.003215,-0.022794,-0.609580,-0.792390,1.301,2.295,75.168,3.022545,4.725930,-0.073416,0.629717,0.452422,-0.277819
1790939892.157002,1790939892.163926,-36.587650,47.815166,-0.790082,0.007991,-0.022154,-0.615373,-0.787884,0.842,2.565,76.002,3.079051,4.973794,0.125161,-0.638881,0.316804,0.279107
1790939892.191994,1790939892.197508,-36.742737,47.945526,-0.786846,0.009988,-0.017227,-0.614589,-0.788596,0.311,2.261,75.868,2.992476,4.972409,0.090302,0.013646,-0.729926,-0.006689
1790939892.226994,1790939892.228816,-36.901421,48.082817,-0.786156,0.002608,-0.018532,-0.611698,-0.790870,1.063,1.863,75.458,3.011222,5.151309,-0.028864,0.138107,-0.176379,0.026533
1790939892.249994,1790939892.262648,-37.008171,48.175732,-0.783986,0.004352,-0.014433,-0.610880,-0.791579,0.616,1.614,75.325,3.050768,5.283418,-0.025552,-0.529890,-0.127491,0.182401
1790939892.284987,1790939892.297004,-37.169624,48.316910,-0.781165,0.013519,-0.014482,-0.614321,-0.788807,-0.203,2.261,75.819,3.168981,5.419113,0.071564,-0.492293,0.469657,0.198861
1790939892.318987,1790939892.328889,-37.343128,48.470528,-0.779606,0.024728,-0.013351,-0.615904,-0.787320,-1.290,2.951,76.037,3.188477,5.540047,0.209295,-0.674425,0.410135,0.003903
1790939892.353987,1790939892.363659,-37.509907,48.616230,-0.778457,0.036925,-0.011439,-0.614701,-0.787813,-2.534,3.636,75.847,3.126307,5.627474,0.383107,-0.566554,0.382529,-0.155419
1790939892.388981,1790939892.394953,-37.682819,48.764477,-0.777261,0.043593,-0.008634,-0.613030,-0.788809,-3.343,3.846,75.593,2.957360,5.632112,0.480184,-0.070268,-0.127664,-0.401249
1790939892.423981,1790939892.429739,-37.850769,48.902546,-0.775545,0.040719,0.000389,-0.605731,-0.794627,-3.742,2.792,74.544,2.660241,5.520052,0.569145,0.247122,-1.111705,-0.924693
1790939892.458981,1790939892.464868,-38.020924,49.046440,-0.770441,0.024723,0.005813,-0.597361,-0.801570,-2.670,1.159,73.363,2.643156,5.498045,0.288744,0.588457,-0.588944,-0.089020
1790939892.481975,1790939892.495992,-38.123627,49.136734,-0.767944,0.019658,0.008188,-0.597145,-0.801851,-2.367,0.593,73.338,2.722594,5.513941,0.224637,-0.091770,0.102535,-0.020257
1790939892.527975,1790939892.530633,-38.337448,49.333019,-0.764058,0.020342,0.009277,-0.597751,-0.801370,-2.504,0.541,73.428,2.790280,5.345963,0.214958,0.343360,0.157777,0.071929
1790939892.550975,1790939892.562614,-38.438835,49.429420,-0.762658,0.015907,0.003853,-0.598169,-0.801203,-1.725,0.737,73.478,2.819980,5.279086,0.150295,0.467069,0.210891,-0.020614
1790939892.585968,1790939892.596099,-38.585300,49.573170,-0.761139,0.012290,-0.002185,-0.598743,-0.800844,-0.978,1.044,73.558,2.855372,5.204759,0.096981,0.544628,0.247928,0.039258
1790939892.620968,1790939892.628061,-38.736458,49.726543,-0.759962,0.007426,-0.009968,-0.598859,-0.800758,0.003,1.424,73.583,2.845473,5.155965,0.026780,0.473192,0.190056,0.010384
1790939892.655968,1790939892.664759,-38.876373,49.872322,-0.758109,0.004580,-0.016731,-0.598375,-0.801029,0.727,1.850,73.532,2.859593,5.117053,-0.018875,0.383828,0.358577,-0.152246
1790939892.725960,1790939892.734144,-39.162216,50.172577,-0.748048,0.010332,-0.019724,-0.602222,-0.798018,0.417,2.518,74.089,2.876520,5.283058,0.029237,0.320065,0.295345,-0.121435
1790939892.759960,1790939892.762915,-39.314014,50.332218,-0.744959,0.009698,-0.013620,-0.601393,-0.798779,0.051,1.915,73.952,2.916995,5.344885,0.027424,0.128959,-0.369648,-0.107154
1790939892.782954,1790939892.796590,-39.410286,50.437134,-0.744372,0.003985,-0.017606,-0.599543,-0.800139,0.845,1.888,73.702,2.924403,5.475088,-0.017708,0.060677,-0.062634,-0.035933
1790939892.817954,1790939892.828450,-39.555820,50.596649,-0.743243,0.006733,-0.015279,-0.599969,-0.799849,0.434,1.864,73.754,3.009033,5.632045,0.011486,-0.332322,0.153057,0.192896
1790939892.852954,1790939892.862688,-39.708218,50.766411,-0.742601,0.015927,-0.016096,-0.602499,-0.797798,-0.345,2.572,74.113,3.090556,5.755837,0.121492,-0.547600,0.416678,0.113798
1790939892.887946,1790939892.895720,-39.857513,50.935368,-0.739680,0.028160,-0.013543,-0.603423,-0.796809,-1.637,3.185,74.228,3.097888,5.839930,0.280884,-0.577879,0.317147,-0.102013
1790939892.921946,1790939892.928941,-40.016731,51.115097,-0.737412,0.040141,-0.011449,-0.600896,-0.798236,-2.891,3.814,73.847,3.041913,5.911409,0.465256,-0.622485,0.207044,-0.117536
1790939892.956946,1790939892.963698,-40.167374,51.283340,-0.735051,0.041840,-0.010369,-0.597053,-0.801043,-3.140,3.817,73.293,2.822668,5.918413,0.484032,-0.144217,-0.389904,-0.412628
1790939892.991939,1790939892.995828,-40.320393,51.451923,-0.730635,0.033370,0.000577,-0.587984,-0.808183,-3.133,2.195,72.015,2.689263,5.756647,0.462552,0.324797,-0.765862,-0.599691
1790939893.025939,1790939893.029082,-40.467400,51.620121,-0.728224,0.019720,0.003157,-0.583203,-0.812081,-2.047,1.024,71.350,2.711687,5.753470,0.238805,0.147995,-0.463413,-0.075364
1790939893.049938,1790939893.062255,-40.557945,51.729065,-0.727455,0.018298,0.006489,-0.581870,-0.813050,-2.138,0.616,71.168,2.756250,5.716680,0.225518,-0.078880,-0.197343,-0.015365
1790939893.084932,1790939893.097272,-40.704235,51.906830,-0.724362,0.016403,0.005359,-0.583298,-0.812075,-1.885,0.598,71.368,2.834270,5.567295,0.193039,0.329616,0.059528,0.092493
1790939893.119932,1790939893.129133,-40.838242,52.074810,-0.721362,0.012900,0.000059,-0.583592,-0.811945,-1.204,0.857,71.405,2.896942,5.463383,0.127215,0.502671,0.287265,-0.085156
1790939893.153932,1790939893.163949,-40.974930,52.249260,-0.718972,0.008453,-0.009012,-0.584320,-0.811429,-0.183,1.404,71.514,2.942276,5.391535,0.052012,0.476115,0.222529,0.064309
1790939893.188924,1790939893.195792,-41.105507,52.418255,-0.717161,0.004717,-0.017018,-0.585151,-0.810732,0.703,1.898,71.652,2.971121,5.351546,0.002487,0.271663,0.225007,0.016787
1790939893.223924,1790939893.228101,-41.243324,52.596107,-0.716196,0.003690,-0.023579,-0.584409,-0.811108,1.237,2.439,71.572,2.994996,5.267154,-0.059354,0.420269,0.394344,-0.183871
1790939893.257924,1790939893.261847,-41.378155,52.765404,-0.711907,0.002510,-0.031869,-0.585342,-0.810156,1.908,3.128,71.749,3.007349,5.500232,0.085341,-0.726096,-0.726966,1.832697
1790939893.292918,1790939893.296874,-41.517799,52.933491,-0.707350,0.011691,-0.022204,-0.590223,-0.806851,0.421,2.845,72.382,3.049684,5.477988,0.133781,-0.146884,-0.149400,-0.155378
1790939893.315918,1790939893.327839,-41.618519,53.050751,-0.705215,0.005729,-0.025081,-0.587437,-0.808861,1.159,2.711,72.006,3.081788,5.591525,-0.035279,0.063175,-0.053900,0.027903
1790939893.350918,1790939893.363031,-41.770954,53.223190,-0.703028,0.006504,-0.022829,-0.587372,-0.808969,0.935,2.555,71.986,3.126407,5.772126,0.001835,-0.454675,-0.023498,0.156207
1790939893.385912,1790939893.394876,-41.931828,53.398666,-0.701405,0.013879,-0.021875,-0.590120,-0.806900,0.196,2.963,72.364,3.203990,5.914561,0.081070,-0.417265,0.356671,0.112305
1790939893.420912,1790939893.429121,-42.094833,53.568150,-0.700412,0.025774,-0.019839,-0.591326,-0.805777,-1.038,3.581,72.514,3.232094,6.039727,0.257290,-0.711066,0.316807,-0.036246
1790939893.455912,1790939893.462884,-42.269085,53.739910,-0.699841,0.038357,-0.017596,-0.589320,-0.806797,-2.365,4.221,72.205,3.165021,6.145742,0.430471,-0.735826,0.288716,-0.154556
1790939893.490906,1790939893.497139,-42.443642,53.900944,-0.697893,0.044415,-0.015185,-0.587046,-0.808192,-3.102,4.398,71.868,2.960723,6.141799,0.531964,-0.001672,-0.057426,-0.422941
1790939893.524905,1790939893.529861,-42.632061,54.062016,-0.693408,0.040436,-0.003296,-0.578686,-0.814541,-3.563,2.990,70.690,2.676332,6.089881,0.572458,0.190966,-0.895231,-0.886909
1790939893.559906,1790939893.562836,-42.807785,54.206364,-0.687951,0.027098,0.001540,-0.572174,-0.819683,-2.648,1.632,69.796,2.624722,6.020204,0.341882,0.617240,-0.726516,-0.053309
1790939893.582897,1790939893.594758,-42.928448,54.301872,-0.685764,0.021149,0.004932,-0.572017,-0.819954,-2.311,0.923,69.782,2.691807,6.054590,0.291688,-0.093364,-0.074455,-0.011420
1790939893.617897,1790939893.629127,-43.112019,54.446400,-0.682706,0.021479,0.006568,-0.572336,-0.819712,-2.449,0.792,69.830,2.723503,5.948742,0.282185,0.323520,0.213190,0.042931
1790939893.652897,1790939893.664633,-43.289524,54.582516,-0.680528,0.017590,0.002152,-0.573108,-0.819288,-1.793,0.953,69.932,2.731096,5.853935,0.203080,0.450209,0.152958,-0.044110
1790939893.686890,1790939893.697057,-43.476387,54.723324,-0.678803,0.013597,-0.002568,-0.573728,-0.818929,-1.107,1.135,70.018,2.718376,5.792235,0.136709,0.470338,0.107627,0.087667
1790939893.721890,1790939893.729680,-43.654678,54.850628,-0.674843,0.007847,-0.008686,-0.573988,-0.818780,-0.165,1.331,70.061,2.683462,5.755986,0.037049,0.541033,0.226473,0.003528
1790939893.756890,1790939893.765133,-43.834690,54.973125,-0.671397,0.004327,-0.014657,-0.573298,-0.819204,0.557,1.660,69.978,2.654258,5.740614,-0.014217,0.365306,0.343172,-0.150610
1790939893.826884,1790939893.829076,-44.220070,55.223141,-0.661602,0.010181,-0.015663,-0.578121,-0.815737,0.086,2.139,70.653,2.625907,5.926523,0.084001,-0.328677,-0.059155,-0.238108
1790939893.849884,1790939893.864507,-44.351593,55.299747,-0.659284,0.009596,-0.009308,-0.577275,-0.816440,-0.282,1.506,70.522,2.551978,6.003442,0.115715,0.250779,-0.452952,-0.150711
1790939893.884875,1790939893.895204,-44.553089,55.415752,-0.658002,0.002917,-0.011428,-0.573939,-0.818813,0.478,1.264,70.062,2.490483,6.172160,-0.027433,0.058606,-0.320845,-0.180561
1790939893.918875,1790939893.927828,-44.756046,55.527142,-0.654950,0.004133,-0.006600,-0.572566,-0.819822,0.045,0.891,69.861,2.501494,6.366253,-0.007862,-0.260960,0.232275,0.030258
1790939893.953875,1790939893.960852,-44.970978,55.646099,-0.651638,0.013402,-0.007259,-0.575157,-0.817901,-0.778,1.564,70.220,2.563752,6.526109,0.111703,-0.689083,0.467784,0.272804
1790939893.988867,1790939893.995103,-45.190735,55.763500,-0.649244,0.027060,-0.006960,-0.576219,-0.816818,-2.076,2.439,70.357,2.494528,6.631266,0.281229,-0.611762,0.441222,-0.072217
1790939894.023867,1790939894.028151,-45.409904,55.872822,-0.647102,0.037328,-0.005727,-0.574696,-0.817495,-3.125,2.996,70.132,2.364997,6.727365,0.449361,-0.673692,0.325883,-0.146963
1790939894.057867,1790939894.061842,-45.637909,55.979137,-0.644332,0.042080,-0.003373,-0.571591,-0.819452,-3.738,3.074,69.693,2.075561,6.720733,0.502602,-0.001056,-0.007085,-0.534645
1790939894.092859,1790939894.097136,-45.859020,56.071888,-0.639633,0.033045,0.009630,-0.561125,-0.827015,-3.754,1.212,68.274,1.781617,6.599385,0.531449,0.501916,-0.912031,-0.600209
1790939894.127859,1790939894.131045,-46.089745,56.166508,-0.635268,0.018773,0.014003,-0.556805,-0.830313,-2.681,-0.134,67.694,1.700383,6.600255,0.278094,0.023160,-0.635643,-0.153300
1790939894.150859,1790939894.163913,-46.237549,56.225231,-0.632442,0.016449,0.019408,-0.554847,-0.831563,-2.803,-0.804,67.445,1.691161,6.552004,0.277475,0.013844,-0.063621,-0.014983
1790939894.185854,1790939894.196999,-46.458862,56.314110,-0.628213,0.013981,0.018834,-0.556687,-0.830391,-2.533,-0.900,67.695,1.698945,6.436177,0.242897,0.389872,0.098302,0.115728
1790939894.220854,1790939894.229932,-46.672195,56.395222,-0.624482,0.009940,0.014743,-0.557232,-0.830166,-1.887,-0.768,67.754,1.672833,6.357396,0.169006,0.465249,0.208401,-0.060442
1790939894.255854,1790939894.262669,-46.883205,56.474155,-0.621032,0.005274,0.008180,-0.558417,-0.829503,-1.025,-0.440,67.900,1.628707,6.313436,0.094464,0.390426,0.186892,0.022873
1790939894.289847,1790939894.297007,-47.104389,56.556126,-0.617998,0.000710,0.001452,-0.559532,-0.828807,-0.161,-0.092,68.047,1.560707,6.279228,-0.001411,0.348607,0.176902,0.054994
1790939894.324847,1790939894.329905,-47.313549,56.627975,-0.614771,-0.001696,-0.004485,-0.558618,-0.829411,0.448,0.318,67.923,1.488474,6.230068,-0.094426,0.570218,0.392448,-0.112084
1790939894.382840,1790939894.394703,-47.678650,56.748417,-0.602805,0.004384,0.001292,-0.566416,-0.824107,-0.498,0.163,69.002,1.466501,6.492874,0.062837,-0.012013,-0.064764,-0.058570
1790939894.417840,1790939894.429085,-47.895893,56.815136,-0.598494,0.000895,0.002104,-0.564414,-0.825489,-0.221,-0.141,68.724,1.402584,6.588422,-0.021809,0.230216,0.048899,-0.163197
1790939894.451840,1790939894.460716,-48.127953,56.890980,-0.595495,0.000485,0.004617,-0.564299,-0.825557,-0.344,-0.405,68.709,1.384639,6.748512,0.000456,-0.241388,0.050242,0.119194
1790939894.487833,1790939894.495856,-48.352184,56.961742,-0.593110,0.005651,0.004508,-0.565949,-0.824409,-0.826,-0.059,68.939,1.357486,6.894983,0.063559,-0.484046,0.145992,0.104252
1790939894.521833,1790939894.528821,-48.586369,57.036705,-0.590618,0.016783,0.008220,-0.566151,-0.824090,-2.119,0.313,68.972,1.315825,7.010667,0.221126,-0.475253,0.400397,-0.127498
1790939894.556833,1790939894.561610,-48.816475,57.107704,-0.586255,0.025480,0.009304,-0.564774,-0.824800,-3.012,0.770,68.782,1.201716,7.097823,0.350858,-0.511526,0.346318,-0.109757
1790939894.591826,1790939894.596121,-49.061478,57.182297,-0.582242,0.034956,0.010914,-0.564005,-0.824959,-4.014,1.228,68.676,0.985870,7.123320,0.505909,-0.338206,0.011111,-0.043086
1790939894.626826,1790939894.629161,-49.293983,57.243595,-0.578298,0.033730,0.015488,-0.560166,-0.827549,-4.197,0.696,68.162,0.749047,7.076216,0.538287,-0.312075,-0.720972,-0.308819
1790939894.660826,1790939894.665699,-49.526566,57.302723,-0.572347,0.020699,0.024089,-0.554767,-0.831400,-3.506,-0.979,67.458,0.591845,6.875779,0.413303,0.469623,-0.858546,-0.328378
1790939894.683820,1790939894.697303,-49.676765,57.339958,-0.569793,0.012652,0.029587,-0.552667,-0.832781,-3.085,-2.023,67.194,0.586230,6.906012,0.343948,-0.446974,-0.589436,0.027006
1790939894.718820,1790939894.728021,-49.897366,57.398411,-0.566778,0.011228,0.032629,-0.552646,-0.832701,-3.142,-2.403,67.209,0.597513,6.784062,0.348391,0.071684,-0.124446,0.124387
1790939894.753820,1790939894.763296,-50.123695,57.461872,-0.562211,0.007943,0.028564,-0.555716,-0.830843,-2.578,-2.214,67.604,0.641175,6.649457,0.263848,0.423588,0.304657,0.077818
1790939894.788812,1790939894.796465,-50.333450,57.518738,-0.557301,0.003277,0.021461,-0.557782,-0.829703,-1.684,-1.831,67.850,0.606586,6.568649,0.160902,0.484978,0.142227,0.192242
1790939894.823812,1790939894.828068,-50.546135,57.576679,-0.552947,-0.001628,0.015784,-0.560166,-0.828229,-0.859,-1.603,68.156,0.569994,6.512931,0.057695,0.459870,0.196418,0.164169
1790939894.858812,1790939894.863894,-50.750435,57.630829,-0.549141,-0.006562,0.009465,-0.564101,-0.825625,0.009,-1.320,68.685,0.575731,6.474660,-0.029760,0.263008,0.143420,0.265826
1790939894.892806,1790939894.895973,-50.964020,57.689075,-0.546231,-0.007961,0.001274,-0.565989,-0.824373,0.669,-0.637,68.941,0.532138,6.437176,-0.099118,0.383968,0.912654,-0.226655
1790939894.915806,1790939894.929358,-51.104195,57.725361,-0.540285,-0.004833,0.007556,-0.575122,-0.818019,-0.045,-1.027,70.220,0.651974,6.710739,0.242197,-1.867483,-0.667911,1.091585
1790939894.950806,1790939894.963014,-51.310799,57.779541,-0.535026,-0.004260,0.014093,-0.577488,-0.816267,-0.534,-1.600,70.564,0.658144,6.671250,0.076108,-0.005216,-0.426628,0.263719
1790939894.985798,1790939894.996866,-51.522274,57.839882,-0.531063,-0.005565,0.011376,-0.580928,-0.813857,-0.238,-1.431,71.041,0.696477,6.774736,-0.016376,-0.098224,-0.080383,0.329504
1790939895.020798,1790939895.030105,-51.729725,57.902607,-0.527481,-0.001727,0.014480,-0.583561,-0.811939,-0.808,-1.463,71.422,0.762344,6.897078,0.049361,-0.218508,0.211263,0.285540
1790939895.054798,1790939895.060885,-51.952309,57.974133,-0.524273,0.006831,0.014891,-0.587469,-0.809081,-1.636,-0.921,71.980,0.805778,7.017828,0.172501,-0.649348,0.187374,0.269410
1790939895.089793,1790939895.096075,-52.162945,58.041969,-0.521233,0.016702,0.015876,-0.589014,-0.807794,-2.619,-0.342,72.204,0.782342,7.077914,0.294639,-0.419760,0.364341,-0.002542
1790939895.124793,1790939895.128069,-52.376183,58.110146,-0.518551,0.024954,0.017083,-0.588422,-0.807988,-3.464,0.101,72.125,0.687588,7.112997,0.401987,-0.463664,0.191993,-0.024320
1790939895.158793,1790939895.162722,-52.601562,58.180538,-0.515658,0.026659,0.016946,-0.588725,-0.807716,-3.613,0.230,72.168,0.510683,7.091729,0.414313,0.052629,-0.006305,0.004411
1790939895.194786,1790939895.196974,-52.811550,58.239864,-0.510651,0.021677,0.027808,-0.587775,-0.808256,-3.884,-1.116,72.088,0.366310,6.811839,0.540936,0.462783,-0.829609,-0.391279
1790939895.217786,1790939895.229453,-52.955658,58.280327,-0.507047,0.005792,0.028948,-0.583500,-0.811576,-2.477,-2.306,71.480,0.317155,6.806109,0.278371,-0.025643,-0.646604,0.000851
1790939895.252786,1790939895.261960,-53.157780,58.338703,-0.503004,0.004106,0.033577,-0.584841,-0.810443,-2.636,-2.844,71.696,0.402944,6.740379,0.271267,0.452950,0.196245,-0.037851
1790939895.286779,1790939895.296567,-53.361103,58.399258,-0.499067,0.001756,0.030677,-0.586758,-0.809179,-2.229,-2.727,71.947,0.463295,6.617744,0.245412,0.271271,0.113346,0.193014
1790939895.321779,1790939895.330913,-53.553886,58.456272,-0.495559,-0.002054,0.023381,-0.589652,-0.807316,-1.391,-2.302,72.316,0.495821,6.513372,0.127750,0.385742,0.159421,0.198593
1790939895.356779,1790939895.362930,-53.755058,58.515747,-0.492545,-0.007623,0.016237,-0.592886,-0.805087,-0.400,-2.016,72.745,0.480938,6.433747,0.021535,0.455772,0.082983,0.206663
1790939895.390772,1790939895.394294,-53.943481,58.567421,-0.487613,-0.011686,0.011009,-0.596049,-0.802787,0.323,-1.811,73.181,0.488742,6.383245,-0.057081,0.351503,0.214511,0.267289
1790939895.425772,1790939895.428844,-54.128986,58.617229,-0.483389,-0.013227,0.004812,-0.599723,-0.800084,0.882,-1.350,73.698,0.527680,6.287810,-0.155594,0.371156,0.414924,0.107880
1790939895.460772,1790939895.463911,-54.329311,58.669594,-0.475903,-0.014370,-0.005309,-0.600397,-0.799555,1.682,-0.502,73.799,0.477064,6.625745,0.010378,0.539968,0.272320,0.681768
1790939895.484764,1790939895.495844,-54.453064,58.698948,-0.471236,-0.007768,0.009988,-0.607884,-0.793925,0.011,-1.450,74.880,0.549296,6.503669,-0.020503,-0.162081,-0.098971,-0.013572
1790939895.518764,1790939895.530363,-54.656940,58.748051,-0.467080,-0.009852,0.011054,-0.608869,-0.793133,0.124,-1.692,75.023,0.576761,6.615621,-0.066205,0.023475,0.132279,0.234472
1790939895.553764,1790939895.562986,-54.851997,58.794464,-0.463620,-0.008130,0.012857,-0.613479,-0.789565,-0.168,-1.735,75.696,0.666726,6.706259,-0.021126,-0.180406,0.289735,0.319060
1790939895.588758,1790939895.596742,-55.057163,58.843662,-0.459123,-0.000514,0.013255,-0.617698,-0.786304,-0.892,-1.231,76.314,0.706853,6.837386,0.080727,-0.676855,0.155496,0.338491
1790939895.622757,1790939895.628810,-55.266026,58.892094,-0.453997,0.010073,0.016055,-0.621269,-0.783368,-2.048,-0.724,76.847,0.736698,6.901797,0.242648,-0.487891,0.343779,0.092746
1790939895.657758,1790939895.663866,-55.476559,58.938068,-0.449281,0.018690,0.017643,-0.621242,-0.783197,-2.935,-0.253,76.850,0.663688,6.950666,0.347928,-0.566055,0.301971,-0.045585
1790939895.692751,1790939895.695674,-55.682724,58.976482,-0.444769,0.023565,0.018276,-0.621006,-0.783239,-3.418,0.037,76.819,0.456599,6.912995,0.409613,0.011849,-0.081909,-0.033447
1790939895.715751,1790939895.728894,-55.822422,58.998901,-0.442231,0.020055,0.024795,-0.620417,-0.783624,-3.566,-0.801,76.764,0.339341,6.919448,0.404624,-0.081056,-0.720475,-0.446757
1790939895.750751,1790939895.762902,-56.031063,59.025116,-0.436520,0.007768,0.030220,-0.615628,-0.787419,-2.836,-2.179,76.093,0.172259,6.671859,0.397099,0.574156,-0.925458,-0.186075
1790939895.785744,1790939895.795108,-56.229198,59.047455,-0.430903,-0.002155,0.034998,-0.615582,-0.787293,-2.279,-3.311,76.109,0.220689,6.635354,0.250338,-0.026422,-0.004672,0.129850
1790939895.819744,1790939895.829954,-56.437134,59.072178,-0.425145,-0.003051,0.035271,-0.616958,-0.786199,-2.223,-3.395,76.311,0.236552,6.491105,0.269251,-0.010077,-0.084895,0.129207
1790939895.854744,1790939895.862807,-56.627766,59.090675,-0.419878,-0.006604,0.030354,-0.620159,-0.783861,-1.567,-3.197,76.743,0.261024,6.348726,0.165180,0.531972,0.278942,0.102036
1790939895.889738,1790939895.896107,-56.820724,59.107006,-0.414935,-0.012353,0.022710,-0.621972,-0.782613,-0.511,-2.918,76.964,0.222307,6.246871,0.047544,0.529611,0.093782,0.147554
1790939895.924738,1790939895.929034,-57.011051,59.119556,-0.410537,-0.019004,0.015618,-0.624597,-0.780559,0.583,-2.758,77.319,0.191558,6.175505,-0.073206,0.493789,0.140505,0.151693
1790939895.959738,1790939895.962789,-57.199463,59.128548,-0.406272,-0.022098,0.010664,-0.625698,-0.779679,1.211,-2.538,77.468,0.154440,6.117720,-0.142940,0.254550,0.219831,-0.055641
1790939895.993731,1790939895.996828,-57.379986,59.133583,-0.402055,-0.021948,0.000595,-0.624733,-0.780530,1.922,-1.625,77.320,0.068101,6.149323,-0.156561,0.413753,1.049074,0.070668
1790939896.017731,1790939896.030212,-57.507236,59.136372,-0.393931,-0.016618,0.007986,-0.632451,-0.774381,0.896,-1.913,78.463,0.172799,6.294494,0.040860,-0.546530,-0.305097,-0.058215
1790939896.051731,1790939896.062980,-57.700443,59.137585,-0.387285,-0.015759,0.018364,-0.634799,-0.772298,0.059,-2.773,78.836,0.109748,6.315351,0.053820,-0.517500,-0.828545,0.311064
1790939896.086724,1790939896.097898,-57.895912,59.139076,-0.383783,-0.019818,0.015519,-0.638328,-0.769353,0.613,-2.819,79.350,0.156211,6.416465,-0.083227,-0.131438,-0.062187,0.118280
1790939896.121724,1790939896.130150,-58.087784,59.138927,-0.379842,-0.015867,0.018757,-0.639084,-0.768745,0.024,-2.816,79.475,0.163877,6.550821,-0.022563,-0.352734,0.171160,0.187647
1790939896.155724,1790939896.162588,-58.290550,59.140926,-0.375701,-0.007265,0.020694,-0.639631,-0.768369,-0.878,-2.355,79.570,0.127189,6.647894,0.112516,-0.579700,0.200132,0.029402
1790939896.190719,1790939896.196984,-58.496403,59.141495,-0.371545,0.001751,0.022327,-0.638617,-0.769199,-1.789,-1.840,79.430,0.028346,6.713665,0.211714,-0.524442,0.291295,-0.133740
1790939896.225719,1790939896.229318,-58.703472,59.139565,-0.366535,0.010154,0.025622,-0.637334,-0.770094,-2.769,-1.520,79.259,-0.106049,6.716582,0.336160,-0.633012,0.157664,-0.065889
1790939896.260719,1790939896.264152,-58.903503,59.130989,-0.361519,0.011088,0.026437,-0.635241,-0.771781,-2.907,-1.531,78.953,-0.349012,6.682450,0.358309,-0.033683,-0.182888,-0.362526
1790939896.283713,1790939896.296045,-59.037857,59.119888,-0.358002,0.003010,0.035494,-0.628910,-0.776661,-2.831,-2.943,78.071,-0.569848,6.531801,0.404332,0.726053,-0.763819,-0.918736
1790939896.318713,1790939896.327739,-59.236485,59.101208,-0.351673,-0.011007,0.035960,-0.622711,-0.781548,-1.584,-4.009,77.149,-0.703963,6.358610,0.242735,0.470329,-0.283335,-0.228943
1790939896.353713,1790939896.362819,-59.426838,59.082829,-0.347321,-0.013155,0.041115,-0.621337,-0.782354,-1.754,-4.628,76.983,-0.683466,6.304034,0.239232,0.032430,0.024919,-0.167822
1790939896.387706,1790939896.397129,-59.624687,59.064762,-0.343133,-0.014984,0.039634,-0.622703,-0.781310,-1.492,-4.623,77.170,-0.675028,6.132030,0.217182,0.365195,0.166906,0.142253
1790939896.422706,1790939896.427576,-59.805260,59.044239,-0.338659,-0.019604,0.033088,-0.623716,-0.780704,-0.613,-4.365,77.267,-0.703153,6.001346,0.116993,0.566634,0.261355,-0.021287
1790939896.457706,1790939896.462738,-59.981499,59.020523,-0.334037,-0.025080,0.025728,-0.625389,-0.779486,0.397,-4.099,77.467,-0.751057,5.901938,0.010548,0.600975,0.255969,0.032572
1790939896.491699,1790939896.495959,-60.166618,58.996319,-0.330023,-0.029953,0.018255,-0.626436,-0.778683,1.365,-3.782,77.587,-0.807250,5.815560,-0.087232,0.602753,0.322927,0.022488
1790939896.526699,1790939896.530235,-60.336323,58.968651,-0.326393,-0.032603,0.010161,-0.626644,-0.778557,2.183,-3.249,77.598,-0.859959,5.740716,-0.204562,0.342605,0.372951,-0.136995
1790939896.585691,1790939896.595228,-60.634346,58.919922,-0.316350,-0.026499,0.013475,-0.632271,-0.774177,1.377,-3.117,78.440,-0.950058,5.950372,-0.095433,-0.221670,-0.052308,-0.057833
1790939896.619691,1790939896.627801,-60.817619,58.889820,-0.312408,-0.027549,0.020200,-0.632524,-0.773788,0.981,-3.791,78.495,-0.939123,6.016094,-0.090070,0.405251,0.392121,0.076334
1790939896.654691,1790939896.663623,-60.996117,58.861923,-0.309254,-0.027923,0.019292,-0.635919,-0.771009,1.064,-3.742,78.996,-0.891563,6.127583,-0.093616,-0.185622,0.229278,0.226009
1790939896.689683,1790939896.695749,-61.191040,58.836395,-0.305864,-0.021940,0.020765,-0.636991,-0.770279,0.422,-3.436,79.166,-0.933000,6.252386,0.001780,-0.642337,0.024624,0.083180
1790939896.724683,1790939896.727996,-61.375977,58.810421,-0.302050,-0.014835,0.023457,-0.636894,-0.770452,-0.403,-3.155,79.169,-0.983833,6.305034,0.106399,-0.405022,0.359417,-0.095245
1790939896.758683,1790939896.761787,-61.569763,58.784954,-0.298664,-0.006178,0.024698,-0.635143,-0.771975,-1.252,-2.635,78.921,-1.099830,6.353179,0.181039,-0.694215,0.200333,-0.123846
1790939896.793675,1790939896.796785,-61.757221,58.756367,-0.295570,0.001743,0.027071,-0.634417,-0.772515,-2.125,-2.270,78.830,-1.293691,6.312333,0.290442,-0.148544,0.013801,0.013163
1790939896.817675,1790939896.828894,-61.884232,58.734787,-0.293826,-0.001768,0.029885,-0.631075,-0.775144,-2.007,-2.784,78.350,-1.472098,6.265309,0.257293,0.021583,-0.480729,-0.465927
1790939896.851675,1790939896.862858,-62.079243,58.695953,-0.289143,-0.016554,0.036134,-0.621721,-0.782230,-1.094,-4.423,76.998,-1.739213,5.935804,0.298509,0.589483,-1.028144,-0.750794
1790939896.886668,1790939896.895242,-62.256519,58.657108,-0.285308,-0.025061,0.040791,-0.617609,-0.785027,-0.635,-5.451,76.417,-1.733291,5.925468,0.213161,-0.207442,-0.342057,-0.141226
1790939896.921668,1790939896.928092,-62.438091,58.619396,-0.282586,-0.027600,0.043586,-0.614545,-0.787193,-0.583,-5.886,75.987,-1.763704,5.740710,0.226776,0.032414,-0.155787,0.018361
1790939896.956668,1790939896.962777,-62.607796,58.583344,-0.279984,-0.030742,0.039047,-0.616725,-0.785609,0.008,-5.697,76.265,-1.728344,5.589264,0.156691,0.430771,0.248359,-0.011512
1790939896.990662,1790939896.995564,-62.783150,58.545200,-0.277551,-0.034556,0.032146,-0.617515,-0.785142,0.838,-5.345,76.331,-1.762816,5.463827,0.060758,0.550153,0.266993,0.073887
1790939897.025661,1790939897.029889,-62.945339,58.507244,-0.275957,-0.040619,0.023158,-0.619253,-0.783798,2.013,-4.969,76.535,-1.802147,5.370847,-0.070977,0.571736,0.194424,0.046106
1790939897.060662,1790939897.062817,-63.109657,58.467728,-0.273496,-0.045179,0.014579,-0.619951,-0.783203,3.030,-4.523,76.608,-1.831918,5.306315,-0.186441,0.341400,0.395093,-0.190819
1790939897.083655,1790939897.095490,-63.215714,58.441570,-0.272326,-0.044190,0.002774,-0.617181,-0.785575,3.791,-3.377,76.198,-1.863816,5.253783,-0.306542,0.482415,1.027833,-0.309162
1790939897.118655,1790939897.128184,-63.376446,58.402397,-0.266177,-0.045172,-0.001122,-0.617625,-0.785174,4.153,-3.098,76.265,-1.975528,5.436287,-0.128364,1.407566,0.523733,0.262949
1790939897.152655,1790939897.164024,-63.550663,58.361328,-0.261631,-0.039359,0.017750,-0.621914,-0.781894,2.269,-4.400,76.910,-1.980843,5.431024,-0.014473,-0.337191,-0.972504,0.065362
1790939897.187651,1790939897.196677,-63.714630,58.324959,-0.259879,-0.042317,0.014547,-0.623313,-0.780691,2.756,-4.328,77.104,-1.927691,5.567535,-0.117240,-0.285621,-0.230241,0.194147
1790939897.222651,1790939897.229781,-63.887875,58.290916,-0.257693,-0.037720,0.018176,-0.624207,-0.780136,2.078,-4.327,77.250,-1.889004,5.682296,-0.059782,-0.468342,-0.006181,0.070144
1790939897.256651,1790939897.262961,-64.064590,58.259846,-0.254547,-0.028793,0.020246,-0.623907,-0.780706,1.131,-3.873,77.222,-1.914599,5.766718,0.017612,-0.634749,0.180982,-0.018887
1790939897.292645,1790939897.297704,-64.237129,58.230648,-0.250892,-0.018947,0.021401,-0.622417,-0.782163,0.172,-3.271,77.018,-1.983053,5.792253,0.095863,-0.415097,0.380401,-0.194724
1790939897.326645,1790939897.329798,-64.417542,58.200996,-0.247708,-0.010290,0.023470,-0.620671,-0.783653,-0.746,-2.841,76.779,-2.101482,5.802359,0.169137,-0.371742,0.253222,-0.117092
1790939897.350645,1790939897.363135,-64.535278,58.180325,-0.245566,-0.007643,0.023479,-0.619377,-0.784705,-0.980,-2.655,76.592,-2.244547,5.750642,0.199770,0.202867,-0.131303,-0.319602
1790939897.384640,1790939897.395876,-64.714180,58.143829,-0.242706,-0.014249,0.031887,-0.613465,-0.788950,-0.956,-3.887,75.768,-2.458304,5.546543,0.287427,0.917674,-0.748457,-0.772484
1790939897.419640,1790939897.427596,-64.879578,58.105373,-0.238988,-0.030529,0.029635,-0.605952,-0.794363,0.724,-4.823,74.643,-2.590481,5.297849,0.148105,0.229321,-0.438499,-0.262749
1790939897.454639,1790939897.460864,-65.054413,58.067055,-0.236155,-0.032377,0.038358,-0.604854,-0.794753,0.291,-5.747,74.532,-2.508496,5.197172,0.193375,0.524120,0.224976,-0.240613
1790939897.488632,1790939897.496288,-65.212326,58.032246,-0.233088,-0.035178,0.036292,-0.605745,-0.794052,0.685,-5.754,74.642,-2.476615,5.056988,0.171114,0.401301,0.170176,0.084123
1790939897.523632,1790939897.528006,-65.365143,57.997849,-0.230369,-0.038355,0.029555,-0.607099,-0.793149,1.436,-5.362,74.796,-2.453942,4.929129,0.092711,0.504115,0.308551,0.059849
1790939897.558632,1790939897.561860,-65.524834,57.960476,-0.227950,-0.042871,0.021391,-0.609246,-0.791533,2.405,-4.939,75.067,-2.475085,4.830616,-0.020710,0.487692,0.142126,0.091765
1790939897.593626,1790939897.596988,-65.671288,57.924294,-0.226001,-0.048372,0.012723,-0.610621,-0.790342,3.504,-4.542,75.241,-2.500476,4.745388,-0.121840,0.466639,0.203000,0.000486
1790939897.628626,1790939897.630941,-65.819603,57.886250,-0.224395,-0.050691,0.004555,-0.610793,-0.790153,4.285,-3.964,75.260,-2.508007,4.659958,-0.240273,0.478842,0.421552,-0.112403
1790939897.686620,1790939897.697793,-66.071053,57.822708,-0.216359,-0.045389,0.007540,-0.612021,-0.789502,3.588,-3.868,75.444,-2.640353,4.835654,-0.143739,-0.348622,-0.227559,-0.476649
1790939897.720621,1790939897.728423,-66.226723,57.785671,-0.213198,-0.046186,0.016478,-0.609362,-0.791374,3.050,-4.725,75.067,-2.612048,4.887056,-0.104807,0.388446,0.239664,-0.060033
1790939897.755620,1790939897.762573,-66.378838,57.753639,-0.211372,-0.047184,0.013714,-0.611188,-0.789959,3.323,-4.551,75.326,-2.530698,5.000557,-0.116788,-0.353704,0.155353,0.223271
1790939897.790614,1790939897.796937,-66.539368,57.723656,-0.208513,-0.040387,0.014926,-0.612366,-0.789401,2.614,-4.188,75.508,-2.513725,5.111926,-0.057507,-0.461437,0.299435,0.035765
1790939897.825614,1790939897.829963,-66.697815,57.696781,-0.205437,-0.031705,0.016469,-0.611844,-0.790171,1.720,-3.717,75.447,-2.543595,5.167958,0.012746,-0.506170,0.317020,-0.143764
1790939897.859614,1790939897.864238,-66.868675,57.667622,-0.202232,-0.021932,0.017405,-0.610241,-0.791721,0.774,-3.114,75.227,-2.612623,5.188821,0.076778,-0.565591,0.247024,-0.061854
1790939897.894608,1790939897.897773,-67.029282,57.639633,-0.198366,-0.013264,0.018811,-0.610010,-0.792059,-0.111,-2.635,75.206,-2.747644,5.151077,0.148097,-0.337569,0.045986,-0.059859
1790939897.917608,1790939897.928623,-67.136810,57.617676,-0.196012,-0.014926,0.018385,-0.606196,-0.794963,0.083,-2.713,74.652,-2.886023,5.067510,0.104531,0.031066,-0.363009,-0.665136
1790939897.952608,1790939897.962372,-67.297516,57.578876,-0.191180,-0.027990,0.023947,-0.596913,-0.801460,0.935,-4.117,73.323,-3.078319,4.714014,0.198776,0.841484,-0.918504,-0.640122
1790939897.987601,1790939897.996085,-67.448814,57.540398,-0.187624,-0.037546,0.030709,-0.592968,-0.803763,1.378,-5.388,72.771,-3.045550,4.686940,0.175235,-0.432139,-0.557855,-0.011146
1790939898.022601,1790939898.030548,-67.606499,57.500484,-0.184911,-0.039257,0.032950,-0.592011,-0.804298,1.390,-5.709,72.641,-2.992969,4.492443,0.185900,0.004751,-0.145613,0.143428
1790939898.057601,1790939898.062975,-67.748260,57.463604,-0.182494,-0.042124,0.027333,-0.594923,-0.802213,2.018,-5.392,73.026,-2.923998,4.347696,0.102436,0.400481,0.277614,0.048410
1790939898.091594,1790939898.094854,-67.889610,57.423946,-0.179808,-0.045855,0.020086,-0.596019,-0.801408,2.851,-4.983,73.153,-2.923333,4.226967,0.015300,0.517594,0.162718,0.135274
1790939898.126594,1790939898.129318,-68.023239,57.384045,-0.177746,-0.052014,0.010977,-0.598092,-0.799662,4.030,-4.576,73.427,-2.941982,4.128107,-0.102155,0.620781,0.194327,0.089146
1790939898.149594,1790939898.162656,-68.117035,57.354290,-0.176578,-0.056773,0.002698,-0.599294,-0.798509,5.029,-4.149,73.595,-2.931064,4.087983,-0.185361,0.404568,0.365229,-0.109973
1790939898.184587,1790939898.198037,-68.250282,57.310730,-0.175161,-0.056250,-0.008977,-0.597267,-0.800017,5.789,-3.028,73.335,-2.947092,4.034620,-0.303707,0.043178,0.664381,0.027578
1790939898.219587,1790939898.229452,-68.389496,57.266418,-0.169082,-0.052087,-0.000612,-0.603911,-0.795348,4.804,-3.551,74.270,-2.947904,4.282301,-0.020380,-1.391883,-0.416911,-0.064885
1790939898.253587,1790939898.265757,-68.525360,57.223190,-0.165548,-0.052389,0.006861,-0.603061,-0.795943,4.320,-4.250,74.140,-2.967011,4.223466,-0.097128,0.299752,-0.057528,-0.115859
1790939898.289580,1790939898.296448,-68.667320,57.180618,-0.163455,-0.054299,0.003060,-0.603945,-0.795168,4.753,-4.040,74.267,-2.933195,4.341400,-0.179416,-0.083672,-0.105536,0.081491
1790939898.324580,1790939898.327867,-68.807808,57.142262,-0.160412,-0.050184,0.005696,-0.604398,-0.795080,4.192,-3.998,74.336,-2.883712,4.451957,-0.127708,-0.668224,-0.076734,0.058883
1790939898.358580,1790939898.362002,-68.961807,57.102516,-0.157021,-0.041521,0.007163,-0.604290,-0.795649,3.298,-3.531,74.331,-2.878442,4.537787,-0.078445,-0.564369,0.191535,0.002477
1790939898.393574,1790939898.396794,-69.107147,57.066219,-0.153214,-0.030972,0.008760,-0.603439,-0.796759,2.226,-2.943,74.221,-2.922443,4.568415,-0.013338,-0.443181,0.349531,-0.128714
1790939898.416574,1790939898.429039,-69.212311,57.039406,-0.150828,-0.020561,0.010870,-0.602659,-0.797660,1.130,-2.414,74.121,-2.957848,4.574628,0.045769,-0.476977,0.201707,0.008347
1790939898.451574,1790939898.461319,-69.358528,56.999794,-0.146854,-0.017965,0.009356,-0.602105,-0.798160,0.998,-2.096,74.041,-3.126095,4.503963,0.055382,0.073155,-0.081123,-0.228372
1790939898.486568,1790939898.496656,-69.504486,56.954044,-0.143427,-0.021817,0.018521,-0.597270,-0.801530,0.737,-3.196,73.364,-3.296761,4.291060,0.154422,0.644981,-1.019470,-0.738241
1790939898.520568,1790939898.530322,-69.652397,56.899170,-0.138492,-0.041182,0.019341,-0.587037,-0.808280,2.522,-4.566,71.880,-3.361056,4.023362,0.094919,-0.000640,-0.470766,-0.216447
1790939898.555568,1790939898.561587,-69.788948,56.850731,-0.135293,-0.041590,0.026927,-0.586128,-0.808702,2.055,-5.296,71.772,-3.282302,3.917085,0.145952,0.411159,0.185546,-0.244605
1790939898.590561,1790939898.596641,-69.918800,56.802322,-0.132253,-0.044397,0.023923,-0.587546,-0.807618,2.509,-5.210,71.958,-3.231193,3.767947,0.114248,0.351451,0.210778,0.094520
1790939898.624561,1790939898.630086,-70.052841,56.749130,-0.129771,-0.048082,0.015484,-0.590240,-0.805646,3.405,-4.687,72.316,-3.190188,3.645488,0.021054,0.462843,0.255322,0.158453
1790939898.660561,1790939898.662584,-70.177002,56.696632,-0.127783,-0.052279,0.008218,-0.592668,-0.803706,4.273,-4.311,72.651,-3.197845,3.545239,-0.067817,0.596484,0.264068,0.120219
1790939898.683554,1790939898.694867,-70.257721,56.660690,-0.126772,-0.057090,0.000830,-0.595421,-0.801382,5.206,-3.975,73.043,-3.190567,3.497674,-0.145495,0.548283,0.219899,0.232717
1790939898.718554,1790939898.729723,-70.373352,56.607388,-0.125060,-0.060432,-0.008040,-0.599896,-0.797752,6.099,-3.421,73.703,-3.163107,3.447705,-0.233556,0.451579,0.430274,0.103177
1790939898.787547,1790939898.795779,-70.614029,56.497097,-0.115275,-0.054542,-0.001918,-0.608462,-0.791704,5.099,-3.631,74.926,-3.167355,3.646031,-0.136776,0.067022,-0.187511,-0.238761
1790939898.822547,1790939898.829101,-70.743660,56.440376,-0.112432,-0.055463,0.000744,-0.610685,-0.789928,4.987,-3.952,75.242,-3.071058,3.738549,-0.146695,0.163153,-0.107117,0.455346
1790939898.856547,1790939898.866034,-70.866493,56.391041,-0.110052,-0.054268,-0.000079,-0.616221,-0.785702,4.909,-3.828,76.050,-2.957898,3.871752,-0.147320,-0.255691,0.206460,0.399631
1790939898.891541,1790939898.896747,-70.992500,56.344532,-0.106908,-0.047973,0.000052,-0.620499,-0.782738,4.311,-3.418,76.681,-2.909965,3.995055,-0.111279,-0.577995,0.153960,0.358270
1790939898.915541,1790939898.927563,-71.084183,56.311745,-0.104267,-0.037825,0.001366,-0.624097,-0.780430,3.291,-2.828,77.216,-2.872784,4.063439,-0.061579,-0.489814,0.370837,0.063364
1790939898.950541,1790939898.962581,-71.214531,56.266502,-0.099910,-0.026259,0.002254,-0.623687,-0.781230,2.192,-2.079,77.164,-2.922060,4.107803,-0.031080,-0.622750,0.333352,-0.095675
1790939898.984534,1790939898.994661,-71.354134,56.217312,-0.095705,-0.018517,0.002338,-0.624485,-0.780814,1.490,-1.534,77.285,-2.978793,4.098032,0.010268,-0.332443,0.053625,0.214026
1790939899.019534,1790939899.027699,-71.486221,56.166397,-0.091812,-0.019727,0.003618,-0.624458,-0.780801,1.507,-1.736,77.280,-3.184194,4.028875,0.001419,0.006287,-0.461162,-0.177674
1790939899.054534,1790939899.061083,-71.616898,56.107792,-0.086452,-0.033454,0.011443,-0.617311,-0.785924,2.208,-3.399,76.231,-3.280822,3.718736,0.110194,0.599036,-0.900919,-0.159039
1790939899.089526,1790939899.094900,-71.739136,56.051674,-0.082776,-0.042517,0.017674,-0.616236,-0.786215,2.592,-4.600,76.075,-3.210270,3.639164,0.085497,-0.115397,-0.303183,-0.130555
1790939899.123526,1790939899.129222,-71.865395,55.992916,-0.079576,-0.044424,0.018504,-0.614596,-0.787373,2.716,-4.804,75.835,-3.157955,3.447187,0.107969,-0.089402,-0.205367,0.165711
1790939899.158526,1790939899.162274,-71.977219,55.939644,-0.076207,-0.046553,0.014209,-0.617635,-0.784957,3.194,-4.578,76.266,-3.086052,3.314091,0.050169,0.355753,0.245933,0.176414
1790939899.193520,1790939899.195867,-72.088425,55.883663,-0.073243,-0.049643,0.005741,-0.619194,-0.783646,4.064,-4.041,76.484,-3.081364,3.194168,-0.030778,0.501548,0.203269,0.080883
1790939899.216520,1790939899.228877,-72.158958,55.846367,-0.071514,-0.054997,-0.002751,-0.621330,-0.781612,5.139,-3.672,76.800,-3.081852,3.137964,-0.100479,0.571381,0.165156,0.159244
1790939899.251520,1790939899.262329,-72.260437,55.790859,-0.069063,-0.058783,-0.008743,-0.623941,-0.779208,5.895,-3.424,77.195,-3.063477,3.070655,-0.157628,0.266070,0.109329,0.176109
1790939899.320513,1790939899.329414,-72.468460,55.674614,-0.060461,-0.054833,-0.022325,-0.629190,-0.774993,6.497,-1.971,78.032,-3.063450,3.238732,-0.080535,-0.284366,-0.141590,0.210092
1790939899.355514,1790939899.362889,-72.578857,55.614746,-0.055037,-0.053310,-0.010539,-0.628404,-0.775987,5.515,-2.903,77.862,-3.136287,3.230667,-0.120702,-0.294296,-0.877034,-0.005003
1790939899.390507,1790939899.394926,-72.686058,55.558449,-0.052472,-0.056097,-0.005929,-0.625796,-0.777944,5.444,-3.496,77.462,-3.107691,3.278187,-0.162941,0.554795,0.388520,-0.528835
1790939899.425507,1790939899.427819,-72.804062,55.500614,-0.049067,-0.055649,-0.005982,-0.622720,-0.780440,5.421,-3.438,77.010,-3.075449,3.370112,-0.110273,-0.645213,-0.244046,-0.089832
1790939899.460507,1790939899.461836,-72.917168,55.450214,-0.044905,-0.048024,-0.002976,-0.621691,-0.781784,4.526,-3.156,76.860,-3.030323,3.447986,-0.068299,-0.595347,0.213570,-0.046287
1790939899.494501,1790939899.497898,-73.036972,55.398613,-0.039907,-0.037888,-0.000099,-0.620602,-0.783210,3.413,-2.686,76.705,-3.048012,3.468019,-0.009619,-0.466363,0.354473,-0.181037
1790939899.518501,1790939899.530102,-73.115578,55.365841,-0.036418,-0.027578,0.001955,-0.618335,-0.785428,2.346,-2.130,76.380,-3.076501,3.467825,0.020572,-0.443974,0.212643,-0.178860
1790939899.552501,1790939899.562660,-73.236786,55.314560,-0.031282,-0.020834,0.000192,-0.618366,-0.785614,1.863,-1.494,76.389,-3.084383,3.445471,0.029422,-0.366629,0.292685,0.182007
1790939899.587495,1790939899.595852,-73.354164,55.259491,-0.025875,-0.024636,-0.002676,-0.611327,-0.790990,2.422,-1.483,75.367,-3.300420,3.087832,0.049149,0.410817,-0.521384,-0.628267
1790939899.622495,1790939899.629120,-73.462669,55.201626,-0.020796,-0.037724,-0.006656,-0.602382,-0.797288,3.911,-1.996,74.077,-3.408186,2.939721,-0.060999,0.286644,-0.726961,-0.235836
1790939899.656495,1790939899.665637,-73.573151,55.140675,-0.016371,-0.042693,0.009691,-0.600907,-0.798119,3.246,-3.829,73.844,-3.343126,2.835150,0.082314,-0.328079,-0.689736,0.161446
1790939899.691489,1790939899.694774,-73.674690,55.084167,-0.013098,-0.045377,0.007132,-0.605744,-0.794333,3.646,-3.802,74.536,-3.245641,2.701240,0.051216,0.239306,-0.041828,0.470725
1790939899.726489,1790939899.729007,-73.776909,55.023842,-0.009181,-0.048290,0.001093,-0.610309,-0.790690,4.311,-3.478,75.196,-3.169854,2.584859,0.011572,0.552131,0.354751,0.228752
1790939899.749489,1790939899.761723,-73.839951,54.985573,-0.006818,-0.052148,-0.007775,-0.613905,-0.787617,5.268,-2.968,75.732,-3.161876,2.540301,-0.073620,0.503461,0.310616,0.227444
1790939899.784482,1790939899.795889,-73.933182,54.926819,-0.003567,-0.056765,-0.015653,-0.616847,-0.784878,6.231,-2.606,76.187,-3.164117,2.470897,-0.134741,0.408110,0.117196,0.116909
1790939899.819482,1790939899.830111,-74.021729,54.869427,-0.000746,-0.059256,-0.021694,-0.617363,-0.784144,6.881,-2.243,76.292,-3.173250,2.396520,-0.207753,0.392781,0.293425,-0.168588
1790939899.888474,1790939899.896731,-74.211098,54.748737,0.009696,-0.055826,-0.016118,-0.620934,-0.781706,6.166,-2.529,76.786,-3.231848,2.622406,-0.176195,-0.473929,-0.068251,-0.428615
1790939899.923474,1790939899.928615,-74.307533,54.693317,0.013577,-0.055704,-0.009421,-0.622717,-0.780405,5.672,-3.134,77.020,-3.127910,2.655289,-0.132383,0.385773,0.299890,0.134140
1790939899.958474,1790939899.962442,-74.408493,54.639450,0.017153,-0.056804,-0.010699,-0.623922,-0.779346,5.857,-3.107,77.201,-3.053676,2.777351,-0.089505,-0.218926,0.036531,0.070556
1790939899.993468,1790939899.997981,-74.511124,54.590832,0.022019,-0.049522,-0.008961,-0.625925,-0.778258,5.072,-2.754,77.495,-3.002037,2.873894,-0.076013,-0.544306,0.188891,0.163021
1790939900.016468,1790939900.028623,-74.581688,54.559238,0.025879,-0.040342,-0.007744,-0.627624,-0.777432,4.158,-2.212,77.748,-2.984923,2.919253,-0.030256,-0.317663,0.334167,-0.033008
1790939900.050468,1790939900.060600,-74.694824,54.508999,0.032012,-0.033103,-0.006888,-0.627914,-0.777548,3.449,-1.769,77.792,-3.013122,2.959540,-0.024728,-0.459212,0.200081,0.009533
1790939900.086462,1790939900.095647,-74.803223,54.463039,0.038075,-0.025163,-0.005565,-0.629271,-0.776759,2.643,-1.319,77.993,-3.030812,2.978167,0.014676,-0.423194,-0.048723,0.128723
1790939900.120462,1790939900.134396,-74.915314,54.411865,0.044210,-0.025178,-0.004287,-0.628783,-0.777161,2.553,-1.432,77.919,-3.166640,2.905439,0.006485,-0.245876,-0.468702,-0.234258
1790939900.155462,1790939900.162314,-75.019135,54.358688,0.051801,-0.037580,-0.000945,-0.622144,-0.782000,3.441,-2.595,76.932,-3.230053,2.615644,0.084704,0.565046,-0.684428,-0.455231
1790939900.190455,1790939900.200438,-75.126076,54.302094,0.057888,-0.043678,0.003506,-0.621324,-0.782328,3.675,-3.426,76.803,-3.130820,2.547454,0.065548,-0.613564,-0.667727,0.084981
1790939900.225455,1790939900.229121,-75.222824,54.252628,0.062757,-0.044290,0.005073,-0.620498,-0.782940,3.623,-3.607,76.681,-3.078396,2.371394,0.088307,-0.212389,-0.389159,0.274371
1790939900.259455,1790939900.262741,-75.317863,54.201691,0.067244,-0.046879,-0.000163,-0.623807,-0.780172,4.214,-3.338,77.167,-3.004280,2.238051,0.028894,0.454829,0.307488,0.159457
1790939900.282449,1790939900.294045,-75.377892,54.168865,0.070262,-0.049799,-0.007754,-0.625539,-0.778564,5.011,-2.879,77.434,-2.983507,2.180011,-0.022865,0.460828,0.177750,0.172342
1790939900.318449,1790939900.330617,-75.464287,54.120323,0.074304,-0.054953,-0.016489,-0.629017,-0.775272,6.088,-2.497,77.976,-2.972782,2.113280,-0.100836,0.579889,0.244961,0.269023
1790939900.352448,1790939900.362634,-75.554176,54.067333,0.078340,-0.058729,-0.023631,-0.634145,-0.770618,6.925,-2.181,78.770,-2.941026,2.089386,-0.138043,0.200812,0.102399,0.340976
1790939900.422441,1790939900.429821,-75.728951,53.967678,0.090561,-0.054124,-0.026213,-0.643523,-0.763061,6.684,-1.699,80.186,-2.875507,2.306574,-0.052266,0.047523,-0.087011,0.075187
1790939900.457441,1790939900.460693,-75.820610,53.919319,0.096606,-0.053826,-0.019280,-0.644132,-0.762775,6.145,-2.288,80.237,-2.895100,2.320865,-0.071212,-0.582506,-0.894125,0.506891
1790939900.491434,1790939900.494700,-75.920052,53.870434,0.101128,-0.054839,-0.021837,-0.646395,-0.760717,6.416,-2.159,80.589,-2.770286,2.467520,-0.157480,-0.303062,-0.155158,0.377594
1790939900.514434,1790939900.527554,-75.986198,53.841583,0.104574,-0.049476,-0.018456,-0.650586,-0.757595,5.684,-2.087,81.205,-2.700827,2.575888,-0.111295,-0.467347,0.082288,0.372108
1790939900.549434,1790939900.561558,-76.087730,53.801243,0.110519,-0.039276,-0.015850,-0.655325,-0.754159,4.591,-1.580,81.915,-2.642566,2.709649,-0.080723,-0.609592,0.299400,0.273566
1790939900.584424,1790939900.595014,-76.195374,53.761246,0.117508,-0.030082,-0.014279,-0.657343,-0.752856,3.674,-1.034,82.217,-2.611958,2.772614,-0.035768,-0.484909,0.363526,0.055239
1790939900.619424,1790939900.632638,-76.302681,53.722538,0.124267,-0.018128,-0.013187,-0.657492,-0.753128,2.559,-0.228,82.238,-2.641147,2.803745,-0.033607,-0.186590,0.301355,0.115508
1790939900.653424,1790939900.665002,-76.416840,53.676060,0.131653,-0.017822,-0.013796,-0.658012,-0.752671,2.578,-0.154,82.319,-2.783697,2.779078,-0.023046,-0.153389,-0.439205,0.191655
1790939900.688417,1790939900.694765,-76.523918,53.629360,0.139048,-0.021861,-0.005234,-0.657065,-0.753499,2.283,-1.194,82.154,-2.903572,2.485299,0.092764,0.619993,-1.003954,-0.516856
1790939900.723417,1790939900.728581,-76.626328,53.579163,0.147071,-0.040185,-0.006556,-0.649735,-0.759069,3.990,-2.422,81.040,-2.814196,2.405368,0.033592,0.187426,-0.622351,-0.013772
1790939900.757417,1790939900.763961,-76.728912,53.531155,0.153666,-0.041381,0.000012,-0.650465,-0.758408,3.603,-3.087,81.140,-2.726207,2.296169,0.083306,0.137190,-0.026620,-0.162318
1790939900.793410,1790939900.796484,-76.825653,53.485680,0.159810,-0.043136,-0.003753,-0.652055,-0.756935,4.030,-2.899,81.384,-2.656866,2.171069,0.042812,0.494183,0.293774,0.111797
1790939900.816410,1790939900.827658,-76.887009,53.456459,0.163394,-0.046211,-0.012646,-0.653818,-0.755134,4.957,-2.369,81.672,-2.622203,2.108177,-0.029571,0.623225,0.377309,0.009323
1790939900.851410,1790939900.860479,-76.975662,53.412998,0.168382,-0.049402,-0.019849,-0.654860,-0.753873,5.770,-1.993,81.859,-2.615306,2.034243,-0.071042,0.508027,0.118798,0.034196
1790939900.885404,1790939900.895560,-77.065041,53.367676,0.173542,-0.052988,-0.027316,-0.655172,-0.753124,6.641,-1.621,81.948,-2.606688,1.980252,-0.101962,0.290428,0.162222,-0.030357
1790939900.920404,1790939900.931773,-77.150764,53.323551,0.178283,-0.052995,-0.033358,-0.654480,-0.753481,7.097,-1.094,81.888,-2.587768,1.902385,-0.185367,0.263990,0.290613,-0.168363
1790939900.989397,1790939900.996813,-77.335884,53.229370,0.193303,-0.045743,-0.030655,-0.651986,-0.756229,6.267,-0.761,81.491,-2.679724,2.125867,-0.153618,0.053126,0.157334,-0.656490
1790939901.024397,1790939901.027929,-77.433815,53.182373,0.198402,-0.047196,-0.022445,-0.647825,-0.759994,5.788,-1.549,80.811,-2.632869,2.169757,-0.170916,0.547403,0.386758,-0.360441
1790939901.059397,1790939901.062734,-77.535698,53.138447,0.202810,-0.046905,-0.024168,-0.647992,-0.759818,5.891,-1.379,80.846,-2.543817,2.326799,-0.118465,-0.358995,-0.004939,0.033424
1790939901.094391,1790939901.098018,-77.639336,53.098961,0.208439,-0.039101,-0.020161,-0.647807,-0.760533,4.911,-1.146,80.798,-2.505811,2.437261,-0.070943,-0.629992,0.117188,-0.069794
1790939901.117391,1790939901.129757,-77.714531,53.071552,0.212933,-0.030279,-0.017366,-0.647411,-0.761341,3.933,-0.731,80.728,-2.493665,2.481722,-0.032854,-0.541789,0.197772,-0.097532
1790939901.152391,1790939901.162695,-77.823517,53.033192,0.219841,-0.018958,-0.015688,-0.645840,-0.763076,2.820,-0.031,80.486,-2.522874,2.516322,-0.016674,-0.541965,0.271174,-0.127028
1790939901.187387,1790939901.196548,-77.937256,52.991600,0.227292,-0.014072,-0.014659,-0.644820,-0.764064,2.316,0.244,80.329,-2.625146,2.494558,0.001197,0.157648,0.079377,-0.333733
1790939901.221387,1790939901.228510,-78.051086,52.944630,0.234353,-0.015486,-0.012874,-0.641545,-0.766821,2.308,-0.007,79.834,-2.749112,2.403948,0.047943,-0.054335,-0.500243,-0.684673
1790939901.256387,1790939901.264571,-78.158646,52.893520,0.242576,-0.030177,-0.010591,-0.626824,-0.778504,3.456,-1.223,77.643,-2.822849,2.089785,0.061958,0.524990,-0.714923,-0.748572
1790939901.291380,1790939901.294810,-78.261620,52.845486,0.249097,-0.036708,-0.005700,-0.623645,-0.780825,3.697,-2.114,77.161,-2.747706,2.064679,0.034225,-0.448307,-0.608458,0.023822
1790939901.314380,1790939901.327987,-78.329353,52.813610,0.252589,-0.037456,-0.005204,-0.624506,-0.780104,3.726,-2.216,77.285,-2.700314,1.950657,0.063865,0.213534,-0.025645,0.123766
1790939901.360380,1790939901.363253,-78.460754,52.748604,0.259666,-0.040531,-0.010445,-0.627650,-0.777370,4.369,-1.985,77.759,-2.620989,1.800719,0.025974,0.321887,0.090766,0.161148
1790939901.384373,1790939901.396594,-78.520538,52.719063,0.262918,-0.044521,-0.018048,-0.629686,-0.775363,5.267,-1.609,78.087,-2.592220,1.764786,-0.023501,0.510014,0.168500,0.137526
1790939901.418373,1790939901.428143,-78.615616,52.668518,0.267648,-0.048310,-0.025127,-0.630833,-0.774005,6.114,-1.264,78.294,-2.599854,1.697112,-0.085404,0.546344,0.280829,0.098230
1790939901.453373,1790939901.463149,-78.704971,52.620815,0.271466,-0.050396,-0.031970,-0.631232,-0.773294,6.795,-0.812,78.401,-2.584575,1.655588,-0.108479,0.181517,0.171474,-0.105244
1790939901.488364,1790939901.496835,-78.795296,52.571190,0.274446,-0.048407,-0.043384,-0.628665,-0.774955,7.445,0.365,78.124,-2.528287,1.625272,-0.203369,0.259809,0.935164,0.037717
1790939901.522364,1790939901.529810,-78.891823,52.519253,0.282281,-0.044942,-0.037789,-0.632023,-0.772722,6.732,0.091,78.566,-2.656752,1.939652,-0.055283,-1.545015,-0.975300,0.131465
1790939901.558364,1790939901.560789,-78.989510,52.469627,0.288124,-0.044708,-0.024715,-0.634061,-0.771594,5.759,-1.063,78.770,-2.607825,1.899813,-0.115054,-0.049689,-0.549750,0.276658
1790939901.616356,1790939901.627939,-79.162247,52.389507,0.296426,-0.040846,-0.020677,-0.642092,-0.765260,5.111,-1.192,79.943,-2.464248,2.199319,-0.038952,-0.370100,0.143162,0.245365
1790939901.650356,1790939901.665519,-79.272583,52.344444,0.302011,-0.032168,-0.018744,-0.643387,-0.764635,4.205,-0.729,80.130,-2.443059,2.319248,-0.011137,-0.734475,-0.074228,0.071334
1790939901.685348,1790939901.695600,-79.386192,52.298939,0.308483,-0.024977,-0.018461,-0.641945,-0.766122,3.553,-0.217,79.914,-2.462540,2.366738,-0.009705,-0.251955,0.347222,-0.193058
1790939901.720348,1790939901.728813,-79.499664,52.254585,0.315141,-0.016862,-0.014325,-0.640061,-0.768005,2.535,0.024,79.617,-2.588457,2.377946,0.044807,-0.341633,-0.370411,-0.275060
1790939901.754348,1790939901.760756,-79.616592,52.203049,0.322324,-0.018622,-0.010708,-0.637637,-0.770038,2.426,-0.416,79.245,-2.692705,2.362010,0.045671,0.075983,-0.566428,-0.195491
1790939901.789342,1790939901.796588,-79.732826,52.148685,0.329846,-0.026148,-0.002617,-0.626499,-0.778979,2.524,-1.644,77.580,-2.815507,2.016840,0.205483,1.277108,-0.331290,-1.074593
1790939901.824342,1790939901.828526,-79.841904,52.094501,0.339188,-0.037434,0.002224,-0.621017,-0.782900,3.206,-2.865,76.765,-2.684929,2.002524,0.134875,0.490874,-0.007614,-0.187215
1790939901.847342,1790939901.860756,-79.913834,52.060085,0.343257,-0.038061,0.002677,-0.617825,-0.785389,3.242,-2.937,76.297,-2.641380,1.957203,0.170433,0.059601,-0.057952,-0.288600
1790939901.882338,1790939901.895182,-80.018631,52.009544,0.349199,-0.039562,-0.000561,-0.617344,-0.785698,3.608,-2.749,76.229,-2.572456,1.805386,0.114136,0.410751,0.234488,0.048604
1790939901.917338,1790939901.927576,-80.117088,51.960869,0.354457,-0.041611,-0.006316,-0.617768,-0.785233,4.199,-2.378,76.299,-2.528080,1.704800,0.069146,0.478572,0.333584,-0.066522
1790939901.952338,1790939901.960537,-80.214508,51.910763,0.359440,-0.044599,-0.016447,-0.617978,-0.784757,5.185,-1.680,76.363,-2.501678,1.615833,0.000745,0.532261,0.378638,-0.038277
1790939901.986331,1790939901.994974,-80.309784,51.860619,0.364440,-0.046490,-0.026270,-0.618181,-0.784220,6.051,-0.933,76.446,-2.481687,1.550991,-0.045713,0.406280,0.419953,0.025476
1790939902.021332,1790939902.028703,-80.402916,51.809929,0.368438,-0.045718,-0.035677,-0.620366,-0.782165,6.649,-0.052,76.836,-2.426180,1.500558,-0.187488,0.521733,0.624177,0.158961
1790939902.091326,1790939902.095963,-80.596428,51.713310,0.383188,-0.038452,-0.032203,-0.623181,-0.780468,5.748,0.134,77.219,-2.504142,1.738226,-0.080688,-0.245152,-0.468610,-0.259150
1790939902.125326,1790939902.128600,-80.701691,51.663544,0.388456,-0.039542,-0.038623,-0.620729,-0.782075,6.304,0.649,76.913,-2.417643,1.900729,-0.156365,-0.105641,0.062561,0.072853
1790939902.149326,1790939902.162683,-80.769852,51.635460,0.392239,-0.034035,-0.034577,-0.623288,-0.780486,5.523,0.662,77.253,-2.371510,2.008078,-0.105785,-0.229458,0.226139,0.265313
1790939902.183319,1790939902.196636,-80.881241,51.592140,0.398379,-0.025899,-0.034169,-0.628455,-0.776663,4.772,1.176,78.007,-2.327431,2.167223,-0.108596,-0.700877,0.107253,0.556398
1790939902.218319,1790939902.229935,-80.996826,51.549557,0.405369,-0.016719,-0.030752,-0.635414,-0.771378,3.721,1.501,79.008,-2.265668,2.311922,-0.075416,-0.301609,0.591385,0.457011
1790939902.253319,1790939902.260785,-81.113174,51.508877,0.412451,-0.004896,-0.030270,-0.640151,-0.767637,2.654,2.304,79.704,-2.272540,2.443032,-0.048842,-0.907480,0.209058,0.210374
1790939902.288313,1790939902.294399,-81.236717,51.461067,0.420055,0.001629,-0.028217,-0.640565,-0.767384,1.930,2.602,79.750,-2.427272,2.408293,-0.009685,0.170566,-0.038736,0.020000
1790939902.323313,1790939902.327498,-81.355949,51.411934,0.427808,-0.001287,-0.020389,-0.641833,-0.766572,1.614,1.697,79.901,-2.546794,2.413739,0.050786,-0.213245,-0.940080,-0.335970
1790939902.357313,1790939902.360437,-81.473114,51.356178,0.436335,-0.012925,-0.015332,-0.636944,-0.770649,2.261,0.411,79.156,-2.593170,2.145466,0.099526,1.009156,-0.678055,-0.535206
1790939902.392307,1790939902.395906,-81.583664,51.302582,0.443647,-0.026219,-0.011210,-0.635758,-0.771361,3.136,-0.919,78.966,-2.504993,2.139456,0.079791,-0.197385,-0.446534,0.216582
1790939902.416307,1790939902.427738,-81.656586,51.268032,0.448625,-0.027612,-0.009120,-0.637922,-0.769552,3.104,-1.214,79.281,-2.434540,2.047008,0.138455,-0.000390,-0.066045,0.299975
1790939902.450307,1790939902.462748,-81.765724,51.214199,0.456791,-0.028859,-0.011960,-0.642095,-0.765988,3.416,-1.074,79.911,-2.360507,1.967816,0.096482,0.260625,0.053920,0.370827
1790939902.485300,1790939902.497692,-81.866997,51.164867,0.462643,-0.032138,-0.017836,-0.646959,-0.761638,4.131,-0.826,80.661,-2.312684,1.919893,0.034610,0.417721,0.131002,0.349313
1790939902.520300,1790939902.529963,-81.968323,51.112854,0.468359,-0.037130,-0.024402,-0.650569,-0.758146,5.052,-0.648,81.238,-2.307793,1.879293,0.000179,0.435468,0.108718,0.347939
1790939902.555300,1790939902.561447,-82.065804,51.061913,0.474118,-0.039268,-0.028865,-0.654879,-0.754160,5.569,-0.452,81.917,-2.272494,1.879734,-0.028267,0.197782,0.207713,0.268664
1790939902.624292,1790939902.628986,-82.267921,50.958107,0.491478,-0.034070,-0.030099,-0.666821,-0.743830,5.211,-0.038,83.749,-2.287073,2.122638,-0.007866,-0.608307,-0.377998,0.216570
1790939902.659292,1790939902.665660,-82.373474,50.906857,0.499512,-0.033564,-0.022919,-0.669576,-0.741631,4.616,-0.628,84.129,-2.135446,2.207705,-0.017434,-0.168964,-0.806088,0.323412
1790939902.693286,1790939902.697078,-82.481804,50.857437,0.503758,-0.035827,-0.025529,-0.672608,-0.738690,5.007,-0.600,84.612,-2.054296,2.354106,-0.047728,-0.243235,-0.364517,0.305670
1790939902.717286,1790939902.728866,-82.552780,50.828465,0.507030,-0.032071,-0.023434,-0.675089,-0.736667,4.525,-0.503,84.985,-1.988997,2.459370,-0.027911,-0.494241,0.155448,0.359188
1790939902.751287,1790939902.761806,-82.671074,50.782665,0.513482,-0.022006,-0.022760,-0.677357,-0.734973,3.622,0.209,85.334,-1.927831,2.606160,-0.003437,-0.605010,0.351059,0.032210
1790939902.786282,1790939902.798204,-82.787903,50.740044,0.520557,-0.010122,-0.021643,-0.676554,-0.736005,2.533,1.041,85.203,-1.934281,2.678882,0.036987,-0.464928,0.477555,-0.133483
1790939902.821282,1790939902.829098,-82.907135,50.697048,0.527931,0.001914,-0.019481,-0.675612,-0.736997,1.347,1.794,85.045,-1.963817,2.747963,0.055517,-0.572784,0.280848,-0.030665
1790939902.855282,1790939902.862731,-83.032318,50.647087,0.536141,0.007043,-0.019080,-0.675153,-0.737398,0.882,2.158,84.970,-2.129901,2.704612,0.079593,0.227388,-0.084119,-0.214898
1790939902.890275,1790939902.895149,-83.150284,50.595169,0.543229,0.003983,-0.012259,-0.671300,-0.741073,0.605,1.348,84.351,-2.230010,2.507155,0.142906,-0.155183,-0.977552,-0.337825
1790939902.925275,1790939902.927656,-83.263786,50.539143,0.550287,-0.011725,-0.015870,-0.663616,-0.747813,2.212,0.468,83.181,-2.281916,2.389052,0.077620,0.384594,-0.741432,-0.384117
1790939902.960275,1790939902.963447,-83.373451,50.486923,0.556290,-0.015171,-0.005696,-0.662126,-0.749218,1.735,-0.662,82.928,-2.172453,2.285331,0.104948,0.357282,0.187576,-0.242435
1790939902.983269,1790939902.994530,-83.447052,50.450546,0.560560,-0.017852,-0.007671,-0.662225,-0.749053,2.115,-0.696,82.946,-2.134725,2.225484,0.128784,0.086384,-0.130757,0.141389
1790939903.018269,1790939903.029574,-83.548882,50.400585,0.566714,-0.021421,-0.016152,-0.663645,-0.747567,3.065,-0.245,83.187,-2.091957,2.116209,0.063835,0.470211,0.244023,0.043500
1790939903.053269,1790939903.062674,-83.652229,50.346943,0.573374,-0.024509,-0.023479,-0.664264,-0.746728,3.887,0.143,83.315,-2.083263,2.053661,0.017938,0.540299,0.200493,0.060079
1790939903.087262,1790939903.093519,-83.748955,50.296192,0.578974,-0.027705,-0.030187,-0.664711,-0.745977,4.673,0.470,83.425,-2.094783,2.010835,-0.023278,0.549644,0.267174,0.027648
1790939903.122262,1790939903.131466,-83.844193,50.244865,0.583269,-0.029752,-0.038290,-0.664359,-0.745839,5.467,1.008,83.435,-2.089601,1.968503,-0.101173,0.436233,0.345809,-0.101896
1790939903.157262,1790939903.163078,-83.945953,50.189442,0.589979,-0.028875,-0.046503,-0.664535,-0.745250,6.021,1.773,83.540,-2.134558,2.316795,0.103976,-0.034311,-0.012631,0.657524
1790939903.192256,1790939903.196707,-84.049072,50.136589,0.598250,-0.023183,-0.032461,-0.668924,-0.742260,4.465,0.984,84.089,-2.126462,2.266430,0.021125,-0.295231,-0.352194,-0.239662
1790939903.226256,1790939903.229476,-84.155830,50.083515,0.604276,-0.025453,-0.026845,-0.668787,-0.742534,4.227,0.334,84.030,-2.066652,2.371350,-0.047930,0.049143,0.026120,0.193019
1790939903.250256,1790939903.261761,-84.228035,50.049984,0.608358,-0.025363,-0.024512,-0.669507,-0.741968,4.040,0.138,84.127,-2.008748,2.471110,-0.003326,-0.264835,0.011285,0.027845
1790939903.285249,1790939903.295830,-84.342010,50.002068,0.615545,-0.018615,-0.023757,-0.669017,-0.742634,3.408,0.595,84.047,-1.954414,2.612131,0.026143,-0.533089,0.209650,-0.015341
1790939903.320249,1790939903.331684,-84.456970,49.956757,0.621094,-0.008547,-0.020645,-0.668392,-0.743473,2.310,1.104,83.934,-1.955893,2.687263,0.055780,-0.450889,0.255612,-0.140609
1790939903.354249,1790939903.363584,-84.580147,49.907513,0.627698,0.001004,-0.017743,-0.666986,-0.744858,1.271,1.591,83.704,-1.995298,2.750142,0.086102,-0.478185,0.244367,-0.074384
1790939903.389241,1790939903.395591,-84.699501,49.860710,0.634549,0.008340,-0.015074,-0.666340,-0.745449,0.439,1.925,83.593,-2.061653,2.767629,0.129239,-0.152146,-0.058315,0.001971
1790939903.424241,1790939903.430343,-84.818039,49.810051,0.641927,0.007674,-0.013480,-0.662886,-0.748560,0.366,1.740,83.058,-2.208279,2.686062,0.152421,0.104922,-0.304106,-0.562284
1790939903.458241,1790939903.464517,-84.937096,49.752476,0.652127,-0.003651,-0.011353,-0.655270,-0.755301,1.169,0.709,81.895,-2.267019,2.461391,0.171162,0.500807,-0.825621,-0.451184
1790939903.493233,1790939903.496666,-85.048424,49.699295,0.660215,-0.012433,-0.004605,-0.651899,-0.758190,1.424,-0.529,81.372,-2.198649,2.426813,0.129821,-0.473672,-0.233623,-0.084710
1790939903.516233,1790939903.529883,-85.122025,49.664501,0.663610,-0.012657,-0.004080,-0.650133,-0.759704,1.406,-0.588,81.105,-2.168913,2.315989,0.175977,-0.157600,-0.267628,0.117433
1790939903.551234,1790939903.560484,-85.229362,49.612789,0.669423,-0.014818,-0.008959,-0.651373,-0.758560,1.957,-0.327,81.299,-2.098095,2.192225,0.124228,0.456334,0.255617,0.076173
1790939903.586228,1790939903.593449,-85.330841,49.563271,0.675240,-0.017875,-0.016790,-0.651409,-0.758330,2.808,0.125,81.329,-2.083708,2.109165,0.084324,0.536495,0.160698,0.078829
1790939903.620228,1790939903.629619,-85.434357,49.509346,0.681151,-0.023304,-0.026321,-0.652570,-0.756912,3.993,0.540,81.551,-2.089532,2.048515,-0.006538,0.688777,0.200605,0.090226
1790939903.656228,1790939903.663416,-85.531509,49.457783,0.686773,-0.027279,-0.033280,-0.652876,-0.756241,4.860,0.843,81.645,-2.091103,2.021583,-0.029835,0.424931,0.172266,-0.044496
1790939903.690221,1790939903.694609,-85.630394,49.404724,0.692517,-0.027179,-0.041480,-0.650613,-0.757788,5.463,1.576,81.372,-2.078467,2.036423,-0.071367,0.433322,0.984386,-0.500026
1790939903.725221,1790939903.728605,-85.733780,49.352325,0.702216,-0.021798,-0.035438,-0.655194,-0.754314,4.551,1.427,82.012,-2.082868,2.262552,0.011726,-1.618581,-0.587662,-0.097429
1790939903.748221,1790939903.761689,-85.804886,49.316830,0.705996,-0.020244,-0.028387,-0.654733,-0.755055,3.885,0.937,81.891,-2.114000,2.297554,0.028745,-0.491498,-0.914891,-0.000734
1790939903.794214,1790939903.797142,-85.952240,49.246914,0.712691,-0.023467,-0.029192,-0.654148,-0.755439,4.224,0.768,81.808,-2.037225,2.462871,-0.010774,-0.023252,-0.061996,0.045811
1790939903.829214,1790939903.832582,-86.067833,49.198032,0.718948,-0.018610,-0.025438,-0.654357,-0.755529,3.521,0.807,81.816,-1.982376,2.621570,0.007144,-0.315973,0.306286,-0.060834
1790939903.852214,1790939903.865526,-86.147125,49.167187,0.723540,-0.010722,-0.023477,-0.654120,-0.755950,2.690,1.230,81.768,-1.985802,2.695279,0.044739,-0.632469,0.198885,0.003117
1790939903.887207,1790939903.897723,-86.266708,49.121567,0.730846,-0.000715,-0.020703,-0.653529,-0.756618,1.613,1.742,81.662,-1.999876,2.768503,0.088721,-0.422014,0.369024,-0.109845
1790939903.922207,1790939903.928780,-86.395775,49.072613,0.738285,0.009771,-0.016928,-0.652746,-0.757325,0.419,2.200,81.525,-2.047176,2.820157,0.132690,-0.405147,0.237418,-0.057879
1790939903.957207,1790939903.961496,-86.519241,49.023602,0.744189,0.011847,-0.017534,-0.651628,-0.758243,0.280,2.409,81.357,-2.189261,2.801797,0.116062,-0.004250,-0.046212,-0.201160
1790939903.992201,1790939903.994960,-86.644073,48.968285,0.751774,0.006565,-0.007999,-0.646003,-0.763265,0.018,1.186,80.487,-2.337892,2.482437,0.252663,0.656302,-0.931998,-0.857285
1790939904.027201,1790939904.028812,-86.759918,48.913902,0.759293,-0.010569,-0.010623,-0.636260,-0.771329,1.709,0.168,79.040,-2.307559,2.498362,0.155573,-0.211280,-0.639663,-0.118465
1790939904.050201,1790939904.062027,-86.841980,48.876747,0.764387,-0.011145,-0.002362,-0.635138,-0.772315,1.158,-0.602,78.860,-2.257604,2.407426,0.170935,0.379152,0.185968,-0.280557
1790939904.084194,1790939904.095667,-86.957642,48.825024,0.771898,-0.013142,-0.005835,-0.636360,-0.771258,1.587,-0.443,79.046,-2.175781,2.291451,0.167332,0.489151,0.304612,0.098885
1790939904.119194,1790939904.128061,-87.069290,48.773689,0.779435,-0.015838,-0.012028,-0.637172,-0.770465,2.277,-0.094,79.179,-2.136476,2.212127,0.113521,0.487768,0.268581,0.066338
1790939904.154194,1790939904.161781,-87.176514,48.723995,0.783989,-0.020276,-0.019883,-0.638251,-0.769305,3.243,0.270,79.369,-2.141144,2.161561,0.062614,0.519739,0.120511,0.085213
1790939904.189185,1790939904.196521,-87.281830,48.673073,0.788720,-0.024781,-0.027893,-0.638872,-0.768407,4.228,0.642,79.506,-2.140715,2.129715,0.020379,0.361559,0.166024,-0.007799
1790939904.223185,1790939904.229563,-87.391113,48.618912,0.794213,-0.025533,-0.034263,-0.637452,-0.769305,4.760,1.155,79.339,-2.136855,2.074878,-0.055009,0.426025,0.365093,-0.150341
1790939904.293179,1790939904.296554,-87.615562,48.515675,0.812598,-0.015873,-0.028170,-0.641779,-0.766207,3.468,1.306,79.939,-2.096179,2.414790,0.069076,-0.048517,0.162031,-0.331429
1790939904.317179,1790939904.328807,-87.692314,48.482445,0.817446,-0.016319,-0.028439,-0.640830,-0.766982,3.526,1.301,79.799,-2.090777,2.470109,0.001073,-0.057335,0.007634,0.185200
1790939904.351179,1790939904.360783,-87.813011,48.434204,0.822958,-0.015505,-0.027258,-0.641966,-0.766091,3.369,1.252,79.961,-2.037152,2.619356,0.022455,-0.251771,0.083935,0.019841
1790939904.386173,1790939904.398733,-87.936241,48.388744,0.828081,-0.009288,-0.025452,-0.641118,-0.766964,2.688,1.555,79.822,-2.028736,2.757991,0.045478,-0.620899,-0.023153,0.047117
1790939904.421173,1790939904.427795,-88.069382,48.341187,0.834767,-0.001578,-0.021620,-0.641308,-0.766978,1.729,1.784,79.828,-2.014358,2.861881,0.099334,-0.487925,0.242984,-0.031545
1790939904.456173,1790939904.460821,-88.199059,48.296787,0.841898,0.008780,-0.019153,-0.640128,-0.767980,0.633,2.330,79.637,-2.043681,2.936927,0.133201,-0.527822,0.322220,-0.075679
1790939904.490165,1790939904.496678,-88.331566,48.250275,0.849737,0.017789,-0.016985,-0.639464,-0.768427,-0.322,2.800,79.525,-2.164631,2.963541,0.175668,-0.146955,-0.131678,-0.164449
1790939904.525165,1790939904.526771,-88.471077,48.195713,0.858503,0.016786,-0.013845,-0.636141,-0.771266,-0.475,2.448,79.022,-2.312488,2.898254,0.204188,-0.206647,-0.562281,-0.483575
1790939904.549165,1790939904.560502,-88.554489,48.159786,0.864021,0.003253,-0.009283,-0.627379,-0.778652,0.377,1.062,77.722,-2.393257,2.643070,0.259771,0.791749,-0.767054,-0.656855
1790939904.583158,1790939904.595032,-88.685928,48.100250,0.871060,-0.005254,-0.003973,-0.624226,-0.781216,0.755,-0.020,77.253,-2.331647,2.651143,0.221241,-0.088453,-0.057308,-0.188095
1790939904.617158,1790939904.627841,-88.809387,48.045853,0.876836,-0.005243,-0.002243,-0.621548,-0.783356,0.630,-0.172,76.859,-2.310360,2.521427,0.239987,-0.072539,-0.217848,-0.012603
1790939904.652158,1790939904.661751,-88.928162,47.991863,0.882976,-0.008134,-0.005809,-0.623114,-0.782067,1.144,-0.060,77.092,-2.247980,2.408930,0.189699,0.460644,0.178099,0.079929
1790939904.687151,1790939904.695192,-89.049210,47.933136,0.889858,-0.012280,-0.013852,-0.623061,-0.781954,2.090,0.364,77.102,-2.253722,2.332615,0.140882,0.572739,0.248246,0.069461
1790939904.722151,1790939904.729962,-89.162025,47.876492,0.896241,-0.017821,-0.021692,-0.623944,-0.780965,3.148,0.667,77.264,-2.263788,2.293708,0.062841,0.585554,0.170847,0.083195
1790939904.757151,1790939904.761778,-89.276260,47.816662,0.901809,-0.021515,-0.027415,-0.623987,-0.780657,3.888,0.914,77.302,-2.264727,2.274281,0.038316,0.274010,0.132447,-0.057389
1790939904.792142,1790939904.795869,-89.386078,47.758053,0.905144,-0.021033,-0.036902,-0.621147,-0.782542,4.520,1.812,76.953,-2.271479,2.289095,-0.017068,0.458376,0.937668,-0.077944
1790939904.826142,1790939904.831480,-89.509407,47.695862,0.915031,-0.014688,-0.029825,-0.627566,-0.777853,3.458,1.602,77.841,-2.356198,2.535682,0.054544,-1.295097,-0.282573,0.019341
1790939904.849142,1790939904.862138,-89.589661,47.655594,0.919471,-0.013815,-0.019450,-0.627329,-0.778389,2.632,0.742,77.750,-2.296103,2.578512,0.166258,0.018842,-0.627467,-0.001248
1790939904.884135,1790939904.894054,-89.709206,47.597237,0.924246,-0.016215,-0.024303,-0.627005,-0.778467,3.195,1.003,77.726,-2.235821,2.697044,0.039357,-0.124436,-0.204518,0.140929
1790939904.919135,1790939904.928452,-89.836838,47.539280,0.929918,-0.012183,-0.020251,-0.627400,-0.778338,2.544,0.930,77.764,-2.187729,2.846245,0.098911,-0.636253,-0.112979,0.182300
1790939904.954135,1790939904.962763,-89.964928,47.484272,0.936157,-0.003486,-0.017910,-0.628321,-0.777741,1.601,1.345,77.887,-2.175307,2.970377,0.113688,-0.617980,0.262994,0.033058
1790939904.988127,1790939904.996640,-90.103157,47.426289,0.940373,0.005497,-0.015242,-0.628080,-0.777980,0.607,1.755,77.839,-2.196860,3.048863,0.164802,-0.361147,0.387263,-0.148219
1790939905.023127,1790939905.026717,-90.236313,47.370075,0.944885,0.015472,-0.012909,-0.626972,-0.778781,-0.454,2.264,77.664,-2.242650,3.091578,0.199495,-0.509858,0.231801,0.005268
1790939905.058127,1790939905.061784,-90.373405,47.308876,0.950315,0.018988,-0.012757,-0.627247,-0.778484,-0.778,2.504,77.702,-2.387658,3.083168,0.194098,0.039940,-0.054981,-0.040119
1790939905.093119,1790939905.096728,-90.508255,47.241146,0.957595,0.013467,-0.004883,-0.623776,-0.781472,-0.857,1.400,77.184,-2.515458,2.759890,0.331245,0.759563,-0.725916,-0.614127
1790939905.116119,1790939905.128652,-90.592690,47.194901,0.962372,-0.001789,-0.008892,-0.617064,-0.786860,0.790,0.675,76.213,-2.567584,2.720427,0.235613,0.128760,-0.677448,-0.129070
1790939905.151119,1790939905.161477,-90.721527,47.125839,0.969171,-0.002404,0.001972,-0.617987,-0.786182,0.077,-0.348,76.339,-2.460267,2.697642,0.263657,0.189974,0.091164,0.019501
1790939905.186113,1790939905.198005,-90.841179,47.059307,0.973228,-0.005137,-0.000605,-0.619967,-0.784611,0.505,-0.311,76.627,-2.389891,2.584344,0.241937,0.413916,0.174867,0.259573
1790939905.220113,1790939905.229895,-90.960754,46.990334,0.976857,-0.008601,-0.008429,-0.622126,-0.782824,1.373,0.143,76.951,-2.360788,2.517400,0.185264,0.441404,0.262714,0.104652
1790939905.255113,1790939905.260850,-91.073799,46.921955,0.980519,-0.013893,-0.016140,-0.623607,-0.781448,2.398,0.453,77.190,-2.382030,2.460667,0.114448,0.525913,0.099211,0.186013
1790939905.290106,1790939905.296533,-91.190895,46.848198,0.984697,-0.019892,-0.024291,-0.626425,-0.778849,3.522,0.740,77.642,-2.392398,2.438780,0.055814,0.402394,0.120812,0.228320
1790939905.324106,1790939905.328554,-91.300400,46.776978,0.988985,-0.021462,-0.028394,-0.628473,-0.777017,3.960,0.983,77.968,-2.383940,2.400375,0.001924,0.299571,0.269561,0.069589
1790939905.348106,1790939905.360959,-91.374847,46.728302,0.992925,-0.022251,-0.037110,-0.628365,-0.776714,4.660,1.701,78.015,-2.442470,2.566371,0.050533,-0.195459,-0.015911,0.679557
1790939905.383099,1790939905.394027,-91.495392,46.654652,1.001878,-0.015119,-0.020231,-0.635912,-0.771348,2.812,0.686,79.022,-2.389088,2.686221,0.105362,0.383476,0.261670,-0.226435
1790939905.418099,1790939905.428869,-91.611862,46.582878,1.004260,-0.018025,-0.019308,-0.634872,-0.772166,3.001,0.397,78.864,-2.363485,2.793181,0.071777,-0.142878,-0.230974,0.101546
1790939905.452099,1790939905.466610,-91.738693,46.509537,1.007408,-0.017641,-0.017916,-0.636490,-0.770875,2.866,0.296,79.098,-2.291250,2.935531,0.078324,-0.321740,0.183971,0.271898
1790939905.487091,1790939905.494860,-91.862953,46.442177,1.010893,-0.010685,-0.018484,-0.637938,-0.769792,2.295,0.849,79.315,-2.269168,3.083118,0.096098,-0.657690,0.136268,0.253569
1790939905.522091,1790939905.526862,-91.994850,46.374039,1.015604,0.000423,-0.016065,-0.638140,-0.769752,1.138,1.448,79.333,-2.274810,3.175119,0.130135,-0.474270,0.381245,-0.134686
1790939905.556091,1790939905.561787,-92.129402,46.305359,1.020876,0.009165,-0.014463,-0.636935,-0.770727,0.246,1.947,79.145,-2.326383,3.249422,0.150345,-0.511832,0.360480,-0.091630
1790939905.591084,1790939905.594336,-92.262360,46.236572,1.025083,0.019186,-0.011885,-0.637091,-0.770458,-0.827,2.451,79.157,-2.467774,3.248209,0.228551,-0.348296,-0.117846,0.073036
1790939905.614084,1790939905.627053,-92.355736,46.185181,1.027041,0.017229,-0.009571,-0.633405,-0.773570,-0.833,2.099,78.606,-2.577948,3.213452,0.206796,-0.084373,-0.520186,-0.405203
1790939905.649084,1790939905.660813,-92.484657,46.108238,1.032032,0.008264,-0.003427,-0.626923,-0.779030,-0.492,0.900,77.647,-2.682096,2.945675,0.288828,0.917947,-0.588269,-0.565878
1790939905.684077,1790939905.695121,-92.613892,46.027496,1.036917,-0.003238,0.001840,-0.623140,-0.782102,0.159,-0.396,77.092,-2.653506,2.912401,0.270640,-0.122156,-0.339695,-0.053760
1790939905.719077,1790939905.727925,-92.736496,45.951031,1.041077,-0.004479,0.002734,-0.621884,-0.783092,0.207,-0.565,76.908,-2.604915,2.793636,0.275153,0.023590,-0.085393,0.104709
1790939905.754077,1790939905.764163,-92.861053,45.870922,1.046210,-0.007564,-0.002884,-0.623838,-0.781512,0.884,-0.282,77.195,-2.559709,2.675555,0.231359,0.459093,0.270928,0.006961
1790939905.789070,1790939905.796252,-92.975250,45.794010,1.051234,-0.011003,-0.009114,-0.624430,-0.780950,1.637,0.028,77.290,-2.573176,2.602755,0.177247,0.498794,0.164663,0.143494
1790939905.823070,1790939905.828067,-93.089943,45.713799,1.052923,-0.016285,-0.017154,-0.625635,-0.779758,2.686,0.365,77.492,-2.587964,2.551975,0.104100,0.538978,0.140865,0.098985
1790939905.858070,1790939905.860600,-93.202431,45.632492,1.055164,-0.018929,-0.022708,-0.625674,-0.779524,3.321,0.671,77.523,-2.601117,2.520605,0.059515,0.265555,0.243666,-0.120612
1790939905.893064,1790939905.895866,-93.313965,45.550201,1.057176,-0.018228,-0.032200,-0.621788,-0.782311,3.933,1.588,77.011,-2.668535,2.503481,-0.018212,0.341525,1.020165,-0.756483
1790939905.916064,1790939905.927905,-93.391762,45.495396,1.062698,-0.012950,-0.026087,-0.625503,-0.779678,3.029,1.403,77.514,-2.692448,2.734951,0.203721,-0.396138,-0.240613,-0.435698
1790939905.951064,1790939905.963151,-93.507721,45.413765,1.068040,-0.012367,-0.017337,-0.624051,-0.781093,2.348,0.667,77.260,-2.702665,2.735737,0.158105,-0.489360,-1.096257,0.084807
1790939905.985060,1790939905.995948,-93.627968,45.331112,1.072015,-0.016582,-0.018116,-0.622254,-0.782430,2.780,0.442,77.000,-2.678534,2.855714,0.104716,-0.073378,-0.138597,-0.094731
1790939906.020060,1790939906.027820,-93.749016,45.252869,1.074198,-0.013185,-0.014316,-0.621762,-0.782964,2.204,0.345,76.914,-2.634476,2.989145,0.129046,-0.262926,0.118729,-0.074339
1790939906.055060,1790939906.060745,-93.877518,45.174679,1.076319,-0.005015,-0.013916,-0.620295,-0.784229,1.440,0.894,76.697,-2.640974,3.100000,0.148191,-0.592423,0.302162,-0.049607
1790939906.090055,1790939906.096698,-94.008850,45.096901,1.079509,0.005227,-0.011877,-0.619134,-0.785178,0.372,1.440,76.518,-2.681676,3.162233,0.174190,-0.390044,0.356308,-0.066753
1790939906.125055,1790939906.128997,-94.138992,45.020126,1.083119,0.013930,-0.009056,-0.618367,-0.785714,-0.613,1.803,76.397,-2.747488,3.210952,0.222534,-0.741130,0.045892,0.011317
1790939906.159055,1790939906.161374,-94.276527,44.935875,1.088193,0.017291,-0.008706,-0.616677,-0.786978,-0.945,2.007,76.148,-2.947293,3.137405,0.218524,-0.082536,-0.181137,-0.348208
1790939906.183048,1790939906.193473,-94.360855,44.880417,1.091830,0.013915,-0.000173,-0.611107,-0.791425,-1.250,0.990,75.337,-3.054060,2.975502,0.352802,0.282017,-1.063642,-0.626726
1790939906.217048,1790939906.228545,-94.491158,44.787739,1.097729,-0.004011,-0.001398,-0.601208,-0.799081,0.464,-0.148,73.913,-3.119284,2.748275,0.270278,0.597283,-0.660335,-0.331549
1790939906.252048,1790939906.262433,-94.613281,44.701073,1.099840,-0.005747,0.007265,-0.599257,-0.800503,0.028,-1.061,73.637,-3.047229,2.685059,0.319918,0.331797,0.268413,-0.315745
1790939906.287041,1790939906.296149,-94.733925,44.613251,1.102700,-0.008823,0.004984,-0.601001,-0.799184,0.465,-1.064,73.883,-2.984241,2.570315,0.284580,0.484298,0.213081,0.143332
1790939906.321042,1790939906.329874,-94.849770,44.525543,1.105854,-0.013364,-0.002405,-0.602064,-0.798332,1.389,-0.702,74.035,-2.959209,2.495274,0.229212,0.532669,0.243050,0.088112
1790939906.356041,1790939906.361783,-94.960426,44.438808,1.109371,-0.018271,-0.010351,-0.603354,-0.797197,2.385,-0.318,74.233,-2.971695,2.437187,0.162231,0.537298,0.234468,0.082780
1790939906.391034,1790939906.393816,-95.071945,44.349079,1.113458,-0.021731,-0.017325,-0.603848,-0.796615,3.184,0.078,74.328,-2.988370,2.402400,0.106910,0.367351,0.322394,-0.009770
1790939906.426034,1790939906.429478,-95.178421,44.261036,1.116136,-0.022210,-0.024111,-0.602397,-0.797523,3.697,0.670,74.152,-3.006279,2.312074,0.019884,0.288854,0.343863,-0.223287
1790939906.484028,1790939906.495840,-95.372147,44.108448,1.124259,-0.014154,-0.019747,-0.603052,-0.797332,2.659,0.826,74.222,-3.071123,2.613701,0.060078,0.105128,-0.152291,-0.188414
1790939906.519028,1790939906.527992,-95.486816,44.020580,1.126924,-0.016323,-0.017903,-0.600934,-0.798932,2.728,0.515,73.911,-3.081479,2.648585,0.062805,0.450892,0.244323,-0.121798
1790939906.553028,1790939906.562840,-95.608231,43.932869,1.130219,-0.016356,-0.015308,-0.602105,-0.798102,2.553,0.272,74.069,-3.032308,2.801365,0.119432,-0.356862,-0.092417,0.366645
1790939906.588021,1790939906.594548,-95.730331,43.850132,1.134305,-0.010227,-0.013925,-0.603053,-0.797514,1.897,0.566,74.200,-3.021322,2.935461,0.135807,-0.550591,0.219254,-0.062874
1790939906.623021,1790939906.629221,-95.863129,43.764977,1.139896,0.000378,-0.010773,-0.602948,-0.797707,0.710,1.011,74.174,-3.024386,3.017864,0.185405,-0.434023,0.365306,-0.076891
1790939906.658021,1790939906.660923,-95.992134,43.683739,1.141683,0.008905,-0.009810,-0.601458,-0.798794,-0.139,1.512,73.955,-3.073900,3.079469,0.197718,-0.589427,0.293456,-0.097821
1790939906.692014,1790939906.697904,-96.126373,43.598503,1.144686,0.016182,-0.008629,-0.600310,-0.799557,-0.890,1.904,73.784,-3.241144,3.043902,0.231250,-0.072192,-0.094569,-0.215512
1790939906.716014,1790939906.727922,-96.215073,43.539909,1.147069,0.014351,-0.003071,-0.595267,-0.803394,-1.112,1.262,73.060,-3.362108,2.996064,0.267857,0.018849,-0.578139,-0.686901
1790939906.751014,1790939906.761633,-96.346184,43.446503,1.153155,0.003307,0.001490,-0.585810,-0.810441,-0.407,0.084,71.721,-3.476737,2.695542,0.361109,0.518957,-0.964616,-0.357362
1790939906.785007,1790939906.796212,-96.473633,43.352711,1.158901,-0.006341,0.008271,-0.581721,-0.813322,0.040,-1.194,71.147,-3.416731,2.647585,0.352440,-0.453781,-0.389842,-0.125869
1790939906.820007,1790939906.830193,-96.594406,43.263294,1.163979,-0.007042,0.008898,-0.578483,-0.815616,0.068,-1.299,70.692,-3.386489,2.482005,0.364565,-0.047144,-0.128500,0.132929
1790939906.855007,1790939906.860503,-96.713821,43.171280,1.166704,-0.009951,0.005185,-0.580014,-0.814529,0.584,-1.145,70.902,-3.356182,2.363621,0.311609,0.436724,0.163711,0.111364
1790939906.890001,1790939906.896548,-96.826149,43.081207,1.168593,-0.015574,-0.003617,-0.580289,-0.814254,1.694,-0.698,70.942,-3.358274,2.275742,0.230799,0.587239,0.195690,0.098156
1790939906.924001,1790939906.928974,-96.942314,42.985092,1.171289,-0.021057,-0.010926,-0.581260,-0.813372,2.691,-0.384,71.092,-3.374571,2.219920,0.162142,0.514130,0.136735,0.092616
1790939906.959001,1790939906.961854,-97.050568,42.893135,1.174337,-0.025278,-0.018561,-0.581303,-0.813083,3.594,0.045,71.126,-3.380467,2.188186,0.108068,0.290626,0.234640,-0.072134
1790939907.016992,1790939907.028718,-97.238388,42.737808,1.185027,-0.018413,-0.022646,-0.582364,-0.812404,3.227,0.879,71.294,-3.467966,2.423649,0.214680,-0.652919,-0.474854,-0.155574
1790939907.051992,1790939907.064152,-97.354149,42.646351,1.190474,-0.016687,-0.010514,-0.581395,-0.813382,2.256,-0.132,71.111,-3.464098,2.435038,0.261380,0.154638,-0.379106,-0.073431
1790939907.085986,1790939907.093867,-97.477882,42.551620,1.191709,-0.020231,-0.015787,-0.580917,-0.813558,2.938,0.125,71.060,-3.412624,2.553344,0.139960,-0.092946,-0.217230,0.143012
1790939907.120986,1790939907.127929,-97.599129,42.464813,1.193904,-0.016050,-0.012176,-0.580814,-0.813787,2.308,0.067,71.034,-3.363772,2.705324,0.166712,-0.589352,-0.053979,0.034617
1790939907.155986,1790939907.163488,-97.728035,42.378139,1.197587,-0.006232,-0.010065,-0.580701,-0.814031,1.251,0.524,71.011,-3.357717,2.808559,0.194044,-0.582004,0.225865,0.028142
1790939907.190975,1790939907.194093,-97.859688,42.292412,1.202474,0.002080,-0.009470,-0.579628,-0.814824,0.435,1.022,70.856,-3.403569,2.874854,0.199446,-0.475412,0.362987,-0.197070
1790939907.225975,1790939907.227695,-97.990280,42.208405,1.207669,0.013473,-0.007091,-0.577273,-0.816409,-0.792,1.555,70.517,-3.465727,2.885860,0.244534,-0.678542,0.205858,-0.030969
1790939907.248975,1790939907.261003,-98.082901,42.146629,1.212219,0.015241,-0.006707,-0.574075,-0.818633,-0.989,1.632,70.067,-3.630978,2.818689,0.250597,-0.082961,-0.308010,-0.318263
1790939907.283968,1790939907.294313,-98.213219,42.054852,1.215287,0.010995,0.002880,-0.566966,-0.823663,-1.225,0.442,69.078,-3.797292,2.579382,0.388922,0.710280,-0.882183,-1.076907
1790939907.317969,1790939907.329012,-98.341774,41.955540,1.220091,-0.006040,0.002260,-0.555805,-0.831288,0.431,-0.600,67.532,-3.842161,2.380089,0.321131,0.459250,-0.565514,-0.265077
1790939907.352968,1790939907.361961,-98.468719,41.858177,1.224381,-0.006389,0.009165,-0.554474,-0.832126,0.027,-1.280,67.353,-3.753845,2.328450,0.353860,0.109376,0.160713,-0.157920
1790939907.387963,1790939907.396203,-98.587250,41.763367,1.228849,-0.007975,0.009020,-0.556143,-0.830999,0.185,-1.367,67.582,-3.706892,2.193536,0.358863,0.352084,0.095961,0.170475
1790939907.421963,1790939907.429904,-98.704353,41.664753,1.233694,-0.012898,0.002315,-0.556889,-0.830483,1.080,-1.043,67.679,-3.687697,2.095173,0.298070,0.480771,0.198325,0.057511
1790939907.456963,1790939907.461270,-98.814995,41.567425,1.238642,-0.017768,-0.003809,-0.557962,-0.829668,1.933,-0.774,67.830,-3.700913,2.028443,0.248932,0.549742,0.125994,0.095808
1790939907.491957,1790939907.496805,-98.929802,41.463131,1.239898,-0.023365,-0.011748,-0.558840,-0.828863,2.973,-0.380,67.968,-3.711495,1.979425,0.181020,0.537985,0.304710,0.053548
1790939907.526957,1790939907.528797,-99.036156,41.363480,1.241476,-0.025623,-0.019618,-0.558370,-0.828964,3.692,0.224,67.934,-3.712747,1.911756,0.090135,0.507115,0.427200,-0.091288
1790939907.549957,1790939907.562078,-99.111626,41.292831,1.243860,-0.026181,-0.024668,-0.556943,-0.829772,4.067,0.675,67.763,-3.797088,2.086054,0.157594,0.639667,0.990881,-0.646663
1790939907.584950,1790939907.597124,-99.225670,41.193336,1.251993,-0.018711,-0.016315,-0.560043,-0.828091,2.824,0.347,68.150,-3.783285,2.181200,0.165574,-0.295922,0.045534,-0.215272
1790939907.619950,1790939907.627155,-99.343452,41.090939,1.256867,-0.019149,-0.012368,-0.557342,-0.829970,2.612,-0.047,67.763,-3.766903,2.232558,0.148759,0.331241,0.233578,-0.078479
1790939907.653950,1790939907.664524,-99.463531,40.991112,1.261365,-0.019195,-0.012433,-0.559555,-0.828477,2.620,-0.050,68.069,-3.704465,2.379193,0.161351,-0.303136,0.093676,0.322429
1790939907.688941,1790939907.696846,-99.583664,40.896599,1.263744,-0.012700,-0.012607,-0.560224,-0.828148,2.015,0.381,68.162,-3.713119,2.511737,0.179456,-0.649257,0.109293,0.064840
1790939907.723941,1790939907.727983,-99.710648,40.800377,1.266218,-0.004170,-0.010215,-0.560203,-0.828282,1.052,0.702,68.151,-3.715660,2.585011,0.208129,-0.422801,0.344864,-0.054454
1790939907.758941,1790939907.761863,-99.836220,40.706524,1.269573,0.005858,-0.010350,-0.558118,-0.829677,0.105,1.359,67.858,-3.770805,2.634193,0.198555,-0.586127,0.299509,-0.136804
1790939907.792933,1790939907.797209,-99.971375,40.604832,1.274195,0.013953,-0.008666,-0.557092,-0.830289,-0.775,1.716,67.709,-3.958960,2.592409,0.237896,-0.151960,-0.242891,-0.136600
1790939907.816933,1790939907.827898,-100.058022,40.536419,1.277516,0.011934,-0.004763,-0.553467,-0.832772,-0.837,1.212,67.208,-4.063549,2.538118,0.256839,-0.177637,-0.650646,-0.448831
1790939907.850933,1790939907.863217,-100.183121,40.430000,1.284227,0.001323,0.002992,-0.543230,-0.839577,-0.313,-0.205,65.809,-4.158761,2.204188,0.396560,0.677060,-0.857582,-0.369735
1790939907.885926,1790939907.897777,-100.307373,40.318996,1.289467,-0.009266,0.008849,-0.538692,-0.842405,0.348,-1.426,65.191,-4.113097,2.144159,0.385862,-0.232930,-0.404615,-0.140558
1790939907.920926,1790939907.929898,-100.428452,40.209293,1.291430,-0.009592,0.009721,-0.535908,-0.844166,0.331,-1.530,64.813,-4.070398,1.976382,0.393502,0.078172,0.029616,0.077842
1790939907.955926,1790939907.961782,-100.543800,40.098759,1.294019,-0.013244,0.004688,-0.537715,-0.843010,0.991,-1.269,65.053,-4.053478,1.859992,0.347287,0.459168,0.249993,-0.022536
1790939907.989919,1790939907.994404,-100.652489,39.989162,1.297138,-0.017528,-0.000814,-0.537440,-0.843119,1.744,-1.001,65.015,-4.070254,1.767520,0.299117,0.497082,0.223033,0.059678
1790939908.024919,1790939908.028998,-100.759003,39.877151,1.300672,-0.024346,-0.007640,-0.538598,-0.842177,2.822,-0.765,65.181,-4.083413,1.710320,0.237883,0.488879,0.150475,0.103643
1790939908.059919,1790939908.062157,-100.869759,39.758381,1.305441,-0.028724,-0.014135,-0.538776,-0.841841,3.646,-0.410,65.225,-4.090536,1.663426,0.195065,0.262557,0.200131,-0.088810
1790939908.083913,1790939908.096002,-100.935974,39.685028,1.307790,-0.029118,-0.024134,-0.535095,-0.843945,4.300,0.549,64.773,-4.093796,1.574134,0.047337,0.361247,1.133005,-0.484429
1790939908.117913,1790939908.129025,-101.049385,39.566280,1.311943,-0.023439,-0.020159,-0.538596,-0.841997,3.508,0.498,65.226,-4.189674,1.842606,0.275920,-1.037813,-0.360195,-0.236665
1790939908.151913,1790939908.161721,-101.159752,39.452774,1.315681,-0.022408,-0.012497,-0.536996,-0.843195,2.935,-0.171,64.978,-4.194133,1.829987,0.237932,-0.332112,-0.803386,0.163731
1790939908.187906,1790939908.194223,-101.274254,39.337898,1.318149,-0.024936,-0.013758,-0.537866,-0.842549,3.257,-0.209,65.101,-4.147354,1.960075,0.206219,-0.124965,-0.111028,0.119160
1790939908.221906,1790939908.228929,-101.392136,39.225487,1.321772,-0.020739,-0.010663,-0.538292,-0.842436,2.661,-0.250,65.149,-4.092803,2.099789,0.216265,-0.425172,0.034160,0.065389
1790939908.256906,1790939908.262356,-101.509277,39.118679,1.326259,-0.012932,-0.009947,-0.537526,-0.843090,1.862,0.164,65.043,-4.100269,2.191508,0.212850,-0.570994,0.204518,0.028301
1790939908.291901,1790939908.295948,-101.633095,39.008476,1.331983,-0.003259,-0.009209,-0.536973,-0.843543,0.882,0.690,64.964,-4.143194,2.242151,0.221655,-0.402202,0.324327,-0.116581
1790939908.314901,1790939908.326883,-101.715431,38.935871,1.332886,0.007468,-0.007663,-0.534849,-0.844880,-0.253,1.200,64.669,-4.191266,2.255582,0.234496,-0.670561,0.136564,-0.064758
1790939908.360901,1790939908.364764,-101.884789,38.782791,1.336594,0.009600,-0.007259,-0.532276,-0.846485,-0.489,1.290,64.318,-4.431936,2.162923,0.236718,-0.049960,-0.174865,-0.346031
1790939908.383895,1790939908.394103,-101.967834,38.702888,1.339368,0.006017,0.002034,-0.526068,-0.850419,-0.709,0.164,63.481,-4.520838,1.989283,0.389979,-0.092924,-0.910690,-0.607295
1790939908.418895,1790939908.426908,-102.085152,38.580032,1.344566,-0.009906,0.004718,-0.516482,-0.856228,0.693,-1.049,62.191,-4.579753,1.709123,0.384424,0.835773,-0.546125,-0.472985
1790939908.453895,1790939908.460169,-102.203362,38.454960,1.349454,-0.012769,0.011181,-0.513902,-0.857681,0.597,-1.851,61.848,-4.471827,1.638659,0.412819,0.189085,0.177479,-0.292210
1790939908.488887,1790939908.496812,-102.316521,38.329544,1.354898,-0.015025,0.010333,-0.514452,-0.857325,0.867,-1.901,61.919,-4.434815,1.487384,0.419662,0.394714,0.140257,0.167082
1790939908.522887,1790939908.526973,-102.424774,38.202194,1.356931,-0.019347,0.005500,-0.515302,-0.856772,1.576,-1.683,62.026,-4.424330,1.390370,0.379801,0.485116,0.240736,-0.017819
1790939908.558887,1790939908.562064,-102.526718,38.076805,1.358281,-0.024914,-0.001640,-0.515915,-0.856276,2.543,-1.312,62.110,-4.441649,1.306896,0.328030,0.528657,0.160924,0.087503
1790939908.592878,1790939908.598193,-102.629387,37.946156,1.360331,-0.030657,-0.009256,-0.516893,-0.855451,3.556,-0.909,62.255,-4.462325,1.252974,0.272385,0.467774,0.238760,0.029987
1790939908.627878,1790939908.630582,-102.730125,37.814495,1.363171,-0.033044,-0.016030,-0.516029,-0.855784,4.192,-0.382,62.165,-4.475050,1.163063,0.188046,0.363599,0.357507,-0.168163
1790939908.685873,1790939908.693844,-102.903862,37.597084,1.374725,-0.025947,-0.013986,-0.515973,-0.856098,3.374,-0.162,62.150,-4.548514,1.405058,0.219912,-0.826187,-0.493549,-0.464356
1790939908.720873,1790939908.727999,-103.008438,37.470619,1.377981,-0.025771,-0.009358,-0.513250,-0.857801,3.085,-0.596,61.771,-4.512849,1.419287,0.221386,0.256048,0.318134,0.030483
1790939908.754873,1790939908.760902,-103.118263,37.343681,1.378040,-0.025727,-0.010247,-0.515194,-0.856626,3.132,-0.513,62.033,-4.468365,1.557002,0.227491,-0.201456,0.194087,0.033548
1790939908.789864,1790939908.795762,-103.228188,37.223206,1.379719,-0.018942,-0.009635,-0.514048,-0.857498,2.430,-0.169,61.880,-4.476472,1.658731,0.233644,-0.686650,0.018096,-0.002570
1790939908.824864,1790939908.827893,-103.347511,37.098309,1.383446,-0.011036,-0.008602,-0.513482,-0.857987,1.591,0.196,61.801,-4.491057,1.711628,0.246263,-0.453121,0.241648,-0.043570
1790939908.858864,1790939908.861646,-103.462486,36.979801,1.387696,-0.002324,-0.009009,-0.511972,-0.858952,0.757,0.750,61.598,-4.541114,1.738199,0.227671,-0.604767,0.222304,-0.089035
1790939908.894856,1790939908.898586,-103.578606,36.858414,1.393284,0.001846,-0.007427,-0.510919,-0.859595,0.253,0.840,61.454,-4.695631,1.614093,0.239646,0.307286,-0.336120,-0.508218
1790939908.917856,1790939908.926812,-103.657433,36.768070,1.398630,-0.005291,-0.007859,-0.507428,-0.861642,0.979,0.468,60.992,-4.799146,1.349629,0.334959,1.499019,-1.014783,-0.558710
1790939908.952856,1790939908.961667,-103.766983,36.638958,1.400135,-0.018651,-0.002436,-0.504361,-0.863288,1.987,-0.837,60.575,-4.705855,1.319124,0.325790,-0.413491,-0.643294,0.102575
1790939908.986850,1790939908.995902,-103.880547,36.504284,1.402975,-0.018932,-0.000142,-0.502729,-0.864237,1.884,-1.077,60.356,-4.653649,1.227115,0.415890,-0.495288,-0.416018,0.157447
1790939909.021850,1790939909.027701,-103.985291,36.376137,1.407657,-0.017965,0.004450,-0.504293,-0.863334,1.521,-1.479,60.561,-4.632334,1.143275,0.413675,-0.022399,-0.060566,0.235211
1790939909.056850,1790939909.061863,-104.091370,36.243908,1.412850,-0.019689,0.006090,-0.509274,-0.860358,1.587,-1.750,61.221,-4.587087,1.146114,0.427692,0.123682,-0.054849,0.340849
1790939909.090843,1790939909.095272,-104.195541,36.113453,1.418200,-0.022068,0.005003,-0.513965,-0.857513,1.875,-1.792,61.845,-4.526616,1.200012,0.406526,0.165259,0.016715,0.430257
1790939909.125843,1790939909.127770,-104.299774,35.985531,1.424195,-0.023534,0.002465,-0.520209,-0.853711,2.157,-1.644,62.681,-4.455120,1.309082,0.380639,0.107214,0.152405,0.361901
1790939909.148843,1790939909.160890,-104.368362,35.902805,1.424842,-0.023643,-0.000569,-0.524360,-0.851168,2.342,-1.365,63.242,-4.412342,1.381509,0.361108,0.065401,0.207987,0.279016
1790939909.184837,1790939909.193783,-104.470085,35.782490,1.426835,-0.022004,-0.005027,-0.526897,-0.849629,2.447,-0.839,63.592,-4.375697,1.434788,0.313909,0.049832,0.332429,0.105896
1790939909.218837,1790939909.228360,-104.574921,35.659454,1.430116,-0.018766,-0.009885,-0.528635,-0.848584,2.424,-0.176,63.839,-4.367121,1.456978,0.264038,0.000452,0.374375,0.108748
1790939909.253837,1790939909.259993,-104.676529,35.539509,1.434219,-0.015848,-0.014285,-0.530079,-0.847680,2.408,0.425,64.047,-4.383131,1.451937,0.221769,-0.033579,0.287723,0.129161
1790939909.288828,1790939909.294769,-104.784157,35.411530,1.439552,-0.013110,-0.018159,-0.531656,-0.846664,2.379,0.963,64.273,-4.424708,1.442953,0.175521,0.004988,0.197805,0.050969
1790939909.323828,1790939909.327056,-104.885406,35.288532,1.444283,-0.012523,-0.020342,-0.532171,-0.846300,2.456,1.209,64.351,-4.472621,1.447019,0.118115,0.051513,0.132972,0.097903
1790939909.357828,1790939909.364011,-104.991364,35.160835,1.445390,-0.012338,-0.019267,-0.532991,-0.845811,2.374,1.114,64.458,-4.518481,1.504871,0.109971,-0.233950,-0.247174,0.023401
1790939909.392822,1790939909.395746,-105.095627,35.037197,1.445452,-0.008880,-0.015254,-0.533627,-0.845536,1.794,0.935,64.528,-4.494705,1.549491,0.160330,-0.257649,0.058153,0.111742
1790939909.416822,1790939909.428322,-105.166138,34.954453,1.446968,-0.004644,-0.014476,-0.535619,-0.844323,1.338,1.116,64.793,-4.469507,1.562956,0.192019,-0.337446,0.228129,0.213552
1790939909.450822,1790939909.460786,-105.274521,34.825531,1.451738,0.001347,-0.019221,-0.540050,-0.841412,1.060,1.937,65.406,-4.464446,1.523961,0.167156,0.007481,0.494208,0.504598
1790939909.485817,1790939909.493987,-105.374908,34.698711,1.457312,0.001189,-0.024692,-0.547922,-0.836164,1.438,2.441,66.503,-4.575418,1.515631,0.109958,0.154023,-0.021084,0.671308
1790939909.519817,1790939909.527796,-105.476509,34.562374,1.463210,-0.004917,-0.024745,-0.556421,-0.830518,2.047,2.042,67.678,-4.700703,1.459932,0.093111,0.748098,-0.228342,0.126572
1790939909.554817,1790939909.561872,-105.576500,34.420425,1.466701,-0.013330,-0.020063,-0.559713,-0.828336,2.553,1.049,68.118,-4.742000,1.441565,0.132323,-0.028555,-0.799472,0.436513
1790939909.589811,1790939909.595780,-105.673065,34.275505,1.466423,-0.023342,-0.018475,-0.564019,-0.825225,3.403,0.238,68.710,-4.755522,1.370550,0.171465,0.319288,-0.300513,0.255672
1790939909.624811,1790939909.628950,-105.763847,34.132904,1.467888,-0.029705,-0.019694,-0.564733,-0.824504,4.085,-0.062,68.815,-4.775766,1.312936,0.210594,0.208196,-0.306462,-0.016366
1790939909.647811,1790939909.664523,-105.824219,34.035603,1.470198,-0.034745,-0.017494,-0.562837,-0.825652,4.420,-0.586,68.541,-4.790825,1.253378,0.262389,0.003452,-0.385507,-0.076910
1790939909.682802,1790939909.694073,-105.913795,33.886810,1.474192,-0.037440,-0.016700,-0.561755,-0.826287,4.626,-0.829,68.386,-4.750211,1.132237,0.256734,0.485433,0.252469,-0.137675
1790939909.717802,1790939909.726872,-106.000900,33.743309,1.481505,-0.037710,-0.013323,-0.561333,-0.826623,4.434,-1.164,68.313,-4.737790,1.326260,0.490181,-0.777757,-0.705538,0.111979
1790939909.751802,1790939909.760885,-106.098770,33.593895,1.492053,-0.030971,-0.004986,-0.560827,-0.827338,3.260,-1.518,68.221,-4.695043,1.391972,0.445574,-0.289402,-0.055609,-0.166328
1790939909.786795,1790939909.795947,-106.191383,33.453701,1.493424,-0.031850,-0.004531,-0.559916,-0.827925,3.316,-1.614,68.093,-4.688347,1.395512,0.333726,0.178437,0.078660,-0.047736
1790939909.821795,1790939909.827964,-106.289093,33.313229,1.494297,-0.031978,-0.008769,-0.560477,-0.827506,3.599,-1.222,68.182,-4.607331,1.568116,0.300070,-0.165310,0.233365,0.171305
1790939909.856795,1790939909.860817,-106.388878,33.179329,1.496883,-0.023435,-0.007015,-0.562477,-0.826451,2.673,-0.846,68.458,-4.556959,1.666781,0.289729,-0.563970,0.184752,0.141027
1790939909.890789,1790939909.897091,-106.496292,33.040821,1.500844,-0.014838,-0.008378,-0.562269,-0.826779,1.946,-0.162,68.434,-4.528959,1.695159,0.259172,-0.357794,0.301723,-0.017617
1790939909.914789,1790939909.926802,-106.565796,32.953327,1.503835,-0.004729,-0.010553,-0.561799,-0.827193,1.128,0.696,68.373,-4.522003,1.733969,0.208203,-0.445356,0.486374,-0.026102
1790939909.960789,1790939909.963671,-106.707535,32.778973,1.510772,0.003334,-0.012242,-0.563591,-0.825957,0.475,1.374,68.621,-4.583055,1.761652,0.197763,-0.127993,0.362785,0.005146
1790939909.983783,1790939909.993866,-106.778839,32.690845,1.511698,0.005152,-0.014983,-0.563427,-0.826014,0.480,1.751,68.603,-4.626758,1.729150,0.204482,0.135119,0.302206,0.061842
1790939910.018783,1790939910.031995,-106.882538,32.558315,1.515319,0.001535,-0.020624,-0.565091,-0.824769,1.191,2.049,68.855,-4.714077,1.610829,0.179244,0.378765,-0.027179,-0.032801
1790939910.053783,1790939910.062916,-106.989975,32.412582,1.520876,-0.006271,-0.025180,-0.562840,-0.826159,2.220,1.980,68.570,-4.877219,1.461860,0.136475,0.645279,0.013582,-0.341452
1790939910.088776,1790939910.094660,-107.092133,32.271786,1.525342,-0.004278,-0.015377,-0.559964,-0.828364,1.393,1.185,68.131,-4.914514,1.405134,0.186127,-0.569220,-0.517864,0.175731
1790939910.122776,1790939910.128352,-107.193535,32.123993,1.529062,-0.006532,-0.015747,-0.562762,-0.826443,1.635,1.070,68.521,-4.964918,1.246048,0.141952,0.346577,0.040445,0.286556
1790939910.157776,1790939910.160767,-107.288734,31.976851,1.533116,-0.013909,-0.014131,-0.566371,-0.823912,2.231,0.431,69.019,-5.060011,1.169914,0.188288,0.377559,-0.368457,0.113008
1790939910.192770,1790939910.196638,-107.387901,31.817383,1.534811,-0.023764,-0.011675,-0.567792,-0.822746,3.002,-0.445,69.209,-5.067596,1.092245,0.264257,0.351570,-0.463064,0.060758
1790939910.215770,1790939910.227118,-107.449478,31.715174,1.535147,-0.033747,-0.010274,-0.567668,-0.822501,3.853,-1.227,69.183,-5.064987,1.059852,0.331665,0.362911,-0.408427,0.013643
1790939910.250770,1790939910.259637,-107.538826,31.564623,1.536837,-0.038732,-0.009571,-0.567454,-0.822438,4.278,-1.617,69.148,-5.001782,1.009310,0.361755,0.569153,0.282378,-0.266755
1790939910.284763,1790939910.295027,-107.631355,31.412287,1.542814,-0.038257,-0.008324,-0.565778,-0.823628,4.156,-1.695,68.911,-4.943402,1.205137,0.504518,-0.891056,-0.608640,0.298716
1790939910.320763,1790939910.327798,-107.724884,31.267937,1.550954,-0.030085,-0.006610,-0.566258,-0.823653,3.271,-1.328,68.979,-4.908353,1.194285,0.443232,0.081234,0.247166,0.175393
1790939910.354763,1790939910.362628,-107.824661,31.116468,1.557568,-0.031406,-0.011197,-0.568929,-0.821711,3.690,-0.993,69.363,-4.874419,1.280094,0.300237,0.287683,0.110592,0.235792
1790939910.389756,1790939910.392879,-107.922104,30.975723,1.560703,-0.032799,-0.016498,-0.572096,-0.819365,4.165,-0.601,69.825,-4.838359,1.486209,0.244747,-0.037878,0.090985,0.269569
1790939910.424756,1790939910.428717,-108.027252,30.833899,1.561712,-0.023878,-0.010929,-0.574563,-0.818039,2.959,-0.548,70.152,-4.801618,1.625257,0.254539,-0.584403,0.069366,0.014108
1790939910.459756,1790939910.461695,-108.134743,30.694502,1.563402,-0.015943,-0.009982,-0.573622,-0.818904,2.153,-0.111,70.018,-4.752647,1.681102,0.237529,-0.435762,0.356770,-0.064568
1790939910.482749,1790939910.495443,-108.203049,30.608189,1.565197,-0.005561,-0.011000,-0.573139,-0.819366,1.245,0.668,69.952,-4.751451,1.696677,0.224405,-0.381504,0.315677,-0.103146
1790939910.528749,1790939910.531643,-108.348221,30.422146,1.572236,0.001623,-0.014688,-0.572368,-0.819864,0.811,1.487,69.850,-4.822005,1.601755,0.211648,0.125512,0.535372,0.060097
1790939910.551749,1790939910.563741,-108.417648,30.329147,1.576762,0.003284,-0.018747,-0.573598,-0.818916,0.925,1.975,70.034,-4.900727,1.517863,0.164224,0.342560,0.212699,0.176824
1790939910.586744,1790939910.594012,-108.520821,30.182444,1.584316,-0.003208,-0.021335,-0.574251,-0.818395,1.706,1.790,70.140,-5.066334,1.400595,0.145948,0.332598,-0.303515,-0.038061
1790939910.621743,1790939910.629183,-108.623215,30.030977,1.585770,-0.008016,-0.015105,-0.572516,-0.819715,1.744,0.893,69.877,-5.138627,1.333313,0.194150,-0.318069,-0.592596,-0.028062
1790939910.655744,1790939910.662876,-108.722633,29.877018,1.587192,-0.011290,-0.011746,-0.574129,-0.818603,1.832,0.359,70.094,-5.159281,1.188905,0.216222,0.254739,-0.218261,0.314036
1790939910.690737,1790939910.693900,-108.815613,29.725574,1.589566,-0.017040,-0.012473,-0.576384,-0.816907,2.420,0.042,70.412,-5.176199,1.122529,0.258547,0.369301,0.020449,0.022714
1790939910.714737,1790939910.726939,-108.877731,29.622183,1.592352,-0.022059,-0.014462,-0.575148,-0.817624,3.021,-0.099,70.245,-5.228550,1.113530,0.286209,0.112149,-0.244108,0.120419
1790939910.748737,1790939910.760916,-108.973961,29.464188,1.598734,-0.024519,-0.007746,-0.575098,-0.817681,2.809,-0.890,70.218,-5.248670,1.130485,0.362690,0.136794,-0.297513,0.078323
1790939910.783731,1790939910.794765,-109.067108,29.311096,1.604524,-0.029979,-0.006880,-0.575373,-0.817312,3.264,-1.332,70.252,-5.227621,1.147772,0.368403,0.303823,-0.122564,-0.011234
1790939910.818730,1790939910.827400,-109.166817,29.150373,1.606877,-0.033541,-0.006821,-0.575208,-0.817291,3.595,-1.572,70.226,-5.194966,1.198000,0.368866,0.208179,-0.020062,0.036936
1790939910.852731,1790939910.861662,-109.262337,29.000946,1.608131,-0.035589,-0.008099,-0.576581,-0.816225,3.868,-1.594,70.421,-5.143355,1.303814,0.382574,-0.125371,-0.126517,0.188279
1790939910.887725,1790939910.894968,-109.360321,28.854107,1.611171,-0.034499,-0.007828,-0.578066,-0.815223,3.745,-1.554,70.629,-5.093017,1.409212,0.370601,-0.099119,0.118451,0.142899
1790939910.922724,1790939910.927992,-109.468384,28.701464,1.615239,-0.029562,-0.007020,-0.581848,-0.812730,3.224,-1.317,71.162,-5.042797,1.635661,0.329509,-0.770920,-0.101546,0.331430
1790939910.957725,1790939910.961461,-109.574394,28.561255,1.619480,-0.019834,-0.003264,-0.582173,-0.812816,2.066,-1.019,71.205,-4.988868,1.741909,0.340370,-0.610973,0.300621,-0.187853
1790939910.991719,1790939910.996854,-109.687347,28.418970,1.624265,-0.006621,-0.003020,-0.581192,-0.813734,0.819,-0.159,71.070,-4.990596,1.815224,0.251400,-0.525589,0.472806,0.029792
1790939911.015719,1790939911.026875,-109.762444,28.326433,1.625432,0.002802,-0.003295,-0.582076,-0.813123,-0.041,0.494,71.194,-4.988392,1.838210,0.229057,-0.169037,0.190581,0.015597
1790939911.050719,1790939911.060105,-109.876587,28.185005,1.625486,0.002288,-0.006083,-0.582183,-0.813032,0.193,0.719,71.211,-5.005979,1.837272,0.237768,0.191571,0.072035,-0.014133
1790939911.084713,1790939911.095771,-109.992088,28.044071,1.628078,-0.000901,-0.008615,-0.581482,-0.813513,0.658,0.743,71.117,-5.036999,1.885310,0.223837,0.476236,-0.031892,-0.081539
1790939911.119713,1790939911.126791,-110.107979,27.908592,1.631361,-0.004188,-0.010187,-0.581559,-0.813430,1.069,0.670,71.132,-5.022317,2.061742,0.242518,-0.087794,-0.158571,0.218131
1790939911.154712,1790939911.161591,-110.226875,27.766138,1.643400,-0.004829,-0.009224,-0.581743,-0.813306,1.065,0.538,71.156,-5.147899,1.821343,0.489601,1.979130,-0.472425,-0.966128
1790939911.189706,1790939911.195944,-110.343063,27.623632,1.653769,-0.015596,-0.017898,-0.572449,-0.819597,2.640,0.658,69.880,-5.121410,1.736241,0.278153,-0.777363,0.100350,-0.412758
1790939911.223706,1790939911.228606,-110.459030,27.481798,1.660136,-0.003393,-0.018471,-0.567777,-0.822968,1.523,1.521,69.225,-5.198351,1.600692,0.186637,-1.063483,0.172766,-0.324593
1790939911.246706,1790939911.259961,-110.533646,27.386148,1.661050,0.001578,-0.015953,-0.565164,-0.824823,0.884,1.610,68.850,-5.271237,1.433276,0.131644,0.049367,-0.253515,-0.081174
1790939911.293699,1790939911.297195,-110.678719,27.189091,1.662310,-0.006002,-0.013203,-0.563608,-0.825915,1.421,0.862,68.630,-5.373571,1.295633,0.128880,0.188935,-0.453719,-0.004561
1790939911.316699,1790939911.328073,-110.749901,27.089535,1.663064,-0.013121,-0.011367,-0.563502,-0.825933,1.976,0.229,68.612,-5.382032,1.232794,0.191761,0.481789,-0.401440,-0.079269
1790939911.351699,1790939911.362640,-110.853058,26.941074,1.665638,-0.022521,-0.007671,-0.561241,-0.827310,2.629,-0.721,68.289,-5.404344,1.106946,0.283605,0.207316,-0.643260,-0.120855
1790939911.421692,1790939911.428163,-111.062080,26.637671,1.682358,-0.023179,0.007843,-0.579388,-0.814684,1.645,-2.272,70.807,-5.279374,1.516587,0.493981,-1.011717,-0.139521,1.674666
1790939911.455692,1790939911.462525,-111.170189,26.491808,1.682334,-0.010371,0.010333,-0.599403,-0.800313,0.241,-1.660,73.660,-5.151761,1.736841,0.355005,0.550637,1.285880,0.846906
1790939911.525685,1790939911.527810,-111.391495,26.204031,1.685823,0.000729,0.005844,-0.604195,-0.796815,-0.471,-0.483,74.345,-5.152937,1.915343,0.356826,0.395408,0.421565,-0.044406
1790939911.559685,1790939911.562737,-111.506668,26.059315,1.691261,-0.002790,0.003364,-0.603446,-0.797392,0.022,-0.500,74.235,-5.147328,1.950938,0.395025,0.384951,-0.014695,-0.155041
1790939911.583679,1790939911.594924,-111.583153,25.965097,1.695812,-0.008635,-0.002053,-0.601288,-0.798983,0.932,-0.407,73.925,-5.154547,1.970500,0.363188,0.458092,-0.047271,-0.070801
1790939911.618679,1790939911.628010,-111.698433,25.827539,1.702419,-0.013518,-0.005965,-0.600703,-0.799335,1.649,-0.384,73.844,-5.140257,2.060904,0.292168,0.467497,0.065955,-0.020887
1790939911.652679,1790939911.664311,-111.825874,25.684490,1.704908,-0.016715,-0.010404,-0.600228,-0.799587,2.248,-0.196,73.785,-5.053728,2.248955,0.219114,-0.330209,-0.045461,0.142260
1790939911.722673,1790939911.727944,-112.072899,25.411560,1.714918,-0.022713,-0.012718,-0.597370,-0.801543,2.958,-0.387,73.382,-5.177236,1.937229,0.247597,0.008753,-1.019102,-0.383683
1790939911.757673,1790939911.761517,-112.191711,25.270695,1.721878,-0.021930,-0.018778,-0.592104,-0.805344,3.300,0.245,72.655,-5.159770,1.827471,0.222196,-0.164955,0.236483,-0.474289
1790939911.791667,1790939911.794788,-112.308617,25.126814,1.727652,-0.016330,-0.024200,-0.584991,-0.810514,3.141,1.153,71.672,-5.316745,1.584080,0.120089,-0.175037,-0.139552,-0.381152
1790939911.814667,1790939911.827610,-112.383575,25.029999,1.731156,-0.021013,-0.025016,-0.578979,-0.814688,3.624,0.941,70.831,-5.385043,1.432973,0.107554,0.336749,-0.168572,-0.324975
1790939911.849666,1790939911.860899,-112.493385,24.886171,1.734420,-0.028042,-0.025049,-0.575250,-0.817113,4.281,0.497,70.310,-5.397408,1.337452,0.162980,0.317733,-0.272426,-0.188200
1790939911.884659,1790939911.894036,-112.604889,24.737606,1.735879,-0.032255,-0.022827,-0.573385,-0.818333,4.529,0.021,70.037,-5.402865,1.279982,0.251101,-0.017515,-0.408757,-0.056928
1790939911.919659,1790939911.927765,-112.710884,24.593752,1.738893,-0.035373,-0.017321,-0.572654,-0.818850,4.461,-0.696,69.906,-5.378585,1.152434,0.287431,0.286434,-0.207323,0.055237
1790939911.988651,1790939911.995899,-112.935333,24.303249,1.754525,-0.022141,0.002859,-0.594580,-0.803726,1.846,-1.772,72.958,-5.181535,1.658520,0.439007,0.127515,0.825152,0.501832
1790939912.023651,1790939912.027504,-113.052238,24.162292,1.760546,-0.013968,-0.000253,-0.597947,-0.801414,1.300,-0.934,73.444,-5.152710,1.827931,0.361658,-0.322203,0.423466,0.068029
1790939912.057651,1790939912.062074,-113.172386,24.023239,1.765792,-0.003390,0.001654,-0.597891,-0.801569,0.198,-0.384,73.438,-5.112711,1.884245,0.372072,0.010908,0.648570,-0.111771
1790939912.081646,1790939912.093178,-113.249374,23.937260,1.766466,0.002885,-0.001797,-0.596518,-0.802592,-0.143,0.362,73.242,-5.144130,1.907257,0.333055,-0.091381,0.177934,-0.085367
1790939912.116646,1790939912.128046,-113.376297,23.794670,1.770060,0.003540,-0.003618,-0.594291,-0.804234,-0.080,0.575,72.925,-5.186372,1.912677,0.312231,0.105012,0.012035,-0.194935
1790939912.151646,1790939912.160916,-113.498466,23.660782,1.774635,0.001917,-0.004232,-0.592518,-0.805544,0.110,0.521,72.673,-5.203538,1.955911,0.310550,0.089123,-0.163537,-0.079531
1790939912.185640,1790939912.194160,-113.627563,23.524502,1.779741,-0.001463,-0.005877,-0.591902,-0.805987,0.534,0.444,72.588,-5.173104,2.050357,0.263086,0.205983,0.002189,0.072158
1790939912.289633,1790939912.294217,-114.011108,23.116697,1.805874,-0.017034,-0.015234,-0.581362,-0.813324,2.603,0.285,71.121,-5.215971,1.745832,0.273815,-0.067203,0.281726,-0.657386
1790939912.324633,1790939912.328596,-114.132645,22.981449,1.809078,-0.011100,-0.023341,-0.574905,-0.817812,2.580,1.456,70.246,-5.329603,1.556580,0.153591,-0.481799,-0.112427,-0.228644
1790939912.359633,1790939912.361801,-114.258469,22.832716,1.813445,-0.011684,-0.021551,-0.570047,-0.821246,2.509,1.265,69.559,-5.432765,1.400214,0.168891,0.243671,-0.195899,-0.230597
1790939912.382626,1790939912.394515,-114.338203,22.736671,1.816942,-0.016537,-0.018603,-0.568441,-0.822348,2.771,0.676,69.324,-5.434981,1.330977,0.225722,0.120064,-0.274414,0.058927
1790939912.417626,1790939912.426937,-114.454529,22.595221,1.823281,-0.019050,-0.016883,-0.567497,-0.822982,2.896,0.353,69.186,-5.424345,1.273740,0.288100,-0.114859,-0.302480,-0.115921
1790939912.452626,1790939912.461068,-114.572594,22.449047,1.832338,-0.018856,-0.011115,-0.566913,-0.823487,2.502,-0.176,69.086,-5.395977,1.180999,0.371292,-0.367339,-0.496539,0.046072
1790939912.487620,1790939912.492934,-114.683762,22.306376,1.836623,-0.020353,-0.008140,-0.566742,-0.823604,2.450,-0.554,69.054,-5.364093,1.007601,0.370975,0.377989,-0.044375,0.073794
1790939912.521620,1790939912.528753,-114.801025,22.154869,1.844557,-0.021148,-0.004082,-0.574558,-0.818181,2.252,-1.010,70.136,-5.251183,1.322391,0.525056,-0.901283,0.226867,1.186538
1790939912.556620,1790939912.559887,-114.915825,22.015093,1.848396,-0.013744,-0.002982,-0.583271,-0.812156,1.479,-0.641,71.362,-5.255918,1.496169,0.382534,-0.449433,0.039954,0.636809
1790939912.591614,1790939912.594648,-115.036774,21.872400,1.852798,-0.006717,-0.003314,-0.584627,-0.811268,0.846,-0.142,71.555,-5.238185,1.603400,0.347427,-0.385240,0.061672,0.007917
1790939912.625614,1790939912.627952,-115.160080,21.731020,1.859733,-0.002217,-0.003754,-0.584396,-0.811457,0.458,0.201,71.522,-5.212086,1.665989,0.349203,-0.085902,0.211156,-0.069073
1790939912.660614,1790939912.667531,-115.281700,21.595335,1.868078,-0.000712,-0.006598,-0.582706,-0.812656,0.507,0.567,71.287,-5.236763,1.682363,0.338903,0.241274,0.152217,-0.165059
1790939912.683607,1790939912.693796,-115.368843,21.497982,1.872862,-0.002614,-0.008911,-0.580864,-0.813948,0.837,0.657,71.031,-5.267258,1.706583,0.346069,0.287076,-0.081260,-0.221599
1790939912.719607,1790939912.727757,-115.494240,21.361521,1.876927,-0.007383,-0.008006,-0.579774,-0.814705,1.221,0.257,70.877,-5.254774,1.792903,0.319114,0.359881,0.004039,0.080152
1790939912.753607,1790939912.759777,-115.624451,21.221344,1.884182,-0.007911,-0.008226,-0.579987,-0.814546,1.285,0.242,70.907,-5.267653,1.795521,0.499829,-0.062296,-0.027246,0.258483
1790939912.788598,1790939912.795835,-115.749023,21.083361,1.890327,-0.014527,-0.012980,-0.572278,-0.819829,2.217,0.267,69.839,-5.313657,1.554953,0.248366,0.468566,0.366179,-0.328431
1790939912.823598,1790939912.827816,-115.877411,20.935223,1.896769,-0.013039,-0.015102,-0.567740,-0.822966,2.213,0.576,69.212,-5.327620,1.378053,0.268445,0.141495,0.270230,-0.293625
1790939912.858598,1790939912.862651,-115.996735,20.794287,1.904690,-0.012612,-0.018844,-0.566090,-0.824032,2.414,0.961,68.997,-5.322319,1.440653,0.335351,0.165869,0.459382,0.358377
1790939912.892592,1790939912.896164,-116.119553,20.648224,1.913193,-0.005509,-0.010843,-0.570528,-0.821188,1.227,0.660,69.587,-5.327685,1.309407,0.303049,-0.145180,0.083638,0.023833
1790939912.916592,1790939912.928795,-116.197868,20.551271,1.914980,-0.004953,-0.015064,-0.570702,-0.821004,1.452,1.093,69.622,-5.344037,1.274633,0.263367,-0.133876,-0.079153,0.082593
1790939912.950592,1790939912.961593,-116.315529,20.402061,1.919553,-0.005237,-0.015784,-0.570977,-0.820798,1.526,1.142,69.663,-5.356364,1.229919,0.249839,0.196305,0.141558,0.035365
1790939912.985585,1790939912.995456,-116.429321,20.257330,1.924906,-0.006340,-0.017036,-0.572946,-0.819392,1.714,1.183,69.943,-5.371968,1.258820,0.251464,0.061925,-0.072857,0.157824
1790939913.020585,1790939913.027946,-116.550583,20.100946,1.932462,-0.007746,-0.016856,-0.574527,-0.818275,1.837,1.071,70.164,-5.386118,1.297883,0.256131,0.074096,-0.049483,0.154485
1790939913.054585,1790939913.060818,-116.666389,19.953825,1.940044,-0.008820,-0.016750,-0.575954,-0.817263,1.932,0.987,70.364,-5.392737,1.347161,0.261663,0.047926,-0.046205,0.054686
1790939913.089578,1790939913.093041,-116.783386,19.805984,1.948591,-0.009435,-0.016193,-0.575742,-0.817416,1.953,0.894,70.333,-5.408022,1.377723,0.272757,0.004989,-0.064702,-0.034745
1790939913.124578,1790939913.128820,-116.907639,19.648582,1.951634,-0.010186,-0.015317,-0.575622,-0.817509,1.965,0.763,70.313,-5.407239,1.411299,0.281923,0.007368,-0.050800,0.001069
1790939913.148578,1790939913.159817,-116.984650,19.552910,1.953825,-0.010388,-0.014714,-0.575419,-0.817661,1.944,0.694,70.283,-5.405422,1.432180,0.291215,-0.017559,-0.034821,-0.009773
1790939913.182571,1790939913.194677,-117.110382,19.395985,1.959288,-0.009870,-0.014202,-0.575070,-0.817922,1.861,0.681,70.232,-5.395271,1.448968,0.296132,-0.014382,0.014629,-0.031757
1790939913.217571,1790939913.229072,-117.229637,19.248310,1.965428,-0.009172,-0.014377,-0.574672,-0.818206,1.807,0.744,70.177,-5.389929,1.447702,0.292273,-0.013960,0.032903,-0.003038
1790939913.252571,1790939913.259471,-117.349327,19.100447,1.972587,-0.008652,-0.014594,-0.574435,-0.818375,1.773,0.799,70.144,-5.397380,1.443032,0.289658,-0.007404,0.024761,-0.009342
1790939913.286565,1790939913.294952,-117.475494,18.942308,1.981569,-0.008248,-0.014850,-0.574218,-0.818526,1.751,0.850,70.114,-5.413209,1.435725,0.285142,0.003419,0.012729,0.009664
1790939913.321565,1790939913.328138,-117.595200,18.792902,1.985722,-0.008234,-0.014871,-0.574098,-0.818610,1.751,0.853,70.098,-5.430967,1.442037,0.285203,0.011977,-0.011569,0.004586
1790939913.356565,1790939913.362036,-117.719414,18.637854,1.989140,-0.008337,-0.014663,-0.574014,-0.818672,1.747,0.827,70.085,-5.442233,1.458593,0.289100,0.001401,-0.016068,-0.000410
1790939913.391555,1790939913.394745,-117.844566,18.481899,1.994264,-0.008324,-0.014318,-0.573840,-0.818800,1.723,0.796,70.060,-5.444126,1.472615,0.293548,-0.007356,-0.007880,-0.003044
1790939913.425555,1790939913.428147,-117.969795,18.326622,2.000575,-0.008099,-0.014164,-0.573631,-0.818951,1.691,0.797,70.030,-5.444508,1.478768,0.294846,-0.007974,0.011933,-0.002801
1790939913.449555,1790939913.461869,-118.052185,18.224537,2.005384,-0.007810,-0.014250,-0.573449,-0.819080,1.670,0.824,70.005,-5.448543,1.478814,0.293017,0.002875,0.012750,0.000219
1790939913.484548,1790939913.493915,-118.174271,18.073559,2.013249,-0.007647,-0.014341,-0.573332,-0.819162,1.660,0.844,69.989,-5.460009,1.484228,0.292660,0.003933,0.004909,0.002279
1790939913.518548,1790939913.527883,-118.299950,17.917723,2.019865,-0.007578,-0.014258,-0.573201,-0.819256,1.648,0.841,69.970,-5.474083,1.495719,0.294556,-0.000012,-0.008996,0.000247
1790939913.553548,1790939913.560965,-118.422943,17.766043,2.022629,-0.007532,-0.013986,-0.573050,-0.819367,1.626,0.819,69.948,-5.482317,1.508228,0.297251,-0.002152,-0.013055,-0.000510
1790939913.588541,1790939913.594829,-118.553246,17.604742,2.027480,-0.007405,-0.013777,-0.572873,-0.819495,1.600,0.808,69.923,-5.485377,1.515277,0.300103,-0.002871,0.001193,-0.002703
1790939913.622541,1790939913.626966,-118.676895,17.452236,2.033078,-0.007230,-0.013760,-0.572737,-0.819592,1.582,0.818,69.904,-5.489485,1.520314,0.300889,0.001060,0.010913,0.000119
1790939913.657541,1790939913.664808,-118.800758,17.299416,2.039779,-0.007021,-0.013843,-0.572594,-0.819692,1.568,0.840,69.884,-5.499251,1.527929,0.300095,-0.000877,0.007833,0.000233
1790939913.692535,1790939913.695802,-118.931328,17.136690,2.048476,-0.006875,-0.013811,-0.572448,-0.819796,1.552,0.846,69.863,-5.512849,1.537483,0.300320,0.002183,-0.005583,0.001176
1790939913.716535,1790939913.728210,-119.011757,17.037241,2.054016,-0.006805,-0.013600,-0.572279,-0.819918,1.532,0.832,69.839,-5.520313,1.543305,0.303461,-0.001683,-0.010535,-0.001770
1790939913.750535,1790939913.760633,-119.142601,16.873857,2.056702,-0.006728,-0.013432,-0.572134,-0.820023,1.513,0.821,69.818,-5.527379,1.549561,0.305185,0.001768,-0.006180,0.000065
1790939913.785528,1790939913.794694,-119.266487,16.719603,2.060292,-0.006596,-0.013377,-0.571985,-0.820129,1.497,0.825,69.797,-5.531834,1.554253,0.305420,0.000032,0.008063,-0.001657
1790939913.820528,1790939913.827559,-119.390678,16.565136,2.065217,-0.006424,-0.013421,-0.571834,-0.820235,1.484,0.841,69.776,-5.539145,1.561599,0.305193,0.000603,0.004108,-0.000265
1790939913.855528,1790939913.860668,-119.518410,16.405184,2.071923,-0.006271,-0.013399,-0.571670,-0.820350,1.468,0.849,69.753,-5.551628,1.569295,0.304829,-0.000731,-0.001511,-0.001543
1790939913.889522,1790939913.895651,-119.649712,16.239761,2.080274,-0.006171,-0.013230,-0.571509,-0.820466,1.447,0.840,69.730,-5.564009,1.576103,0.307122,-0.004487,-0.006256,-0.001025
1790939913.924522,1790939913.927544,-119.774551,16.083420,2.088563,-0.006132,-0.013093,-0.571375,-0.820562,1.434,0.830,69.711,-5.571868,1.581082,0.309331,0.002513,-0.007265,0.000094
1790939913.959522,1790939913.961606,-119.899147,15.926645,2.090377,-0.006034,-0.013013,-0.571216,-0.820674,1.420,0.829,69.689,-5.578175,1.585754,0.309991,0.002286,-0.001884,-0.001084
1790939913.982516,1790939913.994833,-119.986885,15.815826,2.092904,-0.005909,-0.013014,-0.571059,-0.820785,1.408,0.837,69.667,-5.583559,1.589593,0.309846,-0.000877,0.005389,-0.001921
1790939914.017516,1790939914.027646,-120.111519,15.658744,2.097313,-0.005787,-0.013011,-0.570916,-0.820885,1.396,0.845,69.647,-5.593687,1.595938,0.309477,-0.001105,0.000525,-0.002130
1790939914.051516,1790939914.061505,-120.243011,15.491985,2.103973,-0.005686,-0.012907,-0.570746,-0.821005,1.379,0.842,69.623,-5.605771,1.601329,0.310818,-0.003068,-0.002250,-0.001028
1790939914.086509,1790939914.094689,-120.367874,15.334286,2.110981,-0.005651,-0.012789,-0.570580,-0.821123,1.368,0.834,69.599,-5.614985,1.605790,0.313230,-0.001883,-0.003059,-0.000767
1790939914.121510,1790939914.127672,-120.492912,15.176029,2.118973,-0.005611,-0.012716,-0.570447,-0.821217,1.359,0.830,69.580,-5.622268,1.610876,0.314648,-0.003502,0.000203,-0.001755
1790939914.155509,1790939914.161906,-120.624901,15.007796,2.123543,-0.005484,-0.012681,-0.570252,-0.821354,1.345,0.835,69.553,-5.631002,1.616069,0.315284,-0.000101,0.004884,-0.001783
1790939914.191503,1790939914.196720,-120.749863,14.848485,2.126343,-0.005372,-0.012673,-0.570107,-0.821455,1.334,0.842,69.533,-5.641912,1.620861,0.315758,0.000712,0.002017,-0.001437
1790939914.225502,1790939914.228766,-120.878250,14.683971,2.131008,-0.005301,-0.012609,-0.569937,-0.821575,1.323,0.841,69.509,-5.654891,1.623732,0.316537,-0.000979,-0.001007,-0.000845
1790939914.249503,1790939914.261869,-120.962440,14.575542,2.134904,-0.005292,-0.012504,-0.569779,-0.821686,1.315,0.832,69.486,-5.662096,1.625693,0.318181,-0.000676,-0.004349,-0.000866
1790939914.283494,1790939914.295798,-121.090340,14.410290,2.141822,-0.005259,-0.012421,-0.569617,-0.821799,1.306,0.826,69.464,-5.670962,1.628716,0.319466,-0.003254,-0.001380,-0.000445
1790939914.318494,1790939914.328744,-121.214310,14.249471,2.149494,-0.005191,-0.012397,-0.569471,-0.821902,1.298,0.829,69.443,-5.679250,1.631237,0.320302,-0.003146,0.004171,-0.001493
1790939914.353494,1790939914.360698,-121.344368,14.079336,2.156396,-0.005093,-0.012414,-0.569295,-0.822024,1.290,0.837,69.419,-5.689219,1.632949,0.320374,0.003492,-0.000659,0.001178
1790939914.388488,1790939914.395890,-121.468147,13.917086,2.158300,-0.005067,-0.012399,-0.569114,-0.822150,1.286,0.838,69.393,-5.700729,1.634139,0.320715,0.003071,-0.004548,-0.000025
1790939914.422488,1790939914.428890,-121.594795,13.749768,2.162491,-0.005064,-0.012337,-0.568975,-0.822247,1.282,0.832,69.374,-5.711837,1.635801,0.322383,-0.001836,-0.007194,0.000142
1790939914.457488,1790939914.461829,-121.720901,13.582446,2.167882,-0.005055,-0.012264,-0.568810,-0.822362,1.276,0.826,69.351,-5.720897,1.636215,0.324465,-0.003310,0.000287,-0.000849
1790939914.492482,1790939914.496079,-121.844017,13.418168,2.174393,-0.005005,-0.012236,-0.568632,-0.822486,1.269,0.827,69.326,-5.729783,1.635397,0.325513,0.002786,-0.000476,-0.002474
1790939914.526482,1790939914.528910,-121.969940,13.249281,2.182365,-0.004966,-0.012256,-0.568453,-0.822610,1.267,0.832,69.301,-5.740499,1.634543,0.325886,-0.000212,-0.000945,-0.000483
1790939914.550482,1790939914.559924,-122.052429,13.138011,2.188241,-0.004959,-0.012261,-0.568303,-0.822713,1.266,0.833,69.280,-5.748166,1.633855,0.326726,0.001796,-0.003711,-0.001679
1790939914.585476,1790939914.596187,-122.177650,12.968403,2.189822,-0.004978,-0.012220,-0.568125,-0.822836,1.265,0.828,69.255,-5.759222,1.632854,0.327382,0.002691,-0.005038,-0.000045
1790939914.619476,1790939914.628858,-122.302277,12.798380,2.193422,-0.004979,-0.012171,-0.567951,-0.822957,1.262,0.824,69.231,-5.768354,1.630724,0.329231,-0.001948,0.002357,-0.000629
1790939914.654476,1790939914.662940,-122.426445,12.627750,2.198403,-0.004994,-0.012183,-0.567764,-0.823086,1.264,0.824,69.205,-5.777423,1.627245,0.329482,0.000562,-0.000828,-0.001022
1790939914.689468,1790939914.695767,-122.546761,12.461148,2.204323,-0.004996,-0.012215,-0.567577,-0.823214,1.266,0.827,69.179,-5.787820,1.624760,0.330192,-0.002791,0.001595,-0.001729
1790939914.724468,1790939914.727845,-122.666702,12.293713,2.211605,-0.005019,-0.012224,-0.567427,-0.823318,1.269,0.827,69.158,-5.799390,1.622051,0.330713,0.002913,-0.001418,-0.001129
1790939914.758468,1790939914.761796,-122.793365,12.115811,2.220608,-0.005053,-0.012216,-0.567243,-0.823445,1.271,0.824,69.132,-5.811414,1.617287,0.332411,-0.002802,-0.001052,-0.000805
1790939914.782463,1790939914.793706,-122.870354,12.006582,2.220913,-0.005104,-0.012193,-0.567064,-0.823568,1.274,0.819,69.108,-5.818491,1.613479,0.333375,-0.001518,-0.002479,-0.001120
1790939914.816463,1790939914.826733,-122.996101,11.827601,2.224022,-0.005150,-0.012196,-0.566916,-0.823669,1.279,0.817,69.087,-5.828821,1.607837,0.333740,0.000201,-0.002057,-0.000427
1790939914.851463,1790939914.860772,-123.114059,11.657942,2.227968,-0.005203,-0.012230,-0.566736,-0.823792,1.286,0.817,69.062,-5.839124,1.601762,0.334455,0.002829,0.000738,-0.000163
1790939914.886457,1790939914.893028,-123.231422,11.487452,2.233204,-0.005252,-0.012271,-0.566556,-0.823916,1.293,0.818,69.037,-5.850554,1.595126,0.334402,-0.003917,0.001598,0.000254
1790939914.921457,1790939914.928061,-123.355255,11.306799,2.240725,-0.005314,-0.012282,-0.566407,-0.824017,1.299,0.815,69.016,-5.862602,1.588795,0.335418,-0.004245,-0.003474,-0.000683
1790939914.956457,1790939914.961662,-123.472542,11.133943,2.248562,-0.005424,-0.012280,-0.566202,-0.824157,1.309,0.808,68.988,-5.874195,1.580491,0.336040,0.000493,-0.000050,-0.000398
1790939914.990452,1790939914.993585,-123.592545,10.956073,2.252090,-0.005510,-0.012308,-0.566053,-0.824258,1.319,0.805,68.967,-5.885703,1.573598,0.336854,0.001071,-0.002702,0.000016
1790939915.025452,1790939915.028883,-123.708572,10.782579,2.254359,-0.005580,-0.012348,-0.565878,-0.824377,1.328,0.805,68.943,-5.897469,1.565313,0.336774,-0.000336,-0.000600,-0.000191
1790939915.060452,1790939915.062820,-123.831215,10.598589,2.258852,-0.005659,-0.012382,-0.565700,-0.824499,1.338,0.803,68.919,-5.910390,1.556173,0.336853,-0.003335,-0.003056,-0.001211
1790939915.083446,1790939915.093808,-123.908707,10.481268,2.262309,-0.005753,-0.012398,-0.565548,-0.824602,1.347,0.799,68.897,-5.918504,1.549711,0.338029,0.002808,-0.006250,0.000784
1790939915.118446,1790939915.128453,-124.023361,10.306531,2.268454,-0.005870,-0.012417,-0.565370,-0.824723,1.359,0.793,68.873,-5.929735,1.540563,0.339133,-0.004195,0.002000,-0.001409
1790939915.153446,1790939915.161889,-124.141449,10.125885,2.276267,-0.005956,-0.012454,-0.565181,-0.824852,1.370,0.791,68.847,-5.940021,1.532385,0.340327,-0.003499,0.003059,-0.001058
1790939915.187437,1790939915.193895,-124.254997,9.950259,2.281936,-0.006051,-0.012499,-0.564993,-0.824979,1.382,0.790,68.821,-5.950731,1.522330,0.341443,0.001447,-0.000845,-0.001416
1790939915.222437,1790939915.226668,-124.375389,9.763751,2.284072,-0.006140,-0.012539,-0.564832,-0.825088,1.392,0.788,68.798,-5.963575,1.511515,0.341350,0.002632,-0.001929,-0.001354
1790939915.257437,1790939915.262658,-124.488487,9.586664,2.287305,-0.006278,-0.012562,-0.564643,-0.825216,1.407,0.782,68.772,-5.975741,1.501208,0.341493,-0.000552,-0.002921,-0.001841
1790939915.292431,1790939915.294633,-124.604767,9.403952,2.292382,-0.006399,-0.012588,-0.564466,-0.825335,1.420,0.777,68.748,-5.987592,1.490644,0.342289,0.000536,-0.001529,-0.000927
1790939915.315431,1790939915.327541,-124.680901,9.283592,2.296417,-0.006523,-0.012629,-0.564288,-0.825455,1.434,0.773,68.723,-5.995149,1.482771,0.343204,-0.000453,-0.004924,-0.000100
1790939915.350431,1790939915.359583,-124.796188,9.100824,2.303908,-0.006617,-0.012659,-0.564145,-0.825552,1.445,0.770,68.704,-6.006810,1.472287,0.344433,-0.002459,0.001999,-0.002807
1790939915.384421,1790939915.395794,-124.911392,8.917031,2.312318,-0.006756,-0.012718,-0.563918,-0.825706,1.461,0.767,68.672,-6.018742,1.460420,0.344969,-0.000596,-0.000597,-0.002641
1790939915.419421,1790939915.426728,-125.023132,8.737513,2.313196,-0.006848,-0.012769,-0.563765,-0.825808,1.473,0.766,68.651,-6.029045,1.449661,0.345425,-0.000661,0.000733,-0.001903
1790939915.454421,1790939915.461617,-125.137337,8.552880,2.316028,-0.006961,-0.012832,-0.563583,-0.825930,1.488,0.765,68.626,-6.039606,1.436974,0.346300,0.000904,-0.004229,-0.000799
1790939915.489413,1790939915.494710,-125.248009,8.372728,2.320317,-0.007084,-0.012889,-0.563393,-0.826058,1.503,0.763,68.600,-6.051110,1.424556,0.347020,0.002870,-0.000674,-0.001766
1790939915.523413,1790939915.527609,-125.365494,8.181648,2.326781,-0.007184,-0.012939,-0.563242,-0.826159,1.516,0.761,68.579,-6.062633,1.413145,0.347809,-0.001294,-0.001283,-0.002170
1790939915.547413,1790939915.559468,-125.440262,8.059187,2.331538,-0.007304,-0.012983,-0.563060,-0.826282,1.530,0.758,68.554,-6.070238,1.404186,0.348793,-0.003448,0.001607,-0.001598
1790939915.582406,1790939915.594521,-125.550377,7.877716,2.339248,-0.007403,-0.013026,-0.562877,-0.826405,1.542,0.756,68.529,-6.081361,1.392150,0.349862,0.000786,-0.003123,-0.000947
1790939915.616405,1790939915.628657,-125.663765,7.690794,2.342800,-0.007516,-0.013076,-0.562701,-0.826523,1.555,0.754,68.505,-6.092461,1.379658,0.350736,0.001391,-0.002709,-0.001892
1790939915.651406,1790939915.664907,-125.773384,7.508827,2.344909,-0.007618,-0.013124,-0.562548,-0.826626,1.568,0.752,68.484,-6.103320,1.367071,0.351391,0.002003,-0.002464,-0.000954
1790939915.686403,1790939915.694704,-125.889511,7.316167,2.349412,-0.007720,-0.013187,-0.562369,-0.826745,1.582,0.752,68.459,-6.114413,1.354940,0.352010,0.001051,-0.003058,-0.000460
1790939915.721403,1790939915.728852,-125.998367,7.133440,2.354778,-0.007829,-0.013255,-0.562196,-0.826861,1.596,0.752,68.435,-6.124816,1.341841,0.352630,0.000381,-0.003160,-0.000090
1790939915.755403,1790939915.759916,-126.110611,6.944766,2.361828,-0.007935,-0.013308,-0.562052,-0.826957,1.609,0.750,68.416,-6.136582,1.329109,0.353542,0.001516,-0.004363,-0.001219
1790939915.790396,1790939915.793598,-126.222824,6.755561,2.370178,-0.008074,-0.013354,-0.561867,-0.827081,1.625,0.746,68.390,-6.147771,1.316761,0.354991,0.003709,-0.003558,-0.002050
1790939915.825396,1790939915.828647,-126.331444,6.571199,2.373254,-0.008189,-0.013402,-0.561688,-0.827200,1.639,0.743,68.366,-6.158436,1.304479,0.355844,-0.002521,0.001286,-0.002687
1790939915.859396,1790939915.862133,-126.443306,6.381244,2.375585,-0.008275,-0.013448,-0.561537,-0.827301,1.650,0.742,68.345,-6.169716,1.291617,0.357105,-0.001544,0.000048,-0.002857
1790939915.883390,1790939915.894254,-126.516701,6.256257,2.378207,-0.008373,-0.013518,-0.561353,-0.827424,1.664,0.743,68.320,-6.176865,1.282383,0.357324,-0.000915,-0.003840,-0.000664
1790939915.918390,1790939915.926821,-126.628227,6.065897,2.383458,-0.008488,-0.013567,-0.561178,-0.827541,1.678,0.741,68.295,-6.187710,1.268787,0.357994,0.000876,-0.004069,-0.001970
1790939915.952390,1790939915.961755,-126.739616,5.875452,2.390324,-0.008596,-0.013627,-0.560990,-0.827666,1.692,0.740,68.270,-6.197817,1.256759,0.359349,0.000433,-0.002756,-0.002917
1790939915.987383,1790939915.994011,-126.839737,5.701684,2.207342,-0.008576,-0.013901,-0.560775,-0.827807,1.707,0.768,68.241,-6.166144,1.234439,0.334496,0.002930,-0.002977,-0.003008
1790939916.022383,1790939916.028053,-126.937141,5.531641,2.046323,-0.008480,-0.014424,-0.560482,-0.827998,1.732,0.824,68.202,-6.141168,1.211363,0.308686,0.002520,-0.003066,-0.001949
1790939916.057383,1790939916.060771,-127.038513,5.354880,1.904162,-0.008400,-0.014937,-0.560194,-0.828184,1.757,0.878,68.163,-6.121961,1.190370,0.285504,-0.001020,0.003509,-0.001579
1790939916.091377,1790939916.094879,-127.140236,5.176907,1.778936,-0.008329,-0.015410,-0.559915,-0.828365,1.780,0.928,68.126,-6.107799,1.171366,0.265200,-0.003242,-0.001777,-0.001802
1790939916.115377,1790939916.127905,-127.203949,5.064529,1.705107,-0.008265,-0.015793,-0.559686,-0.828513,1.798,0.969,68.096,-6.100449,1.157626,0.252310,0.001888,-0.001961,-0.002372
1790939916.150378,1790939916.161876,-127.309540,4.879343,1.605667,-0.008180,-0.016226,-0.559421,-0.828684,1.817,1.016,68.060,-6.091784,1.139434,0.235719,-0.002511,0.001134,-0.001960
1790939916.184370,1790939916.195651,-127.401802,4.714697,1.458233,-0.008013,-0.016952,-0.559071,-0.828908,1.848,1.097,68.014,-6.059103,1.115382,0.209674,-0.000515,-0.002284,-0.001910
1790939916.219370,1790939916.227972,-127.491165,4.553921,1.299795,-0.007813,-0.017652,-0.558790,-0.829084,1.873,1.177,67.978,-6.020154,1.091291,0.184337,0.002268,-0.001010,-0.002089
1790939916.253370,1790939916.260331,-127.588333,4.379622,1.161382,-0.007614,-0.018414,-0.558462,-0.829291,1.903,1.263,67.935,-5.990559,1.068400,0.159740,-0.003243,0.000753,-0.002550
1790939916.288362,1790939916.295010,-127.679962,4.213507,1.039048,-0.007464,-0.018995,-0.558215,-0.829445,1.925,1.328,67.903,-5.966995,1.047691,0.139908,0.000730,-0.003529,0.000578
1790939916.323362,1790939916.326928,-127.775421,4.040714,0.932425,-0.007313,-0.019631,-0.557933,-0.829621,1.951,1.399,67.867,-5.949757,1.027157,0.120130,0.002418,-0.001665,-0.002636
1790939916.358362,1790939916.361680,-127.869698,3.869601,0.840711,-0.007205,-0.020218,-0.557661,-0.829791,1.978,1.462,67.831,-5.938361,1.009068,0.103596,0.002877,0.000029,0.000290
1790939916.381355,1790939916.393661,-127.933586,3.753332,0.766239,-0.007065,-0.020801,-0.557407,-0.829949,2.002,1.527,67.799,-5.919741,0.993450,0.088629,-0.001755,0.004275,-0.001970
1790939916.416355,1790939916.427745,-128.022476,3.590093,0.641065,-0.006804,-0.021681,-0.557116,-0.830124,2.033,1.628,67.762,-5.878697,0.970185,0.064856,0.000414,0.003652,-0.001778
1790939916.451355,1790939916.460733,-128.112747,3.424146,0.531937,-0.006628,-0.022321,-0.556893,-0.830258,2.056,1.701,67.734,-5.846004,0.948545,0.046894,-0.001402,0.001099,0.000521
1790939916.485348,1790939916.495064,-128.201172,3.260746,0.435664,-0.006462,-0.023009,-0.556648,-0.830405,2.084,1.778,67.703,-5.820454,0.928151,0.029063,0.001382,-0.001388,-0.001486
1790939916.521348,1790939916.526797,-128.291183,3.094574,0.353324,-0.006327,-0.023599,-0.556420,-0.830542,2.108,1.843,67.674,-5.802203,0.909656,0.014182,-0.000395,0.003788,-0.001843
1790939916.555348,1790939916.560631,-128.388992,2.914514,0.280691,-0.006217,-0.024088,-0.556204,-0.830674,2.129,1.897,67.646,-5.791082,0.892257,0.001658,-0.001238,0.002135,-0.001885
1790939916.590341,1790939916.594862,-128.479385,2.746812,0.205922,-0.006158,-0.024435,-0.556044,-0.830771,2.145,1.934,67.626,-5.772710,0.874530,-0.009225,-0.000349,0.000039,-0.001166
1790939916.624341,1790939916.628750,-128.568024,2.581481,0.115191,-0.005972,-0.025099,-0.555843,-0.830887,2.169,2.010,67.601,-5.736774,0.853899,-0.025888,-0.001066,-0.000421,-0.001490
1790939916.648341,1790939916.661643,-128.627304,2.470986,0.062608,-0.005796,-0.025726,-0.555647,-0.831000,2.192,2.081,67.577,-5.717997,0.840127,-0.038316,-0.002568,0.002413,-0.003188
1790939916.683334,1790939916.694748,-128.719040,2.300073,-0.007914,-0.005662,-0.026233,-0.555471,-0.831103,2.211,2.138,67.555,-5.696345,0.823027,-0.051190,0.001415,0.000304,-0.001543
1790939916.717334,1790939916.726907,-128.812256,2.126561,-0.068400,-0.005598,-0.026588,-0.555333,-0.831184,2.227,2.177,67.538,-5.682886,0.806740,-0.060983,0.001157,0.001915,-0.002829
1790939916.752334,1790939916.759746,-128.904984,1.953652,-0.120557,-0.005555,-0.026915,-0.555190,-0.831270,2.244,2.211,67.520,-5.675303,0.792148,-0.069002,-0.002040,0.002382,-0.003963
1790939916.787327,1790939916.794956,-129.002594,1.771931,-0.165427,-0.005530,-0.027145,-0.555040,-0.831362,2.256,2.235,67.500,-5.674996,0.779194,-0.075910,-0.002330,0.002102,-0.002365
1790939916.822327,1790939916.828674,-129.090408,1.607123,-0.230752,-0.005406,-0.027573,-0.554905,-0.831439,2.271,2.284,67.484,-5.643543,0.762419,-0.086325,0.002482,0.001854,-0.002046
1790939916.856327,1790939916.859698,-129.185806,1.428804,-0.287879,-0.005315,-0.027902,-0.554814,-0.831489,2.283,2.321,67.473,-5.621397,0.746223,-0.094729,0.002977,-0.003232,-0.002252
1790939916.891320,1790939916.894983,-129.277634,1.256738,-0.335555,-0.005224,-0.028328,-0.554668,-0.831573,2.301,2.368,67.455,-5.608162,0.731912,-0.103018,0.003191,-0.003028,-0.000886
1790939916.914320,1790939916.926757,-129.343689,1.133476,-0.363401,-0.005182,-0.028577,-0.554562,-0.831636,2.312,2.395,67.442,-5.603412,0.722611,-0.108216,-0.001718,0.001252,-0.002418
1790939916.949320,1790939916.961993,-129.438660,0.955636,-0.400136,-0.005167,-0.028741,-0.554464,-0.831695,2.321,2.412,67.429,-5.601504,0.710697,-0.113723,0.002926,-0.000948,-0.001406
1790939916.984312,1790939916.995700,-129.535446,0.774519,-0.431113,-0.005178,-0.028851,-0.554363,-0.831759,2.329,2.422,67.416,-5.605636,0.699155,-0.117280,0.000740,-0.000777,-0.000547
1790939917.019312,1790939917.028700,-129.633575,0.590791,-0.471964,-0.005172,-0.029022,-0.554273,-0.831813,2.339,2.439,67.404,-5.589962,0.685082,-0.122262,0.002899,-0.000970,-0.002144
1790939917.054312,1790939917.060525,-129.727890,0.413688,-0.513613,-0.005056,-0.029371,-0.554184,-0.831861,2.350,2.479,67.394,-5.569709,0.671957,-0.129708,-0.001255,0.002290,-0.001755
1790939917.089309,1790939917.094676,-129.823181,0.234717,-0.548297,-0.004979,-0.029639,-0.554090,-0.831914,2.360,2.510,67.382,-5.556004,0.658361,-0.135283,-0.000604,0.001301,-0.002072
1790939917.123309,1790939917.126727,-129.915146,0.062052,-0.577237,-0.004919,-0.029847,-0.554020,-0.831954,2.367,2.534,67.374,-5.543914,0.646561,-0.139684,0.002584,0.001338,-0.002866
1790939917.147309,1790939917.160028,-129.976639,-0.053457,-0.594758,-0.004888,-0.030064,-0.553922,-0.832011,2.377,2.557,67.361,-5.535933,0.638626,-0.142688,-0.000890,0.001849,-0.002392
1790939917.193302,1790939917.195965,-130.102753,-0.289753,-0.623385,-0.004830,-0.030263,-0.553829,-0.832066,2.384,2.580,67.350,-5.521907,0.623997,-0.147126,0.000682,-0.002920,0.000142
1790939917.217302,1790939917.228551,-130.160019,-0.397523,-0.642237,-0.004737,-0.030525,-0.553736,-0.832119,2.392,2.611,67.338,-5.500628,0.614968,-0.150935,0.003402,-0.000809,-0.000984
1790939917.251302,1790939917.260767,-130.241043,-0.550465,-0.676033,-0.004489,-0.031053,-0.553672,-0.832144,2.402,2.677,67.332,-5.448974,0.599673,-0.157650,0.003755,0.000923,-0.002856
1790939917.286295,1790939917.296107,-130.318909,-0.697683,-0.704289,-0.004219,-0.031668,-0.553592,-0.832175,2.415,2.753,67.324,-5.402415,0.585233,-0.164920,0.001001,0.000436,-0.002263
1790939917.320295,1790939917.326686,-130.396347,-0.844106,-0.728061,-0.004001,-0.032162,-0.553508,-0.832213,2.425,2.814,67.316,-5.360703,0.571460,-0.170693,0.002544,-0.000852,-0.001014
1790939917.355295,1790939917.360178,-130.478394,-0.998931,-0.747543,-0.003736,-0.032737,-0.553398,-0.832265,2.436,2.886,67.304,-5.322919,0.558525,-0.176922,-0.001518,0.002644,-0.000876
1790939917.390289,1790939917.393754,-130.558334,-1.149827,-0.763157,-0.003457,-0.033306,-0.553285,-0.832319,2.445,2.959,67.291,-5.288929,0.545454,-0.182778,0.002086,0.004299,-0.002121
1790939917.425289,1790939917.427597,-130.629669,-1.285238,-0.782736,-0.003208,-0.033874,-0.553171,-0.832372,2.457,3.029,67.279,-5.239880,0.531963,-0.188195,0.000022,0.004516,-0.001339
1790939917.460289,1790939917.462038,-130.690933,-1.402300,-0.808917,-0.002732,-0.034828,-0.553080,-0.832396,2.473,3.151,67.272,-5.163809,0.515718,-0.196481,0.001202,-0.000448,-0.002954
1790939917.483281,1790939917.495833,-130.734741,-1.486025,-0.824157,-0.002229,-0.035830,-0.552983,-0.832419,2.488,3.278,67.264,-5.115905,0.504333,-0.206224,0.001046,0.002338,-0.002241
1790939917.518281,1790939917.526815,-130.795868,-1.603060,-0.842766,-0.001832,-0.036638,-0.552904,-0.832437,2.501,3.381,67.258,-5.050054,0.489715,-0.212504,0.003318,0.001371,-0.000780
1790939917.552281,1790939917.561528,-130.861786,-1.729206,-0.858096,-0.001401,-0.037542,-0.552800,-0.832466,2.517,3.495,67.249,-4.990283,0.474337,-0.220271,0.003008,-0.002312,-0.000827
1790939917.587276,1790939917.594765,-130.922913,-1.846568,-0.870993,-0.000957,-0.038424,-0.552684,-0.832504,2.531,3.607,67.239,-4.935256,0.460259,-0.226707,0.000447,0.003880,-0.002093
1790939917.622276,1790939917.628806,-130.984009,-1.964085,-0.881593,-0.000546,-0.039251,-0.552566,-0.832544,2.544,3.713,67.228,-4.883824,0.447164,-0.232876,-0.000047,0.002141,-0.001487
1790939917.656276,1790939917.661891,-131.031036,-2.055923,-0.903897,-0.000078,-0.040166,-0.552485,-0.832554,2.557,3.830,67.222,-4.783304,0.428036,-0.237842,-0.000377,0.004815,-0.001431
1790939917.691268,1790939917.694928,-131.074661,-2.141604,-0.922164,0.000555,-0.041432,-0.552398,-0.832550,2.577,3.991,67.218,-4.692088,0.411071,-0.246072,0.003429,0.000662,-0.000769
1790939917.715268,1790939917.726568,-131.104431,-2.200145,-0.932140,0.001140,-0.042595,-0.552301,-0.832555,2.595,4.139,67.213,-4.635235,0.400022,-0.255405,-0.000466,0.004030,-0.002396
1790939917.749268,1790939917.761754,-131.151031,-2.291775,-0.944348,0.001718,-0.043703,-0.552201,-0.832563,2.610,4.282,67.207,-4.556927,0.384601,-0.261734,0.000506,0.004395,-0.002009
1790939917.784267,1790939917.794836,-131.197769,-2.383957,-0.954687,0.002235,-0.044732,-0.552096,-0.832577,2.625,4.413,67.199,-4.484081,0.369976,-0.266696,0.000138,0.007114,-0.002276
1790939917.819267,1790939917.827610,-131.245117,-2.477568,-0.962710,0.002637,-0.045558,-0.551993,-0.832599,2.639,4.518,67.191,-4.417350,0.354819,-0.270050,-0.002280,0.005023,-0.003408
1790939917.854267,1790939917.858825,-131.276993,-2.542109,-0.976938,0.003186,-0.046638,-0.551885,-0.832609,2.655,4.656,67.184,-4.319884,0.338069,-0.273415,-0.001283,0.002272,-0.002269
1790939917.888258,1790939917.894488,-131.304779,-2.599441,-0.993179,0.003908,-0.047999,-0.551796,-0.832588,2.673,4.832,67.181,-4.210441,0.321239,-0.277597,0.001320,0.005607,-0.001772
1790939917.923258,1790939917.926749,-131.332092,-2.655967,-1.004473,0.004458,-0.049061,-0.551717,-0.832576,2.687,4.969,67.179,-4.112274,0.304809,-0.279778,0.001793,0.003361,-0.001936
1790939917.947258,1790939917.959879,-131.353210,-2.699533,-1.010868,0.005062,-0.050244,-0.551620,-0.832566,2.705,5.120,67.174,-4.049933,0.293411,-0.285521,0.004170,0.001895,-0.001760
1790939917.993253,1790939917.996137,-131.393173,-2.782532,-1.021091,0.005633,-0.051354,-0.551517,-0.832562,2.721,5.263,67.169,-3.937487,0.272715,-0.286228,0.000404,0.004146,-0.001309
1790939918.016253,1790939918.026894,-131.415421,-2.828751,-1.025072,0.006092,-0.052200,-0.551420,-0.832571,2.730,5.373,67.162,-3.884699,0.262252,-0.289071,-0.000171,0.005826,-0.000401
1790939918.051254,1790939918.059947,-131.438721,-2.878626,-1.033404,0.006608,-0.053183,-0.551309,-0.832578,2.743,5.500,67.155,-3.793332,0.246819,-0.289526,-0.000395,0.005707,-0.001735
1790939918.086248,1790939918.095651,-133.280151,-6.337749,-1.046473,0.007318,-0.054530,-0.551236,-0.832534,2.761,5.674,67.155,-3.673945,0.228499,-0.290777,0.002152,0.003034,-0.000850
1790939918.121248,1790939918.126961,-133.292480,-6.366744,-1.056386,0.007999,-0.055813,-0.551145,-0.832503,2.777,5.840,67.153,-3.564946,0.211677,-0.291709,-0.001569,0.003113,-0.002340
1790939918.155248,1790939918.161791,-133.314255,-6.414335,-1.063128,0.008627,-0.056974,-0.551053,-0.832479,2.791,5.991,67.151,-3.464510,0.196092,-0.291777,-0.001432,0.007389,-0.002935
1790939918.190242,1790939918.193369,-133.336792,-6.463369,-1.069080,0.009100,-0.057877,-0.550969,-0.832466,2.803,6.107,67.147,-3.372561,0.180746,-0.289563,-0.002913,0.007277,-0.002982
1790939918.225242,1790939918.228734,-133.363983,-6.521513,-1.073027,0.009614,-0.058885,-0.550865,-0.832459,2.818,6.236,67.141,-3.289646,0.166180,-0.288875,0.003420,0.003744,-0.000795
1790939918.248242,1790939918.260693,-133.385727,-6.567726,-1.075209,0.010089,-0.059804,-0.550757,-0.832459,2.830,6.355,67.135,-3.236586,0.156386,-0.290534,-0.002920,0.006123,-0.001885
1790939918.282236,1790939918.293655,-133.417343,-6.634971,-1.085615,0.010756,-0.060989,-0.550664,-0.832426,2.842,6.510,67.132,-3.116137,0.140022,-0.287572,-0.001386,0.004459,-0.002848
1790939918.318236,1790939918.327894,-133.450180,-6.704624,-1.093623,0.011259,-0.061935,-0.550592,-0.832398,2.854,6.633,67.131,-3.008941,0.125164,-0.283755,0.001956,0.005506,-0.001904
1790939918.352236,1790939918.360517,-133.486450,-6.781294,-1.098459,0.011820,-0.062958,-0.550494,-0.832378,2.865,6.766,67.127,-2.913811,0.110664,-0.280485,-0.001444,0.005272,-0.003827
1790939918.387229,1790939918.394617,-133.523666,-6.860244,-1.102226,0.012289,-0.063844,-0.550388,-0.832374,2.876,6.881,67.120,-2.828170,0.097262,-0.277497,0.000114,0.005087,-0.002316
1790939918.422229,1790939918.426851,-133.557739,-6.933236,-1.104813,0.012641,-0.064503,-0.550301,-0.832375,2.884,6.967,67.115,-2.749807,0.084620,-0.272948,-0.000348,0.005305,-0.002566
1790939918.457229,1790939918.462670,-133.592499,-7.008590,-1.106296,0.013016,-0.065212,-0.550193,-0.832386,2.893,7.059,67.107,-2.675032,0.071584,-0.268584,-0.000193,-0.000157,-0.001570
1790939918.492218,1790939918.494743,-133.618393,-7.065991,-1.113871,0.013476,-0.066046,-0.550100,-0.832374,2.902,7.168,67.102,-2.561030,0.057604,-0.261930,0.000277,0.007168,-0.003410
1790939918.515218,1790939918.528034,-133.636368,-7.106250,-1.117794,0.014019,-0.067021,-0.550014,-0.832343,2.912,7.296,67.099,-2.488582,0.047817,-0.260095,-0.003060,0.010570,-0.003414
1790939918.549218,1790939918.561960,-133.659515,-7.159009,-1.121103,0.014479,-0.067810,-0.549931,-0.832327,2.918,7.401,67.095,-2.389636,0.034123,-0.254128,-0.002156,0.010616,-0.003459
1790939918.584211,1790939918.596657,-133.682022,-7.211303,-1.123630,0.014965,-0.068677,-0.549831,-0.832314,2.926,7.515,67.090,-2.297727,0.020969,-0.248772,-0.001959,0.008022,-0.001470
1790939918.619211,1790939918.628680,-133.703201,-7.261519,-1.125387,0.015379,-0.069429,-0.549732,-0.832309,2.934,7.613,67.084,-2.213029,0.007302,-0.242701,0.003741,0.001035,-0.001331
1790939918.654211,1790939918.661887,-133.722641,-7.308496,-1.126131,0.015741,-0.070118,-0.549625,-0.832315,2.943,7.702,67.076,-2.133595,-0.005168,-0.237040,0.003561,0.003705,-0.004165
1790939918.688203,1790939918.695849,-133.737259,-7.345828,-1.129913,0.016175,-0.070871,-0.549525,-0.832309,2.949,7.802,67.070,-2.030687,-0.017500,-0.228571,-0.001268,0.009972,-0.002815
1790939918.723203,1790939918.726718,-133.748184,-7.375477,-1.133987,0.016642,-0.071661,-0.549457,-0.832277,2.954,7.907,67.069,-1.925907,-0.029738,-0.220507,-0.001269,0.009103,-0.002652
1790939918.747203,1790939918.760776,-133.754868,-7.394443,-1.135273,0.017141,-0.072526,-0.549367,-0.832252,2.961,8.022,67.065,-1.860266,-0.038186,-0.216787,0.002838,0.002895,-0.001075
1790939918.781197,1790939918.793826,-133.765472,-7.424949,-1.136350,0.017579,-0.073291,-0.549277,-0.832234,2.968,8.123,67.061,-1.767138,-0.050477,-0.208392,-0.002267,0.002439,-0.002133
1790939918.816197,1790939918.828799,-133.773880,-7.450903,-1.137025,0.017920,-0.073868,-0.549201,-0.832226,2.972,8.200,67.056,-1.680613,-0.062345,-0.200297,-0.000229,0.004103,-0.000313
1790939918.851197,1790939918.860694,-133.782272,-7.477751,-1.137140,0.018315,-0.074532,-0.549100,-0.832225,2.975,8.289,67.049,-1.597645,-0.073344,-0.192780,-0.002807,0.010325,-0.001429
1790939918.886190,1790939918.896089,-133.788101,-7.499106,-1.137686,0.018708,-0.075178,-0.548998,-0.832226,2.978,8.376,67.042,-1.510721,-0.085111,-0.184430,0.001884,0.005977,-0.002541
1790939918.920190,1790939918.928512,-133.788406,-7.508207,-1.140413,0.019196,-0.075999,-0.548920,-0.832192,2.984,8.486,67.040,-1.409035,-0.096396,-0.174873,0.000402,0.007707,-0.003522
1790939918.955190,1790939918.961830,-133.788177,-7.516462,-1.140966,0.019659,-0.076760,-0.548842,-0.832162,2.988,8.588,67.037,-1.316681,-0.106487,-0.165487,0.000385,0.004579,-0.000878
1790939918.990184,1790939918.994085,-133.787369,-7.524095,-1.140776,0.020009,-0.077317,-0.548776,-0.832146,2.990,8.664,67.034,-1.228534,-0.116455,-0.156456,0.000179,0.004820,-0.002663
1790939919.024184,1790939919.026851,-133.787109,-7.534254,-1.140147,0.020397,-0.077954,-0.548685,-0.832137,2.992,8.750,67.028,-1.143845,-0.127739,-0.147639,-0.000377,0.009390,-0.002314
1790939919.059184,1790939919.061784,-133.785873,-7.542207,-1.139277,0.020762,-0.078571,-0.548586,-0.832135,2.996,8.832,67.021,-1.066283,-0.137426,-0.139518,-0.001802,0.010007,-0.002118
1790939919.082178,1790939919.095241,-133.785187,-7.548693,-1.138665,0.021117,-0.079131,-0.548482,-0.832142,2.997,8.909,67.013,-1.015662,-0.144558,-0.134324,-0.001117,0.008962,-0.003541
1790939919.117178,1790939919.127036,-133.777969,-7.541410,-1.139498,0.021460,-0.079680,-0.548420,-0.832122,2.999,8.983,67.010,-0.922965,-0.152699,-0.123306,0.001281,0.006207,-0.001988
1790939919.152178,1790939919.161976,-133.770721,-7.535300,-1.139521,0.021845,-0.080300,-0.548347,-0.832100,3.002,9.067,67.007,-0.833418,-0.161503,-0.112581,0.002579,0.004651,-0.001531
1790939919.187172,1790939919.193648,-133.763397,-7.529696,-1.138066,0.022208,-0.080889,-0.548267,-0.832086,3.004,9.147,67.003,-0.749729,-0.170746,-0.103209,0.002156,0.005417,-0.002322
1790939919.222172,1790939919.227081,-133.756042,-7.524393,-1.136401,0.022491,-0.081349,-0.548193,-0.832082,3.006,9.209,66.998,-0.672288,-0.179120,-0.093406,-0.002105,0.008135,-0.001618
1790939919.256172,1790939919.258912,-133.748306,-7.519432,-1.134994,0.022818,-0.081863,-0.548102,-0.832083,3.007,9.279,66.991,-0.597683,-0.187357,-0.084183,0.000676,0.008431,-0.002666
1790939919.291165,1790939919.294692,-133.740723,-7.515017,-1.133252,0.023119,-0.082348,-0.548002,-0.832093,3.008,9.345,66.982,-0.528956,-0.196444,-0.075979,0.000148,0.008722,-0.002713
1790939919.326165,1790939919.328108,-133.729218,-7.498569,-1.132886,0.023419,-0.082807,-0.547923,-0.832090,3.008,9.408,66.977,-0.443775,-0.203877,-0.065482,0.000334,0.005770,-0.001758
1790939919.349165,1790939919.361696,-133.721603,-7.487781,-1.132481,0.023757,-0.083286,-0.547856,-0.832078,3.006,9.476,66.973,-0.390421,-0.208953,-0.059208,-0.000137,0.008982,-0.002543
1790939919.384157,1790939919.394923,-136.584488,-13.170651,-1.130114,0.024030,-0.083666,-0.547797,-0.832071,3.004,9.530,66.969,-0.314729,-0.215630,-0.049884,0.000366,0.008498,-0.001041
1790939919.419158,1790939919.426754,-136.575043,-13.159604,-1.127787,0.024339,-0.084110,-0.547718,-0.832069,3.002,9.592,66.963,-0.243229,-0.222418,-0.040240,0.004956,0.004805,-0.000509
1790939919.454158,1790939919.460716,-136.571854,-13.161532,-1.125578,0.024602,-0.084484,-0.547644,-0.832072,3.000,9.645,66.957,-0.175469,-0.230233,-0.030694,-0.000967,0.002366,0.000612
1790939919.488150,1790939919.494623,-136.576187,-13.179258,-1.123504,0.024832,-0.084800,-0.547544,-0.832098,2.997,9.690,66.946,-0.111404,-0.238322,-0.021803,-0.001900,0.007468,-0.004822
1790939919.523150,1790939919.528676,-136.585190,-13.206360,-1.121697,0.025061,-0.085117,-0.547456,-0.832118,2.995,9.735,66.937,-0.047170,-0.243603,-0.013222,-0.000139,0.009664,-0.001583
1790939919.558150,1790939919.560627,-136.593536,-13.232904,-1.120374,0.025276,-0.085379,-0.547404,-0.832118,2.990,9.774,66.933,0.018488,-0.249130,-0.004076,0.000798,0.004608,-0.000117
1790939919.593145,1790939919.595624,-136.599426,-13.254644,-1.117206,0.025506,-0.085670,-0.547331,-0.832129,2.986,9.817,66.926,0.079221,-0.254775,0.004465,-0.000061,0.006070,-0.001528
1790939919.616145,1790939919.626781,-136.601685,-13.266839,-1.115293,0.025666,-0.085882,-0.547259,-0.832149,2.984,9.847,66.919,0.120262,-0.258968,0.009761,0.001045,0.005836,-0.003013
1790939919.650145,1790939919.662686,-136.603485,-13.281912,-1.112655,0.025859,-0.086109,-0.547168,-0.832180,2.979,9.882,66.908,0.179762,-0.264785,0.018423,0.004815,0.006305,-0.001240
1790939919.685137,1790939919.695058,-136.603561,-13.293664,-1.110007,0.026031,-0.086316,-0.547076,-0.832214,2.974,9.913,66.898,0.235495,-0.270642,0.026324,0.000385,0.006819,0.000122
1790939919.720136,1790939919.725944,-136.601639,-13.301829,-1.107765,0.026202,-0.086531,-0.546977,-0.832251,2.971,9.945,66.886,0.292331,-0.276788,0.033867,0.003630,0.006903,-0.000853
1790939919.755136,1790939919.760989,-136.598785,-13.306496,-1.105581,0.026382,-0.086715,-0.546912,-0.832269,2.965,9.974,66.879,0.348163,-0.279822,0.042553,0.000332,0.007066,-0.002967
1790939919.789129,1790939919.792751,-136.593613,-13.308027,-1.102563,0.026516,-0.086843,-0.546851,-0.832291,2.959,9.995,66.872,0.405597,-0.283369,0.050905,-0.002131,0.008183,-0.001926
1790939919.824129,1790939919.826580,-136.587799,-13.307721,-1.099085,0.026686,-0.086991,-0.546782,-0.832316,2.952,10.020,66.864,0.458232,-0.287574,0.058246,0.002940,0.002804,-0.001667
1790939919.848129,1790939919.860984,-136.582581,-13.305787,-1.097145,0.026808,-0.087121,-0.546713,-0.832344,2.947,10.040,66.856,0.495238,-0.291117,0.063272,0.001076,0.007483,-0.002953
1790939919.882123,1790939919.893253,-136.574570,-13.301920,-1.094286,0.026946,-0.087268,-0.546627,-0.832381,2.943,10.063,66.845,0.546067,-0.296727,0.070762,0.000445,0.006513,-0.002009
1790939919.917124,1790939919.926724,-136.564835,-13.295786,-1.091738,0.027085,-0.087397,-0.546523,-0.832431,2.936,10.085,66.832,0.596642,-0.302304,0.077766,0.000063,0.005999,-0.002546
1790939919.952123,1790939919.960691,-136.556061,-13.288017,-1.089101,0.027218,-0.087499,-0.546457,-0.832459,2.929,10.103,66.824,0.644473,-0.303720,0.085342,-0.001269,0.007716,-0.002405
1790939919.987118,1790939919.993881,-136.546173,-13.278599,-1.086088,0.027343,-0.087570,-0.546404,-0.832482,2.921,10.118,66.817,0.692123,-0.306911,0.092102,0.002346,0.005378,-0.001022
1790939920.021118,1790939920.027760,-136.535782,-13.268109,-1.082373,0.027460,-0.087624,-0.546331,-0.832520,2.913,10.131,66.807,0.737986,-0.309780,0.098797,-0.000260,0.003362,-0.003786
1790939920.056118,1790939920.059698,-136.524353,-13.256255,-1.078938,0.027563,-0.087693,-0.546264,-0.832554,2.906,10.144,66.798,0.782740,-0.312681,0.105404,0.003065,0.007542,-0.001645
1790939920.091111,1790939920.095843,-136.510727,-13.241696,-1.076109,0.027665,-0.087763,-0.546180,-0.832598,2.900,10.158,66.787,0.829544,-0.317293,0.112857,-0.000319,0.007957,-0.002985
1790939920.115111,1790939920.127057,-136.502319,-13.232553,-1.074230,0.027765,-0.087831,-0.546088,-0.832648,2.894,10.171,66.775,0.858229,-0.319432,0.117511,0.003310,0.004439,-0.002311
1790939920.149111,1790939920.158884,-136.489883,-13.217655,-1.071455,0.027833,-0.087852,-0.546024,-0.832685,2.888,10.178,66.766,0.900398,-0.321634,0.124762,0.002122,0.006357,-0.003006
1790939920.184104,1790939920.194023,-136.479141,-13.203803,-1.068611,0.027918,-0.087830,-0.545969,-0.832721,2.877,10.181,66.758,0.937201,-0.322850,0.130648,0.001805,0.004806,-0.002127
1790939920.219104,1790939920.227867,-136.466827,-13.188027,-1.064580,0.028013,-0.087814,-0.545915,-0.832755,2.867,10.186,66.749,0.976015,-0.323789,0.137229,0.000121,0.008599,-0.000807
1790939920.253104,1790939920.258838,-136.453247,-13.170754,-1.060960,0.028083,-0.087807,-0.545838,-0.832804,2.858,10.190,66.738,1.015387,-0.327021,0.143883,0.004205,0.007890,-0.001665
1790939920.288098,1790939920.294848,-136.439438,-13.153174,-1.057653,0.028150,-0.087802,-0.545768,-0.832848,2.851,10.194,66.728,1.053212,-0.329864,0.149948,-0.001766,0.005014,-0.002377
1790939920.323098,1790939920.327752,-136.423920,-13.133526,-1.054808,0.028206,-0.087792,-0.545704,-0.832889,2.844,10.197,66.719,1.093055,-0.333226,0.156273,0.001117,0.003837,-0.001680
1790939920.346098,1790939920.358931,-136.415482,-13.122173,-1.052802,0.028273,-0.087773,-0.545620,-0.832944,2.835,10.199,66.707,1.115536,-0.334330,0.160030,0.004148,0.005211,-0.003099
1790939920.381092,1790939920.392890,-136.404999,-13.106802,-1.049871,0.028315,-0.087672,-0.545567,-0.832988,2.824,10.192,66.698,1.145017,-0.333320,0.164822,0.002582,0.004708,-0.001293
1790939920.416092,1790939920.427737,-136.394043,-13.090921,-1.046113,0.028334,-0.087588,-0.545515,-0.833030,2.816,10.186,66.689,1.174502,-0.333487,0.169428,-0.000260,0.007810,-0.001608
1790939920.450092,1790939920.458802,-136.380341,-13.071718,-1.042407,0.028355,-0.087507,-0.545456,-0.833076,2.808,10.180,66.680,1.207521,-0.335027,0.174421,0.002055,0.007785,-0.002635
1790939920.485082,1790939920.493893,-136.366959,-13.053051,-1.038970,0.028399,-0.087432,-0.545377,-0.833134,2.798,10.175,66.667,1.239458,-0.337090,0.179907,-0.001005,0.009549,-0.002079
1790939920.520082,1790939920.527460,-139.593765,-19.973682,-1.035972,0.028432,-0.087372,-0.545306,-0.833186,2.790,10.172,66.656,1.273791,-0.340031,0.185352,0.004434,0.005148,-0.001762
1790939920.555082,1790939920.559686,-139.582855,-19.962994,-1.033189,0.028452,-0.087330,-0.545235,-0.833236,2.784,10.169,66.646,1.303155,-0.341742,0.190436,0.001294,0.008118,-0.003254
1790939920.590076,1790939920.592835,-139.579254,-19.967190,-1.030372,0.028436,-0.087172,-0.545172,-0.833294,2.775,10.153,66.635,1.322052,-0.339681,0.193663,0.005811,0.007374,-0.001736
1790939920.624076,1790939920.628564,-139.580734,-19.982643,-1.026950,0.028429,-0.086991,-0.545117,-0.833350,2.763,10.136,66.625,1.343381,-0.338578,0.196876,0.000713,0.007049,-0.000969
1790939920.647076,1790939920.661483,-139.581909,-19.993429,-1.024500,0.028417,-0.086810,-0.545052,-0.833412,2.752,10.118,66.613,1.357859,-0.338494,0.198980,0.003505,0.005636,-0.002562
1790939920.682070,1790939920.694865,-139.581116,-20.004917,-1.021244,0.028413,-0.086675,-0.544988,-0.833468,2.743,10.105,66.602,1.382539,-0.340100,0.202054,0.002039,0.005324,-0.003626
1790939920.717069,1790939920.727690,-139.577408,-20.010962,-1.018336,0.028407,-0.086487,-0.544897,-0.833547,2.730,10.087,66.587,1.408573,-0.341292,0.205836,-0.002004,0.006680,-0.001692
1790939920.752069,1790939920.761143,-139.572052,-20.013462,-1.015679,0.028391,-0.086380,-0.544833,-0.833600,2.724,10.076,66.577,1.435540,-0.342850,0.210520,0.000170,0.009435,-0.002499
1790939920.786065,1790939920.793757,-139.566086,-20.013634,-1.013161,0.028356,-0.086148,-0.544771,-0.833666,2.712,10.051,66.565,1.447105,-0.340899,0.212813,-0.000518,0.008459,-0.003567
1790939920.822065,1790939920.829084,-139.559097,-20.011375,-1.010259,0.028291,-0.085882,-0.544716,-0.833732,2.700,10.022,66.554,1.460896,-0.339942,0.214788,0.003988,0.005506,-0.001939
1790939920.856065,1790939920.858895,-139.548706,-20.003626,-1.006810,0.028244,-0.085680,-0.544667,-0.833786,2.691,10.000,66.544,1.479948,-0.339202,0.217902,-0.001764,0.006132,-0.002431
1790939920.891058,1790939920.894090,-139.538223,-19.994928,-1.003575,0.028215,-0.085452,-0.544597,-0.833856,2.678,9.976,66.531,1.499166,-0.339596,0.220517,-0.000537,0.010100,-0.002992
1790939920.914058,1790939920.925956,-139.529282,-19.986109,-1.001725,0.028181,-0.085263,-0.544520,-0.833927,2.668,9.956,66.518,1.514866,-0.339804,0.222776,0.002907,0.004600,-0.000915
1790939920.949058,1790939920.960671,-139.516266,-19.972841,-0.999055,0.028132,-0.085080,-0.544453,-0.833991,2.660,9.936,66.507,1.537947,-0.341210,0.226447,-0.000420,0.006781,-0.003158
1790939920.984051,1790939920.992637,-139.504120,-19.959822,-0.996683,0.028092,-0.084890,-0.544397,-0.834048,2.651,9.915,66.496,1.550105,-0.339354,0.228920,-0.000693,0.005875,-0.002108
1790939921.019051,1790939921.026822,-139.492538,-19.946838,-0.994488,0.028011,-0.084572,-0.544349,-0.834115,2.638,9.880,66.486,1.558896,-0.336638,0.230648,0.002822,0.004430,-0.000869
1790939921.053051,1790939921.059684,-139.479507,-19.931444,-0.991007,0.027945,-0.084306,-0.544297,-0.834178,2.627,9.850,66.475,1.571174,-0.335929,0.232720,0.003431,0.006570,-0.002091
1790939921.088045,1790939921.094661,-139.466217,-19.915333,-0.987800,0.027862,-0.084048,-0.544234,-0.834248,2.617,9.820,66.463,1.585146,-0.335015,0.235446,0.001041,0.004600,-0.002589
1790939921.123045,1790939921.127770,-139.450623,-19.895702,-0.984938,0.027812,-0.083848,-0.544178,-0.834306,2.609,9.798,66.453,1.603304,-0.335261,0.238720,-0.000817,0.008119,-0.001633
1790939921.157045,1790939921.160853,-139.433868,-19.874193,-0.982364,0.027764,-0.083634,-0.544097,-0.834382,2.599,9.775,66.439,1.623576,-0.336427,0.241414,0.000757,0.009940,-0.002527
1790939921.192038,1790939921.195880,-139.421722,-19.858433,-0.980117,0.027719,-0.083428,-0.544019,-0.834455,2.589,9.753,66.425,1.630019,-0.334198,0.242688,-0.001017,0.009719,-0.002668
1790939921.215038,1790939921.227887,-139.413513,-19.847471,-0.978813,0.027619,-0.083073,-0.543979,-0.834520,2.575,9.712,66.415,1.633252,-0.332492,0.243186,-0.001178,0.007461,-0.003837
1790939921.251038,1790939921.260917,-139.401779,-19.831753,-0.975856,0.027533,-0.082802,-0.543936,-0.834578,2.565,9.681,66.406,1.638748,-0.330123,0.244359,0.002399,0.007389,-0.004076
1790939921.285032,1790939921.296159,-139.387955,-19.812925,-0.972749,0.027438,-0.082471,-0.543859,-0.834663,2.552,9.643,66.391,1.648722,-0.328407,0.246251,-0.001748,0.010017,-0.001123
1790939921.320032,1790939921.327924,-139.373596,-19.793245,-0.969855,0.027383,-0.082244,-0.543802,-0.834725,2.542,9.618,66.380,1.660997,-0.328171,0.248081,-0.000516,0.005996,-0.002848
1790939921.355032,1790939921.359826,-139.356079,-19.768980,-0.967328,0.027318,-0.082011,-0.543732,-0.834795,2.533,9.592,66.368,1.678041,-0.328952,0.251097,0.001098,0.004643,-0.000422
1790939921.390027,1790939921.393154,-139.342499,-19.750038,-0.965079,0.027277,-0.081825,-0.543666,-0.834858,2.524,9.572,66.356,1.687687,-0.328185,0.253066,-0.002666,0.006212,-0.001652
1790939921.424027,1790939921.427135,-139.333313,-19.736774,-0.963304,0.027178,-0.081474,-0.543614,-0.834929,2.511,9.532,66.345,1.686234,-0.324359,0.253098,0.002179,0.004388,-0.002268
1790939921.447027,1790939921.458832,-139.326767,-19.727310,-0.961672,0.027064,-0.081117,-0.543556,-0.835005,2.498,9.491,66.333,1.686769,-0.322394,0.252930,0.001014,0.006452,-0.002402
1790939921.482021,1790939921.494086,-139.315872,-19.711597,-0.958630,0.026985,-0.080849,-0.543510,-0.835064,2.488,9.460,66.323,1.690935,-0.320358,0.254062,0.002841,0.003357,-0.001357
1790939921.517021,1790939921.526845,-139.301651,-19.691040,-0.955920,0.026882,-0.080531,-0.543442,-0.835142,2.477,9.423,66.310,1.700501,-0.320221,0.255157,-0.002779,0.008855,-0.005227
1790939921.552021,1790939921.562593,-139.287689,-19.670927,-0.953336,0.026794,-0.080259,-0.543364,-0.835223,2.467,9.392,66.296,1.711821,-0.319621,0.257415,0.000745,0.004222,-0.001527
1790939921.587014,1790939921.594917,-139.271484,-19.647572,-0.951011,0.026736,-0.080023,-0.543289,-0.835296,2.456,9.366,66.282,1.726984,-0.320086,0.260269,0.001510,0.005639,-0.002393
1790939921.622014,1790939921.627614,-142.553268,-27.304466,-0.949521,0.026613,-0.079653,-0.543234,-0.835371,2.444,9.323,66.270,1.719488,-0.316361,0.258918,-0.001582,0.007604,-0.003951
1790939921.656014,1790939921.661532,-142.551361,-27.306734,-0.947604,0.026489,-0.079323,-0.543183,-0.835439,2.434,9.283,66.260,1.716601,-0.312798,0.258923,0.000918,0.005708,-0.002766
1790939921.691007,1790939921.694618,-142.554428,-27.323555,-0.944825,0.026366,-0.078946,-0.543121,-0.835519,2.421,9.240,66.247,1.716602,-0.310098,0.259454,-0.002751,0.008137,-0.001646
1790939921.714007,1790939921.726797,-142.557358,-27.339685,-0.943161,0.026265,-0.078597,-0.543055,-0.835598,2.408,9.200,66.233,1.719351,-0.309025,0.259764,0.001824,0.005099,-0.001952
1790939921.757007,1790939921.759483,-142.569138,-27.382919,-0.939879,0.026140,-0.078272,-0.542977,-0.835683,2.398,9.161,66.219,1.720924,-0.307566,0.260642,0.002647,0.009162,-0.002381
1790939921.791001,1790939921.793848,-142.570618,-27.401697,-0.937630,0.026037,-0.078001,-0.542898,-0.835763,2.390,9.129,66.205,1.729406,-0.307542,0.262298,-0.001805,0.009680,-0.002091
1790939921.827001,1790939921.829718,-142.569748,-27.415115,-0.936563,0.025901,-0.077617,-0.542830,-0.835847,2.378,9.083,66.191,1.717156,-0.303724,0.260429,0.000635,0.003810,-0.000387
1790939921.851001,1790939921.859697,-142.567627,-27.420774,-0.935789,0.025744,-0.077221,-0.542793,-0.835913,2.367,9.036,66.182,1.712567,-0.301295,0.259800,-0.002669,0.004194,-0.002883
1790939921.886993,1790939921.894479,-142.562607,-27.425255,-0.933224,0.025595,-0.076800,-0.542721,-0.836003,2.354,8.986,66.167,1.709376,-0.298591,0.259535,0.001971,0.004941,-0.003514
1790939921.922993,1790939921.925711,-142.555725,-27.425486,-0.930724,0.025470,-0.076471,-0.542657,-0.836078,2.344,8.947,66.155,1.709443,-0.297183,0.260575,0.000946,0.004423,-0.003991
1790939921.956993,1790939921.961796,-142.546051,-27.420439,-0.928361,0.025339,-0.076096,-0.542580,-0.836167,2.332,8.903,66.140,1.714444,-0.296187,0.260843,-0.003449,0.006205,-0.002410
1790939921.980988,1790939921.992696,-142.539047,-27.415390,-0.926777,0.025241,-0.075783,-0.542505,-0.836246,2.321,8.867,66.126,1.719094,-0.296231,0.260865,0.002298,0.002965,-0.000970
1790939922.015988,1790939922.028526,-142.525955,-27.403158,-0.924965,0.025111,-0.075467,-0.542432,-0.836326,2.312,8.828,66.113,1.722413,-0.295745,0.262213,0.000752,0.006274,-0.003008
1790939922.050987,1790939922.059504,-142.517136,-27.396620,-0.923978,0.024957,-0.075071,-0.542391,-0.836393,2.301,8.781,66.103,1.710208,-0.291437,0.261415,0.000418,0.002516,-0.002179
1790939922.085981,1790939922.092704,-142.508652,-27.389959,-0.921999,0.024799,-0.074635,-0.542331,-0.836476,2.288,8.729,66.090,1.700977,-0.286998,0.260056,0.004936,0.005037,-0.002236
1790939922.119981,1790939922.130706,-142.498062,-27.379475,-0.919638,0.024650,-0.074272,-0.542255,-0.836561,2.279,8.685,66.075,1.697209,-0.284886,0.259623,0.000974,0.005800,-0.001997
1790939922.154981,1790939922.162425,-142.486649,-27.367102,-0.917321,0.024516,-0.073914,-0.542193,-0.836638,2.268,8.642,66.063,1.696788,-0.283147,0.259917,0.000309,0.005185,-0.001596
1790939922.189975,1790939922.192919,-142.471298,-27.348206,-0.915077,0.024415,-0.073638,-0.542134,-0.836703,2.260,8.609,66.052,1.703071,-0.282018,0.261208,-0.001636,0.005783,-0.002767
1790939922.212975,1790939922.225818,-142.463654,-27.339113,-0.914104,0.024311,-0.073307,-0.542046,-0.836792,2.248,8.571,66.036,1.699165,-0.280020,0.260553,0.003663,0.002749,-0.002720
1790939922.247975,1790939922.260141,-142.455215,-27.329416,-0.913241,0.024134,-0.072851,-0.541995,-0.836870,2.235,8.517,66.024,1.683368,-0.275113,0.259304,0.002514,0.001788,-0.001648
1790939922.282964,1790939922.293806,-142.444611,-27.316093,-0.911319,0.023964,-0.072409,-0.541935,-0.836953,2.223,8.464,66.011,1.673634,-0.271751,0.258260,0.003527,0.003709,-0.002679
1790939922.317965,1790939922.326744,-142.432205,-27.299660,-0.908924,0.023843,-0.072087,-0.541872,-0.837024,2.214,8.425,65.999,1.669921,-0.269250,0.258128,0.001319,0.003753,-0.001713
1790939922.352964,1790939922.361624,-142.419724,-27.282902,-0.906603,0.023712,-0.071723,-0.541799,-0.837107,2.202,8.382,65.986,1.668640,-0.267138,0.257692,-0.001040,0.002970,-0.001394
1790939922.386959,1790939922.392746,-142.403641,-27.260380,-0.904324,0.023598,-0.071407,-0.541711,-0.837194,2.192,8.345,65.970,1.673278,-0.266867,0.258109,0.003278,0.004335,-0.002913
1790939922.421959,1790939922.427766,-142.391724,-27.243887,-0.902687,0.023498,-0.071116,-0.541614,-0.837284,2.183,8.311,65.954,1.669279,-0.264075,0.258321,-0.000399,0.004759,-0.003068
1790939922.456959,1790939922.459826,-142.383698,-27.232767,-0.901991,0.023355,-0.070714,-0.541570,-0.837351,2.171,8.263,65.944,1.654496,-0.259117,0.257129,-0.003747,0.003517,-0.002136
1790939922.490952,1790939922.494044,-142.374237,-27.219313,-0.900222,0.023196,-0.070270,-0.541508,-0.837433,2.157,8.211,65.931,1.643903,-0.255588,0.255811,0.000989,0.003772,-0.001016
1790939922.524952,1790939922.527862,-142.364456,-27.205244,-0.897995,0.023045,-0.069868,-0.541440,-0.837514,2.146,8.163,65.917,1.637421,-0.252982,0.255310,0.000302,0.002272,-0.001583
1790939922.548952,1790939922.559801,-142.356689,-27.193901,-0.896504,0.022927,-0.069569,-0.541381,-0.837580,2.137,8.127,65.906,1.635798,-0.251247,0.255030,-0.000166,0.006380,-0.002090
1790939922.583946,1790939922.594301,-142.344009,-27.175213,-0.894274,0.022781,-0.069175,-0.541286,-0.837679,2.126,8.080,65.889,1.636093,-0.250103,0.255281,0.002497,0.002934,-0.001963
1790939922.617946,1790939922.625795,-142.328445,-27.152020,-0.892057,0.022697,-0.068925,-0.541212,-0.837749,2.117,8.051,65.876,1.641869,-0.248474,0.256167,-0.001558,0.005458,-0.001756
1790939922.652946,1790939922.662464,-142.324524,-27.146175,-0.891625,0.022539,-0.068511,-0.541140,-0.837834,2.105,8.001,65.862,1.622400,-0.244250,0.253877,0.002961,0.002403,-0.001768
1790939922.687939,1790939922.694826,-142.318115,-27.136467,-0.890498,0.022368,-0.068057,-0.541074,-0.837918,2.092,7.947,65.849,1.609288,-0.240957,0.251723,-0.003229,0.003737,-0.001789
1790939922.722939,1790939922.727821,-142.310913,-27.125555,-0.888411,0.022226,-0.067703,-0.541014,-0.837989,2.083,7.904,65.837,1.599870,-0.237709,0.250404,-0.001203,0.005735,-0.003361
1790939922.757939,1790939922.760492,-145.605713,-35.601025,-0.886249,0.022086,-0.067336,-0.540923,-0.838082,2.073,7.860,65.821,1.597461,-0.235120,0.250887,0.002184,0.003504,-0.003592
1790939922.780933,1790939922.792778,-145.602280,-35.597527,-0.884822,0.021950,-0.066998,-0.540839,-0.838166,2.064,7.820,65.806,1.596418,-0.233617,0.250536,0.001576,0.004930,-0.000773
1790939922.815933,1790939922.826036,-145.602173,-35.604759,-0.882681,0.021855,-0.066737,-0.540757,-0.838242,2.055,7.789,65.793,1.597357,-0.232089,0.251395,0.001672,0.000960,-0.002830
1790939922.849933,1790939922.861161,-145.606918,-35.626343,-0.881890,0.021672,-0.066286,-0.540667,-0.838341,2.044,7.734,65.776,1.582239,-0.229222,0.249699,-0.000450,0.001410,-0.002327
1790939922.884926,1790939922.894929,-145.614395,-35.655685,-0.881548,0.021503,-0.065880,-0.540605,-0.838417,2.034,7.685,65.764,1.561489,-0.224940,0.248038,-0.002805,0.004393,-0.002669
1790939922.919926,1790939922.925779,-145.617004,-35.675392,-0.879568,0.021317,-0.065456,-0.540528,-0.838505,2.024,7.632,65.749,1.548668,-0.222150,0.246734,0.001939,0.003047,-0.002767
1790939922.954926,1790939922.960648,-145.618088,-35.690784,-0.877558,0.021182,-0.065104,-0.540462,-0.838578,2.015,7.590,65.737,1.539164,-0.220251,0.245793,0.000569,0.000160,-0.002145
1790939922.988921,1790939922.993677,-145.616043,-35.699841,-0.875461,0.021013,-0.064719,-0.540374,-0.838669,2.006,7.543,65.721,1.533943,-0.218118,0.245085,0.000449,0.003714,-0.002933
1790939923.024921,1790939923.026662,-145.612152,-35.704582,-0.873327,0.020868,-0.064373,-0.540276,-0.838763,1.997,7.501,65.705,1.532052,-0.216715,0.245640,0.003497,0.002246,-0.001807
1790939923.047921,1790939923.059190,-145.608154,-35.704723,-0.872532,0.020769,-0.064109,-0.540197,-0.838836,1.989,7.469,65.692,1.525284,-0.214685,0.244975,0.001660,0.002055,-0.000605
1790939923.082916,1790939923.096417,-145.604645,-35.708008,-0.872283,0.020565,-0.063613,-0.540124,-0.838926,1.977,7.409,65.677,1.503824,-0.210362,0.242403,0.000649,0.005322,-0.004060
1790939923.116916,1790939923.127092,-145.597366,-35.704212,-0.870753,0.020358,-0.063171,-0.540041,-0.839018,1.969,7.354,65.662,1.490095,-0.207416,0.240701,-0.001443,0.001006,-0.002163
