time_s,recv_time_s,x_m,y_m,z_m,qx,qy,qz,qw,roll_deg,pitch_deg,yaw_deg,vx_mps,vy_mps,vz_mps,wx_radps,wy_radps,wz_radps
1790938017.610225,1790938017.784082,0.000142,0.000033,-0.000004,0.003680,-0.014248,0.707048,0.707012,-0.857,-1.453,90.014,-0.005997,0.000489,-0.000071,0.000911,0.000592,-0.000533
1790938017.643565,1790938017.818159,0.000118,-0.000008,-0.000011,0.003696,-0.014284,0.707057,0.707002,-0.858,-1.457,90.015,-0.006129,0.001479,-0.000120,-0.005480,-0.001539,-0.000533
1790938017.676905,1790938017.856078,0.000120,0.000060,-0.000011,0.003714,-0.014296,0.707053,0.707006,-0.858,-1.459,90.015,-0.003508,0.001189,-0.000220,-0.000154,-0.000472,0.000534
1790938017.710246,1790938017.891671,0.000173,0.000116,-0.000004,0.003675,-0.014254,0.707054,0.707006,-0.857,-1.453,90.015,-0.004307,-0.000692,-0.000271,0.000912,0.001659,0.000533
1790938017.743586,1790938017.925466,0.000167,0.000093,0.000027,0.003671,-0.014192,0.707063,0.706998,-0.853,-1.447,90.016,-0.005833,0.000408,0.001621,0.003042,-0.000475,-0.003727
1790938017.776925,1790938017.962086,0.000121,0.000101,-0.000018,0.003691,-0.014251,0.707069,0.706992,-0.856,-1.454,90.017,-0.004480,0.001740,-0.000911,-0.002285,-0.002605,0.000531
1790938017.810266,1790938017.997600,0.000232,0.000123,0.000005,0.003665,-0.014238,0.707062,0.706998,-0.857,-1.451,90.016,-0.004028,-0.003698,0.000195,-0.005479,0.001657,0.002659
1790938017.843606,1790938018.034882,0.000156,0.000118,-0.000000,0.003683,-0.014195,0.707065,0.706996,-0.852,-1.449,90.016,-0.004667,0.002006,-0.000160,0.001978,0.000591,-0.000537
1790938017.876946,1790938018.071770,0.000225,0.000233,-0.000008,0.003690,-0.014197,0.707067,0.706995,-0.852,-1.449,90.017,-0.000412,-0.001795,-0.001095,-0.002284,-0.000471,0.002658
1790938017.910286,1790938018.106729,0.000127,0.000192,0.000016,0.003621,-0.014154,0.707069,0.706994,-0.854,-1.440,90.017,-0.005317,0.002488,0.000553,-0.002284,-0.001539,0.001588
1790938017.943625,1790938018.142874,0.000195,0.000167,-0.000004,0.003632,-0.014200,0.707070,0.706992,-0.857,-1.445,90.017,-0.002626,-0.002922,-0.000237,0.001979,0.000593,-0.000544
1790938017.976965,1790938018.179616,0.000182,0.000142,0.000002,0.003649,-0.014174,0.707070,0.706992,-0.853,-1.444,90.017,-0.004854,-0.000226,-0.000185,-0.000152,0.000593,0.003714
1790938018.010305,1790938018.213223,0.000197,0.000108,-0.000022,0.003689,-0.014214,0.707061,0.707000,-0.853,-1.451,90.016,-0.003393,-0.001072,-0.001262,0.000913,-0.001536,-0.000548
1790938018.043645,1790938018.249566,0.000197,0.000191,0.000001,0.003683,-0.014164,0.707062,0.707001,-0.850,-1.446,90.016,-0.002030,0.000507,-0.000242,-0.001217,-0.001536,-0.000545
1790938018.076985,1790938018.283265,0.000165,0.000197,-0.000005,0.003649,-0.014177,0.707071,0.706991,-0.853,-1.444,90.017,-0.003774,0.001658,-0.000659,0.000913,0.000596,0.000518
1790938018.110324,1790938018.322398,0.000245,0.000150,0.000017,0.003644,-0.014167,0.707076,0.706986,-0.853,-1.443,90.018,-0.004590,-0.003694,0.000560,-0.000151,0.001661,0.001576
1790938018.143664,1790938018.359091,0.000189,0.000143,-0.000005,0.003681,-0.014171,0.707062,0.707000,-0.850,-1.446,90.016,-0.003657,0.000747,-0.000675,-0.000151,0.000597,0.000511
1790938018.177004,1790938018.391311,0.000172,0.000141,0.000010,0.003660,-0.014183,0.707063,0.706999,-0.853,-1.446,90.016,-0.003897,0.000491,0.000326,0.001980,-0.003665,-0.003751
1790938018.210344,1790938018.426350,0.000188,0.000127,0.000017,0.003672,-0.014166,0.707058,0.707004,-0.851,-1.445,90.015,-0.004779,-0.000455,0.000818,-0.002283,-0.000471,-0.000556
1790938018.243683,1790938018.459501,0.000122,0.000104,-0.000025,0.003688,-0.014228,0.707054,0.707006,-0.854,-1.452,90.015,-0.004723,0.003047,-0.001432,-0.000152,0.000597,-0.001617
1790938018.277022,1790938018.493923,0.000191,0.000092,0.000000,0.003694,-0.014229,0.707057,0.707004,-0.854,-1.452,90.015,-0.004191,-0.000916,-0.000072,0.001979,0.000597,0.000512
1790938018.310362,1790938018.528165,0.000130,0.000085,0.000005,0.003681,-0.014210,0.707057,0.707005,-0.853,-1.450,90.015,-0.005028,0.002439,0.000416,0.000912,0.002727,0.001577
1790938018.343702,1790938018.563266,0.000152,0.000070,-0.000011,0.003687,-0.014234,0.707056,0.707004,-0.855,-1.452,90.015,-0.004795,0.000536,-0.000484,0.000911,-0.001534,-0.000550
1790938018.377042,1790938018.599983,0.000149,0.000114,-0.000001,0.003684,-0.014239,0.707062,0.706999,-0.856,-1.452,90.016,-0.003446,0.001220,-0.000133,-0.001218,0.000597,0.001579
1790938018.410381,1790938018.635422,0.000139,0.000113,0.000006,0.003648,-0.014215,0.707063,0.706998,-0.856,-1.447,90.016,-0.004967,0.000455,0.000640,0.001978,0.003792,0.003707
1790938018.443721,1790938018.662475,0.000185,0.000123,0.000005,0.003662,-0.014212,0.707061,0.707000,-0.855,-1.448,90.016,-0.004221,-0.001231,0.000064,-0.001218,0.001662,0.001578
1790938018.477061,1790938018.689176,0.000166,0.000118,0.000005,0.003672,-0.014194,0.707058,0.707003,-0.853,-1.448,90.015,-0.005139,0.000954,0.000172,-0.003349,-0.001536,-0.000553
1790938018.510401,1790938018.714654,0.000225,0.000136,-0.000003,0.003671,-0.014190,0.707061,0.707000,-0.853,-1.447,90.016,-0.003921,-0.001863,-0.000273,0.000912,0.000596,0.000510
1790938018.543740,1790938018.743662,0.000113,0.000125,-0.000013,0.003666,-0.014199,0.707071,0.706991,-0.854,-1.448,90.017,-0.004917,0.003634,-0.000821,0.000912,-0.001534,0.004770
1790938018.577080,1790938018.768826,0.000180,0.000161,0.000020,0.003644,-0.014248,0.707074,0.706987,-0.860,-1.450,90.018,-0.003099,-0.002210,0.000894,0.005173,0.000596,0.004766
1790938018.610420,1790938018.793864,0.000115,0.000105,0.000016,0.003631,-0.014216,0.707059,0.707002,-0.858,-1.446,90.015,-0.006725,0.001613,0.000539,-0.000153,0.003790,0.001569
1790938018.643759,1790938018.817567,0.000174,0.000141,-0.000010,0.003658,-0.014250,0.707073,0.706987,-0.859,-1.451,90.018,-0.002429,-0.001753,-0.000946,-0.000152,-0.001535,-0.000562
1790938018.677098,1790938018.843945,0.000177,0.000163,-0.000007,0.003657,-0.014214,0.707069,0.706992,-0.856,-1.448,90.017,-0.003947,-0.000877,-0.000811,0.000913,-0.000467,0.001563
1790938018.710438,1790938018.864488,0.000105,0.000059,-0.000008,0.003658,-0.014238,0.707056,0.707005,-0.858,-1.450,90.015,-0.005266,0.001539,-0.000337,0.003044,0.000598,-0.001631
1790938018.743778,1790938018.889280,0.000121,0.000110,-0.000021,0.003682,-0.014284,0.707054,0.707005,-0.859,-1.456,90.015,-0.002231,0.000487,-0.001089,-0.003348,0.000600,0.002632
1790938018.777117,1790938018.916905,0.000105,0.000090,-0.000006,0.003642,-0.014265,0.707063,0.706998,-0.861,-1.451,90.016,-0.004566,0.000747,-0.000482,-0.002282,0.000601,0.000496
1790938018.810457,1790938018.944680,0.000166,0.000140,0.000006,0.003629,-0.014243,0.707058,0.707003,-0.860,-1.448,90.015,-0.001745,-0.002104,0.000155,-0.000151,-0.000464,-0.001633
1790938018.843796,1790938018.969506,0.000118,0.000180,0.000002,0.003631,-0.014209,0.707060,0.707002,-0.857,-1.445,90.016,-0.003856,0.002195,-0.000288,-0.004411,-0.001530,-0.000567
1790938018.877137,1790938018.994929,0.000185,0.000158,0.000012,0.003638,-0.014207,0.707055,0.707007,-0.857,-1.446,90.015,-0.003856,-0.001541,0.000273,0.000914,0.002731,0.002628
1790938018.910478,1790938019.019636,0.000214,0.000191,0.000009,0.003675,-0.014160,0.707068,0.706995,-0.850,-1.445,90.017,-0.003493,-0.000631,-0.000196,0.001980,-0.001531,-0.001632
1790938018.943819,1790938019.045341,0.000155,0.000239,0.000001,0.003667,-0.014155,0.707064,0.706998,-0.850,-1.444,90.016,-0.002964,0.002851,-0.000506,0.003044,-0.000463,-0.000565
1790938018.977160,1790938019.070390,0.000130,0.000085,0.000002,0.003642,-0.014191,0.707059,0.707002,-0.855,-1.445,90.015,-0.007383,0.001154,0.000120,0.001978,0.002732,-0.000568
1790938019.010501,1790938019.095762,0.000123,0.000023,0.000001,0.003676,-0.014277,0.707060,0.707000,-0.859,-1.455,90.016,-0.004442,0.000566,0.000032,0.001978,0.000601,0.001564
1790938019.043842,1790938019.123960,0.000178,0.000130,0.000018,0.003690,-0.014251,0.707074,0.706986,-0.856,-1.454,90.018,-0.003390,-0.000869,0.000664,-0.000153,0.001666,0.000498
1790938019.077183,1790938019.149350,0.000251,0.000079,0.000002,0.003699,-0.014207,0.707069,0.706993,-0.852,-1.451,90.017,-0.006538,-0.003278,0.000023,-0.004413,0.001665,0.000492
1790938019.110523,1790938019.176726,0.000152,0.000094,0.000003,0.003691,-0.014232,0.707066,0.706994,-0.854,-1.452,90.017,-0.003136,0.002322,0.000080,0.001979,-0.002597,-0.000572
1790938019.143863,1790938019.201459,0.000130,0.000120,-0.000016,0.003666,-0.014254,0.707067,0.706994,-0.858,-1.452,90.017,-0.004242,0.001045,-0.000979,0.000912,-0.002595,-0.001639
1790938019.177204,1790938019.227242,0.000171,0.000019,-0.000001,0.003680,-0.014247,0.707058,0.707003,-0.856,-1.453,90.015,-0.005849,-0.001804,0.000103,-0.002283,0.000600,0.003684
1790938019.210545,1790938019.256916,0.000243,0.000135,-0.000003,0.003720,-0.014218,0.707067,0.706994,-0.851,-1.453,90.017,-0.000954,-0.002246,-0.000337,0.000913,-0.001530,0.003684
1790938019.243886,1790938019.290588,0.000122,0.000139,0.000007,0.003660,-0.014191,0.707063,0.706999,-0.854,-1.446,90.016,-0.005457,0.003994,0.000197,-0.003348,0.001667,-0.001642
1790938019.277227,1790938019.323952,0.000200,0.000070,0.000006,0.003655,-0.014226,0.707045,0.707016,-0.857,-1.449,90.013,-0.004885,-0.001845,0.000457,-0.000151,0.001665,0.000488
1790938019.310568,1790938019.358269,0.000080,0.000115,-0.000015,0.003678,-0.014225,0.707059,0.707002,-0.855,-1.451,90.015,-0.003559,0.004853,-0.000830,0.001979,0.001668,0.001555
1790938019.343909,1790938019.397589,0.000149,0.000168,0.000001,0.003648,-0.014225,0.707061,0.707000,-0.857,-1.448,90.016,-0.002915,-0.001043,-0.000429,0.003044,-0.000463,0.001554
1790938019.377250,1790938019.427181,0.000166,0.000125,0.000003,0.003650,-0.014180,0.707063,0.706999,-0.854,-1.445,90.016,-0.005307,-0.000447,-0.000165,-0.000152,-0.000463,-0.000576
1790938019.410591,1790938019.459812,0.000109,0.000118,0.000012,0.003641,-0.014201,0.707056,0.707005,-0.856,-1.446,90.015,-0.004065,0.002046,0.000678,-0.000153,-0.000465,-0.005900
1790938019.443932,1790938019.487331,0.000142,0.000100,-0.000014,0.003649,-0.014224,0.707053,0.707008,-0.857,-1.448,90.014,-0.005311,-0.000074,-0.000719,-0.002284,0.000602,-0.002704
1790938019.477273,1790938019.525148,0.000088,0.000043,-0.000010,0.003636,-0.014252,0.707052,0.707009,-0.860,-1.449,90.014,-0.005099,0.002252,-0.000284,0.001979,0.001669,-0.000575
1790938019.510614,1790938019.554497,0.000130,0.000062,-0.000000,0.003661,-0.014259,0.707064,0.706997,-0.859,-1.452,90.016,-0.004008,-0.000828,0.000083,-0.003348,-0.001529,-0.000576
1790938019.543955,1790938019.598532,0.000127,0.000029,-0.000011,0.003659,-0.014270,0.707050,0.707010,-0.860,-1.453,90.014,-0.005649,0.000241,-0.000475,0.003044,0.000603,0.001553
1790938019.577295,1790938019.624468,0.000152,-0.000017,0.000002,0.003683,-0.014258,0.707057,0.707003,-0.857,-1.454,90.015,-0.005103,-0.000962,0.000395,-0.001216,0.001668,0.001550
1790938019.610636,1790938019.653853,0.000066,0.000076,-0.000000,0.003666,-0.014259,0.707057,0.707003,-0.859,-1.452,90.015,-0.002620,0.002995,0.000148,0.000912,-0.001530,0.004747
1790938019.643977,1790938019.688699,0.000231,0.000175,0.000014,0.003640,-0.014195,0.707072,0.706990,-0.856,-1.445,90.017,-0.002948,-0.005087,0.000447,-0.002282,0.000600,-0.000583
1790938019.677318,1790938019.722433,0.000206,0.000172,0.000011,0.003640,-0.014147,0.707054,0.707008,-0.852,-1.441,90.014,-0.004818,0.000221,0.000246,-0.005477,-0.001532,0.003678
1790938019.710659,1790938019.753955,0.000121,0.000138,-0.000016,0.003663,-0.014179,0.707062,0.707000,-0.852,-1.446,90.016,-0.004660,0.003581,-0.000929,-0.000151,0.000600,-0.000580
1790938019.744000,1790938019.791430,0.000196,0.000089,-0.000002,0.003673,-0.014199,0.707067,0.706994,-0.853,-1.448,90.017,-0.005103,-0.002095,0.000136,0.000914,0.001666,0.000480
1790938019.777341,1790938019.825518,0.000097,0.000076,-0.000012,0.003666,-0.014231,0.707054,0.707006,-0.856,-1.450,90.015,-0.004240,0.002711,-0.000620,-0.003347,-0.000464,-0.000584
1790938019.810682,1790938019.863460,0.000100,0.000095,-0.000008,0.003634,-0.014268,0.707063,0.706997,-0.862,-1.451,90.016,-0.003885,0.000737,-0.000158,-0.000151,-0.000464,0.000481
1790938019.844023,1790938019.889003,0.000247,0.000071,0.000005,0.003685,-0.014205,0.707069,0.706993,-0.853,-1.450,90.017,-0.004834,-0.004904,0.000384,-0.001214,-0.000465,0.001541
1790938019.877363,1790938019.922257,0.000171,0.000055,-0.000008,0.003699,-0.014193,0.707061,0.707000,-0.851,-1.450,90.016,-0.004179,0.001398,-0.000284,-0.001214,-0.001531,-0.000590
1790938019.910704,1790938019.955601,0.000120,0.000057,-0.000008,0.003686,-0.014234,0.707069,0.706992,-0.855,-1.452,90.017,-0.004210,0.002335,-0.000272,0.003046,0.002732,-0.000588
1790938019.944044,1790938019.984489,0.000166,0.000064,0.000001,0.003670,-0.014241,0.707061,0.707000,-0.857,-1.451,90.016,-0.004012,-0.001059,0.000052,-0.000149,0.000601,-0.001655
1790938019.977384,1790938020.022989,0.000089,0.000085,0.000005,0.003660,-0.014198,0.707043,0.707018,-0.854,-1.447,90.013,-0.004468,0.003788,0.000243,-0.001215,-0.001532,-0.002713
1790938020.010724,1790938020.056301,0.000118,0.000101,-0.000008,0.003656,-0.014230,0.707054,0.707007,-0.857,-1.449,90.015,-0.004905,0.001786,-0.000362,-0.001216,0.000600,-0.002710
1790938020.044064,1790938020.096860,0.000157,0.000081,0.000018,0.003662,-0.014193,0.707056,0.707005,-0.854,-1.447,90.015,-0.005806,0.000091,0.000978,0.000914,0.000598,0.000485
1790938020.077404,1790938020.128069,0.000112,0.000101,-0.000007,0.003656,-0.014229,0.707078,0.706983,-0.857,-1.449,90.019,-0.004720,0.001848,-0.000148,0.003044,-0.000467,0.004743
1790938020.110745,1790938020.167043,0.000145,0.000039,-0.000002,0.003658,-0.014232,0.707071,0.706989,-0.857,-1.450,90.017,-0.006675,-0.001380,0.000236,-0.000152,0.000597,-0.002715
1790938020.144085,1790938020.202267,0.000113,-0.000020,-0.000012,0.003684,-0.014267,0.707049,0.707011,-0.858,-1.454,90.014,-0.005697,0.000659,0.000061,-0.000152,-0.000468,-0.001650
1790938020.177425,1790938020.237839,0.000166,0.000015,-0.000012,0.003717,-0.014280,0.707045,0.707015,-0.856,-1.458,90.013,-0.004987,-0.000053,-0.000049,-0.002283,0.000597,0.000483
1790938020.210765,1790938020.274168,0.000109,0.000084,0.000000,0.003698,-0.014265,0.707065,0.706995,-0.857,-1.456,90.016,-0.005097,0.003608,0.000066,-0.001217,-0.000468,-0.002711
1790938020.244106,1790938020.307132,0.000130,0.000032,-0.000009,0.003662,-0.014288,0.707054,0.707006,-0.861,-1.454,90.015,-0.006127,-0.000351,-0.000257,-0.002282,0.002728,-0.002713
1790938020.277446,1790938020.343727,0.000170,0.000209,0.000016,0.003670,-0.014219,0.707060,0.707001,-0.855,-1.450,90.016,-0.001413,-0.000036,0.000619,0.004109,-0.001535,0.001551
1790938020.310786,1790938020.374416,0.000250,0.000235,0.000009,0.003643,-0.014127,0.707074,0.706989,-0.850,-1.440,90.018,-0.006301,-0.001618,-0.000408,0.001980,0.002728,0.001547
1790938020.344126,1790938020.398089,0.000144,0.000054,0.000012,0.003649,-0.014153,0.707054,0.707008,-0.851,-1.442,90.014,-0.007758,0.002543,0.000730,0.001980,0.001662,0.001546
1790938020.377467,1790938020.431949,0.000157,0.000034,-0.000017,0.003684,-0.014245,0.707062,0.706999,-0.856,-1.453,90.016,-0.004846,0.000003,-0.000773,0.003044,-0.000468,0.000481
1790938020.410807,1790938020.457526,0.000098,0.000046,-0.000012,0.003679,-0.014257,0.707063,0.706997,-0.857,-1.453,90.016,-0.005122,0.002100,-0.000360,-0.000152,0.001664,0.000479
1790938020.444146,1790938020.488476,0.000142,0.000064,-0.000012,0.003684,-0.014275,0.707057,0.707003,-0.858,-1.455,90.015,-0.004036,-0.000999,-0.000493,-0.001216,0.001664,-0.003781
1790938020.477487,1790938020.523187,0.000143,0.000113,0.000005,0.003661,-0.014238,0.707048,0.707012,-0.857,-1.450,90.014,-0.004040,0.001182,0.000345,0.001979,0.001664,0.001548
1790938020.510827,1790938020.557894,0.000136,0.000162,-0.000007,0.003669,-0.014223,0.707054,0.707007,-0.855,-1.450,90.015,-0.003701,0.002029,-0.000792,0.001979,0.000600,0.003681
1790938020.544167,1790938020.586710,0.000116,0.000051,-0.000004,0.003654,-0.014248,0.707061,0.707000,-0.859,-1.451,90.016,-0.006889,0.001239,-0.000226,-0.000152,-0.000466,-0.001646
1790938020.577507,1790938020.623414,0.000129,0.000091,-0.000004,0.003674,-0.014293,0.707062,0.706998,-0.861,-1.456,90.016,-0.002598,0.000239,-0.000080,-0.000151,-0.002596,0.002617
1790938020.610848,1790938020.651742,0.000120,0.000098,0.000002,0.003658,-0.014246,0.707059,0.707002,-0.858,-1.451,90.015,-0.005700,0.001660,-0.000305,0.000913,0.000600,0.005814
1790938020.644188,1790938020.692435,0.000107,-0.000067,-0.000002,0.003669,-0.014299,0.707056,0.707004,-0.862,-1.456,90.015,-0.007842,0.000562,0.000449,-0.002283,-0.001532,0.000486
1790938020.677528,1790938020.733195,0.000086,0.000007,-0.000005,0.003702,-0.014331,0.707050,0.707009,-0.861,-1.461,90.014,-0.003267,0.001656,-0.000106,-0.000152,-0.002597,0.000490
1790938020.710868,1790938020.768210,0.000124,0.000048,-0.000021,0.003691,-0.014279,0.707060,0.707000,-0.858,-1.456,90.016,-0.005462,0.000161,-0.001111,0.000913,-0.000464,0.000489
1790938020.744209,1790938020.804470,0.000139,0.000009,-0.000003,0.003679,-0.014273,0.707058,0.707002,-0.859,-1.455,90.015,-0.005194,-0.000245,0.000165,0.000913,-0.001531,0.000489
1790938020.777549,1790938020.837735,0.000146,0.000057,-0.000021,0.003704,-0.014293,0.707068,0.706991,-0.858,-1.458,90.017,-0.003261,0.000065,-0.000994,0.003044,0.001669,0.000487
1790938020.810889,1790938020.871514,0.000152,0.000109,0.000022,0.003676,-0.014217,0.707061,0.707000,-0.854,-1.450,90.016,-0.004975,0.000454,0.001242,-0.001216,-0.000466,-0.001641
1790938020.844229,1790938020.906403,0.000244,0.000079,-0.000014,0.003719,-0.014215,0.707051,0.707009,-0.851,-1.453,90.014,-0.005315,-0.001974,-0.000936,-0.002283,-0.002595,0.001554
1790938020.877568,1790938020.940926,0.000118,0.000063,-0.000011,0.003703,-0.014236,0.707067,0.706994,-0.854,-1.453,90.017,-0.004923,0.004423,-0.000566,-0.000152,-0.000463,0.000488
1790938020.910908,1790938020.975455,0.000154,0.000056,0.000007,0.003679,-0.014272,0.707063,0.706997,-0.859,-1.455,90.016,-0.004553,-0.001063,0.000578,-0.000152,-0.000463,0.002617
1790938020.944248,1790938021.008617,0.000109,0.000013,-0.000015,0.003673,-0.014278,0.707053,0.707007,-0.860,-1.454,90.015,-0.005546,0.001468,-0.000680,0.000913,0.000602,0.000486
1790938020.977588,1790938021.039657,0.000084,0.000054,-0.000013,0.003688,-0.014293,0.707059,0.707000,-0.860,-1.457,90.016,-0.002905,0.001537,-0.000508,0.001979,-0.000461,0.001551
1790938021.010928,1790938021.072979,0.000121,0.000005,-0.000013,0.003653,-0.014291,0.707063,0.706997,-0.862,-1.454,90.016,-0.006078,-0.001065,-0.000279,-0.000151,-0.000461,-0.002711
1790938021.044268,1790938021.106603,0.000126,-0.000009,-0.000001,0.003682,-0.014288,0.707050,0.707010,-0.860,-1.456,90.014,-0.004041,-0.000317,0.000362,0.003044,0.001669,-0.002710
1790938021.077608,1790938021.140870,0.000113,0.000077,-0.000003,0.003685,-0.014274,0.707061,0.706999,-0.858,-1.455,90.016,-0.003496,0.001654,0.000011,-0.002283,-0.000462,-0.000579
1790938021.110948,1790938021.173741,0.000084,-0.000083,-0.000012,0.003664,-0.014307,0.707056,0.707003,-0.863,-1.456,90.015,-0.009046,0.001210,-0.000165,-0.003347,-0.000462,-0.000582
1790938021.144288,1790938021.206968,0.000118,-0.000116,-0.000031,0.003731,-0.014388,0.707042,0.707015,-0.864,-1.468,90.013,-0.004048,-0.000380,-0.000863,0.000914,-0.000460,-0.000578
1790938021.177628,1790938021.241262,0.000109,0.000007,0.000006,0.003722,-0.014331,0.707063,0.706995,-0.860,-1.463,90.017,-0.003794,0.001891,0.000729,-0.001216,0.001669,-0.004838
1790938021.210968,1790938021.274287,0.000205,0.000105,0.000016,0.003703,-0.014249,0.707066,0.706994,-0.855,-1.455,90.017,-0.003480,-0.002442,0.000855,0.000914,-0.000464,0.003681
1790938021.244308,1790938021.309978,0.000097,0.000097,0.000007,0.003659,-0.014211,0.707060,0.707001,-0.855,-1.448,90.016,-0.005711,0.003505,0.000487,-0.003347,-0.000466,0.000485
1790938021.277648,1790938021.337753,0.000159,0.000129,-0.000002,0.003654,-0.014253,0.707058,0.707002,-0.859,-1.451,90.015,-0.003501,-0.000815,-0.000373,0.001980,0.001667,0.000487
1790938021.310987,1790938021.362894,0.000124,0.000025,-0.000006,0.003659,-0.014236,0.707056,0.707005,-0.857,-1.450,90.015,-0.007921,0.001880,-0.000375,-0.000151,0.001666,0.000487
1790938021.344326,1790938021.389869,0.000131,-0.000039,-0.000016,0.003708,-0.014297,0.707063,0.706996,-0.858,-1.459,90.016,-0.004661,-0.000282,-0.000366,0.000913,-0.001531,-0.000580
1790938021.377666,1790938021.425150,0.000111,0.000038,-0.000010,0.003701,-0.014296,0.707056,0.707003,-0.859,-1.458,90.015,-0.003386,0.001177,-0.000301,-0.000151,-0.001530,0.000486
1790938021.411006,1790938021.457921,0.000147,-0.000005,0.000002,0.003679,-0.014274,0.707060,0.707000,-0.859,-1.455,90.016,-0.006050,-0.000909,0.000264,-0.001216,0.001667,0.000482
1790938021.444346,1790938021.493284,0.000117,-0.000011,-0.000019,0.003699,-0.014320,0.707054,0.707005,-0.861,-1.460,90.015,-0.003996,0.000804,-0.000835,-0.004411,-0.001529,0.002614
1790938021.477686,1790938021.534279,0.000145,-0.000026,-0.000015,0.003720,-0.014315,0.707068,0.706991,-0.859,-1.461,90.017,-0.004949,-0.000834,-0.000362,0.003045,0.002734,-0.001650
1790938021.511026,1790938021.570058,0.000089,-0.000034,0.000004,0.003708,-0.014301,0.707049,0.707010,-0.859,-1.459,90.014,-0.005049,0.002181,0.000492,-0.002282,-0.001530,0.000483
1790938021.544366,1790938021.603623,0.000084,-0.000057,-0.000001,0.003704,-0.014321,0.707042,0.707016,-0.861,-1.461,90.013,-0.005673,0.002249,0.000363,-0.001217,-0.000464,-0.001643
1790938021.577706,1790938021.637767,0.000114,-0.000030,-0.000017,0.003720,-0.014326,0.707061,0.706998,-0.860,-1.462,90.016,-0.004739,0.000347,-0.000538,0.003044,0.001667,-0.000579
1790938021.611045,1790938021.671358,0.000173,-0.000051,-0.000011,0.003725,-0.014306,0.707054,0.707005,-0.858,-1.461,90.015,-0.006214,-0.001782,-0.000043,-0.001216,-0.002595,-0.000581
1790938021.644385,1790938021.705822,0.000073,-0.000072,-0.000002,0.003727,-0.014331,0.707058,0.707000,-0.860,-1.463,90.016,-0.005651,0.003181,0.000591,-0.003348,-0.001531,0.000483
1790938021.677725,1790938021.739918,0.000172,0.000012,-0.000023,0.003733,-0.014361,0.707060,0.706998,-0.861,-1.466,90.016,-0.003530,-0.002756,-0.001273,-0.002282,-0.002594,-0.002713
1790938021.711065,1790938021.776454,0.000147,0.000035,0.000011,0.003696,-0.014266,0.707044,0.707016,-0.857,-1.455,90.013,-0.005990,0.001183,0.000896,0.000914,0.000599,0.000482
1790938021.744405,1790938021.812649,0.000119,0.000048,-0.000024,0.003717,-0.014269,0.707045,0.707015,-0.855,-1.457,90.013,-0.004817,0.002615,-0.000949,-0.001216,0.000601,0.000487
1790938021.777744,1790938021.848150,0.000162,0.000002,-0.000013,0.003707,-0.014292,0.707065,0.706995,-0.858,-1.458,90.017,-0.006804,-0.000077,-0.000587,-0.003346,-0.000463,0.002615
1790938021.811084,1790938021.884356,0.000100,-0.000021,-0.000013,0.003713,-0.014316,0.707046,0.707012,-0.859,-1.461,90.014,-0.005098,0.001982,-0.000217,-0.000150,0.000602,-0.002710
1790938021.844423,1790938021.923929,0.000090,0.000004,-0.000028,0.003702,-0.014329,0.707053,0.707006,-0.861,-1.461,90.015,-0.005025,0.001573,-0.001192,-0.000150,0.001671,0.003682
1790938021.877764,1790938021.961973,0.000078,-0.000003,0.000001,0.003704,-0.014313,0.707056,0.707003,-0.860,-1.460,90.015,-0.006136,0.001723,0.000413,-0.000151,0.000603,0.001551
1790938021.911103,1790938021.998717,0.000143,-0.000080,-0.000009,0.003708,-0.014332,0.707051,0.707007,-0.861,-1.462,90.015,-0.007657,-0.001735,0.000035,-0.001215,0.000602,-0.000580
1790938021.944444,1790938022.036933,0.000077,-0.000082,-0.000004,0.003729,-0.014342,0.707045,0.707014,-0.860,-1.464,90.014,-0.006087,0.002845,0.000588,-0.002282,-0.001530,0.001553
1790938021.977784,1790938022.074670,0.000094,0.000006,0.000005,0.003728,-0.014344,0.707064,0.706994,-0.860,-1.464,90.017,-0.005220,0.001188,0.000654,-0.001216,0.002731,-0.000577
1790938022.011124,1790938022.108613,0.000163,-0.000025,0.000021,0.003697,-0.014297,0.707060,0.707000,-0.859,-1.458,90.016,-0.008329,-0.001756,0.001483,0.000914,-0.000468,-0.000579
1790938022.044464,1790938022.143802,0.000084,-0.000042,0.000003,0.003729,-0.014292,0.707049,0.707010,-0.856,-1.460,90.014,-0.006514,0.003233,0.000444,0.000913,-0.001535,-0.000576
1790938022.077804,1790938022.177623,0.000128,-0.000108,-0.000021,0.003746,-0.014333,0.707056,0.707002,-0.858,-1.465,90.015,-0.008910,0.000071,-0.000908,-0.000152,0.000597,0.000488
1790938022.111144,1790938022.210123,0.000136,-0.000098,-0.000011,0.003763,-0.014364,0.707056,0.707002,-0.859,-1.469,90.015,-0.005655,0.000371,0.000135,0.004109,0.000597,-0.001641
1790938022.144484,1790938022.244663,0.000060,-0.000012,-0.000015,0.003732,-0.014353,0.707053,0.707005,-0.861,-1.465,90.015,-0.005209,0.003762,-0.000546,-0.001217,0.001664,-0.000575
1790938022.177824,1790938022.281173,0.000164,-0.000034,0.000013,0.003710,-0.014319,0.707063,0.706996,-0.860,-1.461,90.016,-0.007599,-0.002739,0.000952,0.004109,0.000595,0.000486
1790938022.211164,1790938022.318002,0.000122,-0.000061,-0.000014,0.003747,-0.014315,0.707054,0.707005,-0.857,-1.464,90.015,-0.006400,0.001026,-0.000374,-0.001217,0.000596,-0.001644
1790938022.244503,1790938022.359085,0.000156,-0.000044,-0.000003,0.003754,-0.014330,0.707056,0.707002,-0.857,-1.465,90.015,-0.005531,-0.000257,0.000330,-0.000152,0.001662,-0.000578
1790938022.277843,1790938022.393536,0.000132,0.000032,0.000022,0.003713,-0.014256,0.707061,0.706999,-0.855,-1.456,90.016,-0.007521,0.002069,0.001468,0.000912,0.001658,-0.002708
1790938022.311183,1790938022.429430,0.000083,0.000010,-0.000023,0.003701,-0.014305,0.707042,0.707018,-0.859,-1.459,90.013,-0.006660,0.003032,-0.001077,-0.002284,-0.000471,-0.000574
1790938022.344523,1790938022.456591,0.000138,0.000071,-0.000009,0.003704,-0.014288,0.707055,0.707004,-0.858,-1.458,90.015,-0.004034,0.000107,-0.000665,0.001978,-0.000470,0.000492
1790938022.377863,1790938022.482601,0.000182,0.000076,0.000012,0.003677,-0.014205,0.707048,0.707014,-0.853,-1.449,90.014,-0.006344,-0.000234,0.000623,0.000912,-0.000471,-0.001636
1790938022.411203,1790938022.510364,0.000164,0.000112,0.000001,0.003693,-0.014192,0.707055,0.707007,-0.851,-1.449,90.015,-0.003899,0.001695,-0.000514,0.001978,0.000594,0.000495
1790938022.444543,1790938022.536980,0.000169,0.000195,0.000001,0.003669,-0.014194,0.707061,0.707000,-0.853,-1.447,90.016,-0.003103,0.000974,-0.000596,-0.001218,-0.003664,-0.000569
1790938022.477883,1790938022.562399,0.000246,0.000239,-0.000001,0.003653,-0.014156,0.707067,0.706995,-0.851,-1.443,90.017,-0.003021,-0.002608,-0.000706,-0.001217,-0.001534,-0.000574
1790938022.511223,1790938022.588615,0.000130,0.000169,0.000006,0.003629,-0.014163,0.707058,0.707005,-0.854,-1.442,90.015,-0.005251,0.003103,-0.000000,-0.000153,0.001663,0.001556
1790938022.544563,1790938022.612913,0.000239,0.000174,0.000020,0.003649,-0.014193,0.707070,0.706992,-0.855,-1.446,90.017,-0.003591,-0.002957,0.000515,0.003044,-0.000468,0.002620
1790938022.577903,1790938022.639643,0.000201,0.000065,-0.000002,0.003685,-0.014193,0.707063,0.706998,-0.852,-1.449,90.016,-0.007561,0.000553,-0.000773,-0.001217,-0.002599,0.001550
1790938022.611243,1790938022.676343,0.000041,0.000006,-0.000012,0.003675,-0.014285,0.707053,0.707007,-0.860,-1.455,90.015,-0.004375,0.004946,-0.000413,0.000912,-0.001534,0.001551
1790938022.644583,1790938022.709064,0.000154,0.000087,-0.000011,0.003676,-0.014291,0.707061,0.706999,-0.860,-1.456,90.016,-0.004132,-0.002563,-0.001020,0.000913,0.000599,-0.000579
1790938022.677922,1790938022.745594,0.000168,0.000017,0.000017,0.003686,-0.014225,0.707052,0.707009,-0.854,-1.451,90.014,-0.007240,-0.000209,0.001071,-0.001217,0.002727,-0.000579
1790938022.711262,1790938022.779485,0.000133,0.000028,-0.000002,0.003694,-0.014253,0.707054,0.707006,-0.856,-1.454,90.015,-0.004371,0.001827,0.000129,0.001979,0.001662,-0.002707
1790938022.744602,1790938022.816365,0.000107,0.000007,0.000006,0.003685,-0.014263,0.707050,0.707010,-0.857,-1.454,90.014,-0.006381,0.002427,0.000490,0.003043,-0.001536,-0.002705
1790938022.777942,1790938022.853002,0.000201,-0.000026,-0.000001,0.003732,-0.014292,0.707056,0.707004,-0.856,-1.460,90.015,-0.005999,-0.002113,0.000380,-0.001217,0.002725,-0.000577
1790938022.811282,1790938022.892714,0.000108,0.000012,-0.000004,0.003717,-0.014257,0.707045,0.707015,-0.854,-1.456,90.013,-0.007078,0.004295,-0.000184,0.000911,-0.001537,-0.000572
1790938022.844621,1790938022.931838,0.000122,-0.000023,-0.000014,0.003710,-0.014311,0.707062,0.706997,-0.859,-1.460,90.016,-0.006634,0.000917,-0.000345,-0.002284,-0.001537,0.004750
1790938022.877964,1790938022.967225,0.000218,-0.000010,-0.000006,0.003754,-0.014292,0.707062,0.706997,-0.854,-1.462,90.016,-0.004843,-0.003692,-0.000254,-0.001217,-0.000470,-0.002708
1790938022.911306,1790938023.000992,0.000119,0.000059,0.000004,0.003726,-0.014252,0.707055,0.707005,-0.853,-1.457,90.015,-0.004617,0.003751,-0.000013,-0.000153,-0.001536,-0.001639
1790938022.944648,1790938023.035213,0.000199,0.000068,-0.000001,0.003703,-0.014255,0.707070,0.706990,-0.855,-1.455,90.017,-0.005535,-0.001574,-0.000160,-0.002284,-0.000470,0.003683
1790938022.977990,1790938023.074437,0.000147,0.000050,-0.000006,0.003693,-0.014250,0.707047,0.707014,-0.856,-1.454,90.014,-0.005931,0.001526,-0.000219,0.000912,0.002725,-0.003774
1790938023.011333,1790938023.109860,0.000057,0.000001,-0.000004,0.003687,-0.014289,0.707045,0.707014,-0.859,-1.457,90.013,-0.006110,0.004288,0.000271,-0.001218,0.000594,-0.001639
1790938023.044675,1790938023.147806,0.000099,-0.000020,0.000009,0.003694,-0.014312,0.707052,0.707007,-0.861,-1.459,90.015,-0.006790,0.000461,0.000762,-0.001219,-0.000473,-0.000574
1790938023.078017,1790938023.183268,0.000130,-0.000084,0.000005,0.003710,-0.014311,0.707050,0.707009,-0.859,-1.460,90.014,-0.007683,-0.000358,0.000810,-0.002285,0.000590,0.000490
1790938023.111359,1790938023.223466,0.000116,-0.000110,-0.000035,0.003762,-0.014356,0.707047,0.707011,-0.859,-1.468,90.014,-0.006776,0.001374,-0.001517,-0.000154,-0.001538,-0.000572
1790938023.144701,1790938023.254149,0.000140,-0.000017,-0.000011,0.003756,-0.014341,0.707047,0.707011,-0.858,-1.466,90.014,-0.004138,0.000716,-0.000428,0.003042,0.002724,-0.001636
1790938023.178043,1790938023.286955,0.000133,0.000003,-0.000021,0.003720,-0.014286,0.707048,0.707011,-0.856,-1.459,90.014,-0.005853,0.001363,-0.000609,0.000910,0.000594,0.001559
1790938023.211386,1790938023.315057,0.000152,0.000103,-0.000023,0.003717,-0.014303,0.707070,0.706989,-0.858,-1.460,90.017,-0.001736,0.000263,-0.000986,-0.002285,0.000596,-0.000570
1790938023.244728,1790938023.344821,0.000132,0.000131,0.000011,0.003666,-0.014254,0.707068,0.706992,-0.858,-1.452,90.017,-0.004662,0.001257,0.000619,-0.001219,-0.001536,-0.003767
1790938023.278070,1790938023.372046,0.000242,0.000110,0.000001,0.003686,-0.014233,0.707062,0.706999,-0.855,-1.452,90.016,-0.004245,-0.003996,-0.000087,0.001978,0.002726,0.000490
1790938023.311413,1790938023.408928,0.000129,0.000143,0.000006,0.003691,-0.014190,0.707066,0.706996,-0.851,-1.449,90.016,-0.003426,0.003131,0.000173,-0.001219,-0.000470,0.000490
1790938023.344755,1790938023.446243,0.000173,0.000079,0.000006,0.003648,-0.014210,0.707055,0.707006,-0.856,-1.447,90.015,-0.006468,-0.001059,0.000334,0.001977,0.001660,0.000489
1790938023.378098,1790938023.478527,0.000136,0.000039,-0.000002,0.003686,-0.014233,0.707059,0.707002,-0.855,-1.452,90.016,-0.005433,0.001200,0.000383,0.000910,-0.000472,0.001552
1790938023.411440,1790938023.508201,0.000138,0.000002,-0.000009,0.003688,-0.014266,0.707068,0.706992,-0.857,-1.455,90.017,-0.005960,-0.000109,-0.000050,-0.000155,0.002724,0.000485
1790938023.444782,1790938023.536658,0.000159,-0.000014,0.000017,0.003702,-0.014291,0.707052,0.707008,-0.858,-1.458,90.015,-0.005786,-0.000411,0.001340,0.000910,0.003785,0.000485
1790938023.478125,1790938023.564099,0.000118,0.000073,-0.000007,0.003699,-0.014294,0.707054,0.707005,-0.859,-1.458,90.015,-0.003667,0.002003,-0.000188,0.003041,-0.001541,0.000485
1790938023.511467,1790938023.591835,0.000083,0.000116,-0.000012,0.003656,-0.014271,0.707051,0.707009,-0.860,-1.453,90.014,-0.004467,0.002155,-0.000613,-0.002286,0.001657,-0.000577
1790938023.544810,1790938023.617068,0.000224,0.000086,0.000012,0.003653,-0.014234,0.707065,0.706995,-0.858,-1.449,90.017,-0.005304,-0.004186,0.000583,0.003042,0.001656,0.003679
1790938023.578151,1790938023.645122,0.000091,-0.000006,-0.000012,0.003659,-0.014237,0.707058,0.707003,-0.857,-1.450,90.015,-0.006831,0.003295,-0.000311,0.000910,0.000589,0.000481
1790938023.611494,1790938023.673492,0.000082,-0.000027,-0.000020,0.003662,-0.014325,0.707062,0.706997,-0.864,-1.457,90.016,-0.004546,0.000327,-0.000461,0.001978,0.001656,0.001544
1790938023.644836,1790938023.700151,0.000123,-0.000068,0.000006,0.003664,-0.014303,0.707060,0.706999,-0.862,-1.456,90.016,-0.006679,-0.001639,0.001234,-0.000153,-0.001544,0.001541
1790938023.678179,1790938023.725680,0.000178,-0.000014,-0.000018,0.003709,-0.014299,0.707061,0.706999,-0.858,-1.459,90.016,-0.003214,-0.002469,-0.000408,0.003044,0.000587,-0.000592
1790938023.711521,1790938023.761107,0.000128,0.000044,-0.000007,0.003696,-0.014252,0.707058,0.707002,-0.856,-1.454,90.015,-0.003865,0.001684,-0.000146,-0.000152,-0.001543,-0.002720
1790938023.744864,1790938023.804066,0.000122,-0.000020,0.000010,0.003684,-0.014231,0.707050,0.707011,-0.855,-1.452,90.014,-0.006544,0.001069,0.001317,0.001978,-0.000480,-0.000589
1790938023.778206,1790938023.839324,0.000152,-0.000002,-0.000018,0.003719,-0.014272,0.707057,0.707002,-0.855,-1.458,90.015,-0.003830,-0.000333,-0.000649,0.003042,0.002717,-0.000590
1790938023.811549,1790938023.874522,0.000098,0.000012,0.000006,0.003697,-0.014228,0.707048,0.707013,-0.854,-1.452,90.014,-0.006448,0.003324,0.000570,0.001976,0.001651,0.000480
1790938023.844891,1790938023.911159,0.000112,-0.000061,-0.000008,0.003700,-0.014289,0.707054,0.707006,-0.858,-1.458,90.015,-0.007003,0.001023,0.000122,-0.002286,0.002715,0.001543
1790938023.878234,1790938023.948593,0.000129,-0.000036,-0.000017,0.003716,-0.014305,0.707060,0.706999,-0.858,-1.460,90.016,-0.004438,-0.000216,-0.000100,-0.000155,-0.000481,-0.000587
1790938023.911577,1790938023.981605,0.000120,-0.000037,-0.000010,0.003705,-0.014307,0.707068,0.706991,-0.859,-1.459,90.017,-0.005356,0.000085,0.000043,-0.002286,-0.001547,0.001540
1790938023.944919,1790938024.017292,0.000218,-0.000030,-0.000007,0.003721,-0.014281,0.707053,0.707007,-0.856,-1.459,90.015,-0.004824,-0.003212,0.000004,0.001976,0.001650,-0.001655
1790938023.978262,1790938024.046533,0.000152,0.000096,-0.000003,0.003709,-0.014241,0.707063,0.706998,-0.854,-1.454,90.016,-0.002003,0.002250,-0.000074,0.003041,-0.001547,0.001539
1790938024.011604,1790938024.082714,0.000179,0.000098,0.000011,0.003667,-0.014196,0.707060,0.707002,-0.853,-1.447,90.015,-0.005928,0.000152,0.000680,-0.001220,0.004844,-0.002719
1790938024.044946,1790938024.119179,0.000175,0.000062,-0.000001,0.003657,-0.014226,0.707063,0.706998,-0.857,-1.449,90.016,-0.004846,-0.000116,0.000498,-0.003350,-0.000484,-0.001659
1790938024.078289,1790938024.155814,0.000141,0.000061,-0.000008,0.003665,-0.014248,0.707058,0.707003,-0.858,-1.451,90.015,-0.004815,0.000707,-0.000499,-0.004414,-0.001549,0.003666
1790938024.111632,1790938024.193162,0.000114,0.000019,0.000000,0.003662,-0.014280,0.707061,0.706999,-0.861,-1.454,90.016,-0.005780,0.001212,0.000080,-0.003349,0.001648,-0.001660
1790938024.144975,1790938024.227791,0.000167,-0.000011,-0.000007,0.003690,-0.014285,0.707051,0.707008,-0.859,-1.457,90.014,-0.005393,-0.001564,0.000077,0.000912,0.001647,-0.000597
1790938024.178318,1790938024.262180,0.000042,0.000031,0.000006,0.003675,-0.014261,0.707048,0.707012,-0.858,-1.453,90.014,-0.004523,0.004818,0.000754,0.001977,0.000579,0.002602
1790938024.211660,1790938024.296263,0.000119,0.000044,-0.000009,0.003648,-0.014296,0.707057,0.707003,-0.863,-1.454,90.015,-0.005156,-0.000892,-0.000279,-0.002285,-0.000485,-0.001659
1790938024.245003,1790938024.328511,0.000183,0.000116,0.000005,0.003654,-0.014256,0.707059,0.707001,-0.859,-1.451,90.016,-0.003070,-0.001531,0.000276,0.000912,-0.001552,-0.000594
1790938024.278346,1790938024.361584,0.000182,0.000177,0.000003,0.003647,-0.014201,0.707074,0.706987,-0.856,-1.446,90.018,-0.003780,0.000094,-0.000188,0.000912,-0.001551,0.000468
1790938024.311689,1790938024.397870,0.000164,0.000176,-0.000001,0.003648,-0.014211,0.707060,0.707002,-0.856,-1.447,90.016,-0.003715,0.000498,-0.000353,-0.003348,0.001647,0.000468
1790938024.345031,1790938024.432810,0.000247,0.000129,-0.000002,0.003668,-0.014193,0.707067,0.706995,-0.853,-1.447,90.017,-0.004712,-0.003086,-0.000394,-0.001216,0.000581,-0.000601
1790938024.378374,1790938024.465721,0.000089,0.000084,0.000000,0.003655,-0.014205,0.707051,0.707010,-0.855,-1.447,90.014,-0.005288,0.004998,0.000017,0.000912,-0.000484,0.002598
1790938024.411717,1790938024.502089,0.000152,0.000014,-0.000004,0.003687,-0.014265,0.707063,0.706997,-0.857,-1.455,90.016,-0.005898,-0.000970,-0.000298,0.003042,0.002712,0.000465
1790938024.445059,1790938024.537343,0.000184,0.000088,-0.000010,0.003691,-0.014276,0.707057,0.707002,-0.858,-1.456,90.015,-0.002417,-0.001070,-0.000498,-0.000152,-0.001549,0.002595
1790938024.478402,1790938024.572830,0.000095,0.000117,0.000008,0.003650,-0.014224,0.707056,0.707005,-0.857,-1.448,90.015,-0.004918,0.003651,0.000168,-0.000153,0.000582,0.000466
1790938024.511745,1790938024.609424,0.000209,0.000146,0.000026,0.003652,-0.014205,0.707050,0.707011,-0.855,-1.447,90.014,-0.003876,-0.002367,0.001117,0.003043,-0.001552,-0.000598
1790938024.545088,1790938024.645330,0.000156,0.000190,0.000023,0.003652,-0.014156,0.707061,0.707001,-0.851,-1.443,90.016,-0.004689,0.002179,0.000925,0.000910,0.000578,-0.000599
1790938024.578431,1790938024.678421,0.000133,0.000127,0.000013,0.003624,-0.014217,0.707055,0.707006,-0.859,-1.446,90.015,-0.006041,0.001586,0.000525,-0.000154,-0.000487,-0.001662
1790938024.611773,1790938024.708433,0.000148,0.000110,-0.000012,0.003663,-0.014251,0.707057,0.707004,-0.858,-1.452,90.015,-0.005889,0.000601,-0.000909,0.004106,0.000578,-0.000598
1790938024.645117,1790938024.739511,0.000119,-0.000007,-0.000006,0.003657,-0.014282,0.707054,0.707006,-0.861,-1.454,90.015,-0.007697,0.000999,0.000044,-0.004415,-0.000486,0.002596
1790938024.678459,1790938024.769748,0.000112,-0.000032,-0.000018,0.003685,-0.014326,0.707055,0.707004,-0.862,-1.459,90.015,-0.004939,0.000537,-0.000699,0.001977,0.001646,-0.002728
1790938024.711802,1790938024.799705,0.000142,-0.000012,-0.000013,0.003691,-0.014326,0.707055,0.707004,-0.862,-1.460,90.015,-0.005239,-0.000477,-0.000684,-0.001218,-0.002616,0.002595
1790938024.745145,1790938024.828840,0.000162,0.000027,-0.000025,0.003721,-0.014321,0.707055,0.707004,-0.859,-1.462,90.015,-0.003549,-0.000398,-0.001296,0.000911,-0.001549,0.001528
1790938024.778488,1790938024.857846,0.000137,0.000110,-0.000023,0.003694,-0.014308,0.707066,0.706993,-0.860,-1.459,90.017,-0.002008,0.001201,-0.001209,-0.000152,0.000585,-0.000602
1790938024.811831,1790938024.884881,0.000129,0.000101,-0.000003,0.003654,-0.014264,0.707054,0.707007,-0.860,-1.452,90.015,-0.004167,0.000424,-0.000152,0.005172,-0.000480,-0.001667
1790938024.845174,1790938024.922731,0.000229,0.000106,0.000006,0.003689,-0.014228,0.707053,0.707007,-0.854,-1.452,90.015,-0.003622,-0.002567,0.000442,-0.001217,-0.001547,0.001529
1790938024.878517,1790938024.958377,0.000215,0.000179,0.000018,0.003698,-0.014189,0.707068,0.706994,-0.850,-1.449,90.017,-0.002592,0.001014,0.000595,0.003043,0.000583,0.000464
1790938024.911860,1790938025.004517,0.000174,0.000163,0.000015,0.003659,-0.014184,0.707053,0.707009,-0.853,-1.446,90.014,-0.005869,0.001875,0.000612,-0.003349,-0.000483,0.001529
1790938024.945203,1790938025.033313,0.000118,0.000000,-0.000021,0.003673,-0.014269,0.707053,0.707007,-0.859,-1.454,90.015,-0.007548,0.002368,-0.000774,-0.000153,0.000583,0.003660
1790938024.978547,1790938025.067199,0.000127,0.000040,-0.000002,0.003698,-0.014313,0.707060,0.706999,-0.860,-1.459,90.016,-0.003434,0.000428,0.000146,0.000912,-0.001548,0.002595
1790938025.011891,1790938025.095598,0.000173,0.000141,0.000001,0.003664,-0.014266,0.707062,0.706998,-0.859,-1.453,90.016,-0.003275,-0.001590,-0.000261,-0.000152,-0.001548,0.004720
1790938025.045235,1790938025.122252,0.000131,0.000130,0.000005,0.003620,-0.014239,0.707059,0.707002,-0.861,-1.447,90.015,-0.004833,0.000726,-0.000030,-0.000152,0.002714,0.000458
1790938025.078579,1790938025.149987,0.000119,0.000101,0.000017,0.003623,-0.014252,0.707059,0.707001,-0.862,-1.448,90.016,-0.004773,0.000395,0.000657,0.001980,0.000582,0.000457
1790938025.111923,1790938025.177853,0.000255,0.000069,0.000002,0.003676,-0.014243,0.707071,0.706990,-0.857,-1.452,90.017,-0.005298,-0.005004,-0.000253,0.000914,-0.001550,-0.000614
1790938025.145266,1790938025.210799,0.000167,0.000071,-0.000017,0.003691,-0.014250,0.707061,0.706999,-0.856,-1.454,90.016,-0.003887,0.001728,-0.001016,-0.001214,0.002714,0.000451
1790938025.178611,1790938025.237287,0.000195,0.000137,0.000014,0.003680,-0.014210,0.707060,0.707001,-0.854,-1.450,90.016,-0.002918,-0.000592,0.000613,-0.000150,-0.001550,0.000450
1790938025.211955,1790938025.264910,0.000189,0.000045,-0.000000,0.003670,-0.014206,0.707053,0.707008,-0.854,-1.448,90.014,-0.007294,0.000199,-0.000014,0.000915,0.000581,0.001513
1790938025.245299,1790938025.290842,0.000092,0.000023,-0.000014,0.003681,-0.014288,0.707055,0.707005,-0.860,-1.456,90.015,-0.003781,0.003017,-0.000387,0.003046,0.000581,-0.001682
1790938025.278643,1790938025.321948,0.000143,0.000045,-0.000005,0.003674,-0.014296,0.707057,0.707003,-0.861,-1.456,90.015,-0.004982,-0.000789,-0.000022,-0.001214,0.000581,-0.000617
1790938025.311987,1790938025.354881,0.000248,0.000025,0.000020,0.003709,-0.014248,0.707051,0.707009,-0.854,-1.455,90.014,-0.005755,-0.003026,0.001359,0.001982,-0.001553,0.000447
1790938025.345330,1790938025.387921,0.000247,0.000097,-0.000005,0.003740,-0.014194,0.707058,0.707004,-0.847,-1.453,90.015,-0.003129,0.000142,-0.000539,-0.001214,-0.000485,-0.000618
1790938025.378675,1790938025.419483,0.000103,0.000116,-0.000021,0.003677,-0.014231,0.707063,0.706998,-0.855,-1.451,90.016,-0.004084,0.004322,-0.001441,-0.002280,-0.003679,0.001508
1790938025.412019,1790938025.456070,0.000132,0.000065,-0.000009,0.003643,-0.014270,0.707044,0.707016,-0.861,-1.451,90.013,-0.004439,-0.000637,-0.000254,-0.000149,-0.001549,-0.002750
1790938025.445363,1790938025.486609,0.000108,0.000056,-0.000012,0.003658,-0.014261,0.707048,0.707012,-0.859,-1.452,90.014,-0.004283,0.001720,-0.000278,-0.001214,-0.000482,-0.001683
1790938025.478708,1790938025.534565,0.000122,0.000033,-0.000018,0.003678,-0.014294,0.707055,0.707004,-0.860,-1.456,90.015,-0.004810,0.000517,-0.000840,0.000915,-0.000480,-0.001684
1790938025.512052,1790938025.574775,0.000169,0.000008,-0.000009,0.003693,-0.014290,0.707052,0.707008,-0.859,-1.457,90.014,-0.004335,-0.001862,-0.000282,-0.002280,0.000584,0.001507
1790938025.545397,1790938025.610294,0.000117,0.000063,-0.000020,0.003666,-0.014307,0.707060,0.706999,-0.862,-1.456,90.016,-0.002537,0.001046,-0.000881,-0.002279,-0.000478,0.000440
1790938025.578741,1790938025.647942,0.000119,0.000109,0.000010,0.003642,-0.014260,0.707047,0.707014,-0.861,-1.451,90.014,-0.003696,0.000682,0.000778,-0.000148,0.000585,-0.001686
1790938025.612086,1790938025.681485,0.000187,0.000096,-0.000002,0.003653,-0.014220,0.707043,0.707018,-0.856,-1.448,90.013,-0.004733,-0.001013,-0.000323,-0.004408,-0.001546,-0.000621
1790938025.645430,1790938025.716358,0.000190,0.000131,-0.000027,0.003674,-0.014210,0.707046,0.707016,-0.854,-1.449,90.013,-0.002679,0.000880,-0.001844,-0.000148,-0.001542,-0.000618
1790938025.678775,1790938025.751357,0.000127,0.000136,-0.000001,0.003668,-0.014191,0.707055,0.707006,-0.853,-1.447,90.015,-0.003947,0.003195,-0.000258,-0.001213,0.001655,-0.002747
1790938025.712120,1790938025.786990,0.000101,0.000012,-0.000011,0.003633,-0.014277,0.707055,0.707005,-0.863,-1.451,90.015,-0.006172,0.000854,-0.000114,0.000916,0.000589,0.000444
1790938025.745464,1790938025.820328,0.000120,0.000006,-0.000013,0.003679,-0.014341,0.707054,0.707004,-0.864,-1.460,90.015,-0.004081,-0.000400,-0.000128,-0.000148,0.000589,0.001511
1790938025.778808,1790938025.853657,0.000242,0.000075,-0.000005,0.003709,-0.014287,0.707066,0.706994,-0.857,-1.458,90.017,-0.003415,-0.004114,-0.000070,-0.000147,0.002720,0.000440
1790938025.812153,1790938025.890414,0.000113,0.000056,0.000010,0.003683,-0.014247,0.707045,0.707015,-0.856,-1.453,90.013,-0.005113,0.003607,0.001021,-0.000148,0.001654,-0.005948
1790938025.845498,1790938025.922748,0.000160,0.000023,-0.000011,0.003679,-0.014292,0.707060,0.706999,-0.860,-1.456,90.016,-0.005429,-0.000599,-0.000532,-0.000147,-0.000477,0.002571
1790938025.878851,1790938025.951452,0.000187,0.000013,-0.000006,0.003692,-0.014296,0.707062,0.706997,-0.860,-1.458,90.016,-0.004663,-0.001853,0.000245,-0.003342,0.001653,-0.000630
1790938025.912209,1790938025.981674,0.000211,0.000120,-0.000001,0.003697,-0.014237,0.707052,0.707008,-0.854,-1.453,90.014,-0.002015,-0.001377,0.000278,-0.001210,-0.003674,0.001500
1790938025.945567,1790938026.014592,0.000156,0.000168,-0.000007,0.003651,-0.014191,0.707059,0.707002,-0.854,-1.446,90.015,-0.004016,0.002509,-0.000587,0.001985,0.001654,-0.001694
1790938025.978926,1790938026.051726,0.000261,0.000068,0.000004,0.003662,-0.014197,0.707059,0.707002,-0.854,-1.447,90.015,-0.005716,-0.003338,0.000178,0.001986,0.000587,0.004694
1790938026.012285,1790938026.089810,0.000150,0.000011,0.000002,0.003704,-0.014209,0.707051,0.707010,-0.851,-1.451,90.014,-0.006256,0.003095,0.000277,0.000918,0.002717,0.001497
1790938026.045643,1790938026.136030,0.000079,0.000014,-0.000024,0.003692,-0.014309,0.707052,0.707007,-0.861,-1.459,90.015,-0.004614,0.003240,-0.000753,-0.000146,-0.003673,0.002566
1790938026.079002,1790938026.169595,0.000113,-0.000045,-0.000013,0.003691,-0.014336,0.707049,0.707010,-0.863,-1.461,90.014,-0.006257,-0.000027,0.000144,-0.006538,-0.000477,-0.002760
1790938026.112361,1790938026.197294,0.000105,-0.000031,-0.000021,0.003707,-0.014344,0.707042,0.707017,-0.862,-1.463,90.013,-0.004668,0.001365,-0.000426,-0.001211,0.001654,-0.002757
1790938026.145720,1790938026.230346,0.000124,0.000108,-0.000013,0.003698,-0.014308,0.707048,0.707011,-0.860,-1.459,90.014,-0.002335,0.001427,-0.000339,-0.000146,0.000589,-0.002753
1790938026.179079,1790938026.258508,0.000171,0.000101,0.000015,0.003674,-0.014235,0.707057,0.707004,-0.856,-1.451,90.015,-0.006078,-0.000326,0.001018,-0.001211,-0.000479,0.001504
1790938026.212439,1790938026.286111,0.000126,0.000081,-0.000007,0.003669,-0.014278,0.707056,0.707004,-0.860,-1.454,90.015,-0.004300,0.001303,-0.000233,-0.003342,0.002718,0.002569
1790938026.245797,1790938026.315365,0.000096,0.000034,0.000008,0.003658,-0.014282,0.707058,0.707002,-0.861,-1.454,90.016,-0.006370,0.001108,0.000688,0.004113,0.002716,0.003633
1790938026.279156,1790938026.345500,0.000150,0.000011,-0.000002,0.003697,-0.014297,0.707057,0.707003,-0.859,-1.458,90.015,-0.005449,-0.001456,0.000265,-0.001212,-0.000481,-0.000628
1790938026.312516,1790938026.378771,0.000093,-0.000046,-0.000032,0.003710,-0.014333,0.707049,0.707010,-0.861,-1.462,90.014,-0.005935,0.002302,-0.001045,-0.003343,-0.002610,-0.001692
1790938026.345876,1790938026.416016,0.000161,0.000058,-0.000018,0.003710,-0.014326,0.707061,0.706998,-0.860,-1.461,90.016,-0.002926,-0.001456,-0.000868,0.000918,-0.002608,-0.000628
1790938026.379236,1790938026.446773,0.000203,0.000031,0.000002,0.003693,-0.014263,0.707055,0.707005,-0.857,-1.455,90.015,-0.006544,-0.001300,0.000365,-0.005473,-0.002610,-0.001695
1790938026.412596,1790938026.481544,0.000124,0.000034,-0.000034,0.003719,-0.014310,0.707041,0.707018,-0.858,-1.461,90.013,-0.003287,0.002764,-0.001619,-0.001211,0.002721,0.002568
1790938026.445956,1790938026.510780,0.000038,-0.000010,0.000003,0.003669,-0.014324,0.707054,0.707005,-0.864,-1.458,90.015,-0.006131,0.003879,0.000669,-0.001211,-0.000477,-0.000628
1790938026.479316,1790938026.542214,0.000185,-0.000013,-0.000012,0.003700,-0.014348,0.707052,0.707006,-0.863,-1.462,90.015,-0.004141,-0.004599,-0.000323,-0.003341,0.000588,-0.001695
1790938026.512676,1790938026.576193,0.000189,0.000087,-0.000001,0.003722,-0.014263,0.707043,0.707017,-0.854,-1.457,90.013,-0.002875,0.000555,-0.000161,-0.000146,0.000589,0.001503
1790938026.546037,1790938026.610966,0.000092,0.000075,-0.000002,0.003671,-0.014259,0.707052,0.707008,-0.858,-1.453,90.014,-0.005387,0.004385,-0.000429,-0.002277,-0.000476,-0.000626
1790938026.579397,1790938026.643612,0.000156,-0.000038,-0.000018,0.003677,-0.014320,0.707058,0.707001,-0.863,-1.458,90.016,-0.006234,-0.002196,-0.000524,-0.001210,0.000590,0.002565
1790938026.612758,1790938026.678758,0.000141,0.000030,-0.000022,0.003724,-0.014335,0.707048,0.707011,-0.860,-1.463,90.014,-0.001986,0.000521,-0.001029,-0.001210,-0.001539,0.000437
1790938026.646118,1790938026.711786,0.000199,0.000073,-0.000004,0.003728,-0.014271,0.707056,0.707004,-0.855,-1.458,90.015,-0.003804,-0.000816,-0.000461,-0.000145,-0.000472,-0.001693
1790938026.679478,1790938026.745010,0.000150,0.000028,-0.000001,0.003707,-0.014264,0.707063,0.706997,-0.856,-1.456,90.016,-0.005176,0.001581,-0.000094,0.004115,-0.002603,0.001499
1790938026.712839,1790938026.771637,0.000245,0.000077,-0.000005,0.003733,-0.014275,0.707056,0.707003,-0.854,-1.459,90.015,-0.002654,-0.002610,-0.000415,0.000919,0.000594,-0.002759
1790938026.746200,1790938026.799782,0.000142,0.000148,0.000001,0.003692,-0.014229,0.707053,0.707008,-0.854,-1.452,90.014,-0.003194,0.003869,-0.000526,0.003050,-0.001537,-0.003825
1790938026.779562,1790938026.821433,0.000176,0.000022,-0.000003,0.003689,-0.014225,0.707051,0.707010,-0.854,-1.452,90.014,-0.006426,-0.000357,-0.000209,-0.000146,0.001661,-0.000629
1790938026.812923,1790938026.857598,0.000112,0.000010,-0.000008,0.003699,-0.014280,0.707041,0.707019,-0.858,-1.457,90.013,-0.003887,0.003370,-0.000301,0.003049,-0.000470,-0.004885
1790938026.846284,1790938026.893407,0.000166,0.000039,0.000008,0.003691,-0.014273,0.707047,0.707013,-0.858,-1.456,90.014,-0.005295,0.000401,0.000441,-0.000146,0.001660,0.001507
1790938026.879632,1790938026.923127,0.000156,0.000047,-0.000005,0.003704,-0.014296,0.707058,0.707001,-0.859,-1.458,90.016,-0.005000,0.001150,-0.000404,-0.002277,0.000594,0.000441
1790938026.912972,1790938026.963259,0.000123,-0.000014,0.000009,0.003698,-0.014315,0.707055,0.707004,-0.861,-1.460,90.015,-0.006664,0.001331,0.000496,0.000918,-0.000472,-0.000624
1790938026.946312,1790938027.001809,0.000154,0.000039,0.000004,0.003712,-0.014307,0.707055,0.707004,-0.859,-1.460,90.015,-0.003346,-0.000656,0.000152,0.004113,0.001659,-0.000625
1790938026.979652,1790938027.034935,0.000129,-0.000024,-0.000021,0.003698,-0.014282,0.707039,0.707020,-0.858,-1.457,90.012,-0.006762,0.001435,-0.000968,0.000917,0.000593,-0.001688
1790938027.012992,1790938027.068287,0.000069,0.000002,-0.000028,0.003705,-0.014326,0.707039,0.707020,-0.861,-1.461,90.012,-0.003163,0.003790,-0.000872,0.003048,0.002726,-0.000619
1790938027.046332,1790938027.105946,0.000264,0.000080,0.000003,0.003707,-0.014235,0.707053,0.707008,-0.853,-1.454,90.014,-0.005514,-0.004046,-0.000010,0.000917,0.001661,0.000446
1790938027.079671,1790938027.142116,0.000203,0.000084,0.000001,0.003693,-0.014191,0.707038,0.707024,-0.851,-1.449,90.012,-0.005369,0.003334,-0.000139,-0.000148,-0.000470,-0.000614
1790938027.113010,1790938027.175540,0.000101,0.000011,-0.000009,0.003659,-0.014257,0.707056,0.707005,-0.859,-1.452,90.015,-0.006694,0.004872,-0.000268,-0.001213,0.005921,-0.000613
1790938027.146350,1790938027.209522,0.000160,-0.000057,-0.000000,0.003662,-0.014311,0.707045,0.707014,-0.863,-1.456,90.013,-0.007020,-0.000610,0.000353,-0.004408,-0.001538,-0.001678
1790938027.179690,1790938027.247665,0.000113,-0.000140,-0.000021,0.003689,-0.014340,0.707052,0.707007,-0.863,-1.461,90.015,-0.008479,0.001954,-0.000420,0.000917,-0.000471,0.001515
1790938027.213030,1790938027.282867,0.000120,-0.000119,-0.000039,0.003735,-0.014412,0.707055,0.707002,-0.865,-1.470,90.015,-0.004221,0.000270,-0.001401,-0.001212,-0.001535,-0.003810
1790938027.246369,1790938027.319895,0.000126,-0.000094,-0.000014,0.003693,-0.014368,0.707057,0.707001,-0.865,-1.463,90.016,-0.006857,0.000435,-0.000228,-0.001212,-0.000469,0.000448
1790938027.279709,1790938027.358818,0.000136,-0.000129,-0.000033,0.003708,-0.014388,0.707041,0.707017,-0.866,-1.466,90.013,-0.005508,0.000275,-0.000794,-0.001213,0.000597,-0.002744
1790938027.313049,1790938027.395637,0.000117,-0.000041,-0.000023,0.003703,-0.014379,0.707052,0.707006,-0.865,-1.465,90.015,-0.002776,0.001480,-0.000609,-0.000147,-0.002597,0.000450
1790938027.346388,1790938027.432078,0.000161,-0.000013,0.000010,0.003665,-0.014303,0.707053,0.707007,-0.862,-1.456,90.015,-0.004927,-0.001162,0.001096,-0.001212,-0.000468,0.001512
1790938027.379728,1790938027.465166,0.000186,-0.000023,-0.000020,0.003674,-0.014301,0.707058,0.707002,-0.861,-1.456,90.015,-0.004286,-0.001304,-0.001054,0.000918,0.000598,-0.000619
1790938027.413068,1790938027.501005,0.000050,-0.000045,0.000005,0.003636,-0.014310,0.707046,0.707013,-0.865,-1.454,90.014,-0.005172,0.004699,0.000886,-0.000148,0.001662,-0.000618
1790938027.446408,1790938027.537131,0.000126,-0.000064,0.000006,0.003641,-0.014341,0.707045,0.707013,-0.867,-1.457,90.014,-0.005848,-0.001218,0.000989,0.001983,0.000594,-0.001683
1790938027.479747,1790938027.574161,0.000139,-0.000029,-0.000013,0.003680,-0.014314,0.707054,0.707006,-0.862,-1.458,90.015,-0.004830,0.000269,-0.000089,-0.002280,0.003789,-0.000618
1790938027.513087,1790938027.607321,0.000063,-0.000071,-0.000018,0.003657,-0.014342,0.707051,0.707007,-0.866,-1.458,90.015,-0.006065,0.003055,-0.000113,0.000915,-0.000471,-0.001682
1790938027.546427,1790938027.644546,0.000158,-0.000127,-0.000019,0.003708,-0.014352,0.707045,0.707013,-0.863,-1.463,90.014,-0.006257,-0.002421,-0.000109,0.000915,0.000594,0.001511
1790938027.579765,1790938027.680800,0.000088,-0.000042,-0.000016,0.003725,-0.014362,0.707054,0.707004,-0.862,-1.466,90.015,-0.003085,0.002647,0.000237,-0.000149,0.001660,-0.001683
1790938027.613105,1790938027.716821,0.000108,-0.000034,0.000006,0.003666,-0.014303,0.707056,0.707004,-0.862,-1.456,90.015,-0.006001,0.000131,0.000700,0.001981,0.002723,-0.001682
1790938027.646445,1790938027.753306,0.000072,-0.000136,-0.000006,0.003671,-0.014314,0.707047,0.707012,-0.863,-1.457,90.014,-0.007762,0.001863,0.000872,0.000914,-0.000475,0.002578
1790938027.679784,1790938027.793100,0.000035,-0.000175,-0.000026,0.003670,-0.014389,0.707051,0.707007,-0.869,-1.463,90.015,-0.006072,0.001938,-0.000302,0.003044,0.000591,-0.002746
1790938027.713124,1790938027.830907,0.000071,-0.000065,-0.000023,0.003703,-0.014374,0.707053,0.707005,-0.865,-1.465,90.015,-0.002610,0.000104,-0.000433,0.003044,-0.000473,-0.004875
1790938027.746464,1790938027.868964,0.000112,-0.000037,-0.000011,0.003666,-0.014326,0.707055,0.707004,-0.864,-1.458,90.015,-0.004942,-0.000707,-0.000088,0.001979,0.001659,-0.002747
1790938027.779803,1790938027.907657,0.000109,0.000073,-0.000004,0.003649,-0.014292,0.707044,0.707015,-0.863,-1.454,90.013,-0.001002,0.000671,-0.000251,0.001979,0.000594,0.001516
1790938027.813143,1790938027.943981,0.000104,0.000022,0.000019,0.003601,-0.014239,0.707064,0.706997,-0.862,-1.446,90.016,-0.006934,0.001246,0.000896,-0.000153,0.002722,-0.002745
1790938027.846483,1790938027.980836,0.000135,-0.000079,0.000007,0.003637,-0.014314,0.707052,0.707007,-0.865,-1.455,90.015,-0.006012,-0.000927,0.000660,-0.000152,0.001656,-0.001681
1790938027.879822,1790938028.016030,0.000064,-0.000094,-0.000005,0.003671,-0.014346,0.707054,0.707005,-0.865,-1.460,90.015,-0.005432,0.002936,-0.000200,-0.000152,-0.000474,0.000450
1790938027.913160,1790938028.052080,0.000116,-0.000134,-0.000010,0.003665,-0.014368,0.707056,0.707002,-0.868,-1.461,90.016,-0.006471,-0.001014,-0.000140,0.000913,-0.000474,0.003644
1790938027.946499,1790938028.086621,0.000125,-0.000151,-0.000006,0.003693,-0.014362,0.707046,0.707012,-0.865,-1.463,90.014,-0.006119,-0.000023,0.000381,-0.002283,0.003785,0.000449
1790938027.979837,1790938028.121104,-0.000014,-0.000023,0.000007,0.003673,-0.014367,0.707053,0.707005,-0.867,-1.462,90.015,-0.003413,0.006232,0.000059,-0.003348,0.000589,-0.001677
1790938028.013175,1790938028.160123,0.000122,0.000009,0.000014,0.003592,-0.014349,0.707067,0.706991,-0.872,-1.454,90.017,-0.006995,-0.002967,0.000523,-0.000152,0.000588,0.001513
1790938028.046513,1790938028.196554,0.000098,-0.000002,-0.000008,0.003625,-0.014326,0.707050,0.707009,-0.867,-1.454,90.014,-0.005206,0.000578,-0.000701,0.000914,0.002720,0.001514
1790938028.079852,1790938028.233045,0.000070,-0.000019,0.000005,0.003614,-0.014329,0.707066,0.706993,-0.868,-1.454,90.017,-0.005904,0.001490,0.000254,0.003044,0.000588,0.001513
1790938028.113190,1790938028.267477,0.000119,-0.000097,0.000014,0.003627,-0.014347,0.707054,0.707005,-0.869,-1.456,90.015,-0.006826,-0.001333,0.000797,-0.000152,0.002717,-0.002746
1790938028.146528,1790938028.302652,0.000070,-0.000086,-0.000006,0.003657,-0.014384,0.707061,0.706997,-0.869,-1.462,90.016,-0.005299,0.001693,-0.000265,-0.001216,0.001653,0.001511
1790938028.179867,1790938028.337759,0.000102,-0.000146,0.000000,0.003644,-0.014402,0.707070,0.706988,-0.872,-1.462,90.018,-0.007443,-0.001262,0.000212,0.001979,-0.001545,0.003639
1790938028.213205,1790938028.376483,0.000158,-0.000168,-0.000000,0.003695,-0.014428,0.707067,0.706990,-0.870,-1.468,90.017,-0.005442,-0.002906,0.000021,0.001980,0.000586,-0.001690
1790938028.246544,1790938028.411767,0.000117,-0.000070,-0.000007,0.003705,-0.014412,0.707051,0.707006,-0.868,-1.468,90.015,-0.003827,0.001297,-0.000411,-0.000151,-0.000478,0.000440
1790938028.279882,1790938028.445913,0.000079,-0.000058,-0.000008,0.003654,-0.014388,0.707057,0.707001,-0.870,-1.462,90.016,-0.005443,0.002428,-0.000972,-0.002283,-0.000477,-0.000623
1790938028.313221,1790938028.480514,0.000208,-0.000080,-0.000002,0.003661,-0.014390,0.707060,0.706998,-0.870,-1.463,90.016,-0.005053,-0.004026,-0.000216,-0.002281,-0.001544,0.000437
1790938028.346559,1790938028.515374,0.000107,-0.000072,-0.000013,0.003698,-0.014346,0.707052,0.707007,-0.863,-1.462,90.015,-0.005001,0.002985,-0.000611,0.000914,0.000588,0.001504
1790938028.379897,1790938028.550505,0.000074,-0.000030,-0.000001,0.003654,-0.014383,0.707067,0.706991,-0.870,-1.461,90.017,-0.003852,0.002118,-0.000100,-0.003347,-0.000476,0.002569
1790938028.413235,1790938028.585428,0.000105,-0.000077,0.000006,0.003617,-0.014415,0.707070,0.706988,-0.875,-1.461,90.018,-0.006737,-0.001413,0.000369,-0.000151,0.000588,0.003629
1790938028.446573,1790938028.621630,0.000059,-0.000148,-0.000012,0.003641,-0.014433,0.707059,0.706998,-0.875,-1.464,90.016,-0.006077,0.000450,-0.000112,-0.002282,0.000588,0.001496
1790938028.479911,1790938028.659298,0.000083,-0.000141,-0.000002,0.003644,-0.014443,0.707057,0.707000,-0.875,-1.466,90.016,-0.005770,-0.000619,0.000366,-0.002282,-0.000478,-0.001698
1790938028.513249,1790938028.696918,0.000041,-0.000097,-0.000010,0.003653,-0.014444,0.707044,0.707012,-0.875,-1.466,90.014,-0.004778,0.002151,-0.000289,0.000914,0.000586,-0.001696
1790938028.546587,1790938028.734850,0.000140,-0.000067,-0.000004,0.003640,-0.014388,0.707059,0.706999,-0.871,-1.461,90.016,-0.004870,-0.002108,-0.000020,0.003045,0.000587,-0.001697
1790938028.579926,1790938028.767647,0.000022,-0.000095,0.000005,0.003639,-0.014376,0.707042,0.707016,-0.870,-1.460,90.013,-0.006015,0.004971,0.000542,-0.000151,-0.000479,0.002568
1790938028.613264,1790938028.800502,0.000094,-0.000082,-0.000010,0.003656,-0.014443,0.707059,0.706998,-0.874,-1.466,90.016,-0.004818,-0.000957,-0.000229,0.000914,0.000585,-0.000631
1790938028.646602,1790938028.834540,0.000027,-0.000062,-0.000019,0.003636,-0.014414,0.707044,0.707013,-0.874,-1.463,90.014,-0.005860,0.002774,-0.000827,0.001979,-0.001544,0.000437
1790938028.679940,1790938028.860032,0.000107,-0.000076,-0.000004,0.003635,-0.014415,0.707055,0.707002,-0.874,-1.462,90.015,-0.005268,-0.001331,-0.000328,-0.000152,0.001654,0.001501
1790938028.713278,1790938028.885111,0.000164,-0.000091,-0.000003,0.003668,-0.014383,0.707053,0.707005,-0.868,-1.463,90.015,-0.005663,-0.001913,-0.000147,-0.000151,-0.000478,-0.004892
1790938028.746616,1790938028.910561,0.000042,-0.000111,-0.000010,0.003664,-0.014405,0.707055,0.707003,-0.871,-1.464,90.015,-0.005514,0.003698,0.000019,0.000913,0.001653,0.000433
1790938028.779954,1790938028.939086,0.000109,-0.000126,0.000022,0.003651,-0.014397,0.707054,0.707004,-0.871,-1.462,90.015,-0.006001,-0.001280,0.001608,-0.000152,0.000583,-0.001696
1790938028.813293,1790938028.967491,0.000166,-0.000035,0.000005,0.003683,-0.014370,0.707057,0.707001,-0.866,-1.463,90.016,-0.003660,-0.001641,0.000226,-0.000151,0.002713,0.003626
1790938028.846630,1790938029.001346,0.000090,0.000035,0.000002,0.003655,-0.014369,0.707071,0.706987,-0.868,-1.460,90.018,-0.003694,0.002475,-0.000439,0.000912,0.000584,0.002561
1790938028.879968,1790938029.037231,0.000105,-0.000001,0.000013,0.003617,-0.014374,0.707084,0.706975,-0.872,-1.458,90.020,-0.005983,-0.000782,0.000297,-0.002283,-0.003678,-0.000639
1790938028.913305,1790938029.071560,0.000077,-0.000036,-0.000017,0.003700,-0.014452,0.707087,0.706970,-0.872,-1.471,90.021,-0.004446,0.000140,-0.000854,-0.002283,-0.005808,-0.002770
1790938028.946642,1790938029.105658,-0.000162,-0.000174,-0.000018,0.003628,-0.014609,0.707059,0.706994,-0.890,-1.478,90.017,-0.008127,0.007659,0.000121,-0.001217,-0.001548,-0.002769
1790938028.979980,1790938029.139220,0.000032,-0.000179,-0.000019,0.003619,-0.014715,0.707060,0.706991,-0.899,-1.486,90.017,-0.004722,-0.004425,0.000063,-0.005479,0.003778,0.001490
1790938029.013317,1790938029.175539,0.000145,-0.000032,-0.000006,0.003513,-0.014621,0.707057,0.706996,-0.900,-1.469,90.016,-0.003407,-0.003466,0.000152,-0.004412,0.009104,-0.000643
1790938029.046654,1790938029.211325,0.000040,-0.000019,-0.000031,0.003342,-0.014577,0.707017,0.707038,-0.911,-1.452,90.010,-0.004490,0.002205,-0.001309,-0.001217,0.009107,-0.004904
1790938029.079991,1790938029.245773,0.000052,0.000022,-0.000005,0.003086,-0.014442,0.706894,0.707165,-0.920,-1.420,89.989,-0.002923,0.000108,0.000024,-0.001216,0.005911,-0.003839
1790938029.113329,1790938029.280634,0.000045,0.000004,-0.000023,0.003025,-0.014357,0.706881,0.707180,-0.918,-1.409,89.987,-0.004737,-0.000625,-0.001185,0.005174,0.002717,0.008936
1790938029.146666,1790938029.315820,0.000028,-0.000054,0.000005,0.002986,-0.014313,0.706909,0.707153,-0.918,-1.402,89.991,-0.004623,-0.000216,0.000365,-0.001216,0.004849,-0.005975
1790938029.180003,1790938029.350923,0.000050,-0.000136,0.000004,0.002918,-0.014338,0.706855,0.707207,-0.925,-1.398,89.983,-0.006905,-0.001334,0.000263,0.004109,0.004847,-0.003848
1790938029.213340,1790938029.386441,0.000031,-0.000282,-0.000012,0.002932,-0.014329,0.706758,0.707304,-0.923,-1.399,89.967,-0.008026,0.000283,0.000237,-0.003348,0.008042,-0.013436
1790938029.246677,1790938029.420610,0.000035,-0.000420,-0.000031,0.002742,-0.014321,0.706416,0.707647,-0.937,-1.383,89.912,-0.008156,0.002461,-0.000757,-0.001219,-0.000478,-0.026211
1790938029.280015,1790938029.454776,0.000094,-0.000622,-0.000026,0.002626,-0.014226,0.706294,0.707770,-0.939,-1.366,89.892,-0.009598,-0.002111,0.000654,0.006235,0.016563,-0.001725
1790938029.313352,1790938029.489647,-0.000105,-0.000931,-0.000064,0.002461,-0.014086,0.706097,0.707971,-0.940,-1.342,89.859,-0.013575,0.005528,0.000711,-0.009743,0.017625,-0.023021
1790938029.346688,1790938029.526581,0.000193,-0.000953,-0.000031,0.002301,-0.013774,0.705975,0.708099,-0.928,-1.304,89.839,-0.006030,-0.009466,0.001595,0.011562,0.033606,0.000404
1790938029.380024,1790938029.562817,0.000057,-0.001050,0.000007,0.001940,-0.013162,0.705851,0.708235,-0.907,-1.225,89.816,-0.012499,0.003480,0.002785,-0.005482,0.045316,-0.024097
1790938029.413362,1790938029.598605,0.000012,-0.001233,0.000059,0.001287,-0.012542,0.705746,0.708353,-0.910,-1.122,89.798,-0.012247,0.000961,0.006459,0.021148,0.113487,0.008922
1790938029.446698,1790938029.636612,-0.000036,-0.001312,0.000217,0.000135,-0.010715,0.705723,0.708407,-0.856,-0.881,89.789,-0.013580,-0.000023,0.012847,0.071215,0.169929,-0.050726
1790938029.480035,1790938029.674099,-0.000464,-0.001909,0.000203,-0.001126,-0.008031,0.704523,0.709635,-0.740,-0.562,89.589,-0.027093,0.022293,0.008592,0.076533,0.183767,-0.172132
1790938029.513372,1790938029.711227,-0.000060,-0.002022,0.000174,-0.001714,-0.005318,0.702842,0.711324,-0.568,-0.295,89.314,-0.010552,0.002687,-0.001012,0.093578,0.168864,-0.110352
1790938029.546709,1790938029.751987,-0.000108,-0.001889,0.000636,-0.003593,-0.002378,0.701731,0.712429,-0.485,0.095,89.133,-0.015127,-0.002132,0.012617,-0.007618,0.262593,-0.079479
1790938029.580046,1790938029.791365,-0.000292,-0.001724,0.001023,-0.007698,0.000847,0.700534,0.713577,-0.562,0.687,88.940,-0.019640,0.006145,0.007081,-0.100280,0.300900,-0.093363
1790938029.613383,1790938029.827612,-0.000421,-0.002329,0.001145,-0.013032,0.003270,0.699669,0.714341,-0.805,1.313,88.802,-0.026256,0.006157,0.005272,-0.110876,0.245420,-0.062570
1790938029.646719,1790938029.874009,-0.000393,-0.002249,0.001016,-0.015948,0.004751,0.698839,0.715085,-0.927,1.667,88.670,-0.023368,0.001688,0.001640,-0.039438,0.079252,-0.030737
1790938029.680056,1790938029.911831,-0.000383,-0.000203,0.000703,-0.015483,0.003003,0.698362,0.715570,-1.030,1.485,88.592,-0.006156,0.002546,-0.003565,-0.006302,-0.076166,-0.056361
1790938029.713392,1790938029.944592,-0.000247,0.000426,0.000523,-0.016028,0.004509,0.697640,0.716255,-0.955,1.652,88.478,-0.003822,0.002269,-0.005010,0.013051,-0.101279,-0.068164
1790938029.746729,1790938029.978574,-0.000511,0.000595,0.000458,-0.015363,0.004411,0.696955,0.716937,-0.910,1.590,88.368,0.000127,0.003392,-0.004180,0.042004,0.003656,-0.029903
1790938029.780065,1790938030.013050,-0.000764,0.000194,0.000676,-0.015312,0.005853,0.696762,0.717115,-0.791,1.704,88.339,0.002524,0.001611,-0.002366,0.132690,0.097737,0.005053
1790938029.813401,1790938030.049377,-0.000804,0.000175,0.000571,-0.008821,0.008509,0.696393,0.717556,-0.046,1.404,88.284,-0.004844,-0.012375,0.019823,0.634519,-0.483270,-0.062045
1790938029.846738,1790938030.084692,-0.001095,-0.000385,0.000555,0.004152,0.012984,0.695472,0.718424,1.377,0.738,88.149,-0.007206,-0.002585,0.019981,0.501194,-0.165012,-0.071246
1790938029.880075,1790938030.125420,-0.001436,-0.000474,0.000769,0.007341,0.016677,0.695169,0.718616,1.934,0.789,88.113,0.010037,0.011016,-0.011550,0.130198,0.051167,0.018250
1790938029.913413,1790938030.163837,-0.001358,-0.001536,0.000602,0.010508,0.019463,0.695011,0.718659,2.416,0.766,88.099,-0.011700,0.013663,-0.004662,0.354472,-0.009587,-0.010491
1790938029.946751,1790938030.192336,-0.001950,-0.002338,-0.000046,0.013090,0.022332,0.695098,0.718449,2.858,0.796,88.127,-0.003607,0.006252,-0.013604,0.218751,0.023686,0.054618
1790938029.980088,1790938030.216151,-0.001285,-0.001614,-0.000710,0.016719,0.025463,0.695494,0.717886,3.407,0.762,88.207,-0.002300,0.000439,-0.010846,0.328112,0.007849,0.026928
1790938030.013426,1790938030.252023,-0.000728,-0.001359,-0.000728,0.021059,0.029335,0.695925,0.717206,4.074,0.731,88.301,-0.006868,-0.001650,-0.012266,0.338309,0.013054,0.064233
1790938030.046764,1790938030.275769,0.000068,-0.001394,0.000821,0.024870,0.033341,0.696475,0.716375,4.708,0.752,88.417,-0.003765,-0.003509,-0.009976,0.208275,0.089653,0.086574
1790938030.080101,1790938030.308466,0.003123,-0.003154,0.001651,0.026021,0.034508,0.698430,0.714372,4.898,0.742,88.739,-0.027182,-0.005691,-0.020708,-0.114739,0.258600,0.176902
1790938030.113439,1790938030.342607,0.006149,-0.002594,0.006935,0.017783,0.037985,0.700144,0.712769,4.507,1.676,89.042,0.001038,-0.008646,-0.007661,-0.421608,0.290287,0.089380
1790938030.146777,1790938030.366306,0.006811,-0.005172,0.007785,0.010514,0.032147,0.701572,0.711796,3.446,1.777,89.225,-0.029417,-0.001038,-0.011451,-0.585626,0.371342,0.044769
1790938030.180114,1790938030.400826,0.008072,-0.008000,0.008973,0.000030,0.029520,0.702074,0.711492,2.380,2.405,89.287,-0.033790,-0.015408,0.004509,-0.578108,0.379998,-0.021094
1790938030.213451,1790938030.428438,0.010836,-0.012553,0.011651,-0.011241,0.025526,0.702526,0.711111,1.141,2.986,89.334,-0.058653,-0.019886,0.007159,-0.738638,0.501209,0.023641
1790938030.246788,1790938030.460310,0.011674,-0.016380,0.014062,-0.022667,0.023933,0.702200,0.711217,0.079,3.777,89.272,-0.067198,-0.032924,0.040442,-0.271873,0.274432,-0.090116
1790938030.280126,1790938030.489076,0.007478,-0.020590,0.012607,-0.027237,0.021808,0.701298,0.712013,-0.471,3.971,89.115,-0.089781,-0.013838,0.039950,0.020312,0.037787,-0.048651
1790938030.313463,1790938030.516603,0.013955,-0.021643,0.015041,-0.025631,0.024867,0.701413,0.711860,-0.092,4.092,89.150,-0.097157,-0.050718,0.045113,-0.018989,0.004909,0.085599
1790938030.346801,1790938030.542729,0.014772,-0.020043,0.014540,-0.027231,0.025236,0.702810,0.710408,-0.185,4.251,89.377,-0.086104,-0.048624,0.044576,0.050453,-0.063230,0.104893
1790938030.380138,1790938030.573810,0.019325,-0.022156,0.017956,-0.024360,0.026080,0.703717,0.709583,0.123,4.088,89.529,-0.084766,-0.062261,0.059215,0.144322,-0.118545,0.030497
1790938030.413475,1790938030.601271,0.017533,-0.020486,0.016275,-0.023352,0.026434,0.703701,0.709621,0.233,4.036,89.528,-0.072772,-0.049170,0.051323,0.074094,-0.101429,-0.018575
1790938030.446813,1790938030.622563,0.018823,-0.022261,0.018148,-0.021573,0.025706,0.703354,0.710048,0.317,3.833,89.468,-0.071941,-0.046216,0.055135,0.046490,-0.116399,-0.011138
1790938030.480150,1790938030.645522,0.019923,-0.023350,0.018835,-0.019467,0.024523,0.703625,0.709881,0.395,3.567,89.505,-0.070723,-0.042857,0.069651,0.012502,-0.215474,0.038909
1790938030.513487,1790938030.670668,0.020009,-0.023063,0.019170,-0.016449,0.021230,0.703473,0.710214,0.373,3.055,89.464,-0.056941,-0.052246,0.086190,0.011547,-0.365631,-0.108117
1790938030.546825,1790938030.729470,0.019316,-0.022566,0.020140,-0.013072,0.015777,0.701840,0.712040,0.202,2.339,89.178,-0.053288,-0.051607,0.093699,-0.204591,-0.401794,-0.135799
1790938030.580162,1790938030.779266,0.006294,-0.007947,0.029745,-0.015242,0.008392,0.700359,0.713578,-0.573,1.910,88.919,0.000608,-0.019282,0.124650,-0.227089,-0.454375,-0.121217
1790938030.613499,1790938030.812145,0.014466,-0.009028,0.027430,-0.009382,0.002112,0.699380,0.714685,-0.599,0.925,88.755,0.010132,-0.033629,0.109261,-0.000378,-0.505516,-0.033909
1790938030.646837,1790938030.841797,0.015225,-0.012509,0.026068,-0.004122,-0.004250,0.699727,0.714386,-0.678,-0.017,88.812,0.007895,-0.027420,0.081144,-0.077672,-0.334164,0.052413
1790938030.680173,1790938030.873891,0.020081,-0.017010,0.028691,-0.000950,-0.008140,0.700508,0.713598,-0.731,-0.589,88.943,-0.003101,-0.040063,0.063178,-0.109389,-0.086295,0.102593
1790938030.713510,1790938030.905755,0.020973,-0.018318,0.027579,-0.004542,-0.010433,0.702065,0.712022,-1.210,-0.486,89.198,-0.012014,-0.051340,0.035567,-0.340118,0.238560,0.139990
1790938030.746847,1790938030.926557,0.022692,-0.020155,0.029693,-0.010946,-0.011171,0.703209,0.710811,-1.792,-0.028,89.384,-0.015291,-0.056586,0.038525,-0.258956,0.247960,0.082530
1790938030.780184,1790938030.949185,0.023442,-0.020508,0.029867,-0.014576,-0.012490,0.703952,0.709988,-2.194,0.160,89.508,-0.011885,-0.049902,0.062004,-0.160858,-0.055718,0.051672
1790938030.813521,1790938030.973815,0.024117,-0.019341,0.028352,-0.013378,-0.016318,0.704335,0.709554,-2.406,-0.247,89.582,-0.007745,-0.047407,0.083367,-0.078758,-0.330539,0.004817
1790938030.846859,1790938031.002065,0.024390,-0.018088,0.027831,-0.010212,-0.022001,0.704184,0.709603,-2.607,-0.965,89.583,-0.006842,-0.046952,0.087437,-0.124488,-0.359309,-0.034581
1790938030.880201,1790938031.036573,0.012995,0.000030,0.044674,-0.009284,-0.026067,0.703422,0.710234,-2.859,-1.373,89.482,0.031417,-0.029016,0.102808,-0.039106,-0.271324,-0.082944
1790938030.913552,1790938031.066365,0.011499,0.000316,0.040338,-0.007172,-0.029355,0.702695,0.710849,-2.951,-1.814,89.386,0.027396,-0.015568,0.069103,-0.036990,-0.079741,-0.009623
1790938030.946904,1790938031.092668,0.008936,-0.000006,0.035549,-0.007464,-0.030313,0.703129,0.710377,-3.053,-1.867,89.462,0.023185,-0.001535,0.043532,-0.011841,0.070500,0.087272
1790938030.980255,1790938031.112373,0.009027,-0.000023,0.037598,-0.007654,-0.029313,0.703881,0.709672,-2.990,-1.767,89.577,0.018219,-0.011254,0.046950,0.087143,0.095912,0.023341
1790938031.013607,1790938031.131496,0.009493,-0.000517,0.039425,-0.006803,-0.027756,0.703512,0.710108,-2.794,-1.710,89.507,0.014833,-0.026963,0.064687,0.111591,0.015984,-0.094845
1790938031.046959,1790938031.150764,0.010479,-0.001015,0.041519,-0.004868,-0.027577,0.702090,0.711538,-2.618,-1.857,89.277,0.015101,-0.034558,0.084070,0.063603,-0.057501,-0.138425
1790938031.080311,1790938031.171226,0.011997,-0.001287,0.044431,-0.003123,-0.027915,0.700332,0.713264,-2.498,-2.031,88.996,0.018465,-0.038991,0.099628,0.072090,-0.034047,-0.149004
1790938031.113661,1790938031.193179,0.013377,-0.001403,0.048130,-0.001742,-0.027480,0.698885,0.714704,-2.346,-2.112,88.761,0.022034,-0.032423,0.110620,0.082723,0.022389,-0.089334
1790938031.147013,1790938031.214116,0.018612,-0.002685,0.052150,-0.000281,-0.026628,0.698441,0.715172,-2.156,-2.160,88.684,0.020114,-0.026850,0.134361,0.051816,0.010624,0.015151
1790938031.180365,1790938031.253761,0.021607,-0.003362,0.057214,0.000254,-0.026474,0.698708,0.714917,-2.101,-2.190,88.726,0.020179,-0.031493,0.166025,0.027315,0.022343,0.008797
1790938031.213717,1790938031.282146,0.022855,-0.004078,0.063972,0.000605,-0.025635,0.698282,0.715363,-2.003,-2.150,88.653,0.021597,-0.039969,0.195080,0.096548,0.078791,-0.082738
1790938031.247069,1790938031.307780,0.022697,-0.004565,0.072234,0.000883,-0.024082,0.697028,0.716638,-1.853,-2.049,88.444,0.023500,-0.039634,0.228992,0.052842,0.092635,-0.124188
1790938031.280421,1790938031.341817,0.022366,-0.004800,0.081526,0.000443,-0.022475,0.695806,0.717878,-1.757,-1.885,88.240,0.018789,-0.032384,0.260598,0.080524,0.145913,-0.076218
1790938031.313774,1790938031.375038,0.020127,-0.002451,0.094402,-0.000516,-0.021016,0.695034,0.718670,-1.717,-1.690,88.110,0.021292,-0.020157,0.302219,-0.013686,0.093957,-0.034607
1790938031.347126,1790938031.412315,0.021569,-0.000690,0.105948,-0.001517,-0.021874,0.695631,0.718065,-1.870,-1.679,88.209,0.022155,-0.003680,0.332442,-0.093606,-0.023008,0.150629
1790938031.380478,1790938031.448973,0.022961,-0.007765,0.117154,-0.001540,-0.024126,0.697811,0.715874,-2.057,-1.856,88.569,0.014445,-0.004781,0.344628,-0.092454,-0.016650,0.203746
1790938031.413831,1790938031.481763,0.021697,-0.006911,0.131202,-0.002660,-0.025346,0.699739,0.713944,-2.252,-1.861,88.885,0.029553,-0.011470,0.353928,-0.050943,0.090005,0.132321
1790938031.447183,1790938031.511179,0.021308,-0.007357,0.144954,-0.004986,-0.025516,0.701398,0.712296,-2.460,-1.682,89.153,0.045512,-0.015916,0.368714,-0.085052,0.196571,0.155778
1790938031.480536,1790938031.545017,0.020712,-0.006825,0.158297,-0.007941,-0.024895,0.703093,0.710617,-2.654,-1.388,89.422,0.061487,-0.028581,0.399028,-0.026485,0.182737,0.125965
1790938031.513888,1790938031.581706,0.019622,-0.011632,0.176040,-0.009457,-0.024632,0.704275,0.709437,-2.758,-1.239,89.611,0.067403,-0.040944,0.443554,-0.014727,0.104901,0.097225
1790938031.547241,1790938031.612431,0.020289,-0.010402,0.190608,-0.009890,-0.025495,0.705793,0.707890,-2.866,-1.268,89.862,0.077998,-0.039699,0.483140,-0.004087,-0.065559,0.175036
1790938031.580593,1790938031.648971,0.020834,-0.008329,0.207286,-0.007797,-0.027870,0.708013,0.705606,-2.894,-1.621,90.236,0.090213,-0.042041,0.509716,0.042801,-0.189159,0.185612
1790938031.613945,1790938031.687593,0.022218,-0.009177,0.223420,-0.004243,-0.029882,0.709682,0.703876,-2.775,-2.066,90.521,0.097627,-0.056719,0.520697,0.098282,-0.184024,0.098895
1790938031.647298,1790938031.718130,0.026741,-0.007659,0.243356,-0.000286,-0.031194,0.710284,0.703223,-2.565,-2.491,90.628,0.108658,-0.066834,0.526733,0.161082,-0.161652,-0.038331
1790938031.680651,1790938031.753556,0.026932,-0.004788,0.262203,0.002624,-0.031617,0.709393,0.704099,-2.362,-2.765,90.486,0.116153,-0.069016,0.524428,0.087537,-0.083860,-0.141552
1790938031.714004,1790938031.788242,0.027171,-0.005035,0.282669,0.004740,-0.032951,0.707260,0.706169,-2.291,-3.052,90.149,0.117577,-0.068795,0.535984,0.025600,-0.152118,-0.200195
1790938031.747357,1790938031.821223,0.027314,0.000126,0.304345,0.007009,-0.035437,0.704888,0.708398,-2.298,-3.445,89.784,0.120906,-0.062704,0.543976,0.014864,-0.147748,-0.191675
1790938031.780710,1790938031.865327,0.028459,0.003668,0.324908,0.008649,-0.037422,0.702826,0.710324,-2.315,-3.745,89.468,0.118145,-0.056028,0.542004,-0.014997,-0.061398,-0.140577
1790938031.814064,1790938031.893957,0.028172,0.005148,0.344121,0.008455,-0.038332,0.701764,0.711327,-2.399,-3.807,89.304,0.103332,-0.041004,0.536540,-0.032076,0.085480,-0.044514
1790938031.847417,1790938031.919108,0.027836,0.007966,0.366336,0.006695,-0.038125,0.701357,0.711758,-2.524,-3.650,89.237,0.090222,-0.031773,0.541873,-0.042758,0.161202,-0.028603
1790938031.880765,1790938031.945522,0.028103,0.008996,0.386591,0.004624,-0.037534,0.701001,0.712157,-2.643,-3.437,89.175,0.076055,-0.024137,0.560301,-0.010813,0.140994,-0.024351
1790938031.914102,1790938031.967353,0.028175,0.009193,0.406999,0.003764,-0.037043,0.700762,0.712423,-2.673,-3.328,89.132,0.061743,-0.017763,0.582428,0.009425,0.077073,-0.020083
1790938031.947439,1790938031.998410,0.026217,0.008898,0.428941,0.003117,-0.037023,0.700470,0.712714,-2.723,-3.276,89.085,0.048824,-0.013601,0.605849,0.011529,0.090942,-0.022256
1790938031.980776,1790938032.031606,0.024629,0.009091,0.451982,0.002373,-0.036341,0.700197,0.713020,-2.727,-3.161,89.035,0.037556,-0.013998,0.627395,0.022163,0.143169,-0.014821
1790938032.014112,1790938032.075725,0.025665,0.006555,0.472111,0.001013,-0.034808,0.700143,0.713153,-2.714,-2.927,89.014,0.019419,-0.020283,0.643938,0.023258,0.181373,-0.009410
1790938032.047449,1790938032.099938,0.023754,0.006883,0.496588,-0.000718,-0.033430,0.699848,0.713508,-2.744,-2.677,88.957,0.012576,-0.027397,0.668102,-0.032154,0.157962,-0.032886
1790938032.080786,1790938032.144213,0.023549,0.005216,0.520884,-0.002652,-0.033324,0.699561,0.713790,-2.892,-2.514,88.910,0.006172,-0.031942,0.688363,-0.069446,0.090856,-0.011585
1790938032.114124,1790938032.175779,0.023654,0.002996,0.545437,-0.003870,-0.033907,0.699239,0.714073,-3.038,-2.465,88.863,0.002777,-0.039218,0.697537,-0.021512,0.061021,-0.055253
1790938032.147460,1790938032.198867,0.024056,0.001024,0.570008,-0.004287,-0.033778,0.698427,0.714871,-3.059,-2.425,88.731,0.000391,-0.036530,0.700517,0.031704,0.069562,-0.072247
1790938032.180797,1790938032.240763,0.023815,-0.001215,0.594664,-0.004468,-0.033225,0.697788,0.715519,-3.027,-2.368,88.625,-0.004956,-0.023067,0.700235,0.017842,0.067433,-0.033882
1790938032.214134,1790938032.278697,0.023667,-0.003757,0.619154,-0.005204,-0.033053,0.697676,0.715632,-3.073,-2.295,88.606,-0.011275,-0.009685,0.697115,-0.047127,0.087659,0.034262
1790938032.247471,1790938032.313728,0.023398,-0.006601,0.643495,-0.006861,-0.033120,0.698482,0.714828,-3.217,-2.164,88.735,-0.016794,0.002095,0.701961,-0.069475,0.113201,0.109840
1790938032.280808,1790938032.341634,0.024881,-0.011534,0.664447,-0.008580,-0.032878,0.699630,0.713697,-3.342,-2.001,88.918,-0.022769,0.001257,0.705369,-0.088592,0.109825,0.090545
1790938032.314145,1790938032.369137,0.022275,-0.011982,0.689181,-0.011351,-0.032795,0.700569,0.712740,-3.564,-1.768,89.068,-0.021497,0.003673,0.707128,-0.138671,0.159906,0.090547
1790938032.347482,1790938032.405617,0.020034,-0.014524,0.714615,-0.014643,-0.033004,0.701576,0.711680,-3.852,-1.515,89.232,-0.021936,0.000734,0.718696,-0.134432,0.131154,0.093730
1790938032.380819,1790938032.433535,0.017527,-0.015392,0.740556,-0.016830,-0.032324,0.702376,0.710873,-3.977,-1.279,89.355,-0.016622,-0.005770,0.731507,0.039200,0.123716,0.031960
1790938032.414155,1790938032.468473,0.015343,-0.017295,0.766222,-0.017214,-0.030727,0.702548,0.710764,-3.879,-1.117,89.372,-0.014658,-0.002942,0.739899,0.056224,0.082180,0.007496
1790938032.447491,1790938032.513671,0.011943,-0.018447,0.791476,-0.017110,-0.029544,0.702746,0.710622,-3.776,-1.028,89.395,-0.009490,0.006551,0.741667,0.061530,0.033175,0.011755
1790938032.480828,1790938032.546004,0.007213,-0.018690,0.813013,-0.016369,-0.028852,0.702278,0.711129,-3.659,-1.034,89.315,-0.001587,0.003738,0.730817,0.029660,0.003283,-0.078014
1790938032.514164,1790938032.570650,0.000802,-0.015549,0.837004,-0.015901,-0.028939,0.701028,0.712369,-3.626,-1.085,89.115,0.010005,0.011865,0.716466,-0.016148,-0.030821,-0.100472
1790938032.547501,1790938032.593051,-0.001659,-0.015354,0.860550,-0.015032,-0.029756,0.700079,0.713287,-3.619,-1.226,88.968,0.013893,0.018885,0.694673,0.036049,-0.076633,-0.050432
1790938032.580837,1790938032.644519,-0.003892,-0.014962,0.883497,-0.013193,-0.029695,0.699762,0.713636,-3.463,-1.371,88.917,0.014827,0.026642,0.662214,0.094645,-0.037217,-0.007848
1790938032.614174,1790938032.671323,-0.006339,-0.015051,0.905387,-0.012299,-0.029469,0.699857,0.713569,-3.372,-1.423,88.930,0.018740,0.034291,0.630002,0.004088,-0.005259,0.011299
1790938032.647511,1790938032.698377,-0.008544,-0.015564,0.925897,-0.011948,-0.029227,0.699995,0.713450,-3.324,-1.431,88.951,0.021584,0.037073,0.602084,0.055218,0.022432,0.004897
1790938032.680847,1790938032.738473,-0.011218,-0.016152,0.945094,-0.011423,-0.028136,0.699813,0.713681,-3.193,-1.385,88.914,0.020709,0.034387,0.574812,0.054132,0.032016,-0.056865
1790938032.714184,1790938032.769119,-0.012692,-0.021380,0.954385,-0.011220,-0.027981,0.698919,0.714566,-3.162,-1.393,88.770,0.011199,0.031077,0.544467,-0.060898,-0.038394,-0.073922
1790938032.747520,1790938032.816716,-0.015533,-0.019197,0.969010,-0.011015,-0.028916,0.698023,0.715407,-3.219,-1.490,88.633,0.009577,0.025290,0.528984,-0.014032,-0.092750,-0.095243
1790938032.780856,1790938032.847204,-0.016403,-0.019464,0.983159,-0.008981,-0.029465,0.696628,0.716771,-3.093,-1.703,88.413,0.008425,0.013712,0.517602,0.085026,-0.148155,-0.144233
1790938032.814193,1790938032.875575,-0.016370,-0.020159,0.996331,-0.005556,-0.029322,0.695266,0.718132,-2.796,-1.971,88.194,0.007336,0.016078,0.502314,0.150008,-0.155631,-0.074971
1790938032.847529,1790938032.914150,-0.015530,-0.021263,1.008509,-0.001880,-0.028641,0.694768,0.718661,-2.438,-2.210,88.110,0.007655,0.019157,0.480260,0.158571,-0.110933,-0.041962
1790938032.880866,1790938032.941952,-0.018024,-0.024490,1.012320,0.001267,-0.026552,0.694129,0.719360,-2.010,-2.290,87.995,0.004391,0.023558,0.439926,0.199020,0.002988,-0.093963
1790938032.914202,1790938032.972522,-0.019363,-0.023100,1.023442,0.002238,-0.023386,0.693204,0.720358,-1.674,-2.109,87.830,0.002175,0.029217,0.396727,0.070100,0.126540,-0.052401
1790938032.947540,1790938033.017026,-0.019403,-0.023707,1.033537,0.000927,-0.020652,0.692907,0.720731,-1.564,-1.780,87.769,-0.002196,0.032826,0.354366,-0.011877,0.175501,0.018957
1790938032.980877,1790938033.044013,-0.018735,-0.024915,1.040893,-0.001604,-0.018232,0.693628,0.720101,-1.582,-1.377,87.873,-0.011073,0.032508,0.319272,-0.089549,0.211640,0.106286
1790938033.014215,1790938033.069231,-0.018044,-0.026760,1.046278,-0.005294,-0.016354,0.695227,0.718585,-1.739,-0.925,88.121,-0.020397,0.028335,0.295714,-0.115021,0.207285,0.152068
1790938033.047552,1790938033.099800,-0.017827,-0.028592,1.049503,-0.008591,-0.015211,0.696861,0.716994,-1.921,-0.564,88.378,-0.020358,0.021739,0.278147,-0.144783,0.113460,0.122233
1790938033.080889,1790938033.132366,-0.017889,-0.029890,1.050461,-0.010880,-0.014795,0.698078,0.715786,-2.076,-0.343,88.571,-0.016853,0.019643,0.260794,-0.072304,0.069723,0.082829
1790938033.114227,1790938033.158162,-0.017845,-0.030836,1.050350,-0.011839,-0.013369,0.698593,0.715296,-2.041,-0.148,88.649,-0.009221,0.017989,0.239187,0.002289,0.071799,-0.005555
1790938033.147564,1790938033.188254,-0.017866,-0.031437,1.049683,-0.013221,-0.012046,0.698421,0.715464,-2.048,0.071,88.618,0.002540,0.023110,0.214711,-0.090363,0.097304,0.011521
1790938033.180901,1790938033.223753,-0.017010,-0.032225,1.048171,-0.015473,-0.011196,0.699153,0.714717,-2.165,0.323,88.733,0.011726,0.028893,0.194950,-0.098790,0.099333,0.105257
1790938033.214239,1790938033.256157,-0.015768,-0.033096,1.045455,-0.017698,-0.010495,0.700310,0.713542,-2.290,0.562,88.916,0.021145,0.025423,0.171177,-0.141288,0.081108,0.093531
1790938033.247576,1790938033.293629,-0.015153,-0.033380,1.041257,-0.020371,-0.010737,0.701460,0.712337,-2.527,0.761,89.102,0.035249,0.020726,0.148133,-0.138005,0.060766,0.102060
1790938033.280913,1790938033.344838,-0.014472,-0.033000,1.036591,-0.021595,-0.009316,0.702420,0.711374,-2.511,0.979,89.253,0.049086,0.010082,0.130368,0.064468,0.090500,0.050948
1790938033.314250,1790938033.378244,-0.010534,-0.045002,1.015695,-0.021061,-0.006621,0.702774,0.711071,-2.250,1.157,89.305,0.045043,-0.004515,0.102732,0.128649,0.070960,-0.014932
1790938033.347586,1790938033.403404,-0.010446,-0.038728,1.008191,-0.019802,-0.003230,0.702177,0.711720,-1.876,1.330,89.205,0.056416,-0.011555,0.095421,0.165899,-0.003614,-0.098006
1790938033.380923,1790938033.429957,-0.009630,-0.035679,1.002486,-0.018327,-0.001024,0.700721,0.713199,-1.581,1.388,88.970,0.057131,-0.012190,0.087074,0.066816,-0.021733,-0.123542
1790938033.414260,1790938033.453449,-0.007856,-0.033701,0.997407,-0.017634,0.000296,0.699870,0.714052,-1.420,1.439,88.833,0.056266,-0.004306,0.083853,0.016807,-0.035630,-0.010617
1790938033.447598,1790938033.489190,-0.005366,-0.032499,0.992316,-0.017044,0.000296,0.700079,0.713862,-1.371,1.392,88.866,0.055511,-0.005459,0.086168,-0.062979,-0.101754,0.038365
1790938033.480935,1790938033.525909,-0.003341,-0.031250,0.986393,-0.016313,-0.001451,0.700599,0.713368,-1.450,1.191,88.950,0.055165,-0.007056,0.081912,-0.105506,-0.181710,0.047940
1790938033.514271,1790938033.583153,-0.001754,-0.029960,0.980863,-0.015070,-0.004250,0.701468,0.712529,-1.572,0.864,89.092,0.054021,-0.003588,0.072965,-0.070289,-0.223309,0.088411
1790938033.547609,1790938033.623884,-0.000294,-0.028751,0.976905,-0.012632,-0.006780,0.702753,0.711290,-1.576,0.465,89.302,0.049817,0.001637,0.060132,-0.003117,-0.252121,0.124619
1790938033.580945,1790938033.651754,0.001086,-0.027921,0.974694,-0.009684,-0.008863,0.704497,0.709586,-1.503,0.061,89.587,0.043197,0.005159,0.042130,0.043806,-0.211683,0.148052
1790938033.614282,1790938033.685722,0.001903,-0.027405,0.975540,-0.006745,-0.009247,0.706227,0.707893,-1.296,-0.204,89.867,0.037951,0.004822,0.026505,0.120531,-0.091343,0.129951
1790938033.647619,1790938033.714545,0.003901,-0.031402,0.963427,-0.004650,-0.007814,0.707511,0.706643,-1.010,-0.256,90.073,0.031456,0.001350,0.008123,0.118311,0.001305,0.092604
1790938033.680956,1790938033.742810,0.004275,-0.030407,0.965223,-0.003794,-0.005882,0.708540,0.705636,-0.784,-0.168,90.236,0.031816,0.001057,0.004512,0.074622,0.040700,0.073430
1790938033.714293,1790938033.768890,0.003790,-0.029449,0.965650,-0.003903,-0.004380,0.709066,0.705118,-0.671,-0.037,90.320,0.035495,-0.002469,0.005434,0.009601,0.048157,0.009522
1790938033.747630,1790938033.795667,0.003075,-0.028227,0.964197,-0.004465,-0.004104,0.708914,0.705269,-0.694,0.031,90.295,0.036908,-0.005618,0.012923,-0.041575,-0.017885,-0.023491
1790938033.780966,1790938033.827806,0.003418,-0.027715,0.961695,-0.004417,-0.004928,0.708646,0.705533,-0.757,-0.040,90.252,0.036265,-0.008531,0.019059,-0.035195,-0.078607,-0.014960
1790938033.814302,1790938033.863112,0.003935,-0.026764,0.960333,-0.003782,-0.006055,0.708573,0.705601,-0.798,-0.182,90.242,0.036286,-0.011870,0.021699,-0.013890,-0.082873,0.005274
1790938033.847639,1790938033.906758,0.004795,-0.025329,0.962274,-0.002770,-0.006765,0.708720,0.705452,-0.773,-0.322,90.267,0.035844,-0.016595,0.024759,0.032983,-0.077532,0.022317
1790938033.880976,1790938033.941844,0.005392,-0.024691,0.963284,-0.001463,-0.007062,0.708990,0.705182,-0.692,-0.452,90.311,0.033421,-0.020771,0.023324,0.046822,-0.063693,0.009531
1790938033.914314,1790938033.977496,0.005608,-0.024122,0.964590,-0.000459,-0.007140,0.708933,0.705239,-0.617,-0.540,90.302,0.030144,-0.023527,0.017691,0.015902,-0.033876,-0.011769
1790938033.947651,1790938034.012094,0.005679,-0.023931,0.965652,0.000069,-0.007201,0.708823,0.705349,-0.579,-0.588,90.284,0.025704,-0.020025,0.008214,0.029731,-0.016855,-0.003249
1790938033.980988,1790938034.047544,0.005724,-0.023784,0.966542,0.000447,-0.006813,0.708679,0.705498,-0.517,-0.587,90.260,0.023816,-0.018535,-0.001846,0.042494,0.029997,-0.024554
1790938034.014325,1790938034.082745,0.005753,-0.023880,0.967343,0.000233,-0.005985,0.708335,0.705851,-0.467,-0.503,90.203,0.024315,-0.017271,-0.006952,0.004121,0.053406,-0.030934
1790938034.047662,1790938034.114569,0.005761,-0.023922,0.967407,-0.000363,-0.005259,0.707917,0.706276,-0.456,-0.396,90.135,0.026878,-0.017586,-0.008029,0.021146,0.066161,-0.057561
1790938034.081000,1790938034.143770,0.005721,-0.023898,0.966658,-0.000846,-0.004341,0.707094,0.707106,-0.420,-0.283,90.000,0.029113,-0.018379,-0.005219,0.016859,0.054419,-0.078847
1790938034.114337,1790938034.171249,0.006021,-0.023754,0.965473,-0.001141,-0.003814,0.706397,0.707805,-0.401,-0.217,89.887,0.031501,-0.014403,0.001359,0.022173,0.019242,-0.031964
1790938034.147674,1790938034.196622,0.006699,-0.023577,0.964041,-0.000820,-0.003609,0.706238,0.707965,-0.359,-0.226,89.861,0.033140,-0.013212,0.009712,0.023256,-0.021264,0.009560
1790938034.181011,1790938034.246287,0.007218,-0.023193,0.962797,-0.000081,-0.003928,0.706408,0.707794,-0.325,-0.312,89.889,0.035031,-0.012866,0.014380,0.008350,-0.048979,0.021265
1790938034.214348,1790938034.275167,0.007438,-0.022888,0.962483,0.000546,-0.004483,0.706649,0.707550,-0.319,-0.408,89.928,0.037019,-0.013811,0.015616,0.014740,-0.048995,0.010607
1790938034.247684,1790938034.301589,0.007274,-0.022433,0.962816,0.001408,-0.004942,0.706626,0.707568,-0.286,-0.515,89.925,0.039511,-0.016085,0.014185,0.010458,-0.049009,-0.023478
1790938034.281021,1790938034.328551,0.007024,-0.021949,0.963794,0.001875,-0.005307,0.706215,0.707975,-0.277,-0.582,89.859,0.040972,-0.017485,0.006694,0.006168,-0.003221,-0.044766
1790938034.314358,1790938034.362123,0.007159,-0.021871,0.965190,0.001776,-0.004994,0.705667,0.708524,-0.260,-0.549,89.770,0.041668,-0.017885,0.000731,0.011482,0.047873,-0.041561
1790938034.347695,1790938034.396387,0.007465,-0.021507,0.965832,0.001347,-0.004348,0.705101,0.709092,-0.242,-0.462,89.678,0.043953,-0.019837,-0.000802,0.011476,0.055298,-0.050084
1790938034.381032,1790938034.427242,0.007853,-0.020968,0.965443,0.000746,-0.003982,0.704690,0.709504,-0.261,-0.384,89.611,0.044955,-0.017835,0.000702,-0.048179,0.035033,-0.010673
1790938034.414369,1790938034.463758,0.008331,-0.020460,0.964225,-0.000034,-0.004762,0.704703,0.709487,-0.387,-0.384,89.614,0.046081,-0.016316,0.007582,-0.058824,-0.028901,0.005289
1790938034.447705,1790938034.495311,0.008542,-0.019703,0.963114,-0.000139,-0.006070,0.704724,0.709455,-0.502,-0.482,89.619,0.046538,-0.017440,0.009292,-0.069482,-0.048079,-0.004302
1790938034.481042,1790938034.523861,0.008576,-0.018955,0.963257,-0.000458,-0.007185,0.704568,0.709600,-0.617,-0.547,89.595,0.046772,-0.017316,0.012300,-0.035410,-0.016126,-0.019209
1790938034.514379,1790938034.558219,0.008764,-0.018238,0.963793,-0.000139,-0.007666,0.704370,0.709792,-0.630,-0.612,89.564,0.047514,-0.014648,0.018630,0.001864,-0.045969,-0.007489
1790938034.547716,1790938034.591411,0.009008,-0.017393,0.964025,0.000455,-0.008302,0.704444,0.709711,-0.633,-0.712,89.577,0.047954,-0.010796,0.019932,-0.013053,-0.042784,0.018068
1790938034.581053,1790938034.626695,0.008900,-0.016430,0.964720,0.000984,-0.008850,0.704609,0.709539,-0.635,-0.799,89.605,0.051490,-0.006686,0.019242,0.005051,-0.040665,0.007407
1790938034.614389,1790938034.658608,0.008433,-0.015250,0.965534,0.001478,-0.009483,0.704621,0.709519,-0.646,-0.890,89.608,0.055201,-0.001139,0.015098,-0.023721,-0.037481,-0.010698
1790938034.647726,1790938034.706979,0.007741,-0.014018,0.966597,0.001277,-0.010263,0.704520,0.709609,-0.725,-0.938,89.594,0.056500,0.006253,0.006989,-0.055690,-0.000211,-0.005369
1790938034.681061,1790938034.734268,0.006787,-0.013054,0.967621,0.000638,-0.010839,0.704367,0.709753,-0.823,-0.933,89.570,0.058517,0.010578,-0.000738,-0.046112,0.027465,-0.023476
1790938034.714398,1790938034.760784,0.005979,-0.012154,0.968348,-0.000228,-0.010929,0.704067,0.710050,-0.900,-0.871,89.522,0.060530,0.015995,-0.005223,-0.039729,0.043423,-0.028795
1790938034.747734,1790938034.817168,0.004952,-0.011270,0.968433,-0.001050,-0.010960,0.703725,0.710387,-0.969,-0.808,89.467,0.059916,0.021814,-0.004879,-0.045065,0.027425,-0.023462
1790938034.781071,1790938034.847133,0.003867,-0.010541,0.967737,-0.001619,-0.011353,0.703543,0.710561,-1.047,-0.794,89.439,0.059183,0.027576,-0.000278,-0.032283,-0.002413,-0.002151
1790938034.814408,1790938034.875976,0.002818,-0.009666,0.966964,-0.001557,-0.011823,0.703735,0.710362,-1.080,-0.837,89.471,0.058451,0.033581,0.007432,0.017784,-0.048232,0.031929
1790938034.847744,1790938034.919618,0.001391,-0.008844,0.966002,-0.000249,-0.011907,0.704226,0.709876,-0.981,-0.949,89.550,0.058576,0.039209,0.010977,0.082760,-0.054639,0.045768
1790938034.881081,1790938034.948369,-0.000403,-0.008532,0.965848,0.001147,-0.011435,0.704825,0.709288,-0.831,-1.022,89.646,0.058072,0.045492,0.011583,0.073165,-0.024837,0.048963
1790938034.914420,1790938034.974330,-0.002672,-0.007941,0.966306,0.002419,-0.011009,0.705136,0.708983,-0.693,-1.090,89.695,0.059565,0.048017,0.013516,0.072091,-0.040839,-0.006417
1790938034.947758,1790938035.000128,-0.005130,-0.006654,0.966624,0.003662,-0.010588,0.704856,0.709262,-0.558,-1.156,89.649,0.061683,0.048017,0.013414,0.086983,-0.030188,-0.053251
1790938034.981097,1790938035.064297,-0.008851,-0.000899,0.966446,0.005091,-0.009963,0.703870,0.710241,-0.389,-1.222,89.488,0.067843,0.047792,0.007478,0.074147,-0.016298,-0.120331
1790938035.014435,1790938035.099486,-0.005809,-0.005327,0.972671,0.005539,-0.008835,0.702518,0.711589,-0.260,-1.166,89.268,0.064096,0.047022,0.000840,0.028329,0.022084,-0.124493
1790938035.047774,1790938035.125446,-0.012671,0.001994,0.966541,0.005429,-0.008557,0.700755,0.713330,-0.243,-1.135,88.983,0.065344,0.052838,-0.006898,-0.030385,0.025198,-0.147015
1790938035.081112,1790938035.152175,-0.014798,0.004567,0.965759,0.004573,-0.009307,0.699138,0.714912,-0.371,-1.129,88.725,0.065700,0.055762,-0.010571,-0.117743,-0.005691,-0.108669
1790938035.114450,1790938035.177759,-0.016746,0.006582,0.964704,0.003987,-0.010536,0.698180,0.715833,-0.516,-1.183,88.575,0.068015,0.058292,-0.006025,-0.052755,-0.054696,-0.060749
1790938035.147788,1790938035.204022,-0.018574,0.008841,0.963439,0.004737,-0.012014,0.697481,0.716487,-0.571,-1.365,88.467,0.074054,0.056380,-0.002079,-0.029320,-0.112215,-0.055426
1790938035.181126,1790938035.229905,-0.020785,0.011259,0.962659,0.005831,-0.013406,0.696667,0.717246,-0.591,-1.568,88.340,0.082593,0.056164,-0.012519,-0.016545,-0.071733,-0.072467
1790938035.214465,1790938035.281926,-0.023243,0.013782,0.962493,0.006276,-0.014273,0.695689,0.718174,-0.622,-1.675,88.187,0.092267,0.057695,-0.025953,-0.027207,-0.029134,-0.075667
1790938035.247803,1790938035.319223,-0.025650,0.016797,0.961878,0.005876,-0.015134,0.694956,0.718869,-0.722,-1.715,88.073,0.099129,0.059089,-0.032420,-0.079409,0.003872,-0.028810
1790938035.281141,1790938035.349775,-0.027431,0.015419,0.962595,0.005222,-0.016356,0.695201,0.718610,-0.873,-1.763,88.116,0.108065,0.060549,-0.022714,-0.048577,-0.012083,0.028880
1790938035.314480,1790938035.372473,-0.029024,0.018580,0.961753,0.005590,-0.016827,0.695589,0.718221,-0.882,-1.831,88.180,0.116929,0.053124,-0.011101,0.016427,-0.003597,0.035271
1790938035.347818,1790938035.394422,-0.030658,0.022324,0.962025,0.005491,-0.016508,0.696349,0.717493,-0.866,-1.796,88.300,0.127189,0.047084,-0.001408,0.012166,0.067762,0.106638
1790938035.381156,1790938035.431565,-0.031909,0.026109,0.963157,0.005232,-0.015253,0.698057,0.715861,-0.791,-1.670,88.569,0.142915,0.038163,0.013125,0.060112,0.081586,0.166277
1790938035.414494,1790938035.460868,-0.032973,0.030960,0.963777,0.005624,-0.014018,0.699905,0.714076,-0.664,-1.598,88.861,0.164164,0.023912,0.020690,0.070764,0.004877,0.136440
1790938035.447833,1790938035.500798,-0.034039,0.037605,0.963679,0.006885,-0.013723,0.701602,0.712404,-0.542,-1.674,89.133,0.186164,0.010623,0.017842,0.077147,-0.070748,0.150294
1790938035.481171,1790938035.523407,-0.034489,0.044430,0.963679,0.009071,-0.013698,0.703314,0.710690,-0.365,-1.847,89.408,0.210614,-0.012497,0.005504,0.117621,-0.076072,0.121530
1790938035.514509,1790938035.566910,-0.034408,0.052054,0.964321,0.011028,-0.012948,0.704479,0.709521,-0.149,-1.943,89.594,0.238118,-0.035878,-0.004794,0.104822,-0.031335,0.076792
1790938035.547847,1790938035.605381,-0.032177,0.057233,0.964370,0.012902,-0.012471,0.705395,0.708587,0.040,-2.056,89.741,0.249521,-0.054295,-0.008128,0.069667,-0.062308,0.066225
1790938035.581184,1790938035.629704,-0.030879,0.068403,0.964184,0.014245,-0.012254,0.706314,0.707649,0.163,-2.147,89.889,0.257904,-0.070183,0.000459,0.079218,-0.026024,0.094984
1790938035.614522,1790938035.672517,-0.028493,0.077216,0.964982,0.014548,-0.012358,0.707949,0.706006,0.175,-2.181,90.154,0.258466,-0.078622,0.021693,-0.081632,0.006984,0.222796
1790938035.647860,1790938035.710095,-0.025588,0.085695,0.966529,0.012496,-0.013991,0.711384,0.702553,-0.135,-2.146,90.718,0.252258,-0.081910,0.050257,-0.207315,0.044245,0.367636
1790938035.681198,1790938035.738590,-0.022385,0.094087,0.969009,0.010199,-0.016047,0.715794,0.698053,-0.501,-2.121,91.447,0.251053,-0.096377,0.085024,-0.122073,-0.036732,0.385716
1790938035.714536,1790938035.788970,-0.019338,0.103180,0.971910,0.010623,-0.018483,0.719832,0.693821,-0.681,-2.346,92.122,0.252500,-0.113388,0.099783,-0.047504,-0.184795,0.307953
1790938035.747874,1790938035.839772,-0.017427,0.112932,0.974121,0.011946,-0.021448,0.723007,0.690404,-0.833,-2.688,92.662,0.246645,-0.120503,0.081223,-0.075223,-0.156093,0.253581
1790938035.781212,1790938035.897693,-0.013990,0.121361,0.977940,0.013043,-0.023563,0.725189,0.688023,-0.931,-2.943,93.037,0.247176,-0.132170,0.061778,0.023830,-0.112395,0.082098
1790938035.814550,1790938035.940482,-0.011866,0.132102,0.980136,0.014427,-0.023754,0.724318,0.688906,-0.834,-3.074,92.893,0.253795,-0.145599,0.048140,0.085548,0.011172,-0.222594
1790938035.847888,1790938035.979852,-0.007776,0.139949,0.983259,0.015097,-0.021837,0.721227,0.692190,-0.608,-2.981,92.370,0.259665,-0.145852,0.048531,0.133474,0.095339,-0.310969
1790938035.881227,1790938036.017910,-0.003898,0.148883,0.986204,0.015957,-0.019391,0.717682,0.695918,-0.323,-2.860,91.772,0.263578,-0.136157,0.059608,0.113222,0.055935,-0.307764
1790938035.914611,1790938036.045522,-0.000087,0.158147,0.988805,0.016784,-0.018345,0.714381,0.699316,-0.157,-2.845,91.225,0.261842,-0.119336,0.064677,0.031193,-0.002643,-0.240650
1790938035.947995,1790938036.081966,0.003763,0.166607,0.990980,0.017471,-0.018988,0.712464,0.701234,-0.146,-2.953,90.914,0.254197,-0.092594,0.065186,-0.032710,-0.095325,-0.064876
1790938035.981380,1790938036.113870,0.004902,0.174708,0.993392,0.018267,-0.022038,0.712760,0.700823,-0.334,-3.264,90.977,0.245266,-0.063941,0.056331,-0.083881,-0.136904,0.152418
1790938036.014764,1790938036.137438,0.007753,0.181706,0.995087,0.018775,-0.024289,0.715109,0.698339,-0.489,-3.484,91.374,0.238385,-0.049425,0.038731,-0.027387,-0.037862,0.253596
1790938036.048150,1790938036.161921,0.009405,0.189013,0.996680,0.018439,-0.024308,0.717838,0.695541,-0.531,-3.456,91.824,0.237150,-0.044459,0.025549,0.025884,0.094209,0.199258
1790938036.081535,1790938036.190982,0.010383,0.196498,0.998550,0.017956,-0.022034,0.719619,0.693787,-0.390,-3.234,92.105,0.240200,-0.043335,0.028266,0.100450,0.164502,0.100189
1790938036.114921,1790938036.222009,0.010989,0.204778,1.000552,0.017448,-0.019917,0.720633,0.692811,-0.260,-3.024,92.262,0.247776,-0.037637,0.042589,0.025873,0.068630,0.051193
1790938036.148307,1790938036.249202,0.011443,0.213946,1.002556,0.017239,-0.020163,0.721083,0.692341,-0.299,-3.026,92.338,0.258928,-0.029604,0.053239,-0.052958,-0.055989,0.028827
1790938036.181694,1790938036.277229,0.011640,0.223485,1.004475,0.017371,-0.022218,0.721283,0.692066,-0.459,-3.199,92.381,0.272770,-0.020520,0.042331,-0.075331,-0.109240,0.003261
1790938036.215080,1790938036.305619,0.011498,0.233217,1.005901,0.017409,-0.024387,0.721107,0.692175,-0.635,-3.375,92.364,0.288369,-0.011242,0.014191,-0.077466,-0.045318,-0.021240
1790938036.248467,1790938036.329934,0.011048,0.243008,1.006557,0.016198,-0.025693,0.720928,0.692344,-0.839,-3.379,92.342,0.302324,0.001047,-0.012256,-0.106234,0.047352,0.006456
1790938036.281855,1790938036.356895,0.010419,0.253129,1.006534,0.014654,-0.026110,0.720984,0.692304,-0.996,-3.284,92.354,0.319170,0.007661,-0.022762,-0.039122,0.048406,-0.011655
1790938036.315242,1790938036.385141,0.009350,0.264481,1.006271,0.014131,-0.026379,0.720452,0.692859,-1.058,-3.263,92.267,0.340022,0.008778,-0.019961,-0.008235,-0.032552,-0.086224
1790938036.348630,1790938036.418105,0.007493,0.277077,1.005791,0.014630,-0.027703,0.719170,0.694128,-1.121,-3.411,92.064,0.357243,0.011684,-0.011207,-0.010384,-0.124160,-0.137354
1790938036.382018,1790938036.454415,0.005580,0.290185,1.005612,0.016153,-0.029560,0.717206,0.696047,-1.143,-3.688,91.752,0.371370,0.013132,-0.000651,0.027948,-0.150787,-0.202332
1790938036.415406,1790938036.494190,0.003761,0.303814,1.006362,0.017868,-0.031089,0.714606,0.698607,-1.118,-3.955,91.336,0.378977,0.016892,0.009289,0.047106,-0.116684,-0.236417
1790938036.448794,1790938036.534072,0.002235,0.316721,1.007475,0.018805,-0.031699,0.711931,0.701282,-1.078,-4.085,90.902,0.377008,0.025565,0.014100,0.024725,0.019665,-0.224698
1790938036.482183,1790938036.575314,0.000953,0.328759,1.008805,0.017659,-0.030568,0.709251,0.704071,-1.062,-3.905,90.456,0.374963,0.030415,0.025064,-0.033873,0.184747,-0.240680
1790938036.515572,1790938036.614903,-0.003545,0.341469,1.007443,0.015028,-0.029538,0.706675,0.706762,-1.177,-3.612,90.030,0.376891,0.042296,0.053641,-0.080795,0.086742,-0.185252
1790938036.548961,1790938036.656324,-0.005563,0.356407,1.010078,0.014286,-0.030979,0.704666,0.708719,-1.344,-3.672,89.714,0.383394,0.048278,0.078128,-0.030731,-0.173141,-0.163952
1790938036.582351,1790938036.691901,-0.007062,0.370712,1.012574,0.016239,-0.033661,0.702289,0.710911,-1.390,-4.052,89.350,0.390132,0.047580,0.066995,0.027859,-0.204010,-0.249177
1790938036.615741,1790938036.733558,-0.009100,0.384070,1.014798,0.017921,-0.034970,0.699005,0.714036,-1.339,-4.301,88.831,0.391670,0.052675,0.038996,0.049148,-0.051678,-0.273677
1790938036.649131,1790938036.773959,-0.013627,0.397291,1.015094,0.017220,-0.034505,0.696398,0.716619,-1.343,-4.211,88.410,0.387690,0.068658,0.021445,0.060816,0.058033,-0.170306
1790938036.682522,1790938036.815480,-0.015050,0.409505,1.016233,0.016245,-0.033118,0.694993,0.718070,-1.304,-4.022,88.175,0.384030,0.075473,0.023840,0.036309,0.077174,-0.077632
1790938036.715913,1790938036.846335,-0.016848,0.422672,1.017180,0.014985,-0.032339,0.694022,0.719071,-1.340,-3.859,88.014,0.380211,0.071947,0.033019,0.001153,0.027102,-0.108529
1790938036.749304,1790938036.885202,-0.018895,0.435769,1.018378,0.015071,-0.032066,0.692288,0.720751,-1.302,-3.847,87.736,0.373334,0.063680,0.035780,0.065061,-0.058110,-0.183101
1790938036.782695,1790938036.924435,-0.020457,0.449419,1.017386,0.016107,-0.031847,0.689845,0.723077,-1.186,-3.915,87.346,0.366542,0.058156,0.022072,0.030976,-0.109187,-0.211864
1790938036.816087,1790938036.958495,-0.022038,0.463773,1.017950,0.016797,-0.032761,0.687523,0.725228,-1.188,-4.049,86.984,0.355374,0.055956,0.005480,-0.023369,-0.103831,-0.158608
1790938036.849478,1790938036.993935,-0.022960,0.475420,1.018105,0.016667,-0.033848,0.685615,0.726986,-1.274,-4.133,86.691,0.339663,0.043593,-0.011676,-0.047875,0.005892,-0.147958
1790938036.882872,1790938037.042999,-0.023456,0.486064,1.018079,0.014591,-0.033478,0.684265,0.728319,-1.411,-3.941,86.476,0.323036,0.036247,-0.023192,-0.108596,0.212553,-0.041432
1790938036.916203,1790938037.081142,-0.023170,0.498776,1.015887,0.009600,-0.030601,0.684424,0.728378,-1.602,-3.309,86.482,0.315825,0.028173,-0.009211,-0.030825,0.334043,0.061894
1790938036.949535,1790938037.116196,-0.022943,0.508593,1.016289,0.005871,-0.026768,0.685311,0.727735,-1.615,-2.694,86.599,0.312427,0.015165,0.028631,0.032021,0.212587,0.069350
1790938036.982868,1790938037.150514,-0.022649,0.519038,1.017353,0.004891,-0.025014,0.686025,0.727132,-1.560,-2.469,86.701,0.314358,0.007346,0.053188,0.016041,-0.035613,0.043781
1790938037.016200,1790938037.193743,-0.022274,0.529604,1.018675,0.005138,-0.025916,0.686613,0.726543,-1.613,-2.563,86.799,0.317370,0.006741,0.039420,-0.069183,-0.081408,0.066151
1790938037.049532,1790938037.236899,-0.021707,0.541064,1.017958,0.004049,-0.026794,0.687674,0.725513,-1.777,-2.548,86.972,0.323559,0.003430,0.003401,-0.084081,0.021972,0.104506
1790938037.082864,1790938037.274296,-0.021563,0.553992,1.017369,0.002027,-0.026596,0.688926,0.724341,-1.933,-2.368,87.169,0.335820,-0.003647,-0.024257,-0.037228,0.078445,0.111955
1790938037.116195,1790938037.310591,-0.020784,0.565134,1.016322,0.000451,-0.025643,0.690339,0.723031,-1.993,-2.161,87.388,0.350963,-0.012287,-0.035831,0.011771,0.092292,0.119410
1790938037.149527,1790938037.346640,-0.019679,0.576840,1.015318,-0.000315,-0.024036,0.691594,0.721886,-1.932,-1.964,87.578,0.372514,-0.025060,-0.027318,0.072491,0.073115,0.073601
1790938037.182859,1790938037.382501,-0.018280,0.589274,1.014721,0.000061,-0.022295,0.691952,0.721600,-1.764,-1.849,87.625,0.396878,-0.039096,-0.007665,0.088467,0.012395,-0.028665
1790938037.216191,1790938037.415591,-0.016578,0.602491,1.014752,0.000778,-0.021576,0.691354,0.722193,-1.646,-1.848,87.527,0.419013,-0.046210,0.015499,0.026674,-0.050451,-0.061691
1790938037.249522,1790938037.448283,-0.014438,0.616425,1.015618,0.001412,-0.022177,0.690789,0.722715,-1.640,-1.949,87.440,0.431423,-0.051733,0.039173,-0.014870,-0.079209,-0.035059
1790938037.282854,1790938037.483705,-0.011840,0.630796,1.017387,0.001996,-0.022885,0.690642,0.722832,-1.647,-2.054,87.420,0.436249,-0.057450,0.056019,0.002175,-0.028070,0.039509
1790938037.316185,1790938037.519633,-0.009017,0.645391,1.019877,0.001582,-0.022629,0.691990,0.721550,-1.665,-1.997,87.633,0.439235,-0.052626,0.062836,-0.027650,0.080587,0.211021
1790938037.349516,1790938037.557316,-0.006205,0.660215,1.022827,-0.000205,-0.021905,0.695337,0.718350,-1.763,-1.787,88.162,0.445143,-0.049601,0.072770,-0.071320,0.100824,0.336727
1790938037.382847,1790938037.602165,-0.003860,0.675318,1.025840,-0.001997,-0.022527,0.698884,0.714878,-1.969,-1.686,88.733,0.455079,-0.057753,0.084563,-0.113929,-0.056834,0.228066
1790938037.416178,1790938037.643009,-0.002227,0.697428,1.025443,-0.002670,-0.024612,0.700922,0.712808,-2.197,-1.796,89.071,0.470431,-0.062523,0.078833,-0.109669,-0.187758,0.120482
1790938037.449509,1790938037.673158,-0.000493,0.713273,1.028111,-0.002335,-0.028026,0.701985,0.711636,-2.447,-2.098,89.262,0.468269,-0.060448,0.054872,-0.125660,-0.147278,0.074676
1790938037.482840,1790938037.713508,0.001493,0.728637,1.030025,-0.003345,-0.029956,0.702785,0.710763,-2.688,-2.171,89.404,0.460421,-0.054702,0.029001,-0.108617,0.078561,0.046979
1790938037.516171,1790938037.745743,0.003032,0.742474,1.028488,-0.006572,-0.028948,0.702803,0.710765,-2.869,-1.829,89.400,0.453511,-0.056215,0.026428,-0.077711,0.185113,-0.043570
1790938037.549502,1790938037.776239,0.005717,0.761623,1.030064,-0.009371,-0.027683,0.702342,0.711239,-2.994,-1.502,89.318,0.453010,-0.053380,0.049002,-0.058540,0.083932,-0.005212
1790938037.582833,1790938037.812949,0.007660,0.777028,1.031988,-0.009161,-0.028415,0.702518,0.711039,-3.036,-1.578,89.351,0.450323,-0.050530,0.070641,0.027748,-0.217534,0.035267
1790938037.616163,1790938037.837079,0.009244,0.792482,1.034426,-0.005367,-0.030709,0.703108,0.710400,-2.914,-2.068,89.461,0.442912,-0.042052,0.052910,0.090599,-0.262263,0.076812
1790938037.649494,1790938037.859936,0.010684,0.807247,1.036072,-0.002151,-0.031121,0.704374,0.709143,-2.690,-2.356,89.669,0.435002,-0.029644,0.009594,0.139604,-0.016179,0.110901
1790938037.682825,1790938037.885769,0.011524,0.821301,1.036760,-0.001569,-0.028074,0.705280,0.708371,-2.399,-2.153,89.795,0.436292,-0.027992,-0.018614,0.175820,0.218175,0.002242
1790938037.716156,1790938037.909878,0.011881,0.835476,1.036853,-0.002628,-0.023276,0.704957,0.708863,-2.095,-1.679,89.714,0.440208,-0.024577,-0.015145,0.130006,0.261845,-0.059544
1790938037.749486,1790938037.932374,0.012333,0.849973,1.036845,-0.004137,-0.019552,0.704251,0.709670,-1.915,-1.256,89.582,0.442397,-0.016829,0.004176,0.043714,0.154252,-0.055280
1790938037.782815,1790938037.955481,0.012937,0.864901,1.037095,-0.005077,-0.018131,0.703676,0.710272,-1.876,-1.066,89.483,0.445745,-0.010372,0.018419,0.002172,0.028554,-0.041433
1790938037.816146,1790938037.978292,0.013372,0.879925,1.037494,-0.005172,-0.018164,0.703053,0.710887,-1.885,-1.063,89.383,0.452172,-0.006531,0.013924,-0.026590,-0.039616,-0.069130
1790938037.849476,1790938038.001992,0.013567,0.895055,1.037631,-0.005189,-0.019085,0.702006,0.711896,-1.959,-1.140,89.218,0.461526,-0.001149,-0.006599,-0.043635,-0.036417,-0.111743
1790938037.882806,1790938038.051189,0.013441,0.910459,1.037211,-0.005371,-0.019479,0.700194,0.713667,-2.003,-1.162,88.928,0.475355,0.004141,-0.025398,-0.018069,0.006195,-0.188445
1790938037.916138,1790938038.083169,0.013928,0.926427,1.036259,-0.005698,-0.019795,0.698069,0.715734,-2.052,-1.168,88.589,0.492786,0.016901,-0.032497,-0.060682,-0.018304,-0.150091
1790938037.949471,1790938038.113698,0.013878,0.943037,1.035331,-0.005956,-0.021359,0.696699,0.717021,-2.196,-1.280,88.377,0.506909,0.027575,-0.021449,-0.096900,-0.113112,-0.074456
1790938037.982804,1790938038.157358,0.013171,0.960023,1.035005,-0.005043,-0.024301,0.696359,0.717264,-2.355,-1.595,88.338,0.512331,0.033462,-0.001883,-0.081983,-0.224963,0.020350
1790938038.016136,1790938038.201659,0.015014,0.980540,1.029213,-0.003831,-0.026137,0.696595,0.716978,-2.403,-1.842,88.386,0.505850,0.032673,-0.003976,0.003259,-0.134324,0.004336
1790938038.049468,1790938038.234736,0.014116,0.996405,1.028405,-0.003309,-0.024966,0.696221,0.717386,-2.266,-1.789,88.320,0.497344,0.030435,-0.009596,0.074622,0.131990,-0.075555
1790938038.082800,1790938038.272323,0.012984,1.012389,1.028357,-0.005300,-0.021910,0.694896,0.718757,-2.182,-1.383,88.092,0.504144,0.029006,0.016420,0.012829,0.190577,-0.155455
1790938038.116132,1790938038.310502,0.012007,1.029060,1.029410,-0.005804,-0.020819,0.692312,0.721275,-2.132,-1.260,87.676,0.520907,0.025943,0.055732,0.034133,-0.115158,-0.307793
1790938038.149465,1790938038.344886,0.011335,1.046223,1.031170,-0.002790,-0.022776,0.687772,0.725564,-2.028,-1.674,86.966,0.524487,0.023963,0.056876,0.070351,-0.270685,-0.433498
1790938038.182797,1790938038.385713,0.011012,1.063238,1.032885,0.001122,-0.024116,0.682566,0.730425,-1.794,-2.107,86.153,0.510303,0.029960,0.028137,0.138528,-0.114086,-0.408997
1790938038.216129,1790938038.428221,0.009317,1.075768,1.028451,0.002845,-0.021451,0.678223,0.734538,-1.429,-2.027,85.460,0.496974,0.041209,0.009079,0.177953,0.083036,-0.282238
1790938038.249460,1790938038.470994,0.008934,1.096128,1.028872,0.003374,-0.018185,0.675886,0.736774,-1.124,-1.797,85.082,0.495392,0.056665,0.018632,0.093784,0.050024,-0.096887
1790938038.282791,1790938038.509639,0.006406,1.109847,1.025072,0.004209,-0.017379,0.675497,0.737146,-0.990,-1.794,85.018,0.492274,0.063849,0.033972,-0.014880,-0.189635,0.009622
1790938038.316123,1790938038.541342,0.005972,1.125765,1.026215,0.006369,-0.019620,0.675384,0.737178,-0.981,-2.151,85.009,0.483198,0.056010,0.019528,0.001101,-0.164071,-0.031921
1790938038.349455,1790938038.574066,0.005447,1.141670,1.026732,0.007079,-0.019984,0.674855,0.737646,-0.948,-2.237,84.928,0.468966,0.048558,-0.015740,0.036253,0.093727,-0.041511
1790938038.382786,1790938038.610138,0.005214,1.156996,1.026504,0.005355,-0.016858,0.674953,0.737649,-0.852,-1.839,84.931,0.459896,0.045777,-0.031965,0.057557,0.299324,0.063953
1790938038.416118,1790938038.636673,0.005311,1.172181,1.026070,0.002444,-0.012699,0.676264,0.736546,-0.778,-1.261,85.122,0.458361,0.040751,-0.019436,0.019206,0.275884,0.153437
1790938038.449449,1790938038.666425,0.005368,1.187510,1.025851,0.000113,-0.009808,0.678460,0.734572,-0.753,-0.834,85.457,0.463148,0.031720,0.004708,0.027728,0.159769,0.176875
1790938038.482780,1790938038.690282,0.005593,1.202848,1.026176,-0.000513,-0.008049,0.680069,0.733104,-0.670,-0.636,85.705,0.472893,0.015695,0.022247,0.047968,0.033002,0.083130
1790938038.516112,1790938038.728974,0.005730,1.218549,1.026752,0.000037,-0.007686,0.680932,0.732306,-0.597,-0.648,85.840,0.483218,0.008153,0.023800,0.024529,-0.052215,0.077801
1790938038.549443,1790938038.775870,0.006654,1.234742,1.027274,0.001104,-0.007978,0.682407,0.730928,-0.531,-0.755,86.071,0.493022,0.003004,0.009236,0.060748,-0.057539,0.158762
1790938038.582774,1790938038.814726,0.006238,1.248157,1.021788,0.002476,-0.006952,0.684388,0.729080,-0.338,-0.775,86.380,0.504665,-0.003144,-0.012375,0.098034,-0.003171,0.177927
1790938038.616106,1790938038.849479,0.008258,1.264955,1.022132,0.003305,-0.005370,0.687029,0.726603,-0.148,-0.707,86.794,0.519756,-0.005523,-0.018404,0.104425,0.054346,0.262094
1790938038.649436,1790938038.874451,0.009665,1.282464,1.021919,0.004400,-0.003718,0.690303,0.723498,0.071,-0.656,87.310,0.540952,-0.019293,-0.001460,0.103362,-0.022355,0.250377
1790938038.682766,1790938038.910487,0.011387,1.300807,1.022487,0.006092,-0.004262,0.692732,0.721157,0.165,-0.836,87.695,0.558444,-0.038099,0.023261,-0.009559,-0.161906,0.148107
1790938038.716097,1790938038.946894,0.013477,1.311134,1.019749,0.007678,-0.007236,0.694136,0.719766,0.058,-1.208,87.922,0.553382,-0.053731,0.036948,-0.103304,-0.187477,0.095905
1790938038.749428,1790938038.980551,0.015681,1.331249,1.021427,0.007605,-0.009923,0.695510,0.718407,-0.165,-1.423,88.147,0.543791,-0.061340,0.037443,-0.119290,-0.014892,0.153431
1790938038.782759,1790938039.014155,0.018523,1.349537,1.023398,0.005320,-0.009850,0.697887,0.716120,-0.351,-1.234,88.526,0.539815,-0.070065,0.048867,-0.080941,0.180052,0.243982
1790938038.816089,1790938039.050524,0.021592,1.367582,1.026037,0.002842,-0.008770,0.700828,0.713271,-0.472,-0.945,88.996,0.540896,-0.085809,0.082818,-0.040461,0.066064,0.231197
1790938038.849420,1790938039.086479,0.023888,1.383588,1.026133,0.003124,-0.009497,0.703010,0.711110,-0.511,-1.026,89.348,0.534414,-0.097979,0.100287,-0.001056,-0.134197,0.134256
1790938038.882751,1790938039.113133,0.027008,1.401691,1.029773,0.004517,-0.010741,0.704187,0.709919,-0.499,-1.238,89.541,0.525981,-0.098819,0.082521,0.008528,-0.047904,0.066078
1790938038.916084,1790938039.138721,0.030329,1.419411,1.032579,0.004032,-0.010449,0.704611,0.709505,-0.516,-1.175,89.609,0.518613,-0.095628,0.059110,-0.041541,0.105496,0.009618
1790938038.949418,1790938039.173847,0.033327,1.437088,1.034875,0.002053,-0.009912,0.704494,0.709638,-0.633,-0.972,89.589,0.518021,-0.091521,0.064433,-0.067111,0.054364,-0.021274
1790938038.982751,1790938039.209728,0.036329,1.454817,1.037480,0.001946,-0.010739,0.704070,0.710047,-0.708,-1.031,89.522,0.519892,-0.090124,0.081283,-0.018108,-0.136319,-0.058558
1790938039.016084,1790938039.240171,0.039341,1.472707,1.040435,0.004084,-0.013092,0.703337,0.710724,-0.723,-1.396,89.410,0.518762,-0.082673,0.078322,0.003196,-0.235385,-0.045775
1790938039.049417,1790938039.273723,0.042144,1.490279,1.043200,0.006781,-0.015707,0.703438,0.710551,-0.714,-1.826,89.435,0.513830,-0.063675,0.055204,0.001066,-0.187442,0.076732
1790938039.082751,1790938039.303247,0.044486,1.507146,1.045441,0.008638,-0.017008,0.704900,0.709050,-0.672,-2.080,89.676,0.506733,-0.048057,0.033041,0.049006,-0.071327,0.148105
1790938039.116083,1790938039.348500,0.046045,1.523600,1.047071,0.009757,-0.016819,0.706558,0.707388,-0.571,-2.154,89.943,0.495787,-0.036847,0.022325,0.062855,-0.003152,0.124668
1790938039.149416,1790938039.380936,0.046144,1.537712,1.045849,0.010180,-0.016043,0.707866,0.706091,-0.478,-2.124,90.153,0.485611,-0.026301,0.020964,0.046869,0.056519,0.083128
1790938039.182749,1790938039.411549,0.046676,1.558391,1.047599,0.009606,-0.014590,0.708685,0.705309,-0.409,-1.960,90.281,0.483615,-0.019275,0.032114,-0.000007,0.088496,0.061821
1790938039.216082,1790938039.443399,0.046979,1.575254,1.049387,0.008399,-0.013928,0.709567,0.704450,-0.455,-1.808,90.422,0.481259,-0.013010,0.048616,-0.044752,0.041625,0.085256
1790938039.249414,1790938039.471169,0.047125,1.591811,1.051635,0.008230,-0.014425,0.710168,0.703837,-0.510,-1.834,90.521,0.486006,-0.016361,0.062559,0.011706,-0.084073,-0.005292
1790938039.282748,1790938039.499076,0.047217,1.608661,1.054050,0.009996,-0.015711,0.709381,0.704579,-0.470,-2.082,90.398,0.496923,-0.019003,0.058115,0.020225,-0.160770,-0.124604
1790938039.316080,1790938039.525401,0.047289,1.625771,1.056079,0.011907,-0.017323,0.707528,0.706372,-0.441,-2.368,90.103,0.507485,-0.017369,0.034707,0.007438,-0.137331,-0.189588
1790938039.349413,1790938039.552525,0.047685,1.642815,1.057313,0.013137,-0.018445,0.705013,0.708833,-0.423,-2.560,89.700,0.516230,-0.012067,-0.001044,0.008500,-0.038257,-0.239654
1790938039.382746,1790938039.585726,0.048065,1.659763,1.057634,0.012985,-0.017991,0.702025,0.711807,-0.389,-2.513,89.216,0.528661,0.000232,-0.020997,-0.014935,0.066137,-0.241784
1790938039.416078,1790938039.619562,0.047922,1.677224,1.057784,0.012153,-0.017977,0.699764,0.714045,-0.447,-2.446,88.852,0.542888,0.025457,-0.006959,-0.035176,-0.035065,-0.120341
1790938039.449411,1790938039.653743,0.047248,1.695583,1.058521,0.013399,-0.019668,0.698761,0.714959,-0.478,-2.685,88.698,0.554166,0.045567,0.012399,0.013826,-0.199117,-0.059621
1790938039.482743,1790938039.694151,0.046055,1.714070,1.059808,0.016064,-0.021604,0.698004,0.715587,-0.411,-3.058,88.586,0.558028,0.058660,0.014086,0.026609,-0.146916,-0.061754
1790938039.516075,1790938039.739806,0.043352,1.730169,1.058720,0.016922,-0.023080,0.697587,0.715928,-0.457,-3.248,88.526,0.544494,0.076472,0.008415,-0.036253,-0.005229,0.003231
1790938039.549408,1790938039.775302,0.040952,1.746665,1.060416,0.015913,-0.022757,0.697775,0.715778,-0.515,-3.141,88.555,0.531540,0.080853,0.015411,-0.011751,0.113010,0.009623
1790938039.582739,1790938039.809482,0.038406,1.763312,1.062041,0.014221,-0.020849,0.697649,0.715995,-0.501,-2.849,88.525,0.530289,0.074019,0.035848,0.041508,0.148160,-0.054293
1790938039.616071,1790938039.844456,0.035869,1.780290,1.064242,0.014205,-0.019109,0.696473,0.717188,-0.358,-2.705,88.329,0.536587,0.067952,0.059524,0.092639,-0.034005,-0.165085
1790938039.649404,1790938039.875532,0.033199,1.798811,1.067199,0.016449,-0.019565,0.693842,0.719673,-0.199,-2.923,87.911,0.538674,0.064006,0.060814,0.067068,-0.194860,-0.265223
1790938039.682736,1790938039.907873,0.031256,1.816891,1.069664,0.019678,-0.021273,0.690338,0.722906,-0.053,-3.321,87.361,0.530249,0.064923,0.038904,0.059609,-0.187399,-0.293986
1790938039.716068,1790938039.947993,0.029763,1.834370,1.071510,0.021496,-0.021992,0.687228,0.725791,0.056,-3.524,86.872,0.520359,0.071582,0.009129,0.028715,-0.012692,-0.194914
1790938039.749400,1790938039.990293,0.027284,1.851086,1.070916,0.021420,-0.021546,0.685614,0.727331,0.093,-3.481,86.615,0.515803,0.075134,0.001882,0.003141,0.036328,-0.074539
1790938039.782732,1790938040.025107,0.026044,1.869115,1.072405,0.021558,-0.022221,0.685377,0.727530,0.052,-3.548,86.581,0.506960,0.073065,0.011505,-0.028819,-0.122398,0.037312
1790938039.816063,1790938040.061598,0.024901,1.886236,1.073660,0.022978,-0.024729,0.685760,0.727044,-0.029,-3.869,86.653,0.487523,0.064387,-0.000067,-0.050121,-0.180985,0.020267
1790938039.849395,1790938040.097044,0.023603,1.902078,1.074123,0.022972,-0.026957,0.685572,0.727143,-0.204,-4.054,86.636,0.465709,0.056270,-0.032164,-0.127889,0.021419,-0.011691
1790938039.882727,1790938040.131927,0.022370,1.916840,1.073792,0.019797,-0.026880,0.685698,0.727121,-0.464,-3.798,86.657,0.449555,0.048529,-0.039722,-0.110848,0.207843,0.024526
1790938039.916062,1790938040.169678,0.021548,1.930858,1.073600,0.016433,-0.025273,0.685816,0.727150,-0.618,-3.399,86.667,0.440266,0.032214,-0.016265,-0.026692,0.187600,-0.012758
1790938039.949396,1790938040.204575,0.020839,1.945240,1.074027,0.014812,-0.022987,0.685602,0.727463,-0.572,-3.081,86.622,0.435997,0.021157,0.013986,0.077700,0.134336,-0.026607
1790938039.982731,1790938040.239017,0.020544,1.959836,1.075294,0.014598,-0.020991,0.685387,0.727730,-0.432,-2.898,86.578,0.436686,0.015664,0.039834,0.055324,0.034202,-0.009563
1790938040.016065,1790938040.276135,0.020629,1.974324,1.077254,0.015194,-0.020882,0.685496,0.727618,-0.374,-2.936,86.595,0.441789,0.013429,0.050461,0.018037,-0.090435,0.028785
1790938040.049399,1790938040.311747,0.020998,1.988940,1.079165,0.015911,-0.022608,0.686179,0.726907,-0.453,-3.136,86.711,0.446631,0.011648,0.032920,-0.077836,-0.105347,0.099092
1790938040.082734,1790938040.348602,0.021561,2.003575,1.080469,0.015381,-0.024659,0.687832,0.725288,-0.666,-3.264,86.982,0.455076,0.007013,0.004548,-0.112989,-0.028646,0.176858
1790938040.116068,1790938040.384334,0.022138,2.018412,1.080897,0.013932,-0.026260,0.689922,0.723273,-0.923,-3.280,87.323,0.467014,-0.005061,-0.020140,-0.122579,0.003310,0.165140
1790938040.149403,1790938040.420625,0.022897,2.033440,1.080592,0.012368,-0.027109,0.691352,0.721904,-1.126,-3.224,87.555,0.477546,-0.024552,-0.037398,-0.051206,0.051247,0.072459
1790938040.182737,1790938040.456152,0.023786,2.049008,1.079958,0.011518,-0.026107,0.691567,0.721748,-1.118,-3.073,87.583,0.491477,-0.041816,-0.037634,0.090468,0.088531,-0.040461
1790938040.216071,1790938040.493792,0.025287,2.064649,1.079515,0.012122,-0.023924,0.690885,0.722467,-0.892,-2.942,87.463,0.505327,-0.048873,-0.020644,0.133078,0.022481,-0.078812
1790938040.249406,1790938040.523906,0.027354,2.080526,1.079588,0.013539,-0.022843,0.690175,0.723155,-0.686,-2.965,87.344,0.513260,-0.049573,-0.001766,0.086205,-0.041437,-0.028743
1790938040.282740,1790938040.552852,0.029817,2.096653,1.080293,0.014629,-0.022289,0.690393,0.722943,-0.552,-3.005,87.376,0.510282,-0.049155,0.012626,0.083010,0.007564,0.075654
1790938040.316074,1790938040.580172,0.032793,2.112994,1.081736,0.014887,-0.020449,0.691870,0.721579,-0.391,-2.872,87.602,0.508072,-0.050664,0.018769,0.105384,0.151378,0.163010
1790938040.349408,1790938040.625415,0.035549,2.129758,1.083515,0.013615,-0.016910,0.694495,0.719170,-0.224,-2.478,88.005,0.509583,-0.049651,0.031779,0.077686,0.227014,0.256756
1790938040.382742,1790938040.657849,0.036732,2.142251,1.081843,0.011528,-0.014824,0.697645,0.716198,-0.239,-2.139,88.501,0.511328,-0.052066,0.055298,0.010561,0.073617,0.247150
1790938040.416076,1790938040.689013,0.039963,2.156797,1.084734,0.011295,-0.015243,0.700164,0.713730,-0.299,-2.153,88.906,0.516067,-0.061711,0.068949,-0.036305,-0.088312,0.162995
1790938040.449409,1790938040.729515,0.042428,2.172767,1.087351,0.011822,-0.017478,0.701745,0.712116,-0.441,-2.378,89.169,0.517348,-0.064250,0.058513,-0.103416,-0.134120,0.139558
1790938040.482743,1790938040.764809,0.042595,2.172385,1.084371,0.011389,-0.020705,0.703821,0.709985,-0.744,-2.604,89.517,0.498960,-0.056925,0.038861,-0.108741,-0.111754,0.237549
1790938040.516077,1790938040.791380,0.045479,2.192352,1.087134,0.011213,-0.022901,0.706766,0.706988,-0.947,-2.764,90.005,0.495445,-0.058628,0.025053,-0.049082,-0.059551,0.243944
1790938040.549411,1790938040.814512,0.047302,2.209276,1.088594,0.010630,-0.023444,0.709480,0.704255,-1.049,-2.757,90.449,0.491174,-0.062422,0.014531,-0.035235,0.072544,0.210919
1790938040.582744,1790938040.850778,0.048915,2.225951,1.089924,0.009196,-0.022639,0.711577,0.702183,-1.107,-2.572,90.786,0.489129,-0.070830,0.019575,-0.011802,0.081067,0.129957
1790938040.616078,1790938040.894082,0.048015,2.235586,1.087862,0.008147,-0.022382,0.712858,0.700903,-1.175,-2.464,90.994,0.483525,-0.070359,0.026422,0.024400,-0.033983,0.095871
1790938040.649412,1790938040.927110,0.050038,2.251221,1.089269,0.009541,-0.023270,0.714232,0.699457,-1.141,-2.647,91.224,0.476585,-0.066066,0.025773,0.029726,-0.178863,0.160854
1790938040.682746,1790938040.954151,0.051694,2.267094,1.090316,0.011783,-0.025139,0.716490,0.697044,-1.124,-2.977,91.606,0.464894,-0.059939,0.007512,-0.000100,-0.130924,0.236489
1790938040.716079,1790938040.978812,0.053321,2.283748,1.090975,0.011888,-0.025680,0.719160,0.694268,-1.172,-3.024,92.049,0.455367,-0.062971,-0.013990,-0.017144,0.086397,0.205594
1790938040.749413,1790938041.026494,0.055037,2.299609,1.091624,0.009826,-0.023759,0.720995,0.692463,-1.185,-2.698,92.341,0.454836,-0.070845,-0.007329,0.031858,0.227016,0.098000
1790938040.782746,1790938041.062169,0.053620,2.310867,1.088569,0.007224,-0.020929,0.721830,0.691717,-1.159,-2.257,92.464,0.455777,-0.071811,0.020194,0.040366,0.143928,0.030892
1790938040.816080,1790938041.089743,0.055380,2.328136,1.090294,0.006598,-0.020218,0.722052,0.691512,-1.151,-2.149,92.497,0.460030,-0.071839,0.045293,-0.012895,-0.055275,0.017042
1790938040.849413,1790938041.122514,0.056987,2.343456,1.092100,0.007471,-0.021807,0.722202,0.691298,-1.214,-2.346,92.530,0.464202,-0.072559,0.039289,-0.036333,-0.127715,-0.001068
1790938040.882746,1790938041.161152,0.058612,2.359030,1.093395,0.008059,-0.023348,0.721832,0.691627,-1.294,-2.518,92.477,0.474061,-0.077826,0.005817,-0.038463,-0.032903,-0.071377
1790938040.916081,1790938041.191222,0.060341,2.374726,1.093723,0.007590,-0.023458,0.720756,0.692750,-1.336,-2.490,92.299,0.489837,-0.081218,-0.025463,0.003080,0.060840,-0.113990
1790938040.949415,1790938041.216678,0.062182,2.390660,1.093358,0.007069,-0.022436,0.719363,0.694236,-1.288,-2.368,92.063,0.506571,-0.080790,-0.038471,0.024384,0.058707,-0.119317
1790938040.982749,1790938041.246815,0.063975,2.407209,1.092654,0.006698,-0.021870,0.718165,0.695497,-1.267,-2.295,91.863,0.521294,-0.073111,-0.042127,-0.016098,0.015030,-0.072443
1790938041.016082,1790938041.270921,0.065820,2.423979,1.092191,0.006433,-0.022217,0.717732,0.695936,-1.315,-2.302,91.793,0.537381,-0.063873,-0.040500,-0.033139,-0.015864,-0.000005
1790938041.049416,1790938041.315974,0.067452,2.440988,1.091390,0.006003,-0.022923,0.717636,0.696015,-1.408,-2.323,91.781,0.551249,-0.062700,-0.039064,-0.046985,0.002244,-0.036224
1790938041.082749,1790938041.357661,0.065593,2.454540,1.085482,0.004705,-0.022883,0.716594,0.697099,-1.505,-2.215,91.609,0.556628,-0.065370,-0.031426,0.004135,0.034211,-0.161927
1790938041.116082,1790938041.376141,0.068153,2.473822,1.086204,0.004443,-0.022369,0.713997,0.699778,-1.475,-2.158,91.180,0.560103,-0.068373,-0.012826,-0.006510,0.035276,-0.281238
1790938041.149416,1790938041.399078,0.070033,2.492021,1.086932,0.003791,-0.022345,0.710584,0.703247,-1.515,-2.110,90.623,0.555445,-0.057957,0.004842,-0.064035,0.037406,-0.275912
1790938041.182749,1790938041.421914,0.071443,2.510689,1.087901,0.002286,-0.022589,0.707501,0.706348,-1.648,-2.014,90.122,0.552679,-0.049754,0.026195,-0.084277,0.070431,-0.243953
1790938041.216082,1790938041.454955,0.073010,2.528662,1.089606,0.000663,-0.022853,0.704668,0.709169,-1.793,-1.911,89.665,0.554364,-0.043857,0.049593,-0.078949,0.020362,-0.229040
1790938041.249415,1790938041.487732,0.070953,2.535148,1.086855,-0.000210,-0.024159,0.701899,0.711866,-1.962,-1.954,89.226,0.553505,-0.033683,0.063626,-0.054454,-0.151155,-0.235433
1790938041.282748,1790938041.517205,0.072555,2.555330,1.089763,0.001239,-0.027103,0.699152,0.714458,-2.072,-2.319,88.801,0.555257,-0.025648,0.059371,-0.068301,-0.207611,-0.230106
1790938041.316081,1790938041.548578,0.073797,2.574105,1.092212,0.002481,-0.029670,0.696027,0.717398,-2.165,-2.638,88.317,0.551950,-0.023628,0.042037,-0.031015,-0.076580,-0.305742
1790938041.349413,1790938041.581611,0.073478,2.584239,1.089859,0.001686,-0.029330,0.692232,0.721077,-2.190,-2.558,87.710,0.541107,-0.012614,0.028848,0.004136,0.077883,-0.294025
1790938041.382746,1790938041.613914,0.074567,2.602565,1.091696,0.001071,-0.028589,0.689318,0.723894,-2.172,-2.457,87.244,0.537519,0.003642,0.036552,0.008398,0.000116,-0.181103
1790938041.416079,1790938041.652076,0.075192,2.620408,1.093617,0.002282,-0.029064,0.687507,0.725593,-2.103,-2.597,86.960,0.533003,0.013509,0.045519,0.059533,-0.150088,-0.134232
1790938041.449411,1790938041.693963,0.075791,2.626276,1.092317,0.004791,-0.030433,0.686068,0.726885,-1.996,-2.913,86.741,0.517460,0.020775,0.032525,0.059542,-0.224672,-0.105473
1790938041.482744,1790938041.728578,0.076012,2.644273,1.093730,0.007751,-0.032436,0.684771,0.727994,-1.902,-3.316,86.550,0.508288,0.024433,0.004835,0.033975,-0.192712,-0.109734
1790938041.516076,1790938041.763405,0.076191,2.661047,1.094285,0.009645,-0.033990,0.683376,0.729211,-1.860,-3.598,86.342,0.495655,0.024093,-0.021783,-0.000113,-0.091509,-0.109734
1790938041.549409,1790938041.807854,0.076426,2.677378,1.094193,0.009801,-0.034644,0.682157,0.730319,-1.892,-3.668,86.155,0.479173,0.018373,-0.037852,-0.039531,0.033128,-0.089494
1790938041.582741,1790938041.849345,0.076561,2.687730,1.091108,0.007726,-0.033520,0.681248,0.731244,-1.973,-3.414,86.004,0.458358,0.013873,-0.044914,-0.015027,0.154572,-0.055401
1790938041.616074,1790938041.883007,0.077113,2.702462,1.090429,0.005321,-0.031056,0.680876,0.731721,-1.980,-3.021,85.929,0.447341,0.011722,-0.034199,0.037169,0.239793,-0.003202
1790938041.649406,1790938041.916320,0.077672,2.716881,1.090187,0.003769,-0.027099,0.681158,0.731625,-1.801,-2.567,85.949,0.442027,0.011379,-0.010523,0.153284,0.189724,0.052191
1790938041.682738,1790938041.946806,0.078133,2.730927,1.090380,0.004003,-0.023632,0.682348,0.730634,-1.514,-2.292,86.116,0.437708,0.017373,-0.004180,0.139437,0.073605,0.143807
1790938041.716071,1790938041.971152,0.078552,2.744958,1.090714,0.004747,-0.021924,0.684536,0.728634,-1.325,-2.204,86.451,0.436591,0.022790,-0.020460,0.068062,0.027795,0.203466
1790938041.749403,1790938041.994014,0.078503,2.759164,1.090115,0.004597,-0.020887,0.687045,0.726300,-1.263,-2.101,86.841,0.442225,0.018653,-0.042353,0.009468,0.089583,0.191747
1790938041.782734,1790938042.033597,0.078655,2.773350,1.088902,0.003430,-0.019592,0.689271,0.724230,-1.264,-1.897,87.187,0.451237,0.007560,-0.054035,-0.005444,0.102364,0.175766
1790938041.816066,1790938042.067931,0.077387,2.778536,1.084334,0.001656,-0.018205,0.691171,0.722460,-1.305,-1.638,87.483,0.457811,-0.006464,-0.055328,-0.005453,0.067197,0.118241
1790938041.849398,1790938042.098705,0.078529,2.794637,1.082820,0.001117,-0.017669,0.691893,0.721783,-1.309,-1.550,87.595,0.483001,-0.027936,-0.045462,0.026503,-0.015893,-0.012788
1790938041.882730,1790938042.128997,0.080178,2.810417,1.081736,0.002128,-0.017576,0.691188,0.722458,-1.216,-1.624,87.483,0.507200,-0.045539,-0.033439,0.080832,-0.060635,-0.107600
1790938041.916069,1790938042.161303,0.082481,2.826921,1.081107,0.004010,-0.017129,0.689509,0.724063,-1.021,-1.738,87.215,0.521649,-0.059701,-0.025545,0.104266,-0.055309,-0.165126
1790938041.949411,1790938042.194855,0.085350,2.843745,1.080639,0.005270,-0.016572,0.687853,0.725642,-0.869,-1.794,86.951,0.517803,-0.061329,-0.025753,0.032890,0.019258,-0.047943
1790938041.982754,1790938042.224009,0.088228,2.860319,1.080192,0.004695,-0.015142,0.688562,0.725004,-0.805,-1.629,87.058,0.508224,-0.052555,-0.018668,0.064852,0.166269,0.171506
1790938042.016097,1790938042.247861,0.090757,2.876857,1.080306,0.003468,-0.011417,0.691314,0.722456,-0.617,-1.220,87.483,0.509898,-0.050909,0.010715,0.137290,0.224859,0.269514
1790938042.049441,1790938042.272041,0.092980,2.893523,1.081437,0.002591,-0.007628,0.694676,0.719278,-0.394,-0.835,88.009,0.512926,-0.053377,0.045912,0.098937,0.141764,0.260992
1790938042.082784,1790938042.309753,0.095127,2.910402,1.083503,0.002600,-0.006002,0.697368,0.716683,-0.266,-0.701,88.436,0.518795,-0.059687,0.071486,-0.002266,-0.036139,0.180027
1790938042.116127,1790938042.341904,0.094734,2.915389,1.081474,0.002596,-0.007356,0.699351,0.714736,-0.377,-0.811,88.756,0.509672,-0.056572,0.075178,-0.060866,-0.194878,0.170445
1790938042.149470,1790938042.371787,0.097256,2.933108,1.083761,0.003699,-0.010577,0.701575,0.712508,-0.548,-1.161,89.120,0.505258,-0.052563,0.054252,-0.092820,-0.148003,0.205600
1790938042.182813,1790938042.399321,0.099380,2.950188,1.085539,0.003363,-0.012163,0.703806,0.710280,-0.707,-1.261,89.483,0.508784,-0.059483,0.032285,-0.057666,0.065054,0.142747
1790938042.216157,1790938042.440817,0.101508,2.967366,1.086979,0.001242,-0.011291,0.704739,0.709375,-0.811,-1.018,89.632,0.519808,-0.073909,0.034157,-0.056604,0.157735,0.015977
1790938042.249500,1790938042.477954,0.101579,2.973876,1.084685,-0.001525,-0.010008,0.704579,0.709553,-0.932,-0.691,89.603,0.518823,-0.076724,0.053121,-0.039568,0.038413,-0.030891
1790938042.282843,1790938042.509684,0.104459,2.992038,1.086613,-0.001576,-0.010701,0.704320,0.709800,-0.992,-0.743,89.562,0.518967,-0.070460,0.061637,-0.019324,-0.126704,-0.001063
1790938042.316186,1790938042.537968,0.106721,3.009268,1.088563,0.000030,-0.012814,0.704665,0.709424,-1.032,-1.044,89.624,0.511611,-0.052801,0.042808,-0.026780,-0.174643,0.083095
1790938042.349530,1790938042.560911,0.108119,3.026063,1.089766,0.001311,-0.014840,0.706734,0.707323,-1.096,-1.309,89.965,0.500000,-0.025199,0.010554,-0.025716,-0.085159,0.303610
1790938042.382874,1790938042.583955,0.108707,3.042512,1.090140,0.001389,-0.015537,0.711139,0.702878,-1.155,-1.365,90.683,0.491973,-0.010195,-0.007617,-0.028911,0.006454,0.421858
1790938042.416218,1790938042.624964,0.108741,3.058993,1.090223,0.000555,-0.015509,0.715867,0.698064,-1.228,-1.286,91.457,0.493268,-0.011581,-0.004934,-0.038498,0.060785,0.363267
1790938042.449562,1790938042.659298,0.107739,3.067922,1.087666,-0.001621,-0.014455,0.719342,0.694504,-1.321,-1.017,92.025,0.496526,-0.018978,0.010944,-0.029979,0.105519,0.220518
1790938042.482906,1790938042.713226,0.107646,3.083992,1.088555,-0.002657,-0.013603,0.721226,0.692561,-1.335,-0.860,92.333,0.507772,-0.026373,0.034279,0.023284,0.001119,0.099074
1790938042.516249,1790938042.745149,0.107311,3.092935,1.087958,-0.001508,-0.013611,0.721781,0.691986,-1.246,-0.955,92.425,0.511551,-0.028895,0.040189,0.069087,-0.154426,-0.005325
1790938042.549593,1790938042.775423,0.107596,3.110656,1.089079,0.001310,-0.014257,0.721290,0.692485,-1.075,-1.240,92.346,0.520942,-0.029265,0.012955,0.111700,-0.120335,-0.084156
1790938042.582937,1790938042.804479,0.107728,3.127982,1.089099,0.003140,-0.013522,0.720111,0.693720,-0.867,-1.334,92.149,0.532813,-0.024769,-0.030760,0.086132,0.037327,-0.113985
1790938042.616282,1790938042.831667,0.107554,3.145529,1.087944,0.002868,-0.011867,0.719048,0.694853,-0.750,-1.181,91.968,0.546112,-0.012237,-0.056672,0.038193,0.105503,-0.062851
1790938042.649626,1790938042.859682,0.106918,3.163597,1.086322,0.001892,-0.010786,0.718874,0.695054,-0.738,-1.015,91.937,0.564317,0.000222,-0.055339,-0.036377,0.042652,0.028762
1790938042.682969,1790938042.887151,0.105906,3.182207,1.084945,0.001257,-0.011882,0.719301,0.694596,-0.880,-1.049,92.010,0.585586,0.003993,-0.039484,-0.114145,-0.096902,0.028761
1790938042.716313,1790938042.915106,0.104830,3.201810,1.084097,0.001717,-0.015086,0.719159,0.694680,-1.107,-1.343,91.997,0.600200,0.001041,-0.027752,-0.101362,-0.200236,-0.060722
1790938042.749658,1790938042.942091,0.103931,3.221542,1.083549,0.002710,-0.017978,0.718099,0.695703,-1.264,-1.656,91.833,0.601339,0.002586,-0.032621,-0.064078,-0.076661,-0.101204
1790938042.783002,1790938042.968927,0.102892,3.240970,1.082910,0.001876,-0.018199,0.716904,0.696932,-1.346,-1.608,91.638,0.596907,0.009358,-0.033618,-0.008684,0.145984,-0.104400
1790938042.816347,1790938042.999557,0.101638,3.260125,1.082523,-0.000766,-0.016011,0.715742,0.698181,-1.375,-1.218,91.438,0.597411,0.023037,-0.014138,-0.049165,0.257838,-0.079900
1790938042.849691,1790938043.028416,0.099832,3.279407,1.082968,-0.004671,-0.014401,0.715175,0.698782,-1.555,-0.770,91.339,0.603334,0.037832,0.028557,-0.137585,0.165156,-0.001069
1790938042.883036,1790938043.058043,0.097597,3.298934,1.084800,-0.006669,-0.015289,0.715235,0.698685,-1.787,-0.678,91.352,0.609384,0.040232,0.069311,-0.082190,-0.086252,-0.005330
1790938042.916376,1790938043.086126,0.095536,3.318924,1.087587,-0.005395,-0.017543,0.714699,0.699191,-1.870,-0.964,91.273,0.609985,0.034263,0.068228,0.001968,-0.169346,-0.087357
1790938042.949713,1790938043.115249,0.093456,3.338694,1.089756,-0.003898,-0.018936,0.713897,0.699984,-1.863,-1.200,91.147,0.603470,0.039898,0.042401,0.019009,-0.046837,-0.038355
1790938042.983049,1790938043.156172,0.091118,3.358020,1.091261,-0.002887,-0.018475,0.713585,0.700319,-1.743,-1.247,91.094,0.597484,0.042951,0.027337,0.112752,-0.018075,-0.044749
1790938043.016386,1790938043.194209,0.085362,3.366335,1.089938,-0.001441,-0.017307,0.712596,0.701359,-1.530,-1.273,90.928,0.585440,0.040970,0.019539,0.109539,-0.027681,-0.138499
1790938043.049722,1790938043.229154,0.083345,3.384226,1.091084,0.000679,-0.016232,0.710528,0.703481,-1.267,-1.364,90.586,0.580864,0.033991,0.015894,0.171321,-0.072426,-0.226922
1790938043.083059,1790938043.266161,0.081947,3.402389,1.091835,0.004231,-0.015233,0.707387,0.706649,-0.893,-1.577,90.072,0.572110,0.027020,0.002604,0.190498,-0.129952,-0.306819
1790938043.116394,1790938043.302062,0.080685,3.420465,1.092019,0.007123,-0.015288,0.704160,0.709841,-0.655,-1.819,89.550,0.554873,0.033838,-0.025073,0.014723,-0.102256,-0.202419
1790938043.149730,1790938043.344501,0.079055,3.438261,1.091495,0.007797,-0.016807,0.702697,0.711248,-0.718,-1.998,89.320,0.538370,0.034010,-0.038695,-0.060929,-0.075628,-0.060738
1790938043.183067,1790938043.379642,0.074841,3.442456,1.088329,0.007434,-0.018312,0.702094,0.711810,-0.867,-2.092,89.228,0.519701,0.020740,-0.041402,-0.106732,-0.035159,-0.046892
1790938043.216403,1790938043.407378,0.074930,3.459373,1.087683,0.006085,-0.019435,0.701619,0.712262,-1.067,-2.076,89.157,0.513185,0.007311,-0.044483,-0.104601,0.068172,-0.010673
1790938043.249739,1790938043.434830,0.074963,3.475933,1.086795,0.003934,-0.018975,0.702015,0.711898,-1.206,-1.865,89.219,0.508253,-0.000349,-0.040989,-0.023640,0.145937,0.092659
1790938043.283075,1790938043.463153,0.075188,3.492343,1.086085,0.002186,-0.017348,0.703749,0.710233,-1.222,-1.588,89.491,0.504712,-0.004176,-0.031321,-0.000203,0.128891,0.199188
1790938043.316411,1790938043.492938,0.075370,3.508500,1.085600,0.000996,-0.016042,0.706400,0.707631,-1.218,-1.382,89.915,0.503094,-0.008265,-0.022241,-0.000204,0.073493,0.242865
1790938043.349747,1790938043.522320,0.075621,3.524764,1.085328,-0.000075,-0.015935,0.709168,0.704859,-1.301,-1.281,90.364,0.505488,-0.014095,-0.019948,-0.091820,0.027684,0.225820
1790938043.383084,1790938043.551966,0.075969,3.541328,1.085105,-0.001261,-0.016984,0.711660,0.702318,-1.487,-1.264,90.774,0.510781,-0.022112,-0.023230,-0.091821,-0.013861,0.200253
1790938043.416420,1790938043.595640,0.076519,3.558029,1.084576,-0.001849,-0.018147,0.713894,0.700016,-1.634,-1.305,91.143,0.518542,-0.032095,-0.033745,-0.035361,-0.025581,0.178948
1790938043.449755,1790938043.628879,0.073936,3.563459,1.081738,-0.001505,-0.018348,0.715692,0.698173,-1.626,-1.345,91.439,0.523960,-0.040032,-0.041470,0.034931,-0.029863,0.118223
1790938043.483091,1790938043.657088,0.075631,3.580153,1.080904,-0.000242,-0.018126,0.716658,0.697189,-1.509,-1.428,91.597,0.540504,-0.052584,-0.037289,0.088199,-0.069279,0.037261
1790938043.516427,1790938043.687531,0.076993,3.597922,1.080322,0.002079,-0.017972,0.716885,0.696957,-1.311,-1.606,91.633,0.553449,-0.060025,-0.024322,0.089264,-0.118284,0.009562
1790938043.549763,1790938043.716611,0.078452,3.615923,1.080178,0.004049,-0.018676,0.717394,0.696406,-1.213,-1.824,91.720,0.551438,-0.060142,-0.015981,0.020020,-0.078870,0.116091
1790938043.583098,1790938043.745300,0.079905,3.633725,1.080283,0.004465,-0.018481,0.719408,0.694327,-1.169,-1.839,92.052,0.540795,-0.063677,-0.010833,0.029607,0.077727,0.232210
1790938043.616434,1790938043.788066,0.081487,3.651464,1.080687,0.003105,-0.016426,0.722412,0.691260,-1.114,-1.558,92.540,0.539025,-0.069799,0.003557,0.033869,0.192778,0.276951
1790938043.649770,1790938043.826080,0.081071,3.658738,1.079765,0.001565,-0.013879,0.725358,0.688230,-1.030,-1.225,93.020,0.535910,-0.076467,0.030005,0.043449,0.093689,0.208766
1790938043.683105,1790938043.871442,0.082859,3.676033,1.081616,0.001841,-0.013325,0.727302,0.686186,-0.966,-1.201,93.342,0.536835,-0.081196,0.046000,0.026405,-0.082084,0.135263
1790938043.716441,1790938043.912271,0.084206,3.693695,1.083437,0.003519,-0.014575,0.728800,0.684563,-0.942,-1.437,93.597,0.529268,-0.079352,0.035977,-0.020474,-0.137481,0.127803
1790938043.749777,1790938043.947786,0.084845,3.702944,1.083731,0.003720,-0.016226,0.730265,0.682961,-1.067,-1.581,93.849,0.512768,-0.078394,0.010947,-0.087582,0.015910,0.137386
1790938043.783112,1790938043.975646,0.086493,3.718724,1.084577,0.002036,-0.016382,0.731634,0.681498,-1.215,-1.450,94.079,0.510222,-0.091102,0.009325,-0.057754,0.102197,0.073467
1790938043.816448,1790938044.006288,0.088732,3.735505,1.085660,0.000536,-0.016088,0.731641,0.681500,-1.307,-1.301,94.079,0.513495,-0.111450,0.026470,-0.046035,0.023364,-0.073541
1790938043.849783,1790938044.035331,0.091515,3.752716,1.087231,0.000579,-0.017483,0.730387,0.682809,-1.419,-1.417,93.874,0.509386,-0.116666,0.036980,-0.067340,-0.143886,-0.127870
1790938043.883119,1790938044.064465,0.094427,3.769643,1.088779,0.001964,-0.020103,0.728893,0.684329,-1.526,-1.741,93.635,0.498705,-0.111236,0.024004,-0.070535,-0.168389,-0.122543
1790938043.916454,1790938044.105361,0.097084,3.785985,1.089681,0.002666,-0.022263,0.727818,0.685404,-1.649,-1.971,93.466,0.486381,-0.098000,-0.000455,-0.050294,-0.058665,-0.047973
1790938043.949788,1790938044.142663,0.098534,3.794006,1.088842,0.002372,-0.022621,0.728103,0.685090,-1.702,-1.974,93.516,0.467014,-0.078002,-0.017555,-0.013007,0.043592,0.117144
1790938043.983122,1790938044.170711,0.099797,3.808368,1.088802,0.001511,-0.021893,0.730020,0.683073,-1.714,-1.840,93.833,0.460027,-0.066065,-0.016535,0.002972,0.078745,0.194911
1790938044.016455,1790938044.200025,0.100976,3.822991,1.088892,0.000264,-0.021352,0.731953,0.681021,-1.771,-1.689,94.155,0.458420,-0.066357,-0.004779,-0.057750,0.064894,0.132058
1790938044.049790,1790938044.229161,0.102132,3.837799,1.089390,-0.000869,-0.021153,0.732621,0.680307,-1.845,-1.576,94.266,0.463354,-0.072105,0.008301,0.009360,0.040391,-0.034127
1790938044.083123,1790938044.255254,0.103605,3.852932,1.090139,-0.000702,-0.020478,0.731452,0.681585,-1.772,-1.541,94.066,0.471916,-0.076875,0.011490,0.035994,-0.003288,-0.161961
1790938044.116457,1790938044.285865,0.105181,3.868401,1.090739,0.000077,-0.019974,0.729293,0.683910,-1.664,-1.572,93.702,0.482701,-0.076307,0.001475,0.059431,-0.010745,-0.223749
1790938044.149791,1790938044.312517,0.106645,3.884276,1.090962,0.000704,-0.019327,0.726485,0.686910,-1.554,-1.580,93.229,0.496179,-0.073350,-0.013586,0.035994,0.025473,-0.253577
1790938044.183125,1790938044.340387,0.108028,3.900533,1.090779,0.000821,-0.018762,0.723669,0.689892,-1.492,-1.551,92.758,0.511139,-0.066097,-0.022554,-0.000226,-0.003292,-0.240794
1790938044.216459,1790938044.367924,0.109121,3.917426,1.090277,0.001103,-0.019335,0.720790,0.692883,-1.510,-1.627,92.283,0.525169,-0.059138,-0.034229,-0.025795,-0.048034,-0.250382
1790938044.249793,1790938044.409860,0.110312,3.934477,1.089336,0.001241,-0.020186,0.718021,0.695728,-1.563,-1.712,91.830,0.539273,-0.049867,-0.048185,-0.071604,-0.021404,-0.206705
1790938044.283127,1790938044.447815,0.110280,3.943172,1.086502,0.000659,-0.021773,0.716085,0.697673,-1.735,-1.795,91.520,0.548730,-0.037472,-0.045272,-0.119543,-0.099185,-0.124678
1790938044.316460,1790938044.480978,0.110733,3.959230,1.085859,0.001403,-0.025011,0.714724,0.698958,-1.938,-2.119,91.314,0.556132,-0.028579,-0.040762,-0.093978,-0.213173,-0.116155
1790938044.349794,1790938044.510252,0.111198,3.976625,1.085067,0.002691,-0.028189,0.713079,0.700511,-2.090,-2.483,91.064,0.557042,-0.020392,-0.051102,-0.085456,-0.113037,-0.158768
1790938044.383127,1790938044.551050,0.111410,3.994206,1.083883,0.001918,-0.029160,0.711109,0.702474,-2.225,-2.504,90.749,0.548993,-0.006120,-0.062473,-0.072672,0.134107,-0.164095
1790938044.416461,1790938044.583558,0.110745,3.996439,1.080369,-0.001719,-0.027013,0.709435,0.704251,-2.337,-2.041,90.462,0.534358,0.011484,-0.053830,-0.072668,0.330104,-0.111896
1790938044.449793,1790938044.607778,0.110022,4.016988,1.080396,-0.005865,-0.024204,0.708210,0.705563,-2.440,-1.481,90.246,0.540407,0.018723,-0.010019,-0.055621,0.196945,-0.099112
1790938044.483127,1790938044.631794,0.109119,4.034966,1.081239,-0.007426,-0.024326,0.706951,0.706805,-2.574,-1.369,90.043,0.541182,0.021706,0.030216,-0.076929,-0.066181,-0.121482
1790938044.516460,1790938044.671294,0.108394,4.052737,1.082859,-0.006400,-0.025947,0.704866,0.708837,-2.618,-1.591,89.714,0.542356,0.015134,0.038650,0.037056,-0.114121,-0.246124
1790938044.549793,1790938044.703809,0.108566,4.062436,1.083403,-0.004770,-0.026026,0.701343,0.712332,-2.483,-1.741,89.147,0.533718,0.016743,0.028277,0.058365,-0.022516,-0.331343
1790938044.583127,1790938044.727423,0.108218,4.081492,1.085063,-0.004142,-0.025427,0.697817,0.715813,-2.375,-1.755,88.578,0.531218,0.032890,0.025709,0.043451,0.029684,-0.222683
1790938044.616460,1790938044.760521,0.107063,4.099291,1.086513,-0.003890,-0.024483,0.696337,0.717287,-2.275,-1.702,88.336,0.527591,0.050282,0.031701,0.073280,0.031815,-0.030929
1790938044.649793,1790938044.794402,0.106646,4.106661,1.087481,-0.002280,-0.023018,0.696218,0.717458,-2.025,-1.711,88.309,0.519924,0.049365,0.043089,0.161702,-0.068335,-0.040512
1790938044.683126,1790938044.819612,0.105637,4.125056,1.089441,0.001417,-0.022702,0.695282,0.718377,-1.693,-1.982,88.157,0.516691,0.046790,0.036571,0.151049,-0.211082,-0.124669
1790938044.716459,1790938044.841894,0.104490,4.142349,1.090678,0.005136,-0.023967,0.693745,0.719804,-1.483,-2.386,87.919,0.503262,0.048330,0.000899,0.054106,-0.165275,-0.132127
1790938044.749792,1790938044.866760,0.103576,4.158904,1.090707,0.006982,-0.024613,0.692072,0.721375,-1.376,-2.589,87.656,0.486791,0.039466,-0.036542,0.048778,-0.015067,-0.167282
1790938044.783125,1790938044.889770,0.103097,4.174504,1.089668,0.006926,-0.023532,0.689776,0.723607,-1.287,-2.499,87.286,0.466971,0.024105,-0.062524,0.032797,0.122352,-0.201372
1790938044.816458,1790938044.925914,0.102950,4.189107,1.088057,0.005484,-0.021017,0.687978,0.725406,-1.202,-2.180,86.989,0.450995,0.019200,-0.063058,0.049840,0.218229,-0.080994
1790938044.849790,1790938044.958859,0.103016,4.195455,1.085934,0.003748,-0.017962,0.687198,0.726238,-1.103,-1.790,86.853,0.441533,0.007552,-0.032820,0.079668,0.161758,-0.078863
1790938044.883123,1790938044.988068,0.103682,4.210930,1.085775,0.003726,-0.015830,0.686182,0.727248,-0.935,-1.612,86.685,0.441989,0.003483,-0.004787,0.112690,0.012617,-0.075665
1790938044.916456,1790938045.015213,0.104208,4.225359,1.086010,0.005397,-0.014888,0.685834,0.727586,-0.720,-1.666,86.627,0.441373,0.009476,-0.008561,0.069011,-0.029994,0.029796
1790938044.949791,1790938045.049325,0.104618,4.239733,1.085672,0.005354,-0.014545,0.686676,0.726798,-0.699,-1.633,86.758,0.443992,0.012892,-0.033286,-0.055627,0.089318,0.101171
1790938044.983125,1790938045.080754,0.104946,4.254621,1.084754,0.002826,-0.013951,0.688025,0.725548,-0.865,-1.383,86.969,0.447493,0.006071,-0.043512,-0.097176,0.142581,0.116085
1790938045.016459,1790938045.114846,0.105617,4.269341,1.083671,0.000424,-0.013739,0.689389,0.724261,-1.050,-1.174,87.185,0.453846,-0.006108,-0.037195,-0.091849,0.066945,0.110758
1790938045.049794,1790938045.151893,0.106751,4.284257,1.082834,-0.000964,-0.014168,0.690498,0.723195,-1.201,-1.098,87.362,0.466396,-0.021557,-0.027176,-0.057761,0.003027,0.069212
1790938045.083128,1790938045.191108,0.107357,4.292704,1.081220,-0.001535,-0.014684,0.691050,0.722656,-1.290,-1.095,87.451,0.478663,-0.033220,-0.022268,-0.018351,-0.002308,0.015948
1790938045.116462,1790938045.226090,0.109589,4.308948,1.080903,-0.001703,-0.014694,0.691028,0.722677,-1.305,-1.082,87.447,0.498294,-0.041319,-0.016753,0.009345,0.011541,-0.000030
1790938045.149797,1790938045.259808,0.111989,4.325718,1.080883,-0.001532,-0.014677,0.691242,0.722473,-1.290,-1.094,87.481,0.513524,-0.045383,0.001570,0.024262,-0.049179,0.046842
1790938045.183131,1790938045.294561,0.114334,4.342958,1.081613,-0.000333,-0.015391,0.692374,0.721375,-1.249,-1.246,87.663,0.519178,-0.045087,0.018419,0.022132,-0.093923,0.156568
1790938045.216465,1790938045.330279,0.116488,4.360600,1.082739,0.000111,-0.015483,0.694883,0.718956,-1.224,-1.285,88.063,0.517064,-0.046280,0.023152,0.013609,0.076523,0.255641
1790938045.249799,1790938045.367688,0.118684,4.378540,1.084164,-0.001503,-0.013782,0.698150,0.715818,-1.226,-1.010,88.579,0.517868,-0.053035,0.038278,0.001893,0.186251,0.286534
1790938045.283133,1790938045.406932,0.120981,4.395881,1.086207,-0.003378,-0.011942,0.701440,0.712620,-1.236,-0.704,89.102,0.523859,-0.064809,0.068024,-0.002369,0.088244,0.241792
1790938045.316467,1790938045.438613,0.122359,4.406155,1.087909,-0.003001,-0.012025,0.703716,0.710373,-1.214,-0.737,89.468,0.529191,-0.078164,0.094325,0.057281,-0.180218,0.128870
1790938045.349800,1790938045.466309,0.125358,4.424536,1.091476,0.000649,-0.014618,0.704620,0.709434,-1.128,-1.241,89.622,0.540632,-0.089248,0.088554,0.018932,-0.336814,0.019145
1790938045.383134,1790938045.491432,0.128700,4.442709,1.094397,0.004235,-0.018540,0.704446,0.709502,-1.153,-1.850,89.609,0.542582,-0.095590,0.052276,-0.034331,-0.270766,-0.040510
1790938045.416467,1790938045.524219,0.132264,4.460587,1.096216,0.006198,-0.021222,0.703795,0.710059,-1.208,-2.227,89.516,0.536151,-0.096978,0.015277,-0.036462,-0.099254,-0.052228
1790938045.449801,1790938045.556758,0.134590,4.472637,1.096128,0.005930,-0.022397,0.703505,0.710312,-1.324,-2.302,89.475,0.522203,-0.089332,-0.001837,-0.060966,0.011531,0.019146
1790938045.483135,1790938045.584879,0.137653,4.489708,1.096983,0.004959,-0.023265,0.704164,0.709639,-1.475,-2.293,89.586,0.514787,-0.082660,0.003847,-0.093990,-0.022558,0.091586
1790938045.516468,1790938045.611397,0.140633,4.506588,1.098088,0.004447,-0.025165,0.705388,0.708360,-1.675,-2.403,89.794,0.508955,-0.079111,0.011732,-0.092923,-0.105652,0.115023
1790938045.549802,1790938045.637812,0.143438,4.523210,1.099391,0.005350,-0.027533,0.706768,0.706890,-1.799,-2.665,90.032,0.500264,-0.073881,0.011450,-0.021546,-0.173832,0.132068
1790938045.583135,1790938045.664193,0.145884,4.539451,1.100409,0.006987,-0.029670,0.708605,0.704947,-1.848,-2.965,90.344,0.486241,-0.062745,-0.009039,-0.019415,-0.108849,0.193855
1790938045.616469,1790938045.702989,0.147917,4.555187,1.100659,0.006835,-0.030287,0.710940,0.702567,-1.920,-2.997,90.729,0.472902,-0.056253,-0.032166,-0.024739,0.086099,0.183204
1790938045.649802,1790938045.738457,0.149706,4.564799,1.099969,0.004796,-0.028930,0.712661,0.700896,-1.980,-2.716,91.001,0.461155,-0.055406,-0.037752,-0.017280,0.223515,0.092656
1790938045.683136,1790938045.766482,0.150969,4.580011,1.099684,0.001859,-0.026287,0.713131,0.700535,-2.001,-2.263,91.061,0.459255,-0.055194,-0.019585,-0.011955,0.219253,-0.008545
1790938045.716469,1790938045.793139,0.152489,4.595160,1.100085,0.000107,-0.024816,0.712750,0.700979,-2.020,-2.002,90.989,0.459543,-0.051860,0.006183,-0.006629,0.017911,-0.052221
1790938045.749802,1790938045.821183,0.153919,4.610299,1.100958,0.000885,-0.025370,0.712057,0.701662,-2.001,-2.113,90.879,0.460619,-0.044557,0.006251,0.026393,-0.105662,-0.059679
1790938045.783134,1790938045.847873,0.155139,4.625518,1.101301,0.001965,-0.026217,0.711368,0.702328,-1.981,-2.271,90.772,0.462966,-0.034143,-0.025218,-0.031130,-0.025765,-0.051156
1790938045.816467,1790938045.887159,0.156096,4.640794,1.100593,0.001060,-0.026576,0.710830,0.702861,-2.081,-2.227,90.686,0.466031,-0.026073,-0.053471,-0.064153,0.058391,-0.041569
1790938045.849800,1790938045.920618,0.156914,4.656075,1.099245,-0.000125,-0.026771,0.710272,0.703418,-2.191,-2.148,90.597,0.470466,-0.022306,-0.062573,-0.042847,0.008322,-0.058612
1790938045.883133,1790938045.954258,0.157682,4.671469,1.097739,-0.000385,-0.027498,0.709629,0.704038,-2.269,-2.188,90.497,0.476623,-0.017806,-0.065532,-0.042846,-0.028963,-0.038371
1790938045.916472,1790938045.987561,0.158424,4.687176,1.096369,-0.000553,-0.028361,0.709326,0.704309,-2.352,-2.245,90.453,0.488944,-0.013526,-0.063930,-0.037516,-0.021508,-0.017064
1790938045.949818,1790938046.020785,0.159024,4.703207,1.095029,-0.000425,-0.029160,0.709035,0.704570,-2.406,-2.320,90.411,0.498377,-0.009875,-0.057614,-0.024730,-0.053467,-0.036240
1790938045.983164,1790938046.054889,0.159442,4.719066,1.093959,-0.000055,-0.030104,0.708529,0.705039,-2.452,-2.428,90.335,0.503414,-0.005536,-0.051154,-0.032185,-0.040684,-0.049022
1790938046.016511,1790938046.092564,0.159383,4.735947,1.093086,-0.000503,-0.031071,0.707812,0.705717,-2.564,-2.473,90.225,0.506574,-0.002102,-0.039898,-0.080124,0.002991,-0.074590
1790938046.049857,1790938046.125290,0.159297,4.752792,1.092612,-0.001833,-0.031597,0.706835,0.706670,-2.711,-2.411,90.070,0.509680,0.001445,-0.026326,-0.068407,0.076495,-0.086309
1790938046.083204,1790938046.174555,0.159433,4.769538,1.092648,-0.003937,-0.031308,0.705741,0.707767,-2.855,-2.221,89.891,0.513587,0.002863,-0.010397,-0.104625,0.123369,-0.091636
1790938046.116550,1790938046.212119,0.159862,4.780438,1.092637,-0.006320,-0.032002,0.704604,0.708850,-3.101,-2.090,89.712,0.513722,0.005958,0.014321,-0.135516,-0.002345,-0.087365
1790938046.149896,1790938046.243013,0.159556,4.796934,1.094228,-0.006699,-0.034320,0.703610,0.709726,-3.316,-2.252,89.569,0.517600,0.010134,0.030563,-0.075857,-0.137636,-0.071386
1790938046.183243,1790938046.272627,0.159440,4.814279,1.095854,-0.005746,-0.036163,0.702633,0.710610,-3.385,-2.483,89.427,0.522639,0.008316,0.025043,-0.011939,-0.070523,-0.101214
1790938046.216589,1790938046.300272,0.159258,4.831741,1.097236,-0.005741,-0.036539,0.701342,0.711865,-3.410,-2.520,89.222,0.524961,0.011284,0.016236,-0.017266,0.037072,-0.112933
1790938046.249935,1790938046.331063,0.159036,4.849041,1.098625,-0.006212,-0.036184,0.699895,0.713301,-3.415,-2.460,88.986,0.528178,0.015153,0.025520,-0.017265,0.014699,-0.123587
1790938046.283281,1790938046.358651,0.158428,4.866691,1.100398,-0.006142,-0.036769,0.698760,0.714385,-3.452,-2.519,88.809,0.528436,0.030079,0.034258,-0.011939,-0.064130,-0.051148
1790938046.316628,1790938046.386699,0.157594,4.884497,1.102287,-0.004677,-0.037578,0.698460,0.714646,-3.396,-2.704,88.768,0.529593,0.040704,0.033801,0.070087,-0.134441,-0.026645
1790938046.349974,1790938046.425006,0.156638,4.902238,1.103968,-0.001886,-0.038661,0.698162,0.714893,-3.254,-3.018,88.729,0.528551,0.046813,0.015770,0.043456,-0.188771,-0.029841
1790938046.383321,1790938046.460892,0.156570,4.912369,1.104190,0.000376,-0.040913,0.698009,0.714919,-3.249,-3.384,88.725,0.513126,0.052057,-0.016103,-0.033236,-0.174931,-0.007463
1790938046.416667,1790938046.491441,0.155142,4.929904,1.104154,0.001259,-0.043310,0.697674,0.715103,-3.368,-3.652,88.694,0.501724,0.047464,-0.046064,-0.058804,-0.077987,-0.053272
1790938046.450014,1790938046.522101,0.154213,4.946341,1.103205,0.000898,-0.044043,0.696898,0.715816,-3.453,-3.687,88.577,0.487792,0.039437,-0.066132,-0.035368,0.064759,-0.066055
1790938046.483361,1790938046.552057,0.153575,4.962191,1.101752,-0.000689,-0.042524,0.696245,0.716543,-3.458,-3.439,88.458,0.475072,0.030133,-0.070462,0.034939,0.202182,-0.047945
1790938046.516707,1790938046.581686,0.153182,4.977693,1.100367,-0.002681,-0.038788,0.695594,0.717382,-3.318,-2.976,88.319,0.467382,0.021444,-0.050909,0.079681,0.265034,-0.068186
1790938046.550054,1790938046.610400,0.152831,4.992897,1.099689,-0.004100,-0.034753,0.694857,0.718296,-3.109,-2.535,88.168,0.463427,0.022094,-0.019290,0.138271,0.172353,-0.058597
1790938046.583401,1790938046.639243,0.152412,5.007948,1.099774,-0.003604,-0.031991,0.694384,0.718884,-2.846,-2.349,88.072,0.463501,0.025626,-0.001519,0.112703,0.012557,-0.034096
1790938046.616747,1790938046.671636,0.152143,5.023232,1.100028,-0.002328,-0.031546,0.694019,0.719262,-2.704,-2.416,88.011,0.466159,0.028851,-0.013494,0.025349,-0.057750,-0.033031
1790938046.650094,1790938046.702706,0.151911,5.038508,1.099537,-0.002017,-0.031723,0.693793,0.719473,-2.692,-2.456,87.976,0.469650,0.032076,-0.046440,-0.014064,0.040255,0.012775
1790938046.683440,1790938046.748779,0.151561,5.053835,1.098083,-0.003162,-0.030604,0.694436,0.718897,-2.699,-2.270,88.070,0.475897,0.033804,-0.070682,0.025351,0.131870,0.092673
1790938046.716786,1790938046.777434,0.151425,5.069504,1.096283,-0.003484,-0.028299,0.695403,0.718054,-2.544,-2.051,88.209,0.491320,0.021706,-0.069696,0.118032,0.062624,0.037278
1790938046.750133,1790938046.819676,0.151398,5.085558,1.094483,-0.002338,-0.026510,0.695576,0.717960,-2.307,-1.995,88.226,0.510139,0.012406,-0.061505,0.113771,-0.011946,-0.007463
1790938046.783480,1790938046.858857,0.152349,5.093762,1.091375,-0.000910,-0.026001,0.695489,0.718066,-2.149,-2.067,88.209,0.523865,0.004156,-0.050676,0.044526,-0.072680,-0.021301
1790938046.816827,1790938046.887039,0.153009,5.111545,1.090678,0.000663,-0.026530,0.694837,0.718677,-2.060,-2.238,88.108,0.539895,-0.011685,-0.033434,0.030676,-0.098247,-0.082023
1790938046.850173,1790938046.912172,0.154285,5.129176,1.090399,0.001892,-0.027437,0.694056,0.719395,-2.028,-2.413,87.989,0.537971,-0.017168,-0.019817,-0.021521,-0.066289,-0.014908
1790938046.883520,1790938046.947541,0.155796,5.146571,1.090552,0.001809,-0.027548,0.694585,0.718881,-2.046,-2.414,88.074,0.526639,-0.021140,-0.011465,0.026416,0.084981,0.100143
1790938046.916864,1790938046.977912,0.157372,5.163987,1.091062,0.000495,-0.025166,0.696133,0.717471,-1.969,-2.109,88.307,0.521893,-0.026926,0.002252,0.026416,0.207491,0.156603
1790938046.950205,1790938047.016095,0.159002,5.181357,1.092254,-0.001593,-0.023014,0.698313,0.715421,-1.974,-1.760,88.644,0.524266,-0.029980,0.032954,-0.012996,0.094569,0.209869
1790938046.983545,1790938047.048535,0.160674,5.198982,1.094458,-0.001236,-0.023108,0.700809,0.712974,-1.958,-1.789,89.045,0.531181,-0.038119,0.060352,0.034940,-0.148318,0.192825
1790938047.016885,1790938047.081113,0.162471,5.216550,1.096918,0.001280,-0.025337,0.702888,0.710848,-1.938,-2.168,89.392,0.534354,-0.041214,0.046600,-0.022583,-0.207974,0.168323
1790938047.050225,1790938047.121001,0.164256,5.234306,1.098634,0.002340,-0.027703,0.704885,0.708777,-2.050,-2.440,89.728,0.532867,-0.043413,0.013476,-0.081173,-0.065226,0.160867
1790938047.083565,1790938047.159421,0.167337,5.256246,1.098467,0.001740,-0.028157,0.706162,0.707488,-2.140,-2.424,89.938,0.534573,-0.056717,-0.006564,0.012565,0.040245,0.035165
1790938047.116904,1790938047.193612,0.169945,5.258059,1.098237,0.001885,-0.026726,0.705739,0.707965,-2.011,-2.321,89.860,0.525805,-0.070865,-0.004811,0.044535,0.063661,-0.111836
1790938047.150245,1790938047.226746,0.172374,5.273665,1.098767,0.001759,-0.025822,0.704300,0.709431,-1.943,-2.242,89.622,0.522267,-0.066551,0.002750,-0.001271,0.012525,-0.118227
1790938047.183585,1790938047.260262,0.174759,5.290198,1.099369,0.001896,-0.025872,0.703072,0.710645,-1.932,-2.260,89.424,0.516556,-0.058214,-0.000567,0.014707,-0.035412,-0.096921
1790938047.216926,1790938047.294515,0.176775,5.306738,1.099673,0.003076,-0.026269,0.702099,0.711588,-1.865,-2.390,89.270,0.508596,-0.045862,-0.013175,0.018969,-0.098265,-0.058570
1790938047.250266,1790938047.327434,0.178225,5.323056,1.099352,0.004479,-0.027258,0.702058,0.711584,-1.830,-2.584,89.269,0.496357,-0.021559,-0.035194,-0.003400,-0.086548,0.090568
1790938047.283606,1790938047.367003,0.179126,5.338680,1.098596,0.004531,-0.027768,0.704090,0.709553,-1.874,-2.624,89.600,0.485655,0.000662,-0.056063,-0.026834,0.054069,0.243972
1790938047.316947,1790938047.400234,0.179266,5.354270,1.097377,0.002830,-0.026885,0.707007,0.706689,-1.951,-2.407,90.067,0.482079,0.009788,-0.056965,-0.037486,0.146748,0.224796
1790938047.350287,1790938047.435269,0.178931,5.369642,1.096382,0.000112,-0.025697,0.709340,0.704398,-2.082,-2.084,90.438,0.480630,0.015397,-0.042905,-0.075835,0.173379,0.159813
1790938047.383628,1790938047.474819,0.178197,5.385512,1.095901,-0.002660,-0.024810,0.710635,0.703118,-2.236,-1.783,90.644,0.484669,0.016841,-0.019932,-0.063053,0.115852,0.069264
1790938047.416968,1790938047.516536,0.178550,5.386812,1.093416,-0.003769,-0.023984,0.711204,0.702567,-2.260,-1.624,90.732,0.479931,0.020780,-0.007349,0.005125,0.024221,0.043702
1790938047.450309,1790938047.550365,0.177869,5.402705,1.094120,-0.003663,-0.023714,0.711648,0.702127,-2.230,-1.609,90.803,0.488479,0.026488,-0.015125,-0.008719,0.013570,0.021330
1790938047.483649,1790938047.581433,0.176629,5.418986,1.093542,-0.004556,-0.023896,0.711572,0.702192,-2.317,-1.551,90.792,0.499943,0.033355,-0.033652,-0.085422,0.041266,-0.038323
1790938047.516990,1790938047.615311,0.175278,5.434961,1.092328,-0.006131,-0.024556,0.710703,0.703036,-2.495,-1.479,90.654,0.512643,0.039075,-0.047275,-0.107791,0.031678,-0.092654
1790938047.550331,1790938047.646147,0.173744,5.451676,1.090745,-0.007615,-0.025484,0.709781,0.703920,-2.689,-1.436,90.509,0.526061,0.046023,-0.053670,-0.105662,0.008241,-0.040454
1790938047.583670,1790938047.671727,0.172163,5.468853,1.089256,-0.008898,-0.027519,0.709788,0.703821,-2.958,-1.496,90.522,0.542310,0.048414,-0.045701,-0.184493,-0.101484,0.044767
1790938047.617011,1790938047.697793,0.170703,5.486427,1.088276,-0.008702,-0.032239,0.710193,0.703215,-3.329,-1.890,90.621,0.552218,0.040596,-0.026342,-0.196210,-0.318806,0.016003
1790938047.650352,1790938047.722372,0.169351,5.504205,1.087766,-0.006643,-0.037867,0.709882,0.703270,-3.622,-2.512,90.616,0.541091,0.032965,-0.024214,-0.091812,-0.266608,-0.060694
1790938047.683692,1790938047.758528,0.167985,5.522156,1.087409,-0.006094,-0.039599,0.709119,0.703950,-3.716,-2.700,90.507,0.527406,0.033892,-0.036436,-0.007655,0.112637,-0.059628
1790938047.717033,1790938047.788281,0.167001,5.530409,1.083878,-0.008684,-0.035505,0.708493,0.704771,-3.589,-2.163,90.370,0.517929,0.038177,-0.022959,0.085022,0.344863,-0.045776
1790938047.750374,1790938047.815791,0.165484,5.547767,1.084543,-0.010515,-0.030892,0.707805,0.705654,-3.359,-1.645,90.223,0.520080,0.043624,0.024373,0.094609,0.131804,-0.097975
1790938047.783715,1790938047.840500,0.163731,5.564613,1.086011,-0.009674,-0.030788,0.705978,0.707498,-3.278,-1.714,89.926,0.517031,0.046675,0.056670,-0.015116,-0.188851,-0.215158
1790938047.817055,1790938047.884690,0.161998,5.581371,1.087887,-0.007048,-0.033639,0.703322,0.710040,-3.289,-2.170,89.518,0.506613,0.053040,0.046308,0.000862,-0.203765,-0.218354
1790938047.850396,1790938047.919642,0.160573,5.598164,1.089362,-0.004998,-0.034973,0.700948,0.712337,-3.222,-2.454,89.146,0.498578,0.054397,0.023814,0.034951,-0.071668,-0.181068
1790938047.883737,1790938047.956967,0.159168,5.615106,1.090476,-0.003890,-0.035073,0.699297,0.713960,-3.133,-2.559,88.881,0.495684,0.059681,0.017103,0.056257,-0.047165,-0.086256
1790938047.917076,1790938047.995813,0.158203,5.622631,1.088968,-0.002058,-0.034303,0.698977,0.714318,-2.920,-2.644,88.824,0.491216,0.065215,0.019606,0.104194,-0.087656,0.007493
1790938047.950409,1790938048.025629,0.156330,5.639365,1.090269,0.000384,-0.034514,0.699279,0.714015,-2.739,-2.856,88.874,0.486213,0.068028,0.015280,0.073302,-0.141984,0.029864
1790938047.983743,1790938048.054096,0.154419,5.655465,1.091085,0.002845,-0.035595,0.699399,0.713839,-2.625,-3.141,88.901,0.473736,0.064797,-0.005871,0.030689,-0.135593,-0.018071
1790938048.017075,1790938048.091469,0.152713,5.670702,1.091164,0.003487,-0.036347,0.698940,0.714248,-2.631,-3.256,88.834,0.457661,0.057225,-0.030064,-0.051338,0.030592,-0.053227
1790938048.050409,1790938048.128518,0.151365,5.685393,1.090754,0.001758,-0.035995,0.698371,0.714828,-2.742,-3.091,88.740,0.445063,0.047386,-0.032273,-0.051338,0.143512,-0.038312
1790938048.083742,1790938048.155046,0.150465,5.699586,1.090532,-0.000101,-0.034413,0.697757,0.715507,-2.764,-2.815,88.629,0.436085,0.028330,-0.010572,0.033885,0.115813,-0.085187
1790938048.117075,1790938048.190979,0.150133,5.713315,1.091019,0.000257,-0.032990,0.696183,0.717106,-2.615,-2.732,88.366,0.431616,0.009866,0.014499,0.088214,-0.023739,-0.195976
1790938048.150408,1790938048.219595,0.150231,5.727489,1.092060,0.001857,-0.032485,0.693656,0.719571,-2.433,-2.827,87.959,0.429168,0.003760,0.019500,0.062646,-0.034393,-0.207695
1790938048.183741,1790938048.257818,0.150572,5.741472,1.093065,0.002548,-0.032066,0.691660,0.721507,-2.334,-2.854,87.638,0.428355,0.009136,0.009453,0.013642,0.009282,-0.113949
1790938048.217074,1790938048.297646,0.150973,5.744856,1.090482,0.002689,-0.031323,0.691017,0.722154,-2.261,-2.806,87.531,0.422438,0.015017,-0.005852,-0.008731,-0.021618,0.005372
1790938048.250407,1790938048.325610,0.150850,5.761936,1.091072,0.002808,-0.032168,0.691504,0.721651,-2.320,-2.884,87.614,0.425047,0.019000,-0.026812,-0.056671,-0.050380,0.079940
1790938048.283740,1790938048.364052,0.151112,5.775999,1.090470,0.002276,-0.033111,0.692700,0.720462,-2.444,-2.916,87.811,0.425901,0.019347,-0.052048,-0.054538,0.024188,0.118290
1790938048.317073,1790938048.393992,0.151365,5.790053,1.089165,0.001129,-0.032629,0.693802,0.719425,-2.505,-2.781,87.983,0.431831,0.010566,-0.067302,-0.006599,0.107281,0.053306
1790938048.350405,1790938048.423049,0.151701,5.803971,1.087489,-0.000048,-0.031406,0.694478,0.718828,-2.507,-2.584,88.082,0.439277,0.009592,-0.069040,-0.000207,0.073190,0.085266
1790938048.383738,1790938048.447174,0.151880,5.818166,1.085773,-0.000517,-0.030821,0.695937,0.717441,-2.504,-2.493,88.311,0.449400,0.008286,-0.064375,0.030684,-0.000315,0.138532
1790938048.417071,1790938048.478580,0.152469,5.833183,1.084394,0.001135,-0.030230,0.697219,0.716219,-2.325,-2.573,88.512,0.466815,-0.007291,-0.052957,0.170238,-0.096190,0.034134
1790938048.450402,1790938048.509165,0.153285,5.849535,1.083524,0.004387,-0.029527,0.696850,0.716595,-2.000,-2.776,88.448,0.480373,-0.025826,-0.043776,0.134017,-0.094060,-0.110745
1790938048.483735,1790938048.536641,0.154641,5.864766,1.082778,0.006197,-0.029004,0.695511,0.717903,-1.804,-2.881,88.230,0.479904,-0.029531,-0.036497,0.071163,-0.000315,-0.090504
1790938048.517067,1790938048.572219,0.156490,5.880116,1.082562,0.006512,-0.027322,0.695402,0.718072,-1.643,-2.768,88.202,0.478043,-0.026392,-0.022857,0.107384,0.123258,0.067158
1790938048.550400,1790938048.604783,0.158420,5.895553,1.082934,0.006002,-0.024163,0.696662,0.716968,-1.437,-2.465,88.385,0.483383,-0.030965,-0.000651,0.108452,0.171194,0.117229
1790938048.583732,1790938048.644269,0.160111,5.911014,1.083901,0.005422,-0.021840,0.698060,0.715686,-1.303,-2.225,88.597,0.493634,-0.038391,0.027028,0.027490,0.055076,0.106576
1790938048.617064,1790938048.685305,0.163366,5.919080,1.082462,0.006138,-0.021211,0.699317,0.714471,-1.198,-2.229,88.795,0.494263,-0.046255,0.044101,0.007248,-0.126028,0.094866
1790938048.650397,1790938048.717148,0.165263,5.936970,1.084695,0.008599,-0.022784,0.700135,0.713595,-1.126,-2.554,88.934,0.495765,-0.053048,0.036303,0.055185,-0.201663,0.038404
1790938048.683728,1790938048.740728,0.167449,5.953428,1.086159,0.011423,-0.023901,0.700348,0.713310,-0.986,-2.872,88.974,0.490220,-0.054840,-0.000247,0.076492,-0.108982,0.003250
1790938048.717061,1790938048.759456,0.169689,5.969200,1.086594,0.012563,-0.023892,0.700555,0.713088,-0.893,-2.962,89.007,0.479281,-0.047506,-0.030706,0.020032,0.005003,0.044797
1790938048.750393,1790938048.790176,0.171872,5.984127,1.086480,0.011932,-0.023745,0.701202,0.712467,-0.935,-2.899,89.111,0.470088,-0.043436,-0.040050,-0.061991,0.067854,0.061842
1790938048.783725,1790938048.830813,0.173881,5.998756,1.086044,0.010031,-0.023850,0.702039,0.711669,-1.102,-2.753,89.246,0.465008,-0.042367,-0.035258,-0.081165,0.068918,0.091671
1790938048.817057,1790938048.873724,0.175867,6.013397,1.085778,0.008806,-0.024341,0.703478,0.710246,-1.247,-2.692,89.481,0.460282,-0.044415,-0.021308,-0.050269,-0.037611,0.153458
1790938048.850389,1790938048.918329,0.177826,6.027703,1.085682,0.009771,-0.025817,0.705422,0.708250,-1.296,-2.886,89.803,0.450564,-0.046315,-0.020724,-0.004461,-0.163317,0.189680
1790938048.883720,1790938048.960095,0.180466,6.039936,1.085006,0.011085,-0.027779,0.707902,0.705677,-1.359,-3.147,90.218,0.436745,-0.043811,-0.041392,-0.022576,-0.098329,0.230168
1790938048.917052,1790938048.984226,0.183264,6.045334,1.082555,0.011202,-0.027731,0.710399,0.703163,-1.357,-3.148,90.624,0.420746,-0.045548,-0.061795,-0.031092,0.084884,0.177979
1790938048.950387,1790938049.006059,0.184708,6.059787,1.081313,0.009254,-0.026505,0.712052,0.701565,-1.421,-2.887,90.886,0.414288,-0.045382,-0.063010,-0.021504,0.181826,0.087428
1790938048.983721,1790938049.052070,0.185960,6.073052,1.080233,0.006617,-0.024495,0.712406,0.701309,-1.469,-2.510,90.932,0.411809,-0.044133,-0.043159,-0.025767,0.199935,-0.026556
1790938049.017056,1790938049.083443,0.188960,6.077980,1.078506,0.004613,-0.022338,0.711916,0.701894,-1.453,-2.174,90.840,0.407404,-0.037442,-0.016200,-0.006592,0.118965,-0.052107
1790938049.050390,1790938049.107901,0.189856,6.091298,1.078647,0.003807,-0.021572,0.711480,0.702365,-1.453,-2.047,90.765,0.409549,-0.027412,-0.001242,-0.009787,0.007108,-0.015892
1790938049.083725,1790938049.138186,0.190542,6.104386,1.078907,0.004213,-0.021843,0.711315,0.702521,-1.442,-2.102,90.739,0.417421,-0.018820,-0.010443,0.009386,-0.046155,-0.013761
1790938049.117059,1790938049.157656,0.190879,6.117975,1.078513,0.004616,-0.021845,0.711227,0.702608,-1.410,-2.135,90.725,0.427119,-0.007496,-0.044921,0.039215,0.030545,-0.005238
1790938049.150394,1790938049.189663,0.190793,6.131977,1.076910,0.004109,-0.020619,0.711154,0.702722,-1.350,-1.996,90.707,0.438536,0.002542,-0.085940,-0.002330,0.120029,-0.004173
1790938049.183728,1790938049.245058,0.190394,6.146424,1.074145,0.002284,-0.019342,0.711065,0.702857,-1.393,-1.744,90.686,0.451441,0.009792,-0.103913,-0.056661,0.118961,-0.004174
1790938049.217062,1790938049.283934,0.189817,6.161367,1.071062,0.000975,-0.019470,0.710975,0.702947,-1.508,-1.648,90.672,0.468958,0.014575,-0.092808,-0.064117,-0.054680,-0.005238
1790938049.250397,1790938049.321960,0.189677,6.199452,1.068123,0.001752,-0.021411,0.711019,0.702845,-1.604,-1.867,90.689,0.496972,0.019715,-0.080479,-0.064126,-0.197407,0.004346
1790938049.283731,1790938049.353553,0.188905,6.185594,1.065268,0.003591,-0.024429,0.710807,0.702953,-1.702,-2.261,90.670,0.486208,0.017696,-0.075346,-0.046011,-0.162283,-0.039323
1790938049.317065,1790938049.376639,0.188148,6.201517,1.063390,0.003728,-0.026086,0.710239,0.703467,-1.824,-2.407,90.587,0.479937,0.018487,-0.076442,-0.070512,0.066753,-0.045715
1790938049.350398,1790938049.396081,0.187445,6.217674,1.061935,0.000806,-0.024404,0.709787,0.703993,-1.921,-2.035,90.504,0.474437,0.019365,-0.059435,-0.022575,0.327750,-0.046779
1790938049.383732,1790938049.422684,0.186660,6.233427,1.061283,-0.003400,-0.020387,0.708772,0.705135,-1.931,-1.371,90.318,0.473466,0.013703,-0.010240,0.037079,0.302182,-0.144786
1790938049.417066,1790938049.458716,0.185775,6.248535,1.061896,-0.005129,-0.017553,0.706689,0.707288,-1.838,-1.007,89.968,0.473757,0.016009,0.041577,0.028555,0.047575,-0.202312
1790938049.450400,1790938049.497669,0.184767,6.263585,1.063454,-0.004541,-0.018038,0.704176,0.709781,-1.826,-1.101,89.563,0.476003,0.023335,0.061648,-0.017253,-0.128198,-0.214031
1790938049.483734,1790938049.543001,0.183838,6.279130,1.065370,-0.002464,-0.019771,0.701684,0.712210,-1.792,-1.416,89.169,0.478807,0.030201,0.052279,0.036010,-0.184657,-0.209769
1790938049.517068,1790938049.586376,0.182495,6.289118,1.065550,0.000241,-0.021093,0.699367,0.714451,-1.672,-1.746,88.803,0.477490,0.040434,0.028997,0.026412,-0.167619,-0.171413
1790938049.550402,1790938049.622628,0.181403,6.305600,1.066626,0.001996,-0.022648,0.698081,0.715658,-1.649,-2.017,88.604,0.479338,0.057756,0.006317,-0.032175,-0.099441,-0.021208
1790938049.583735,1790938049.663529,0.179845,6.322004,1.067119,0.001882,-0.024105,0.698737,0.714970,-1.777,-2.126,88.717,0.480953,0.071631,-0.008103,-0.091830,-0.012085,0.134325
1790938049.617069,1790938049.700552,0.178431,6.328829,1.067725,0.000895,-0.025187,0.700439,0.713267,-1.950,-2.131,88.996,0.476523,0.068703,-0.009327,-0.057739,0.009212,0.116225
1790938049.650403,1790938049.737939,0.176092,6.349892,1.066782,0.000755,-0.025457,0.701174,0.712535,-1.986,-2.140,89.116,0.476233,0.060168,-0.005053,-0.007676,-0.082402,0.012886
1790938049.683736,1790938049.773810,0.174199,6.365262,1.067051,0.002475,-0.027388,0.700732,0.712895,-1.999,-2.437,89.057,0.466636,0.052204,-0.006336,-0.033243,-0.235805,-0.093642
1790938049.717070,1790938049.807372,0.172549,6.380248,1.067114,0.004856,-0.030718,0.699072,0.714374,-2.066,-2.905,88.812,0.451013,0.043853,-0.024845,-0.027920,-0.198519,-0.189519
1790938049.750403,1790938049.848024,0.171399,6.394754,1.066763,0.006283,-0.032221,0.696225,0.717073,-2.058,-3.150,88.366,0.433357,0.030541,-0.041571,0.008297,-0.027006,-0.286461
1790938049.783736,1790938049.888452,0.170860,6.403833,1.065688,0.006463,-0.031217,0.692552,0.720664,-1.947,-3.092,87.773,0.414138,0.020859,-0.040204,0.080729,0.108280,-0.323741
1790938049.817069,1790938049.924796,0.171106,6.417439,1.065387,0.006160,-0.028162,0.688896,0.724286,-1.714,-2.825,87.173,0.401150,0.018499,-0.024071,0.132930,0.192437,-0.271542
1790938049.850402,1790938049.962887,0.171169,6.430783,1.065591,0.005537,-0.024346,0.686519,0.726683,-1.456,-2.464,86.775,0.392922,0.026409,0.001474,0.105234,0.172197,-0.118138
1790938049.883736,1790938050.004528,0.170849,6.438122,1.066640,0.005512,-0.022813,0.685809,0.727403,-1.335,-2.335,86.656,0.388354,0.033743,0.028209,0.008287,-0.067499,-0.006276
1790938049.917070,1790938050.040779,0.170603,6.451349,1.067894,0.006836,-0.024810,0.686207,0.726951,-1.383,-2.605,86.728,0.389920,0.039410,0.025960,-0.062018,-0.210249,0.089597
1790938049.950404,1790938050.074841,0.170052,6.464692,1.068696,0.007751,-0.028228,0.687800,0.725310,-1.583,-2.958,87.000,0.391131,0.044514,-0.009570,-0.140849,-0.146331,0.198256
1790938049.983739,1790938050.103367,0.169431,6.478049,1.068308,0.006715,-0.030825,0.690660,0.722491,-1.887,-3.085,87.470,0.393166,0.044598,-0.053437,-0.128063,0.013463,0.277087
1790938050.017073,1790938050.131655,0.168798,6.491448,1.066916,0.004889,-0.031479,0.693909,0.719358,-2.103,-2.985,87.992,0.401619,0.035243,-0.075460,-0.054558,0.062466,0.247259
1790938050.050408,1790938050.155700,0.168310,6.505314,1.065146,0.004212,-0.031412,0.696448,0.716907,-2.164,-2.918,88.396,0.415954,0.021622,-0.070549,0.015750,-0.034475,0.171622
1790938050.083742,1790938050.191563,0.168121,6.519637,1.063592,0.006051,-0.031832,0.697886,0.715475,-2.053,-3.095,88.629,0.429132,0.007423,-0.059191,0.126539,-0.155919,0.043790
1790938050.117076,1790938050.224944,0.167950,6.532533,1.062083,0.009480,-0.032182,0.697745,0.715560,-1.799,-3.399,88.609,0.435550,-0.006390,-0.053167,0.120143,-0.164442,-0.082974
1790938050.150411,1790938050.259725,0.168639,6.546997,1.061219,0.012307,-0.032485,0.696656,0.716564,-1.586,-3.652,88.436,0.426708,-0.010114,-0.052018,0.087117,-0.060043,-0.075516
1790938050.183745,1790938050.295335,0.169504,6.561125,1.060456,0.012405,-0.030557,0.696725,0.716579,-1.424,-3.502,88.434,0.414838,-0.002441,-0.053937,0.105230,0.290438,0.115170
1790938050.217079,1790938050.323241,0.170165,6.575002,1.060237,0.009195,-0.024477,0.699301,0.714349,-1.210,-2.742,88.809,0.417129,0.002922,-0.016771,0.133995,0.459819,0.299466
1790938050.250412,1790938050.358975,0.170615,6.589054,1.061370,0.006726,-0.019054,0.703166,0.710739,-0.988,-2.094,89.404,0.425507,0.000744,0.053731,0.110561,0.125317,0.319706
1790938050.283746,1790938050.398377,0.170741,6.603184,1.064067,0.008717,-0.019026,0.706905,0.706999,-0.836,-2.248,90.009,0.434317,0.000112,0.092193,0.023207,-0.292279,0.322902
1790938050.317080,1790938050.436378,0.170771,6.616299,1.066938,0.012232,-0.023122,0.710692,0.703017,-0.899,-2.860,90.645,0.433725,-0.003083,0.066140,-0.060949,-0.331696,0.309059
1790938050.350414,1790938050.473882,0.170723,6.630883,1.069191,0.014151,-0.026982,0.713526,0.699966,-1.073,-3.323,91.130,0.429418,-0.021580,0.005733,-0.083321,-0.117571,0.169505
1790938050.383748,1790938050.514965,0.170877,6.641892,1.068577,0.012825,-0.027680,0.714654,0.698813,-1.242,-3.269,91.320,0.419533,-0.042108,-0.041463,-0.085454,0.146617,0.034213
1790938050.417082,1790938050.549984,0.172093,6.658385,1.067899,0.009647,-0.026523,0.714798,0.698761,-1.402,-2.915,91.336,0.416181,-0.054729,-0.048323,-0.056692,0.192428,-0.009461
1790938050.450416,1790938050.582145,0.173721,6.672368,1.067333,0.007893,-0.024791,0.714372,0.699282,-1.399,-2.634,91.255,0.410752,-0.065035,-0.026251,0.056228,0.083768,-0.066986
1790938050.483750,1790938050.610668,0.175603,6.685999,1.067348,0.008089,-0.023524,0.713827,0.699880,-1.277,-2.549,91.159,0.399525,-0.060528,-0.009304,0.047705,0.020915,0.005453
1790938050.517083,1790938050.634261,0.177283,6.699081,1.067697,0.008096,-0.023020,0.714523,0.699186,-1.237,-2.508,91.270,0.383783,-0.047876,-0.007907,-0.004492,0.008132,0.114112
1790938050.550417,1790938050.666348,0.178275,6.711559,1.068028,0.008115,-0.023480,0.716098,0.697558,-1.279,-2.544,91.531,0.369135,-0.041148,-0.010962,-0.037517,-0.063241,0.140744
1790938050.583750,1790938050.694637,0.179310,6.723835,1.068100,0.008438,-0.025554,0.717644,0.695890,-1.430,-2.733,91.797,0.355998,-0.038142,-0.019019,-0.092911,-0.149530,0.121568
1790938050.617084,1790938050.736259,0.179678,6.734435,1.067627,0.009507,-0.028164,0.718715,0.694669,-1.565,-3.026,91.991,0.347651,-0.037724,-0.031663,-0.028995,-0.160184,0.055517
1790938050.650417,1790938050.755041,0.180559,6.747251,1.066934,0.010948,-0.029459,0.719111,0.694184,-1.559,-3.247,92.065,0.343454,-0.035334,-0.051351,0.023202,-0.050456,0.024623
1790938050.683750,1790938050.772987,0.181171,6.758952,1.065756,0.010809,-0.028795,0.719653,0.693652,-1.518,-3.182,92.150,0.334083,-0.025637,-0.067204,0.040247,0.128514,0.075758
1790938050.717083,1790938050.788040,0.181539,6.770262,1.064377,0.009553,-0.026005,0.720784,0.692606,-1.392,-2.854,92.319,0.325484,-0.018153,-0.061352,0.090315,0.212672,0.110912
1790938050.750417,1790938050.804652,0.181425,6.781149,1.063226,0.007773,-0.022762,0.722243,0.691221,-1.269,-2.447,92.542,0.320742,-0.011318,-0.040232,0.043442,0.190301,0.133283
1790938050.783750,1790938050.824749,0.181121,6.791711,1.062692,0.006188,-0.020806,0.723918,0.689545,-1.238,-2.158,92.809,0.315885,-0.006106,-0.019091,0.002962,0.086967,0.146067
1790938050.817083,1790938050.875264,0.180602,6.802026,1.062577,0.005724,-0.020292,0.725281,0.688130,-1.236,-2.076,93.034,0.315101,-0.006854,-0.010353,0.008285,-0.017430,0.075757
1790938050.850416,1790938050.908487,0.180051,6.811616,1.063239,0.006325,-0.021142,0.725485,0.687884,-1.260,-2.193,93.072,0.315938,-0.009026,-0.020787,-0.026871,-0.054717,-0.033969
1790938050.883749,1790938050.935124,0.179626,6.822438,1.062746,0.006369,-0.022324,0.724538,0.688843,-1.352,-2.292,92.920,0.322633,-0.009051,-0.037494,-0.078007,-0.051521,-0.134108
1790938050.917083,1790938050.955742,0.179139,6.833267,1.061792,0.006007,-0.024456,0.722666,0.690739,-1.551,-2.434,92.621,0.331953,-0.008157,-0.049123,-0.136600,-0.103720,-0.171395
1790938050.950425,1790938050.988461,0.178770,6.844227,1.060567,0.006366,-0.027955,0.720633,0.692724,-1.806,-2.746,92.306,0.336985,-0.006479,-0.054940,-0.142995,-0.218773,-0.171395
1790938050.983766,1790938051.052279,0.178597,6.855375,1.059141,0.007570,-0.031996,0.718286,0.694971,-2.034,-3.173,91.947,0.328789,-0.011533,-0.065108,-0.085469,-0.161247,-0.244901
1790938051.017107,1790938051.088591,0.178628,6.866663,1.057565,0.008000,-0.032995,0.714889,0.698413,-2.067,-3.298,91.395,0.318313,-0.015124,-0.077576,0.018928,0.122120,-0.326929
1790938051.050449,1790938051.126956,0.177834,6.875571,1.057085,0.005527,-0.029528,0.711190,0.702358,-1.964,-2.828,90.764,0.306663,-0.008089,-0.066120,0.029569,0.454491,-0.304554
1790938051.083790,1790938051.155031,0.178174,6.887799,1.055805,0.000735,-0.023968,0.707895,0.705911,-1.886,-1.999,90.194,0.302755,-0.001530,-0.012428,0.000810,0.305352,-0.257684
1790938051.117130,1790938051.192664,0.177872,6.896865,1.056456,-0.001074,-0.022868,0.705036,0.708802,-1.936,-1.771,89.725,0.297621,0.007786,0.040822,-0.091872,-0.100526,-0.217202
1790938051.150472,1790938051.232162,0.176819,6.904106,1.059382,0.001031,-0.027291,0.702412,0.711246,-2.115,-2.308,89.327,0.290057,0.015679,0.045175,-0.115318,-0.346612,-0.228916
1790938051.183813,1790938051.266727,0.176623,6.914085,1.060421,0.003813,-0.032119,0.699412,0.713987,-2.266,-2.935,88.876,0.283729,0.016117,-0.001194,-0.073770,-0.236886,-0.263007
1790938051.217154,1790938051.305904,0.176300,6.923535,1.060116,0.004779,-0.034210,0.696463,0.716761,-2.342,-3.193,88.420,0.273347,0.026163,-0.056538,-0.035417,0.019849,-0.193763
1790938051.250496,1790938051.340357,0.175230,6.929195,1.058977,0.003978,-0.033197,0.694677,0.718545,-2.319,-3.052,88.127,0.262212,0.039539,-0.078665,-0.010922,0.174314,-0.110666
1790938051.283837,1790938051.366461,0.174414,6.939370,1.056798,0.001360,-0.031146,0.693390,0.719888,-2.366,-2.678,87.907,0.258253,0.045089,-0.068196,-0.053531,0.198817,-0.117059
1790938051.317178,1790938051.391101,0.173203,6.947847,1.055289,-0.001034,-0.029572,0.691816,0.721467,-2.433,-2.364,87.646,0.251073,0.047218,-0.041588,-0.019444,0.126376,-0.143691
1790938051.350519,1790938051.411653,0.172141,6.955581,1.054126,-0.002159,-0.028447,0.689869,0.723371,-2.430,-2.188,87.330,0.238431,0.046584,-0.021512,0.010384,0.049672,-0.182039
1790938051.383861,1790938051.451767,0.170900,6.962805,1.053694,-0.002050,-0.027920,0.687499,0.725646,-2.372,-2.161,86.952,0.222436,0.046420,-0.014630,0.039146,-0.001464,-0.210802
1790938051.417202,1790938051.483030,0.168871,6.968019,1.053724,-0.001048,-0.027473,0.684945,0.728076,-2.246,-2.210,86.547,0.206961,0.049702,-0.018427,0.035941,0.009186,-0.205463
1790938051.450543,1790938051.504108,0.167957,6.975946,1.053151,-0.001074,-0.026720,0.682833,0.730085,-2.183,-2.152,86.210,0.199572,0.055047,-0.023898,0.010377,0.059257,-0.139415
1790938051.483885,1790938051.548823,0.166695,6.982432,1.052617,-0.001663,-0.026305,0.681263,0.731564,-2.195,-2.076,85.962,0.197384,0.053559,-0.018791,-0.036495,0.004926,-0.117044
1790938051.517226,1790938051.576802,0.165501,6.988628,1.052250,-0.001382,-0.027348,0.679939,0.732757,-2.249,-2.189,85.761,0.196440,0.051590,-0.013331,-0.036494,-0.122910,-0.088281
1790938051.550567,1790938051.619795,0.164490,6.994887,1.051820,-0.000194,-0.029922,0.678849,0.733668,-2.347,-2.501,85.606,0.193337,0.043198,-0.024252,-0.081235,-0.174045,-0.098934
1790938051.583907,1790938051.656387,0.163218,6.999612,1.051030,0.000127,-0.032353,0.677532,0.734781,-2.505,-2.735,85.417,0.181669,0.034615,-0.048792,-0.105742,0.003854,-0.094662
1790938051.617249,1790938051.691840,0.162808,7.006287,1.049569,-0.002129,-0.032220,0.676455,0.735776,-2.681,-2.552,85.249,0.171494,0.027003,-0.059643,-0.101479,0.203067,-0.060574
1790938051.650590,1790938051.725170,0.162621,7.012038,1.048184,-0.005925,-0.030303,0.676078,0.736182,-2.851,-2.098,85.178,0.165475,0.021906,-0.039583,-0.088695,0.259526,0.019321
1790938051.683931,1790938051.753310,0.162646,7.017458,1.047658,-0.009227,-0.028123,0.676716,0.735649,-2.961,-1.655,85.264,0.164563,0.016004,-0.000669,-0.019449,0.172172,0.093890
1790938051.717273,1790938051.774923,0.162911,7.022899,1.048211,-0.010448,-0.026956,0.678128,0.734375,-2.976,-1.457,85.477,0.164267,0.009087,0.030798,0.000793,-0.007864,0.141829
1790938051.750613,1790938051.802563,0.163294,7.027912,1.049382,-0.009624,-0.027854,0.679942,0.732674,-2.981,-1.589,85.766,0.165492,-0.000807,0.033723,0.012511,-0.137829,0.136503
1790938051.783955,1790938051.837830,0.164074,7.033157,1.050225,-0.007956,-0.029467,0.681559,0.731127,-2.971,-1.848,86.029,0.168076,-0.010669,0.006558,-0.007726,-0.121850,0.125852
1790938051.817296,1790938051.877594,0.165044,7.038821,1.050212,-0.007402,-0.030646,0.682944,0.729790,-3.021,-1.984,86.254,0.173689,-0.019201,-0.020670,-0.023704,-0.028105,0.086435
1790938051.850637,1790938051.898786,0.166394,7.044622,1.049823,-0.006970,-0.031445,0.683424,0.729310,-3.049,-2.083,86.335,0.186439,-0.033762,-0.018352,0.001864,-0.111199,-0.025418
1790938051.883979,1790938051.938877,0.168206,7.050410,1.049642,-0.004763,-0.033409,0.682482,0.730123,-3.015,-2.423,86.201,0.183512,-0.046397,-0.008072,0.031690,-0.199618,-0.129815
1790938051.917320,1790938051.978198,0.169904,7.055641,1.049780,-0.002339,-0.034667,0.680692,0.731745,-2.905,-2.726,85.929,0.176718,-0.050509,-0.005287,0.072169,-0.072848,-0.161774
1790938051.950686,1790938052.005448,0.171705,7.061887,1.050121,-0.001615,-0.033714,0.679248,0.733132,-2.764,-2.708,85.696,0.172516,-0.039001,-0.004868,0.067908,0.110380,-0.044594
1790938051.984052,1790938052.030344,0.173617,7.068086,1.050542,-0.002208,-0.031463,0.680286,0.732268,-2.641,-2.469,85.842,0.163521,-0.014961,0.011914,0.058324,0.080553,0.238772
1790938052.017418,1790938052.064141,0.174863,7.073303,1.051522,-0.001856,-0.030761,0.684543,0.728321,-2.571,-2.422,86.505,0.154919,0.008061,0.030536,0.025306,-0.066456,0.457154
1790938052.050784,1790938052.115694,0.175026,7.078640,1.052585,-0.001090,-0.032085,0.690363,0.722750,-2.632,-2.572,87.433,0.151312,0.019629,0.023450,-0.041802,-0.127178,0.472065
1790938052.084152,1790938052.138983,0.174861,7.091764,1.053759,-0.000292,-0.033933,0.695324,0.717894,-2.732,-2.769,88.236,0.155528,0.018795,-0.003538,-0.053519,-0.078163,0.317594
1790938052.117519,1790938052.182013,0.173934,7.087627,1.053782,-0.000309,-0.034937,0.697728,0.715510,-2.823,-2.841,88.628,0.149706,0.000443,-0.025540,-0.021562,0.032609,0.052345
1790938052.150887,1790938052.211805,0.174653,7.090339,1.053628,-0.000623,-0.034531,0.696864,0.716372,-2.813,-2.786,88.487,0.153242,-0.020379,-0.027504,0.024248,0.053910,-0.192673
1790938052.184255,1790938052.245231,0.175460,7.096192,1.053026,-0.000157,-0.033835,0.693676,0.719492,-2.707,-2.778,87.973,0.155932,-0.029506,-0.018262,0.045551,-0.038766,-0.323701
1790938052.217623,1790938052.274512,0.176508,7.100927,1.052782,0.001364,-0.034015,0.689914,0.723091,-2.580,-2.928,87.376,0.149746,-0.025564,-0.013182,0.060464,-0.065400,-0.286415
1790938052.250992,1790938052.305552,0.177673,7.105660,1.052636,0.002748,-0.033570,0.686956,0.725918,-2.418,-3.010,86.904,0.141626,-0.017235,-0.016233,0.086033,0.019822,-0.203322
1790938052.284361,1790938052.353573,0.178647,7.110374,1.052347,0.003138,-0.031757,0.685416,0.727452,-2.236,-2.895,86.648,0.135051,-0.001100,-0.017792,0.070055,0.105044,-0.022222
1790938052.317730,1790938052.382269,0.179015,7.113266,1.052319,0.002508,-0.030164,0.686422,0.726573,-2.167,-2.710,86.796,0.125357,0.024084,-0.012810,0.014666,0.090129,0.213206
1790938052.351099,1790938052.397782,0.178296,7.117170,1.052142,0.001585,-0.029719,0.690109,0.723093,-2.222,-2.589,87.376,0.116575,0.042561,-0.001795,-0.044986,0.002774,0.381516
1790938052.384470,1790938052.432914,0.177275,7.120716,1.052371,0.001089,-0.031103,0.694750,0.718577,-2.390,-2.649,88.124,0.109980,0.043092,0.006358,-0.102509,-0.088840,0.376188
1790938052.417840,1790938052.474601,0.176205,7.124258,1.052728,0.000834,-0.033589,0.698764,0.714563,-2.625,-2.818,88.784,0.104901,0.033635,0.003612,-0.111029,-0.098427,0.287768
1790938052.451210,1790938052.515491,0.175313,7.127637,1.052897,0.000469,-0.035371,0.701479,0.711812,-2.810,-2.924,89.234,0.102126,0.018476,-0.004140,-0.052438,-0.025988,0.167390
1790938052.484580,1790938052.555001,0.176707,7.125653,1.053614,0.000221,-0.036203,0.702745,0.710520,-2.903,-2.967,89.445,0.094004,0.002562,-0.007885,0.010428,0.021936,0.059785
1790938052.517952,1790938052.583615,0.177056,7.131678,1.053498,0.000469,-0.035379,0.703198,0.710114,-2.818,-2.918,89.511,0.094762,-0.005520,-0.006531,0.057301,0.008094,0.010787
1790938052.551323,1790938052.602947,0.177403,7.134521,1.053489,0.001389,-0.034849,0.703315,0.710022,-2.700,-2.949,89.526,0.091100,-0.006038,-0.006132,0.063694,-0.034517,0.013984
1790938052.584695,1790938052.640117,0.177565,7.137962,1.053386,0.002556,-0.034382,0.703764,0.709597,-2.569,-3.003,89.594,0.086024,-0.001277,-0.010781,0.069020,-0.019602,0.057661
1790938052.618067,1790938052.679493,0.177810,7.140656,1.053145,0.003369,-0.033686,0.704643,0.708754,-2.451,-3.009,89.731,0.082208,0.002551,-0.017659,0.049846,0.018746,0.090684
1790938052.651440,1790938052.704550,0.177899,7.143297,1.052732,0.003390,-0.032983,0.705875,0.707560,-2.397,-2.950,89.925,0.079056,0.004577,-0.019631,0.023216,0.037921,0.110925
1790938052.684813,1790938052.744129,0.177984,7.145730,1.052389,0.003290,-0.032522,0.706996,0.706461,-2.372,-2.901,90.103,0.077009,-0.000248,-0.013354,0.016826,0.004898,0.069379
1790938052.718186,1790938052.776734,0.178177,7.148008,1.052224,0.003509,-0.032468,0.707608,0.705850,-2.353,-2.912,90.202,0.073969,-0.006086,-0.007554,0.022153,-0.015342,0.029964
1790938052.751559,1790938052.816202,0.179975,7.147049,1.052664,0.003729,-0.033109,0.707806,0.705621,-2.388,-2.981,90.239,0.068998,-0.013034,-0.006706,0.006183,-0.034523,-0.005192
1790938052.784933,1790938052.848836,0.180468,7.149454,1.052430,0.003750,-0.033326,0.707554,0.705863,-2.403,-3.001,90.200,0.065599,-0.015715,-0.013970,-0.001271,0.018740,-0.029692
1790938052.818307,1790938052.908495,0.181032,7.151422,1.052119,0.003337,-0.032952,0.707245,0.706192,-2.404,-2.938,90.147,0.062219,-0.017292,-0.018180,0.024295,0.037915,-0.027563
1790938052.851682,1790938052.940781,0.181705,7.153234,1.051703,0.003143,-0.032353,0.706969,0.706497,-2.370,-2.875,90.098,0.058154,-0.015386,-0.019212,0.015774,0.026197,-0.008386
1790938052.885056,1790938052.962868,0.182262,7.155168,1.051203,0.002925,-0.032023,0.707191,0.706290,-2.362,-2.830,90.131,0.053359,-0.009130,-0.018782,-0.003399,0.024066,0.049138
1790938052.918429,1790938052.989358,0.182700,7.156639,1.050806,0.002441,-0.031938,0.707894,0.705592,-2.397,-2.781,90.245,0.049391,-0.006256,-0.015663,-0.015116,0.021936,0.061921
1790938052.951767,1790938053.046146,0.182916,7.157884,1.050479,0.001910,-0.032212,0.708637,0.704835,-2.465,-2.758,90.368,0.045995,-0.003680,-0.012834,-0.028964,-0.001503,0.070443
1790938052.985105,1790938053.057195,0.183090,7.159062,1.050235,0.001548,-0.032589,0.709427,0.704023,-2.528,-2.756,90.499,0.044403,-0.005038,-0.011041,-0.002332,-0.005764,0.056595
1790938053.018443,1790938053.104675,0.183325,7.160194,1.050047,0.001499,-0.032690,0.709927,0.703514,-2.542,-2.758,90.581,0.043428,-0.009346,-0.011869,0.011516,-0.004700,0.020376
1790938053.051781,1790938053.124633,0.183641,7.161351,1.049767,0.001532,-0.032576,0.710041,0.703405,-2.531,-2.751,90.599,0.041827,-0.011556,-0.015308,0.016843,0.013410,0.002267
1790938053.085119,1790938053.144841,0.184016,7.162449,1.049419,0.001358,-0.032131,0.709904,0.703564,-2.508,-2.702,90.573,0.040673,-0.013237,-0.017595,0.022170,0.032584,-0.023298
1790938053.118458,1790938053.161703,0.184480,7.163551,1.048967,0.001175,-0.031553,0.709578,0.703919,-2.474,-2.642,90.516,0.040107,-0.012835,-0.017945,0.021104,0.034714,-0.032886
1790938053.151795,1790938053.190436,0.184975,7.164609,1.048523,0.000978,-0.030941,0.709118,0.704410,-2.439,-2.578,90.437,0.039588,-0.012931,-0.016317,0.028563,0.031518,-0.048864
1790938053.185133,1790938053.215723,0.185353,7.165705,1.048063,0.000939,-0.030271,0.708642,0.704918,-2.385,-2.522,90.354,0.038046,-0.011575,-0.014860,0.023236,0.027255,-0.035015
1790938053.218472,1790938053.255482,0.185721,7.166414,1.047706,0.000908,-0.029828,0.708071,0.705511,-2.350,-2.486,90.259,0.037645,-0.014509,-0.013176,0.014714,0.014471,-0.075496
1790938053.251809,1790938053.288235,0.186488,7.168205,1.047278,0.000987,-0.029324,0.706944,0.706661,-2.298,-2.455,90.072,0.038375,-0.018687,-0.012452,0.027499,0.024059,-0.110650
1790938053.285147,1790938053.332924,0.187045,7.169307,1.046984,0.000999,-0.028571,0.705580,0.708054,-2.232,-2.400,89.846,0.037426,-0.020979,-0.011318,0.041346,0.044299,-0.120236
1790938053.318485,1790938053.377384,0.187736,7.170338,1.046770,0.000961,-0.027699,0.704259,0.709402,-2.160,-2.330,89.627,0.035284,-0.019437,-0.008430,0.021106,0.033646,-0.096800
1790938053.351822,1790938053.417687,0.188417,7.171133,1.046593,0.000933,-0.027284,0.703280,0.710388,-2.125,-2.297,89.466,0.031962,-0.016754,-0.008129,0.015781,0.013405,-0.071232
1790938053.385160,1790938053.448098,0.189040,7.171766,1.046345,0.000859,-0.026977,0.702343,0.711326,-2.103,-2.269,89.314,0.030809,-0.016360,-0.014738,-0.011914,0.031514,-0.086146
1790938053.418498,1790938053.495677,0.188956,7.171326,1.045829,0.000014,-0.026699,0.701251,0.712415,-2.146,-2.181,89.136,0.031034,-0.012807,-0.022788,-0.009785,0.068797,-0.077625
1790938053.451835,1790938053.528729,0.188343,7.164904,1.047709,-0.001886,-0.027014,0.700690,0.712952,-2.325,-2.056,89.048,0.025177,-0.003761,-0.021953,0.021104,0.094354,-0.007327
1790938053.485173,1790938053.546725,0.189303,7.168263,1.046738,-0.002675,-0.025487,0.700829,0.712869,-2.267,-1.867,89.061,0.029531,-0.001273,-0.016533,0.033892,0.071985,0.016110
1790938053.518511,1790938053.562428,0.189430,7.169313,1.046228,-0.003040,-0.024560,0.700975,0.712756,-2.223,-1.762,89.079,0.031522,-0.001350,-0.012286,0.011520,0.034699,0.002264
1790938053.551849,1790938053.589335,0.189523,7.170235,1.045793,-0.002854,-0.024149,0.700567,0.713172,-2.173,-1.745,89.011,0.033313,-0.006726,-0.010207,0.026434,-0.020695,-0.081893
1790938053.585186,1790938053.626805,0.189709,7.171175,1.045406,-0.001824,-0.024187,0.699032,0.714679,-2.088,-1.835,88.765,0.035204,-0.011588,-0.012667,0.043478,-0.061176,-0.169245
1790938053.618524,1790938053.657532,0.190039,7.172239,1.044825,-0.000608,-0.024231,0.696959,0.716701,-1.987,-1.942,88.433,0.034183,-0.009993,-0.024431,0.031760,-0.023891,-0.164983
1790938053.651862,1790938053.685198,0.190469,7.173347,1.043912,-0.000275,-0.024124,0.695481,0.718139,-1.947,-1.964,88.197,0.031548,-0.003133,-0.033682,0.005129,0.002739,-0.074433
1790938053.685199,1790938053.752560,0.190807,7.174427,1.042673,-0.000714,-0.023830,0.695135,0.718484,-1.958,-1.906,88.140,0.027438,0.003288,-0.044598,-0.018304,0.086897,0.002265
1790938053.718537,1790938053.790208,0.190727,7.172363,1.042236,-0.003079,-0.022758,0.695106,0.718541,-2.068,-1.629,88.130,0.022054,0.004790,-0.049144,-0.006586,0.210467,-0.012646
1790938053.751875,1790938053.820252,0.190575,7.172925,1.040840,-0.006059,-0.019829,0.694730,0.718972,-2.079,-1.151,88.056,0.023474,0.006283,-0.039945,0.013653,0.276515,-0.047800
1790938053.785211,1790938053.842221,0.190394,7.173656,1.039899,-0.008713,-0.016579,0.693687,0.720033,-2.037,-0.675,87.877,0.032753,0.002290,-0.010520,0.016848,0.179571,-0.152197
1790938053.818549,1790938053.878072,0.190319,7.175163,1.039645,-0.008878,-0.015657,0.691005,0.722626,-1.975,-0.593,87.447,0.044028,-0.000497,0.023029,0.004065,-0.106990,-0.309858
1790938053.851887,1790938053.907625,0.189898,7.173793,1.041446,-0.006365,-0.018600,0.686695,0.726679,-1.994,-1.048,86.777,0.053726,0.005909,0.030486,0.007258,-0.290228,-0.395071
1790938053.885224,1790938053.934994,0.189692,7.175483,1.042038,-0.003368,-0.021751,0.682159,0.730873,-1.983,-1.559,86.078,0.062905,0.023827,0.001314,-0.025763,-0.167717,-0.323700
1790938053.918561,1790938053.978573,0.188963,7.177712,1.041762,-0.002754,-0.023150,0.679108,0.733668,-2.034,-1.732,85.608,0.070614,0.044498,-0.029069,-0.020435,-0.002599,-0.152188
1790938053.951900,1790938054.004816,0.187659,7.180147,1.040680,-0.003156,-0.023555,0.678130,0.734558,-2.097,-1.738,85.457,0.071243,0.055889,-0.039587,-0.042805,-0.044144,-0.042437
1790938053.985239,1790938054.042960,0.186133,7.182421,1.039363,-0.002867,-0.024906,0.677287,0.735292,-2.176,-1.876,85.333,0.060992,0.052655,-0.040300,-0.036413,-0.072907,-0.138314
1790938054.018577,1790938054.064163,0.184668,7.184384,1.038168,-0.002630,-0.025214,0.674276,0.738044,-2.172,-1.930,84.866,0.055017,0.037776,-0.036946,0.053071,0.054926,-0.373743
1790938054.051916,1790938054.126078,0.183598,7.186207,1.037283,-0.002681,-0.022613,0.668677,0.743204,-1.962,-1.721,83.986,0.052113,0.025854,-0.028061,0.129770,0.182762,-0.520752
1790938054.085254,1790938054.151911,0.182719,7.187964,1.036585,-0.003194,-0.019317,0.662101,0.749159,-1.741,-1.416,82.962,0.049540,0.022802,-0.008554,0.034956,0.156128,-0.519688
1790938054.118593,1790938054.182019,0.182309,7.189527,1.036973,-0.004625,-0.018400,0.655531,0.754930,-1.783,-1.244,81.957,0.046951,0.013998,0.019760,-0.066244,0.014444,-0.577181
1790938054.151931,1790938054.209062,0.182323,7.191484,1.037509,-0.003695,-0.019919,0.647309,0.761958,-1.801,-1.465,80.721,0.044637,-0.001986,0.033826,-0.020438,-0.192224,-0.713545
1790938054.185270,1790938054.249586,0.183102,7.192415,1.038332,-0.001726,-0.022671,0.638331,0.769426,-1.812,-1.873,79.389,0.038007,-0.004153,0.011227,-0.069439,-0.140025,-0.656012
1790938054.218607,1790938054.280125,0.183538,7.193383,1.038209,-0.002195,-0.024479,0.631141,0.775279,-1.967,-2.016,78.331,0.030486,0.008427,-0.027040,-0.124831,0.046399,-0.429110
1790938054.251946,1790938054.314946,0.183410,7.194865,1.036893,-0.004966,-0.024195,0.626851,0.778747,-2.183,-1.803,77.699,0.027011,0.018021,-0.042750,-0.130156,0.180628,-0.250118
1790938054.285285,1790938054.350909,0.183210,7.196000,1.035646,-0.008322,-0.023461,0.623770,0.781211,-2.423,-1.506,77.244,0.029516,0.017998,-0.032851,-0.136546,0.131625,-0.230943
1790938054.318623,1790938054.390210,0.183493,7.196994,1.034659,-0.010571,-0.023441,0.620480,0.783801,-2.618,-1.354,76.763,0.031469,0.009745,-0.014443,-0.099254,0.045337,-0.288457
1790938054.351961,1790938054.425521,0.183614,7.198104,1.034369,-0.011453,-0.024199,0.615951,0.787329,-2.743,-1.375,76.107,0.034609,0.000138,-0.002084,-0.053446,-0.028168,-0.403512
1790938054.385299,1790938054.456096,0.184111,7.199292,1.034360,-0.011369,-0.025041,0.610094,0.791852,-2.784,-1.478,75.262,0.035559,-0.005620,-0.000048,-0.011898,-0.024972,-0.494062
1790938054.418638,1790938054.494009,0.185550,7.200660,1.034237,-0.010649,-0.024980,0.603170,0.797150,-2.701,-1.546,74.263,0.036464,-0.008741,-0.001954,0.007284,0.016577,-0.552646
1790938054.451976,1790938054.526479,0.185815,7.201497,1.034287,-0.010804,-0.024841,0.595907,0.802597,-2.692,-1.547,73.222,0.033148,-0.003038,0.001238,-0.019350,0.026163,-0.516430
1790938054.485315,1790938054.569077,0.186915,7.203089,1.034403,-0.010453,-0.024791,0.589420,0.807378,-2.643,-1.588,72.299,0.032518,0.002059,0.011176,-0.011884,-0.016442,-0.439723
1790938054.518653,1790938054.606167,0.187109,7.204111,1.034956,-0.009678,-0.025454,0.584036,0.811271,-2.605,-1.719,71.540,0.029442,0.008290,0.019273,0.006225,-0.068641,-0.354500
1790938054.551991,1790938054.636519,0.188031,7.205707,1.035336,-0.008131,-0.026333,0.579676,0.814381,-2.510,-1.918,70.928,0.028605,0.010046,0.012694,-0.025722,-0.071832,-0.307624
1790938054.585330,1790938054.660590,0.187888,7.206539,1.035615,-0.007960,-0.027292,0.575442,0.817348,-2.548,-2.032,70.339,0.024114,0.010144,0.001502,-0.037441,-0.004722,-0.312952
1790938054.618668,1790938054.689993,0.189161,7.208436,1.035518,-0.007701,-0.027338,0.571159,0.820348,-2.516,-2.066,69.740,0.023336,0.005606,-0.006488,-0.056604,0.021919,-0.312955
1790938054.652006,1790938054.708326,0.189241,7.209142,1.035357,-0.008183,-0.027685,0.566598,0.823489,-2.572,-2.082,69.106,0.020118,0.000515,-0.005109,-0.031037,-0.012170,-0.343849
1790938054.685343,1790938054.760792,0.189692,7.209812,1.035202,-0.007802,-0.028030,0.561787,0.826770,-2.546,-2.154,68.440,0.016231,-0.003568,-0.005358,0.013706,-0.018561,-0.354501
1790938054.718682,1790938054.797916,0.191539,7.211096,1.034837,-0.006056,-0.027688,0.556963,0.830053,-2.346,-2.248,67.769,0.016217,-0.006845,-0.008604,0.035024,-0.005774,-0.339589
1790938054.752020,1790938054.836058,0.191995,7.211598,1.034509,-0.005378,-0.027315,0.552504,0.833045,-2.245,-2.268,67.152,0.011779,-0.004842,-0.010038,0.020110,0.016597,-0.307631
1790938054.785358,1790938054.865736,0.194257,7.213261,1.034075,-0.003909,-0.026449,0.548507,0.835718,-2.039,-2.288,66.597,0.012518,-0.003518,-0.010732,0.009471,0.032582,-0.251175
1790938054.818696,1790938054.888685,0.194502,7.213717,1.033773,-0.004002,-0.025919,0.545353,0.837796,-2.006,-2.239,66.162,0.008007,0.000392,-0.006206,-0.009702,0.031516,-0.209630
1790938054.852034,1790938054.921014,0.194851,7.214137,1.033652,-0.004189,-0.025960,0.542512,0.839636,-2.019,-2.238,65.775,0.004517,0.001200,-0.001584,-0.051247,-0.004704,-0.203239
1790938054.885372,1790938054.951044,0.197439,7.216314,1.033597,-0.003087,-0.026108,0.539395,0.841643,-1.913,-2.328,65.349,0.008632,-0.006278,-0.000046,-0.036319,-0.014284,-0.242665
1790938054.918711,1790938054.973006,0.197636,7.216365,1.033637,-0.003237,-0.026668,0.535753,0.843947,-1.952,-2.381,64.857,0.006206,-0.010994,0.001210,-0.023536,-0.029199,-0.277818
1790938054.952049,1790938055.017201,0.198347,7.216538,1.033673,-0.002824,-0.027064,0.531732,0.846476,-1.925,-2.454,64.313,0.003853,-0.014808,0.000058,0.012683,-0.016416,-0.291668
1790938054.985387,1790938055.048922,0.201054,7.218264,1.033478,-0.001102,-0.026636,0.527579,0.849088,-1.719,-2.526,63.747,0.007416,-0.021276,-0.003416,0.027607,-0.004694,-0.307652
1790938055.018725,1790938055.078351,0.201840,7.218222,1.033303,-0.000540,-0.026318,0.523068,0.851884,-1.632,-2.538,63.137,0.003286,-0.023568,-0.006947,0.031866,0.011286,-0.333218
1790938055.052063,1790938055.120359,0.202767,7.218168,1.033051,0.000037,-0.025729,0.518494,0.854694,-1.527,-2.523,62.519,-0.001881,-0.021438,-0.007585,0.026540,0.018742,-0.300195
1790938055.085401,1790938055.149174,0.205790,7.219982,1.032827,0.001607,-0.025143,0.514521,0.857108,-1.326,-2.565,61.982,0.002380,-0.021653,-0.000816,0.009502,-0.029190,-0.254394
1790938055.118738,1790938055.179456,0.206288,7.219616,1.032911,0.002281,-0.025659,0.511114,0.859127,-1.280,-2.661,61.529,-0.000830,-0.018762,0.003562,0.015895,-0.048366,-0.221368
1790938055.152076,1790938055.218558,0.206899,7.219432,1.032987,0.003015,-0.026026,0.508103,0.860898,-1.219,-2.744,61.128,-0.002871,-0.016178,0.001186,0.000981,-0.016407,-0.200062
1790938055.185414,1790938055.247205,0.209603,7.220805,1.032924,0.003986,-0.025881,0.505154,0.862632,-1.106,-2.790,60.733,0.000663,-0.019593,-0.001481,-0.011797,-0.001493,-0.216047
1790938055.218752,1790938055.273389,0.210155,7.220369,1.032885,0.004118,-0.026043,0.501783,0.864591,-1.091,-2.818,60.286,-0.002408,-0.022385,-0.001015,0.004181,-0.021732,-0.251201
1790938055.252090,1790938055.318781,0.210933,7.219845,1.032895,0.004536,-0.026366,0.498099,0.866707,-1.056,-2.879,59.799,-0.005419,-0.023071,-0.000089,0.003117,-0.024928,-0.253332
1790938055.285428,1790938055.352390,0.213459,7.220800,1.032867,0.005543,-0.026425,0.494407,0.868811,-0.946,-2.946,59.309,-0.003254,-0.025816,-0.001737,-0.013925,-0.020663,-0.255468
1790938055.318766,1790938055.382388,0.214220,7.220211,1.032775,0.005512,-0.026850,0.490719,0.870887,-0.961,-2.991,58.825,-0.006297,-0.026468,-0.002776,-0.023512,-0.017469,-0.249075
1790938055.352104,1790938055.418946,0.216474,7.220866,1.032712,0.005942,-0.027051,0.487096,0.872909,-0.917,-3.039,58.349,-0.004532,-0.028771,-0.003003,-0.025641,-0.011076,-0.248013
1790938055.385442,1790938055.438799,0.217252,7.220209,1.032571,0.005703,-0.027361,0.483427,0.874938,-0.945,-3.061,57.869,-0.007502,-0.029459,-0.005848,-0.034163,0.000640,-0.255470
1790938055.418780,1790938055.476054,0.218079,7.219551,1.032317,0.005405,-0.027557,0.479894,0.876877,-0.974,-3.068,57.408,-0.009399,-0.028456,-0.009468,-0.022445,0.010229,-0.225643
1790938055.452118,1790938055.511791,0.220265,7.219843,1.031921,0.005521,-0.027222,0.476675,0.878641,-0.932,-3.044,56.986,-0.006938,-0.031116,-0.012733,-0.027771,0.032601,-0.216057
1790938055.485456,1790938055.531054,0.220959,7.218961,1.031473,0.004895,-0.026934,0.473480,0.880379,-0.969,-2.984,56.569,-0.009310,-0.032314,-0.013008,-0.022444,0.030471,-0.214992
1790938055.518793,1790938055.572861,0.221828,7.218123,1.031078,0.004647,-0.026784,0.470251,0.882114,-0.975,-2.959,56.149,-0.010352,-0.034784,-0.010818,-0.014986,0.000641,-0.229906
1790938055.552131,1790938055.614995,0.224098,7.217832,1.030754,0.004851,-0.026861,0.466581,0.884057,-0.946,-2.982,55.672,-0.007728,-0.040657,-0.011161,-0.033095,-0.003618,-0.260803
1790938055.585468,1790938055.634010,0.225082,7.216855,1.030365,0.004637,-0.026974,0.462573,0.886159,-0.960,-2.986,55.154,-0.006984,-0.043590,-0.012120,-0.005398,0.002774,-0.282108
1790938055.618805,1790938055.679843,0.226319,7.215846,1.029961,0.004775,-0.026782,0.458313,0.888375,-0.922,-2.978,54.602,-0.006374,-0.046171,-0.012930,0.005254,0.016623,-0.294892
1790938055.652143,1790938055.711888,0.228550,7.215230,1.029530,0.005041,-0.026333,0.453962,0.890618,-0.857,-2.951,54.039,-0.004209,-0.046251,-0.013479,-0.001136,0.025147,-0.284241
1790938055.685481,1790938055.742457,0.229647,7.214149,1.029134,0.004944,-0.025968,0.449836,0.892720,-0.834,-2.913,53.508,-0.004746,-0.044756,-0.010810,-0.007529,0.016625,-0.272523
1790938055.718819,1790938055.783002,0.231629,7.213322,1.028854,0.005071,-0.025914,0.445830,0.894728,-0.805,-2.917,52.993,-0.003403,-0.043883,-0.009022,-0.013920,0.000646,-0.255481
1790938055.752156,1790938055.811967,0.232676,7.212397,1.028555,0.004862,-0.025897,0.442248,0.896506,-0.814,-2.908,52.535,-0.003620,-0.040450,-0.009557,-0.020311,0.013430,-0.221391
1790938055.785494,1790938055.843653,0.234438,7.211536,1.028271,0.004617,-0.025759,0.438919,0.898146,-0.821,-2.885,52.110,-0.002184,-0.041345,-0.007541,-0.033093,0.014496,-0.221394
1790938055.818831,1790938055.891299,0.235283,7.210488,1.028118,0.004266,-0.026035,0.435700,0.899705,-0.861,-2.898,51.701,-0.001752,-0.040011,-0.003333,-0.029897,-0.022787,-0.206479
1790938055.852169,1790938055.928753,0.236361,7.209376,1.028027,0.004179,-0.026616,0.432645,0.901162,-0.889,-2.957,51.314,-0.001642,-0.040593,-0.004301,-0.022441,-0.021723,-0.206479
1790938055.885506,1790938055.956253,0.237976,7.208494,1.027855,0.004147,-0.026984,0.429502,0.902653,-0.900,-2.997,50.916,-0.000307,-0.041383,-0.008880,-0.023505,0.001715,-0.203285
1790938055.918843,1790938055.977699,0.239090,7.207579,1.027529,0.003725,-0.026950,0.426476,0.904090,-0.932,-2.975,50.533,-0.000271,-0.041846,-0.012019,-0.029896,0.020888,-0.197958
1790938055.952187,1790938056.009634,0.240263,7.206666,1.027140,0.003253,-0.026885,0.423648,0.905422,-0.969,-2.949,50.175,0.000746,-0.039706,-0.012771,-0.028831,0.019824,-0.169195
1790938055.985531,1790938056.037887,0.241844,7.205771,1.026777,0.002773,-0.026801,0.421072,0.906627,-1.006,-2.919,49.850,0.002199,-0.040203,-0.011975,-0.038418,0.020889,-0.177719
1790938056.018874,1790938056.065298,0.243005,7.204930,1.026430,0.002273,-0.026818,0.418259,0.907929,-1.050,-2.900,49.495,0.003938,-0.040356,-0.009448,-0.027766,0.003844,-0.189438
1790938056.052218,1790938056.112874,0.244141,7.204052,1.026183,0.002118,-0.026954,0.415368,0.909252,-1.064,-2.910,49.131,0.003831,-0.040663,-0.007002,-0.007525,-0.014263,-0.193700
1790938056.085563,1790938056.147717,0.245798,7.203046,1.026026,0.002284,-0.027345,0.412399,0.910590,-1.055,-2.963,48.758,0.004252,-0.041394,-0.005529,-0.017111,-0.034503,-0.197963
1790938056.118907,1790938056.176970,0.246922,7.202249,1.025867,0.002450,-0.027878,0.409257,0.911990,-1.053,-3.030,48.364,0.004545,-0.042094,-0.006274,-0.002197,-0.021720,-0.219268
1790938056.152251,1790938056.215703,0.248468,7.201409,1.025652,0.002685,-0.028075,0.405831,0.913513,-1.026,-3.065,47.934,0.005038,-0.042907,-0.008293,-0.002197,-0.006806,-0.223532
1790938056.185595,1790938056.250046,0.249542,7.200436,1.025396,0.002718,-0.028139,0.402563,0.914956,-1.015,-3.077,47.524,0.004091,-0.040451,-0.009844,-0.005392,0.004912,-0.197965
1790938056.218940,1790938056.280585,0.251063,7.199246,1.025066,0.002719,-0.027974,0.399630,0.916246,-0.997,-3.063,47.156,0.004175,-0.039595,-0.011805,-0.011782,0.019828,-0.185184
1790938056.252284,1790938056.298147,0.252095,7.198463,1.024664,0.002430,-0.027741,0.396778,0.917492,-1.007,-3.028,46.800,0.004933,-0.038607,-0.013496,-0.007521,0.020892,-0.188379
1790938056.285628,1790938056.341914,0.253202,7.197725,1.024253,0.002237,-0.027418,0.393798,0.918785,-1.003,-2.989,46.427,0.006298,-0.038351,-0.012727,-0.007521,0.021958,-0.194771
1790938056.318972,1790938056.369690,0.254617,7.196776,1.023908,0.002151,-0.027221,0.390968,0.919999,-0.994,-2.967,46.073,0.008031,-0.037950,-0.010241,-0.008585,0.015566,-0.170270
1790938056.352316,1790938056.404705,0.255662,7.196071,1.023672,0.002016,-0.027107,0.388485,0.921054,-0.995,-2.952,45.764,0.009076,-0.037221,-0.005956,-0.010716,0.003848,-0.157487
1790938056.385661,1790938056.432963,0.256805,7.195339,1.023586,0.001929,-0.027193,0.385947,0.922118,-1.000,-2.960,45.449,0.010472,-0.038686,-0.002097,-0.007520,-0.005739,-0.168141
1790938056.419005,1790938056.476648,0.257997,7.194635,1.023582,0.001994,-0.027209,0.383310,0.923217,-0.986,-2.967,45.121,0.011729,-0.039519,-0.001056,0.001003,0.009175,-0.174533
1790938056.452348,1790938056.520820,0.259358,7.194103,1.023544,0.001914,-0.026977,0.380490,0.924389,-0.975,-2.942,44.770,0.013451,-0.039820,-0.000924,-0.009648,0.016634,-0.187319
1790938056.485693,1790938056.540903,0.260708,7.193025,1.023652,0.001711,-0.026924,0.377581,0.925583,-0.985,-2.931,44.410,0.013921,-0.041794,0.002449,-0.009647,0.003849,-0.189448
1790938056.519037,1790938056.570240,0.262047,7.192287,1.023841,0.001738,-0.027084,0.374550,0.926810,-0.979,-2.952,44.035,0.015232,-0.044623,0.005683,-0.005387,-0.014259,-0.203297
1790938056.552381,1790938056.617779,0.263588,7.191381,1.024110,0.001872,-0.027350,0.371261,0.928124,-0.966,-2.990,43.629,0.017183,-0.048415,0.006158,-0.001124,-0.014258,-0.229931
1790938056.585726,1790938056.644269,0.265200,7.190352,1.024366,0.001983,-0.027567,0.367699,0.929534,-0.952,-3.021,43.190,0.018594,-0.050131,0.004786,-0.008581,-0.000411,-0.221408
1790938056.619070,1790938056.677448,0.266791,7.189594,1.024569,0.001854,-0.027532,0.364534,0.930781,-0.954,-3.015,42.800,0.019246,-0.048140,0.004056,-0.012841,0.010243,-0.180930
1790938056.652415,1790938056.703510,0.268401,7.188637,1.024807,0.001698,-0.027545,0.362017,0.931763,-0.963,-3.013,42.491,0.019246,-0.046936,0.006808,-0.025625,-0.004673,-0.148971
1790938056.685759,1790938056.747030,0.269935,7.187902,1.025184,0.001526,-0.027899,0.359651,0.932668,-0.988,-3.046,42.201,0.020603,-0.048108,0.011805,-0.008580,-0.025976,-0.161753
1790938056.719104,1790938056.773354,0.271498,7.186922,1.025661,0.001584,-0.028385,0.357041,0.933656,-0.993,-3.103,41.882,0.019416,-0.048478,0.012487,-0.013906,-0.019584,-0.166018
1790938056.752448,1790938056.800056,0.272991,7.186113,1.026084,0.001379,-0.028586,0.354741,0.934526,-1.016,-3.119,41.601,0.016880,-0.045478,0.009193,-0.020297,0.017700,-0.120210
1790938056.785793,1790938056.849142,0.274378,7.185358,1.026404,0.000933,-0.028168,0.352928,0.935226,-1.041,-3.058,41.378,0.015810,-0.045782,0.007899,-0.010710,0.043267,-0.119145
1790938056.819137,1790938056.884350,0.275599,7.184648,1.026737,0.000758,-0.027736,0.350780,0.936047,-1.035,-3.007,41.114,0.015654,-0.050477,0.010699,0.003140,0.001722,-0.159631
1790938056.852482,1790938056.901987,0.277263,7.183282,1.027159,0.001215,-0.028056,0.348073,0.937047,-0.990,-3.062,40.782,0.015554,-0.056359,0.008410,0.009531,-0.041954,-0.190521
1790938056.885826,1790938056.950713,0.278901,7.182085,1.027329,0.001614,-0.028497,0.344912,0.938201,-0.954,-3.129,40.396,0.015186,-0.063882,-0.002488,0.011662,-0.000409,-0.217155
1790938056.919170,1790938056.981557,0.280895,7.180696,1.027134,0.001460,-0.027954,0.341546,0.939448,-0.938,-3.068,39.984,0.017036,-0.069322,-0.011804,-0.036275,0.064573,-0.195848
1790938056.952515,1790938057.007878,0.282905,7.179120,1.026849,0.000205,-0.027334,0.339292,0.940284,-1.042,-2.954,39.710,0.019972,-0.069730,-0.006439,-0.077820,0.042204,-0.070146
1790938056.985862,1790938057.037832,0.285049,7.177619,1.026896,-0.001124,-0.027547,0.338925,0.940409,-1.193,-2.926,39.669,0.024472,-0.070708,0.003359,-0.076754,-0.008930,0.022534
1790938057.019208,1790938057.072404,0.287328,7.176228,1.027244,-0.001891,-0.028079,0.339490,0.940188,-1.298,-2.953,39.741,0.031605,-0.076159,0.011514,-0.026684,-0.008930,0.042774
1790938057.052555,1790938057.088150,0.289849,7.174904,1.027837,-0.002223,-0.028191,0.340268,0.939903,-1.341,-2.951,39.837,0.038907,-0.078110,0.016935,-0.003247,0.002788,0.053425
1790938057.085902,1790938057.126830,0.292648,7.173869,1.028604,-0.002220,-0.028435,0.341326,0.939512,-1.353,-2.976,39.967,0.046116,-0.074670,0.020760,-0.005378,-0.034496,0.088582
1790938057.119249,1790938057.166756,0.295460,7.172999,1.029427,-0.001912,-0.029243,0.343152,0.938823,-1.358,-3.072,40.192,0.052601,-0.069959,0.019177,0.003145,-0.073912,0.133323
1790938057.152595,1790938057.227616,0.298458,7.172138,1.030047,-0.001544,-0.030395,0.345082,0.938079,-1.370,-3.208,40.431,0.055967,-0.069162,0.012249,-0.002179,-0.061126,0.106686
1790938057.185942,1790938057.254061,0.301282,7.171383,1.030429,-0.001571,-0.030730,0.346561,0.937523,-1.391,-3.241,40.614,0.053107,-0.069255,-0.000100,-0.007506,0.049661,0.082184
1790938057.219289,1790938057.271551,0.303956,7.170739,1.030486,-0.002410,-0.028978,0.348307,0.936929,-1.417,-3.016,40.823,0.049236,-0.064042,-0.003559,0.001016,0.167908,0.158886
1790938057.252635,1790938057.313659,0.306570,7.170177,1.030768,-0.003122,-0.026253,0.351393,0.935855,-1.394,-2.691,41.193,0.051562,-0.060799,0.014662,0.038300,0.127426,0.221739
1790938057.285982,1790938057.349178,0.309061,7.169350,1.031731,-0.002670,-0.025287,0.354747,0.934617,-1.315,-2.601,41.600,0.055983,-0.062109,0.037351,0.066001,-0.073912,0.188708
1790938057.319329,1790938057.366598,0.312032,7.169024,1.033221,-0.000748,-0.027227,0.356962,0.933722,-1.195,-2.884,41.874,0.061815,-0.070118,0.039311,0.076655,-0.202813,0.075789
1790938057.352675,1790938057.421908,0.315210,7.168643,1.034320,0.001717,-0.029662,0.356941,0.933654,-1.031,-3.245,41.873,0.066896,-0.083256,0.014181,0.094764,-0.149546,-0.088264
1790938057.386022,1790938057.453193,0.318852,7.168200,1.034356,0.003521,-0.030257,0.354669,0.934496,-0.854,-3.385,41.592,0.066870,-0.094709,-0.023715,0.059609,0.025161,-0.211837
1790938057.419369,1790938057.487012,0.322678,7.167482,1.033351,0.003714,-0.028526,0.350673,0.936056,-0.749,-3.211,41.096,0.067930,-0.104555,-0.044635,0.029778,0.140212,-0.306648
1790938057.452716,1790938057.513354,0.326733,7.166498,1.032117,0.003510,-0.026078,0.345352,0.938104,-0.656,-2.944,40.438,0.069886,-0.109937,-0.035977,0.014863,0.123166,-0.346061
1790938057.486063,1790938057.551213,0.330151,7.165590,1.031376,0.003045,-0.025000,0.340779,0.939806,-0.649,-2.812,39.878,0.068556,-0.099755,-0.011704,-0.032007,-0.004670,-0.194792
1790938057.519410,1790938057.583386,0.334413,7.163816,1.031546,0.002734,-0.026401,0.339797,0.940124,-0.734,-2.952,39.763,0.062865,-0.079068,0.009841,-0.086335,-0.128242,0.091772
1790938057.552757,1790938057.615694,0.337135,7.162844,1.032105,0.001836,-0.029536,0.342958,0.938885,-0.965,-3.252,40.160,0.058010,-0.065122,0.014083,-0.112964,-0.181505,0.290979
1790938057.586104,1790938057.637984,0.340203,7.162406,1.032552,0.001030,-0.032773,0.347902,0.936957,-1.198,-3.562,40.778,0.055364,-0.060383,0.001199,-0.116160,-0.132502,0.343178
1790938057.619452,1790938057.677264,0.342803,7.162033,1.032446,-0.000579,-0.034775,0.353275,0.934873,-1.473,-3.704,41.449,0.052429,-0.057487,-0.017886,-0.114031,-0.030235,0.347439
1790938057.652799,1790938057.709895,0.345078,7.161318,1.031829,-0.002178,-0.035348,0.358468,0.932870,-1.689,-3.692,42.094,0.051709,-0.056256,-0.027822,-0.058633,0.018765,0.323996
1790938057.686146,1790938057.736414,0.347605,7.161299,1.031034,-0.002896,-0.035200,0.363255,0.931020,-1.778,-3.637,42.685,0.054850,-0.054620,-0.031465,0.018064,0.012373,0.288843
1790938057.719493,1790938057.780028,0.349365,7.161233,1.030058,-0.002371,-0.034817,0.367341,0.929431,-1.722,-3.611,43.185,0.055906,-0.051505,-0.039218,0.079851,0.009175,0.235573
1790938057.752841,1790938057.798839,0.352608,7.161257,1.028710,-0.000911,-0.033785,0.370735,0.928124,-1.535,-3.557,43.596,0.055670,-0.046612,-0.054460,0.120333,0.057115,0.204682
1790938057.786187,1790938057.841275,0.355027,7.161634,1.026851,-0.000064,-0.031436,0.373772,0.926988,-1.356,-3.338,43.959,0.056520,-0.042338,-0.064911,0.073459,0.168970,0.165266
1790938057.819535,1790938057.888391,0.356920,7.161995,1.025073,-0.000584,-0.028392,0.375694,0.926309,-1.286,-2.990,44.187,0.059489,-0.043293,-0.050290,0.042562,0.159378,0.083234
1790938057.852882,1790938057.914957,0.359600,7.162512,1.023946,0.000188,-0.026671,0.376427,0.926062,-1.132,-2.840,44.270,0.061491,-0.045874,-0.021356,0.136308,-0.034502,0.001207
1790938057.886230,1790938057.951166,0.361987,7.162956,1.023650,0.003207,-0.027270,0.376141,0.926156,-0.836,-3.034,44.229,0.060150,-0.043239,-0.005881,0.152288,-0.152749,-0.029683
1790938057.919577,1790938057.990929,0.363076,7.163298,1.023625,0.006071,-0.028571,0.376097,0.926120,-0.588,-3.296,44.221,0.055058,-0.031483,-0.008580,0.119259,-0.097357,0.037424
1790938057.952918,1790938058.017442,0.365540,7.163826,1.023352,0.008072,-0.029005,0.377165,0.925657,-0.398,-3.428,44.349,0.053264,-0.021515,-0.014267,0.075584,-0.051549,0.081102
1790938057.986254,1790938058.038893,0.367155,7.164664,1.022942,0.009463,-0.029365,0.378320,0.925161,-0.270,-3.526,44.490,0.049688,-0.014033,-0.017521,0.074518,-0.043027,0.062992
1790938058.019591,1790938058.064879,0.368480,7.165607,1.022400,0.010386,-0.029040,0.379418,0.924711,-0.162,-3.531,44.623,0.043625,-0.005859,-0.022153,0.035101,0.050718,0.083233
1790938058.052927,1790938058.098283,0.369443,7.166567,1.021715,0.009904,-0.027378,0.380928,0.924146,-0.146,-3.333,44.807,0.038760,0.000525,-0.024437,-0.001117,0.152985,0.102407
1790938058.086264,1790938058.133701,0.370266,7.167596,1.021077,0.008515,-0.024850,0.382106,0.923745,-0.187,-3.005,44.950,0.040366,-0.003565,-0.017869,-0.044797,0.167899,0.022511
1790938058.119600,1790938058.193087,0.371319,7.168665,1.020710,0.006521,-0.023287,0.381468,0.924066,-0.328,-2.752,44.871,0.044632,-0.013986,-0.006349,-0.103388,0.076283,-0.114910
1790938058.152936,1790938058.229497,0.370563,7.169476,1.020895,0.005095,-0.023562,0.378524,0.925278,-0.482,-2.720,44.510,0.045745,-0.025405,0.000405,-0.025631,-0.020660,-0.273638
1790938058.186273,1790938058.250348,0.373649,7.170298,1.020850,0.005741,-0.023523,0.373369,0.927367,-0.397,-2.746,43.870,0.049933,-0.039991,-0.001492,0.069182,0.007038,-0.394016
1790938058.219609,1790938058.265160,0.375798,7.170666,1.020801,0.006367,-0.022814,0.366838,0.929983,-0.281,-2.700,43.061,0.052433,-0.042350,-0.006246,0.001003,0.027279,-0.435563
1790938058.252944,1790938058.321165,0.377900,7.170982,1.020681,0.005770,-0.022889,0.360269,0.932550,-0.329,-2.685,42.253,0.052830,-0.037528,-0.005197,-0.088483,-0.015329,-0.403602
1790938058.286281,1790938058.357488,0.377447,7.171997,1.020578,0.004630,-0.023834,0.354282,0.934823,-0.472,-2.742,41.523,0.049644,-0.030488,-0.002754,-0.060792,-0.024917,-0.364181
1790938058.319617,1790938058.388270,0.380297,7.172096,1.020613,0.004320,-0.024059,0.348793,0.936881,-0.498,-2.757,40.852,0.049118,-0.031257,-0.000609,-0.017112,0.012367,-0.347137
1790938058.352953,1790938058.425940,0.380445,7.172408,1.020697,0.004041,-0.024005,0.343150,0.938965,-0.510,-2.743,40.162,0.046160,-0.030486,0.003206,-0.012855,0.009171,-0.384421
1790938058.386289,1790938058.451368,0.382670,7.172546,1.020913,0.003994,-0.023921,0.336469,0.941382,-0.492,-2.735,39.348,0.046400,-0.036777,0.007727,-0.004330,0.010238,-0.486689
1790938058.419625,1790938058.477678,0.383242,7.172695,1.021322,0.004026,-0.023666,0.327622,0.944504,-0.453,-2.714,38.271,0.045067,-0.047143,0.014301,0.010576,0.009170,-0.658200
1790938058.452961,1790938058.500774,0.385829,7.172272,1.022011,0.004688,-0.023721,0.316295,0.948353,-0.351,-2.749,36.898,0.043208,-0.057417,0.021802,0.029751,-0.048353,-0.774317
1790938058.486298,1790938058.548999,0.387136,7.172426,1.022749,0.005476,-0.024687,0.303914,0.952364,-0.262,-2.886,35.404,0.036573,-0.054491,0.020993,-0.007538,-0.078178,-0.783894
1790938058.519634,1790938058.582515,0.387950,7.171944,1.023332,0.005520,-0.025619,0.291557,0.956195,-0.251,-2.993,33.921,0.030458,-0.052332,0.015308,-0.054413,-0.027041,-0.788141
1790938058.552969,1790938058.615147,0.389171,7.171237,1.023674,0.004845,-0.026100,0.278925,0.959946,-0.302,-3.027,32.412,0.025946,-0.052282,0.012324,-0.074652,-0.007864,-0.789199
1790938058.586305,1790938058.644874,0.390207,7.170261,1.023952,0.004106,-0.026513,0.266782,0.963384,-0.358,-3.054,30.967,0.019453,-0.046773,0.010452,-0.066128,-0.024904,-0.707170
1790938058.619641,1790938058.683373,0.390961,7.169363,1.024151,0.002937,-0.027489,0.256592,0.966124,-0.484,-3.131,29.761,0.011698,-0.033550,0.004253,-0.149220,-0.040879,-0.530331
1790938058.652977,1790938058.717443,0.391543,7.168633,1.024081,0.000460,-0.028547,0.249382,0.967984,-0.766,-3.181,28.915,0.004981,-0.018444,-0.005588,-0.185436,0.004930,-0.344972
1790938058.686312,1790938058.757543,0.391898,7.168163,1.023774,-0.002371,-0.028752,0.243939,0.969361,-1.069,-3.129,28.279,0.006422,-0.018788,-0.009591,-0.167325,0.048608,-0.342844
1790938058.719648,1790938058.796170,0.392495,7.167640,1.023501,-0.005085,-0.028389,0.237892,0.970863,-1.342,-3.021,27.571,0.009411,-0.026333,-0.008450,-0.153476,0.073109,-0.393978
1790938058.752984,1790938058.830786,0.393207,7.166807,1.023273,-0.007577,-0.027775,0.231356,0.972443,-1.583,-2.895,26.805,0.010540,-0.034029,-0.003550,-0.135363,0.064589,-0.413157
1790938058.786319,1790938058.859985,0.394163,7.165813,1.023383,-0.009399,-0.027675,0.224264,0.974090,-1.763,-2.849,25.974,0.013006,-0.046739,0.006835,-0.084229,0.003867,-0.465355
1790938058.819655,1790938058.887889,0.395213,7.164188,1.023766,-0.010152,-0.028365,0.216224,0.975879,-1.841,-2.922,25.033,0.013168,-0.057975,0.012992,-0.050136,-0.051524,-0.520753
1790938058.852991,1790938058.916521,0.396436,7.162541,1.024321,-0.010548,-0.029451,0.207694,0.977694,-1.886,-3.050,24.037,0.012969,-0.062375,0.014163,-0.052267,-0.033415,-0.514361
1790938058.886326,1790938058.943019,0.397601,7.160523,1.024835,-0.010881,-0.029976,0.199733,0.979331,-1.910,-3.116,23.107,0.013466,-0.060950,0.014729,-0.035218,-0.012106,-0.452577
1790938058.919662,1790938058.980487,0.398781,7.158895,1.025441,-0.011151,-0.030276,0.192822,0.980703,-1.925,-3.158,22.300,0.013352,-0.057600,0.015171,-0.027762,0.004937,-0.389726
1790938058.953000,1790938059.016205,0.400036,7.157054,1.025938,-0.011358,-0.030150,0.186677,0.981893,-1.926,-3.151,21.582,0.013846,-0.057159,0.014934,-0.013908,0.018788,-0.363098
1790938058.986338,1790938059.052318,0.401108,7.155307,1.026580,-0.011604,-0.029875,0.180454,0.983061,-1.928,-3.127,20.856,0.014216,-0.062076,0.017237,-0.029887,0.029440,-0.399317
1790938059.019677,1790938059.086210,0.402390,7.153058,1.027193,-0.011975,-0.029505,0.173268,0.984360,-1.940,-3.092,20.018,0.011896,-0.071814,0.018833,-0.033078,0.032640,-0.483481
1790938059.053016,1790938059.127249,0.403483,7.150786,1.027934,-0.012098,-0.028962,0.164780,0.985831,-1.917,-3.045,19.029,0.009190,-0.082360,0.018231,0.010597,0.046488,-0.555919
1790938059.086354,1790938059.166665,0.404679,7.147853,1.028556,-0.011550,-0.028230,0.155313,0.987394,-1.812,-2.990,17.926,0.004901,-0.091161,0.019118,0.048951,0.035839,-0.583623
1790938059.119692,1790938059.199740,0.405613,7.144860,1.029319,-0.010362,-0.027710,0.145709,0.988885,-1.639,-2.968,16.807,-0.000591,-0.095481,0.019631,0.056409,0.027316,-0.578295
1790938059.153031,1790938059.238769,0.406493,7.141618,1.029912,-0.009584,-0.027150,0.136278,0.990252,-1.514,-2.932,15.710,-0.004328,-0.095875,0.016293,-0.000048,0.042236,-0.553800
1790938059.186369,1790938059.277096,0.407159,7.138469,1.030436,-0.009822,-0.026297,0.127666,0.991420,-1.503,-2.845,14.713,-0.008400,-0.091216,0.010216,-0.028811,0.078455,-0.479228
1790938059.219708,1790938059.317227,0.407727,7.135290,1.030644,-0.010415,-0.024945,0.120120,0.992391,-1.530,-2.694,13.839,-0.013915,-0.089622,0.005482,-0.042656,0.092309,-0.433424
1790938059.253047,1790938059.358114,0.407847,7.132220,1.030845,-0.011082,-0.023617,0.113178,0.993232,-1.569,-2.545,13.036,-0.019747,-0.088412,0.001052,-0.044788,0.098699,-0.398269
1790938059.286385,1790938059.392000,0.407867,7.129237,1.030782,-0.011933,-0.021891,0.106895,0.993958,-1.629,-2.348,12.310,-0.023818,-0.087037,-0.000275,-0.037328,0.127467,-0.365248
1790938059.319724,1790938059.427311,0.407662,7.125923,1.030962,-0.012433,-0.019842,0.100679,0.994643,-1.647,-2.119,11.590,-0.024094,-0.089535,0.008668,-0.011761,0.122139,-0.389749
1790938059.353062,1790938059.460189,0.407741,7.122576,1.031442,-0.012797,-0.018192,0.094123,0.995312,-1.657,-1.937,10.832,-0.023840,-0.087955,0.022230,-0.041586,0.071011,-0.386556
1790938059.386401,1790938059.495979,0.407430,7.119592,1.032482,-0.013089,-0.017825,0.087676,0.995904,-1.674,-1.903,10.090,-0.021795,-0.085228,0.035666,-0.005367,-0.017408,-0.390816
1790938059.419739,1790938059.526453,0.407678,7.116520,1.033822,-0.012843,-0.018411,0.081007,0.996461,-1.639,-1.983,9.324,-0.020649,-0.084096,0.043521,0.013809,-0.035513,-0.406800
1790938059.453078,1790938059.567155,0.407337,7.113691,1.035421,-0.012545,-0.018874,0.074324,0.996977,-1.595,-2.050,8.556,-0.020639,-0.080862,0.048286,-0.009626,-0.008884,-0.392950
1790938059.486417,1790938059.617076,0.407601,7.110826,1.037152,-0.012530,-0.019208,0.067889,0.997429,-1.583,-2.098,7.816,-0.016543,-0.075655,0.055828,-0.002168,-0.035510,-0.378039
1790938059.519755,1790938059.659749,0.407212,7.108395,1.039173,-0.012343,-0.020120,0.061875,0.997805,-1.555,-2.214,7.127,-0.016235,-0.067850,0.060627,-0.017083,-0.067470,-0.342883
1790938059.553093,1790938059.702954,0.407497,7.105963,1.041204,-0.012723,-0.021555,0.056346,0.998098,-1.596,-2.384,6.495,-0.013404,-0.061607,0.062189,-0.046909,-0.095163,-0.317319
1790938059.586431,1790938059.746412,0.407104,7.103981,1.043300,-0.013116,-0.023077,0.051115,0.998340,-1.638,-2.564,5.899,-0.013464,-0.057755,0.060247,-0.030931,-0.073859,-0.318385
1790938059.619769,1790938059.783712,0.407459,7.101722,1.045224,-0.013457,-0.024320,0.045737,0.998567,-1.669,-2.713,5.284,-0.011092,-0.055347,0.057080,-0.040517,-0.071723,-0.320520
1790938059.653108,1790938059.819152,0.406993,7.099974,1.047121,-0.014035,-0.025476,0.040589,0.998752,-1.727,-2.852,4.697,-0.012428,-0.049459,0.053995,-0.046908,-0.052548,-0.288559
1790938059.686446,1790938059.852008,0.407345,7.097915,1.048810,-0.014371,-0.026297,0.036011,0.998902,-1.756,-2.952,4.175,-0.010289,-0.044303,0.048878,-0.024535,-0.037629,-0.248083
1790938059.719785,1790938059.876913,0.406909,7.096659,1.050357,-0.014595,-0.026781,0.032120,0.999019,-1.772,-3.013,3.730,-0.012289,-0.037820,0.041123,-0.019211,-0.007804,-0.219320
1790938059.753123,1790938059.917335,0.406429,7.095480,1.051557,-0.014776,-0.026702,0.028703,0.999122,-1.782,-3.010,3.338,-0.016659,-0.029219,0.029067,-0.030929,0.031612,-0.176710
1790938059.786461,1790938059.958298,0.406599,7.093942,1.052251,-0.015639,-0.025810,0.026023,0.999206,-1.870,-2.910,3.031,-0.018633,-0.025324,0.017044,-0.096977,0.079555,-0.141559
1790938059.819800,1790938059.993989,0.405886,7.093193,1.052785,-0.017305,-0.024634,0.023668,0.999266,-2.051,-2.775,2.763,-0.021802,-0.023180,0.016736,-0.077801,0.048660,-0.129841
1790938059.853138,1790938060.024945,0.405090,7.092372,1.053388,-0.018017,-0.024283,0.021654,0.999308,-2.126,-2.737,2.533,-0.022832,-0.018965,0.019130,-0.016015,-0.000343,-0.100013
1790938059.886476,1790938060.064559,0.404336,7.091701,1.053971,-0.017938,-0.024460,0.020048,0.999339,-2.113,-2.761,2.350,-0.022139,-0.018149,0.016324,0.005291,-0.013125,-0.098949
1790938059.919815,1790938060.096270,0.404268,7.090291,1.054398,-0.017840,-0.024501,0.018164,0.999376,-2.097,-2.770,2.133,-0.021624,-0.021848,0.013431,0.007422,0.004989,-0.120262
1790938059.953153,1790938060.118077,0.403501,7.089606,1.054825,-0.017612,-0.024336,0.016106,0.999419,-2.065,-2.756,1.896,-0.022566,-0.021868,0.013239,0.007422,0.015640,-0.131978
1790938059.986490,1790938060.139370,0.402775,7.088769,1.055300,-0.017334,-0.024259,0.013781,0.999460,-2.026,-2.752,1.629,-0.021761,-0.022509,0.015684,0.015944,-0.009926,-0.147959
1790938060.019826,1790938060.157373,0.402010,7.087997,1.055827,-0.017033,-0.024775,0.011372,0.999483,-1.986,-2.816,1.353,-0.022780,-0.020217,0.016758,0.012747,-0.050407,-0.134109
1790938060.053163,1790938060.182972,0.401150,7.087305,1.056351,-0.016595,-0.025694,0.009213,0.999490,-1.931,-2.927,1.106,-0.024230,-0.017909,0.014535,0.017009,-0.041884,-0.127719
1790938060.086500,1790938060.211554,0.400459,7.086630,1.056721,-0.016635,-0.026060,0.006938,0.999498,-1.929,-2.973,0.846,-0.023328,-0.017911,0.009017,-0.030928,0.010315,-0.147959
1790938060.119837,1790938060.243733,0.400631,7.084551,1.056884,-0.017175,-0.025492,0.004294,0.999518,-1.983,-2.913,0.543,-0.020104,-0.020910,0.006791,-0.044777,0.044408,-0.165011
1790938060.153174,1790938060.270135,0.399817,7.084127,1.057162,-0.017872,-0.024976,0.001477,0.999527,-2.054,-2.859,0.221,-0.018179,-0.020938,0.011050,-0.052233,0.011384,-0.166075
1790938060.186511,1790938060.293965,0.399323,7.083245,1.057667,-0.018549,-0.025256,-0.001476,0.999508,-2.123,-2.897,-0.116,-0.017248,-0.022076,0.018550,-0.037320,-0.036553,-0.179924
1790938060.219848,1790938060.315522,0.398766,7.082468,1.058320,-0.018981,-0.026258,-0.004305,0.999466,-2.164,-3.018,-0.437,-0.017200,-0.018046,0.019798,-0.021340,-0.069576,-0.165010
1790938060.253185,1790938060.349713,0.397849,7.082018,1.058874,-0.019236,-0.027345,-0.007100,0.999416,-2.185,-3.149,-0.754,-0.017887,-0.015321,0.013530,-0.018143,-0.044008,-0.172467
1790938060.286522,1790938060.387536,0.398897,7.080701,1.059008,0.019236,0.027671,0.009845,-0.999384,-2.176,-3.192,-1.068,-0.016411,-0.009582,0.004651,-0.011752,0.002867,-0.144776
1790938060.319859,1790938060.422789,0.397534,7.080120,1.059163,0.019421,0.027294,0.012039,-0.999366,-2.190,-3.154,-1.320,-0.017560,-0.002804,-0.000326,-0.013883,0.045479,-0.118143
1790938060.353196,1790938060.447870,0.396997,7.080047,1.059103,0.019800,0.026717,0.013664,-0.999354,-2.229,-3.092,-1.507,-0.017409,0.007781,-0.000731,-0.038384,0.020976,-0.069139
1790938060.386532,1790938060.475354,0.396453,7.080206,1.059047,0.020367,0.026585,0.014555,-0.999333,-2.292,-3.080,-1.607,-0.016653,0.016701,0.000505,-0.028797,-0.000329,-0.038246
1790938060.419869,1790938060.502037,0.395964,7.080665,1.059017,0.020664,0.026683,0.015210,-0.999315,-2.324,-3.093,-1.681,-0.014467,0.021460,0.000488,-0.020274,-0.003524,-0.049966
1790938060.453205,1790938060.547147,0.395571,7.081292,1.058965,0.020786,0.026649,0.016254,-0.999297,-2.335,-3.092,-1.801,-0.012792,0.022887,-0.000523,0.009552,0.007128,-0.081925
1790938060.486542,1790938060.592449,0.397014,7.080309,1.058822,0.020299,0.026407,0.017887,-0.999285,-2.274,-3.067,-1.990,-0.008191,0.020695,-0.003813,0.015945,0.023110,-0.109625
1790938060.519878,1790938060.623932,0.396417,7.081393,1.058633,0.020033,0.025927,0.019699,-0.999269,-2.239,-3.015,-2.200,-0.007630,0.023586,-0.004426,0.021270,0.036959,-0.105365
1790938060.553215,1790938060.649515,0.396209,7.082183,1.058449,0.019543,0.025468,0.021226,-0.999259,-2.179,-2.965,-2.377,-0.004592,0.026802,-0.004429,0.025532,0.024175,-0.074471
1790938060.586551,1790938060.675802,0.396187,7.082925,1.058216,0.019201,0.025176,0.022321,-0.999249,-2.137,-2.933,-2.505,-0.001901,0.026801,-0.007224,0.018074,0.022046,-0.065948
1790938060.619888,1790938060.702798,0.396322,7.083625,1.057899,0.018819,0.024695,0.023521,-0.999241,-2.091,-2.880,-2.644,0.003267,0.023031,-0.009898,0.020205,0.036960,-0.076601
1790938060.653225,1790938060.729657,0.396638,7.084235,1.057545,0.018956,0.024097,0.024403,-0.999232,-2.106,-2.813,-2.746,0.007225,0.024337,-0.010697,-0.050102,0.024175,-0.015880
1790938060.686561,1790938060.756905,0.397083,7.084725,1.057210,0.019733,0.024053,0.024524,-0.999215,-2.195,-2.811,-2.758,0.012174,0.019688,-0.009568,-0.037319,-0.025891,-0.010553
1790938060.719898,1790938060.783790,0.397631,7.085245,1.056876,0.020176,0.024975,0.025053,-0.999170,-2.242,-2.919,-2.816,0.018107,0.009046,-0.009611,-0.023470,-0.078090,-0.058490
1790938060.753234,1790938060.810491,0.398547,7.085399,1.056500,0.020257,0.026151,0.026423,-0.999103,-2.244,-3.057,-2.970,0.024719,-0.002072,-0.013840,0.021270,-0.052522,-0.112819
1790938060.786570,1790938060.844311,0.399667,7.085189,1.055969,0.019565,0.026646,0.028190,-0.999056,-2.157,-3.115,-3.174,0.029282,-0.007745,-0.022164,0.040446,0.009262,-0.095773
1790938060.819907,1790938060.893827,0.400808,7.084636,1.055155,0.019046,0.025837,0.029501,-0.999049,-2.097,-3.024,-3.327,0.031601,-0.013410,-0.032044,0.022336,0.096617,-0.061684
1790938060.853243,1790938060.931946,0.403723,7.082386,1.054103,0.018383,0.023868,0.030382,-0.999084,-2.024,-2.798,-3.434,0.038486,-0.019618,-0.037178,0.036186,0.133903,-0.035050
1790938060.886579,1790938060.959336,0.405610,7.082241,1.052905,0.018138,0.021606,0.030551,-0.999135,-2.003,-2.538,-3.458,0.046331,-0.019022,-0.035035,-0.030928,0.126446,0.034190
1790938060.919915,1790938060.984453,0.407329,7.081300,1.051948,0.019139,0.019854,0.029317,-0.999190,-2.127,-2.338,-3.318,0.057384,-0.016152,-0.026970,-0.079931,0.062529,0.133260
1790938060.953251,1790938061.010445,0.409340,7.080220,1.051304,0.020142,0.019261,0.026493,-0.999260,-2.250,-2.267,-2.993,0.072765,-0.014766,-0.018730,-0.031992,-0.007781,0.205697
1790938060.986586,1790938061.034208,0.411963,7.079289,1.050806,0.020259,0.019433,0.023080,-0.999339,-2.271,-2.280,-2.601,0.091605,-0.020722,-0.019250,0.017010,-0.013105,0.187586
1790938061.019922,1790938061.058648,0.415480,7.078535,1.050245,0.019841,0.019416,0.020354,-0.999407,-2.229,-2.270,-2.289,0.113005,-0.025750,-0.023107,0.043642,0.009265,0.134322
1790938061.053257,1790938061.108880,0.419823,7.077968,1.049597,0.019060,0.019248,0.018649,-0.999459,-2.144,-2.246,-2.096,0.135619,-0.031507,-0.025496,0.059622,0.003938,0.068276
1790938061.086592,1790938061.149169,0.425076,7.077129,1.048944,0.017832,0.019290,0.018038,-0.999492,-2.004,-2.247,-2.029,0.157859,-0.036777,-0.025446,0.084122,-0.017366,0.002229
1790938061.119928,1790938061.191005,0.432976,7.075217,1.048124,0.016284,0.019879,0.017983,-0.999508,-1.826,-2.311,-2.025,0.174496,-0.037989,-0.027513,0.096907,-0.039736,0.016077
1790938061.153263,1790938061.222428,0.438758,7.073878,1.047414,0.014946,0.020064,0.017364,-0.999536,-1.674,-2.329,-1.956,0.176837,-0.037179,-0.034438,0.045772,0.043354,0.059755
1790938061.186598,1790938061.257596,0.444488,7.072199,1.046578,0.014713,0.018173,0.016116,-0.999597,-1.653,-2.109,-1.817,0.179539,-0.040369,-0.034070,0.005291,0.186104,0.089582
1790938061.219934,1790938061.287958,0.450426,7.070486,1.046021,0.014561,0.014684,0.014348,-0.999683,-1.645,-1.706,-1.620,0.185911,-0.043354,-0.015412,0.018073,0.191427,0.137519
1790938061.253268,1790938061.317715,0.456515,7.068710,1.046115,0.014291,0.012686,0.011624,-0.999750,-1.621,-1.473,-1.311,0.194723,-0.041836,0.008994,-0.010688,0.009263,0.198240
1790938061.286604,1790938061.351448,0.463135,7.067046,1.046822,0.014737,0.014173,0.008325,-0.999756,-1.676,-1.638,-0.930,0.205118,-0.046319,0.023707,-0.025601,-0.193138,0.173737
1790938061.319939,1790938061.381607,0.470527,7.065152,1.047690,0.015134,0.017949,0.006444,-0.999704,-1.722,-2.068,-0.708,0.215807,-0.060908,0.014182,-0.017078,-0.224030,0.022468
1790938061.353273,1790938061.419410,0.478399,7.063514,1.048048,0.015375,0.020804,0.007107,-0.999640,-1.746,-2.396,-0.778,0.224619,-0.075193,-0.012489,0.015945,-0.096194,-0.109623
1790938061.386608,1790938061.461220,0.488529,7.060609,1.047224,0.014305,0.021224,0.009438,-0.999628,-1.617,-2.447,-1.047,0.232640,-0.083416,-0.035764,0.102234,0.048685,-0.167147
1790938061.419943,1790938061.484104,0.496422,7.057762,1.046437,0.011987,0.019791,0.012316,-0.999656,-1.346,-2.285,-1.385,0.237080,-0.084737,-0.039254,0.158693,0.111535,-0.162887
1790938061.453278,1790938061.518272,0.504290,7.054795,1.045668,0.009602,0.018145,0.014147,-0.999689,-1.071,-2.095,-1.602,0.240297,-0.073251,-0.027695,0.106493,0.083837,-0.029724
1790938061.486612,1790938061.553056,0.512212,7.051974,1.045359,0.008210,0.017574,0.013286,-0.999724,-0.914,-2.026,-1.507,0.243472,-0.057466,-0.011145,0.039381,-0.022690,0.144980
1790938061.519947,1790938061.588405,0.519788,7.049635,1.045592,-0.008205,-0.018998,-0.009536,0.999740,-0.920,-2.186,-1.075,0.241745,-0.045301,0.001397,-0.037319,-0.147328,0.293053
1790938061.553282,1790938061.624182,0.527130,7.047510,1.046260,-0.009233,-0.021659,-0.004505,0.999713,-1.048,-2.487,-0.494,0.239747,-0.043791,0.003173,-0.072474,-0.156915,0.299443
1790938061.586617,1790938061.656683,0.534947,7.045875,1.046741,-0.010612,-0.023720,0.000164,0.999662,-1.218,-2.718,0.048,0.235635,-0.049305,0.001472,-0.058624,-0.089801,0.253635
1790938061.619951,1790938061.688491,0.542972,7.044478,1.047272,-0.011448,-0.024732,0.003636,0.999622,-1.323,-2.829,0.450,0.229985,-0.059317,0.001549,-0.017079,-0.030147,0.156693
1790938061.653286,1790938061.726716,0.550861,7.042880,1.047817,-0.011396,-0.024873,0.005737,0.999609,-1.324,-2.843,0.691,0.226001,-0.066384,0.004990,0.026596,0.002875,0.103431
1790938061.686620,1790938061.764798,0.560346,7.041115,1.048328,-0.010882,-0.024785,0.007605,0.999605,-1.270,-2.831,0.903,0.223954,-0.064639,0.007210,0.037248,-0.000319,0.123672
1790938061.719955,1790938061.793823,0.567867,7.039158,1.048981,-0.010270,-0.025044,0.009767,0.999586,-1.206,-2.858,1.150,0.224128,-0.062197,0.011060,0.036184,-0.052516,0.128999
1790938061.753289,1790938061.827635,0.575325,7.037258,1.049752,-0.010064,-0.026472,0.012191,0.999525,-1.191,-3.019,1.429,0.225513,-0.055703,0.009856,-0.005362,-0.126022,0.179067
1790938061.786623,1790938061.860403,0.582710,7.035493,1.050429,-0.010011,-0.028888,0.015721,0.999409,-1.201,-3.292,1.837,0.227710,-0.047918,0.003514,0.035118,-0.157980,0.228070
1790938061.819957,1790938061.900561,0.590321,7.034125,1.050844,-0.009201,-0.031266,0.019432,0.999280,-1.125,-3.562,2.263,0.231231,-0.043433,-0.008640,0.054294,-0.113237,0.203568
1790938061.853292,1790938061.946778,0.599550,7.033609,1.050729,-0.008391,-0.032236,0.022627,0.999189,-1.047,-3.672,2.628,0.235287,-0.036034,-0.020405,0.054292,0.000748,0.172674
1790938061.886626,1790938061.976806,0.608005,7.032766,1.050504,-0.007657,-0.031391,0.025383,0.999155,-0.970,-3.574,2.941,0.238383,-0.029298,-0.025791,0.051097,0.096625,0.157761
1790938061.919960,1790938062.018271,0.616180,7.032510,1.050218,-0.006759,-0.029027,0.027874,0.999167,-0.868,-3.304,3.221,0.242663,-0.024159,-0.022921,0.066010,0.185042,0.141781
1790938061.953300,1790938062.059302,0.624518,7.032446,1.050117,-0.006042,-0.025900,0.030394,0.999184,-0.783,-2.946,3.505,0.252713,-0.018633,-0.010212,0.040443,0.160540,0.146043
1790938061.986650,1790938062.100863,0.633799,7.032646,1.050551,-0.005742,-0.024239,0.032162,0.999172,-0.748,-2.755,3.705,0.268237,-0.020812,0.002874,0.007417,0.026307,0.043772
1790938062.020000,1790938062.128798,0.643053,7.032684,1.051048,-0.005314,-0.025069,0.031633,0.999171,-0.700,-2.852,3.644,0.286825,-0.023449,0.001195,0.041505,-0.120699,-0.097909
1790938062.053350,1790938062.160828,0.652912,7.032974,1.051246,-0.004554,-0.026995,0.029831,0.999180,-0.615,-3.077,3.437,0.302728,-0.019477,-0.020580,0.028722,-0.087675,-0.118149
1790938062.086700,1790938062.193613,0.663328,7.033158,1.050756,-0.003998,-0.027695,0.027776,0.999222,-0.547,-3.160,3.200,0.320108,-0.017208,-0.043179,0.023394,-0.000322,-0.126671
1790938062.120050,1790938062.234398,0.674334,7.033324,1.049709,-0.003984,-0.027623,0.025777,0.999278,-0.539,-3.153,2.970,0.338847,-0.012828,-0.054967,-0.035195,-0.007780,-0.112823
1790938062.153400,1790938062.266876,0.685932,7.033446,1.048490,-0.004785,-0.028304,0.024296,0.999293,-0.628,-3.230,2.803,0.357894,-0.010172,-0.054789,-0.054370,-0.087676,-0.060623
1790938062.186750,1790938062.304109,0.698072,7.033554,1.047357,-0.005474,-0.030244,0.023693,0.999247,-0.710,-3.450,2.738,0.370755,-0.008823,-0.054770,-0.041586,-0.122829,-0.014816
1790938062.220100,1790938062.334172,0.710506,7.033638,1.046196,-0.006528,-0.031430,0.023506,0.999208,-0.834,-3.584,2.721,0.373241,-0.009731,-0.062149,-0.126810,0.026311,0.005423
1790938062.253450,1790938062.365333,0.723267,7.033785,1.045054,-0.009430,-0.029309,0.023796,0.999243,-1.162,-3.332,2.762,0.375072,-0.011059,-0.054202,-0.204576,0.250022,0.028858
1790938062.286801,1790938062.397852,0.735921,7.034054,1.044584,-0.012554,-0.024676,0.023408,0.999343,-1.506,-2.793,2.720,0.378345,-0.024714,-0.016396,-0.140659,0.260674,-0.079801
1790938062.320152,1790938062.423023,0.748498,7.034313,1.045306,-0.014539,-0.022101,0.020741,0.999435,-1.719,-2.497,2.415,0.378846,-0.036521,0.023964,-0.106571,0.022048,-0.211898
1790938062.353503,1790938062.470276,0.760938,7.034093,1.046893,-0.016902,-0.023245,0.017274,0.999438,-1.984,-2.630,2.026,0.375656,-0.033345,0.037435,-0.200318,-0.137744,-0.179938
1790938062.386853,1790938062.510842,0.773172,7.034113,1.048504,-0.020177,-0.025986,0.014278,0.999357,-2.357,-2.944,1.698,0.374886,-0.028616,0.022723,-0.184341,-0.161183,-0.184198
1790938062.420204,1790938062.536346,0.785656,7.033237,1.049556,-0.022562,-0.028322,0.010939,0.999284,-2.624,-3.217,1.328,0.373125,-0.023779,-0.008851,-0.128946,-0.088743,-0.222551
1790938062.453555,1790938062.583060,0.798158,7.032879,1.049528,-0.024738,-0.029268,0.006797,0.999242,-2.861,-3.334,0.863,0.374746,-0.016984,-0.037796,-0.166232,-0.013108,-0.265161
1790938062.486907,1790938062.619350,0.810719,7.034058,1.048634,-0.027929,-0.029313,0.002601,0.999177,-3.214,-3.350,0.392,0.374994,0.000792,-0.050812,-0.212043,0.026304,-0.202305
1790938062.520258,1790938062.646774,0.823374,7.033857,1.047676,0.031216,0.028594,-0.000122,-0.999104,-3.583,-3.275,0.116,0.371491,0.014393,-0.049121,-0.181148,0.073177,-0.087254
1790938062.553609,1790938062.682974,0.835710,7.034058,1.046867,0.033573,0.027264,0.001242,-0.999064,-3.848,-3.128,-0.037,0.364345,0.017645,-0.037354,-0.086336,0.087026,-0.082994
1790938062.586961,1790938062.718465,0.846639,7.033949,1.046439,0.034093,0.025702,0.002777,-0.999084,-3.903,-2.955,-0.218,0.353053,0.018956,-0.016858,0.029779,0.113656,-0.095776
1790938062.620312,1790938062.743465,0.858649,7.034613,1.046746,0.033012,0.024214,0.004375,-0.999152,-3.775,-2.790,-0.410,0.341915,0.024432,0.003725,0.073457,0.043347,-0.078733
1790938062.653664,1790938062.774312,0.869804,7.035463,1.047486,0.031658,0.024638,0.005302,-0.999181,-3.617,-2.841,-0.518,0.328313,0.033328,0.011706,0.085175,-0.102597,-0.035054
1790938062.687014,1790938062.803848,0.880524,7.036470,1.048160,0.030614,0.027265,0.005771,-0.999143,-3.495,-3.143,-0.566,0.315324,0.034144,-0.000931,0.024453,-0.193146,-0.039317
1790938062.720366,1790938062.832748,0.890834,7.037453,1.048219,0.030647,0.030134,0.006881,-0.999052,-3.493,-3.476,-0.683,0.305647,0.026300,-0.027409,-0.013897,-0.110052,-0.105365
1790938062.753718,1790938062.869990,0.900837,7.038120,1.047462,0.030982,0.030578,0.008930,-0.999012,-3.524,-3.534,-0.916,0.297102,0.013789,-0.053461,-0.022420,0.088091,-0.139455
1790938062.787070,1790938062.902973,0.910573,7.038259,1.046035,0.031172,0.027554,0.011421,-0.999069,-3.540,-3.197,-1.211,0.290725,0.000965,-0.066849,-0.009636,0.283038,-0.141584
1790938062.820422,1790938062.951579,0.920179,7.037909,1.044492,0.030508,0.021924,0.013823,-0.999198,-3.464,-2.559,-1.508,0.290243,-0.011812,-0.054851,0.081978,0.372522,-0.127736
1790938062.853775,1790938062.987035,0.929606,7.037999,1.043417,0.028648,0.016442,0.016259,-0.999322,-3.254,-1.937,-1.809,0.293496,-0.022912,-0.025489,0.110737,0.260664,-0.143714
1790938062.887127,1790938063.027358,0.939401,7.036635,1.043278,0.026942,0.014130,0.018354,-0.999369,-3.058,-1.675,-2.060,0.301836,-0.023817,-0.004734,0.086235,-0.004594,-0.088318
1790938062.920479,1790938063.071765,0.948270,7.036053,1.043337,0.025702,0.015269,0.018871,-0.999375,-2.913,-1.805,-2.118,0.311979,-0.017267,-0.014845,0.071320,-0.088755,0.034191
1790938062.953827,1790938063.102310,0.960038,7.034654,1.042757,0.024582,0.015896,0.017331,-0.999421,-2.786,-1.870,-1.941,0.329586,-0.014159,-0.046920,0.063863,0.035882,0.153503
1790938062.987164,1790938063.135660,0.971490,7.033582,1.041098,0.023433,0.014171,0.014078,-0.999526,-2.663,-1.661,-1.575,0.350472,-0.013227,-0.074205,0.085170,0.156261,0.233401
1790938063.020502,1790938063.168726,0.983949,7.032491,1.038923,0.021417,0.011518,0.010412,-0.999650,-2.441,-1.345,-1.165,0.378609,-0.022743,-0.076787,0.176784,0.140282,0.192921
1790938063.053840,1790938063.193880,0.996953,7.031488,1.036883,0.018052,0.009800,0.007847,-0.999758,-2.060,-1.139,-0.879,0.409996,-0.034736,-0.061978,0.209809,0.048666,0.106632
1790938063.087177,1790938063.223600,1.010754,7.030262,1.035415,0.014843,0.009589,0.006727,-0.999821,-1.694,-1.110,-0.755,0.431745,-0.048202,-0.042669,0.173587,-0.000337,0.022474
1790938063.120514,1790938063.266643,1.025298,7.028639,1.034750,0.012628,0.009046,0.006575,-0.999858,-1.440,-1.046,-0.740,0.438400,-0.059838,-0.015673,0.084101,0.093408,0.017147
1790938063.153852,1790938063.298677,1.039304,7.027898,1.035034,0.011221,0.006438,0.005600,-0.999901,-1.282,-0.745,-0.633,0.439363,-0.065405,0.031632,0.102208,0.223375,0.107700
1790938063.187189,1790938063.323393,1.054161,7.025234,1.037399,0.009331,0.002808,0.003108,-0.999948,-1.068,-0.325,-0.353,0.442396,-0.077477,0.098619,0.112860,0.125368,0.182270
1790938063.220526,1790938063.360511,1.069019,7.022479,1.041777,0.007514,0.003396,0.000185,-0.999966,-0.861,-0.389,-0.018,0.450956,-0.087630,0.154400,0.104338,-0.276247,0.151376
1790938063.253864,1790938063.393819,1.084475,7.019602,1.047384,-0.006076,-0.010589,0.001805,0.999924,-0.699,-1.212,0.214,0.460732,-0.095569,0.160176,0.057465,-0.566007,0.070414
1790938063.287201,1790938063.430554,1.100473,7.016984,1.052698,-0.005476,-0.020148,0.002299,0.999779,-0.633,-2.307,0.276,0.467565,-0.097462,0.115442,-0.001125,-0.526589,-0.002025
1790938063.320539,1790938063.476010,1.116173,7.014043,1.056271,-0.005736,-0.027412,0.002569,0.999604,-0.666,-3.140,0.313,0.465278,-0.087177,0.049756,-0.014974,-0.315661,0.064021
1790938063.353876,1790938063.512797,1.131393,7.012834,1.057596,-0.006200,-0.030910,0.004829,0.999491,-0.729,-3.539,0.576,0.452836,-0.069042,-0.005412,-0.034153,-0.093012,0.207838
1790938063.387214,1790938063.555993,1.146178,7.010385,1.058008,-0.007054,-0.031006,0.008573,0.999458,-0.840,-3.546,1.009,0.439055,-0.067835,-0.027078,-0.033085,0.074236,0.219557
1790938063.420551,1790938063.594365,1.160380,7.008440,1.057549,-0.007367,-0.029405,0.012058,0.999468,-0.886,-3.359,1.408,0.429907,-0.071960,-0.016358,0.006330,0.094481,0.193989
1790938063.453888,1790938063.628447,1.174598,7.006361,1.058241,-0.007125,-0.028351,0.015363,0.999455,-0.867,-3.236,1.786,0.415928,-0.073205,0.006306,0.024441,0.008192,0.213166
1790938063.487225,1790938063.656749,1.188130,7.004411,1.059508,-0.006985,-0.029607,0.019265,0.999352,-0.867,-3.377,2.234,0.396119,-0.067020,0.020594,0.006330,-0.194213,0.247256
1790938063.520563,1790938063.695466,1.200914,7.002867,1.060946,-0.006986,-0.033935,0.023612,0.999121,-0.894,-3.869,2.738,0.375345,-0.056195,0.014120,0.008461,-0.309265,0.273888
1790938063.553900,1790938063.729774,1.212134,7.000627,1.061537,-0.006917,-0.038497,0.028482,0.998829,-0.920,-4.388,3.302,0.357056,-0.044596,-0.016582,-0.005382,-0.194212,0.311172
1790938063.587236,1790938063.774526,1.223683,6.999982,1.061398,-0.007213,-0.039435,0.033486,0.998635,-0.980,-4.490,3.879,0.343198,-0.038689,-0.049786,0.016988,0.106200,0.256843
1790938063.620573,1790938063.810293,1.233796,6.999164,1.060187,-0.006722,-0.035986,0.036841,0.998650,-0.924,-4.093,4.258,0.332669,-0.037996,-0.062439,0.064928,0.306472,0.151377
1790938063.653910,1790938063.840840,1.246055,6.999065,1.059056,-0.005952,-0.030320,0.039136,0.998756,-0.819,-3.445,4.513,0.326703,-0.029889,-0.048147,0.060664,0.344824,0.140725
1790938063.687248,1790938063.884399,1.256930,6.999142,1.058627,-0.005198,-0.025650,0.041507,0.998795,-0.718,-2.912,4.778,0.324744,-0.024969,-0.012192,0.063859,0.149875,0.131137
1790938063.720585,1790938063.921571,1.267754,6.999690,1.058988,-0.004540,-0.025046,0.043251,0.998740,-0.645,-2.845,4.975,0.327249,-0.021564,0.007577,0.018048,-0.096208,0.062961
1790938063.753922,1790938063.952809,1.278698,7.000156,1.059625,-0.004685,-0.027512,0.043731,0.998653,-0.675,-3.126,5.033,0.332747,-0.018080,-0.007329,-0.036281,-0.167582,-0.018000
1790938063.787259,1790938063.986497,1.289744,7.000557,1.059460,-0.004836,-0.029555,0.042528,0.998646,-0.699,-3.361,4.898,0.342005,-0.017230,-0.042943,0.001005,-0.039747,-0.137314
1790938063.820596,1790938064.019509,1.301233,7.001414,1.058078,-0.004896,-0.029099,0.039909,0.998768,-0.695,-3.310,4.596,0.354651,-0.008943,-0.080830,-0.041608,0.100870,-0.161815
1790938063.853933,1790938064.055926,1.313149,7.002257,1.055732,-0.006232,-0.026962,0.037669,0.998907,-0.831,-3.061,4.341,0.372975,0.004133,-0.095966,-0.112982,0.143482,-0.090441
1790938063.887269,1790938064.091354,1.325866,7.003525,1.053356,-0.008270,-0.025435,0.036792,0.998965,-1.055,-2.878,4.245,0.397374,0.014057,-0.082457,-0.114049,0.001798,-0.014804
1790938063.920606,1790938064.126921,1.339333,7.005011,1.051560,-0.009737,-0.026675,0.036528,0.998929,-1.228,-3.014,4.221,0.417795,0.016864,-0.066470,-0.067175,-0.126037,-0.007348
1790938063.953944,1790938064.161739,1.353396,7.006628,1.050206,-0.010803,-0.028334,0.036480,0.998874,-1.357,-3.200,4.221,0.431557,0.018441,-0.061166,-0.066110,-0.036552,-0.006282
1790938063.987283,1790938064.196310,1.367660,7.008352,1.048990,-0.011501,-0.027637,0.035759,0.998912,-1.432,-3.118,4.139,0.435813,0.015648,-0.059267,-0.008584,0.157331,-0.089375
1790938064.020620,1790938064.233174,1.381914,7.010104,1.047966,-0.011538,-0.023430,0.033482,0.999098,-1.412,-2.639,3.871,0.436514,0.010573,-0.044022,0.003133,0.362932,-0.187382
1790938064.053959,1790938064.279982,1.396177,7.012234,1.047701,-0.011650,-0.017085,0.029841,0.999341,-1.393,-1.917,3.444,0.440696,0.010519,-0.004218,0.003128,0.361866,-0.234256
1790938064.087297,1790938064.324752,1.409763,7.014781,1.048472,-0.011881,-0.013047,0.025716,0.999514,-1.400,-1.459,2.965,0.440737,0.013878,0.041624,-0.027772,0.071039,-0.258757
1790938064.120636,1790938064.369153,1.424309,7.016230,1.050721,-0.011793,-0.014279,0.021055,0.999607,-1.386,-1.607,2.433,0.448298,0.017104,0.067068,0.028686,-0.208066,-0.294977
1790938064.153974,1790938064.406444,1.438219,7.017068,1.052853,-0.011024,-0.018335,0.016336,0.999638,-1.298,-2.080,1.896,0.453338,0.026653,0.052897,0.044672,-0.245350,-0.276866
1790938064.187313,1790938064.439703,1.454299,7.018264,1.054785,-0.010250,-0.021854,0.011828,0.999639,-1.205,-2.490,1.382,0.458761,0.037126,0.018411,-0.023505,-0.139886,-0.269411
1790938064.220651,1790938064.482128,1.469510,7.020322,1.055569,-0.011381,-0.022755,0.008006,0.999644,-1.326,-2.597,0.948,0.458794,0.052349,-0.007470,-0.108731,0.060388,-0.155423
1790938064.253989,1790938064.525681,1.483928,7.022713,1.055731,-0.013017,-0.020827,0.006361,0.999678,-1.508,-2.377,0.760,0.455740,0.061658,-0.005667,-0.067183,0.152002,-0.058479
1790938064.287328,1790938064.560768,1.499132,7.024741,1.056478,-0.013390,-0.018852,0.004785,0.999721,-1.546,-2.153,0.577,0.454282,0.052285,0.015719,0.020169,0.057190,-0.154357
1790938064.320666,1790938064.594295,1.514043,7.026778,1.057850,-0.013022,-0.019357,0.001792,0.999726,-1.497,-2.215,0.234,0.449745,0.050329,0.032448,0.009515,-0.130300,-0.188447
1790938064.354005,1790938064.625985,1.528852,7.028689,1.059421,-0.012953,-0.022857,-0.000943,0.999654,-1.483,-2.621,-0.074,0.441074,0.056700,0.024352,-0.033094,-0.271985,-0.143704
1790938064.387343,1790938064.668683,1.543230,7.030591,1.060405,-0.014214,-0.027270,-0.003171,0.999522,-1.621,-3.130,-0.319,0.429679,0.053783,-0.007616,-0.117255,-0.212328,-0.150096
1790938064.420681,1790938064.707834,1.555050,7.032141,1.060268,-0.016269,-0.029679,-0.005976,0.999409,-1.846,-3.412,-0.630,0.417792,0.044392,-0.040929,-0.127906,-0.040819,-0.175664
1790938064.454019,1790938064.738078,1.568866,7.033083,1.059393,-0.018283,-0.029168,-0.008699,0.999369,-2.069,-3.360,-0.937,0.409434,0.036091,-0.057612,-0.118318,0.107254,-0.125595
1790938064.487357,1790938064.769941,1.582370,7.033872,1.058191,0.020253,0.026669,0.009990,-0.999389,-2.293,-3.079,-1.084,0.402301,0.028650,-0.055807,-0.114058,0.192477,-0.002021
1790938064.520695,1790938064.805420,1.595839,7.034032,1.057249,0.021354,0.023061,0.009787,-0.999458,-2.423,-2.666,-1.066,0.397766,0.013288,-0.037789,-0.017114,0.232958,0.022480
1790938064.554033,1790938064.839741,1.608985,7.033950,1.056906,0.021178,0.019378,0.009597,-0.999542,-2.407,-2.243,-1.053,0.395000,-0.001429,-0.016518,0.024431,0.190346,0.013958
1790938064.587371,1790938064.879049,1.622008,7.033574,1.057020,0.021176,0.017290,0.009243,-0.999584,-2.409,-2.003,-1.017,0.392970,-0.009046,-0.006802,-0.026702,0.038009,0.028872
1790938064.620709,1790938064.917035,1.634891,7.033125,1.057147,0.021619,0.017456,0.008852,-0.999575,-2.461,-2.022,-0.971,0.394040,-0.019283,-0.015905,-0.003267,-0.042952,0.015023
1790938064.654047,1790938064.954378,1.647983,7.032141,1.056673,0.021434,0.017760,0.008416,-0.999577,-2.440,-2.055,-0.921,0.397713,-0.027312,-0.043479,0.025494,0.036944,0.033132
1790938064.687386,1790938064.989855,1.661341,7.030858,1.055321,0.020759,0.016249,0.008001,-0.999620,-2.365,-1.881,-0.878,0.406898,-0.035143,-0.066442,0.049994,0.133885,0.011827
1790938064.720724,1790938065.022397,1.675063,7.029410,1.053442,0.019805,0.014019,0.008147,-0.999672,-2.257,-1.625,-0.902,0.422292,-0.039605,-0.071329,0.064909,0.109383,-0.026521
1790938064.754062,1790938065.065928,1.689301,7.027923,1.051662,0.018418,0.013158,0.008819,-0.999705,-2.098,-1.526,-0.983,0.441653,-0.041272,-0.058586,0.098997,-0.026972,-0.062742
1790938064.787400,1790938065.106715,1.703077,7.027716,1.049958,0.016652,0.014827,0.010236,-0.999699,-1.891,-1.718,-1.145,0.458986,-0.044123,-0.048877,0.111776,-0.156939,-0.120264
1790938064.820738,1790938065.142895,1.718432,7.025229,1.048926,0.014871,0.017420,0.012213,-0.999663,-1.680,-2.017,-1.370,0.467499,-0.046738,-0.048943,0.092605,-0.123913,-0.113874
1790938064.854076,1790938065.183829,1.733921,7.023388,1.047784,0.013636,0.018299,0.013391,-0.999650,-1.535,-2.118,-1.507,0.465779,-0.045711,-0.057089,0.072363,0.059317,-0.022258
1790938064.887414,1790938065.218150,1.749324,7.022222,1.046543,0.011987,0.015050,0.013042,-0.999730,-1.351,-1.742,-1.474,0.463888,-0.043622,-0.052165,0.103252,0.365055,0.088534
1790938064.920751,1790938065.256365,1.765023,7.019551,1.045790,0.010121,0.007917,0.010763,-0.999860,-1.150,-0.920,-1.224,0.462842,-0.037934,-0.013194,0.112844,0.425777,0.200388
1790938064.954089,1790938065.288012,1.780626,7.017590,1.046504,0.008327,0.003071,0.007022,-0.999936,-0.952,-0.359,-0.802,0.460738,-0.031628,0.045296,0.094737,0.089143,0.240870
1790938064.987426,1790938065.328090,1.795686,7.017907,1.048820,0.006741,0.005080,0.003012,-0.999960,-0.771,-0.584,-0.341,0.456967,-0.023990,0.080638,0.065966,-0.322060,0.247263
1790938065.020764,1790938065.370006,1.809463,7.017577,1.051128,-0.006602,-0.011413,0.001316,0.999912,-0.758,-1.307,0.159,0.452830,-0.019878,0.069272,-0.045889,-0.397693,0.253658
1790938065.054101,1790938065.418418,1.824154,7.017116,1.053422,-0.007891,-0.016614,0.004783,0.999819,-0.914,-1.900,0.563,0.456182,-0.032911,0.037986,-0.089566,-0.192092,0.125823
1790938065.087439,1790938065.460788,1.837967,7.014660,1.054448,-0.009103,-0.018173,0.004793,0.999782,-1.054,-2.078,0.569,0.463114,-0.062283,0.026419,-0.037358,-0.024839,-0.156478
1790938065.120776,1790938065.496863,1.853649,7.012495,1.056180,-0.009604,-0.018807,0.000962,0.999777,-1.103,-2.154,0.131,0.464907,-0.077996,0.039576,-0.028835,-0.075972,-0.265137
1790938065.154114,1790938065.532727,1.869052,7.009944,1.058421,-0.009419,-0.021188,-0.002913,0.999727,-1.073,-2.431,-0.311,0.455125,-0.075273,0.053907,0.057452,-0.204873,-0.193763
1790938065.187451,1790938065.563895,1.883893,7.007277,1.060835,-0.008154,-0.025031,-0.005424,0.999639,-0.920,-2.874,-0.599,0.439180,-0.066244,0.044733,0.069171,-0.234702,-0.089363
1790938065.220788,1790938065.612327,1.898131,7.005036,1.062782,-0.007096,-0.028646,-0.005387,0.999550,-0.796,-3.287,-0.595,0.425932,-0.039305,0.024549,0.063845,-0.203808,0.107714
1790938065.254126,1790938065.652478,1.909976,7.002900,1.063179,-0.006625,-0.031589,-0.002420,0.999476,-0.752,-3.622,-0.254,0.415683,-0.013025,0.000974,-0.021371,-0.148407,0.224898
1790938065.287463,1790938065.682880,1.923557,7.003476,1.063911,-0.007766,-0.032953,0.002101,0.999425,-0.899,-3.775,0.271,0.404438,0.009633,-0.016681,-0.075702,-0.008854,0.311184
1790938065.320801,1790938065.715831,1.936792,7.004005,1.064219,-0.009271,-0.032571,0.007120,0.999401,-1.091,-3.725,0.852,0.396461,0.016548,-0.014865,-0.088487,0.040149,0.274963
1790938065.354137,1790938065.754066,1.949936,7.005048,1.064745,-0.010679,-0.031844,0.010849,0.999377,-1.265,-3.636,1.284,0.388873,0.016989,-0.003423,-0.069312,0.050802,0.168434
1790938065.387474,1790938065.789908,1.961475,7.004216,1.065225,-0.011617,-0.030667,0.012950,0.999378,-1.379,-3.497,1.527,0.383535,0.014878,0.011288,-0.037348,0.075307,0.102383
1790938065.420811,1790938065.823114,1.974682,7.005387,1.066665,-0.012235,-0.029757,0.014432,0.999378,-1.453,-3.390,1.698,0.382811,0.016810,0.027633,-0.027761,0.004998,0.064034
1790938065.454149,1790938065.852204,1.987559,7.006599,1.068357,-0.012978,-0.030797,0.014976,0.999329,-1.542,-3.507,1.764,0.384407,0.017844,0.024712,-0.071439,-0.124966,-0.002014
1790938065.487486,1790938065.888401,2.000560,7.008607,1.069600,-0.014426,-0.033097,0.014622,0.999241,-1.711,-3.768,1.733,0.389653,0.021989,-0.000707,-0.094881,-0.116445,-0.031840
1790938065.520823,1790938065.927396,2.013628,7.009099,1.069885,-0.015265,-0.034418,0.014043,0.999192,-1.808,-3.919,1.672,0.398700,0.025212,-0.033641,-0.010719,-0.031220,-0.042494
1790938065.554160,1790938065.963747,2.026948,7.010043,1.069139,-0.015336,-0.034295,0.013059,0.999209,-1.812,-3.907,1.559,0.411829,0.030043,-0.062733,-0.020304,0.044413,-0.071258
1790938065.587497,1790938065.996480,2.041005,7.011809,1.067763,-0.016157,-0.033513,0.011994,0.999236,-1.901,-3.818,1.439,0.430596,0.040084,-0.069793,-0.073572,0.025239,-0.044626
1790938065.620834,1790938066.032946,2.055622,7.013234,1.066528,-0.017340,-0.034129,0.011437,0.999202,-2.035,-3.888,1.381,0.450172,0.049192,-0.058932,-0.078895,-0.118574,-0.017992
1790938065.654171,1790938066.067523,2.070865,7.015676,1.065614,-0.018600,-0.036476,0.011414,0.999096,-2.183,-4.155,1.388,0.461095,0.059053,-0.057714,-0.063983,-0.118575,0.015030
1790938065.687508,1790938066.107599,2.086196,7.018072,1.064608,-0.019561,-0.036596,0.011911,0.999068,-2.296,-4.167,1.450,0.461514,0.067395,-0.065622,-0.071441,0.156269,0.052315
1790938065.720845,1790938066.136100,2.101385,7.020195,1.063588,-0.020899,-0.031992,0.012295,0.999194,-2.444,-3.636,1.488,0.466921,0.065325,-0.048370,-0.077830,0.384242,-0.019059
1790938065.754182,1790938066.165476,2.116822,7.022743,1.063620,-0.022126,-0.026235,0.010567,0.999355,-2.570,-2.979,1.279,0.475458,0.053326,0.004559,-0.044807,0.237230,-0.175656
1790938065.787518,1790938066.206934,2.132624,7.025158,1.065237,-0.022126,-0.025475,0.006584,0.999409,-2.557,-2.902,0.820,0.479764,0.050136,0.046374,0.047872,-0.146274,-0.289644
1790938065.820855,1790938066.244526,2.146398,7.025295,1.067111,-0.020664,-0.029060,0.001502,0.999363,-2.376,-3.326,0.241,0.479026,0.051321,0.040115,0.081967,-0.227235,-0.329063
1790938065.854192,1790938066.279029,2.162347,7.026934,1.068897,-0.019219,-0.031849,-0.003708,0.999301,-2.192,-3.658,-0.355,0.478353,0.060568,0.009866,0.072378,-0.082355,-0.291778
1790938065.887529,1790938066.319677,2.178274,7.029189,1.069778,-0.018112,-0.032695,-0.007653,0.999272,-2.050,-3.762,-0.810,0.478981,0.077698,-0.009759,0.046810,-0.044004,-0.190573
1790938065.920866,1790938066.353948,2.190624,7.031216,1.070206,-0.017687,-0.034027,-0.010436,0.999210,-1.990,-3.920,-1.129,0.479963,0.089280,-0.010197,-0.032018,-0.102599,-0.135182
1790938065.954203,1790938066.382115,2.207790,7.033877,1.070848,-0.018587,-0.035565,-0.011842,0.999124,-2.086,-4.101,-1.283,0.479072,0.100539,-0.014589,-0.061845,-0.055724,-0.031848
1790938065.987574,1790938066.411330,2.223922,7.036712,1.071298,-0.019226,-0.035617,-0.012064,0.999108,-2.158,-4.108,-1.306,0.472576,0.098762,-0.019027,0.001006,0.042281,-0.016934
1790938066.020980,1790938066.439182,2.239524,7.039567,1.071678,-0.018765,-0.034665,-0.012876,0.999140,-2.103,-4.000,-1.403,0.461835,0.089591,-0.016761,0.043616,0.066782,-0.075525
1790938066.054387,1790938066.467895,2.254694,7.042211,1.072176,-0.017677,-0.034012,-0.014074,0.999166,-1.974,-3.926,-1.546,0.446480,0.086696,-0.008240,0.080902,0.000733,-0.070200
1790938066.087795,1790938066.495808,2.269421,7.044743,1.072881,-0.016461,-0.035108,-0.014966,0.999136,-1.829,-4.051,-1.652,0.432320,0.084568,-0.005082,0.030833,-0.143080,-0.054220
1790938066.121202,1790938066.536796,2.283699,7.047088,1.073477,-0.016360,-0.038193,-0.016146,0.999006,-1.808,-4.407,-1.782,0.418503,0.077497,-0.017896,-0.009646,-0.210193,-0.102159
1790938066.154610,1790938066.570065,2.294338,7.048792,1.073196,-0.016866,-0.041046,-0.018204,0.998849,-1.852,-4.739,-2.012,0.400924,0.065623,-0.045007,-0.044802,-0.091947,-0.141578
1790938066.188018,1790938066.601720,2.307197,7.050114,1.072362,-0.017612,-0.041053,-0.020679,0.998788,-1.925,-4.746,-2.292,0.386709,0.054245,-0.068782,-0.055453,0.108327,-0.126663
1790938066.221427,1790938066.631537,2.319855,7.051175,1.070906,0.018570,0.038110,0.022216,-0.998854,-2.035,-4.414,-2.470,0.374412,0.048018,-0.071860,-0.074629,0.251075,-0.027592
1790938066.254835,1790938066.663203,2.332219,7.051960,1.069701,0.019718,0.033686,0.022325,-0.998989,-2.177,-3.910,-2.486,0.369947,0.038255,-0.046325,-0.073565,0.235096,0.011823
1790938066.288245,1790938066.695407,2.344458,7.052450,1.069540,0.020745,0.031161,0.022276,-0.999051,-2.301,-3.623,-2.482,0.368676,0.028295,-0.008808,-0.051193,0.045473,0.017149
1790938066.321655,1790938066.731123,2.356426,7.052995,1.070291,0.021177,0.031500,0.021741,-0.999043,-2.351,-3.661,-2.418,0.366773,0.024903,0.006458,-0.004320,-0.080230,0.050173
1790938066.355065,1790938066.767110,2.368459,7.053213,1.071137,0.020900,0.032781,0.020783,-0.999028,-2.320,-3.805,-2.306,0.365473,0.019753,-0.003109,0.036160,-0.051467,0.051239
1790938066.388476,1790938066.806067,2.380541,7.053263,1.071484,0.020381,0.033083,0.019659,-0.999051,-2.264,-3.836,-2.179,0.367772,0.019192,-0.023781,0.030833,0.017775,0.088524
1790938066.421888,1790938066.848868,2.392912,7.053006,1.071161,0.019986,0.032447,0.017777,-0.999115,-2.227,-3.758,-1.966,0.371638,0.020942,-0.041845,0.020181,0.047603,0.140724
1790938066.455299,1790938066.886998,2.405145,7.053467,1.070340,0.019888,0.031744,0.015363,-0.999180,-2.226,-3.672,-1.690,0.382033,0.019219,-0.053437,0.009527,0.032688,0.130070
1790938066.488711,1790938066.923532,2.417792,7.053551,1.069252,0.019414,0.031042,0.013966,-0.999232,-2.178,-3.588,-1.533,0.397244,0.007352,-0.056234,0.060661,0.047602,0.011823
1790938066.522124,1790938066.959212,2.430897,7.053356,1.068371,0.018338,0.030581,0.014709,-0.999256,-2.053,-3.535,-1.623,0.413557,-0.006125,-0.041355,0.067052,-0.002467,-0.092574
1790938066.555537,1790938066.993554,2.444489,7.052756,1.068211,0.017147,0.031416,0.015792,-0.999235,-1.911,-3.631,-1.750,0.424165,-0.007618,-0.017541,0.071314,-0.093014,-0.015874
1790938066.588950,1790938067.025953,2.458547,7.051322,1.068847,-0.015703,-0.033496,-0.014998,0.999203,-1.745,-3.865,-1.661,0.424739,-0.011912,-0.000734,0.101144,-0.131366,0.089589
1790938066.622364,1790938067.061824,2.472533,7.050163,1.069871,-0.014046,-0.034497,-0.013019,0.999221,-1.561,-3.974,-1.439,0.420085,-0.022329,0.001897,0.127776,0.056124,0.137528
1790938066.655778,1790938067.093812,2.486420,7.048895,1.071135,-0.011805,-0.032041,-0.010365,0.999363,-1.317,-3.686,-1.146,0.421913,-0.030139,0.016215,0.144820,0.205265,0.169487
1790938066.689192,1790938067.133187,2.500212,7.047562,1.073020,-0.009916,-0.029537,-0.007486,0.999486,-1.112,-3.393,-0.825,0.422794,-0.032786,0.041554,0.063858,0.036949,0.171616
1790938066.722606,1790938067.177852,2.513871,7.046984,1.075475,-0.009666,-0.030496,-0.004162,0.999479,-1.095,-3.500,-0.444,0.422144,-0.029759,0.050745,-0.013909,-0.142019,0.236601
1790938066.756022,1790938067.216427,2.524518,7.044856,1.077194,-0.010356,-0.032843,0.000017,0.999407,-1.189,-3.764,0.041,0.422286,-0.037034,0.030535,-0.068239,-0.107931,0.250447
1790938066.789438,1790938067.251078,2.537046,7.043398,1.078762,-0.011722,-0.033301,0.003223,0.999371,-1.358,-3.812,0.415,0.423063,-0.057900,0.002507,-0.059716,0.051862,0.104501
1790938066.822854,1790938067.293649,2.550377,7.042629,1.079651,-0.012314,-0.031901,0.003484,0.999409,-1.426,-3.651,0.445,0.427633,-0.079819,-0.005947,0.009520,0.094472,-0.077660
1790938066.856271,1790938067.337827,2.561735,7.038166,1.080087,-0.011421,-0.031012,0.001200,0.999453,-1.315,-3.552,0.178,0.431443,-0.094199,0.005511,0.094753,0.000726,-0.179936
1790938066.889688,1790938067.372620,2.575234,7.035446,1.081409,-0.009518,-0.031754,-0.001625,0.999449,-1.086,-3.641,-0.152,0.432652,-0.090832,0.013007,0.103273,-0.074908,-0.142649
1790938066.923105,1790938067.409900,2.589034,7.033623,1.082799,-0.008130,-0.032985,-0.003030,0.999418,-0.922,-3.783,-0.317,0.428526,-0.075646,0.008716,0.053199,-0.055733,-0.008418
1790938066.956523,1790938067.440946,2.602600,7.029841,1.083852,-0.007828,-0.033551,-0.001713,0.999405,-0.892,-3.847,-0.167,0.421118,-0.057056,-0.000750,-0.016039,-0.009927,0.165220
1790938066.989901,1790938067.478566,2.615912,7.027010,1.084681,-0.008693,-0.033385,0.002128,0.999402,-1.006,-3.824,0.278,0.414686,-0.048496,-0.001639,-0.077822,0.008183,0.278140
1790938067.023235,1790938067.515139,2.629031,7.025197,1.085602,-0.010522,-0.033779,0.006891,0.999350,-1.235,-3.863,0.832,0.409506,-0.047829,-0.000052,-0.109780,-0.072778,0.287729
1790938067.056570,1790938067.551328,2.642024,7.024176,1.086397,-0.012143,-0.035547,0.011198,0.999231,-1.440,-4.058,1.335,0.402122,-0.051109,-0.014187,-0.067170,-0.123914,0.216355
1790938067.089904,1790938067.582150,2.654982,7.022673,1.086526,-0.013305,-0.037056,0.013821,0.999129,-1.587,-4.225,1.644,0.396291,-0.056877,-0.036523,-0.053321,-0.040821,0.100239
1790938067.123238,1790938067.615727,2.667936,7.021221,1.086153,-0.013616,-0.037384,0.015041,0.999095,-1.628,-4.260,1.786,0.391828,-0.056345,-0.046764,0.011659,-0.001408,0.066149
1790938067.156572,1790938067.659168,2.680648,7.019733,1.085466,-0.013275,-0.037097,0.016458,0.999088,-1.594,-4.226,1.946,0.385051,-0.047445,-0.052453,0.030835,0.044399,0.108762
1790938067.189906,1790938067.697417,2.686509,7.016427,1.084264,-0.012802,-0.035582,0.018666,0.999110,-1.546,-4.050,2.195,0.375644,-0.040392,-0.047825,0.023384,0.139207,0.150301
1790938067.223240,1790938067.731487,2.697248,7.015647,1.083882,-0.012774,-0.033173,0.020960,0.999148,-1.546,-3.770,2.454,0.375356,-0.035530,-0.024164,0.001015,0.124292,0.110885
1790938067.256575,1790938067.768209,2.708897,7.014842,1.084361,-0.013039,-0.032056,0.022269,0.999153,-1.578,-3.639,2.604,0.376137,-0.031605,0.005902,-0.027748,-0.012063,0.049099
1790938067.289909,1790938067.805622,2.721124,7.014360,1.085659,-0.013441,-0.033370,0.022763,0.999093,-1.630,-3.788,2.664,0.378885,-0.029729,0.020642,-0.004309,-0.129247,0.002226
1790938067.323243,1790938067.841681,2.733643,7.014085,1.087116,-0.013302,-0.035431,0.022368,0.999033,-1.618,-4.025,2.622,0.383582,-0.030627,0.011523,-0.003245,-0.102615,-0.061691
1790938067.356577,1790938067.877642,2.746302,7.013618,1.088147,-0.013417,-0.036746,0.020660,0.999021,-1.628,-4.179,2.429,0.390615,-0.029152,-0.005405,-0.006441,-0.060003,-0.133064
1790938067.389911,1790938067.910209,2.760115,7.013899,1.088749,-0.013363,-0.037869,0.018394,0.999024,-1.614,-4.311,2.170,0.396928,-0.018257,-0.024536,0.006339,-0.079178,-0.127741
1790938067.423245,1790938067.947482,2.773564,7.013641,1.088482,-0.013574,-0.038959,0.016557,0.999011,-1.633,-4.439,1.962,0.402405,-0.006939,-0.047509,-0.058641,-0.031239,-0.084062
1790938067.456579,1790938067.984361,2.786693,7.013604,1.087706,-0.014879,-0.039139,0.015663,0.999000,-1.779,-4.458,1.866,0.411086,0.003114,-0.056974,-0.092729,-0.003543,-0.019080
1790938067.489913,1790938068.014419,2.800130,7.014053,1.086916,-0.016133,-0.039617,0.015324,0.998967,-1.923,-4.511,1.833,0.420170,0.005930,-0.051328,-0.062901,-0.063199,-0.042517
1790938067.523247,1790938068.049782,2.813853,7.014618,1.086350,-0.017217,-0.040852,0.013756,0.998922,-2.042,-4.654,1.661,0.421934,0.003649,-0.048973,-0.083142,-0.052545,-0.149046
1790938067.556581,1790938068.086087,2.827391,7.015169,1.085772,-0.018753,-0.040313,0.010890,0.998952,-2.205,-4.596,1.338,0.414202,0.007250,-0.050637,-0.111905,0.175426,-0.177809
1790938067.589914,1790938068.121716,2.840648,7.015654,1.085425,-0.020359,-0.036022,0.007377,0.999116,-2.368,-4.110,0.931,0.415046,0.003552,-0.026413,-0.079946,0.326696,-0.251314
1790938067.623247,1790938068.156795,2.854379,7.016097,1.086281,-0.021202,-0.031943,0.002250,0.999262,-2.442,-3.655,0.336,0.418216,0.000653,0.022289,-0.039466,0.101919,-0.335473
1790938067.656581,1790938068.202761,2.868513,7.017429,1.088447,-0.021448,-0.033072,-0.002953,0.999218,-2.451,-3.797,-0.257,0.416317,0.016239,0.050405,0.005272,-0.217668,-0.264096
1790938067.689915,1790938068.244768,2.876034,7.015064,1.089820,-0.020818,-0.037177,-0.006619,0.999070,-2.362,-4.276,-0.671,0.412430,0.030205,0.037689,0.036172,-0.220865,-0.176750
1790938067.723248,1790938068.278389,2.886933,7.015804,1.091578,-0.020496,-0.039718,-0.008617,0.998964,-2.315,-4.572,-0.896,0.409441,0.049454,0.003987,-0.008568,-0.068528,-0.053176
1790938067.756582,1790938068.323436,2.899957,7.017611,1.092218,-0.021051,-0.039873,-0.008320,0.998948,-2.380,-4.589,-0.859,0.408469,0.069393,-0.022466,-0.052245,0.049717,0.094900
1790938067.789916,1790938068.361169,2.903178,7.019495,1.090733,-0.022292,-0.038570,-0.006330,0.998987,-2.532,-4.436,-0.628,0.406132,0.076983,-0.026112,-0.096986,0.098720,0.139636
1790938067.823249,1790938068.387707,2.917439,7.021932,1.091132,-0.024043,-0.036896,-0.004412,0.999020,-2.742,-4.240,-0.405,0.408624,0.073934,-0.010600,-0.090594,0.090197,0.093829
1790938067.856582,1790938068.418905,2.931025,7.023785,1.091955,-0.024912,-0.035869,-0.003774,0.999039,-2.845,-4.121,-0.330,0.406297,0.060959,0.014011,0.014868,0.010301,-0.026547
1790938067.889916,1790938068.445186,2.944475,7.025894,1.093562,-0.024011,-0.036472,-0.004887,0.999034,-2.737,-4.193,-0.460,0.398842,0.051076,0.030441,0.087308,-0.082379,-0.106444
1790938067.923249,1790938068.471811,2.957634,7.027740,1.095476,-0.022551,-0.038239,-0.006280,0.998994,-2.562,-4.398,-0.622,0.388147,0.051659,0.030594,0.077720,-0.119665,-0.052114
1790938067.956583,1790938068.498412,2.970452,7.029365,1.097256,-0.021440,-0.040398,-0.006658,0.998931,-2.432,-4.646,-0.665,0.378724,0.050803,0.020671,0.057480,-0.139905,-0.012699
1790938067.989918,1790938068.530671,2.983034,7.030771,1.098728,-0.020445,-0.042677,-0.006922,0.998856,-2.315,-4.907,-0.695,0.371578,0.041061,0.008504,0.068133,-0.128187,-0.039331
1790938068.023251,1790938068.560829,2.995250,7.031884,1.099828,-0.019418,-0.045043,-0.008055,0.998764,-2.190,-5.180,-0.825,0.362037,0.026482,-0.004695,0.035108,-0.152688,-0.097922
1790938068.056585,1790938068.591145,3.006899,7.032485,1.100431,-0.019518,-0.047400,-0.009727,0.998638,-2.191,-5.454,-1.012,0.348755,0.015683,-0.021687,-0.043722,-0.099424,-0.098988
1790938068.089919,1790938068.619195,3.017967,7.032587,1.100511,-0.020038,-0.048233,-0.011335,0.998571,-2.241,-5.554,-1.192,0.336798,0.004971,-0.035916,-0.013894,0.022019,-0.093662
1790938068.123253,1790938068.647198,3.028407,7.032270,1.100240,-0.020113,-0.046933,-0.012862,0.998613,-2.243,-5.408,-1.370,0.325148,-0.002976,-0.038632,-0.010698,0.138136,-0.071290
1790938068.156587,1790938068.675279,3.038441,7.031826,1.100092,-0.019944,-0.044176,-0.013715,0.998730,-2.222,-5.094,-1.475,0.317239,-0.007984,-0.024474,0.040434,0.181812,-0.024418
1790938068.189921,1790938068.703188,3.048396,7.031220,1.100525,-0.018955,-0.041696,-0.013876,0.998854,-2.111,-4.808,-1.503,0.313272,-0.012502,-0.001818,0.070262,0.092327,0.019259
1790938068.223256,1790938068.728934,3.058371,7.030645,1.101490,-0.017799,-0.041254,-0.012730,0.998909,-1.984,-4.754,-1.378,0.308346,-0.008844,0.007880,0.079851,-0.045095,0.122591
1790938068.256590,1790938068.755885,3.068570,7.030410,1.102437,-0.016773,-0.042220,-0.009965,0.998918,-1.879,-4.858,-1.063,0.305152,-0.007179,-0.006764,0.052152,-0.046159,0.195033
1790938068.289923,1790938068.782650,3.078558,7.030220,1.102695,-0.016125,-0.042505,-0.006615,0.998944,-1.821,-4.884,-0.681,0.306231,-0.010386,-0.031346,0.051087,0.013496,0.186510
1790938068.323257,1790938068.809814,3.088667,7.030607,1.102431,-0.014921,-0.041998,-0.004016,0.998998,-1.695,-4.820,-0.389,0.312601,-0.020202,-0.045395,0.119263,0.039063,0.109808
1790938068.356591,1790938068.836772,3.098628,7.029946,1.101764,-0.012748,-0.041585,-0.002791,0.999050,-1.451,-4.770,-0.260,0.325411,-0.034708,-0.042796,0.138438,-0.003550,0.024583
1790938068.389925,1790938068.866046,3.109000,7.028715,1.101507,-0.010350,-0.042720,-0.002691,0.999030,-1.176,-4.900,-0.258,0.339449,-0.049399,-0.025071,0.159745,-0.165475,-0.029743
1790938068.423259,1790938068.895764,3.119791,7.026923,1.101800,-0.007434,-0.046547,-0.003336,0.998883,-0.837,-5.339,-0.344,0.342473,-0.059728,-0.018025,0.173592,-0.256024,-0.062768
1790938068.456592,1790938068.934983,3.130941,7.024523,1.102098,-0.004819,-0.049198,-0.003736,0.998770,-0.533,-5.642,-0.402,0.338592,-0.062297,-0.030205,0.141634,0.013495,0.024584
1790938068.489925,1790938068.966232,3.135016,7.021642,1.100014,-0.003066,-0.046565,-0.002139,0.998908,-0.341,-5.339,-0.229,0.335739,-0.063445,-0.032961,0.097957,0.291538,0.184375
1790938068.523259,1790938068.992529,3.144051,7.018871,1.100533,-0.002251,-0.041454,0.001969,0.999136,-0.268,-4.751,0.237,0.338429,-0.070962,-0.005129,-0.007506,0.261709,0.291969
1790938068.556592,1790938069.020786,3.154179,7.016346,1.101833,-0.003072,-0.039523,0.006910,0.999190,-0.384,-4.528,0.808,0.339688,-0.080581,0.029734,-0.063966,-0.078119,0.293035
1790938068.589926,1790938069.060233,3.165020,7.014244,1.103949,-0.004597,-0.042563,0.011244,0.999020,-0.583,-4.873,1.315,0.339105,-0.092261,0.037035,-0.090599,-0.267742,0.201420
1790938068.623260,1790938069.103603,3.173651,7.010147,1.104341,-0.006505,-0.046978,0.013435,0.998784,-0.821,-5.375,1.580,0.335970,-0.104829,0.008964,-0.163039,-0.231524,0.068253
1790938068.656593,1790938069.139910,3.173686,7.006582,1.105001,-0.009498,-0.049846,0.013554,0.998620,-1.170,-5.699,1.613,0.325111,-0.108585,-0.026242,-0.181148,-0.084515,-0.038276
1790938068.689926,1790938069.181498,3.181935,7.003214,1.104795,-0.011825,-0.050209,0.012467,0.998591,-1.432,-5.738,1.502,0.317852,-0.106099,-0.047280,-0.084205,0.066753,-0.077692
1790938068.723260,1790938069.218387,3.182933,6.999927,1.102684,-0.012365,-0.048244,0.011036,0.998698,-1.483,-5.514,1.338,0.304823,-0.102023,-0.047714,0.019127,0.154105,-0.089413
1790938068.756593,1790938069.254476,3.191070,6.996732,1.102407,-0.011561,-0.046311,0.009694,0.998813,-1.381,-5.295,1.176,0.292676,-0.093127,-0.033580,0.042563,0.051835,-0.041476
1790938068.789926,1790938069.289411,3.199708,6.993925,1.102369,-0.011098,-0.046195,0.009988,0.998821,-1.329,-5.282,1.207,0.277544,-0.076694,-0.022032,0.026584,-0.028061,0.098077
1790938068.823260,1790938069.324584,3.207735,6.991535,1.102483,-0.010862,-0.046704,0.012695,0.998769,-1.317,-5.337,1.518,0.262312,-0.063113,-0.022712,0.007410,-0.025930,0.218456
1790938068.856593,1790938069.359739,3.215518,6.989581,1.102464,-0.010826,-0.046714,0.016725,0.998710,-1.334,-5.333,1.981,0.249613,-0.057872,-0.027751,0.019128,0.033725,0.249348
1790938068.889926,1790938069.395981,3.223424,6.987840,1.102415,-0.010873,-0.045789,0.020416,0.998683,-1.357,-5.222,2.404,0.242474,-0.060785,-0.022912,-0.003242,0.055030,0.177975
1790938068.923258,1790938069.434142,3.231126,6.986114,1.102619,-0.011186,-0.045441,0.022356,0.998654,-1.402,-5.179,2.628,0.238164,-0.065891,-0.009630,-0.010700,-0.030193,0.041616
1790938068.956591,1790938069.468646,3.238461,6.984368,1.103179,-0.011157,-0.046390,0.022203,0.998614,-1.401,-5.288,2.612,0.229780,-0.065053,0.000044,0.021257,-0.077066,-0.042540
1790938068.989925,1790938069.498425,3.246817,6.982971,1.103950,-0.010300,-0.047569,0.021809,0.998577,-1.303,-5.426,2.564,0.220692,-0.052572,-0.001856,0.067065,-0.056825,0.012853
1790938069.023257,1790938069.527627,3.253595,6.981760,1.104397,-0.009681,-0.047835,0.023054,0.998542,-1.240,-5.456,2.704,0.208758,-0.033256,-0.011258,0.008474,0.034789,0.142819
1790938069.056588,1790938069.559301,3.259469,6.981072,1.104565,-0.009916,-0.046573,0.026195,0.998522,-1.280,-5.307,3.065,0.198033,-0.016347,-0.014150,-0.009633,0.110424,0.223783
1790938069.089920,1790938069.600665,3.265121,6.981088,1.104721,-0.010461,-0.044562,0.029730,0.998509,-1.354,-5.070,3.471,0.189872,-0.008958,-0.008851,-0.013895,0.120012,0.185431
1790938069.123251,1790938069.641806,3.263347,6.981329,1.103699,-0.010593,-0.042746,0.031974,0.998518,-1.374,-4.858,3.726,0.181690,-0.008759,-0.000940,0.014866,0.093376,0.073573
1790938069.156583,1790938069.686580,3.267366,6.981649,1.104377,-0.010353,-0.041423,0.032030,0.998575,-1.341,-4.707,3.730,0.179111,-0.015504,0.003557,0.016997,0.069939,-0.087284
1790938069.189914,1790938069.721570,3.272474,6.981690,1.104927,-0.010118,-0.040354,0.029680,0.998693,-1.299,-4.589,3.457,0.177169,-0.022556,0.001858,0.014865,0.060352,-0.190618
1790938069.223245,1790938069.755376,3.277859,6.981638,1.105331,-0.009692,-0.039541,0.026066,0.998831,-1.231,-4.501,3.038,0.176304,-0.024476,-0.006499,0.013800,0.042242,-0.237492
1790938069.256576,1790938069.789393,3.282852,6.981024,1.105251,-0.009414,-0.038944,0.021854,0.998958,-1.179,-4.439,2.552,0.177636,-0.021811,-0.023877,-0.002178,0.039046,-0.276907
1790938069.289908,1790938069.821019,3.288206,6.980738,1.104507,-0.009645,-0.038098,0.016828,0.999086,-1.181,-4.347,1.975,0.182670,-0.019003,-0.045196,-0.046920,0.073134,-0.318454
1790938069.323239,1790938069.862180,3.293835,6.980580,1.103095,-0.010338,-0.036698,0.011523,0.999207,-1.236,-4.192,1.367,0.189603,-0.011368,-0.061857,-0.062900,0.104028,-0.297148
1790938069.356569,1790938069.900223,3.286608,6.981819,1.099388,-0.011022,-0.035051,0.006786,0.999302,-1.293,-4.008,0.823,0.193119,-0.003058,-0.066815,-0.030942,0.090175,-0.258799
1790938069.389899,1790938069.928296,3.293632,6.981574,1.097771,-0.011463,-0.033749,0.002617,0.999361,-1.326,-3.864,0.345,0.204593,0.000763,-0.064900,-0.058638,0.065675,-0.242821
1790938069.423230,1790938069.965981,3.300096,6.981662,1.096111,-0.012743,-0.032827,-0.001665,0.999378,-1.456,-3.764,-0.143,0.213699,0.001879,-0.056332,-0.094859,0.047564,-0.267322
1790938069.456561,1790938070.001177,3.292272,6.983833,1.093184,-0.013718,-0.032272,-0.006362,0.999365,-1.551,-3.708,-0.679,0.212700,0.004623,-0.039679,-0.026680,0.035842,-0.288629
1790938069.489892,1790938070.030854,3.305310,6.983287,1.092822,-0.013847,-0.031686,-0.011238,0.999339,-1.548,-3.649,-1.239,0.221320,0.006593,-0.020735,-0.017092,0.030519,-0.295022
1790938069.523222,1790938070.071984,3.312880,6.983374,1.092813,-0.013855,-0.031236,-0.016341,0.999282,-1.531,-3.605,-1.825,0.218935,0.010633,-0.006575,-0.001112,0.034780,-0.324850
1790938069.556553,1790938070.108844,3.313666,6.984182,1.091890,0.013616,0.030189,0.022398,-0.999200,-1.484,-3.494,-2.523,0.208340,0.012736,0.000638,0.009540,0.120004,-0.412205
1790938069.589883,1790938070.151463,3.320928,6.984237,1.092649,0.013158,0.027589,0.029709,-0.999091,-1.415,-3.205,-3.367,0.206631,0.013207,0.015281,0.021257,0.190312,-0.450558
1790938069.623213,1790938070.194391,3.319362,6.985920,1.092784,0.012430,0.025201,0.036956,-0.998922,-1.318,-2.939,-4.204,0.200707,0.019945,0.037423,0.029780,0.070998,-0.401556
1790938069.656544,1790938070.236522,3.329624,6.985742,1.094630,0.012050,0.025954,0.043006,-0.998665,-1.253,-3.031,-4.899,0.200976,0.030998,0.044923,-0.002176,-0.163365,-0.316331
1790938069.689874,1790938070.276716,3.329686,6.986515,1.095576,0.012376,0.029140,0.047351,-0.998376,-1.260,-3.403,-5.393,0.191594,0.045590,0.027400,-0.042655,-0.177216,-0.197020
1790938069.723204,1790938070.309035,3.335947,6.987421,1.096475,0.013034,0.031166,0.049958,-0.998180,-1.315,-3.642,-5.689,0.189429,0.053779,0.003208,-0.034133,-0.054707,-0.132036
1790938069.756534,1790938070.348374,3.342411,6.988555,1.096636,0.013210,0.031008,0.052019,-0.998077,-1.329,-3.628,-5.925,0.188208,0.055907,-0.012416,-0.012825,0.077389,-0.114992
1790938069.789863,1790938070.382175,3.344533,6.990111,1.095750,0.013194,0.029168,0.053333,-0.998063,-1.333,-3.419,-6.078,0.180282,0.061114,-0.013573,0.001025,0.129589,-0.026571
1790938069.823193,1790938070.407844,3.350463,6.991583,1.095873,0.013016,0.027317,0.053675,-0.998100,-1.323,-3.206,-6.119,0.172989,0.055797,0.002336,0.014872,0.079520,-0.039356
1790938069.856523,1790938070.432009,3.356105,6.992688,1.096535,0.012451,0.026780,0.055227,-0.998037,-1.256,-3.143,-6.300,0.164591,0.040032,0.021823,0.041504,-0.016356,-0.161864
1790938069.889852,1790938070.456826,3.361598,6.993301,1.097708,0.011569,0.027711,0.058901,-0.997812,-1.138,-3.248,-6.724,0.156013,0.025546,0.030741,0.059615,-0.081338,-0.289700
1790938069.923182,1790938070.482020,3.366743,6.993480,1.098963,0.010506,0.029249,0.064302,-0.997446,-0.987,-3.423,-7.348,0.147635,0.016518,0.026734,0.062810,-0.079208,-0.356813
1790938069.956511,1790938070.524156,3.371653,6.993374,1.099988,0.009272,0.030328,0.070160,-0.997032,-0.817,-3.542,-8.025,0.141983,0.014928,0.018283,0.055353,-0.027007,-0.333377
1790938069.989842,1790938070.558429,3.366501,6.994688,1.099786,0.008555,0.030543,0.075094,-0.996672,-0.716,-3.564,-8.595,0.130260,0.018655,0.012409,0.017003,0.006014,-0.251349
1790938070.023177,1790938070.587132,3.375933,6.993861,1.100556,0.008354,0.030366,0.078789,-0.996394,-0.681,-3.545,-9.021,0.131231,0.019391,0.011656,-0.003234,0.003885,-0.191693
1790938070.056511,1790938070.626221,3.380371,6.993789,1.101225,0.008376,0.030519,0.081685,-0.996156,-0.672,-3.564,-9.355,0.127799,0.018485,0.013864,-0.012821,-0.019549,-0.166126
1790938070.089845,1790938070.660313,3.382686,6.994505,1.101321,0.008749,0.030746,0.084332,-0.995925,-0.703,-3.596,-9.658,0.120834,0.018156,0.011575,-0.027735,-0.019545,-0.146950
1790938070.123178,1790938070.684708,3.386573,6.994406,1.101962,0.009380,0.030878,0.086705,-0.995711,-0.765,-3.619,-9.929,0.114361,0.015583,0.009018,-0.056498,0.006020,-0.144819
1790938070.156512,1790938070.710688,3.390342,6.994087,1.102523,0.010343,0.030826,0.089708,-0.995437,-0.865,-3.625,-10.272,0.110185,0.006776,0.012039,-0.071412,-0.012088,-0.215130
1790938070.189846,1790938070.735210,3.393885,6.993553,1.103178,0.011488,0.031095,0.093511,-0.995066,-0.979,-3.671,-10.706,0.102227,0.002691,0.014315,-0.071412,-0.036590,-0.230043
1790938070.223180,1790938070.778482,3.397320,6.992876,1.103841,0.012293,0.031737,0.097404,-0.994663,-1.049,-3.757,-11.152,0.095845,0.000835,0.011617,-0.038386,-0.035524,-0.244957
1790938070.256512,1790938070.815355,3.394694,6.993094,1.103627,0.012780,0.031789,0.101656,-0.994229,-1.088,-3.773,-11.640,0.082833,-0.000241,0.002665,-0.041580,0.029457,-0.268397
1790938070.289846,1790938070.850312,3.400848,6.991446,1.103872,0.013150,0.030897,0.106383,-0.993758,-1.123,-3.681,-12.185,0.083165,-0.000075,-0.003554,-0.033055,0.067811,-0.300354
1790938070.323180,1790938070.911083,3.403388,6.991093,1.103902,0.013592,0.029711,0.111270,-0.993253,-1.170,-3.557,-12.748,0.080081,0.006107,-0.003965,-0.049036,0.066744,-0.280112
1790938070.356513,1790938070.957820,3.405213,6.990045,1.103392,0.014204,0.028798,0.115698,-0.992765,-1.236,-3.467,-13.257,0.078664,0.010951,-0.001513,-0.055421,0.027331,-0.255611
1790938070.389846,1790938070.987495,3.407873,6.989996,1.103607,0.015142,0.028447,0.120048,-0.992245,-1.333,-3.445,-13.757,0.078958,0.014037,0.001611,-0.071402,0.013484,-0.280112
1790938070.423180,1790938071.030863,3.410327,6.989801,1.103834,0.016311,0.028182,0.125100,-0.991610,-1.452,-3.438,-14.337,0.078736,0.016623,0.004139,-0.089511,0.008157,-0.319528
1790938070.456513,1790938071.070159,3.411516,6.989624,1.103578,0.017562,0.027868,0.130496,-0.990902,-1.580,-3.429,-14.957,0.075759,0.021605,0.005464,-0.080984,0.002833,-0.324855
1790938070.489846,1790938071.102226,3.415081,6.989431,1.103995,0.018461,0.027809,0.136067,-0.990137,-1.664,-3.445,-15.599,0.075081,0.024987,0.004912,-0.049026,0.004964,-0.350421
1790938070.523180,1790938071.142275,3.417637,6.989633,1.104229,0.019216,0.027505,0.141981,-0.989301,-1.734,-3.433,-16.282,0.071698,0.029152,0.002898,-0.062875,0.031596,-0.363204
1790938070.556513,1790938071.179748,3.419329,6.989229,1.103905,0.019760,0.026874,0.148194,-0.988396,-1.785,-3.381,-17.001,0.069606,0.028922,0.004433,-0.047955,0.023077,-0.391965
1790938070.589846,1790938071.222601,3.421759,6.989650,1.104275,0.020392,0.026730,0.154974,-0.987346,-1.836,-3.388,-17.786,0.067254,0.027816,0.007357,-0.067130,-0.002491,-0.435644
1790938070.623179,1790938071.259557,3.422943,6.989449,1.104114,0.021373,0.026727,0.162320,-0.986145,-1.922,-3.420,-18.637,0.063377,0.026142,0.007474,-0.074583,-0.009944,-0.451621
1790938070.656512,1790938071.294992,3.425860,6.989499,1.104508,0.022199,0.026811,0.169990,-0.984831,-1.987,-3.460,-19.526,0.060630,0.023670,0.004077,-0.055408,0.000707,-0.478253
1790938070.689843,1790938071.323577,3.425672,6.989689,1.104182,0.022907,0.026532,0.177975,-0.983411,-2.044,-3.459,-20.455,0.053614,0.019027,-0.001168,-0.063927,0.024145,-0.497428
1790938070.723176,1790938071.357429,3.427454,6.989675,1.104210,0.023744,0.026035,0.186285,-0.981864,-2.120,-3.438,-21.422,0.048348,0.014495,-0.004900,-0.078842,0.036929,-0.512343
1790938070.756509,1790938071.395994,3.426277,6.989271,1.103626,0.024824,0.025301,0.194920,-0.980179,-2.228,-3.398,-22.428,0.039826,0.007501,-0.004799,-0.107601,0.041189,-0.538975
1790938070.789842,1790938071.446461,3.427464,6.988962,1.103629,0.026178,0.024589,0.204071,-0.978297,-2.364,-3.371,-23.496,0.037713,0.001385,-0.000226,-0.089492,0.029470,-0.583718
1790938070.823174,1790938071.489592,3.425775,6.988450,1.103366,0.027060,0.024420,0.214197,-0.976110,-2.432,-3.398,-24.681,0.034672,-0.008379,0.006196,-0.052203,-0.021663,-0.665748
1790938070.856507,1790938071.536176,3.427695,6.987492,1.103926,0.027512,0.025776,0.225425,-0.973531,-2.409,-3.589,-25.999,0.038360,-0.010168,0.013075,0.007452,-0.137779,-0.703031
1790938070.889839,1790938071.579062,3.427051,6.986704,1.104129,0.027625,0.028990,0.236449,-0.970818,-2.294,-3.977,-27.297,0.037263,-0.006898,0.007779,0.013846,-0.201696,-0.666812
1790938070.923172,1790938071.630422,3.426376,6.986041,1.103968,0.027836,0.032172,0.247146,-0.968044,-2.184,-4.361,-28.561,0.035132,-0.009999,-0.008254,0.002132,-0.135648,-0.673202
1790938070.956504,1790938071.688120,3.426116,6.985241,1.103352,0.027817,0.033825,0.258064,-0.965135,-2.083,-4.568,-29.857,0.033333,-0.016258,-0.021629,-0.013846,-0.022726,-0.685986
1790938070.989837,1790938071.731753,3.425765,6.984162,1.102584,0.027661,0.033890,0.269008,-0.962144,-2.012,-4.594,-31.160,0.029129,-0.024171,-0.019450,-0.033018,0.037994,-0.655091
1790938071.023169,1790938071.774301,3.425420,6.982952,1.102068,0.028065,0.032994,0.278793,-0.959374,-2.038,-4.528,-32.327,0.025485,-0.026767,-0.008313,-0.096935,0.078476,-0.544299
1790938071.056500,1790938071.803777,3.424859,6.981844,1.102050,0.028956,0.031140,0.286322,-0.957189,-2.161,-4.370,-33.224,0.018321,-0.030038,0.009842,-0.080954,0.101913,-0.383439
1790938071.089832,1790938071.834566,3.424704,6.980641,1.102779,0.029256,0.030044,0.291985,-0.955503,-2.205,-4.272,-33.902,0.010985,-0.038578,0.025845,-0.009579,0.014559,-0.329111
1790938071.123162,1790938071.863302,3.423279,6.979481,1.103539,0.029216,0.030151,0.296934,-0.953975,-2.175,-4.294,-34.497,-0.002976,-0.045910,0.020620,-0.019166,0.010299,-0.287563
1790938071.156494,1790938071.895889,3.422264,6.978281,1.104120,0.029434,0.029109,0.301425,-0.952591,-2.214,-4.198,-35.036,-0.009462,-0.054987,0.011196,-0.051125,0.112567,-0.290759
1790938071.189825,1790938071.929562,3.419943,6.976885,1.104385,0.029428,0.026935,0.306542,-0.951021,-2.267,-3.972,-35.653,-0.014841,-0.070986,0.011682,-0.037274,0.141330,-0.354677
1790938071.223156,1790938071.953202,3.418221,6.975095,1.105053,0.029052,0.025081,0.312661,-0.949089,-2.267,-3.771,-36.392,-0.015083,-0.085411,0.024378,-0.010643,0.085935,-0.414334
1790938071.256488,1790938071.991973,3.415954,6.972983,1.106221,0.028542,0.024931,0.319934,-0.946682,-2.187,-3.754,-37.274,-0.012393,-0.100478,0.040908,0.029837,-0.056813,-0.520864
1790938071.289819,1790938072.028620,3.412779,6.970502,1.107717,0.028437,0.027357,0.328886,-0.943545,-2.049,-4.033,-38.361,-0.011220,-0.112502,0.048166,0.019187,-0.188909,-0.612480
1790938071.323150,1790938072.068654,3.410110,6.967936,1.109333,0.029328,0.030734,0.338421,-0.940036,-1.974,-4.453,-39.522,-0.015971,-0.111908,0.040913,-0.039404,-0.191038,-0.591174
1790938071.356481,1790938072.113977,3.406806,6.965700,1.110408,0.030580,0.033183,0.347125,-0.936733,-1.970,-4.784,-40.584,-0.025083,-0.108118,0.030197,-0.022357,-0.110074,-0.521931
1790938071.389812,1790938072.152603,3.402345,6.963734,1.111093,0.030399,0.034584,0.354986,-0.933737,-1.853,-4.943,-41.551,-0.038372,-0.110895,0.019729,0.062867,-0.005677,-0.496363
1790938071.423142,1790938072.193329,3.398873,6.961912,1.111703,0.028710,0.034491,0.362832,-0.930773,-1.634,-4.878,-42.524,-0.046518,-0.116584,0.019062,0.076716,0.094461,-0.529386
1790938071.456473,1790938072.232224,3.394085,6.960088,1.112411,0.026541,0.033873,0.371561,-0.927411,-1.383,-4.735,-43.609,-0.049996,-0.125931,0.039186,0.098023,0.039068,-0.592239
1790938071.489804,1790938072.270592,3.390007,6.958332,1.114134,0.024705,0.035309,0.380774,-0.923663,-1.078,-4.821,-44.762,-0.049077,-0.125830,0.065189,0.131048,-0.119662,-0.595435
1790938071.523134,1790938072.316315,3.385619,6.956682,1.116217,0.023426,0.039072,0.389307,-0.919981,-0.730,-5.171,-45.840,-0.049124,-0.118560,0.076186,0.116135,-0.222994,-0.531518
1790938071.556465,1790938072.358486,3.381022,6.955253,1.118687,0.022775,0.043447,0.397167,-0.916434,-0.416,-5.608,-46.842,-0.047331,-0.114761,0.076387,0.118266,-0.197426,-0.536845
1790938071.589794,1790938072.395490,3.376282,6.953562,1.120730,0.021660,0.046598,0.405467,-0.912664,-0.101,-5.890,-47.903,-0.046489,-0.109894,0.070536,0.103355,-0.082372,-0.559215
1790938071.623124,1790938072.436807,3.372510,6.952720,1.122851,0.020093,0.047921,0.413495,-0.909023,0.179,-5.955,-48.929,-0.051126,-0.098200,0.065332,0.077787,0.004981,-0.494233
1790938071.656455,1790938072.472882,3.368111,6.951747,1.124491,0.018575,0.048242,0.420074,-0.906016,0.396,-5.913,-49.770,-0.057406,-0.086153,0.059356,0.045830,0.026289,-0.381313
1790938071.689785,1790938072.527040,3.364758,6.951700,1.126156,0.017737,0.048348,0.425554,-0.903466,0.524,-5.881,-50.470,-0.059598,-0.078913,0.050870,0.007480,0.008179,-0.354679
1790938071.723115,1790938072.571413,3.360955,6.951247,1.127040,0.017851,0.047539,0.430696,-0.901067,0.506,-5.800,-51.120,-0.067768,-0.075319,0.028081,-0.110764,0.074230,-0.321657
1790938071.756445,1790938072.622342,3.357193,6.951650,1.127326,0.018375,0.045348,0.435617,-0.898801,0.373,-5.597,-51.734,-0.073978,-0.079247,0.002145,-0.063892,0.127493,-0.336571
1790938071.789775,1790938072.661389,3.352717,6.951167,1.126527,0.017334,0.043268,0.441586,-0.896007,0.412,-5.327,-52.491,-0.074467,-0.096386,-0.020889,0.022398,0.124300,-0.489975
1790938071.823104,1790938072.694273,3.348736,6.951059,1.125376,0.016117,0.042719,0.450200,-0.891760,0.559,-5.204,-53.599,-0.069517,-0.107696,-0.034210,-0.007430,-0.015252,-0.639116
1790938071.856434,1790938072.727868,3.344026,6.950273,1.123691,0.016882,0.043306,0.459443,-0.886990,0.567,-5.298,-54.793,-0.065070,-0.102364,-0.040497,-0.108631,-0.082364,-0.564546
1790938071.889764,1790938072.770033,3.340496,6.950018,1.122039,0.019304,0.043537,0.467137,-0.882901,0.379,-5.446,-55.784,-0.057201,-0.088535,-0.047610,-0.166157,-0.068515,-0.480388
1790938071.923094,1790938072.812498,3.336788,6.949330,1.119954,0.021378,0.042583,0.474315,-0.879065,0.162,-5.460,-56.707,-0.052522,-0.084032,-0.054602,-0.141652,0.051864,-0.489976
1790938071.956423,1790938072.860850,3.333736,6.949374,1.117945,0.022148,0.039556,0.481099,-0.875493,-0.041,-5.197,-57.577,-0.050464,-0.069738,-0.057936,-0.149111,0.241487,-0.381317
1790938071.989756,1790938072.900341,3.330811,6.949010,1.115891,0.021139,0.033738,0.485722,-0.873206,-0.238,-4.557,-58.161,-0.033351,-0.054260,-0.043937,-0.095843,0.406609,-0.224718
1790938072.023094,1790938072.944535,3.329290,6.948786,1.114975,0.018964,0.028000,0.488818,-0.871730,-0.327,-3.862,-58.552,-0.002807,-0.040463,-0.009747,-0.052166,0.264925,-0.202346
1790938072.056434,1790938072.984902,3.328260,6.947463,1.115158,0.018895,0.025938,0.492572,-0.869680,-0.420,-3.654,-59.040,0.031898,-0.030549,0.026791,-0.070274,-0.080227,-0.347229
1790938072.089773,1790938073.029338,3.328275,6.945859,1.116555,0.021776,0.028414,0.499014,-0.865854,-0.537,-4.068,-59.893,0.057763,-0.022644,0.046171,-0.135258,-0.329507,-0.552830
1790938072.123113,1790938073.071876,3.328789,6.943670,1.118113,0.026863,0.031949,0.507556,-0.860607,-0.794,-4.718,-61.029,0.066926,-0.004173,0.042627,-0.202369,-0.320983,-0.614619
1790938072.156452,1790938073.117642,3.329882,6.942020,1.119472,0.032081,0.034419,0.515809,-0.855410,-1.115,-5.278,-62.128,0.066670,0.024242,0.025495,-0.233264,-0.213387,-0.523003
1790938072.189792,1790938073.163213,3.331549,6.940481,1.120048,0.036000,0.034433,0.522675,-0.851076,-1.456,-5.523,-63.041,0.055531,0.044866,0.007375,-0.206630,-0.010979,-0.435649
1790938072.223132,1790938073.201816,3.333827,6.939884,1.120249,0.037246,0.031931,0.528690,-0.847396,-1.690,-5.365,-63.841,0.040374,0.055445,-0.000229,-0.105428,0.207405,-0.398363
1790938072.256471,1790938073.238829,3.335871,6.939359,1.120409,0.035883,0.028494,0.534652,-0.843829,-1.731,-4.960,-64.642,0.041153,0.052822,0.017027,-0.006353,0.175448,-0.447366
1790938072.289811,1790938073.282412,3.338043,6.938939,1.121446,0.034720,0.028005,0.541623,-0.839437,-1.608,-4.855,-65.594,0.043093,0.048938,0.039646,0.033060,-0.063177,-0.551765
1790938072.323150,1790938073.320982,3.339426,6.937959,1.122892,0.035816,0.030582,0.549900,-0.833901,-1.502,-5.186,-66.736,0.042309,0.050272,0.046819,-0.058551,-0.243211,-0.640183
1790938072.356489,1790938073.358100,3.342199,6.938031,1.124298,0.039204,0.033443,0.558809,-0.827694,-1.585,-5.692,-67.971,0.035336,0.059565,0.029392,-0.141644,-0.219773,-0.672144
1790938072.389829,1790938073.399304,3.344300,6.937631,1.124698,0.041844,0.034960,0.568498,-0.820875,-1.668,-6.026,-69.321,0.029418,0.059765,0.000143,-0.067071,-0.070630,-0.752039
1790938072.423168,1790938073.437528,3.346137,6.937332,1.124231,0.041485,0.034784,0.578780,-0.813685,-1.570,-6.006,-70.767,0.023273,0.065522,-0.020988,-0.004217,0.138169,-0.704101
1790938072.456507,1790938073.482842,3.348504,6.937054,1.123480,0.039378,0.032906,0.587272,-0.807761,-1.438,-5.705,-71.965,0.022072,0.081848,-0.013782,0.012825,0.171194,-0.496366
1790938072.489846,1790938073.514093,3.351085,6.937258,1.123354,0.037915,0.031878,0.592759,-0.803855,-1.334,-5.520,-72.746,0.024457,0.093357,0.012584,0.006435,0.011404,-0.318461
1790938072.523186,1790938073.549016,3.354253,6.937544,1.124060,0.038641,0.032767,0.596318,-0.801148,-1.315,-5.658,-73.258,0.022646,0.099410,0.025941,-0.048958,-0.123887,-0.227910
1790938072.556525,1790938073.576520,3.356975,6.937697,1.124790,0.040355,0.033837,0.599275,-0.798809,-1.378,-5.879,-73.685,0.017806,0.094144,0.022263,-0.072393,-0.079144,-0.241759
1790938072.589865,1790938073.598911,3.359976,6.938119,1.125393,0.041894,0.033668,0.603140,-0.795822,-1.502,-5.977,-74.237,0.012266,0.076867,0.015501,-0.115005,-0.009900,-0.355746
1790938072.623204,1790938073.630927,3.362249,6.938428,1.125873,0.043172,0.033056,0.608671,-0.791557,-1.619,-6.021,-75.032,0.008348,0.057114,0.016055,-0.085177,-0.022682,-0.477189
1790938072.656544,1790938073.663420,3.363246,6.938026,1.126302,0.044019,0.033207,0.615418,-0.786270,-1.634,-6.108,-76.014,0.005013,0.039866,0.015998,-0.036173,-0.040791,-0.549626
1790938072.689883,1790938073.698967,3.364729,6.938859,1.126802,0.044236,0.034037,0.622906,-0.780303,-1.535,-6.213,-77.117,-0.000286,0.028025,0.015403,0.034136,-0.037595,-0.610350
1790938072.723223,1790938073.735872,3.365513,6.939142,1.127078,0.043508,0.035604,0.630808,-0.773899,-1.293,-6.315,-78.296,-0.005769,0.025209,0.008575,0.062901,-0.033332,-0.589043
1790938072.756562,1790938073.768161,3.366421,6.939765,1.127089,0.042619,0.036713,0.637665,-0.768257,-1.076,-6.359,-79.327,-0.014148,0.034915,-0.006344,0.026680,0.027388,-0.462273
1790938072.789901,1790938073.795084,3.367489,6.940526,1.126381,0.041525,0.036010,0.642805,-0.764055,-0.989,-6.224,-80.095,-0.022141,0.043990,-0.021522,-0.035103,0.123268,-0.337630
1790938072.823241,1790938073.829408,3.368885,6.941432,1.125535,0.040340,0.033913,0.646757,-0.760873,-1.009,-5.957,-80.678,-0.026905,0.045563,-0.021807,-0.059606,0.146704,-0.282236
1790938072.856580,1790938073.867197,3.369494,6.942024,1.124694,0.039720,0.031801,0.650572,-0.757738,-1.084,-5.732,-81.243,-0.028601,0.035926,-0.012799,-0.074518,0.072135,-0.310995
1790938072.889920,1790938073.891133,3.370734,6.943630,1.124334,0.040052,0.030829,0.654812,-0.754100,-1.153,-5.679,-81.881,-0.032605,0.023658,-0.004144,-0.074518,0.001826,-0.349350
1790938072.923258,1790938073.929260,3.371131,6.944843,1.124142,0.040725,0.030287,0.659604,-0.749898,-1.216,-5.690,-82.609,-0.034554,0.007252,0.000769,-0.057473,0.009282,-0.416463
1790938072.956597,1790938073.965698,3.370697,6.946402,1.123912,0.040818,0.029857,0.665165,-0.744982,-1.215,-5.669,-83.461,-0.036258,-0.012401,0.006568,-0.014858,0.023134,-0.471856
1790938072.989938,1790938074.006332,3.369982,6.947223,1.124111,0.040349,0.029795,0.670940,-0.739814,-1.135,-5.637,-84.354,-0.037760,-0.025787,0.007729,0.008576,0.035916,-0.449485
1790938073.023282,1790938074.038770,3.368830,6.947920,1.123926,0.039247,0.029555,0.676245,-0.735037,-1.020,-5.539,-85.180,-0.037506,-0.034413,0.005070,0.032015,0.072139,-0.412197
1790938073.056626,1790938074.078661,3.367355,6.949871,1.124079,0.037805,0.029293,0.681172,-0.730560,-0.882,-5.411,-85.951,-0.036245,-0.037375,0.006728,0.025624,0.076400,-0.368522
1790938073.089970,1790938074.118332,3.365866,6.951360,1.123890,0.036833,0.028504,0.685324,-0.726747,-0.832,-5.274,-86.601,-0.035668,-0.035660,0.005843,-0.047878,0.074274,-0.293951
1790938073.123314,1790938074.161133,3.364417,6.952266,1.124084,0.036787,0.026821,0.688497,-0.723808,-0.939,-5.134,-87.093,-0.034033,-0.035740,0.008231,-0.087293,0.068947,-0.209792
1790938073.156658,1790938074.201748,3.362920,6.953310,1.124123,0.036852,0.025402,0.690818,-0.721642,-1.041,-5.024,-87.454,-0.030681,-0.040294,0.013655,-0.063854,0.038055,-0.169310
1790938073.190002,1790938074.234185,3.361312,6.954312,1.124569,0.037036,0.024520,0.692936,-0.719629,-1.111,-4.969,-87.787,-0.027307,-0.048017,0.012314,-0.044681,0.042317,-0.178897
1790938073.223346,1790938074.260038,3.359505,6.955075,1.124875,0.036614,0.023574,0.695409,-0.717294,-1.135,-4.861,-88.177,-0.021438,-0.057512,0.009115,-0.025505,0.087059,-0.225772
1790938073.256691,1790938074.307097,3.357413,6.955605,1.125187,0.035796,0.022146,0.698234,-0.714631,-1.163,-4.683,-88.623,-0.015744,-0.063781,0.011952,-0.032961,0.095582,-0.222576
1790938073.290035,1790938074.349062,3.355132,6.955507,1.125417,0.035103,0.021182,0.700685,-0.712292,-1.168,-4.552,-89.012,-0.008431,-0.065495,0.019083,-0.013784,0.028470,-0.179962
1790938073.323379,1790938074.379642,3.352585,6.956258,1.126229,0.035490,0.020793,0.702512,-0.710483,-1.220,-4.555,-89.305,-0.004772,-0.066147,0.021537,-0.056397,-0.018400,-0.132024
1790938073.356722,1790938074.405331,3.350208,6.956300,1.127008,0.036483,0.020706,0.704113,-0.708848,-1.297,-4.631,-89.563,0.000923,-0.070096,0.022567,-0.052135,-0.050360,-0.139482
1790938073.390067,1790938074.434604,3.347726,6.956243,1.127725,0.037507,0.020871,0.705751,-0.707158,-1.356,-4.730,-89.830,0.001005,-0.070442,0.016431,-0.018045,-0.037575,-0.132024
1790938073.423411,1790938074.468097,3.344582,6.956043,1.127798,0.037779,0.020590,0.706887,-0.706017,-1.394,-4.731,-90.013,-0.005796,-0.063922,-0.000042,-0.056395,0.068955,-0.026559
1790938073.456756,1790938074.493220,3.342570,6.956336,1.127623,0.036616,0.018236,0.706412,-0.706618,-1.493,-4.445,-89.925,-0.010250,-0.051875,-0.013715,-0.029762,0.240467,0.146018
1790938073.490100,1790938074.522132,3.340781,6.956458,1.127226,0.033566,0.015069,0.704237,-0.709011,-1.515,-3.936,-89.561,-0.002530,-0.044722,-0.009214,0.013913,0.242598,0.238698
1790938073.523444,1790938074.549547,3.339250,6.956259,1.127222,0.031736,0.013217,0.701405,-0.711934,-1.530,-3.631,-89.098,0.007801,-0.039290,0.007149,0.007521,0.023147,0.246154
1790938073.556789,1790938074.587162,3.337939,6.955749,1.127685,0.032458,0.014071,0.698669,-0.714570,-1.535,-3.753,-88.660,0.019709,-0.034584,0.015582,0.018173,-0.156887,0.185432
1790938073.590133,1790938074.614732,3.336674,6.954918,1.128133,0.034333,0.016351,0.697129,-0.715937,-1.515,-4.088,-88.421,0.027076,-0.036829,0.003802,0.003261,-0.161147,0.053335
1790938073.623478,1790938074.635724,3.335422,6.953831,1.127926,0.035623,0.017230,0.696903,-0.716073,-1.552,-4.263,-88.388,0.025224,-0.034608,-0.022387,-0.021240,0.007168,-0.016972
1790938073.656823,1790938074.657449,3.334238,6.952767,1.127033,0.034654,0.015893,0.697335,-0.715731,-1.576,-4.076,-88.452,0.018227,-0.034916,-0.033896,-0.027633,0.194661,-0.041474
1790938073.690167,1790938074.679251,3.332924,6.952042,1.126255,0.032478,0.012863,0.697939,-0.715305,-1.637,-3.654,-88.540,0.012752,-0.038946,-0.011730,-0.019111,0.213835,-0.037212
1790938073.723512,1790938074.717807,3.331367,6.951476,1.126664,0.030811,0.011583,0.698495,-0.714857,-1.600,-3.417,-88.626,0.012482,-0.044297,0.034239,0.045871,-0.012005,-0.039343
1790938073.756857,1790938074.750576,3.329323,6.949761,1.127929,0.031666,0.013377,0.698680,-0.714608,-1.525,-3.633,-88.660,0.011306,-0.040277,0.057837,0.017110,-0.225062,0.013919
1790938073.790200,1790938074.776826,3.327065,6.949889,1.129861,0.034525,0.016137,0.698076,-0.715009,-1.542,-4.087,-88.572,0.007324,-0.035561,0.042094,-0.031892,-0.201625,0.049076
1790938073.823545,1790938074.803814,3.325734,6.949450,1.130813,0.036373,0.017128,0.697688,-0.715273,-1.617,-4.316,-88.513,0.007622,-0.036968,0.011760,-0.041480,-0.029047,0.008595
1790938073.856890,1790938074.829318,3.324358,6.948965,1.130923,0.036555,0.016418,0.697673,-0.715295,-1.689,-4.272,-88.508,0.008496,-0.035885,-0.006701,-0.037219,0.068959,0.009659
1790938073.890235,1790938074.857075,3.323067,6.948235,1.130728,0.036025,0.015106,0.697573,-0.715448,-1.751,-4.122,-88.487,0.011521,-0.037395,-0.006712,-0.018044,0.076415,0.002203
1790938073.923580,1790938074.890094,3.321598,6.947581,1.130767,0.035195,0.014474,0.698029,-0.715058,-1.731,-4.004,-88.559,0.015445,-0.044946,0.005617,0.035218,0.033804,-0.078759
1790938073.956925,1790938074.926188,3.319903,6.946854,1.131232,0.034488,0.014998,0.699407,-0.713733,-1.623,-3.994,-88.782,0.016774,-0.049295,0.016870,0.058655,-0.016264,-0.151199
1790938073.990268,1790938074.959637,3.318087,6.946127,1.131849,0.033930,0.016074,0.701296,-0.711881,-1.480,-4.041,-89.089,0.015787,-0.049294,0.015708,0.066113,-0.021590,-0.169308
1790938074.023599,1790938074.994966,3.316271,6.945354,1.132316,0.033361,0.016940,0.703274,-0.709934,-1.352,-4.070,-89.412,0.013860,-0.047966,0.008421,0.035219,0.005042,-0.166112
1790938074.056931,1790938075.028250,3.314386,6.944679,1.132527,0.032849,0.016996,0.705101,-0.708141,-1.296,-4.037,-89.708,0.013004,-0.047066,0.001183,0.006456,0.042328,-0.135218
1790938074.090262,1790938075.067158,3.312559,6.943748,1.132520,0.032158,0.016317,0.706696,-0.706598,-1.286,-3.928,-89.964,0.015025,-0.049672,-0.004424,-0.020174,0.072156,-0.137349
1790938074.123593,1790938075.105036,3.308359,6.940023,1.131880,0.031177,0.015205,0.708516,-0.704842,-1.287,-3.762,-90.256,0.021117,-0.058708,-0.003453,0.002198,0.078550,-0.167177
1790938074.156924,1790938075.132390,3.306453,6.939813,1.132121,0.030198,0.015199,0.710708,-0.702674,-1.196,-3.686,-90.613,0.025624,-0.067102,0.007203,0.070374,0.001850,-0.207657
1790938074.190255,1790938075.162133,3.304000,6.938736,1.132473,0.029608,0.016479,0.712934,-0.700412,-1.032,-3.744,-90.982,0.029460,-0.068313,0.008602,0.066114,-0.043956,-0.168242
1790938074.223586,1790938075.198713,3.301473,6.937547,1.132757,0.029274,0.017628,0.714545,-0.698754,-0.903,-3.811,-91.250,0.033982,-0.068653,0.004024,0.052265,-0.014128,-0.128826
1790938074.256917,1790938075.231300,3.297402,6.932874,1.132179,0.028358,0.018194,0.716011,-0.697275,-0.775,-3.783,-91.493,0.044094,-0.072416,-0.002334,0.051202,0.027418,-0.119240
1790938074.290247,1790938075.262444,3.294345,6.931502,1.132335,0.027451,0.018209,0.717164,-0.696125,-0.695,-3.711,-91.683,0.047826,-0.069779,-0.008213,0.040548,0.055117,-0.070235
1790938074.323578,1790938075.293927,3.291921,6.929680,1.132116,0.026278,0.017536,0.717659,-0.695678,-0.654,-3.561,-91.762,0.048514,-0.067367,-0.010517,0.028830,0.091338,-0.021231
1790938074.356909,1790938075.321673,3.289402,6.928018,1.131906,0.024830,0.017005,0.718117,-0.695272,-0.580,-3.400,-91.835,0.051719,-0.070704,-0.010229,0.019243,0.078553,-0.054254
1790938074.390239,1790938075.358941,3.286902,6.926074,1.131701,0.023591,0.016551,0.718938,-0.694477,-0.515,-3.262,-91.968,0.053979,-0.072682,-0.007277,0.022439,0.071098,-0.079821
1790938074.423570,1790938075.394566,3.284286,6.924079,1.131703,0.022775,0.016062,0.719927,-0.693490,-0.486,-3.157,-92.130,0.056609,-0.072568,0.001798,-0.003127,0.023159,-0.081952
1790938074.456900,1790938075.438734,3.281690,6.922026,1.131910,0.022761,0.016450,0.720637,-0.692743,-0.449,-3.187,-92.249,0.058527,-0.066797,0.004584,0.033091,-0.058868,-0.031882
1790938074.490231,1790938075.486017,3.276969,6.916063,1.131313,0.022942,0.017765,0.720648,-0.692694,-0.355,-3.306,-92.256,0.065804,-0.061615,-0.004780,0.046941,-0.062061,0.019251
1790938074.523561,1790938075.525697,3.275058,6.913950,1.131186,0.023162,0.018297,0.720110,-0.693231,-0.331,-3.367,-92.169,0.070979,-0.055506,-0.017287,-0.016974,0.009312,0.058666
1790938074.556891,1790938075.557840,3.273081,6.911184,1.130685,0.023082,0.018034,0.719446,-0.693931,-0.349,-3.339,-92.058,0.078114,-0.054888,-0.021038,0.002202,0.013574,0.059733
1790938074.590221,1790938075.594630,3.271032,6.908539,1.130117,0.022688,0.018084,0.718892,-0.694516,-0.316,-3.310,-91.967,0.081829,-0.055863,-0.022272,0.012852,0.017835,0.032035
1790938074.623551,1790938075.631075,3.269085,6.905419,1.129509,0.022625,0.017495,0.718610,-0.694825,-0.361,-3.258,-91.918,0.084298,-0.053922,-0.021031,-0.073435,0.026357,0.027773
1790938074.656881,1790938075.665560,3.267111,6.902419,1.129088,0.023800,0.016240,0.718309,-0.695128,-0.560,-3.254,-91.863,0.084831,-0.050628,-0.012987,-0.138417,-0.034363,0.020317
1790938074.690210,1790938075.700309,3.265211,6.899327,1.128999,0.026082,0.015211,0.718349,-0.695028,-0.827,-3.360,-91.866,0.088691,-0.050103,-0.002843,-0.125634,-0.078040,-0.031881
1790938074.723540,1790938075.733732,3.263329,6.896099,1.129220,0.028344,0.014910,0.718677,-0.694606,-1.030,-3.523,-91.920,0.097763,-0.045845,0.003549,-0.080891,-0.078039,-0.008444
1790938074.756870,1790938075.773363,3.261438,6.892832,1.129640,0.029496,0.015259,0.718558,-0.694674,-1.094,-3.646,-91.902,0.110613,-0.038719,0.005556,0.005396,-0.046080,0.023513
1790938074.790199,1790938075.810138,3.259976,6.888791,1.130069,0.030099,0.015777,0.718089,-0.695121,-1.102,-3.736,-91.826,0.121713,-0.026654,0.005172,-0.011647,-0.055667,0.054407
1790938074.823529,1790938075.846335,3.258783,6.884451,1.130520,0.031025,0.016296,0.717256,-0.695928,-1.137,-3.852,-91.691,0.131055,-0.013131,0.005391,-0.005255,-0.056733,0.082103
1790938074.856858,1790938075.890606,3.258204,6.879456,1.130949,0.031237,0.016840,0.716126,-0.697068,-1.116,-3.912,-91.507,0.139695,-0.000608,0.003774,0.039487,0.005053,0.106606
1790938074.890188,1790938075.923944,3.258035,6.874296,1.131365,0.030194,0.016705,0.714895,-0.698380,-1.050,-3.813,-91.304,0.146474,0.008369,0.002841,0.035225,0.098798,0.100215
1790938074.923517,1790938075.954817,3.257825,6.869583,1.131922,0.028397,0.015708,0.714000,-0.699394,-0.993,-3.585,-91.153,0.156270,0.014690,0.010124,0.049074,0.119039,0.061863
1790938074.956846,1790938075.990527,3.258160,6.863976,1.132796,0.026812,0.015054,0.713315,-0.700169,-0.922,-3.401,-91.038,0.169613,0.023064,0.023930,0.017115,0.047664,0.069321
1790938074.990176,1790938076.024907,3.259040,6.857318,1.134026,0.027051,0.015255,0.712398,-0.701088,-0.930,-3.436,-90.889,0.182397,0.031339,0.033801,-0.009515,-0.097214,0.081040
1790938075.023509,1790938076.056796,3.259304,6.851345,1.135448,0.028988,0.016961,0.711621,-0.701761,-0.950,-3.730,-90.768,0.194144,0.034561,0.027476,-0.011645,-0.188829,0.026710
1790938075.056841,1790938076.095298,3.260188,6.844155,1.136415,0.031201,0.018675,0.711707,-0.701534,-0.988,-4.049,-90.790,0.207079,0.034269,0.005849,-0.020167,-0.121714,-0.077687
1790938075.090173,1790938076.131629,3.257266,6.830994,1.135649,0.032049,0.019258,0.713101,-0.700064,-1.000,-4.167,-91.021,0.226512,0.034479,-0.018036,-0.016970,-0.004532,-0.149060
1790938075.123504,1790938076.159852,3.259431,6.823295,1.135433,0.031815,0.018580,0.714817,-0.698340,-1.027,-4.096,-91.299,0.238916,0.048373,-0.036473,-0.047864,0.086018,-0.119232
1790938075.156836,1790938076.192272,3.260924,6.814871,1.134631,0.031457,0.016608,0.716071,-0.697121,-1.153,-3.911,-91.497,0.248671,0.057877,-0.041206,-0.077692,0.096672,-0.103251
1790938075.190168,1790938076.225079,3.262571,6.806113,1.133833,0.031305,0.015068,0.717501,-0.695691,-1.260,-3.778,-91.727,0.255755,0.060557,-0.033657,-0.055320,0.032753,-0.138405
1790938075.223500,1790938076.262698,3.264217,6.797240,1.133359,0.031943,0.014747,0.719018,-0.694100,-1.329,-3.808,-91.976,0.262374,0.068660,-0.023321,-0.022296,-0.056730,-0.104315
1790938075.256832,1790938076.300976,3.266100,6.788130,1.133078,0.032684,0.014929,0.719900,-0.693147,-1.368,-3.885,-92.123,0.263856,0.079761,-0.022836,-0.032948,0.021035,-0.054246
1790938075.290164,1790938076.349622,3.268273,6.778980,1.132863,0.031751,0.013371,0.720791,-0.692296,-1.417,-3.686,-92.265,0.263644,0.080488,-0.018511,-0.037210,0.195744,-0.109640
1790938075.323495,1790938076.390796,3.267795,6.764262,1.132014,0.029755,0.010056,0.722568,-0.690586,-1.525,-3.261,-92.550,0.275952,0.078840,0.003140,-0.127758,0.191483,-0.154379
1790938075.356827,1790938076.420408,3.270494,6.755399,1.133107,0.030391,0.006957,0.723954,-0.689144,-1.826,-3.072,-92.773,0.284031,0.090001,0.027368,-0.183155,-0.015182,-0.056372
1790938075.390158,1790938076.446142,3.272997,6.745613,1.134450,0.033342,0.006204,0.724063,-0.688900,-2.121,-3.258,-92.791,0.289710,0.098758,0.026889,-0.108584,-0.158996,0.019264
1790938075.423490,1790938076.472144,3.275822,6.735732,1.135317,0.036105,0.006894,0.723721,-0.689113,-2.284,-3.541,-92.736,0.292578,0.105464,-0.003574,-0.085147,-0.095079,0.017132
1790938075.456821,1790938076.500394,3.278964,6.725730,1.135111,0.037472,0.005920,0.723603,-0.689173,-2.474,-3.577,-92.715,0.296554,0.109033,-0.034782,-0.113910,0.061517,-0.009498
1790938075.490153,1790938076.525183,3.282101,6.715516,1.134277,0.037675,0.003483,0.723945,-0.688819,-2.691,-3.402,-92.769,0.300332,0.112285,-0.040993,-0.111779,0.108391,-0.021218
1790938075.523484,1790938076.550472,3.285295,6.705306,1.133499,0.037530,0.001529,0.723873,-0.688910,-2.842,-3.236,-92.755,0.299559,0.119651,-0.029592,-0.031882,0.043408,0.051222
1790938075.556815,1790938076.582948,3.288645,6.694993,1.133017,0.037657,0.000882,0.722984,-0.689837,-2.909,-3.191,-92.607,0.299173,0.124107,-0.019628,-0.040404,0.005058,0.104486
1790938075.590145,1790938076.617510,3.292021,6.684704,1.132754,0.037791,0.000463,0.721901,-0.690964,-2.960,-3.164,-92.427,0.300953,0.123414,-0.015941,0.000077,0.021036,0.070396
1790938075.623476,1790938076.654600,3.295446,6.674442,1.132484,0.037440,-0.000167,0.721491,-0.691410,-2.986,-3.084,-92.359,0.300867,0.119915,-0.019271,-0.027621,0.063649,-0.007368
1790938075.656807,1790938076.689128,3.298937,6.664117,1.132168,0.036801,-0.001395,0.721854,-0.691065,-3.035,-2.935,-92.419,0.301878,0.117386,-0.018727,-0.039339,0.082825,-0.035065
1790938075.690138,1790938076.720640,3.302322,6.653794,1.132002,0.036470,-0.002447,0.722021,-0.690905,-3.095,-2.825,-92.447,0.305457,0.117772,-0.008613,-0.016967,0.017841,0.022460
1790938075.723469,1790938076.763239,3.305383,6.643350,1.132146,0.036867,-0.001935,0.721541,-0.691386,-3.086,-2.896,-92.367,0.306260,0.113521,-0.002502,0.005403,-0.104665,0.038438
1790938075.756799,1790938076.804166,3.305982,6.628636,1.131104,0.038785,-0.000820,0.721224,-0.691615,-3.148,-3.142,-92.315,0.302727,0.099852,-0.015796,-0.075556,-0.148344,-0.015886
1790938075.790130,1790938076.838673,3.309006,6.619162,1.130795,0.040926,-0.000677,0.721615,-0.691084,-3.304,-3.332,-92.380,0.293671,0.085354,-0.035161,-0.078752,-0.017312,-0.065955
1790938075.823461,1790938076.871808,3.311108,6.609416,1.129846,0.040796,-0.002308,0.722694,-0.689959,-3.424,-3.198,-92.559,0.288103,0.068158,-0.043953,-0.052120,0.171243,-0.118155
1790938075.856791,1790938076.904969,3.312632,6.599722,1.128982,0.038567,-0.004786,0.724249,-0.688443,-3.446,-2.824,-92.819,0.288746,0.053745,-0.031330,0.016058,0.220246,-0.116023
1790938075.890122,1790938076.943702,3.313786,6.590001,1.128674,0.036112,-0.006803,0.725420,-0.687325,-3.415,-2.467,-93.016,0.293186,0.046541,-0.007687,-0.004181,0.142480,-0.063824
1790938075.923452,1790938076.972720,3.314620,6.579904,1.128915,0.035560,-0.007939,0.725899,-0.686836,-3.464,-2.334,-93.097,0.298503,0.042571,0.004424,-0.043598,0.006123,-0.007364
1790938075.956783,1790938077.008688,3.315160,6.569670,1.129292,0.036121,-0.008202,0.725772,-0.686938,-3.531,-2.359,-93.077,0.305868,0.035245,-0.002456,-0.023357,-0.017312,0.019269
1790938075.990114,1790938077.047173,3.315516,6.559234,1.129275,0.036273,-0.008637,0.725162,-0.687568,-3.581,-2.334,-92.976,0.316977,0.032105,-0.020590,-0.023356,0.039148,0.100231
1790938076.023451,1790938077.085418,3.315819,6.548373,1.128674,0.035827,-0.009772,0.723611,-0.689208,-3.645,-2.200,-92.720,0.332465,0.029387,-0.037653,-0.035075,0.086021,0.169475
1790938076.056789,1790938077.124072,3.315743,6.537328,1.127749,0.035170,-0.011387,0.721655,-0.691265,-3.732,-2.007,-92.399,0.353735,0.021988,-0.045176,-0.032943,0.073236,0.167344
1790938076.090127,1790938077.165416,3.315659,6.525323,1.126577,0.034683,-0.012177,0.719933,-0.693069,-3.764,-1.895,-92.116,0.376981,0.012516,-0.048151,0.004341,0.022103,0.132189
1790938076.123465,1790938077.202161,3.315357,6.512378,1.125281,0.034347,-0.012086,0.718658,-0.694410,-3.733,-1.867,-91.905,0.398573,0.001525,-0.052725,0.035233,-0.002400,0.086382
1790938076.156803,1790938077.250029,3.314758,6.498756,1.123985,0.034050,-0.011668,0.718257,-0.694846,-3.676,-1.874,-91.838,0.418636,-0.018159,-0.047414,0.029906,-0.018377,-0.037191
1790938076.190141,1790938077.294788,3.311434,6.481595,1.122159,0.033845,-0.010245,0.719471,-0.693622,-3.539,-1.977,-92.035,0.436284,-0.039716,-0.024636,0.098087,-0.096145,-0.169283
1790938076.223479,1790938077.330913,3.309627,6.467046,1.122462,0.034066,-0.007051,0.721471,-0.691571,-3.287,-2.258,-92.360,0.443455,-0.046847,-0.000994,0.171593,-0.150476,-0.159697
1790938076.256817,1790938077.364066,3.307386,6.452258,1.123383,0.033006,-0.003502,0.722769,-0.690292,-2.905,-2.457,-92.571,0.446613,-0.047698,0.013509,0.208879,-0.030098,-0.056363
1790938076.290155,1790938077.392734,3.305084,6.437385,1.124734,0.030523,-0.001541,0.722661,-0.690526,-2.546,-2.406,-92.552,0.449744,-0.041095,0.024675,0.137504,0.071105,0.092777
1790938076.323493,1790938077.427372,3.302995,6.422470,1.126336,0.028671,-0.001199,0.720644,-0.692711,-2.377,-2.273,-92.217,0.446199,-0.032485,0.031301,0.059737,0.028492,0.256833
1790938076.356831,1790938077.461958,3.301231,6.407751,1.128071,0.028124,-0.000665,0.717333,-0.696162,-2.301,-2.259,-91.671,0.438957,-0.035060,0.036067,0.034170,-0.035423,0.299445
1790938076.390168,1790938077.489586,3.299509,6.393317,1.129926,0.028415,0.000002,0.714092,-0.699475,-2.280,-2.326,-91.139,0.432606,-0.045842,0.036671,0.008603,-0.054599,0.252572
1790938076.423506,1790938077.515377,3.297551,6.379040,1.131780,0.028707,0.000615,0.711583,-0.702015,-2.262,-2.391,-90.728,0.428371,-0.060169,0.034400,0.046953,-0.022641,0.151368
1790938076.456843,1790938077.555811,3.295235,6.364800,1.133679,0.028055,0.001773,0.710808,-0.702824,-2.117,-2.429,-90.602,0.430224,-0.082512,0.039715,0.115132,-0.042881,-0.044645
1790938076.490181,1790938077.593069,3.290336,6.347423,1.134347,0.027440,0.004268,0.712286,-0.701340,-1.859,-2.584,-90.845,0.433440,-0.095943,0.048535,0.133245,-0.118518,-0.193783
1790938076.523518,1790938077.626318,3.287478,6.332641,1.136908,0.027897,0.007452,0.714428,-0.699112,-1.627,-2.882,-91.201,0.430187,-0.086996,0.051422,0.077849,-0.169651,-0.150106
1790938076.556856,1790938077.652353,3.284454,6.318532,1.139379,0.029175,0.010076,0.715614,-0.697813,-1.509,-3.200,-91.401,0.425411,-0.072700,0.045573,0.030977,-0.150475,-0.067012
1790938076.590193,1790938077.679124,3.281782,6.304610,1.141518,0.030484,0.011712,0.716000,-0.697336,-1.478,-3.439,-91.469,0.420059,-0.059879,0.030826,0.005410,-0.098276,-0.016945
1790938076.623531,1790938077.721104,3.279493,6.290852,1.143244,0.031530,0.012642,0.715831,-0.697446,-1.486,-3.599,-91.444,0.415405,-0.047861,0.019829,-0.013764,-0.082297,0.036318
1790938076.656868,1790938077.763396,3.276455,6.275881,1.143736,0.032774,0.013608,0.715302,-0.697914,-1.509,-3.777,-91.360,0.414260,-0.041492,0.013175,0.008608,-0.117453,0.036320
1790938076.690206,1790938077.796500,3.275000,6.262268,1.145073,0.033840,0.015306,0.714861,-0.698280,-1.458,-4.000,-91.294,0.413618,-0.036279,0.003917,0.032044,-0.097212,0.034190
1790938076.723543,1790938077.829765,3.273597,6.248603,1.146013,0.034037,0.016227,0.714265,-0.698859,-1.401,-4.089,-91.199,0.413362,-0.028279,-0.006525,0.037371,0.005055,0.060822
1790938076.756881,1790938077.863503,3.272451,6.234903,1.146675,0.033255,0.016208,0.713658,-0.699517,-1.344,-4.022,-91.099,0.413940,-0.022541,-0.011362,0.028848,0.061515,0.032059
1790938076.790218,1790938077.901109,3.271499,6.221186,1.147218,0.032301,0.015553,0.713451,-0.699787,-1.322,-3.891,-91.063,0.416394,-0.015974,-0.013363,-0.000977,0.073233,0.018210
1790938076.823555,1790938077.935985,3.270884,6.207301,1.147621,0.031604,0.014297,0.713201,-0.700101,-1.370,-3.732,-91.018,0.419472,-0.008537,-0.018686,-0.045721,0.089213,0.020341
1790938076.856893,1790938077.969278,3.270362,6.193237,1.147792,0.031539,0.012699,0.713311,-0.700022,-1.495,-3.599,-91.030,0.424410,-0.006797,-0.023600,-0.089398,0.043405,-0.032923
1790938076.890230,1790938078.005810,3.269680,6.179056,1.147833,0.032365,0.011576,0.713970,-0.699332,-1.650,-3.578,-91.135,0.430760,-0.004869,-0.026081,-0.071288,-0.031164,-0.082991
1790938076.923566,1790938078.041229,3.269331,6.164501,1.147719,0.033653,0.011516,0.715068,-0.698149,-1.753,-3.681,-91.315,0.439005,0.001642,-0.038507,-0.037198,-0.051405,-0.105363
1790938076.956903,1790938078.076962,3.269394,6.149487,1.147154,0.034119,0.011986,0.716309,-0.696845,-1.745,-3.760,-91.521,0.451339,0.009714,-0.054615,0.023522,-0.027968,-0.106428
1790938076.990241,1790938078.112322,3.269396,6.134166,1.146051,0.034364,0.012225,0.717218,-0.695894,-1.740,-3.802,-91.671,0.463520,0.022714,-0.069929,-0.039329,-0.009859,-0.043575
1790938077.023572,1790938078.150606,3.269658,6.118533,1.144546,0.035356,0.011419,0.717568,-0.695497,-1.883,-3.820,-91.727,0.477994,0.032196,-0.076295,-0.112834,-0.022642,-0.022270
1790938077.056903,1790938078.185953,3.270118,6.102253,1.143105,0.037422,0.010994,0.718013,-0.694936,-2.081,-3.958,-91.800,0.493908,0.034957,-0.070138,-0.087266,-0.133432,-0.077665
1790938077.090233,1790938078.215016,3.270548,6.085542,1.141969,0.040202,0.012060,0.719214,-0.693519,-2.208,-4.276,-92.002,0.502199,0.033965,-0.065608,-0.074483,-0.167522,-0.139453
1790938077.123564,1790938078.247406,3.270876,6.068749,1.140911,0.042497,0.012513,0.720842,-0.691682,-2.343,-4.507,-92.273,0.499403,0.035697,-0.071697,-0.068091,-0.011988,-0.146909
1790938077.156894,1790938078.301579,3.271149,6.052079,1.139698,0.041656,0.010754,0.722662,-0.689862,-2.410,-4.304,-92.570,0.500440,0.035867,-0.071904,-0.000976,0.256464,-0.160759
1790938077.190224,1790938078.343291,3.270141,6.035356,1.137652,0.037413,0.007782,0.725130,-0.687551,-2.307,-3.724,-92.973,0.511873,0.028103,-0.045302,0.079988,0.286289,-0.260897
1790938077.223554,1790938078.378326,3.270279,6.017919,1.137810,0.034519,0.006711,0.728450,-0.684196,-2.151,-3.410,-93.525,0.518277,0.032899,-0.010613,0.002222,0.022097,-0.261961
1790938077.256885,1790938078.424649,3.270504,6.000545,1.138770,0.035824,0.007410,0.730779,-0.681633,-2.182,-3.581,-93.917,0.520878,0.046176,0.008561,-0.023345,-0.160068,-0.160758
1790938077.290215,1790938078.462217,3.270107,5.983448,1.139062,0.037505,0.009539,0.732593,-0.679566,-2.125,-3.894,-94.229,0.521709,0.044785,0.008254,0.036312,-0.121718,-0.196978
1790938077.323545,1790938078.495404,3.270225,5.965998,1.140488,0.038187,0.010714,0.735046,-0.676856,-2.065,-4.051,-94.647,0.521008,0.046762,0.003422,-0.014821,-0.014124,-0.222545
1790938077.356873,1790938078.540343,3.270391,5.948668,1.141858,0.038558,0.009970,0.737019,-0.674697,-2.145,-4.031,-94.980,0.520189,0.057632,0.012508,-0.080869,0.030618,-0.105362
1790938077.390203,1790938078.585660,3.270302,5.933315,1.142839,0.039418,0.009109,0.737555,-0.674074,-2.281,-4.038,-95.069,0.515350,0.062037,0.029488,-0.062757,-0.062065,-0.002025
1790938077.423533,1790938078.620889,3.270870,5.915351,1.145199,0.041131,0.009979,0.737497,-0.674022,-2.341,-4.251,-95.063,0.508513,0.057248,0.031665,0.017139,-0.162201,-0.021201
1790938077.456862,1790938078.655421,3.271146,5.898515,1.147177,0.042864,0.012463,0.737975,-0.673350,-2.261,-4.591,-95.153,0.497944,0.049420,0.011564,0.026726,-0.176050,-0.085118
1790938077.490192,1790938078.688154,3.271007,5.882356,1.148320,0.044588,0.014313,0.739152,-0.671909,-2.229,-4.885,-95.361,0.482635,0.045062,-0.020206,-0.007362,-0.111068,-0.142644
1790938077.523521,1790938078.723089,3.270964,5.866408,1.148406,0.045461,0.014741,0.740719,-0.670113,-2.249,-4.997,-95.632,0.464268,0.044463,-0.053708,-0.027602,0.029550,-0.131991
1790938077.556850,1790938078.761066,3.270984,5.850984,1.147576,0.044378,0.013487,0.742047,-0.668741,-2.262,-4.813,-95.854,0.446323,0.042597,-0.071442,-0.002035,0.169104,-0.080856
1790938077.590179,1790938078.799721,3.270177,5.837292,1.145716,0.041739,0.011365,0.742669,-0.668260,-2.236,-4.427,-95.951,0.430420,0.041568,-0.069683,0.020336,0.225563,0.009693
1790938077.623508,1790938078.832512,3.270087,5.822804,1.144670,0.038818,0.009016,0.742285,-0.668898,-2.214,-3.996,-95.877,0.421984,0.040962,-0.052490,-0.004163,0.208518,0.095982
1790938077.656838,1790938078.868911,3.270085,5.808645,1.144128,0.036950,0.006840,0.740953,-0.670504,-2.263,-3.665,-95.642,0.417975,0.040118,-0.032864,-0.035058,0.096663,0.160967
1790938077.690166,1790938078.915193,3.269964,5.794740,1.144007,0.037166,0.005952,0.739123,-0.672518,-2.365,-3.609,-95.328,0.417068,0.033130,-0.025878,-0.041449,-0.046085,0.150313
1790938077.723495,1790938078.958819,3.268624,5.783091,1.143394,0.038334,0.006272,0.737671,-0.674042,-2.437,-3.727,-95.082,0.418231,0.019763,-0.038051,-0.014815,-0.066328,0.088528
1790938077.756824,1790938078.983683,3.267983,5.767777,1.142721,0.038590,0.006450,0.736785,-0.674994,-2.446,-3.760,-94.932,0.423932,0.011085,-0.061280,0.001162,0.045528,0.080005
1790938077.790152,1790938079.008882,3.267679,5.752468,1.141381,0.037535,0.005539,0.735906,-0.676019,-2.446,-3.597,-94.781,0.433697,0.004540,-0.074600,0.021400,0.090269,0.083199
1790938077.823480,1790938079.032253,3.266449,5.737776,1.139798,0.036632,0.005084,0.735127,-0.676919,-2.418,-3.482,-94.648,0.446934,-0.002339,-0.073297,0.011813,0.009307,0.053370
1790938077.856809,1790938079.058792,3.264933,5.722662,1.138367,0.036792,0.005767,0.734809,-0.677251,-2.375,-3.548,-94.595,0.463402,-0.011524,-0.068413,0.039512,-0.078045,-0.018002
1790938077.890137,1790938079.088144,3.262911,5.707102,1.137174,0.037174,0.007507,0.735368,-0.676606,-2.255,-3.717,-94.693,0.479060,-0.021255,-0.063046,0.064013,-0.073785,-0.087246
1790938077.923465,1790938079.120333,3.260718,5.691155,1.136294,0.037060,0.009049,0.736292,-0.675587,-2.111,-3.830,-94.853,0.488071,-0.024014,-0.053727,0.082124,-0.032237,-0.065941
1790938077.956794,1790938079.157506,3.258604,5.675037,1.135759,0.035988,0.009694,0.736241,-0.675692,-1.973,-3.790,-94.846,0.488109,-0.016708,-0.043463,0.060817,0.098792,0.092786
1790938077.990121,1790938079.193935,3.256764,5.658938,1.135681,0.033457,0.008295,0.734426,-0.677812,-1.904,-3.462,-94.534,0.492398,-0.011987,-0.020825,0.027794,0.212779,0.245124
1790938078.023456,1790938079.229767,3.255157,5.642756,1.136433,0.030794,0.006349,0.731319,-0.681310,-1.875,-3.078,-94.005,0.498389,-0.009634,0.010796,0.042708,0.127554,0.319695
1790938078.056790,1790938079.271949,3.254068,5.626271,1.138111,0.029937,0.006091,0.727455,-0.685475,-1.847,-2.975,-93.356,0.503424,-0.010303,0.034701,0.029922,-0.056741,0.351655
1790938078.090124,1790938079.314735,3.252319,5.610518,1.139930,0.031457,0.007517,0.723534,-0.689530,-1.866,-3.204,-92.705,0.507779,-0.015209,0.039727,-0.021207,-0.190968,0.305844
1790938078.123459,1790938079.351529,3.251260,5.592879,1.141952,0.034232,0.008959,0.720173,-0.692892,-1.983,-3.539,-92.151,0.505544,-0.017616,0.018968,-0.060624,-0.150486,0.261103
1790938078.156793,1790938079.396413,3.250322,5.576220,1.143256,0.035849,0.008964,0.717408,-0.695672,-2.126,-3.664,-91.694,0.501097,-0.024203,-0.003573,-0.045711,0.018893,0.201448
1790938078.190127,1790938079.440625,3.248236,5.562424,1.143775,0.035315,0.007823,0.715639,-0.697533,-2.186,-3.524,-91.401,0.500910,-0.036331,-0.004940,-0.000966,0.090267,0.109833
1790938078.223461,1790938079.479773,3.246271,5.543893,1.144979,0.034614,0.007457,0.714576,-0.698662,-2.165,-3.433,-91.225,0.504525,-0.039551,0.010393,0.020338,-0.036500,0.088524
1790938078.256794,1790938079.512419,3.244685,5.527339,1.146556,0.035702,0.009019,0.713349,-0.699841,-2.131,-3.644,-91.028,0.499980,-0.035062,0.018014,0.027796,-0.200556,0.114090
1790938078.290128,1790938079.548129,3.243336,5.511042,1.148147,0.038581,0.012355,0.711510,-0.701508,-2.100,-4.142,-90.735,0.491012,-0.026608,0.004760,0.028861,-0.315608,0.180139
1790938078.323463,1790938079.593391,3.242818,5.495020,1.149001,0.041796,0.015851,0.708828,-0.703964,-2.092,-4.679,-90.309,0.475535,-0.017383,-0.031510,0.013945,-0.201621,0.240865
1790938078.356797,1790938079.626687,3.241126,5.481299,1.148383,0.042737,0.016620,0.705949,-0.706776,-2.125,-4.809,-89.844,0.462780,-0.014560,-0.066508,-0.019074,0.063635,0.235535
1790938078.390131,1790938079.655806,3.240616,5.465758,1.147314,0.040848,0.014764,0.703592,-0.709275,-2.137,-4.498,-89.455,0.457277,-0.016926,-0.068593,0.048039,0.220233,0.164160
1790938078.423465,1790938079.697431,3.240152,5.450587,1.146611,0.037735,0.012733,0.702160,-0.710904,-2.055,-4.077,-89.218,0.452915,-0.020299,-0.040182,0.035254,0.194667,0.100242
1790938078.456798,1790938079.738788,3.239287,5.439003,1.146692,0.035833,0.010910,0.701210,-0.711970,-2.052,-3.772,-89.060,0.449602,-0.019429,-0.007509,-0.039313,0.119028,0.069350
1790938078.490132,1790938079.767461,3.239091,5.421409,1.147838,0.036067,0.009424,0.701022,-0.712165,-2.191,-3.669,-89.026,0.457024,-0.023170,0.007574,-0.091514,-0.038632,-0.048898
1790938078.523466,1790938079.796351,3.238539,5.406015,1.148960,0.037699,0.009753,0.702316,-0.710799,-2.291,-3.831,-89.235,0.465077,-0.026248,-0.006181,0.015014,-0.092962,-0.182059
1790938078.556800,1790938079.824147,3.237858,5.390373,1.149385,0.037241,0.011508,0.704969,-0.708166,-2.098,-3.945,-89.669,0.477168,-0.024498,-0.035429,0.136457,0.003977,-0.263023
1790938078.590133,1790938079.855502,3.237343,5.374354,1.148818,0.035145,0.012860,0.708135,-0.705085,-1.801,-3.894,-90.186,0.488990,-0.010104,-0.063802,0.124739,0.063634,-0.256630
1790938078.623467,1790938079.883357,3.237304,5.357903,1.147516,0.033272,0.013253,0.710633,-0.702651,-1.603,-3.779,-90.594,0.502149,0.012316,-0.077367,0.026731,0.057243,-0.134122
1790938078.656801,1790938079.932046,3.237950,5.340899,1.146033,0.033518,0.012385,0.710989,-0.702294,-1.692,-3.730,-90.650,0.520219,0.038231,-0.074503,-0.127734,-0.007741,0.086393
1790938078.690134,1790938079.967569,3.239104,5.325881,1.144671,0.036090,0.011132,0.709294,-0.703900,-2.011,-3.834,-90.370,0.536128,0.048549,-0.061974,-0.151172,-0.122794,0.171616
1790938078.723467,1790938079.997504,3.240285,5.307557,1.143953,0.039597,0.011448,0.707668,-0.705342,-2.279,-4.140,-90.106,0.544023,0.037777,-0.058885,-0.103232,-0.189907,0.060826
1790938078.756801,1790938080.032489,3.241680,5.289437,1.142948,0.041808,0.011722,0.707566,-0.705312,-2.436,-4.341,-90.090,0.532783,0.028110,-0.082453,-0.060622,0.050849,-0.044634
1790938078.790134,1790938080.071714,3.242015,5.271742,1.141044,0.039337,0.008360,0.708798,-0.704265,-2.502,-3.873,-90.283,0.521767,0.019060,-0.101805,-0.015879,0.453531,-0.157558
1790938078.823467,1790938080.106608,3.242971,5.254344,1.138983,0.033352,0.002847,0.711560,-0.701828,-2.454,-2.950,-90.726,0.524789,0.013390,-0.073900,0.039513,0.458856,-0.266215
1790938078.856801,1790938080.147559,3.242847,5.236912,1.138238,0.029304,0.000017,0.715099,-0.698409,-2.347,-2.403,-91.304,0.533470,0.014297,-0.017180,0.034188,0.077481,-0.308829
1790938078.890134,1790938080.197222,3.243637,5.219421,1.139031,0.030527,0.001820,0.718549,-0.694804,-2.284,-2.659,-91.872,0.538252,0.022646,0.014989,0.032055,-0.286850,-0.296042
1790938078.923468,1790938080.233491,3.243786,5.204987,1.140095,0.033409,0.005853,0.721940,-0.691124,-2.166,-3.229,-92.438,0.531824,0.022338,0.002951,0.060819,-0.219738,-0.330136
1790938078.956801,1790938080.270915,3.243623,5.186789,1.140817,0.033808,0.008001,0.725744,-0.687087,-2.000,-3.444,-93.074,0.529039,0.028832,-0.020206,0.054428,0.031670,-0.323745
1790938078.990135,1790938080.306567,3.244740,5.172816,1.140754,0.032399,0.007047,0.728617,-0.684119,-1.955,-3.259,-93.553,0.524549,0.052181,-0.020749,-0.046774,0.152047,-0.119208
1790938079.023466,1790938080.331307,3.245747,5.155080,1.141379,0.031667,0.004914,0.728744,-0.684036,-2.075,-3.031,-93.570,0.524296,0.071206,0.004332,-0.070211,0.054039,0.109830
1790938079.056796,1790938080.358680,3.247270,5.137321,1.142731,0.032777,0.004597,0.727008,-0.685831,-2.197,-3.093,-93.279,0.524204,0.074157,0.021758,-0.032925,-0.127059,0.165225
1790938079.090127,1790938080.386191,3.248726,5.119759,1.144239,0.034878,0.006099,0.725445,-0.687369,-2.245,-3.382,-93.021,0.520523,0.063918,0.010887,-0.011620,-0.161149,0.061891
1790938079.123456,1790938080.419181,3.249782,5.102680,1.145127,0.036683,0.007251,0.725297,-0.687420,-2.292,-3.622,-92.999,0.511505,0.051951,-0.014888,-0.038252,-0.073796,-0.060615
1790938079.156787,1790938080.452425,3.250335,5.085817,1.145331,0.037420,0.006747,0.726458,-0.686158,-2.386,-3.648,-93.192,0.499090,0.038384,-0.029620,-0.052102,0.049777,-0.137317
1790938079.190118,1790938080.486110,3.250583,5.069505,1.145320,0.036781,0.005576,0.728127,-0.684432,-2.425,-3.508,-93.469,0.489356,0.029148,-0.025675,0.003293,0.100912,-0.126663
1790938079.223448,1790938080.522340,3.250421,5.053356,1.145680,0.035329,0.004758,0.729302,-0.683262,-2.373,-3.327,-93.665,0.485865,0.020579,-0.006229,0.051231,0.096651,-0.059550
1790938079.256778,1790938080.559477,3.250177,5.037450,1.146700,0.033544,0.004573,0.729601,-0.683035,-2.247,-3.164,-93.714,0.485898,0.014266,0.013496,0.070404,0.072148,0.023541
1790938079.290108,1790938080.604341,3.249811,5.021523,1.148158,0.032426,0.004886,0.728949,-0.683782,-2.136,-3.093,-93.605,0.487364,0.011107,0.020057,0.035250,-0.020531,0.094917
1790938079.323438,1790938080.637857,3.250484,5.010139,1.149139,0.033301,0.005630,0.727732,-0.685030,-2.148,-3.221,-93.402,0.486867,0.006115,0.009808,-0.032928,-0.112149,0.103440
1790938079.356769,1790938080.670184,3.249653,4.993670,1.150073,0.035107,0.006080,0.726370,-0.686380,-2.260,-3.402,-93.176,0.490305,-0.000049,-0.016349,-0.061691,-0.066342,0.133268
1790938079.390099,1790938080.698153,3.248695,4.977374,1.150067,0.036255,0.005451,0.724703,-0.688085,-2.411,-3.443,-92.897,0.495087,-0.010159,-0.041191,-0.070214,0.006097,0.143921
1790938079.423429,1790938080.739653,3.248117,4.961327,1.149421,0.036679,0.004558,0.723235,-0.689612,-2.526,-3.402,-92.652,0.499879,-0.021212,-0.054675,-0.025475,0.014618,0.109836
1790938079.456758,1790938080.773899,3.245977,4.944525,1.148626,0.036737,0.004745,0.722295,-0.690592,-2.520,-3.418,-92.496,0.508319,-0.032629,-0.053780,0.036313,-0.055689,0.046979
1790938079.490088,1790938080.818857,3.243987,4.927504,1.147983,0.037275,0.006445,0.721920,-0.690942,-2.424,-3.596,-92.436,0.514253,-0.038720,-0.051448,0.064010,-0.119608,0.015021
1790938079.523417,1790938080.855871,3.243426,4.914108,1.147030,0.037655,0.008293,0.721619,-0.691216,-2.302,-3.773,-92.390,0.507404,-0.040395,-0.056401,0.064007,-0.022669,0.035268
1790938079.556747,1790938080.888768,3.241756,4.898141,1.146204,0.036211,0.007811,0.720895,-0.692053,-2.231,-3.613,-92.268,0.494358,-0.039271,-0.063158,0.003286,0.220216,0.115166
1790938079.590075,1790938080.926073,3.239311,4.881909,1.145249,0.031948,0.003802,0.719097,-0.694164,-2.232,-2.936,-91.964,0.490614,-0.038110,-0.045614,0.028854,0.455647,0.241931
1790938079.623405,1790938080.960522,3.237505,4.865372,1.145331,0.026533,-0.001001,0.716187,-0.697404,-2.205,-2.098,-91.482,0.499133,-0.039993,0.009905,0.008614,0.318225,0.276020
1790938079.656734,1790938081.000562,3.237026,4.848997,1.147276,0.025163,-0.002260,0.713559,-0.700140,-2.205,-1.876,-91.052,0.511595,-0.040215,0.064305,0.007545,-0.137722,0.165235
1790938079.690063,1790938081.036495,3.236120,4.836651,1.149945,0.028638,0.001246,0.712305,-0.701284,-2.202,-2.438,-90.846,0.515777,-0.039511,0.069955,0.007548,-0.384874,0.022480
1790938079.723392,1790938081.067214,3.234474,4.819607,1.152653,0.032720,0.005413,0.712288,-0.701104,-2.191,-3.107,-90.847,0.517007,-0.038373,0.034346,-0.000973,-0.265559,-0.039305
1790938079.756721,1790938081.100625,3.232840,4.802667,1.154079,0.034530,0.007114,0.712635,-0.700648,-2.196,-3.393,-90.907,0.508428,-0.036043,-0.005767,0.003287,-0.030130,-0.032914
1790938079.790050,1790938081.144577,3.231110,4.785995,1.154710,0.033212,0.007202,0.713222,-0.700114,-2.080,-3.294,-91.003,0.502448,-0.042990,-0.009857,0.133252,0.103031,-0.080850
1790938079.823379,1790938081.186325,3.230914,4.772149,1.155420,0.030533,0.008328,0.714511,-0.698908,-1.766,-3.169,-91.216,0.499402,-0.044293,0.017736,0.170534,-0.000305,-0.127716
1790938079.856708,1790938081.223392,3.229151,4.756956,1.157340,0.029942,0.011398,0.715620,-0.697754,-1.462,-3.369,-91.405,0.492492,-0.029933,0.035712,0.133250,-0.201645,-0.060606
1790938079.890037,1790938081.261989,3.228254,4.741133,1.159458,0.031567,0.015623,0.715736,-0.697482,-1.245,-3.841,-91.438,0.480127,-0.015481,0.024456,0.066136,-0.254911,0.010767
1790938079.923365,1790938081.296485,3.227607,4.725553,1.160959,0.033642,0.018823,0.715186,-0.697870,-1.151,-4.266,-91.361,0.467573,-0.006887,-0.003855,0.070397,-0.175013,0.055509
1790938079.956694,1790938081.331545,3.227027,4.710299,1.161572,0.033916,0.021407,0.714451,-0.698536,-0.965,-4.495,-91.253,0.459891,-0.004789,-0.028506,0.127923,-0.054634,0.049118
1790938079.990021,1790938081.371481,3.227526,4.695281,1.161562,0.032562,0.022450,0.713854,-0.699176,-0.775,-4.467,-91.160,0.454665,0.001406,-0.040550,0.059741,0.080656,0.058712
1790938080.023355,1790938081.412702,3.227924,4.682889,1.160994,0.031123,0.021053,0.712933,-0.700225,-0.780,-4.236,-91.002,0.447906,0.010164,-0.035753,-0.071287,0.156290,0.103450
1790938080.056690,1790938081.447620,3.228018,4.669024,1.161195,0.030517,0.018280,0.712098,-0.701178,-0.963,-3.962,-90.852,0.447686,0.007001,-0.012644,-0.085136,0.105155,0.027813
1790938080.090024,1790938081.482062,3.228003,4.654550,1.162141,0.030858,0.017575,0.712473,-0.700800,-1.046,-3.934,-90.911,0.447023,0.001153,0.004463,0.000088,-0.091922,-0.073388
1790938080.123359,1790938081.517405,3.227908,4.639994,1.163223,0.032401,0.019284,0.713275,-0.699869,-1.025,-4.199,-91.050,0.445362,0.004187,-0.007454,-0.005239,-0.151580,-0.065930
1790938080.156693,1790938081.553459,3.227963,4.625304,1.163556,0.034152,0.020200,0.713816,-0.699208,-1.087,-4.416,-91.143,0.446739,0.010630,-0.040437,-0.052112,-0.061029,-0.038231
1790938080.190027,1790938081.591509,3.228059,4.610297,1.162752,0.034835,0.019629,0.714082,-0.698919,-1.187,-4.427,-91.184,0.450212,0.021748,-0.073576,-0.037197,0.057217,-0.002013
1790938080.223362,1790938081.625224,3.229041,4.595330,1.161128,0.034560,0.018208,0.713996,-0.699060,-1.282,-4.290,-91.163,0.460704,0.032530,-0.087644,-0.061699,0.062544,0.025685
1790938080.256696,1790938081.659903,3.230135,4.579932,1.159344,0.035246,0.016737,0.713531,-0.699536,-1.461,-4.227,-91.081,0.478190,0.040660,-0.084319,-0.120292,-0.014157,0.062970
1790938080.290030,1790938081.694318,3.231407,4.564026,1.157883,0.038042,0.016031,0.712709,-0.700244,-1.749,-4.398,-90.944,0.495563,0.044923,-0.075838,-0.169296,-0.176082,0.061904
1790938080.323364,1790938081.731927,3.232538,4.547535,1.156677,0.042531,0.016454,0.712363,-0.700328,-2.078,-4.798,-90.889,0.505677,0.038597,-0.078083,-0.171428,-0.212303,-0.041427
1790938080.356699,1790938081.768896,3.233261,4.530685,1.155205,0.045945,0.015925,0.713397,-0.699071,-2.389,-5.038,-91.057,0.501837,0.030362,-0.096436,-0.170361,0.020995,-0.130912
1790938080.390033,1790938081.802055,3.233924,4.514169,1.152995,0.045210,0.011572,0.715225,-0.697335,-2.674,-4.635,-91.343,0.492347,0.027186,-0.111005,-0.133076,0.442854,-0.134107
1790938080.423367,1790938081.834386,3.234068,4.497833,1.150741,0.039603,0.004257,0.717322,-0.695603,-2.814,-3.597,-91.673,0.495454,0.018295,-0.080403,-0.031873,0.586669,-0.182047
1790938080.456700,1790938081.872230,3.234175,4.481607,1.150020,0.034757,-0.000832,0.720210,-0.692884,-2.833,-2.804,-92.146,0.502581,0.009405,-0.016207,-0.027613,0.188246,-0.258749
1790938080.490034,1790938081.905399,3.235370,4.461672,1.151254,0.035936,-0.000720,0.723078,-0.689831,-2.905,-2.922,-92.622,0.509328,0.012585,0.020321,-0.041462,-0.248519,-0.252353
1790938080.523367,1790938081.932134,3.234781,4.451073,1.152185,0.039619,0.002381,0.726057,-0.686488,-2.925,-3.486,-93.120,0.506735,0.010811,0.002769,-0.011634,-0.245329,-0.309880
1790938080.556701,1790938081.970340,3.234338,4.436757,1.152570,0.041556,0.003767,0.729426,-0.682786,-2.944,-3.771,-93.686,0.497869,0.017328,-0.035616,-0.046788,0.003947,-0.280051
1790938080.590035,1790938082.001978,3.235360,4.424490,1.151906,0.041164,0.002117,0.732116,-0.679932,-3.037,-3.621,-94.137,0.487766,0.031197,-0.046859,-0.088337,0.157349,-0.147952
1790938080.623369,1790938082.030287,3.235534,4.409216,1.151535,0.040392,-0.000895,0.733052,-0.678972,-3.225,-3.325,-94.293,0.482820,0.043643,-0.025683,-0.092598,0.145630,0.007580
1790938080.656702,1790938082.056551,3.235906,4.393600,1.152036,0.039753,-0.002705,0.732777,-0.679301,-3.328,-3.129,-94.247,0.481906,0.041985,0.006208,-0.003113,0.043360,0.023560
1790938080.690036,1790938082.083631,3.236142,4.377898,1.153393,0.039709,-0.001956,0.733015,-0.679050,-3.261,-3.185,-94.287,0.477569,0.035225,0.022650,0.042693,-0.107911,-0.079772
1790938080.723370,1790938082.112298,3.236224,4.362443,1.154880,0.041225,0.000130,0.734242,-0.677635,-3.198,-3.481,-94.495,0.463700,0.033065,0.011448,0.007538,-0.163306,-0.149016
1790938080.756703,1790938082.149711,3.236262,4.347479,1.155702,0.042405,0.001964,0.736037,-0.675609,-3.125,-3.731,-94.800,0.446153,0.031526,-0.015550,0.057606,-0.056777,-0.182040
1790938080.790036,1790938082.181230,3.237490,4.338641,1.155447,0.041635,0.002856,0.738121,-0.673376,-2.979,-3.745,-95.155,0.425904,0.031104,-0.040593,0.071455,0.062533,-0.174582
1790938080.823370,1790938082.208178,3.237221,4.323293,1.154704,0.039769,0.002522,0.739771,-0.671678,-2.854,-3.568,-95.435,0.414726,0.033077,-0.054704,0.032038,0.141364,-0.095750
1790938080.856703,1790938082.233222,3.237137,4.309710,1.153619,0.037559,0.000883,0.740587,-0.670910,-2.818,-3.257,-95.572,0.409961,0.030872,-0.051966,0.009666,0.187172,-0.035028
1790938080.890036,1790938082.259206,3.236913,4.296498,1.152812,0.035061,-0.000961,0.740780,-0.670832,-2.781,-2.904,-95.603,0.409965,0.026104,-0.034475,0.030972,0.161605,0.018234
1790938080.923369,1790938082.285117,3.236793,4.282846,1.152614,0.033525,-0.001822,0.740442,-0.671281,-2.738,-2.705,-95.545,0.413377,0.021838,-0.017969,0.007535,0.023116,0.051260
1790938080.956702,1790938082.335883,3.236382,4.269322,1.152690,0.034018,-0.001534,0.739529,-0.672263,-2.755,-2.766,-95.389,0.415978,0.018855,-0.019494,-0.005248,-0.078086,0.116242
1790938080.990035,1790938082.384329,3.237634,4.262763,1.152255,0.034793,-0.000728,0.737854,-0.674062,-2.754,-2.887,-95.104,0.415325,0.013433,-0.038450,0.007533,-0.023759,0.155661
1790938081.023368,1790938082.421448,3.236059,4.247308,1.151440,0.034479,-0.000976,0.736519,-0.675537,-2.756,-2.836,-94.877,0.426817,-0.001830,-0.054446,0.008598,0.058267,0.072568
1790938081.056701,1790938082.453951,3.234515,4.232969,1.150301,0.033442,-0.001231,0.736070,-0.676077,-2.699,-2.726,-94.801,0.440935,-0.013387,-0.053471,0.059732,0.027373,0.019304
1790938081.090034,1790938082.495213,3.232698,4.218074,1.149456,0.032910,0.000356,0.736141,-0.676028,-2.523,-2.805,-94.813,0.457283,-0.020380,-0.042964,0.124714,-0.115374,-0.038221
1790938081.123367,1790938082.532350,3.230726,4.202416,1.148974,0.033188,0.003817,0.736707,-0.675387,-2.250,-3.099,-94.912,0.469154,-0.024434,-0.038777,0.150281,-0.173967,-0.072311
1790938081.156700,1790938082.568362,3.228596,4.186633,1.148551,0.033347,0.007170,0.737341,-0.674659,-1.976,-3.374,-95.025,0.468390,-0.024556,-0.043063,0.119387,-0.080220,-0.033960
1790938081.190032,1790938082.604576,3.226737,4.171306,1.147922,0.031648,0.007779,0.736909,-0.675206,-1.795,-3.276,-94.953,0.462638,-0.017371,-0.046717,0.081036,0.221258,0.142876
1790938081.223365,1790938082.637937,3.225397,4.156167,1.147345,0.026642,0.004745,0.734306,-0.678279,-1.673,-2.612,-94.504,0.462646,-0.009261,-0.026751,0.074644,0.428990,0.358067
1790938081.256698,1790938082.672741,3.224248,4.140400,1.147933,0.021583,0.000981,0.729885,-0.683228,-1.609,-1.882,-93.756,0.471545,-0.012846,0.028710,0.025640,0.232976,0.410266
1790938081.290030,1790938082.712590,3.223320,4.124345,1.150455,0.021387,0.000938,0.725724,-0.687653,-1.608,-1.853,-93.060,0.483616,-0.025405,0.077585,-0.005253,-0.236818,0.308001
1790938081.323363,1790938082.749548,3.223879,4.114942,1.153718,0.025961,0.004581,0.722451,-0.690920,-1.678,-2.513,-92.519,0.485649,-0.032445,0.078930,-0.044672,-0.430706,0.236627
1790938081.356694,1790938082.793129,3.221751,4.098172,1.156573,0.031513,0.008287,0.720005,-0.693203,-1.823,-3.260,-92.121,0.485031,-0.046101,0.039345,-0.062782,-0.326305,0.150338
1790938081.390026,1790938082.831802,3.220882,4.088287,1.158191,0.034618,0.010219,0.718592,-0.694495,-1.918,-3.666,-91.893,0.472951,-0.059754,-0.006841,-0.021235,-0.079161,0.070442
1790938081.423359,1790938082.866680,3.217774,4.073075,1.158559,0.034444,0.010252,0.718434,-0.694667,-1.902,-3.654,-91.866,0.469186,-0.077717,-0.023936,0.055464,0.073175,-0.059522
1790938081.456691,1790938082.899989,3.214420,4.057582,1.159015,0.032574,0.010323,0.719615,-0.693532,-1.741,-3.509,-92.061,0.471814,-0.083995,-0.009689,0.087423,0.056130,-0.115982
1790938081.490023,1790938082.938363,3.211537,4.042118,1.159993,0.031600,0.011263,0.720428,-0.692718,-1.582,-3.505,-92.198,0.465395,-0.069936,0.003318,0.060790,-0.050398,0.007591
1790938081.523355,1790938082.971644,3.208872,4.026836,1.161132,0.031982,0.012824,0.719469,-0.693669,-1.488,-3.659,-92.044,0.451605,-0.053699,0.001611,0.036289,-0.119642,0.145013
1790938081.556687,1790938083.011787,3.206811,4.012134,1.162067,0.033606,0.014597,0.717449,-0.695646,-1.482,-3.930,-91.717,0.437278,-0.045358,-0.008536,-0.004190,-0.163319,0.179103
1790938081.590019,1790938083.055239,3.205396,3.998151,1.162603,0.035259,0.016150,0.715248,-0.697794,-1.500,-4.185,-91.361,0.423204,-0.039778,-0.022938,0.010721,-0.085553,0.189759
1790938081.623351,1790938083.096098,3.205263,3.989720,1.162494,0.035288,0.016628,0.713084,-0.699992,-1.476,-4.221,-91.007,0.412677,-0.035166,-0.036620,0.038417,0.057194,0.168452
1790938081.656683,1790938083.127951,3.204042,3.975276,1.162270,0.033703,0.015510,0.711444,-0.701763,-1.449,-3.998,-90.734,0.410903,-0.033326,-0.034222,0.007524,0.143483,0.109862
1790938081.690014,1790938083.162914,3.202705,3.961718,1.162287,0.032351,0.013902,0.710451,-0.702865,-1.477,-3.756,-90.567,0.407269,-0.029137,-0.020959,-0.026564,0.091284,0.077903
1790938081.723346,1790938083.195590,3.201710,3.948379,1.162700,0.031969,0.012866,0.709686,-0.703674,-1.535,-3.640,-90.439,0.408067,-0.026905,-0.008719,-0.005258,0.024169,0.040617
1790938081.756677,1790938083.233339,3.200671,3.934993,1.163384,0.031929,0.013347,0.709668,-0.703686,-1.493,-3.675,-90.437,0.414326,-0.027720,-0.008196,0.040548,-0.070641,-0.052061
1790938081.790008,1790938083.270000,3.200892,3.928252,1.163616,0.032623,0.014750,0.710531,-0.702755,-1.430,-3.847,-90.583,0.418248,-0.022030,-0.031156,-0.000997,-0.077036,-0.104258
1790938081.823339,1790938083.296897,3.200166,3.913254,1.162966,0.033103,0.015022,0.712000,-0.701238,-1.438,-3.911,-90.823,0.430271,-0.016772,-0.064059,-0.013782,0.041211,-0.140479
1790938081.856671,1790938083.323996,3.199373,3.898727,1.161461,0.032017,0.013845,0.713715,-0.699567,-1.438,-3.731,-91.100,0.442042,-0.011076,-0.078742,-0.012715,0.121108,-0.137283
1790938081.890002,1790938083.350914,3.198876,3.883800,1.159899,0.031418,0.012623,0.715141,-0.698160,-1.482,-3.587,-91.330,0.456303,-0.001167,-0.069236,-0.057459,-0.000335,-0.086148
1790938081.923333,1790938083.378155,3.198674,3.868344,1.158841,0.033497,0.012579,0.715593,-0.697600,-1.650,-3.755,-91.405,0.474246,0.010555,-0.055437,-0.119245,-0.181434,0.011857
1790938081.956664,1790938083.410390,3.198767,3.852196,1.158142,0.037775,0.013771,0.715234,-0.697727,-1.897,-4.201,-91.350,0.491054,0.015817,-0.056718,-0.128834,-0.258137,0.008661
1790938081.989995,1790938083.437551,3.198857,3.835725,1.157170,0.041453,0.014971,0.715509,-0.697212,-2.092,-4.600,-91.400,0.495513,0.014809,-0.077719,-0.075568,-0.103668,-0.078693
1790938082.023355,1790938083.478427,3.199064,3.819725,1.155349,0.041359,0.013928,0.716562,-0.696157,-2.163,-4.512,-91.570,0.486280,0.021484,-0.101061,-0.021238,0.235095,-0.075495
1790938082.056724,1790938083.516660,3.199883,3.807463,1.153250,0.037388,0.009443,0.717307,-0.695689,-2.210,-3.829,-91.679,0.479854,0.031545,-0.090540,-0.044677,0.449217,-0.024360
1790938082.090094,1790938083.544920,3.200444,3.792085,1.151894,0.033137,0.004119,0.718091,-0.695147,-2.305,-3.056,-91.799,0.483178,0.031022,-0.044097,-0.060655,0.288356,-0.090409
1790938082.123464,1790938083.586813,3.200935,3.776081,1.152035,0.032026,0.002130,0.719467,-0.693785,-2.374,-2.811,-92.024,0.487004,0.034560,0.000077,-0.019109,-0.035491,-0.131954
1790938082.156835,1790938083.620809,3.201996,3.764039,1.152964,0.033553,0.003603,0.721058,-0.692053,-2.367,-3.060,-92.288,0.488465,0.040999,0.008099,-0.010587,-0.155873,-0.151127
1790938082.190206,1790938083.650438,3.203167,3.746792,1.153752,0.035101,0.004714,0.722476,-0.690488,-2.392,-3.281,-92.525,0.489060,0.054058,-0.013154,-0.024435,-0.041886,-0.096797
1790938082.223577,1790938083.679960,3.204515,3.730646,1.153772,0.035304,0.004249,0.723370,-0.689544,-2.442,-3.264,-92.673,0.488909,0.066405,-0.031146,-0.052134,0.062512,-0.055250
1790938082.256948,1790938083.721607,3.206719,3.714826,1.153518,0.035209,0.002277,0.723497,-0.689425,-2.598,-3.100,-92.693,0.492690,0.083772,-0.026739,-0.106466,0.097666,0.087500
1790938082.290321,1790938083.766557,3.209079,3.699443,1.153631,0.035557,0.000071,0.721613,-0.691383,-2.816,-2.947,-92.379,0.496451,0.094865,-0.008660,-0.086226,0.028422,0.234515
1790938082.323693,1790938083.802524,3.211621,3.685958,1.154130,0.036190,-0.000565,0.719102,-0.693961,-2.930,-2.939,-91.963,0.495706,0.084165,0.003543,0.016043,-0.033367,0.150352
1790938082.357066,1790938083.839414,3.213564,3.669659,1.155034,0.036137,0.000741,0.718372,-0.694720,-2.821,-3.035,-91.843,0.494700,0.069241,0.004320,0.083156,-0.078108,-0.021160
1790938082.390440,1790938083.873999,3.215185,3.653405,1.155847,0.036448,0.002905,0.718999,-0.694049,-2.665,-3.236,-91.948,0.486757,0.064181,-0.004489,0.062915,-0.136701,-0.103187
1790938082.423814,1790938083.912616,3.216629,3.637395,1.156329,0.037765,0.005189,0.720329,-0.692585,-2.575,-3.531,-92.170,0.474823,0.061837,-0.019123,0.020303,-0.152680,-0.136212
1790938082.457188,1790938083.949778,3.218039,3.621883,1.156312,0.038811,0.006839,0.721865,-0.690911,-2.513,-3.755,-92.428,0.463621,0.058654,-0.035879,0.013912,-0.037627,-0.133014
1790938082.490563,1790938083.987071,3.219311,3.607023,1.155799,0.038560,0.006380,0.723249,-0.689480,-2.524,-3.702,-92.657,0.452994,0.052943,-0.043410,-0.037221,0.113642,-0.086141
1790938082.523938,1790938084.019676,3.220549,3.592585,1.155380,0.037019,0.004639,0.723953,-0.688839,-2.543,-3.439,-92.771,0.444656,0.043998,-0.027883,0.023498,0.143471,-0.025419
1790938082.557314,1790938084.059715,3.221446,3.578036,1.155651,0.035157,0.004107,0.724222,-0.688658,-2.438,-3.243,-92.815,0.439991,0.031625,-0.004190,0.066109,0.039072,-0.008373
1790938082.590690,1790938084.093165,3.222145,3.563716,1.156475,0.034496,0.004737,0.724044,-0.688875,-2.334,-3.238,-92.786,0.440252,0.027701,0.002375,0.029888,-0.035497,0.057673
1790938082.624067,1790938084.126379,3.222483,3.549126,1.157152,0.034930,0.005243,0.723061,-0.689881,-2.332,-3.311,-92.623,0.441802,0.019324,-0.012034,-0.012721,-0.034433,0.088566
1790938082.657444,1790938084.160602,3.222265,3.534591,1.157231,0.035351,0.005318,0.722218,-0.690742,-2.363,-3.348,-92.483,0.444763,0.003500,-0.034053,-0.014852,-0.000345,0.055541
1790938082.690820,1790938084.190854,3.221396,3.519864,1.156579,0.035449,0.004720,0.721596,-0.691390,-2.423,-3.307,-92.379,0.447846,-0.009592,-0.054497,-0.040420,0.041201,0.057672
1790938082.724198,1790938084.222770,3.220151,3.505087,1.155408,0.035436,0.003552,0.720832,-0.692195,-2.522,-3.210,-92.251,0.450598,-0.021450,-0.064159,-0.042551,0.043332,0.077913
1790938082.757576,1790938084.254514,3.218508,3.490015,1.154149,0.035406,0.002868,0.719952,-0.693114,-2.580,-3.150,-92.105,0.457457,-0.033146,-0.063987,0.008582,-0.006737,0.071522
1790938082.790955,1790938084.284023,3.216542,3.474536,1.153024,0.035423,0.003880,0.719425,-0.693655,-2.501,-3.230,-92.019,0.470852,-0.044934,-0.058990,0.093807,-0.098351,-0.007310
1790938082.824334,1790938084.323943,3.214484,3.458875,1.152142,0.035663,0.006800,0.720044,-0.692978,-2.276,-3.485,-92.125,0.482399,-0.055436,-0.054749,0.120438,-0.150551,-0.118098
1790938082.857713,1790938084.354856,3.212273,3.449354,1.151286,0.036086,0.009890,0.721610,-0.691288,-2.046,-3.770,-92.392,0.477155,-0.056469,-0.055364,0.090608,-0.091963,-0.137274
1790938082.891093,1790938084.392047,3.209907,3.435209,1.150376,0.035080,0.010809,0.722494,-0.690402,-1.885,-3.762,-92.540,0.466516,-0.048021,-0.056615,0.074629,0.162640,0.022519
1790938082.924473,1790938084.425569,3.208047,3.420783,1.149599,0.030754,0.008410,0.721093,-0.692104,-1.747,-3.210,-92.301,0.461162,-0.037221,-0.039266,0.083151,0.386352,0.256884
1790938082.957854,1790938084.460594,3.206619,3.406091,1.149739,0.025404,0.005034,0.717366,-0.696215,-1.615,-2.491,-91.679,0.463010,-0.031960,0.005307,0.099129,0.265973,0.380459
1790938082.991235,1790938084.495179,3.205195,3.390784,1.151539,0.023014,0.004918,0.713228,-0.700537,-1.447,-2.276,-91.000,0.472056,-0.037021,0.054767,0.083151,-0.119663,0.314410
1790938083.024586,1790938084.533525,3.203997,3.374971,1.154453,0.025700,0.008477,0.709996,-0.703685,-1.384,-2.776,-90.478,0.479325,-0.040322,0.060593,-0.007399,-0.366813,0.218537
1790938083.057925,1790938084.574105,3.202305,3.365391,1.156693,0.030269,0.011872,0.707656,-0.705808,-1.488,-3.417,-90.105,0.473612,-0.046531,0.018474,-0.055336,-0.234719,0.147159
1790938083.091265,1790938084.615340,3.201559,3.351188,1.157476,0.032136,0.012686,0.706476,-0.706893,-1.580,-3.632,-89.916,0.472505,-0.063674,-0.023865,-0.004205,0.031603,0.017204
1790938083.124604,1790938084.656272,3.197708,3.345323,1.157171,0.030297,0.012052,0.707702,-0.705759,-1.476,-3.434,-90.113,0.473020,-0.095345,-0.027656,0.098065,0.149848,-0.240608
1790938083.157943,1790938084.692666,3.194192,3.328072,1.157622,0.027567,0.011997,0.711423,-0.702121,-1.242,-3.214,-90.719,0.478109,-0.106486,-0.001222,0.108718,0.043319,-0.337549
1790938083.191283,1790938084.725336,3.190707,3.312199,1.159047,0.026805,0.014114,0.714597,-0.698880,-0.993,-3.327,-91.245,0.472695,-0.088792,0.023621,0.116174,-0.172934,-0.162842
1790938083.224622,1790938084.763390,3.188023,3.296685,1.160872,0.028324,0.018067,0.715164,-0.698149,-0.787,-3.769,-91.354,0.457787,-0.065790,0.018856,0.088477,-0.264550,0.017192
1790938083.257962,1790938084.799850,3.186278,3.285431,1.161959,0.030250,0.021510,0.714343,-0.698811,-0.663,-4.202,-91.235,0.437698,-0.046560,-0.008777,0.038407,-0.139912,0.114135
1790938083.291301,1790938084.835744,3.184771,3.271566,1.162265,0.030789,0.021882,0.712306,-0.700852,-0.689,-4.274,-90.903,0.421992,-0.024766,-0.032457,-0.036162,0.069950,0.232384
1790938083.324641,1790938084.869507,3.183867,3.257870,1.162121,0.030037,0.019675,0.709676,-0.703612,-0.824,-4.032,-90.463,0.411692,-0.018544,-0.030911,-0.072381,0.155174,0.203622
1790938083.357980,1790938084.905647,3.183093,3.244550,1.162347,0.029417,0.017116,0.707761,-0.705632,-0.993,-3.773,-90.140,0.404938,-0.016268,-0.011079,-0.074512,0.095517,0.134377
1790938083.391320,1790938084.937815,3.182531,3.231398,1.163171,0.029539,0.015030,0.706367,-0.707069,-1.179,-3.611,-89.906,0.402947,-0.013769,0.006718,-0.099013,0.067820,0.107744
1790938083.424660,1790938084.979235,3.182353,3.217990,1.164480,0.029923,0.013717,0.705414,-0.708031,-1.322,-3.534,-89.747,0.408196,-0.013713,0.018768,-0.031901,-0.018467,0.052351
1790938083.457999,1790938085.016267,3.181607,3.209426,1.165901,0.031427,0.014340,0.705100,-0.708266,-1.395,-3.706,-89.698,0.413596,-0.011310,0.011502,-0.057466,-0.146306,-0.006238
1790938083.491339,1790938085.053135,3.181542,3.194568,1.166769,0.033659,0.015393,0.705375,-0.707868,-1.490,-3.972,-89.746,0.427133,-0.006133,-0.017553,-0.037226,-0.101562,-0.057374
1790938083.524678,1790938085.089460,3.181324,3.179919,1.166654,0.034505,0.015613,0.706214,-0.706985,-1.536,-4.061,-89.883,0.443083,-0.000332,-0.048115,-0.016985,0.003899,-0.095724
1790938083.558017,1790938085.125729,3.181391,3.165015,1.165770,0.034665,0.015211,0.707429,-0.705769,-1.575,-4.044,-90.079,0.459626,0.009714,-0.065456,-0.062793,0.002834,-0.088268
1790938083.591356,1790938085.159914,3.182011,3.149544,1.164525,0.036197,0.014405,0.707989,-0.705148,-1.761,-4.104,-90.167,0.476764,0.024376,-0.072467,-0.137364,-0.078126,-0.006239
1790938083.624696,1790938085.193594,3.183275,3.133286,1.163269,0.039343,0.014285,0.707806,-0.705166,-2.027,-4.350,-90.137,0.490623,0.030323,-0.073432,-0.118190,-0.176134,0.017199
1790938083.658035,1790938085.231148,3.183639,3.116908,1.161943,0.042403,0.015044,0.707790,-0.704989,-2.213,-4.660,-90.137,0.497040,0.026377,-0.083436,-0.084098,-0.093041,-0.039263
1790938083.691375,1790938085.272607,3.184849,3.100620,1.160157,0.042988,0.013718,0.708289,-0.704479,-2.365,-4.601,-90.214,0.492106,0.028438,-0.095441,-0.075578,0.206306,-0.022214
1790938083.724714,1790938085.325657,3.185525,3.086801,1.158058,0.039635,0.009187,0.708658,-0.704378,-2.460,-3.963,-90.262,0.486314,0.033073,-0.086511,-0.027639,0.450256,-0.011563
1790938083.758053,1790938085.359352,3.186641,3.071261,1.156822,0.034281,0.003591,0.709444,-0.703918,-2.478,-3.078,-90.381,0.490724,0.032172,-0.040573,0.008580,0.403383,-0.088266
1790938083.791393,1790938085.397885,3.188433,3.054856,1.157109,0.031453,0.000524,0.710871,-0.702618,-2.493,-2.605,-90.612,0.496344,0.037520,0.009808,-0.058534,0.049704,-0.121284
1790938083.824732,1790938085.437755,3.188998,3.042125,1.158554,0.033378,0.000805,0.712221,-0.701161,-2.620,-2.790,-90.833,0.500073,0.043362,0.025418,-0.063859,-0.188923,-0.122352
1790938083.858072,1790938085.468870,3.189955,3.025338,1.159961,0.036310,0.002415,0.713647,-0.699559,-2.718,-3.165,-91.067,0.509150,0.044918,0.004134,-0.040422,-0.149506,-0.155379
1790938083.891411,1790938085.505878,3.191008,3.008291,1.160494,0.037939,0.003290,0.715701,-0.697368,-2.768,-3.376,-91.405,0.514991,0.045902,-0.023634,-0.045749,-0.050434,-0.203318
1790938083.924750,1790938085.538404,3.192242,2.991262,1.160329,0.038649,0.002900,0.717898,-0.695069,-2.846,-3.412,-91.767,0.516278,0.054749,-0.036173,-0.059598,0.034788,-0.146857
1790938083.958090,1790938085.581964,3.194030,2.974184,1.160113,0.038711,0.001345,0.718725,-0.694215,-2.975,-3.297,-91.902,0.517942,0.066685,-0.025106,-0.064925,0.078465,0.015067
1790938083.991429,1790938085.620433,3.195912,2.960745,1.160329,0.038268,0.000358,0.718268,-0.694713,-3.023,-3.180,-91.826,0.518452,0.067817,-0.003517,0.028819,0.030525,0.053417
1790938084.024767,1790938085.645089,3.197146,2.942906,1.161344,0.037891,0.001167,0.717876,-0.695138,-2.928,-3.212,-91.762,0.518462,0.063196,0.010438,0.053322,-0.082395,0.006545
1790938084.058106,1790938085.673652,3.198760,2.925715,1.162540,0.039249,0.002950,0.717953,-0.694978,-2.890,-3.466,-91.776,0.509976,0.063195,0.003275,-0.013791,-0.160162,-0.020085
1790938084.091444,1790938085.700036,3.200379,2.909019,1.163237,0.040865,0.004425,0.718077,-0.694749,-2.897,-3.718,-91.798,0.497232,0.060294,-0.019096,0.016037,-0.067480,-0.025412
1790938084.124784,1790938085.728251,3.201680,2.892745,1.163228,0.040511,0.004698,0.718732,-0.694090,-2.842,-3.713,-91.906,0.490422,0.045495,-0.033821,0.046929,0.077398,-0.110636
1790938084.158122,1790938085.764008,3.202549,2.876597,1.163103,0.038550,0.003902,0.720359,-0.692518,-2.743,-3.494,-92.174,0.489472,0.034015,-0.025073,0.036276,0.144511,-0.128745
1790938084.191461,1790938085.802801,3.203763,2.860624,1.163535,0.036657,0.002847,0.721281,-0.691666,-2.675,-3.257,-92.325,0.487510,0.033300,-0.000620,0.046926,0.091246,0.011877
1790938084.224800,1790938085.843145,3.203979,2.844860,1.164800,0.035504,0.003025,0.720252,-0.692797,-2.574,-3.172,-92.155,0.487878,0.029662,0.022253,0.062908,-0.018477,0.154622
1790938084.258138,1790938085.877030,3.204601,2.828982,1.166583,0.035873,0.004178,0.718362,-0.694731,-2.517,-3.287,-91.844,0.490745,0.016794,0.027344,0.001121,-0.118616,0.130121
1790938084.291477,1790938085.921413,3.205143,2.812831,1.168264,0.037708,0.005576,0.717232,-0.695791,-2.554,-3.546,-91.660,0.494677,0.002432,0.011135,-0.022318,-0.143119,0.051295
1790938084.324816,1790938085.963431,3.219299,2.815722,1.169592,0.039790,0.006157,0.716927,-0.695984,-2.674,-3.763,-91.611,0.485607,0.007876,-0.013628,-0.010630,-0.062158,0.015037
1790938084.358154,1790938086.001607,3.203888,2.791038,1.169175,0.039728,0.006970,0.716817,-0.696094,-2.603,-3.822,-91.594,0.497183,-0.021608,-0.030309,0.002184,-0.019550,-0.014754
1790938084.391493,1790938086.033187,3.201897,2.769733,1.169381,0.040055,0.007721,0.716868,-0.696015,-2.567,-3.909,-91.604,0.509656,-0.026940,-0.030394,0.025620,-0.102641,-0.006236
1790938084.424831,1790938086.058966,3.200491,2.751369,1.169691,0.041382,0.009966,0.716789,-0.695990,-2.489,-4.198,-91.596,0.520640,-0.030872,-0.030556,0.056514,-0.188929,-0.001975
1790938084.458169,1790938086.086674,3.198817,2.733363,1.170016,0.042772,0.013033,0.716799,-0.695845,-2.348,-4.557,-91.606,0.532784,-0.039968,-0.035126,0.073559,-0.175080,-0.037130
1790938084.491507,1790938086.122319,3.196732,2.715374,1.170272,0.044270,0.015499,0.717259,-0.695226,-2.262,-4.879,-91.691,0.536666,-0.051001,-0.041932,-0.009532,-0.156970,-0.056305
1790938084.524846,1790938086.153568,3.194396,2.702152,1.170141,0.045831,0.017065,0.717547,-0.694791,-2.255,-5.134,-91.745,0.522157,-0.055470,-0.048740,0.026684,-0.065357,-0.003039
1790938084.558184,1790938086.187759,3.191854,2.686404,1.170094,0.044921,0.017071,0.717277,-0.695129,-2.184,-5.059,-91.700,0.512404,-0.063563,-0.044884,0.030946,0.157289,0.041700
1790938084.591523,1790938086.226326,3.189158,2.669831,1.170376,0.042374,0.014562,0.716959,-0.695673,-2.189,-4.647,-91.638,0.514504,-0.071498,-0.024343,-0.012729,0.239316,0.044896
1790938084.624861,1790938086.260995,3.186540,2.652877,1.171597,0.040424,0.012940,0.716613,-0.696179,-2.169,-4.356,-91.575,0.522213,-0.076952,0.010543,0.038401,0.012407,0.032116
1790938084.658200,1790938086.291932,3.183235,2.635468,1.173816,0.041491,0.014934,0.716108,-0.696595,-2.094,-4.602,-91.499,0.525593,-0.076436,0.027234,0.029880,-0.246458,0.052354
1790938084.691538,1790938086.328808,3.181543,2.618176,1.176140,0.044461,0.017939,0.715157,-0.697317,-2.091,-5.084,-91.354,0.523829,-0.071254,0.011470,-0.013799,-0.214500,0.081129
1790938084.724877,1790938086.361528,3.178419,2.605215,1.177388,0.046545,0.018906,0.714042,-0.698298,-2.188,-5.329,-91.176,0.513590,-0.070497,-0.017924,-0.069191,-0.030205,0.084312
1790938084.758215,1790938086.386425,3.175478,2.586812,1.178252,0.046712,0.017537,0.713355,-0.699024,-2.318,-5.230,-91.057,0.509784,-0.078089,-0.025005,-0.037232,0.099762,0.027850
1790938084.791553,1790938086.414529,3.172494,2.569828,1.179337,0.045703,0.016329,0.713504,-0.698968,-2.335,-5.051,-91.076,0.511079,-0.084813,-0.005100,0.010705,0.059281,-0.032869
1790938084.824892,1790938086.439709,3.169463,2.552762,1.181141,0.045710,0.016479,0.713693,-0.698771,-2.322,-5.064,-91.108,0.507912,-0.077721,0.013504,-0.004207,-0.076010,0.019330
1790938084.858230,1790938086.472158,3.166956,2.536057,1.183261,0.047565,0.017994,0.712682,-0.699642,-2.355,-5.335,-90.948,0.497044,-0.064344,0.011092,-0.006339,-0.210238,0.139707
1790938084.891569,1790938086.499595,3.165732,2.502151,1.185238,0.050130,0.020210,0.710520,-0.701598,-2.397,-5.716,-90.604,0.493306,-0.053780,-0.012902,0.000051,-0.199574,0.184452
1790938084.924906,1790938086.524368,3.164566,2.505723,1.185548,0.052029,0.021880,0.708112,-0.703841,-2.435,-5.997,-90.219,0.464141,-0.047249,-0.037225,0.004311,-0.067488,0.207888
1790938084.958244,1790938086.547565,3.163108,2.491064,1.185685,0.052122,0.021517,0.705567,-0.706396,-2.494,-5.967,-89.803,0.453859,-0.045302,-0.048218,-0.011668,0.079521,0.202562
1790938084.991583,1790938086.579924,3.161701,2.475853,1.185840,0.051141,0.020154,0.703654,-0.708413,-2.540,-5.769,-89.486,0.450078,-0.048532,-0.035655,0.003246,0.095500,0.124795
1790938085.024921,1790938086.608663,3.161846,2.465222,1.186213,0.050121,0.019146,0.702662,-0.709498,-2.546,-5.601,-89.321,0.440163,-0.047950,-0.020497,0.012830,0.092302,0.054487
1790938085.058260,1790938086.631789,3.160240,2.450613,1.187129,0.048493,0.018048,0.702468,-0.709832,-2.503,-5.379,-89.285,0.436571,-0.047523,-0.015198,0.060769,0.130652,-0.017951
1790938085.091599,1790938086.655433,3.158952,2.435935,1.188022,0.045972,0.017902,0.703115,-0.709362,-2.305,-5.166,-89.389,0.437662,-0.044325,-0.017632,0.125752,0.079519,-0.075477
1790938085.124938,1790938086.678397,3.157820,2.421422,1.188543,0.044073,0.018739,0.704012,-0.708571,-2.075,-5.084,-89.538,0.441994,-0.033714,-0.035226,0.086336,0.026253,-0.071217
1790938085.158276,1790938086.700882,3.156936,2.406441,1.188307,0.042990,0.019298,0.704874,-0.707765,-1.936,-5.044,-89.680,0.451672,-0.025429,-0.059344,0.070355,0.026253,-0.089326
1790938085.191615,1790938086.724291,3.156245,2.391098,1.187383,0.041706,0.020019,0.706188,-0.706511,-1.763,-5.002,-89.897,0.466483,-0.019836,-0.075776,0.068226,0.021993,-0.127678
1790938085.224954,1790938086.753818,3.155772,2.375282,1.186086,0.041381,0.020359,0.707454,-0.705253,-1.701,-5.006,-90.104,0.482377,-0.008104,-0.084396,-0.026584,-0.024880,-0.071217
1790938085.258293,1790938086.785908,3.155742,2.358852,1.184696,0.042758,0.020144,0.707843,-0.704786,-1.827,-5.102,-90.167,0.497780,0.001908,-0.084285,-0.107547,-0.087733,0.001221
1790938085.291631,1790938086.814112,3.158016,2.344019,1.183283,0.045549,0.020439,0.707666,-0.704782,-2.030,-5.352,-90.139,0.509117,0.007803,-0.077621,-0.078786,-0.178283,0.002289
1790938085.324970,1790938086.836613,3.157945,2.326824,1.182417,0.048164,0.022353,0.707875,-0.704339,-2.085,-5.721,-90.183,0.512474,0.005571,-0.077782,0.029872,-0.180414,-0.060562
1790938085.358308,1790938086.859708,3.158212,2.309671,1.181255,0.048815,0.023789,0.708720,-0.703397,-2.014,-5.892,-90.328,0.506242,0.009335,-0.093603,0.021349,0.064602,-0.082934
1790938085.391646,1790938086.894305,3.158588,2.292669,1.179606,0.046223,0.021391,0.709764,-0.702596,-1.991,-5.490,-90.486,0.506781,0.012843,-0.097378,-0.028718,0.374604,-0.075476
1790938085.424985,1790938086.926682,3.160976,2.269451,1.178626,0.041727,0.015877,0.711419,-0.701349,-2.067,-4.683,-90.732,0.521544,0.006699,-0.061089,-0.047897,0.395915,-0.173484
1790938085.458324,1790938086.959841,3.160501,2.260960,1.178492,0.039498,0.012724,0.714064,-0.698850,-2.128,-4.255,-91.155,0.526694,0.007130,-0.010267,-0.083051,0.032642,-0.222488
1790938085.491662,1790938086.989551,3.162107,2.245771,1.179643,0.041886,0.012814,0.716189,-0.696530,-2.299,-4.465,-91.505,0.533817,0.020754,0.009420,-0.097966,-0.217703,-0.137265
1790938085.525001,1790938087.014194,3.162655,2.227419,1.181152,0.045678,0.014691,0.716915,-0.695508,-2.443,-4.930,-91.631,0.536853,0.035403,-0.013001,-0.062812,-0.218767,-0.004103
1790938085.558340,1790938087.034894,3.163821,2.209674,1.181589,0.047778,0.015846,0.716128,-0.696151,-2.522,-5.192,-91.506,0.535959,0.050782,-0.050357,-0.019136,-0.037666,0.110947
1790938085.591678,1790938087.055414,3.165393,2.192051,1.181026,0.047812,0.014536,0.714586,-0.697760,-2.644,-5.084,-91.248,0.536481,0.061227,-0.066184,-0.110750,0.137041,0.159951
1790938085.625017,1790938087.076324,3.167123,2.174417,1.180477,0.047434,0.011177,0.712991,-0.699477,-2.900,-4.777,-90.975,0.539726,0.061046,-0.047783,-0.111817,0.143432,0.127992
1790938085.658355,1790938087.098161,3.168814,2.156440,1.180775,0.046985,0.009602,0.711869,-0.700673,-3.000,-4.609,-90.788,0.539133,0.050443,-0.017160,0.049041,-0.014231,0.066206
1790938085.691694,1790938087.120093,3.170210,2.138596,1.181965,0.047121,0.011862,0.711382,-0.701124,-2.830,-4.800,-90.714,0.536438,0.035962,-0.001257,0.110829,-0.196396,-0.008364
1790938085.725032,1790938087.143018,3.171027,2.120886,1.183244,0.049091,0.015644,0.711745,-0.700545,-2.677,-5.267,-90.786,0.526337,0.021920,-0.017385,0.051172,-0.257118,-0.106371
1790938085.758371,1790938087.164460,3.171160,2.103729,1.183680,0.050646,0.018608,0.713449,-0.698626,-2.546,-5.639,-91.077,0.513936,0.009734,-0.053341,0.044781,-0.071757,-0.201183
1790938085.791708,1790938087.199091,3.170974,2.087204,1.182995,0.049615,0.018950,0.715885,-0.696196,-2.416,-5.591,-91.480,0.504224,0.006371,-0.078959,0.058628,0.146627,-0.191595
1790938085.825046,1790938087.227911,3.172431,2.077138,1.181387,0.046593,0.017024,0.717522,-0.694767,-2.320,-5.193,-91.741,0.490752,0.014189,-0.075936,0.011753,0.261677,-0.039259
1790938085.858385,1790938087.261271,3.172201,2.061070,1.180712,0.043649,0.013778,0.717354,-0.695204,-2.353,-4.691,-91.700,0.485524,0.015559,-0.046372,-0.032987,0.236109,0.086445
1790938085.891723,1790938087.301487,3.171643,2.009561,1.181574,0.041636,0.010704,0.716440,-0.696323,-2.451,-4.276,-91.540,0.517281,0.009820,-0.014237,-0.038315,0.106167,0.093902
1790938085.925062,1790938087.335502,3.173499,2.030630,1.181765,0.041550,0.010699,0.715526,-0.697268,-2.450,-4.266,-91.390,0.489194,0.001052,0.003751,0.052232,-0.049388,0.061942
1790938085.958400,1790938087.362281,3.173304,2.016080,1.182984,0.042341,0.012334,0.714781,-0.697957,-2.384,-4.459,-91.272,0.493592,-0.004009,-0.008109,0.011750,-0.138874,0.058746
1790938085.991739,1790938087.390149,3.172746,1.999623,1.183542,0.043901,0.013741,0.713971,-0.698663,-2.399,-4.697,-91.143,0.500232,-0.009834,-0.039961,-0.002097,-0.096262,0.067269
1790938086.025078,1790938087.416040,3.171949,1.982978,1.183041,0.044557,0.014509,0.713152,-0.699441,-2.395,-4.810,-91.012,0.509335,-0.017261,-0.072452,0.019208,-0.029149,0.063008
1790938086.058418,1790938087.438375,3.170996,1.966024,1.181729,0.044616,0.014644,0.712382,-0.700219,-2.394,-4.823,-90.886,0.520177,-0.023498,-0.089013,0.005358,-0.005715,0.068335
1790938086.091757,1790938087.462447,3.169758,1.948519,1.180374,0.044771,0.015391,0.711720,-0.700866,-2.350,-4.893,-90.780,0.535440,-0.031732,-0.081704,0.054362,-0.086675,0.023592
1790938086.125097,1790938087.494758,3.168558,1.930783,1.179577,0.045411,0.017913,0.711702,-0.700783,-2.195,-5.149,-90.787,0.548265,-0.038506,-0.066559,0.107625,-0.180423,-0.050974
1790938086.158437,1790938087.531166,3.167011,1.912604,1.179231,0.046585,0.021583,0.712352,-0.699942,-1.984,-5.542,-90.911,0.546401,-0.037506,-0.062391,0.072470,-0.184683,-0.069083
1790938086.191777,1790938087.565683,3.165140,1.893932,1.178784,0.047260,0.023122,0.712522,-0.699674,-1.911,-5.722,-90.947,0.538884,-0.029454,-0.071418,0.006423,0.044353,0.039572
1790938086.225116,1790938087.601742,3.164297,1.876636,1.178143,0.045001,0.020680,0.711347,-0.701094,-1.938,-5.337,-90.741,0.536763,-0.023520,-0.062891,-0.018077,0.329854,0.201497
1790938086.258455,1790938087.636329,3.165957,1.864612,1.177508,0.041443,0.016343,0.708521,-0.704282,-2.025,-4.689,-90.261,0.531625,-0.020695,-0.025947,-0.005298,0.243563,0.302699
1790938086.291795,1790938087.671182,3.165083,1.847055,1.178994,0.040129,0.015193,0.705086,-0.707822,-2.034,-4.479,-89.699,0.530906,-0.026883,0.017013,0.047966,-0.076024,0.278198
1790938086.325135,1790938087.714708,3.166501,1.832595,1.180909,0.042267,0.017600,0.701686,-0.711013,-2.036,-4.838,-89.157,0.522467,-0.022914,0.026969,-0.020214,-0.283759,0.283523
1790938086.358474,1790938087.748526,3.167524,1.820984,1.182573,0.046252,0.019302,0.698006,-0.714336,-2.252,-5.287,-88.571,0.502684,-0.020301,-0.002790,-0.140595,-0.137815,0.301634
1790938086.391814,1790938087.783057,3.166736,1.805175,1.183487,0.048103,0.017863,0.694937,-0.717238,-2.543,-5.306,-88.073,0.491363,-0.036470,-0.028936,-0.094786,0.092287,0.185515
1790938086.425154,1790938087.812566,3.166354,1.791231,1.183805,0.047311,0.015741,0.693868,-0.718374,-2.654,-5.064,-87.894,0.489743,-0.051796,-0.025397,-0.018085,0.112527,0.005481
1790938086.458494,1790938087.838372,3.165024,1.775151,1.184787,0.046709,0.014816,0.694272,-0.718043,-2.676,-4.941,-87.956,0.490253,-0.054635,-0.007478,-0.011693,-0.014242,-0.058435
1790938086.491833,1790938087.861356,3.163785,1.758994,1.186257,0.047331,0.016382,0.694967,-0.717295,-2.597,-5.123,-88.072,0.486836,-0.051594,0.002674,0.100162,-0.177233,-0.078677
1790938086.525173,1790938087.887184,3.162550,1.742759,1.187832,0.048303,0.021031,0.696036,-0.716071,-2.298,-5.587,-88.262,0.483743,-0.048492,-0.010055,0.178993,-0.279501,-0.126614
1790938086.558513,1790938087.913604,3.161654,1.726639,1.188487,0.048798,0.026016,0.696814,-0.715117,-1.933,-6.040,-88.413,0.473238,-0.028050,-0.053766,0.182189,-0.129294,0.000154
1790938086.591853,1790938087.940250,3.161686,1.711049,1.187564,0.047073,0.027550,0.695619,-0.716337,-1.677,-6.025,-88.230,0.463170,-0.003695,-0.095369,0.075659,0.153008,0.189778
1790938086.625193,1790938087.973362,3.162334,1.695599,1.185637,0.044179,0.024755,0.693193,-0.718970,-1.682,-5.557,-87.827,0.457839,0.006559,-0.105415,-0.037261,0.301085,0.222801
1790938086.658532,1790938088.001182,3.163444,1.681509,1.183507,0.041588,0.020191,0.691060,-0.721317,-1.846,-4.969,-87.465,0.453285,0.006704,-0.086074,-0.105441,0.282974,0.163147
1790938086.691871,1790938088.035925,3.164439,1.666096,1.182493,0.040273,0.015737,0.689700,-0.722803,-2.099,-4.491,-87.233,0.456116,0.000014,-0.054066,-0.134204,0.193489,0.086445
1790938086.725211,1790938088.073263,3.164975,1.651107,1.182311,0.040164,0.012948,0.689514,-0.723042,-2.312,-4.250,-87.195,0.459595,-0.010012,-0.030864,-0.063893,0.039022,-0.044586
1790938086.758551,1790938088.104750,3.165299,1.635630,1.182521,0.040663,0.012835,0.690420,-0.722151,-2.357,-4.283,-87.338,0.463447,-0.011895,-0.034322,-0.007434,-0.060050,-0.122354
1790938086.791890,1790938088.129795,3.165473,1.620055,1.182166,0.041359,0.013236,0.692330,-0.720273,-2.371,-4.378,-87.643,0.469989,-0.007333,-0.060026,-0.025543,-0.005721,-0.208643
1790938086.825230,1790938088.152951,3.165909,1.604108,1.180904,0.041302,0.012882,0.694974,-0.717732,-2.379,-4.353,-88.064,0.479736,0.011215,-0.086828,-0.032999,0.023042,-0.195858
1790938086.858570,1790938088.176242,3.167286,1.587757,1.178859,0.041981,0.012122,0.696455,-0.716269,-2.486,-4.350,-88.299,0.497022,0.043053,-0.106325,-0.124615,-0.018502,-0.001974
1790938086.891909,1790938088.198950,3.169990,1.570916,1.176379,0.044920,0.010377,0.695041,-0.717491,-2.877,-4.435,-88.067,0.515301,0.073763,-0.112747,-0.267366,-0.093073,0.246238
1790938086.925249,1790938088.223816,3.173263,1.553565,1.173899,0.049517,0.008869,0.691735,-0.720397,-3.398,-4.662,-87.536,0.519359,0.077625,-0.113775,-0.214101,-0.134621,0.241978
1790938086.958589,1790938088.246215,3.175914,1.536353,1.171205,0.051591,0.006986,0.689903,-0.722028,-3.731,-4.662,-87.241,0.514574,0.053083,-0.120780,-0.059634,0.198815,0.006548
1790938086.991929,1790938088.268835,3.177327,1.519520,1.168601,0.046510,0.003096,0.691816,-0.720568,-3.606,-3.946,-87.543,0.517580,0.012699,-0.095755,0.163013,0.553559,-0.272558
1790938087.025268,1790938088.299187,3.177669,1.502428,1.167501,0.037653,-0.000203,0.696223,-0.716837,-3.115,-2.989,-88.247,0.525327,-0.004665,-0.026502,0.234387,0.351153,-0.364174
1790938087.058606,1790938088.330423,3.177286,1.486154,1.168292,0.034514,0.000383,0.700410,-0.712906,-2.793,-2.803,-88.918,0.527066,0.002017,0.034017,0.066072,-0.195343,-0.339667
1790938087.091945,1790938088.358445,3.176576,1.470090,1.170535,0.038630,0.005277,0.704741,-0.708393,-2.716,-3.550,-89.620,0.521751,0.000955,0.034656,-0.028736,-0.487234,-0.445132
1790938087.125283,1790938088.393025,3.176574,1.453191,1.172161,0.044035,0.010178,0.709979,-0.702771,-2.727,-4.407,-90.480,0.509876,0.004341,-0.013534,-0.061759,-0.289089,-0.441938
1790938087.158621,1790938088.431186,3.176049,1.437218,1.171997,0.046575,0.011591,0.714089,-0.698408,-2.790,-4.744,-91.156,0.490063,0.021295,-0.064081,-0.066020,-0.004658,-0.232072
1790938087.191959,1790938088.461864,3.175479,1.402521,1.170962,0.046480,0.008480,0.715460,-0.697054,-3.028,-4.493,-91.374,0.492897,0.037982,-0.083807,-0.194920,0.219076,0.032125
1790938087.225298,1790938088.486992,3.176719,1.397891,1.169293,0.046102,0.003652,0.714353,-0.698256,-3.400,-4.070,-91.185,0.464162,0.038369,-0.057539,-0.156568,0.220125,0.165282
1790938087.258636,1790938088.511210,3.177504,1.388412,1.169119,0.045723,0.000233,0.712701,-0.699976,-3.659,-3.756,-90.912,0.447183,0.021146,-0.009701,-0.062823,0.063523,0.094973
1790938087.291975,1790938088.544679,3.177623,1.376536,1.170335,0.046313,0.000349,0.712558,-0.700083,-3.698,-3.812,-90.889,0.434758,-0.000569,0.020591,0.035182,-0.127165,-0.090388
1790938087.325314,1790938088.572635,3.176182,1.366125,1.171846,0.048084,0.003432,0.714227,-0.698252,-3.578,-4.214,-91.164,0.418095,-0.011489,0.016421,0.025598,-0.237959,-0.212902
1790938087.358652,1790938088.597499,3.175596,1.353316,1.173008,0.050516,0.005911,0.716773,-0.695449,-3.554,-4.625,-91.587,0.401875,-0.013379,-0.012232,-0.024469,-0.123972,-0.254450
1790938087.391990,1790938088.632734,3.174844,1.340420,1.173258,0.051468,0.006186,0.719751,-0.692294,-3.587,-4.741,-92.079,0.389944,-0.014968,-0.035440,-0.042581,0.032623,-0.267226
1790938087.425329,1790938088.671464,3.173048,1.329970,1.172743,0.050990,0.005193,0.722756,-0.689201,-3.611,-4.638,-92.576,0.376060,-0.015952,-0.040276,-0.010620,0.095475,-0.225688
1790938087.458667,1790938088.712348,3.172138,1.318011,1.172568,0.049854,0.004430,0.724855,-0.687081,-3.571,-4.494,-92.925,0.365145,-0.011503,-0.030631,0.031990,0.068843,-0.107440
1790938087.492006,1790938088.750976,3.171437,1.307255,1.172567,0.048844,0.004572,0.725535,-0.686435,-3.474,-4.425,-93.038,0.355430,-0.007695,-0.025057,0.059688,0.011316,-0.016890
1790938087.525344,1790938088.788268,3.170433,1.295299,1.172574,0.048099,0.005220,0.725790,-0.686213,-3.360,-4.415,-93.081,0.352526,-0.009845,-0.032640,0.056493,0.016643,-0.033935
1790938087.558682,1790938088.824739,3.169412,1.283652,1.172163,0.047123,0.005201,0.726091,-0.685962,-3.283,-4.334,-93.131,0.353811,-0.008038,-0.047329,0.027729,0.085887,-0.003041
1790938087.592020,1790938088.860241,3.168523,1.271874,1.171230,0.045548,0.004122,0.725736,-0.686451,-3.250,-4.116,-93.070,0.358217,-0.005346,-0.060457,0.005358,0.123172,0.089638
1790938087.625358,1790938088.892564,3.167950,1.259776,1.169942,0.044562,0.002844,0.724358,-0.687977,-3.287,-3.926,-92.838,0.367437,-0.005442,-0.067242,-0.022340,0.047535,0.151426
1790938087.658696,1790938088.928403,3.166806,1.247222,1.168490,0.044492,0.002291,0.722874,-0.689543,-3.335,-3.869,-92.591,0.382866,-0.017009,-0.072363,-0.008491,-0.003598,0.090703
1790938087.692034,1790938088.960185,3.165293,1.234106,1.167033,0.044344,0.002812,0.722578,-0.689860,-3.282,-3.897,-92.542,0.403307,-0.036169,-0.071187,0.071405,-0.029164,-0.056304
1790938087.725373,1790938088.995859,3.162826,1.220154,1.165804,0.043554,0.004663,0.723868,-0.688547,-3.059,-3.984,-92.759,0.423633,-0.049289,-0.064796,0.152368,-0.055796,-0.166031
1790938087.758711,1790938089.031421,3.160180,1.205963,1.164929,0.042250,0.007810,0.725924,-0.686431,-2.682,-4.132,-93.107,0.439718,-0.053499,-0.053507,0.198176,-0.076036,-0.197990
1790938087.792049,1790938089.064126,3.157755,1.191323,1.164528,0.040871,0.011081,0.727745,-0.684539,-2.289,-4.282,-93.419,0.442924,-0.045638,-0.040631,0.189653,-0.058993,-0.109569
1790938087.825387,1790938089.102566,3.156848,1.176766,1.164397,0.039179,0.013176,0.727961,-0.684371,-1.979,-4.306,-93.461,0.430508,-0.030357,-0.036513,0.124665,0.070972,0.091781
1790938087.858726,1790938089.139530,3.155746,1.163716,1.164183,0.036380,0.012724,0.725778,-0.686849,-1.810,-4.030,-93.093,0.420019,-0.018564,-0.027977,0.079923,0.206264,0.327206
1790938087.892064,1790938089.181847,3.153942,1.150186,1.164578,0.033298,0.011170,0.721207,-0.691829,-1.720,-3.640,-92.327,0.414893,-0.015714,-0.004623,0.039444,0.132758,0.467819
1790938087.925402,1790938089.216262,3.154002,1.136404,1.165761,0.032941,0.011098,0.715811,-0.697428,-1.726,-3.591,-91.436,0.410541,-0.022834,0.016933,0.041570,-0.107998,0.435872
1790938087.958740,1790938089.241828,3.152730,1.122877,1.167280,0.034699,0.012293,0.711257,-0.701967,-1.793,-3.820,-90.693,0.407354,-0.040056,0.017399,-0.047913,-0.125042,0.317624
1790938087.992078,1790938089.278350,3.150741,1.109958,1.168630,0.036925,0.012069,0.707940,-0.705203,-2.010,-3.974,-90.152,0.405098,-0.052845,0.007452,-0.139526,-0.058995,0.239847
1790938088.025417,1790938089.315098,3.148955,1.097763,1.169690,0.038972,0.011151,0.705866,-0.707185,-2.263,-4.059,-89.813,0.401252,-0.073420,0.005646,-0.068153,-0.056865,0.074727
1790938088.058758,1790938089.351624,3.145939,1.084923,1.171038,0.040203,0.011539,0.705908,-0.707068,-2.331,-4.191,-89.821,0.399413,-0.096171,0.011651,0.008547,-0.085628,-0.093590
1790938088.092100,1790938089.385141,3.142415,1.071861,1.172627,0.040515,0.013418,0.707517,-0.705407,-2.194,-4.374,-90.087,0.396819,-0.107106,0.013591,0.101228,-0.088824,-0.183075
1790938088.125442,1790938089.416732,3.138746,1.058981,1.174004,0.040063,0.015641,0.709653,-0.703238,-1.963,-4.523,-90.443,0.385412,-0.102053,-0.001342,0.093772,-0.047276,-0.157507
1790938088.158783,1790938089.450104,3.135605,1.046696,1.174723,0.039375,0.016729,0.710680,-0.702213,-1.812,-4.558,-90.615,0.368879,-0.082878,-0.018621,0.046898,0.017704,-0.011560
1790938088.192125,1790938089.482337,3.132940,1.034712,1.174978,0.038911,0.016727,0.710577,-0.702343,-1.775,-4.519,-90.598,0.355926,-0.072809,-0.026475,-0.014887,0.010248,0.006548
1790938088.225467,1790938089.511532,3.130345,1.023211,1.175072,0.039286,0.016486,0.710864,-0.702038,-1.823,-4.531,-90.644,0.344088,-0.068669,-0.026875,-0.045781,-0.029167,-0.054172
1790938088.258809,1790938089.544312,3.127982,1.012134,1.175188,0.040337,0.016623,0.711576,-0.701253,-1.892,-4.630,-90.761,0.332897,-0.061637,-0.025132,-0.025540,-0.073911,-0.059498
1790938088.292150,1790938089.580583,3.126399,1.001213,1.175361,0.041579,0.017565,0.711794,-0.700937,-1.914,-4.808,-90.800,0.319721,-0.049366,-0.022979,0.010677,-0.115457,0.018272
1790938088.325492,1790938089.617213,3.124257,0.991996,1.175003,0.042423,0.019302,0.711114,-0.701530,-1.845,-5.015,-90.697,0.308200,-0.039651,-0.026605,0.054356,-0.073911,0.066210
1790938088.358834,1790938089.649335,3.122930,0.982543,1.174967,0.042044,0.020068,0.710404,-0.702250,-1.757,-5.044,-90.584,0.299969,-0.032799,-0.029439,0.031985,0.053924,0.055554
1790938088.392176,1790938089.682158,3.121859,0.973042,1.174915,0.040683,0.018993,0.709768,-0.703003,-1.739,-4.845,-90.475,0.293148,-0.022666,-0.022207,0.006417,0.141277,0.073664
1790938088.425518,1790938089.716937,3.121300,0.963515,1.175245,0.038983,0.017321,0.708813,-0.704106,-1.744,-4.569,-90.312,0.290101,-0.013085,-0.007070,0.013875,0.109318,0.087513
1790938088.458858,1790938089.747993,3.120932,0.953900,1.175978,0.037956,0.016925,0.708226,-0.704761,-1.697,-4.452,-90.215,0.292577,-0.010338,0.000987,0.029853,0.004919,0.016138
1790938088.492200,1790938089.772973,3.120543,0.944160,1.176634,0.038165,0.017085,0.708224,-0.704748,-1.701,-4.482,-90.215,0.295719,-0.004252,-0.012794,-0.057499,-0.024908,-0.014752
1790938088.525542,1790938089.797065,3.120354,0.934267,1.176579,0.039044,0.016392,0.708708,-0.704230,-1.826,-4.498,-90.291,0.302077,-0.001559,-0.037389,-0.052172,0.016637,-0.076540
1790938088.558884,1790938089.822886,3.120215,0.924046,1.175721,0.039261,0.015564,0.709997,-0.702938,-1.902,-4.452,-90.499,0.312373,0.002183,-0.060421,-0.064957,0.032616,-0.126608
1790938088.592226,1790938089.848055,3.120198,0.913511,1.174233,0.039827,0.014488,0.711446,-0.701462,-2.027,-4.416,-90.732,0.323851,0.011068,-0.077573,-0.082000,0.010246,-0.106367
1790938088.625568,1790938089.871346,3.120657,0.902525,1.172255,0.040962,0.013393,0.712517,-0.700330,-2.201,-4.424,-90.903,0.335744,0.022807,-0.090127,-0.109698,-0.012124,-0.054167
1790938088.658910,1790938089.902216,3.121552,0.891039,1.169912,0.042154,0.012345,0.712912,-0.699877,-2.380,-4.438,-90.965,0.347540,0.033459,-0.096969,-0.064957,0.020897,-0.014750
1790938088.692252,1790938089.932324,3.121413,0.880861,1.167127,0.042023,0.011066,0.713153,-0.699661,-2.473,-4.325,-91.001,0.359370,0.037658,-0.093887,-0.044714,0.091207,-0.016886
1790938088.725594,1790938089.955690,3.122241,0.870568,1.165056,0.041572,0.009150,0.713209,-0.699658,-2.593,-4.135,-91.005,0.360428,0.046538,-0.077898,-0.107565,0.115707,0.033180
1790938088.758936,1790938089.977273,3.123658,0.858914,1.163711,0.041398,0.005868,0.712967,-0.699950,-2.849,-3.856,-90.960,0.364501,0.044909,-0.045444,-0.125677,0.178560,0.009744
1790938088.792278,1790938090.000107,3.124707,0.846669,1.163557,0.040321,0.003132,0.713480,-0.699507,-2.983,-3.550,-91.041,0.367459,0.033275,-0.010270,-0.027670,0.122098,-0.094653
1790938088.825620,1790938090.024129,3.125676,0.833668,1.164296,0.039523,0.002412,0.715419,-0.697572,-2.968,-3.435,-91.358,0.364769,0.021999,0.006431,0.007485,0.024091,-0.219292
1790938088.858962,1790938090.047060,3.125913,0.821422,1.165241,0.039330,0.002162,0.718055,-0.694871,-2.960,-3.410,-91.792,0.361825,0.021784,0.007952,-0.031930,0.032614,-0.212901
1790938088.892304,1790938090.078959,3.126756,0.808944,1.166188,0.039649,0.001358,0.720099,-0.692736,-3.042,-3.381,-92.129,0.362097,0.032374,0.004277,-0.079869,0.002787,-0.128743
1790938088.925645,1790938090.115583,3.126594,0.801491,1.166846,0.041428,0.000421,0.721362,-0.691318,-3.255,-3.460,-92.338,0.358758,0.036942,-0.003741,-0.146983,-0.064327,-0.105308
1790938088.958987,1790938090.147317,3.127200,0.790486,1.167274,0.043763,-0.000114,0.722838,-0.689630,-3.477,-3.618,-92.584,0.357440,0.032760,-0.013949,-0.094783,-0.080308,-0.172422
1790938088.992330,1790938090.178131,3.127545,0.778624,1.167351,0.045645,-0.000098,0.725022,-0.687211,-3.613,-3.787,-92.948,0.354696,0.032230,-0.026048,-0.088392,-0.061132,-0.205447
1790938089.025672,1790938090.212397,3.127950,0.766961,1.166942,0.046856,-0.000832,0.727445,-0.684563,-3.756,-3.844,-93.353,0.347690,0.030745,-0.036593,-0.059629,0.033678,-0.221426
1790938089.059015,1790938090.252110,3.127855,0.756938,1.166276,0.046459,-0.001781,0.729979,-0.681887,-3.790,-3.750,-93.778,0.336990,0.029201,-0.037611,-0.001037,0.095464,-0.204381
1790938089.092359,1790938090.286253,3.128143,0.746177,1.165802,0.045082,-0.002459,0.732415,-0.679360,-3.726,-3.595,-94.187,0.326808,0.027417,-0.027767,0.037312,0.083746,-0.225689
1790938089.125702,1790938090.321967,3.128401,0.735502,1.165689,0.043793,-0.002237,0.735259,-0.676366,-3.592,-3.519,-94.668,0.313242,0.026396,-0.017347,0.065010,0.026219,-0.262972
1790938089.159045,1790938090.363098,3.128446,0.725741,1.165960,0.042991,-0.001361,0.738166,-0.673247,-3.440,-3.534,-95.161,0.296143,0.033843,-0.015228,0.059682,-0.004675,-0.239536
1790938089.192389,1790938090.395524,3.128817,0.716654,1.166073,0.042503,-0.000894,0.740309,-0.670921,-3.352,-3.539,-95.526,0.276608,0.046741,-0.019609,0.016005,0.028350,-0.136203
1790938089.225732,1790938090.431882,3.129902,0.708118,1.165787,0.041971,-0.001273,0.741201,-0.669969,-3.338,-3.469,-95.678,0.256923,0.058386,-0.022003,-0.029801,0.053917,-0.005170
1790938089.259076,1790938090.464457,3.131215,0.702174,1.165489,0.041990,-0.002214,0.741015,-0.670171,-3.421,-3.398,-95.646,0.243532,0.059299,-0.015383,-0.015955,0.005977,0.024656
1790938089.292419,1790938090.496080,3.132339,0.693824,1.165549,0.042375,-0.001988,0.740884,-0.670291,-3.432,-3.447,-95.624,0.236851,0.051420,-0.005034,-0.012758,-0.054743,-0.009431
1790938089.325763,1790938090.527310,3.133177,0.685980,1.165859,0.043442,-0.001521,0.741043,-0.670049,-3.474,-3.574,-95.652,0.228209,0.044210,-0.000871,-0.030869,-0.067526,-0.015824
1790938089.359106,1790938090.559928,3.133976,0.678471,1.166275,0.044418,-0.001153,0.741014,-0.670018,-3.518,-3.686,-95.648,0.218775,0.035749,-0.001359,-0.010629,-0.059005,-0.003039
1790938089.392449,1790938090.589106,3.134222,0.671325,1.166616,0.045474,-0.000391,0.741389,-0.669533,-3.532,-3.836,-95.713,0.211635,0.019713,-0.005169,-0.020216,-0.104812,-0.088264
1790938089.425793,1790938090.619281,3.133738,0.664528,1.166697,0.047397,0.000532,0.742827,-0.667804,-3.593,-4.079,-95.961,0.195995,0.004757,-0.019254,-0.058566,-0.119727,-0.185206
1790938089.459137,1790938090.646835,3.132857,0.658529,1.166108,0.048844,0.000683,0.744954,-0.665325,-3.678,-4.226,-96.328,0.173696,-0.005632,-0.042256,-0.064959,0.033675,-0.200120
1790938089.492481,1790938090.675341,3.131990,0.653625,1.164775,0.047566,-0.001536,0.747037,-0.663077,-3.757,-3.958,-96.685,0.153557,-0.010448,-0.054907,-0.057502,0.277626,-0.128745
1790938089.525825,1790938090.704539,3.131511,0.649557,1.163378,0.043614,-0.005791,0.747883,-0.662371,-3.816,-3.300,-96.830,0.139742,-0.005561,-0.039227,-0.004237,0.377764,0.044897
1790938089.559168,1790938090.743136,3.131632,0.645545,1.162901,0.039954,-0.009790,0.746630,-0.663966,-3.885,-2.674,-96.617,0.129524,0.005527,-0.004734,-0.047916,0.209448,0.229193
1790938089.592512,1790938090.783366,3.131933,0.648689,1.163543,0.039959,-0.011579,0.743552,-0.667382,-4.050,-2.520,-96.091,0.116767,0.010127,0.025413,-0.119292,-0.082447,0.311219
1790938089.625856,1790938090.816071,3.131634,0.644642,1.164969,0.043411,-0.010915,0.740187,-0.670910,-4.272,-2.844,-95.515,0.116951,-0.000474,0.038352,-0.087333,-0.278462,0.237712
1790938089.659200,1790938090.851335,3.130867,0.640870,1.166458,0.047806,-0.008301,0.738078,-0.672969,-4.401,-3.405,-95.153,0.118844,-0.022393,0.028882,-0.037265,-0.312552,0.068332
1790938089.692544,1790938090.892255,3.129937,0.640783,1.167489,0.051411,-0.005159,0.738236,-0.672560,-4.414,-3.955,-95.178,0.112103,-0.046352,0.005783,0.039434,-0.227329,-0.140471
1790938089.725888,1790938090.925604,3.127458,0.637721,1.167501,0.052089,-0.002462,0.740363,-0.670181,-4.225,-4.234,-95.541,0.100362,-0.058102,-0.020148,0.135311,-0.013205,-0.225696
1790938089.759233,1790938090.964645,3.125402,0.635279,1.166832,0.049063,-0.001705,0.742482,-0.668064,-3.914,-4.047,-95.902,0.088939,-0.049993,-0.033121,0.165138,0.254183,-0.095728
1790938089.792576,1790938090.998937,3.125380,0.634331,1.166256,0.043376,-0.003681,0.742062,-0.668916,-3.647,-3.408,-95.827,0.082317,-0.020650,-0.022910,0.091631,0.371366,0.264340
1790938089.825920,1790938091.026878,3.125643,0.631081,1.166062,0.039564,-0.007366,0.737275,-0.674394,-3.687,-2.774,-95.012,0.079042,0.010323,0.002511,-0.076686,0.170025,0.577540
1790938089.859264,1790938091.061512,3.126010,0.627719,1.166871,0.039968,-0.008825,0.731166,-0.680971,-3.865,-2.661,-93.982,0.084790,0.004229,0.031040,-0.023421,-0.149562,0.434789
1790938089.892609,1790938091.098129,3.126627,0.626137,1.168439,0.042992,-0.006012,0.727867,-0.684343,-3.882,-3.116,-93.425,0.084091,-0.022906,0.031549,0.040493,-0.330664,0.089634
1790938089.925953,1790938091.135254,3.124704,0.624112,1.169171,0.046240,-0.002333,0.728210,-0.683788,-3.829,-3.678,-93.481,0.075868,-0.049231,-0.003434,-0.001050,-0.178326,-0.178820
1790938089.959297,1790938091.171954,3.122652,0.623722,1.168869,0.046311,-0.001444,0.731064,-0.680734,-3.744,-3.770,-93.960,0.067476,-0.071263,-0.036988,0.070321,0.136999,-0.329029
1790938089.992642,1790938091.201082,3.119591,0.622038,1.167854,0.042347,-0.001806,0.735807,-0.675864,-3.440,-3.433,-94.760,0.069115,-0.094084,-0.030113,0.208811,0.210503,-0.500540
1790938090.025985,1790938091.239034,3.115804,0.620321,1.167726,0.038152,0.000160,0.742380,-0.668892,-2.917,-3.260,-95.879,0.071571,-0.106439,0.002821,0.234378,0.000639,-0.617724
1790938090.059325,1790938091.280589,3.112142,0.620371,1.168721,0.037244,0.004029,0.748633,-0.661926,-2.485,-3.503,-96.959,0.063966,-0.094214,0.025608,0.133175,-0.190048,-0.470715
1790938090.092665,1790938091.317739,3.109209,0.619918,1.170140,0.039141,0.007849,0.752363,-0.657538,-2.279,-3.969,-97.616,0.055634,-0.073459,0.025096,0.041559,-0.234793,-0.228894
1790938090.126006,1790938091.348781,3.107074,0.618239,1.170800,0.041500,0.010139,0.753628,-0.655911,-2.251,-4.350,-97.846,0.050674,-0.058110,0.002764,-0.027684,-0.122936,-0.036075
1790938090.159346,1790938091.392502,3.104904,0.618078,1.170853,0.042775,0.009958,0.753726,-0.655720,-2.362,-4.447,-97.864,0.047311,-0.059589,-0.022200,-0.089470,0.040052,-0.021163
1790938090.192687,1790938091.421015,3.102286,0.616763,1.170080,0.042629,0.007754,0.754900,-0.654407,-2.534,-4.273,-98.063,0.052462,-0.081010,-0.032329,-0.094797,0.135928,-0.206524
1790938090.226027,1790938091.454032,3.098812,0.615472,1.169220,0.041264,0.005479,0.758307,-0.650568,-2.607,-3.997,-98.655,0.057434,-0.100962,-0.034877,-0.025553,0.177475,-0.402539
1790938090.259366,1790938091.491942,3.094834,0.614137,1.168324,0.039320,0.003244,0.763319,-0.644816,-2.628,-3.682,-99.536,0.062999,-0.112032,-0.036602,-0.060707,0.182802,-0.492024
1790938090.292706,1790938091.529673,3.090528,0.613118,1.167608,0.038249,0.001144,0.768693,-0.638473,-2.704,-3.455,-100.493,0.070343,-0.114806,-0.036275,-0.100123,0.090118,-0.481373
1790938090.326047,1790938091.566526,3.086219,0.611080,1.166787,0.039511,-0.000071,0.773936,-0.632030,-2.874,-3.501,-101.439,0.081040,-0.119271,-0.033620,-0.121428,-0.108025,-0.529312
1790938090.359387,1790938091.611012,3.081252,0.610365,1.166079,0.043014,0.000748,0.779648,-0.624738,-3.021,-3.899,-102.486,0.083426,-0.122253,-0.028701,-0.099056,-0.247579,-0.574057
1790938090.392728,1790938091.653933,3.076626,0.608609,1.165616,0.047369,0.003173,0.785688,-0.616799,-3.073,-4.494,-103.613,0.080578,-0.119278,-0.027291,-0.034074,-0.293387,-0.637976
1790938090.426068,1790938091.692701,3.072264,0.606948,1.164952,0.050448,0.005855,0.792155,-0.608203,-2.997,-4.994,-104.836,0.071264,-0.109456,-0.039805,-0.005311,-0.094177,-0.644367
1790938090.459408,1790938091.733985,3.067898,0.605907,1.163779,0.049448,0.005739,0.798538,-0.599882,-2.886,-4.925,-106.046,0.062311,-0.104029,-0.054225,-0.001048,0.276544,-0.611346
1790938090.492748,1790938091.772431,3.063779,0.605233,1.162294,0.043692,0.002014,0.804985,-0.591681,-2.785,-4.171,-107.265,0.066500,-0.109018,-0.042981,0.014929,0.532216,-0.634783
1790938090.526089,1790938091.815495,3.059505,0.604044,1.161806,0.037414,-0.002092,0.811911,-0.582577,-2.698,-3.343,-108.600,0.077629,-0.116663,-0.003709,-0.010637,0.296785,-0.754096
1790938090.559429,1790938091.850290,3.054857,0.602826,1.162623,0.036480,-0.002448,0.820165,-0.570958,-2.622,-3.270,-110.238,0.087527,-0.125070,0.028598,-0.018094,-0.176204,-0.976745
1790938090.592769,1790938091.887284,3.049776,0.601695,1.163948,0.041263,0.000641,0.830251,-0.555859,-2.574,-3.970,-112.306,0.094972,-0.130908,0.023361,-0.058575,-0.408439,-1.216437
1790938090.626110,1790938091.924004,3.044289,0.600469,1.164566,0.046685,0.004185,0.842049,-0.537361,-2.480,-4.768,-114.808,0.097695,-0.135145,-0.017157,-0.056445,-0.250774,-1.424170
1790938090.659450,1790938091.969625,3.038591,0.599466,1.163750,0.048580,0.006099,0.855085,-0.516171,-2.286,-5.128,-117.663,0.100295,-0.133640,-0.056604,0.009603,-0.000431,-1.554137
1790938090.692789,1790938092.004627,3.033031,0.598557,1.162038,0.047456,0.007368,0.868245,-0.493807,-1.961,-5.145,-120.655,0.102146,-0.112736,-0.068249,0.041562,0.065618,-1.545615
1790938090.726129,1790938092.037677,3.028282,0.597440,1.160236,0.046351,0.008779,0.880338,-0.471995,-1.628,-5.158,-123.531,0.095805,-0.079758,-0.061921,0.026648,-0.002562,-1.444413
1790938090.759470,1790938092.073097,3.024685,0.596239,1.158528,0.045905,0.010104,0.890967,-0.451628,-1.350,-5.217,-126.178,0.078094,-0.047155,-0.061001,0.018126,0.051769,-1.320839
1790938090.792810,1790938092.106404,3.022042,0.595161,1.156613,0.042968,0.010502,0.900722,-0.432138,-1.048,-4.961,-128.694,0.062237,-0.034824,-0.067159,0.056478,0.292526,-1.325102
1790938090.826150,1790938092.138862,3.019652,0.594429,1.154656,0.036874,0.009564,0.910723,-0.411257,-0.742,-4.303,-131.367,0.055141,-0.036608,-0.057434,0.013867,0.378815,-1.454001
1790938090.859490,1790938092.167281,3.017590,0.593931,1.153260,0.032474,0.007961,0.920644,-0.388970,-0.609,-3.784,-134.172,0.049411,-0.027845,-0.033161,-0.121424,0.149776,-1.450806
1790938090.892831,1790938092.200738,3.015956,0.593552,1.152534,0.033261,0.005450,0.929750,-0.366645,-0.819,-3.775,-136.930,0.041612,-0.020344,-0.018156,-0.260979,-0.098436,-1.445479
1790938090.926171,1790938092.228487,3.014608,0.593414,1.151878,0.037051,0.003156,0.938369,-0.343629,-1.123,-4.112,-139.734,0.031479,-0.023238,-0.029903,-0.246064,-0.153831,-1.491287
1790938090.959511,1790938092.258854,3.013449,0.593468,1.150497,0.039770,0.001509,0.946451,-0.320384,-1.300,-4.373,-142.547,0.022029,-0.020817,-0.056056,-0.152319,-0.037713,-1.425238
1790938090.992851,1790938092.289078,3.012538,0.593466,1.148303,0.040357,0.000045,0.953408,-0.298973,-1.382,-4.415,-145.126,0.017446,-0.008815,-0.076136,-0.157647,0.044312,-1.249464
1790938091.026192,1790938092.318533,3.011935,0.593183,1.145681,0.040370,-0.002636,0.958968,-0.280612,-1.593,-4.356,-147.318,0.016054,0.003498,-0.079836,-0.240740,0.069880,-1.037470
1790938091.059531,1790938092.348504,3.011571,0.592538,1.143169,0.040277,-0.006562,0.963405,-0.264924,-1.953,-4.251,-149.176,0.016172,0.006784,-0.071098,-0.270568,0.098644,-0.908568
1790938091.092871,1790938092.377977,3.011105,0.592160,1.141029,0.039623,-0.010733,0.967211,-0.250633,-2.334,-4.087,-150.862,0.013629,-0.001878,-0.057698,-0.254588,0.131670,-0.871282
1790938091.126210,1790938092.408819,3.010578,0.592251,1.139411,0.038871,-0.014561,0.970904,-0.235843,-2.678,-3.934,-152.601,0.007637,-0.022828,-0.041215,-0.230087,0.095450,-0.967158
1790938091.159550,1790938092.437523,3.009896,0.593261,1.138365,0.038716,-0.017862,0.974824,-0.218860,-2.974,-3.880,-154.592,0.001669,-0.053040,-0.026340,-0.220500,0.073079,-1.116299
1790938091.192890,1790938092.466054,3.009109,0.595101,1.137763,0.038287,-0.020414,0.978869,-0.199834,-3.175,-3.830,-156.817,-0.005186,-0.081663,-0.017779,-0.115035,0.102909,-1.198327
1790938091.226229,1790938092.494619,3.008252,0.597858,1.137318,0.036868,-0.020873,0.982735,-0.180105,-3.120,-3.724,-159.128,-0.009002,-0.102156,-0.018398,0.028778,0.134869,-1.190868
1790938091.259569,1790938092.524071,3.007410,0.601103,1.136724,0.034643,-0.020122,0.986114,-0.161165,-2.920,-3.545,-161.345,-0.011028,-0.109376,-0.026704,0.001082,0.183874,-1.088597
1790938091.292909,1790938092.556550,3.006634,0.604545,1.135952,0.031636,-0.020543,0.988828,-0.144212,-2.856,-3.247,-163.324,-0.008593,-0.113482,-0.026600,-0.036203,0.217965,-0.968218
1790938091.326249,1790938092.590248,3.005685,0.608334,1.135402,0.028831,-0.020917,0.991102,-0.128250,-2.804,-2.968,-165.181,-0.002133,-0.126126,-0.016264,-0.008505,0.144460,-0.972478
1790938091.359589,1790938092.619543,3.004587,0.612590,1.135194,0.027299,-0.020875,0.993108,-0.112048,-2.730,-2.840,-167.058,0.003277,-0.137821,-0.009988,-0.009569,0.088001,-0.974609
1790938091.392928,1790938092.654093,3.003375,0.617149,1.135060,0.025962,-0.021167,0.994790,-0.096285,-2.703,-2.727,-168.879,0.007548,-0.143935,-0.011970,-0.044725,0.123156,-0.903233
1790938091.426268,1790938092.688334,3.002087,0.621812,1.134828,0.023970,-0.022130,0.996087,-0.082135,-2.755,-2.529,-170.512,0.013803,-0.141984,-0.015549,-0.089466,0.162571,-0.772202
1790938091.459608,1790938092.712452,3.000660,0.626391,1.134507,-0.021512,0.023673,-0.997038,0.069942,-2.881,-2.269,-171.918,0.022635,-0.141989,-0.018170,-0.104380,0.173225,-0.690173
1790938091.492948,1790938092.741944,2.998920,0.630960,1.134130,-0.018897,0.025146,-0.997783,0.058653,-3.005,-1.992,-173.219,0.037187,-0.144514,-0.021670,-0.087335,0.184944,-0.663540
1790938091.526288,1790938092.777022,2.996706,0.635651,1.133565,-0.015846,0.026606,-0.998390,0.047531,-3.133,-1.668,-174.503,0.053661,-0.147334,-0.030023,-0.076683,0.225426,-0.660344
1790938091.559627,1790938092.807696,2.994087,0.640360,1.132824,0.012529,-0.027416,0.998882,-0.036411,-3.193,-1.320,-175.788,0.068926,-0.146060,-0.030716,-0.014894,0.186012,-0.657148
1790938091.592966,1790938092.849429,2.991160,0.645006,1.132237,0.010463,-0.027075,0.999252,-0.025540,-3.133,-1.119,-177.041,0.074437,-0.142210,-0.023807,0.045826,0.084808,-0.656080
1790938091.626306,1790938092.888772,2.988298,0.649629,1.131785,0.009826,-0.025392,0.999530,-0.014080,-2.926,-1.085,-178.358,0.072609,-0.142264,-0.021701,0.137442,0.030480,-0.713606
1790938091.659646,1790938092.922592,2.985594,0.654142,1.131308,0.008873,-0.023427,0.999681,-0.003110,-2.688,-1.008,-179.620,0.074177,-0.127175,-0.020462,0.067132,0.122095,-0.542093
1790938091.692985,1790938092.956140,2.982617,0.657920,1.130988,0.006106,-0.022617,0.999719,0.003672,-2.589,-0.709,179.595,0.090911,-0.099550,-0.011144,0.012801,0.223300,-0.250200
1790938091.726325,1790938092.981580,2.979040,0.661000,1.130916,0.002536,-0.022581,0.999718,0.006858,-2.586,-0.308,179.221,0.113757,-0.082734,-0.001944,-0.015960,0.167904,-0.144735
1790938091.759665,1790938093.011438,2.975007,0.663640,1.131112,0.001067,-0.023077,0.999692,0.009048,-2.643,-0.146,178.966,0.131811,-0.070458,0.004796,-0.033003,0.000652,-0.119170
1790938091.793004,1790938093.039783,2.970194,0.666102,1.131405,0.002445,-0.023093,0.999667,0.011273,-2.643,-0.310,178.715,0.143295,-0.065154,0.004564,0.028781,-0.166597,-0.163911
1790938091.826344,1790938093.067069,2.965322,0.668294,1.131573,0.005556,-0.022242,0.999637,0.014163,-2.540,-0.673,178.391,0.151258,-0.060069,-0.003611,0.079916,-0.179380,-0.188413
1790938091.859683,1790938093.095598,2.960210,0.670415,1.131369,0.007878,-0.020734,0.999605,0.017279,-2.360,-0.944,178.039,0.155703,-0.054288,-0.019546,0.085243,-0.062199,-0.186282
1790938091.893023,1790938093.135991,2.954932,0.672382,1.130627,0.007371,-0.019350,0.999585,0.020040,-2.200,-0.889,177.720,0.161528,-0.048633,-0.031056,0.090568,0.143402,-0.137279
1790938091.926363,1790938093.174249,2.948657,0.674665,1.129845,0.004604,-0.017818,0.999580,0.022374,-2.030,-0.573,177.446,0.174809,-0.049446,-0.019565,0.070326,0.165774,-0.141539
1790938091.959702,1790938093.213064,2.942911,0.676587,1.129627,0.002918,-0.017470,0.999548,0.024279,-1.993,-0.383,177.224,0.182444,-0.038742,-0.000856,-0.054311,0.018761,-0.046727
1790938091.993042,1790938093.248478,2.936821,0.678141,1.129922,0.003963,-0.019027,0.999535,0.023482,-2.169,-0.505,177.318,0.183723,-0.019646,0.013262,-0.122491,-0.149553,0.152481
1790938092.026381,1790938093.281707,2.930564,0.679360,1.130573,0.007136,-0.020613,0.999555,0.020327,-2.345,-0.865,177.688,0.191724,-0.015778,0.018901,-0.034071,-0.235842,0.196157
1790938092.059725,1790938093.315453,2.923935,0.680472,1.131247,0.010843,-0.020975,0.999572,0.017280,-2.382,-1.284,178.046,0.201051,-0.022859,0.010840,-0.020222,-0.187903,0.149284
1790938092.093068,1790938093.351081,2.917002,0.681701,1.131623,0.013275,-0.021487,0.999561,0.015493,-2.439,-1.559,178.257,0.210178,-0.029925,-0.000369,-0.030876,-0.116529,0.051277
1790938092.126411,1790938093.386462,2.909726,0.682851,1.131743,0.014895,-0.022175,0.999530,0.015065,-2.516,-1.745,178.311,0.215058,-0.032480,-0.007131,-0.037267,-0.071786,-0.004118
1790938092.159754,1790938093.421818,2.902226,0.684074,1.131766,0.015742,-0.022833,0.999504,0.014887,-2.591,-1.842,178.335,0.220598,-0.028221,-0.007626,-0.029810,-0.038762,0.035297
1790938092.193098,1790938093.457179,2.894631,0.685328,1.131815,0.016620,-0.023064,0.999498,0.014009,-2.617,-1.941,178.438,0.225656,-0.020218,-0.007010,-0.002113,-0.084570,0.078974
1790938092.226441,1790938093.497060,2.886772,0.686047,1.131769,0.018530,-0.023210,0.999486,0.012071,-2.635,-2.155,178.666,0.226804,-0.004032,-0.014183,-0.002114,-0.146358,0.171655
1790938092.259784,1790938093.536633,2.877327,0.687293,1.131391,0.020432,-0.023393,0.999483,0.008276,-2.663,-2.363,179.106,0.230350,0.011711,-0.028955,-0.012767,-0.064330,0.272859
1790938092.293128,1790938093.573828,2.869511,0.688100,1.130499,0.020046,-0.023783,0.999509,0.003738,-2.719,-2.307,179.626,0.240006,0.017618,-0.040030,-0.033008,0.113571,0.254747
1790938092.326471,1790938093.609231,2.860988,0.687482,1.129573,0.017123,-0.024408,0.999555,-0.000107,-2.799,-1.961,-179.940,0.260186,0.021950,-0.029882,-0.039401,0.212644,0.207874
1790938092.359815,1790938093.652432,2.851739,0.686824,1.129275,0.014109,-0.025012,0.999584,-0.002761,-2.872,-1.608,-179.643,0.283469,0.022431,-0.001402,-0.024485,0.098657,0.110932
1790938092.393158,1790938093.685156,2.839188,0.687775,1.130064,0.014433,-0.025126,0.999573,-0.003669,-2.886,-1.643,-179.538,0.306075,0.023068,0.022908,-0.019161,-0.165537,-0.006247
1790938092.426502,1790938093.710284,2.828301,0.686824,1.130978,0.018130,-0.026029,0.999492,-0.003002,-2.991,-2.068,-179.602,0.323066,0.030267,0.014082,-0.071361,-0.246500,-0.105321
1790938092.459845,1790938093.736077,2.816975,0.685493,1.131354,0.021493,-0.026903,0.999407,-0.000486,-3.087,-2.461,-179.878,0.343417,0.036240,-0.015963,-0.012769,-0.118663,-0.211850
1790938092.493188,1790938093.762179,2.805021,0.683963,1.130828,0.022322,-0.026200,0.999400,0.003762,-2.995,-2.569,179.636,0.363667,0.044398,-0.042219,0.066061,0.013432,-0.292812
1790938092.526532,1790938093.791496,2.792973,0.682724,1.129658,0.022102,-0.025007,0.999406,0.008629,-2.846,-2.557,179.074,0.379085,0.060288,-0.054589,0.039429,0.011301,-0.276831
1790938092.559876,1790938093.826394,2.780014,0.681132,1.128249,0.022608,-0.025077,0.999352,0.012507,-2.844,-2.626,178.631,0.396377,0.081640,-0.055240,-0.055381,-0.074986,-0.185217
1790938092.593220,1790938093.866993,2.766480,0.678877,1.127061,0.024908,-0.025703,0.999241,0.015379,-2.904,-2.899,178.310,0.410926,0.094925,-0.043976,-0.022358,-0.202823,-0.177759
1790938092.626564,1790938093.905975,2.749851,0.678392,1.126509,0.028304,-0.026166,0.999089,0.018334,-2.942,-3.297,177.982,0.416843,0.101952,-0.040056,-0.063904,-0.151690,-0.161777
1790938092.659907,1790938093.939427,2.735347,0.676287,1.125661,0.029057,-0.027630,0.998985,0.020523,-3.102,-3.393,177.738,0.407572,0.110110,-0.042965,-0.112908,0.089066,-0.105319
1790938092.693251,1790938093.973135,2.721587,0.673535,1.124995,0.025747,-0.028860,0.998992,0.022782,-3.243,-3.024,177.473,0.402261,0.107719,-0.026376,-0.028750,0.288276,-0.164976
1790938092.726595,1790938094.005679,2.707968,0.670602,1.125129,0.021343,-0.028244,0.999036,0.025962,-3.175,-2.528,177.093,0.405676,0.110756,0.006913,0.063928,0.206249,-0.188412
1790938092.759939,1790938094.044250,2.694265,0.667087,1.126096,0.019594,-0.027602,0.999018,0.028593,-3.100,-2.334,176.784,0.408777,0.129664,0.028696,-0.003183,-0.010006,-0.120230
1790938092.793283,1790938094.080672,2.678395,0.666656,1.127797,0.021721,-0.027852,0.998900,0.030841,-3.116,-2.586,176.533,0.413785,0.137357,0.029003,-0.044731,-0.215609,-0.176691
1790938092.826627,1790938094.114818,2.663602,0.663860,1.128733,0.025304,-0.028611,0.998698,0.033815,-3.182,-3.008,176.205,0.408052,0.146862,0.006585,-0.015969,-0.174063,-0.159648
1790938092.859971,1790938094.150793,2.649404,0.660353,1.128998,0.026933,-0.027998,0.998618,0.035389,-3.101,-3.197,176.027,0.403279,0.159939,-0.015538,0.100148,0.009167,-0.027551
1790938092.893315,1790938094.186286,2.635214,0.656634,1.128896,0.025680,-0.026403,0.998711,0.034928,-2.924,-3.046,176.072,0.409119,0.164154,-0.015204,0.038360,0.117827,0.082173
1790938092.926658,1790938094.221860,2.620924,0.652787,1.129121,0.024170,-0.026494,0.998805,0.033217,-2.945,-2.868,176.264,0.410138,0.154972,0.004411,-0.035144,0.014493,0.102414
1790938092.960003,1790938094.254624,2.606925,0.648587,1.129953,0.025143,-0.027530,0.998776,0.032494,-3.063,-2.982,176.353,0.401578,0.130179,0.017929,-0.092670,-0.130385,-0.023285
1790938092.993347,1790938094.289008,2.593277,0.646501,1.131068,0.027788,-0.029094,0.998631,0.033430,-3.230,-3.293,176.258,0.386584,0.104012,0.015952,-0.092670,-0.148496,-0.077617
1790938093.026690,1790938094.323559,2.580262,0.644635,1.131914,0.029468,-0.030628,0.998490,0.034796,-3.395,-3.496,176.112,0.372166,0.078650,-0.001302,-0.071365,-0.032377,-0.095726
1790938093.060032,1790938094.367217,2.567822,0.642622,1.132206,0.029143,-0.031406,0.998410,0.036626,-3.479,-3.468,175.904,0.362779,0.054788,-0.018217,-0.024491,0.063497,-0.125552
1790938093.093373,1790938094.402077,2.552777,0.646836,1.132699,0.028354,-0.031308,0.998351,0.038885,-3.463,-3.385,175.641,0.363974,0.036038,-0.026838,0.002142,0.034732,-0.110637
1790938093.126714,1790938094.431216,2.538988,0.647778,1.132196,0.028160,-0.031035,0.998323,0.039930,-3.429,-3.365,175.520,0.367802,0.035591,-0.036192,0.013858,-0.010010,-0.008372
1790938093.160056,1790938094.459524,2.525649,0.648318,1.131423,0.028369,-0.030982,0.998338,0.039463,-3.424,-3.387,175.574,0.375246,0.033060,-0.050075,-0.027689,-0.012139,0.063002
1790938093.193397,1790938094.493769,2.512372,0.648863,1.130161,0.028406,-0.032016,0.998364,0.037921,-3.548,-3.391,175.755,0.382758,0.028644,-0.068859,-0.102260,-0.013205,0.125855
1790938093.226738,1790938094.523389,2.498879,0.649429,1.128237,0.028652,-0.033896,0.998384,0.035497,-3.771,-3.418,176.040,0.394320,0.022474,-0.091209,-0.121434,-0.024923,0.167401
1790938093.260080,1790938094.551082,2.484972,0.650178,1.125619,0.028479,-0.036057,0.998392,0.033197,-4.027,-3.397,176.311,0.410184,0.005995,-0.112204,-0.116107,0.032601,0.094962
1790938093.293421,1790938094.579227,2.470499,0.651373,1.122602,0.027583,-0.036790,0.998400,0.032909,-4.115,-3.296,176.343,0.428138,-0.014186,-0.119590,0.026640,0.065626,-0.065896
1790938093.326762,1790938094.607761,2.455522,0.652914,1.119633,0.026647,-0.035441,0.998403,0.034997,-3.957,-3.192,176.095,0.446267,-0.027695,-0.111055,0.116125,0.051776,-0.189470
1790938093.360103,1790938094.636811,2.440042,0.654865,1.117288,0.026472,-0.033277,0.998358,0.038390,-3.699,-3.177,175.698,0.463512,-0.028082,-0.082756,0.138496,-0.027053,-0.202252
1790938093.393444,1790938094.664517,2.424184,0.657249,1.116077,0.027806,-0.030861,0.998305,0.040765,-3.408,-3.327,175.422,0.474002,-0.020930,-0.046125,0.123582,-0.099495,-0.073352
1790938093.426785,1790938094.695295,2.408139,0.659822,1.116103,0.029317,-0.029016,0.998318,0.040741,-3.190,-3.491,175.423,0.481772,-0.016086,-0.012927,0.108668,-0.057947,0.080052
1790938093.460127,1790938094.735737,2.391828,0.662244,1.117156,0.029796,-0.027325,0.998451,0.038225,-3.003,-3.531,175.708,0.492258,-0.013913,0.012560,0.095884,-0.002554,0.208952
1790938093.493468,1790938094.771652,2.362137,0.668148,1.120089,0.029776,-0.026132,0.998631,0.034165,-2.880,-3.512,176.169,0.508097,-0.016259,0.029908,0.049011,-0.028123,0.278184
1790938093.526809,1790938094.799728,2.351815,0.670463,1.122121,0.030956,-0.025463,0.998768,0.029256,-2.817,-3.631,176.734,0.497688,-0.021166,0.041342,0.058599,-0.130389,0.303754
1790938093.560151,1790938094.836425,2.336624,0.671881,1.124640,0.033450,-0.024609,0.998847,0.024099,-2.732,-3.900,177.329,0.484696,-0.025000,0.039889,0.053275,-0.160218,0.301626
1790938093.593492,1790938094.874663,2.321225,0.672838,1.126981,0.035117,-0.024157,0.998908,0.019116,-2.696,-4.076,177.903,0.473699,-0.029743,0.030487,0.017054,-0.035578,0.265410
1790938093.626833,1790938094.914809,2.299233,0.678864,1.130397,0.034938,-0.024004,0.998979,0.015631,-2.693,-4.046,178.302,0.479413,-0.046117,0.032251,0.008533,0.037923,0.126914
1790938093.660175,1790938094.951380,2.283420,0.680896,1.132712,0.034931,-0.024106,0.998995,0.014439,-2.709,-4.042,178.439,0.484454,-0.052270,0.042065,-0.018098,-0.085650,0.020384
1790938093.693516,1790938094.987570,2.267407,0.682814,1.135258,0.038054,-0.024539,0.998874,0.014150,-2.756,-4.400,178.483,0.478387,-0.050045,0.033705,-0.029816,-0.286990,0.032103
1790938093.726858,1790938095.022556,2.251826,0.685039,1.137232,0.042951,-0.024730,0.998683,0.013229,-2.777,-4.959,178.602,0.467956,-0.048270,-0.000065,0.018120,-0.273141,0.053408
1790938093.760199,1790938095.061035,2.236574,0.687150,1.138005,0.046059,-0.024514,0.998561,0.012410,-2.752,-5.313,178.704,0.456218,-0.045804,-0.043367,0.007468,-0.073931,0.037430
1790938093.793539,1790938095.098233,2.217140,0.691965,1.138979,0.045657,-0.024379,0.998595,0.011385,-2.743,-5.264,178.820,0.448777,-0.035882,-0.067356,0.035166,0.109298,0.115196
1790938093.826881,1790938095.133050,2.201202,0.693253,1.137996,0.043421,-0.023354,0.998746,0.008713,-2.640,-4.999,179.116,0.443478,-0.019495,-0.063621,0.066060,0.143387,0.217464
1790938093.860222,1790938095.163273,2.186332,0.694127,1.137420,0.040908,-0.022917,0.998889,0.004632,-2.611,-4.700,179.576,0.436710,-0.005236,-0.048814,-0.013835,0.150843,0.273925
1790938093.893564,1790938095.197386,2.171787,0.694400,1.137120,0.038312,-0.024107,0.998975,-0.000071,-2.769,-4.390,-179.886,0.431303,0.005264,-0.040995,-0.086275,0.141257,0.276056
1790938093.926905,1790938095.238436,2.157099,0.694205,1.136930,0.036202,-0.025939,0.999001,-0.003731,-2.994,-4.137,-179.464,0.433181,0.002353,-0.036950,-0.106516,0.092253,0.163135
1790938093.960246,1790938095.277431,2.138022,0.696007,1.137830,0.035326,-0.026920,0.998997,-0.005627,-3.114,-4.030,-179.245,0.443536,-0.002647,-0.035719,-0.004245,0.003832,0.068324
1790938093.993588,1790938095.305910,2.122507,0.695640,1.137535,0.036113,-0.026689,0.998973,-0.006038,-3.090,-4.119,-179.196,0.457453,-0.003327,-0.039570,0.035167,-0.111218,-0.052052
1790938094.026929,1790938095.337105,2.106567,0.695489,1.137228,0.038613,-0.025778,0.998913,-0.004105,-2.979,-4.412,-179.414,0.474037,-0.005501,-0.049775,0.051147,-0.177267,-0.202259
1790938094.060269,1790938095.365886,2.090143,0.695255,1.136632,0.041881,-0.025124,0.998807,-0.000216,-2.888,-4.799,-179.854,0.489493,0.003151,-0.062262,0.002145,-0.203899,-0.258720
1790938094.093610,1790938095.398200,2.073425,0.694892,1.135844,0.045680,-0.025499,0.998625,0.003486,-2.913,-5.245,179.733,0.503699,0.020826,-0.069362,-0.064969,-0.247576,-0.177759
1790938094.126950,1790938095.432480,2.056247,0.694348,1.135044,0.050258,-0.026488,0.998367,0.005931,-3.013,-5.778,179.471,0.507647,0.032253,-0.075238,-0.050053,-0.289122,-0.124493
1790938094.160290,1790938095.471263,2.039239,0.693772,1.134123,0.054491,-0.027469,0.998107,0.007651,-3.114,-6.269,179.292,0.494160,0.036166,-0.086262,-0.076687,-0.177267,-0.082948
1790938094.193631,1790938095.507310,2.016923,0.693701,1.133584,0.055164,-0.028436,0.998037,0.008416,-3.220,-6.349,179.212,0.477771,0.042346,-0.100814,-0.056446,0.140191,0.001209
1790938094.226970,1790938095.533532,2.000811,0.692498,1.131807,0.050179,-0.029331,0.998277,0.008098,-3.328,-5.777,179.238,0.470442,0.043171,-0.096046,-0.057510,0.466171,0.041690
1790938094.260310,1790938095.563066,1.984372,0.691132,1.130595,0.042138,-0.030017,0.998624,0.008530,-3.408,-4.857,179.166,0.473383,0.030347,-0.053001,-0.027683,0.408645,-0.081882
1790938094.293651,1790938095.586214,1.968549,0.690285,1.130858,0.038831,-0.030648,0.998717,0.010830,-3.472,-4.487,178.893,0.472925,0.026086,-0.005555,-0.076687,-0.048366,-0.172431
1790938094.326991,1790938095.616873,1.952500,0.689528,1.132180,0.041763,-0.031612,0.998527,0.014163,-3.564,-4.836,178.525,0.469286,0.021070,0.009911,-0.004246,-0.251838,-0.258720
1790938094.360331,1790938095.649001,1.916695,0.689129,1.134665,0.044959,-0.030367,0.998339,0.019401,-3.390,-5.218,177.928,0.475602,0.012892,-0.007086,0.133171,-0.090979,-0.373776
1790938094.393672,1790938095.679718,1.917019,0.690192,1.135292,0.045050,-0.027696,0.998286,0.025049,-3.053,-5.240,177.265,0.455314,0.025147,-0.027686,0.141697,0.124210,-0.257656
1790938094.427012,1790938095.715182,1.902058,0.690197,1.135512,0.042607,-0.025459,0.998387,0.027558,-2.790,-4.961,176.959,0.455203,0.047982,-0.035738,0.123588,0.165758,-0.040334
1790938094.460352,1790938095.747556,1.883679,0.690143,1.136494,0.040340,-0.023249,0.998542,0.027311,-2.543,-4.694,176.971,0.455674,0.055305,-0.036192,0.107608,0.100775,0.048084
1790938094.493693,1790938095.770870,1.866516,0.689128,1.136319,0.039380,-0.021912,0.998618,0.027045,-2.394,-4.579,176.993,0.450638,0.046576,-0.034928,0.031972,0.023008,-0.040335
1790938094.527033,1790938095.798419,1.851117,0.688443,1.136329,0.039196,-0.021933,0.998591,0.028249,-2.391,-4.561,176.854,0.445467,0.038501,-0.032701,-0.025552,0.008094,-0.096796
1790938094.560373,1790938095.827732,1.836047,0.688060,1.136482,0.039128,-0.022668,0.998532,0.029804,-2.469,-4.559,176.679,0.442797,0.032381,-0.025844,-0.068165,-0.007886,-0.079751
1790938094.593713,1790938095.858961,1.821203,0.688046,1.136891,0.039616,-0.023507,0.998457,0.030995,-2.558,-4.621,176.547,0.438577,0.025458,-0.019412,-0.019161,-0.046234,-0.052053
1790938094.627054,1790938095.892529,1.806202,0.688174,1.137394,0.040116,-0.023257,0.998429,0.031456,-2.526,-4.679,176.494,0.435967,0.021017,-0.020903,0.044756,0.003832,0.003342
1790938094.660394,1790938095.924303,1.791492,0.688669,1.137828,0.039602,-0.022734,0.998477,0.030958,-2.469,-4.617,176.548,0.438709,0.018305,-0.024850,0.000015,0.046444,0.058735
1790938094.693733,1790938095.953355,1.776521,0.689107,1.138101,0.039293,-0.023151,0.998522,0.029574,-2.525,-4.579,176.708,0.444324,0.015341,-0.029805,-0.031943,-0.036647,0.115197
1790938094.727073,1790938095.984177,1.761446,0.690001,1.138107,0.040555,-0.023650,0.998525,0.027255,-2.589,-4.720,176.980,0.451460,0.008539,-0.042371,-0.011702,-0.117609,0.162069
1790938094.760414,1790938096.008859,1.745788,0.690836,1.137621,0.042411,-0.023905,0.998524,0.024093,-2.629,-4.925,177.349,0.461738,-0.000456,-0.065772,0.005341,-0.099499,0.207877
1790938094.793754,1790938096.034320,1.729657,0.691898,1.136505,0.043536,-0.023647,0.998555,0.020834,-2.613,-5.045,177.725,0.477648,-0.017356,-0.087695,0.040495,-0.047298,0.163135
1790938094.827094,1790938096.069330,1.712853,0.693409,1.134879,0.043998,-0.022648,0.998601,0.018662,-2.508,-5.090,177.970,0.495795,-0.035834,-0.101243,0.114001,-0.007885,0.080042
1790938094.860435,1790938096.103565,1.676449,0.694829,1.134797,0.044026,-0.019642,0.998677,0.017882,-2.167,-5.085,178.045,0.530322,-0.051863,-0.094852,0.258879,-0.021731,-0.000922
1790938094.893775,1790938096.134560,1.667280,0.697457,1.133270,0.044870,-0.015130,0.998714,0.018141,-1.645,-5.174,177.993,0.535435,-0.060662,-0.070943,0.246098,-0.051560,-0.032879
1790938094.927115,1790938096.165354,1.648585,0.699621,1.133032,0.045740,-0.011983,0.998718,0.018076,-1.282,-5.267,177.985,0.533739,-0.056993,-0.040926,0.123587,-0.038776,0.027840
1790938094.960455,1790938096.192652,1.630727,0.702018,1.133755,0.045972,-0.010598,0.998742,0.016978,-1.128,-5.290,178.104,0.526296,-0.055098,-0.018154,0.057539,0.030466,0.098151
1790938094.993796,1790938096.217577,1.613785,0.704463,1.135031,0.044698,-0.010444,0.998840,0.014549,-1.126,-5.140,178.382,0.527144,-0.053863,0.004417,-0.014899,0.099710,0.201485
1790938095.027136,1790938096.241722,1.596299,0.706740,1.137108,0.043605,-0.011174,0.998931,0.010512,-1.231,-5.011,178.848,0.527701,-0.055126,0.023502,-0.046858,-0.011079,0.276055
1790938095.060476,1790938096.266120,1.579200,0.709051,1.139457,0.045073,-0.012274,0.998892,0.005730,-1.381,-5.174,179.405,0.516775,-0.060330,0.022421,-0.042597,-0.153828,0.295229
1790938095.093816,1790938096.300151,1.562016,0.711429,1.141345,0.046808,-0.012830,0.998821,0.000884,-1.470,-5.367,179.968,0.505542,-0.068753,0.002596,-0.021290,0.001703,0.271794
1790938095.127155,1790938096.330827,1.539396,0.713756,1.143593,0.044775,-0.013664,0.998900,-0.002871,-1.585,-5.128,-179.600,0.506450,-0.086139,-0.012309,-0.051119,0.235004,0.156743
1790938095.160495,1790938096.356870,1.522585,0.716067,1.144766,0.040464,-0.015115,0.999059,-0.003963,-1.755,-4.631,-179.474,0.508540,-0.105004,-0.003483,-0.116102,0.223285,-0.022225
1790938095.193835,1790938096.380866,1.505693,0.719108,1.146457,0.039220,-0.017021,0.999082,-0.002589,-1.967,-4.490,-179.626,0.505902,-0.110193,0.016996,-0.115038,-0.121869,-0.092534
1790938095.227174,1790938096.404881,1.488884,0.722464,1.148548,0.043679,-0.018248,0.998878,-0.001556,-2.105,-5.003,-179.730,0.494457,-0.103102,0.017948,-0.019162,-0.395652,-0.031812
1790938095.260514,1790938096.431104,1.472164,0.725537,1.150365,0.050403,-0.018311,0.998561,-0.001075,-2.113,-5.775,-179.770,0.482547,-0.098884,-0.009000,0.009599,-0.349844,-0.044597
1790938095.293854,1790938096.457448,1.455920,0.728261,1.151111,0.053824,-0.018242,0.998384,-0.000631,-2.104,-6.168,-179.814,0.468267,-0.088634,-0.049358,0.008534,-0.027057,-0.004117
1790938095.327194,1790938096.495889,1.440734,0.731047,1.150822,0.052130,-0.017801,0.998481,-0.000884,-2.054,-5.974,-179.791,0.455325,-0.076731,-0.073140,0.046884,0.233937,0.034234
1790938095.360534,1790938096.523670,1.417443,0.732123,1.150878,0.047354,-0.017219,0.998729,-0.001037,-1.986,-5.426,-179.787,0.448367,-0.072743,-0.066268,0.013859,0.296790,-0.023290
1790938095.393873,1790938096.545797,1.402393,0.734502,1.150325,0.043431,-0.017837,0.998897,-0.000397,-2.052,-4.977,-179.865,0.438597,-0.065665,-0.045196,-0.100127,0.149779,-0.015834
1790938095.427213,1790938096.569899,1.387078,0.736297,1.150413,0.042397,-0.019404,0.998912,-0.000274,-2.231,-4.858,-179.874,0.438166,-0.058564,-0.030049,-0.057515,-0.040907,-0.009441
1790938095.460553,1790938096.604822,1.371697,0.737685,1.150726,0.043959,-0.019193,0.998849,0.000714,-2.202,-5.040,-179.985,0.444163,-0.058648,-0.037777,0.084167,-0.120804,-0.123429
1790938095.493893,1790938096.634115,1.299587,0.735627,1.153704,0.045006,-0.017706,0.998823,0.003804,-2.016,-5.166,179.655,0.499619,-0.044400,-0.068054,0.058585,-0.066456,-0.236362
1790938095.527233,1790938096.664769,1.331316,0.740183,1.150062,0.046537,-0.017248,0.998736,0.007918,-1.941,-5.349,179.182,0.473927,-0.032987,-0.097809,-0.046864,-0.035579,-0.269375
1790938095.560573,1790938096.700740,1.317643,0.741461,1.147745,0.047345,-0.018342,0.998633,0.012397,-2.041,-5.452,178.675,0.487069,-0.016660,-0.118931,-0.097998,-0.054756,-0.256590
1790938095.593911,1790938096.736073,1.301158,0.742702,1.145226,0.048553,-0.019788,0.998492,0.016261,-2.185,-5.601,178.241,0.504465,0.001584,-0.127933,-0.090540,-0.090977,-0.199064
1790938095.627251,1790938096.770806,1.276645,0.741646,1.143100,0.050419,-0.020934,0.998319,0.019489,-2.295,-5.825,177.880,0.523682,0.017231,-0.127028,-0.037278,-0.127195,-0.201195
1790938095.660591,1790938096.800226,1.259009,0.741719,1.140811,0.052360,-0.020586,0.998145,0.023269,-2.228,-6.055,177.447,0.528654,0.026265,-0.116044,0.041551,-0.070735,-0.257657
1790938095.693931,1790938096.834316,1.240898,0.741675,1.139073,0.052372,-0.019945,0.998046,0.027619,-2.128,-6.064,176.942,0.522454,0.039179,-0.099938,0.004267,0.112494,-0.249134
1790938095.727271,1790938096.869115,1.204487,0.740899,1.139276,0.048764,-0.019628,0.998129,0.031246,-2.081,-5.657,176.517,0.541212,0.056521,-0.065534,0.004263,0.287211,-0.175627
1790938095.760610,1790938096.900729,1.199712,0.739932,1.138729,0.044555,-0.019486,0.998237,0.034025,-2.064,-5.180,176.189,0.532526,0.065688,-0.021634,-0.012777,0.199848,-0.159650
1790938095.793950,1790938096.941962,1.182896,0.738963,1.139940,0.043383,-0.019227,0.998206,0.036523,-2.026,-5.049,175.898,0.523680,0.075658,0.001658,0.020245,-0.060082,-0.131952
1790938095.827290,1790938096.977723,1.161237,0.737555,1.141847,0.044713,-0.019410,0.998068,0.038533,-2.031,-5.207,175.671,0.525188,0.083984,-0.004352,-0.067108,-0.039840,-0.107451
1790938095.860629,1790938097.007309,1.143388,0.736135,1.143013,0.043959,-0.020504,0.998019,0.040068,-2.152,-5.128,175.498,0.530120,0.088456,-0.012290,-0.053258,0.108235,-0.057381
1790938095.893969,1790938097.039047,1.125280,0.734751,1.144017,0.042035,-0.021004,0.998091,0.040069,-2.218,-4.910,175.497,0.533544,0.097768,-0.014634,-0.010648,0.084797,0.096020
1790938095.927309,1790938097.068538,1.106939,0.733215,1.144918,0.041314,-0.020978,0.998233,0.037207,-2.232,-4.821,175.825,0.541795,0.103834,-0.014426,0.027703,-0.006817,0.236639
1790938095.960648,1790938097.101178,1.088220,0.731316,1.145759,0.042299,-0.020631,0.998327,0.033577,-2.206,-4.924,176.242,0.547817,0.092850,-0.021682,0.008527,-0.135716,0.158873
1790938095.993988,1790938097.130949,1.070247,0.729428,1.146071,0.045630,-0.020999,0.998211,0.032430,-2.243,-5.305,176.382,0.537497,0.079539,-0.054556,-0.026626,-0.228397,-0.024357
1790938096.027327,1790938097.159408,1.052734,0.727781,1.145092,0.047896,-0.021405,0.998064,0.033410,-2.276,-5.569,176.276,0.517733,0.071957,-0.104618,-0.011712,0.005966,-0.094666
1790938096.060667,1790938097.190649,1.035279,0.726667,1.142645,0.045061,-0.021650,0.998136,0.035014,-2.306,-5.248,176.088,0.503278,0.069517,-0.133567,-0.044738,0.350058,-0.057381
1790938096.094019,1790938097.219229,1.017759,0.725845,1.139896,0.037355,-0.022006,0.998453,0.034809,-2.376,-4.366,176.097,0.495078,0.072993,-0.107791,-0.012777,0.501328,0.126914
1790938096.127376,1790938097.257470,1.000609,0.725319,1.138181,0.030442,-0.021773,0.998800,0.031595,-2.387,-3.565,176.451,0.488643,0.073917,-0.053646,0.014919,0.247788,0.282447
1790938096.160733,1790938097.290847,0.968641,0.725232,1.139092,0.028879,-0.021531,0.999011,0.026077,-2.383,-3.372,177.080,0.498429,0.069354,-0.017032,0.008528,-0.095232,0.362343
1790938096.194090,1790938097.329113,0.960626,0.723370,1.139007,0.031322,-0.021995,0.999060,0.020346,-2.451,-3.640,177.745,0.494894,0.052324,-0.024126,-0.050060,-0.177263,0.294163
1790938096.227447,1790938097.361844,0.932975,0.722578,1.139333,0.033670,-0.023092,0.999031,0.016416,-2.587,-3.901,178.205,0.510740,0.028712,-0.056087,-0.053257,-0.112277,0.162065
1790938096.260804,1790938097.386768,0.916976,0.721699,1.138023,0.034722,-0.024213,0.998998,0.014506,-2.722,-4.018,178.432,0.516310,0.010067,-0.091588,-0.078825,-0.020662,0.083234
1790938096.294161,1790938097.423158,0.899345,0.722047,1.135895,0.034834,-0.025751,0.998974,0.013185,-2.904,-4.030,178.590,0.524890,-0.003880,-0.108293,-0.072434,-0.021728,0.086430
1790938096.327518,1790938097.463144,0.874059,0.723214,1.134081,0.036046,-0.026478,0.998928,0.011924,-2.991,-4.166,178.741,0.545992,-0.018595,-0.104429,0.021309,-0.154888,0.055535
1790938096.360876,1790938097.490000,0.855862,0.724463,1.132221,0.039629,-0.025509,0.998824,0.011351,-2.879,-4.574,178.813,0.564020,-0.034173,-0.089348,0.087357,-0.284854,-0.013707
1790938096.394234,1790938097.514328,0.837013,0.726152,1.131110,0.045090,-0.024698,0.998608,0.011782,-2.778,-5.200,178.774,0.578023,-0.046794,-0.078869,0.002136,-0.343445,-0.061646
1790938096.427592,1790938097.537660,0.817522,0.728086,1.130556,0.050334,-0.024725,0.998343,0.012918,-2.769,-5.805,178.658,0.581609,-0.055553,-0.074011,0.037288,-0.259287,-0.070169
1790938096.460948,1790938097.567688,0.797976,0.730545,1.130253,0.053091,-0.023683,0.998229,0.012637,-2.648,-6.119,178.691,0.575249,-0.047819,-0.074972,0.066051,-0.006813,0.147151
1790938096.494306,1790938097.600884,0.761599,0.732578,1.130541,0.050776,-0.023198,0.998407,0.008172,-2.621,-5.841,179.196,0.588642,-0.036935,-0.068189,0.007456,0.249929,0.404949
1790938096.527664,1790938097.625878,0.752263,0.735130,1.130501,0.046737,-0.023769,0.998624,0.000762,-2.729,-5.358,-179.960,0.573010,-0.041365,-0.036831,-0.037281,0.162569,0.459283
1790938096.561023,1790938097.649043,0.734117,0.736585,1.131451,0.045786,-0.024199,0.998640,-0.006063,-2.814,-5.230,-179.176,0.554769,-0.054087,-0.014714,0.043680,-0.054749,0.337840
1790938096.594381,1790938097.682611,0.715889,0.737897,1.132714,0.046154,-0.023758,0.998591,-0.010997,-2.790,-5.259,-178.610,0.537173,-0.061691,-0.017943,0.007460,0.049648,0.257942
1790938096.627739,1790938097.715359,0.684404,0.737137,1.134150,0.043779,-0.024610,0.998630,-0.014714,-2.902,-4.975,-178.186,0.540546,-0.065905,-0.020557,-0.051139,0.163643,0.191888
1790938096.661098,1790938097.740196,0.674701,0.742017,1.135149,0.042438,-0.025267,0.998640,-0.016688,-2.984,-4.814,-177.960,0.518262,-0.086390,-0.011749,-0.041542,-0.048356,0.023577
1790938096.694456,1790938097.764213,0.658736,0.744005,1.136368,0.045169,-0.025746,0.998515,-0.016246,-3.044,-5.127,-177.999,0.503551,-0.092140,-0.009408,-0.026629,-0.288047,-0.086146
1790938096.727815,1790938097.788688,0.642315,0.746212,1.137516,0.050788,-0.025623,0.998280,-0.014199,-3.031,-5.778,-178.217,0.488849,-0.091170,-0.023604,0.042613,-0.337051,-0.177762
1790938096.761174,1790938097.815518,0.625892,0.748465,1.138068,0.055154,-0.023817,0.998130,-0.011246,-2.813,-6.290,-178.554,0.468104,-0.080084,-0.057153,0.129966,-0.121860,-0.171371
1790938096.794533,1790938097.853374,0.610226,0.750703,1.137461,0.055349,-0.021269,0.998196,-0.009458,-2.509,-6.321,-178.776,0.448968,-0.055641,-0.088302,0.167252,0.122089,-0.014771
1790938096.827892,1790938097.885398,0.581512,0.752345,1.136716,0.051973,-0.018839,0.998408,-0.011229,-2.235,-5.933,-178.595,0.450052,-0.028959,-0.085744,0.137422,0.228624,0.217460
1790938096.861251,1790938097.922566,0.575422,0.753788,1.135378,0.048549,-0.017469,0.998544,-0.015757,-2.097,-5.532,-178.091,0.430410,-0.015852,-0.068517,0.020242,0.170029,0.295228
1790938096.894610,1790938097.957222,0.561940,0.753735,1.134673,0.046066,-0.018270,0.998565,-0.020323,-2.208,-5.236,-177.567,0.424786,-0.010602,-0.055324,-0.064980,0.121026,0.235572
1790938096.927969,1790938097.997224,0.547128,0.753223,1.134240,0.044433,-0.019158,0.998562,-0.023091,-2.319,-5.040,-177.249,0.429351,-0.011511,-0.050120,-0.007455,0.070958,0.090691
1790938096.961328,1790938098.033062,0.529680,0.753113,1.134112,0.043616,-0.018913,0.998596,-0.023378,-2.290,-4.946,-177.219,0.435146,-0.008431,-0.057131,0.025568,0.021955,-0.072297
1790938096.994688,1790938098.064718,0.514775,0.752324,1.133286,0.043402,-0.018963,0.998645,-0.021538,-2.286,-4.926,-177.431,0.440828,0.006444,-0.066027,-0.057525,0.009170,-0.130889
1790938097.028047,1790938098.096705,0.499785,0.751076,1.132231,0.043327,-0.020270,0.998663,-0.019598,-2.427,-4.919,-177.647,0.446954,0.030623,-0.073005,-0.092679,0.002779,-0.084015
1790938097.061407,1790938098.129090,0.484576,0.749424,1.130984,0.043645,-0.021646,0.998639,-0.018637,-2.581,-4.955,-177.750,0.455544,0.046047,-0.078178,-0.067112,-0.056876,-0.046729
1790938097.094753,1790938098.160107,0.469194,0.747265,1.129631,0.045289,-0.022903,0.998555,-0.017666,-2.724,-5.143,-177.850,0.470363,0.052151,-0.083579,-0.084157,-0.146361,-0.075492
1790938097.128093,1790938098.190518,0.453515,0.744650,1.128066,0.048415,-0.024497,0.998401,-0.015885,-2.905,-5.503,-178.037,0.478553,0.053004,-0.091654,-0.132096,-0.213474,-0.156456
1790938097.161433,1790938098.219481,0.437881,0.742276,1.126427,0.051865,-0.025763,0.998254,-0.011674,-3.034,-5.909,-178.503,0.478653,0.039957,-0.095845,0.010652,-0.157014,-0.398278
1790938097.194773,1790938098.248394,0.422198,0.740324,1.124953,0.053496,-0.023931,0.998277,-0.002982,-2.773,-6.123,-179.509,0.465509,0.021435,-0.088181,0.166184,0.029411,-0.681646
1790938097.228114,1790938098.287039,0.406644,0.739258,1.123974,0.051356,-0.020476,0.998429,0.009121,-2.302,-5.908,179.072,0.455435,0.022628,-0.065276,0.140616,0.255255,-0.741302
1790938097.261454,1790938098.327099,0.388510,0.735983,1.124204,0.047332,-0.018386,0.998507,0.020124,-2.004,-5.466,177.787,0.450451,0.051559,-0.027334,0.037277,0.171096,-0.529307
1790938097.294794,1790938098.364620,0.367392,0.733460,1.125249,0.046353,-0.018425,0.998385,0.027177,-1.973,-5.368,176.974,0.447969,0.076342,0.001642,-0.057536,-0.064327,-0.320509
1790938097.328134,1790938098.403969,0.352257,0.728445,1.127045,0.048293,-0.019167,0.998128,0.032251,-2.024,-5.603,176.398,0.441946,0.077176,0.009995,-0.029842,-0.125050,-0.342875
1790938097.361473,1790938098.440959,0.338043,0.727139,1.128602,0.050006,-0.019233,0.997802,0.039005,-1.986,-5.814,175.624,0.426985,0.062366,-0.001738,-0.029842,-0.050481,-0.452600
1790938097.394814,1790938098.486660,0.322428,0.724898,1.129868,0.050552,-0.019477,0.997470,0.046030,-1.970,-5.891,174.817,0.411332,0.064245,-0.015858,-0.034106,-0.013195,-0.364179
1790938097.428154,1790938098.524019,0.308804,0.724227,1.130546,0.051027,-0.020234,0.997182,0.051130,-2.025,-5.960,174.235,0.401774,0.064379,-0.022494,-0.116133,-0.047283,-0.246996
1790938097.461494,1790938098.555076,0.257611,0.720206,1.131540,0.051468,-0.022740,0.996892,0.055143,-2.286,-6.034,173.788,0.431308,0.070717,-0.039862,-0.157695,-0.084548,-0.235288
1790938097.494834,1790938098.582812,0.281577,0.722883,1.130832,0.053371,-0.025213,0.996472,0.059668,-2.530,-6.279,173.285,0.371687,0.050194,-0.062205,-0.181118,-0.065394,-0.330088
1790938097.528174,1790938098.628014,0.270615,0.722776,1.129563,0.054156,-0.027932,0.995984,0.065590,-2.799,-6.404,172.621,0.346396,0.042445,-0.089102,-0.150224,-0.025978,-0.343937
1790938097.561514,1790938098.665322,0.256821,0.721706,1.127548,0.054389,-0.029468,0.995565,0.070882,-2.940,-6.458,172.021,0.321103,0.040691,-0.106131,-0.039436,-0.004673,-0.299191
1790938097.594854,1790938098.705628,0.246270,0.722112,1.125030,0.054371,-0.029234,0.995208,0.075826,-2.881,-6.468,171.449,0.291219,0.032072,-0.111385,-0.006412,0.041134,-0.278950
1790938097.628194,1790938098.737596,0.236380,0.722997,1.122450,0.052834,-0.029047,0.994984,0.079819,-2.847,-6.302,170.984,0.271650,0.030018,-0.107523,-0.004280,0.182820,-0.186269
1790938097.661534,1790938098.764405,0.226976,0.723883,1.120123,0.048553,-0.028539,0.994980,0.082717,-2.809,-5.816,170.638,0.267329,0.021140,-0.089496,-0.005346,0.323438,-0.145789
1790938097.694875,1790938098.797443,0.217778,0.725060,1.118438,0.043689,-0.028187,0.995051,0.084683,-2.803,-5.262,170.400,0.272141,0.021063,-0.063956,-0.035173,0.226497,-0.049913
1790938097.728215,1790938098.826869,0.208057,0.725391,1.117482,0.041367,-0.028850,0.995087,0.085193,-2.898,-5.005,170.340,0.281761,0.018736,-0.041019,-0.075656,0.025156,-0.022214
1790938097.761555,1790938098.850149,0.198842,0.726333,1.117193,0.042887,-0.030354,0.994900,0.086103,-3.051,-5.196,170.246,0.295897,0.007309,-0.025170,-0.091636,-0.232644,-0.075478
1790938097.794894,1790938098.879245,0.189034,0.727936,1.117143,0.047585,-0.032172,0.994570,0.086778,-3.211,-5.753,170.188,0.303422,0.003450,-0.034817,-0.073526,-0.322129,-0.003039
1790938097.828234,1790938098.905730,0.179129,0.729945,1.116719,0.052075,-0.033768,0.994304,0.086650,-3.352,-6.281,170.223,0.303886,-0.010537,-0.054672,-0.045828,-0.204946,-0.019019
1790938097.861574,1790938098.935502,0.169153,0.732664,1.115885,0.054011,-0.034170,0.994081,0.087853,-3.372,-6.511,170.091,0.298412,-0.031578,-0.066606,-0.001084,-0.006802,-0.168161
1790938097.894914,1790938098.971844,0.158960,0.735438,1.115038,0.053345,-0.033383,0.993757,0.092124,-3.261,-6.441,169.591,0.293249,-0.048571,-0.058577,0.100116,0.101857,-0.353520
1790938097.928254,1790938099.009781,0.148847,0.738339,1.114620,0.052075,-0.029976,0.993338,0.098333,-2.844,-6.278,168.849,0.283431,-0.044176,-0.041410,0.248189,0.109315,-0.372694
1790938097.961595,1790938099.051777,0.139508,0.741478,1.114454,0.049961,-0.025334,0.993085,0.103170,-2.306,-5.996,168.259,0.267331,-0.028850,-0.032909,0.224753,0.235021,-0.189462
1790938097.994935,1790938099.090536,0.130990,0.745167,1.114536,0.046066,-0.022481,0.993155,0.104951,-2.014,-5.522,168.033,0.278700,-0.022370,-0.021791,0.023414,0.233954,-0.050976
1790938098.028275,1790938099.130343,0.122178,0.748347,1.114974,0.043979,-0.021839,0.993042,0.107038,-1.954,-5.280,167.786,0.295865,-0.044198,-0.005677,0.053244,-0.021716,-0.273623
1790938098.061615,1790938099.166205,0.112507,0.751738,1.115770,0.046959,-0.020601,0.992057,0.114862,-1.732,-5.619,166.876,0.295774,-0.078422,-0.007733,0.079875,-0.269929,-0.702935
1790938098.094954,1790938099.203272,0.103664,0.757569,1.116310,0.051736,-0.018484,0.990297,0.127647,-1.349,-6.153,165.383,0.287532,-0.090089,-0.024849,0.149120,-0.210271,-0.830772
1790938098.128294,1790938099.241818,0.095660,0.763067,1.116147,0.054413,-0.016056,0.988374,0.141060,-0.945,-6.436,163.808,0.275220,-0.080884,-0.052970,0.075614,-0.039824,-0.799878
1790938098.161633,1790938099.283119,0.088274,0.768895,1.115125,0.054176,-0.014254,0.986503,0.153862,-0.660,-6.389,162.307,0.260409,-0.072007,-0.067402,0.030874,0.106121,-0.766855
1790938098.194972,1790938099.325438,0.080530,0.774062,1.114003,0.052021,-0.012885,0.984533,0.166803,-0.462,-6.127,160.793,0.247856,-0.072666,-0.061112,0.014893,0.174301,-0.839292
1790938098.228312,1790938099.361960,0.074965,0.779757,1.113296,0.049391,-0.011715,0.982145,0.181145,-0.295,-5.812,159.115,0.244997,-0.075386,-0.037901,-0.033041,0.149799,-0.889359
1790938098.261650,1790938099.397734,0.067802,0.785093,1.113257,0.048228,-0.011148,0.979417,0.195684,-0.171,-5.672,157.411,0.240683,-0.069541,-0.022329,-0.012801,-0.039822,-0.902141
1790938098.294989,1790938099.430616,0.061416,0.790384,1.113291,0.050530,-0.011317,0.976052,0.211283,-0.043,-5.936,155.574,0.232641,-0.072130,-0.028757,-0.050087,-0.236900,-1.042759
1790938098.328328,1790938099.465454,0.054730,0.795697,1.112745,0.054642,-0.012815,0.971725,0.229346,0.009,-6.435,153.440,0.223283,-0.074239,-0.051911,-0.142770,-0.264597,-1.173788
1790938098.361667,1790938099.500331,0.049362,0.801240,1.111293,0.057788,-0.015272,0.966660,0.248989,-0.043,-6.853,151.114,0.209820,-0.073263,-0.084577,-0.181120,-0.159132,-1.253685
1790938098.395007,1790938099.534745,0.044359,0.806921,1.108912,0.058969,-0.017345,0.960893,0.270012,-0.086,-7.048,148.614,0.200782,-0.077941,-0.104875,-0.159815,-0.027034,-1.366605
1790938098.428346,1790938099.565900,0.040246,0.812931,1.106297,0.058704,-0.018829,0.954192,0.292774,-0.090,-7.068,145.891,0.197295,-0.078910,-0.100577,-0.213079,-0.009992,-1.466743
1790938098.461685,1790938099.591221,0.036624,0.818943,1.104039,0.058251,-0.021991,0.946359,0.317062,-0.271,-7.134,142.972,0.181531,-0.079451,-0.082681,-0.331327,-0.061125,-1.584991
1790938098.495024,1790938099.617305,0.033575,0.824897,1.102338,0.058526,-0.026008,0.936996,0.343418,-0.493,-7.327,139.775,0.165705,-0.084536,-0.065627,-0.301499,-0.119718,-1.752242
1790938098.528363,1790938099.642229,0.031461,0.830534,1.101018,0.059438,-0.029575,0.925988,0.371669,-0.612,-7.589,136.302,0.144329,-0.083467,-0.056301,-0.279128,-0.107999,-1.857707
1790938098.561703,1790938099.669457,0.029948,0.835807,1.099818,0.060120,-0.032121,0.913539,0.401000,-0.606,-7.794,132.643,0.125033,-0.076183,-0.055496,-0.254625,-0.066451,-1.931211
1790938098.595042,1790938099.704240,0.029372,0.840193,1.098414,0.060249,-0.034174,0.899864,0.430636,-0.556,-7.924,128.891,0.095566,-0.065079,-0.062180,-0.252496,-0.017448,-1.945061
1790938098.628381,1790938099.736665,0.029412,0.843722,1.096620,0.058956,-0.035830,0.885427,0.459629,-0.535,-7.894,125.169,0.067650,-0.051951,-0.069511,-0.236516,0.093340,-1.923755
1790938098.661720,1790938099.765963,0.029809,0.846519,1.094620,0.056401,-0.035877,0.870048,0.488413,-0.424,-7.654,121.412,0.049660,-0.046313,-0.067794,-0.208819,0.199869,-1.946127
1790938098.695058,1790938099.796183,0.030232,0.848807,1.092733,0.052292,-0.035533,0.854219,0.516056,-0.389,-7.239,117.750,0.038292,-0.035734,-0.056419,-0.246103,0.238221,-1.821486
1790938098.728397,1790938099.826500,0.030507,0.850390,1.091380,0.048241,-0.036017,0.838788,0.541119,-0.474,-6.887,114.375,0.028859,-0.025742,-0.033087,-0.266345,0.121038,-1.678738
1790938098.761736,1790938099.859571,0.031119,0.851401,1.090732,0.047043,-0.037937,0.823474,0.564127,-0.543,-6.908,111.206,0.011830,-0.024511,-0.013237,-0.190708,-0.135697,-1.628668
1790938098.795075,1790938099.892302,0.031772,0.851813,1.090388,0.049170,-0.040703,0.807872,0.585891,-0.471,-7.304,108.129,-0.006856,-0.020402,-0.010273,-0.141704,-0.207072,-1.521073
1790938098.828414,1790938099.927908,0.032319,0.851569,1.089901,0.050678,-0.042753,0.793983,0.604314,-0.384,-7.594,105.475,-0.015920,-0.003789,-0.015050,-0.126790,-0.053670,-1.208940
1790938098.861753,1790938099.956165,0.032410,0.851008,1.089331,0.049982,-0.043345,0.782891,0.618631,-0.348,-7.579,103.392,-0.021908,0.002270,-0.014175,-0.139573,0.069903,-0.978835
1790938098.895092,1790938099.981675,0.032948,0.850135,1.088839,0.048111,-0.043691,0.772815,0.631295,-0.392,-7.442,101.536,-0.036705,-0.012259,-0.005322,-0.153422,0.085883,-0.964988
1790938098.928431,1790938100.004422,0.034241,0.848775,1.088798,0.046344,-0.043787,0.762184,0.644213,-0.406,-7.300,99.616,-0.048604,-0.037987,0.013933,-0.120399,0.075229,-1.029970
1790938098.961770,1790938100.034393,0.036794,0.847160,1.089341,0.045342,-0.043060,0.750751,0.657620,-0.290,-7.164,97.585,-0.057643,-0.067941,0.032636,-0.029848,0.081619,-1.058733
1790938098.995109,1790938100.066402,0.038734,0.845474,1.090480,0.044830,-0.042069,0.739424,0.670427,-0.121,-7.048,95.611,-0.061343,-0.086063,0.048988,-0.045827,0.013443,-0.973510
1790938099.028448,1790938100.097764,0.043182,0.843004,1.091833,0.045147,-0.042895,0.729013,0.681661,-0.057,-7.141,93.849,-0.068613,-0.100688,0.047595,-0.110810,-0.096282,-0.861655
1790938099.061787,1790938100.122433,0.047299,0.840594,1.092752,0.045728,-0.044673,0.719433,0.691614,-0.059,-7.330,92.263,-0.075273,-0.114741,0.025190,-0.120399,-0.060063,-0.788149
1790938099.095126,1790938100.155495,0.052165,0.837865,1.092807,0.044723,-0.045512,0.710512,0.700786,-0.115,-7.316,90.797,-0.078234,-0.131474,0.002332,-0.132118,0.092272,-0.722101
1790938099.128464,1790938100.182017,0.057158,0.835242,1.092383,0.041975,-0.045136,0.702477,0.709033,-0.225,-7.064,89.482,-0.076302,-0.144498,-0.004505,-0.138509,0.154060,-0.640074
1790938099.161803,1790938100.209795,0.062545,0.832510,1.091967,0.039601,-0.044711,0.695432,0.716106,-0.316,-6.841,88.341,-0.074673,-0.154888,-0.000867,-0.088441,0.052855,-0.550590
1790938099.195142,1790938100.231863,0.068471,0.829672,1.091670,0.039202,-0.045152,0.689123,0.722173,-0.324,-6.849,87.336,-0.071911,-0.163217,-0.000126,-0.072461,-0.051542,-0.479216
1790938099.228480,1790938100.257457,0.073822,0.827017,1.091206,0.039168,-0.046645,0.683974,0.726959,-0.396,-6.973,86.534,-0.069880,-0.160285,-0.015250,-0.094833,-0.053673,-0.346053
1790938099.261819,1790938100.284568,0.080125,0.824296,1.089913,0.038835,-0.047463,0.680236,0.730423,-0.453,-7.017,85.953,-0.068308,-0.163035,-0.043897,-0.007479,0.016636,-0.287464
1790938099.295158,1790938100.312323,0.085402,0.821940,1.087655,0.038789,-0.046398,0.676787,0.733690,-0.340,-6.926,85.400,-0.068559,-0.163788,-0.079414,0.059634,0.093336,-0.277876
1790938099.328497,1790938100.342925,0.092203,0.818991,1.084028,0.038146,-0.043720,0.674066,0.736389,-0.159,-6.651,84.949,-0.082852,-0.161753,-0.116544,0.020217,0.196669,-0.163891
1790938099.361835,1790938100.365982,0.097552,0.816257,1.079316,0.035092,-0.041221,0.673083,0.737583,-0.215,-6.203,84.776,-0.084805,-0.154052,-0.149461,-0.092703,0.253130,-0.010489
1790938099.395174,1790938100.395220,0.102550,0.813813,1.073504,0.031485,-0.039671,0.673702,0.737265,-0.405,-5.792,84.862,-0.076251,-0.144607,-0.188459,-0.122532,0.141273,0.092843
1790938099.428513,1790938100.424594,0.109549,0.811395,1.066050,0.029071,-0.040600,0.674380,0.736694,-0.687,-5.683,84.977,-0.072620,-0.151688,-0.242868,-0.141707,-0.051545,-0.014751
1790938099.461851,1790938100.449589,0.113835,0.809850,1.056855,0.030380,-0.043196,0.672819,0.737920,-0.766,-6.006,84.756,-0.066140,-0.155940,-0.301961,0.045784,-0.301889,-0.212896
1790938099.495190,1790938100.474049,0.118121,0.808706,1.045665,0.036492,-0.046559,0.669493,0.740459,-0.479,-6.766,84.265,-0.064049,-0.156450,-0.365527,0.215167,-0.487249,-0.308771
1790938099.528528,1790938100.498280,0.122589,0.807876,1.031928,0.044935,-0.050188,0.665268,0.743559,0.003,-7.725,83.638,-0.074019,-0.157485,-0.455870,0.146988,-0.476597,-0.329013
1790938099.561867,1790938100.532617,0.127841,0.807367,1.014728,0.050255,-0.054335,0.661529,0.746258,0.181,-8.487,83.098,-0.087058,-0.145247,-0.565311,-0.037307,-0.301889,-0.196916
1790938099.595205,1790938100.566194,0.133272,0.807765,0.993703,0.051519,-0.058031,0.659758,0.747460,0.026,-8.901,82.866,-0.104613,-0.124694,-0.675064,-0.194971,-0.125049,-0.025403
1790938099.628543,1790938100.591563,0.138307,0.806464,0.969128,0.048950,-0.061215,0.659950,0.747210,-0.443,-8.980,82.938,-0.127929,-0.098912,-0.779822,-0.262085,0.052852,0.092841
1790938099.661882,1790938100.617869,0.142923,0.805487,0.941298,0.044384,-0.062180,0.661144,0.746360,-0.926,-8.714,83.141,-0.139509,-0.087104,-0.865134,-0.196037,0.206255,0.104558
1790938099.695220,1790938100.642534,0.146860,0.804747,0.911156,0.040742,-0.060904,0.662159,0.745772,-1.152,-8.325,83.287,-0.140977,-0.082685,-0.920411,-0.039440,0.174296,0.039576
1790938099.728559,1790938100.668079,0.149471,0.804125,0.879447,0.039197,-0.059716,0.662276,0.745847,-1.194,-8.106,83.292,-0.150711,-0.070065,-0.962466,0.006367,0.047524,-0.003034
1790938099.761898,1790938100.699327,0.151820,0.803412,0.846365,0.039693,-0.059328,0.662877,0.745318,-1.128,-8.109,83.379,-0.167395,-0.049221,-0.998873,0.057501,-0.038761,0.104558
1790938099.795236,1790938100.739712,0.154268,0.802719,0.812029,0.040943,-0.059057,0.664570,0.743763,-1.018,-8.179,83.636,-0.185108,-0.034324,-1.034164,0.082004,-0.027044,0.151431
1790938099.828575,1790938100.777161,0.157297,0.801370,0.776226,0.041004,-0.058529,0.666484,0.742086,-0.993,-8.136,83.926,-0.209496,-0.016410,-1.078173,-0.039440,0.096528,0.174865
1790938099.861913,1790938100.815119,0.158430,0.798333,0.738914,0.037398,-0.057233,0.669473,0.739683,-1.232,-7.744,84.379,-0.223374,0.016127,-1.117457,-0.136381,0.327697,0.315483
1790938099.895252,1790938100.855496,0.158764,0.795732,0.700582,0.030639,-0.054096,0.674143,0.735979,-1.607,-6.946,85.076,-0.231863,0.044507,-1.136581,-0.152362,0.475772,0.427338
1790938099.928590,1790938100.902204,0.159729,0.793016,0.661964,0.023652,-0.049670,0.679452,0.731655,-1.895,-6.017,85.862,-0.239821,0.053201,-1.132529,-0.020266,0.431030,0.399637
1790938099.961929,1790938100.938872,0.158656,0.788282,0.623774,0.020151,-0.045562,0.683937,0.727838,-1.899,-5.387,86.527,-0.253066,0.058859,-1.118313,0.076675,0.180685,0.330394
1790938099.995267,1790938100.977989,0.158314,0.785424,0.585983,0.019620,-0.043107,0.687800,0.724354,-1.776,-5.131,87.114,-0.280424,0.054120,-1.103457,0.048977,0.091200,0.249427
1790938100.028605,1790938101.015965,0.156615,0.780065,0.548748,0.017947,-0.041773,0.689407,0.722946,-1.820,-4.884,87.357,-0.293983,0.031348,-1.087826,-0.053288,0.172162,0.008673
1790938100.061943,1790938101.051028,0.156077,0.776940,0.512139,0.014123,-0.039696,0.688977,0.723558,-1.969,-4.411,87.271,-0.284388,0.024820,-1.062971,-0.093770,0.327694,-0.028612
1790938100.095282,1790938101.092355,0.156153,0.770013,0.476786,0.008416,-0.036279,0.688890,0.723908,-2.171,-3.676,87.230,-0.267699,0.018786,-1.020154,-0.133185,0.418244,-0.009436
1790938100.128621,1790938101.132769,0.155224,0.767177,0.443509,0.002037,-0.031873,0.687916,0.725087,-2.347,-2.810,87.044,-0.243339,-0.009052,-0.951588,-0.053287,0.469377,-0.161774
1790938100.161960,1790938101.172995,0.156813,0.760692,0.413064,-0.002651,-0.026715,0.685386,0.727685,-2.321,-2.020,86.612,-0.207318,-0.027346,-0.855631,0.050044,0.337280,-0.206517
1790938100.195299,1790938101.211354,0.156040,0.760153,0.386401,-0.004950,-0.023125,0.683194,0.729854,-2.226,-1.547,86.247,-0.158123,-0.024866,-0.746506,-0.027720,0.135937,-0.151120
1790938100.228637,1790938101.251834,0.158359,0.754903,0.362841,-0.007106,-0.023747,0.682036,0.730898,-2.453,-1.434,86.069,-0.132987,-0.014844,-0.663511,-0.132119,0.042192,-0.007305
1790938100.261976,1790938101.282816,0.157055,0.756031,0.342139,-0.008171,-0.022052,0.682561,0.730451,-2.410,-1.207,86.143,-0.085601,-0.007956,-0.581027,0.197058,0.201984,0.060876
1790938100.295315,1790938101.297731,0.158218,0.753211,0.324100,-0.008825,-0.017110,0.683607,0.729596,-2.079,-0.739,86.286,-0.059418,0.002583,-0.497206,0.106506,0.256315,0.158883
1790938100.328654,1790938101.332470,0.158348,0.751722,0.308964,-0.011231,-0.014317,0.686693,0.726720,-2.062,-0.308,86.761,-0.041774,0.024384,-0.411331,-0.120400,0.171091,0.341047
1790938100.361993,1790938101.358804,0.157397,0.753108,0.296490,-0.014071,-0.014312,0.690497,0.723057,-2.299,-0.072,87.362,-0.025847,0.021344,-0.339783,-0.046894,0.036863,0.274997
1790938100.395332,1790938101.386025,0.158005,0.751404,0.286065,-0.014119,-0.014116,0.693119,0.720547,-2.288,-0.044,87.778,-0.032732,0.003444,-0.284887,0.092657,0.005970,0.136510
1790938100.428670,1790938101.412997,0.156729,0.752690,0.277477,-0.012508,-0.011191,0.693221,0.720530,-1.922,0.070,87.786,-0.024753,-0.029840,-0.237214,0.291867,0.099714,-0.147922
1790938100.462008,1790938101.429084,0.158354,0.750923,0.270232,-0.010481,-0.006499,0.691132,0.722624,-1.383,0.292,87.444,-0.032865,-0.032632,-0.200858,0.293998,0.123151,-0.154311
1790938100.495347,1790938101.446003,0.159388,0.749515,0.264003,-0.008965,-0.002265,0.689738,0.724000,-0.923,0.521,87.219,-0.040599,-0.023824,-0.175076,0.126747,0.128478,-0.088262
1790938100.528686,1790938101.463552,0.160135,0.748101,0.258632,-0.010270,-0.000109,0.688320,0.725334,-0.862,0.801,86.994,-0.050318,-0.029684,-0.148734,0.013825,0.168959,-0.144722
1790938100.562024,1790938101.491140,0.161109,0.746253,0.254095,-0.010993,0.003182,0.686418,0.727117,-0.666,1.130,86.695,-0.058904,-0.039525,-0.128873,0.169359,0.177482,-0.162833
1790938100.595363,1790938101.519212,0.158982,0.747487,0.250270,-0.011263,0.007351,0.683985,0.729372,-0.365,1.497,86.317,-0.057619,-0.047674,-0.111669,0.165097,0.175348,-0.239531
1790938100.628702,1790938101.535088,0.161295,0.744248,0.246817,-0.011810,0.010641,0.681959,0.731218,-0.158,1.815,86.005,-0.067466,-0.032279,-0.096554,0.054307,0.149781,-0.042451
1790938100.662040,1790938101.560243,0.162102,0.741824,0.243836,-0.012517,0.012302,0.682437,0.730734,-0.086,2.009,86.084,-0.074572,-0.026262,-0.089156,0.038326,0.074146,0.069404
1790938100.695379,1790938101.598669,0.158272,0.742727,0.240993,-0.013305,0.014086,0.683176,0.729996,-0.010,2.220,86.205,-0.076942,-0.033954,-0.090435,0.123551,0.118885,0.049164
1790938100.728718,1790938101.623517,0.160973,0.739151,0.238039,-0.011849,0.018070,0.683562,0.729573,0.425,2.440,86.279,-0.082448,-0.048282,-0.099323,0.251386,0.135930,0.049165
1790938100.762056,1790938101.649469,0.162533,0.735740,0.234711,-0.013079,0.022020,0.684537,0.728528,0.636,2.865,86.450,-0.091093,-0.045723,-0.079350,-0.105487,0.273354,0.132259
1790938100.795395,1790938101.672727,0.164108,0.732792,0.235046,-0.011287,0.012869,0.686400,0.727023,0.072,1.960,86.709,-0.078316,-0.057046,0.010482,-0.286588,-0.307231,-0.005163
1790938100.828734,1790938101.699393,0.161421,0.735312,0.234678,-0.012901,0.013513,0.684867,0.728429,-0.016,2.141,86.469,-0.068779,-0.042306,-0.000373,0.100114,0.024072,-0.066949
1790938100.862072,1790938101.718901,0.163388,0.731818,0.234927,-0.012398,0.013046,0.684733,0.728572,-0.011,2.062,86.446,-0.089802,-0.026261,0.000944,0.018085,-0.034517,-0.038184
1790938100.895411,1790938101.733606,0.164136,0.728665,0.235035,-0.011219,0.012807,0.684003,0.729281,0.066,1.950,86.331,-0.092313,-0.028155,-0.003880,0.198121,-0.074998,-0.107429
1790938100.928748,1790938101.752887,0.164736,0.725686,0.235140,-0.005448,0.014688,0.683134,0.730125,0.694,1.656,86.201,-0.092865,-0.033318,0.012076,0.500665,-0.306167,-0.047773
1790938100.962087,1790938101.770078,0.165629,0.722666,0.235436,-0.000187,0.015168,0.683305,0.729976,1.172,1.284,86.230,-0.093257,-0.029547,-0.001054,-0.006414,-0.060084,0.045972
1790938100.995425,1790938101.797797,0.166480,0.719924,0.235448,0.000187,0.013926,0.684060,0.729293,1.108,1.149,86.345,-0.084928,-0.035780,-0.003100,-0.087376,-0.051561,0.065147
1790938101.028764,1790938101.829879,0.164541,0.724663,0.235209,-0.001796,0.011736,0.685465,0.728009,0.772,1.120,86.560,-0.076499,-0.032059,-0.008747,-0.167275,-0.007888,0.159960
1790938101.062102,1790938101.851777,0.165744,0.721741,0.235224,-0.002238,0.010154,0.687634,0.725983,0.614,1.021,86.898,-0.079342,-0.028628,-0.000698,-0.083117,0.004897,0.104564
1790938101.095441,1790938101.875215,0.165816,0.718775,0.235528,0.003545,0.010763,0.687518,0.726079,1.143,0.616,86.881,-0.090637,-0.025551,0.030973,1.162214,-0.617236,-0.251242
1790938101.128780,1790938101.900989,0.166514,0.715015,0.237921,0.032166,0.011686,0.682909,0.729701,3.608,-1.540,86.157,-0.136895,-0.025845,0.043377,-0.833085,-0.119742,0.145045
1790938101.162119,1790938101.929630,0.167515,0.710663,0.236697,0.022231,0.010068,0.685439,0.727721,2.646,-0.907,86.551,-0.103479,0.000619,-0.026658,-0.744667,-0.530947,0.387934
1790938101.195458,1790938101.966492,0.163001,0.720066,0.235541,0.009034,-0.009396,0.689996,0.723696,0.006,-1.494,87.269,-0.060742,-0.020382,0.030695,0.755267,-0.425484,-0.411042
1790938101.228797,1790938101.999181,0.164773,0.714004,0.235508,0.010709,-0.009011,0.688249,0.725340,0.179,-1.594,86.991,-0.061000,-0.027346,0.005898,0.126744,0.038986,-0.029662
1790938101.262136,1790938102.034009,0.163957,0.719694,0.235566,0.010703,-0.008110,0.688710,0.724913,0.249,-1.519,87.063,-0.056226,-0.024001,0.004507,-0.005352,-0.043041,0.009752
1790938101.295475,1790938102.055611,0.165099,0.716758,0.235617,0.010640,-0.008278,0.688625,0.724992,0.231,-1.528,87.050,-0.055763,-0.024010,0.003388,0.008495,0.016614,0.005491
1790938101.328814,1790938102.076360,0.165762,0.714888,0.235670,0.010632,-0.008224,0.688655,0.724965,0.234,-1.522,87.054,-0.056229,-0.022994,0.003194,-0.005352,0.002765,-0.009421
1790938101.362151,1790938102.096451,0.166343,0.713189,0.235726,0.010592,-0.008202,0.688637,0.724983,0.233,-1.517,87.051,-0.056026,-0.023106,0.003314,0.001039,0.001701,-0.003030
1790938101.395490,1790938102.116581,0.166906,0.711582,0.235783,0.010579,-0.008194,0.688648,0.724973,0.232,-1.516,87.053,-0.055734,-0.023201,0.003183,-0.001090,0.000634,-0.000900
1790938101.428829,1790938102.135811,0.167480,0.710034,0.235834,0.010548,-0.008172,0.688656,0.724966,0.231,-1.511,87.054,-0.055198,-0.023315,0.003074,-0.003221,0.000634,-0.000900
1790938101.462168,1790938102.158924,0.168060,0.708467,0.235881,0.010489,-0.008164,0.688666,0.724957,0.227,-1.506,87.056,-0.054833,-0.023263,0.002873,-0.002157,0.001701,0.002295
1790938101.495507,1790938102.177707,0.168670,0.706957,0.235924,0.010402,-0.008127,0.688697,0.724929,0.223,-1.496,87.061,-0.054464,-0.023564,0.002769,-0.003221,0.004896,-0.001965
1790938101.528846,1790938102.200744,0.169264,0.705479,0.235968,0.010345,-0.008092,0.688695,0.724932,0.221,-1.489,87.060,-0.054316,-0.023590,0.002873,-0.003221,0.002765,-0.000900
1790938101.562184,1790938102.224093,0.169855,0.703969,0.236009,0.010330,-0.008051,0.688728,0.724902,0.223,-1.484,87.065,-0.054276,-0.023500,0.002446,0.002105,0.002765,-0.000900
1790938101.595523,1790938102.242965,0.170427,0.702532,0.236036,0.010326,-0.008024,0.688725,0.724904,0.225,-1.482,87.065,-0.053968,-0.023379,0.002234,-0.001091,0.002766,-0.001965
1790938101.628862,1790938102.262662,0.170953,0.701137,0.236059,0.010317,-0.008003,0.688735,0.724895,0.225,-1.479,87.067,-0.053518,-0.023162,0.002002,-0.004286,0.002766,0.000164
1790938101.662200,1790938102.283198,0.171494,0.699710,0.236074,0.010305,-0.007989,0.688747,0.724884,0.226,-1.477,87.068,-0.053073,-0.023004,0.001787,-0.000026,-0.000430,0.002295
1790938101.695539,1790938102.307529,0.171866,0.698444,0.236085,0.010295,-0.007983,0.688745,0.724886,0.225,-1.476,87.068,-0.052569,-0.022842,0.001584,-0.001091,-0.000430,0.001228
1790938101.728878,1790938102.332176,0.172320,0.697203,0.236091,0.010285,-0.007963,0.688747,0.724885,0.226,-1.473,87.068,-0.052001,-0.022591,0.001534,-0.000026,-0.000430,-0.000901
1790938101.762216,1790938102.355894,0.172740,0.695897,0.236098,0.010282,-0.007936,0.688733,0.724898,0.228,-1.471,87.066,-0.051814,-0.022142,0.001363,-0.000026,0.000635,-0.005161
1790938101.795554,1790938102.379061,0.173123,0.694704,0.236101,0.010267,-0.007938,0.688725,0.724907,0.226,-1.470,87.065,-0.051391,-0.021980,0.001382,-0.000027,-0.000430,-0.001966
1790938101.828893,1790938102.403265,0.173501,0.693514,0.236107,0.010252,-0.007926,0.688720,0.724912,0.226,-1.468,87.064,-0.050905,-0.021697,0.001307,0.002104,-0.001496,0.001228
1790938101.862231,1790938102.426206,0.173860,0.692320,0.236109,0.010257,-0.007929,0.688711,0.724920,0.226,-1.468,87.063,-0.050465,-0.021542,0.001144,-0.003223,-0.000430,-0.003030
1790938101.895570,1790938102.452408,0.174199,0.691269,0.236101,0.010243,-0.007944,0.688696,0.724934,0.224,-1.468,87.060,-0.049867,-0.021420,0.001099,-0.002158,-0.001496,-0.003030
1790938101.928908,1790938102.475993,0.174541,0.690214,0.236096,0.010214,-0.007944,0.688696,0.724935,0.222,-1.466,87.060,-0.049123,-0.021381,0.000975,-0.000027,0.000635,-0.004097
1790938101.962247,1790938102.501621,0.174897,0.689149,0.236090,0.010189,-0.007926,0.688697,0.724935,0.221,-1.463,87.060,-0.048618,-0.021203,0.000896,0.002104,-0.000430,0.000163
1790938101.995586,1790938102.529723,0.175111,0.688269,0.236078,0.010168,-0.007905,0.688697,0.724935,0.221,-1.459,87.060,-0.047752,-0.020940,0.000615,0.002104,0.003831,0.002294
1790938102.028924,1790938102.553837,0.175608,0.687283,0.236060,0.010150,-0.007868,0.688724,0.724910,0.222,-1.455,87.064,-0.047214,-0.020743,0.000875,-0.000028,0.003831,-0.003031
1790938102.062263,1790938102.579782,0.175833,0.686400,0.236052,0.010108,-0.007884,0.688706,0.724927,0.218,-1.453,87.062,-0.046582,-0.019812,0.000731,-0.002159,0.001701,-0.001966
1790938102.095602,1790938102.605913,0.176092,0.685604,0.236034,0.010081,-0.007905,0.688704,0.724929,0.214,-1.452,87.062,-0.045962,-0.019381,0.000677,-0.001093,0.001702,-0.001967
1790938102.128940,1790938102.631511,0.176288,0.684776,0.236019,0.010080,-0.007890,0.688687,0.724946,0.215,-1.451,87.059,-0.045178,-0.018950,0.000416,0.003168,0.001702,-0.003031
1790938102.162279,1790938102.658303,0.176445,0.683977,0.236000,0.010056,-0.007878,0.688681,0.724952,0.214,-1.448,87.058,-0.044527,-0.018643,0.000264,-0.002159,0.000635,0.001227
1790938102.195618,1790938102.685177,0.176717,0.683259,0.235977,0.010027,-0.007881,0.688699,0.724935,0.211,-1.446,87.061,-0.043706,-0.018420,0.000241,0.001036,-0.001496,0.001227
1790938102.228957,1790938102.710357,0.177032,0.682545,0.235941,0.010041,-0.007880,0.688715,0.724919,0.212,-1.447,87.063,-0.043070,-0.018222,-0.000143,-0.002160,0.002766,0.001227
1790938102.262295,1790938102.735587,0.177298,0.681888,0.235896,0.010013,-0.007883,0.688722,0.724914,0.210,-1.445,87.064,-0.042490,-0.017912,-0.000322,-0.001093,-0.000429,-0.000902
1790938102.295633,1790938102.765474,0.177362,0.681367,0.235851,0.010005,-0.007885,0.688720,0.724916,0.209,-1.445,87.064,-0.041750,-0.017312,-0.000752,0.004231,0.001702,0.001227
1790938102.328972,1790938102.792278,0.177653,0.680744,0.235787,0.010004,-0.007864,0.688734,0.724902,0.210,-1.443,87.066,-0.040958,-0.017214,-0.001190,-0.000029,0.001702,-0.000903
1790938102.362310,1790938102.820647,0.177749,0.680260,0.235723,0.009973,-0.007862,0.688740,0.724897,0.208,-1.440,87.067,-0.040118,-0.016924,-0.001308,-0.004290,0.000636,-0.000903
1790938102.395649,1790938102.848986,0.177836,0.679821,0.235654,0.009955,-0.007862,0.688724,0.724913,0.207,-1.439,87.064,-0.039230,-0.016714,-0.001543,0.002101,0.000636,0.000162
1790938102.428988,1790938102.875711,0.177874,0.679405,0.235581,0.009946,-0.007845,0.688728,0.724910,0.207,-1.437,87.065,-0.038262,-0.016352,-0.001685,0.003166,0.001702,0.000162
1790938102.462327,1790938102.901509,0.178048,0.679038,0.235503,0.009944,-0.007820,0.688754,0.724885,0.209,-1.435,87.069,-0.037554,-0.016308,-0.001739,-0.000030,0.000636,-0.001968
1790938102.495665,1790938102.931792,0.178220,0.678720,0.235424,0.009922,-0.007818,0.688751,0.724888,0.207,-1.433,87.069,-0.036542,-0.016074,-0.001882,-0.001095,-0.000429,0.001226
1790938102.529003,1790938102.963773,0.178314,0.678456,0.235335,0.009922,-0.007818,0.688761,0.724878,0.207,-1.433,87.070,-0.035665,-0.015709,-0.002126,-0.001095,0.002767,0.001226
1790938102.562342,1790938102.994699,0.178291,0.678282,0.235242,0.009928,-0.007803,0.688739,0.724899,0.209,-1.432,87.067,-0.034522,-0.015178,-0.002105,0.003165,-0.000428,0.003357
1790938102.595681,1790938103.024772,0.178173,0.678179,0.235160,0.009926,-0.007793,0.688734,0.724904,0.210,-1.431,87.066,-0.033539,-0.014795,-0.002130,0.002100,0.001703,0.000161
1790938102.629019,1790938103.051974,0.178036,0.678103,0.235086,0.009882,-0.007790,0.688713,0.724925,0.206,-1.427,87.063,-0.032506,-0.014292,-0.002111,-0.001096,-0.000428,-0.003033
1790938102.662358,1790938103.077703,0.177923,0.678083,0.235009,0.009871,-0.007777,0.688716,0.724922,0.206,-1.425,87.063,-0.031560,-0.013750,-0.002386,-0.000031,0.000636,-0.001969
1790938102.695695,1790938103.102705,0.177884,0.678088,0.234930,0.009833,-0.007757,0.688716,0.724923,0.205,-1.421,87.063,-0.030633,-0.013447,-0.002673,-0.000032,0.001703,0.000161
1790938102.729034,1790938103.130087,0.177855,0.678143,0.234838,0.009837,-0.007749,0.688728,0.724912,0.206,-1.420,87.065,-0.029655,-0.013152,-0.002891,-0.002163,-0.001494,0.000161
1790938102.762372,1790938103.156445,0.177804,0.678322,0.234728,0.009815,-0.007764,0.688716,0.724923,0.203,-1.420,87.063,-0.028700,-0.012790,-0.002730,-0.004292,0.004899,0.000160
1790938102.795711,1790938103.183004,0.177623,0.678535,0.234640,0.009779,-0.007747,0.688704,0.724936,0.201,-1.415,87.061,-0.027812,-0.012333,-0.002937,0.002099,-0.000428,0.001225
1790938102.829049,1790938103.209901,0.177328,0.678766,0.234554,0.009770,-0.007732,0.688685,0.724954,0.202,-1.413,87.058,-0.026685,-0.011949,-0.003185,-0.000032,0.002768,0.000160
1790938102.862387,1790938103.235389,0.177017,0.679095,0.234454,0.009758,-0.007722,0.688670,0.724968,0.201,-1.412,87.056,-0.025404,-0.011465,-0.003361,0.002098,0.001703,-0.003034
1790938102.895726,1790938103.262236,0.176800,0.679455,0.234357,0.009726,-0.007704,0.688672,0.724967,0.200,-1.408,87.056,-0.024382,-0.010914,-0.003502,0.002098,0.000637,0.002291
1790938102.929064,1790938103.289402,0.176684,0.679847,0.234262,0.009693,-0.007702,0.688680,0.724960,0.197,-1.405,87.057,-0.023231,-0.010704,-0.003679,0.002098,0.000637,-0.001969
1790938102.962403,1790938103.316887,0.176483,0.680325,0.234157,0.009675,-0.007684,0.688666,0.724973,0.197,-1.402,87.055,-0.022015,-0.010050,-0.003600,-0.001098,-0.004690,-0.001970
1790938102.995741,1790938103.343299,0.176329,0.680868,0.234044,0.009669,-0.007699,0.688683,0.724957,0.196,-1.403,87.058,-0.020883,-0.009524,-0.003675,0.001031,-0.000427,-0.001970
1790938103.029079,1790938103.368693,0.176283,0.681466,0.233932,0.009625,-0.007690,0.688690,0.724951,0.193,-1.399,87.059,-0.020300,-0.009000,-0.003941,-0.003230,-0.000427,-0.000905
1790938103.062418,1790938103.396078,0.176184,0.682138,0.233805,0.009623,-0.007705,0.688691,0.724950,0.191,-1.400,87.059,-0.019079,-0.008763,-0.004314,-0.000034,0.001704,0.000159
1790938103.095756,1790938103.422627,0.176041,0.682828,0.233680,0.009612,-0.007683,0.688691,0.724951,0.192,-1.397,87.059,-0.017970,-0.008309,-0.004034,0.003161,-0.000427,-0.003035
1790938103.129094,1790938103.449881,0.175743,0.683511,0.233575,0.009617,-0.007656,0.688681,0.724960,0.195,-1.395,87.057,-0.016954,-0.007742,-0.004296,0.002096,-0.000427,-0.001970
1790938103.162432,1790938103.475502,0.175319,0.684294,0.233448,0.009611,-0.007658,0.688664,0.724976,0.194,-1.395,87.055,-0.015631,-0.007068,-0.004583,-0.001099,0.000638,-0.000906
1790938103.195771,1790938103.502614,0.174953,0.685146,0.233312,0.009609,-0.007668,0.688661,0.724979,0.193,-1.395,87.054,-0.014548,-0.006393,-0.004568,0.002096,0.001704,-0.000906
1790938103.229110,1790938103.529377,0.174561,0.686032,0.233198,0.009583,-0.007636,0.688649,0.724991,0.194,-1.391,87.052,-0.013282,-0.005949,-0.004635,-0.000035,-0.000427,-0.000906
1790938103.262448,1790938103.557441,0.174269,0.686898,0.233107,0.009578,-0.007598,0.688665,0.724977,0.196,-1.387,87.055,-0.011991,-0.005618,-0.004710,0.003160,0.000638,0.003354
1790938103.295787,1790938103.585888,0.174060,0.687607,0.233001,0.009583,-0.007588,0.688660,0.724982,0.197,-1.387,87.054,-0.011089,-0.005435,-0.005077,0.004225,0.000638,-0.004102
1790938103.329125,1790938103.611747,0.173813,0.688407,0.232867,0.009579,-0.007568,0.688669,0.724973,0.199,-1.385,87.055,-0.009875,-0.004878,-0.005054,-0.004296,0.003834,0.001223
1790938103.362464,1790938103.638069,0.173730,0.689201,0.232748,0.009537,-0.007566,0.688687,0.724957,0.195,-1.381,87.058,-0.008991,-0.004500,-0.005267,-0.001101,0.002769,0.000158
1790938103.395802,1790938103.665646,0.173709,0.689690,0.232656,0.009507,-0.007543,0.688692,0.724953,0.195,-1.377,87.059,-0.008130,-0.003952,-0.005478,0.001028,0.000638,0.000158
1790938103.429141,1790938103.692316,0.173512,0.690332,0.232524,0.009513,-0.007533,0.688680,0.724963,0.196,-1.377,87.057,-0.007077,-0.003361,-0.005449,-0.001101,0.000638,0.001222
1790938103.462479,1790938103.719670,0.173094,0.691098,0.232385,0.009497,-0.007531,0.688666,0.724978,0.195,-1.375,87.055,-0.005813,-0.003021,-0.005617,-0.001101,-0.002558,-0.001971
1790938103.495818,1790938103.749348,0.172673,0.691700,0.232284,0.009475,-0.007513,0.688655,0.724989,0.194,-1.372,87.053,-0.004800,-0.002423,-0.005678,-0.001102,0.000638,-0.000907
1790938103.529156,1790938103.771945,0.172362,0.692551,0.232135,0.009482,-0.007515,0.688661,0.724983,0.195,-1.373,87.054,-0.003622,-0.002136,-0.005967,0.001027,-0.000426,-0.004103
1790938103.562495,1790938103.793972,0.172080,0.693428,0.231980,0.009496,-0.007487,0.688657,0.724987,0.198,-1.372,87.053,-0.002463,-0.001628,-0.006014,0.001027,0.001705,0.002289
1790938103.595832,1790938103.816574,0.171772,0.694142,0.231862,0.009483,-0.007486,0.688654,0.724989,0.197,-1.370,87.053,-0.001507,-0.000951,-0.005607,-0.003233,0.003834,-0.004103
1790938103.629170,1790938103.836750,0.171428,0.695072,0.231730,0.009452,-0.007487,0.688641,0.725003,0.195,-1.368,87.051,-0.000195,-0.000329,-0.006008,0.001027,-0.000426,0.001222
1790938103.662509,1790938103.866313,0.171075,0.695950,0.231594,0.009470,-0.007484,0.688642,0.725001,0.196,-1.369,87.051,0.000868,0.000251,-0.006133,-0.001103,0.001705,0.000157
1790938103.695847,1790938103.894053,0.170934,0.696718,0.231453,0.009450,-0.007499,0.688658,0.724986,0.193,-1.369,87.054,0.001705,0.000554,-0.006000,-0.000038,0.001705,0.002288
1790938103.729186,1790938103.924084,0.170875,0.697691,0.231289,0.009434,-0.007496,0.688660,0.724984,0.192,-1.367,87.054,0.003039,0.000710,-0.006306,0.001026,0.000639,-0.000908
1790938103.762524,1790938103.953155,0.170523,0.698467,0.231188,0.009440,-0.007463,0.688640,0.725003,0.195,-1.365,87.051,0.004024,0.001273,-0.006199,-0.001103,-0.000426,0.002288
1790938103.795862,1790938103.980514,0.170101,0.699148,0.231079,0.009440,-0.007466,0.688638,0.725005,0.195,-1.365,87.050,0.004937,0.001480,-0.006367,0.001026,0.001705,0.001222
1790938103.829201,1790938104.008412,0.169849,0.700051,0.230938,0.009416,-0.007448,0.688642,0.725002,0.195,-1.362,87.051,0.006064,0.001945,-0.006270,-0.000039,0.001705,0.000157
1790938103.862539,1790938104.034585,0.169833,0.700656,0.230840,0.009412,-0.007449,0.688652,0.724993,0.194,-1.362,87.053,0.006801,0.002171,-0.006372,0.001026,0.000639,-0.001972
1790938103.895877,1790938104.061887,0.169664,0.701215,0.230712,0.009422,-0.007432,0.688638,0.725006,0.196,-1.361,87.050,0.007746,0.002161,-0.006432,-0.001104,-0.000426,0.001222
1790938103.929215,1790938104.090378,0.169213,0.701969,0.230582,0.009402,-0.007416,0.688633,0.725011,0.196,-1.358,87.049,0.008534,0.002663,-0.006705,-0.000039,0.002770,0.000157
1790938103.962553,1790938104.117565,0.168947,0.702414,0.230518,0.009404,-0.007376,0.688621,0.725023,0.199,-1.355,87.048,0.009472,0.002942,-0.006811,0.001025,0.000638,-0.004103
1790938103.995892,1790938104.145475,0.168669,0.702835,0.230407,0.009414,-0.007364,0.688628,0.725017,0.201,-1.355,87.049,0.010133,0.003387,-0.006856,0.003156,0.000638,-0.000907
1790938104.029229,1790938104.172015,0.168379,0.703437,0.230255,0.009392,-0.007362,0.688606,0.725037,0.199,-1.353,87.045,0.010876,0.003673,-0.006916,-0.001104,-0.000426,0.003353
1790938104.062567,1790938104.198250,0.168061,0.703873,0.230158,0.009380,-0.007375,0.688606,0.725037,0.197,-1.353,87.045,0.011784,0.003707,-0.006779,0.003156,0.000638,0.003353
1790938104.095905,1790938104.226306,0.167934,0.704407,0.230003,0.009391,-0.007362,0.688615,0.725029,0.199,-1.353,87.047,0.012697,0.004000,-0.007158,0.001025,-0.001493,0.003353
1790938104.129244,1790938104.249297,0.168038,0.705003,0.229869,0.009377,-0.007338,0.688625,0.725020,0.200,-1.350,87.048,0.013481,0.004157,-0.007236,-0.000040,-0.000426,-0.000907
1790938104.162583,1790938104.275940,0.167953,0.705254,0.229786,0.009392,-0.007319,0.688639,0.725007,0.203,-1.349,87.050,0.014188,0.004363,-0.007362,-0.001105,0.002769,0.000157
1790938104.195921,1790938104.301658,0.167878,0.705606,0.229649,0.009358,-0.007314,0.688626,0.725019,0.200,-1.346,87.048,0.014560,0.004472,-0.007392,-0.001105,-0.000427,-0.001972
1790938104.229260,1790938104.327867,0.167557,0.705966,0.229556,0.009348,-0.007290,0.688607,0.725037,0.201,-1.343,87.045,0.015116,0.004586,-0.007585,-0.000040,-0.000427,0.001222
1790938104.262599,1790938104.350333,0.167121,0.706046,0.229421,0.009353,-0.007327,0.688611,0.725034,0.199,-1.347,87.046,0.015412,0.004661,-0.007881,-0.001105,0.002769,0.001222
1790938104.295938,1790938104.368726,0.167197,0.706617,0.229198,0.009324,-0.007332,0.688600,0.725045,0.196,-1.345,87.044,0.016257,0.004748,-0.008043,0.002091,0.002769,0.000158
1790938104.329276,1790938104.394121,0.166938,0.707072,0.229070,0.009310,-0.007315,0.688602,0.725043,0.196,-1.343,87.044,0.016625,0.004976,-0.008230,-0.000040,0.001704,-0.004102
1790938104.362615,1790938104.416146,0.166464,0.707071,0.228989,0.009300,-0.007307,0.688574,0.725069,0.196,-1.341,87.040,0.017100,0.005200,-0.008261,0.001024,-0.001493,-0.000907
1790938104.395954,1790938104.443635,0.166347,0.707458,0.228778,0.009314,-0.007322,0.688585,0.725059,0.196,-1.343,87.042,0.017926,0.005405,-0.008583,0.002091,0.001704,0.000158
1790938104.429292,1790938104.473209,0.166200,0.707822,0.228586,0.009311,-0.007310,0.688566,0.725077,0.197,-1.342,87.039,0.018581,0.005858,-0.008574,0.002091,0.001704,0.000158
1790938104.462630,1790938104.512247,0.165881,0.707774,0.228458,0.009314,-0.007309,0.688574,0.725070,0.197,-1.342,87.040,0.019073,0.006046,-0.008760,0.004220,-0.000427,0.000158
1790938104.495969,1790938104.565985,0.166075,0.708247,0.228264,0.009293,-0.007321,0.688581,0.725063,0.195,-1.342,87.041,0.019931,0.006148,-0.008656,-0.002172,0.001704,0.001223
1790938104.529307,1790938104.595632,0.166053,0.708533,0.228104,0.009291,-0.007323,0.688587,0.725057,0.194,-1.342,87.042,0.020402,0.006298,-0.008585,0.001024,0.002769,0.002289
1790938104.562646,1790938104.623196,0.165719,0.708415,0.228019,0.009285,-0.007278,0.688564,0.725080,0.197,-1.337,87.038,0.020857,0.006582,-0.008765,-0.000041,0.001704,-0.004102
1790938104.595984,1790938104.647654,0.165365,0.708559,0.227891,0.009293,-0.007242,0.688563,0.725081,0.201,-1.335,87.038,0.021432,0.006857,-0.009021,0.005284,0.002768,-0.000906
1790938104.629323,1790938104.683432,0.165096,0.708642,0.227756,0.009308,-0.007232,0.688563,0.725080,0.203,-1.335,87.038,0.022341,0.007016,-0.009162,0.003155,-0.000428,0.002290
1790938104.662661,1790938104.712333,0.164968,0.708664,0.227598,0.009331,-0.007207,0.688577,0.725068,0.207,-1.335,87.040,0.022917,0.007133,-0.009353,0.001024,-0.000428,0.002290
1790938104.696000,1790938104.735979,0.165146,0.709265,0.227387,0.009327,-0.007209,0.688582,0.725062,0.206,-1.335,87.041,0.023722,0.006992,-0.009257,0.005284,0.001703,0.001224
1790938104.729338,1790938104.774664,0.164821,0.709522,0.227237,0.009331,-0.007205,0.688573,0.725071,0.207,-1.335,87.040,0.024095,0.007318,-0.009164,-0.003237,-0.001494,-0.003035
1790938104.762677,1790938104.813709,0.164455,0.709707,0.227125,0.009313,-0.007203,0.688562,0.725081,0.206,-1.334,87.038,0.024487,0.007722,-0.009023,0.003155,0.002768,0.000159
1790938104.796015,1790938104.844945,0.164328,0.710160,0.227008,0.009316,-0.007161,0.688568,0.725076,0.209,-1.330,87.039,0.025062,0.007682,-0.009143,-0.000041,0.001703,0.001224
1790938104.829354,1790938104.882365,0.164122,0.710270,0.226897,0.009339,-0.007150,0.688571,0.725073,0.212,-1.331,87.039,0.025475,0.007681,-0.009223,0.001023,-0.000428,-0.000905
1790938104.862692,1790938104.905462,0.164098,0.710359,0.226737,0.009337,-0.007143,0.688582,0.725063,0.212,-1.330,87.041,0.026055,0.007687,-0.009422,-0.001106,0.000636,0.002290
1790938104.896030,1790938104.949698,0.164121,0.710853,0.226538,0.009347,-0.007154,0.688571,0.725073,0.212,-1.332,87.039,0.026882,0.007644,-0.009646,0.003154,0.000636,0.000159
1790938104.929368,1790938104.979370,0.163979,0.711322,0.226370,0.009357,-0.007150,0.688582,0.725063,0.213,-1.333,87.041,0.027323,0.007823,-0.009610,-0.001106,0.001702,0.000160
1790938104.962706,1790938105.012671,0.163787,0.711875,0.226215,0.009357,-0.007149,0.688571,0.725073,0.213,-1.332,87.039,0.027959,0.007947,-0.009461,0.001023,-0.001495,-0.000905
1790938104.996045,1790938105.042114,0.163485,0.712584,0.226060,0.009363,-0.007145,0.688568,0.725076,0.214,-1.333,87.039,0.028669,0.007761,-0.009302,0.002090,-0.000429,0.000160
1790938105.029383,1790938105.077324,0.162983,0.713074,0.225946,0.009353,-0.007147,0.688560,0.725084,0.213,-1.332,87.037,0.029521,0.008148,-0.009575,-0.004302,0.000636,-0.001970
1790938105.062721,1790938105.109631,0.162686,0.713744,0.225811,0.009357,-0.007142,0.688551,0.725092,0.214,-1.332,87.036,0.030269,0.007970,-0.009643,-0.001106,-0.000429,-0.000905
1790938105.096060,1790938105.152574,0.162018,0.714463,0.225667,0.009366,-0.007130,0.688518,0.725124,0.216,-1.332,87.031,0.030928,0.007997,-0.009592,-0.000042,0.000635,0.000160
1790938105.129398,1790938105.185137,0.161437,0.715084,0.225559,0.009364,-0.007142,0.688524,0.725118,0.215,-1.332,87.032,0.031283,0.008307,-0.009719,-0.003237,-0.000429,-0.005165
1790938105.162736,1790938105.215621,0.161327,0.715757,0.225457,0.009364,-0.007114,0.688527,0.725116,0.217,-1.330,87.032,0.031661,0.008050,-0.009472,-0.000042,-0.000430,0.002291
1790938105.196074,1790938105.244141,0.161118,0.716409,0.225341,0.009366,-0.007123,0.688516,0.725126,0.216,-1.331,87.030,0.032260,0.008274,-0.009838,0.001023,0.000635,0.004420
1790938105.229412,1790938105.278241,0.160845,0.716745,0.225254,0.009359,-0.007102,0.688534,0.725109,0.217,-1.329,87.033,0.032717,0.008473,-0.009717,-0.000042,0.001701,0.002291
1790938105.262750,1790938105.315824,0.160867,0.717296,0.225172,0.009342,-0.007105,0.688529,0.725114,0.216,-1.328,87.033,0.033159,0.008436,-0.009795,-0.001106,0.000635,0.001224
1790938105.296088,1790938105.349453,0.160994,0.717845,0.225024,0.009344,-0.007123,0.688564,0.725080,0.214,-1.329,87.038,0.033854,0.008127,-0.009945,-0.001106,-0.001497,-0.000905
1790938105.329426,1790938105.378885,0.161076,0.718062,0.224908,0.009345,-0.007098,0.688562,0.725082,0.216,-1.327,87.038,0.034151,0.008002,-0.010122,0.002089,0.000634,-0.001970
1790938105.362763,1790938105.413155,0.161017,0.718439,0.224803,0.009330,-0.007093,0.688564,0.725081,0.216,-1.326,87.038,0.034862,0.007766,-0.010017,0.001023,-0.000431,0.001224
1790938105.396101,1790938105.447298,0.160827,0.718776,0.224700,0.009329,-0.007088,0.688555,0.725089,0.216,-1.325,87.037,0.035343,0.008056,-0.010104,-0.000042,0.000634,0.000160
1790938105.429439,1790938105.474895,0.160497,0.718967,0.224592,0.009342,-0.007066,0.688544,0.725100,0.219,-1.324,87.035,0.035694,0.008396,-0.010219,-0.004302,-0.003627,0.000160
1790938105.462776,1790938105.509925,0.160223,0.719416,0.224364,0.009339,-0.007105,0.688533,0.725110,0.215,-1.327,87.033,0.036369,0.008670,-0.010270,-0.001106,0.000634,0.000160
1790938105.496114,1790938105.543015,0.160190,0.719793,0.224180,0.009337,-0.007094,0.688558,0.725087,0.216,-1.326,87.037,0.036850,0.008474,-0.010249,-0.000042,-0.002562,0.001224
1790938105.529452,1790938105.572855,0.160528,0.719914,0.224042,0.009346,-0.007107,0.688586,0.725060,0.216,-1.328,87.042,0.037363,0.008360,-0.010254,0.001023,0.000633,-0.000905
1790938105.562790,1790938105.609436,0.160952,0.720144,0.223825,0.009352,-0.007107,0.688595,0.725051,0.216,-1.329,87.043,0.037812,0.008177,-0.010524,0.001023,0.000633,-0.005166
1790938105.596128,1790938105.640745,0.161059,0.720213,0.223735,0.009333,-0.007084,0.688589,0.725057,0.217,-1.325,87.042,0.038139,0.007821,-0.010434,-0.000042,0.000633,-0.000905
1790938105.629465,1790938105.675391,0.161038,0.720161,0.223633,0.009334,-0.007101,0.688598,0.725049,0.215,-1.327,87.043,0.038465,0.007659,-0.010428,0.001023,-0.000432,0.001224
1790938105.662803,1790938105.712314,0.161042,0.720330,0.223415,0.009350,-0.007090,0.688593,0.725053,0.217,-1.327,87.043,0.038959,0.007698,-0.010609,0.001023,-0.000432,0.002291
1790938105.696141,1790938105.749692,0.160939,0.720460,0.223247,0.009361,-0.007091,0.688593,0.725053,0.218,-1.328,87.043,0.039484,0.007865,-0.010598,-0.000042,0.001699,0.001225
1790938105.729478,1790938105.778984,0.160816,0.720521,0.223114,0.009360,-0.007073,0.688588,0.725058,0.220,-1.326,87.042,0.039588,0.007901,-0.011021,0.001023,-0.001499,0.000160
1790938105.762816,1790938105.809737,0.160646,0.720752,0.222914,0.009378,-0.007082,0.688580,0.725066,0.220,-1.329,87.040,0.039996,0.008014,-0.011089,0.002089,0.001699,0.000160
1790938105.796153,1790938105.842522,0.160399,0.720962,0.222728,0.009395,-0.007065,0.688574,0.725070,0.223,-1.328,87.040,0.040431,0.007892,-0.011168,0.001023,0.002763,-0.000904
1790938105.829490,1790938105.883992,0.160194,0.721176,0.222566,0.009393,-0.007072,0.688569,0.725075,0.222,-1.329,87.039,0.040692,0.008012,-0.011232,-0.002173,-0.000433,0.003356
1790938105.862828,1790938105.924549,0.160155,0.721695,0.222371,0.009401,-0.007080,0.688573,0.725071,0.223,-1.330,87.040,0.040884,0.008252,-0.011281,-0.000042,0.001698,0.000161
1790938105.896166,1790938105.956304,0.159975,0.721866,0.222181,0.009412,-0.007087,0.688566,0.725078,0.223,-1.332,87.038,0.041242,0.008148,-0.011561,0.001023,0.001698,-0.003033
1790938105.929503,1790938105.995311,0.159814,0.722160,0.221934,0.009435,-0.007091,0.688563,0.725081,0.225,-1.334,87.038,0.041984,0.008121,-0.011675,0.001023,-0.001499,0.001225
1790938105.962841,1790938106.020408,0.159795,0.722485,0.221753,0.009403,-0.007098,0.688570,0.725074,0.221,-1.332,87.039,0.042428,0.008176,-0.011472,-0.002173,-0.001500,0.002292
1790938105.996178,1790938106.043512,0.159896,0.722568,0.221648,0.009401,-0.007112,0.688580,0.725065,0.220,-1.333,87.041,0.042830,0.008272,-0.011358,-0.000042,0.003827,0.001225
1790938106.029515,1790938106.072862,0.159989,0.722694,0.221470,0.009374,-0.007129,0.688574,0.725071,0.216,-1.332,87.040,0.043271,0.008033,-0.011335,-0.000042,0.000631,-0.000904
1790938106.062853,1790938106.111681,0.159939,0.722844,0.221331,0.009362,-0.007126,0.688571,0.725073,0.216,-1.331,87.039,0.043638,0.008081,-0.011324,-0.000042,0.001697,0.002292
1790938106.096191,1790938106.149779,0.160624,0.721614,0.221095,0.009385,-0.007105,0.688570,0.725075,0.219,-1.331,87.039,0.043420,0.007775,-0.011288,0.005284,-0.000434,0.001225
1790938106.129530,1790938106.178836,0.160861,0.720683,0.220856,0.009384,-0.007095,0.688570,0.725075,0.220,-1.330,87.039,0.043564,0.007888,-0.011463,-0.002172,0.000631,0.001226
1790938106.162869,1790938106.212932,0.161046,0.719988,0.220633,0.009372,-0.007105,0.688586,0.725059,0.218,-1.330,87.042,0.043763,0.007772,-0.011598,-0.001106,0.000630,0.001226
1790938106.196208,1790938106.242735,0.161430,0.719196,0.220508,0.009365,-0.007077,0.688610,0.725037,0.220,-1.327,87.045,0.043873,0.007678,-0.011710,0.002090,0.000630,-0.000903
1790938106.229548,1790938106.303694,0.161791,0.718501,0.220320,0.009359,-0.007088,0.688606,0.725040,0.218,-1.327,87.045,0.043791,0.007579,-0.011963,-0.002172,-0.000435,-0.001968
1790938106.262886,1790938106.334316,0.161853,0.717812,0.220093,0.009363,-0.007065,0.688597,0.725050,0.220,-1.326,87.043,0.043993,0.007598,-0.012207,-0.000041,0.002761,0.002293
1790938106.296225,1790938106.358890,0.161727,0.717155,0.219922,0.009364,-0.007060,0.688592,0.725054,0.221,-1.326,87.042,0.044181,0.007682,-0.012330,0.001024,0.000630,-0.003032
1790938106.329564,1790938106.384035,0.161584,0.716728,0.219716,0.009368,-0.007031,0.688582,0.725064,0.224,-1.324,87.041,0.044451,0.007740,-0.012545,0.005284,0.000629,-0.001967
1790938106.362903,1790938106.413973,0.161528,0.716339,0.219575,0.009382,-0.007010,0.688596,0.725051,0.226,-1.323,87.043,0.044558,0.007701,-0.012457,0.005284,-0.000436,-0.001966
1790938106.396242,1790938106.449358,0.161584,0.715918,0.219399,0.009415,-0.006988,0.688599,0.725048,0.231,-1.324,87.043,0.044705,0.007677,-0.012528,0.002090,0.001695,0.000163
1790938106.429581,1790938106.485193,0.161554,0.715670,0.219184,0.009421,-0.006965,0.688592,0.725055,0.233,-1.322,87.042,0.045155,0.007776,-0.012423,-0.000041,0.000629,0.000163
1790938106.462920,1790938106.518821,0.161464,0.715429,0.219034,0.009436,-0.006951,0.688594,0.725052,0.236,-1.322,87.043,0.045323,0.007761,-0.012489,-0.001106,-0.001503,0.000164
1790938106.496259,1790938106.548790,0.161441,0.715205,0.218812,0.009426,-0.006988,0.688594,0.725052,0.232,-1.325,87.043,0.045490,0.007725,-0.012541,-0.000041,-0.000436,-0.001966
1790938106.529598,1790938106.579345,0.161468,0.715148,0.218565,0.009392,-0.006994,0.688591,0.725055,0.229,-1.322,87.042,0.045694,0.007655,-0.012586,0.004219,0.000628,-0.001966
1790938106.562937,1790938106.613061,0.161520,0.714950,0.218486,0.009387,-0.006979,0.688597,0.725050,0.229,-1.321,87.043,0.045874,0.007479,-0.012578,0.001024,0.000628,0.001228
1790938106.596276,1790938106.642238,0.161802,0.714670,0.218328,0.009402,-0.006995,0.688626,0.725022,0.229,-1.323,87.048,0.046175,0.007422,-0.012708,0.002090,-0.000437,0.003359
1790938106.629615,1790938106.680202,0.162221,0.714545,0.218037,0.009393,-0.007009,0.688636,0.725012,0.227,-1.324,87.049,0.046610,0.007314,-0.013017,0.001024,0.001694,0.001228
1790938106.662954,1790938106.714708,0.162443,0.714355,0.217849,0.009388,-0.007018,0.688636,0.725012,0.226,-1.324,87.049,0.046953,0.007166,-0.013130,0.003155,0.002758,-0.001966
1790938106.696292,1790938106.745559,0.162522,0.714174,0.217637,0.009397,-0.007024,0.688639,0.725010,0.226,-1.325,87.050,0.047397,0.007064,-0.013154,0.001024,-0.000437,0.001229
1790938106.729631,1790938106.777580,0.162561,0.714176,0.217355,0.009411,-0.007026,0.688641,0.725008,0.227,-1.326,87.050,0.047615,0.007175,-0.013203,-0.000041,0.000627,-0.000900
1790938106.762970,1790938106.810211,0.162680,0.714101,0.217162,0.009404,-0.007029,0.688656,0.724993,0.227,-1.326,87.053,0.047773,0.007172,-0.013407,-0.002172,-0.001504,0.000164
1790938106.796309,1790938106.849267,0.162895,0.713989,0.216957,0.009411,-0.007032,0.688665,0.724985,0.227,-1.327,87.054,0.048055,0.007320,-0.013354,-0.000041,0.000627,-0.001965
1790938106.829648,1790938106.880650,0.162978,0.713980,0.216709,0.009417,-0.007036,0.688658,0.724991,0.227,-1.328,87.053,0.048291,0.007128,-0.013651,-0.005367,-0.000438,0.001229
1790938106.862987,1790938106.903485,0.163005,0.713878,0.216536,0.009383,-0.007075,0.688664,0.724985,0.221,-1.328,87.054,0.048328,0.006865,-0.013768,-0.001105,0.002757,-0.001965
1790938106.896326,1790938106.936611,0.163048,0.713767,0.216356,0.009368,-0.007078,0.688657,0.724992,0.220,-1.327,87.053,0.048655,0.006809,-0.013865,-0.001105,0.000626,-0.000900
1790938106.929665,1790938106.971811,0.162915,0.713744,0.216149,0.009378,-0.007080,0.688647,0.725002,0.221,-1.328,87.051,0.049104,0.006919,-0.013763,0.002091,0.001692,-0.001964
1790938106.963004,1790938107.006104,0.162778,0.713640,0.216003,0.009381,-0.007075,0.688652,0.724997,0.221,-1.328,87.052,0.049526,0.006852,-0.013751,-0.000040,0.001692,-0.001964
1790938106.996342,1790938107.052579,0.162078,0.714366,0.215121,0.009399,-0.007059,0.688638,0.725010,0.224,-1.328,87.050,0.050476,0.007230,-0.013679,0.002090,0.000626,0.002295
1790938107.029681,1790938107.078611,0.161027,0.726760,0.224972,0.009522,-0.007106,0.688775,0.724878,0.230,-1.342,87.071,0.047210,0.006917,-0.011444,-0.000038,-0.000449,0.001244
1790938107.063020,1790938107.104132,0.159800,0.731475,0.222311,0.009567,-0.007114,0.688733,0.724917,0.233,-1.346,87.065,0.048140,0.006682,-0.011849,-0.000039,-0.001515,0.002305
1790938107.096359,1790938107.135793,0.159313,0.734367,0.222214,0.009572,-0.007082,0.688733,0.724918,0.236,-1.344,87.065,0.048744,0.006662,-0.011997,0.002092,0.003811,0.000172
1790938107.129699,1790938107.165737,0.159224,0.736154,0.222135,0.009587,-0.007033,0.688729,0.724921,0.241,-1.341,87.064,0.049235,0.006627,-0.012001,0.002092,-0.001516,0.000172
1790938107.163038,1790938107.198279,0.159139,0.737662,0.222090,0.009584,-0.007025,0.688751,0.724901,0.242,-1.340,87.067,0.049493,0.006399,-0.012195,-0.003234,-0.002581,0.002303
1790938107.196378,1790938107.232837,0.159086,0.739051,0.221980,0.009571,-0.007030,0.688742,0.724909,0.240,-1.339,87.066,0.050011,0.006088,-0.012115,-0.004299,-0.001517,-0.003023
1790938107.229718,1790938107.268836,0.158844,0.740037,0.221838,0.009579,-0.007017,0.688732,0.724919,0.242,-1.339,87.064,0.050454,0.005850,-0.012132,0.002093,-0.000450,-0.000894
1790938107.263058,1790938107.309000,0.158680,0.740938,0.221654,0.009581,-0.006978,0.688733,0.724918,0.245,-1.336,87.065,0.050644,0.005894,-0.012244,0.001026,0.000614,0.001236
1790938107.296398,1790938107.341675,0.158535,0.741851,0.221444,0.009575,-0.006968,0.688726,0.724925,0.246,-1.335,87.063,0.051098,0.005861,-0.012360,0.003157,0.003809,-0.003023
1790938107.329738,1790938107.402920,0.158404,0.742562,0.221202,0.009572,-0.006965,0.688724,0.724927,0.246,-1.334,87.063,0.051472,0.005680,-0.012505,-0.000039,-0.001518,-0.003023
1790938107.363078,1790938107.438649,0.158265,0.743313,0.220923,0.009564,-0.006982,0.688705,0.724945,0.244,-1.335,87.060,0.051879,0.005474,-0.012687,-0.000039,-0.000452,0.001236
1790938107.396418,1790938107.472134,0.158127,0.744349,0.220602,0.009579,-0.006975,0.688705,0.724945,0.245,-1.335,87.060,0.052217,0.005588,-0.012664,-0.001103,0.002744,-0.001958
1790938107.429758,1790938107.504719,0.158014,0.745118,0.220318,0.009582,-0.006973,0.688703,0.724946,0.246,-1.336,87.060,0.052603,0.005420,-0.012765,0.001026,0.001679,-0.000893
1790938107.463098,1790938107.539793,0.157968,0.745854,0.220036,0.009573,-0.006983,0.688702,0.724948,0.244,-1.336,87.060,0.052676,0.005189,-0.012545,-0.001103,0.000612,0.000172
1790938107.496438,1790938107.570838,0.157863,0.746827,0.219762,0.009582,-0.006961,0.688690,0.724959,0.247,-1.335,87.058,0.052975,0.004915,-0.012232,-0.000038,0.001678,-0.004089
1790938107.529778,1790938107.602352,0.157571,0.747549,0.219486,0.009592,-0.006972,0.688667,0.724981,0.247,-1.336,87.054,0.053192,0.004758,-0.012454,-0.000039,-0.001520,0.001237
1790938107.563118,1790938107.630453,0.157277,0.748329,0.219182,0.009588,-0.006976,0.688654,0.724993,0.246,-1.336,87.052,0.053174,0.004849,-0.012369,-0.000039,0.000611,0.000172
1790938107.596456,1790938107.654151,0.157033,0.749318,0.218919,0.009587,-0.006959,0.688640,0.725007,0.247,-1.335,87.050,0.053773,0.004858,-0.012698,0.004222,-0.002585,-0.006217
1790938107.629796,1790938107.674114,0.156696,0.750055,0.218619,0.009618,-0.006972,0.688620,0.725025,0.249,-1.338,87.047,0.054269,0.004743,-0.012845,-0.001103,0.000610,-0.000892
1790938107.663136,1790938107.708313,0.156451,0.750863,0.218259,0.009621,-0.006978,0.688621,0.725024,0.249,-1.339,87.047,0.054754,0.004930,-0.013079,-0.000039,0.001676,0.000173
1790938107.696476,1790938107.738209,0.156391,0.751638,0.217970,0.009616,-0.006962,0.688628,0.725018,0.250,-1.337,87.048,0.054811,0.004889,-0.013009,0.001026,0.002741,0.001237
1790938107.729816,1790938107.769840,0.156417,0.752228,0.217738,0.009635,-0.006948,0.688635,0.725011,0.252,-1.338,87.049,0.055124,0.004652,-0.012913,0.002092,-0.000456,0.000172
1790938107.763155,1790938107.805666,0.156533,0.752810,0.217440,0.009632,-0.006956,0.688649,0.724998,0.251,-1.338,87.051,0.055336,0.004675,-0.012913,0.001026,0.000609,0.001237
1790938107.796495,1790938107.869687,0.156605,0.753373,0.217172,0.009616,-0.006932,0.688643,0.725003,0.252,-1.335,87.050,0.055533,0.004392,-0.012872,-0.001103,0.002739,0.000172
1790938107.829835,1790938107.895468,0.156622,0.753769,0.216973,0.009612,-0.006925,0.688651,0.724996,0.252,-1.334,87.052,0.055474,0.004181,-0.013164,-0.001103,0.001674,-0.004089
1790938107.863175,1790938107.919315,0.156605,0.754238,0.216699,0.009597,-0.006923,0.688638,0.725008,0.251,-1.333,87.050,0.055506,0.004100,-0.013196,0.003157,0.001673,0.002303
1790938107.896515,1790938107.942257,0.156571,0.754745,0.216395,0.009603,-0.006931,0.688647,0.725000,0.251,-1.334,87.051,0.055588,0.003795,-0.012936,0.002093,0.000607,0.004432
1790938107.929854,1790938107.970308,0.156544,0.755154,0.216112,0.009606,-0.006914,0.688641,0.725006,0.253,-1.333,87.050,0.055713,0.003510,-0.012982,-0.002170,-0.000459,-0.000893
1790938107.963194,1790938108.004103,0.156508,0.755636,0.215814,0.009583,-0.006934,0.688638,0.725009,0.249,-1.332,87.050,0.055783,0.003227,-0.013142,-0.002170,0.002737,0.000172
1790938107.996534,1790938108.035886,0.156460,0.756134,0.215490,0.009592,-0.006933,0.688633,0.725013,0.250,-1.333,87.049,0.055957,0.003151,-0.013420,0.002093,-0.000459,-0.000893
1790938108.029873,1790938108.077731,0.156375,0.756573,0.215181,0.009606,-0.006921,0.688634,0.725013,0.252,-1.333,87.049,0.056003,0.003066,-0.013420,0.002093,0.001671,0.004432
1790938108.063212,1790938108.115682,0.156417,0.757138,0.214803,0.009630,-0.006931,0.688648,0.724999,0.253,-1.336,87.051,0.056202,0.002772,-0.013552,0.003157,-0.000460,0.003368
1790938108.096552,1790938108.143389,0.156554,0.757679,0.214451,0.009635,-0.006924,0.688657,0.724991,0.254,-1.336,87.052,0.056215,0.002620,-0.013627,-0.000038,0.000604,-0.000893
1790938108.129889,1790938108.179467,0.156615,0.758098,0.214164,0.009626,-0.006923,0.688653,0.724994,0.253,-1.335,87.052,0.056251,0.002700,-0.013511,-0.001103,0.000603,-0.003022
1790938108.163226,1790938108.208849,0.156654,0.758645,0.213782,0.009629,-0.006947,0.688660,0.724987,0.252,-1.337,87.053,0.056432,0.002510,-0.013683,0.002093,-0.000462,0.000172
1790938108.196562,1790938108.236721,0.156684,0.759191,0.213412,0.009640,-0.006933,0.688659,0.724988,0.254,-1.337,87.053,0.056568,0.002237,-0.013641,-0.002169,-0.000462,-0.000892
1790938108.229899,1790938108.270591,0.156586,0.759653,0.213122,0.009643,-0.006918,0.688649,0.724998,0.255,-1.336,87.051,0.056666,0.002005,-0.013887,-0.000038,-0.000463,-0.000892
1790938108.263236,1790938108.304689,0.156404,0.760229,0.212774,0.009653,-0.006916,0.688642,0.725004,0.256,-1.336,87.050,0.056663,0.002074,-0.013784,-0.000038,0.000602,-0.000892
1790938108.296573,1790938108.340203,0.156276,0.760763,0.212419,0.009662,-0.006920,0.688642,0.725004,0.257,-1.337,87.050,0.056857,0.002003,-0.014013,-0.001103,0.002732,0.002304
1790938108.329909,1790938108.372134,0.156108,0.761244,0.212045,0.009666,-0.006932,0.688624,0.725021,0.256,-1.339,87.047,0.057090,0.002135,-0.014143,0.001026,-0.001530,-0.001956
1790938108.363246,1790938108.413909,0.156078,0.761783,0.211652,0.009670,-0.006915,0.688647,0.724999,0.258,-1.338,87.051,0.057260,0.001943,-0.014277,-0.002169,0.002731,0.003368
1790938108.396583,1790938108.468693,0.156322,0.762169,0.211343,0.009661,-0.006928,0.688658,0.724988,0.256,-1.338,87.053,0.057246,0.001781,-0.014363,-0.000038,-0.000465,0.001237
1790938108.429919,1790938108.500876,0.156508,0.762478,0.211019,0.009653,-0.006939,0.688656,0.724991,0.254,-1.338,87.052,0.057374,0.001689,-0.014348,0.001027,0.000599,-0.003022
1790938108.463255,1790938108.529592,0.156643,0.762878,0.210609,0.009648,-0.006961,0.688665,0.724982,0.252,-1.340,87.054,0.057455,0.001437,-0.014543,-0.000038,0.001665,0.002303
1790938108.496592,1790938108.560135,0.156706,0.763458,0.210248,0.009643,-0.006959,0.688664,0.724983,0.252,-1.339,87.054,0.057759,0.001156,-0.014728,-0.002169,0.001665,0.000172
1790938108.529928,1790938108.594430,0.156723,0.763668,0.209833,0.009644,-0.007013,0.688658,0.724988,0.248,-1.344,87.053,0.057791,0.001207,-0.014565,0.002093,0.000598,-0.003022
1790938108.563265,1790938108.624835,0.156635,0.763988,0.209389,0.009630,-0.006984,0.688647,0.725000,0.249,-1.340,87.051,0.057779,0.001137,-0.014653,0.001027,0.000597,-0.004088
1790938108.596601,1790938108.656305,0.156560,0.764185,0.209067,0.009634,-0.006984,0.688654,0.724993,0.249,-1.341,87.052,0.057546,0.000999,-0.015046,-0.000038,0.000597,0.000172
1790938108.629937,1790938108.688157,0.156584,0.764410,0.208690,0.009620,-0.006996,0.688648,0.724999,0.247,-1.341,87.051,0.057427,0.000914,-0.015314,-0.000038,-0.001535,0.001236
1790938108.663274,1790938108.714277,0.156639,0.764734,0.208208,0.009630,-0.007031,0.688652,0.724994,0.245,-1.344,87.052,0.057427,0.000912,-0.015320,0.002093,-0.001535,0.002303
1790938108.696610,1790938108.745557,0.156699,0.764997,0.207726,0.009650,-0.007049,0.688651,0.724995,0.246,-1.347,87.052,0.057230,0.000589,-0.015558,-0.000038,0.001662,0.001236
1790938108.729947,1790938108.773551,0.156681,0.765311,0.207259,0.009665,-0.007035,0.688648,0.724997,0.248,-1.347,87.051,0.057032,0.000470,-0.015777,-0.002169,-0.000470,-0.005153
1790938108.763283,1790938108.804825,0.156511,0.765663,0.206814,0.009673,-0.007034,0.688630,0.725015,0.249,-1.348,87.048,0.056856,0.000599,-0.016024,-0.000038,0.000594,-0.001957
1790938108.796619,1790938108.843014,0.156261,0.765931,0.206411,0.009691,-0.007032,0.688624,0.725020,0.250,-1.349,87.047,0.056887,0.000726,-0.015951,0.001027,0.001660,0.000172
1790938108.829956,1790938108.868722,0.156092,0.766319,0.205935,0.009697,-0.007056,0.688621,0.725022,0.249,-1.352,87.047,0.056917,0.000856,-0.015794,-0.000038,-0.002602,0.003368
1790938108.863292,1790938108.908316,0.156077,0.766737,0.205456,0.009723,-0.007060,0.688631,0.725012,0.251,-1.354,87.049,0.056881,0.000968,-0.015834,0.003158,0.001659,0.000172
1790938108.896628,1790938108.937463,0.156060,0.767011,0.205056,0.009743,-0.007057,0.688624,0.725019,0.253,-1.355,87.047,0.056553,0.001024,-0.015693,0.002093,0.000592,0.000172
1790938108.929963,1790938108.973736,0.155918,0.767368,0.204613,0.009753,-0.007052,0.688614,0.725028,0.254,-1.356,87.046,0.056563,0.001108,-0.015596,0.001027,0.001658,-0.000892
1790938108.963300,1790938109.011274,0.155947,0.767736,0.204268,0.009749,-0.007034,0.688625,0.725018,0.255,-1.354,87.048,0.057320,0.000880,-0.015721,0.004223,0.001658,0.000172
1790938108.996636,1790938109.046059,0.155951,0.767984,0.203921,0.009734,-0.007053,0.688615,0.725027,0.252,-1.354,87.046,0.057265,0.000618,-0.015808,0.002093,0.000591,0.000172
1790938109.029972,1790938109.068016,0.155980,0.769408,0.202834,0.009736,-0.007054,0.688633,0.725010,0.252,-1.354,87.049,0.058105,0.000559,-0.016087,-0.000038,-0.000473,0.001237
1790938109.063308,1790938109.112452,0.156132,0.770394,0.202211,0.009715,-0.007069,0.688638,0.725005,0.249,-1.354,87.050,0.058303,0.000222,-0.016200,-0.002169,0.000591,0.003367
1790938109.096645,1790938109.153998,0.156297,0.771075,0.201808,0.009726,-0.007078,0.688647,0.724997,0.250,-1.356,87.051,0.058362,0.000172,-0.016010,0.002093,-0.000474,0.001236
