time_s,recv_time_s,x_m,y_m,z_m,qx,qy,qz,qw,roll_deg,pitch_deg,yaw_deg,vx_mps,vy_mps,vz_mps,wx_radps,wy_radps,wz_radps
1790938017.610225,1790938017.783445,0.000142,0.000033,-0.000004,-0.698066,-0.005302,-0.005266,0.715994,-88.547,-0.856,-0.008,-0.000486,-0.005993,-0.000230,-0.000592,0.000533,0.000911
1790938017.643565,1790938017.817682,0.000118,-0.000008,-0.000011,-0.698040,-0.005322,-0.005266,0.716020,-88.543,-0.858,-0.006,-0.001475,-0.006124,-0.000298,0.001539,0.000533,-0.005480
1790938017.676905,1790938017.855561,0.000120,0.000060,-0.000011,-0.698024,-0.005314,-0.005268,0.716035,-88.540,-0.857,-0.007,-0.001184,-0.003501,-0.000327,0.000472,-0.000534,-0.000154
1790938017.710246,1790938017.890893,0.000173,0.000116,-0.000004,-0.698066,-0.005313,-0.005266,0.715994,-88.547,-0.857,-0.007,0.000697,-0.004299,-0.000369,-0.001659,-0.000533,0.000912
1790938017.743586,1790938017.924906,0.000167,0.000093,0.000027,-0.698099,-0.005293,-0.005228,0.715962,-88.552,-0.852,-0.006,-0.000431,-0.005872,0.001467,0.000475,0.003727,0.003042
1790938017.776925,1790938017.961809,0.000121,0.000101,-0.000018,-0.698059,-0.005318,-0.005241,0.716001,-88.546,-0.856,-0.005,-0.001725,-0.004455,-0.001050,0.002605,-0.000531,-0.002285
1790938017.810266,1790938017.997338,0.000232,0.000123,0.000005,-0.698079,-0.005319,-0.005255,0.715982,-88.549,-0.857,-0.006,0.003696,-0.004032,0.000149,-0.001657,-0.002659,-0.005479
1790938017.843606,1790938018.034469,0.000156,0.000118,-0.000000,-0.698092,-0.005291,-0.005222,0.715970,-88.551,-0.852,-0.005,-0.002002,-0.004662,-0.000308,-0.000591,0.000537,0.001978
1790938017.876946,1790938018.070539,0.000225,0.000233,-0.000008,-0.698087,-0.005289,-0.005217,0.715974,-88.551,-0.851,-0.005,0.001812,-0.000385,-0.001078,0.000471,-0.002658,-0.002284
1790938017.910286,1790938018.106335,0.000127,0.000192,0.000016,-0.698144,-0.005304,-0.005229,0.715918,-88.560,-0.853,-0.005,-0.002495,-0.005329,0.000382,0.001539,-0.001588,-0.002284
1790938017.943625,1790938018.142426,0.000195,0.000167,-0.000004,-0.698115,-0.005323,-0.005245,0.715947,-88.555,-0.856,-0.004,0.002926,-0.002620,-0.000259,-0.000593,0.000544,0.001979
1790938017.976965,1790938018.179357,0.000182,0.000142,0.000002,-0.698120,-0.005301,-0.005224,0.715942,-88.556,-0.853,-0.004,0.000230,-0.004848,-0.000304,-0.000593,-0.003714,-0.000152
1790938018.010305,1790938018.212878,0.000197,0.000108,-0.000022,-0.698079,-0.005293,-0.005232,0.715982,-88.549,-0.853,-0.006,0.001091,-0.003360,-0.001332,0.001536,0.000548,0.000913
1790938018.043645,1790938018.249082,0.000197,0.000191,0.000001,-0.698107,-0.005271,-0.005210,0.715955,-88.554,-0.849,-0.006,-0.000503,-0.002023,-0.000301,0.001536,0.000545,-0.001217
1790938018.076985,1790938018.282803,0.000165,0.000197,-0.000005,-0.698118,-0.005304,-0.005224,0.715944,-88.556,-0.853,-0.004,-0.001647,-0.003756,-0.000778,-0.000596,-0.000518,0.000913
1790938018.110324,1790938018.321752,0.000245,0.000150,0.000017,-0.698125,-0.005307,-0.005216,0.715937,-88.557,-0.853,-0.003,0.003686,-0.004603,0.000499,-0.001661,-0.001576,-0.000151
1790938018.143664,1790938018.358832,0.000189,0.000143,-0.000005,-0.698105,-0.005276,-0.005213,0.715957,-88.553,-0.850,-0.006,-0.000735,-0.003638,-0.000778,-0.000597,-0.000511,-0.000151
1790938018.177004,1790938018.390968,0.000172,0.000141,0.000010,-0.698109,-0.005294,-0.005229,0.715953,-88.554,-0.853,-0.006,-0.000495,-0.003904,0.000220,0.003665,0.003751,0.001980
1790938018.210344,1790938018.425976,0.000188,0.000127,0.000017,-0.698112,-0.005274,-0.005219,0.715950,-88.555,-0.850,-0.006,0.000444,-0.004798,0.000704,0.000471,0.000556,-0.002283
1790938018.243683,1790938018.459130,0.000122,0.000104,-0.000025,-0.698072,-0.005294,-0.005246,0.715988,-88.548,-0.854,-0.007,-0.003024,-0.004685,-0.001596,-0.000597,0.001617,-0.000152
1790938018.277022,1790938018.493667,0.000191,0.000092,0.000000,-0.698069,-0.005294,-0.005241,0.715992,-88.548,-0.854,-0.007,0.000918,-0.004187,-0.000164,-0.000597,-0.000512,0.001979
1790938018.310362,1790938018.527887,0.000130,0.000085,0.000005,-0.698085,-0.005290,-0.005238,0.715976,-88.550,-0.853,-0.007,-0.002444,-0.005036,0.000252,-0.002727,-0.001577,0.000912
1790938018.343702,1790938018.562961,0.000152,0.000070,-0.000011,-0.698070,-0.005300,-0.005247,0.715990,-88.548,-0.855,-0.007,-0.000528,-0.004781,-0.000613,0.001534,0.000550,0.000911
1790938018.377042,1790938018.599521,0.000149,0.000114,-0.000001,-0.698069,-0.005309,-0.005246,0.715992,-88.548,-0.855,-0.006,-0.001217,-0.003441,-0.000239,-0.000597,-0.001579,-0.001218
1790938018.410381,1790938018.634330,0.000139,0.000113,0.000006,-0.698099,-0.005316,-0.005251,0.715962,-88.552,-0.856,-0.006,-0.000463,-0.004981,0.000508,-0.003792,-0.003707,0.001978
1790938018.443721,1790938018.661679,0.000185,0.000123,0.000005,-0.698094,-0.005305,-0.005245,0.715968,-88.552,-0.855,-0.006,0.001231,-0.004221,-0.000024,-0.001662,-0.001578,-0.001218
1790938018.477061,1790938018.688481,0.000166,0.000118,0.000005,-0.698098,-0.005289,-0.005233,0.715964,-88.552,-0.853,-0.006,-0.000955,-0.005142,0.000028,0.001536,0.000553,-0.003349
1790938018.510401,1790938018.714088,0.000225,0.000136,-0.000003,-0.698100,-0.005290,-0.005229,0.715962,-88.553,-0.852,-0.006,0.001868,-0.003913,-0.000344,-0.000596,-0.000510,0.000912
1790938018.543740,1790938018.743016,0.000113,0.000125,-0.000013,-0.698098,-0.005307,-0.005227,0.715963,-88.552,-0.854,-0.004,-0.003620,-0.004894,-0.000999,0.001534,-0.004770,0.000912
1790938018.577080,1790938018.769212,0.000180,0.000161,0.000020,-0.698084,-0.005345,-0.005258,0.715977,-88.550,-0.859,-0.004,0.002197,-0.003121,0.000849,-0.000596,-0.004766,0.005173
1790938018.610420,1790938018.793501,0.000115,0.000105,0.000016,-0.698107,-0.005321,-0.005264,0.715954,-88.554,-0.858,-0.006,-0.001619,-0.006736,0.000344,-0.003790,-0.001569,-0.000153
1790938018.643759,1790938018.817114,0.000174,0.000141,-0.000010,-0.698076,-0.005339,-0.005253,0.715984,-88.549,-0.858,-0.004,0.001768,-0.002405,-0.000981,0.001535,0.000562,-0.000152
1790938018.677098,1790938018.843549,0.000177,0.000163,-0.000007,-0.698095,-0.005317,-0.005240,0.715966,-88.552,-0.855,-0.005,0.000890,-0.003926,-0.000897,0.000467,-0.001563,0.000913
1790938018.710438,1790938018.865470,0.000105,0.000059,-0.000008,-0.698082,-0.005315,-0.005265,0.715979,-88.550,-0.857,-0.007,-0.001532,-0.005255,-0.000493,-0.000598,0.001631,0.003044
1790938018.743778,1790938018.889826,0.000121,0.000110,-0.000021,-0.698047,-0.005326,-0.005276,0.716012,-88.544,-0.859,-0.007,-0.000471,-0.002202,-0.001153,-0.000600,-0.002632,-0.003348
1790938018.777117,1790938018.916627,0.000105,0.000090,-0.000006,-0.698077,-0.005344,-0.005279,0.715984,-88.549,-0.861,-0.006,-0.000739,-0.004552,-0.000609,-0.000601,-0.000496,-0.002282
1790938018.810457,1790938018.944140,0.000166,0.000140,0.000006,-0.698094,-0.005335,-0.005280,0.715967,-88.552,-0.860,-0.006,0.002102,-0.001749,0.000142,0.000464,0.001633,-0.000151
1790938018.843796,1790938018.969057,0.000118,0.000180,0.000002,-0.698111,-0.005318,-0.005260,0.715950,-88.554,-0.857,-0.006,-0.002190,-0.003847,-0.000418,0.001530,0.000567,-0.004411
1790938018.877137,1790938018.993866,0.000185,0.000158,0.000012,-0.698108,-0.005308,-0.005260,0.715953,-88.554,-0.856,-0.007,0.001538,-0.003862,0.000198,-0.002731,-0.002628,0.000914
1790938018.910478,1790938019.018850,0.000214,0.000191,0.000009,-0.698114,-0.005279,-0.005206,0.715948,-88.555,-0.850,-0.005,0.000635,-0.003487,-0.000274,0.001531,0.001632,0.001980
1790938018.943819,1790938019.044925,0.000155,0.000239,0.000001,-0.698120,-0.005277,-0.005211,0.715942,-88.556,-0.850,-0.005,-0.002842,-0.002950,-0.000623,0.000463,0.000565,0.003044
1790938018.977160,1790938019.070035,0.000130,0.000085,0.000002,-0.698114,-0.005303,-0.005246,0.715947,-88.555,-0.855,-0.006,-0.001153,-0.007384,-0.000083,-0.002732,0.000568,0.001978
1790938019.010501,1790938019.095518,0.000123,0.000023,0.000001,-0.698054,-0.005330,-0.005270,0.716006,-88.545,-0.859,-0.006,-0.000566,-0.004441,-0.000089,-0.000601,-0.001564,0.001978
1790938019.043842,1790938019.123480,0.000178,0.000130,0.000018,-0.698059,-0.005325,-0.005236,0.716001,-88.546,-0.856,-0.004,0.000860,-0.003405,0.000591,-0.001666,-0.000498,-0.000153
1790938019.077183,1790938019.149053,0.000251,0.000079,0.000002,-0.698077,-0.005292,-0.005216,0.715984,-88.549,-0.851,-0.005,0.003279,-0.006537,-0.000094,-0.001665,-0.000492,-0.004413
1790938019.110523,1790938019.176274,0.000152,0.000094,0.000003,-0.698069,-0.005307,-0.005234,0.715992,-88.548,-0.854,-0.005,-0.002322,-0.003137,-0.000034,0.002597,0.000572,0.001979
1790938019.143863,1790938019.201192,0.000130,0.000120,-0.000016,-0.698070,-0.005331,-0.005257,0.715990,-88.548,-0.858,-0.005,-0.001029,-0.004216,-0.001102,0.002595,0.001639,0.000912
1790938019.177204,1790938019.226810,0.000171,0.000019,-0.000001,-0.698066,-0.005311,-0.005256,0.715994,-88.547,-0.856,-0.006,0.001804,-0.005850,-0.000018,-0.000600,-0.003684,-0.002283
1790938019.210545,1790938019.256516,0.000243,0.000135,-0.000003,-0.698061,-0.005286,-0.005213,0.715999,-88.546,-0.851,-0.005,0.002251,-0.000945,-0.000328,0.001530,-0.003684,0.000913
1790938019.243886,1790938019.290271,0.000122,0.000139,0.000007,-0.698105,-0.005298,-0.005234,0.715956,-88.553,-0.853,-0.006,-0.003995,-0.005460,-0.000000,-0.001667,0.001642,-0.003348
1790938019.277227,1790938019.322883,0.000200,0.000070,0.000006,-0.698090,-0.005300,-0.005271,0.715971,-88.551,-0.857,-0.009,0.001839,-0.004896,0.000361,-0.001665,-0.000488,-0.000151
1790938019.310568,1790938019.357844,0.000080,0.000115,-0.000015,-0.698079,-0.005302,-0.005245,0.715982,-88.549,-0.855,-0.006,-0.004839,-0.003536,-0.000992,-0.001668,-0.001555,0.001979
1790938019.343909,1790938019.397986,0.000149,0.000168,0.000001,-0.698094,-0.005319,-0.005258,0.715967,-88.552,-0.857,-0.006,0.001050,-0.002903,-0.000487,0.000463,-0.001554,0.003044
1790938019.377250,1790938019.426919,0.000166,0.000125,0.000003,-0.698116,-0.005297,-0.005234,0.715946,-88.555,-0.853,-0.006,0.000451,-0.005302,-0.000292,0.000463,0.000576,-0.000152
1790938019.410591,1790938019.459261,0.000109,0.000118,0.000012,-0.698110,-0.005305,-0.005254,0.715952,-88.554,-0.856,-0.007,-0.002055,-0.004080,0.000545,0.000465,0.005900,-0.000153
1790938019.443932,1790938019.486768,0.000142,0.000100,-0.000014,-0.698094,-0.005310,-0.005266,0.715967,-88.552,-0.857,-0.007,0.000086,-0.005291,-0.000851,-0.000602,0.002704,-0.002284
1790938019.477273,1790938019.524429,0.000088,0.000043,-0.000010,-0.698086,-0.005329,-0.005287,0.715975,-88.550,-0.860,-0.007,-0.002247,-0.005090,-0.000447,-0.001669,0.000575,0.001979
1790938019.510614,1790938019.553754,0.000130,0.000062,-0.000000,-0.698071,-0.005333,-0.005265,0.715990,-88.548,-0.859,-0.005,0.000828,-0.004009,-0.000006,0.001529,0.000576,-0.003348
1790938019.543955,1790938019.597754,0.000127,0.000029,-0.000011,-0.698065,-0.005326,-0.005285,0.715995,-88.547,-0.860,-0.008,-0.000232,-0.005635,-0.000622,-0.000603,-0.001553,0.003044
1790938019.577295,1790938019.623753,0.000152,-0.000017,0.000002,-0.698059,-0.005314,-0.005260,0.716001,-88.546,-0.857,-0.006,0.000958,-0.005112,0.000280,-0.001668,-0.001550,-0.001216
1790938019.610636,1790938019.653422,0.000066,0.000076,-0.000000,-0.698068,-0.005323,-0.005269,0.715993,-88.547,-0.858,-0.006,-0.002996,-0.002623,0.000037,0.001530,-0.004747,0.000912
1790938019.643977,1790938019.688451,0.000231,0.000175,0.000014,-0.698114,-0.005319,-0.005236,0.715948,-88.555,-0.855,-0.004,0.005081,-0.002959,0.000448,-0.000600,0.000583,-0.002282
1790938019.677318,1790938019.721949,0.000206,0.000172,0.000011,-0.698138,-0.005277,-0.005230,0.715925,-88.559,-0.851,-0.007,-0.000224,-0.004822,0.000122,0.001532,-0.003678,-0.005477
1790938019.710659,1790938019.753606,0.000121,0.000138,-0.000016,-0.698110,-0.005289,-0.005227,0.715952,-88.554,-0.852,-0.006,-0.003566,-0.004634,-0.001099,-0.000600,0.000580,-0.000151
1790938019.744000,1790938019.790320,0.000196,0.000089,-0.000002,-0.698095,-0.005299,-0.005226,0.715967,-88.552,-0.853,-0.005,0.002094,-0.005105,0.000038,-0.001666,-0.000480,0.000914
1790938019.777341,1790938019.825852,0.000097,0.000076,-0.000012,-0.698082,-0.005307,-0.005259,0.715979,-88.550,-0.856,-0.007,-0.002701,-0.004223,-0.000767,0.000464,0.000584,-0.003347
1790938019.810682,1790938019.862570,0.000100,0.000095,-0.000008,-0.698079,-0.005350,-0.005284,0.715981,-88.549,-0.862,-0.006,-0.000733,-0.003879,-0.000267,0.000464,-0.000481,-0.000151
1790938019.844023,1790938019.888191,0.000247,0.000071,0.000005,-0.698085,-0.005298,-0.005222,0.715976,-88.550,-0.852,-0.005,0.004899,-0.004843,0.000334,0.000465,-0.001541,-0.001214
1790938019.877363,1790938019.921569,0.000171,0.000055,-0.000008,-0.698085,-0.005278,-0.005216,0.715977,-88.550,-0.850,-0.006,-0.001392,-0.004170,-0.000411,0.001531,0.000590,-0.001214
1790938019.910704,1790938019.956639,0.000120,0.000057,-0.000008,-0.698070,-0.005312,-0.005235,0.715990,-88.548,-0.855,-0.005,-0.002330,-0.004202,-0.000414,-0.002732,0.000588,0.003046
1790938019.944044,1790938019.984272,0.000166,0.000064,0.000001,-0.698075,-0.005316,-0.005255,0.715986,-88.549,-0.857,-0.006,0.001059,-0.004012,-0.000034,-0.000601,0.001655,-0.000149
1790938019.977384,1790938020.022720,0.000089,0.000085,0.000005,-0.698102,-0.005282,-0.005257,0.715960,-88.553,-0.854,-0.009,-0.003790,-0.004472,0.000074,0.001532,0.002713,-0.001215
1790938020.010724,1790938020.055839,0.000118,0.000101,-0.000008,-0.698088,-0.005310,-0.005264,0.715973,-88.551,-0.857,-0.007,-0.001779,-0.004894,-0.000513,-0.000600,0.002710,-0.001216
1790938020.044064,1790938020.097172,0.000157,0.000081,0.000018,-0.698103,-0.005291,-0.005240,0.715958,-88.553,-0.853,-0.007,-0.000104,-0.005829,0.000829,-0.000598,-0.000485,0.000914
1790938020.077404,1790938020.127809,0.000112,0.000101,-0.000007,-0.698088,-0.005334,-0.005239,0.715973,-88.551,-0.857,-0.003,-0.001845,-0.004714,-0.000294,0.000467,-0.004743,0.003044
1790938020.110745,1790938020.166787,0.000145,0.000039,-0.000002,-0.698085,-0.005328,-0.005246,0.715976,-88.550,-0.857,-0.004,0.001378,-0.006679,0.000087,-0.000597,0.002715,-0.000152
1790938020.144085,1790938020.201560,0.000113,-0.000020,-0.000012,-0.698055,-0.005311,-0.005272,0.716005,-88.545,-0.858,-0.008,-0.000658,-0.005696,-0.000094,0.000468,0.001650,-0.000152
1790938020.177425,1790938020.237045,0.000166,0.000015,-0.000012,-0.698031,-0.005297,-0.005266,0.716029,-88.542,-0.856,-0.008,0.000055,-0.004984,-0.000175,-0.000597,-0.000483,-0.002283
1790938020.210765,1790938020.273733,0.000109,0.000084,0.000000,-0.698048,-0.005318,-0.005249,0.716012,-88.544,-0.856,-0.005,-0.003607,-0.005097,-0.000118,0.000468,0.002711,-0.001217
1790938020.244106,1790938020.306780,0.000130,0.000032,-0.000009,-0.698055,-0.005337,-0.005289,0.716005,-88.545,-0.861,-0.007,0.000357,-0.006118,-0.000407,-0.002728,0.002713,-0.002282
1790938020.277446,1790938020.342965,0.000170,0.000209,0.000016,-0.698086,-0.005303,-0.005245,0.715975,-88.550,-0.855,-0.006,0.000027,-0.001428,0.000584,0.001535,-0.001551,0.004109
1790938020.310786,1790938020.374104,0.000250,0.000235,0.000009,-0.698147,-0.005284,-0.005200,0.715917,-88.560,-0.850,-0.004,0.001626,-0.006289,-0.000542,-0.002728,-0.001547,0.001980
1790938020.344126,1790938020.397008,0.000144,0.000054,0.000012,-0.698130,-0.005275,-0.005229,0.715932,-88.557,-0.851,-0.007,-0.002552,-0.007774,0.000496,-0.001662,-0.001546,0.001980
1790938020.377467,1790938020.431661,0.000157,0.000034,-0.000017,-0.698066,-0.005312,-0.005249,0.715994,-88.547,-0.856,-0.006,0.000010,-0.004825,-0.000895,0.000468,-0.000481,0.003044
1790938020.410807,1790938020.456902,0.000098,0.000046,-0.000012,-0.698063,-0.005322,-0.005256,0.715998,-88.547,-0.857,-0.006,-0.002092,-0.005111,-0.000522,-0.001664,-0.000479,-0.000152
1790938020.444146,1790938020.488174,0.000142,0.000064,-0.000012,-0.698050,-0.005323,-0.005269,0.716009,-88.545,-0.858,-0.007,0.001007,-0.004022,-0.000580,-0.001664,0.003781,-0.001216
1790938020.477487,1790938020.522895,0.000143,0.000113,0.000005,-0.698080,-0.005307,-0.005270,0.715980,-88.549,-0.857,-0.008,-0.001186,-0.004047,0.000225,-0.001664,-0.001548,0.001979
1790938020.510827,1790938020.557410,0.000136,0.000162,-0.000007,-0.698085,-0.005300,-0.005254,0.715976,-88.550,-0.855,-0.007,-0.002016,-0.003679,-0.000916,-0.000600,-0.003681,0.001979
1790938020.544167,1790938020.586001,0.000116,0.000051,-0.000004,-0.698079,-0.005327,-0.005267,0.715982,-88.549,-0.858,-0.006,-0.001234,-0.006881,-0.000419,0.000466,0.001646,-0.000152
1790938020.577507,1790938020.622708,0.000129,0.000091,-0.000004,-0.698046,-0.005341,-0.005277,0.716013,-88.544,-0.860,-0.006,-0.000237,-0.002595,-0.000150,0.002596,-0.002617,-0.000151
1790938020.610848,1790938020.651379,0.000120,0.000098,0.000002,-0.698078,-0.005323,-0.005266,0.715982,-88.549,-0.858,-0.006,-0.001654,-0.005690,-0.000474,-0.000600,-0.005814,0.000913
1790938020.644188,1790938020.691984,0.000107,-0.000067,-0.000002,-0.698046,-0.005341,-0.005289,0.716014,-88.544,-0.861,-0.007,-0.000567,-0.007851,0.000241,0.001532,-0.000486,-0.002283
1790938020.677528,1790938020.732741,0.000086,0.000007,-0.000005,-0.698013,-0.005335,-0.005294,0.716046,-88.539,-0.861,-0.008,-0.001654,-0.003263,-0.000214,0.002597,-0.000490,-0.000152
1790938020.710868,1790938020.767917,0.000124,0.000048,-0.000021,-0.698045,-0.005324,-0.005264,0.716015,-88.544,-0.858,-0.006,-0.000143,-0.005432,-0.001251,0.000464,-0.000489,0.000913
1790938020.744209,1790938020.804148,0.000139,0.000009,-0.000003,-0.698054,-0.005325,-0.005269,0.716005,-88.545,-0.858,-0.006,0.000244,-0.005196,0.000037,0.001531,-0.000489,0.000913
1790938020.777549,1790938020.837177,0.000146,0.000057,-0.000021,-0.698032,-0.005333,-0.005256,0.716028,-88.542,-0.858,-0.005,-0.000049,-0.003234,-0.001078,-0.001669,-0.000487,0.003044
1790938020.810889,1790938020.871066,0.000152,0.000109,0.000022,-0.698084,-0.005300,-0.005240,0.715977,-88.550,-0.854,-0.006,-0.000471,-0.005004,0.001109,0.000466,0.001641,-0.001216
1790938020.844229,1790938020.905625,0.000244,0.000079,-0.000014,-0.698064,-0.005269,-0.005227,0.715997,-88.547,-0.850,-0.007,0.001989,-0.005290,-0.001041,0.002595,-0.001554,-0.002283
1790938020.877568,1790938020.940681,0.000118,0.000063,-0.000011,-0.698061,-0.005303,-0.005230,0.716000,-88.546,-0.853,-0.005,-0.004413,-0.004907,-0.000756,0.000463,-0.000488,-0.000152
1790938020.910908,1790938020.974712,0.000154,0.000056,0.000007,-0.698054,-0.005329,-0.005264,0.716006,-88.545,-0.858,-0.006,0.001056,-0.004567,0.000478,0.000463,-0.002617,-0.000152
1790938020.944248,1790938021.008353,0.000109,0.000013,-0.000015,-0.698055,-0.005326,-0.005279,0.716005,-88.545,-0.859,-0.007,-0.001456,-0.005527,-0.000843,-0.000602,-0.000486,0.000913
1790938020.977588,1790938021.039382,0.000084,0.000054,-0.000013,-0.698039,-0.005332,-0.005273,0.716020,-88.543,-0.859,-0.006,-0.001529,-0.002891,-0.000605,0.000461,-0.001551,0.001979
1790938021.010928,1790938021.072665,0.000121,0.000005,-0.000013,-0.698058,-0.005352,-0.005286,0.716002,-88.546,-0.862,-0.006,0.001071,-0.006069,-0.000417,0.000461,0.002711,-0.000151
1790938021.044268,1790938021.106253,0.000126,-0.000009,-0.000001,-0.698045,-0.005323,-0.005283,0.716015,-88.544,-0.859,-0.008,0.000313,-0.004049,0.000264,-0.001669,0.002710,0.003044
1790938021.077608,1790938021.140366,0.000113,0.000077,-0.000003,-0.698050,-0.005326,-0.005264,0.716010,-88.545,-0.858,-0.006,-0.001653,-0.003495,-0.000103,0.000462,0.000579,-0.002283
1790938021.110948,1790938021.173464,0.000084,-0.000083,-0.000012,-0.698044,-0.005348,-0.005295,0.716016,-88.544,-0.862,-0.007,-0.001205,-0.009039,-0.000413,0.000462,0.000582,-0.003347
1790938021.144288,1790938021.206678,0.000118,-0.000116,-0.000031,-0.697969,-0.005342,-0.005315,0.716088,-88.532,-0.864,-0.009,0.000394,-0.004025,-0.000960,0.000460,0.000578,0.000914
1790938021.177628,1790938021.240801,0.000109,0.000007,0.000006,-0.698003,-0.005339,-0.005270,0.716056,-88.537,-0.860,-0.005,-0.001900,-0.003811,0.000603,-0.001669,0.004838,-0.001216
1790938021.210968,1790938021.273936,0.000205,0.000105,0.000016,-0.698054,-0.005309,-0.005237,0.716006,-88.545,-0.855,-0.005,0.002430,-0.003501,0.000803,0.000464,-0.003681,0.000914
1790938021.244308,1790938021.309501,0.000097,0.000097,0.000007,-0.698096,-0.005305,-0.005247,0.715966,-88.552,-0.855,-0.006,-0.003511,-0.005721,0.000290,0.000466,-0.000485,-0.003347
1790938021.277648,1790938021.337371,0.000159,0.000129,-0.000002,-0.698077,-0.005327,-0.005272,0.715984,-88.549,-0.859,-0.006,0.000821,-0.003491,-0.000450,-0.001667,-0.000487,0.001980
1790938021.310987,1790938021.362411,0.000124,0.000025,-0.000006,-0.698083,-0.005314,-0.005263,0.715978,-88.550,-0.857,-0.007,-0.001872,-0.007908,-0.000604,-0.001666,-0.000487,-0.000151
1790938021.344326,1790938021.389441,0.000131,-0.000039,-0.000016,-0.698027,-0.005328,-0.005261,0.716032,-88.541,-0.858,-0.005,0.000289,-0.004650,-0.000480,0.001531,0.000580,0.000913
1790938021.377666,1790938021.424645,0.000111,0.000038,-0.000010,-0.698031,-0.005324,-0.005271,0.716028,-88.542,-0.858,-0.007,-0.001172,-0.003377,-0.000405,0.001530,-0.000486,-0.000151
1790938021.411006,1790938021.457088,0.000147,-0.000005,0.000002,-0.698054,-0.005328,-0.005267,0.716006,-88.545,-0.858,-0.006,0.000906,-0.006055,0.000124,-0.001667,-0.000482,-0.001216
1790938021.444346,1790938021.492193,0.000117,-0.000011,-0.000019,-0.698020,-0.005335,-0.005286,0.716039,-88.540,-0.861,-0.007,-0.000790,-0.003974,-0.000948,0.001529,-0.002614,-0.004411
1790938021.477686,1790938021.534002,0.000145,-0.000026,-0.000015,-0.698012,-0.005336,-0.005259,0.716047,-88.539,-0.859,-0.005,0.000841,-0.004938,-0.000476,-0.002734,0.001650,0.003045
1790938021.511026,1790938021.569653,0.000089,-0.000034,0.000004,-0.698025,-0.005316,-0.005277,0.716034,-88.541,-0.858,-0.008,-0.002187,-0.005059,0.000330,0.001530,-0.000483,-0.002282
1790938021.544366,1790938021.603296,0.000084,-0.000057,-0.000001,-0.698017,-0.005322,-0.005296,0.716042,-88.539,-0.860,-0.009,-0.002253,-0.005680,0.000185,0.000464,0.001643,-0.001217
1790938021.577706,1790938021.637427,0.000114,-0.000030,-0.000017,-0.698006,-0.005335,-0.005271,0.716052,-88.538,-0.859,-0.006,-0.000338,-0.004724,-0.000664,-0.001667,0.000579,0.003044
1790938021.611045,1790938021.670986,0.000173,-0.000051,-0.000011,-0.698014,-0.005315,-0.005266,0.716045,-88.539,-0.857,-0.007,0.001784,-0.006211,-0.000175,0.002595,0.000581,-0.001216
1790938021.644385,1790938021.705482,0.000073,-0.000072,-0.000002,-0.698000,-0.005331,-0.005273,0.716059,-88.537,-0.859,-0.006,-0.003188,-0.005664,0.000399,0.001531,-0.000483,-0.003348
1790938021.677725,1790938021.739562,0.000172,0.000012,-0.000023,-0.697982,-0.005345,-0.005283,0.716076,-88.534,-0.861,-0.006,0.002775,-0.003497,-0.001321,0.002594,0.002713,-0.002282
1790938021.711065,1790938021.776079,0.000147,0.000035,0.000011,-0.698049,-0.005299,-0.005271,0.716011,-88.544,-0.856,-0.009,-0.001195,-0.006010,0.000726,-0.000599,-0.000482,0.000914
1790938021.744405,1790938021.812249,0.000119,0.000048,-0.000024,-0.698037,-0.005291,-0.005261,0.716023,-88.542,-0.855,-0.008,-0.002599,-0.004791,-0.001110,-0.000601,-0.000487,-0.001216
1790938021.777744,1790938021.847846,0.000162,0.000002,-0.000013,-0.698030,-0.005327,-0.005257,0.716029,-88.541,-0.858,-0.005,0.000087,-0.006786,-0.000759,0.000463,-0.002615,-0.003346
1790938021.811084,1790938021.884593,0.000100,-0.000021,-0.000013,-0.698015,-0.005319,-0.005285,0.716044,-88.539,-0.859,-0.008,-0.001977,-0.005090,-0.000376,-0.000602,0.002710,-0.000150
1790938021.844423,1790938021.924439,0.000090,0.000004,-0.000028,-0.698014,-0.005337,-0.005290,0.716045,-88.539,-0.861,-0.007,-0.001554,-0.004993,-0.001344,-0.001671,-0.003682,-0.000150
1790938021.877764,1790938021.961612,0.000078,-0.000003,0.000001,-0.698021,-0.005331,-0.005277,0.716038,-88.540,-0.860,-0.007,-0.001728,-0.006145,0.000230,-0.000603,-0.001551,-0.000151
1790938021.911103,1790938021.998318,0.000143,-0.000080,-0.000009,-0.698009,-0.005334,-0.005290,0.716049,-88.538,-0.861,-0.007,0.001737,-0.007655,-0.000134,-0.000602,0.000580,-0.001215
1790938021.944444,1790938022.036190,0.000077,-0.000082,-0.000004,-0.697994,-0.005322,-0.005291,0.716065,-88.536,-0.860,-0.008,-0.002852,-0.006100,0.000389,0.001530,-0.001553,-0.002282
1790938021.977784,1790938022.075059,0.000094,0.000006,0.000005,-0.697993,-0.005343,-0.005273,0.716065,-88.536,-0.860,-0.005,-0.001196,-0.005235,0.000502,-0.002731,0.000577,-0.001216
1790938022.011124,1790938022.108211,0.000163,-0.000025,0.000021,-0.698033,-0.005330,-0.005270,0.716026,-88.542,-0.859,-0.006,0.001736,-0.008364,0.001297,0.000468,0.000579,0.000914
1790938022.044464,1790938022.143510,0.000084,-0.000042,0.000003,-0.698019,-0.005301,-0.005262,0.716040,-88.540,-0.856,-0.008,-0.003238,-0.006523,0.000229,0.001535,0.000576,0.000913
1790938022.077804,1790938022.177334,0.000128,-0.000108,-0.000021,-0.697990,-0.005321,-0.005266,0.716068,-88.535,-0.858,-0.007,-0.000055,-0.008884,-0.001136,-0.000597,-0.000488,-0.000152
1790938022.111144,1790938022.209808,0.000136,-0.000098,-0.000011,-0.697965,-0.005328,-0.005274,0.716092,-88.531,-0.859,-0.007,-0.000371,-0.005657,-0.000016,-0.000597,0.001641,0.004109
1790938022.144484,1790938022.244323,0.000060,-0.000012,-0.000015,-0.697986,-0.005335,-0.005286,0.716072,-88.534,-0.861,-0.007,-0.003752,-0.005193,-0.000735,-0.001664,0.000575,-0.001217
1790938022.177824,1790938022.280699,0.000164,-0.000034,0.000013,-0.698015,-0.005338,-0.005271,0.716044,-88.539,-0.860,-0.006,0.002727,-0.007622,0.000799,-0.000595,-0.000486,0.004109
1790938022.211164,1790938022.317333,0.000122,-0.000061,-0.000014,-0.697998,-0.005309,-0.005260,0.716061,-88.536,-0.856,-0.007,-0.001018,-0.006388,-0.000553,-0.000596,0.001644,-0.001217
1790938022.244503,1790938022.354680,0.000156,-0.000044,-0.000003,-0.697987,-0.005315,-0.005261,0.716071,-88.535,-0.857,-0.007,0.000254,-0.005538,0.000192,-0.001662,0.000578,-0.000152
1790938022.277843,1790938022.392262,0.000132,0.000032,0.000022,-0.698046,-0.005303,-0.005240,0.716014,-88.544,-0.854,-0.006,-0.002089,-0.007556,0.001245,-0.001658,0.002708,0.000912
1790938022.311183,1790938022.428792,0.000083,0.000010,-0.000023,-0.698027,-0.005314,-0.005290,0.716032,-88.541,-0.859,-0.009,-0.003014,-0.006630,-0.001292,0.000471,0.000574,-0.002284
1790938022.344523,1790938022.456313,0.000138,0.000071,-0.000009,-0.698034,-0.005317,-0.005267,0.716026,-88.542,-0.858,-0.007,-0.000096,-0.004015,-0.000769,0.000470,-0.000492,0.001978
1790938022.377863,1790938022.482453,0.000182,0.000076,0.000012,-0.698090,-0.005281,-0.005247,0.715972,-88.551,-0.853,-0.008,0.000226,-0.006358,0.000466,0.000471,0.001636,0.000912
1790938022.411203,1790938022.510077,0.000164,0.000112,0.000001,-0.698088,-0.005273,-0.005226,0.715973,-88.551,-0.851,-0.007,-0.001686,-0.003884,-0.000637,-0.000594,-0.000495,0.001978
1790938022.444543,1790938022.535732,0.000169,0.000195,0.000001,-0.698099,-0.005293,-0.005232,0.715962,-88.552,-0.853,-0.006,-0.000964,-0.003087,-0.000688,0.003664,0.000569,-0.001218
1790938022.477883,1790938022.562099,0.000246,0.000239,-0.000001,-0.698127,-0.005288,-0.005215,0.715936,-88.557,-0.851,-0.005,0.002619,-0.003003,-0.000743,0.001534,0.000574,-0.001217
1790938022.511223,1790938022.587659,0.000130,0.000169,0.000006,-0.698135,-0.005294,-0.005241,0.715927,-88.558,-0.854,-0.006,-0.003101,-0.005249,-0.000179,-0.001663,-0.001556,-0.000153
1790938022.544563,1790938022.612653,0.000239,0.000174,0.000020,-0.698110,-0.005311,-0.005233,0.715952,-88.554,-0.854,-0.004,0.002950,-0.003603,0.000468,0.000468,-0.002620,0.003044
1790938022.577903,1790938022.639375,0.000201,0.000065,-0.000002,-0.698092,-0.005287,-0.005222,0.715969,-88.551,-0.851,-0.005,-0.000539,-0.007539,-0.000972,0.002599,-0.001550,-0.001217
1790938022.611243,1790938022.673350,0.000041,0.000006,-0.000012,-0.698050,-0.005328,-0.005282,0.716010,-88.545,-0.860,-0.007,-0.004939,-0.004362,-0.000598,0.001534,-0.001551,0.000912
1790938022.644583,1790938022.708714,0.000154,0.000087,-0.000011,-0.698046,-0.005338,-0.005277,0.716013,-88.544,-0.860,-0.006,0.002579,-0.004105,-0.001086,-0.000599,0.000579,0.000913
1790938022.677922,1790938022.745297,0.000168,0.000017,0.000017,-0.698075,-0.005291,-0.005248,0.715986,-88.549,-0.854,-0.007,0.000195,-0.007265,0.000890,-0.002727,0.000579,-0.001217
1790938022.711262,1790938022.779053,0.000133,0.000028,-0.000002,-0.698057,-0.005304,-0.005255,0.716003,-88.546,-0.856,-0.007,-0.001827,-0.004372,-0.000010,-0.001662,0.002707,0.001979
1790938022.744602,1790938022.815943,0.000107,0.000007,0.000006,-0.698056,-0.005309,-0.005269,0.716004,-88.546,-0.857,-0.008,-0.002432,-0.006391,0.000292,0.001536,0.002705,0.003043
1790938022.777942,1790938022.852471,0.000201,-0.000026,-0.000001,-0.698018,-0.005306,-0.005254,0.716042,-88.539,-0.856,-0.007,0.002109,-0.006007,0.000258,-0.002725,0.000577,-0.001217
1790938022.811282,1790938022.892222,0.000108,0.000012,-0.000004,-0.698043,-0.005285,-0.005255,0.716017,-88.543,-0.854,-0.008,-0.004291,-0.007070,-0.000428,0.001537,0.000572,0.000911
1790938022.844621,1790938022.932140,0.000122,-0.000023,-0.000014,-0.698019,-0.005332,-0.005268,0.716040,-88.540,-0.859,-0.006,-0.000910,-0.006623,-0.000528,0.001537,-0.004750,-0.002284
1790938022.877964,1790938022.966785,0.000218,-0.000010,-0.000006,-0.698006,-0.005302,-0.005236,0.716053,-88.538,-0.854,-0.006,0.003696,-0.004835,-0.000322,0.000470,0.002708,-0.001217
1790938022.911306,1790938023.000296,0.000119,0.000059,0.000004,-0.698041,-0.005288,-0.005238,0.716019,-88.543,-0.853,-0.007,-0.003749,-0.004615,-0.000186,0.001536,0.001639,-0.000153
1790938022.944648,1790938023.034564,0.000199,0.000068,-0.000001,-0.698051,-0.005316,-0.005236,0.716009,-88.545,-0.855,-0.004,0.001577,-0.005529,-0.000277,0.000470,-0.003683,-0.002284
1790938022.977990,1790938023.074163,0.000147,0.000050,-0.000006,-0.698059,-0.005295,-0.005262,0.716002,-88.546,-0.855,-0.008,-0.001521,-0.005923,-0.000392,-0.002725,0.003774,0.000912
1790938023.011333,1790938023.109344,0.000057,0.000001,-0.000004,-0.698042,-0.005316,-0.005285,0.716018,-88.543,-0.859,-0.008,-0.004291,-0.006114,0.000051,-0.000594,0.001639,-0.001218
1790938023.044675,1790938023.147243,0.000099,-0.000020,0.000009,-0.698027,-0.005332,-0.005287,0.716032,-88.541,-0.860,-0.007,-0.000470,-0.006807,0.000582,0.000473,0.000574,-0.001219
1790938023.078017,1790938023.182992,0.000130,-0.000084,0.000005,-0.698019,-0.005321,-0.005280,0.716040,-88.540,-0.859,-0.008,0.000347,-0.007701,0.000619,-0.000590,-0.000490,-0.002285
1790938023.111359,1790938023.222808,0.000116,-0.000110,-0.000035,-0.697970,-0.005314,-0.005279,0.716088,-88.532,-0.858,-0.008,-0.001350,-0.006735,-0.001710,0.001538,0.000572,-0.000154
1790938023.144701,1790938023.253853,0.000140,-0.000017,-0.000011,-0.697981,-0.005310,-0.005275,0.716077,-88.534,-0.858,-0.008,-0.000708,-0.004126,-0.000544,-0.002724,0.001636,0.003042
1790938023.178043,1790938023.285114,0.000133,0.000003,-0.000021,-0.698027,-0.005302,-0.005264,0.716033,-88.541,-0.856,-0.008,-0.001353,-0.005835,-0.000778,-0.000594,-0.001559,0.000910
1790938023.211386,1790938023.314832,0.000152,0.000103,-0.000023,-0.698019,-0.005333,-0.005253,0.716040,-88.540,-0.858,-0.004,-0.000248,-0.001710,-0.001034,-0.000596,0.000570,-0.002285
1790938023.244728,1790938023.344567,0.000132,0.000131,0.000011,-0.698071,-0.005332,-0.005256,0.715990,-88.548,-0.858,-0.005,-0.001264,-0.004676,0.000482,0.001536,0.003767,-0.001219
1790938023.278070,1790938023.371792,0.000242,0.000110,0.000001,-0.698071,-0.005305,-0.005242,0.715990,-88.548,-0.855,-0.006,0.003998,-0.004242,-0.000135,-0.002726,-0.000490,0.001978
1790938023.311413,1790938023.408679,0.000129,0.000143,0.000006,-0.698090,-0.005285,-0.005214,0.715971,-88.551,-0.851,-0.005,-0.003132,-0.003429,0.000040,0.000470,-0.000490,-0.001219
1790938023.344755,1790938023.444816,0.000173,0.000079,0.000006,-0.698101,-0.005306,-0.005257,0.715960,-88.553,-0.856,-0.007,0.001056,-0.006474,0.000186,-0.001660,-0.000489,0.001977
1790938023.378098,1790938023.478003,0.000136,0.000039,-0.000002,-0.698071,-0.005302,-0.005245,0.715990,-88.548,-0.855,-0.006,-0.001204,-0.005441,0.000228,0.000472,-0.001552,0.000910
1790938023.411440,1790938023.507943,0.000138,0.000002,-0.000009,-0.698053,-0.005327,-0.005251,0.716007,-88.545,-0.857,-0.005,0.000111,-0.005957,-0.000200,-0.002724,-0.000485,-0.000155
1790938023.444782,1790938023.535876,0.000159,-0.000014,0.000017,-0.698033,-0.005316,-0.005272,0.716026,-88.542,-0.858,-0.007,0.000392,-0.005819,0.001199,-0.003785,-0.000485,0.000910
1790938023.478125,1790938023.563517,0.000118,0.000073,-0.000007,-0.698034,-0.005322,-0.005273,0.716026,-88.542,-0.858,-0.007,-0.001999,-0.003661,-0.000311,0.001541,-0.000485,0.003041
1790938023.511467,1790938023.591275,0.000083,0.000116,-0.000012,-0.698067,-0.005328,-0.005286,0.715993,-88.547,-0.860,-0.007,-0.002144,-0.004450,-0.000758,-0.001657,0.000577,-0.002286
1790938023.544810,1790938023.616412,0.000224,0.000086,0.000012,-0.698087,-0.005325,-0.005255,0.715974,-88.551,-0.857,-0.005,0.004178,-0.005318,0.000511,-0.001656,-0.003679,0.003042
1790938023.578151,1790938023.644861,0.000091,-0.000006,-0.000012,-0.698082,-0.005316,-0.005262,0.715979,-88.550,-0.857,-0.006,-0.003288,-0.006821,-0.000533,-0.000589,-0.000481,0.000910
1790938023.611494,1790938023.672917,0.000082,-0.000027,-0.000020,-0.698036,-0.005364,-0.005299,0.716023,-88.542,-0.864,-0.006,-0.000319,-0.004532,-0.000582,-0.001656,-0.001544,0.001978
1790938023.644836,1790938023.699632,0.000123,-0.000068,0.000006,-0.698046,-0.005350,-0.005289,0.716013,-88.544,-0.862,-0.006,0.001622,-0.006708,0.001088,0.001544,-0.001541,-0.000153
1790938023.678179,1790938023.725282,0.000178,-0.000014,-0.000018,-0.698026,-0.005326,-0.005264,0.716033,-88.541,-0.858,-0.006,0.002476,-0.003203,-0.000453,-0.000587,0.000592,0.003044
1790938023.711521,1790938023.760699,0.000128,0.000044,-0.000007,-0.698056,-0.005306,-0.005250,0.716004,-88.546,-0.855,-0.006,-0.001681,-0.003860,-0.000269,0.001543,0.002720,-0.000152
1790938023.744864,1790938023.801807,0.000122,-0.000020,0.000010,-0.698073,-0.005293,-0.005254,0.715988,-88.548,-0.855,-0.008,-0.001087,-0.006575,0.001135,0.000480,0.000589,0.001978
1790938023.778206,1790938023.840503,0.000152,-0.000002,-0.000018,-0.698035,-0.005304,-0.005249,0.716025,-88.542,-0.855,-0.006,0.000343,-0.003813,-0.000741,-0.002717,0.000590,0.003042
1790938023.811549,1790938023.874242,0.000098,0.000012,0.000006,-0.698068,-0.005283,-0.005248,0.715993,-88.547,-0.853,-0.008,-0.003330,-0.006459,0.000357,-0.001651,-0.000480,0.001976
1790938023.844891,1790938023.910880,0.000112,-0.000061,-0.000008,-0.698035,-0.005319,-0.005271,0.716025,-88.542,-0.858,-0.007,-0.001023,-0.007004,-0.000072,-0.002715,-0.001543,-0.002286
1790938023.878234,1790938023.948228,0.000129,-0.000036,-0.000017,-0.698019,-0.005325,-0.005264,0.716040,-88.540,-0.858,-0.006,0.000218,-0.004434,-0.000209,0.000481,0.000587,-0.000155
1790938023.911577,1790938023.981222,0.000120,-0.000037,-0.000010,-0.698023,-0.005339,-0.005262,0.716036,-88.540,-0.859,-0.005,-0.000084,-0.005355,-0.000095,0.001547,-0.001540,-0.002286
1790938023.944919,1790938024.016901,0.000218,-0.000030,-0.000007,-0.698029,-0.005303,-0.005257,0.716031,-88.541,-0.856,-0.007,0.003213,-0.004823,-0.000071,-0.001650,0.001655,0.001976
1790938023.978262,1790938024.045852,0.000152,0.000096,-0.000003,-0.698055,-0.005298,-0.005233,0.716005,-88.545,-0.853,-0.006,-0.002248,-0.002001,-0.000158,0.001547,-0.001539,0.003041
1790938024.011604,1790938024.082379,0.000179,0.000098,0.000011,-0.698099,-0.005294,-0.005236,0.715962,-88.552,-0.853,-0.006,-0.000161,-0.005943,0.000528,-0.004844,0.002719,-0.001220
1790938024.044946,1790938024.118865,0.000175,0.000062,-0.000001,-0.698089,-0.005317,-0.005252,0.715972,-88.551,-0.856,-0.006,0.000110,-0.004857,0.000377,0.000484,0.001659,-0.003350
1790938024.078289,1790938024.155401,0.000141,0.000061,-0.000008,-0.698074,-0.005319,-0.005264,0.715987,-88.548,-0.857,-0.006,-0.000698,-0.004801,-0.000631,0.001549,-0.003666,-0.004414
1790938024.111632,1790938024.192504,0.000114,0.000019,0.000000,-0.698059,-0.005340,-0.005278,0.716001,-88.546,-0.860,-0.006,-0.001211,-0.005780,-0.000085,-0.001648,0.001660,-0.003349
1790938024.144975,1790938024.227458,0.000167,-0.000011,-0.000007,-0.698042,-0.005319,-0.005276,0.716018,-88.543,-0.858,-0.007,0.001564,-0.005393,-0.000037,-0.001647,0.000597,0.000912
1790938024.178318,1790938024.261818,0.000042,0.000031,0.000006,-0.698062,-0.005311,-0.005275,0.715998,-88.546,-0.858,-0.008,-0.004827,-0.004540,0.000567,-0.000579,-0.002602,0.001977
1790938024.211660,1790938024.294926,0.000119,0.000044,-0.000009,-0.698058,-0.005351,-0.005297,0.716002,-88.546,-0.863,-0.007,0.000897,-0.005147,-0.000396,0.000485,0.001659,-0.002285
1790938024.245003,1790938024.328148,0.000183,0.000116,0.000005,-0.698075,-0.005330,-0.005272,0.715986,-88.549,-0.859,-0.006,0.001527,-0.003076,0.000221,0.001552,0.000594,0.000912
1790938024.278346,1790938024.360581,0.000182,0.000177,0.000003,-0.698107,-0.005321,-0.005234,0.715954,-88.554,-0.855,-0.004,-0.000090,-0.003774,-0.000285,0.001551,-0.000468,0.000912
1790938024.311689,1790938024.396603,0.000164,0.000176,-0.000001,-0.698101,-0.005310,-0.005252,0.715960,-88.553,-0.856,-0.006,-0.000492,-0.003705,-0.000454,-0.001647,-0.000468,-0.003348
1790938024.345031,1790938024.431917,0.000247,0.000129,-0.000002,-0.698101,-0.005298,-0.005227,0.715961,-88.553,-0.853,-0.005,0.003093,-0.004701,-0.000467,-0.000581,0.000601,-0.001216
1790938024.378374,1790938024.465317,0.000089,0.000084,0.000000,-0.698101,-0.005296,-0.005255,0.715961,-88.553,-0.855,-0.007,-0.004997,-0.005286,-0.000191,0.000484,-0.002598,0.000912
1790938024.411717,1790938024.501441,0.000152,0.000014,-0.000004,-0.698054,-0.005323,-0.005256,0.716006,-88.545,-0.857,-0.005,0.000976,-0.005888,-0.000433,-0.002712,-0.000465,0.003042
1790938024.445059,1790938024.536727,0.000184,0.000088,-0.000010,-0.698046,-0.005320,-0.005265,0.716013,-88.544,-0.858,-0.006,0.001078,-0.002404,-0.000543,0.001549,-0.002595,-0.000152
1790938024.478402,1790938024.572569,0.000095,0.000117,0.000008,-0.698094,-0.005313,-0.005262,0.715967,-88.552,-0.857,-0.007,-0.003652,-0.004920,-0.000011,-0.000582,-0.000466,-0.000153
1790938024.511745,1790938024.608856,0.000209,0.000146,0.000026,-0.698102,-0.005296,-0.005257,0.715959,-88.553,-0.855,-0.008,0.002351,-0.003904,0.001054,0.001552,0.000598,0.003043
1790938024.545088,1790938024.644921,0.000156,0.000190,0.000023,-0.698127,-0.005282,-0.005222,0.715935,-88.557,-0.851,-0.006,-0.002191,-0.004711,0.000774,-0.000578,0.000599,0.000910
1790938024.578431,1790938024.677867,0.000133,0.000127,0.000013,-0.698110,-0.005321,-0.005272,0.715951,-88.554,-0.858,-0.007,-0.001592,-0.006052,0.000349,0.000487,0.001662,-0.000154
1790938024.611773,1790938024.708118,0.000148,0.000110,-0.000012,-0.698073,-0.005321,-0.005268,0.715987,-88.548,-0.858,-0.007,-0.000586,-0.005864,-0.001066,-0.000578,0.000598,0.004106
1790938024.645117,1790938024.739140,0.000119,-0.000007,-0.000006,-0.698060,-0.005336,-0.005288,0.716000,-88.546,-0.861,-0.007,-0.000997,-0.007695,-0.000166,0.000486,-0.002596,-0.004415
1790938024.678459,1790938024.769431,0.000112,-0.000032,-0.000018,-0.698024,-0.005346,-0.005295,0.716035,-88.541,-0.862,-0.007,-0.000525,-0.004919,-0.000833,-0.001646,0.002728,0.001977
1790938024.711802,1790938024.799396,0.000142,-0.000012,-0.000013,-0.698021,-0.005343,-0.005292,0.716038,-88.540,-0.862,-0.007,0.000488,-0.005220,-0.000810,0.002616,-0.002595,-0.001218
1790938024.745145,1790938024.828534,0.000162,0.000027,-0.000025,-0.698008,-0.005326,-0.005274,0.716051,-88.538,-0.859,-0.007,0.000419,-0.003515,-0.001380,0.001549,-0.001528,0.000911
1790938024.778488,1790938024.856960,0.000137,0.000110,-0.000023,-0.698029,-0.005344,-0.005270,0.716031,-88.541,-0.860,-0.005,-0.001182,-0.001976,-0.001277,-0.000585,0.000602,-0.000152
1790938024.811831,1790938024.884547,0.000129,0.000101,-0.000003,-0.698071,-0.005328,-0.005281,0.715989,-88.548,-0.860,-0.007,-0.000421,-0.004161,-0.000264,0.000480,0.001667,0.005172
1790938024.845174,1790938024.922423,0.000229,0.000106,0.000006,-0.698072,-0.005292,-0.005246,0.715989,-88.548,-0.854,-0.007,0.002561,-0.003632,0.000388,0.001547,-0.001529,-0.001217
1790938024.878517,1790938024.958084,0.000215,0.000179,0.000018,-0.698087,-0.005283,-0.005208,0.715974,-88.551,-0.850,-0.005,-0.001022,-0.002606,0.000514,-0.000583,-0.000464,0.003043
1790938024.911860,1790938025.003829,0.000174,0.000163,0.000015,-0.698109,-0.005284,-0.005240,0.715952,-88.554,-0.853,-0.007,-0.001883,-0.005883,0.000436,0.000483,-0.001529,-0.003349
1790938024.945203,1790938025.033010,0.000118,0.000000,-0.000021,-0.698059,-0.005322,-0.005275,0.716001,-88.546,-0.859,-0.007,-0.002354,-0.007525,-0.001000,-0.000583,-0.003660,-0.000153
1790938024.978547,1790938025.066844,0.000127,0.000040,-0.000002,-0.698024,-0.005338,-0.005277,0.716035,-88.540,-0.860,-0.006,-0.000429,-0.003436,0.000052,0.001548,-0.002595,0.000912
1790938025.011891,1790938025.095364,0.000173,0.000141,0.000001,-0.698065,-0.005334,-0.005269,0.715995,-88.547,-0.859,-0.006,0.001595,-0.003267,-0.000320,0.001548,-0.004720,-0.000152
1790938025.045235,1790938025.122005,0.000131,0.000130,0.000005,-0.698101,-0.005338,-0.005281,0.715960,-88.553,-0.860,-0.006,-0.000724,-0.004831,-0.000163,-0.002714,-0.000458,-0.000152
1790938025.078579,1790938025.149605,0.000119,0.000101,0.000017,-0.698092,-0.005343,-0.005286,0.715968,-88.551,-0.861,-0.006,-0.000403,-0.004788,0.000530,-0.000582,-0.000457,0.001980
1790938025.111923,1790938025.176988,0.000255,0.000069,0.000002,-0.698071,-0.005324,-0.005243,0.715989,-88.548,-0.856,-0.004,0.005009,-0.005291,-0.000313,0.001550,0.000614,0.000914
1790938025.145266,1790938025.210217,0.000167,0.000071,-0.000017,-0.698060,-0.005310,-0.005248,0.716001,-88.546,-0.856,-0.006,-0.001712,-0.003860,-0.001140,-0.002714,-0.000451,-0.001214
1790938025.178611,1790938025.236728,0.000195,0.000137,0.000014,-0.698086,-0.005294,-0.005236,0.715975,-88.550,-0.853,-0.006,0.000583,-0.002933,0.000547,0.001550,-0.000450,-0.000150
1790938025.211955,1790938025.264643,0.000189,0.000045,-0.000000,-0.698092,-0.005291,-0.005245,0.715969,-88.551,-0.854,-0.007,-0.000197,-0.007291,-0.000202,-0.000581,-0.001513,0.000915
1790938025.245299,1790938025.290381,0.000092,0.000023,-0.000014,-0.698045,-0.005329,-0.005278,0.716015,-88.544,-0.859,-0.007,-0.003010,-0.003769,-0.000528,-0.000581,0.001682,0.003046
1790938025.278643,1790938025.321547,0.000143,0.000045,-0.000005,-0.698045,-0.005338,-0.005284,0.716015,-88.544,-0.861,-0.007,0.000790,-0.004980,-0.000137,-0.000581,0.000617,-0.001214
1790938025.311987,1790938025.354568,0.000248,0.000025,0.000020,-0.698051,-0.005290,-0.005248,0.716009,-88.545,-0.854,-0.007,0.003007,-0.005788,0.001257,0.001553,-0.000447,0.001982
1790938025.345330,1790938025.387645,0.000247,0.000097,-0.000005,-0.698063,-0.005254,-0.005200,0.715998,-88.547,-0.847,-0.006,-0.000133,-0.003115,-0.000620,0.000485,0.000618,-0.001214
1790938025.378675,1790938025.419251,0.000103,0.000116,-0.000021,-0.698077,-0.005310,-0.005245,0.715984,-88.549,-0.855,-0.006,-0.004298,-0.004046,-0.001608,0.003679,-0.001508,-0.002280
1790938025.412019,1790938025.455804,0.000132,0.000065,-0.000009,-0.698074,-0.005328,-0.005299,0.715987,-88.548,-0.861,-0.009,0.000642,-0.004431,-0.000357,0.001549,0.002750,-0.000149
1790938025.445363,1790938025.486353,0.000108,0.000056,-0.000012,-0.698070,-0.005319,-0.005284,0.715990,-88.548,-0.859,-0.008,-0.001715,-0.004274,-0.000412,0.000482,0.001683,-0.001214
1790938025.478708,1790938025.533810,0.000122,0.000033,-0.000018,-0.698043,-0.005334,-0.005283,0.716016,-88.544,-0.860,-0.007,-0.000503,-0.004787,-0.000969,0.000480,0.001684,0.000915
1790938025.512052,1790938025.574361,0.000169,0.000008,-0.000009,-0.698038,-0.005321,-0.005277,0.716021,-88.543,-0.859,-0.007,0.001867,-0.004327,-0.000364,-0.000584,-0.001507,-0.002280
1790938025.545397,1790938025.609972,0.000117,0.000063,-0.000020,-0.698043,-0.005351,-0.005290,0.716016,-88.544,-0.862,-0.006,-0.001032,-0.002514,-0.000961,0.000478,-0.000440,-0.002279
1790938025.578741,1790938025.647673,0.000119,0.000109,0.000010,-0.698079,-0.005326,-0.005293,0.715981,-88.549,-0.860,-0.008,-0.000693,-0.003714,0.000674,-0.000585,0.001686,-0.000148
1790938025.612086,1790938025.681020,0.000187,0.000096,-0.000002,-0.698094,-0.005296,-0.005271,0.715967,-88.552,-0.856,-0.009,0.001019,-0.004724,-0.000428,0.001546,0.000621,-0.004408
1790938025.645430,1790938025.716020,0.000190,0.000131,-0.000027,-0.698089,-0.005283,-0.005253,0.715973,-88.551,-0.854,-0.008,-0.000851,-0.002632,-0.001924,0.001542,0.000618,-0.000148
1790938025.678775,1790938025.750825,0.000127,0.000136,-0.000001,-0.698101,-0.005286,-0.005237,0.715960,-88.553,-0.853,-0.007,-0.003190,-0.003939,-0.000405,-0.001655,0.002747,-0.001213
1790938025.712120,1790938025.786769,0.000101,0.000012,-0.000011,-0.698075,-0.005347,-0.005297,0.715985,-88.549,-0.862,-0.007,-0.000851,-0.006167,-0.000283,-0.000589,-0.000444,0.000916
1790938025.745464,1790938025.820028,0.000120,0.000006,-0.000013,-0.698019,-0.005356,-0.005306,0.716040,-88.540,-0.864,-0.007,0.000402,-0.004077,-0.000226,-0.000589,-0.001511,-0.000148
1790938025.778808,1790938025.853281,0.000242,0.000075,-0.000005,-0.698032,-0.005325,-0.005253,0.716028,-88.542,-0.857,-0.005,0.004116,-0.003412,-0.000095,-0.002720,-0.000440,-0.000147
1790938025.812153,1790938025.892478,0.000113,0.000056,0.000010,-0.698065,-0.005297,-0.005267,0.715995,-88.547,-0.856,-0.008,-0.003621,-0.005136,0.000838,-0.001654,0.005948,-0.000148
1790938025.845498,1790938025.923083,0.000160,0.000023,-0.000011,-0.698044,-0.005337,-0.005276,0.716016,-88.544,-0.860,-0.006,0.000609,-0.005414,-0.000661,0.000477,-0.002571,-0.000147
1790938025.878851,1790938025.951168,0.000187,0.000013,-0.000006,-0.698036,-0.005335,-0.005270,0.716024,-88.542,-0.859,-0.006,0.001850,-0.004668,0.000154,-0.001653,0.000630,-0.003342
1790938025.912209,1790938025.982001,0.000211,0.000120,-0.000001,-0.698063,-0.005291,-0.005248,0.715997,-88.547,-0.854,-0.007,0.001373,-0.002021,0.000247,0.003674,-0.001500,-0.001210
1790938025.945567,1790938026.018768,0.000156,0.000168,-0.000007,-0.698110,-0.005299,-0.005242,0.715952,-88.554,-0.854,-0.006,-0.002499,-0.004000,-0.000725,-0.001654,0.001694,0.001985
1790938025.978926,1790938026.051448,0.000261,0.000068,0.000004,-0.698102,-0.005296,-0.005239,0.715960,-88.553,-0.854,-0.006,0.003337,-0.005719,0.000083,-0.000587,-0.004694,0.001986
1790938026.012285,1790938026.089473,0.000150,0.000011,0.000002,-0.698074,-0.005273,-0.005232,0.715987,-88.548,-0.851,-0.007,-0.003097,-0.006261,0.000072,-0.002717,-0.001497,0.000918
1790938026.045643,1790938026.136295,0.000079,0.000014,-0.000024,-0.698029,-0.005331,-0.005286,0.716030,-88.541,-0.860,-0.007,-0.003227,-0.004592,-0.000919,0.003673,-0.002566,-0.000146
1790938026.079002,1790938026.169318,0.000113,-0.000045,-0.000013,-0.698016,-0.005342,-0.005303,0.716043,-88.539,-0.863,-0.008,0.000027,-0.006259,-0.000015,0.000477,0.002760,-0.006538
1790938026.112361,1790938026.196716,0.000105,-0.000031,-0.000021,-0.698004,-0.005331,-0.005306,0.716054,-88.537,-0.862,-0.009,-0.001357,-0.004655,-0.000565,-0.001654,0.002757,-0.001211
1790938026.145720,1790938026.230018,0.000124,0.000108,-0.000013,-0.698026,-0.005324,-0.005286,0.716033,-88.541,-0.860,-0.008,-0.001421,-0.002326,-0.000420,-0.000589,0.002753,-0.000146
1790938026.179079,1790938026.257321,0.000171,0.000101,0.000015,-0.698076,-0.005307,-0.005254,0.715985,-88.549,-0.856,-0.007,0.000312,-0.006102,0.000868,0.000479,-0.001504,-0.001211
1790938026.212439,1790938026.285316,0.000126,0.000081,-0.000007,-0.698056,-0.005331,-0.005278,0.716004,-88.546,-0.860,-0.007,-0.001298,-0.004292,-0.000361,-0.002718,-0.002569,-0.003342
1790938026.245797,1790938026.314736,0.000096,0.000034,0.000008,-0.698060,-0.005340,-0.005283,0.716000,-88.546,-0.861,-0.006,-0.001117,-0.006385,0.000509,-0.002716,-0.003633,0.004113
1790938026.279156,1790938026.344724,0.000150,0.000011,-0.000002,-0.698033,-0.005327,-0.005273,0.716027,-88.542,-0.859,-0.007,0.001453,-0.005454,0.000148,0.000481,0.000628,-0.001212
1790938026.312516,1790938026.378262,0.000093,-0.000046,-0.000032,-0.698008,-0.005330,-0.005292,0.716051,-88.538,-0.861,-0.008,-0.002284,-0.005907,-0.001230,0.002610,0.001692,-0.003343
1790938026.345876,1790938026.414654,0.000161,0.000058,-0.000018,-0.698011,-0.005339,-0.005277,0.716048,-88.538,-0.860,-0.006,0.001469,-0.002903,-0.000920,0.002608,0.000628,0.000918
1790938026.379236,1790938026.445807,0.000203,0.000031,0.000002,-0.698052,-0.005310,-0.005261,0.716008,-88.545,-0.857,-0.007,0.001296,-0.006551,0.000218,0.002610,0.001695,-0.005473
1790938026.412596,1790938026.480954,0.000124,0.000034,-0.000034,-0.698015,-0.005307,-0.005284,0.716044,-88.539,-0.858,-0.009,-0.002739,-0.003244,-0.001743,-0.002721,-0.002568,-0.001211
1790938026.445956,1790938026.510518,0.000038,-0.000010,0.000003,-0.698033,-0.005352,-0.005303,0.716026,-88.542,-0.863,-0.007,-0.003887,-0.006146,0.000454,0.000477,0.000628,-0.001211
1790938026.479316,1790938026.541948,0.000185,-0.000013,-0.000012,-0.698005,-0.005347,-0.005301,0.716053,-88.537,-0.863,-0.007,0.004605,-0.004132,-0.000359,-0.000588,0.001695,-0.003341
1790938026.512676,1790938026.575901,0.000189,0.000087,-0.000001,-0.698037,-0.005284,-0.005258,0.716022,-88.543,-0.854,-0.009,-0.000552,-0.002870,-0.000242,-0.000589,-0.001503,-0.000146
1790938026.546037,1790938026.610636,0.000092,0.000075,-0.000002,-0.698065,-0.005316,-0.005273,0.715995,-88.547,-0.858,-0.007,-0.004376,-0.005374,-0.000631,0.000476,0.000626,-0.002277
1790938026.579397,1790938026.643090,0.000156,-0.000038,-0.000018,-0.698031,-0.005350,-0.005293,0.716028,-88.542,-0.862,-0.006,0.002205,-0.006219,-0.000649,-0.000590,-0.002565,-0.001210
1790938026.612758,1790938026.677095,0.000141,0.000030,-0.000022,-0.698000,-0.005324,-0.005287,0.716059,-88.537,-0.860,-0.008,-0.000505,-0.001959,-0.001087,0.001539,-0.000437,-0.001210
1790938026.646118,1790938026.711453,0.000199,0.000073,-0.000004,-0.698030,-0.005297,-0.005245,0.716029,-88.541,-0.854,-0.007,0.000824,-0.003792,-0.000546,0.000472,0.001693,-0.000145
1790938026.679478,1790938026.744712,0.000150,0.000028,-0.000001,-0.698044,-0.005312,-0.005245,0.716016,-88.544,-0.855,-0.005,-0.001578,-0.005172,-0.000249,0.002603,-0.001499,0.004115
1790938026.712839,1790938026.771394,0.000245,0.000077,-0.000005,-0.698026,-0.005298,-0.005244,0.716034,-88.541,-0.854,-0.007,0.002617,-0.002643,-0.000443,-0.000594,0.002759,0.000919
1790938026.746200,1790938026.798999,0.000142,0.000148,0.000001,-0.698070,-0.005291,-0.005246,0.715991,-88.548,-0.854,-0.007,-0.003860,-0.003179,-0.000665,0.001537,0.003825,0.003050
1790938026.779562,1790938026.821895,0.000176,0.000022,-0.000003,-0.698073,-0.005289,-0.005247,0.715988,-88.548,-0.854,-0.007,0.000362,-0.006419,-0.000367,-0.001661,0.000629,-0.000146
1790938026.812923,1790938026.856545,0.000112,0.000010,-0.000008,-0.698041,-0.005301,-0.005280,0.716019,-88.543,-0.857,-0.009,-0.003365,-0.003878,-0.000451,0.000470,0.004885,0.003049
1790938026.846284,1790938026.892336,0.000166,0.000039,0.000008,-0.698048,-0.005308,-0.005274,0.716012,-88.544,-0.857,-0.008,-0.000406,-0.005304,0.000301,-0.001660,-0.001507,-0.000146
1790938026.879632,1790938026.922696,0.000156,0.000047,-0.000005,-0.698030,-0.005325,-0.005267,0.716029,-88.541,-0.858,-0.006,-0.001142,-0.004988,-0.000548,-0.000594,-0.000441,-0.002277
1790938026.912972,1790938026.963019,0.000123,-0.000014,0.000009,-0.698023,-0.005334,-0.005284,0.716036,-88.540,-0.860,-0.007,-0.001336,-0.006674,0.000306,0.000472,0.000624,0.000918
1790938026.946312,1790938027.001489,0.000154,0.000039,0.000004,-0.698020,-0.005323,-0.005272,0.716039,-88.540,-0.859,-0.007,0.000655,-0.003349,0.000077,-0.001659,0.000625,0.004113
1790938026.979652,1790938027.034637,0.000129,-0.000024,-0.000021,-0.698040,-0.005302,-0.005282,0.716019,-88.543,-0.858,-0.009,-0.001419,-0.006735,-0.001161,-0.000593,0.001688,0.000917
1790938027.012992,1790938027.068008,0.000069,0.000002,-0.000028,-0.698014,-0.005320,-0.005301,0.716045,-88.539,-0.861,-0.009,-0.003775,-0.003139,-0.001009,-0.002726,0.000619,0.003048
1790938027.046332,1790938027.105395,0.000264,0.000080,0.000003,-0.698059,-0.005286,-0.005241,0.716001,-88.546,-0.853,-0.007,0.004047,-0.005512,-0.000090,-0.001661,-0.000446,0.000917
1790938027.079671,1790938027.141835,0.000203,0.000084,0.000001,-0.698089,-0.005256,-0.005242,0.715973,-88.551,-0.851,-0.010,-0.003330,-0.005363,-0.000325,0.000470,0.000614,-0.000148
1790938027.113010,1790938027.175090,0.000101,0.000011,-0.000009,-0.698072,-0.005324,-0.005273,0.715988,-88.548,-0.859,-0.007,-0.004865,-0.006685,-0.000511,-0.005921,0.000613,-0.001213
1790938027.146350,1790938027.209260,0.000160,-0.000057,-0.000000,-0.698043,-0.005339,-0.005309,0.716016,-88.544,-0.863,-0.009,0.000606,-0.007027,0.000184,0.001538,0.001678,-0.004408
1790938027.179690,1790938027.247142,0.000113,-0.000140,-0.000021,-0.698015,-0.005348,-0.005303,0.716044,-88.539,-0.863,-0.007,-0.001946,-0.008465,-0.000665,0.000471,-0.001515,0.000917
1790938027.213030,1790938027.282604,0.000120,-0.000119,-0.000039,-0.697955,-0.005365,-0.005312,0.716102,-88.529,-0.865,-0.007,-0.000248,-0.004184,-0.001513,0.001535,0.003810,-0.001212
1790938027.246369,1790938027.319263,0.000126,-0.000094,-0.000014,-0.697998,-0.005366,-0.005310,0.716059,-88.536,-0.865,-0.007,-0.000430,-0.006849,-0.000410,0.000469,-0.000448,-0.001212
1790938027.279709,1790938027.358519,0.000136,-0.000129,-0.000033,-0.697981,-0.005352,-0.005328,0.716077,-88.534,-0.865,-0.009,-0.000262,-0.005486,-0.000939,-0.000597,0.002744,-0.001213
1790938027.313049,1790938027.395172,0.000117,-0.000041,-0.000023,-0.697988,-0.005360,-0.005315,0.716070,-88.535,-0.865,-0.007,-0.001469,-0.002759,-0.000702,0.002597,-0.000450,-0.000147
1790938027.346388,1790938027.431153,0.000161,-0.000013,0.000010,-0.698046,-0.005342,-0.005296,0.716014,-88.544,-0.862,-0.007,0.001147,-0.004954,0.000988,0.000468,-0.001512,-0.001212
1790938027.379728,1790938027.464893,0.000186,-0.000023,-0.000020,-0.698042,-0.005341,-0.005286,0.716017,-88.543,-0.861,-0.006,0.001321,-0.004258,-0.001143,-0.000598,0.000619,0.000918
1790938027.413068,1790938027.500410,0.000050,-0.000045,0.000005,-0.698057,-0.005353,-0.005321,0.716002,-88.546,-0.865,-0.008,-0.004711,-0.005192,0.000684,-0.001662,0.000618,-0.000148
1790938027.446408,1790938027.536878,0.000126,-0.000064,0.000006,-0.698039,-0.005366,-0.005334,0.716020,-88.543,-0.867,-0.008,0.001205,-0.005871,0.000858,-0.000594,0.001683,0.001983
1790938027.479747,1790938027.573865,0.000139,-0.000029,-0.000013,-0.698033,-0.005341,-0.005293,0.716027,-88.542,-0.862,-0.007,-0.000266,-0.004827,-0.000216,-0.003789,0.000618,-0.002280
1790938027.513087,1790938027.607050,0.000063,-0.000071,-0.000018,-0.698030,-0.005364,-0.005320,0.716029,-88.541,-0.866,-0.007,-0.003051,-0.006060,-0.000314,0.000471,0.001682,0.000915
1790938027.546427,1790938027.644283,0.000158,-0.000127,-0.000019,-0.697999,-0.005338,-0.005306,0.716059,-88.537,-0.862,-0.008,0.002424,-0.006253,-0.000233,-0.000594,-0.001511,0.000915
1790938027.579765,1790938027.680057,0.000088,-0.000042,-0.000016,-0.697985,-0.005343,-0.005294,0.716073,-88.534,-0.862,-0.007,-0.002649,-0.003090,0.000119,-0.001660,0.001683,-0.000149
1790938027.613105,1790938027.716501,0.000108,-0.000034,0.000006,-0.698045,-0.005345,-0.005293,0.716014,-88.544,-0.862,-0.007,-0.000140,-0.006016,0.000545,-0.002723,0.001682,0.001981
1790938027.646445,1790938027.753642,0.000072,-0.000136,-0.000006,-0.698038,-0.005339,-0.005304,0.716022,-88.543,-0.862,-0.008,-0.001874,-0.007782,0.000646,0.000475,-0.002578,0.000914
1790938027.679784,1790938027.792739,0.000035,-0.000175,-0.000026,-0.697999,-0.005382,-0.005337,0.716058,-88.537,-0.869,-0.008,-0.001931,-0.006062,-0.000486,-0.000591,0.002746,0.003044
1790938027.713124,1790938027.829928,0.000071,-0.000065,-0.000023,-0.697990,-0.005360,-0.005311,0.716067,-88.535,-0.865,-0.007,-0.000097,-0.002598,-0.000501,0.000473,0.004875,0.003044
1790938027.746464,1790938027.868567,0.000112,-0.000037,-0.000011,-0.698034,-0.005356,-0.005304,0.716025,-88.542,-0.864,-0.007,0.000710,-0.004938,-0.000204,-0.001659,0.002747,0.001979
1790938027.779803,1790938027.906731,0.000109,0.000073,-0.000004,-0.698060,-0.005336,-0.005307,0.716000,-88.546,-0.862,-0.009,-0.000666,-0.000995,-0.000287,-0.000594,-0.001516,0.001979
1790938027.813143,1790938027.943689,0.000104,0.000022,0.000019,-0.698110,-0.005352,-0.005286,0.715951,-88.554,-0.862,-0.005,-0.001257,-0.006955,0.000702,-0.002722,0.002745,-0.000153
1790938027.846483,1790938027.980531,0.000135,-0.000079,0.000007,-0.698054,-0.005361,-0.005316,0.716005,-88.545,-0.865,-0.007,0.000919,-0.006027,0.000522,-0.001656,0.001681,-0.000152
1790938027.879822,1790938028.015820,0.000064,-0.000094,-0.000005,-0.698021,-0.005362,-0.005313,0.716038,-88.540,-0.865,-0.007,-0.002932,-0.005424,-0.000383,0.000474,-0.000450,-0.000152
1790938027.913160,1790938028.051703,0.000116,-0.000134,-0.000010,-0.698013,-0.005379,-0.005324,0.716046,-88.539,-0.867,-0.007,0.001018,-0.006465,-0.000290,0.000474,-0.003644,0.000913
1790938027.946499,1790938028.086364,0.000125,-0.000151,-0.000006,-0.698001,-0.005352,-0.005317,0.716057,-88.537,-0.864,-0.008,0.000019,-0.006127,0.000225,-0.003785,-0.000449,-0.002283
1790938027.979837,1790938028.120621,-0.000014,-0.000023,0.000007,-0.698009,-0.005372,-0.005323,0.716049,-88.538,-0.867,-0.007,-0.006231,-0.003412,-0.000122,-0.000589,0.001677,-0.003348
1790938028.013175,1790938028.159358,0.000122,0.000009,0.000014,-0.698059,-0.005417,-0.005341,0.716000,-88.546,-0.872,-0.005,0.002961,-0.007006,0.000391,-0.000588,-0.001513,-0.000152
1790938028.046513,1790938028.196309,0.000098,-0.000002,-0.000008,-0.698054,-0.005371,-0.005330,0.716005,-88.545,-0.867,-0.008,-0.000566,-0.005186,-0.000841,-0.002720,-0.001514,0.000914
1790938028.079852,1790938028.232800,0.000070,-0.000019,0.000005,-0.698058,-0.005394,-0.005321,0.716001,-88.546,-0.868,-0.005,-0.001492,-0.005908,0.000082,-0.000588,-0.001513,0.003044
1790938028.113190,1790938028.267183,0.000119,-0.000097,0.000014,-0.698042,-0.005385,-0.005335,0.716016,-88.543,-0.869,-0.007,0.001322,-0.006844,0.000643,-0.002717,0.002746,-0.000152
1790938028.146528,1790938028.302391,0.000070,-0.000086,-0.000006,-0.698008,-0.005395,-0.005332,0.716050,-88.538,-0.869,-0.006,-0.001687,-0.005290,-0.000426,-0.001653,-0.001511,-0.001216
1790938028.179867,1790938028.337521,0.000102,-0.000146,0.000000,-0.698006,-0.005420,-0.005338,0.716052,-88.538,-0.872,-0.004,0.001261,-0.007446,0.000041,0.001545,-0.003639,0.001979
1790938028.213205,1790938028.376167,0.000158,-0.000168,-0.000000,-0.697967,-0.005405,-0.005328,0.716090,-88.531,-0.870,-0.005,0.002907,-0.005441,-0.000074,-0.000586,0.001690,0.001980
1790938028.246544,1790938028.411460,0.000117,-0.000070,-0.000007,-0.697970,-0.005376,-0.005331,0.716087,-88.532,-0.868,-0.007,-0.001290,-0.003815,-0.000529,0.000478,-0.000440,-0.000151
1790938028.279882,1790938028.445072,0.000079,-0.000058,-0.000008,-0.698008,-0.005395,-0.005339,0.716050,-88.538,-0.870,-0.007,-0.002412,-0.005417,-0.001147,0.000477,0.000623,-0.002283
1790938028.313221,1790938028.479939,0.000208,-0.000080,-0.000002,-0.698003,-0.005396,-0.005333,0.716055,-88.537,-0.869,-0.006,0.004030,-0.005046,-0.000284,0.001544,-0.000437,-0.002281
1790938028.346559,1790938028.514667,0.000107,-0.000072,-0.000013,-0.698007,-0.005346,-0.005301,0.716051,-88.538,-0.863,-0.007,-0.002974,-0.004983,-0.000783,-0.000588,-0.001504,0.000914
1790938028.379897,1790938028.549694,0.000074,-0.000030,-0.000001,-0.698010,-0.005403,-0.005326,0.716048,-88.538,-0.869,-0.005,-0.002115,-0.003848,-0.000230,0.000476,-0.002569,-0.003347
1790938028.413235,1790938028.584946,0.000105,-0.000077,0.000006,-0.698013,-0.005440,-0.005358,0.716045,-88.539,-0.875,-0.005,0.001410,-0.006745,0.000219,-0.000588,-0.003629,-0.000151
1790938028.446573,1790938028.621297,0.000059,-0.000148,-0.000012,-0.697991,-0.005427,-0.005366,0.716065,-88.535,-0.874,-0.006,-0.000447,-0.006072,-0.000274,-0.000588,-0.001496,-0.002282
1790938028.479911,1790938028.658969,0.000083,-0.000141,-0.000002,-0.697985,-0.005429,-0.005371,0.716072,-88.534,-0.875,-0.007,0.000615,-0.005778,0.000228,0.000478,0.001698,-0.002282
1790938028.513249,1790938028.696582,0.000041,-0.000097,-0.000010,-0.697979,-0.005411,-0.005379,0.716077,-88.533,-0.874,-0.009,-0.002146,-0.004769,-0.000444,-0.000586,0.001696,0.000914
1790938028.546587,1790938028.734560,0.000140,-0.000067,-0.000004,-0.698015,-0.005404,-0.005344,0.716043,-88.539,-0.871,-0.006,0.002109,-0.004868,-0.000113,-0.000587,0.001697,0.003045
1790938028.579926,1790938028.767276,0.000022,-0.000095,0.000005,-0.698021,-0.005382,-0.005355,0.716037,-88.540,-0.870,-0.009,-0.004978,-0.006026,0.000313,0.000479,-0.002568,-0.000151
1790938028.613264,1790938028.800180,0.000094,-0.000082,-0.000010,-0.697979,-0.005424,-0.005363,0.716078,-88.533,-0.874,-0.006,0.000962,-0.004811,-0.000337,-0.000585,0.000631,0.000914
1790938028.646602,1790938028.834152,0.000027,-0.000062,-0.000019,-0.698004,-0.005404,-0.005374,0.716054,-88.537,-0.873,-0.009,-0.002759,-0.005837,-0.001019,0.001544,-0.000437,0.001979
1790938028.679940,1790938028.859699,0.000107,-0.000076,-0.000004,-0.698004,-0.005417,-0.005363,0.716053,-88.537,-0.873,-0.007,0.001337,-0.005258,-0.000442,-0.001654,-0.001501,-0.000152
1790938028.713278,1790938028.884366,0.000164,-0.000091,-0.000003,-0.698004,-0.005382,-0.005333,0.716054,-88.537,-0.868,-0.007,0.001916,-0.005657,-0.000263,0.000478,0.004892,-0.000151
1790938028.746616,1790938028.910187,0.000042,-0.000111,-0.000010,-0.697994,-0.005397,-0.005345,0.716063,-88.536,-0.870,-0.007,-0.003696,-0.005512,-0.000178,-0.001653,-0.000433,0.000913
1790938028.779954,1790938028.938714,0.000109,-0.000126,0.000022,-0.698004,-0.005398,-0.005348,0.716053,-88.537,-0.871,-0.007,0.001257,-0.006040,0.001474,-0.000583,0.001696,-0.000152
1790938028.813293,1790938028.967142,0.000166,-0.000035,0.000005,-0.698003,-0.005372,-0.005316,0.716055,-88.537,-0.866,-0.007,0.001638,-0.003665,0.000157,-0.002713,-0.003626,-0.000151
1790938028.846630,1790938029.001031,0.000090,0.000035,0.000002,-0.698017,-0.005399,-0.005316,0.716041,-88.539,-0.868,-0.004,-0.002466,-0.003682,-0.000571,-0.000584,-0.002561,0.000912
1790938028.879968,1790938029.036989,0.000105,-0.000001,0.000013,-0.698034,-0.005433,-0.005324,0.716025,-88.542,-0.872,-0.002,0.000780,-0.005989,0.000157,0.003678,0.000639,-0.002283
1790938028.913305,1790938029.071826,0.000077,-0.000036,-0.000017,-0.697952,-0.005435,-0.005318,0.716104,-88.529,-0.871,-0.002,-0.000125,-0.004423,-0.000970,0.005808,0.002770,-0.002283
1790938028.946642,1790938029.105414,-0.000162,-0.000174,-0.000018,-0.697908,-0.005522,-0.005458,0.716145,-88.522,-0.890,-0.006,-0.007658,-0.008127,-0.000208,0.001548,0.002769,-0.001217
1790938028.979980,1790938029.138969,0.000032,-0.000179,-0.000019,-0.697859,-0.005583,-0.005513,0.716193,-88.514,-0.899,-0.006,0.004424,-0.004723,0.000010,-0.003778,-0.001490,-0.005479
1790938029.013317,1790938029.175262,0.000145,-0.000032,-0.000006,-0.697960,-0.005585,-0.005524,0.716094,-88.530,-0.900,-0.007,0.003464,-0.003410,0.000119,-0.009104,0.000643,-0.004412
1790938029.046654,1790938029.211068,0.000040,-0.000019,-0.000031,-0.698068,-0.005607,-0.005629,0.715987,-88.548,-0.910,-0.013,-0.002183,-0.004455,-0.001457,-0.009107,0.004904,-0.001217
1790938029.079991,1790938029.245520,0.000052,0.000022,-0.000005,-0.698266,-0.005542,-0.005813,0.715793,-88.579,-0.920,-0.033,-0.000109,-0.002923,-0.000050,-0.005911,0.003839,-0.001216
1790938029.113329,1790938029.280392,0.000045,0.000004,-0.000023,-0.698339,-0.005516,-0.005816,0.715722,-88.591,-0.918,-0.036,0.000643,-0.004707,-0.001291,-0.002717,-0.008936,0.005174
1790938029.146666,1790938029.315608,0.000028,-0.000054,0.000005,-0.698382,-0.005541,-0.005786,0.715680,-88.598,-0.917,-0.031,0.000210,-0.004631,0.000255,-0.004849,0.005975,-0.001216
1790938029.180003,1790938029.350730,0.000050,-0.000136,0.000004,-0.698403,-0.005534,-0.005886,0.715659,-88.601,-0.925,-0.040,0.001328,-0.006910,0.000116,-0.004847,0.003848,0.004109
1790938029.213340,1790938029.386188,0.000031,-0.000282,-0.000012,-0.698401,-0.005425,-0.005972,0.715661,-88.601,-0.923,-0.056,-0.000291,-0.008029,0.000037,-0.008042,0.013436,-0.003348
1790938029.246677,1790938029.420372,0.000035,-0.000420,-0.000031,-0.698500,-0.005174,-0.006405,0.715563,-88.616,-0.937,-0.111,-0.002461,-0.008131,-0.000994,0.000478,0.026211,-0.001219
1790938029.280015,1790938029.454534,0.000094,-0.000622,-0.000026,-0.698606,-0.005062,-0.006538,0.715458,-88.633,-0.938,-0.131,0.002082,-0.009615,0.000459,-0.016563,0.001725,0.006235
1790938029.313352,1790938029.489413,-0.000105,-0.000931,-0.000064,-0.698761,-0.004876,-0.006749,0.715307,-88.658,-0.940,-0.163,-0.005573,-0.013572,0.000302,-0.017625,0.023021,-0.009743
1790938029.346688,1790938029.526127,0.000193,-0.000953,-0.000031,-0.698999,-0.004675,-0.006798,0.715075,-88.696,-0.928,-0.183,0.009422,-0.006095,0.001610,-0.033606,-0.000404,0.011562
1790938029.380024,1790938029.562543,0.000057,-0.001050,0.000007,-0.699492,-0.004419,-0.006803,0.714594,-88.775,-0.907,-0.203,-0.003563,-0.012544,0.002462,-0.045316,0.024097,-0.005482
1790938029.413362,1790938029.598351,0.000012,-0.001233,0.000059,-0.700135,-0.004324,-0.006931,0.713964,-88.878,-0.910,-0.220,-0.001108,-0.012367,0.006202,-0.113487,-0.008922,0.021148
1790938029.446698,1790938029.636366,-0.000036,-0.001312,0.000217,-0.701640,-0.003949,-0.006632,0.712490,-89.119,-0.856,-0.224,-0.000219,-0.013775,0.012635,-0.169929,0.050726,0.071215
1790938029.480035,1790938029.673673,-0.000464,-0.001909,0.000203,-0.703627,-0.002023,-0.007135,0.710531,-89.438,-0.740,-0.418,-0.022597,-0.027012,0.008037,-0.183767,0.172132,0.076533
1790938029.513372,1790938029.710990,-0.000060,-0.002022,0.000174,-0.705281,0.000725,-0.007757,0.708885,-89.705,-0.568,-0.689,-0.002803,-0.010514,-0.001093,-0.168864,0.110352,0.093578
1790938029.546709,1790938029.751716,-0.000108,-0.001889,0.000636,-0.707688,0.002363,-0.008335,0.706472,-90.095,-0.485,-0.866,0.001797,-0.015135,0.012660,-0.262593,0.079479,-0.007618
1790938029.580046,1790938029.791596,-0.000292,-0.001724,0.001023,-0.711328,0.003096,-0.009946,0.702783,-90.687,-0.561,-1.053,-0.006575,-0.019436,0.007255,-0.300900,0.093363,-0.100280
1790938029.613383,1790938029.827387,-0.000421,-0.002329,0.001145,-0.715156,0.002455,-0.012217,0.698854,-91.313,-0.805,-1.180,-0.006775,-0.025994,0.005785,-0.245420,0.062570,-0.110876
1790938029.646719,1790938029.873758,-0.000393,-0.002249,0.001016,-0.717312,0.002525,-0.013722,0.696613,-91.667,-0.926,-1.303,-0.002255,-0.023265,0.002291,-0.079252,0.030737,-0.039438
1790938029.680056,1790938029.911500,-0.000383,-0.000203,0.000703,-0.716209,0.002364,-0.014844,0.697724,-91.486,-1.029,-1.381,-0.002634,-0.006184,-0.003450,0.076166,0.056361,-0.006302
1790938029.713392,1790938029.944347,-0.000247,0.000426,0.000523,-0.717216,0.003548,-0.015067,0.696679,-91.652,-0.955,-1.495,-0.002289,-0.003906,-0.004934,0.101279,0.068164,0.013051
1790938029.746729,1790938029.978190,-0.000511,0.000595,0.000458,-0.716833,0.004515,-0.015467,0.697059,-91.590,-0.910,-1.607,-0.003323,0.000104,-0.004236,-0.003656,0.029903,0.042004
1790938029.780065,1790938030.013491,-0.000764,0.000194,0.000676,-0.717521,0.005447,-0.014907,0.696356,-91.704,-0.791,-1.638,-0.001507,0.002496,-0.002462,-0.097737,-0.005053,0.132690
1790938029.813401,1790938030.049162,-0.000804,0.000175,0.000571,-0.715640,0.010426,-0.010737,0.698309,-91.404,-0.046,-1.714,0.012223,-0.004725,0.019946,0.483270,0.062045,0.634519
1790938029.846738,1790938030.084466,-0.001095,-0.000385,0.000555,-0.711364,0.020044,-0.002908,0.702532,-90.738,1.377,-1.869,0.002838,-0.007045,0.020004,0.165012,0.071246,0.501194
1790938029.880075,1790938030.125114,-0.001436,-0.000474,0.000769,-0.711560,0.023732,0.000285,0.702224,-90.789,1.933,-1.914,-0.011068,0.010252,-0.011309,-0.051167,-0.018250,0.130198
1790938029.913413,1790938030.163576,-0.001358,-0.001536,0.000602,-0.711312,0.026810,0.003161,0.702357,-90.767,2.416,-1.933,-0.014230,-0.011288,-0.003925,0.009587,0.010491,0.354472
1790938029.946751,1790938030.192081,-0.001950,-0.002338,-0.000046,-0.711394,0.029386,0.006036,0.702152,-90.797,2.858,-1.913,-0.007043,-0.003563,-0.013224,-0.023686,-0.054618,0.218751
1790938029.980088,1790938030.215931,-0.001285,-0.001614,-0.000710,-0.711062,0.032287,0.009895,0.702318,-90.764,3.407,-1.838,-0.001158,-0.002409,-0.010769,-0.007849,-0.026928,0.328112
1790938030.013426,1790938030.251782,-0.000728,-0.001359,-0.000728,-0.710703,0.035837,0.014557,0.702428,-90.733,4.074,-1.752,0.000566,-0.007045,-0.012263,-0.013054,-0.064233,0.338309
1790938030.046764,1790938030.275512,0.000068,-0.001394,0.000821,-0.710661,0.039056,0.019156,0.702189,-90.755,4.708,-1.645,0.002570,-0.003971,-0.010180,-0.089653,-0.086574,0.208275
1790938030.080101,1790938030.308009,0.003123,-0.003154,0.001651,-0.710645,0.038236,0.022293,0.702157,-90.745,4.898,-1.325,0.003297,-0.027533,-0.020764,-0.258600,-0.176902,-0.114739
1790938030.113439,1790938030.342330,0.006149,-0.002594,0.006935,-0.716558,0.034197,0.021571,0.696355,-91.681,4.505,-1.090,0.008030,0.000660,-0.008344,-0.290287,-0.089380,-0.421608
1790938030.146777,1790938030.366018,0.006811,-0.005172,0.007785,-0.717500,0.026442,0.016218,0.695867,-91.780,3.444,-0.882,-0.000055,-0.029761,-0.010575,-0.371342,-0.044769,-0.585626
1790938030.180114,1790938030.400147,0.008072,-0.008000,0.008973,-0.721528,0.019484,0.010066,0.692038,-92.407,2.378,-0.813,0.015162,-0.033790,0.005279,-0.379998,0.021094,-0.578108
1790938030.213451,1790938030.428184,0.010836,-0.012553,0.011651,-0.725202,0.011435,0.002850,0.688435,-92.987,1.139,-0.726,0.019346,-0.058450,0.009808,-0.501209,-0.023641,-0.738638
1790938030.246788,1790938030.459939,0.011674,-0.016380,0.014062,-0.730008,0.005142,-0.003875,0.683408,-93.777,0.078,-0.734,0.032158,-0.064805,0.044736,-0.274432,0.090116,-0.271873
1790938030.280126,1790938030.488569,0.007478,-0.020590,0.012607,-0.731178,0.002643,-0.008072,0.682134,-93.971,-0.470,-0.852,0.012167,-0.086989,0.046184,-0.037787,0.048651,0.020312
1790938030.313463,1790938030.515932,0.013955,-0.021643,0.015041,-0.731886,0.004841,-0.005605,0.681387,-94.092,-0.092,-0.844,0.049249,-0.094426,0.052013,-0.004909,-0.085599,-0.018989
1790938030.346801,1790938030.542211,0.014772,-0.020043,0.014540,-0.732842,0.002802,-0.004797,0.680376,-94.251,-0.184,-0.609,0.047580,-0.083073,0.050992,0.063230,-0.104893,0.050453
1790938030.380138,1790938030.573519,0.019325,-0.022156,0.017956,-0.731870,0.003793,-0.002073,0.681430,-94.088,0.122,-0.480,0.061725,-0.080848,0.064975,0.118545,-0.030497,0.144322
1790938030.413475,1790938030.600959,0.017533,-0.020486,0.016275,-0.731554,0.004501,-0.001419,0.681767,-94.036,0.233,-0.488,0.048809,-0.069398,0.056117,0.101429,0.018575,0.074094
1790938030.446813,1790938030.621825,0.018823,-0.022261,0.018148,-0.730340,0.005413,-0.001281,0.683061,-93.833,0.317,-0.553,0.045886,-0.068540,0.059565,0.116399,0.011138,0.046490
1790938030.480150,1790938030.644969,0.019923,-0.023350,0.018835,-0.728748,0.005656,-0.000600,0.684758,-93.567,0.394,-0.519,0.042762,-0.066643,0.073619,0.215474,-0.038909,0.012502
1790938030.513487,1790938030.670391,0.020009,-0.023063,0.019170,-0.725683,0.005761,-0.000980,0.688004,-93.055,0.373,-0.556,0.052314,-0.052776,0.088760,0.365631,0.108117,0.011547
1790938030.546825,1790938030.729154,0.019316,-0.022566,0.020140,-0.721364,0.006452,-0.003747,0.692516,-92.339,0.202,-0.831,0.051222,-0.050167,0.095613,0.401794,0.135799,-0.204591
1790938030.580162,1790938030.778972,0.006294,-0.007947,0.029745,-0.718786,0.003185,-0.010034,0.695152,-91.910,-0.573,-1.062,0.018121,0.004427,0.124747,0.454375,0.121217,-0.227089
1790938030.613499,1790938030.811875,0.014466,-0.009028,0.027430,-0.712780,0.004018,-0.011288,0.701285,-90.925,-0.599,-1.235,0.032736,0.011191,0.109429,0.505516,0.033909,-0.000378
1790938030.646837,1790938030.841383,0.015225,-0.012509,0.026068,-0.706993,0.003144,-0.011516,0.707120,-89.983,-0.678,-1.188,0.026615,0.007320,0.081465,0.334164,-0.052413,-0.077672
1790938030.680173,1790938030.873636,0.020081,-0.017010,0.028691,-0.703458,0.002000,-0.011090,0.710648,-89.411,-0.731,-1.064,0.039177,-0.004479,0.063649,0.086295,-0.102593,-0.109389
1790938030.713510,1790938030.904600,0.020973,-0.018318,0.027579,-0.704098,-0.002509,-0.012466,0.709989,-89.514,-1.210,-0.812,0.050400,-0.013031,0.036540,-0.238560,-0.139990,-0.340118
1790938030.746847,1790938030.926279,0.022692,-0.020155,0.029693,-0.706898,-0.007258,-0.014860,0.707122,-89.972,-1.792,-0.616,0.055186,-0.015904,0.040268,-0.247960,-0.082530,-0.258956
1790938030.780184,1790938030.949057,0.023442,-0.020508,0.029867,-0.708013,-0.010515,-0.016551,0.705927,-90.160,-2.194,-0.486,0.047389,-0.012114,0.063902,0.055718,-0.051672,-0.160858
1790938030.813521,1790938030.973491,0.024117,-0.019341,0.028352,-0.705474,-0.012239,-0.017457,0.708415,-89.753,-2.406,-0.428,0.043805,-0.008432,0.085249,0.330539,-0.004817,-0.078758
1790938030.846859,1790938031.001760,0.024390,-0.018088,0.027831,-0.700999,-0.013397,-0.018816,0.712788,-89.034,-2.607,-0.461,0.042864,-0.008660,0.089355,0.359309,0.034581,-0.124488
1790938030.880201,1790938031.036079,0.012995,0.000030,0.044674,-0.698437,-0.014269,-0.021082,0.715219,-88.625,-2.858,-0.587,0.024113,0.028696,0.104850,0.271324,0.082944,-0.039106
1790938030.913552,1790938031.066080,0.011499,0.000316,0.040338,-0.695680,-0.014186,-0.022341,0.717864,-88.184,-2.949,-0.708,0.012260,0.025043,0.070645,0.079741,0.009623,-0.036990
1790938030.946904,1790938031.092063,0.008936,-0.000006,0.035549,-0.695328,-0.015264,-0.022512,0.718178,-88.131,-3.051,-0.637,-0.000582,0.021761,0.044284,-0.070500,-0.087272,-0.011841
1790938030.980255,1790938031.111528,0.009027,-0.000023,0.037598,-0.695947,-0.015588,-0.021379,0.717606,-88.231,-2.988,-0.516,0.008914,0.016681,0.048012,-0.095912,-0.023341,0.087143
1790938031.013607,1790938031.130993,0.009493,-0.000517,0.039425,-0.696334,-0.013982,-0.020577,0.717287,-88.288,-2.792,-0.576,0.023888,0.012654,0.066337,-0.015984,0.094845,0.111591
1790938031.046959,1790938031.150248,0.010479,-0.001015,0.041519,-0.695459,-0.011499,-0.020947,0.718168,-88.141,-2.617,-0.808,0.030835,0.011932,0.086005,0.057501,0.138425,0.063603
1790938031.080311,1790938031.170113,0.011997,-0.001287,0.044431,-0.694402,-0.009053,-0.021985,0.719194,-87.967,-2.496,-1.093,0.034867,0.014257,0.101823,0.034047,0.149004,0.072090
1790938031.113661,1790938031.190817,0.013377,-0.001403,0.048130,-0.693925,-0.006701,-0.022521,0.719663,-87.887,-2.344,-1.326,0.028249,0.017291,0.112590,-0.022389,0.089334,0.082723
1790938031.147013,1790938031.213552,0.018612,-0.002685,0.052150,-0.693633,-0.005089,-0.021820,0.719980,-87.838,-2.155,-1.397,0.022114,0.014497,0.135938,-0.010624,-0.015151,0.051816
1790938031.180365,1790938031.252894,0.021607,-0.003362,0.057214,-0.693449,-0.005006,-0.021214,0.720176,-87.809,-2.099,-1.354,0.025685,0.013214,0.167717,-0.022343,-0.008797,0.027315
1790938031.213717,1790938031.281422,0.022855,-0.004078,0.063972,-0.693703,-0.003975,-0.021055,0.719943,-87.848,-2.002,-1.422,0.033450,0.013432,0.197031,-0.078791,0.082738,0.096548
1790938031.247069,1790938031.307406,0.022697,-0.004565,0.072234,-0.694351,-0.001795,-0.021405,0.719316,-87.950,-1.851,-1.623,0.032613,0.014377,0.230847,-0.092635,0.124188,0.052842
1790938031.280421,1790938031.341461,0.022366,-0.004800,0.081526,-0.695383,0.000021,-0.022052,0.718301,-88.115,-1.756,-1.818,0.024681,0.009427,0.261944,-0.145913,0.076218,0.080524
1790938031.313774,1790938031.374394,0.020127,-0.002451,0.094402,-0.696602,0.001052,-0.022584,0.717102,-88.309,-1.717,-1.941,0.011493,0.011983,0.303184,-0.093957,0.034607,-0.013686
1790938031.347126,1790938031.411889,0.021569,-0.000690,0.105948,-0.696669,-0.000478,-0.022912,0.717026,-88.320,-1.869,-1.846,-0.006776,0.012624,0.332892,0.023008,-0.150629,-0.093606
1790938031.380478,1790938031.448612,0.022961,-0.007765,0.117154,-0.695549,-0.003801,-0.021865,0.718135,-88.142,-2.056,-1.497,-0.007508,0.003464,0.344864,0.016650,-0.203746,-0.092454
1790938031.413831,1790938031.481468,0.021697,-0.006911,0.131202,-0.695499,-0.006901,-0.021105,0.718184,-88.138,-2.251,-1.188,-0.002093,0.018085,0.354878,-0.090005,-0.132321,-0.050943
1790938031.447183,1790938031.510811,0.021308,-0.007357,0.144954,-0.696582,-0.009802,-0.020700,0.717112,-88.316,-2.459,-0.919,0.000590,0.034653,0.370234,-0.196571,-0.155778,-0.085052
1790938031.480536,1790938031.544660,0.020712,-0.006825,0.158297,-0.698378,-0.012656,-0.020180,0.715333,-88.611,-2.653,-0.642,0.010595,0.051681,0.401295,-0.182737,-0.125965,-0.026485
1790938031.513888,1790938031.581373,0.019622,-0.011632,0.176040,-0.699269,-0.014464,-0.019625,0.714443,-88.759,-2.758,-0.448,0.019942,0.057628,0.446364,-0.104901,-0.097225,-0.014727
1790938031.547241,1790938031.613025,0.020289,-0.010402,0.190608,-0.699039,-0.016644,-0.018741,0.714644,-88.730,-2.865,-0.202,0.015652,0.067216,0.486129,0.065559,-0.175036,-0.004087
1790938031.580593,1790938031.648326,0.020834,-0.008329,0.207286,-0.696773,-0.019037,-0.016629,0.716846,-88.377,-2.893,0.154,0.015941,0.075782,0.513536,0.189159,-0.185612,0.042801
1790938031.613945,1790938031.687191,0.022218,-0.009177,0.223420,-0.693959,-0.019965,-0.014159,0.719598,-87.932,-2.773,0.421,0.030725,0.079000,0.526012,0.184024,-0.098895,0.098282
1790938031.647298,1790938031.717611,0.026741,-0.007659,0.243356,-0.691300,-0.019270,-0.012210,0.722208,-87.506,-2.563,0.517,0.042251,0.086021,0.533419,0.161652,0.038331,0.161082
1790938031.680651,1790938031.753006,0.026932,-0.004788,0.262203,-0.689625,-0.017144,-0.011850,0.723866,-87.232,-2.359,0.372,0.046575,0.090999,0.531817,0.083860,0.141552,0.087537
1790938031.714004,1790938031.787577,0.027171,-0.005035,0.282669,-0.687869,-0.014650,-0.013560,0.725560,-86.946,-2.288,0.027,0.047085,0.088873,0.543802,0.152118,0.200195,0.025600
1790938031.747357,1790938031.820824,0.027314,0.000126,0.304345,-0.685420,-0.012459,-0.015969,0.727866,-86.552,-2.294,-0.354,0.041170,0.087722,0.552332,0.147748,0.191675,0.014864
1790938031.780710,1790938031.864870,0.028459,0.003668,0.324908,-0.683540,-0.010637,-0.018136,0.729610,-86.252,-2.310,-0.684,0.034849,0.082050,0.550381,0.061398,0.140577,-0.014997
1790938031.814064,1790938031.893181,0.028172,0.005148,0.344121,-0.683152,-0.010157,-0.019720,0.729939,-86.189,-2.394,-0.855,0.019324,0.067165,0.543461,-0.085480,0.044514,-0.032076
1790938031.847417,1790938031.918391,0.027836,0.007966,0.366336,-0.684148,-0.010515,-0.020915,0.728967,-86.346,-2.519,-0.924,0.008617,0.055377,0.547389,-0.161202,0.028603,-0.042758
1790938031.880765,1790938031.945107,0.028103,0.008996,0.386591,-0.685500,-0.010877,-0.022033,0.727658,-86.560,-2.639,-0.984,-0.001120,0.042322,0.564368,-0.140994,0.024351,-0.010813
1790938031.914102,1790938031.966785,0.028175,0.009193,0.406999,-0.686189,-0.010809,-0.022470,0.726996,-86.668,-2.668,-1.023,-0.008994,0.027954,0.585225,-0.077073,0.020083,0.009425
1790938031.947439,1790938031.998944,0.026217,0.008898,0.428941,-0.686522,-0.010832,-0.023075,0.726662,-86.721,-2.718,-1.071,-0.014966,0.014369,0.607611,-0.090942,0.022256,0.011529
1790938031.980776,1790938032.030752,0.024629,0.009091,0.451982,-0.687252,-0.010572,-0.023396,0.725966,-86.835,-2.723,-1.115,-0.015818,0.003169,0.628467,-0.143169,0.014821,0.022163
1790938032.014112,1790938032.075140,0.025665,0.006555,0.472111,-0.688737,-0.010392,-0.023403,0.724559,-87.070,-2.711,-1.124,-0.010466,-0.013323,0.644327,-0.181373,0.009410,0.023258
1790938032.047449,1790938032.099086,0.023754,0.006883,0.496588,-0.690322,-0.010244,-0.023904,0.723034,-87.320,-2.741,-1.172,-0.004954,-0.018577,0.668505,-0.157962,0.032886,-0.032154
1790938032.080786,1790938032.143869,0.023549,0.005216,0.520884,-0.691340,-0.010873,-0.025103,0.722012,-87.483,-2.890,-1.217,-0.003290,-0.024001,0.688705,-0.090856,0.011585,-0.069446
1790938032.114124,1790938032.175509,0.023654,0.002996,0.545437,-0.691637,-0.011472,-0.026305,0.721675,-87.531,-3.035,-1.268,0.001656,-0.027314,0.698108,-0.061021,0.055253,-0.021512
1790938032.147460,1790938032.198602,0.024056,0.001024,0.570008,-0.691904,-0.010811,-0.027255,0.721394,-87.572,-3.056,-1.398,-0.001551,-0.029258,0.700857,-0.069562,0.072247,0.031704
1790938032.180797,1790938032.240180,0.023815,-0.001215,0.594664,-0.692275,-0.009981,-0.027712,0.721032,-87.629,-3.024,-1.500,-0.014752,-0.033545,0.699674,-0.067433,0.033882,0.017842
1790938032.214134,1790938032.278000,0.023667,-0.003757,0.619154,-0.692729,-0.010150,-0.028107,0.720578,-87.702,-3.071,-1.517,-0.028647,-0.038478,0.695622,-0.087659,-0.034262,-0.047127
1790938032.247471,1790938032.313462,0.023398,-0.006601,0.643495,-0.693525,-0.011818,-0.028164,0.719785,-87.832,-3.215,-1.386,-0.042428,-0.042320,0.699604,-0.113201,-0.109840,-0.069475
1790938032.280808,1790938032.341205,0.024881,-0.011534,0.664447,-0.694515,-0.013696,-0.027762,0.718812,-87.995,-3.339,-1.199,-0.043256,-0.046536,0.702871,-0.109825,-0.090545,-0.088592
1790938032.314145,1790938032.368783,0.022275,-0.011982,0.689181,-0.695932,-0.015987,-0.028159,0.717377,-88.229,-3.562,-1.042,-0.048318,-0.042469,0.704534,-0.159906,-0.090547,-0.138671
1790938032.347482,1790938032.402596,0.020034,-0.014524,0.714615,-0.697447,-0.018771,-0.028875,0.715808,-88.482,-3.850,-0.870,-0.049554,-0.040218,0.716193,-0.131154,-0.093730,-0.134432
1790938032.380819,1790938032.432924,0.017527,-0.015392,0.740556,-0.698877,-0.020328,-0.028826,0.714371,-88.718,-3.976,-0.733,-0.045343,-0.032403,0.729593,-0.123716,-0.031960,0.039200
1790938032.414155,1790938032.467826,0.015343,-0.017295,0.766222,-0.699900,-0.019862,-0.028078,0.713413,-88.881,-3.879,-0.704,-0.047440,-0.028530,0.737976,-0.082180,-0.007496,0.056224
1790938032.447491,1790938032.513300,0.011943,-0.018447,0.791476,-0.700466,-0.019389,-0.027265,0.712901,-88.970,-3.775,-0.673,-0.055614,-0.022173,0.739337,-0.033175,-0.011755,0.061530
1790938032.480828,1790938032.545544,0.007213,-0.018690,0.813013,-0.700462,-0.018186,-0.027036,0.712945,-88.964,-3.658,-0.751,-0.050541,-0.014140,0.728941,-0.003283,0.078014,0.029660
1790938032.514164,1790938032.570153,0.000802,-0.015549,0.837004,-0.700180,-0.016749,-0.028091,0.713217,-88.913,-3.625,-0.954,-0.057198,-0.002639,0.714343,0.030821,0.100472,-0.016148
1790938032.547501,1790938032.593563,-0.001659,-0.015354,0.860550,-0.699321,-0.015790,-0.028998,0.714045,-88.771,-3.618,-1.110,-0.062703,0.000207,0.692235,0.076633,0.050432,0.036049
1790938032.580837,1790938032.644111,-0.003892,-0.014962,0.883497,-0.698448,-0.014507,-0.028381,0.714950,-88.627,-3.462,-1.166,-0.066601,0.000310,0.659562,0.037217,0.007848,0.094645
1790938032.614174,1790938032.670860,-0.006339,-0.015051,0.905387,-0.698128,-0.014028,-0.027740,0.715298,-88.574,-3.371,-1.154,-0.071216,0.004491,0.627166,0.005259,-0.011299,0.004088
1790938032.647511,1790938032.697855,-0.008544,-0.015564,0.925897,-0.698083,-0.013860,-0.027316,0.715362,-88.566,-3.323,-1.132,-0.071789,0.007934,0.599274,-0.022432,-0.004897,0.055218
1790938032.680847,1790938032.738042,-0.011218,-0.016152,0.945094,-0.698390,-0.012846,-0.026714,0.715104,-88.613,-3.192,-1.163,-0.066209,0.008131,0.572338,-0.032016,0.056865,0.054132
1790938032.714184,1790938032.768635,-0.012692,-0.021380,0.954385,-0.698362,-0.011777,-0.027424,0.715123,-88.605,-3.161,-1.307,-0.061092,-0.000664,0.542036,0.038394,0.073922,-0.060898
1790938032.747520,1790938032.814913,-0.015533,-0.019197,0.969010,-0.697764,-0.011273,-0.028658,0.715666,-88.508,-3.218,-1.451,-0.055033,-0.002807,0.526800,0.092750,0.095243,-0.014032
1790938032.780856,1790938032.846282,-0.016403,-0.019464,0.983159,-0.696457,-0.009151,-0.029295,0.716942,-88.294,-3.091,-1.679,-0.041793,-0.005765,0.516131,0.148155,0.144233,0.085026
1790938032.814193,1790938032.875208,-0.016370,-0.020159,0.996331,-0.694816,-0.006006,-0.028872,0.718582,-88.027,-2.794,-1.902,-0.040853,-0.008611,0.500888,0.155631,0.074971,0.150008
1790938032.847529,1790938032.913931,-0.015530,-0.021263,1.008509,-0.693334,-0.003315,-0.027207,0.720095,-87.788,-2.436,-1.984,-0.039901,-0.009508,0.478950,0.110933,0.041962,0.158571
1790938032.880866,1790938032.941538,-0.018024,-0.024490,1.012320,-0.692835,-0.000028,-0.025258,0.720654,-87.708,-2.008,-2.085,-0.039407,-0.011776,0.438654,-0.002988,0.093963,0.199020
1790938032.914202,1790938032.972258,-0.019363,-0.023100,1.023442,-0.693969,0.003003,-0.024151,0.719593,-87.890,-1.673,-2.232,-0.041236,-0.010833,0.395516,-0.126540,0.052401,0.070100
1790938032.947540,1790938033.016586,-0.019403,-0.023707,1.033537,-0.696029,0.004049,-0.023775,0.717608,-88.220,-1.563,-2.279,-0.042967,-0.011504,0.353099,-0.175501,-0.018957,-0.011877
1790938032.980877,1790938033.043295,-0.018735,-0.024915,1.040893,-0.698550,0.003318,-0.023155,0.715179,-88.622,-1.582,-2.165,-0.041978,-0.017173,0.317894,-0.211640,-0.106286,-0.089549
1790938033.014215,1790938033.068411,-0.018044,-0.026760,1.046278,-0.701376,0.000855,-0.022503,0.712436,-89.075,-1.739,-1.907,-0.038102,-0.023915,0.294350,-0.207285,-0.152068,-0.115021
1790938033.047552,1790938033.098941,-0.017827,-0.028592,1.049503,-0.703617,-0.001835,-0.021968,0.710237,-89.436,-1.921,-1.641,-0.031692,-0.022197,0.277048,-0.113460,-0.122233,-0.144783
1790938033.080889,1790938033.131988,-0.017889,-0.029890,1.050461,-0.704974,-0.003983,-0.021692,0.708890,-89.657,-2.076,-1.441,-0.029529,-0.017679,0.259806,-0.069723,-0.082829,-0.072304
1790938033.114227,1790938033.157778,-0.017845,-0.030836,1.050350,-0.706180,-0.004253,-0.020955,0.707710,-89.852,-2.041,-1.356,-0.026720,-0.009209,0.238370,-0.071799,0.005555,0.002289
1790938033.147564,1790938033.187896,-0.017866,-0.031437,1.049683,-0.707530,-0.004112,-0.021155,0.706355,-90.071,-2.048,-1.380,-0.030693,0.003544,0.213744,-0.097304,-0.011521,-0.090363
1790938033.180901,1790938033.222521,-0.017010,-0.032225,1.048171,-0.709074,-0.005553,-0.021117,0.704796,-90.323,-2.165,-1.255,-0.035944,0.013616,0.193650,-0.099333,-0.105257,-0.098790
1790938033.214239,1790938033.256568,-0.015768,-0.033096,1.045455,-0.710527,-0.007481,-0.020713,0.703325,-90.563,-2.290,-1.061,-0.031806,0.023418,0.169809,-0.081108,-0.093531,-0.141288
1790938033.247576,1790938033.293352,-0.015153,-0.033380,1.041257,-0.711715,-0.010115,-0.020992,0.702081,-90.762,-2.527,-0.865,-0.026651,0.037622,0.146594,-0.060766,-0.102060,-0.138005
1790938033.280913,1790938033.344531,-0.014472,-0.033000,1.036591,-0.713037,-0.010979,-0.019932,0.700757,-90.980,-2.511,-0.704,-0.015114,0.051498,0.128944,-0.090500,-0.050948,0.064468
1790938033.314250,1790938033.377800,-0.010534,-0.045002,1.015695,-0.714142,-0.009693,-0.017990,0.699703,-91.158,-2.250,-0.650,0.001049,0.047100,0.101900,-0.070960,0.014932,0.128649
1790938033.347586,1790938033.403138,-0.010446,-0.038728,1.008191,-0.715234,-0.006744,-0.016287,0.698662,-91.331,-1.875,-0.752,0.009238,0.058501,0.094413,0.003614,0.098006,0.165899
1790938033.380923,1790938033.429719,-0.009630,-0.035679,1.002486,-0.715612,-0.003437,-0.015914,0.698308,-91.389,-1.580,-0.992,0.010847,0.059046,0.085968,0.021733,0.123542,0.066816
1790938033.414260,1790938033.453221,-0.007856,-0.033701,0.997407,-0.715926,-0.001578,-0.015760,0.697996,-91.439,-1.419,-1.132,0.003415,0.058298,0.082495,0.035630,0.010617,0.016807
1790938033.447598,1790938033.488928,-0.005366,-0.032499,0.992316,-0.715640,-0.001482,-0.015265,0.698300,-91.392,-1.371,-1.100,0.004534,0.057512,0.084901,0.101754,-0.038365,-0.062979
1790938033.480935,1790938033.525648,-0.003341,-0.031250,0.986393,-0.714414,-0.002497,-0.015266,0.699552,-91.192,-1.450,-1.020,0.006021,0.056758,0.080899,0.181710,-0.047940,-0.105506
1790938033.514271,1790938033.582492,-0.001754,-0.029960,0.980863,-0.712408,-0.004129,-0.015191,0.701589,-90.865,-1.572,-0.885,0.002458,0.055085,0.072213,0.223309,-0.088411,-0.070289
1790938033.547609,1790938033.623289,-0.000294,-0.028751,0.976905,-0.709947,-0.005438,-0.013975,0.704095,-90.465,-1.576,-0.685,-0.002677,0.050339,0.059658,0.252121,-0.124619,-0.003117
1790938033.580945,1790938033.651495,0.001086,-0.027921,0.974694,-0.707452,-0.006729,-0.011818,0.706631,-90.061,-1.503,-0.412,-0.005950,0.043285,0.041934,0.211683,-0.148052,0.043806
1790938033.614282,1790938033.685455,0.001903,-0.027405,0.975540,-0.705809,-0.007163,-0.008828,0.708311,-89.796,-1.296,-0.137,-0.005333,0.037869,0.026524,0.091343,-0.129951,0.120531
1790938033.647619,1790938033.714185,0.003901,-0.031402,0.963427,-0.705496,-0.006666,-0.005798,0.708659,-89.744,-1.010,0.068,-0.001533,0.031417,0.008238,-0.001305,-0.092604,0.118311
1790938033.680956,1790938033.742455,0.004275,-0.030407,0.965223,-0.706044,-0.006290,-0.003386,0.708132,-89.832,-0.784,0.234,-0.001250,0.031798,0.004590,-0.040700,-0.073430,0.074622
1790938033.714293,1790938033.768600,0.003790,-0.029449,0.965650,-0.706853,-0.006116,-0.002167,0.707331,-89.963,-0.671,0.320,0.002206,0.035504,0.005485,-0.048157,-0.009522,0.009601
1790938033.747630,1790938033.794587,0.003075,-0.028227,0.964197,-0.707272,-0.006108,-0.002462,0.706911,-90.031,-0.694,0.296,0.005270,0.036943,0.012970,0.017885,0.023491,-0.041575
1790938033.780966,1790938033.826770,0.003418,-0.027715,0.961695,-0.706834,-0.006229,-0.003117,0.707345,-89.960,-0.757,0.252,0.008118,0.036288,0.019196,0.078607,0.014960,-0.035195
1790938033.814302,1790938033.862770,0.003935,-0.026764,0.960333,-0.705951,-0.006405,-0.003433,0.708224,-89.818,-0.798,0.240,0.011414,0.036264,0.021977,0.082873,-0.005274,-0.013890
1790938033.847639,1790938033.906378,0.004795,-0.025329,0.962274,-0.705089,-0.006401,-0.003133,0.709083,-89.678,-0.773,0.263,0.016092,0.035779,0.025181,0.077532,-0.022317,0.032983
1790938033.880976,1790938033.941470,0.005392,-0.024691,0.963284,-0.704286,-0.006166,-0.002359,0.709885,-89.548,-0.692,0.306,0.020307,0.033345,0.023836,0.063693,-0.009531,0.046822
1790938033.914314,1790938033.977078,0.005608,-0.024122,0.964590,-0.703746,-0.005646,-0.001952,0.710427,-89.460,-0.617,0.296,0.023176,0.030096,0.018227,0.033876,0.011769,0.015902
1790938033.947651,1790938034.011773,0.005679,-0.023931,0.965652,-0.703451,-0.005303,-0.001829,0.710721,-89.412,-0.579,0.279,0.019814,0.025715,0.008680,0.016855,0.003249,0.029731
1790938033.980988,1790938034.047341,0.005724,-0.023784,0.966542,-0.703459,-0.004773,-0.001592,0.710718,-89.413,-0.517,0.255,0.018442,0.023916,-0.001434,-0.029997,0.024554,0.042494
1790938034.014325,1790938034.082559,0.005753,-0.023880,0.967343,-0.703984,-0.004118,-0.001635,0.710202,-89.497,-0.467,0.199,0.017241,0.024435,-0.006597,-0.053406,0.030934,0.004121
1790938034.047662,1790938034.114713,0.005761,-0.023922,0.967407,-0.704649,-0.003632,-0.001990,0.709544,-89.604,-0.456,0.131,0.017586,0.026974,-0.007702,-0.066161,0.057561,0.021146
1790938034.081000,1790938034.143078,0.005721,-0.023898,0.966658,-0.705352,-0.002588,-0.002600,0.708847,-89.717,-0.420,-0.002,0.018417,0.029138,-0.004940,-0.054419,0.078847,0.016859
1790938034.114337,1790938034.170653,0.006021,-0.023754,0.965473,-0.705765,-0.001773,-0.003182,0.708437,-89.783,-0.401,-0.115,0.014455,0.031466,0.001579,-0.019242,0.031964,0.022173
1790938034.147674,1790938034.196116,0.006699,-0.023577,0.964041,-0.705707,-0.001351,-0.003078,0.708496,-89.774,-0.359,-0.141,0.013231,0.033069,0.009925,0.021264,-0.009560,0.023256
1790938034.181011,1790938034.245979,0.007218,-0.023193,0.962797,-0.705178,-0.001311,-0.002698,0.709024,-89.688,-0.325,-0.113,0.012853,0.034927,0.014644,0.048979,-0.021265,0.008350
1790938034.214348,1790938034.274536,0.007438,-0.022888,0.962483,-0.704585,-0.001518,-0.002419,0.709613,-89.592,-0.319,-0.074,0.013770,0.036889,0.015955,0.048995,-0.010607,0.014740
1790938034.247684,1790938034.300171,0.007274,-0.022433,0.962816,-0.703922,-0.001296,-0.002238,0.710272,-89.485,-0.286,-0.078,0.016066,0.039361,0.014620,0.049009,0.023478,0.010458
1790938034.281021,1790938034.328022,0.007024,-0.021949,0.963794,-0.703504,-0.000837,-0.002596,0.710686,-89.418,-0.277,-0.144,0.017553,0.040857,0.007195,0.003221,0.044766,0.006168
1790938034.314358,1790938034.361654,0.007159,-0.021871,0.965190,-0.703710,-0.000180,-0.003038,0.710480,-89.451,-0.260,-0.233,0.018049,0.041586,0.001211,-0.047873,0.041561,0.011482
1790938034.347695,1790938034.395731,0.007465,-0.021507,0.965832,-0.704249,0.000495,-0.003497,0.709944,-89.538,-0.242,-0.324,0.020087,0.043845,-0.000363,-0.055298,0.050084,0.011476
1790938034.381032,1790938034.424796,0.007853,-0.020968,0.965443,-0.704733,0.000789,-0.004025,0.709461,-89.616,-0.261,-0.391,0.018136,0.044827,0.001084,-0.035033,0.010673,-0.048179
1790938034.414369,1790938034.460428,0.008331,-0.020460,0.964225,-0.704731,-0.000006,-0.004790,0.709459,-89.616,-0.387,-0.389,0.016575,0.045917,0.008001,0.028901,-0.005289,-0.058824
1790938034.447705,1790938034.494908,0.008542,-0.019703,0.963114,-0.704124,-0.000739,-0.005470,0.710055,-89.518,-0.502,-0.385,0.017667,0.046340,0.009835,0.048079,0.004302,-0.069482
1790938034.481042,1790938034.523245,0.008576,-0.018955,0.963257,-0.703720,-0.001306,-0.006338,0.710448,-89.453,-0.617,-0.411,0.017511,0.046528,0.012932,0.016126,0.019209,-0.035410
1790938034.514379,1790938034.557728,0.008764,-0.018238,0.963793,-0.703317,-0.001191,-0.006613,0.710844,-89.388,-0.630,-0.443,0.014801,0.047200,0.019297,0.045969,0.007489,0.001864
1790938034.547716,1790938034.591129,0.009008,-0.017393,0.964025,-0.702699,-0.001291,-0.006557,0.711456,-89.288,-0.633,-0.431,0.010927,0.047622,0.020644,0.042784,-0.018068,-0.013053
1790938034.581053,1790938034.626405,0.008900,-0.016430,0.964720,-0.702157,-0.001468,-0.006398,0.711992,-89.201,-0.635,-0.404,0.006825,0.051170,0.020031,0.040665,-0.007407,0.005051
1790938034.614389,1790938034.658338,0.008433,-0.015250,0.965534,-0.701590,-0.001554,-0.006452,0.712550,-89.110,-0.646,-0.402,0.001345,0.054952,0.015966,0.037481,0.010698,-0.023721
1790938034.647726,1790938034.706708,0.007741,-0.014018,0.966597,-0.701294,-0.001949,-0.007037,0.712834,-89.062,-0.725,-0.418,-0.005941,0.056422,0.007833,0.000211,0.005369,-0.055690
1790938034.681061,1790938034.733988,0.006787,-0.013054,0.967621,-0.701321,-0.002407,-0.007793,0.712798,-89.067,-0.823,-0.443,-0.010127,0.058601,0.000063,-0.027465,0.023476,-0.046112
1790938034.714398,1790938034.761298,0.005979,-0.012154,0.968348,-0.701708,-0.002587,-0.008570,0.712409,-89.129,-0.900,-0.492,-0.015405,0.060737,-0.004553,-0.043423,0.028795,-0.039729
1790938034.747734,1790938034.816782,0.004952,-0.011270,0.968433,-0.702101,-0.002674,-0.009336,0.712011,-89.192,-0.969,-0.547,-0.021169,0.060183,-0.004403,-0.027425,0.023462,-0.045065
1790938034.781071,1790938034.846803,0.003867,-0.010541,0.967737,-0.702184,-0.002977,-0.009995,0.711919,-89.206,-1.047,-0.576,-0.026985,0.059455,0.000038,0.002413,0.002151,-0.032283
1790938034.814408,1790938034.874341,0.002818,-0.009666,0.966964,-0.701916,-0.003377,-0.010003,0.712181,-89.163,-1.080,-0.545,-0.033175,0.058654,0.007650,0.048232,-0.031929,0.017784
1790938034.847744,1790938034.919220,0.001391,-0.008844,0.966002,-0.701222,-0.003253,-0.008903,0.712880,-89.051,-0.981,-0.466,-0.038931,0.058705,0.011272,0.054639,-0.045768,0.082760
1790938034.881081,1790938034.947760,-0.000403,-0.008532,0.965848,-0.700765,-0.002913,-0.007375,0.713348,-88.978,-0.830,-0.369,-0.045296,0.058149,0.011957,0.024837,-0.048963,0.073165
1790938034.914420,1790938034.973845,-0.002672,-0.007941,0.966306,-0.700345,-0.002371,-0.006219,0.713774,-88.910,-0.693,-0.318,-0.047861,0.059564,0.014065,0.040839,0.006417,0.072091
1790938034.947758,1790938034.999326,-0.005130,-0.006654,0.966624,-0.699934,-0.001260,-0.005666,0.714184,-88.844,-0.558,-0.363,-0.047767,0.061703,0.014188,0.030188,0.053251,0.086983
1790938034.981097,1790938035.063449,-0.008851,-0.000899,0.966446,-0.699528,0.000750,-0.005621,0.714583,-88.778,-0.389,-0.520,-0.047235,0.068100,0.008598,0.016298,0.120331,0.074147
1790938035.014435,1790938035.097686,-0.005809,-0.005327,0.972671,-0.699867,0.002888,-0.006183,0.714241,-88.834,-0.260,-0.738,-0.046203,0.064666,0.001931,-0.022084,0.124493,0.028329
1790938035.047774,1790938035.124849,-0.012671,0.001994,0.966541,-0.700050,0.004724,-0.007852,0.714035,-88.865,-0.243,-1.021,-0.051638,0.066399,-0.005826,-0.025198,0.147015,-0.030385
1790938035.081112,1790938035.151808,-0.014798,0.004567,0.965759,-0.700085,0.005520,-0.010254,0.713965,-88.871,-0.371,-1.282,-0.054213,0.067125,-0.009635,0.005691,0.108669,-0.117743
1790938035.114450,1790938035.177491,-0.016746,0.006582,0.964704,-0.699745,0.005552,-0.012101,0.714268,-88.817,-0.516,-1.436,-0.056523,0.069564,-0.005144,0.054696,0.060749,-0.052755
1790938035.147788,1790938035.203747,-0.018574,0.008841,0.963439,-0.698608,0.005865,-0.013141,0.715360,-88.635,-0.571,-1.547,-0.054354,0.075577,-0.000876,0.112215,0.055426,-0.029320
1790938035.181126,1790938035.229587,-0.020785,0.011259,0.962659,-0.697338,0.006502,-0.014077,0.716575,-88.432,-0.591,-1.676,-0.053607,0.084509,-0.010833,0.071733,0.072467,-0.016545
1790938035.214465,1790938035.281742,-0.023243,0.013782,0.962493,-0.696657,0.007244,-0.015241,0.717206,-88.325,-0.621,-1.831,-0.054439,0.094774,-0.023869,0.029134,0.075667,-0.027207
1790938035.247803,1790938035.318849,-0.025650,0.016797,0.961878,-0.696407,0.007328,-0.016586,0.717418,-88.285,-0.721,-1.949,-0.055277,0.101993,-0.030180,-0.003872,0.028810,-0.079409
1790938035.281141,1790938035.349452,-0.027431,0.015419,0.962595,-0.696116,0.006137,-0.017271,0.717695,-88.237,-0.873,-1.911,-0.056589,0.110661,-0.020298,0.012083,-0.028880,-0.048577
1790938035.314480,1790938035.372206,-0.029024,0.018580,0.961753,-0.695697,0.005697,-0.016934,0.718114,-88.169,-0.881,-1.848,-0.049196,0.118873,-0.008176,0.003597,-0.035271,0.016427
1790938035.347818,1790938035.394749,-0.030658,0.022324,0.962025,-0.695921,0.005064,-0.016080,0.717920,-88.204,-0.866,-1.727,-0.043263,0.128533,0.001867,-0.067762,-0.106638,0.012166
1790938035.381156,1790938035.431282,-0.031909,0.026109,0.963157,-0.696716,0.003892,-0.013912,0.717201,-88.330,-0.791,-1.454,-0.034770,0.143401,0.016756,-0.081586,-0.166277,0.060112
1790938035.414494,1790938035.460535,-0.032973,0.030960,0.963777,-0.697169,0.002889,-0.011283,0.716812,-88.402,-0.664,-1.158,-0.020894,0.163979,0.024983,-0.004877,-0.136440,0.070764
1790938035.447833,1790938035.500481,-0.034039,0.037605,0.963679,-0.696699,0.001982,-0.008820,0.717307,-88.326,-0.541,-0.883,-0.007981,0.185709,0.023171,0.070748,-0.150294,0.077147
1790938035.481171,1790938035.522256,-0.034489,0.044430,0.963679,-0.695617,0.001375,-0.006001,0.718386,-88.153,-0.365,-0.604,0.014633,0.210185,0.012368,0.076072,-0.121530,0.117621
1790938035.514509,1790938035.566636,-0.034408,0.052054,0.964321,-0.695012,0.001561,-0.003481,0.718988,-88.057,-0.149,-0.411,0.037577,0.237880,0.003377,0.031335,-0.076792,0.104822
1790938035.547847,1790938035.604944,-0.032177,0.057233,0.964370,-0.694305,0.001812,-0.001381,0.719677,-87.944,0.040,-0.258,0.055419,0.249405,0.000791,0.062308,-0.066225,0.069667
1790938035.581184,1790938035.629174,-0.030879,0.068403,0.964184,-0.693732,0.001663,0.000328,0.720231,-87.853,0.163,-0.105,0.070684,0.257576,0.009921,0.026024,-0.094984,0.079218
1790938035.614522,1790938035.671224,-0.028493,0.077216,0.964982,-0.693524,0.000124,0.002066,0.720430,-87.819,0.174,0.161,0.077995,0.257673,0.031271,-0.006984,-0.222796,-0.081632
1790938035.647860,1790938035.709130,-0.025588,0.085695,0.966529,-0.693725,-0.005163,0.003668,0.720212,-87.854,-0.134,0.713,0.078649,0.251198,0.059858,-0.044245,-0.367636,-0.207315
1790938035.681198,1790938035.737671,-0.022385,0.094087,0.969009,-0.693800,-0.011794,0.005947,0.720046,-87.879,-0.500,1.429,0.089345,0.250040,0.095095,0.036732,-0.385716,-0.122073
1790938035.714536,1790938035.788539,-0.019338,0.103180,0.971910,-0.692273,-0.016936,0.009076,0.721380,-87.653,-0.680,2.094,0.102928,0.252133,0.111376,0.184795,-0.307953,-0.047504
1790938035.747874,1790938035.830445,-0.017427,0.112932,0.974121,-0.690009,-0.021053,0.011551,0.723403,-87.312,-0.832,2.623,0.107917,0.247764,0.094440,0.156093,-0.253581,-0.075223
1790938035.781212,1790938035.899006,-0.013990,0.121361,0.977940,-0.688303,-0.023843,0.013324,0.724909,-87.057,-0.930,2.989,0.118061,0.250175,0.076524,0.112395,-0.082098,0.023830
1790938035.814550,1790938035.940243,-0.011866,0.132102,0.980136,-0.687521,-0.022369,0.013043,0.725703,-86.926,-0.833,2.848,0.132043,0.257728,0.063792,-0.011172,0.222594,0.085548
1790938035.847888,1790938035.978876,-0.007776,0.139949,0.983259,-0.688241,-0.017889,0.011148,0.725176,-87.019,-0.607,2.338,0.134591,0.262499,0.063513,-0.095339,0.310969,0.133474
1790938035.881227,1790938036.017609,-0.003898,0.148883,0.986204,-0.689126,-0.012600,0.009165,0.724474,-87.140,-0.322,1.756,0.127705,0.264313,0.073449,-0.055935,0.307764,0.113222
1790938035.914611,1790938036.045018,-0.000087,0.158147,0.988805,-0.689284,-0.008313,0.006752,0.724412,-87.155,-0.157,1.217,0.113610,0.260781,0.077921,0.002643,0.240650,0.031193
1790938035.947995,1790938036.082147,0.003763,0.166607,0.990980,-0.688620,-0.006373,0.004857,0.725078,-87.047,-0.146,0.907,0.088420,0.251931,0.078433,0.095325,0.064876,-0.032710
1790938035.981380,1790938036.113575,0.004902,0.174708,0.993392,-0.686639,-0.007854,0.004083,0.726944,-86.736,-0.333,0.958,0.059482,0.242690,0.070573,0.136904,-0.152418,-0.083881
1790938036.014764,1790938036.137112,0.007753,0.181706,0.995087,-0.685192,-0.011142,0.005628,0.728256,-86.516,-0.488,1.345,0.043428,0.236674,0.053567,0.037862,-0.253596,-0.027387
1790938036.048150,1790938036.161487,0.009405,0.189013,0.996680,-0.685316,-0.014083,0.008214,0.728063,-86.544,-0.530,1.792,0.036714,0.236442,0.040209,-0.094209,-0.199258,0.025884
1790938036.081535,1790938036.190456,0.010383,0.196498,0.998550,-0.686708,-0.014955,0.010877,0.726698,-86.766,-0.389,2.083,0.034362,0.239630,0.042066,-0.164502,-0.100189,0.100450
1790938036.114921,1790938036.221784,0.010989,0.204778,1.000552,-0.688039,-0.015146,0.012677,0.725405,-86.976,-0.260,2.249,0.027737,0.246462,0.055769,-0.068630,-0.051193,0.025873
1790938036.148307,1790938036.248939,0.011443,0.213946,1.002556,-0.688011,-0.015833,0.012909,0.725413,-86.974,-0.298,2.322,0.018869,0.256732,0.066984,0.055989,-0.028827,-0.052958
1790938036.181694,1790938036.276996,0.011640,0.223485,1.004475,-0.686880,-0.017032,0.012185,0.726469,-86.800,-0.459,2.356,0.008945,0.270579,0.057652,0.109240,-0.003261,-0.075331
1790938036.215080,1790938036.305312,0.011498,0.233217,1.005901,-0.685744,-0.017955,0.010977,0.727539,-86.625,-0.634,2.327,-0.000766,0.287239,0.031265,0.045318,0.021240,-0.077466
1790938036.248467,1790938036.329444,0.011048,0.243008,1.006557,-0.685690,-0.019040,0.009545,0.727582,-86.621,-0.837,2.293,-0.013230,0.302233,0.005568,-0.047352,-0.006456,-0.106234
1790938036.281855,1790938036.356542,0.010419,0.253129,1.006534,-0.686262,-0.020068,0.008612,0.727026,-86.716,-0.995,2.297,-0.020398,0.319389,-0.004571,-0.048406,0.011655,-0.039122
1790938036.315242,1790938036.384877,0.009350,0.264481,1.006271,-0.686401,-0.019921,0.007672,0.726910,-86.737,-1.056,2.207,-0.021876,0.340017,-0.000735,0.032552,0.086224,-0.008235
1790938036.348630,1790938036.417883,0.007493,0.277077,1.005791,-0.685483,-0.019057,0.005984,0.727815,-86.588,-1.119,1.997,-0.024321,0.356646,0.009844,0.124160,0.137354,-0.010384
1790938036.382018,1790938036.454025,0.005580,0.290185,1.005612,-0.683770,-0.017283,0.003876,0.729483,-86.311,-1.141,1.679,-0.024444,0.370086,0.022976,0.150787,0.202332,0.027948
1790938036.415406,1790938036.493850,0.003761,0.303814,1.006362,-0.682129,-0.014610,0.001389,0.731085,-86.044,-1.115,1.259,-0.025865,0.376956,0.035076,0.116684,0.236417,0.047106
1790938036.448794,1790938036.533437,0.002235,0.316721,1.007475,-0.681354,-0.011771,-0.001122,0.731858,-85.914,-1.075,0.825,-0.031726,0.374627,0.040438,-0.019665,0.224698,0.024725
1790938036.482183,1790938036.575041,0.000953,0.328759,1.008805,-0.682548,-0.009045,-0.003865,0.730775,-86.095,-1.060,0.384,-0.033839,0.372167,0.049971,-0.184747,0.240680,-0.033873
1790938036.515572,1790938036.614319,-0.003545,0.341469,1.007443,-0.684435,-0.007212,-0.007299,0.729001,-86.388,-1.175,-0.044,-0.043585,0.372796,0.076397,-0.086742,0.185252,-0.080795
1790938036.548961,1790938036.655519,-0.005563,0.356407,1.010078,-0.684060,-0.006319,-0.010373,0.729325,-86.327,-1.341,-0.372,-0.048214,0.377922,0.101371,0.173141,0.163952,-0.030731
1790938036.582351,1790938036.691190,-0.007062,0.370712,1.012574,-0.681650,-0.004400,-0.013022,0.731550,-85.946,-1.386,-0.748,-0.044825,0.385039,0.093227,0.204010,0.249177,0.027859
1790938036.615741,1790938036.733162,-0.009100,0.384070,1.014798,-0.680075,-0.001009,-0.016040,0.732966,-85.698,-1.335,-1.269,-0.045653,0.388748,0.067021,0.051678,0.273677,0.049148
1790938036.649131,1790938036.773283,-0.013627,0.397291,1.015094,-0.680646,0.001468,-0.018753,0.732371,-85.787,-1.340,-1.689,-0.058424,0.386957,0.048247,-0.058033,0.170306,0.060816
1790938036.682522,1790938036.815001,-0.015050,0.409505,1.016233,-0.681849,0.003102,-0.019975,0.731213,-85.977,-1.301,-1.917,-0.063804,0.383760,0.048999,-0.077174,0.077632,0.036309
1790938036.715913,1790938036.846672,-0.016848,0.422672,1.017180,-0.682884,0.003848,-0.021202,0.730209,-86.140,-1.337,-2.076,-0.059583,0.379533,0.056847,-0.027102,0.108529,0.001153
1790938036.749304,1790938036.884728,-0.018895,0.435769,1.018378,-0.682951,0.005735,-0.022729,0.730088,-86.152,-1.299,-2.352,-0.049800,0.372449,0.059293,0.058110,0.183101,0.065061
1790938036.782695,1790938036.924050,-0.020457,0.449419,1.017386,-0.682484,0.008746,-0.024486,0.730438,-86.084,-1.183,-2.735,-0.041669,0.366585,0.045841,0.109187,0.211864,0.030976
1790938036.816087,1790938036.958185,-0.022038,0.463773,1.017950,-0.681597,0.010870,-0.026834,0.731155,-85.950,-1.185,-3.100,-0.037347,0.356640,0.029403,0.103831,0.158608,-0.023369
1790938036.849478,1790938036.993663,-0.022960,0.475420,1.018105,-0.681043,0.012095,-0.029276,0.731558,-85.866,-1.271,-3.401,-0.023642,0.341625,0.011869,-0.005892,0.147958,-0.047875
1790938036.882872,1790938037.042252,-0.023456,0.486064,1.018079,-0.682257,0.012583,-0.031471,0.730327,-86.058,-1.407,-3.621,-0.015686,0.325507,-0.001817,-0.212553,0.041432,-0.108596
1790938036.916203,1790938037.080504,-0.023170,0.498776,1.015887,-0.686301,0.011477,-0.032477,0.726502,-86.690,-1.599,-3.610,-0.008471,0.316993,0.008251,-0.334043,-0.061894,-0.030825
1790938036.949535,1790938037.115767,-0.022943,0.508593,1.016289,-0.690203,0.010764,-0.031661,0.722842,-87.305,-1.613,-3.477,0.002500,0.311157,0.042847,-0.212587,-0.069350,0.032021
1790938036.982868,1790938037.150076,-0.022649,0.519038,1.017353,-0.691626,0.010492,-0.030614,0.721531,-87.530,-1.559,-3.366,0.009164,0.311773,0.066464,0.035613,-0.043781,0.016041
1790938037.016200,1790938037.193168,-0.022274,0.529604,1.018675,-0.691051,0.009576,-0.030354,0.722105,-87.436,-1.612,-3.273,0.009770,0.315246,0.053367,0.081408,-0.066151,-0.069183
1790938037.049532,1790938037.236522,-0.021707,0.541064,1.017958,-0.691172,0.007547,-0.030292,0.722016,-87.451,-1.775,-3.107,0.013538,0.322829,0.017671,-0.021972,-0.104506,-0.084081
1790938037.082864,1790938037.273670,-0.021563,0.553992,1.017369,-0.692322,0.005423,-0.029992,0.720945,-87.630,-1.932,-2.911,0.021079,0.335898,-0.010223,-0.078445,-0.111955,-0.037228
1790938037.116195,1790938037.309879,-0.020784,0.565134,1.016322,-0.693638,0.003749,-0.028942,0.719732,-87.838,-1.992,-2.688,0.029558,0.351065,-0.022124,-0.092292,-0.119410,0.011771
1790938037.149527,1790938037.346376,-0.019679,0.576840,1.015318,-0.694880,0.002970,-0.027322,0.718601,-88.035,-1.931,-2.489,0.041717,0.371771,-0.013677,-0.073115,-0.073601,0.072491
1790938037.182859,1790938037.381390,-0.018280,0.589274,1.014721,-0.695598,0.003707,-0.025941,0.717954,-88.150,-1.763,-2.432,0.055724,0.394910,0.006350,-0.012395,0.028665,0.088467
1790938037.216191,1790938037.415185,-0.016578,0.602491,1.014752,-0.695597,0.005020,-0.025818,0.717951,-88.152,-1.645,-2.526,0.063751,0.415889,0.030320,0.050451,0.061691,0.026674
1790938037.249522,1790938037.448739,-0.014438,0.616425,1.015618,-0.694957,0.005581,-0.026346,0.718547,-88.050,-1.639,-2.616,0.069736,0.427103,0.055285,0.079209,0.035059,-0.014870
1790938037.282854,1790938037.483186,-0.011840,0.630796,1.017387,-0.694297,0.005650,-0.026539,0.719177,-87.945,-1.646,-2.639,0.075288,0.430951,0.073246,0.028070,-0.039509,0.002175
1790938037.316185,1790938037.519202,-0.009017,0.645391,1.019877,-0.694665,0.004257,-0.025303,0.718876,-88.002,-1.664,-2.425,0.068771,0.434257,0.079605,-0.080587,-0.211021,-0.027650
1790938037.349516,1790938037.555860,-0.006205,0.660215,1.022827,-0.695993,0.000452,-0.022562,0.717694,-88.212,-1.763,-1.893,0.061508,0.440865,0.088109,-0.100824,-0.336727,-0.071320
1790938037.382847,1790938037.601112,-0.003860,0.675318,1.025840,-0.696616,-0.004265,-0.020259,0.717145,-88.313,-1.968,-1.325,0.064805,0.451014,0.099847,0.056834,-0.228066,-0.113929
1790938037.416178,1790938037.642704,-0.002227,0.697428,1.025443,-0.695894,-0.007698,-0.019584,0.717836,-88.202,-2.195,-0.998,0.067030,0.466630,0.095877,0.187758,-0.120482,-0.109669
1790938037.449509,1790938037.672874,-0.000493,0.713273,1.028111,-0.693965,-0.010355,-0.020006,0.719656,-87.900,-2.446,-0.827,0.064041,0.465068,0.074508,0.147278,-0.074676,-0.125660
1790938037.482840,1790938037.712595,0.001493,0.728637,1.030025,-0.693469,-0.012661,-0.020639,0.720080,-87.827,-2.686,-0.698,0.058051,0.458317,0.048953,-0.078561,-0.046979,-0.108617
1790938037.516171,1790938037.745506,0.003032,0.742474,1.028488,-0.695596,-0.013779,-0.021742,0.717972,-88.169,-2.868,-0.691,0.059553,0.451749,0.043666,-0.185113,0.043570,-0.077711
1790938037.549502,1790938037.775959,0.005717,0.761623,1.030064,-0.697635,-0.014079,-0.022975,0.715947,-88.496,-2.993,-0.760,0.056118,0.450862,0.063581,-0.083932,0.005212,-0.058540
1790938037.582833,1790938037.812455,0.007660,0.777028,1.031988,-0.697151,-0.014528,-0.023048,0.716406,-88.420,-3.035,-0.733,0.051790,0.447578,0.085591,0.217534,-0.035267,0.027748
1790938037.616163,1790938037.836298,0.009244,0.792482,1.034426,-0.694082,-0.014392,-0.021684,0.719425,-87.929,-2.912,-0.644,0.043447,0.440250,0.070926,0.262263,-0.076812,0.090599
1790938037.649494,1790938037.859192,0.010684,0.807247,1.036072,-0.692274,-0.014251,-0.019020,0.721244,-87.641,-2.688,-0.442,0.031671,0.434007,0.028848,0.016179,-0.110901,0.139604
1790938037.682825,1790938037.885518,0.011524,0.821301,1.036760,-0.693573,-0.013276,-0.016367,0.720078,-87.846,-2.397,-0.296,0.030313,0.436532,-0.001027,-0.218175,-0.002242,0.175820
1790938037.716156,1790938037.909535,0.011881,0.835476,1.036853,-0.696586,-0.010999,-0.014905,0.717234,-88.320,-2.094,-0.347,0.027312,0.440305,-0.001335,-0.261845,0.059544,0.130006
1790938037.749486,1790938037.932003,0.012333,0.849973,1.036845,-0.699253,-0.009135,-0.014554,0.714668,-88.743,-1.915,-0.460,0.019908,0.442053,0.014435,-0.154252,0.055280,0.043714
1790938037.782815,1790938037.955117,0.012937,0.864901,1.037095,-0.700446,-0.008306,-0.014902,0.713501,-88.933,-1.876,-0.552,0.013782,0.445213,0.027042,-0.028554,0.041433,0.002172
1790938037.816146,1790938037.977778,0.013372,0.879925,1.037494,-0.700474,-0.007751,-0.015585,0.713466,-88.936,-1.885,-0.652,0.010937,0.451740,0.022517,0.039616,0.069130,-0.026590
1790938037.849476,1790938038.001332,0.013567,0.895055,1.037631,-0.700003,-0.007192,-0.017082,0.713899,-88.860,-1.959,-0.821,0.007673,0.461504,0.002624,0.036417,0.111743,-0.043635
1790938037.882806,1790938038.050517,0.013441,0.910459,1.037211,-0.699876,-0.005688,-0.019161,0.713984,-88.837,-2.003,-1.112,0.005648,0.475752,-0.015881,-0.006195,0.188445,-0.018069
1790938037.916138,1790938038.082320,0.013928,0.926427,1.036259,-0.699853,-0.003913,-0.021579,0.713950,-88.831,-2.051,-1.453,-0.003574,0.493596,-0.023031,0.018304,0.150091,-0.060682
1790938037.949471,1790938038.110197,0.013878,0.943037,1.035331,-0.699159,-0.003497,-0.023818,0.714561,-88.720,-2.195,-1.672,-0.012358,0.507839,-0.011165,0.113112,0.074456,-0.096900
1790938037.982804,1790938038.156896,0.013171,0.960023,1.035005,-0.697182,-0.004219,-0.025125,0.716441,-88.403,-2.354,-1.727,-0.018489,0.512975,0.011007,0.224963,-0.020350,-0.081983
1790938038.016136,1790938038.200070,0.015014,0.980540,1.029213,-0.695634,-0.004793,-0.025176,0.717939,-88.157,-2.402,-1.691,-0.018223,0.506474,0.010919,0.134324,-0.004336,0.003259
1790938038.049468,1790938038.233637,0.014116,0.996405,1.028405,-0.695975,-0.003555,-0.024720,0.717632,-88.210,-2.264,-1.751,-0.015433,0.498105,0.004737,-0.131990,0.075555,0.074622
1790938038.082800,1790938038.271861,0.012984,1.012389,1.028357,-0.698522,-0.001675,-0.025535,0.715131,-88.616,-2.182,-1.960,-0.012829,0.504335,0.027464,-0.190577,0.155455,0.012829
1790938038.116132,1790938038.310860,0.012007,1.029060,1.029410,-0.699286,0.001170,-0.027793,0.714301,-88.739,-2.132,-2.371,-0.006906,0.520285,0.066172,0.115158,0.307793,0.034133
1790938038.149465,1790938038.344338,0.011335,1.046223,1.031170,-0.696675,0.006113,-0.031679,0.716661,-88.325,-2.027,-3.093,0.001736,0.523269,0.071290,0.270685,0.433498,0.070351
1790938038.182797,1790938038.385422,0.011012,1.063238,1.032885,-0.693877,0.012433,-0.035427,0.719114,-87.892,-1.793,-3.913,0.003389,0.509880,0.045926,0.114086,0.408997,0.138528
1790938038.216129,1790938038.427878,0.009317,1.075768,1.028451,-0.694232,0.018855,-0.037460,0.718528,-87.972,-1.428,-4.591,-0.002001,0.498100,0.025622,-0.083036,0.282238,0.177953
1790938038.249460,1790938038.469865,0.008934,1.096128,1.028872,-0.695551,0.023039,-0.037849,0.717110,-88.203,-1.124,-4.954,-0.014403,0.497667,0.033042,-0.050024,0.096887,0.093784
1790938038.282791,1790938038.508831,0.006406,1.109847,1.025072,-0.695527,0.024239,-0.037409,0.717116,-88.206,-0.990,-5.013,-0.021541,0.494744,0.048260,0.189635,-0.009622,-0.014880
1790938038.316123,1790938038.540339,0.005972,1.125765,1.026215,-0.693286,0.024272,-0.037522,0.719276,-87.849,-0.980,-5.028,-0.014173,0.485234,0.036687,0.164071,0.031921,0.001101
1790938038.349455,1790938038.573719,0.005447,1.141670,1.026732,-0.692719,0.024943,-0.037848,0.719782,-87.762,-0.947,-5.109,-0.006614,0.471686,0.001779,-0.093727,0.041511,0.036253
1790938038.382786,1790938038.609411,0.005214,1.156996,1.026504,-0.695194,0.025596,-0.037099,0.717407,-88.160,-0.851,-5.096,-0.004415,0.462907,-0.017863,-0.299324,-0.063953,0.057557
1790938038.416118,1790938038.636262,0.005311,1.172181,1.026070,-0.698834,0.025014,-0.035269,0.713976,-88.739,-0.778,-4.895,-0.001333,0.460471,-0.009894,-0.275884,-0.153437,0.019206
1790938038.449449,1790938038.663463,0.005368,1.187510,1.025851,-0.701555,0.023209,-0.032904,0.711477,-89.165,-0.753,-4.554,0.004994,0.464098,0.011035,-0.159769,-0.176875,0.027728
1790938038.482780,1790938038.689644,0.005593,1.202848,1.026176,-0.702818,0.022236,-0.030799,0.710354,-89.364,-0.670,-4.302,0.019484,0.472486,0.027312,-0.033002,-0.083130,0.047968
1790938038.516112,1790938038.728307,0.005730,1.218549,1.026752,-0.702758,0.021863,-0.029512,0.710480,-89.352,-0.597,-4.167,0.026658,0.482256,0.029175,0.052215,-0.077801,0.024529
1790938038.549443,1790938038.775439,0.006654,1.234742,1.027274,-0.702126,0.020824,-0.027697,0.711209,-89.245,-0.531,-3.936,0.030689,0.491912,0.015700,0.057539,-0.158762,0.060748
1790938038.582774,1790938038.814302,0.006238,1.248157,1.021788,-0.702020,0.020108,-0.024584,0.711448,-89.225,-0.338,-3.624,0.035080,0.503576,-0.005529,0.003171,-0.177927,0.098034
1790938038.616106,1790938038.849991,0.008258,1.264955,1.022132,-0.702478,0.018755,-0.020819,0.711153,-89.293,-0.148,-3.208,0.034642,0.518818,-0.011972,-0.054346,-0.262094,0.104425
1790938038.649436,1790938038.873979,0.009665,1.282464,1.021919,-0.702841,0.016938,-0.016256,0.710959,-89.344,0.071,-2.690,0.044661,0.539432,0.004712,0.022355,-0.250377,0.103362
1790938038.682766,1790938038.909921,0.011387,1.300807,1.022487,-0.701767,0.015127,-0.013297,0.712122,-89.164,0.165,-2.302,0.060576,0.556061,0.031295,0.161906,-0.148107,-0.009559
1790938038.716097,1790938038.946677,0.013477,1.311134,1.019749,-0.699494,0.013036,-0.012594,0.714408,-88.792,0.058,-2.076,0.073762,0.550169,0.048549,0.187477,-0.095905,-0.103304
1790938038.749428,1790938038.979589,0.015681,1.331249,1.021427,-0.698195,0.010289,-0.012608,0.715723,-88.577,-0.165,-1.858,0.078752,0.540424,0.051114,0.014892,-0.153431,-0.119290
1790938038.782759,1790938039.013747,0.018523,1.349537,1.023398,-0.699418,0.006851,-0.011381,0.714589,-88.766,-0.351,-1.481,0.083594,0.536656,0.060908,-0.180052,-0.243982,-0.080941
1790938038.816089,1790938039.050009,0.021592,1.367582,1.026037,-0.701243,0.003257,-0.009185,0.712855,-89.055,-0.472,-1.012,0.094566,0.537870,0.092432,-0.066064,-0.231197,-0.040461
1790938038.849420,1790938039.085810,0.023888,1.383588,1.026133,-0.700749,0.000863,-0.007237,0.713370,-88.974,-0.511,-0.661,0.103133,0.531379,0.110706,0.134197,-0.134256,-0.001056
1790938038.882751,1790938039.112645,0.027008,1.401691,1.029773,-0.699424,-0.000246,-0.005978,0.714682,-88.762,-0.499,-0.470,0.102291,0.523254,0.094728,0.047904,-0.066078,0.008528
1790938038.916084,1790938039.138134,0.030329,1.419411,1.032579,-0.699818,-0.000762,-0.005656,0.714299,-88.825,-0.516,-0.402,0.098622,0.516613,0.070592,-0.105496,-0.009618,-0.041541
1790938038.949418,1790938039.173574,0.033327,1.437088,1.034875,-0.701083,-0.001357,-0.006501,0.713048,-89.028,-0.633,-0.422,0.094513,0.516172,0.074217,-0.054364,0.021274,-0.067111
1790938038.982751,1790938039.208428,0.036329,1.454817,1.037480,-0.700716,-0.001408,-0.007385,0.713401,-88.969,-0.708,-0.491,0.093433,0.517564,0.091731,0.136319,0.058558,-0.018108
1790938039.016084,1790938039.239281,0.039341,1.472707,1.040435,-0.698443,-0.000811,-0.008197,0.715619,-88.604,-0.723,-0.607,0.086992,0.515808,0.091969,0.235385,0.045775,0.003196
1790938039.049417,1790938039.273118,0.042144,1.490279,1.043200,-0.695750,-0.000906,-0.008019,0.718238,-88.174,-0.714,-0.588,0.068027,0.511139,0.072336,0.187442,-0.076732,0.001066
1790938039.082751,1790938039.302750,0.044486,1.507146,1.045441,-0.694152,-0.002111,-0.006260,0.719798,-87.920,-0.672,-0.348,0.050522,0.504902,0.051973,0.071327,-0.148105,0.049006
1790938039.116083,1790938039.347755,0.046045,1.523600,1.047071,-0.693685,-0.003116,-0.003946,0.720261,-87.846,-0.571,-0.078,0.037111,0.494548,0.041309,0.003152,-0.124668,0.062855
1790938039.149416,1790938039.380599,0.046144,1.537712,1.045849,-0.693867,-0.003820,-0.002044,0.720090,-87.876,-0.478,0.135,0.024834,0.484560,0.039169,-0.056519,-0.083128,0.046869
1790938039.182749,1790938039.411297,0.046676,1.558391,1.047599,-0.694899,-0.004179,-0.000804,0.719095,-88.040,-0.408,0.267,0.016684,0.482317,0.048770,-0.088496,-0.061821,-0.000007
1790938039.216082,1790938039.443121,0.046979,1.575254,1.049387,-0.695845,-0.005323,-0.000206,0.718172,-88.192,-0.455,0.408,0.009093,0.479563,0.063874,-0.041625,-0.085256,-0.044752
1790938039.249414,1790938039.470824,0.047125,1.591811,1.051635,-0.695675,-0.006263,0.000068,0.718330,-88.166,-0.510,0.505,0.011401,0.483875,0.078220,0.084073,0.005292,0.011706
1790938039.282748,1790938039.498385,0.047217,1.608661,1.054050,-0.694126,-0.005258,-0.000457,0.719834,-87.918,-0.470,0.381,0.015092,0.494596,0.076280,0.160770,0.124604,0.020225
1790938039.316080,1790938039.525025,0.047289,1.625771,1.056079,-0.692335,-0.003285,-0.002130,0.721565,-87.632,-0.441,0.085,0.016195,0.505642,0.055780,0.137331,0.189588,0.007438
1790938039.349413,1790938039.552066,0.047685,1.642815,1.057313,-0.691132,-0.000744,-0.004563,0.722714,-87.439,-0.423,-0.319,0.014775,0.515687,0.022107,0.038257,0.239654,0.008500
1790938039.382746,1790938039.585099,0.048065,1.659763,1.057634,-0.691428,0.002388,-0.007394,0.722404,-87.487,-0.388,-0.801,0.007152,0.529025,0.002201,-0.066137,0.241784,-0.014935
1790938039.416078,1790938039.619204,0.047922,1.677224,1.057784,-0.691839,0.004229,-0.010052,0.721969,-87.554,-0.447,-1.167,-0.014525,0.543099,0.016020,0.035065,0.120341,-0.035176
1790938039.449411,1790938039.653406,0.047248,1.695583,1.058521,-0.690326,0.004965,-0.011234,0.723394,-87.315,-0.477,-1.324,-0.033094,0.553890,0.037968,0.199117,0.059621,0.013826
1790938039.482743,1790938039.693621,0.046055,1.714070,1.059808,-0.687961,0.006021,-0.011561,0.725630,-86.942,-0.411,-1.436,-0.045006,0.557785,0.043414,0.146916,0.061754,0.026609
1790938039.516075,1790938039.739576,0.043352,1.730169,1.058720,-0.686756,0.006092,-0.012249,0.726759,-86.752,-0.457,-1.500,-0.062541,0.544966,0.038641,0.005229,-0.003231,-0.036253
1790938039.549408,1790938039.775058,0.040952,1.746665,1.060416,-0.687442,0.005579,-0.012423,0.726112,-86.859,-0.514,-1.473,-0.067597,0.531811,0.043782,-0.113010,-0.009623,-0.011751
1790938039.582739,1790938039.809047,0.038406,1.763312,1.062041,-0.689287,0.005859,-0.012487,0.724357,-87.151,-0.500,-1.499,-0.060721,0.529622,0.061510,-0.148160,0.054293,0.041508
1790938039.616071,1790938039.843516,0.035869,1.780290,1.064242,-0.690174,0.007906,-0.012809,0.723487,-87.295,-0.358,-1.688,-0.052749,0.534965,0.084357,0.034005,0.165085,0.092639
1790938039.649404,1790938039.874584,0.033199,1.798811,1.067199,-0.688751,0.011357,-0.014474,0.724765,-87.077,-0.199,-2.099,-0.044679,0.536869,0.087978,0.194860,0.265223,0.067068
1790938039.682736,1790938039.907550,0.031256,1.816891,1.069664,-0.686146,0.015487,-0.017081,0.727098,-86.679,-0.053,-2.642,-0.040623,0.529541,0.069495,0.187399,0.293986,0.059609
1790938039.716068,1790938039.948513,0.029763,1.834370,1.071510,-0.684765,0.019034,-0.019529,0.728254,-86.476,0.056,-3.125,-0.043154,0.521942,0.041168,0.012692,0.194914,0.028715
1790938039.749400,1790938039.989973,0.027284,1.851086,1.070916,-0.684989,0.020795,-0.020922,0.727956,-86.519,0.092,-3.379,-0.044607,0.518268,0.033316,-0.036328,0.074539,0.003141
1790938039.782732,1790938040.024759,0.026044,1.869115,1.072405,-0.684564,0.020746,-0.021408,0.728343,-86.452,0.052,-3.416,-0.042787,0.508730,0.042922,0.122398,-0.037312,-0.028819
1790938039.816063,1790938040.059957,0.024901,1.886236,1.073660,-0.682548,0.019767,-0.021517,0.730256,-86.131,-0.029,-3.349,-0.035882,0.489348,0.032796,0.180985,-0.020267,-0.050121
1790938039.849395,1790938040.096584,0.023603,1.902078,1.074123,-0.681393,0.018793,-0.022778,0.731322,-85.946,-0.204,-3.378,-0.028667,0.469322,0.000642,-0.021419,0.011691,-0.127889
1790938039.882727,1790938040.131465,0.022370,1.916840,1.073792,-0.683071,0.017170,-0.024253,0.729748,-86.202,-0.463,-3.374,-0.021808,0.453268,-0.010247,-0.207843,-0.024526,-0.110848
1790938039.916062,1790938040.169037,0.021548,1.930858,1.073600,-0.685630,0.016248,-0.025087,0.727336,-86.600,-0.617,-3.370,-0.006374,0.441594,0.009523,-0.187600,0.012758,-0.026692
1790938039.949396,1790938040.204194,0.020839,1.945240,1.074027,-0.687633,0.016843,-0.025018,0.725432,-86.918,-0.571,-3.409,0.004353,0.435126,0.037191,-0.134336,0.026607,0.077700
1790938039.982731,1790938040.238654,0.020544,1.959836,1.075294,-0.688764,0.017975,-0.024368,0.724353,-87.102,-0.431,-3.444,0.009975,0.434298,0.061744,-0.034202,0.009563,0.055324
1790938040.016065,1790938040.275885,0.020629,1.974324,1.077254,-0.688519,0.018217,-0.023906,0.724595,-87.064,-0.374,-3.424,0.012319,0.438672,0.072934,0.090435,-0.028785,0.018037
1790938040.049399,1790938040.311483,0.020998,1.988940,1.079165,-0.687284,0.017015,-0.023712,0.725803,-86.864,-0.452,-3.314,0.013598,0.444118,0.057210,0.105347,-0.099092,-0.077836
1790938040.082734,1790938040.348335,0.021561,2.003575,1.080469,-0.686540,0.014089,-0.023366,0.726580,-86.736,-0.665,-3.056,0.016849,0.453826,0.030366,0.028646,-0.176858,-0.112989
1790938040.116068,1790938040.384006,0.022138,2.018412,1.080897,-0.686501,0.010511,-0.022839,0.726694,-86.720,-0.921,-2.730,0.027212,0.466635,0.006695,-0.003310,-0.165140,-0.122579
1790938040.149403,1790938040.419677,0.022897,2.033440,1.080592,-0.686889,0.007905,-0.022647,0.726366,-86.775,-1.125,-2.509,0.045689,0.477351,-0.009991,-0.051247,-0.072459,-0.051206
1790938040.182737,1790938040.455685,0.023786,2.049008,1.079958,-0.687846,0.007796,-0.022385,0.725470,-86.926,-1.116,-2.477,0.063282,0.490512,-0.010407,-0.088531,0.040461,0.090468
1790938040.216071,1790938040.493220,0.025287,2.064649,1.079515,-0.688653,0.009890,-0.021692,0.724699,-87.058,-0.891,-2.583,0.071526,0.503008,0.006078,-0.022481,0.078812,0.133078
1790938040.249406,1790938040.523396,0.027354,2.080526,1.079588,-0.688474,0.011838,-0.021142,0.724856,-87.035,-0.685,-2.691,0.073290,0.509785,0.025378,0.041437,0.028743,0.086205
1790938040.282740,1790938040.552305,0.029817,2.096653,1.080293,-0.688209,0.012445,-0.020105,0.725127,-86.995,-0.551,-2.653,0.072279,0.506115,0.039834,-0.007564,-0.075654,0.083010
1790938040.316074,1790938040.579251,0.032793,2.112994,1.081736,-0.689056,0.012074,-0.017636,0.724393,-87.128,-0.390,-2.418,0.071686,0.503917,0.044550,-0.151378,-0.163010,0.105384
1790938040.349408,1790938040.624912,0.035549,2.129758,1.083515,-0.691570,0.010690,-0.013985,0.722095,-87.522,-0.224,-2.005,0.067173,0.505693,0.053974,-0.227014,-0.256756,0.077686
1790938040.382742,1790938040.657484,0.036732,2.142251,1.081843,-0.693745,0.007628,-0.010925,0.720097,-87.861,-0.239,-1.508,0.065131,0.507370,0.074559,-0.073617,-0.247150,0.010561
1790938040.416076,1790938040.689278,0.039963,2.156797,1.084734,-0.693678,0.004809,-0.008758,0.720216,-87.847,-0.299,-1.105,0.071134,0.511835,0.088613,0.088312,-0.162995,-0.036305
1790938040.449409,1790938040.728898,0.042428,2.172767,1.087351,-0.692280,0.002358,-0.008013,0.721580,-87.622,-0.441,-0.850,0.071256,0.513475,0.080417,0.134120,-0.139558,-0.103416
1790938040.482743,1790938040.764123,0.042595,2.172385,1.084371,-0.690856,-0.001576,-0.007740,0.722950,-87.396,-0.743,-0.517,0.060598,0.496153,0.062225,0.111754,-0.237549,-0.108741
1790938040.516077,1790938040.791077,0.045479,2.192352,1.087134,-0.689820,-0.005733,-0.005955,0.723934,-87.235,-0.946,-0.041,0.058163,0.493619,0.049884,0.059551,-0.243944,-0.049082
1790938040.549411,1790938040.815042,0.047302,2.209276,1.088594,-0.689830,-0.009019,-0.003794,0.723905,-87.242,-1.048,0.398,0.058306,0.490323,0.039281,-0.072544,-0.210919,-0.035235
1790938040.582744,1790938040.850339,0.048915,2.225951,1.089924,-0.690962,-0.011419,-0.002024,0.722798,-87.427,-1.106,0.737,0.063739,0.488617,0.042872,-0.081067,-0.129957,-0.011802
1790938040.616078,1790938040.893679,0.048015,2.235586,1.087862,-0.691616,-0.013095,-0.001140,0.722146,-87.536,-1.174,0.944,0.061430,0.483019,0.048621,0.033983,-0.095871,0.024400
1790938040.649412,1790938040.926704,0.050038,2.251221,1.089269,-0.690439,-0.014252,0.000523,0.723250,-87.353,-1.140,1.171,0.055382,0.476118,0.049064,0.178863,-0.160854,0.029726
1790938040.682746,1790938040.953730,0.051694,2.267094,1.090316,-0.688306,-0.016400,0.003045,0.725228,-87.023,-1.123,1.547,0.046761,0.465309,0.032817,0.130924,-0.236489,-0.000100
1790938040.716079,1790938040.978508,0.053321,2.283748,1.090975,-0.687930,-0.019341,0.005550,0.725498,-86.975,-1.171,1.987,0.046922,0.457372,0.011342,-0.086397,-0.205594,-0.017144
1790938040.749413,1790938041.025800,0.055037,2.299609,1.091624,-0.689936,-0.021233,0.007300,0.723522,-87.301,-1.183,2.285,0.052355,0.457128,0.015554,-0.227016,-0.098000,0.031858
1790938040.782746,1790938041.061764,0.053620,2.310867,1.088569,-0.692697,-0.021909,0.008204,0.720850,-87.742,-1.159,2.418,0.051782,0.457220,0.039576,-0.143928,-0.030892,0.040366
1790938040.816080,1790938041.089480,0.055380,2.328136,1.090294,-0.693374,-0.022080,0.008460,0.720190,-87.851,-1.150,2.454,0.050896,0.460610,0.063941,0.055275,-0.017042,-0.012895
1790938040.849413,1790938041.122027,0.056987,2.343456,1.092100,-0.692111,-0.022620,0.008284,0.721389,-87.653,-1.213,2.480,0.051242,0.464856,0.059788,0.127715,0.001068,-0.036333
1790938040.882746,1790938041.160867,0.058612,2.359030,1.093395,-0.691026,-0.022747,0.007458,0.722434,-87.481,-1.293,2.420,0.057149,0.476185,0.028392,0.032903,0.071377,-0.038463
1790938040.916081,1790938041.190570,0.060341,2.374726,1.093723,-0.691229,-0.021937,0.006069,0.722277,-87.510,-1.335,2.241,0.062050,0.493285,-0.002261,-0.060840,0.113990,0.003080
1790938040.949415,1790938041.216200,0.062182,2.390660,1.093358,-0.692047,-0.020247,0.004880,0.721552,-87.631,-1.287,2.010,0.063304,0.510263,-0.015680,-0.058707,0.119317,0.024384
1790938040.982749,1790938041.247168,0.063975,2.407209,1.092654,-0.692547,-0.018920,0.003748,0.721115,-87.705,-1.266,1.812,0.057002,0.524628,-0.019594,-0.015030,0.072443,-0.016098
1790938041.016082,1790938041.269966,0.065820,2.423979,1.092191,-0.692508,-0.018790,0.003006,0.721159,-87.698,-1.314,1.740,0.047904,0.540278,-0.017411,0.015864,0.000005,-0.033139
1790938041.049416,1790938041.312817,0.067452,2.440988,1.091390,-0.692362,-0.019270,0.002350,0.721289,-87.677,-1.406,1.724,0.046445,0.554028,-0.015142,-0.002244,0.036224,-0.046985
1790938041.082749,1790938041.348386,0.065593,2.454540,1.085482,-0.693052,-0.018836,0.000658,0.720641,-87.784,-1.503,1.551,0.050495,0.558999,-0.008165,-0.034211,0.161927,0.004135
1790938041.116082,1790938041.375183,0.068153,2.473822,1.086204,-0.693481,-0.016073,-0.001854,0.720293,-87.841,-1.474,1.125,0.057129,0.561419,0.010035,-0.035276,0.281238,-0.006510
1790938041.149416,1790938041.398564,0.070033,2.492021,1.086932,-0.693848,-0.012945,-0.005609,0.719984,-87.889,-1.514,0.567,0.051777,0.555430,0.026818,-0.037406,0.275912,-0.064035
1790938041.182749,1790938041.421618,0.071443,2.510689,1.087901,-0.694486,-0.010728,-0.009575,0.719362,-87.985,-1.647,0.065,0.047802,0.551470,0.047023,-0.070431,0.243953,-0.084277
1790938041.216082,1790938041.454618,0.073010,2.528662,1.089606,-0.695161,-0.008845,-0.013345,0.718676,-88.088,-1.792,-0.395,0.045511,0.552100,0.069398,-0.020362,0.229040,-0.078949
1790938041.249415,1790938041.487139,0.070953,2.535148,1.086855,-0.694909,-0.007201,-0.017168,0.718857,-88.045,-1.961,-0.841,0.038929,0.550499,0.083579,0.151155,0.235433,-0.054454
1790938041.282748,1790938041.516881,0.072555,2.555330,1.089763,-0.692634,-0.005279,-0.020585,0.720976,-87.680,-2.070,-1.283,0.035036,0.551752,0.082676,0.207611,0.230106,-0.068301
1790938041.316081,1790938041.547852,0.073797,2.574105,1.092212,-0.690637,-0.002909,-0.024280,0.722788,-87.360,-2.163,-1.782,0.038146,0.548507,0.068257,0.076580,0.305742,-0.031015
1790938041.349413,1790938041.581207,0.073478,2.584239,1.089859,-0.691147,0.000601,-0.028244,0.722162,-87.440,-2.188,-2.387,0.033037,0.538369,0.053431,-0.077883,0.294025,0.004136
1790938041.382746,1790938041.612457,0.074567,2.602565,1.091696,-0.691776,0.003528,-0.031047,0.721436,-87.541,-2.170,-2.850,0.020732,0.535087,0.059396,-0.000116,0.181103,0.008398
1790938041.416079,1790938041.651867,0.075192,2.620408,1.093617,-0.690876,0.005652,-0.032434,0.722223,-87.401,-2.100,-3.135,0.012981,0.530475,0.069099,0.150088,0.134232,0.059533
1790938041.449411,1790938041.693709,0.075791,2.626276,1.092317,-0.688864,0.007588,-0.033230,0.724089,-87.085,-1.994,-3.360,0.007424,0.515588,0.058036,0.224672,0.105473,0.059542
1790938041.482744,1790938041.728286,0.076012,2.644273,1.093730,-0.686289,0.009269,-0.033954,0.726476,-86.682,-1.899,-3.560,0.005985,0.507764,0.033415,0.192712,0.109734,0.033975
1790938041.516076,1790938041.763095,0.076191,2.661047,1.094285,-0.684476,0.010745,-0.035089,0.728111,-86.400,-1.856,-3.775,0.008329,0.496574,0.008596,0.091509,0.109734,-0.000113
1790938041.549409,1790938041.807411,0.076426,2.677378,1.094193,-0.684015,0.011660,-0.036503,0.728461,-86.330,-1.888,-3.966,0.015158,0.480716,-0.007704,-0.033128,0.089494,-0.039531
1790938041.582741,1790938041.848637,0.076561,2.687730,1.091108,-0.685623,0.012101,-0.037895,0.726869,-86.584,-1.970,-4.113,0.019780,0.459986,-0.017990,-0.154572,0.055401,-0.015027
1790938041.616074,1790938041.882589,0.077113,2.702462,1.090429,-0.688110,0.012555,-0.038290,0.724487,-86.978,-1.977,-4.175,0.021333,0.448158,-0.010964,-0.239793,0.003202,0.037169
1790938041.649406,1790938041.915912,0.077672,2.716881,1.090187,-0.690958,0.013569,-0.036899,0.721825,-87.432,-1.799,-4.132,0.020218,0.441746,0.008932,-0.189724,-0.052191,0.153284
1790938041.682738,1790938041.946470,0.078133,2.730927,1.090380,-0.692674,0.014328,-0.033957,0.720309,-87.707,-1.513,-3.945,0.012422,0.437707,0.012873,-0.073605,-0.143807,0.139437
1790938041.716071,1790938041.970753,0.078552,2.744958,1.090714,-0.693249,0.013460,-0.030637,0.719921,-87.796,-1.324,-3.600,0.004788,0.437618,-0.004179,-0.027795,-0.203466,0.068062
1790938041.749403,1790938041.993747,0.078503,2.759164,1.090115,-0.693930,0.011483,-0.027773,0.719415,-87.899,-1.262,-3.205,0.006750,0.443797,-0.026514,-0.089583,-0.191747,0.009468
1790938041.782734,1790938042.032929,0.078655,2.773350,1.088902,-0.695240,0.009398,-0.025561,0.718262,-88.102,-1.263,-2.854,0.015859,0.452551,-0.039220,-0.102364,-0.175766,-0.005444
1790938041.816066,1790938042.067419,0.077387,2.778536,1.084334,-0.696885,0.007370,-0.023919,0.716746,-88.361,-1.305,-2.555,0.027884,0.458418,-0.042054,-0.067197,-0.118241,-0.005453
1790938041.849398,1790938042.098419,0.078529,2.794637,1.082820,-0.697445,0.006669,-0.023221,0.716231,-88.449,-1.309,-2.440,0.049252,0.482394,-0.031729,0.015893,0.012788,0.026503
1790938041.882730,1790938042.128347,0.080178,2.810417,1.081736,-0.696971,0.007911,-0.023359,0.716675,-88.376,-1.216,-2.552,0.068501,0.505395,-0.018079,0.060635,0.107600,0.080832
1790938041.916069,1790938042.160507,0.082481,2.826921,1.081107,-0.696217,0.010718,-0.023836,0.717356,-88.261,-1.021,-2.816,0.085446,0.518612,-0.008642,0.055309,0.165126,0.104266
1790938041.949411,1790938042.193790,0.085350,2.843745,1.080639,-0.695826,0.013243,-0.024546,0.717668,-88.206,-0.868,-3.076,0.089196,0.514310,-0.008600,-0.019258,0.047943,0.032890
1790938041.982754,1790938042.223763,0.088228,2.860319,1.080192,-0.696865,0.012998,-0.023444,0.716701,-88.371,-0.805,-2.965,0.078843,0.505148,-0.003476,-0.166269,-0.171506,0.064852
1790938042.016097,1790938042.248092,0.090757,2.876857,1.080306,-0.699442,0.011597,-0.019545,0.714328,-88.780,-0.617,-2.530,0.073120,0.506820,0.022117,-0.224859,-0.269514,0.137290
1790938042.049441,1790938042.270898,0.092980,2.893523,1.081437,-0.701867,0.009782,-0.014820,0.712086,-89.165,-0.394,-1.996,0.070821,0.510045,0.053748,-0.141764,-0.260992,0.098937
1790938042.082784,1790938042.310028,0.095127,2.910402,1.083503,-0.702725,0.007956,-0.011359,0.711327,-89.299,-0.266,-1.567,0.073463,0.516066,0.078101,0.036139,-0.180027,-0.002266
1790938042.116127,1790938042.341660,0.094734,2.915389,1.081474,-0.702068,0.005312,-0.010072,0.712019,-89.189,-0.377,-1.249,0.067103,0.507215,0.082751,0.194878,-0.170445,-0.060866
1790938042.149470,1790938042.371479,0.097256,2.933108,1.083761,-0.699903,0.002028,-0.008906,0.714179,-88.839,-0.548,-0.892,0.059780,0.503186,0.064979,0.148003,-0.205600,-0.092820
1790938042.182813,1790938042.399067,0.099380,2.950188,1.085539,-0.699280,-0.001163,-0.007637,0.714806,-88.739,-0.707,-0.532,0.063660,0.507380,0.044208,-0.065054,-0.142747,-0.057666
1790938042.216157,1790938042.440499,0.101508,2.967366,1.086979,-0.700791,-0.002707,-0.007342,0.713324,-88.982,-0.811,-0.383,0.076755,0.518617,0.044431,-0.157735,-0.015977,-0.056604
1790938042.249500,1790938042.477345,0.101579,2.973876,1.084685,-0.702825,-0.003280,-0.008254,0.711307,-89.309,-0.932,-0.409,0.079442,0.517591,0.060612,-0.038413,0.030891,-0.039568
1790938042.282843,1790938042.509413,0.104459,2.992038,1.086613,-0.702498,-0.003399,-0.008878,0.711622,-89.257,-0.992,-0.450,0.073337,0.517563,0.069573,0.126704,0.001063,-0.019324
1790938042.316186,1790938042.537713,0.106721,3.009268,1.088563,-0.700623,-0.004013,-0.008771,0.713467,-88.956,-1.032,-0.395,0.055373,0.510377,0.053069,0.174643,-0.083095,-0.026780
1790938042.349530,1790938042.560665,0.108119,3.026063,1.089766,-0.698953,-0.006470,-0.007059,0.715104,-88.691,-1.096,-0.060,0.025299,0.499602,0.022455,0.085159,-0.303610,-0.025716
1790938042.382874,1790938042.583738,0.108707,3.042512,1.090140,-0.698545,-0.011205,-0.002943,0.715472,-88.635,-1.154,0.656,0.004478,0.492098,0.004310,-0.006454,-0.421858,-0.028911
1790938042.416218,1790938042.624680,0.108741,3.058993,1.090223,-0.698934,-0.016378,0.001425,0.714998,-88.713,-1.228,1.429,-0.000858,0.493387,0.006388,-0.060785,-0.363267,-0.038498
1790938042.449562,1790938042.659044,0.107739,3.067922,1.087666,-0.700506,-0.020457,0.004381,0.713340,-88.983,-1.321,2.001,0.001178,0.496598,0.020188,-0.105519,-0.220518,-0.029979
1790938042.482906,1790938042.706832,0.107646,3.083992,1.088555,-0.701421,-0.022462,0.006202,0.712366,-89.140,-1.335,2.313,0.004899,0.507811,0.042501,-0.001119,-0.099074,0.023284
1790938042.516249,1790938042.745413,0.107311,3.092935,1.087958,-0.700832,-0.022457,0.007338,0.712935,-89.045,-1.245,2.404,0.006377,0.511528,0.049324,0.154426,0.005325,0.069087
1790938042.549593,1790938042.775163,0.107596,3.110656,1.089079,-0.699104,-0.020876,0.007929,0.714671,-88.760,-1.074,2.323,0.007684,0.521280,0.024769,0.120335,0.084156,0.111700
1790938042.582937,1790938042.803777,0.107728,3.127982,1.089099,-0.698584,-0.018387,0.008004,0.715247,-88.666,-0.866,2.129,0.005215,0.533947,-0.017968,-0.037327,0.113985,0.086132
1790938042.616282,1790938042.831134,0.107554,3.145529,1.087944,-0.699583,-0.016597,0.007598,0.714318,-88.819,-0.749,1.953,-0.005825,0.547284,-0.045236,-0.105503,0.062851,0.038193
1790938042.649626,1790938042.858983,0.106918,3.163597,1.086322,-0.700625,-0.016357,0.007463,0.713303,-88.985,-0.738,1.924,-0.018613,0.564902,-0.045333,-0.042652,-0.028762,-0.036377
1790938042.682969,1790938042.887528,0.105906,3.182207,1.084945,-0.700379,-0.017666,0.007040,0.713518,-88.950,-0.879,1.994,-0.023947,0.585732,-0.028809,0.096902,-0.028761,-0.114145
1790938042.716313,1790938042.914510,0.104830,3.201810,1.084097,-0.698518,-0.018924,0.005555,0.715321,-88.657,-1.107,1.971,-0.021435,0.600303,-0.013697,0.200236,0.060722,-0.101362
1790938042.749658,1790938042.941687,0.103931,3.221542,1.083549,-0.696557,-0.018832,0.003563,0.717245,-88.343,-1.263,1.797,-0.021126,0.601664,-0.015274,0.076661,0.101204,-0.064078
1790938042.783002,1790938042.968541,0.102892,3.240970,1.082910,-0.696880,-0.018148,0.001824,0.716955,-88.392,-1.345,1.600,-0.025640,0.597132,-0.017068,-0.145984,0.104400,-0.008684
1790938042.816347,1790938042.998737,0.101638,3.260125,1.082523,-0.699339,-0.017169,0.000392,0.714584,-88.781,-1.375,1.409,-0.037678,0.596831,-0.001982,-0.257838,0.079900,-0.049165
1790938042.849691,1790938043.027526,0.099832,3.279407,1.082968,-0.702113,-0.017732,-0.001339,0.711843,-89.229,-1.554,1.318,-0.052670,0.601843,0.035630,-0.165156,0.001069,-0.137585
1790938042.883036,1790938043.057548,0.097597,3.298934,1.084800,-0.702650,-0.019254,-0.002704,0.711270,-89.322,-1.787,1.331,-0.056719,0.607368,0.075224,0.086252,0.005330,-0.082190
1790938042.916376,1790938043.085494,0.095536,3.318924,1.087587,-0.700871,-0.019223,-0.003715,0.713019,-89.036,-1.869,1.241,-0.049982,0.607810,0.077324,0.169346,0.087357,0.001968
1790938042.949713,1790938043.115540,0.093456,3.338694,1.089756,-0.699421,-0.018374,-0.004461,0.714459,-88.799,-1.862,1.108,-0.053307,0.601531,0.053712,0.046837,0.038355,0.019009
1790938042.983049,1790938043.155863,0.091118,3.358020,1.091261,-0.699158,-0.017315,-0.004048,0.714746,-88.753,-1.743,1.056,-0.055151,0.595832,0.039011,0.018075,0.044749,0.112752
1790938043.016386,1790938043.193773,0.085362,3.366335,1.089938,-0.699045,-0.014993,-0.003755,0.714911,-88.726,-1.529,0.894,-0.050941,0.584137,0.031445,0.027681,0.138499,0.109539
1790938043.049722,1790938043.228057,0.083345,3.384226,1.091084,-0.698549,-0.011300,-0.004253,0.715460,-88.636,-1.267,0.556,-0.040269,0.579957,0.028960,0.072426,0.226922,0.171321
1790938043.083059,1790938043.265882,0.081947,3.402389,1.091835,-0.697286,-0.005870,-0.005132,0.716750,-88.423,-0.892,0.048,-0.027777,0.571799,0.017924,0.129952,0.306819,0.190498
1790938043.116394,1790938043.300966,0.080685,3.420465,1.092019,-0.695795,-0.001242,-0.006923,0.718206,-88.181,-0.654,-0.471,-0.029186,0.555648,-0.007836,0.102256,0.202419,0.014723
1790938043.149730,1790938043.344114,0.079055,3.438261,1.091495,-0.694670,-0.000229,-0.008780,0.719275,-88.002,-0.718,-0.705,-0.027115,0.539767,-0.020324,0.075628,0.060738,-0.060929
1790938043.183067,1790938043.378971,0.074841,3.442456,1.088329,-0.694079,-0.000581,-0.010296,0.719825,-87.908,-0.867,-0.803,-0.013095,0.521101,-0.022710,0.035159,0.046892,-0.106732
1790938043.216403,1790938043.406426,0.074930,3.459373,1.087683,-0.694180,-0.001353,-0.011996,0.719700,-87.924,-1.066,-0.882,0.001091,0.514504,-0.025993,-0.068172,0.010673,-0.104601
1790938043.249739,1790938043.433827,0.074963,3.475933,1.086795,-0.695502,-0.002579,-0.012462,0.718411,-88.135,-1.206,-0.821,0.008157,0.509253,-0.024412,-0.145937,-0.092659,-0.023640
1790938043.283075,1790938043.462719,0.075188,3.492343,1.086085,-0.697225,-0.004339,-0.010823,0.716758,-88.411,-1.221,-0.542,0.009328,0.505321,-0.017223,-0.128891,-0.199188,-0.000203
1790938043.316411,1790938043.492120,0.075370,3.508500,1.085600,-0.698496,-0.006908,-0.008139,0.715534,-88.618,-1.218,-0.114,0.009483,0.503466,-0.009924,-0.073493,-0.242865,-0.000204
1790938043.349747,1790938043.522024,0.075621,3.524764,1.085328,-0.699084,-0.010160,-0.005850,0.714944,-88.719,-1.301,0.335,0.011333,0.505883,-0.008316,-0.027684,-0.225820,-0.091820
1790938043.383084,1790938043.551685,0.075969,3.541328,1.085105,-0.699127,-0.013794,-0.004452,0.714850,-88.735,-1.487,0.741,0.015805,0.511416,-0.011374,0.013861,-0.200253,-0.091821
1790938043.416420,1790938043.595888,0.076519,3.558029,1.084576,-0.698806,-0.016937,-0.003059,0.715104,-88.695,-1.633,1.106,0.022678,0.519711,-0.021002,0.025581,-0.178948,-0.035361
1790938043.449755,1790938043.628154,0.073936,3.563459,1.081738,-0.698511,-0.018686,-0.001167,0.715354,-88.655,-1.625,1.401,0.028002,0.525631,-0.028011,0.029863,-0.118223,0.034931
1790938043.483091,1790938043.656856,0.075631,3.580153,1.080904,-0.697981,-0.018918,0.000550,0.715866,-88.571,-1.508,1.559,0.038446,0.542512,-0.022407,0.069279,-0.037261,0.088199
1790938043.516427,1790938043.687132,0.076993,3.597922,1.080322,-0.696895,-0.017911,0.002018,0.716947,-88.393,-1.310,1.597,0.044752,0.555376,-0.007419,0.118284,-0.009562,0.089264
1790938043.549763,1790938043.716417,0.078452,3.615923,1.080178,-0.695537,-0.017808,0.003180,0.718262,-88.176,-1.212,1.682,0.043879,0.553193,0.002851,0.078870,-0.116091,0.020020
1790938043.583098,1790938043.745025,0.079905,3.633725,1.080283,-0.695395,-0.019549,0.005532,0.718341,-88.161,-1.168,2.014,0.044484,0.542763,0.007826,-0.077727,-0.232210,0.029607
1790938043.616434,1790938043.787537,0.081487,3.651464,1.080687,-0.697071,-0.022236,0.008915,0.716602,-88.441,-1.114,2.510,0.045776,0.541252,0.019571,-0.192778,-0.276951,0.033869
1790938043.649770,1790938043.825279,0.081071,3.658738,1.079765,-0.699072,-0.024721,0.012408,0.714516,-88.775,-1.030,2.998,0.047616,0.538374,0.042823,-0.093689,-0.208766,0.043449
1790938043.683105,1790938043.871787,0.082859,3.676033,1.081616,-0.699161,-0.026300,0.014816,0.714327,-88.799,-0.966,3.322,0.049037,0.539501,0.058607,0.082084,-0.135263,0.026405
1790938043.716441,1790938043.911979,0.084206,3.693695,1.083437,-0.697634,-0.027647,0.016591,0.715728,-88.562,-0.941,3.574,0.045457,0.532067,0.050541,0.137481,-0.127803,-0.020474
1790938043.749777,1790938043.947176,0.084845,3.702944,1.083731,-0.696640,-0.029905,0.017400,0.716586,-88.418,-1.067,3.820,0.043616,0.516323,0.026551,-0.015910,-0.137386,-0.087582
1790938043.783112,1790938043.975375,0.086493,3.718724,1.084577,-0.697356,-0.032241,0.017895,0.715775,-88.549,-1.215,4.048,0.054391,0.514947,0.024165,-0.102197,-0.073467,-0.057754
1790938043.816448,1790938044.005593,0.088732,3.735505,1.085660,-0.698259,-0.032846,0.017295,0.714882,-88.698,-1.307,4.049,0.074066,0.519288,0.040661,-0.023364,0.073541,-0.046035
1790938043.849783,1790938044.035026,0.091515,3.752716,1.087231,-0.697567,-0.032241,0.015337,0.715629,-88.583,-1.418,3.839,0.081112,0.514902,0.052437,0.143886,0.127870,-0.067340
1790938043.883119,1790938044.064158,0.094427,3.769643,1.088779,-0.695578,-0.031351,0.013213,0.717645,-88.259,-1.525,3.589,0.078779,0.503665,0.042094,0.168389,0.122543,-0.070535
1790938043.916454,1790938044.105025,0.097084,3.785985,1.089681,-0.694146,-0.031006,0.011408,0.719075,-88.028,-1.648,3.410,0.068407,0.491046,0.019094,0.058665,0.047973,-0.050294
1790938043.949788,1790938044.142138,0.098534,3.794006,1.088842,-0.694100,-0.031631,0.011382,0.719093,-88.025,-1.701,3.457,0.049684,0.471195,0.000867,-0.043592,-0.117144,-0.013007
1790938043.983122,1790938044.170417,0.099797,3.808368,1.088802,-0.694845,-0.033665,0.013282,0.718249,-88.159,-1.713,3.778,0.035612,0.463675,0.000230,-0.078745,-0.194911,0.002972
1790938044.016455,1790938044.199749,0.100976,3.822991,1.088892,-0.695678,-0.036010,0.014922,0.717295,-88.310,-1.771,4.103,0.033093,0.461912,0.010785,-0.064894,-0.132058,-0.057750
1790938044.049790,1790938044.227567,0.102132,3.837799,1.089390,-0.696322,-0.037167,0.015146,0.716606,-88.423,-1.844,4.215,0.037167,0.466945,0.023359,-0.040391,0.034127,0.009360
1790938044.083123,1790938044.255003,0.103605,3.852932,1.090139,-0.696630,-0.035524,0.014344,0.716407,-88.459,-1.771,4.019,0.042866,0.475610,0.026546,0.003288,0.161961,0.035994
1790938044.116457,1790938044.283755,0.105181,3.868401,1.090739,-0.696576,-0.032640,0.012743,0.716627,-88.427,-1.663,3.656,0.044929,0.486334,0.016930,0.010745,0.223749,0.059431
1790938044.149791,1790938044.311807,0.106645,3.884276,1.090962,-0.696682,-0.029099,0.010476,0.716713,-88.419,-1.554,3.186,0.045617,0.499673,0.002096,-0.025473,0.253577,0.035994
1790938044.183125,1790938044.339337,0.108028,3.900533,1.090779,-0.696989,-0.025859,0.007918,0.716571,-88.448,-1.491,2.717,0.041972,0.514131,-0.006979,0.003292,0.240794,-0.000226
1790938044.216459,1790938044.366959,0.109121,3.917426,1.090277,-0.696617,-0.023069,0.004837,0.717056,-88.373,-1.510,2.240,0.039021,0.527858,-0.017739,0.048034,0.250382,-0.025795
1790938044.249793,1790938044.409408,0.110312,3.934477,1.089336,-0.696161,-0.020619,0.001673,0.717588,-88.288,-1.562,1.783,0.033878,0.541788,-0.030678,0.021404,0.206705,-0.071604
1790938044.283127,1790938044.447309,0.110280,3.943172,1.086502,-0.695663,-0.019764,-0.001351,0.718095,-88.204,-1.734,1.465,0.024231,0.550678,-0.026906,0.099185,0.124678,-0.119543
1790938044.316460,1790938044.481171,0.110733,3.959230,1.085859,-0.693634,-0.019687,-0.003921,0.720048,-87.880,-1.936,1.242,0.017158,0.557763,-0.019185,0.213173,0.116155,-0.093978
1790938044.349794,1790938044.509826,0.111198,3.976625,1.085067,-0.691355,-0.019033,-0.006465,0.722235,-87.515,-2.088,0.974,0.011863,0.559016,-0.026140,0.113037,0.158768,-0.085456
1790938044.383127,1790938044.550488,0.111410,3.994206,1.083883,-0.691253,-0.017939,-0.009304,0.722331,-87.494,-2.222,0.651,0.001339,0.551250,-0.038140,-0.134107,0.164095,-0.072672
1790938044.416461,1790938044.583090,0.110745,3.996439,1.080369,-0.694196,-0.016958,-0.011775,0.719490,-87.958,-2.335,0.379,-0.013599,0.535859,-0.035191,-0.330104,0.111896,-0.072668
1790938044.449793,1790938044.607237,0.110022,4.016988,1.080396,-0.697717,-0.016357,-0.013711,0.716056,-88.518,-2.439,0.183,-0.020601,0.540422,0.003165,-0.196945,0.099112,-0.055621
1790938044.483127,1790938044.631537,0.109119,4.034966,1.081239,-0.698428,-0.015948,-0.015803,0.715328,-88.630,-2.573,-0.019,-0.023442,0.540312,0.042130,0.066181,0.121482,-0.076929
1790938044.516460,1790938044.671010,0.108394,4.052737,1.082859,-0.697078,-0.014188,-0.018159,0.716625,-88.407,-2.617,-0.358,-0.014187,0.541172,0.052961,0.114121,0.246124,0.037056
1790938044.549793,1790938044.703452,0.108566,4.062436,1.083403,-0.696210,-0.009903,-0.020892,0.717466,-88.257,-2.482,-0.929,-0.010020,0.532843,0.043730,0.022516,0.331343,0.058365
1790938044.583127,1790938044.727015,0.108218,4.081492,1.085063,-0.696172,-0.005787,-0.023783,0.717457,-88.244,-2.374,-1.495,-0.020756,0.530902,0.040578,-0.029684,0.222683,0.043451
1790938044.616460,1790938044.760221,0.107063,4.099291,1.086513,-0.696515,-0.003711,-0.024661,0.717108,-88.296,-2.274,-1.732,-0.036189,0.527750,0.045339,-0.031815,0.030929,0.073280
1790938044.649793,1790938044.793964,0.106646,4.106661,1.087481,-0.696469,-0.002029,-0.023269,0.717207,-88.288,-2.024,-1.752,-0.035532,0.519734,0.056821,0.068335,0.040512,0.161702
1790938044.683126,1790938044.819163,0.105637,4.125056,1.089441,-0.694770,0.000905,-0.022189,0.718889,-88.017,-1.692,-1.901,-0.031261,0.516437,0.053023,0.211082,0.124669,0.151049
1790938044.716459,1790938044.841523,0.104490,4.142349,1.090678,-0.692223,0.003614,-0.022445,0.721326,-87.613,-1.482,-2.143,-0.030042,0.504264,0.020598,0.165275,0.132127,0.054106
1790938044.749792,1790938044.866057,0.103576,4.158904,1.090707,-0.690926,0.005836,-0.023467,0.722521,-87.410,-1.375,-2.406,-0.018584,0.489157,-0.015451,0.015067,0.167282,0.048778
1790938044.783125,1790938044.888654,0.103097,4.174504,1.089668,-0.691463,0.008613,-0.025219,0.721921,-87.500,-1.286,-2.770,-0.000446,0.469824,-0.042625,-0.122352,0.201372,0.032797
1790938044.816458,1790938044.925492,0.102950,4.189107,1.088057,-0.693442,0.010948,-0.026480,0.719943,-87.820,-1.201,-3.057,0.005951,0.453395,-0.046246,-0.218229,0.080994,0.049840
1790938044.849790,1790938044.957796,0.103016,4.195455,1.085934,-0.695863,0.012413,-0.026627,0.717573,-88.209,-1.103,-3.182,0.017376,0.442060,-0.019150,-0.161758,0.078863,0.079668
1790938044.883123,1790938044.987718,0.103682,4.210930,1.085775,-0.696937,0.014482,-0.026585,0.716493,-88.387,-0.934,-3.342,0.022159,0.441408,0.007595,-0.012617,0.075665,0.112690
1790938044.916456,1790938045.014716,0.104208,4.225359,1.086010,-0.696567,0.016130,-0.025621,0.716853,-88.334,-0.720,-3.394,0.016625,0.441225,0.004155,0.029994,-0.029796,0.069011
1790938044.949791,1790938045.049067,0.104618,4.239733,1.085672,-0.696788,0.015466,-0.024656,0.716687,-88.367,-0.699,-3.262,0.012687,0.444759,-0.020776,-0.089318,-0.101171,-0.055627
1790938044.983125,1790938045.080293,0.104946,4.254621,1.084754,-0.698397,0.013199,-0.024324,0.715175,-88.617,-0.865,-3.052,0.018302,0.448074,-0.032786,-0.142581,-0.116085,-0.097176
1790938045.016459,1790938045.114552,0.105617,4.269341,1.083671,-0.699743,0.010779,-0.024094,0.713907,-88.826,-1.050,-2.837,0.029106,0.453628,-0.027771,-0.066945,-0.110758,-0.091849
1790938045.049794,1790938045.151448,0.106751,4.284257,1.082834,-0.700245,0.008783,-0.023915,0.713448,-88.902,-1.201,-2.661,0.043587,0.465309,-0.017777,-0.003027,-0.069212,-0.057761
1790938045.083128,1790938045.190789,0.107357,4.292704,1.081220,-0.700279,0.007694,-0.023913,0.713428,-88.905,-1.290,-2.574,0.054983,0.477013,-0.012367,0.002308,-0.015948,-0.018351
1790938045.116462,1790938045.225794,0.109589,4.308948,1.080903,-0.700357,0.007626,-0.024023,0.713348,-88.918,-1.305,-2.577,0.063850,0.496152,-0.006394,-0.011541,0.000030,0.009345
1790938045.149797,1790938045.259521,0.111989,4.325718,1.080883,-0.700285,0.007511,-0.023720,0.713430,-88.906,-1.290,-2.543,0.067854,0.510892,0.012394,0.049179,-0.046842,0.024262
1790938045.183131,1790938045.294277,0.114334,4.342958,1.081613,-0.699345,0.006638,-0.022362,0.714404,-88.754,-1.249,-2.364,0.065784,0.516381,0.030683,0.093923,-0.156568,0.022132
1790938045.216465,1790938045.329699,0.116488,4.360600,1.082739,-0.699123,0.004351,-0.019723,0.714716,-88.715,-1.224,-1.965,0.063205,0.514551,0.035720,-0.076523,-0.255641,0.013609
1790938045.249799,1790938045.367254,0.118684,4.378540,1.084164,-0.700844,0.001192,-0.016476,0.713123,-88.989,-1.226,-1.443,0.065010,0.515640,0.048528,-0.186251,-0.286534,0.001893
1790938045.283133,1790938045.406154,0.120981,4.395881,1.086207,-0.702748,-0.002070,-0.013250,0.711312,-89.296,-1.236,-0.914,0.071519,0.521910,0.075834,-0.088244,-0.241792,-0.002369
1790938045.316467,1790938045.437747,0.122359,4.406155,1.087909,-0.702533,-0.004184,-0.010841,0.711557,-89.263,-1.214,-0.547,0.081043,0.527184,0.102758,0.180218,-0.128870,0.057281
1790938045.349800,1790938045.465586,0.125358,4.424536,1.091476,-0.699394,-0.004577,-0.009392,0.714660,-88.759,-1.128,-0.402,0.091038,0.537961,0.101980,0.336814,-0.019145,0.018932
1790938045.383134,1790938045.491160,0.128700,4.442709,1.094397,-0.695587,-0.004624,-0.009680,0.718362,-88.150,-1.152,-0.428,0.098207,0.539893,0.071673,0.270766,0.040510,-0.034331
1790938045.416467,1790938045.523927,0.132264,4.460587,1.096216,-0.693217,-0.004379,-0.010644,0.720637,-87.772,-1.207,-0.531,0.101154,0.534237,0.038141,0.099254,0.052228,-0.036462
1790938045.449801,1790938045.556464,0.134590,4.472637,1.096128,-0.692746,-0.004830,-0.011637,0.721072,-87.698,-1.323,-0.578,0.094129,0.520932,0.021200,-0.011531,-0.019146,-0.060966
1790938045.483135,1790938045.584550,0.137653,4.489708,1.096983,-0.692789,-0.006415,-0.011890,0.721014,-87.707,-1.474,-0.473,0.086249,0.513526,0.026563,0.022558,-0.091586,-0.093990
1790938045.516468,1790938045.611089,0.140633,4.506588,1.098088,-0.692068,-0.008873,-0.011845,0.721681,-87.596,-1.673,-0.276,0.080558,0.507633,0.035365,0.105652,-0.115023,-0.092923
1790938045.549802,1790938045.637517,0.143438,4.523210,1.099391,-0.690387,-0.011030,-0.011153,0.723270,-87.334,-1.797,-0.052,0.073207,0.499124,0.037006,0.173832,-0.132068,-0.021546
1790938045.583135,1790938045.663723,0.145884,4.539451,1.100409,-0.688448,-0.013171,-0.009512,0.725104,-87.033,-1.845,0.249,0.060082,0.486323,0.018152,0.108849,-0.193855,-0.019415
1790938045.616469,1790938045.702718,0.147917,4.555187,1.100659,-0.688192,-0.015913,-0.007539,0.725315,-87.002,-1.917,0.629,0.051265,0.474528,-0.005500,-0.086099,-0.183204,-0.024739
1790938045.649802,1790938045.738083,0.149706,4.564799,1.099969,-0.689915,-0.017949,-0.006185,0.723641,-87.282,-1.978,0.907,0.048595,0.463253,-0.013921,-0.223515,-0.092656,-0.017280
1790938045.683136,1790938045.765628,0.150969,4.580011,1.099684,-0.692760,-0.018512,-0.005916,0.720906,-87.736,-1.999,0.981,0.047328,0.460548,0.000500,-0.219253,0.008545,-0.011955
1790938045.716469,1790938045.792448,0.152489,4.595160,1.100085,-0.694403,-0.018240,-0.006469,0.719326,-87.996,-2.019,0.919,0.043677,0.459806,0.024060,-0.017911,0.052221,-0.006629
1790938045.749802,1790938045.820651,0.153919,4.610299,1.100958,-0.693732,-0.017440,-0.007045,0.719987,-87.886,-1.999,0.806,0.037245,0.460644,0.024777,0.105662,0.059679,0.026393
1790938045.783134,1790938045.847377,0.155139,4.625518,1.101301,-0.692757,-0.016646,-0.007606,0.720939,-87.728,-1.979,0.693,0.028746,0.463984,-0.005661,0.025765,0.051156,-0.031130
1790938045.816467,1790938045.886457,0.156096,4.640794,1.100593,-0.693027,-0.016743,-0.008774,0.720664,-87.771,-2.080,0.605,0.022392,0.468021,-0.034336,-0.058391,0.041569,-0.064153
1790938045.849800,1790938045.920379,0.156914,4.656075,1.099245,-0.693522,-0.016875,-0.010021,0.720168,-87.850,-2.189,0.514,0.019761,0.472679,-0.043996,-0.008322,0.058612,-0.042847
1790938045.883133,1790938045.953971,0.157682,4.671469,1.097739,-0.693278,-0.016737,-0.011146,0.720390,-87.811,-2.268,0.410,0.016237,0.478907,-0.046535,0.028963,0.038371,-0.042846
1790938045.916472,1790938045.987277,0.158424,4.687176,1.096369,-0.692914,-0.016965,-0.011949,0.720722,-87.753,-2.351,0.361,0.012258,0.491161,-0.044122,0.021508,0.017064,-0.037516
1790938045.949818,1790938046.020483,0.159024,4.703207,1.095029,-0.692435,-0.017024,-0.012560,0.721170,-87.678,-2.404,0.313,0.008699,0.500357,-0.036923,0.053467,0.036240,-0.024730
1790938045.983164,1790938046.054623,0.159442,4.719066,1.093959,-0.691759,-0.016824,-0.013334,0.721809,-87.569,-2.449,0.231,0.004766,0.505154,-0.029494,0.040684,0.049022,-0.032185
1790938046.016511,1790938046.091587,0.159383,4.735947,1.093086,-0.691480,-0.016835,-0.014739,0.722049,-87.525,-2.562,0.115,0.001889,0.507829,-0.017872,-0.002991,0.074590,-0.080124
1790938046.049857,1790938046.124356,0.159297,4.752792,1.092612,-0.691871,-0.016798,-0.016632,0.721634,-87.586,-2.709,-0.044,-0.000826,0.510337,-0.004902,-0.076495,0.086309,-0.068407
1790938046.083204,1790938046.173794,0.159433,4.769538,1.092648,-0.693069,-0.016610,-0.018635,0.720439,-87.776,-2.852,-0.220,-0.001366,0.513613,0.009388,-0.123369,0.091636,-0.104625
1790938046.116550,1790938046.211854,0.159862,4.780438,1.092637,-0.693886,-0.017038,-0.021284,0.719569,-87.907,-3.099,-0.401,-0.004149,0.512898,0.032701,0.002345,0.087365,-0.135516
1790938046.149896,1790938046.242667,0.159556,4.796934,1.094228,-0.692857,-0.017451,-0.023567,0.720478,-87.745,-3.314,-0.561,-0.008006,0.516100,0.050239,0.137636,0.071386,-0.075857
1790938046.183243,1790938046.272383,0.159440,4.814279,1.095854,-0.691413,-0.016966,-0.024943,0.721830,-87.513,-3.382,-0.720,-0.004564,0.521158,0.047126,0.070523,0.101214,-0.011939
1790938046.216589,1790938046.300028,0.159258,4.831741,1.097236,-0.691205,-0.015879,-0.026402,0.722002,-87.476,-3.407,-0.928,-0.005114,0.523888,0.038602,-0.037072,0.112933,-0.017266
1790938046.249935,1790938046.330438,0.159036,4.849041,1.098625,-0.691612,-0.014495,-0.027901,0.721584,-87.535,-3.412,-1.160,-0.007327,0.526849,0.047221,-0.014699,0.123587,-0.017265
1790938046.283281,1790938046.358382,0.158428,4.866691,1.100398,-0.691259,-0.013643,-0.029268,0.721885,-87.476,-3.449,-1.343,-0.021137,0.527056,0.055578,0.064130,0.051148,-0.011939
1790938046.316628,1790938046.386461,0.157594,4.884497,1.102287,-0.690103,-0.013034,-0.029220,0.723004,-87.291,-3.393,-1.393,-0.031281,0.528321,0.056279,0.134441,0.026645,0.070087
1790938046.349974,1790938046.424742,0.156638,4.902238,1.103968,-0.688140,-0.011908,-0.028639,0.724915,-86.977,-3.249,-1.443,-0.035928,0.528056,0.040895,0.188771,0.029841,0.043456
1790938046.383321,1790938046.460636,0.156570,4.912369,1.104190,-0.685820,-0.011813,-0.028723,0.727109,-86.611,-3.243,-1.467,-0.039623,0.514364,0.011292,0.174931,0.007463,-0.033236
1790938046.416667,1790938046.491124,0.155142,4.929904,1.104154,-0.684104,-0.012311,-0.029740,0.728673,-86.342,-3.361,-1.521,-0.033179,0.504699,-0.016715,0.077987,0.053272,-0.058804
1790938046.450014,1790938046.521873,0.154213,4.946341,1.103205,-0.683886,-0.012114,-0.031031,0.728828,-86.306,-3.446,-1.645,-0.023172,0.491907,-0.036878,-0.064759,0.066055,-0.035368
1790938046.483361,1790938046.551810,0.153575,4.962191,1.101752,-0.685477,-0.011457,-0.031755,0.727312,-86.555,-3.451,-1.750,-0.012938,0.479066,-0.043526,-0.202182,0.047945,0.034939
1790938046.516707,1790938046.581472,0.153182,4.977693,1.100367,-0.688435,-0.009840,-0.031629,0.724541,-87.019,-3.314,-1.853,-0.004685,0.469795,-0.027728,-0.265034,0.068186,0.079681
1790938046.550054,1790938046.610127,0.152831,4.992897,1.099689,-0.691250,-0.007707,-0.031146,0.721903,-87.461,-3.106,-1.969,-0.006178,0.464313,0.000057,-0.172353,0.058597,0.138271
1790938046.583401,1790938046.638985,0.152412,5.007948,1.099774,-0.692441,-0.005548,-0.030047,0.720828,-87.648,-2.844,-2.045,-0.009921,0.463822,0.016213,-0.012557,0.034096,0.112703
1790938046.616747,1790938046.671370,0.152143,5.023232,1.100028,-0.692031,-0.004316,-0.029559,0.721249,-87.582,-2.702,-2.104,-0.011975,0.467067,0.004821,0.057750,0.033031,0.025349
1790938046.650094,1790938046.700033,0.151911,5.038508,1.099537,-0.691780,-0.004030,-0.029710,0.721486,-87.541,-2.689,-2.140,-0.013194,0.472032,-0.027727,-0.040255,-0.012775,-0.014064
1790938046.683440,1790938046.748558,0.151561,5.053835,1.098083,-0.692945,-0.004652,-0.029113,0.720387,-87.727,-2.697,-2.037,-0.014313,0.479137,-0.053288,-0.131870,-0.092673,0.025351
1790938046.716786,1790938046.776877,0.151425,5.069504,1.096283,-0.694321,-0.004566,-0.027217,0.719136,-87.947,-2.543,-1.882,-0.003160,0.493872,-0.052959,-0.062624,-0.037278,0.118032
1790938046.750133,1790938046.819442,0.151398,5.085558,1.094483,-0.694682,-0.003232,-0.025616,0.718854,-88.003,-2.306,-1.855,0.005937,0.512049,-0.044157,0.011946,0.007463,0.113771
1790938046.783480,1790938046.858308,0.152349,5.093762,1.091375,-0.694232,-0.002167,-0.024744,0.719323,-87.931,-2.148,-1.869,0.014170,0.525170,-0.031864,0.072680,0.021301,0.044526
1790938046.816827,1790938046.886675,0.153009,5.111545,1.090678,-0.693161,-0.001014,-0.024854,0.720354,-87.760,-2.058,-1.973,0.030728,0.540051,-0.011882,0.098247,0.082023,0.030676
1790938046.850173,1790938046.912489,0.154285,5.129176,1.090399,-0.692061,-0.000103,-0.025442,0.721390,-87.586,-2.027,-2.097,0.036740,0.537344,0.003469,0.066289,0.014908,-0.021521
1790938046.883520,1790938046.949504,0.155796,5.146571,1.090552,-0.692055,-0.000721,-0.025018,0.721411,-87.584,-2.044,-2.013,0.039227,0.525601,0.011488,-0.084981,-0.100143,0.026416
1790938046.916864,1790938046.977104,0.157372,5.163987,1.091062,-0.693971,-0.001666,-0.023005,0.719633,-87.890,-1.967,-1.766,0.042230,0.520402,0.022380,-0.207491,-0.156603,0.026416
1790938046.950205,1790938047.015550,0.159002,5.181357,1.092254,-0.696156,-0.003750,-0.020857,0.717577,-88.239,-1.973,-1.417,0.041198,0.522147,0.050048,-0.094569,-0.209869,-0.012996
1790938046.983545,1790938047.047953,0.160674,5.198982,1.094458,-0.695955,-0.006089,-0.018254,0.717827,-88.210,-1.957,-1.017,0.044850,0.528324,0.078172,0.148318,-0.192825,0.034940
1790938047.016885,1790938047.080800,0.162471,5.216550,1.096918,-0.693559,-0.008049,-0.016008,0.720177,-87.831,-1.937,-0.682,0.045263,0.531707,0.068142,0.207974,-0.168323,-0.022583
1790938047.050225,1790938047.120661,0.164256,5.234306,1.098634,-0.691809,-0.010736,-0.014628,0.721852,-87.559,-2.048,-0.359,0.045425,0.531535,0.037691,0.065226,-0.160867,-0.081173
1790938047.083565,1790938047.158638,0.167337,5.256246,1.098467,-0.691877,-0.012545,-0.013871,0.721773,-87.574,-2.138,-0.153,0.057502,0.534220,0.018174,-0.040245,-0.035165,0.012565
1790938047.116904,1790938047.193167,0.169945,5.258059,1.098237,-0.692546,-0.011308,-0.013533,0.721158,-87.677,-2.009,-0.221,0.072270,0.525293,0.018977,-0.063661,0.111836,0.044535
1790938047.150245,1790938047.226396,0.172374,5.273665,1.098767,-0.693075,-0.009466,-0.014596,0.720656,-87.757,-1.941,-0.454,0.069859,0.521223,0.025429,-0.012525,0.118227,-0.001271
1790938047.183585,1790938047.259840,0.174759,5.290198,1.099369,-0.692975,-0.008201,-0.015775,0.720742,-87.739,-1.930,-0.652,0.063383,0.515488,0.021766,0.035412,0.096921,0.014707
1790938047.216926,1790938047.293920,0.176775,5.306738,1.099673,-0.692171,-0.006852,-0.016341,0.721516,-87.609,-1.863,-0.808,0.052745,0.508009,0.009545,0.098265,0.058570,0.018969
1790938047.250266,1790938047.327129,0.178225,5.323056,1.099352,-0.690952,-0.006627,-0.016153,0.722689,-87.415,-1.828,-0.813,0.029016,0.497077,-0.012076,0.086548,-0.090568,-0.003400
1790938047.283606,1790938047.366297,0.179126,5.338680,1.098596,-0.690672,-0.008887,-0.014350,0.722971,-87.374,-1.872,-0.486,0.004576,0.487692,-0.033760,-0.054069,-0.243972,-0.026834
1790938047.316947,1790938047.399833,0.179266,5.354270,1.097377,-0.691991,-0.012186,-0.011869,0.721706,-87.591,-1.949,-0.015,-0.008406,0.484049,-0.036967,-0.146748,-0.224796,-0.037486
1790938047.350287,1790938047.434823,0.178931,5.369642,1.096382,-0.693965,-0.015264,-0.010322,0.719773,-87.915,-2.080,0.363,-0.017515,0.481772,-0.025931,-0.173379,-0.159813,-0.075835
1790938047.383628,1790938047.474555,0.178197,5.385512,1.095901,-0.695802,-0.017493,-0.009976,0.717952,-88.216,-2.235,0.575,-0.021502,0.484864,-0.005487,-0.115852,-0.069264,-0.063053
1790938047.416968,1790938047.515674,0.178550,5.386812,1.093416,-0.696778,-0.018195,-0.009558,0.716993,-88.375,-2.259,0.668,-0.026605,0.479669,0.005442,-0.024221,-0.043702,0.005125
1790938047.450309,1790938047.550081,0.177869,5.402705,1.094120,-0.696862,-0.018449,-0.008928,0.716913,-88.389,-2.229,0.740,-0.032726,0.488329,-0.002418,-0.013570,-0.021330,-0.008719
1790938047.483649,1790938047.581048,0.176629,5.418986,1.093542,-0.697212,-0.018916,-0.009536,0.716552,-88.447,-2.316,0.729,-0.038882,0.500217,-0.021424,-0.041266,0.038323,-0.085422
1790938047.516990,1790938047.614858,0.175278,5.434961,1.092328,-0.697657,-0.019177,-0.011510,0.716082,-88.519,-2.495,0.589,-0.042838,0.513280,-0.035682,-0.031678,0.092654,-0.107791
1790938047.550331,1790938047.645867,0.173744,5.451676,1.090745,-0.697916,-0.019480,-0.013618,0.715785,-88.562,-2.688,0.441,-0.048135,0.526887,-0.042565,-0.008241,0.040454,-0.105662
1790938047.583670,1790938047.671394,0.172163,5.468853,1.089256,-0.697494,-0.021192,-0.015225,0.716115,-88.502,-2.957,0.445,-0.050942,0.542940,-0.033965,0.101484,-0.044767,-0.184493
1790938047.617011,1790938047.696459,0.170703,5.486427,1.088276,-0.694935,-0.023960,-0.016981,0.718472,-88.107,-3.327,0.511,-0.044985,0.552408,-0.010426,0.318806,-0.016003,-0.196210
1790938047.650352,1790938047.721951,0.169351,5.504205,1.087766,-0.690964,-0.025561,-0.018948,0.722188,-87.483,-3.618,0.457,-0.037188,0.541353,-0.002507,0.266608,0.060694,-0.091812
1790938047.683692,1790938047.758067,0.167985,5.522156,1.087409,-0.689782,-0.025431,-0.020262,0.723286,-87.294,-3.712,0.331,-0.036134,0.528338,-0.013668,-0.112637,0.059628,-0.007655
1790938047.717033,1790938047.787833,0.167001,5.530409,1.083878,-0.693221,-0.023956,-0.020233,0.720042,-87.833,-3.586,0.234,-0.040009,0.518268,-0.005739,-0.344863,0.045776,0.085022
1790938047.750374,1790938047.816125,0.165484,5.547767,1.084543,-0.696541,-0.021779,-0.019628,0.716917,-88.352,-3.358,0.126,-0.046995,0.519062,0.036698,-0.131804,0.097975,0.094609
1790938047.783715,1790938047.840066,0.163731,5.564613,1.086011,-0.696181,-0.019471,-0.020991,0.717295,-88.283,-3.277,-0.172,-0.049172,0.515252,0.069346,0.188851,0.215158,-0.015116
1790938047.817055,1790938047.884931,0.161998,5.581371,1.087887,-0.693385,-0.016985,-0.023702,0.719977,-87.827,-3.286,-0.607,-0.051359,0.505065,0.062337,0.203765,0.218354,0.000862
1790938047.850396,1790938047.919382,0.160573,5.598164,1.089362,-0.691655,-0.014291,-0.025680,0.721630,-87.542,-3.219,-0.992,-0.048229,0.498008,0.042049,0.071668,0.181068,0.034951
1790938047.883737,1790938047.956563,0.159168,5.615106,1.090476,-0.691037,-0.012150,-0.026813,0.722220,-87.438,-3.130,-1.259,-0.050857,0.495661,0.035928,0.047165,0.086256,0.056257
1790938047.917076,1790938047.995528,0.158203,5.622631,1.088968,-0.690525,-0.010510,-0.025851,0.722770,-87.353,-2.917,-1.311,-0.056056,0.491198,0.038900,0.087656,-0.007493,0.104194
1790938047.950409,1790938048.025230,0.156330,5.639365,1.090269,-0.689198,-0.009697,-0.024433,0.724096,-87.141,-2.735,-1.263,-0.059132,0.486267,0.036223,0.141984,-0.029864,0.073302
1790938047.983743,1790938048.053582,0.154419,5.655465,1.091085,-0.687399,-0.009155,-0.023595,0.725839,-86.856,-2.621,-1.243,-0.055368,0.474658,0.017140,0.135593,0.018071,0.030689
1790938048.017075,1790938048.090900,0.152713,5.670702,1.091164,-0.686677,-0.008776,-0.024084,0.726511,-86.741,-2.627,-1.316,-0.046434,0.459818,-0.006613,-0.030592,0.053227,-0.051338
1790938048.050409,1790938048.128076,0.151365,5.685393,1.090754,-0.687723,-0.008890,-0.025347,0.725476,-86.906,-2.738,-1.408,-0.035961,0.447175,-0.010457,-0.143512,0.038312,-0.051338
1790938048.083742,1790938048.154537,0.150465,5.699586,1.090532,-0.689476,-0.008382,-0.026132,0.723788,-87.182,-2.761,-1.507,-0.017342,0.436685,0.009503,-0.115813,0.085187,0.033885
1790938048.117075,1790938048.190323,0.150133,5.713315,1.091019,-0.690021,-0.005905,-0.026827,0.723268,-87.265,-2.612,-1.759,0.001761,0.430581,0.034594,0.023739,0.195976,0.088214
1790938048.150408,1790938048.219282,0.150231,5.727489,1.092060,-0.689442,-0.002357,-0.028272,0.723785,-87.170,-2.430,-2.161,0.010652,0.427584,0.040469,0.034393,0.207695,0.062646
1790938048.183741,1790938048.257454,0.150572,5.741472,1.093065,-0.689276,0.000164,-0.029682,0.723890,-87.143,-2.331,-2.478,0.008106,0.427400,0.030392,-0.009282,0.113949,0.013642
1790938048.217074,1790938048.297164,0.150973,5.744856,1.090482,-0.689580,0.001251,-0.029886,0.723592,-87.192,-2.258,-2.580,0.003430,0.422491,0.014249,0.021618,-0.005372,-0.008731
1790938048.250407,1790938048.325187,0.150850,5.761936,1.091072,-0.689089,0.000394,-0.029753,0.724066,-87.114,-2.317,-2.503,-0.000154,0.426271,-0.006140,0.050380,-0.079940,-0.056671
1790938048.283740,1790938048.363440,0.151112,5.775999,1.090470,-0.688887,-0.001537,-0.029298,0.724274,-87.082,-2.441,-2.313,-0.000751,0.428378,-0.031094,-0.024188,-0.118290,-0.054538
1790938048.317073,1790938048.392829,0.151365,5.790053,1.089165,-0.689735,-0.002938,-0.028561,0.723493,-87.217,-2.502,-2.138,0.007683,0.434606,-0.046670,-0.107281,-0.053306,-0.006599
1790938048.350405,1790938048.422670,0.151701,5.803971,1.087489,-0.690974,-0.003552,-0.027902,0.722332,-87.413,-2.504,-2.031,0.008229,0.441931,-0.049518,-0.073190,-0.085266,-0.000207
1790938048.383738,1790938048.446916,0.151880,5.818166,1.085773,-0.691537,-0.004917,-0.026420,0.721841,-87.504,-2.501,-1.798,0.007850,0.451753,-0.045063,0.000315,-0.138532,0.030684
1790938048.417071,1790938048.477887,0.152469,5.833183,1.084394,-0.691037,-0.005048,-0.024048,0.722402,-87.425,-2.323,-1.592,0.021602,0.468303,-0.031612,0.096190,-0.034134,0.170238
1790938048.450402,1790938048.508890,0.153285,5.849535,1.083524,-0.689766,-0.002698,-0.022443,0.723680,-87.222,-1.998,-1.649,0.040382,0.480967,-0.019532,0.094060,0.110745,0.134017
1790938048.483735,1790938048.536368,0.154641,5.864766,1.082778,-0.689107,-0.000207,-0.022600,0.724307,-87.117,-1.802,-1.861,0.045509,0.479907,-0.011383,0.000315,0.090504,0.071163
1790938048.517067,1790938048.571036,0.156490,5.880116,1.082562,-0.689820,0.000931,-0.021740,0.723654,-87.231,-1.642,-1.877,0.042038,0.477468,0.001023,-0.123258,-0.067158,0.107384
1790938048.550400,1790938048.604388,0.158420,5.895553,1.082934,-0.691732,0.001073,-0.019233,0.721897,-87.534,-1.436,-1.677,0.044570,0.481866,0.020917,-0.171194,-0.117229,0.108452
1790938048.583732,1790938048.644025,0.160111,5.911014,1.083901,-0.693242,0.000604,-0.017022,0.720503,-87.774,-1.302,-1.454,0.049809,0.491106,0.047041,-0.055076,-0.106576,0.027490
1790938048.617064,1790938048.684977,0.163366,5.919080,1.082462,-0.693219,0.000040,-0.015113,0.720568,-87.770,-1.197,-1.252,0.055661,0.491075,0.064248,0.126028,-0.094866,0.007248
1790938048.650397,1790938048.716878,0.165263,5.936970,1.084695,-0.691174,-0.000363,-0.013823,0.722556,-87.446,-1.125,-1.116,0.061497,0.492550,0.059391,0.201663,-0.038404,0.055185
1790938048.683728,1790938048.740228,0.167449,5.953428,1.086159,-0.689167,0.000242,-0.012720,0.724491,-87.128,-0.984,-1.075,0.063594,0.488509,0.025255,0.108982,-0.003250,0.076492
1790938048.717061,1790938048.758709,0.169689,5.969200,1.086594,-0.688594,0.000602,-0.011931,0.725049,-87.037,-0.891,-1.039,0.056291,0.479286,-0.005154,-0.005003,-0.044797,0.020032
1790938048.750393,1790938048.790408,0.171872,5.984127,1.086480,-0.688996,-0.000274,-0.011539,0.724673,-87.101,-0.934,-0.937,0.051397,0.470734,-0.015514,-0.067854,-0.061842,-0.061991
1790938048.783725,1790938048.830506,0.173881,5.998756,1.086044,-0.689913,-0.002094,-0.011725,0.723795,-87.246,-1.101,-0.807,0.049168,0.465519,-0.012062,-0.068918,-0.091671,-0.081165
1790938048.817057,1790938048.873419,0.175867,6.013397,1.085778,-0.690288,-0.004384,-0.011152,0.723435,-87.307,-1.246,-0.578,0.049042,0.460303,0.001303,0.037611,-0.153458,-0.050269
1790938048.850389,1790938048.917065,0.177826,6.027703,1.085682,-0.689042,-0.006609,-0.009437,0.724630,-87.113,-1.294,-0.262,0.048319,0.450819,0.003042,0.163317,-0.189680,-0.004461
1790938048.883720,1790938048.959614,0.180466,6.039936,1.085006,-0.687358,-0.009459,-0.007235,0.726221,-86.852,-1.357,0.143,0.043116,0.438468,-0.016303,0.098329,-0.230168,-0.022576
1790938048.917052,1790938048.983969,0.183264,6.045334,1.082555,-0.687315,-0.011882,-0.004646,0.726247,-86.851,-1.355,0.549,0.042385,0.423931,-0.037502,-0.084884,-0.177979,-0.031092
1790938048.950387,1790938049.005813,0.184708,6.059787,1.081313,-0.688929,-0.013870,-0.003382,0.724688,-87.112,-1.419,0.814,0.040479,0.417555,-0.040920,-0.181826,-0.087428,-0.021504
1790938048.983721,1790938049.051863,0.185960,6.073052,1.080233,-0.691301,-0.014488,-0.003391,0.722413,-87.490,-1.468,0.867,0.038499,0.413934,-0.023942,-0.199935,0.026556,-0.025767
1790938049.017056,1790938049.083221,0.188960,6.077980,1.078506,-0.693429,-0.013874,-0.003851,0.720381,-87.826,-1.451,0.785,0.031861,0.408200,0.000217,-0.118965,0.052107,-0.006592
1790938049.050390,1790938049.107575,0.189856,6.091298,1.078647,-0.694233,-0.013440,-0.004325,0.719612,-87.952,-1.452,0.713,0.021970,0.409637,0.014083,-0.007108,0.015892,-0.009787
1790938049.083725,1790938049.137602,0.190542,6.104386,1.078907,-0.693890,-0.013212,-0.004418,0.719946,-87.897,-1.441,0.686,0.013689,0.417717,0.005354,0.046155,0.013761,0.009386
1790938049.117059,1790938049.156906,0.190879,6.117975,1.078513,-0.693687,-0.012924,-0.004305,0.720148,-87.864,-1.409,0.672,0.003178,0.428564,-0.028777,-0.030545,0.005238,0.039215
1790938049.150394,1790938049.189277,0.190793,6.131977,1.076910,-0.694574,-0.012471,-0.004039,0.719302,-88.004,-1.350,0.660,-0.005961,0.441224,-0.070653,-0.120029,0.004173,-0.002330
1790938049.183728,1790938049.244766,0.190394,6.146424,1.074145,-0.696148,-0.012633,-0.004425,0.717773,-88.255,-1.392,0.644,-0.012706,0.454281,-0.090332,-0.118961,0.004174,-0.056661
1790938049.217062,1790938049.283580,0.189817,6.161367,1.071062,-0.696739,-0.013261,-0.005233,0.717183,-88.351,-1.508,0.629,-0.017658,0.471269,-0.079634,0.054680,0.005238,-0.064117
1790938049.250397,1790938049.321569,0.189677,6.199452,1.068123,-0.695350,-0.013916,-0.005743,0.718513,-88.132,-1.604,0.636,-0.023454,0.499102,-0.064761,0.197407,-0.004346,-0.064126
1790938049.283731,1790938049.352896,0.188905,6.185594,1.065268,-0.692870,-0.014346,-0.006492,0.720891,-87.738,-1.701,0.603,-0.021167,0.488607,-0.056598,0.162283,0.039323,-0.046011
1790938049.317065,1790938049.375991,0.188148,6.201517,1.063390,-0.691947,-0.014565,-0.007793,0.721760,-87.592,-1.823,0.511,-0.020991,0.482557,-0.056769,-0.066753,0.045715,-0.070512
1790938049.350398,1790938049.395443,0.187445,6.217674,1.061935,-0.694285,-0.014696,-0.008902,0.719495,-87.964,-1.920,0.436,-0.021549,0.476099,-0.043168,-0.327750,0.046779,-0.022575
1790938049.383732,1790938049.422271,0.186660,6.233427,1.061283,-0.698460,-0.013711,-0.010075,0.715447,-88.628,-1.931,0.272,-0.015977,0.473505,0.000638,-0.302182,0.144786,0.037079
1790938049.417066,1790938049.458129,0.185775,6.248535,1.061896,-0.700777,-0.011041,-0.011641,0.713200,-88.992,-1.837,-0.065,-0.017066,0.472972,0.049365,-0.047575,0.202312,0.028555
1790938049.450400,1790938049.496805,0.184767,6.263585,1.063454,-0.700230,-0.008487,-0.014092,0.713727,-88.899,-1.825,-0.472,-0.021668,0.474925,0.070006,0.128198,0.214031,-0.017253
1790938049.483734,1790938049.542336,0.183838,6.279130,1.065370,-0.698293,-0.005854,-0.016380,0.715600,-88.584,-1.791,-0.875,-0.024894,0.477804,0.063122,0.184657,0.209769,0.036010
1790938049.517068,1790938049.586082,0.182495,6.289118,1.065550,-0.696242,-0.002884,-0.017967,0.717576,-88.253,-1.671,-1.248,-0.031301,0.477179,0.042344,0.167619,0.171413,0.026412
1790938049.550402,1790938049.622237,0.181403,6.305600,1.066626,-0.694547,-0.001537,-0.019114,0.719192,-87.982,-1.648,-1.454,-0.046234,0.480145,0.021524,0.099441,0.021208,-0.032175
1790938049.583735,1790938049.663212,0.179845,6.322004,1.067119,-0.693860,-0.002995,-0.019227,0.719847,-87.873,-1.776,-1.349,-0.060559,0.482481,0.007529,0.012085,-0.134325,-0.091830
1790938049.617069,1790938049.699843,0.178431,6.328829,1.067725,-0.693812,-0.005732,-0.018560,0.719894,-87.868,-1.949,-1.076,-0.059988,0.477751,0.006068,-0.009212,-0.116225,-0.057739
1790938049.650403,1790938049.738317,0.176092,6.349892,1.066782,-0.693748,-0.006670,-0.018032,0.719961,-87.859,-1.984,-0.958,-0.052605,0.477036,0.010652,0.082402,-0.012886,-0.007676
1790938049.683736,1790938049.773508,0.174199,6.365262,1.067051,-0.691882,-0.006375,-0.018538,0.721745,-87.562,-1.997,-1.028,-0.044262,0.467353,0.011695,0.235805,0.093642,-0.033243
1790938049.717070,1790938049.807069,0.172549,6.380248,1.067114,-0.688936,-0.005280,-0.020582,0.724510,-87.093,-2.064,-1.293,-0.033552,0.452565,-0.003520,0.198519,0.189519,-0.027920
1790938049.750403,1790938049.847806,0.171399,6.394754,1.066763,-0.687397,-0.002545,-0.023393,0.725901,-86.847,-2.055,-1.747,-0.016614,0.435696,-0.018760,0.027006,0.286461,0.008297
1790938049.783736,1790938049.888200,0.170860,6.403833,1.065688,-0.687768,0.001679,-0.026433,0.725447,-86.906,-1.944,-2.332,-0.003314,0.416183,-0.018489,-0.108280,0.323741,0.080729
1790938049.817069,1790938049.924567,0.171106,6.417439,1.065387,-0.689431,0.006694,-0.028696,0.723752,-87.174,-1.712,-2.911,0.002071,0.402263,-0.004815,-0.192437,0.271542,0.132930
1790938049.850402,1790938049.962176,0.171169,6.430783,1.065591,-0.691659,0.010678,-0.029487,0.721543,-87.535,-1.454,-3.287,-0.004317,0.393390,0.017692,-0.172197,0.118138,0.105234
1790938049.883736,1790938050.003888,0.170849,6.438122,1.066640,-0.692443,0.012146,-0.029447,0.720769,-87.664,-1.333,-3.399,-0.011760,0.388261,0.043217,0.067499,0.006276,0.008287
1790938049.917070,1790938050.040037,0.170603,6.451349,1.067894,-0.690756,0.011385,-0.029359,0.722402,-87.394,-1.382,-3.334,-0.017796,0.390031,0.042699,0.210249,-0.089597,-0.062018
1790938049.950404,1790938050.073829,0.170052,6.464692,1.068696,-0.688565,0.008516,-0.028994,0.724544,-87.040,-1.581,-3.082,-0.023699,0.392946,0.009405,0.146331,-0.198256,-0.140849
1790938049.983739,1790938050.102958,0.169431,6.478049,1.068308,-0.687806,0.003861,-0.027971,0.725345,-86.913,-1.884,-2.632,-0.025312,0.397054,-0.033638,-0.013463,-0.277087,-0.128063
1790938050.017073,1790938050.131002,0.168798,6.491448,1.066916,-0.688449,-0.000570,-0.026020,0.724817,-87.013,-2.101,-2.118,-0.018233,0.405957,-0.055685,-0.062466,-0.247259,-0.054558
1790938050.050408,1790938050.155369,0.168310,6.505314,1.065146,-0.688865,-0.003370,-0.023830,0.724490,-87.080,-2.161,-1.714,-0.007208,0.419411,-0.050048,0.034475,-0.171622,0.015750
1790938050.083742,1790938050.191152,0.168121,6.519637,1.063592,-0.687739,-0.004096,-0.021685,0.725622,-86.903,-2.050,-1.481,0.005030,0.431718,-0.036161,0.155919,-0.043790,0.126539
1790938050.117076,1790938050.224722,0.167950,6.532533,1.062083,-0.685822,-0.002443,-0.020258,0.727484,-86.600,-1.796,-1.498,0.018684,0.437598,-0.027025,0.164442,0.082974,0.120143
1790938050.150411,1790938050.259397,0.168639,6.546997,1.061219,-0.684214,-0.000135,-0.020043,0.729006,-86.346,-1.583,-1.665,0.023255,0.428661,-0.024431,0.060043,0.075516,0.087117
1790938050.183745,1790938050.294751,0.169504,6.561125,1.060456,-0.685172,0.000851,-0.019003,0.728133,-86.497,-1.421,-1.653,0.015186,0.417094,-0.028422,-0.290438,-0.115170,0.105230
1790938050.217079,1790938050.322778,0.170165,6.575002,1.060237,-0.689989,-0.000117,-0.015165,0.723661,-87.258,-1.209,-1.249,0.006109,0.417420,0.003142,-0.459819,-0.299466,0.133995
1790938050.250412,1790938050.358621,0.170615,6.589054,1.061370,-0.694062,-0.002378,-0.009950,0.719842,-87.905,-0.988,-0.632,0.002730,0.423255,0.069224,-0.125317,-0.319706,0.110561
1790938050.283746,1790938050.398078,0.170741,6.603184,1.064067,-0.693080,-0.005107,-0.005201,0.720823,-87.752,-0.835,-0.024,-0.001523,0.430367,0.109147,0.292279,-0.322902,0.023207
1790938050.317080,1790938050.435774,0.170771,6.616299,1.066938,-0.689178,-0.009283,-0.001607,0.724531,-87.140,-0.898,0.600,-0.002791,0.429878,0.087739,0.331696,-0.309059,-0.060949
1790938050.350414,1790938050.473477,0.170723,6.630883,1.069191,-0.686179,-0.013196,0.000365,0.727313,-86.676,-1.071,1.068,0.013014,0.428681,0.031018,0.117571,-0.169505,-0.083321
1790938050.383748,1790938050.514428,0.170877,6.641892,1.068577,-0.686481,-0.015348,0.000493,0.726985,-86.731,-1.240,1.249,0.033286,0.422041,-0.016554,-0.146617,-0.034213,-0.085454
1790938050.417082,1790938050.549401,0.172093,6.658385,1.067899,-0.688695,-0.016457,-0.000419,0.724865,-87.084,-1.400,1.264,0.046135,0.419221,-0.025743,-0.192428,0.009461,-0.056692
1790938050.450416,1790938050.581784,0.173721,6.672368,1.067333,-0.690485,-0.015994,-0.000904,0.723169,-87.366,-1.397,1.191,0.056627,0.412791,-0.005756,-0.083768,0.066986,0.056228
1790938050.483750,1790938050.609977,0.175603,6.685999,1.067348,-0.691047,-0.014691,-0.000744,0.722660,-87.450,-1.276,1.102,0.052628,0.400630,0.009824,-0.020915,-0.005453,0.047705
1790938050.517083,1790938050.633645,0.177283,6.699081,1.067697,-0.691296,-0.015131,0.000207,0.722413,-87.491,-1.236,1.216,0.039518,0.384687,0.009930,-0.008132,-0.114112,-0.004492
1790938050.550417,1790938050.662106,0.178275,6.711559,1.068028,-0.691030,-0.016953,0.001588,0.722625,-87.456,-1.278,1.474,0.031502,0.370191,0.006352,0.063241,-0.140744,-0.037517
1790938050.583750,1790938050.694207,0.179310,6.723835,1.068100,-0.689771,-0.019435,0.002318,0.723763,-87.266,-1.429,1.729,0.027405,0.357489,-0.001067,0.149530,-0.121568,-0.092911
1790938050.617084,1790938050.735984,0.179678,6.734435,1.067627,-0.687856,-0.021351,0.002694,0.725528,-86.972,-1.563,1.908,0.026436,0.349912,-0.012224,0.160184,-0.055517,-0.028995
1790938050.650417,1790938050.754652,0.180559,6.747251,1.066934,-0.686444,-0.021718,0.003208,0.726851,-86.751,-1.557,1.977,0.024236,0.346854,-0.030835,0.050456,-0.024623,0.023202
1790938050.683750,1790938050.771966,0.181171,6.758952,1.065756,-0.686851,-0.021993,0.004007,0.726455,-86.817,-1.516,2.066,0.014736,0.338050,-0.047856,-0.128514,-0.075758,0.040247
1790938050.717083,1790938050.787800,0.181539,6.770262,1.064377,-0.688916,-0.022315,0.005863,0.724474,-87.145,-1.390,2.250,0.006345,0.328638,-0.044610,-0.212672,-0.110912,0.090315
1790938050.750417,1790938050.803871,0.181425,6.781149,1.063226,-0.691464,-0.023006,0.008017,0.722000,-87.552,-1.268,2.488,-0.002093,0.322381,-0.026241,-0.190301,-0.133283,0.043442
1790938050.783750,1790938050.824353,0.181121,6.791711,1.062692,-0.693235,-0.024496,0.009877,0.720228,-87.842,-1.237,2.763,-0.008997,0.316314,-0.007047,-0.086967,-0.146067,0.002962
1790938050.817083,1790938050.874696,0.180602,6.802026,1.062577,-0.693697,-0.025859,0.011291,0.719714,-87.923,-1.235,2.989,-0.009618,0.315196,0.001221,0.017430,-0.075757,0.008285
1790938050.850416,1790938050.909066,0.180051,6.811616,1.063239,-0.692951,-0.026208,0.011392,0.720418,-87.807,-1.259,3.024,-0.007493,0.316547,-0.008479,0.054717,0.033969,-0.026871
1790938050.883749,1790938050.934789,0.179626,6.822438,1.062746,-0.692344,-0.025825,0.009870,0.721038,-87.708,-1.351,2.866,-0.006580,0.323951,-0.024339,0.051521,0.134108,-0.078007
1790938050.917083,1790938050.955448,0.179139,6.833267,1.061792,-0.691471,-0.025188,0.006739,0.721934,-87.565,-1.550,2.555,-0.005787,0.333814,-0.034743,0.103720,0.171395,-0.136600
1790938050.950425,1790938050.988067,0.178770,6.844227,1.060567,-0.689518,-0.024749,0.003160,0.723839,-87.253,-1.803,2.219,-0.005447,0.339275,-0.038502,0.218773,0.171395,-0.142995
1790938050.983766,1790938051.051896,0.178597,6.855375,1.059141,-0.686846,-0.023871,-0.000556,0.726411,-86.825,-2.031,1.834,0.002556,0.332142,-0.046361,0.161247,0.244901,-0.085469
1790938051.017107,1790938051.087990,0.178628,6.866663,1.057565,-0.686153,-0.020735,-0.004259,0.727149,-86.700,-2.063,1.276,0.010060,0.322555,-0.058541,-0.122120,0.326929,0.018928
1790938051.050449,1790938051.125627,0.177834,6.875571,1.057085,-0.689246,-0.016416,-0.007585,0.724301,-87.170,-1.962,0.667,0.006221,0.309646,-0.050593,-0.454491,0.304554,0.029569
1790938051.083790,1790938051.154291,0.178174,6.887799,1.055805,-0.694551,-0.012609,-0.010624,0.719255,-88.000,-1.885,0.128,0.000914,0.303007,-0.001804,-0.305352,0.257684,0.000810
1790938051.117130,1790938051.192431,0.177872,6.896865,1.056456,-0.696022,-0.010088,-0.013853,0.717816,-88.228,-1.935,-0.335,-0.007737,0.296267,0.049714,0.100526,0.217202,-0.091872
1790938051.150472,1790938051.231661,0.176819,6.904106,1.059382,-0.692668,-0.008713,-0.017547,0.720990,-87.690,-2.113,-0.759,-0.013949,0.288211,0.056210,0.346612,0.228916,-0.115318
1790938051.183813,1790938051.266221,0.176623,6.914085,1.060421,-0.688733,-0.006865,-0.021441,0.724666,-87.063,-2.263,-1.240,-0.010496,0.283711,0.012699,0.236886,0.263007,-0.073770
1790938051.217154,1790938051.305626,0.176300,6.923535,1.060116,-0.687117,-0.004567,-0.024864,0.726107,-86.804,-2.338,-1.711,-0.016205,0.276680,-0.042246,-0.019849,0.193763,-0.035417
1790938051.250496,1790938051.340067,0.175230,6.929195,1.058977,-0.688023,-0.002675,-0.026543,0.725198,-86.946,-2.316,-1.997,-0.027604,0.267155,-0.066128,-0.174314,0.110666,-0.010922
1790938051.283837,1790938051.365426,0.174414,6.939370,1.056798,-0.690386,-0.001644,-0.028143,0.722892,-87.319,-2.363,-2.204,-0.032666,0.262610,-0.057854,-0.198817,0.117059,-0.053531
1790938051.317178,1790938051.390740,0.173203,6.947847,1.055289,-0.692373,-0.000477,-0.030128,0.720911,-87.634,-2.431,-2.454,-0.034997,0.254308,-0.033163,-0.126376,0.143691,-0.019444
1790938051.350519,1790938051.412068,0.172141,6.955581,1.054126,-0.693476,0.001448,-0.032054,0.719764,-87.810,-2.429,-2.762,-0.034442,0.241019,-0.014348,-0.049672,0.182039,0.010384
1790938051.383861,1790938051.451531,0.170900,6.962805,1.053694,-0.693637,0.004088,-0.034058,0.719507,-87.838,-2.371,-3.137,-0.033858,0.225020,-0.008141,0.001464,0.210802,0.039146
1790938051.417202,1790938051.482763,0.168871,6.968019,1.053724,-0.693298,0.007305,-0.035826,0.719723,-87.788,-2.244,-3.540,-0.036348,0.210164,-0.012364,-0.009186,0.205463,0.035941
1790938051.450543,1790938051.503537,0.167957,6.975946,1.053151,-0.693636,0.009729,-0.037523,0.719282,-87.847,-2.181,-3.872,-0.040733,0.203544,-0.018465,-0.059257,0.139415,0.010377
1790938051.483885,1790938051.549157,0.166695,6.982432,1.052617,-0.694092,0.011166,-0.039134,0.718735,-87.923,-2.193,-4.118,-0.038724,0.201235,-0.013665,-0.004926,0.117044,-0.036495
1790938051.517226,1790938051.576436,0.165501,6.988628,1.052250,-0.693365,0.012044,-0.040774,0.719331,-87.809,-2.247,-4.325,-0.036334,0.200117,-0.007830,0.122910,0.088281,-0.036494
1790938051.550567,1790938051.619040,0.164490,6.994887,1.051820,-0.691395,0.012351,-0.042468,0.721122,-87.497,-2.345,-4.496,-0.027160,0.196947,-0.017538,0.174045,0.098934,-0.081235
1790938051.583907,1790938051.656007,0.163218,6.999612,1.051030,-0.689917,0.012512,-0.044738,0.722397,-87.262,-2.502,-4.702,-0.017655,0.185866,-0.041532,-0.003854,0.094662,-0.105742
1790938051.617249,1790938051.691439,0.162808,7.006287,1.049569,-0.691070,0.012486,-0.046835,0.721161,-87.445,-2.678,-4.870,-0.009687,0.175438,-0.053144,-0.203067,0.060574,-0.101479
1790938051.650590,1790938051.724784,0.162621,7.012038,1.048184,-0.693942,0.011938,-0.048166,0.718319,-87.900,-2.849,-4.926,-0.005815,0.167934,-0.034539,-0.259526,-0.019321,-0.088695
1790938051.683931,1790938051.752943,0.162646,7.017458,1.047658,-0.696735,0.010791,-0.048142,0.715630,-88.342,-2.960,-4.822,-0.002308,0.165292,0.003260,-0.172172,-0.093890,-0.019449
1790938051.717273,1790938051.774239,0.162911,7.022899,1.048211,-0.697997,0.009421,-0.046825,0.714506,-88.541,-2.975,-4.599,0.002248,0.163777,0.034451,0.007864,-0.141829,0.000793
1790938051.750613,1790938051.802252,0.163294,7.027912,1.049382,-0.697192,0.007627,-0.045105,0.715423,-88.409,-2.980,-4.317,0.011200,0.164114,0.038295,0.137829,-0.136503,0.012511
1790938051.783955,1790938051.837495,0.164074,7.033157,1.050225,-0.695587,0.006073,-0.043495,0.717098,-88.150,-2.969,-4.067,0.021908,0.166643,0.012518,0.121850,-0.125852,-0.007726
1790938051.817296,1790938051.869786,0.165044,7.038821,1.050212,-0.694745,0.004399,-0.042448,0.717989,-88.013,-3.019,-3.851,0.031606,0.172568,-0.013605,0.028105,-0.086435,-0.023704
1790938051.850637,1790938051.898333,0.166394,7.044622,1.049823,-0.694130,0.003736,-0.042150,0.718605,-87.915,-3.047,-3.776,0.046568,0.184316,-0.009744,0.111199,0.025418,0.001864
1790938051.883979,1790938051.938640,0.168206,7.050410,1.049642,-0.691979,0.004735,-0.042907,0.720626,-87.573,-3.013,-3.927,0.058820,0.180083,0.002145,0.199618,0.129815,0.031690
1790938051.917320,1790938051.977687,0.169904,7.055641,1.049780,-0.690054,0.007024,-0.044030,0.722383,-87.271,-2.901,-4.209,0.063125,0.172601,0.005686,0.072848,0.161774,0.072169
1790938051.950686,1790938052.005190,0.171705,7.061887,1.050121,-0.690141,0.009278,-0.044607,0.722240,-87.289,-2.761,-4.435,0.052024,0.169036,0.005171,-0.110380,0.044594,0.067908
1790938051.984052,1790938052.030001,0.173617,7.068086,1.050542,-0.691650,0.009156,-0.042826,0.720904,-87.529,-2.639,-4.272,0.026165,0.161355,0.019622,-0.080553,-0.238772,0.058324
1790938052.017418,1790938052.063050,0.174863,7.073303,1.051522,-0.691979,0.005581,-0.038198,0.720884,-87.575,-2.569,-3.604,-0.000047,0.153796,0.036665,0.066456,-0.457154,0.025306
1790938052.050784,1790938052.115131,0.175026,7.078640,1.052585,-0.691059,-0.000394,-0.032781,0.722054,-87.425,-2.629,-2.685,-0.013940,0.150925,0.029291,0.127178,-0.472065,-0.041802
1790938052.084152,1790938052.138659,0.174861,7.091764,1.053759,-0.689789,-0.005827,-0.028397,0.723430,-87.228,-2.729,-1.896,-0.013808,0.156060,0.003090,0.078163,-0.317594,-0.053519
1790938052.117519,1790938052.181588,0.173934,7.087627,1.053782,-0.689305,-0.008732,-0.026514,0.723933,-87.156,-2.820,-1.512,0.004425,0.150725,-0.018079,-0.032609,-0.052345,-0.021562
1790938052.150887,1790938052.210873,0.174653,7.090339,1.053628,-0.689664,-0.007823,-0.027331,0.723571,-87.211,-2.810,-1.650,0.025773,0.153720,-0.018991,-0.053910,0.192673,0.024248
1790938052.184255,1790938052.245801,0.175460,7.096192,1.053026,-0.689745,-0.004088,-0.029904,0.723423,-87.219,-2.703,-2.159,0.035855,0.155394,-0.009270,0.038766,0.323701,0.045551
1790938052.217623,1790938052.274993,0.176508,7.100927,1.052782,-0.688813,0.000263,-0.032914,0.724192,-87.069,-2.577,-2.756,0.032980,0.148811,-0.004354,0.065400,0.286415,0.060464
1790938052.250992,1790938052.305174,0.177673,7.105660,1.052636,-0.688278,0.004071,-0.034892,0.724596,-86.987,-2.415,-3.223,0.025560,0.141070,-0.008033,-0.019822,0.203322,0.086033
1790938052.284361,1790938052.352899,0.178647,7.110374,1.052347,-0.688987,0.006709,-0.035328,0.723881,-87.103,-2.233,-3.465,0.009729,0.135437,-0.010892,-0.105044,0.022222,0.070055
1790938052.317730,1790938052.381948,0.179015,7.113266,1.052319,-0.690161,0.006248,-0.033903,0.722834,-87.288,-2.164,-3.307,-0.016510,0.126986,-0.007770,-0.090129,-0.213206,0.014666
1790938052.351099,1790938052.396936,0.178296,7.117170,1.052142,-0.690949,0.002425,-0.030559,0.722253,-87.409,-2.219,-2.724,-0.037077,0.118433,0.001825,-0.002774,-0.381516,-0.044986
1790938052.384470,1790938052.432237,0.177275,7.120716,1.052371,-0.690568,-0.003094,-0.026921,0.722760,-87.349,-2.387,-1.987,-0.039706,0.111012,0.009633,0.088840,-0.376188,-0.102509
1790938052.417840,1790938052.474238,0.176205,7.124258,1.052728,-0.689452,-0.008478,-0.024277,0.723875,-87.179,-2.622,-1.346,-0.031536,0.105366,0.007223,0.098427,-0.287768,-0.111029
1790938052.451210,1790938052.514817,0.175313,7.127637,1.052897,-0.688726,-0.012284,-0.022618,0.724565,-87.072,-2.806,-0.910,-0.016882,0.102485,0.000176,0.025988,-0.167390,-0.052438
1790938052.484580,1790938052.554404,0.176707,7.125653,1.053614,-0.688421,-0.014103,-0.021879,0.724844,-87.029,-2.899,-0.706,-0.001246,0.094309,-0.003128,-0.021936,-0.059785,0.010428
1790938052.517952,1790938052.583384,0.177056,7.131678,1.053498,-0.688732,-0.013997,-0.020913,0.724580,-87.079,-2.814,-0.633,0.006644,0.094904,-0.001420,-0.008094,-0.010787,0.057301
1790938052.551323,1790938052.602676,0.177403,7.134521,1.053489,-0.688549,-0.013376,-0.020083,0.724788,-87.048,-2.697,-0.613,0.007076,0.091225,-0.001147,0.034517,-0.013984,0.063694
1790938052.584695,1790938052.639857,0.177565,7.137962,1.053386,-0.688212,-0.012996,-0.018829,0.725149,-86.994,-2.566,-0.540,0.002371,0.086452,-0.006191,0.019602,-0.057661,0.069020
1790938052.618067,1790938052.678901,0.177810,7.140656,1.053145,-0.688171,-0.013103,-0.017214,0.725226,-86.988,-2.447,-0.398,-0.001404,0.083034,-0.013412,-0.018746,-0.090684,0.049846
1790938052.651440,1790938052.703817,0.177899,7.143297,1.052732,-0.688531,-0.013954,-0.015639,0.724904,-87.048,-2.394,-0.198,-0.003648,0.079975,-0.015711,-0.037921,-0.110925,0.023216
1790938052.684813,1790938052.743422,0.177984,7.145730,1.052389,-0.688823,-0.014883,-0.014349,0.724635,-87.097,-2.369,-0.017,0.000660,0.077587,-0.009419,-0.004898,-0.069379,0.016826
1790938052.718186,1790938052.776463,0.178177,7.148008,1.052224,-0.688741,-0.015359,-0.013600,0.724717,-87.086,-2.350,0.083,0.006128,0.074266,-0.003530,0.015342,-0.029964,0.022153
1790938052.751559,1790938052.815998,0.179975,7.147049,1.052664,-0.688294,-0.015782,-0.013598,0.725132,-87.016,-2.385,0.115,0.013013,0.069280,-0.002560,0.034523,0.005192,0.006183
1790938052.784933,1790938052.848577,0.180468,7.149454,1.052430,-0.688170,-0.015633,-0.013943,0.725247,-86.996,-2.399,0.074,0.016055,0.066262,-0.009846,-0.018740,0.029692,-0.001271
1790938052.818307,1790938052.908157,0.181032,7.151422,1.052119,-0.688574,-0.015334,-0.014281,0.724863,-87.059,-2.401,0.024,0.017878,0.063077,-0.014227,-0.037915,0.027563,0.024295
1790938052.851682,1790938052.940180,0.181705,7.153234,1.051703,-0.688985,-0.014841,-0.014369,0.724481,-87.122,-2.367,-0.021,0.016067,0.059040,-0.015619,-0.026197,0.008386,0.015774
1790938052.885056,1790938052.965905,0.182262,7.155168,1.051203,-0.689267,-0.014999,-0.014098,0.724215,-87.168,-2.359,0.015,0.009772,0.054224,-0.015733,-0.024066,-0.049138,-0.003399
1790938052.918429,1790938052.989117,0.182700,7.156639,1.050806,-0.689554,-0.015900,-0.013597,0.723932,-87.216,-2.394,0.129,0.006692,0.050108,-0.012973,-0.021936,-0.061921,-0.015116
1790938052.951767,1790938053.018404,0.182916,7.157884,1.050479,-0.689675,-0.017052,-0.013250,0.723797,-87.240,-2.462,0.249,0.003930,0.046577,-0.010436,0.001503,-0.070443,-0.028964
1790938052.985105,1790938053.056793,0.183090,7.159062,1.050235,-0.689657,-0.018223,-0.012819,0.723794,-87.241,-2.525,0.377,0.005129,0.044918,-0.008661,0.005764,-0.056595,-0.002332
1790938053.018443,1790938053.104368,0.183325,7.160194,1.050047,-0.689626,-0.018802,-0.012389,0.723815,-87.239,-2.539,0.459,0.009417,0.044027,-0.009340,0.004700,-0.020376,0.011516
1790938053.051781,1790938053.123562,0.183641,7.161351,1.049767,-0.689669,-0.018840,-0.012204,0.723776,-87.246,-2.528,0.477,0.011776,0.042613,-0.012758,-0.013410,-0.002267,0.016843
1790938053.085119,1790938053.144140,0.184016,7.162449,1.049419,-0.689989,-0.018556,-0.012217,0.723479,-87.295,-2.505,0.455,0.013579,0.041567,-0.015062,-0.032584,0.023298,0.022170
1790938053.118458,1790938053.160664,0.184480,7.163551,1.048967,-0.690385,-0.018018,-0.012360,0.723112,-87.356,-2.472,0.402,0.013229,0.040986,-0.015508,-0.034714,0.032886,0.021104
1790938053.151795,1790938053.189630,0.184975,7.164609,1.048523,-0.690804,-0.017336,-0.012627,0.722724,-87.420,-2.436,0.327,0.013307,0.040359,-0.013955,-0.031518,0.048864,0.028563
1790938053.185133,1790938053.215117,0.185353,7.165705,1.048063,-0.691175,-0.016529,-0.012804,0.722385,-87.476,-2.383,0.249,0.011944,0.038716,-0.012677,-0.027255,0.035015,0.023236
1790938053.218472,1790938053.255123,0.185721,7.166414,1.047706,-0.691423,-0.015740,-0.013180,0.722159,-87.512,-2.347,0.157,0.014864,0.038222,-0.010925,-0.014471,0.075496,0.014714
1790938053.251809,1790938053.287806,0.186488,7.168205,1.047278,-0.691647,-0.014310,-0.014026,0.721958,-87.543,-2.296,-0.026,0.019123,0.038865,-0.010038,-0.024059,0.110650,0.027499
1790938053.285147,1790938053.332137,0.187045,7.169307,1.046984,-0.692032,-0.012549,-0.015023,0.721601,-87.599,-2.230,-0.247,0.021505,0.037775,-0.008917,-0.044299,0.120236,0.041346
1790938053.318485,1790938053.377817,0.187736,7.170338,1.046770,-0.692500,-0.010798,-0.015940,0.721161,-87.668,-2.158,-0.461,0.019972,0.035438,-0.006251,-0.033646,0.096800,0.021106
1790938053.351822,1790938053.417308,0.188417,7.171133,1.046593,-0.692726,-0.009622,-0.016730,0.720943,-87.702,-2.123,-0.619,0.017344,0.032077,-0.006216,-0.013405,0.071232,0.015781
1790938053.385160,1790938053.447364,0.189040,7.171766,1.046345,-0.692917,-0.008568,-0.017551,0.720753,-87.730,-2.102,-0.770,0.017264,0.031139,-0.012897,-0.031514,0.086146,-0.011914
1790938053.418498,1790938053.500397,0.188956,7.171326,1.045829,-0.693476,-0.007760,-0.018925,0.720189,-87.817,-2.145,-0.946,0.014130,0.031650,-0.021095,-0.068797,0.077625,-0.009785
1790938053.451835,1790938053.528384,0.188343,7.164904,1.047709,-0.694257,-0.008319,-0.020581,0.719384,-87.942,-2.324,-1.036,0.005079,0.025861,-0.020865,-0.094354,0.007327,0.021104
1790938053.485173,1790938053.546189,0.189303,7.168263,1.046738,-0.695443,-0.008061,-0.020101,0.718255,-88.131,-2.266,-1.013,0.002418,0.030016,-0.015498,-0.071985,-0.016110,0.033892
1790938053.518511,1790938053.561861,0.189430,7.169313,1.046228,-0.696105,-0.007909,-0.019690,0.717626,-88.237,-2.222,-0.989,0.002338,0.031849,-0.011249,-0.034699,-0.002264,0.011520
1790938053.551849,1790938053.584008,0.189523,7.170235,1.045793,-0.696222,-0.007199,-0.019804,0.717517,-88.254,-2.172,-1.055,0.007687,0.033472,-0.008926,0.020695,0.081893,0.026434
1790938053.585186,1790938053.626364,0.189709,7.171175,1.045406,-0.695674,-0.005182,-0.020829,0.718037,-88.164,-2.087,-1.302,0.012806,0.035310,-0.011102,0.061176,0.169245,0.043478
1790938053.618524,1790938053.657060,0.190039,7.172239,1.044825,-0.695018,-0.002548,-0.022291,0.718642,-88.057,-1.986,-1.634,0.011786,0.034670,-0.022898,0.023891,0.164983,0.031760
1790938053.651862,1790938053.684566,0.190469,7.173347,1.043912,-0.694886,-0.000871,-0.023528,0.718735,-88.035,-1.946,-1.870,0.005301,0.032529,-0.032456,-0.002739,0.074433,0.005129
1790938053.685199,1790938053.752064,0.190807,7.174427,1.042673,-0.695251,-0.000597,-0.023947,0.718368,-88.093,-1.957,-1.925,-0.000822,0.028950,-0.043748,-0.086897,-0.002265,-0.018304
1790938053.718537,1790938053.789863,0.190727,7.172363,1.042236,-0.696984,-0.001201,-0.024636,0.716663,-88.370,-2.067,-1.929,-0.002248,0.023532,-0.048638,-0.210467,0.012646,-0.006586
1790938053.751875,1790938053.819883,0.190575,7.172925,1.040840,-0.699966,-0.000823,-0.025065,0.713736,-88.848,-2.078,-1.986,-0.004004,0.024426,-0.039667,-0.276515,0.047800,0.013653
1790938053.785211,1790938053.841527,0.190394,7.173656,1.039899,-0.702927,0.000526,-0.025819,0.710793,-89.324,-2.037,-2.147,-0.000695,0.032924,-0.010208,-0.179571,0.152197,0.016848
1790938053.818549,1790938053.877704,0.190319,7.175163,1.039645,-0.703426,0.003543,-0.028078,0.710205,-89.406,-1.975,-2.573,0.001654,0.043757,0.023487,0.106990,0.309858,0.004065
1790938053.851887,1790938053.907268,0.189898,7.173793,1.041446,-0.700570,0.007509,-0.032475,0.712805,-88.951,-1.994,-3.259,-0.003967,0.053471,0.031240,0.290228,0.395071,0.007258
1790938053.885224,1790938053.934601,0.189692,7.175483,1.042038,-0.697324,0.011798,-0.036916,0.715707,-88.440,-1.983,-3.976,-0.019502,0.064353,0.002199,0.167717,0.323700,-0.025763
1790938053.918561,1790938053.978119,0.188963,7.177712,1.041762,-0.696190,0.014328,-0.040232,0.716586,-88.267,-2.033,-4.454,-0.037834,0.074625,-0.028482,0.002599,0.152188,-0.020435
1790938053.951900,1790938054.004328,0.187659,7.180147,1.040680,-0.696145,0.014859,-0.041570,0.716543,-88.261,-2.097,-4.607,-0.048491,0.076553,-0.039427,0.044144,0.042437,-0.042805
1790938053.985239,1790938054.042551,0.186133,7.182421,1.039363,-0.695270,0.015116,-0.042889,0.717309,-88.122,-2.175,-4.739,-0.045845,0.066294,-0.040250,0.072907,0.138314,-0.036413
1790938054.018577,1790938054.063773,0.184668,7.184384,1.038168,-0.694868,0.017962,-0.045806,0.717452,-88.069,-2.171,-5.207,-0.031167,0.059304,-0.036477,-0.054926,0.373743,0.053071
1790938054.051916,1790938054.125444,0.183598,7.186207,1.037283,-0.695974,0.024616,-0.049911,0.715907,-88.278,-1.961,-6.073,-0.019193,0.055273,-0.027352,-0.182762,0.520752,0.129770
1790938054.085254,1790938054.151034,0.182719,7.187964,1.036585,-0.697569,0.032273,-0.054784,0.713691,-88.583,-1.740,-7.081,-0.016265,0.052139,-0.008015,-0.156128,0.519688,0.034956
1790938054.118593,1790938054.181340,0.182309,7.189527,1.036973,-0.698343,0.038187,-0.061212,0.712118,-88.755,-1.783,-8.082,-0.007954,0.048106,0.020330,-0.014444,0.577181,-0.066244
1790938054.151931,1790938054.208695,0.182323,7.191484,1.037509,-0.696522,0.045517,-0.069131,0.712746,-88.534,-1.800,-9.325,0.007965,0.043035,0.035002,0.192224,0.713545,-0.020438
1790938054.185270,1790938054.248600,0.183102,7.192415,1.038332,-0.693406,0.053349,-0.077746,0.714351,-88.126,-1.811,-10.670,0.010658,0.036273,0.012589,0.140025,0.656012,-0.069439
1790938054.218607,1790938054.279741,0.183538,7.193383,1.038209,-0.692068,0.058732,-0.085406,0.714352,-87.982,-1.966,-11.738,-0.000983,0.032294,-0.026224,-0.046399,0.429110,-0.124831
1790938054.251946,1790938054.314531,0.183410,7.194865,1.036893,-0.693185,0.061367,-0.090529,0.712414,-88.196,-2.182,-12.370,-0.009961,0.031202,-0.042534,-0.180628,0.250118,-0.130156
1790938054.285285,1790938054.350484,0.183210,7.196000,1.035646,-0.694921,0.062829,-0.094612,0.710060,-88.493,-2.423,-12.820,-0.009474,0.033301,-0.032796,-0.131625,0.230943,-0.136546
1790938054.318623,1790938054.389700,0.183493,7.196994,1.034659,-0.695705,0.064655,-0.098666,0.708575,-88.645,-2.617,-13.299,-0.001550,0.033045,-0.014125,-0.045337,0.288457,-0.099254
1790938054.351961,1790938054.425116,0.183614,7.198104,1.034369,-0.695267,0.067863,-0.103515,0.708013,-88.623,-2.742,-13.959,0.008283,0.033644,-0.001257,0.028168,0.403512,-0.053446
1790938054.385299,1790938054.455782,0.184111,7.199292,1.034360,-0.694136,0.072674,-0.109084,0.707809,-88.521,-2.783,-14.810,0.014473,0.032944,0.001142,0.024972,0.494062,-0.011898
1790938054.418638,1790938054.493445,0.185550,7.200660,1.034237,-0.692995,0.079176,-0.114804,0.707326,-88.452,-2.700,-15.810,0.018390,0.032731,-0.000555,-0.016577,0.552646,0.007284
1790938054.451976,1790938054.526148,0.185815,7.201497,1.034287,-0.692233,0.085522,-0.121167,0.706270,-88.451,-2.691,-16.851,0.012405,0.030831,0.002273,-0.026163,0.516430,-0.019350
1790938054.485315,1790938054.568265,0.186915,7.203089,1.034403,-0.691230,0.091357,-0.126601,0.705569,-88.410,-2.642,-17.775,0.007340,0.031456,0.011966,0.016442,0.439723,-0.011884
1790938054.518653,1790938054.605738,0.187109,7.204111,1.034956,-0.689765,0.096051,-0.131184,0.705542,-88.279,-2.604,-18.539,0.000453,0.030277,0.019751,0.068641,0.354500,0.006225
1790938054.551991,1790938054.635814,0.188031,7.205707,1.035336,-0.687927,0.100121,-0.134584,0.706129,-88.080,-2.509,-19.156,-0.000804,0.030094,0.013192,0.071832,0.307624,-0.025722
1790938054.585330,1790938054.660134,0.187888,7.206539,1.035615,-0.686729,0.103327,-0.138579,0.706061,-87.966,-2.546,-19.751,-0.001510,0.026091,0.001904,0.004722,0.312952,-0.037441
1790938054.618668,1790938054.689634,0.189161,7.208436,1.035518,-0.685935,0.107075,-0.142114,0.705572,-87.932,-2.514,-20.351,0.003173,0.023947,-0.005882,-0.021919,0.312955,-0.056604
1790938054.652006,1790938054.707870,0.189241,7.209142,1.035357,-0.685292,0.110512,-0.146379,0.704794,-87.916,-2.571,-20.987,0.006971,0.019059,-0.004393,0.012170,0.343849,-0.031037
1790938054.685343,1790938054.760079,0.189692,7.209812,1.035202,-0.684164,0.114576,-0.150408,0.704393,-87.844,-2.544,-21.656,0.009568,0.013869,-0.004581,0.018561,0.354501,0.013706
1790938054.718682,1790938054.800473,0.191539,7.211096,1.034837,-0.682692,0.119673,-0.153417,0.704324,-87.750,-2.344,-22.323,0.012911,0.012581,-0.007674,0.005774,0.339589,0.035024
1790938054.752020,1790938054.835657,0.191995,7.211598,1.034509,-0.681806,0.123925,-0.156617,0.703743,-87.731,-2.243,-22.937,0.009542,0.009174,-0.009367,-0.016597,0.307631,0.020110
1790938054.785358,1790938054.865110,0.194257,7.213261,1.034075,-0.680843,0.128427,-0.158785,0.703383,-87.711,-2.037,-23.485,0.008713,0.010319,-0.010092,-0.032582,0.251175,0.009471
1790938054.818696,1790938054.888473,0.194502,7.213717,1.033773,-0.680616,0.131260,-0.161182,0.702533,-87.760,-2.004,-23.916,0.003172,0.007612,-0.005898,-0.031516,0.209630,-0.009702
1790938054.852034,1790938054.920591,0.194851,7.214137,1.033652,-0.680189,0.133488,-0.163636,0.701960,-87.761,-2.017,-24.304,0.000835,0.004644,-0.001448,0.004704,0.203239,-0.051247
1790938054.885372,1790938054.950763,0.197439,7.216314,1.033597,-0.679008,0.136527,-0.165721,0.702029,-87.671,-1.912,-24.729,0.009299,0.005215,0.000514,0.014284,0.242665,-0.036319
1790938054.918711,1790938054.972761,0.197636,7.216365,1.033637,-0.678135,0.139145,-0.169049,0.701566,-87.618,-1.951,-25.224,0.012515,0.000902,0.001841,0.029199,0.277818,-0.023536
1790938054.952049,1790938055.018955,0.198347,7.216538,1.033673,-0.676983,0.142428,-0.172316,0.701224,-87.545,-1.923,-25.770,0.014994,-0.002967,0.000720,0.016416,0.291668,0.012683
1790938054.985387,1790938055.048679,0.201054,7.218264,1.033478,-0.675567,0.146886,-0.174623,0.701100,-87.473,-1.718,-26.329,0.022496,-0.002697,-0.002446,0.004694,0.307652,0.027607
1790938055.018725,1790938055.077840,0.201840,7.218222,1.033303,-0.674587,0.150979,-0.177838,0.700365,-87.461,-1.630,-26.935,0.022802,-0.007558,-0.006121,-0.011286,0.333218,0.031866
1790938055.052063,1790938055.119738,0.202767,7.218168,1.033051,-0.673711,0.155253,-0.180946,0.699477,-87.476,-1.525,-27.548,0.018467,-0.011375,-0.007088,-0.018742,0.300195,0.026540
1790938055.085401,1790938055.148961,0.205790,7.219982,1.032827,-0.672439,0.159526,-0.183061,0.699189,-87.434,-1.325,-28.077,0.020250,-0.008066,-0.000208,0.029190,0.254394,0.009502
1790938055.118738,1790938055.179007,0.206288,7.219616,1.032911,-0.671150,0.162317,-0.185695,0.699090,-87.339,-1.278,-28.531,0.015936,-0.009795,0.003937,0.048366,0.221368,0.015895
1790938055.152076,1790938055.218267,0.206899,7.219432,1.032987,-0.669980,0.164891,-0.187903,0.699021,-87.255,-1.218,-28.931,0.012722,-0.010373,0.001391,0.016407,0.200062,0.000981
1790938055.185414,1790938055.246458,0.209603,7.220805,1.032924,-0.668960,0.167791,-0.189686,0.698826,-87.209,-1.104,-29.321,0.017464,-0.008966,-0.001069,0.001493,0.216047,-0.011797
1790938055.218752,1790938055.272675,0.210155,7.220369,1.032885,-0.668107,0.170442,-0.192367,0.698267,-87.181,-1.090,-29.768,0.018277,-0.013167,-0.000706,0.021732,0.251201,0.004181
1790938055.252090,1790938055.318528,0.210933,7.219845,1.032895,-0.666952,0.173389,-0.195219,0.697854,-87.121,-1.054,-30.254,0.017206,-0.016297,0.000063,0.024928,0.253332,0.003117
1790938055.285428,1790938055.351687,0.213459,7.220800,1.032867,-0.665625,0.176762,-0.197643,0.697593,-87.053,-0.945,-30.739,0.020598,-0.015926,-0.001476,0.020663,0.255468,-0.013925
1790938055.318766,1790938055.381980,0.214220,7.220211,1.032775,-0.664622,0.179415,-0.200753,0.696984,-87.009,-0.960,-31.225,0.019490,-0.018999,-0.002657,0.017469,0.249075,-0.023512
1790938055.352104,1790938055.418410,0.216474,7.220866,1.032712,-0.663506,0.182352,-0.203461,0.696499,-86.961,-0.916,-31.700,0.022225,-0.018859,-0.002778,0.011076,0.248013,-0.025641
1790938055.385442,1790938055.438193,0.217252,7.220209,1.032571,-0.662651,0.184927,-0.206585,0.695715,-86.939,-0.944,-32.182,0.021193,-0.021818,-0.005754,-0.000640,0.255470,-0.034163
1790938055.418780,1790938055.475753,0.218079,7.219551,1.032317,-0.661904,0.187416,-0.209567,0.694867,-86.932,-0.972,-32.644,0.019311,-0.022915,-0.009473,-0.010229,0.225643,-0.022445
1790938055.452118,1790938055.511452,0.220265,7.219843,1.031921,-0.661286,0.190133,-0.211833,0.694029,-86.956,-0.931,-33.064,0.022842,-0.022329,-0.012576,-0.032601,0.216057,-0.027771
1790938055.485456,1790938055.530764,0.220959,7.218961,1.031473,-0.661015,0.192430,-0.214469,0.692844,-87.015,-0.968,-33.481,0.022383,-0.025139,-0.012927,-0.030471,0.214992,-0.022444
1790938055.518793,1790938055.572560,0.221828,7.218123,1.031078,-0.660467,0.194863,-0.217000,0.691898,-87.041,-0.974,-33.901,0.023572,-0.027624,-0.010745,-0.000641,0.229906,-0.014986
1790938055.552131,1790938055.614738,0.224098,7.217832,1.030754,-0.659463,0.197733,-0.219743,0.691175,-87.018,-0.945,-34.377,0.029679,-0.028951,-0.010876,0.003618,0.260803,-0.033095
1790938055.585468,1790938055.633683,0.225082,7.216855,1.030365,-0.658561,0.200624,-0.222961,0.690171,-87.013,-0.959,-34.896,0.032289,-0.030256,-0.011736,-0.002774,0.282108,-0.005398
1790938055.618805,1790938055.679594,0.226319,7.215846,1.029961,-0.657565,0.204028,-0.226034,0.689122,-87.021,-0.920,-35.445,0.034481,-0.031534,-0.012500,-0.016623,0.294892,0.005254
1790938055.652143,1790938055.711628,0.228550,7.215230,1.029530,-0.656603,0.207682,-0.228974,0.687977,-87.049,-0.855,-36.005,0.035514,-0.030145,-0.012986,-0.025147,0.284241,-0.001136
1790938055.685481,1790938055.742215,0.229647,7.214149,1.029134,-0.655822,0.210930,-0.231954,0.686734,-87.087,-0.833,-36.535,0.033592,-0.030104,-0.010385,-0.016625,0.272523,-0.007529
1790938055.718819,1790938055.782478,0.231629,7.213322,1.028854,-0.654787,0.214027,-0.234870,0.685771,-87.082,-0.804,-37.048,0.033353,-0.028860,-0.008567,-0.000646,0.255481,-0.013920
1790938055.752156,1790938055.811415,0.232676,7.212397,1.028555,-0.653997,0.216612,-0.237646,0.684756,-87.092,-0.813,-37.506,0.030289,-0.027193,-0.009153,-0.013430,0.221391,-0.020311
1790938055.785494,1790938055.842975,0.234438,7.211536,1.028271,-0.653344,0.219042,-0.240185,0.683720,-87.115,-0.820,-37.932,0.031586,-0.026901,-0.007048,-0.014496,0.221394,-0.033093
1790938055.818831,1790938055.891040,0.235283,7.210488,1.028118,-0.652552,0.221118,-0.242887,0.682853,-87.101,-0.860,-38.343,0.030437,-0.026091,-0.002817,0.022787,0.206479,-0.029897
1790938055.852169,1790938055.928082,0.236361,7.209376,1.028027,-0.651505,0.223040,-0.245477,0.682301,-87.043,-0.888,-38.732,0.030828,-0.026544,-0.003750,0.021723,0.206479,-0.022441
1790938055.885506,1790938055.955862,0.237976,7.208494,1.027855,-0.650512,0.225157,-0.247994,0.681643,-87.003,-0.899,-39.131,0.032304,-0.026079,-0.008234,-0.001715,0.203285,-0.023505
1790938055.918843,1790938055.976124,0.239090,7.207579,1.027529,-0.649946,0.227194,-0.250419,0.680620,-87.024,-0.931,-39.516,0.032653,-0.026474,-0.011336,-0.020888,0.197958,-0.029896
1790938055.952187,1790938056.008758,0.240263,7.206666,1.027140,-0.649466,0.229071,-0.252703,0.679604,-87.051,-0.968,-39.875,0.031532,-0.024514,-0.012043,-0.019824,0.169195,-0.028831
1790938055.985531,1790938056.037635,0.241844,7.205771,1.026777,-0.649062,0.230763,-0.254792,0.678636,-87.080,-1.005,-40.202,0.032672,-0.023937,-0.011141,-0.020889,0.177719,-0.038418
1790938056.018874,1790938056.064987,0.243005,7.204930,1.026430,-0.648549,0.232562,-0.257107,0.677639,-87.099,-1.049,-40.558,0.033652,-0.022994,-0.008496,-0.003844,0.189438,-0.027766
1790938056.052218,1790938056.112229,0.244141,7.204052,1.026183,-0.647774,0.234524,-0.259360,0.676846,-87.089,-1.062,-40.923,0.033553,-0.023554,-0.006044,0.014263,0.193700,-0.007525
1790938056.085563,1790938056.146868,0.245798,7.203046,1.026026,-0.646680,0.236565,-0.261626,0.676309,-87.037,-1.054,-41.296,0.034159,-0.023973,-0.004539,0.034503,0.197963,-0.017111
1790938056.118907,1790938056.176577,0.246922,7.202249,1.025867,-0.645459,0.238653,-0.264080,0.675787,-86.970,-1.051,-41.691,0.034750,-0.024429,-0.005252,0.021720,0.219268,-0.002197
1790938056.152251,1790938056.215200,0.248468,7.201409,1.025652,-0.644292,0.241146,-0.266536,0.675052,-86.934,-1.025,-42.121,0.035598,-0.024809,-0.007243,0.006806,0.223532,-0.002197
1790938056.185595,1790938056.249781,0.249542,7.200436,1.025396,-0.643331,0.243486,-0.268907,0.674188,-86.922,-1.013,-42.530,0.033048,-0.024055,-0.008893,-0.004912,0.197965,-0.005392
1790938056.218940,1790938056.280277,0.251063,7.199246,1.025066,-0.642591,0.245681,-0.270935,0.673284,-86.936,-0.996,-42.897,0.032417,-0.023568,-0.010875,-0.019828,0.185184,-0.011782
1790938056.252284,1790938056.297087,0.252095,7.198463,1.024664,-0.642050,0.247701,-0.273012,0.672221,-86.971,-1.006,-43.254,0.032147,-0.022503,-0.012537,-0.020892,0.188379,-0.007521
1790938056.285628,1790938056.341469,0.253202,7.197725,1.024253,-0.641465,0.249903,-0.275084,0.671119,-87.011,-1.002,-43.625,0.032710,-0.021572,-0.011709,-0.021958,0.194771,-0.007521
1790938056.318972,1790938056.369430,0.254617,7.196776,1.023908,-0.640798,0.251980,-0.277051,0.670170,-87.032,-0.993,-43.978,0.033364,-0.020313,-0.009153,-0.015566,0.170270,-0.008585
1790938056.352316,1790938056.403765,0.255662,7.196071,1.023672,-0.640208,0.253739,-0.278830,0.669331,-87.047,-0.994,-44.287,0.033251,-0.019344,-0.004835,-0.003848,0.157487,-0.010716
1790938056.385661,1790938056.432713,0.256805,7.195339,1.023586,-0.639472,0.255454,-0.280717,0.668594,-87.040,-0.999,-44.603,0.034979,-0.019657,-0.000878,0.005739,0.168141,-0.007520
1790938056.419005,1790938056.475802,0.257997,7.194635,1.023582,-0.638662,0.257346,-0.282561,0.667865,-87.032,-0.984,-44.930,0.036291,-0.019580,0.000232,-0.009175,0.174533,0.001003
1790938056.452348,1790938056.520574,0.259358,7.194103,1.023544,-0.637994,0.259418,-0.284481,0.666885,-87.057,-0.974,-45.280,0.037597,-0.018807,0.000445,-0.016634,0.187319,-0.009648
1790938056.485693,1790938056.540529,0.260708,7.193025,1.023652,-0.637265,0.261395,-0.286607,0.665900,-87.069,-0.983,-45.640,0.039029,-0.020205,0.003875,-0.003849,0.189448,-0.009647
1790938056.519037,1790938056.569926,0.262047,7.192287,1.023841,-0.636269,0.263457,-0.288803,0.665090,-87.047,-0.978,-46.015,0.041642,-0.021663,0.007220,0.014259,0.203297,-0.005387
1790938056.552381,1790938056.617409,0.263588,7.191381,1.024110,-0.635082,0.265693,-0.291171,0.664303,-87.010,-0.965,-46.421,0.045486,-0.023375,0.007860,0.014258,0.229931,-0.001124
1790938056.585726,1790938056.643973,0.265200,7.190352,1.024366,-0.633842,0.268125,-0.293709,0.663392,-86.978,-0.950,-46.860,0.047573,-0.023981,0.006590,0.000411,0.221408,-0.008581
1790938056.619070,1790938056.676971,0.266791,7.189594,1.024569,-0.632964,0.270285,-0.295962,0.662351,-86.984,-0.952,-47.250,0.046572,-0.022383,0.005863,-0.010243,0.180930,-0.012841
1790938056.652415,1790938056.703174,0.268401,7.188637,1.024807,-0.632269,0.271949,-0.297797,0.661511,-86.987,-0.961,-47.560,0.045500,-0.021808,0.008597,0.004673,0.148971,-0.025625
1790938056.685759,1790938056.745900,0.269935,7.187902,1.025184,-0.631447,0.273322,-0.299695,0.660872,-86.953,-0.987,-47.851,0.046919,-0.022113,0.013710,0.025976,0.161753,-0.008580
1790938056.719104,1790938056.772999,0.271498,7.186922,1.025661,-0.630364,0.274907,-0.301708,0.660333,-86.896,-0.992,-48.172,0.046111,-0.023465,0.014358,0.019584,0.166018,-0.013906
1790938056.752448,1790938056.799789,0.272991,7.186113,1.026084,-0.629652,0.276289,-0.303496,0.659616,-86.881,-1.014,-48.455,0.042279,-0.023052,0.010902,-0.017700,0.120210,-0.020297
1790938056.785793,1790938056.848675,0.274378,7.185358,1.026404,-0.629526,0.277532,-0.304767,0.658627,-86.942,-1.039,-48.678,0.041660,-0.024112,0.009560,-0.043267,0.119145,-0.010710
1790938056.819137,1790938056.883987,0.275599,7.184648,1.026737,-0.629166,0.279145,-0.306122,0.657661,-86.993,-1.034,-48.941,0.044378,-0.027999,0.012414,-0.001722,0.159631,0.003140
1790938056.852482,1790938056.901685,0.277263,7.183282,1.027159,-0.627925,0.281066,-0.307907,0.657195,-86.937,-0.989,-49.271,0.048094,-0.032741,0.010200,0.041954,0.190521,0.009531
1790938056.885826,1790938056.950357,0.278901,7.182085,1.027329,-0.626501,0.283203,-0.310086,0.656612,-86.871,-0.953,-49.656,0.053029,-0.038799,-0.000593,0.000409,0.217155,0.011662
1790938056.919170,1790938056.980938,0.280895,7.180696,1.027134,-0.625790,0.285704,-0.312198,0.655204,-86.932,-0.937,-50.067,0.058135,-0.041959,-0.009740,-0.064573,0.195848,-0.036275
1790938056.952515,1790938057.007490,0.282905,7.179120,1.026849,-0.626018,0.286932,-0.314060,0.653557,-87.045,-1.041,-50.344,0.060167,-0.040811,-0.004133,-0.042204,0.070146,-0.077820
1790938056.985862,1790938057.037514,0.285049,7.177619,1.026896,-0.626456,0.286406,-0.315078,0.652879,-87.073,-1.191,-50.392,0.063705,-0.038918,0.006073,0.008930,-0.022534,-0.076754
1790938057.019208,1790938057.073076,0.287328,7.176228,1.027244,-0.626745,0.285364,-0.315334,0.652933,-87.046,-1.296,-50.325,0.072257,-0.038602,0.014847,0.008930,-0.042774,-0.026684
1790938057.052555,1790938057.087721,0.289849,7.174904,1.027837,-0.627101,0.284611,-0.315025,0.653070,-87.048,-1.339,-50.232,0.078865,-0.035384,0.020736,-0.002788,-0.053425,-0.003247
1790938057.085902,1790938057.126378,0.292648,7.173869,1.028604,-0.627311,0.283766,-0.314420,0.653527,-87.023,-1.351,-50.103,0.082037,-0.028004,0.024881,0.034496,-0.088582,-0.005378
1790938057.119249,1790938057.166331,0.295460,7.172999,1.029427,-0.627322,0.282257,-0.313413,0.654653,-86.927,-1.356,-49.880,0.084113,-0.019901,0.023618,0.073912,-0.133323,0.003145
1790938057.152595,1790938057.227177,0.298458,7.172138,1.030047,-0.627155,0.280529,-0.312468,0.656006,-86.791,-1.368,-49.645,0.086594,-0.016671,0.017010,0.061126,-0.106686,-0.002179
1790938057.185942,1790938057.253471,0.301282,7.171383,1.030429,-0.627462,0.279331,-0.311631,0.656621,-86.758,-1.389,-49.465,0.085252,-0.018102,0.004582,-0.049661,-0.082184,-0.007506
1790938057.219289,1790938057.270989,0.303956,7.170739,1.030486,-0.629334,0.278617,-0.310005,0.655902,-86.983,-1.416,-49.252,0.079196,-0.016304,0.000620,-0.167908,-0.158886,0.001016
1790938057.252635,1790938057.312859,0.306570,7.170177,1.030768,-0.632058,0.277544,-0.306919,0.655189,-87.309,-1.392,-48.873,0.077983,-0.012047,0.018539,-0.127426,-0.221739,0.038300
1790938057.285982,1790938057.348724,0.309061,7.169350,1.031731,-0.633373,0.275956,-0.303913,0.655991,-87.399,-1.314,-48.460,0.081161,-0.009829,0.041267,0.073912,-0.188708,0.066001
1790938057.319329,1790938057.365908,0.312032,7.169024,1.033221,-0.632102,0.274393,-0.302367,0.658581,-87.116,-1.194,-48.186,0.090688,-0.011749,0.043823,0.202813,-0.075789,0.076655
1790938057.352675,1790938057.421215,0.315210,7.168643,1.034320,-0.629608,0.274385,-0.302329,0.660987,-86.754,-1.030,-48.185,0.104464,-0.017806,0.019439,0.149546,0.088264,0.094764
1790938057.386022,1790938057.452790,0.318852,7.168200,1.034356,-0.627693,0.276545,-0.303281,0.661471,-86.614,-0.853,-48.459,0.114007,-0.025902,-0.018313,-0.025161,0.211837,0.059609
1790938057.419369,1790938057.486645,0.322678,7.167482,1.033351,-0.627244,0.280286,-0.305098,0.659484,-86.789,-0.748,-48.946,0.122043,-0.033053,-0.039392,-0.140212,0.306648,0.029778
1790938057.452716,1790938057.512588,0.326733,7.166498,1.032117,-0.626934,0.285092,-0.307660,0.656522,-87.056,-0.655,-49.596,0.126048,-0.037555,-0.031082,-0.123166,0.346061,0.014863
1790938057.486063,1790938057.550800,0.330151,7.165590,1.031376,-0.626270,0.288536,-0.310491,0.654315,-87.187,-0.648,-50.154,0.116985,-0.032416,-0.007196,0.004670,0.194792,-0.032007
1790938057.519410,1790938057.582780,0.334413,7.163816,1.031546,-0.625393,0.288330,-0.311997,0.654528,-87.048,-0.734,-50.275,0.098318,-0.020879,0.014077,0.128242,-0.091772,-0.086335
1790938057.552757,1790938057.615064,0.337135,7.162844,1.032105,-0.625235,0.284114,-0.311814,0.656607,-86.748,-0.963,-49.895,0.085444,-0.012784,0.018444,0.181505,-0.290979,-0.112964
1790938057.586104,1790938057.637580,0.340203,7.162406,1.032552,-0.625528,0.278656,-0.310399,0.659332,-86.437,-1.196,-49.296,0.081140,-0.009705,0.005897,0.132502,-0.343178,-0.116160
1790938057.619452,1790938057.676600,0.342803,7.162033,1.032446,-0.626976,0.273122,-0.308476,0.661172,-86.294,-1.470,-48.646,0.078356,-0.008084,-0.012980,0.030235,-0.347439,-0.114031
1790938057.652799,1790938057.709551,0.345078,7.161318,1.031829,-0.629084,0.268438,-0.305964,0.662254,-86.307,-1.685,-48.014,0.077785,-0.006615,-0.022769,-0.018765,-0.323996,-0.058633
1790938057.686146,1790938057.736133,0.347605,7.161299,1.031034,-0.630986,0.264835,-0.302930,0.663289,-86.361,-1.774,-47.428,0.079301,-0.002458,-0.026216,-0.012373,-0.288843,0.018064
1790938057.719493,1790938057.779427,0.349365,7.161233,1.030058,-0.632163,0.262451,-0.299639,0.664610,-86.388,-1.718,-46.923,0.078450,0.001410,-0.034057,-0.009175,-0.235573,0.079851
1790938057.752841,1790938057.798583,0.352608,7.161257,1.028710,-0.632992,0.261346,-0.296043,0.665866,-86.442,-1.532,-46.500,0.075766,0.005788,-0.049636,-0.057115,-0.204682,0.120333
1790938057.786187,1790938057.840878,0.355027,7.161634,1.026851,-0.634694,0.260858,-0.292358,0.666066,-86.661,-1.353,-46.120,0.073741,0.010176,-0.060492,-0.168970,-0.165266,0.073459
1790938057.819535,1790938057.887836,0.356920,7.161995,1.025073,-0.637097,0.260820,-0.289795,0.664905,-87.009,-1.284,-45.880,0.075398,0.011354,-0.046135,-0.159378,-0.083234,0.042562
1790938057.852882,1790938057.915283,0.359600,7.162512,1.023946,-0.637815,0.261576,-0.288059,0.664675,-87.160,-1.131,-45.786,0.077012,0.010434,-0.017374,0.034502,-0.001207,0.136308
1790938057.886230,1790938057.950695,0.361987,7.162956,1.023650,-0.635910,0.262976,-0.287039,0.666387,-86.966,-0.835,-45.815,0.073457,0.011050,-0.002058,0.152749,0.029683,0.152288
1790938057.919577,1790938057.990691,0.363076,7.163298,1.023625,-0.633788,0.263761,-0.286262,0.668429,-86.704,-0.587,-45.813,0.061750,0.016042,-0.005078,0.097357,-0.037424,0.119259
1790938057.952918,1790938058.016368,0.365540,7.163826,1.023352,-0.632872,0.263779,-0.284712,0.669949,-86.572,-0.397,-45.674,0.053733,0.022301,-0.010907,0.051549,-0.081102,0.075584
1790938057.986254,1790938058.038568,0.367155,7.164664,1.022942,-0.632326,0.263469,-0.283371,0.671155,-86.474,-0.270,-45.527,0.046037,0.025438,-0.014366,0.043027,-0.062992,0.074518
1790938058.019591,1790938058.064640,0.368480,7.165607,1.022400,-0.632352,0.263320,-0.281974,0.671777,-86.469,-0.162,-45.387,0.036121,0.027329,-0.019407,-0.050718,-0.083233,0.035101
1790938058.052927,1790938058.098007,0.369443,7.166567,1.021715,-0.633896,0.262872,-0.280346,0.671178,-86.667,-0.146,-45.202,0.028136,0.028598,-0.022143,-0.152985,-0.102407,-0.001117
1790938058.086264,1790938058.133198,0.370266,7.167596,1.021077,-0.636244,0.262652,-0.278987,0.669608,-86.995,-0.187,-45.060,0.031751,0.026576,-0.015717,-0.167899,-0.022511,-0.044797
1790938058.119600,1790938058.192749,0.371319,7.168665,1.020710,-0.637863,0.262916,-0.279682,0.667671,-87.248,-0.327,-45.145,0.041701,0.021727,-0.004119,-0.076283,0.114910,-0.103388
1790938058.152936,1790938058.229017,0.370563,7.169476,1.020895,-0.637572,0.264143,-0.282611,0.666229,-87.280,-0.482,-45.513,0.050371,0.013898,0.002789,0.020660,0.273638,-0.025631
1790938058.186273,1790938058.249540,0.373649,7.170298,1.020850,-0.635736,0.268108,-0.285890,0.665000,-87.253,-0.396,-46.149,0.063719,0.005769,0.001179,-0.007038,0.394016,0.069182
1790938058.219609,1790938058.264765,0.375798,7.170666,1.020801,-0.633820,0.273349,-0.289796,0.663001,-87.300,-0.281,-46.952,0.067411,0.004990,-0.003562,-0.027279,0.435563,0.001003
1790938058.252944,1790938058.320932,0.377900,7.170982,1.020681,-0.632080,0.277581,-0.294700,0.660739,-87.315,-0.328,-47.762,0.064487,0.007843,-0.002501,0.015329,0.403602,-0.088483
1790938058.286281,1790938058.357083,0.377447,7.171997,1.020578,-0.630321,0.280669,-0.299872,0.658785,-87.258,-0.472,-48.500,0.057441,0.010109,-0.000124,0.024917,0.364181,-0.060792
1790938058.319617,1790938058.387906,0.380297,7.172096,1.020613,-0.628647,0.284174,-0.303913,0.657027,-87.243,-0.498,-49.172,0.057571,0.008456,0.002025,-0.012367,0.347137,-0.017112
1790938058.352953,1790938058.425600,0.380445,7.172408,1.020697,-0.627034,0.287925,-0.307889,0.655081,-87.257,-0.509,-49.862,0.054752,0.006355,0.005682,-0.009171,0.384421,-0.012855
1790938058.386289,1790938058.451094,0.382670,7.172546,1.020913,-0.624968,0.292493,-0.312420,0.652883,-87.264,-0.492,-50.676,0.058819,0.000754,0.010248,-0.010238,0.486689,-0.004330
1790938058.419625,1790938058.477365,0.383242,7.172695,1.021322,-0.622217,0.298621,-0.318261,0.649909,-87.286,-0.453,-51.750,0.063925,-0.009469,0.016791,-0.009170,0.658200,0.010576
1790938058.452961,1790938058.500407,0.385829,7.172272,1.022011,-0.618119,0.306512,-0.325545,0.646528,-87.251,-0.350,-53.119,0.068057,-0.020536,0.024200,0.048353,0.774317,0.029751
1790938058.486298,1790938058.548750,0.387136,7.172426,1.022749,-0.613057,0.314620,-0.333831,0.643220,-87.114,-0.262,-54.609,0.060413,-0.023794,0.023057,0.078178,0.783894,-0.007538
1790938058.519634,1790938058.581893,0.387950,7.171944,1.023332,-0.608306,0.322270,-0.342368,0.639445,-87.007,-0.251,-56.092,0.053733,-0.026848,0.017107,0.027041,0.788141,-0.054413
1790938058.552969,1790938058.614826,0.389171,7.171237,1.023674,-0.603963,0.329883,-0.351138,0.634908,-86.973,-0.301,-57.604,0.049300,-0.030551,0.013951,0.007864,0.789199,-0.074652
1790938058.586305,1790938058.643864,0.390207,7.170261,1.023952,-0.599773,0.337097,-0.359504,0.630392,-86.946,-0.357,-59.052,0.040198,-0.030349,0.011765,0.024904,0.707170,-0.066128
1790938058.619641,1790938058.683148,0.390961,7.169363,1.024151,-0.596145,0.342490,-0.367042,0.626571,-86.869,-0.483,-60.266,0.026560,-0.023418,0.005168,0.040879,0.530331,-0.149220
1790938058.652977,1790938058.715765,0.391543,7.168633,1.024081,-0.594180,0.345258,-0.373344,0.623187,-86.818,-0.765,-61.127,0.013566,-0.013660,-0.005056,-0.004930,0.344972,-0.185436
1790938058.686312,1790938058.756877,0.391898,7.168163,1.023774,-0.593460,0.347150,-0.378273,0.619841,-86.870,-1.067,-61.779,0.015076,-0.013423,-0.008875,-0.048608,0.342844,-0.167325
1790938058.719648,1790938058.795281,0.392495,7.167640,1.023501,-0.592725,0.349749,-0.383223,0.616030,-86.978,-1.340,-62.499,0.020973,-0.018971,-0.007324,-0.073109,0.393978,-0.153476
1790938058.752984,1790938058.830193,0.393207,7.166807,1.023273,-0.591800,0.352868,-0.388220,0.611999,-87.103,-1.581,-63.275,0.024897,-0.025642,-0.002073,-0.064589,0.413157,-0.135363
1790938058.786319,1790938058.859355,0.394163,7.165813,1.023383,-0.590039,0.356376,-0.393450,0.608315,-87.150,-1.761,-64.113,0.031676,-0.036300,0.008906,-0.003867,0.465355,-0.084229
1790938058.819655,1790938058.887056,0.395213,7.164188,1.023766,-0.586945,0.360569,-0.399086,0.605158,-87.077,-1.838,-65.061,0.035573,-0.046879,0.015499,0.051524,0.520753,-0.050136
1790938058.852991,1790938058.915602,0.396436,7.162541,1.024321,-0.583242,0.365000,-0.405000,0.602145,-86.948,-1.883,-66.064,0.036243,-0.051586,0.016875,0.033415,0.514361,-0.052267
1790938058.886326,1790938058.941392,0.397601,7.160523,1.024835,-0.579984,0.369371,-0.410227,0.599080,-86.882,-1.907,-66.997,0.035243,-0.050659,0.017460,0.012106,0.452577,-0.035218
1790938058.919662,1790938058.979564,0.398781,7.158895,1.025441,-0.577200,0.373227,-0.414654,0.596325,-86.841,-1.922,-67.806,0.033114,-0.048089,0.017807,-0.004937,0.389726,-0.027762
1790938058.953000,1790938059.015582,0.400036,7.157054,1.025938,-0.574889,0.376854,-0.418361,0.593681,-86.847,-1.923,-68.524,0.032823,-0.047910,0.017583,-0.018788,0.363098,-0.013908
1790938058.986338,1790938059.051739,0.401108,7.155307,1.026580,-0.572622,0.380565,-0.422043,0.590893,-86.871,-1.925,-69.249,0.034161,-0.052755,0.020062,-0.029440,0.399317,-0.029887
1790938059.019677,1790938059.085917,0.402390,7.153058,1.027193,-0.570049,0.384806,-0.426287,0.587579,-86.906,-1.937,-70.086,0.034435,-0.063163,0.021864,-0.032640,0.483481,-0.033078
1790938059.053016,1790938059.126800,0.403483,7.150786,1.027934,-0.566874,0.389995,-0.431055,0.583738,-86.954,-1.914,-71.073,0.034262,-0.074610,0.021434,-0.046488,0.555919,0.010597
1790938059.086354,1790938059.166397,0.404679,7.147853,1.028556,-0.563014,0.396150,-0.435931,0.579694,-87.009,-1.810,-72.169,0.031423,-0.084964,0.022217,-0.035839,0.583623,0.048951
1790938059.119692,1790938059.199292,0.405613,7.144860,1.029319,-0.558623,0.402551,-0.440624,0.575971,-87.030,-1.637,-73.278,0.025761,-0.091333,0.022293,-0.027316,0.578295,0.056409
1790938059.153031,1790938059.238470,0.406493,7.141618,1.029912,-0.554482,0.408620,-0.445354,0.572048,-87.067,-1.512,-74.367,0.020748,-0.093277,0.018574,-0.042236,0.553800,-0.000048
1790938059.186369,1790938059.276376,0.407159,7.138469,1.030436,-0.551305,0.413818,-0.449936,0.567781,-87.154,-1.501,-75.362,0.014371,-0.090225,0.012172,-0.078455,0.479228,-0.028811
1790938059.219708,1790938059.316555,0.407727,7.135290,1.030644,-0.548991,0.418455,-0.453815,0.563521,-87.305,-1.528,-76.233,0.007539,-0.090260,0.007209,-0.092309,0.433424,-0.042656
1790938059.253047,1790938059.357009,0.407847,7.132220,1.030845,-0.546937,0.422677,-0.457376,0.559473,-87.454,-1.568,-77.033,0.000560,-0.090558,0.002593,-0.098699,0.398269,-0.044788
1790938059.286385,1790938059.391725,0.407867,7.129237,1.030782,-0.545448,0.426619,-0.460443,0.555405,-87.651,-1.628,-77.757,-0.004789,-0.090103,0.001221,-0.127467,0.365248,-0.037328
1790938059.319724,1790938059.427067,0.407662,7.125923,1.030962,-0.543957,0.430845,-0.463119,0.551366,-87.881,-1.646,-78.471,-0.006062,-0.092350,0.010340,-0.122139,0.389749,-0.011761
1790938059.353062,1790938059.459939,0.407741,7.122576,1.031442,-0.542020,0.435100,-0.466089,0.547415,-88.062,-1.656,-79.224,-0.007822,-0.090356,0.023944,-0.071011,0.386556,-0.041586
1790938059.386401,1790938059.494955,0.407430,7.119592,1.032482,-0.539422,0.438657,-0.469571,0.544157,-88.096,-1.673,-79.966,-0.007951,-0.086887,0.037395,0.017408,0.390816,-0.005367
1790938059.419739,1790938059.526206,0.407678,7.116520,1.033822,-0.535950,0.442100,-0.473353,0.541518,-88.016,-1.638,-80.733,-0.008515,-0.085324,0.045166,0.035513,0.406800,0.013809
1790938059.453078,1790938059.566880,0.407337,7.113691,1.035421,-0.532486,0.445617,-0.477035,0.538815,-87.949,-1.594,-81.502,-0.010359,-0.081939,0.049748,0.008884,0.392950,-0.009626
1790938059.486417,1790938059.616793,0.407601,7.110826,1.037152,-0.529320,0.448902,-0.480639,0.535998,-87.901,-1.582,-82.241,-0.008403,-0.075933,0.057252,0.035510,0.378039,-0.002168
1790938059.519755,1790938059.659436,0.407212,7.108395,1.039173,-0.525951,0.451733,-0.484197,0.533728,-87.786,-1.554,-82.933,-0.010280,-0.067980,0.061773,0.067470,0.342883,-0.017083
1790938059.553093,1790938059.702663,0.407497,7.105963,1.041204,-0.522806,0.453737,-0.488015,0.531637,-87.615,-1.595,-83.571,-0.009176,-0.061283,0.063268,0.095163,0.317319,-0.046909
1790938059.586431,1790938059.745487,0.407104,7.103981,1.043300,-0.519747,0.455516,-0.491709,0.529708,-87.435,-1.636,-84.175,-0.010377,-0.057380,0.061208,0.073859,0.318385,-0.030931
1790938059.619769,1790938059.783429,0.407459,7.101722,1.045224,-0.516720,0.457526,-0.495304,0.527583,-87.285,-1.668,-84.795,-0.008856,-0.054709,0.058078,0.071723,0.320520,-0.040517
1790938059.653108,1790938059.818608,0.406993,7.099974,1.047121,-0.513950,0.459326,-0.498837,0.525392,-87.147,-1.725,-85.389,-0.011206,-0.048891,0.054774,0.052548,0.288559,-0.046908
1790938059.686446,1790938059.851468,0.407345,7.097915,1.048810,-0.511493,0.461112,-0.501780,0.523419,-87.047,-1.754,-85.916,-0.009712,-0.043607,0.049616,0.037629,0.248083,-0.024535
1790938059.719785,1790938059.875562,0.406909,7.096659,1.050357,-0.509477,0.462761,-0.504137,0.521662,-86.985,-1.770,-86.363,-0.012087,-0.037395,0.041568,0.007804,0.219320,-0.019211
1790938059.753123,1790938059.916103,0.406429,7.095480,1.051557,-0.507949,0.464471,-0.505949,0.519875,-86.989,-1.780,-86.756,-0.016531,-0.029313,0.029046,-0.031612,0.176710,-0.030929
1790938059.786461,1790938059.957707,0.406599,7.093942,1.052251,-0.507529,0.465867,-0.507316,0.517700,-87.089,-1.868,-87.064,-0.018179,-0.025752,0.016892,-0.079555,0.141559,-0.096977
1790938059.819800,1790938059.993765,0.405886,7.093193,1.052785,-0.507803,0.466830,-0.508769,0.515132,-87.223,-2.049,-87.336,-0.021512,-0.023631,0.016479,-0.048660,0.129841,-0.077801
1790938059.853138,1790938060.024696,0.405090,7.092372,1.053388,-0.507348,0.467677,-0.509977,0.513613,-87.261,-2.124,-87.568,-0.022923,-0.019275,0.018708,0.000343,0.100013,-0.016015
1790938059.886476,1790938060.063959,0.404336,7.091701,1.053971,-0.506433,0.468446,-0.510845,0.512954,-87.237,-2.111,-87.752,-0.022193,-0.018460,0.015896,0.013125,0.098949,0.005291
1790938059.919815,1790938060.095757,0.404268,7.090291,1.054398,-0.505439,0.469435,-0.511776,0.512100,-87.228,-2.094,-87.968,-0.021476,-0.022157,0.013159,-0.004989,0.120262,0.007422
1790938059.953153,1790938060.117674,0.403501,7.089606,1.054825,-0.504400,0.470683,-0.512630,0.511125,-87.243,-2.062,-88.203,-0.022494,-0.022133,0.012917,-0.015640,0.131978,0.007422
1790938059.986490,1790938060.139124,0.402775,7.088769,1.055300,-0.503158,0.472043,-0.513637,0.510083,-87.246,-2.024,-88.469,-0.021894,-0.022571,0.015406,0.009926,0.147959,0.015944
1790938060.019826,1790938060.157117,0.402010,7.087997,1.055827,-0.501557,0.473152,-0.514960,0.509298,-87.182,-1.984,-88.745,-0.023140,-0.020176,0.016309,0.050407,0.134109,0.012747
1790938060.053163,1790938060.182707,0.401150,7.087305,1.056351,-0.499802,0.473994,-0.516283,0.508901,-87.072,-1.928,-88.993,-0.024630,-0.017888,0.013873,0.041884,0.127719,0.017009
1790938060.086500,1790938060.211028,0.400459,7.086630,1.056721,-0.498505,0.474932,-0.517627,0.507931,-87.025,-1.926,-89.255,-0.023533,-0.017947,0.008392,-0.010315,0.147959,-0.030928
1790938060.119837,1790938060.243207,0.400631,7.084551,1.056884,-0.497748,0.476278,-0.518946,0.506065,-87.086,-1.980,-89.558,-0.020263,-0.020856,0.006479,-0.044408,0.165011,-0.044777
1790938060.153174,1790938060.269742,0.399817,7.084127,1.057162,-0.496950,0.477601,-0.520449,0.504055,-87.139,-2.052,-89.882,-0.018665,-0.020600,0.010872,-0.011384,0.166075,-0.052233
1790938060.186511,1790938060.293559,0.399323,7.083245,1.057667,-0.495662,0.478589,-0.522395,0.502369,-87.101,-2.121,-90.223,-0.018247,-0.021337,0.018459,0.036553,0.179924,-0.037320
1790938060.219848,1790938060.315307,0.398766,7.082468,1.058320,-0.493942,0.479266,-0.524505,0.501219,-86.980,-2.161,-90.551,-0.018385,-0.017146,0.019532,0.069576,0.165010,-0.021340
1790938060.253185,1790938060.349362,0.397849,7.082018,1.058874,-0.492103,0.479968,-0.526548,0.500212,-86.849,-2.181,-90.874,-0.018828,-0.014547,0.013100,0.044008,0.172467,-0.018143
1790938060.286522,1790938060.387277,0.398897,7.080701,1.059008,0.490552,-0.481161,0.528067,-0.498987,-86.805,-2.172,-91.189,-0.016837,-0.009086,0.004089,-0.002867,0.144776,-0.011752
1790938060.319859,1790938060.422431,0.397534,7.080120,1.059163,0.489727,-0.482345,0.529060,-0.497600,-86.844,-2.187,-91.441,-0.017582,-0.002410,-0.001185,-0.045479,0.118143,-0.013883
1790938060.353196,1790938060.447446,0.396997,7.080047,1.059103,0.489386,-0.483250,0.529767,-0.496303,-86.906,-2.226,-91.627,-0.017118,0.008200,-0.001970,-0.020976,0.069139,-0.038384
1790938060.386532,1790938060.474299,0.396453,7.080206,1.059047,0.489280,-0.483468,0.530420,-0.495498,-86.918,-2.289,-91.730,-0.016145,0.017168,-0.001057,0.000329,0.038246,-0.028797
1790938060.419869,1790938060.500876,0.395964,7.080665,1.059017,0.489043,-0.483589,0.530936,-0.495062,-86.904,-2.320,-91.807,-0.013789,0.021876,-0.001163,0.003524,0.049966,-0.020274
1790938060.453205,1790938060.546849,0.395571,7.081292,1.058965,0.488590,-0.484058,0.531493,-0.494453,-86.906,-2.331,-91.927,-0.011970,0.023234,-0.002143,-0.007128,0.081925,0.009552
1790938060.486542,1790938060.589459,0.397014,7.080309,1.058822,0.487645,-0.485233,0.531939,-0.493753,-86.931,-2.271,-92.112,-0.007214,0.020790,-0.005063,-0.023110,0.109625,0.015945
1790938060.519878,1790938060.623676,0.396417,7.081393,1.058633,0.486838,-0.486504,0.532464,-0.492732,-86.982,-2.236,-92.318,-0.006434,0.023659,-0.005738,-0.036959,0.105365,0.021270
1790938060.553215,1790938060.649229,0.396209,7.082183,1.058449,0.486054,-0.487737,0.532748,-0.491979,-87.033,-2.176,-92.490,-0.003197,0.026770,-0.005675,-0.024175,0.074471,0.025532
1790938060.586551,1790938060.675517,0.396187,7.082925,1.058216,0.485477,-0.488597,0.532974,-0.491452,-87.065,-2.135,-92.614,-0.000318,0.026553,-0.008305,-0.022046,0.065948,0.018074
1790938060.619888,1790938060.703534,0.396322,7.083625,1.057899,0.484922,-0.489624,0.533138,-0.490798,-87.119,-2.089,-92.749,0.004843,0.022455,-0.010555,-0.036960,0.076601,0.020205
1790938060.653225,1790938060.728807,0.396638,7.084235,1.057545,0.484844,-0.490291,0.533344,-0.489985,-87.185,-2.104,-92.850,0.008922,0.023527,-0.011216,-0.024175,0.015880,-0.050102
1790938060.686561,1790938060.756059,0.397083,7.084725,1.057210,0.485185,-0.489976,0.533762,-0.489506,-87.187,-2.192,-92.866,0.013579,0.018676,-0.009706,0.025891,0.010553,-0.037319
1790938060.719898,1790938060.782734,0.397631,7.085245,1.056876,0.484659,-0.489536,0.534688,-0.489458,-87.079,-2.239,-92.930,0.018993,0.007740,-0.009023,0.078090,0.058490,-0.023470
1790938060.753234,1790938060.810148,0.398547,7.085399,1.056500,0.483393,-0.489559,0.535967,-0.489287,-86.941,-2.241,-93.090,0.025247,-0.003926,-0.012411,0.052522,0.112819,0.021270
1790938060.786570,1790938060.843869,0.399667,7.085189,1.055969,0.481893,-0.490518,0.536728,-0.488973,-86.883,-2.154,-93.291,0.029905,-0.010245,-0.020233,-0.009262,0.095773,0.040446
1790938060.819907,1790938060.893415,0.400808,7.084636,1.055155,0.481379,-0.491834,0.536717,-0.488169,-86.974,-2.094,-93.438,0.032318,-0.016477,-0.029821,-0.096617,0.061684,0.022336
1790938060.853243,1790938060.931587,0.403723,7.082386,1.054103,0.481609,-0.493607,0.535859,-0.487093,-87.201,-2.022,-93.533,0.038894,-0.023290,-0.034540,-0.133903,0.035050,0.036186
1790938060.886579,1790938060.958974,0.405610,7.082241,1.052905,0.482558,-0.494971,0.534715,-0.486026,-87.460,-2.001,-93.547,0.046499,-0.023082,-0.032263,-0.126446,-0.034190,-0.030928
1790938060.919915,1790938060.983837,0.407329,7.081300,1.051948,0.484579,-0.494756,0.533750,-0.485294,-87.660,-2.125,-93.405,0.057322,-0.020494,-0.023989,-0.062529,-0.133260,-0.079931
1790938060.953251,1790938061.009880,0.409340,7.080220,1.051304,0.486824,-0.493175,0.532578,-0.485943,-87.731,-2.248,-93.082,0.072516,-0.019302,-0.015243,0.007781,-0.205697,-0.031992
1790938060.986586,1790938061.033771,0.411963,7.079289,1.050806,0.488543,-0.491364,0.531056,-0.487717,-87.719,-2.269,-92.691,0.091195,-0.025634,-0.014755,0.013105,-0.187586,0.017010
1790938061.019922,1790938061.057790,0.415480,7.078535,1.050245,0.489739,-0.490252,0.529509,-0.489314,-87.728,-2.228,-92.378,0.112636,-0.031154,-0.017594,-0.009265,-0.134322,0.043642
1790938061.053257,1790938061.108127,0.419823,7.077968,1.049597,0.490311,-0.489900,0.528208,-0.490499,-87.753,-2.142,-92.180,0.135189,-0.037408,-0.018966,-0.003938,-0.068276,0.059622
1790938061.086592,1790938061.148878,0.425076,7.077129,1.048944,0.489997,-0.490204,0.527326,-0.491456,-87.752,-2.003,-92.107,0.157252,-0.043238,-0.017937,0.017366,-0.002229,0.084122
1790938061.119928,1790938061.189855,0.432976,7.075217,1.048124,0.488965,-0.490664,0.526827,-0.492559,-87.688,-1.824,-92.098,0.173932,-0.045019,-0.019231,0.039736,-0.016077,0.096907
1790938061.153263,1790938061.222197,0.438758,7.073878,1.047414,0.488527,-0.490945,0.525955,-0.493645,-87.671,-1.672,-92.024,0.176639,-0.044225,-0.026125,-0.043354,-0.059755,0.045772
1790938061.186598,1790938061.257190,0.444488,7.072199,1.046578,0.490010,-0.491413,0.524300,-0.493470,-87.890,-1.652,-91.878,0.179227,-0.047041,-0.026261,-0.186104,-0.089582,0.005291
1790938061.219934,1790938061.287705,0.450426,7.070486,1.046021,0.492606,-0.492393,0.521638,-0.492729,-88.293,-1.644,-91.669,0.184938,-0.049026,-0.008619,-0.191427,-0.137519,0.018073
1790938061.253268,1790938061.317464,0.456515,7.068710,1.046115,0.494866,-0.492198,0.519175,-0.493260,-88.527,-1.621,-91.353,0.193395,-0.046003,0.015175,-0.009263,-0.198240,-0.010688
1790938061.286604,1790938061.350497,0.463135,7.067046,1.046822,0.495998,-0.489586,0.518496,-0.495433,-88.361,-1.675,-90.978,0.203550,-0.048917,0.030904,0.193138,-0.173737,-0.025601
1790938061.319939,1790938061.381385,0.470527,7.065152,1.047690,0.495222,-0.486532,0.519616,-0.498037,-87.931,-1.721,-90.770,0.214326,-0.063106,0.023782,0.224030,-0.022468,-0.017078
1790938061.353273,1790938061.419149,0.478399,7.063514,1.048048,0.493552,-0.485284,0.521463,-0.498981,-87.603,-1.744,-90.851,0.223802,-0.078586,-0.000791,0.096194,0.109623,0.015945
1790938061.386608,1790938061.460977,0.488529,7.060609,1.047224,0.491636,-0.486768,0.522297,-0.498554,-87.552,-1.616,-91.116,0.232272,-0.088652,-0.023431,-0.048685,0.167147,0.102234
1790938061.419943,1790938061.483857,0.496422,7.057762,1.046437,0.489768,-0.490097,0.521875,-0.497572,-87.715,-1.345,-91.439,0.236238,-0.091372,-0.027772,-0.111535,0.162887,0.158693
1790938061.453278,1790938061.517363,0.504290,7.054795,1.045668,0.488499,-0.493045,0.520792,-0.497042,-87.905,-1.071,-91.641,0.238942,-0.080468,-0.017520,-0.083837,0.029724,0.106493
1790938061.486612,1790938061.552514,0.512212,7.051974,1.045359,0.488537,-0.493613,0.519397,-0.497901,-87.974,-0.914,-91.539,0.242082,-0.064024,-0.001611,0.022690,-0.144980,0.039381
1790938061.519947,1790938061.587706,0.519788,7.049635,1.045592,-0.489706,0.491037,-0.518240,0.500499,-87.814,-0.919,-91.111,0.240596,-0.049797,0.011343,0.147328,-0.293053,-0.037319
1790938061.553282,1790938061.623348,0.527130,7.047510,1.046260,-0.491391,0.486663,-0.517555,0.503817,-87.513,-1.047,-90.539,0.238963,-0.045786,0.014372,0.156915,-0.299443,-0.072474
1790938061.586617,1790938061.656046,0.534947,7.045875,1.046741,-0.493359,0.482583,-0.516915,0.506467,-87.281,-1.216,-90.010,0.235292,-0.049067,0.013691,0.089801,-0.253635,-0.058624
1790938061.619951,1790938061.688750,0.542972,7.044478,1.047272,-0.494988,0.479903,-0.516083,0.508271,-87.170,-1.322,-89.616,0.230019,-0.057463,0.014268,0.030147,-0.156693,-0.017079
1790938061.653286,1790938061.726440,0.550861,7.042880,1.047817,-0.495935,0.478801,-0.515071,0.509411,-87.156,-1.322,-89.375,0.226182,-0.063530,0.017722,-0.002875,-0.103431,0.026596
1790938061.686620,1790938061.764223,0.560346,7.041115,1.048328,-0.496653,0.478166,-0.513834,0.510556,-87.169,-1.268,-89.160,0.224242,-0.060936,0.019690,0.000319,-0.123672,0.037248
1790938061.719955,1790938061.793416,0.567867,7.039158,1.048981,-0.497289,0.477252,-0.512567,0.512063,-87.141,-1.205,-88.910,0.224430,-0.057459,0.023528,0.052516,-0.128999,0.036184
1790938061.753289,1790938061.827205,0.575325,7.037258,1.049752,-0.497654,0.475399,-0.511934,0.514062,-86.980,-1.190,-88.634,0.225934,-0.049867,0.022875,0.126022,-0.179067,-0.005362
1790938061.786623,1790938061.860176,0.582710,7.035493,1.050429,-0.498127,0.472394,-0.511293,0.517003,-86.707,-1.199,-88.232,0.228491,-0.040531,0.017587,0.157980,-0.228070,0.035118
1790938061.819957,1790938061.900326,0.590321,7.034125,1.050844,-0.498324,0.469691,-0.510158,0.520388,-86.437,-1.123,-87.807,0.232809,-0.034428,0.006596,0.113237,-0.203568,0.054294
1790938061.853292,1790938061.945073,0.599550,7.033609,1.050729,-0.498985,0.467967,-0.508595,0.522830,-86.328,-1.044,-87.439,0.237489,-0.025538,-0.004635,-0.000748,-0.172674,0.054292
1790938061.886626,1790938061.976269,0.608005,7.032766,1.050504,-0.500402,0.467362,-0.506410,0.524137,-86.425,-0.968,-87.120,0.240706,-0.017404,-0.010382,-0.096625,-0.157761,0.051097
1790938061.919960,1790938062.017761,0.616180,7.032510,1.050218,-0.502386,0.467753,-0.503540,0.524655,-86.696,-0.867,-86.829,0.244551,-0.010780,-0.008530,-0.185042,-0.141781,0.066010
1790938061.953300,1790938062.058836,0.624518,7.032446,1.050117,-0.504860,0.468424,-0.500366,0.524718,-87.054,-0.782,-86.535,0.253565,-0.003276,0.003044,-0.160540,-0.146043,0.040443
1790938061.986650,1790938062.100303,0.633799,7.032646,1.050551,-0.506419,0.468515,-0.498496,0.524915,-87.245,-0.747,-86.331,0.268558,-0.003425,0.016035,-0.026307,-0.043772,0.007417
1790938062.020000,1790938062.128500,0.643053,7.032684,1.051048,-0.505525,0.468577,-0.498960,0.525279,-87.148,-0.699,-86.391,0.287306,-0.005182,0.015752,0.120699,0.097909,0.041505
1790938062.053350,1790938062.159937,0.652912,7.032974,1.051246,-0.503285,0.468900,-0.500449,0.525726,-86.923,-0.614,-86.596,0.304020,-0.001474,-0.004091,0.087675,0.118149,0.028722
1790938062.086700,1790938062.192916,0.663328,7.033158,1.050756,-0.501651,0.469877,-0.501570,0.525348,-86.840,-0.546,-86.831,0.322474,0.000380,-0.025302,0.000322,0.126671,0.023394
1790938062.120050,1790938062.233935,0.674334,7.033324,1.049709,-0.500708,0.470947,-0.502554,0.524347,-86.847,-0.538,-87.059,0.341584,0.004362,-0.036124,0.007780,0.112823,-0.035195
1790938062.153400,1790938062.266552,0.685932,7.033446,1.048490,-0.500035,0.470954,-0.504043,0.523554,-86.770,-0.627,-87.232,0.360501,0.006867,-0.034425,0.087676,0.060623,-0.054370
1790938062.186750,1790938062.303451,0.698072,7.033554,1.047357,-0.499085,0.469918,-0.505636,0.523855,-86.549,-0.709,-87.305,0.373400,0.008345,-0.032244,0.122829,0.014816,-0.041586
1790938062.220100,1790938062.333836,0.710506,7.033638,1.046196,-0.498906,0.468872,-0.506830,0.523808,-86.416,-0.832,-87.331,0.376467,0.007248,-0.038550,-0.026311,-0.005423,-0.126810
1790938062.253450,1790938062.364536,0.723267,7.033785,1.045054,-0.501580,0.468354,-0.507093,0.521458,-86.667,-1.160,-87.305,0.377722,0.006054,-0.032075,-0.250022,-0.028858,-0.204576
1790938062.286801,1790938062.397519,0.735921,7.034054,1.044584,-0.505314,0.469352,-0.506582,0.517436,-87.206,-1.504,-87.353,0.379429,-0.007136,0.002715,-0.260674,0.079801,-0.140659
1790938062.320152,1790938062.422690,0.748498,7.034313,1.045306,-0.506307,0.471027,-0.507667,0.513869,-87.501,-1.718,-87.660,0.378567,-0.019850,0.041533,-0.022048,0.211898,-0.106571
1790938062.353503,1790938062.469833,0.760938,7.034093,1.046893,-0.505185,0.471009,-0.511155,0.511527,-87.369,-1.982,-88.065,0.374390,-0.018805,0.055761,0.137744,0.179938,-0.200318
1790938062.386853,1790938062.510198,0.773172,7.034113,1.048504,-0.503913,0.469458,-0.515621,0.509721,-87.053,-2.354,-88.424,0.373820,-0.016590,0.043104,0.161183,0.184198,-0.184341
1790938062.420204,1790938062.536042,0.785656,7.033237,1.049556,-0.502232,0.468731,-0.519615,0.507992,-86.780,-2.620,-88.819,0.373432,-0.015508,0.013195,0.088743,0.222551,-0.128946
1790938062.453555,1790938062.582790,0.798158,7.032879,1.049528,-0.500754,0.469220,-0.523226,0.505285,-86.662,-2.857,-89.304,0.376499,-0.013183,-0.015045,0.013108,0.265161,-0.166232
1790938062.486907,1790938062.619004,0.810719,7.034058,1.048634,-0.500197,0.469667,-0.526909,0.501581,-86.645,-3.208,-89.796,0.377325,0.000525,-0.028778,-0.026304,0.202305,-0.212043
1790938062.520258,1790938062.646487,0.823374,7.033857,1.047676,0.500924,-0.469586,0.529396,-0.498302,-86.719,-3.577,-90.088,0.373713,0.012056,-0.028620,-0.073177,0.087254,-0.181148
1790938062.553609,1790938062.682631,0.835710,7.034058,1.046867,0.502065,-0.469735,0.530571,-0.495756,-86.865,-3.843,-90.248,0.365910,0.014859,-0.018518,-0.087026,0.082994,-0.086336
1790938062.586961,1790938062.718147,0.846639,7.033949,1.046439,0.502349,-0.471033,0.530828,-0.493958,-87.038,-3.898,-90.419,0.353582,0.016421,0.000113,-0.113656,0.095776,0.029779
1790938062.620312,1790938062.743079,0.858649,7.034613,1.046746,0.501788,-0.473151,0.530376,-0.492990,-87.204,-3.770,-90.594,0.341574,0.022182,0.018749,-0.043347,0.078733,0.073457
1790938062.653664,1790938062.774065,0.869804,7.035463,1.047486,0.500450,-0.474093,0.530390,-0.493429,-87.153,-3.612,-90.698,0.327729,0.031036,0.025844,0.102597,0.035054,0.085175
1790938062.687014,1790938062.804194,0.880524,7.036470,1.048160,0.498361,-0.473517,0.531396,-0.495011,-86.851,-3.489,-90.758,0.315336,0.030910,0.014285,0.193146,0.039317,0.024453
1790938062.720366,1790938062.832367,0.890834,7.037453,1.048219,0.496342,-0.472576,0.533357,-0.495829,-86.517,-3.487,-90.895,0.307112,0.020921,-0.010375,0.110052,0.105365,-0.013897
1790938062.753718,1790938062.869736,0.900837,7.038120,1.047462,0.495243,-0.473191,0.534751,-0.494839,-86.459,-3.518,-91.133,0.300008,0.005684,-0.035788,-0.088091,0.139455,-0.022420
1790938062.787070,1790938062.902573,0.910573,7.038259,1.046035,0.495633,-0.475882,0.534608,-0.492015,-86.797,-3.535,-91.409,0.293864,-0.009378,-0.050463,-0.283038,0.141584,-0.009636
1790938062.820422,1790938062.951353,0.920179,7.037909,1.044492,0.496980,-0.480295,0.532727,-0.488396,-87.436,-3.461,-91.663,0.291868,-0.022792,-0.041022,-0.372522,0.127736,0.081978
1790938062.853775,1790938062.986501,0.929606,7.037999,1.043417,0.497634,-0.485246,0.530336,-0.485429,-88.060,-3.252,-91.919,0.293230,-0.033597,-0.014216,-0.260664,0.143714,0.110737
1790938062.887127,1790938063.027091,0.939401,7.036635,1.043278,0.496913,-0.488325,0.529397,-0.484102,-88.323,-3.057,-92.149,0.300749,-0.034866,0.005368,0.004594,0.088318,0.086235
1790938062.920479,1790938063.071379,0.948270,7.036053,1.043337,0.495468,-0.488637,0.529608,-0.485036,-88.193,-2.912,-92.209,0.311385,-0.029526,-0.004117,0.088755,-0.034191,0.071320
1790938062.953827,1790938063.102014,0.960038,7.034654,1.042757,0.495388,-0.488137,0.528615,-0.486702,-88.128,-2.785,-92.032,0.330170,-0.027624,-0.035399,-0.035882,-0.153503,0.063863
1790938062.987164,1790938063.135387,0.971490,7.033582,1.041098,0.497354,-0.488000,0.525604,-0.488093,-88.337,-2.662,-91.653,0.351864,-0.026344,-0.063320,-0.156261,-0.233401,0.085170
1790938063.020502,1790938063.168396,0.983949,7.032491,1.038923,0.499568,-0.488564,0.521499,-0.489670,-88.654,-2.440,-91.222,0.379675,-0.033718,-0.066840,-0.140282,-0.192921,0.176784
1790938063.053840,1790938063.193430,0.996953,7.031488,1.036883,0.500082,-0.489876,0.517729,-0.491830,-88.860,-2.060,-90.920,0.410506,-0.043243,-0.052526,-0.048666,-0.106632,0.209809
1790938063.087177,1790938063.222605,1.010754,7.030262,1.035415,0.499174,-0.491058,0.515490,-0.493920,-88.889,-1.693,-90.787,0.431775,-0.055132,-0.032854,0.000337,-0.022474,0.173587
1790938063.120514,1790938063.266976,1.025298,7.028639,1.034750,0.498433,-0.492379,0.514053,-0.494850,-88.954,-1.440,-90.767,0.437771,-0.065876,-0.006158,-0.093408,-0.017147,0.084101
1790938063.153852,1790938063.298273,1.039304,7.027898,1.035034,0.499542,-0.493921,0.511580,-0.494759,-89.255,-1.282,-90.650,0.438153,-0.069529,0.038796,-0.223375,-0.107700,0.102208
1790938063.187189,1790938063.323020,1.054161,7.025234,1.037399,0.501681,-0.495459,0.507597,-0.495158,-89.675,-1.068,-90.359,0.441347,-0.078347,0.102555,-0.125368,-0.182270,0.112860
1790938063.220526,1790938063.360091,1.069019,7.022479,1.041777,0.501950,-0.494621,0.505530,-0.497832,-89.611,-0.861,-90.024,0.449860,-0.085444,0.158759,0.276247,-0.151376,0.104338
1790938063.253864,1790938063.393145,1.084475,7.019602,1.047384,-0.498608,0.490727,-0.507392,0.503121,-88.788,-0.698,-89.801,0.457563,-0.091899,0.171040,0.566007,-0.070414,0.057465
1790938063.287201,1790938063.430297,1.100473,7.016984,1.052698,-0.493703,0.485928,-0.511552,0.508375,-87.692,-0.633,-89.749,0.462953,-0.093948,0.135243,0.526589,0.002025,-0.001125
1790938063.320539,1790938063.475364,1.116173,7.014043,1.056271,-0.490249,0.481944,-0.515092,0.511925,-86.860,-0.665,-89.724,0.462265,-0.084070,0.076174,0.315661,-0.064021,-0.014974
1790938063.353876,1790938063.512275,1.131393,7.012834,1.057596,-0.489806,0.478776,-0.515886,0.514515,-86.461,-0.727,-89.469,0.452925,-0.064554,0.023428,0.093012,-0.207838,-0.034153
1790938063.387214,1790938063.555562,1.146178,7.010385,1.058008,-0.492039,0.476413,-0.514472,0.515991,-86.453,-0.838,-89.043,0.440961,-0.060470,0.001127,-0.074236,-0.219557,-0.033085
1790938063.420551,1790938063.594045,1.160380,7.008440,1.057549,-0.494744,0.475319,-0.512090,0.516782,-86.640,-0.884,-88.643,0.431706,-0.061611,0.009975,-0.094481,-0.193989,0.006330
1790938063.453888,1790938063.629128,1.174598,7.006361,1.058241,-0.496796,0.474308,-0.509784,0.518021,-86.763,-0.866,-88.263,0.416922,-0.060138,0.030881,-0.008192,-0.213166,0.024441
1790938063.487225,1790938063.656405,1.188130,7.004411,1.059508,-0.497997,0.471748,-0.508339,0.520619,-86.623,-0.865,-87.817,0.396460,-0.051284,0.044901,0.194213,-0.247256,0.006330
1790938063.520563,1790938063.695120,1.200914,7.002867,1.060946,-0.497892,0.467294,-0.508215,0.524841,-86.130,-0.892,-87.323,0.375724,-0.038065,0.040289,0.309265,-0.273888,0.008461
1790938063.553900,1790938063.728806,1.212134,7.000627,1.061537,-0.497865,0.462467,-0.507880,0.529445,-85.611,-0.917,-86.768,0.359214,-0.024207,0.011501,0.194212,-0.311172,-0.005382
1790938063.587236,1790938063.774278,1.223683,6.999982,1.061398,-0.499949,0.459250,-0.505898,0.532172,-85.510,-0.977,-86.197,0.347872,-0.016035,-0.022101,-0.106200,-0.256843,0.016988
1790938063.620573,1790938063.809373,1.233796,6.999164,1.060187,-0.503113,0.459551,-0.502259,0.532378,-85.906,-0.921,-85.808,0.338201,-0.013923,-0.037914,-0.306472,-0.151377,0.064928
1790938063.653910,1790938063.840370,1.246055,6.999065,1.059056,-0.506763,0.461674,-0.497946,0.531130,-86.554,-0.817,-85.537,0.330365,-0.004595,-0.027995,-0.344824,-0.140725,0.060664
1790938063.687248,1790938063.883917,1.256930,6.999142,1.058627,-0.509925,0.463220,-0.494068,0.530377,-87.087,-0.717,-85.259,0.325892,0.002031,0.004637,-0.149875,-0.131137,0.063859
1790938063.720585,1790938063.921312,1.267754,6.999690,1.058988,-0.510742,0.462952,-0.492538,0.531248,-87.155,-0.644,-85.057,0.327090,0.006916,0.024053,0.096208,-0.062961,0.018048
1790938063.753922,1790938063.952567,1.278698,7.000156,1.059625,-0.509779,0.461363,-0.493560,0.532606,-86.873,-0.674,-85.004,0.332951,0.011088,0.011044,0.167582,0.018000,-0.036281
1790938063.787259,1790938063.986232,1.289744,7.000557,1.059460,-0.508227,0.460864,-0.495254,0.532947,-86.639,-0.697,-85.143,0.344182,0.011674,-0.022608,0.039747,0.137314,0.001005
1790938063.820596,1790938064.019905,1.301233,7.001414,1.058078,-0.507237,0.462432,-0.496427,0.531440,-86.690,-0.693,-85.444,0.358361,0.018856,-0.060105,-0.100870,0.161815,-0.041608
1790938063.853933,1790938064.055529,1.313149,7.002257,1.055732,-0.507923,0.464022,-0.497216,0.528653,-86.939,-0.830,-85.703,0.376279,0.031315,-0.075964,-0.143482,0.090441,-0.112982
1790938063.887269,1790938064.091102,1.325866,7.003525,1.053356,-0.509296,0.464234,-0.497939,0.526461,-87.121,-1.054,-85.808,0.398997,0.042186,-0.062645,-0.001798,0.014804,-0.114049
1790938063.920606,1790938064.126674,1.339333,7.005011,1.051560,-0.509259,0.462995,-0.499406,0.526198,-86.985,-1.226,-85.844,0.418454,0.046359,-0.044755,0.126037,0.007348,-0.067175
1790938063.953944,1790938064.163052,1.353396,7.006628,1.050206,-0.508911,0.461629,-0.500766,0.526443,-86.799,-1.355,-85.855,0.431893,0.048908,-0.037402,0.036552,0.006282,-0.066110
1790938063.987283,1790938064.195973,1.367660,7.008352,1.048990,-0.509267,0.462008,-0.501145,0.525404,-86.881,-1.430,-85.939,0.436245,0.045770,-0.035847,-0.157331,0.089375,-0.008584
1790938064.020620,1790938064.232894,1.381914,7.010104,1.047966,-0.510344,0.465324,-0.500292,0.522236,-87.360,-1.411,-86.194,0.436449,0.039040,-0.024123,-0.362932,0.187382,0.003133
1790938064.053959,1790938064.278949,1.396177,7.012234,1.047701,-0.511873,0.470382,-0.499118,0.517309,-88.082,-1.393,-86.603,0.439177,0.036863,0.010273,-0.361866,0.234256,0.003128
1790938064.087297,1790938064.324401,1.409763,7.014781,1.048472,-0.512032,0.474435,-0.499363,0.513198,-88.540,-1.399,-87.070,0.438184,0.037609,0.052484,-0.071039,0.258757,-0.027772
1790938064.120636,1790938064.368874,1.424309,7.016230,1.050721,-0.509088,0.476240,-0.502312,0.511574,-88.392,-1.385,-87.606,0.445056,0.037646,0.079184,0.208066,0.294977,0.028686
1790938064.153974,1790938064.406045,1.438219,7.017068,1.052853,-0.504331,0.476971,-0.506331,0.511642,-87.919,-1.297,-88.151,0.449973,0.042756,0.068701,0.245350,0.276866,0.044672
1790938064.187313,1790938064.438491,1.454299,7.018264,1.054785,-0.499931,0.477853,-0.509958,0.511535,-87.509,-1.204,-88.670,0.456524,0.048530,0.037543,0.139886,0.269411,-0.023505
1790938064.220651,1790938064.481893,1.469510,7.020322,1.055569,-0.498138,0.478751,-0.512887,0.509512,-87.402,-1.325,-89.112,0.457791,0.059743,0.012118,-0.060388,0.155423,-0.108731
1790938064.253989,1790938064.524735,1.483928,7.022713,1.055731,-0.499114,0.479736,-0.513581,0.506925,-87.622,-1.507,-89.302,0.454794,0.067529,0.011621,-0.152002,0.058479,-0.067183
1790938064.287328,1790938064.559947,1.499132,7.024741,1.056478,-0.499522,0.481347,-0.513589,0.504984,-87.846,-1.544,-89.481,0.452870,0.057257,0.031358,-0.057190,0.154357,0.020169
1790938064.320666,1790938064.593679,1.514043,7.026778,1.057850,-0.497592,0.482778,-0.515157,0.503926,-87.784,-1.496,-89.824,0.447993,0.052992,0.048484,0.130300,0.188447,0.009515
1790938064.354005,1790938064.626355,1.528852,7.028689,1.059421,-0.494403,0.482394,-0.518204,0.504308,-87.379,-1.481,-90.142,0.439640,0.056742,0.043020,0.271985,0.143704,-0.033094
1790938064.387343,1790938064.668227,1.543230,7.030591,1.060405,-0.491648,0.480605,-0.522088,0.504704,-86.869,-1.618,-90.408,0.429828,0.051152,0.014341,0.212328,0.150096,-0.117255
1790938064.420681,1790938064.707187,1.555050,7.032141,1.060268,-0.490012,0.479719,-0.525666,0.503422,-86.586,-1.843,-90.740,0.420019,0.038433,-0.017398,0.040819,0.175664,-0.127906
1790938064.454019,1790938064.736958,1.568866,7.033083,1.059393,-0.489893,0.480309,-0.527760,0.500777,-86.637,-2.065,-91.058,0.412682,0.027245,-0.034776,-0.107254,0.125595,-0.118318
1790938064.487357,1790938064.769578,1.582370,7.033872,1.058191,0.491491,-0.481229,0.528151,-0.497908,-86.919,-2.289,-91.207,0.405204,0.018733,-0.035219,-0.192477,0.002021,-0.114058
1790938064.520695,1790938064.805015,1.595839,7.034032,1.057249,0.493982,-0.482415,0.526830,-0.495689,-87.332,-2.420,-91.178,0.399266,0.004254,-0.019773,-0.232958,-0.022480,-0.017114
1790938064.554033,1790938064.839364,1.608985,7.033950,1.056906,0.495873,-0.484291,0.524847,-0.494072,-87.755,-2.405,-91.147,0.395235,-0.009387,-0.000969,-0.190346,-0.013958,0.024431
1790938064.587371,1790938064.878804,1.622008,7.033574,1.057020,0.497113,-0.485180,0.523646,-0.493227,-87.995,-2.408,-91.102,0.392727,-0.016300,0.007326,-0.038009,-0.028872,-0.026702
1790938064.620709,1790938064.916488,1.634891,7.033125,1.057147,0.497443,-0.484675,0.523751,-0.493280,-87.976,-2.459,-91.058,0.393932,-0.026630,-0.001151,0.042952,-0.015023,-0.003267
1790938064.654047,1790938064.954049,1.647983,7.032141,1.056673,0.497418,-0.484400,0.523594,-0.493743,-87.943,-2.439,-91.009,0.398453,-0.035548,-0.027986,-0.036944,-0.033132,0.025494
1790938064.687386,1790938064.989594,1.661341,7.030858,1.055321,0.498065,-0.485307,0.522315,-0.493554,-88.118,-2.364,-90.956,0.408181,-0.044118,-0.051547,-0.133885,-0.011827,0.049994
1790938064.720724,1790938065.022055,1.675063,7.029410,1.053442,0.498655,-0.486998,0.520822,-0.492870,-88.374,-2.256,-90.966,0.423379,-0.049054,-0.057713,-0.109383,0.026521,0.064909
1790938064.754062,1790938065.065702,1.689301,7.027923,1.051662,0.498073,-0.488474,0.520050,-0.492813,-88.473,-2.097,-91.039,0.442206,-0.050982,-0.045253,0.026972,0.062742,0.098997
1790938064.787400,1790938065.105839,1.703077,7.027716,1.049958,0.495644,-0.489228,0.520707,-0.493819,-88.281,-1.891,-91.202,0.459195,-0.054898,-0.033610,0.156939,0.120264,0.111776
1790938064.820738,1790938065.142638,1.718432,7.025229,1.048926,0.492450,-0.489793,0.522083,-0.494999,-87.982,-1.679,-91.429,0.467597,-0.059352,-0.031071,0.123913,0.113874,0.092605
1790938064.854076,1790938065.183564,1.733921,7.023388,1.047784,0.490798,-0.490553,0.522488,-0.495461,-87.882,-1.534,-91.563,0.466121,-0.059500,-0.038594,-0.059317,0.022258,0.072363
1790938064.887414,1790938065.217490,1.749324,7.022222,1.046543,0.491812,-0.492868,0.519904,-0.494876,-88.257,-1.351,-91.515,0.463921,-0.056795,-0.036994,-0.365055,-0.088534,0.103252
1790938064.920751,1790938065.256049,1.765023,7.019551,1.045790,0.495650,-0.496292,0.514330,-0.493447,-89.080,-1.150,-91.243,0.462060,-0.048074,-0.005000,-0.425777,-0.200388,0.112844
1790938064.954089,1790938065.287176,1.780626,7.017590,1.046504,0.499085,-0.497780,0.509178,-0.493829,-89.641,-0.952,-90.808,0.459965,-0.037311,0.048698,-0.089143,-0.240870,0.094737
1790938064.987426,1790938065.327756,1.795686,7.017907,1.048820,0.499304,-0.495576,0.507396,-0.497644,-89.416,-0.771,-90.349,0.455973,-0.025620,0.085610,0.322060,-0.247263,0.065966
1790938065.020764,1790938065.369085,1.809463,7.017577,1.051128,-0.498208,0.490290,-0.508306,0.503019,-88.693,-0.758,-89.858,0.451177,-0.017704,0.079838,0.397693,-0.253658,-0.045889
1790938065.054101,1790938065.417599,1.824154,7.017116,1.053422,-0.497939,0.485266,-0.509771,0.506663,-88.100,-0.913,-89.467,0.454950,-0.027830,0.053606,0.192092,-0.125823,-0.089566
1790938065.087439,1790938065.460275,1.837967,7.014660,1.054448,-0.497752,0.483856,-0.511133,0.506823,-87.922,-1.053,-89.470,0.462401,-0.057201,0.044331,0.024839,0.156478,-0.037358
1790938065.120776,1790938065.496319,1.853649,7.012495,1.056180,-0.495768,0.485201,-0.513613,0.504971,-87.845,-1.102,-89.910,0.463210,-0.076160,0.058516,0.075972,0.265137,-0.028835
1790938065.154114,1790938065.531781,1.869052,7.009944,1.058421,-0.492522,0.486017,-0.516623,0.504291,-87.568,-1.072,-90.357,0.451959,-0.076706,0.074563,0.204873,0.193763,0.057452
1790938065.187451,1790938065.563631,1.883893,7.007277,1.060835,-0.488669,0.485939,-0.519124,0.505546,-87.126,-0.918,-90.645,0.435623,-0.070073,0.067750,0.234702,0.089363,0.069171
1790938065.220788,1790938065.612068,1.898131,7.005036,1.062782,-0.486306,0.484597,-0.520339,0.507857,-86.712,-0.795,-90.640,0.423365,-0.043356,0.049475,0.203808,-0.107714,0.063845
1790938065.254126,1790938065.651643,1.909976,7.002900,1.063179,-0.486046,0.481841,-0.520055,0.511010,-86.378,-0.750,-90.301,0.414719,-0.014847,0.027404,0.148407,-0.224898,-0.021371
1790938065.287463,1790938065.681962,1.923557,7.003476,1.063911,-0.488169,0.478302,-0.519021,0.513356,-86.225,-0.897,-89.789,0.404620,0.011281,0.009832,0.008854,-0.311184,-0.075702
1790938065.320801,1790938065.715605,1.936792,7.004005,1.064219,-0.491611,0.475219,-0.517062,0.514911,-86.274,-1.088,-89.219,0.396323,0.022157,0.010613,-0.040149,-0.274963,-0.088487
1790938065.354137,1790938065.753826,1.949936,7.005048,1.064745,-0.494531,0.473002,-0.515525,0.515696,-86.363,-1.263,-88.796,0.387855,0.025607,0.020871,-0.050802,-0.168434,-0.069312
1790938065.387474,1790938065.789627,1.961475,7.004216,1.065225,-0.496639,0.472072,-0.514356,0.515689,-86.502,-1.376,-88.557,0.381615,0.025323,0.034300,-0.075307,-0.102383,-0.037348
1790938065.420811,1790938065.822859,1.974682,7.005387,1.066665,-0.498144,0.471477,-0.513469,0.515666,-86.609,-1.450,-88.388,0.379848,0.028771,0.049784,-0.004998,-0.064034,-0.027761
1790938065.454149,1790938065.851653,1.987559,7.006599,1.068357,-0.498243,0.470289,-0.514064,0.516062,-86.492,-1.539,-88.330,0.381455,0.030261,0.047690,0.124966,0.002014,-0.071439
1790938065.487486,1790938065.887646,2.000560,7.008607,1.069600,-0.497596,0.468548,-0.516071,0.516267,-86.230,-1.708,-88.379,0.388058,0.033709,0.024249,0.116445,0.031840,-0.094881
1790938065.520823,1790938065.926804,2.013628,7.009099,1.069885,-0.497041,0.467733,-0.517416,0.516194,-86.079,-1.804,-88.451,0.399246,0.035805,-0.007088,0.031220,0.042494,-0.010719
1790938065.554160,1790938065.963046,2.026948,7.010043,1.069139,-0.496655,0.468259,-0.517890,0.515613,-86.091,-1.808,-88.564,0.414292,0.039334,-0.035444,-0.044413,0.071258,-0.020304
1790938065.587497,1790938065.995648,2.041005,7.011809,1.067763,-0.496937,0.468786,-0.518456,0.514293,-86.180,-1.896,-88.688,0.433289,0.048641,-0.042254,-0.025239,0.044626,-0.073572
1790938065.620834,1790938066.032661,2.055622,7.013234,1.066528,-0.496924,0.468148,-0.519617,0.513714,-86.109,-2.031,-88.757,0.451982,0.057975,-0.029977,0.118574,0.017992,-0.078895
1790938065.654171,1790938066.067234,2.070865,7.015676,1.065614,-0.496317,0.466303,-0.521379,0.514193,-85.842,-2.178,-88.770,0.462712,0.068042,-0.026352,0.118575,-0.015030,-0.063983
1790938065.687508,1790938066.106965,2.086196,7.018072,1.064608,-0.496972,0.465500,-0.521657,0.514006,-85.830,-2.290,-88.717,0.463468,0.076461,-0.034556,-0.156269,-0.052315,-0.071441
1790938065.720845,1790938066.135301,2.101385,7.020195,1.063588,-0.500198,0.467004,-0.519895,0.511291,-86.361,-2.439,-88.667,0.467423,0.075363,-0.021397,-0.384242,0.019059,-0.077830
1790938065.754182,1790938066.164718,2.116822,7.022743,1.063620,-0.502906,0.470213,-0.518574,0.507016,-87.018,-2.566,-88.855,0.473392,0.064055,0.026869,-0.237230,0.175656,-0.044807
1790938065.787518,1790938066.205940,2.132624,7.025158,1.065237,-0.501322,0.472612,-0.520213,0.504672,-87.095,-2.554,-89.310,0.476121,0.058973,0.068325,0.146274,0.289644,0.047872
1790938065.820855,1790938066.245126,2.146398,7.025295,1.067111,-0.496235,0.474068,-0.523792,0.504631,-86.671,-2.372,-89.897,0.475790,0.054944,0.065682,0.227235,0.329063,0.081967
1790938065.854192,1790938066.279403,2.162347,7.026934,1.068897,-0.491481,0.475970,-0.527039,0.504112,-86.340,-2.188,-90.495,0.477265,0.057944,0.038044,0.082355,0.291778,0.072378
1790938065.887529,1790938066.319229,2.178274,7.029189,1.069778,-0.488518,0.478059,-0.528866,0.503101,-86.235,-2.046,-90.945,0.479817,0.070521,0.018925,0.044004,0.190573,0.046810
1790938065.920866,1790938066.353635,2.190624,7.031216,1.070206,-0.486217,0.478966,-0.530680,0.502557,-86.077,-1.985,-91.265,0.481406,0.079406,0.019556,0.102599,0.135182,-0.032018
1790938065.954203,1790938066.381415,2.207790,7.033877,1.070848,-0.485152,0.478407,-0.532559,0.502131,-85.897,-2.080,-91.433,0.481268,0.089185,0.016066,0.055724,0.031848,-0.061845
1790938065.987574,1790938066.410270,2.223922,7.036712,1.071298,-0.485326,0.478164,-0.533007,0.501718,-85.889,-2.152,-91.461,0.475101,0.087169,0.011179,-0.042281,0.016934,0.001006
1790938066.020980,1790938066.438918,2.239524,7.039567,1.071678,-0.485182,0.479293,-0.532723,0.501082,-85.998,-2.098,-91.550,0.464147,0.077572,0.012226,-0.066782,0.075525,0.043616
1790938066.054387,1790938066.467621,2.254694,7.042211,1.072176,-0.484378,0.480775,-0.532465,0.500714,-86.072,-1.970,-91.682,0.448369,0.074288,0.019373,-0.000733,0.070200,0.080902
1790938066.087795,1790938066.495447,2.269421,7.044743,1.072881,-0.482761,0.481267,-0.532835,0.501408,-85.947,-1.825,-91.781,0.434041,0.071883,0.022782,0.143080,0.054220,0.030833
1790938066.121202,1790938066.536523,2.283699,7.047088,1.073477,-0.480514,0.480299,-0.534852,0.502346,-85.591,-1.803,-91.921,0.421017,0.063831,0.011885,0.210193,0.102159,-0.009646
1790938066.154610,1790938066.569713,2.294338,7.048792,1.073196,-0.478233,0.479571,-0.537482,0.502412,-85.259,-1.845,-92.165,0.405447,0.049934,-0.013822,0.091947,0.141578,-0.044802
1790938066.188018,1790938066.600737,2.307197,7.050114,1.072362,-0.477334,0.480401,-0.539066,0.500775,-85.252,-1.919,-92.452,0.392984,0.036213,-0.038330,-0.108327,0.126663,-0.055453
1790938066.221427,1790938066.631187,2.319855,7.051175,1.070906,0.478549,-0.482195,0.538875,-0.498089,-85.583,-2.029,-92.627,0.380566,0.029063,-0.044487,-0.251075,0.027592,-0.074629
1790938066.254835,1790938066.662800,2.332219,7.051960,1.069701,0.481347,-0.483955,0.537359,-0.495316,-86.087,-2.172,-92.635,0.373573,0.020283,-0.022409,-0.235096,-0.011823,-0.073565
1790938066.288245,1790938066.695151,2.344458,7.052450,1.069540,0.483179,-0.484711,0.536617,-0.493595,-86.374,-2.296,-92.627,0.369430,0.011932,0.013379,-0.045473,-0.017149,-0.051193
1790938066.321655,1790938066.730487,2.356426,7.052995,1.070291,0.483489,-0.484054,0.536730,-0.493813,-86.336,-2.347,-92.568,0.366413,0.009696,0.028842,0.080230,-0.050173,-0.004320
1790938066.355065,1790938066.766774,2.368459,7.053213,1.071137,0.483182,-0.483065,0.536746,-0.495063,-86.192,-2.315,-92.461,0.365420,0.004909,0.020357,0.051467,-0.051239,0.036160
1790938066.388476,1790938066.805481,2.380541,7.053263,1.071484,0.483345,-0.482623,0.536087,-0.496047,-86.161,-2.259,-92.330,0.369015,0.004211,0.000140,-0.017775,-0.088524,0.030833
1790938066.421888,1790938066.848550,2.392912,7.053006,1.071161,0.484439,-0.482230,0.534663,-0.496899,-86.239,-2.223,-92.112,0.374075,0.006473,-0.018176,-0.047603,-0.140724,0.020181
1790938066.455299,1790938066.886663,2.405145,7.053467,1.070340,0.485981,-0.481456,0.533087,-0.497836,-86.325,-2.222,-91.833,0.385054,0.005772,-0.029564,-0.032688,-0.130070,0.009527
1790938066.488711,1790938066.923228,2.417792,7.053551,1.069252,0.486819,-0.481371,0.531827,-0.498447,-86.410,-2.174,-91.670,0.399995,-0.005495,-0.031503,-0.047602,-0.011823,0.060661
1790938066.522124,1790938066.958789,2.430897,7.053356,1.068371,0.486152,-0.482523,0.531442,-0.498395,-86.463,-2.049,-91.750,0.414922,-0.019365,-0.015533,0.002467,0.092574,0.067052
1790938066.555537,1790938066.992811,2.444489,7.052756,1.068211,0.484587,-0.483232,0.531795,-0.498856,-86.367,-1.907,-91.871,0.423960,-0.021158,0.009618,0.093014,0.015874,0.071314
1790938066.588950,1790938067.025677,2.458547,7.051322,1.068847,-0.483206,0.482501,-0.531700,0.500998,-86.133,-1.741,-91.779,0.423274,-0.024208,0.028261,0.131366,-0.089589,0.101144
1790938066.622364,1790938067.061021,2.472533,7.050163,1.069871,-0.482876,0.481848,-0.530392,0.503327,-86.024,-1.557,-91.547,0.418210,-0.032780,0.031613,-0.056124,-0.137528,0.127776
1790938066.655778,1790938067.093092,2.486420,7.048895,1.071135,-0.484381,0.482941,-0.526787,0.504617,-86.313,-1.314,-91.231,0.419275,-0.038152,0.043991,-0.205265,-0.169487,0.144820
1790938066.689192,1790938067.132832,2.500212,7.047562,1.073020,-0.486189,0.483760,-0.523213,0.505811,-86.606,-1.110,-90.891,0.419052,-0.038014,0.067135,-0.036949,-0.171616,0.063858
1790938066.722606,1790938067.177473,2.513871,7.046984,1.075475,-0.487244,0.481740,-0.521901,0.508074,-86.500,-1.093,-90.511,0.417989,-0.032022,0.076977,0.142019,-0.236601,-0.013909
1790938066.756022,1790938067.216137,2.524518,7.044856,1.077194,-0.488468,0.478095,-0.521294,0.510956,-86.235,-1.186,-90.037,0.419347,-0.036092,0.058951,0.107931,-0.250447,-0.068239
1790938066.789438,1790938067.250754,2.537046,7.043398,1.078762,-0.490508,0.475563,-0.520585,0.512087,-86.187,-1.355,-89.676,0.422277,-0.054769,0.031997,-0.051862,-0.104501,-0.059716
1790938066.822854,1790938067.293003,2.550377,7.042629,1.079651,-0.491653,0.475855,-0.520070,0.511240,-86.348,-1.423,-89.646,0.427625,-0.076625,0.023280,-0.094472,0.077660,0.009520
1790938066.856271,1790938067.337014,2.561735,7.038166,1.080087,-0.490531,0.477910,-0.520343,0.510122,-86.447,-1.312,-89.903,0.430429,-0.092708,0.034389,-0.000726,0.179936,0.094753
1790938066.889688,1790938067.372870,2.575234,7.035446,1.081409,-0.487794,0.479901,-0.521173,0.510030,-86.358,-1.084,-90.221,0.430602,-0.091710,0.042172,0.074908,0.142649,0.103273
1790938066.923105,1790938067.409474,2.589034,7.033623,1.082799,-0.485767,0.480666,-0.521782,0.510622,-86.216,-0.920,-90.378,0.426513,-0.077857,0.038185,0.055733,0.008418,0.053199
1790938066.956523,1790938067.440653,2.602600,7.029841,1.083852,-0.485984,0.479870,-0.521248,0.511707,-86.153,-0.890,-90.226,0.419992,-0.058282,0.028390,0.009927,-0.165220,-0.016039
1790938066.989901,1790938067.478180,2.615912,7.027010,1.084681,-0.488419,0.477598,-0.519676,0.513112,-86.175,-1.004,-89.789,0.414046,-0.046511,0.026871,-0.008183,-0.278140,-0.077822
1790938067.023235,1790938067.514545,2.629031,7.025197,1.085602,-0.491492,0.474079,-0.518380,0.514749,-86.136,-1.232,-89.251,0.409161,-0.041883,0.028564,0.072778,-0.287729,-0.109780
1790938067.056570,1790938067.547435,2.642024,7.024176,1.086397,-0.493513,0.470172,-0.517862,0.516917,-85.941,-1.436,-88.767,0.403116,-0.042068,0.015591,0.123914,-0.216355,-0.067170
1790938067.089904,1790938067.581770,2.654982,7.022673,1.086526,-0.494600,0.467473,-0.517834,0.518351,-85.773,-1.582,-88.473,0.399284,-0.046433,-0.005640,0.040821,-0.100239,-0.053321
1790938067.123238,1790938067.615467,2.667936,7.021221,1.086153,-0.495184,0.466527,-0.517526,0.518952,-85.738,-1.623,-88.335,0.395704,-0.045343,-0.015910,0.001408,-0.066149,0.011659
1790938067.156572,1790938067.658721,2.680648,7.019733,1.085466,-0.495862,0.466130,-0.516501,0.519684,-85.772,-1.590,-88.171,0.389208,-0.035688,-0.022600,-0.044399,-0.108762,0.030835
1790938067.189906,1790938067.696729,2.686509,7.016427,1.084264,-0.497498,0.466031,-0.514414,0.520278,-85.949,-1.542,-87.914,0.379324,-0.027157,-0.020073,-0.139207,-0.150301,0.023384
1790938067.223240,1790938067.731233,2.697248,7.015647,1.083882,-0.499854,0.466121,-0.512068,0.520254,-86.228,-1.542,-87.647,0.377272,-0.020031,0.001535,-0.124292,-0.110885,0.001015
1790938067.256575,1790938067.767961,2.708897,7.014842,1.084361,-0.501203,0.465895,-0.510989,0.520219,-86.359,-1.575,-87.496,0.375989,-0.014365,0.030633,0.012063,-0.049099,-0.027748
1790938067.289909,1790938067.805274,2.721124,7.014360,1.085659,-0.500964,0.464760,-0.511571,0.520893,-86.210,-1.626,-87.443,0.377585,-0.011591,0.046464,0.129247,-0.002226,-0.004309
1790938067.323243,1790938067.841159,2.733643,7.014085,1.087116,-0.499637,0.463966,-0.512699,0.521765,-85.973,-1.614,-87.491,0.382752,-0.012792,0.039279,0.102615,0.061691,-0.003245
1790938067.356577,1790938067.877390,2.746302,7.013618,1.088147,-0.498176,0.464099,-0.514262,0.521505,-85.820,-1.623,-87.690,0.390801,-0.012744,0.023900,0.060003,0.133064,-0.006441
1790938067.389911,1790938067.909949,2.760115,7.013899,1.088749,-0.496456,0.464699,-0.515931,0.520962,-85.687,-1.610,-87.951,0.398042,-0.003870,0.005894,0.079178,0.127741,0.006339
1790938067.423245,1790938067.947301,2.773564,7.013641,1.088482,-0.495091,0.464961,-0.517494,0.520477,-85.560,-1.628,-88.164,0.404905,0.005577,-0.016007,0.031239,0.084062,-0.058641
1790938067.456579,1790938067.983808,2.786693,7.013604,1.087706,-0.495202,0.464659,-0.518677,0.519462,-85.540,-1.774,-88.273,0.414013,0.014831,-0.024916,0.003543,0.019080,-0.092729
1790938067.489913,1790938068.014170,2.800130,7.014053,1.086916,-0.495404,0.463947,-0.519696,0.518888,-85.486,-1.917,-88.318,0.422567,0.017734,-0.018289,0.063199,0.042517,-0.062901
1790938067.523247,1790938068.048846,2.813853,7.014618,1.086350,-0.494521,0.463549,-0.521617,0.518157,-85.343,-2.036,-88.505,0.424291,0.014205,-0.014674,0.052545,0.149046,-0.083142
1790938067.556581,1790938068.085550,2.827391,7.015169,1.085772,-0.494141,0.464498,-0.523564,0.515701,-85.400,-2.197,-88.839,0.416710,0.015028,-0.017523,-0.175426,0.177809,-0.111905
1790938067.589914,1790938068.121468,2.840648,7.015654,1.085425,-0.495416,0.467679,-0.524060,0.511078,-85.886,-2.362,-89.239,0.415786,0.009216,0.003282,-0.326696,0.251314,-0.079946
1790938067.623247,1790938068.156560,2.854379,7.016097,1.086281,-0.495385,0.471934,-0.525079,0.506127,-86.342,-2.437,-89.820,0.415932,0.004041,0.048854,-0.101919,0.335473,-0.039466
1790938067.656581,1790938068.201740,2.868513,7.017429,1.088447,-0.492321,0.473825,-0.528346,0.503945,-86.200,-2.445,-90.420,0.412193,0.016527,0.077124,0.217668,0.264096,0.005272
1790938067.689915,1790938068.244582,2.876034,7.015064,1.089820,-0.488046,0.473847,-0.531842,0.504405,-85.720,-2.356,-90.847,0.408911,0.026946,0.067061,0.220865,0.176750,0.036172
1790938067.723248,1790938068.278170,2.886933,7.015804,1.091578,-0.485562,0.473683,-0.533897,0.504784,-85.425,-2.308,-91.081,0.408705,0.043189,0.034615,0.068528,0.053176,-0.008568
1790938067.756582,1790938068.323114,2.899957,7.017611,1.092218,-0.485903,0.473172,-0.534096,0.504725,-85.407,-2.372,-91.049,0.410165,0.062258,0.007435,-0.049717,-0.094900,-0.052245
1790938067.789916,1790938068.360849,2.903178,7.019495,1.090733,-0.488189,0.472228,-0.533090,0.504468,-85.560,-2.525,-90.824,0.408002,0.071286,0.002012,-0.098720,-0.139636,-0.096986
1790938067.823249,1790938068.387396,2.917439,7.021932,1.091132,-0.490878,0.471247,-0.532186,0.503730,-85.755,-2.735,-90.607,0.409058,0.070455,0.016123,-0.090197,-0.093829,-0.090594
1790938067.856582,1790938068.418388,2.931025,7.023785,1.091955,-0.492154,0.471016,-0.531796,0.503111,-85.874,-2.838,-90.535,0.404807,0.059245,0.040135,-0.010301,0.026547,0.014868
1790938067.889916,1790938068.444605,2.944475,7.025894,1.093562,-0.490843,0.471719,-0.532202,0.503304,-85.803,-2.729,-90.661,0.396138,0.049290,0.057051,0.082379,0.106444,0.087308
1790938067.923249,1790938068.471470,2.957634,7.027740,1.095476,-0.488513,0.472242,-0.533032,0.504201,-85.598,-2.555,-90.819,0.385390,0.048795,0.057935,0.119665,0.052114,0.077720
1790938067.956583,1790938068.498112,2.970452,7.029365,1.097256,-0.486657,0.471876,-0.533714,0.505616,-85.350,-2.424,-90.862,0.376555,0.047267,0.049111,0.139905,0.012699,0.057480
1790938067.989918,1790938068.531056,2.983034,7.030771,1.098728,-0.484851,0.471328,-0.534450,0.507083,-85.089,-2.307,-90.893,0.370106,0.036886,0.038598,0.128187,0.039331,0.068133
1790938068.023251,1790938068.560578,2.995250,7.031884,1.099828,-0.482542,0.471179,-0.535640,0.508167,-84.816,-2.181,-91.023,0.361415,0.021081,0.027007,0.152688,0.097922,0.035108
1790938068.056585,1790938068.590904,3.006899,7.032485,1.100431,-0.480514,0.470724,-0.537641,0.508397,-84.542,-2.181,-91.220,0.349500,0.008673,0.010980,0.099424,0.098988,-0.043722
1790938068.089919,1790938068.618950,3.017967,7.032587,1.100511,-0.479520,0.470817,-0.539088,0.507716,-84.442,-2.231,-91.409,0.338710,-0.003484,-0.003317,-0.022019,0.093662,-0.013894
1790938068.123253,1790938068.646958,3.028407,7.032270,1.100240,-0.479465,0.472215,-0.539261,0.506285,-84.588,-2.233,-91.581,0.327128,-0.012310,-0.007668,-0.138136,0.071290,-0.010698
1790938068.156587,1790938068.674837,3.038441,7.031826,1.100092,-0.480392,0.474163,-0.538283,0.504624,-84.902,-2.214,-91.672,0.317794,-0.017112,0.004117,-0.181812,0.024418,0.040434
1790938068.189921,1790938068.702360,3.048396,7.031220,1.100525,-0.481119,0.476040,-0.536691,0.503859,-85.188,-2.104,-91.680,0.311847,-0.020748,0.024908,-0.092327,-0.019259,0.070262
1790938068.223256,1790938068.728593,3.058371,7.030645,1.101490,-0.481362,0.476293,-0.535346,0.504817,-85.244,-1.978,-91.542,0.306313,-0.015937,0.033707,0.045095,-0.122591,0.079851
1790938068.256590,1790938068.755584,3.068570,7.030410,1.102437,-0.481753,0.474945,-0.533938,0.507200,-85.140,-1.872,-91.223,0.304419,-0.013049,0.019340,0.046159,-0.195033,0.052152
1790938068.289923,1790938068.782324,3.078558,7.030220,1.102695,-0.482975,0.473464,-0.532094,0.509355,-85.114,-1.814,-90.836,0.307602,-0.015034,-0.004817,-0.013496,-0.186510,0.051087
1790938068.323257,1790938068.809120,3.088667,7.030607,1.102431,-0.483953,0.473048,-0.529967,0.511030,-85.178,-1.689,-90.532,0.315104,-0.023678,-0.018351,-0.039063,-0.109808,0.119263
1790938068.356591,1790938068.836404,3.098628,7.029946,1.101764,-0.483711,0.473754,-0.528087,0.512548,-85.228,-1.446,-90.380,0.327603,-0.037266,-0.014697,0.003550,-0.024583,0.138438
1790938068.389925,1790938068.865708,3.109000,7.028715,1.101507,-0.481985,0.474326,-0.527396,0.514354,-85.099,-1.172,-90.359,0.340034,-0.051437,0.005030,0.165475,0.029743,0.159745
1790938068.423259,1790938068.895470,3.119791,7.026923,1.101800,-0.478217,0.474119,-0.528100,0.517330,-84.661,-0.833,-90.422,0.342218,-0.062039,0.014787,0.256024,0.062768,0.173592
1790938068.456592,1790938068.934448,3.130941,7.024523,1.102098,-0.475328,0.474245,-0.528262,0.519706,-84.358,-0.531,-90.455,0.339416,-0.064960,0.003807,-0.013495,-0.024584,0.141634
1790938068.489925,1790938068.965867,3.135016,7.021642,1.100014,-0.476635,0.475708,-0.525339,0.520134,-84.661,-0.340,-90.261,0.337057,-0.064991,-0.001204,-0.291538,-0.184375,0.097957
1790938068.523259,1790938068.992220,3.144051,7.018871,1.100533,-0.480951,0.476731,-0.520436,0.520154,-85.249,-0.267,-89.785,0.337954,-0.069588,0.023250,-0.261709,-0.291969,-0.007506
1790938068.556592,1790938069.020090,3.154179,7.016346,1.101833,-0.484825,0.474843,-0.517437,0.521275,-85.472,-0.383,-89.223,0.337337,-0.075632,0.056994,0.078119,-0.293035,-0.063966
1790938068.589926,1790938069.059922,3.165020,7.014244,1.103949,-0.486149,0.470308,-0.517468,0.524115,-85.127,-0.581,-88.735,0.336674,-0.084178,0.066638,0.267742,-0.201420,-0.090599
1790938068.623260,1790938069.104824,3.173651,7.010147,1.104341,-0.485873,0.465933,-0.519416,0.526346,-84.625,-0.817,-88.497,0.336273,-0.095456,0.041888,0.231524,-0.068253,-0.163039
1790938068.656593,1790938069.139621,3.173686,7.006582,1.105001,-0.485913,0.462861,-0.522204,0.526261,-84.300,-1.164,-88.503,0.328832,-0.099878,0.008382,0.084515,0.038276,-0.181148
1790938068.689926,1790938069.181141,3.181935,7.003214,1.104795,-0.486337,0.462045,-0.524079,0.524721,-84.260,-1.425,-88.641,0.323421,-0.098802,-0.012610,-0.066753,0.077692,-0.084205
1790938068.723260,1790938069.218081,3.182933,6.999927,1.102684,-0.486928,0.463526,-0.524135,0.522807,-84.484,-1.476,-88.805,0.310068,-0.096011,-0.015558,-0.154105,0.089413,0.019127
1790938068.756593,1790938069.254117,3.191070,6.996732,1.102407,-0.486878,0.465624,-0.523496,0.521628,-84.703,-1.375,-88.952,0.296183,-0.087849,-0.004182,-0.051835,0.041476,0.042563
1790938068.789926,1790938069.288983,3.199708,6.993925,1.102369,-0.486856,0.465770,-0.523063,0.521953,-84.716,-1.323,-88.915,0.279793,-0.071306,0.005389,0.028061,-0.098077,0.026584
1790938068.823260,1790938069.324341,3.207735,6.991535,1.102483,-0.487812,0.464254,-0.521820,0.523653,-84.661,-1.311,-88.605,0.264745,-0.056626,0.003236,0.025930,-0.218456,0.007410
1790938068.856593,1790938069.359447,3.215518,6.989581,1.102464,-0.489773,0.462222,-0.519762,0.525662,-84.666,-1.329,-88.143,0.252859,-0.049791,-0.003082,-0.033725,-0.249348,0.019128
1790938068.889926,1790938069.395168,3.223424,6.987840,1.102415,-0.492092,0.460803,-0.517464,0.527008,-84.777,-1.352,-87.719,0.245779,-0.051046,0.000692,-0.055030,-0.177975,-0.003242
1790938068.923258,1790938069.433508,3.231126,6.986114,1.102619,-0.493377,0.459836,-0.516462,0.527633,-84.820,-1.397,-87.498,0.240696,-0.055128,0.013514,0.030193,-0.041616,-0.010700
1790938068.956591,1790938069.468141,3.238461,6.984368,1.103179,-0.492792,0.459432,-0.516979,0.528025,-84.711,-1.395,-87.517,0.231378,-0.054545,0.022803,0.077066,0.042540,0.021257
1790938068.989925,1790938069.497647,3.246817,6.982971,1.103950,-0.491558,0.459450,-0.517318,0.528827,-84.573,-1.298,-87.559,0.221899,-0.042717,0.020210,0.056825,-0.012853,0.067065
1790938069.023257,1790938069.527166,3.253595,6.981760,1.104397,-0.491721,0.458986,-0.516502,0.529875,-84.543,-1.234,-87.414,0.210162,-0.023603,0.009362,-0.034789,-0.142819,0.008474
1790938069.056588,1790938069.559023,3.259469,6.981072,1.104565,-0.494030,0.457919,-0.514408,0.530687,-84.692,-1.275,-87.054,0.199065,-0.006024,0.004594,-0.110424,-0.223783,-0.009633
1790938069.089920,1790938069.599960,3.265121,6.981088,1.104721,-0.497069,0.456878,-0.511901,0.531170,-84.929,-1.349,-86.649,0.190099,0.002349,0.008176,-0.120012,-0.185431,-0.013895
1790938069.123251,1790938069.641453,3.263347,6.981329,1.103699,-0.499170,0.456602,-0.509942,0.531323,-85.141,-1.369,-86.390,0.181287,0.003010,0.014660,-0.093376,-0.073573,0.014866
1790938069.156583,1790938069.685583,3.267366,6.981649,1.104377,-0.499768,0.457384,-0.509160,0.530837,-85.291,-1.337,-86.381,0.178811,-0.003793,0.018604,-0.069939,0.087284,0.016997
1790938069.189914,1790938069.721277,3.272474,6.981690,1.104927,-0.499069,0.459270,-0.509743,0.529305,-85.410,-1.295,-86.647,0.177448,-0.011831,0.016536,-0.060352,0.190618,0.014865
1790938069.223245,1790938069.754955,3.277859,6.981638,1.105331,-0.497524,0.461766,-0.510999,0.527373,-85.498,-1.228,-87.058,0.177286,-0.015235,0.007884,-0.042242,0.237492,0.013800
1790938069.256576,1790938069.788942,3.282852,6.981024,1.105251,-0.495641,0.464373,-0.512731,0.525171,-85.560,-1.175,-87.539,0.179732,-0.014308,-0.009605,-0.039046,0.276907,-0.002178
1790938069.289908,1790938069.820666,3.288206,6.980738,1.104507,-0.493730,0.467258,-0.515001,0.522183,-85.652,-1.178,-88.115,0.186117,-0.013525,-0.030819,-0.073134,0.318454,-0.046920
1790938069.323239,1790938069.861714,3.293835,6.980580,1.103095,-0.492185,0.470324,-0.517359,0.518545,-85.807,-1.232,-88.724,0.193847,-0.008078,-0.047573,-0.104028,0.297148,-0.062900
1790938069.356569,1790938069.899448,3.286608,6.981819,1.099388,-0.491030,0.473222,-0.519294,0.515058,-85.991,-1.290,-89.267,0.197356,-0.001728,-0.053067,-0.090175,0.258799,-0.030942
1790938069.389899,1790938069.928059,3.293632,6.981574,1.097771,-0.489846,0.475766,-0.520978,0.512132,-86.135,-1.323,-89.745,0.208502,0.000516,-0.050964,-0.065675,0.242821,-0.058638
1790938069.423230,1790938069.964735,3.300096,6.981662,1.096111,-0.488815,0.477737,-0.523307,0.508898,-86.234,-1.453,-90.239,0.216939,-0.000095,-0.042209,-0.047564,0.267322,-0.094859
1790938069.456561,1790938070.000761,3.292272,6.983833,1.093184,-0.487224,0.479868,-0.525859,0.505778,-86.290,-1.548,-90.780,0.214855,0.001001,-0.025949,-0.035842,0.288629,-0.026680
1790938069.489892,1790938070.029980,3.305310,6.983287,1.092822,-0.485131,0.482522,-0.528055,0.502970,-86.350,-1.545,-91.338,0.222280,0.001223,-0.006778,-0.030519,0.295022,-0.017092
1790938069.523222,1790938070.071743,3.312880,6.983374,1.092813,-0.482780,0.485266,-0.530357,0.500162,-86.394,-1.528,-91.922,0.219155,0.003474,0.006923,-0.034780,0.324850,-0.001112
1790938069.556553,1790938070.108547,3.313666,6.984182,1.091890,0.480115,-0.488897,0.532701,-0.496688,-86.505,-1.482,-92.613,0.208294,0.003582,0.013003,-0.120004,0.412205,0.009540
1790938069.589883,1790938070.151175,3.320928,6.984237,1.092649,0.477476,-0.494027,0.534773,-0.491907,-86.794,-1.413,-93.446,0.205915,0.001490,0.026479,-0.190312,0.450558,0.021257
1790938069.623213,1790938070.193845,3.319362,6.985920,1.092784,0.474598,-0.499124,0.536754,-0.487368,-87.061,-1.316,-94.271,0.199539,0.006190,0.047195,-0.070998,0.401556,0.029780
1790938069.656544,1790938070.235882,3.329624,6.985742,1.094630,0.470877,-0.501833,0.539838,-0.484781,-86.968,-1.251,-94.965,0.200362,0.014918,0.054799,0.163365,0.316331,-0.002176
1790938069.689874,1790938070.276453,3.329686,6.986515,1.095576,0.467131,-0.502105,0.543622,-0.483895,-86.596,-1.258,-95.468,0.193191,0.028148,0.037717,0.177216,0.197020,-0.042655
1790938069.723204,1790938070.307776,3.335947,6.987421,1.096475,0.465045,-0.501969,0.546169,-0.483177,-86.357,-1.313,-95.772,0.193328,0.034847,0.014001,0.054707,0.132036,-0.034133
1790938069.756534,1790938070.347433,3.342411,6.988555,1.096636,0.464130,-0.502939,0.547157,-0.481928,-86.371,-1.326,-96.009,0.193430,0.035829,-0.001774,-0.077389,0.114992,-0.012825
1790938069.789863,1790938070.381911,3.344533,6.990111,1.095750,0.464378,-0.504517,0.546879,-0.480352,-86.580,-1.331,-96.157,0.186274,0.041291,-0.004214,-0.129589,0.026571,0.001025
1790938069.823193,1790938070.406919,3.350463,6.991583,1.095873,0.465062,-0.505721,0.546054,-0.479363,-86.793,-1.321,-96.193,0.177629,0.037113,0.010720,-0.079520,0.039356,0.014872
1790938069.856523,1790938070.431168,3.356105,6.992688,1.096535,0.464240,-0.507017,0.546247,-0.478570,-86.856,-1.255,-96.369,0.166654,0.022348,0.029933,0.016356,0.161864,0.041504
1790938069.889852,1790938070.456574,3.361598,6.993301,1.097708,0.461384,-0.508716,0.547996,-0.477527,-86.751,-1.136,-96.789,0.156052,0.007934,0.039019,0.081338,0.289700,0.059615
1790938069.923182,1790938070.481498,3.366743,6.993480,1.098963,0.457201,-0.510997,0.550752,-0.475943,-86.577,-0.985,-97.407,0.146767,-0.001808,0.035212,0.079208,0.356813,0.062810
1790938069.956511,1790938070.523858,3.371653,6.993374,1.099988,0.452908,-0.513795,0.553396,-0.473964,-86.458,-0.816,-98.076,0.141339,-0.004589,0.026805,0.027007,0.333377,0.055353
1790938069.989842,1790938070.558186,3.366501,6.994688,1.099786,0.449794,-0.516334,0.555432,-0.471783,-86.435,-0.714,-98.640,0.130611,-0.000720,0.020250,-0.006014,0.251349,0.017003
1790938070.023177,1790938070.586785,3.375933,6.993861,1.100556,0.447796,-0.518231,0.556952,-0.469808,-86.455,-0.680,-99.064,0.131724,-0.001141,0.019517,-0.003885,0.191693,-0.003234
1790938070.056511,1790938070.625599,3.380371,6.993789,1.101225,0.446164,-0.519473,0.558368,-0.468307,-86.435,-0.670,-99.396,0.128049,-0.002196,0.021565,0.019549,0.166126,-0.012821
1790938070.089845,1790938070.660038,3.382686,6.994505,1.101321,0.444798,-0.520381,0.559876,-0.466795,-86.404,-0.701,-99.702,0.121255,-0.002076,0.018907,0.019545,0.146950,-0.027735
1790938070.123178,1790938070.684466,3.386573,6.994406,1.101962,0.443754,-0.521079,0.561337,-0.465252,-86.381,-0.764,-99.977,0.114584,-0.004118,0.016009,-0.006020,0.144819,-0.056498
1790938070.156512,1790938070.710353,3.390342,6.994087,1.102523,0.442623,-0.521988,0.563157,-0.463106,-86.375,-0.863,-100.326,0.108700,-0.012629,0.018878,0.012088,0.215130,-0.071412
1790938070.189846,1790938070.734442,3.393885,6.993553,1.103178,0.440974,-0.522997,0.565580,-0.460581,-86.328,-0.977,-100.768,0.099889,-0.015897,0.020783,0.036590,0.230043,-0.071412
1790938070.223180,1790938070.777663,3.397320,6.992876,1.103841,0.438907,-0.524018,0.568049,-0.458352,-86.242,-1.047,-101.220,0.093290,-0.017322,0.017856,0.035524,0.244957,-0.038386
1790938070.256512,1790938070.815004,3.394694,6.993094,1.103627,0.436783,-0.525658,0.570227,-0.455791,-86.226,-1.086,-101.712,0.080743,-0.016827,0.008115,-0.029457,0.268397,-0.041580
1790938070.289846,1790938070.850536,3.400848,6.991446,1.103872,0.434814,-0.528047,0.572095,-0.452561,-86.318,-1.121,-102.257,0.081316,-0.017707,0.001795,-0.067811,0.300354,-0.033055
1790938070.323180,1790938070.910549,3.403388,6.991093,1.103902,0.432932,-0.530611,0.573913,-0.449051,-86.442,-1.168,-102.820,0.079534,-0.011816,0.000888,-0.066744,0.280112,-0.049036
1790938070.356513,1790938070.957420,3.405213,6.990045,1.103392,0.431237,-0.532730,0.575733,-0.445831,-86.533,-1.234,-103.332,0.079034,-0.007405,0.003011,-0.027331,0.255611,-0.055421
1790938070.389846,1790938070.987166,3.407873,6.989996,1.103607,0.429446,-0.534352,0.577941,-0.442751,-86.554,-1.330,-103.837,0.079826,-0.005057,0.006027,-0.013484,0.280112,-0.071402
1790938070.423180,1790938071.029964,3.410327,6.989801,1.103834,0.427319,-0.536108,0.580602,-0.439190,-86.561,-1.450,-104.424,0.080072,-0.003206,0.008431,-0.008157,0.319528,-0.089511
1790938070.456513,1790938071.069105,3.411516,6.989624,1.103578,0.425050,-0.537984,0.583413,-0.435356,-86.570,-1.578,-105.052,0.078393,0.001568,0.009388,-0.002833,0.324855,-0.080984
1790938070.489846,1790938071.101129,3.415081,6.989431,1.103995,0.422361,-0.539967,0.586237,-0.431709,-86.553,-1.661,-105.699,0.078697,0.004108,0.008688,-0.004964,0.350421,-0.049026
1790938070.523180,1790938071.141619,3.417637,6.989633,1.104229,0.419516,-0.542280,0.589001,-0.427804,-86.566,-1.731,-106.386,0.076777,0.008022,0.006304,-0.031596,0.363204,-0.062875
1790938070.556513,1790938071.179230,3.419329,6.989229,1.103905,0.416544,-0.544977,0.591612,-0.423658,-86.617,-1.782,-107.107,0.074743,0.007521,0.007629,-0.023077,0.391965,-0.047955
1790938070.589846,1790938071.222083,3.421759,6.989650,1.104275,0.413017,-0.547599,0.594721,-0.419355,-86.610,-1.833,-107.895,0.072128,0.006306,0.010426,0.002491,0.435644,-0.067130
1790938070.623179,1790938071.259236,3.422943,6.989449,1.104114,0.409236,-0.550183,0.598282,-0.414589,-86.578,-1.918,-108.751,0.068003,0.004903,0.010362,0.009944,0.451621,-0.074583
1790938070.656512,1790938071.294679,3.425860,6.989499,1.104508,0.405114,-0.552906,0.601915,-0.409726,-86.538,-1.983,-109.646,0.064807,0.002266,0.006908,-0.000707,0.478253,-0.055408
1790938070.689843,1790938071.323342,3.425672,6.989689,1.104182,0.400906,-0.555973,0.605412,-0.404530,-86.539,-2.041,-110.578,0.056877,-0.000964,0.001393,-0.024145,0.497428,-0.063927
1790938070.723176,1790938071.357109,3.427454,6.989675,1.104210,0.396644,-0.559185,0.608964,-0.398935,-86.559,-2.116,-111.549,0.050454,-0.004430,-0.002524,-0.036929,0.512343,-0.078842
1790938070.756509,1790938071.396558,3.426277,6.989271,1.103626,0.392391,-0.562486,0.612612,-0.392868,-86.599,-2.224,-112.560,0.039816,-0.008528,-0.002717,-0.041189,0.538975,-0.107601
1790938070.789842,1790938071.445834,3.427464,6.988962,1.103629,0.387907,-0.565800,0.616568,-0.386318,-86.626,-2.360,-113.635,0.035090,-0.013756,0.001934,-0.029470,0.583718,-0.089492
1790938070.823174,1790938071.488703,3.425775,6.988450,1.103366,0.382277,-0.569414,0.620893,-0.379637,-86.599,-2.428,-114.826,0.027710,-0.021658,0.008589,0.021663,0.665748,-0.052203
1790938070.856507,1790938071.535882,3.427695,6.987492,1.103926,0.374921,-0.572834,0.626122,-0.373185,-86.408,-2.404,-116.150,0.029439,-0.025050,0.015865,0.137779,0.703031,0.007452
1790938070.889839,1790938071.578666,3.427051,6.986704,1.104129,0.366502,-0.575326,0.631941,-0.367867,-86.020,-2.288,-117.456,0.029519,-0.022640,0.010614,0.201696,0.666812,0.013846
1790938070.923172,1790938071.629844,3.426376,6.986041,1.103968,0.358281,-0.577591,0.637599,-0.362617,-85.635,-2.177,-118.727,0.026365,-0.026085,-0.005172,0.135648,0.673202,0.002132
1790938070.956504,1790938071.687731,3.426116,6.985241,1.103352,0.350531,-0.580778,0.642420,-0.356539,-85.429,-2.077,-120.023,0.021790,-0.032148,-0.018302,0.022726,0.685986,-0.013846
1790938070.989837,1790938071.731397,3.425765,6.984162,1.102584,0.343454,-0.584801,0.646351,-0.349682,-85.403,-2.005,-121.322,0.013268,-0.037050,-0.016196,-0.037994,0.655091,-0.033018
1790938071.023169,1790938071.773948,3.425420,6.982952,1.102068,0.337826,-0.588554,0.649613,-0.342755,-85.469,-2.032,-122.488,0.007496,-0.036750,-0.005321,-0.078476,0.544299,-0.096935
1790938071.056500,1790938071.802888,3.424859,6.981844,1.102050,0.334342,-0.591707,0.651804,-0.336526,-85.627,-2.155,-123.389,-0.001660,-0.034351,0.012332,-0.101913,0.383439,-0.080954
1790938071.089832,1790938071.834238,3.424704,6.980641,1.102779,0.331365,-0.594094,0.653394,-0.332154,-85.724,-2.199,-124.067,-0.013544,-0.036146,0.028052,-0.014559,0.329111,-0.009579
1790938071.123162,1790938071.862848,3.423279,6.979481,1.103539,0.328053,-0.595771,0.655138,-0.328987,-85.703,-2.168,-124.660,-0.029365,-0.034536,0.022062,-0.010299,0.287563,-0.019166
1790938071.156494,1790938071.895598,3.422264,6.978281,1.104120,0.325746,-0.597736,0.656280,-0.325420,-85.799,-2.208,-125.198,-0.039820,-0.038658,0.012584,-0.112567,0.290759,-0.051125
1790938071.189825,1790938071.930465,3.419943,6.976885,1.104385,0.323486,-0.600600,0.656963,-0.320993,-86.025,-2.262,-125.810,-0.053920,-0.048046,0.013418,-0.141330,0.354677,-0.037274
1790938071.223156,1790938071.952793,3.418221,6.975095,1.105053,0.320200,-0.603809,0.657941,-0.316228,-86.226,-2.262,-126.542,-0.063647,-0.057911,0.026684,-0.085935,0.414334,-0.010643
1790938071.256488,1790938071.993423,3.415954,6.972983,1.106221,0.315179,-0.606571,0.660044,-0.311569,-86.244,-2.183,-127.417,-0.072032,-0.069392,0.043806,0.056813,0.520864,0.029837
1790938071.289819,1790938072.027873,3.412779,6.970502,1.107717,0.307869,-0.608319,0.664112,-0.306789,-85.965,-2.044,-128.506,-0.080360,-0.077585,0.051240,0.188909,0.612480,0.019187
1790938071.323150,1790938072.068380,3.410110,6.967936,1.109333,0.300104,-0.609197,0.669259,-0.301511,-85.545,-1.968,-129.675,-0.085238,-0.072842,0.043368,0.191038,0.591174,-0.039404
1790938071.356481,1790938072.113428,3.406806,6.965700,1.110408,0.293502,-0.610048,0.673810,-0.296105,-85.213,-1.963,-130.748,-0.090751,-0.063173,0.031686,0.110074,0.521931,-0.022357
1790938071.389812,1790938072.152344,3.402345,6.963734,1.111093,0.287283,-0.611870,0.676853,-0.291469,-85.054,-1.846,-131.711,-0.103207,-0.055780,0.019912,0.005677,0.496363,0.062867
1790938071.423142,1790938072.193063,3.398873,6.961912,1.111703,0.281080,-0.615202,0.678403,-0.286862,-85.120,-1.628,-132.663,-0.113962,-0.052873,0.018342,-0.094461,0.529386,0.076716
1790938071.456473,1790938072.231978,3.394085,6.960088,1.112411,0.274259,-0.619279,0.679693,-0.281590,-85.263,-1.379,-133.723,-0.124781,-0.053700,0.037943,-0.039068,0.592239,0.098023
1790938071.489804,1790938072.270001,3.390007,6.958332,1.114134,0.266142,-0.622212,0.682226,-0.276747,-85.178,-1.074,-134.852,-0.126479,-0.050024,0.063181,0.119662,0.595435,0.131048
1790938071.523134,1790938072.315914,3.385619,6.956682,1.116217,0.257514,-0.623395,0.685893,-0.273160,-84.828,-0.727,-135.906,-0.123314,-0.041793,0.072946,0.222994,0.531518,0.116135
1790938071.556465,1790938072.358115,3.381022,6.955253,1.118687,0.249298,-0.623690,0.689912,-0.269969,-84.392,-0.414,-136.882,-0.120689,-0.038250,0.072224,0.197426,0.536845,0.118266
1790938071.589794,1790938072.395033,3.376282,6.953562,1.120730,0.241129,-0.624936,0.693195,-0.266067,-84.110,-0.100,-137.913,-0.117317,-0.033889,0.065585,0.082372,0.559215,0.103355
1790938071.623124,1790938072.436217,3.372510,6.952720,1.122851,0.233850,-0.627252,0.695265,-0.261678,-84.045,0.178,-138.910,-0.112026,-0.021229,0.059371,-0.004981,0.494233,0.077787
1790938071.656455,1790938072.472198,3.368111,6.951747,1.124491,0.228138,-0.629637,0.696454,-0.257804,-84.087,0.394,-139.729,-0.106874,-0.007691,0.052533,-0.026289,0.381313,0.045830
1790938071.689785,1790938072.526467,3.364758,6.951700,1.126156,0.223651,-0.631468,0.697553,-0.254261,-84.119,0.521,-140.416,-0.102225,-0.000832,0.043776,-0.008179,0.354679,0.007480
1790938071.723115,1790938072.571720,3.360955,6.951247,1.127040,0.220342,-0.633187,0.698577,-0.250030,-84.200,0.503,-141.069,-0.102882,0.007211,0.020427,-0.074230,0.321657,-0.110764
1790938071.756445,1790938072.621833,3.357193,6.951650,1.127326,0.218106,-0.635348,0.699071,-0.245079,-84.403,0.371,-141.697,-0.107926,0.008844,-0.005594,-0.127493,0.336571,-0.063892
1790938071.789775,1790938072.661026,3.352717,6.951167,1.126527,0.214244,-0.638496,0.699098,-0.240178,-84.672,0.410,-142.453,-0.120264,-0.001368,-0.028401,-0.124300,0.489975,0.022398
1790938071.823104,1790938072.693705,3.348736,6.951059,1.125376,0.207479,-0.641562,0.700398,-0.234081,-84.796,0.557,-143.548,-0.125596,-0.010561,-0.041419,0.015252,0.639116,-0.007430
1790938071.856434,1790938072.727631,3.344026,6.950273,1.123691,0.200561,-0.643122,0.703311,-0.226986,-84.702,0.564,-144.740,-0.118453,-0.008974,-0.047338,0.082364,0.564546,-0.108631
1790938071.889764,1790938072.768779,3.340496,6.950018,1.122039,0.195766,-0.643599,0.706439,-0.219998,-84.554,0.377,-145.748,-0.102397,-0.006301,-0.053406,0.068515,0.480388,-0.166157
1790938071.923094,1790938072.811755,3.336788,6.949330,1.119954,0.191772,-0.644709,0.708671,-0.212977,-84.540,0.161,-146.692,-0.095946,-0.006700,-0.059587,-0.051864,0.489976,-0.141652
1790938071.956423,1790938072.860612,3.333736,6.949374,1.117945,0.188493,-0.647444,0.709148,-0.205901,-84.803,-0.041,-147.581,-0.083037,0.000584,-0.062218,-0.241487,0.381317,-0.149111
1790938071.989756,1790938072.899765,3.330811,6.949010,1.115891,0.187442,-0.652026,0.706903,-0.200041,-85.443,-0.237,-148.180,-0.061956,-0.003427,-0.046222,-0.406609,0.224718,-0.095843
1790938072.023094,1790938072.944248,3.329290,6.948786,1.114975,0.186937,-0.656792,0.703756,-0.195974,-86.138,-0.326,-148.574,-0.035693,-0.019297,-0.009683,-0.264925,0.202346,-0.052166
1790938072.056434,1790938072.985158,3.328260,6.947463,1.115158,0.185033,-0.658710,0.703542,-0.192076,-86.346,-0.419,-149.066,-0.010537,-0.041436,0.028992,0.080227,0.347229,-0.070274
1790938072.089773,1790938073.028984,3.328275,6.945859,1.116555,0.180101,-0.657339,0.707529,-0.186739,-85.932,-0.536,-149.931,0.008038,-0.058139,0.050362,0.329507,0.552830,-0.135258
1790938072.123113,1790938073.070584,3.328789,6.943670,1.118113,0.173982,-0.654676,0.713487,-0.179068,-85.281,-0.791,-151.094,0.027472,-0.057016,0.048042,0.320983,0.614619,-0.202369
1790938072.156452,1790938073.116654,3.329882,6.942020,1.119472,0.168632,-0.652360,0.718860,-0.170969,-84.722,-1.110,-152.231,0.051824,-0.045089,0.031045,0.213387,0.523003,-0.233264
1790938072.189792,1790938073.162672,3.331549,6.940481,1.120048,0.164984,-0.651658,0.722092,-0.163417,-84.475,-1.449,-153.181,0.064931,-0.028313,0.011548,0.010979,0.435649,-0.206630
1790938072.223132,1790938073.201530,3.333827,6.939884,1.120249,0.162010,-0.653454,0.722632,-0.156696,-84.633,-1.683,-153.999,0.067537,-0.011806,0.001919,-0.207405,0.398363,-0.105428
1790938072.256471,1790938073.238460,3.335871,6.939359,1.120409,0.158283,-0.657052,0.721429,-0.150894,-85.038,-1.724,-154.792,0.065163,-0.013011,0.018924,-0.175448,0.447366,-0.006353
1790938072.289811,1790938073.281797,3.338043,6.938939,1.121446,0.152265,-0.659168,0.721892,-0.145550,-85.144,-1.602,-155.730,0.061965,-0.015480,0.041767,0.063177,0.551765,0.033060
1790938072.323150,1790938073.320727,3.339426,6.937959,1.122892,0.144617,-0.658702,0.725100,-0.139384,-84.812,-1.496,-156.872,0.062315,-0.014599,0.049124,0.243211,0.640183,-0.058551
1790938072.356489,1790938073.357854,3.342199,6.938031,1.124298,0.137323,-0.656928,0.729575,-0.131562,-84.306,-1.577,-158.128,0.068106,-0.007407,0.031101,0.219773,0.672144,-0.141644
1790938072.389829,1790938073.399058,3.344300,6.937631,1.124698,0.129630,-0.656285,0.733089,-0.122747,-83.972,-1.659,-159.497,0.066285,-0.006431,0.001501,0.070630,0.752039,-0.067071
1790938072.423168,1790938073.437212,3.346137,6.937332,1.124231,0.120803,-0.658098,0.734367,-0.114101,-83.992,-1.561,-160.931,0.069708,-0.002717,-0.020215,-0.138169,0.704101,-0.004217
1790938072.456507,1790938073.482413,3.348504,6.937054,1.123480,0.113481,-0.661375,0.733658,-0.107009,-84.293,-1.431,-162.108,0.084761,0.002844,-0.013559,-0.171194,0.496366,0.012825
1790938072.489846,1790938073.513489,3.351085,6.937258,1.123354,0.108566,-0.663411,0.733203,-0.102529,-84.478,-1.327,-162.874,0.096335,0.005479,0.012713,-0.011404,0.318461,0.006435
1790938072.523186,1790938073.548761,3.354253,6.937544,1.124060,0.105352,-0.663029,0.734437,-0.099478,-84.341,-1.308,-163.387,0.101561,0.009453,0.025770,0.123887,0.227910,-0.048958
1790938072.556525,1790938073.576273,3.356975,6.937697,1.124790,0.103026,-0.661946,0.736138,-0.096508,-84.119,-1.370,-163.826,0.095241,0.011556,0.021712,0.079144,0.241759,-0.072393
1790938072.589865,1790938073.598356,3.359976,6.938119,1.125393,0.100454,-0.661700,0.737262,-0.092228,-84.021,-1.494,-164.394,0.077275,0.010595,0.014685,0.009900,0.355746,-0.115005
1790938072.623204,1790938073.630620,3.362249,6.938428,1.125873,0.096501,-0.662000,0.738228,-0.086385,-83.977,-1.611,-165.202,0.057346,0.008305,0.015230,0.022682,0.477189,-0.085177
1790938072.656544,1790938073.663173,3.363246,6.938026,1.126302,0.090831,-0.662231,0.739457,-0.080020,-83.890,-1.624,-166.188,0.039933,0.006438,0.015304,0.040791,0.549626,-0.036173
1790938072.689883,1790938073.698654,3.364729,6.938859,1.126802,0.083798,-0.662468,0.740741,-0.073599,-83.785,-1.526,-167.283,0.027295,0.008160,0.014530,0.037595,0.610350,0.034136
1790938072.723223,1790938073.735605,3.365513,6.939142,1.127078,0.075497,-0.662798,0.741910,-0.067594,-83.683,-1.285,-168.438,0.023526,0.011629,0.007321,0.033332,0.589043,0.062901
1790938072.756562,1790938073.767859,3.366421,6.939765,1.127089,0.068249,-0.663295,0.742627,-0.062343,-83.640,-1.069,-169.446,0.031728,0.019499,-0.008523,-0.027388,0.462273,0.026680
1790938072.789901,1790938073.794651,3.367489,6.940526,1.126381,0.063382,-0.664663,0.742198,-0.057867,-83.775,-0.983,-170.202,0.039591,0.026805,-0.024547,-0.123268,0.337630,-0.035103
1790938072.823241,1790938073.829085,3.368885,6.941432,1.125535,0.060272,-0.666689,0.740942,-0.053844,-84.042,-1.004,-170.783,0.040621,0.031408,-0.025277,-0.146704,0.282236,-0.059606
1790938072.856580,1790938073.866879,3.369494,6.942024,1.124694,0.057542,-0.668395,0.739915,-0.049624,-84.267,-1.078,-171.351,0.031134,0.032228,-0.016265,-0.072135,0.310995,-0.074518
1790938072.889920,1790938073.891403,3.370734,6.943630,1.124334,0.054255,-0.669015,0.739897,-0.045032,-84.320,-1.148,-171.995,0.018816,0.034997,-0.007823,-0.001826,0.349350,-0.074518
1790938072.923258,1790938073.928915,3.371131,6.944843,1.124142,0.050366,-0.669245,0.740257,-0.039928,-84.309,-1.210,-172.729,0.002775,0.035093,-0.002814,-0.009282,0.416463,-0.057473
1790938072.956597,1790938073.964455,3.370697,6.946402,1.123912,0.045389,-0.669736,0.740411,-0.034428,-84.329,-1.209,-173.581,-0.016365,0.035120,0.003215,-0.023134,0.471856,-0.014858
1790938072.989938,1790938074.005001,3.369982,6.947223,1.124111,0.039714,-0.670305,0.740448,-0.029160,-84.362,-1.130,-174.466,-0.029281,0.035679,0.004490,-0.035916,0.449485,0.008576
1790938073.023282,1790938074.038521,3.368830,6.947920,1.123926,0.034242,-0.671240,0.740042,-0.024550,-84.460,-1.015,-175.278,-0.037379,0.034862,0.002035,-0.072139,0.412197,0.032015
1790938073.056626,1790938074.078275,3.367355,6.949871,1.124079,0.028949,-0.672317,0.739415,-0.020438,-84.588,-0.878,-176.034,-0.039770,0.034049,0.003852,-0.076400,0.368522,0.025624
1790938073.089970,1790938074.117762,3.365866,6.951360,1.123890,0.024876,-0.673367,0.738704,-0.016547,-84.726,-0.829,-176.678,-0.037649,0.033929,0.003055,-0.074274,0.293951,-0.047878
1790938073.123314,1790938074.160435,3.364417,6.952266,1.124084,0.022639,-0.674349,0.737957,-0.012672,-84.866,-0.935,-177.177,-0.037313,0.032835,0.005735,-0.068947,0.209792,-0.087293
1790938073.156658,1790938074.201077,3.362920,6.953310,1.124123,0.021137,-0.675103,0.737357,-0.009687,-84.975,-1.037,-177.545,-0.041413,0.030013,0.011642,-0.038055,0.169310,-0.063854
1790938073.190002,1790938074.233431,3.361312,6.954312,1.124569,0.019604,-0.675505,0.737061,-0.007089,-85.030,-1.107,-177.883,-0.048829,0.026485,0.010828,-0.042317,0.178897,-0.044681
1790938073.223346,1790938074.259666,3.359505,6.955075,1.124875,0.017463,-0.676257,0.736445,-0.004423,-85.138,-1.131,-178.273,-0.057999,0.020395,0.008399,-0.087059,0.225772,-0.025505
1790938073.256691,1790938074.306867,3.357413,6.955605,1.125187,0.015024,-0.677462,0.735403,-0.001374,-85.316,-1.160,-178.718,-0.063910,0.015241,0.011915,-0.095582,0.222576,-0.032961
1790938073.290035,1790938074.348417,3.355132,6.955507,1.125417,0.012764,-0.678346,0.734631,0.001157,-85.447,-1.165,-179.105,-0.065256,0.008901,0.019681,-0.028470,0.179962,-0.013784
1790938073.323379,1790938074.379434,3.352585,6.956258,1.126229,0.011334,-0.678355,0.734639,0.003363,-85.444,-1.216,-179.402,-0.065749,0.005782,0.022489,0.018400,0.132024,-0.056397
1790938073.356722,1790938074.405067,3.350208,6.956300,1.127008,0.010256,-0.677886,0.735075,0.005521,-85.368,-1.293,-179.668,-0.069573,0.000499,0.024144,0.050360,0.139482,-0.052135
1790938073.390067,1790938074.434367,3.347726,6.956243,1.127725,0.009021,-0.677266,0.735644,0.007614,-85.269,-1.352,-179.942,-0.070034,0.000282,0.018115,0.037575,0.132024,-0.018045
1790938073.423411,1790938074.467511,3.344582,6.956043,1.127798,0.008160,-0.677267,0.735636,0.009030,-85.267,-1.389,179.872,-0.063903,0.005915,0.001030,-0.068955,0.026559,-0.056395
1790938073.456756,1790938074.492505,3.342570,6.956336,1.127623,0.009293,-0.679089,0.733941,0.009088,-85.553,-1.489,179.959,-0.052227,0.009193,-0.013116,-0.240467,-0.146018,-0.029762
1790938073.490100,1790938074.521209,3.340781,6.956458,1.127226,0.011635,-0.682306,0.730941,0.006862,-86.062,-1.511,-179.665,-0.044964,0.001628,-0.008183,-0.242598,-0.238698,0.013913
1790938073.523444,1790938074.548903,3.339250,6.956259,1.127222,0.014524,-0.684193,0.729146,0.003995,-86.367,-1.527,-179.195,-0.038966,-0.007880,0.008673,-0.023147,-0.246154,0.007521
1790938073.556789,1790938074.586915,3.337939,6.955749,1.127685,0.017144,-0.683355,0.729884,0.001243,-86.245,-1.531,-178.761,-0.033710,-0.019380,0.017757,0.156887,-0.185432,0.018173
1790938073.590133,1790938074.614385,3.336674,6.954918,1.128133,0.018395,-0.681191,0.731875,-0.000413,-85.911,-1.511,-178.529,-0.035967,-0.027669,0.006692,0.161147,-0.053335,0.003261
1790938073.623478,1790938074.635388,3.335422,6.953831,1.127926,0.018782,-0.680062,0.732914,-0.000388,-85.736,-1.547,-178.503,-0.034435,-0.027728,-0.019507,-0.007168,0.016972,-0.021240
1790938073.656823,1790938074.657085,3.334238,6.952767,1.127033,0.018578,-0.681259,0.731806,0.000183,-85.922,-1.572,-178.564,-0.035268,-0.021482,-0.031544,-0.194661,0.041474,-0.027633
1790938073.690167,1790938074.678878,3.332924,6.952042,1.126255,0.018490,-0.683952,0.729292,0.001125,-86.344,-1.634,-178.644,-0.038911,-0.014398,-0.009779,-0.213835,0.037212,-0.019111
1790938073.723512,1790938074.717429,3.331367,6.951476,1.126664,0.017795,-0.685479,0.727873,0.001433,-86.582,-1.597,-178.721,-0.043063,-0.011382,0.036143,0.012005,0.039343,0.045871
1790938073.756857,1790938074.750243,3.329323,6.949761,1.127929,0.017108,-0.684122,0.729166,0.001181,-86.366,-1.522,-178.757,-0.038536,-0.008455,0.059487,0.225062,-0.013919,0.017110
1790938073.790200,1790938074.777436,3.327065,6.949889,1.129861,0.017660,-0.681212,0.731873,0.000728,-85.911,-1.538,-178.682,-0.034299,-0.005094,0.043448,0.201625,-0.049076,-0.031892
1790938073.823545,1790938074.803223,3.325734,6.949450,1.130813,0.018415,-0.679730,0.733231,0.000830,-85.682,-1.612,-178.635,-0.036437,-0.007586,0.013335,0.029047,-0.008595,-0.041480
1790938073.856890,1790938074.829057,3.324358,6.948965,1.130923,0.018879,-0.679997,0.732970,0.001257,-85.726,-1.684,-178.634,-0.035823,-0.009828,-0.004992,-0.068959,-0.009659,-0.037219
1790938073.890235,1790938074.856554,3.323067,6.948235,1.130728,0.019398,-0.680945,0.732076,0.001522,-85.876,-1.746,-178.613,-0.037256,-0.012879,-0.004724,-0.076415,-0.002203,-0.018044
1790938073.923580,1790938074.889824,3.321598,6.947581,1.130767,0.018875,-0.681709,0.731378,0.001846,-85.994,-1.726,-178.680,-0.044367,-0.016042,0.008033,-0.033804,0.078759,0.035218
1790938073.956925,1790938074.925747,3.319903,6.946854,1.131232,0.016908,-0.681827,0.731313,0.002582,-86.004,-1.619,-178.895,-0.048458,-0.016495,0.019384,0.016264,0.151199,0.058655
1790938073.990268,1790938074.959334,3.318087,6.946127,1.131849,0.014221,-0.681586,0.731591,0.003635,-85.957,-1.476,-179.194,-0.048635,-0.015326,0.018046,0.021590,0.169308,0.066113
1790938074.023599,1790938074.994717,3.316271,6.945354,1.132316,0.011540,-0.681453,0.731754,0.004881,-85.929,-1.349,-179.508,-0.047616,-0.013636,0.010511,-0.005042,0.166112,0.035219
1790938074.056931,1790938075.028054,3.314386,6.944679,1.132527,0.009446,-0.681699,0.731544,0.006406,-85.962,-1.292,-179.799,-0.046962,-0.013053,0.003157,-0.042328,0.135218,0.006456
1790938074.090262,1790938075.066923,3.312559,6.943748,1.132520,0.007872,-0.682410,0.730884,0.007969,-86.071,-1.283,179.948,-0.049750,-0.015248,-0.002272,-0.072156,0.137349,-0.020174
1790938074.123593,1790938075.104790,3.308359,6.940023,1.131880,0.006149,-0.683488,0.729870,0.009823,-86.237,-1.284,179.660,-0.058864,-0.020949,-0.000744,-0.078550,0.167177,0.002198
1790938074.156924,1790938075.131352,3.306453,6.939813,1.132121,0.003482,-0.683993,0.729390,0.011516,-86.313,-1.194,179.310,-0.067201,-0.024300,0.010232,-0.001850,0.207657,0.070374
1790938074.190255,1790938075.161898,3.304000,6.938736,1.132473,0.000303,-0.683629,0.729716,0.012826,-86.255,-1.030,178.951,-0.068630,-0.027584,0.011734,0.043956,0.168242,0.066114
1790938074.223586,1790938075.198480,3.301473,6.937547,1.132757,-0.002073,-0.683199,0.730101,0.013718,-86.188,-0.901,178.690,-0.069297,-0.032064,0.007353,0.014128,0.128826,0.052265
1790938074.256917,1790938075.231031,3.297402,6.932874,1.132179,-0.004286,-0.683368,0.729919,0.014450,-86.217,-0.773,178.455,-0.073565,-0.042185,0.001558,-0.027418,0.119240,0.051202
1790938074.290247,1790938075.262192,3.294345,6.931502,1.132335,-0.005899,-0.683815,0.729475,0.015140,-86.289,-0.693,178.272,-0.071259,-0.046130,-0.004255,-0.055117,0.070235,0.040548
1790938074.323578,1790938075.293020,3.291921,6.929680,1.132116,-0.006619,-0.684761,0.728575,0.015361,-86.438,-0.653,178.198,-0.068958,-0.046928,-0.006715,-0.091338,0.021231,0.028830
1790938074.356909,1790938075.321253,3.289402,6.928018,1.131906,-0.007510,-0.685776,0.727612,0.015335,-86.600,-0.579,178.131,-0.072439,-0.049899,-0.006428,-0.078553,0.054254,0.019243
1790938074.390239,1790938075.358264,3.286902,6.926074,1.131701,-0.008710,-0.686637,0.726778,0.015750,-86.737,-0.514,178.002,-0.074565,-0.051738,-0.003541,-0.071098,0.079821,0.022439
1790938074.423570,1790938075.394111,3.284286,6.924079,1.131703,-0.009862,-0.687290,0.726127,0.016576,-86.843,-0.485,177.843,-0.074596,-0.053655,0.005527,-0.023159,0.081952,-0.003127
1790938074.456900,1790938075.437567,3.281690,6.922026,1.131910,-0.010791,-0.687085,0.726296,0.017102,-86.813,-0.448,177.726,-0.068989,-0.055489,0.008354,0.058868,0.031882,0.033091
1790938074.490231,1790938075.484847,3.276969,6.916063,1.131313,-0.011388,-0.686317,0.727024,0.016565,-86.693,-0.354,177.724,-0.064192,-0.063471,-0.000596,0.062061,-0.019251,0.046941
1790938074.523561,1790938075.524385,3.275058,6.913950,1.131186,-0.011006,-0.685941,0.727400,0.015872,-86.633,-0.330,177.811,-0.058284,-0.069696,-0.012769,-0.009312,-0.058666,-0.016974
1790938074.556891,1790938075.557490,3.273081,6.911184,1.130685,-0.010234,-0.686131,0.727246,0.015282,-86.661,-0.349,177.921,-0.057824,-0.077160,-0.016119,-0.013574,-0.059733,0.002202
1790938074.590221,1790938075.594343,3.271032,6.908539,1.130117,-0.009886,-0.686318,0.727090,0.014489,-86.690,-0.316,178.015,-0.058799,-0.080990,-0.017201,-0.017835,-0.032035,0.012852
1790938074.623551,1790938075.630720,3.269085,6.905419,1.129509,-0.009328,-0.686658,0.726777,0.014457,-86.742,-0.361,178.062,-0.056880,-0.083481,-0.015866,-0.026357,-0.027773,-0.073435
1790938074.656881,1790938075.665024,3.267111,6.902419,1.129088,-0.007811,-0.686698,0.726738,0.015371,-86.746,-0.559,178.105,-0.053502,-0.083708,-0.007655,0.034363,-0.020317,-0.138417
1790938074.690210,1790938075.699297,3.265211,6.899327,1.128999,-0.006225,-0.686042,0.727335,0.017096,-86.639,-0.825,178.085,-0.053000,-0.086983,0.003083,0.078040,0.031881,-0.125634
1790938074.723540,1790938075.733203,3.263329,6.896099,1.129220,-0.005319,-0.685015,0.728268,0.018752,-86.476,-1.028,178.017,-0.049008,-0.095721,0.010372,0.078039,0.008444,-0.080891
1790938074.756870,1790938075.772952,3.261438,6.892832,1.129640,-0.004824,-0.684238,0.728993,0.019060,-86.353,-1.092,178.029,-0.042234,-0.108647,0.013315,0.046080,-0.023513,0.005396
1790938074.790199,1790938075.809357,3.259976,6.888791,1.130069,-0.004323,-0.683667,0.729543,0.018644,-86.263,-1.099,178.102,-0.030395,-0.120176,0.013602,0.055667,-0.054407,-0.011647
1790938074.823529,1790938075.845304,3.258783,6.884451,1.130520,-0.003299,-0.682932,0.730252,0.018028,-86.147,-1.135,178.233,-0.016863,-0.129939,0.014443,0.056733,-0.082103,-0.005255
1790938074.856858,1790938075.890347,3.258204,6.879456,1.130949,-0.002330,-0.682559,0.730636,0.016727,-86.088,-1.113,178.417,-0.004193,-0.139049,0.013305,-0.005053,-0.106606,0.039487
1790938074.890188,1790938075.922714,3.258035,6.874296,1.131365,-0.001514,-0.683188,0.730087,0.015002,-86.186,-1.048,178.626,0.005096,-0.146125,0.012423,-0.098798,-0.100215,0.035225
1790938074.923517,1790938075.954206,3.257825,6.869583,1.131922,-0.000958,-0.684644,0.728749,0.013648,-86.415,-0.991,178.785,0.011734,-0.155615,0.019619,-0.119039,-0.061863,0.049074
1790938074.956846,1790938075.989815,3.258160,6.863976,1.132796,-0.000694,-0.685809,0.727675,0.012452,-86.598,-0.921,178.907,0.020400,-0.168314,0.033577,-0.047664,-0.069321,0.017115
1790938074.990176,1790938076.024613,3.259040,6.857318,1.134026,0.000243,-0.685590,0.727896,0.011553,-86.564,-0.928,179.055,0.029086,-0.180547,0.044160,0.097214,-0.081040,-0.009515
1790938075.023509,1790938076.056428,3.259304,6.851345,1.135448,0.001084,-0.683716,0.729665,0.010944,-86.269,-0.948,179.170,0.032434,-0.192435,0.039474,0.188829,-0.026710,-0.011645
1790938075.056841,1790938076.095014,3.260188,6.844155,1.136415,0.001177,-0.681683,0.731559,0.011350,-85.950,-0.985,179.140,0.031519,-0.206645,0.019867,0.121714,0.077687,-0.020167
1790938075.090173,1790938076.131156,3.257266,6.830994,1.135649,-0.000123,-0.680929,0.732236,0.012914,-85.832,-0.997,178.907,0.030105,-0.227840,-0.002125,0.004532,0.149060,-0.016970
1790938075.123504,1790938076.159542,3.259431,6.823295,1.135433,-0.001621,-0.681381,0.731776,0.014856,-85.903,-1.024,178.627,0.042235,-0.241993,-0.020172,-0.086018,0.119232,-0.047864
1790938075.156836,1790938076.191941,3.260924,6.814871,1.134631,-0.002050,-0.682563,0.730629,0.016900,-86.088,-1.150,178.424,0.050460,-0.252386,-0.025302,-0.096672,0.103251,-0.077692
1790938075.190168,1790938076.224714,3.262571,6.806113,1.133833,-0.002787,-0.683409,0.729782,0.019023,-86.221,-1.257,178.190,0.052016,-0.259190,-0.018052,-0.032753,0.138405,-0.055320
1790938075.223500,1790938076.262370,3.264217,6.797240,1.133359,-0.003861,-0.683214,0.729904,0.021057,-86.191,-1.326,177.936,0.058975,-0.265641,-0.007428,0.056730,0.104315,-0.022296
1790938075.256832,1790938076.301955,3.266100,6.788130,1.133078,-0.004499,-0.682717,0.730330,0.022253,-86.114,-1.365,177.784,0.069326,-0.267677,-0.006799,-0.021035,0.054246,-0.032948
1790938075.290164,1790938076.350447,3.268273,6.778980,1.132863,-0.005058,-0.683983,0.729104,0.023437,-86.313,-1.415,177.644,0.069494,-0.267372,-0.003506,-0.195744,0.109640,-0.037210
1790938075.323495,1790938076.389712,3.267795,6.764262,1.132014,-0.006142,-0.686672,0.726482,0.025841,-86.738,-1.522,177.364,0.066564,-0.278683,0.016738,-0.191483,0.154379,-0.127758
1790938075.356827,1790938076.419728,3.270494,6.755399,1.133107,-0.005688,-0.687874,0.725223,0.029122,-86.926,-1.823,177.129,0.077062,-0.286375,0.039673,0.015182,0.056372,-0.183155
1790938075.390158,1790938076.446661,3.272997,6.745613,1.134450,-0.004013,-0.686708,0.726254,0.031150,-86.740,-2.118,177.089,0.085549,-0.292434,0.039642,0.158996,-0.019264,-0.108584
1790938075.423490,1790938076.471032,3.275822,6.735732,1.135317,-0.002699,-0.684917,0.727917,0.031909,-86.456,-2.280,177.123,0.091156,-0.297189,0.010310,0.095079,-0.017132,-0.085147
1790938075.456821,1790938076.500015,3.278964,6.725730,1.135111,-0.001439,-0.684692,0.728084,0.032992,-86.420,-2.469,177.131,0.093173,-0.303191,-0.020877,-0.061517,0.009498,-0.113910
1790938075.490153,1790938076.524792,3.282101,6.715516,1.134277,-0.000467,-0.685803,0.726961,0.034659,-86.594,-2.686,177.072,0.095494,-0.307517,-0.028313,-0.108391,0.021218,-0.111779
1790938075.523484,1790938076.549893,3.285295,6.705306,1.133499,0.000518,-0.686862,0.725921,0.035482,-86.761,-2.837,177.084,0.103428,-0.306410,-0.018524,-0.043408,-0.051222,-0.031882
1790938075.556815,1790938076.581884,3.288645,6.694993,1.133017,0.001814,-0.687141,0.725680,0.034962,-86.805,-2.905,177.231,0.109172,-0.305433,-0.009208,-0.005058,-0.104486,-0.040404
1790938075.590145,1790938076.617259,3.292021,6.684704,1.132754,0.003196,-0.687305,0.725559,0.034133,-86.831,-2.955,177.409,0.109540,-0.306638,-0.005644,-0.021036,-0.070396,0.000077
1790938075.623476,1790938076.654326,3.295446,6.674442,1.132484,0.003763,-0.687814,0.725088,0.033844,-86.912,-2.981,177.480,0.106226,-0.306435,-0.009269,-0.063649,0.007368,-0.027621
1790938075.656807,1790938076.688869,3.298937,6.664117,1.132168,0.003703,-0.688757,0.724162,0.034493,-87.061,-3.031,177.425,0.103347,-0.307394,-0.009427,-0.082825,0.035065,-0.039339
1790938075.690138,1790938076.719817,3.302322,6.653794,1.132002,0.003900,-0.689451,0.723475,0.035016,-87.171,-3.091,177.400,0.103972,-0.310545,0.000113,-0.017841,-0.022460,-0.016967
1790938075.723469,1790938076.762608,3.305383,6.643350,1.132146,0.004324,-0.688998,0.723930,0.034479,-87.100,-3.082,177.477,0.100473,-0.310719,0.006875,0.104665,-0.038438,0.005403
1790938075.756799,1790938076.803463,3.305982,6.628636,1.131104,0.004998,-0.687437,0.725402,0.034607,-86.853,-3.143,177.512,0.086497,-0.307181,-0.004631,0.148344,0.015886,-0.075556
1790938075.790130,1790938076.838022,3.309006,6.619162,1.130795,0.005536,-0.686225,0.726473,0.036067,-86.662,-3.299,177.428,0.070843,-0.298700,-0.022885,0.017312,0.065955,-0.078752
1790938075.823461,1790938076.871180,3.311108,6.609416,1.129846,0.005185,-0.687082,0.725571,0.037920,-86.797,-3.419,177.249,0.052381,-0.292960,-0.031799,-0.171243,0.118155,-0.052120
1790938075.856791,1790938076.904111,3.312632,6.599722,1.128982,0.003773,-0.689455,0.723236,0.039579,-87.171,-3.442,177.011,0.037436,-0.292290,-0.020234,-0.220246,0.116023,0.016058
1790938075.890122,1790938076.943175,3.313786,6.590001,1.128674,0.002410,-0.691718,0.721027,0.040505,-87.529,-3.412,176.837,0.030503,-0.295378,0.002184,-0.142480,0.063824,-0.004181
1790938075.923452,1790938076.973049,3.314620,6.579904,1.128915,0.002218,-0.692556,0.720178,0.041281,-87.662,-3.461,176.762,0.026588,-0.300055,0.013997,-0.006123,0.007364,-0.043598
1790938075.956783,1790938077.008454,3.315160,6.569670,1.129292,0.002744,-0.692395,0.720314,0.041579,-87.636,-3.528,176.778,0.018564,-0.307238,0.007972,0.017312,-0.019269,-0.023357
1790938075.990114,1790938077.047767,3.315516,6.559234,1.129275,0.003658,-0.692547,0.720183,0.041252,-87.661,-3.578,176.878,0.014226,-0.318801,-0.009625,-0.039148,-0.100231,-0.023356
1790938076.023451,1790938077.085685,3.315819,6.548373,1.128674,0.005598,-0.693382,0.719437,0.040001,-87.796,-3.642,177.140,0.011067,-0.334636,-0.026657,-0.086021,-0.169475,-0.035075
1790938076.056789,1790938077.124361,3.315743,6.537328,1.127749,0.008084,-0.694569,0.718352,0.038473,-87.989,-3.730,177.470,0.004118,-0.355631,-0.034096,-0.073236,-0.167344,-0.032943
1790938076.090127,1790938077.164943,3.315659,6.525323,1.126577,0.009998,-0.695248,0.717754,0.036862,-88.101,-3.762,177.759,-0.004650,-0.378477,-0.036379,-0.022103,-0.132189,0.004341
1790938076.123465,1790938077.201341,3.315357,6.512378,1.125281,0.011093,-0.695403,0.717664,0.035341,-88.129,-3.731,177.973,-0.015212,-0.399794,-0.039698,0.002400,-0.086382,0.035233
1790938076.156803,1790938077.250252,3.314758,6.498756,1.123985,0.011153,-0.695361,0.717743,0.034565,-88.122,-3.674,178.041,-0.034621,-0.419026,-0.032439,0.018377,0.037191,0.029906
1790938076.190141,1790938077.293640,3.311434,6.481595,1.122159,0.009120,-0.694746,0.718347,0.034970,-88.020,-3.537,177.843,-0.056645,-0.435051,-0.007076,0.096145,0.169283,0.098087
1790938076.223479,1790938077.334580,3.309627,6.467046,1.122462,0.005609,-0.693013,0.720028,0.035508,-87.738,-3.284,177.511,-0.065028,-0.440740,0.019166,0.150476,0.159697,0.171593
1790938076.256817,1790938077.363636,3.307386,6.452258,1.123383,0.002016,-0.691779,0.721282,0.034493,-87.539,-2.902,177.304,-0.066889,-0.442966,0.035043,0.030098,0.056363,0.208879
1790938076.290155,1790938077.392019,3.305084,6.437385,1.124734,-0.000035,-0.692102,0.721085,0.032099,-87.591,-2.544,177.341,-0.059875,-0.446012,0.045337,-0.071105,-0.092777,0.137504
1790938076.323493,1790938077.426928,3.302995,6.422470,1.126336,0.000968,-0.692942,0.720413,0.028902,-87.725,-2.376,177.688,-0.048335,-0.443016,0.050293,-0.028492,-0.256833,0.059737
1790938076.356831,1790938077.461673,3.301231,6.407751,1.128071,0.003809,-0.693018,0.720477,0.024980,-87.739,-2.299,178.238,-0.046315,-0.435975,0.054721,0.035423,-0.299445,0.034170
1790938076.390168,1790938077.489304,3.299509,6.393317,1.129926,0.006898,-0.692575,0.720992,0.021515,-87.672,-2.278,178.769,-0.052897,-0.429722,0.055991,0.054599,-0.252572,0.008603
1790938076.423506,1790938077.515116,3.297551,6.379040,1.131780,0.009262,-0.692138,0.721460,0.018831,-87.607,-2.260,179.177,-0.064181,-0.425684,0.054587,0.022641,-0.151368,0.046953
1790938076.456843,1790938077.555397,3.295235,6.364800,1.133679,0.009149,-0.691902,0.721730,0.017133,-87.570,-2.116,179.308,-0.085483,-0.427152,0.060930,0.042881,0.044645,0.115132
1790938076.490181,1790938077.592593,3.290336,6.347423,1.134347,0.006113,-0.690959,0.722667,0.017058,-87.415,-1.857,179.071,-0.100662,-0.429234,0.071107,0.118518,0.193783,0.133245
1790938076.523518,1790938077.625956,3.287478,6.332641,1.136908,0.002565,-0.689096,0.724445,0.017881,-87.117,-1.625,178.718,-0.094428,-0.425049,0.075434,0.169651,0.150106,0.077849
1790938076.556856,1790938077.651950,3.284454,6.318532,1.139379,0.000649,-0.687088,0.726339,0.018450,-86.799,-1.507,178.515,-0.081772,-0.420225,0.071143,0.150475,0.067012,0.030977
1790938076.590193,1790938077.678854,3.281782,6.304610,1.141518,0.000054,-0.685570,0.727766,0.018718,-86.560,-1.475,178.442,-0.069743,-0.415710,0.057500,0.098276,0.016945,0.005410
1790938076.623531,1790938077.720774,3.279493,6.290852,1.143244,0.000251,-0.684553,0.728725,0.018636,-86.400,-1.483,178.463,-0.057729,-0.411940,0.047099,0.082297,-0.036318,-0.013764
1790938076.656868,1790938077.762749,3.276455,6.275881,1.143736,0.000889,-0.683417,0.729799,0.018278,-86.221,-1.506,178.540,-0.050908,-0.411328,0.041524,0.117453,-0.036320,0.008608
1790938076.690206,1790938077.796152,3.275000,6.262268,1.145073,0.000977,-0.681997,0.731143,0.017558,-85.999,-1.454,178.605,-0.045466,-0.411351,0.033680,0.097212,-0.034190,0.032044
1790938076.723543,1790938077.829379,3.273597,6.248603,1.146013,0.001202,-0.681430,0.731694,0.016607,-85.910,-1.398,178.701,-0.037062,-0.412040,0.023657,-0.005055,-0.060822,0.037371
1790938076.756881,1790938077.863165,3.272451,6.234903,1.146675,0.001453,-0.681856,0.731319,0.015594,-85.977,-1.340,178.806,-0.030735,-0.413167,0.018231,-0.061515,-0.032059,0.028848
1790938076.790218,1790938077.900421,3.271499,6.221186,1.147218,0.001542,-0.682692,0.730546,0.015206,-86.108,-1.319,178.847,-0.023999,-0.415942,0.015294,-0.073233,-0.018210,-0.000977
1790938076.823555,1790938077.936369,3.270884,6.207301,1.147621,0.002103,-0.683701,0.729601,0.015204,-86.266,-1.367,178.893,-0.016435,-0.419559,0.008870,-0.089213,-0.020341,-0.045721
1790938076.856893,1790938077.969626,3.270362,6.193237,1.147792,0.002775,-0.684547,0.728786,0.016064,-86.400,-1.492,178.876,-0.015053,-0.424841,0.003274,-0.043405,0.032923,-0.089398
1790938076.890230,1790938078.005302,3.269680,6.179056,1.147833,0.003075,-0.684681,0.728621,0.017714,-86.421,-1.647,178.762,-0.014167,-0.431343,0.001003,0.031164,0.082991,-0.071288
1790938076.923566,1790938078.040104,3.269331,6.164501,1.147719,0.002609,-0.684024,0.729193,0.019528,-86.317,-1.749,178.572,-0.009651,-0.440468,-0.010272,0.051405,0.105363,-0.037198
1790938076.956903,1790938078.076530,3.269394,6.149487,1.147154,0.001334,-0.683525,0.729630,0.020799,-86.238,-1.741,178.365,-0.004005,-0.454021,-0.025166,0.027968,0.106428,0.023522
1790938076.990241,1790938078.112080,3.269396,6.134166,1.146051,0.000408,-0.683261,0.729850,0.021732,-86.196,-1.736,178.213,0.006946,-0.467582,-0.039696,0.009859,0.043575,-0.039329
1790938077.023572,1790938078.148863,3.269658,6.118533,1.144546,0.000934,-0.683145,0.729920,0.023004,-86.178,-1.879,178.148,0.015130,-0.482758,-0.045294,0.022642,0.022270,-0.112834
1790938077.056903,1790938078.185662,3.270118,6.102253,1.143105,0.001675,-0.682267,0.730682,0.024753,-86.040,-2.076,178.057,0.016743,-0.498427,-0.037102,0.133432,0.077665,-0.087266
1790938077.090233,1790938078.214610,3.270548,6.085542,1.141969,0.001224,-0.680236,0.732498,0.026918,-85.721,-2.202,177.834,0.013728,-0.506575,-0.029240,0.167522,0.139453,-0.074483
1790938077.123564,1790938078.247146,3.270876,6.068749,1.140911,0.000412,-0.678757,0.733767,0.029572,-85.489,-2.335,177.543,0.012737,-0.504505,-0.033629,0.011988,0.146909,-0.068091
1790938077.156894,1790938078.300718,3.271149,6.052079,1.139698,-0.000949,-0.680057,0.732467,0.031851,-85.692,-2.403,177.249,0.010157,-0.505497,-0.035587,-0.256464,0.160759,-0.000976
1790938077.190224,1790938078.341830,3.270141,6.035356,1.137652,-0.003974,-0.683743,0.728938,0.033605,-86.273,-2.302,176.877,-0.000423,-0.514476,-0.013047,-0.286289,0.260897,0.079988
1790938077.223554,1790938078.378093,3.270279,6.017919,1.137810,-0.008223,-0.685708,0.726938,0.036031,-86.588,-2.147,176.347,0.000567,-0.519080,0.019005,-0.022097,0.261961,0.002222
1790938077.256885,1790938078.424023,3.270504,6.000545,1.138770,-0.010366,-0.684589,0.727823,0.038780,-86.416,-2.178,175.946,0.010872,-0.521397,0.039317,0.160068,0.160758,-0.023345
1790938077.290215,1790938078.461970,3.270107,5.983448,1.139062,-0.012531,-0.682558,0.729601,0.040496,-86.103,-2.120,175.627,0.006591,-0.521963,0.042004,0.121718,0.196978,0.036312
1790938077.323545,1790938078.495147,3.270225,5.965998,1.140488,-0.015358,-0.681500,0.730402,0.042832,-85.946,-2.060,175.207,0.004605,-0.521672,0.038536,0.014124,0.222545,-0.014821
1790938077.356873,1790938078.540096,3.270391,5.948668,1.141858,-0.016867,-0.681594,0.730122,0.045455,-85.967,-2.140,174.869,0.012858,-0.521260,0.046881,-0.030618,0.105362,-0.080869
1790938077.390203,1790938078.585392,3.270302,5.933315,1.142839,-0.016586,-0.681551,0.730078,0.046895,-85.958,-2.276,174.770,0.017659,-0.515746,0.063223,0.062065,0.002025,-0.062757
1790938077.423533,1790938078.620196,3.270870,5.915351,1.145199,-0.016162,-0.680205,0.731315,0.047313,-85.746,-2.334,174.764,0.013706,-0.508134,0.066911,0.162201,0.021201,0.017139
1790938077.456862,1790938078.655081,3.271146,5.898515,1.147177,-0.017112,-0.677999,0.733326,0.047513,-85.405,-2.254,174.666,0.005127,-0.498050,0.049435,0.176050,0.085118,0.026726
1790938077.490192,1790938078.687288,3.271007,5.882356,1.148320,-0.018484,-0.676080,0.734981,0.048759,-85.112,-2.221,174.449,-0.001060,-0.484773,0.019231,0.111068,0.142644,-0.007362
1790938077.523521,1790938078.722447,3.270964,5.866408,1.148406,-0.019943,-0.675315,0.735517,0.050662,-84.999,-2.240,174.172,-0.003745,-0.469227,-0.014761,-0.029550,0.131991,-0.027602
1790938077.556850,1790938078.760728,3.270984,5.850984,1.147576,-0.021207,-0.676461,0.734327,0.052098,-85.183,-2.255,173.956,-0.006449,-0.452582,-0.035364,-0.169104,0.080856,-0.002035
1790938077.590179,1790938078.799323,3.270177,5.837292,1.145716,-0.022018,-0.678913,0.732016,0.052392,-85.570,-2.230,173.876,-0.006457,-0.436318,-0.037817,-0.225563,-0.009693,0.020336
1790938077.623508,1790938078.831999,3.270087,5.822804,1.144670,-0.021793,-0.681675,0.729508,0.051594,-86.001,-2.209,173.969,-0.004787,-0.426475,-0.024494,-0.208518,-0.095982,-0.004163
1790938077.656838,1790938078.867901,3.270085,5.808645,1.144128,-0.020170,-0.683834,0.727624,0.050280,-86.332,-2.259,174.213,-0.002627,-0.421102,-0.007632,-0.096663,-0.160967,-0.035058
1790938077.690166,1790938078.914834,3.269964,5.794740,1.144007,-0.017695,-0.684262,0.727379,0.048909,-86.388,-2.361,174.523,-0.006916,-0.419123,-0.000917,0.046085,-0.150313,-0.041449
1790938077.723495,1790938078.958484,3.268624,5.783091,1.143394,-0.015784,-0.683553,0.728160,0.047845,-86.269,-2.431,174.759,-0.019137,-0.419827,-0.011585,0.066328,-0.088528,-0.014815
1790938077.756824,1790938078.983188,3.267983,5.767777,1.142721,-0.014825,-0.683370,0.728409,0.046965,-86.237,-2.441,174.908,-0.028287,-0.426211,-0.033767,-0.045528,-0.080005,0.001162
1790938077.790152,1790938079.008032,3.267679,5.752468,1.141381,-0.013945,-0.684426,0.727500,0.045942,-86.400,-2.441,175.066,-0.035117,-0.436121,-0.047371,-0.090269,-0.083199,0.021400
1790938077.823480,1790938079.031883,3.266449,5.737776,1.139798,-0.013330,-0.685166,0.726881,0.044878,-86.515,-2.414,175.205,-0.041918,-0.448629,-0.045851,-0.009307,-0.053370,0.011813
1790938077.856809,1790938079.058548,3.264933,5.722662,1.138367,-0.013266,-0.684750,0.727310,0.044292,-86.449,-2.370,175.258,-0.051690,-0.464065,-0.039071,0.078045,0.018002,0.039512
1790938077.890137,1790938079.087813,3.262911,5.707102,1.137174,-0.014547,-0.683646,0.728328,0.044214,-86.280,-2.250,175.161,-0.063082,-0.478525,-0.030971,0.073785,0.087246,0.064013
1790938077.923465,1790938079.119811,3.260718,5.691155,1.136294,-0.016347,-0.682885,0.728994,0.044358,-86.167,-2.106,175.006,-0.067383,-0.486552,-0.020085,0.032237,0.065941,0.082124
1790938077.956794,1790938079.157148,3.258604,5.675037,1.135759,-0.017127,-0.683126,0.728807,0.043422,-86.208,-1.969,175.024,-0.059512,-0.486587,-0.010508,-0.098792,-0.092786,0.060817
1790938077.990121,1790938079.192544,3.256764,5.658938,1.135681,-0.015726,-0.685244,0.726995,0.040888,-86.536,-1.901,175.351,-0.051582,-0.490189,0.009357,-0.212779,-0.245124,0.027794
1790938078.023456,1790938079.229218,3.255157,5.642756,1.136433,-0.012782,-0.687743,0.724887,0.037227,-86.921,-1.872,175.895,-0.043967,-0.495213,0.037849,-0.127554,-0.319695,0.042708
1790938078.056790,1790938079.271293,3.254068,5.626271,1.138111,-0.009067,-0.688451,0.724479,0.032913,-87.023,-1.844,176.548,-0.038485,-0.499531,0.061099,0.056741,-0.351655,0.029922
1790938078.090124,1790938079.314113,3.252319,5.610518,1.139930,-0.005032,-0.687045,0.726019,0.028972,-86.795,-1.863,177.191,-0.037711,-0.503520,0.068517,0.190968,-0.305844,-0.021207
1790938078.123459,1790938079.351793,3.251260,5.592879,1.141952,-0.001004,-0.684937,0.728128,0.026276,-86.459,-1.979,177.727,-0.035829,-0.502382,0.050731,0.150486,-0.261103,-0.060624
1790938078.156793,1790938079.395116,3.250322,5.576220,1.143256,0.002575,-0.684133,0.728947,0.024311,-86.333,-2.121,178.170,-0.039101,-0.499306,0.029357,-0.018893,-0.201448,-0.045711
1790938078.190127,1790938079.439711,3.248236,5.562424,1.143775,0.004693,-0.685017,0.728155,0.022799,-86.474,-2.182,178.465,-0.048709,-0.499139,0.027242,-0.090267,-0.109833,-0.000966
1790938078.223461,1790938079.479462,3.246271,5.543893,1.144979,0.005622,-0.685583,0.727654,0.021536,-86.564,-2.161,178.645,-0.049876,-0.501956,0.042074,0.036500,-0.088524,0.020338
1790938078.256794,1790938079.512675,3.244685,5.527339,1.146556,0.006587,-0.684234,0.728956,0.020095,-86.353,-2.126,178.837,-0.043288,-0.497045,0.051045,0.200556,-0.114090,0.027796
1790938078.290128,1790938079.547234,3.243336,5.511042,1.148147,0.008112,-0.681041,0.731977,0.018114,-85.855,-2.095,179.113,-0.032692,-0.488936,0.041186,0.315608,-0.180139,0.028861
1790938078.323463,1790938079.593092,3.242818,5.495020,1.149001,0.010541,-0.677573,0.735219,0.015405,-85.318,-2.085,179.520,-0.021091,-0.476360,0.008037,0.201621,-0.240865,0.013945
1790938078.356797,1790938079.625945,3.241126,5.481299,1.148383,0.013472,-0.676684,0.736041,0.012645,-85.188,-2.117,179.978,-0.015743,-0.466722,-0.026894,-0.063635,-0.235535,-0.019074
1790938078.390131,1790938079.655511,3.240616,5.465758,1.147314,0.015884,-0.678627,0.734240,0.010200,-85.499,-2.130,-179.623,-0.015086,-0.461359,-0.031843,-0.220233,-0.164160,0.048039
1790938078.423465,1790938079.697040,3.240152,5.450587,1.146611,0.016873,-0.681298,0.731767,0.008129,-85.920,-2.050,-179.364,-0.015519,-0.454826,-0.007128,-0.194667,-0.100242,0.035254
1790938078.456798,1790938079.738246,3.239287,5.439003,1.146692,0.017841,-0.683219,0.729961,0.007082,-86.226,-2.047,-179.195,-0.012315,-0.449339,0.022784,-0.119028,-0.069350,-0.039313
1790938078.490132,1790938079.767226,3.239091,5.421409,1.147838,0.018893,-0.683848,0.729339,0.007750,-86.328,-2.187,-179.167,-0.015119,-0.455869,0.037683,0.038632,0.048898,-0.091514
1790938078.523466,1790938079.796101,3.238539,5.406015,1.148960,0.018214,-0.682831,0.730284,0.009732,-86.166,-2.286,-179.389,-0.020275,-0.464692,0.025961,0.092962,0.182059,0.015014
1790938078.556800,1790938079.823889,3.237858,5.390373,1.149385,0.014465,-0.682193,0.730942,0.011268,-86.052,-2.093,-179.813,-0.023010,-0.478553,-0.001594,-0.003977,0.263023,0.136457
1790938078.590133,1790938079.854114,3.237343,5.374354,1.148818,0.009618,-0.682607,0.730613,0.012667,-86.104,-1.796,179.692,-0.013702,-0.492129,-0.030099,-0.063634,0.256630,0.124739
1790938078.623467,1790938079.882711,3.237304,5.357903,1.147516,0.006019,-0.683379,0.729904,0.014000,-86.219,-1.600,179.300,0.004896,-0.506256,-0.044415,-0.057243,0.134122,0.026731
1790938078.656801,1790938079.931371,3.237950,5.340899,1.146033,0.006219,-0.683691,0.729593,0.014914,-86.268,-1.689,179.240,0.030068,-0.524410,-0.041596,0.007741,-0.086393,-0.127734
1790938078.690134,1790938079.967332,3.239104,5.325881,1.144671,0.009781,-0.682986,0.730208,0.015176,-86.163,-2.007,179.495,0.042860,-0.539471,-0.027647,0.122794,-0.171616,-0.151172
1790938078.723467,1790938079.997144,3.240285,5.307557,1.143953,0.012912,-0.680982,0.732027,0.015237,-85.857,-2.273,179.729,0.034391,-0.547025,-0.020908,0.189907,-0.060826,-0.103232
1790938078.756801,1790938080.031396,3.241680,5.289437,1.142948,0.013917,-0.679674,0.733204,0.016170,-85.655,-2.429,179.725,0.023731,-0.537619,-0.043002,-0.050849,0.044634,-0.060622
1790938078.790134,1790938080.071285,3.242015,5.271742,1.141044,0.013222,-0.682683,0.730380,0.017755,-86.124,-2.496,179.548,0.011992,-0.527567,-0.067066,-0.453531,0.157558,-0.015879
1790938078.823467,1790938080.105808,3.242971,5.254344,1.138983,0.010386,-0.688595,0.724793,0.020119,-87.048,-2.451,179.148,0.003525,-0.528009,-0.047302,-0.458856,0.266215,0.039513
1790938078.856801,1790938080.146527,3.242847,5.236912,1.138238,0.006298,-0.692093,0.721414,0.022989,-87.595,-2.345,178.598,0.001433,-0.533916,0.004635,-0.077481,0.308829,0.034188
1790938078.890134,1790938080.196547,3.243637,5.219421,1.139031,0.002481,-0.690503,0.722850,0.026226,-87.338,-2.281,178.022,0.005671,-0.537492,0.039035,0.286850,0.296042,0.032055
1790938078.923468,1790938080.232486,3.243786,5.204987,1.140095,-0.001630,-0.686901,0.726163,0.029186,-86.769,-2.162,177.440,-0.000164,-0.531335,0.032059,0.219738,0.330136,0.060819
1790938078.956801,1790938080.270418,3.243623,5.186789,1.140817,-0.006425,-0.685511,0.727320,0.032232,-86.554,-1.997,176.805,-0.000323,-0.530102,0.010615,-0.031670,0.323745,0.054428
1790938078.990135,1790938080.302858,3.244740,5.172816,1.140754,-0.009573,-0.686645,0.726090,0.034925,-86.739,-1.952,176.336,0.018814,-0.527160,0.007342,-0.152047,0.119208,-0.046774
1790938079.023466,1790938080.331664,3.245747,5.155080,1.141379,-0.008977,-0.688100,0.724680,0.035730,-86.967,-2.072,176.320,0.038581,-0.526895,0.029471,-0.054039,-0.109830,-0.070211
1790938079.056796,1790938080.357915,3.247270,5.137321,1.142731,-0.006498,-0.687732,0.725107,0.034678,-86.904,-2.194,176.602,0.044928,-0.525851,0.047160,0.127059,-0.165225,-0.032925
1790938079.090127,1790938080.385724,3.248726,5.119759,1.144239,-0.004649,-0.685918,0.726896,0.033428,-86.616,-2.241,176.846,0.036845,-0.521789,0.039066,0.161149,-0.061891,-0.011620
1790938079.123456,1790938080.418671,3.249782,5.102680,1.145127,-0.004222,-0.684391,0.728326,0.033654,-86.375,-2.288,176.856,0.024479,-0.513539,0.015398,0.073796,0.060615,-0.038252
1790938079.156787,1790938080.452118,3.250335,5.085817,1.145331,-0.004814,-0.684225,0.728391,0.035487,-86.349,-2.381,176.656,0.009213,-0.501354,0.000626,-0.049777,0.137317,-0.052102
1790938079.190118,1790938080.485864,3.250583,5.069505,1.145320,-0.006244,-0.685101,0.727458,0.037450,-86.488,-2.420,176.382,-0.001672,-0.490882,0.003111,-0.100912,0.126663,0.003293
1790938079.223448,1790938080.522029,3.250421,5.053356,1.145680,-0.007734,-0.686239,0.726326,0.038306,-86.670,-2.369,176.198,-0.010767,-0.485762,0.021132,-0.096651,0.059550,0.051231
1790938079.256778,1790938080.559251,3.250177,5.037450,1.146700,-0.008797,-0.687259,0.725376,0.037768,-86.834,-2.244,176.162,-0.016627,-0.484384,0.039726,-0.072148,-0.023541,0.070404
1790938079.290108,1790938080.604081,3.249811,5.021523,1.148158,-0.008814,-0.687709,0.725022,0.036354,-86.905,-2.133,176.280,-0.018708,-0.485379,0.045897,0.020531,-0.094917,0.035250
1790938079.323438,1790938080.637559,3.250484,5.010139,1.149139,-0.007516,-0.686915,0.725846,0.035187,-86.777,-2.145,176.477,-0.022348,-0.485089,0.036910,0.112149,-0.103440,-0.032928
1790938079.356769,1790938080.668998,3.249653,4.993670,1.150073,-0.005482,-0.685781,0.726968,0.034509,-86.595,-2.256,176.690,-0.027860,-0.489618,0.012793,0.066342,-0.133268,-0.061691
1790938079.390099,1790938080.696954,3.248695,4.977374,1.150067,-0.002907,-0.685541,0.727247,0.033711,-86.554,-2.407,176.958,-0.036968,-0.495404,-0.010923,-0.006097,-0.143921,-0.070214
1790938079.423429,1790938080.739179,3.248117,4.961327,1.149421,-0.000751,-0.685805,0.727042,0.032872,-86.595,-2.522,177.198,-0.046808,-0.500554,-0.023929,-0.014618,-0.109836,-0.025475
1790938079.456758,1790938080.773018,3.245977,4.944525,1.148626,0.000144,-0.685703,0.727185,0.031847,-86.579,-2.515,177.354,-0.057159,-0.508526,-0.021892,0.055689,-0.046979,0.036313
1790938079.490088,1790938080.817697,3.243987,4.927504,1.147983,-0.000074,-0.684571,0.728291,0.030904,-86.401,-2.419,177.412,-0.062770,-0.514159,-0.017409,0.119608,-0.015021,0.064010
1790938079.523417,1790938080.855534,3.243426,4.914108,1.147030,-0.000520,-0.683444,0.729391,0.029882,-86.224,-2.297,177.459,-0.063852,-0.507685,-0.021223,0.022669,-0.035268,0.064007
1790938079.556747,1790938080.889212,3.241756,4.898141,1.146204,-0.000221,-0.684463,0.728485,0.028621,-86.384,-2.227,177.591,-0.061350,-0.495216,-0.030305,-0.220216,-0.115166,0.003286
1790938079.590075,1790938080.925679,3.239311,4.881909,1.145249,0.001607,-0.688756,0.724506,0.026539,-87.061,-2.229,177.921,-0.056705,-0.490573,-0.018906,-0.455647,-0.241931,0.028854
1790938079.623405,1790938080.959735,3.237505,4.865372,1.145331,0.004375,-0.694029,0.719561,0.023158,-87.900,-2.203,178.437,-0.052461,-0.497190,0.029701,-0.318225,-0.276020,0.008614
1790938079.656734,1790938081.000221,3.237026,4.848997,1.147276,0.007002,-0.695398,0.718300,0.020421,-88.122,-2.204,178.876,-0.047049,-0.508388,0.082522,0.137722,-0.165235,0.007545
1790938079.690063,1790938081.036172,3.236120,4.836651,1.149945,0.008186,-0.691853,0.721737,0.019206,-87.560,-2.200,179.060,-0.044358,-0.511671,0.093301,0.384874,-0.022480,0.007548
1790938079.723392,1790938081.066867,3.234474,4.819607,1.152653,0.008061,-0.687629,0.725762,0.019245,-86.891,-2.187,179.034,-0.044633,-0.513703,0.063758,0.265559,0.039305,-0.000973
1790938079.756721,1790938081.100208,3.232840,4.802667,1.154079,0.007714,-0.685820,0.727463,0.019702,-86.605,-2.192,178.963,-0.044270,-0.507159,0.025716,0.030130,0.032914,0.003287
1790938079.790050,1790938081.144336,3.231110,4.785995,1.154710,0.006451,-0.686461,0.726875,0.019559,-86.704,-2.076,178.877,-0.052101,-0.501259,0.020594,-0.103031,0.080850,0.133252
1790938079.823379,1790938081.185908,3.230914,4.772149,1.155420,0.003301,-0.687279,0.726140,0.018903,-86.830,-1.764,178.686,-0.054275,-0.496543,0.046668,0.000305,0.127716,0.170534
1790938079.856708,1790938081.223172,3.229151,4.756956,1.157340,0.000339,-0.686017,0.727357,0.018205,-86.630,-1.460,178.509,-0.041009,-0.488639,0.065340,0.201645,0.060606,0.133250
1790938079.890037,1790938081.261560,3.228254,4.741133,1.159458,-0.001155,-0.683014,0.730204,0.017099,-86.158,-1.242,178.478,-0.026924,-0.476863,0.056891,0.254911,-0.010767,0.066136
1790938079.923365,1790938081.295942,3.227607,4.725553,1.160959,-0.001248,-0.680296,0.732760,0.016067,-85.733,-1.148,178.553,-0.018044,-0.466257,0.031078,0.175013,-0.055509,0.070397
1790938079.956694,1790938081.331282,3.227027,4.710299,1.161572,-0.001703,-0.678832,0.734154,0.014212,-85.505,-0.962,178.672,-0.015340,-0.460479,0.007707,0.054634,-0.049118,0.127923
1790938079.990021,1790938081.371711,3.227526,4.695281,1.161562,-0.002283,-0.679010,0.734021,0.012395,-85.533,-0.772,178.780,-0.008384,-0.456367,-0.005033,-0.080656,-0.058712,0.059741
1790938080.023355,1790938081.412486,3.227924,4.682889,1.160994,-0.001319,-0.680491,0.732667,0.011389,-85.764,-0.777,178.941,0.001820,-0.449433,-0.002707,-0.156290,-0.103450,-0.071287
1790938080.056690,1790938081.446303,3.228018,4.669024,1.161195,0.000659,-0.682240,0.731037,0.011578,-86.037,-0.960,179.081,0.000132,-0.447549,0.018205,-0.105155,-0.027813,-0.085136
1790938080.090024,1790938081.481818,3.228003,4.654550,1.162141,0.000805,-0.682420,0.730853,0.012478,-86.066,-1.043,179.018,-0.005848,-0.445628,0.035099,0.091922,0.073388,0.000088
1790938080.123359,1790938081.517004,3.227908,4.639994,1.163223,-0.000145,-0.680730,0.732415,0.013262,-85.801,-1.022,178.875,-0.004094,-0.444718,0.025099,0.151580,0.065930,-0.005239
1790938080.156693,1790938081.553104,3.227963,4.625304,1.163556,-0.000328,-0.679336,0.733688,0.014280,-85.583,-1.084,178.774,0.000913,-0.448649,-0.006110,0.061029,0.038231,-0.052112
1790938080.190027,1790938081.591285,3.228059,4.610297,1.162752,0.000021,-0.679268,0.733733,0.015185,-85.572,-1.184,178.725,0.010823,-0.454902,-0.039039,-0.057217,0.002013,-0.037197
1790938080.223362,1790938081.624991,3.229041,4.595330,1.161128,0.000708,-0.680144,0.732912,0.015644,-85.709,-1.279,178.741,0.021094,-0.466546,-0.053638,-0.062544,-0.025685,-0.061699
1790938080.256696,1790938081.659503,3.230135,4.579932,1.159344,0.002257,-0.680542,0.732525,0.016252,-85.771,-1.457,178.811,0.029375,-0.483819,-0.049847,0.014157,-0.062970,-0.120292
1790938080.290030,1790938081.694075,3.231407,4.564026,1.157883,0.004773,-0.679440,0.733513,0.017239,-85.600,-1.744,178.922,0.034345,-0.500655,-0.038948,0.176082,-0.061904,-0.169296
1790938080.323364,1790938081.731687,3.232538,4.547535,1.156677,0.007020,-0.676853,0.735838,0.019056,-85.199,-2.070,178.937,0.027813,-0.511041,-0.036857,0.212303,0.041427,-0.171428
1790938080.356699,1790938081.768357,3.233261,4.530685,1.155205,0.007847,-0.675299,0.737169,0.022173,-84.957,-2.379,178.733,0.016931,-0.508870,-0.053169,-0.020995,0.130912,-0.170361
1790938080.390033,1790938081.801622,3.233924,4.514169,1.152995,0.007874,-0.677889,0.734671,0.025764,-85.360,-2.665,178.441,0.010257,-0.500177,-0.071999,-0.442854,0.134107,-0.133076
1790938080.423367,1790938081.834106,3.234068,4.497833,1.150741,0.006814,-0.684532,0.728392,0.028533,-86.399,-2.808,178.150,-0.000264,-0.499777,-0.049960,-0.586669,0.182047,-0.031873
1790938080.456700,1790938081.871965,3.234175,4.481607,1.150020,0.004131,-0.689584,0.723510,0.031458,-87.193,-2.829,177.715,-0.010244,-0.502763,0.007950,-0.188246,0.258749,-0.027613
1790938080.490034,1790938081.904707,3.235370,4.461672,1.151254,0.001704,-0.688846,0.724063,0.034952,-87.074,-2.902,177.230,-0.009638,-0.507754,0.045595,0.248519,0.252353,-0.041462
1790938080.523367,1790938081.931833,3.234781,4.451073,1.152185,-0.001166,-0.685273,0.727272,0.038404,-86.510,-2.920,176.702,-0.016602,-0.505508,0.033019,0.245329,0.309880,-0.011634
1790938080.556701,1790938081.969645,3.234338,4.436757,1.152570,-0.004425,-0.683445,0.728767,0.042215,-86.224,-2.938,176.120,-0.016650,-0.499151,-0.003636,-0.003947,0.280051,-0.046788
1790938080.590035,1790938082.001688,3.235360,4.424490,1.151906,-0.006568,-0.684383,0.727665,0.045615,-86.374,-3.031,175.671,-0.006742,-0.490644,-0.017546,-0.157349,0.147952,-0.088337
1790938080.623369,1790938082.029189,3.235534,4.409216,1.151535,-0.006397,-0.686264,0.725760,0.047683,-86.670,-3.220,175.520,0.005807,-0.485433,-0.000045,-0.145630,-0.007580,-0.092598
1790938080.656702,1790938082.056264,3.235906,4.393600,1.152036,-0.005508,-0.687515,0.724563,0.047967,-86.866,-3.324,175.572,0.006542,-0.482792,0.030059,-0.043360,-0.023560,-0.003113
1790938080.690036,1790938082.083344,3.236142,4.377898,1.153393,-0.006150,-0.687156,0.724909,0.047815,-86.810,-3.256,175.532,0.000800,-0.477080,0.047111,0.107911,0.079772,0.042693
1790938080.723370,1790938082.112062,3.236224,4.362443,1.154880,-0.007756,-0.685261,0.726616,0.048850,-86.514,-3.192,175.311,-0.002677,-0.463478,0.037721,0.163306,0.149016,0.007538
1790938080.756703,1790938082.149424,3.236262,4.347479,1.155702,-0.009993,-0.683639,0.728007,0.050434,-86.263,-3.119,174.996,-0.006828,-0.447327,0.011825,0.056777,0.182040,0.057606
1790938080.790036,1790938082.180766,3.237490,4.338641,1.155447,-0.012984,-0.683503,0.727994,0.051762,-86.250,-2.972,174.650,-0.009600,-0.428619,-0.014248,-0.062533,0.174582,0.071455
1790938080.823370,1790938082.207322,3.237221,4.323293,1.154704,-0.015423,-0.684579,0.726870,0.052670,-86.428,-2.848,174.387,-0.009362,-0.418419,-0.030367,-0.141364,0.095750,0.032038
1790938080.856703,1790938082.232938,3.237137,4.309710,1.153619,-0.016500,-0.686527,0.724969,0.053177,-86.739,-2.814,174.268,-0.011890,-0.413132,-0.030043,-0.187172,0.035028,0.009666
1790938080.890036,1790938082.258931,3.236913,4.296498,1.152812,-0.016963,-0.688756,0.722856,0.052985,-87.093,-2.778,174.256,-0.015870,-0.411664,-0.014888,-0.161605,-0.018234,0.030972
1790938080.923369,1790938082.284830,3.236793,4.282846,1.152614,-0.016907,-0.690010,0.721714,0.052254,-87.291,-2.734,174.326,-0.019127,-0.413902,0.000542,-0.023116,-0.051260,0.007535
1790938080.956702,1790938082.335569,3.236382,4.269322,1.152690,-0.015857,-0.689653,0.722138,0.051409,-87.231,-2.752,174.478,-0.021298,-0.416317,-0.000281,0.078086,-0.116242,-0.005248
1790938080.990035,1790938082.384006,3.237634,4.262763,1.152255,-0.014135,-0.688926,0.722991,0.049657,-87.110,-2.750,174.757,-0.025556,-0.416141,-0.018084,0.023759,-0.155661,0.007533
1790938081.023368,1790938082.421047,3.236059,4.247308,1.151440,-0.012763,-0.689276,0.722780,0.048218,-87.161,-2.753,174.986,-0.040904,-0.427049,-0.033114,-0.058267,-0.072568,0.008598
1790938081.056701,1790938082.453666,3.234515,4.232969,1.150301,-0.012660,-0.689968,0.722179,0.047333,-87.271,-2.696,175.070,-0.052908,-0.440062,-0.031748,-0.027373,-0.019304,0.059732
1790938081.090034,1790938082.494713,3.232698,4.218074,1.149456,-0.013780,-0.689451,0.722717,0.046334,-87.192,-2.520,175.063,-0.060670,-0.455307,-0.019598,0.115374,0.038221,0.124714
1790938081.123367,1790938082.532069,3.230726,4.202416,1.148974,-0.015975,-0.687544,0.724549,0.045346,-86.899,-2.247,174.966,-0.066131,-0.466562,-0.012372,0.173967,0.072311,0.150281
1790938081.156700,1790938082.568101,3.228596,4.186633,1.148551,-0.018252,-0.685742,0.726258,0.044430,-86.624,-1.973,174.858,-0.067103,-0.465974,-0.014552,0.080220,0.033960,0.119387
1790938081.190032,1790938082.604192,3.226737,4.171306,1.147922,-0.018917,-0.686344,0.725771,0.042786,-86.722,-1.792,174.945,-0.058859,-0.461159,-0.019635,-0.221258,-0.142876,0.081036
1790938081.223365,1790938082.636823,3.225397,4.156167,1.147345,-0.017065,-0.690599,0.721986,0.038962,-87.387,-1.672,175.419,-0.046399,-0.461152,-0.005362,-0.428990,-0.358067,0.074644
1790938081.256698,1790938082.672000,3.224248,4.140400,1.147933,-0.013028,-0.695275,0.717839,0.033630,-88.117,-1.608,176.191,-0.042818,-0.468538,0.044532,-0.232976,-0.410266,0.025640
1790938081.290030,1790938082.712339,3.223320,4.124345,1.150455,-0.008811,-0.695526,0.717851,0.029260,-88.146,-1.607,176.888,-0.048851,-0.478907,0.093863,0.236818,-0.308001,-0.005253
1790938081.323363,1790938082.749113,3.223879,4.114942,1.153718,-0.005076,-0.691414,0.721956,0.026455,-87.486,-1.676,177.407,-0.051263,-0.479892,0.101061,0.430706,-0.236627,-0.044672
1790938081.356694,1790938082.792714,3.221751,4.098172,1.156573,-0.001788,-0.686704,0.726504,0.025014,-86.738,-1.820,177.775,-0.062632,-0.479937,0.068308,0.326305,-0.150338,-0.062782
1790938081.390026,1790938082.832062,3.220882,4.088287,1.158191,0.000151,-0.684125,0.728962,0.024248,-86.332,-1.914,177.985,-0.075514,-0.470055,0.025416,0.079161,-0.070442,-0.021235
1790938081.423359,1790938082.866206,3.217774,4.073075,1.158559,0.000213,-0.684202,0.728898,0.023980,-86.344,-1.898,178.012,-0.093721,-0.466788,0.008603,-0.073175,0.059522,0.055464
1790938081.456691,1790938082.899640,3.214420,4.057582,1.159015,-0.001916,-0.685125,0.728022,0.024166,-86.490,-1.738,177.832,-0.101151,-0.468030,0.021756,-0.056130,0.115982,0.087423
1790938081.490023,1790938082.933609,3.211537,4.042118,1.159993,-0.003687,-0.685142,0.728004,0.024024,-86.494,-1.579,177.705,-0.087573,-0.461184,0.033689,0.050398,-0.007591,0.060790
1790938081.523355,1790938082.971869,3.208872,4.026836,1.161132,-0.003321,-0.684166,0.728972,0.022479,-86.340,-1.485,177.861,-0.069675,-0.448293,0.031816,0.119642,-0.145013,0.036289
1790938081.556687,1790938083.011436,3.206811,4.012134,1.162067,-0.001397,-0.682446,0.730650,0.020406,-86.069,-1.479,178.181,-0.058631,-0.435193,0.022624,0.163319,-0.179103,-0.004190
1790938081.590019,1790938083.054961,3.205396,3.998151,1.162603,0.000827,-0.680817,0.732225,0.018282,-85.814,-1.496,178.530,-0.050414,-0.422595,0.009053,0.085553,-0.189759,0.010721
1790938081.623351,1790938083.094723,3.205263,3.989720,1.162494,0.002784,-0.680580,0.732496,0.015876,-85.778,-1.472,178.884,-0.043373,-0.413487,-0.005230,-0.057194,-0.168452,0.038417
1790938081.656683,1790938083.127669,3.204042,3.975276,1.162270,0.004256,-0.681997,0.731210,0.013937,-86.001,-1.446,179.165,-0.039462,-0.411758,-0.004637,-0.143483,-0.109862,0.007524
1790938081.690014,1790938083.162567,3.202705,3.961718,1.162287,0.005432,-0.683532,0.729784,0.013018,-86.243,-1.474,179.337,-0.033698,-0.407405,0.006523,-0.091284,-0.077903,-0.026564
1790938081.723346,1790938083.195221,3.201710,3.948379,1.162700,0.006546,-0.684263,0.729098,0.012557,-86.359,-1.532,179.464,-0.030250,-0.407532,0.017926,-0.024169,-0.040617,-0.005258
1790938081.756677,1790938083.232784,3.200671,3.934993,1.163384,0.006300,-0.684039,0.729315,0.012283,-86.323,-1.489,179.467,-0.031082,-0.413727,0.019104,0.070641,0.052061,0.040548
1790938081.790008,1790938083.269506,3.200892,3.928252,1.163616,0.005049,-0.682956,0.730329,0.012825,-86.152,-1.426,179.322,-0.027062,-0.419105,-0.002467,0.077036,0.104258,-0.000997
1790938081.823339,1790938083.296571,3.200166,3.913254,1.162966,0.003660,-0.682557,0.730681,0.014421,-86.088,-1.435,179.078,-0.024603,-0.433299,-0.034123,-0.041211,0.140479,-0.013782
1790938081.856671,1790938083.323574,3.199373,3.898727,1.161461,0.002012,-0.683710,0.729572,0.016160,-86.268,-1.434,178.806,-0.021614,-0.445876,-0.049508,-0.121108,0.137283,-0.012715
1790938081.890002,1790938083.350593,3.198876,3.883800,1.159899,0.000907,-0.684630,0.728671,0.017888,-86.412,-1.479,178.577,-0.013631,-0.459545,-0.040500,0.000335,0.086148,-0.057459
1790938081.923333,1790938083.376870,3.198674,3.868344,1.158841,0.001462,-0.683559,0.729635,0.019455,-86.243,-1.646,178.487,-0.002740,-0.476953,-0.024540,0.181434,-0.011857,-0.119245
1790938081.956664,1790938083.410623,3.198767,3.852196,1.158142,0.003249,-0.680708,0.732254,0.020756,-85.797,-1.892,178.511,0.002289,-0.494117,-0.021086,0.258137,-0.008661,-0.128834
1790938081.989995,1790938083.437964,3.198857,3.835725,1.157170,0.004093,-0.678149,0.734572,0.022389,-85.397,-2.085,178.432,-0.000262,-0.500332,-0.038217,0.103668,0.078693,-0.075568
1790938082.023355,1790938083.477719,3.199064,3.819725,1.155349,0.003513,-0.678716,0.734003,0.023918,-85.485,-2.156,178.260,0.004148,-0.493080,-0.063232,-0.235095,0.075495,-0.021238
1790938082.056724,1790938083.515883,3.199883,3.807463,1.153250,0.003163,-0.683083,0.729913,0.024781,-86.168,-2.205,178.173,0.013809,-0.485518,-0.059442,-0.449217,0.024360,-0.044677
1790938082.090094,1790938083.544627,3.200444,3.792085,1.151894,0.003037,-0.687991,0.725248,0.025981,-86.941,-2.301,178.078,0.013988,-0.485585,-0.019482,-0.288356,0.090409,-0.060655
1790938082.123464,1790938083.585423,3.200935,3.776081,1.152035,0.002107,-0.689548,0.723704,0.027789,-87.187,-2.371,177.860,0.017331,-0.487401,0.022529,0.035491,0.131954,-0.019109
1790938082.156835,1790938083.619514,3.201996,3.764039,1.152964,0.000473,-0.687977,0.725133,0.029477,-86.938,-2.364,177.585,0.021802,-0.488687,0.032461,0.155873,0.151127,-0.010587
1790938082.190206,1790938083.650135,3.203167,3.746792,1.153752,-0.000800,-0.686575,0.726390,0.031188,-86.716,-2.388,177.338,0.031859,-0.491020,0.012616,0.041886,0.096797,-0.024435
1790938082.223577,1790938083.679748,3.204515,3.730646,1.153772,-0.001385,-0.686680,0.726234,0.032441,-86.733,-2.438,177.188,0.042091,-0.492548,-0.006055,-0.062512,0.055250,-0.052134
1790938082.256948,1790938083.721024,3.206719,3.714826,1.153518,-0.000570,-0.687718,0.725204,0.033502,-86.896,-2.594,177.167,0.059195,-0.496948,-0.003816,-0.097666,-0.087500,-0.106466
1790938082.290321,1790938083.766168,3.209079,3.699443,1.153631,0.002628,-0.688684,0.724312,0.032858,-87.049,-2.812,177.476,0.073637,-0.499966,0.012232,-0.028422,-0.234515,-0.086226
1790938082.323693,1790938083.802019,3.211621,3.685958,1.154130,0.005807,-0.688719,0.724344,0.030947,-87.058,-2.926,177.886,0.067224,-0.497689,0.024650,0.033367,-0.150352,0.016043
1790938082.357066,1790938083.838790,3.213564,3.669659,1.155034,0.005872,-0.688107,0.724985,0.029524,-86.961,-2.817,178.007,0.053448,-0.495934,0.027100,0.078108,0.021160,0.083156
1790938082.390440,1790938083.873742,3.215185,3.653405,1.155847,0.004297,-0.686848,0.726200,0.029246,-86.761,-2.660,177.902,0.047333,-0.488294,0.020018,0.136701,0.103187,0.062915
1790938082.423814,1790938083.911841,3.216629,3.637395,1.156329,0.002416,-0.684980,0.727934,0.030160,-86.465,-2.570,177.671,0.042872,-0.477235,0.007407,0.152680,0.136212,0.020303
1790938082.457188,1790938083.949085,3.218039,3.621883,1.156312,0.000509,-0.683563,0.729213,0.031463,-86.242,-2.508,177.407,0.037269,-0.467140,-0.007974,0.037627,0.133014,0.013912
1790938082.490563,1790938083.987335,3.219311,3.607023,1.155799,-0.000795,-0.683895,0.728835,0.032974,-86.294,-2.519,177.180,0.029833,-0.456874,-0.016352,-0.113642,0.086141,-0.037221
1790938082.523938,1790938084.019921,3.220549,3.592585,1.155380,-0.001367,-0.685567,0.727225,0.033747,-86.557,-2.538,177.076,0.021122,-0.447187,-0.003079,-0.143471,0.025419,0.023498
1790938082.557314,1790938084.060170,3.221446,3.578036,1.155651,-0.002257,-0.686808,0.726072,0.033307,-86.754,-2.434,177.047,0.009793,-0.440611,0.019371,-0.039072,0.008373,0.066109
1790938082.590690,1790938084.092902,3.222145,3.563716,1.156475,-0.002705,-0.686843,0.726076,0.032464,-86.760,-2.331,177.082,0.006382,-0.440309,0.026108,0.035497,-0.057673,0.029888
1790938082.624067,1790938084.125432,3.222483,3.549126,1.157152,-0.001746,-0.686384,0.726557,0.031434,-86.687,-2.328,177.242,-0.001420,-0.442202,0.012724,0.034433,-0.088566,-0.012721
1790938082.657444,1790938084.160311,3.222265,3.534591,1.157231,-0.000721,-0.686145,0.726814,0.030755,-86.649,-2.359,177.379,-0.017233,-0.445671,-0.008132,0.000345,-0.055541,-0.014852
1790938082.690820,1790938084.190571,3.221396,3.519864,1.156579,0.000261,-0.686408,0.726578,0.030468,-86.690,-2.419,177.481,-0.030569,-0.449336,-0.028118,-0.041201,-0.057672,-0.040420
1790938082.724198,1790938084.222353,3.220151,3.505087,1.155408,0.001624,-0.687019,0.726007,0.030261,-86.786,-2.518,177.607,-0.042046,-0.452125,-0.037818,-0.043332,-0.077913,-0.042551
1790938082.757576,1790938084.254747,3.218508,3.490015,1.154149,0.002850,-0.687396,0.725670,0.029687,-86.846,-2.576,177.753,-0.052873,-0.458564,-0.037195,0.006737,-0.071522,0.008582
1790938082.790955,1790938084.283785,3.216542,3.474536,1.153024,0.002887,-0.686888,0.726192,0.028656,-86.766,-2.497,177.840,-0.064111,-0.471348,-0.030350,0.098351,0.007310,0.093807
1790938082.824334,1790938084.323699,3.214484,3.458875,1.152142,0.000898,-0.685279,0.727743,0.027964,-86.513,-2.271,177.736,-0.075503,-0.482230,-0.023085,0.150551,0.118098,0.120438
1790938082.857713,1790938084.354582,3.212273,3.449354,1.151286,-0.002063,-0.683461,0.729437,0.028259,-86.228,-2.041,177.474,-0.078373,-0.476773,-0.021823,0.091963,0.137274,0.090608
1790938082.891093,1790938084.390435,3.209907,3.435209,1.150376,-0.003910,-0.683504,0.729392,0.028182,-86.236,-1.881,177.336,-0.070602,-0.466449,-0.024276,-0.162640,-0.022519,0.074629
1790938082.924473,1790938084.424876,3.208047,3.420783,1.149599,-0.003322,-0.687017,0.726181,0.025666,-86.789,-1.744,177.601,-0.056944,-0.460657,-0.012230,-0.386352,-0.256884,0.083151
1790938082.957854,1790938084.460141,3.206619,3.406091,1.149739,-0.000391,-0.691572,0.722009,0.020761,-87.508,-1.613,178.250,-0.045333,-0.461172,0.026320,-0.265973,-0.380459,0.099129
1790938082.991235,1790938084.494251,3.205195,3.390784,1.151539,0.002703,-0.692916,0.720849,0.015393,-87.723,-1.446,178.943,-0.043813,-0.468778,0.074390,0.119663,-0.314410,0.083151
1790938083.024586,1790938084.533054,3.203997,3.374971,1.154453,0.005456,-0.689752,0.723929,0.011767,-87.224,-1.383,179.455,-0.042814,-0.475441,0.084688,0.366813,-0.218537,-0.007399
1790938083.057925,1790938084.573428,3.202305,3.365391,1.156693,0.008274,-0.685662,0.727803,0.010122,-86.582,-1.486,179.806,-0.046903,-0.471512,0.047868,0.234719,-0.147159,-0.055336
1790938083.091265,1790938084.614563,3.201559,3.351188,1.157476,0.009934,-0.684274,0.729096,0.009517,-86.367,-1.576,179.984,-0.063615,-0.473050,0.007873,-0.031603,-0.017204,-0.004205
1790938083.124604,1790938084.655945,3.197708,3.345323,1.157171,0.008151,-0.685556,0.727905,0.010094,-86.565,-1.473,179.798,-0.096962,-0.473488,0.003185,-0.149848,0.240608,0.098065
1790938083.157943,1790938084.692355,3.194192,3.328072,1.157622,0.003134,-0.686990,0.726554,0.012436,-86.785,-1.240,179.211,-0.112470,-0.475922,0.027892,-0.043319,0.337549,0.108718
1790938083.191283,1790938084.724531,3.190707,3.312199,1.159047,-0.001513,-0.686279,0.727198,0.014204,-86.672,-0.991,178.697,-0.098572,-0.468406,0.052547,0.172934,0.162842,0.116174
1790938083.224622,1790938084.763071,3.188023,3.296685,1.160872,-0.003379,-0.683461,0.729852,0.013636,-86.230,-0.785,178.595,-0.076267,-0.453823,0.049811,0.264550,-0.017192,0.088477
1790938083.257962,1790938084.799502,3.186278,3.285431,1.161959,-0.003396,-0.680697,0.732457,0.012135,-85.797,-0.662,178.716,-0.056069,-0.436018,0.023859,0.139912,-0.114135,0.038407
1790938083.291301,1790938084.835382,3.184771,3.271566,1.162265,-0.001273,-0.680244,0.732914,0.010180,-85.725,-0.687,179.046,-0.031821,-0.422766,-0.000615,-0.069950,-0.232384,-0.036162
1790938083.324641,1790938084.869030,3.183867,3.257870,1.162121,0.002149,-0.681788,0.731500,0.008213,-85.967,-0.822,179.479,-0.022320,-0.412661,-0.001615,-0.155174,-0.203622,-0.072381
1790938083.357980,1790938084.905343,3.183093,3.244550,1.162347,0.005086,-0.683430,0.729963,0.007216,-86.227,-0.991,179.795,-0.017446,-0.404730,0.015871,-0.095517,-0.134377,-0.074512
1790938083.391320,1790938084.937536,3.182531,3.231398,1.163171,0.007605,-0.684434,0.729003,0.006904,-86.388,-1.177,-179.980,-0.012969,-0.401727,0.032366,-0.067820,-0.107744,-0.099013
1790938083.424660,1790938084.978596,3.182353,3.217990,1.164480,0.009412,-0.684903,0.728542,0.006794,-86.465,-1.319,-179.828,-0.011483,-0.406298,0.044204,0.018467,-0.052351,-0.031901
1790938083.457999,1790938085.015992,3.181607,3.209426,1.165901,0.010126,-0.683800,0.729566,0.006961,-86.293,-1.392,-179.788,-0.008857,-0.412023,0.038480,0.146306,0.006238,-0.057466
1790938083.491339,1790938085.052059,3.181542,3.194568,1.166769,0.010380,-0.682095,0.731147,0.007887,-86.026,-1.486,-179.849,-0.004695,-0.427337,0.012244,0.101562,0.057374,-0.037226
1790938083.524678,1790938085.089113,3.181324,3.179919,1.166654,0.009832,-0.681541,0.731658,0.009061,-85.938,-1.532,-179.992,-0.000712,-0.445378,-0.016593,-0.003899,0.095724,-0.016985
1790938083.558017,1790938085.125362,3.181391,3.165015,1.165770,0.008897,-0.681662,0.731537,0.010557,-85.955,-1.571,179.810,0.007273,-0.463125,-0.033124,-0.002834,0.088268,-0.062793
1790938083.591356,1790938085.159050,3.182011,3.149544,1.164525,0.009476,-0.681268,0.731869,0.012317,-85.894,-1.757,179.707,0.020734,-0.480842,-0.038872,0.078126,0.006239,-0.137364
1790938083.624696,1790938085.193002,3.183275,3.133286,1.163269,0.011209,-0.679672,0.733300,0.013849,-85.648,-2.021,179.709,0.026523,-0.494921,-0.037035,0.176134,-0.017199,-0.118190
1790938083.658035,1790938085.230482,3.183639,3.116908,1.161943,0.012278,-0.677666,0.735113,0.015080,-85.337,-2.206,179.683,0.021933,-0.502307,-0.043736,0.093041,0.039263,-0.084098
1790938083.691375,1790938085.272006,3.184849,3.100620,1.160157,0.012730,-0.678031,0.734737,0.016540,-85.395,-2.358,179.596,0.022614,-0.498352,-0.056743,-0.206306,0.022214,-0.075578
1790938083.724714,1790938085.323630,3.185525,3.086801,1.158058,0.013084,-0.682107,0.730929,0.017363,-86.033,-2.454,179.568,0.027084,-0.491352,-0.054028,-0.450256,0.011563,-0.027639
1790938083.758053,1790938085.359098,3.186641,3.071261,1.156822,0.012582,-0.687745,0.725617,0.018108,-86.919,-2.474,179.485,0.027111,-0.492459,-0.015516,-0.403383,0.088266,0.008580
1790938083.791393,1790938085.397535,3.188433,3.054856,1.157109,0.011338,-0.690756,0.722734,0.019591,-87.392,-2.491,179.274,0.032613,-0.495837,0.030720,-0.049704,0.121284,-0.058534
1790938083.824732,1790938085.436313,3.188998,3.042125,1.158554,0.010756,-0.689600,0.723782,0.021817,-87.207,-2.617,179.039,0.037230,-0.498935,0.047722,0.188923,0.122352,-0.063859
1790938083.858072,1790938085.468497,3.189955,3.025338,1.159961,0.009903,-0.687241,0.725966,0.023992,-86.832,-2.714,178.783,0.035589,-0.509014,0.030103,0.149506,0.155379,-0.040422
1790938083.891411,1790938085.504856,3.191008,3.008291,1.160494,0.008159,-0.685920,0.727149,0.026491,-86.620,-2.763,178.432,0.032051,-0.516560,0.004552,0.050434,0.203318,-0.045749
1790938083.924750,1790938085.538118,3.192242,2.991262,1.160329,0.006460,-0.685709,0.727258,0.029289,-86.583,-2.841,178.064,0.036903,-0.519059,-0.008047,-0.034788,0.146857,-0.059598
1790938083.958090,1790938085.580415,3.194030,2.974184,1.160113,0.006428,-0.686441,0.726498,0.030938,-86.698,-2.970,177.927,0.048040,-0.520607,0.001302,-0.078465,-0.015067,-0.064925
1790938083.991429,1790938085.619829,3.195912,2.960745,1.160329,0.007177,-0.687178,0.725804,0.030732,-86.816,-3.018,178.006,0.050994,-0.519936,0.021682,-0.030525,-0.053417,0.028819
1790938084.024767,1790938085.644691,3.197146,2.942906,1.161344,0.006993,-0.686978,0.726036,0.029731,-86.784,-2.924,178.074,0.047715,-0.518957,0.036231,0.082395,-0.006545,0.053322
1790938084.058106,1790938085.673333,3.198760,2.925715,1.162540,0.006662,-0.685366,0.727565,0.029637,-86.529,-2.884,178.049,0.047476,-0.510754,0.030917,0.160162,0.020085,-0.013791
1790938084.091444,1790938085.699765,3.200379,2.909019,1.163237,0.006556,-0.683768,0.729058,0.029884,-86.278,-2.890,178.014,0.043610,-0.499234,0.010168,0.067480,0.025412,0.016037
1790938084.124784,1790938085.727757,3.201680,2.892745,1.163228,0.005586,-0.683806,0.729016,0.030227,-86.283,-2.836,177.910,0.027380,-0.492910,-0.004203,-0.077398,0.110636,0.046929
1790938084.158122,1790938085.763789,3.202549,2.876597,1.163103,0.003403,-0.685212,0.727665,0.031245,-86.502,-2.738,177.659,0.014156,-0.491078,0.003208,-0.144511,0.128745,0.036276
1790938084.191461,1790938085.799947,3.203763,2.860624,1.163535,0.002097,-0.686722,0.726225,0.031712,-86.739,-2.671,177.522,0.013454,-0.487794,0.025529,-0.091246,-0.011877,0.046926
1790938084.224800,1790938085.842846,3.203979,2.844860,1.164800,0.002512,-0.687260,0.725788,0.029967,-86.825,-2.570,177.703,0.012336,-0.486782,0.047862,0.018477,-0.154622,0.062908
1790938084.258138,1790938085.876801,3.204601,2.828982,1.166583,0.004032,-0.686521,0.726572,0.027663,-86.709,-2.513,178.012,0.002254,-0.488739,0.054679,0.118616,-0.130121,0.001121
1790938084.291477,1790938085.921113,3.205143,2.812831,1.168264,0.005345,-0.684869,0.728154,0.026787,-86.450,-2.549,178.182,-0.011355,-0.492927,0.041590,0.143119,-0.051295,-0.022318
1790938084.324816,1790938085.963070,3.219299,2.815722,1.169592,0.006345,-0.683482,0.729429,0.027288,-86.233,-2.669,178.214,-0.006416,-0.485489,0.017917,0.062158,-0.015037,-0.010630
1790938084.358154,1790938086.001908,3.203888,2.791038,1.169175,0.006017,-0.683107,0.729804,0.026741,-86.174,-2.597,178.233,-0.036805,-0.497199,0.003910,0.019550,0.014754,0.002184
1790938084.391493,1790938086.032207,3.201897,2.769733,1.169381,0.005741,-0.682554,0.730329,0.026593,-86.087,-2.561,178.221,-0.042547,-0.509466,0.005657,0.102641,0.006236,0.025620
1790938084.424831,1790938086.058642,3.200491,2.751369,1.169691,0.005308,-0.680715,0.732064,0.026108,-85.798,-2.483,178.222,-0.046676,-0.520282,0.009001,0.188929,0.001975,0.056514
1790938084.458169,1790938086.086145,3.198817,2.733363,1.170016,0.004392,-0.678419,0.734224,0.025346,-85.439,-2.341,178.207,-0.056319,-0.532389,0.008980,0.175080,0.037130,0.073559
1790938084.491507,1790938086.122025,3.196732,2.715374,1.170272,0.003369,-0.676358,0.736127,0.025402,-85.117,-2.254,178.117,-0.068473,-0.536327,0.005906,0.156970,0.056305,-0.009532
1790938084.524846,1790938086.153232,3.194396,2.702152,1.170141,0.003004,-0.674721,0.737617,0.025761,-84.862,-2.246,178.053,-0.073283,-0.522236,0.000392,0.065357,0.003039,0.026684
1790938084.558184,1790938086.187502,3.191854,2.686404,1.170094,0.002850,-0.675207,0.737199,0.024999,-84.938,-2.176,178.107,-0.080454,-0.511987,0.002917,-0.157289,-0.041700,0.030946
1790938084.591523,1790938086.226052,3.189158,2.669831,1.170376,0.003263,-0.677848,0.734785,0.024549,-85.349,-2.182,178.185,-0.087052,-0.512284,0.020164,-0.239316,-0.044896,-0.012729
1790938084.624861,1790938086.260741,3.186540,2.652877,1.171597,0.003525,-0.679713,0.733078,0.023959,-85.641,-2.163,178.260,-0.090751,-0.517385,0.053073,-0.012407,-0.032116,0.038401
1790938084.658200,1790938086.291702,3.183235,2.635468,1.173816,0.003522,-0.678139,0.734564,0.023036,-85.395,-2.087,178.333,-0.089003,-0.519341,0.072080,0.246458,-0.052354,0.029880
1790938084.691538,1790938086.328475,3.181543,2.618176,1.176140,0.004341,-0.675037,0.737437,0.022181,-84.913,-2.083,178.460,-0.083072,-0.518704,0.060424,0.214500,-0.081129,-0.013799
1790938084.724877,1790938086.360843,3.178419,2.605215,1.177388,0.005948,-0.673445,0.738895,0.021691,-84.667,-2.178,178.621,-0.081635,-0.511216,0.032544,0.030205,-0.084312,-0.069191
1790938084.758215,1790938086.386039,3.175478,2.586812,1.178252,0.007422,-0.674065,0.738314,0.021753,-84.765,-2.309,178.732,-0.088422,-0.508107,0.024738,-0.099762,-0.027850,-0.037232
1790938084.791553,1790938086.413337,3.172494,2.569828,1.179337,0.007419,-0.675220,0.737252,0.021955,-84.945,-2.326,178.718,-0.094500,-0.507553,0.043365,-0.059281,0.032869,0.010705
1790938084.824892,1790938086.439187,3.169463,2.552762,1.181141,0.007154,-0.675138,0.737327,0.022077,-84.931,-2.313,178.687,-0.086850,-0.502875,0.061413,0.076010,-0.019330,-0.004207
1790938084.858230,1790938086.471482,3.166956,2.536057,1.183261,0.008266,-0.673383,0.738941,0.021305,-84.661,-2.345,178.833,-0.071994,-0.492491,0.059879,0.210238,-0.139707,-0.006339
1790938084.891569,1790938086.499335,3.165732,2.502151,1.185238,0.010499,-0.670889,0.741229,0.019421,-84.279,-2.386,179.157,-0.059458,-0.491313,0.038543,0.199574,-0.184452,0.000051
1790938084.924906,1790938086.524112,3.164566,2.505723,1.185548,0.012939,-0.669022,0.742931,0.017211,-83.997,-2.422,179.526,-0.050567,-0.465086,0.013504,0.067488,-0.207888,0.004311
1790938084.958244,1790938086.546879,3.163108,2.491064,1.185685,0.015718,-0.669162,0.742801,0.014888,-84.028,-2.480,179.938,-0.045786,-0.456363,0.001228,-0.079521,-0.202562,-0.011668
1790938084.991583,1790938086.579705,3.161701,2.475853,1.185840,0.017873,-0.670386,0.741681,0.013114,-84.225,-2.527,-179.741,-0.046013,-0.451593,0.011945,-0.095500,-0.124795,0.003246
1790938085.024921,1790938086.608375,3.161846,2.465222,1.186213,0.018906,-0.671447,0.740713,0.012069,-84.393,-2.534,-179.569,-0.043595,-0.440399,0.024703,-0.092302,-0.054487,0.012830
1790938085.058260,1790938086.631360,3.160240,2.450613,1.187129,0.018905,-0.672880,0.739420,0.011540,-84.615,-2.492,-179.520,-0.042697,-0.436444,0.027879,-0.130652,0.017951,0.060769
1790938085.091599,1790938086.655147,3.158952,2.435935,1.188022,0.017158,-0.674302,0.738176,0.010912,-84.830,-2.295,-179.597,-0.040334,-0.437765,0.023639,-0.079519,0.075477,0.125752
1790938085.124938,1790938086.678068,3.157820,2.421422,1.188543,0.014946,-0.674885,0.737698,0.010388,-84.913,-2.067,-179.722,-0.031392,-0.443534,0.005318,-0.026253,0.071217,0.086336
1790938085.158276,1790938086.699939,3.156936,2.406441,1.188307,0.013291,-0.675176,0.737463,0.010401,-84.953,-1.928,-179.850,-0.024879,-0.455208,-0.018514,-0.026253,0.089326,0.070355
1790938085.191615,1790938086.723109,3.156245,2.391098,1.187383,0.011005,-0.675487,0.737212,0.010682,-84.996,-1.757,179.949,-0.021309,-0.471296,-0.034170,-0.021993,0.127678,0.068226
1790938085.224954,1790938086.753175,3.155772,2.375282,1.186086,0.009411,-0.675484,0.737223,0.011611,-84.991,-1.694,179.747,-0.011491,-0.487857,-0.041702,0.024880,0.071217,-0.026584
1790938085.258293,1790938086.785602,3.155742,2.358852,1.184696,0.009779,-0.674864,0.737766,0.012835,-84.896,-1.820,179.671,-0.002243,-0.503300,-0.039703,0.087733,-0.001221,-0.107547
1790938085.291631,1790938086.813377,3.158016,2.344019,1.183283,0.011113,-0.673229,0.739218,0.013997,-84.644,-2.022,179.671,0.003800,-0.514170,-0.030021,0.178283,-0.002289,-0.078786
1790938085.324970,1790938086.836128,3.157945,2.326824,1.182417,0.011137,-0.670849,0.741365,0.014674,-84.276,-2.075,179.609,0.001085,-0.517696,-0.026464,0.180414,0.060562,0.029872
1790938085.358308,1790938086.859006,3.158212,2.309671,1.181255,0.009852,-0.669756,0.742360,0.015175,-84.104,-2.003,179.465,0.003100,-0.513231,-0.041407,-0.064602,0.082934,0.021349
1790938085.391646,1790938086.893715,3.158588,2.292669,1.179606,0.008832,-0.672373,0.739987,0.016000,-84.507,-1.982,179.323,0.005092,-0.513872,-0.048831,-0.374604,0.075476,-0.028718
1790938085.424985,1790938086.925685,3.160976,2.269451,1.178626,0.007890,-0.677582,0.735186,0.017960,-85.314,-2.060,179.099,-0.002215,-0.524821,-0.018507,-0.395915,0.173484,-0.047897
1790938085.458324,1790938086.959481,3.160501,2.260960,1.178492,0.005780,-0.680346,0.732568,0.020994,-85.742,-2.122,178.687,-0.003858,-0.526052,0.028581,-0.032642,0.222488,-0.083051
1790938085.491662,1790938086.988777,3.162107,2.245771,1.179643,0.004706,-0.679009,0.733710,0.024366,-85.532,-2.292,178.316,0.007148,-0.531901,0.050111,0.217703,0.137265,-0.097966
1790938085.525001,1790938087.013698,3.162655,2.227419,1.181152,0.004790,-0.676026,0.736396,0.026197,-85.066,-2.434,178.158,0.019539,-0.536887,0.031687,0.218767,0.004103,-0.062812
1790938085.558340,1790938087.034290,3.163821,2.209674,1.181589,0.005977,-0.674328,0.737952,0.025954,-84.803,-2.512,178.265,0.034343,-0.539604,-0.003827,0.037666,-0.110947,-0.019136
1790938085.591678,1790938087.054937,3.165393,2.192051,1.181026,0.008225,-0.675000,0.737347,0.025051,-84.911,-2.634,178.518,0.046326,-0.541617,-0.021126,-0.137041,-0.159951,-0.110750
1790938085.625017,1790938087.075808,3.167123,2.174417,1.180477,0.011372,-0.676929,0.735540,0.024886,-85.217,-2.890,178.783,0.049314,-0.543000,-0.005688,-0.143432,-0.127992,-0.111817
1790938085.658355,1790938087.097919,3.168814,2.156440,1.180775,0.013093,-0.677978,0.734564,0.024290,-85.385,-2.991,178.971,0.042063,-0.539608,0.023607,0.014231,-0.066206,0.049041
1790938085.691694,1790938087.119449,3.170210,2.138596,1.181965,0.012500,-0.676762,0.735744,0.022758,-85.194,-2.820,179.049,0.029193,-0.535216,0.041866,0.196396,0.008364,0.110829
1790938085.725032,1790938087.142735,3.171027,2.120886,1.183244,0.011124,-0.673778,0.738513,0.022324,-84.727,-2.666,178.968,0.013873,-0.526042,0.030005,0.257118,0.106371,0.051172
1790938085.758371,1790938087.163514,3.171160,2.103729,1.183680,0.008608,-0.671411,0.740665,0.023430,-84.355,-2.534,178.672,-0.002362,-0.516774,-0.002959,0.071757,0.201183,0.044781
1790938085.791708,1790938087.198543,3.170974,2.087204,1.182995,0.005488,-0.671758,0.740323,0.025177,-84.404,-2.404,178.285,-0.010122,-0.509445,-0.029658,-0.146627,0.191595,0.058628
1790938085.825046,1790938087.227321,3.172431,2.077138,1.181387,0.003407,-0.674336,0.737953,0.026162,-84.802,-2.310,178.049,-0.003959,-0.495766,-0.031712,-0.261677,0.039259,0.011753
1790938085.858385,1790938087.260540,3.172201,2.061070,1.180712,0.003861,-0.677565,0.734993,0.026010,-85.305,-2.345,178.107,-0.000836,-0.487929,-0.007107,-0.236109,-0.086445,-0.032987
1790938085.891723,1790938087.300549,3.171643,2.009561,1.181574,0.005408,-0.680211,0.732552,0.025525,-85.720,-2.444,178.277,-0.004695,-0.516993,0.023969,-0.106167,-0.093902,-0.038315
1790938085.925062,1790938087.335055,3.173499,2.030630,1.181765,0.006297,-0.680272,0.732521,0.024554,-85.730,-2.443,178.428,-0.010612,-0.487450,0.040079,0.049388,-0.061942,0.052232
1790938085.958400,1790938087.361915,3.173304,2.016080,1.182984,0.006591,-0.679031,0.733706,0.023416,-85.537,-2.377,178.543,-0.015278,-0.492498,0.030463,0.138874,-0.058746,0.011750
1790938085.991739,1790938087.389908,3.172746,1.999623,1.183542,0.007426,-0.677496,0.735138,0.022734,-85.299,-2.391,178.660,-0.021507,-0.501458,0.001582,0.096262,-0.067269,-0.002097
1790938086.025078,1790938087.416291,3.171949,1.982978,1.183041,0.008169,-0.676764,0.735830,0.021880,-85.186,-2.386,178.787,-0.029337,-0.513113,-0.028709,0.029149,-0.063008,0.019208
1790938086.058418,1790938087.437911,3.170996,1.966024,1.181729,0.008904,-0.676671,0.735930,0.021067,-85.173,-2.385,178.913,-0.035319,-0.525247,-0.043909,0.005715,-0.068335,0.005358
1790938086.091757,1790938087.462845,3.169758,1.948519,1.180374,0.009263,-0.676212,0.736374,0.020118,-85.102,-2.341,179.019,-0.042409,-0.539813,-0.034367,0.086675,-0.023592,0.054362
1790938086.125097,1790938087.495070,3.168558,1.930783,1.179577,0.008289,-0.674581,0.737905,0.019208,-84.847,-2.186,179.016,-0.048605,-0.551274,-0.015569,0.180423,0.050974,0.107625
1790938086.158437,1790938087.530745,3.167011,1.912604,1.179231,0.006296,-0.672063,0.740231,0.018707,-84.454,-1.975,178.897,-0.048378,-0.549043,-0.007996,0.184683,0.069083,0.072470
1790938086.191777,1790938087.565318,3.165140,1.893932,1.178784,0.005645,-0.670907,0.741289,0.018493,-84.275,-1.902,178.862,-0.040793,-0.542617,-0.016317,-0.044353,-0.039572,0.006423
1790938086.225116,1790938087.601347,3.164297,1.876636,1.178143,0.007034,-0.673380,0.739061,0.017287,-84.660,-1.930,179.078,-0.032622,-0.539832,-0.011861,-0.329854,-0.201497,-0.018077
1790938086.258455,1790938087.636021,3.165957,1.864612,1.177508,0.010430,-0.677509,0.735294,0.014669,-85.308,-2.018,179.573,-0.024021,-0.531802,0.018343,-0.243563,-0.302699,-0.005298
1790938086.291795,1790938087.671610,3.165083,1.847055,1.178994,0.013836,-0.678793,0.734115,0.011099,-85.518,-2.028,-179.857,-0.023484,-0.528013,0.059364,0.076024,-0.278198,0.047966
1790938086.325135,1790938087.714016,3.166501,1.832595,1.180909,0.016997,-0.676416,0.736284,0.007670,-85.159,-2.029,-179.329,-0.014318,-0.518530,0.071734,0.283759,-0.283523,-0.020214
1790938086.358474,1790938087.748215,3.167524,1.820984,1.182573,0.021640,-0.673394,0.738948,0.005310,-84.709,-2.243,-178.779,-0.007902,-0.501082,0.044338,0.137815,-0.301634,-0.140595
1790938086.391814,1790938087.782488,3.166736,1.805175,1.183487,0.026271,-0.673104,0.739070,0.003970,-84.688,-2.532,-178.308,-0.021157,-0.492771,0.018269,-0.092287,-0.185515,-0.094786
1790938086.425154,1790938087.812147,3.166354,1.791231,1.183805,0.028038,-0.674595,0.737647,0.003532,-84.930,-2.644,-178.129,-0.034882,-0.491472,0.020349,-0.112527,-0.005481,-0.018085
1790938086.458494,1790938087.837982,3.165024,1.775151,1.184787,0.027832,-0.675395,0.736920,0.004061,-85.053,-2.666,-178.187,-0.037454,-0.490503,0.037327,0.014242,0.058435,-0.011693
1790938086.491833,1790938087.860650,3.163785,1.758994,1.186257,0.026638,-0.674275,0.737988,0.004310,-84.872,-2.587,-178.304,-0.035095,-0.485900,0.048458,0.177233,0.078677,0.100162
1790938086.525173,1790938087.885411,3.162550,1.742759,1.187832,0.023654,-0.671387,0.740720,0.003618,-84.408,-2.287,-178.486,-0.034209,-0.483494,0.039033,0.279501,0.126614,0.178993
1790938086.558513,1790938087.912693,3.161654,1.726639,1.188487,0.020542,-0.668559,0.743372,0.002239,-83.957,-1.922,-178.616,-0.016645,-0.476810,-0.002705,0.129294,-0.000154,0.182189
1790938086.591853,1790938087.941431,3.161686,1.711049,1.187564,0.020120,-0.668667,0.743290,-0.000597,-83.973,-1.668,-178.407,0.008051,-0.470582,-0.046080,-0.153008,-0.189778,0.075659
1790938086.625193,1790938087.972729,3.162334,1.695599,1.185637,0.022600,-0.671615,0.740548,-0.003177,-84.440,-1.674,-177.990,0.021127,-0.465444,-0.060727,-0.301085,-0.222801,-0.037261
1790938086.658532,1790938088.000617,3.163444,1.681509,1.183507,0.025827,-0.675299,0.737078,-0.004430,-85.029,-1.839,-177.625,0.024224,-0.458428,-0.046663,-0.282974,-0.163147,-0.105441
1790938086.691871,1790938088.034557,3.164439,1.666096,1.182493,0.028820,-0.678247,0.734256,-0.004284,-85.506,-2.092,-177.397,0.020195,-0.458506,-0.018150,-0.193489,-0.086445,-0.134204
1790938086.725211,1790938088.072871,3.164975,1.651107,1.182311,0.030372,-0.679722,0.732834,-0.003155,-85.746,-2.305,-177.366,0.011306,-0.460585,0.003710,-0.039022,0.044586,-0.063893
1790938086.758551,1790938088.103796,3.165299,1.635630,1.182521,0.029779,-0.679536,0.733035,-0.001952,-85.713,-2.350,-177.514,0.008298,-0.464793,0.000905,0.060050,0.122354,-0.007434
1790938086.791890,1790938088.129104,3.165473,1.620055,1.182166,0.028034,-0.679004,0.733599,0.000090,-85.618,-2.364,-177.824,0.009659,-0.473176,-0.023621,0.005721,0.208643,-0.025543
1790938086.825230,1790938088.153502,3.165909,1.604108,1.180904,0.025589,-0.679261,0.733445,0.002831,-85.643,-2.372,-178.244,0.023984,-0.484438,-0.050555,-0.023042,0.195858,-0.032999
1790938086.858570,1790938088.175064,3.167286,1.587757,1.178859,0.024836,-0.679311,0.733413,0.005023,-85.646,-2.479,-178.487,0.053342,-0.502426,-0.070087,0.018502,0.001974,-0.124615
1790938086.891909,1790938088.198567,3.169990,1.570916,1.176379,0.028496,-0.678617,0.733914,0.006046,-85.559,-2.868,-178.290,0.085602,-0.520161,-0.076108,0.093073,-0.246238,-0.267366
1790938086.925249,1790938088.223037,3.173263,1.553565,1.173899,0.034655,-0.676873,0.735259,0.005993,-85.329,-3.387,-177.813,0.093345,-0.523717,-0.075570,0.134621,-0.241978,-0.214101
1790938086.958589,1790938088.245909,3.175914,1.536353,1.171205,0.038365,-0.676677,0.735254,0.006240,-85.328,-3.719,-177.545,0.070228,-0.520171,-0.081747,-0.198815,-0.006548,-0.059634
1790938086.991929,1790938088.267781,3.177327,1.519520,1.168601,0.036083,-0.681389,0.730995,0.007331,-86.046,-3.597,-177.792,0.029063,-0.522219,-0.060519,-0.553559,0.272558,0.163013
1790938087.025268,1790938088.298693,3.177669,1.502428,1.167501,0.029235,-0.687806,0.725255,0.008621,-87.007,-3.111,-178.410,0.009993,-0.525919,0.001216,-0.351153,0.364174,0.234387
1790938087.058606,1790938088.330079,3.177286,1.486154,1.168292,0.023314,-0.689209,0.724106,0.010817,-87.194,-2.790,-179.055,0.013577,-0.524617,0.059608,0.195343,0.339667,0.066072
1790938087.091945,1790938088.357822,3.176576,1.470090,1.170535,0.018502,-0.684613,0.728520,0.014850,-86.446,-2.711,-179.788,0.006038,-0.518580,0.066815,0.487234,0.445132,-0.028736
1790938087.125283,1790938088.392708,3.176574,1.453191,1.172161,0.013324,-0.679269,0.733481,0.020533,-85.588,-2.719,179.311,-0.000573,-0.509437,0.025491,0.289089,0.441938,-0.061759
1790938087.158621,1790938088.430888,3.176049,1.437218,1.171997,0.009651,-0.677165,0.735331,0.025332,-85.250,-2.780,178.613,0.008182,-0.494029,-0.024287,0.004658,0.232072,-0.066020
1790938087.191959,1790938088.461447,3.175479,1.402521,1.170962,0.009797,-0.678778,0.733737,0.028203,-85.501,-3.019,178.388,0.021546,-0.498755,-0.046824,-0.219076,-0.032125,-0.194920
1790938087.225298,1790938088.486583,3.176719,1.397891,1.169293,0.013176,-0.681427,0.731182,0.029273,-85.923,-3.392,178.573,0.025219,-0.467850,-0.026622,-0.220125,-0.165282,-0.156568
1790938087.258636,1790938088.511048,3.177504,1.388412,1.169119,0.016383,-0.683360,0.729317,0.029108,-86.237,-3.651,178.848,0.013366,-0.447214,0.018284,-0.063523,-0.094973,-0.062823
1790938087.291975,1790938088.543497,3.177623,1.376536,1.170335,0.016744,-0.682989,0.729652,0.029220,-86.180,-3.689,178.865,-0.005949,-0.432387,0.049447,0.127165,0.090388,0.035182
1790938087.325314,1790938088.572340,3.176182,1.366125,1.171846,0.014339,-0.680481,0.731998,0.030313,-85.778,-3.569,178.572,-0.018887,-0.415410,0.047781,0.237959,0.212902,0.025598
1790938087.358652,1790938088.597260,3.175596,1.353316,1.173008,0.011640,-0.677898,0.734325,0.032965,-85.366,-3.542,178.126,-0.025222,-0.400940,0.021065,0.123972,0.254450,-0.024469
1790938087.391990,1790938088.632202,3.174844,1.340420,1.173258,0.008912,-0.677196,0.734850,0.036369,-85.250,-3.575,177.624,-0.031348,-0.390575,-0.002086,-0.032623,0.267226,-0.042581
1790938087.425329,1790938088.671158,3.173048,1.329970,1.172743,0.006121,-0.677887,0.734070,0.039676,-85.353,-3.599,177.131,-0.035431,-0.376786,-0.008653,-0.095475,0.225688,-0.010620
1790938087.458667,1790938088.711892,3.172138,1.318011,1.172568,0.003825,-0.678826,0.733110,0.041599,-85.497,-3.560,176.795,-0.032065,-0.365201,-0.001150,-0.068843,0.107440,0.031990
1790938087.492006,1790938088.750683,3.171437,1.307255,1.172567,0.002586,-0.679277,0.732693,0.041686,-85.567,-3.464,176.693,-0.028069,-0.355276,0.002951,-0.011316,0.016890,0.059688
1790938087.525344,1790938088.787999,3.170433,1.295299,1.172574,0.001651,-0.679342,0.732661,0.041228,-85.577,-3.350,176.660,-0.030751,-0.352801,-0.004773,-0.016643,0.033935,0.056493
1790938087.558682,1790938088.823668,3.169412,1.283652,1.172163,0.000897,-0.679865,0.732189,0.041026,-85.659,-3.273,176.620,-0.030185,-0.355216,-0.019921,-0.085887,0.003041,0.027729
1790938087.592020,1790938088.859990,3.168523,1.271874,1.171230,0.001071,-0.681259,0.730929,0.040356,-85.878,-3.242,176.696,-0.028119,-0.360615,-0.034193,-0.123172,-0.089638,0.005358
1790938087.625358,1790938088.892304,3.167950,1.259776,1.169942,0.002669,-0.682465,0.729870,0.039049,-86.067,-3.279,176.936,-0.027656,-0.370234,-0.041505,-0.047535,-0.151426,-0.022340
1790938087.658696,1790938088.928143,3.166806,1.247222,1.168490,0.004435,-0.682817,0.729600,0.037766,-86.124,-3.328,177.184,-0.038655,-0.385448,-0.045251,0.003598,-0.090703,-0.008491
1790938087.692034,1790938088.959884,3.165293,1.234106,1.167033,0.004407,-0.682641,0.729797,0.037125,-86.097,-3.274,177.234,-0.058202,-0.404881,-0.041430,0.029164,0.056304,0.071405
1790938087.725373,1790938088.995624,3.162826,1.220154,1.165804,0.001785,-0.682099,0.730316,0.037106,-86.010,-3.051,177.029,-0.073163,-0.423891,-0.032491,0.055796,0.166031,0.152368
1790938087.758711,1790938089.031128,3.160180,1.205963,1.164929,-0.002527,-0.681148,0.731208,0.036967,-85.863,-2.675,176.700,-0.079829,-0.438565,-0.019126,0.076036,0.197990,0.198176
1790938087.792049,1790938089.063893,3.157755,1.191323,1.164528,-0.006708,-0.680166,0.732118,0.036498,-85.715,-2.283,176.410,-0.073654,-0.440975,-0.005600,0.058993,0.109569,0.189653
1790938087.825387,1790938089.102265,3.156848,1.176766,1.164397,-0.008793,-0.679989,0.732344,0.034797,-85.692,-1.974,176.390,-0.057621,-0.429259,-0.003022,-0.070972,-0.091781,0.124665
1790938087.858726,1790938089.139148,3.155746,1.163716,1.164183,-0.007637,-0.681761,0.730865,0.031293,-85.968,-1.805,176.779,-0.042124,-0.419243,0.002213,-0.206264,-0.327206,0.079923
1790938087.892064,1790938089.183503,3.153942,1.150186,1.164578,-0.003625,-0.684284,0.728752,0.025753,-86.359,-1.717,177.563,-0.032658,-0.413334,0.022198,-0.132758,-0.467819,0.039444
1790938087.925402,1790938089.216029,3.154002,1.136404,1.165761,0.001730,-0.684600,0.728639,0.020113,-86.407,-1.723,178.455,-0.032550,-0.407944,0.043294,0.107998,-0.435872,0.041570
1790938087.958740,1790938089.239378,3.152730,1.122877,1.167280,0.006558,-0.683116,0.730108,0.015848,-86.178,-1.789,179.187,-0.044393,-0.404699,0.045740,0.125042,-0.317624,-0.047913
1790938087.992078,1790938089.277933,3.150741,1.109958,1.168630,0.011059,-0.682075,0.731069,0.013797,-86.024,-2.005,179.708,-0.053623,-0.403338,0.037354,0.058995,-0.239847,-0.139526
1790938088.025417,1790938089.314796,3.148955,1.097763,1.169690,0.014570,-0.681464,0.731587,0.013251,-85.937,-2.257,-179.973,-0.071834,-0.399878,0.036923,0.056865,-0.074727,-0.068153
1790938088.058758,1790938089.350964,3.145939,1.084923,1.171038,0.014912,-0.680617,0.732359,0.013752,-85.806,-2.325,-179.991,-0.094373,-0.397506,0.044699,0.085628,0.093590,0.008547
1790938088.092100,1790938089.384021,3.142415,1.071861,1.172627,0.012493,-0.679495,0.733428,0.014603,-85.623,-2.188,179.745,-0.107108,-0.394152,0.047892,0.088824,0.183075,0.101228
1790938088.125442,1790938089.417019,3.138746,1.058981,1.174004,0.009003,-0.678593,0.734297,0.015418,-85.474,-1.957,179.402,-0.105003,-0.383241,0.032541,0.047276,0.157507,0.093772
1790938088.158783,1790938089.449219,3.135605,1.046696,1.174723,0.007090,-0.678395,0.734499,0.015556,-85.440,-1.806,179.241,-0.087378,-0.368067,0.013371,-0.017704,0.011560,0.046898
1790938088.192125,1790938089.481431,3.132940,1.034712,1.174978,0.006975,-0.678641,0.734279,0.015209,-85.479,-1.770,179.262,-0.077311,-0.355939,0.003914,-0.010248,-0.006548,-0.014887
1790938088.225467,1790938089.510980,3.130345,1.023211,1.175072,0.006987,-0.678565,0.734337,0.015813,-85.467,-1.818,179.212,-0.073361,-0.344160,0.002584,0.029167,0.054172,-0.045781
1790938088.258809,1790938089.543677,3.127982,1.012134,1.175188,0.006695,-0.677935,0.734895,0.017019,-85.368,-1.886,179.086,-0.066858,-0.332815,0.003864,0.073911,0.059498,-0.025540
1790938088.292150,1790938089.579921,3.126399,1.001213,1.175361,0.006578,-0.676793,0.735937,0.017436,-85.189,-1.907,179.039,-0.054576,-0.319652,0.005555,0.115457,-0.018272,0.010677
1790938088.325492,1790938089.616744,3.124257,0.991996,1.175003,0.006768,-0.675459,0.737185,0.016353,-84.982,-1.838,179.142,-0.044244,-0.308718,0.001724,0.073911,-0.066210,0.054356
1790938088.358834,1790938089.648003,3.122930,0.982543,1.174967,0.006911,-0.675271,0.737383,0.015065,-84.954,-1.750,179.261,-0.036755,-0.300947,-0.001936,-0.053924,-0.055554,0.031985
1790938088.392176,1790938089.681856,3.121859,0.973042,1.174915,0.007463,-0.676548,0.736224,0.014228,-85.153,-1.733,179.378,-0.025766,-0.293713,0.003326,-0.141277,-0.073664,0.006417
1790938088.425518,1790938089.716215,3.121300,0.963515,1.175245,0.008478,-0.678307,0.734611,0.013185,-85.429,-1.739,179.549,-0.014872,-0.289633,0.016460,-0.109318,-0.087513,0.013875
1790938088.458858,1790938089.747296,3.120932,0.953900,1.175978,0.008783,-0.679053,0.733934,0.012248,-85.546,-1.692,179.653,-0.011399,-0.291553,0.023999,-0.004919,-0.016138,0.029853
1790938088.492200,1790938089.772355,3.120543,0.944160,1.176634,0.008802,-0.678861,0.734111,0.012278,-85.516,-1.696,179.652,-0.005741,-0.295785,0.010484,0.024908,0.014752,-0.057499
1790938088.525542,1790938089.796449,3.120354,0.934267,1.176579,0.009087,-0.678751,0.734187,0.013565,-85.499,-1.820,179.565,-0.004296,-0.304056,-0.013513,-0.016637,0.076540,-0.052172
1790938088.558884,1790938089.823228,3.120215,0.924046,1.175721,0.008319,-0.679055,0.733879,0.015378,-85.545,-1.897,179.354,-0.002575,-0.316113,-0.036028,-0.032616,0.126608,-0.064957
1790938088.592226,1790938089.847180,3.120198,0.913511,1.174233,0.007677,-0.679297,0.733611,0.017662,-85.581,-2.021,179.112,0.004118,-0.328968,-0.052750,-0.010246,0.106367,-0.082000
1790938088.625568,1790938089.871038,3.120657,0.902525,1.172255,0.007690,-0.679246,0.733601,0.019878,-85.573,-2.194,178.927,0.013938,-0.342020,-0.064769,0.012124,0.054167,-0.109698
1790938088.658910,1790938089.901863,3.121552,0.891039,1.169912,0.008387,-0.679145,0.733644,0.021422,-85.558,-2.373,178.851,0.023435,-0.354548,-0.071087,-0.020897,0.014750,-0.064957
1790938088.692252,1790938089.931718,3.121413,0.880861,1.167127,0.008733,-0.679862,0.732951,0.022225,-85.671,-2.466,178.813,0.027182,-0.366074,-0.068048,-0.091207,0.016886,-0.044714
1790938088.725594,1790938089.955428,3.122241,0.870568,1.165056,0.009436,-0.681072,0.731795,0.022986,-85.861,-2.586,178.808,0.036551,-0.365950,-0.053728,-0.115707,-0.033180,-0.107565
1790938088.758936,1790938089.976967,3.123658,0.858914,1.163711,0.011256,-0.682825,0.730092,0.024274,-86.139,-2.842,178.848,0.036444,-0.367540,-0.023001,-0.178560,-0.009744,-0.125677
1790938088.792278,1790938089.999388,3.124707,0.846669,1.163557,0.011608,-0.684767,0.728220,0.025581,-86.445,-2.977,178.774,0.026016,-0.368029,0.010788,-0.122098,0.094653,-0.027670
1790938088.825620,1790938090.023516,3.125676,0.833668,1.164296,0.009632,-0.685528,0.727463,0.027479,-86.560,-2.963,178.464,0.013673,-0.364224,0.027130,-0.024091,0.219292,0.007485
1790938088.858962,1790938090.046731,3.125913,0.821422,1.165241,0.006992,-0.685717,0.727209,0.030176,-86.585,-2.955,178.032,0.010874,-0.361295,0.028328,-0.032614,0.212901,-0.031930
1790938088.892304,1790938090.078705,3.126756,0.808944,1.166188,0.005464,-0.685914,0.726921,0.032827,-86.614,-3.037,177.691,0.019109,-0.362276,0.023906,-0.002787,0.128743,-0.079869
1790938088.925645,1790938090.115388,3.126594,0.801491,1.166846,0.005481,-0.685415,0.727265,0.035526,-86.534,-3.249,177.465,0.022014,-0.359654,0.015830,0.064327,0.105308,-0.146983
1790938088.958987,1790938090.147068,3.127200,0.790486,1.167274,0.005334,-0.684410,0.728059,0.038543,-86.375,-3.470,177.196,0.015695,-0.358804,0.006679,0.080308,0.172422,-0.094783
1790938088.992330,1790938090.177925,3.127545,0.778624,1.167351,0.003966,-0.683343,0.728891,0.041777,-86.205,-3.605,176.813,0.012188,-0.356871,-0.004537,0.061132,0.205447,-0.088392
1790938089.025672,1790938090.212164,3.127950,0.766961,1.166942,0.002403,-0.682992,0.729016,0.045285,-86.148,-3.748,176.395,0.007793,-0.350546,-0.015135,-0.033678,0.221426,-0.059629
1790938089.059015,1790938090.251389,3.127855,0.756938,1.166276,0.000074,-0.683594,0.728272,0.048166,-86.242,-3.782,175.974,0.004268,-0.339869,-0.017335,-0.095464,0.204381,-0.001037
1790938089.092359,1790938090.285470,3.128143,0.746177,1.165802,-0.002757,-0.684576,0.727199,0.050297,-86.398,-3.719,175.579,0.001535,-0.329004,-0.008942,-0.083746,0.225689,0.037312
1790938089.125702,1790938090.321722,3.128401,0.735502,1.165689,-0.006432,-0.685034,0.726591,0.052462,-86.474,-3.585,175.112,-0.000364,-0.314830,0.000294,-0.026219,0.262972,0.065010
1790938089.159045,1790938090.362571,3.128446,0.725741,1.165960,-0.010284,-0.684892,0.726521,0.054636,-86.460,-3.434,174.627,0.006051,-0.298396,0.001054,0.004675,0.239536,0.059682
1790938089.192389,1790938090.395278,3.128817,0.716654,1.166073,-0.012995,-0.684811,0.726419,0.056393,-86.455,-3.345,174.267,0.018584,-0.280551,-0.005191,-0.028350,0.136203,0.016005
1790938089.225732,1790938090.431425,3.129902,0.708118,1.165787,-0.013994,-0.685236,0.725934,0.057238,-86.525,-3.332,174.120,0.031201,-0.262361,-0.009773,-0.053917,0.005170,-0.029801
1790938089.259076,1790938090.464208,3.131215,0.702174,1.165489,-0.013320,-0.685705,0.725481,0.057524,-86.596,-3.415,174.151,0.033964,-0.248772,-0.004428,-0.005977,-0.024656,-0.015955
1790938089.292419,1790938090.495798,3.132339,0.693824,1.165549,-0.013115,-0.685394,0.725782,0.057478,-86.547,-3.426,174.169,0.027563,-0.240770,0.006153,0.054743,0.009431,-0.012758
1790938089.325763,1790938090.527086,3.133177,0.685980,1.165859,-0.013016,-0.684586,0.726506,0.057979,-86.419,-3.467,174.131,0.021409,-0.231219,0.010686,0.067526,0.015824,-0.030869
1790938089.359106,1790938090.559646,3.133976,0.678471,1.166275,-0.012712,-0.683884,0.727148,0.058283,-86.307,-3.510,174.126,0.013918,-0.220993,0.010521,0.059005,0.003039,-0.010629
1790938089.392449,1790938090.588874,3.134222,0.671325,1.166616,-0.012996,-0.682919,0.728003,0.058861,-86.156,-3.524,174.051,-0.001801,-0.212464,0.007800,0.104812,0.088264,-0.020216
1790938089.425793,1790938090.618961,3.133738,0.664528,1.166697,-0.014079,-0.681351,0.729280,0.060944,-85.913,-3.584,173.783,-0.016924,-0.196190,-0.005525,0.119727,0.185206,-0.058566
1790938089.459137,1790938090.646577,3.132857,0.658529,1.166108,-0.015734,-0.680376,0.729903,0.063895,-85.766,-3.668,173.401,-0.027711,-0.174312,-0.028895,-0.033675,0.200120,-0.064959
1790938089.492481,1790938090.675092,3.131990,0.653625,1.164775,-0.017429,-0.682042,0.728072,0.066531,-86.033,-3.748,173.055,-0.032196,-0.154226,-0.043375,-0.277626,0.128745,-0.057502
1790938089.525825,1790938090.704278,3.131511,0.649557,1.163378,-0.018053,-0.686216,0.724038,0.067458,-86.693,-3.810,172.950,-0.024958,-0.139765,-0.030662,-0.377764,-0.044897,-0.004237
1790938089.559168,1790938090.742883,3.131632,0.645545,1.162901,-0.016460,-0.690217,0.720380,0.066204,-87.319,-3.880,173.202,-0.009777,-0.129356,0.000952,-0.209448,-0.229193,-0.047916
1790938089.592512,1790938090.783138,3.131933,0.648689,1.163543,-0.012316,-0.691277,0.719658,0.063854,-87.474,-4.046,173.730,-0.000434,-0.116181,0.029745,0.082447,-0.311219,-0.119292
1790938089.625856,1790938090.815829,3.131634,0.644642,1.164969,-0.007476,-0.689301,0.721796,0.061802,-87.148,-4.267,174.272,-0.008670,-0.114605,0.044036,0.278462,-0.237712,-0.087333
1790938089.659200,1790938090.851075,3.130867,0.640870,1.166458,-0.004501,-0.685771,0.725276,0.060608,-86.585,-4.393,174.585,-0.030521,-0.114543,0.037520,0.312552,-0.068332,-0.037265
1790938089.692544,1790938090.891844,3.129937,0.640783,1.167489,-0.004553,-0.682272,0.728525,0.061123,-86.034,-4.403,174.517,-0.055618,-0.106608,0.017042,0.227329,0.140471,0.039434
1790938089.725888,1790938090.925329,3.127458,0.637721,1.167501,-0.007816,-0.680458,0.730086,0.062367,-85.754,-4.213,174.147,-0.068927,-0.095045,-0.008360,0.013205,0.225696,0.135311
1790938089.759233,1790938090.964343,3.125402,0.635279,1.166832,-0.011825,-0.681594,0.728952,0.062593,-85.943,-3.904,173.822,-0.061198,-0.084967,-0.023280,-0.254183,0.095728,0.165138
1790938089.792576,1790938090.998583,3.125380,0.634331,1.166256,-0.013045,-0.685642,0.725336,0.060102,-86.585,-3.640,173.956,-0.030423,-0.080781,-0.016618,-0.371366,-0.264340,0.091631
1790938089.825920,1790938091.026505,3.125643,0.631081,1.166062,-0.007976,-0.689735,0.721934,0.054906,-87.220,-3.682,174.810,0.003534,-0.079473,0.005666,-0.170025,-0.577540,-0.076686
1790938089.859264,1790938091.061154,3.126010,0.627719,1.166871,-0.000701,-0.690497,0.721640,0.049494,-87.333,-3.861,175.839,0.000514,-0.083512,0.034588,0.149562,-0.434789,-0.023421
1790938089.892609,1790938091.097849,3.126627,0.626137,1.168439,0.002740,-0.687615,0.724595,0.046263,-86.877,-3.876,176.364,-0.025590,-0.080787,0.037549,0.330664,-0.089634,0.040493
1790938089.925953,1790938091.134726,3.124704,0.624112,1.169171,0.002075,-0.684046,0.727953,0.046498,-86.313,-3.821,176.273,-0.053857,-0.072585,0.004728,0.178326,0.178820,-0.001050
1790938089.959297,1790938091.172350,3.122652,0.623722,1.168869,-0.001288,-0.683465,0.728332,0.049042,-86.222,-3.736,175.793,-0.078148,-0.064207,-0.027749,-0.136999,0.329029,0.070321
1790938089.992642,1790938091.200821,3.119591,0.622038,1.167854,-0.007895,-0.685565,0.726106,0.052047,-86.561,-3.434,175.034,-0.101237,-0.062267,-0.020231,-0.210503,0.500540,0.208811
1790938090.025985,1790938091.238736,3.115804,0.620321,1.167726,-0.017748,-0.686480,0.724792,0.055740,-86.736,-2.912,173.955,-0.112870,-0.059741,0.012290,-0.000639,0.617724,0.234378
1790938090.059325,1790938091.280109,3.112142,0.620371,1.168721,-0.026746,-0.684642,0.725916,0.059961,-86.494,-2.480,172.889,-0.099846,-0.050307,0.033521,0.190048,0.470715,0.133175
1790938090.092665,1790938091.316890,3.109209,0.619918,1.170140,-0.031767,-0.681456,0.728446,0.063058,-86.028,-2.273,172.226,-0.078864,-0.043494,0.031781,0.234793,0.228894,0.041559
1790938090.126006,1790938091.348500,3.107074,0.618239,1.170800,-0.033178,-0.678950,0.730589,0.064538,-85.646,-2.244,171.983,-0.064260,-0.041764,0.008873,0.122936,0.036075,-0.027684
1790938090.159346,1790938091.391989,3.104904,0.618078,1.170853,-0.032594,-0.678356,0.731089,0.065412,-85.549,-2.355,171.953,-0.066547,-0.039969,-0.015997,-0.040052,0.021163,-0.089470
1790938090.192687,1790938091.420486,3.102286,0.616763,1.170080,-0.032809,-0.679462,0.729845,0.067684,-85.723,-2.527,171.748,-0.089183,-0.042366,-0.024727,-0.135928,0.206524,-0.094797
1790938090.226027,1790938091.453583,3.098812,0.615472,1.169220,-0.035976,-0.681066,0.727809,0.071762,-85.999,-2.601,171.163,-0.110217,-0.043310,-0.026170,-0.177475,0.402539,-0.025553
1790938090.259366,1790938091.491500,3.094834,0.614137,1.168324,-0.041213,-0.682786,0.725349,0.077289,-86.315,-2.623,170.295,-0.122773,-0.045170,-0.027316,-0.182802,0.492024,-0.060707
1790938090.292706,1790938091.526096,3.090528,0.613118,1.167608,-0.046558,-0.683886,0.723279,0.083662,-86.541,-2.699,169.344,-0.127568,-0.049671,-0.026525,-0.090118,0.481373,-0.100123
1790938090.326047,1790938091.566242,3.086219,0.611080,1.166787,-0.051162,-0.683263,0.722703,0.090744,-86.494,-2.869,168.385,-0.134784,-0.056975,-0.022596,0.108025,0.529312,-0.121428
1790938090.359387,1790938091.609083,3.081252,0.610365,1.166079,-0.056322,-0.680312,0.724074,0.098588,-86.095,-3.014,167.308,-0.138994,-0.056017,-0.016494,0.247579,0.574057,-0.099056
1790938090.392728,1790938091.652927,3.076626,0.608609,1.165616,-0.062346,-0.675972,0.726514,0.106542,-85.500,-3.064,166.146,-0.136474,-0.051285,-0.014479,0.293387,0.637976,-0.034074
1790938090.426068,1790938091.692428,3.072264,0.606948,1.164952,-0.069680,-0.672028,0.728331,0.114272,-84.999,-2.986,164.902,-0.126611,-0.042968,-0.027695,0.094177,0.644367,-0.005311
1790938090.459408,1790938091.733590,3.067898,0.605907,1.163779,-0.077474,-0.671617,0.726804,0.121183,-85.068,-2.875,163.706,-0.120794,-0.034226,-0.043389,-0.276544,0.611346,-0.001048
1790938090.492748,1790938091.771896,3.063779,0.605233,1.162294,-0.085813,-0.675480,0.721186,0.127491,-85.825,-2.778,162.532,-0.126474,-0.033011,-0.032697,-0.532216,0.634783,0.014929
1790938090.526089,1790938091.814750,3.059505,0.604044,1.161806,-0.094914,-0.679583,0.714905,0.134421,-86.653,-2.693,161.243,-0.135297,-0.036126,0.006311,-0.296785,0.754096,-0.010637
1790938090.559429,1790938091.850005,3.054857,0.602826,1.162623,-0.105139,-0.678546,0.712577,0.144068,-86.726,-2.618,159.613,-0.145549,-0.037389,0.039226,0.176204,0.976745,-0.018094
1790938090.592769,1790938091.887041,3.049776,0.601695,1.163948,-0.116885,-0.672104,0.714007,0.157507,-86.026,-2.568,157.516,-0.155212,-0.036546,0.035722,0.408439,1.216437,-0.058575
1790938090.626110,1790938091.923601,3.044289,0.600469,1.164566,-0.131094,-0.664270,0.715140,0.173594,-85.228,-2.472,154.986,-0.164475,-0.032262,-0.003133,0.250774,1.424170,-0.056445
1790938090.659450,1790938091.969000,3.038591,0.599466,1.163750,-0.148216,-0.658289,0.712967,0.190697,-84.868,-2.276,152.132,-0.168772,-0.029486,-0.042060,0.000431,1.554137,0.009603
1790938090.692789,1790938092.004386,3.033031,0.598557,1.162038,-0.167175,-0.653613,0.708438,0.207263,-84.852,-1.953,149.170,-0.153747,-0.033846,-0.054932,-0.065618,1.545615,0.041562
1790938090.726129,1790938092.037379,3.028282,0.597440,1.160236,-0.185386,-0.648601,0.703732,0.222958,-84.840,-1.622,146.323,-0.123593,-0.038996,-0.050775,0.002562,1.444413,0.026648
1790938090.759470,1790938092.072462,3.024685,0.596239,1.158528,-0.201769,-0.643294,0.699302,0.237570,-84.782,-1.344,143.699,-0.088333,-0.038493,-0.052524,-0.051769,1.320839,0.018126
1790938090.792810,1790938092.105165,3.022042,0.595161,1.156613,-0.218059,-0.639695,0.693165,0.250525,-85.038,-1.044,141.215,-0.070492,-0.030349,-0.060880,-0.292526,1.325102,0.056478
1790938090.826150,1790938092.137899,3.019652,0.594429,1.154656,-0.236078,-0.637771,0.684209,0.263388,-85.697,-0.740,138.577,-0.067192,-0.019791,-0.052657,-0.378815,1.454001,0.013867
1790938090.859490,1790938092.166780,3.017590,0.593931,1.153260,-0.253580,-0.634589,0.675024,0.278094,-86.216,-0.608,135.788,-0.056090,-0.017271,-0.029531,-0.149776,1.450806,-0.121424
1790938090.892831,1790938092.200344,3.015956,0.593552,1.152534,-0.267647,-0.628842,0.667553,0.295458,-86.224,-0.817,133.016,-0.045260,-0.014108,-0.015085,0.098436,1.445479,-0.260979
1790938090.926171,1790938092.228134,3.014608,0.593414,1.151878,-0.280423,-0.620896,0.661102,0.314317,-85.887,-1.120,130.185,-0.040964,-0.003482,-0.027109,0.153831,1.491287,-0.246064
1790938090.959511,1790938092.258484,3.013449,0.593468,1.150497,-0.293903,-0.612778,0.654057,0.332165,-85.626,-1.297,127.353,-0.034230,0.001597,-0.053728,0.037713,1.425238,-0.152319
1790938090.992851,1790938092.288168,3.012538,0.593466,1.148303,-0.307062,-0.605990,0.646391,0.347373,-85.584,-1.378,124.768,-0.025152,-0.004550,-0.074333,-0.044312,1.249464,-0.157647
1790938091.026192,1790938092.317942,3.011935,0.593183,1.145681,-0.317675,-0.600923,0.638657,0.360681,-85.643,-1.588,122.561,-0.017891,-0.012996,-0.078452,-0.069880,1.037470,-0.240740
1790938091.059531,1790938092.348243,3.011571,0.592538,1.143169,-0.325821,-0.597307,0.631022,0.372660,-85.746,-1.948,120.679,-0.016154,-0.014713,-0.069893,-0.098644,0.908568,-0.270568
1790938091.092871,1790938092.377444,3.011105,0.592160,1.141029,-0.333111,-0.594477,0.623368,0.383467,-85.910,-2.328,118.972,-0.017515,-0.004925,-0.056456,-0.131670,0.871282,-0.254588
1790938091.126210,1790938092.408560,3.010578,0.592251,1.139411,-0.340815,-0.591219,0.615528,0.394246,-86.062,-2.671,117.215,-0.020587,0.017183,-0.039485,-0.095450,0.967158,-0.230087
1790938091.159550,1790938092.436844,3.009896,0.593261,1.138365,-0.349693,-0.586415,0.607269,0.406272,-86.115,-2.968,115.207,-0.026257,0.047681,-0.023386,-0.073079,1.116299,-0.220500
1790938091.192890,1790938092.465734,3.009109,0.595101,1.137763,-0.360167,-0.580415,0.598288,0.418868,-86.164,-3.168,112.970,-0.028542,0.077548,-0.013545,-0.102909,1.198327,-0.115035
1790938091.226229,1790938092.493812,3.008252,0.597858,1.137318,-0.372445,-0.573422,0.589417,0.430186,-86.271,-3.113,110.669,-0.029083,0.099150,-0.013369,-0.134869,1.190868,0.028778
1790938091.259569,1790938092.523584,3.007410,0.601103,1.136724,-0.385092,-0.566379,0.580900,0.439857,-86.450,-2.915,108.474,-0.026182,0.107888,-0.021738,-0.183874,1.088597,0.001082
1790938091.292909,1790938092.555909,3.006634,0.604545,1.135952,-0.396218,-0.560973,0.572066,0.448397,-86.749,-2.852,106.514,-0.025821,0.111966,-0.021365,-0.217965,0.968218,-0.036203
1790938091.326249,1790938092.589463,3.005685,0.608334,1.135402,-0.406552,-0.555719,0.563633,0.456300,-87.028,-2.800,104.674,-0.030869,0.122966,-0.010171,-0.144460,0.972478,-0.008505
1790938091.359589,1790938092.618453,3.004587,0.612590,1.135194,-0.416443,-0.549366,0.555790,0.464617,-87.157,-2.727,102.807,-0.034293,0.133861,-0.003244,-0.088001,0.974609,-0.009569
1790938091.392928,1790938092.653206,3.003375,0.617149,1.135060,-0.425688,-0.543140,0.547935,0.472817,-87.270,-2.700,100.992,-0.035480,0.140127,-0.004803,-0.123156,0.903233,-0.044725
1790938091.426268,1790938092.683521,3.002087,0.621812,1.134828,-0.433926,-0.538191,0.540031,0.480026,-87.469,-2.753,99.367,-0.037482,0.138280,-0.008088,-0.162571,0.772202,-0.089466
1790938091.459608,1790938092.711526,3.000660,0.626391,1.134507,0.440955,0.534570,-0.532410,-0.486141,-87.728,-2.878,97.968,-0.042891,0.138064,-0.010107,-0.173225,0.690173,-0.104380
1790938091.492948,1790938092.741321,2.998920,0.630960,1.134130,0.447544,0.531342,-0.525093,-0.491586,-88.005,-3.003,96.676,-0.054564,0.139989,-0.012763,-0.184944,0.663540,-0.087335
1790938091.526288,1790938092.776691,2.996706,0.635651,1.133565,0.454203,0.528341,-0.517580,-0.496655,-88.329,-3.132,95.406,-0.068277,0.142872,-0.020354,-0.225426,0.660344,-0.076683
1790938091.559627,1790938092.807283,2.994087,0.640360,1.132824,-0.461263,-0.525091,0.510203,0.501208,-88.678,-3.192,94.138,-0.080076,0.142046,-0.020940,-0.186012,0.657148,-0.014894
1790938091.592966,1790938092.848939,2.991160,0.645006,1.132237,-0.468088,-0.520702,0.504090,0.505625,-88.879,-3.132,92.898,-0.082033,0.139249,-0.014542,-0.084808,0.656080,0.045826
1790938091.626306,1790938092.888420,2.988298,0.649629,1.131785,-0.475116,-0.514588,0.499022,0.510334,-88.914,-2.925,91.586,-0.076941,0.141040,-0.013034,-0.030480,0.713606,0.137442
1790938091.659646,1790938092.922257,2.985594,0.654142,1.131308,-0.482136,-0.508673,0.494119,0.514436,-88.991,-2.688,90.333,-0.075268,0.127498,-0.013167,-0.122095,0.542093,0.067132
1790938091.692985,1790938092.955654,2.982617,0.657920,1.130988,-0.487334,-0.506279,0.489768,0.516057,-89.290,-2.589,89.563,-0.090278,0.100593,-0.005509,-0.223300,0.250200,0.012801
1790938091.726325,1790938092.981164,2.979040,0.661000,1.130916,-0.490730,-0.506453,0.486407,0.515847,-89.691,-2.586,89.207,-0.112610,0.084276,0.002403,-0.167904,0.144735,-0.015960
1790938091.759665,1790938093.011087,2.975007,0.663640,1.131112,-0.492298,-0.506327,0.484317,0.516442,-89.854,-2.643,88.960,-0.130502,0.072528,0.008376,-0.000652,0.119170,-0.033003
1790938091.793004,1790938093.039406,2.970194,0.666102,1.131405,-0.492701,-0.504521,0.483873,0.518239,-89.690,-2.643,88.701,-0.141761,0.068070,0.008339,0.166597,0.163911,0.028781
1790938091.826344,1790938093.066528,2.965322,0.668294,1.131573,-0.493001,-0.501080,0.484394,0.520799,-89.327,-2.540,88.362,-0.149510,0.064392,0.000830,0.179380,0.188413,0.079916
1790938091.859683,1790938093.095268,2.960210,0.670415,1.131369,-0.494135,-0.497591,0.484735,0.522748,-89.056,-2.360,88.000,-0.153992,0.060352,-0.014727,0.062199,0.186282,0.085243
1790938091.893023,1790938093.135631,2.954932,0.672382,1.130627,-0.496452,-0.495762,0.483783,0.523173,-89.111,-2.200,87.686,-0.159852,0.056194,-0.026657,-0.143402,0.137279,0.090568
1790938091.926363,1790938093.173898,2.948657,0.674665,1.129845,-0.499766,-0.495210,0.481996,0.522189,-89.427,-2.030,87.425,-0.172571,0.057857,-0.016052,-0.165774,0.141539,0.070326
1790938091.959702,1790938093.212614,2.942911,0.676587,1.129627,-0.501720,-0.494911,0.480358,0.522108,-89.617,-1.993,87.210,-0.180346,0.047539,0.001711,-0.018761,0.046727,-0.054311
1790938091.993042,1790938093.248029,2.936821,0.678141,1.129922,-0.500013,-0.495559,0.480495,0.523004,-89.494,-2.169,87.299,-0.182496,0.027699,0.015615,0.149553,-0.152481,-0.122491
1790938092.026381,1790938093.281077,2.930564,0.679360,1.130573,-0.496066,-0.496353,0.482876,0.523815,-89.134,-2.345,87.652,-0.190647,0.022701,0.022424,0.235842,-0.196157,-0.034071
1790938092.059725,1790938093.315091,2.923935,0.680472,1.131247,-0.492517,-0.496212,0.486080,0.524335,-88.715,-2.382,87.993,-0.199857,0.029221,0.016282,0.187903,-0.149284,-0.020222
1790938092.093068,1790938093.350460,2.917002,0.681701,1.131623,-0.490146,-0.496140,0.487928,0.524908,-88.440,-2.438,88.191,-0.209068,0.036289,0.006622,0.116529,-0.051277,-0.030876
1790938092.126411,1790938093.386195,2.909726,0.682851,1.131743,-0.488762,-0.495872,0.488593,0.525832,-88.254,-2.515,88.235,-0.214073,0.039087,0.000851,0.071786,0.004118,-0.037267
1790938092.159754,1790938093.421553,2.902226,0.684074,1.131766,-0.487908,-0.495855,0.488763,0.526483,-88.156,-2.589,88.252,-0.219766,0.034937,0.000752,0.038762,-0.035297,-0.029810
1790938092.193098,1790938093.456837,2.894631,0.685328,1.131815,-0.486911,-0.495966,0.489522,0.526596,-88.057,-2.616,88.350,-0.225089,0.026661,0.001567,0.084570,-0.078974,-0.002113
1790938092.226441,1790938093.496732,2.886772,0.686047,1.131769,-0.484909,-0.496047,0.491368,0.526648,-87.843,-2.634,88.567,-0.226999,0.009968,-0.005444,0.146358,-0.171655,-0.002114
1790938092.259784,1790938093.535599,2.877327,0.687293,1.131391,-0.481967,-0.497085,0.494123,0.525792,-87.634,-2.661,88.996,-0.231502,-0.006743,-0.019945,0.064330,-0.272859,-0.012767
1790938092.293128,1790938093.573488,2.869511,0.688100,1.130499,-0.479709,-0.499754,0.496017,0.523538,-87.691,-2.716,89.517,-0.241551,-0.014124,-0.031127,-0.113571,-0.254747,-0.033008
1790938092.326471,1790938093.608879,2.860988,0.687482,1.129573,-0.478959,-0.503474,0.496189,0.520490,-88.036,-2.797,89.964,-0.261070,-0.020739,-0.021995,-0.212644,-0.207874,-0.039401
1790938092.359815,1790938093.652186,2.851739,0.686824,1.129275,-0.478851,-0.506624,0.495721,0.517972,-88.390,-2.871,90.276,-0.283283,-0.024097,0.005434,-0.098657,-0.110932,-0.024485
1790938092.393158,1790938093.684114,2.839188,0.687775,1.130064,-0.478173,-0.506968,0.496275,0.517731,-88.355,-2.885,90.379,-0.305122,-0.026654,0.030483,0.165537,0.006247,-0.019161
1790938092.426502,1790938093.709890,2.828301,0.686824,1.130978,-0.476165,-0.505197,0.497298,0.520325,-87.929,-2.989,90.290,-0.322182,-0.033200,0.024134,0.246500,0.105321,-0.071361
1790938092.459845,1790938093.735641,2.816975,0.685493,1.131354,-0.475262,-0.502652,0.497241,0.523658,-87.536,-3.084,89.989,-0.343792,-0.036061,-0.003130,0.118663,0.211850,-0.012769
1790938092.493188,1790938093.761773,2.805021,0.683963,1.130828,-0.477320,-0.499758,0.495881,0.525842,-87.428,-2.992,89.501,-0.365556,-0.039809,-0.028139,-0.013432,0.292812,0.066061
1790938092.526532,1790938093.791031,2.792973,0.682724,1.129658,-0.480463,-0.496841,0.493936,0.527572,-87.440,-2.843,88.947,-0.382153,-0.051336,-0.040547,-0.011301,0.276831,0.039429
1790938092.559876,1790938093.825851,2.780014,0.681132,1.128249,-0.482087,-0.494657,0.492187,0.529772,-87.371,-2.841,88.501,-0.400443,-0.069252,-0.041001,0.074986,0.185217,-0.055381
1790938092.593220,1790938093.866712,2.766480,0.678877,1.127061,-0.482004,-0.492329,0.491534,0.532616,-87.098,-2.901,88.163,-0.415415,-0.080359,-0.027887,0.202823,0.177759,-0.022358
1790938092.626564,1790938093.904917,2.749851,0.678392,1.126509,-0.481476,-0.489309,0.491447,0.535946,-86.698,-2.938,87.813,-0.422007,-0.084955,-0.021187,0.151690,0.161777,-0.063904
1790938092.659907,1790938093.939179,2.735347,0.676287,1.125661,-0.481410,-0.488517,0.489945,0.538098,-86.602,-3.096,87.554,-0.413678,-0.091368,-0.024650,-0.089066,0.105319,-0.112908
1790938092.693251,1790938093.972871,2.721587,0.673535,1.124995,-0.483584,-0.489662,0.486548,0.538191,-86.971,-3.238,87.302,-0.407696,-0.088163,-0.011160,-0.288276,0.164976,-0.028750
1790938092.726595,1790938094.005431,2.707968,0.670602,1.125129,-0.487705,-0.489987,0.483086,0.537293,-87.468,-3.172,86.953,-0.410354,-0.090272,0.018663,-0.206249,0.188412,0.063928
1790938092.759939,1790938094.044027,2.694265,0.667087,1.126096,-0.490207,-0.489216,0.481208,0.537404,-87.662,-3.097,86.658,-0.414265,-0.107958,0.038273,0.010006,0.120230,-0.003183
1790938092.793283,1790938094.080166,2.678395,0.666656,1.127797,-0.490084,-0.487096,0.480964,0.539657,-87.411,-3.113,86.393,-0.420028,-0.113541,0.040138,0.215609,0.176691,-0.044731
1790938092.826627,1790938094.114533,2.663602,0.663860,1.128733,-0.489299,-0.484095,0.480788,0.543214,-86.987,-3.178,86.038,-0.416408,-0.119703,0.019838,0.174063,0.159648,-0.015969
1790938092.859971,1790938094.150531,2.649404,0.660353,1.128998,-0.489538,-0.482147,0.481082,0.544469,-86.798,-3.096,85.854,-0.414035,-0.130493,-0.001637,-0.009167,0.027551,0.100148
1790938092.893315,1790938094.186052,2.635214,0.656634,1.128896,-0.490778,-0.482253,0.481530,0.542861,-86.950,-2.920,85.916,-0.420008,-0.134707,-0.001785,-0.117827,-0.082173,0.038360
1790938092.926658,1790938094.221615,2.620924,0.652787,1.129121,-0.490679,-0.483956,0.481631,0.541343,-87.128,-2.942,86.117,-0.419030,-0.127964,0.016971,-0.014493,-0.102414,-0.035144
1790938092.960003,1790938094.254384,2.606925,0.648587,1.129953,-0.489298,-0.484335,0.481948,0.541972,-87.014,-3.059,86.194,-0.407984,-0.105213,0.031821,0.130385,0.023285,-0.092670
1790938092.993347,1790938094.288670,2.593277,0.646501,1.131068,-0.487589,-0.483253,0.481947,0.544472,-86.702,-3.225,86.072,-0.391381,-0.079373,0.032257,0.148496,0.077617,-0.092670
1790938093.026690,1790938094.323331,2.580262,0.644635,1.131914,-0.486595,-0.482427,0.481268,0.546691,-86.498,-3.389,85.905,-0.376299,-0.053041,0.016748,0.032377,0.095726,-0.071365
1790938093.060032,1790938094.366741,2.567822,0.642622,1.132206,-0.487244,-0.482024,0.479760,0.547793,-86.525,-3.473,85.693,-0.366315,-0.027484,0.000477,-0.063497,0.125552,-0.024491
1790938093.093373,1790938094.401781,2.552777,0.646836,1.132699,-0.488787,-0.481210,0.478256,0.548449,-86.609,-3.457,85.437,-0.366604,-0.006508,-0.007423,-0.034732,0.110637,0.002142
1790938093.126714,1790938094.430903,2.538988,0.647778,1.132196,-0.489530,-0.480634,0.477759,0.548724,-86.629,-3.424,85.318,-0.370891,-0.004404,-0.016599,0.010010,0.008372,0.013858
1790938093.160056,1790938094.459188,2.525649,0.648318,1.131423,-0.489225,-0.480744,0.478131,0.548576,-86.606,-3.418,85.371,-0.378851,-0.000776,-0.029697,0.012139,-0.063002,-0.027689
1790938093.193397,1790938094.493207,2.512372,0.648863,1.130161,-0.487931,-0.482026,0.478417,0.548353,-86.603,-3.542,85.545,-0.386999,0.004333,-0.047737,0.013205,-0.125855,-0.102260
1790938093.226738,1790938094.522443,2.498879,0.649429,1.128237,-0.485666,-0.484066,0.478821,0.548214,-86.575,-3.764,85.815,-0.399314,0.011176,-0.068816,0.024923,-0.167401,-0.121434
1790938093.260080,1790938094.550691,2.484972,0.650178,1.125619,-0.483527,-0.486386,0.478809,0.548062,-86.594,-4.020,86.072,-0.415136,0.028672,-0.087843,-0.032601,-0.094962,-0.116107
1790938093.293421,1790938094.578830,2.470499,0.651373,1.122602,-0.483468,-0.487349,0.478142,0.547841,-86.695,-4.109,86.106,-0.431896,0.050384,-0.093450,-0.065626,0.065896,0.026640
1790938093.326762,1790938094.607291,2.455522,0.652914,1.119633,-0.485656,-0.486100,0.477306,0.547744,-86.800,-3.951,85.875,-0.448187,0.065967,-0.083858,-0.051776,0.189470,0.116125
1790938093.360103,1790938094.635877,2.440042,0.654865,1.117288,-0.488499,-0.483386,0.476582,0.548248,-86.817,-3.693,85.493,-0.463456,0.068317,-0.054964,0.027053,0.202252,0.138496
1790938093.393444,1790938094.664185,2.424184,0.657249,1.116077,-0.490201,-0.480298,0.477242,0.548868,-86.667,-3.403,85.224,-0.472399,0.061533,-0.017216,0.099495,0.073352,0.123582
1790938093.426785,1790938094.694400,2.408139,0.659822,1.116103,-0.490363,-0.478638,0.478939,0.548696,-86.503,-3.184,85.229,-0.478735,0.055155,0.017350,0.057947,-0.080052,0.108668
1790938093.460127,1790938094.734051,2.391828,0.662244,1.117156,-0.489778,-0.478877,0.481349,0.546898,-86.464,-2.997,85.523,-0.488140,0.049911,0.043564,0.002554,-0.208952,0.095884
1790938093.493468,1790938094.770704,2.362137,0.668148,1.120089,-0.488444,-0.480411,0.484055,0.544352,-86.484,-2.875,85.993,-0.503150,0.048457,0.061753,0.028123,-0.278184,0.049011
1790938093.526809,1790938094.799082,2.351815,0.670463,1.122121,-0.485802,-0.482009,0.487503,0.542222,-86.365,-2.812,86.555,-0.492117,0.047225,0.073764,0.130389,-0.303754,0.058599
1790938093.560151,1790938094.836034,2.336624,0.671881,1.124640,-0.482444,-0.482953,0.491794,0.540502,-86.096,-2.725,87.143,-0.479185,0.045452,0.073904,0.160218,-0.301626,0.053275
1790938093.593492,1790938094.874218,2.321225,0.672838,1.126981,-0.479375,-0.484416,0.495376,0.538649,-85.919,-2.689,87.712,-0.468887,0.045461,0.065442,0.035578,-0.265410,0.017054
1790938093.626833,1790938094.914491,2.299233,0.678864,1.130397,-0.477834,-0.486207,0.497141,0.536776,-85.950,-2.686,88.112,-0.474263,0.058627,0.068122,-0.037923,-0.126914,0.008533
1790938093.660175,1790938094.950994,2.283420,0.680896,1.132712,-0.477199,-0.486865,0.497690,0.536235,-85.954,-2.703,88.248,-0.478567,0.063280,0.078526,0.085650,-0.020384,-0.018098
1790938093.693516,1790938094.987267,2.267407,0.682814,1.135258,-0.475216,-0.485605,0.499120,0.537808,-85.595,-2.748,88.271,-0.472763,0.060906,0.072667,0.286990,-0.032103,-0.029816
1790938093.726858,1790938095.022232,2.251826,0.685039,1.137232,-0.472115,-0.483617,0.501838,0.539797,-85.035,-2.766,88.362,-0.464693,0.059569,0.042716,0.273141,-0.053408,0.018120
1790938093.760199,1790938095.060503,2.236574,0.687150,1.138005,-0.470199,-0.482303,0.503848,0.540772,-84.681,-2.741,88.449,-0.456866,0.058185,0.001302,0.073931,-0.037430,0.007468
1790938093.793539,1790938095.097847,2.217140,0.691965,1.138979,-0.469972,-0.482966,0.504244,0.540008,-84.730,-2.731,88.568,-0.451998,0.048386,-0.024114,-0.109298,-0.115196,0.035166
1790938093.826881,1790938095.132661,2.201202,0.693253,1.137996,-0.470342,-0.484983,0.505050,0.537117,-84.996,-2.630,88.885,-0.446852,0.029305,-0.023773,-0.143387,-0.217464,0.066060
1790938093.860222,1790938095.162911,2.186332,0.694127,1.137420,-0.469848,-0.488133,0.506124,0.533673,-85.295,-2.602,89.362,-0.439150,0.010706,-0.012579,-0.150843,-0.273925,-0.013835
1790938093.893564,1790938095.196796,2.171787,0.694400,1.137120,-0.468243,-0.492421,0.506625,0.530662,-85.605,-2.761,89.902,-0.433184,-0.004142,-0.008068,-0.141257,-0.276056,-0.086275
1790938093.926905,1790938095.238114,2.157099,0.694205,1.136930,-0.466565,-0.496234,0.506498,0.528705,-85.858,-2.986,90.320,-0.434700,-0.004487,-0.005677,-0.092253,-0.163135,-0.106516
1790938093.960246,1790938095.277852,2.138022,0.696007,1.137830,-0.465562,-0.498109,0.506515,0.527808,-85.964,-3.106,90.536,-0.444957,-0.001280,-0.004264,-0.003832,-0.068324,-0.004245
1790938093.993588,1790938095.305593,2.122507,0.695640,1.137535,-0.465067,-0.497794,0.507218,0.527868,-85.875,-3.082,90.582,-0.459128,-0.000986,-0.006373,0.111218,0.052052,0.035167
1790938094.026929,1790938095.336314,2.106567,0.695489,1.137228,-0.465208,-0.495092,0.507927,0.529600,-85.582,-2.970,90.356,-0.476492,0.003209,-0.012808,0.177267,0.202259,0.051147
1790938094.060269,1790938095.365131,2.090143,0.695255,1.136632,-0.465793,-0.491132,0.507890,0.532798,-85.195,-2.878,89.904,-0.492990,-0.001264,-0.021176,0.203899,0.258720,0.002145
1790938094.093610,1790938095.397901,2.073425,0.694892,1.135844,-0.465466,-0.487479,0.507660,0.536644,-84.748,-2.901,89.467,-0.508094,-0.014910,-0.023992,0.247576,0.177759,-0.064969
1790938094.126950,1790938095.432190,2.056247,0.694348,1.135044,-0.463777,-0.484333,0.508103,0.540522,-84.215,-2.998,89.168,-0.513041,-0.023521,-0.025336,0.289122,0.124493,-0.050053
1790938094.160290,1790938095.472389,2.039239,0.693772,1.134123,-0.461899,-0.481718,0.508739,0.543859,-83.722,-3.095,88.952,-0.501175,-0.025238,-0.033612,0.177267,0.082948,-0.076687
1790938094.193631,1790938095.502448,2.016923,0.693701,1.133584,-0.461426,-0.481447,0.508174,0.545026,-83.641,-3.201,88.856,-0.486692,-0.029928,-0.049565,-0.140191,-0.001209,-0.056446
1790938094.226970,1790938095.528871,2.000811,0.692498,1.131807,-0.463433,-0.484666,0.505513,0.542942,-84.213,-3.311,88.903,-0.478413,-0.031167,-0.050536,-0.466171,-0.041690,-0.057510
1790938094.260310,1790938095.557323,1.984372,0.691132,1.130595,-0.467499,-0.488987,0.501107,0.539655,-85.134,-3.396,88.877,-0.476660,-0.020205,-0.014433,-0.408645,0.081882,-0.027683
1790938094.293651,1790938095.585210,1.968549,0.690285,1.130858,-0.470034,-0.489852,0.498034,0.539513,-85.505,-3.461,88.622,-0.472441,-0.016581,0.029892,0.048366,0.172431,-0.076687
1790938094.326991,1790938095.616188,1.952500,0.689528,1.132180,-0.469658,-0.487107,0.497257,0.543032,-85.155,-3.552,88.224,-0.467294,-0.009622,0.048111,0.251838,0.258720,-0.004246
1790938094.360331,1790938095.648643,1.916695,0.689129,1.134665,-0.471207,-0.482173,0.496765,0.546533,-84.773,-3.376,87.619,-0.474483,0.004709,0.035451,0.090979,0.373776,0.133171
1790938094.393672,1790938095.679384,1.917019,0.690192,1.135292,-0.475294,-0.477942,0.495296,0.548041,-84.752,-3.040,86.986,-0.456666,-0.001848,0.012721,-0.124210,0.257656,0.141697
1790938094.427012,1790938095.714516,1.902058,0.690197,1.135512,-0.478939,-0.476841,0.493989,0.547006,-85.033,-2.779,86.717,-0.458594,-0.021886,0.001478,-0.165758,0.040334,0.123588
1790938094.460352,1790938095.747222,1.883679,0.690143,1.136494,-0.481132,-0.477070,0.494161,0.544721,-85.301,-2.535,86.763,-0.459501,-0.029404,-0.001192,-0.100775,-0.048084,0.107608
1790938094.493693,1790938095.770622,1.866516,0.689128,1.136319,-0.482186,-0.477053,0.494520,0.543477,-85.417,-2.386,86.802,-0.453883,-0.021297,-0.000748,-0.023008,0.040335,0.031972
1790938094.527033,1790938095.797851,1.851117,0.688443,1.136329,-0.482856,-0.476540,0.493802,0.543984,-85.435,-2.384,86.664,-0.448145,-0.012531,0.001254,-0.008094,0.096796,-0.025552
1790938094.560373,1790938095.827301,1.836047,0.688060,1.136482,-0.483271,-0.476134,0.492594,0.545066,-85.436,-2.461,86.483,-0.444624,-0.005490,0.008070,0.007886,0.079751,-0.068165
1790938094.593713,1790938095.857456,1.821203,0.688046,1.136891,-0.483165,-0.475677,0.491786,0.546288,-85.374,-2.550,86.341,-0.439488,0.001907,0.014872,0.046234,0.052053,-0.019161
1790938094.627054,1790938095.896710,1.806202,0.688174,1.137394,-0.483256,-0.475057,0.491916,0.546629,-85.317,-2.517,86.288,-0.436705,0.006642,0.013825,-0.003832,-0.003342,0.044756
1790938094.660394,1790938095.923983,1.791492,0.688669,1.137828,-0.483550,-0.475325,0.492194,0.545885,-85.379,-2.461,86.349,-0.439587,0.009270,0.009780,-0.046444,-0.058735,0.000015
1790938094.693733,1790938095.953086,1.776521,0.689107,1.138101,-0.482826,-0.476403,0.492545,0.545269,-85.416,-2.517,86.506,-0.445407,0.011584,0.005119,0.036647,-0.115197,-0.031943
1790938094.727073,1790938095.983900,1.761446,0.690001,1.138107,-0.480788,-0.477183,0.494088,0.544993,-85.276,-2.580,86.767,-0.453162,0.017285,-0.005423,0.117609,-0.162069,-0.011702
1790938094.760414,1790938096.008605,1.745788,0.690836,1.137621,-0.478151,-0.477962,0.496468,0.544466,-85.070,-2.619,87.123,-0.465013,0.025010,-0.025800,0.099499,-0.207877,0.005341
1790938094.793754,1790938096.034086,1.729657,0.691898,1.136505,-0.476103,-0.478916,0.498805,0.543285,-84.950,-2.603,87.495,-0.482203,0.040512,-0.044476,0.047298,-0.163135,0.040495
1790938094.827094,1790938096.068998,1.712853,0.693409,1.134879,-0.475308,-0.479294,0.500645,0.541954,-84.905,-2.498,87.748,-0.500934,0.058009,-0.055199,0.007885,-0.080042,0.114001
1790938094.860435,1790938096.103265,1.676449,0.694829,1.134797,-0.476446,-0.478205,0.502590,0.540114,-84.911,-2.158,87.852,-0.534259,0.073685,-0.045451,0.021731,0.000922,0.258879
1790938094.893775,1790938096.134291,1.667280,0.697457,1.133270,-0.478427,-0.475416,0.505156,0.538427,-84.824,-1.639,87.845,-0.536966,0.081528,-0.020608,0.051560,0.032879,0.246098
1790938094.927115,1790938096.164845,1.648585,0.699621,1.133032,-0.479536,-0.473443,0.507199,0.537259,-84.732,-1.277,87.867,-0.532758,0.076673,0.009521,0.038776,-0.027840,0.123587
1790938094.960455,1790938096.192906,1.630727,0.702018,1.133755,-0.479575,-0.473195,0.508569,0.536145,-84.709,-1.124,88.000,-0.523506,0.072802,0.031526,-0.030466,-0.098151,0.057539
1790938094.993796,1790938096.216539,1.613785,0.704463,1.135031,-0.479123,-0.475019,0.509273,0.534266,-84.859,-1.121,88.281,-0.522806,0.068558,0.052683,-0.099710,-0.201485,-0.014899
1790938095.027136,1790938096.240899,1.596299,0.706740,1.137108,-0.477332,-0.477994,0.510425,0.532111,-84.988,-1.227,88.740,-0.522325,0.065122,0.070682,0.011079,-0.276055,-0.046858
1790938095.060476,1790938096.265848,1.579200,0.709051,1.139457,-0.473638,-0.480182,0.512981,0.530984,-84.824,-1.375,89.281,-0.511869,0.065090,0.070377,0.153828,-0.295229,-0.042597
1790938095.093816,1790938096.299858,1.562016,0.711429,1.141345,-0.470033,-0.481979,0.515958,0.529672,-84.632,-1.464,89.830,-0.502879,0.068949,0.051623,-0.001703,-0.271794,-0.021290
1790938095.127155,1790938096.330460,1.539396,0.713756,1.143593,-0.468795,-0.485330,0.516440,0.527234,-84.871,-1.579,90.259,-0.505902,0.082914,0.035381,-0.235004,-0.156743,-0.051119
1790938095.160495,1790938096.356400,1.522585,0.716067,1.144766,-0.469758,-0.488837,0.514185,0.525337,-85.367,-1.749,90.384,-0.507844,0.100408,0.040790,-0.223285,0.022225,-0.116102
1790938095.193835,1790938096.380493,1.505693,0.719108,1.146457,-0.470126,-0.489736,0.511935,0.526367,-85.508,-1.961,90.220,-0.503428,0.106260,0.060306,0.121869,0.092534,-0.115038
1790938095.227174,1790938096.404623,1.488884,0.722464,1.148548,-0.467698,-0.487501,0.512933,0.529625,-84.994,-2.097,90.087,-0.491157,0.100056,0.064759,0.395652,0.031812,-0.019162
1790938095.260514,1790938096.430862,1.472164,0.725537,1.150365,-0.464386,-0.483772,0.515864,0.533100,-84.221,-2.102,90.017,-0.481030,0.097219,0.043233,0.349844,0.044597,0.009599
1790938095.293854,1790938096.457159,1.455920,0.728261,1.151111,-0.462844,-0.481716,0.517298,0.534909,-83.828,-2.091,89.960,-0.470797,0.088860,0.004511,0.027057,0.004117,0.008534
1790938095.327194,1790938096.495553,1.440734,0.731047,1.150822,-0.463833,-0.482518,0.516847,0.533764,-84.023,-2.043,89.995,-0.460459,0.077627,-0.022576,-0.233937,-0.034234,0.046884
1790938095.360534,1790938096.523429,1.417443,0.732123,1.150878,-0.466559,-0.484816,0.514951,0.531133,-84.571,-1.977,90.025,-0.452658,0.073312,-0.021029,-0.296790,0.023290,0.013859
1790938095.393873,1790938096.545211,1.402393,0.734502,1.150325,-0.468616,-0.486850,0.512444,0.529884,-85.020,-2.044,89.957,-0.440814,0.066205,-0.004605,-0.149779,0.015834,-0.100127
1790938095.427213,1790938096.570724,1.387078,0.736297,1.150413,-0.468418,-0.488097,0.511090,0.530220,-85.138,-2.223,89.937,-0.439072,0.058723,0.009462,0.040907,0.009441,-0.057515
1790938095.460553,1790938096.604313,1.371697,0.737685,1.150726,-0.468205,-0.486684,0.511450,0.531358,-84.957,-2.194,89.821,-0.445580,0.059940,0.003659,0.120804,0.123429,0.084167
1790938095.493893,1790938096.633402,1.299587,0.735627,1.153704,-0.469957,-0.483860,0.511159,0.532669,-84.831,-2.007,89.473,-0.503281,0.049801,-0.021195,0.066456,0.236362,0.058585
1790938095.527233,1790938096.664430,1.331316,0.740183,1.150062,-0.471435,-0.480765,0.510053,0.535220,-84.648,-1.932,89.001,-0.480305,0.043140,-0.052031,0.035579,0.269375,-0.046864
1790938095.560573,1790938096.700410,1.317643,0.741461,1.147745,-0.472672,-0.478616,0.507620,0.538359,-84.544,-2.032,88.481,-0.495486,0.032354,-0.071447,0.054756,0.256590,-0.097998
1790938095.593911,1790938096.735799,1.301158,0.742702,1.145226,-0.473206,-0.476734,0.505498,0.541547,-84.395,-2.174,88.028,-0.514196,0.019087,-0.078052,0.090977,0.199064,-0.090540
1790938095.627251,1790938096.770123,1.276645,0.741646,1.143100,-0.473228,-0.474672,0.504157,0.544580,-84.171,-2.283,87.647,-0.534012,0.007628,-0.073812,0.127195,0.201195,-0.037278
1790938095.660591,1790938096.799982,1.259009,0.741719,1.140811,-0.474234,-0.471551,0.503325,0.547180,-83.940,-2.216,87.212,-0.538478,0.002255,-0.060561,0.070735,0.257657,0.041551
1790938095.693931,1790938096.834047,1.240898,0.741675,1.139073,-0.476674,-0.469000,0.501427,0.548991,-83.932,-2.116,86.718,-0.531370,-0.007109,-0.045564,-0.112494,0.249134,0.004267
1790938095.727271,1790938096.868865,1.204487,0.740899,1.139276,-0.480491,-0.468873,0.498010,0.548883,-84.339,-2.071,86.312,-0.547515,-0.020878,-0.013865,-0.287211,0.175627,0.004263
1790938095.760610,1790938096.900469,1.199712,0.739932,1.138729,-0.484111,-0.469571,0.494640,0.548152,-84.817,-2.056,86.003,-0.535650,-0.029328,0.024188,-0.199848,0.159650,-0.012777
1790938095.793950,1790938096.941722,1.182896,0.738963,1.139940,-0.486059,-0.468763,0.492920,0.548669,-84.947,-2.018,85.720,-0.525813,-0.038159,0.045078,0.060082,0.131952,0.020245
1790938095.827290,1790938096.977447,1.161237,0.737555,1.141847,-0.486239,-0.467116,0.492419,0.550362,-84.790,-2.023,85.486,-0.528516,-0.044004,0.040365,0.039840,0.107451,-0.067108
1790938095.860629,1790938097.007038,1.143388,0.736135,1.143013,-0.486812,-0.467248,0.490703,0.551275,-84.868,-2.144,85.306,-0.534661,-0.046109,0.031845,-0.108235,0.057381,-0.053258
1790938095.893969,1790938097.038797,1.125280,0.734751,1.144017,-0.487560,-0.468496,0.489527,0.550600,-85.086,-2.210,85.307,-0.539141,-0.054972,0.027328,-0.084797,-0.096020,-0.010648
1790938095.927309,1790938097.068318,1.106939,0.733215,1.144918,-0.486574,-0.470345,0.490681,0.548866,-85.175,-2.224,85.637,-0.547506,-0.063499,0.027141,0.006817,-0.236639,0.027703
1790938095.960648,1790938097.100937,1.088220,0.731316,1.145759,-0.484487,-0.471541,0.493209,0.547417,-85.072,-2.198,86.053,-0.552810,-0.055837,0.021879,0.135716,-0.158873,0.008527
1790938095.993988,1790938097.130643,1.070247,0.729428,1.146071,-0.482006,-0.470575,0.495206,0.548635,-84.691,-2.233,86.175,-0.544326,-0.043083,-0.007684,0.228397,0.024357,-0.026626
1790938096.027327,1790938097.159184,1.052734,0.727781,1.145092,-0.481087,-0.469082,0.495573,0.550387,-84.427,-2.265,86.055,-0.529001,-0.033459,-0.056648,-0.005966,0.094666,-0.011712
1790938096.060667,1790938097.190888,1.035279,0.726667,1.142645,-0.483219,-0.469855,0.493266,0.549931,-84.748,-2.296,85.877,-0.516807,-0.028891,-0.089649,-0.350058,0.057381,-0.044738
1790938096.094019,1790938097.218662,1.017759,0.725845,1.139896,-0.486950,-0.474148,0.489497,0.546312,-85.630,-2.370,85.916,-0.505565,-0.034130,-0.072715,-0.501328,-0.126914,-0.012777
1790938096.127376,1790938097.256399,1.000609,0.725319,1.138181,-0.489090,-0.479268,0.487937,0.541305,-86.432,-2.382,86.302,-0.494714,-0.041070,-0.026181,-0.247788,-0.282447,0.014919
1790938096.160733,1790938097.290490,0.968641,0.725232,1.139092,-0.487339,-0.482793,0.490141,0.537749,-86.625,-2.379,86.939,-0.501583,-0.043088,0.009453,0.095232,-0.362343,0.008528
1790938096.194090,1790938097.328629,0.960626,0.723370,1.139007,-0.483045,-0.484693,0.494021,0.536362,-86.357,-2.446,87.589,-0.497201,-0.031702,0.005128,0.177263,-0.294163,-0.050060
1790938096.227447,1790938097.361404,0.932975,0.722578,1.139333,-0.479343,-0.486018,0.496597,0.536105,-86.095,-2.581,88.029,-0.514023,-0.010058,-0.022445,0.112277,-0.162065,-0.053257
1790938096.260804,1790938097.385729,0.916976,0.721699,1.138023,-0.477284,-0.486992,0.497501,0.536220,-85.977,-2.715,88.241,-0.521446,0.008567,-0.055555,0.020662,-0.083234,-0.078825
1790938096.294161,1790938097.422818,0.899345,0.722047,1.135895,-0.475787,-0.488353,0.497436,0.536372,-85.965,-2.896,88.386,-0.530788,0.022430,-0.070804,0.021728,-0.086430,-0.072434
1790938096.327518,1790938097.462717,0.874059,0.723214,1.134081,-0.474164,-0.488718,0.498286,0.536688,-85.828,-2.983,88.524,-0.551394,0.036142,-0.063380,0.154888,-0.055535,0.021309
1790938096.360876,1790938097.488884,0.855862,0.724463,1.132221,-0.472518,-0.486677,0.500797,0.537657,-85.420,-2.869,88.583,-0.568281,0.050403,-0.042262,0.284854,0.013707,0.087357
1790938096.394234,1790938097.513849,0.837013,0.726152,1.131110,-0.470301,-0.483217,0.503609,0.540089,-84.794,-2.766,88.522,-0.581364,0.063012,-0.023804,0.343445,0.061646,0.002136
1790938096.427592,1790938097.537422,0.817522,0.728086,1.130556,-0.468101,-0.479908,0.505517,0.543160,-84.188,-2.755,88.377,-0.584288,0.072771,-0.012051,0.259287,0.070169,0.037288
1790938096.460948,1790938097.567227,0.797976,0.730545,1.130253,-0.467046,-0.478092,0.507500,0.543820,-83.875,-2.633,88.409,-0.578397,0.064462,-0.010951,0.006813,-0.147151,0.066051
1790938096.494306,1790938097.600650,0.761599,0.732578,1.130541,-0.466302,-0.481329,0.508907,0.540277,-84.153,-2.607,88.929,-0.591726,0.048324,-0.006178,-0.249929,-0.404949,0.007456
1790938096.527664,1790938097.625636,0.752263,0.735130,1.130501,-0.464440,-0.487447,0.510415,0.534945,-84.636,-2.717,89.785,-0.573788,0.042668,0.018840,-0.162569,-0.459283,-0.037281
1790938096.561023,1790938097.648788,0.734117,0.736585,1.131451,-0.461296,-0.491558,0.513145,0.531281,-84.764,-2.802,90.568,-0.554288,0.046776,0.038579,0.054749,-0.337840,0.043680
1790938096.594381,1790938097.682320,0.715889,0.737897,1.132714,-0.458841,-0.493596,0.515992,0.528753,-84.735,-2.778,91.134,-0.537638,0.049463,0.034378,-0.049648,-0.257942,0.007460
1790938096.627739,1790938097.715065,0.684404,0.737137,1.134150,-0.457763,-0.497088,0.516256,0.526152,-85.019,-2.891,91.563,-0.541847,0.049730,0.029743,-0.163643,-0.191888,-0.051139
1790938096.661098,1790938097.739940,0.674701,0.742017,1.135149,-0.457124,-0.499079,0.516249,0.524829,-85.180,-2.974,91.790,-0.519807,0.068423,0.036281,0.048356,-0.023577,-0.041542
1790938096.694456,1790938097.763940,0.658736,0.744005,1.136368,-0.455677,-0.497670,0.517092,0.526592,-84.866,-3.031,91.728,-0.504862,0.074930,0.040516,0.288047,0.086146,-0.026629
1790938096.727815,1790938097.788441,0.642315,0.746212,1.137516,-0.453835,-0.493657,0.518822,0.530246,-84.214,-3.015,91.477,-0.490887,0.077056,0.030558,0.337051,0.177762,0.042613
1790938096.761174,1790938097.815242,0.625892,0.748465,1.138068,-0.453957,-0.489020,0.520356,0.532928,-83.702,-2.796,91.137,-0.473049,0.070881,-0.001545,0.121860,0.171371,0.129966
1790938096.794533,1790938097.852786,0.610226,0.750703,1.137461,-0.456060,-0.486787,0.520867,0.532678,-83.673,-2.494,90.948,-0.456849,0.049703,-0.035830,-0.122089,0.014771,0.167252
1790938096.827892,1790938097.885138,0.581512,0.752345,1.136716,-0.458183,-0.488251,0.521385,0.528995,-84.063,-2.223,91.173,-0.457034,0.021084,-0.037580,-0.228624,-0.217460,0.137422
1790938096.861251,1790938097.922172,0.575422,0.753788,1.135378,-0.458385,-0.491611,0.522691,0.524402,-84.464,-2.087,91.707,-0.435320,0.003845,-0.026081,-0.170029,-0.295228,0.020242
1790938096.894610,1790938097.956900,0.561940,0.753735,1.134673,-0.456953,-0.495546,0.523342,0.521289,-84.760,-2.198,92.231,-0.428176,-0.005455,-0.015881,-0.121026,-0.235572,-0.064980
1790938096.927969,1790938097.996832,0.547128,0.753223,1.134240,-0.455940,-0.498189,0.523464,0.519531,-84.956,-2.310,92.548,-0.432201,-0.007226,-0.011702,-0.070958,-0.090691,-0.007455
1790938096.961328,1790938098.032729,0.529680,0.753113,1.134112,-0.456344,-0.498635,0.523338,0.518873,-85.050,-2.282,92.584,-0.438421,-0.010578,-0.019017,-0.021955,0.072297,0.025568
1790938096.994688,1790938098.064352,0.514775,0.752324,1.133286,-0.457372,-0.497872,0.522311,0.519736,-85.070,-2.278,92.373,-0.444269,-0.023745,-0.028133,-0.009170,0.130889,-0.057525
1790938097.028047,1790938098.096367,0.499785,0.751076,1.132231,-0.457734,-0.497602,0.520660,0.521331,-85.077,-2.418,92.145,-0.450163,-0.046023,-0.035639,-0.002779,0.084015,-0.092679
1790938097.061407,1790938098.128825,0.484576,0.749424,1.130984,-0.457355,-0.497638,0.519638,0.522646,-85.040,-2.571,92.027,-0.458743,-0.060537,-0.040530,0.056876,0.046729,-0.067112
1790938097.094753,1790938098.159834,0.469194,0.747265,1.129631,-0.456348,-0.496918,0.519304,0.524540,-84.851,-2.713,91.905,-0.474035,-0.065946,-0.043455,0.146361,0.075492,-0.084157
1790938097.128093,1790938098.190242,0.453515,0.744650,1.128066,-0.454802,-0.495184,0.519102,0.527713,-84.490,-2.892,91.684,-0.483445,-0.064887,-0.047897,0.213474,0.156456,-0.132096
1790938097.161433,1790938098.219102,0.437881,0.742276,1.126427,-0.454476,-0.491913,0.518015,0.532103,-84.083,-3.018,91.184,-0.485106,-0.047515,-0.048030,0.157014,0.398278,0.010652
1790938097.194773,1790938098.248162,0.422198,0.740324,1.124953,-0.458934,-0.485847,0.515412,0.536361,-83.870,-2.757,90.195,-0.472195,-0.021189,-0.038952,-0.029411,0.681646,0.166184
1790938097.228114,1790938098.286616,0.406644,0.739258,1.123974,-0.467859,-0.479214,0.510094,0.539691,-84.088,-2.290,88.835,-0.460086,-0.012538,-0.018906,-0.255255,0.741302,0.140616
1790938097.261454,1790938098.326854,0.388510,0.735983,1.124204,-0.476457,-0.474719,0.503665,0.542174,-84.530,-1.995,87.596,-0.452793,-0.033108,0.013923,-0.171096,0.529307,0.037277
1790938097.294794,1790938098.364373,0.367392,0.733460,1.125249,-0.480392,-0.471640,0.499568,0.545170,-84.629,-1.964,86.789,-0.449505,-0.052698,0.040928,0.064327,0.320509,-0.057536
1790938097.328134,1790938098.403656,0.352257,0.728445,1.127045,-0.481459,-0.468376,0.497502,0.548920,-84.393,-2.014,86.200,-0.443125,-0.049738,0.050381,0.125050,0.342875,-0.029842
1790938097.361473,1790938098.440660,0.338043,0.727139,1.128602,-0.483784,-0.464012,0.494785,0.553023,-84.183,-1.976,85.422,-0.428696,-0.029642,0.039371,0.050481,0.452600,-0.029842
1790938097.394814,1790938098.486408,0.322428,0.724898,1.129868,-0.486736,-0.460183,0.491257,0.556764,-84.105,-1.960,84.615,-0.415083,-0.026273,0.024257,0.013195,0.364179,-0.034106
1790938097.428154,1790938098.523245,0.308804,0.724227,1.130546,-0.488526,-0.457630,0.488422,0.559786,-84.036,-2.014,84.025,-0.406521,-0.022825,0.017097,0.047283,0.246996,-0.116133
1790938097.461494,1790938098.554691,0.257611,0.720206,1.131540,-0.488914,-0.456510,0.485238,0.563121,-83.961,-2.273,83.548,-0.438331,-0.021770,0.002926,0.084548,0.235288,-0.157695
1790938097.494834,1790938098.581928,0.281577,0.722883,1.130832,-0.488778,-0.454322,0.482481,0.567362,-83.715,-2.515,83.008,-0.379456,-0.003052,-0.023321,0.065394,0.330088,-0.181118
1790938097.528174,1790938098.626771,0.270615,0.722776,1.129563,-0.489743,-0.452085,0.478310,0.571831,-83.588,-2.782,82.309,-0.356343,0.007787,-0.051862,0.025978,0.343937,-0.150224
1790938097.561514,1790938098.664862,0.256821,0.721706,1.127548,-0.491296,-0.449881,0.474802,0.575152,-83.534,-2.921,81.690,-0.332900,0.011124,-0.071277,0.004673,0.299191,-0.039436
1790938097.594854,1790938098.703890,0.246270,0.722112,1.125030,-0.493714,-0.447123,0.472260,0.577320,-83.523,-2.863,81.124,-0.302652,0.018778,-0.079330,-0.041134,0.278950,-0.006412
1790938097.628194,1790938098.736943,0.236380,0.722997,1.122450,-0.496461,-0.445689,0.469476,0.578342,-83.690,-2.830,80.671,-0.282338,0.019852,-0.078403,-0.182820,0.186269,-0.004280
1790938097.661534,1790938098.764060,0.226976,0.723883,1.120123,-0.500303,-0.446125,0.466139,0.577395,-84.177,-2.795,80.353,-0.274173,0.028248,-0.062867,-0.323438,0.145789,-0.005346
1790938097.694875,1790938098.797160,0.217778,0.725060,1.118438,-0.503929,-0.447433,0.462935,0.575805,-84.731,-2.791,80.143,-0.276056,0.028527,-0.039676,-0.226497,0.049913,-0.035173
1790938097.728215,1790938098.826618,0.208057,0.725391,1.117482,-0.505032,-0.448689,0.461205,0.575249,-84.989,-2.887,80.087,-0.283104,0.031311,-0.017173,-0.025156,0.022214,-0.075656
1790938097.761555,1790938098.849791,0.198842,0.726333,1.117193,-0.503881,-0.448132,0.460665,0.577122,-84.797,-3.039,79.969,-0.293709,0.044444,0.001379,0.232644,0.075478,-0.091636
1790938097.794894,1790938098.878225,0.189034,0.727936,1.117143,-0.500795,-0.446190,0.461603,0.580553,-84.238,-3.195,79.866,-0.301185,0.050571,-0.004366,0.322129,0.003039,-0.073526
1790938097.828234,1790938098.905409,0.179129,0.729945,1.116719,-0.497555,-0.444673,0.462981,0.583398,-83.708,-3.332,79.856,-0.301163,0.065814,-0.020390,0.204946,0.019019,-0.045828
1790938097.861574,1790938098.934977,0.169153,0.732664,1.115885,-0.496876,-0.443193,0.463035,0.585057,-83.478,-3.351,79.708,-0.293185,0.087195,-0.030380,0.006802,0.168161,-0.001084
1790938097.894914,1790938098.969470,0.158960,0.735438,1.115038,-0.499577,-0.440835,0.460797,0.586305,-83.549,-3.240,79.225,-0.283387,0.104750,-0.022472,-0.101857,0.353520,0.100116
1790938097.928254,1790938099.007123,0.148847,0.738339,1.114620,-0.504810,-0.436453,0.458552,0.586861,-83.714,-2.827,78.538,-0.271685,0.100617,-0.007939,-0.109315,0.372694,0.248189
1790938097.961595,1790938099.049983,0.139508,0.741478,1.114454,-0.510480,-0.432644,0.457271,0.585775,-83.999,-2.293,78.018,-0.257414,0.084297,-0.003623,-0.235021,0.189462,0.224753
1790938097.994935,1790938099.090227,0.130990,0.745167,1.114536,-0.514780,-0.432310,0.455895,0.583327,-84.475,-2.005,77.839,-0.268559,0.080560,0.005923,-0.233954,0.050976,0.023414
1790938098.028275,1790938099.129987,0.122178,0.748347,1.114974,-0.517131,-0.431932,0.454072,0.582949,-84.717,-1.946,77.606,-0.278930,0.105771,0.023078,0.021716,0.273623,0.053244
1790938098.061615,1790938099.165868,0.112507,0.751738,1.115770,-0.519680,-0.425418,0.451776,0.587240,-84.379,-1.724,76.707,-0.269325,0.143520,0.023625,0.269929,0.702935,0.079875
1790938098.094954,1790938099.202762,0.103664,0.757569,1.116310,-0.523862,-0.414699,0.447951,0.594081,-83.845,-1.341,75.238,-0.256103,0.160472,0.008228,0.210271,0.830772,0.149120
1790938098.128294,1790938099.241227,0.095660,0.763067,1.116147,-0.529482,-0.404479,0.442836,0.599952,-83.563,-0.939,73.703,-0.245400,0.156379,-0.020454,0.039824,0.799878,0.075614
1790938098.161633,1790938099.282693,0.088274,0.768895,1.115125,-0.535968,-0.396359,0.436281,0.604398,-83.611,-0.656,72.234,-0.231489,0.150238,-0.037177,-0.106121,0.766855,0.030874
1790938098.194972,1790938099.321501,0.080530,0.774062,1.114003,-0.543215,-0.389297,0.428433,0.608120,-83.873,-0.459,70.744,-0.214755,0.152284,-0.033725,-0.174301,0.839292,0.014893
1790938098.228312,1790938099.361669,0.074965,0.779757,1.113296,-0.551092,-0.381662,0.419338,0.612199,-84.188,-0.293,69.085,-0.204329,0.158860,-0.012511,-0.149799,0.889359,-0.033041
1790938098.261650,1790938099.397474,0.067802,0.785093,1.113257,-0.557862,-0.373327,0.410407,0.617238,-84.328,-0.170,67.394,-0.196412,0.157105,0.001774,0.039822,0.902141,-0.012801
1790938098.294989,1790938099.429644,0.061416,0.790384,1.113291,-0.562744,-0.362779,0.401991,0.624591,-84.064,-0.042,65.569,-0.183550,0.162607,-0.004490,0.236900,1.042759,-0.050087
1790938098.328328,1790938099.464895,0.054730,0.795697,1.112745,-0.566807,-0.350276,0.392103,0.634264,-83.565,0.009,63.441,-0.170474,0.168208,-0.026572,0.264597,1.173788,-0.142770
1790938098.361667,1790938099.499944,0.049362,0.801240,1.111293,-0.571294,-0.337578,0.380093,0.644354,-83.147,-0.043,61.109,-0.155813,0.169707,-0.058880,0.159132,1.253685,-0.181120
1790938098.395007,1790938099.534287,0.044359,0.806921,1.108912,-0.577296,-0.324628,0.366252,0.653610,-82.952,-0.085,58.604,-0.140408,0.177141,-0.079332,0.027034,1.366605,-0.159815
1790938098.428346,1790938099.565209,0.040246,0.812931,1.106297,-0.584717,-0.310772,0.350647,0.662249,-82.932,-0.089,55.879,-0.128007,0.182195,-0.075412,0.009992,1.466743,-0.213079
1790938098.461685,1790938099.590865,0.036624,0.818943,1.104039,-0.591589,-0.296519,0.332778,0.671832,-82.866,-0.268,52.938,-0.103881,0.178369,-0.059122,0.061125,1.584991,-0.331327
1790938098.495024,1790938099.616022,0.033575,0.824897,1.102338,-0.597941,-0.280530,0.313048,0.682474,-82.672,-0.489,49.712,-0.076849,0.176456,-0.043233,0.119718,1.752242,-0.301499
1790938098.528363,1790938099.641865,0.031461,0.830534,1.101018,-0.604322,-0.262228,0.292091,0.693335,-82.411,-0.607,46.221,-0.050648,0.164670,-0.035861,0.107999,1.857707,-0.279128
1790938098.561703,1790938099.669097,0.029948,0.835807,1.099818,-0.611149,-0.242270,0.270269,0.703390,-82.206,-0.600,42.561,-0.032474,0.148582,-0.037227,0.066451,1.931211,-0.254625
1790938098.595042,1790938099.703921,0.029372,0.840193,1.098414,-0.618038,-0.221577,0.247652,0.712461,-82.075,-0.551,38.814,-0.013633,0.121513,-0.047782,0.017448,1.945061,-0.252496
1790938098.628381,1790938099.736404,0.029412,0.843722,1.096620,-0.625135,-0.201336,0.224462,0.719921,-82.106,-0.530,35.095,-0.001060,0.092822,-0.059078,-0.093340,1.923755,-0.236516
1790938098.661720,1790938099.765543,0.029809,0.846519,1.094620,-0.633092,-0.180556,0.201080,0.725370,-82.346,-0.420,31.355,0.009619,0.074070,-0.060235,-0.199869,1.946127,-0.208819
1790938098.695058,1790938099.795918,0.030232,0.848807,1.092733,-0.641225,-0.160702,0.177461,0.729050,-82.761,-0.386,27.701,0.010979,0.056698,-0.050902,-0.238221,1.821486,-0.246103
1790938098.728397,1790938099.826225,0.030507,0.850390,1.091380,-0.647825,-0.142723,0.154947,0.732082,-83.113,-0.471,24.318,0.010245,0.040423,-0.029175,-0.121038,1.678738,-0.266345
1790938098.761736,1790938099.859323,0.031119,0.851401,1.090732,-0.651310,-0.125121,0.134226,0.736290,-83.091,-0.539,21.141,0.018153,0.021318,-0.011487,0.135697,1.628668,-0.190708
1790938098.795075,1790938099.891899,0.031772,0.851813,1.090388,-0.651945,-0.106757,0.115224,0.741818,-82.695,-0.467,18.069,0.021185,0.001133,-0.010895,0.207072,1.521073,-0.141704
1790938098.828414,1790938099.926958,0.032319,0.851569,1.089901,-0.652433,-0.090872,0.098797,0.745864,-82.406,-0.380,15.424,0.007429,-0.012257,-0.016996,0.053670,1.208940,-0.126790
1790938098.861753,1790938099.955930,0.032410,0.851008,1.089331,-0.654098,-0.078811,0.085449,0.747425,-82.421,-0.345,13.346,0.002472,-0.019812,-0.016954,-0.069903,0.978835,-0.139573
1790938098.895092,1790938099.981221,0.032948,0.850135,1.088839,-0.656154,-0.068550,0.072970,0.747956,-82.558,-0.389,11.486,0.019189,-0.032537,-0.009948,-0.085883,0.964988,-0.153422
1790938098.928431,1790938100.003503,0.034241,0.848775,1.088798,-0.658133,-0.057707,0.060264,0.748264,-82.700,-0.403,9.564,0.045709,-0.042984,0.007911,-0.075229,1.029970,-0.120399
1790938098.961770,1790938100.034001,0.036794,0.847160,1.089341,-0.659984,-0.045425,0.047706,0.748386,-82.836,-0.288,7.549,0.075274,-0.051824,0.025532,-0.081619,1.058733,-0.029848
1790938098.995109,1790938100.065737,0.038734,0.845474,1.090480,-0.661476,-0.033118,0.035879,0.748375,-82.952,-0.120,5.596,0.092090,-0.058187,0.041272,-0.013443,0.973510,-0.045827
1790938099.028448,1790938100.097214,0.043182,0.843004,1.091833,-0.661316,-0.022550,0.024801,0.749358,-82.859,-0.057,3.841,0.105381,-0.067088,0.038797,0.096282,0.861655,-0.110810
1790938099.061787,1790938100.122192,0.047299,0.840594,1.092752,-0.660322,-0.013382,0.014437,0.750724,-82.670,-0.059,2.255,0.117700,-0.073298,0.015498,0.060063,0.788149,-0.120399
1790938099.095126,1790938100.154320,0.052165,0.837865,1.092807,-0.660531,-0.005258,0.004469,0.750767,-82.684,-0.114,0.782,0.132540,-0.076091,-0.007388,-0.092272,0.722101,-0.132118
1790938099.128464,1790938100.181605,0.057158,0.835242,1.092383,-0.662199,0.001698,-0.004859,0.749310,-82.936,-0.223,-0.546,0.143828,-0.076543,-0.013292,-0.154060,0.640074,-0.138509
1790938099.161803,1790938100.209473,0.062545,0.832510,1.091967,-0.663612,0.007782,-0.012892,0.747925,-83.159,-0.313,-1.697,0.152679,-0.078593,-0.008908,-0.052855,0.550590,-0.088441
1790938099.195142,1790938100.231450,0.068471,0.829672,1.091670,-0.663471,0.013550,-0.019499,0.747825,-83.151,-0.321,-2.702,0.159716,-0.079000,-0.007785,0.051542,0.479216,-0.072461
1790938099.228480,1790938100.256868,0.073822,0.827017,1.091206,-0.662560,0.017754,-0.025231,0.748373,-83.027,-0.393,-3.514,0.156004,-0.077219,-0.022521,0.053673,0.346053,-0.094833
1790938099.261819,1790938100.284203,0.080125,0.824296,1.089913,-0.662181,0.020780,-0.029408,0.748479,-82.982,-0.449,-4.103,0.158552,-0.073967,-0.050634,-0.016636,0.287464,-0.007479
1790938099.295158,1790938100.311414,0.085402,0.821940,1.087655,-0.662645,0.024647,-0.032256,0.747832,-83.074,-0.337,-4.641,0.159027,-0.071584,-0.086136,-0.093336,0.277876,0.059634
1790938099.328497,1790938100.342509,0.092203,0.818991,1.084028,-0.664294,0.028375,-0.033948,0.746160,-83.349,-0.158,-5.069,0.155386,-0.082851,-0.124908,-0.196669,0.163891,0.020217
1790938099.361835,1790938100.365658,0.097552,0.816257,1.079316,-0.667177,0.029186,-0.035315,0.743489,-83.797,-0.213,-5.247,0.147757,-0.082017,-0.157174,-0.253130,0.010489,-0.092703
1790938099.395174,1790938100.394865,0.102550,0.813813,1.073504,-0.669906,0.027689,-0.035874,0.741062,-84.208,-0.403,-5.179,0.140248,-0.069787,-0.194171,-0.141273,-0.092843,-0.122532
1790938099.428513,1790938100.424210,0.109549,0.811395,1.066050,-0.670702,0.025393,-0.036921,0.740372,-84.316,-0.683,-5.091,0.149757,-0.061743,-0.247039,0.051545,0.014751,-0.141707
1790938099.461851,1790938100.448815,0.113835,0.809850,1.056855,-0.668582,0.026143,-0.038958,0.742157,-83.994,-0.761,-5.324,0.156147,-0.048880,-0.305124,0.301889,0.212896,0.045784
1790938099.495190,1790938100.473685,0.118121,0.808706,1.045665,-0.663450,0.030450,-0.040517,0.746502,-83.234,-0.476,-5.791,0.156633,-0.036528,-0.369216,0.487249,0.308771,0.215167
1790938099.528528,1790938100.497941,0.122589,0.807876,1.031928,-0.656852,0.036519,-0.041772,0.751975,-82.275,0.003,-6.361,0.155157,-0.029439,-0.461690,0.476597,0.329013,0.146988
1790938099.561867,1790938100.532223,0.127841,0.807367,1.014728,-0.651599,0.040324,-0.044405,0.756189,-81.513,0.179,-6.875,0.142112,-0.019827,-0.572419,0.301889,0.196916,-0.037307
1790938099.595205,1790938100.565760,0.133272,0.807765,0.993703,-0.648834,0.040595,-0.047107,0.758385,-81.099,0.025,-7.130,0.123565,-0.014348,-0.683177,0.125049,0.025403,-0.194971
1790938099.628543,1790938100.591171,0.138307,0.806464,0.969128,-0.648497,0.037498,-0.049762,0.758663,-81.020,-0.438,-7.131,0.103564,-0.017628,-0.789453,-0.052852,-0.092841,-0.262085
1790938099.661882,1790938100.616895,0.142923,0.805487,0.941298,-0.650470,0.033710,-0.051506,0.757034,-81.285,-0.915,-6.999,0.099502,-0.019075,-0.874781,-0.206255,-0.104558,-0.196037
1790938099.695220,1790938100.642164,0.146860,0.804747,0.911156,-0.653143,0.031725,-0.051887,0.754789,-81.673,-1.140,-6.880,0.099717,-0.018269,-0.929296,-0.174296,-0.039576,-0.039440
1790938099.728559,1790938100.667402,0.149471,0.804125,0.879447,-0.654605,0.031526,-0.052045,0.753518,-81.893,-1.182,-6.877,0.087882,-0.024167,-0.972449,-0.047524,0.003034,0.006367
1790938099.761898,1790938100.698722,0.151820,0.803412,0.846365,-0.654587,0.031403,-0.051038,0.753608,-81.889,-1.117,-6.780,0.065532,-0.032760,-1.011347,0.038761,-0.104558,0.057501
1790938099.795236,1790938100.739456,0.154268,0.802719,0.812029,-0.654166,0.030539,-0.048654,0.754166,-81.820,-1.008,-6.509,0.048360,-0.041825,-1.049215,0.027044,-0.151431,0.082004
1790938099.828575,1790938100.776776,0.157297,0.801370,0.776226,-0.654519,0.029039,-0.046563,0.754052,-81.863,-0.983,-6.214,0.029095,-0.058268,-1.096528,-0.096528,-0.174865,-0.039440
1790938099.861913,1790938100.814461,0.158430,0.798333,0.738914,-0.657263,0.025188,-0.045022,0.751894,-82.255,-1.221,-5.787,0.000936,-0.071190,-1.137452,-0.327697,-0.315483,-0.136381
1790938099.895252,1790938100.855217,0.158764,0.795732,0.700582,-0.662694,0.019189,-0.042647,0.747429,-83.051,-1.595,-5.119,-0.020518,-0.091185,-1.157075,-0.475772,-0.427338,-0.152362
1790938099.928590,1790938100.901910,0.159729,0.793016,0.661964,-0.668892,0.013093,-0.039110,0.742214,-83.980,-1.885,-4.336,-0.024315,-0.118219,-1.152562,-0.431030,-0.399637,-0.020266
1790938099.961929,1790938100.938038,0.158656,0.788282,0.623774,-0.673031,0.009245,-0.034656,0.738744,-84.610,-1.891,-3.651,-0.030625,-0.145238,-1.138463,-0.180685,-0.330394,0.076675
1790938099.995267,1790938100.977724,0.158314,0.785424,0.585983,-0.674713,0.006534,-0.030020,0.737440,-84.866,-1.769,-3.045,-0.028952,-0.179274,-1.125258,-0.091200,-0.249427,0.048977
1790938100.028605,1790938101.015719,0.156615,0.780065,0.548748,-0.676317,0.004856,-0.028683,0.736036,-85.113,-1.814,-2.798,-0.006017,-0.200191,-1.109352,-0.172162,-0.008673,-0.053288
1790938100.061943,1790938101.050561,0.156077,0.776940,0.512139,-0.679358,0.004504,-0.030077,0.733177,-85.587,-1.963,-2.880,0.002100,-0.202110,-1.081919,-0.327694,0.028612,-0.093770
1790938100.095282,1790938101.091979,0.156153,0.770013,0.476786,-0.684052,0.003577,-0.031440,0.728747,-86.321,-2.166,-2.909,0.010096,-0.202461,-1.035199,-0.418244,0.009436,-0.133185
1790938100.128621,1790938101.132161,0.155224,0.767177,0.443509,-0.689547,0.003668,-0.033503,0.723457,-87.188,-2.344,-3.071,0.037813,-0.198667,-0.961206,-0.469377,0.161774,-0.053287
1790938100.161960,1790938101.172737,0.156813,0.760692,0.413064,-0.694503,0.006466,-0.035832,0.718567,-87.978,-2.320,-3.470,0.051406,-0.180449,-0.860598,-0.337280,0.206517,0.050044
1790938100.195299,1790938101.210935,0.156040,0.760153,0.386401,-0.697437,0.009293,-0.037368,0.715611,-88.452,-2.225,-3.813,0.044696,-0.141186,-0.748974,-0.135937,0.151120,-0.027720
1790938100.228637,1790938101.250806,0.158359,0.754903,0.362841,-0.698147,0.009004,-0.039857,0.714787,-88.565,-2.452,-3.992,0.035146,-0.119065,-0.665388,-0.042192,0.007305,-0.132119
1790938100.261976,1790938101.277815,0.157055,0.756031,0.342139,-0.699565,0.008834,-0.039056,0.713446,-88.792,-2.409,-3.908,0.027373,-0.075376,-0.581853,-0.201984,-0.060876,0.197058
1790938100.295315,1790938101.296816,0.158218,0.753211,0.324100,-0.702459,0.010027,-0.035962,0.710744,-89.260,-2.079,-3.741,0.011988,-0.053892,-0.497698,-0.256315,-0.158883,0.106506
1790938100.328654,1790938101.332209,0.158348,0.751722,0.308964,-0.705163,0.007240,-0.032788,0.708249,-89.691,-2.062,-3.250,-0.011785,-0.038951,-0.412161,-0.171091,-0.341047,-0.120400
1790938100.361993,1790938101.358429,0.157397,0.753108,0.296490,-0.706656,0.002089,-0.030471,0.706897,-89.927,-2.299,-2.641,-0.008859,-0.025035,-0.340398,-0.036863,-0.274997,-0.046894
1790938100.395332,1790938101.385639,0.158005,0.751404,0.286065,-0.706834,-0.000404,-0.027831,0.706831,-89.956,-2.288,-2.224,0.006663,-0.032796,-0.284822,-0.005970,-0.136510,0.092657
1790938100.428670,1790938101.413544,0.156729,0.752690,0.277477,-0.707534,0.001805,-0.025504,0.706217,-90.070,-1.922,-2.212,0.036783,-0.026481,-0.236049,-0.099714,0.147922,0.291867
1790938100.462008,1790938101.428692,0.158354,0.750923,0.270232,-0.708869,0.007256,-0.024236,0.704887,-90.292,-1.383,-2.549,0.035921,-0.035521,-0.199842,-0.123151,0.154311,0.293998
1790938100.495347,1790938101.445640,0.159388,0.749515,0.264003,-0.710219,0.011516,-0.022746,0.703519,-90.521,-0.923,-2.772,0.024563,-0.043427,-0.174294,-0.128478,0.088262,0.126747
1790938100.528686,1790938101.463180,0.160135,0.748101,0.258632,-0.711908,0.013317,-0.023696,0.701747,-90.801,-0.862,-2.994,0.029128,-0.053987,-0.147553,-0.168959,0.144722,0.013825
1790938100.562024,1790938101.491425,0.161109,0.746253,0.254095,-0.713855,0.016444,-0.024255,0.699680,-91.130,-0.666,-3.292,0.037410,-0.063687,-0.127218,-0.177482,0.162833,0.169359
1790938100.595363,1790938101.518921,0.158982,0.747487,0.250270,-0.715986,0.020738,-0.024649,0.697372,-91.497,-0.365,-3.674,0.044398,-0.063493,-0.109819,-0.175348,0.239531,0.165097
1790938100.628702,1790938101.534815,0.161295,0.744248,0.246817,-0.717814,0.024045,-0.025214,0.695363,-91.815,-0.158,-3.990,0.027555,-0.072583,-0.094280,-0.149781,0.042451,0.054307
1790938100.662040,1790938101.560003,0.162102,0.741824,0.243836,-0.718995,0.024041,-0.024256,0.694176,-92.009,-0.086,-3.913,0.021031,-0.079272,-0.086447,-0.074146,-0.069404,0.038326
1790938100.695379,1790938101.598423,0.158272,0.742727,0.240993,-0.720282,0.023800,-0.023020,0.692891,-92.220,-0.010,-3.795,0.028574,-0.082460,-0.087380,-0.118885,-0.049164,0.123551
1790938100.728718,1790938101.623291,0.160973,0.739151,0.238039,-0.721527,0.026116,-0.019895,0.691608,-92.440,0.425,-3.739,0.041823,-0.089519,-0.096078,-0.135930,-0.049165,0.251386
1790938100.762056,1790938101.649004,0.162533,0.735740,0.234711,-0.724082,0.026466,-0.017526,0.688983,-92.866,0.635,-3.582,0.038872,-0.097565,-0.075199,-0.273354,-0.132259,-0.105487
1790938100.795395,1790938101.672271,0.164108,0.732792,0.235046,-0.718790,0.021103,-0.019520,0.694633,-91.960,0.072,-3.294,0.052492,-0.081062,0.013083,0.307231,0.005163,-0.286588
1790938100.828734,1790938101.698923,0.161421,0.735312,0.234678,-0.719855,0.022087,-0.021475,0.693441,-92.141,-0.016,-3.531,0.037991,-0.071220,0.002208,-0.024072,0.066949,0.100114
1790938100.862072,1790938101.718130,0.163388,0.731818,0.234927,-0.719375,0.022244,-0.021596,0.693930,-92.062,-0.011,-3.553,0.020650,-0.091165,0.004181,0.034517,0.038184,0.018085
1790938100.895411,1790938101.733351,0.164136,0.728665,0.235035,-0.718654,0.023433,-0.021845,0.694629,-91.950,0.066,-3.671,0.022181,-0.094005,-0.000770,0.074998,0.107429,0.198121
1790938100.928748,1790938101.752650,0.164736,0.725686,0.235140,-0.716697,0.028115,-0.018875,0.696562,-91.656,0.694,-3.819,0.027261,-0.094502,0.014350,0.306167,0.047773,0.500665
1790938100.962087,1790938101.769186,0.165629,0.722666,0.235436,-0.714318,0.030826,-0.015844,0.698963,-91.284,1.172,-3.796,0.023324,-0.095010,0.000431,0.060084,-0.045972,-0.006414
1790938100.995425,1790938101.797175,0.166480,0.719924,0.235448,-0.713546,0.029673,-0.015560,0.699807,-91.149,1.107,-3.677,0.030223,-0.087091,-0.002087,0.051561,-0.065147,-0.087376
1790938101.028764,1790938101.829636,0.164541,0.724663,0.235209,-0.713503,0.026242,-0.016302,0.699971,-91.120,0.772,-3.456,0.027280,-0.078442,-0.007681,0.007888,-0.159960,-0.167275
1790938101.062102,1790938101.851440,0.165744,0.721741,0.235224,-0.713005,0.023132,-0.015216,0.700612,-91.021,0.614,-3.113,0.024283,-0.080780,0.000409,-0.004897,-0.104564,-0.083117
1790938101.095441,1790938101.874306,0.165816,0.718775,0.235528,-0.710407,0.026434,-0.012126,0.703190,-90.616,1.143,-3.131,0.021212,-0.091594,0.031430,0.617236,0.251242,1.162214
1790938101.128780,1790938101.900535,0.166514,0.715015,0.237921,-0.696065,0.045322,-0.001470,0.716545,-88.457,3.607,-3.746,0.019212,-0.139567,0.037970,0.119742,-0.145045,-0.833085
1790938101.162119,1790938101.929196,0.167515,0.710663,0.236697,-0.700498,0.037291,-0.004992,0.712662,-89.092,2.646,-3.407,-0.008044,-0.102747,-0.028235,0.530947,-0.387934,-0.744667
1790938101.195458,1790938101.966257,0.163001,0.720066,0.235541,-0.697631,0.016669,-0.017031,0.716061,-88.506,0.006,-2.731,0.017431,-0.062423,0.029099,0.425484,0.411042,0.755267
1790938101.228797,1790938101.998933,0.164773,0.714004,0.235508,-0.696934,0.019394,-0.017697,0.716654,-88.406,0.179,-3.004,0.024118,-0.062490,0.004113,-0.038986,0.029662,0.126744
1790938101.262136,1790938102.033617,0.163957,0.719694,0.235566,-0.697405,0.019398,-0.016805,0.716218,-88.481,0.249,-2.931,0.021102,-0.057480,0.002911,0.043041,-0.009752,-0.005352
1790938101.295475,1790938102.055296,0.165099,0.716758,0.235617,-0.697349,0.019365,-0.017003,0.716268,-88.472,0.231,-2.944,0.021118,-0.056993,0.001804,-0.016614,-0.005491,0.008495
1790938101.328814,1790938102.075274,0.165762,0.714888,0.235670,-0.697382,0.019359,-0.016951,0.716238,-88.478,0.234,-2.940,0.020083,-0.057399,0.001605,-0.002765,0.009421,-0.005352
1790938101.362151,1790938102.096047,0.166343,0.713189,0.235726,-0.697413,0.019368,-0.016978,0.716207,-88.483,0.233,-2.943,0.020203,-0.057207,0.001736,-0.001701,0.003030,0.001039
1790938101.395490,1790938102.116082,0.166906,0.711582,0.235783,-0.697424,0.019355,-0.016970,0.716197,-88.484,0.232,-2.941,0.020315,-0.056916,0.001614,-0.000634,0.000900,-0.001090
1790938101.428829,1790938102.136152,0.167480,0.710034,0.235834,-0.697451,0.019343,-0.016967,0.716171,-88.489,0.231,-2.940,0.020456,-0.056383,0.001523,-0.000634,0.000900,-0.003221
1790938101.462168,1790938102.158469,0.168060,0.708467,0.235881,-0.697485,0.019308,-0.016983,0.716138,-88.494,0.227,-2.938,0.020424,-0.056011,0.001338,-0.001701,-0.002295,-0.002157
1790938101.495507,1790938102.177043,0.168670,0.706957,0.235924,-0.697549,0.019254,-0.016979,0.716077,-88.504,0.223,-2.934,0.020748,-0.055653,0.001254,-0.004896,0.001965,-0.003221
1790938101.528846,1790938102.200296,0.169264,0.705479,0.235968,-0.697595,0.019245,-0.016992,0.716032,-88.511,0.221,-2.934,0.020782,-0.055509,0.001370,-0.002765,0.000900,-0.003221
1790938101.562184,1790938102.224504,0.169855,0.703969,0.236009,-0.697624,0.019227,-0.016947,0.716005,-88.516,0.223,-2.929,0.020698,-0.055451,0.000948,-0.002765,0.000900,0.002105
1790938101.595523,1790938102.242089,0.170427,0.702532,0.236036,-0.697640,0.019240,-0.016939,0.715990,-88.518,0.224,-2.929,0.020592,-0.055132,0.000746,-0.002766,0.001965,-0.001091
1790938101.628862,1790938102.262058,0.170953,0.701137,0.236059,-0.697655,0.019237,-0.016923,0.715976,-88.521,0.225,-2.928,0.020399,-0.054665,0.000529,-0.002766,-0.000164,-0.004286
1790938101.662200,1790938102.282880,0.171494,0.699710,0.236074,-0.697669,0.019226,-0.016910,0.715963,-88.523,0.225,-2.926,0.020265,-0.054206,0.000328,0.000430,-0.002295,-0.000026
1790938101.695539,1790938102.307174,0.171866,0.698444,0.236085,-0.697677,0.019227,-0.016914,0.715955,-88.524,0.225,-2.926,0.020128,-0.053690,0.000140,0.000430,-0.001228,-0.001091
1790938101.728878,1790938102.331361,0.172320,0.697203,0.236091,-0.697692,0.019230,-0.016908,0.715940,-88.527,0.226,-2.926,0.019906,-0.053108,0.000108,0.000430,0.000901,-0.000026
1790938101.762216,1790938102.355451,0.172740,0.695897,0.236098,-0.697707,0.019256,-0.016909,0.715925,-88.529,0.228,-2.928,0.019465,-0.052895,-0.000055,-0.000635,0.005161,-0.000026
1790938101.795554,1790938102.378342,0.173123,0.694704,0.236101,-0.697713,0.019256,-0.016926,0.715918,-88.530,0.226,-2.929,0.019324,-0.052466,-0.000023,0.000430,0.001966,-0.000027
1790938101.828893,1790938102.402168,0.173501,0.693514,0.236107,-0.697727,0.019259,-0.016933,0.715904,-88.532,0.226,-2.930,0.019066,-0.051964,-0.000083,0.001496,-0.001228,0.002104
1790938101.862231,1790938102.425721,0.173860,0.692320,0.236109,-0.697723,0.019269,-0.016940,0.715908,-88.532,0.226,-2.932,0.018931,-0.051514,-0.000235,0.000430,0.003030,-0.003223
1790938101.895570,1790938102.452048,0.174199,0.691269,0.236101,-0.697722,0.019268,-0.016970,0.715909,-88.532,0.224,-2.934,0.018838,-0.050910,-0.000263,0.001496,0.003030,-0.002158
1790938101.928908,1790938102.475680,0.174541,0.690214,0.236096,-0.697737,0.019255,-0.016985,0.715894,-88.534,0.222,-2.934,0.018837,-0.050162,-0.000365,-0.000635,0.004097,-0.000027
1790938101.962247,1790938102.501053,0.174897,0.689149,0.236090,-0.697758,0.019251,-0.016987,0.715873,-88.537,0.221,-2.934,0.018685,-0.049647,-0.000427,0.000430,-0.000163,0.002104
1790938101.995586,1790938102.529131,0.175111,0.688269,0.236078,-0.697779,0.019250,-0.016987,0.715853,-88.541,0.221,-2.934,0.018465,-0.048761,-0.000682,-0.003831,-0.002294,0.002104
1790938102.028924,1790938102.553569,0.175608,0.687283,0.236060,-0.697808,0.019235,-0.016952,0.715826,-88.545,0.222,-2.930,0.018301,-0.048220,-0.000405,-0.003831,0.003031,-0.000028
1790938102.062263,1790938102.579508,0.175833,0.686400,0.236052,-0.697821,0.019223,-0.016998,0.715812,-88.547,0.217,-2.933,0.017401,-0.047538,-0.000525,-0.001701,0.001966,-0.002159
1790938102.095602,1790938102.605588,0.176092,0.685604,0.236034,-0.697824,0.019200,-0.017025,0.715810,-88.548,0.214,-2.933,0.017001,-0.046895,-0.000561,-0.001702,0.001967,-0.001093
1790938102.128940,1790938102.631225,0.176288,0.684776,0.236019,-0.697831,0.019225,-0.017034,0.715801,-88.549,0.215,-2.936,0.016609,-0.046086,-0.000799,-0.001702,0.003031,0.003168
1790938102.162279,1790938102.658038,0.176445,0.683977,0.236000,-0.697849,0.019225,-0.017047,0.715784,-88.552,0.214,-2.937,0.016334,-0.045416,-0.000931,-0.000635,-0.001227,-0.002159
1790938102.195618,1790938102.684931,0.176717,0.683259,0.235977,-0.697863,0.019191,-0.017045,0.715771,-88.554,0.211,-2.934,0.016156,-0.044584,-0.000930,0.001496,-0.001227,0.001036
1790938102.228957,1790938102.710000,0.177032,0.682545,0.235941,-0.697857,0.019183,-0.017021,0.715778,-88.553,0.212,-2.931,0.015992,-0.043928,-0.001298,-0.002766,-0.001227,-0.002160
1790938102.262295,1790938102.735315,0.177298,0.681888,0.235896,-0.697870,0.019161,-0.017031,0.715766,-88.555,0.210,-2.930,0.015713,-0.043328,-0.001459,0.000429,0.000902,-0.001093
1790938102.295633,1790938102.764931,0.177362,0.681367,0.235851,-0.697873,0.019158,-0.017038,0.715763,-88.555,0.209,-2.931,0.015150,-0.042548,-0.001868,-0.001702,-0.001227,0.004231
1790938102.328972,1790938102.791762,0.177653,0.680744,0.235787,-0.697884,0.019154,-0.017014,0.715752,-88.557,0.210,-2.929,0.015092,-0.041741,-0.002284,-0.001702,0.000903,-0.000029
1790938102.362310,1790938102.820048,0.177749,0.680260,0.235723,-0.697901,0.019134,-0.017023,0.715736,-88.560,0.208,-2.928,0.014847,-0.040884,-0.002378,-0.000636,0.000903,-0.004290
1790938102.395649,1790938102.848377,0.177836,0.679821,0.235654,-0.697910,0.019141,-0.017048,0.715726,-88.561,0.206,-2.930,0.014681,-0.039981,-0.002588,-0.000636,-0.000162,0.002101
1790938102.428988,1790938102.875169,0.177874,0.679405,0.235581,-0.697923,0.019141,-0.017041,0.715714,-88.563,0.207,-2.930,0.014368,-0.038993,-0.002703,-0.001702,-0.000162,0.003166
1790938102.462327,1790938102.901075,0.178048,0.679038,0.235503,-0.697937,0.019128,-0.017004,0.715701,-88.565,0.209,-2.926,0.014363,-0.038281,-0.002738,-0.000636,0.001968,-0.000030
1790938102.495665,1790938102.931456,0.178220,0.678720,0.235424,-0.697949,0.019121,-0.017016,0.715689,-88.567,0.207,-2.926,0.014180,-0.037256,-0.002853,0.000429,-0.001226,-0.001095
1790938102.529003,1790938102.963296,0.178314,0.678456,0.235335,-0.697950,0.019110,-0.017006,0.715689,-88.567,0.207,-2.924,0.013861,-0.036355,-0.003074,-0.002767,-0.001226,-0.001095
1790938102.562342,1790938102.994242,0.178291,0.678282,0.235242,-0.697954,0.019143,-0.017017,0.715685,-88.568,0.209,-2.928,0.013388,-0.035188,-0.003022,0.000428,-0.003357,0.003165
1790938102.595681,1790938103.023771,0.178173,0.678179,0.235160,-0.697960,0.019151,-0.017018,0.715679,-88.569,0.209,-2.929,0.013054,-0.034187,-0.003021,-0.001703,-0.000161,0.002100
1790938102.629019,1790938103.051706,0.178036,0.678103,0.235086,-0.697983,0.019152,-0.017060,0.715655,-88.573,0.206,-2.932,0.012603,-0.033131,-0.002971,0.000428,0.003033,-0.001096
1790938102.662358,1790938103.076958,0.177923,0.678083,0.235009,-0.697995,0.019150,-0.017056,0.715643,-88.575,0.206,-2.932,0.012110,-0.032153,-0.003220,-0.000636,0.001969,-0.000031
1790938102.695695,1790938103.101916,0.177884,0.678088,0.234930,-0.698025,0.019142,-0.017066,0.715614,-88.579,0.205,-2.932,0.011855,-0.031205,-0.003480,-0.001703,-0.000161,-0.000032
1790938102.729034,1790938103.129427,0.177855,0.678143,0.234838,-0.698027,0.019136,-0.017048,0.715612,-88.580,0.206,-2.930,0.011610,-0.030207,-0.003673,0.001494,-0.000161,-0.002163
1790938102.762372,1790938103.156173,0.177804,0.678322,0.234728,-0.698030,0.019129,-0.017078,0.715609,-88.580,0.203,-2.932,0.011297,-0.029239,-0.003485,-0.004899,-0.000160,-0.004292
1790938102.795711,1790938103.182511,0.177623,0.678535,0.234640,-0.698057,0.019132,-0.017100,0.715582,-88.585,0.201,-2.934,0.010885,-0.028326,-0.003667,0.000428,-0.001225,0.002099
1790938102.829049,1790938103.209123,0.177328,0.678766,0.234554,-0.698069,0.019153,-0.017115,0.715570,-88.587,0.201,-2.937,0.010557,-0.027175,-0.003884,-0.002768,-0.000160,-0.000032
1790938102.862387,1790938103.234959,0.177017,0.679095,0.234454,-0.698079,0.019167,-0.017131,0.715559,-88.588,0.201,-2.939,0.010137,-0.025867,-0.004026,-0.001703,0.003034,0.002098
1790938102.895726,1790938103.261791,0.176800,0.679455,0.234357,-0.698104,0.019158,-0.017136,0.715535,-88.592,0.200,-2.939,0.009640,-0.024815,-0.004138,-0.000637,-0.002291,0.002098
1790938102.929064,1790938103.289078,0.176684,0.679847,0.234262,-0.698122,0.019135,-0.017144,0.715517,-88.595,0.197,-2.938,0.009489,-0.023652,-0.004284,-0.000637,0.001969,0.002098
1790938102.962403,1790938103.316613,0.176483,0.680325,0.234157,-0.698140,0.019149,-0.017158,0.715499,-88.598,0.197,-2.940,0.008898,-0.022406,-0.004172,0.004690,0.001970,-0.001098
1790938102.995741,1790938103.343598,0.176329,0.680868,0.234044,-0.698136,0.019123,-0.017152,0.715504,-88.597,0.196,-2.937,0.008432,-0.021247,-0.004218,0.000427,0.001970,0.001031
1790938103.029079,1790938103.368072,0.176283,0.681466,0.233932,-0.698163,0.019098,-0.017163,0.715478,-88.601,0.193,-2.936,0.007939,-0.020632,-0.004466,0.000427,0.000905,-0.003230
1790938103.062418,1790938103.395488,0.176184,0.682138,0.233805,-0.698157,0.019088,-0.017170,0.715484,-88.600,0.191,-2.936,0.007764,-0.019391,-0.004808,-0.001704,-0.000159,-0.000034
1790938103.095756,1790938103.422231,0.176041,0.682828,0.233680,-0.698173,0.019095,-0.017166,0.715468,-88.603,0.192,-2.936,0.007368,-0.018268,-0.004499,0.000427,0.003035,0.003161
1790938103.129094,1790938103.449203,0.175743,0.683511,0.233575,-0.698184,0.019120,-0.017159,0.715457,-88.605,0.195,-2.938,0.006853,-0.017219,-0.004733,0.000427,0.001970,0.002096
1790938103.162432,1790938103.475070,0.175319,0.684294,0.233448,-0.698186,0.019133,-0.017179,0.715454,-88.605,0.194,-2.941,0.006246,-0.015856,-0.004986,-0.000638,0.000906,-0.001099
1790938103.195771,1790938103.502259,0.174953,0.685146,0.233312,-0.698182,0.019130,-0.017188,0.715459,-88.605,0.193,-2.941,0.005627,-0.014741,-0.004942,-0.001704,0.000906,0.002096
1790938103.229110,1790938103.529013,0.174561,0.686032,0.233198,-0.698210,0.019144,-0.017197,0.715430,-88.609,0.194,-2.943,0.005249,-0.013452,-0.004976,0.000427,0.000906,-0.000035
1790938103.262448,1790938103.557041,0.174269,0.686898,0.233107,-0.698233,0.019146,-0.017166,0.715409,-88.613,0.196,-2.940,0.004984,-0.012145,-0.005018,-0.000638,-0.003354,0.003160
1790938103.295787,1790938103.585370,0.174060,0.687607,0.233001,-0.698235,0.019158,-0.017164,0.715406,-88.613,0.197,-2.941,0.004847,-0.011227,-0.005363,-0.000638,0.004102,0.004225
1790938103.329125,1790938103.612295,0.173813,0.688407,0.232867,-0.698248,0.019157,-0.017147,0.715395,-88.615,0.198,-2.940,0.004353,-0.009986,-0.005308,-0.003834,-0.001223,-0.004296
1790938103.362464,1790938103.637368,0.173730,0.689201,0.232748,-0.698270,0.019121,-0.017149,0.715373,-88.619,0.195,-2.937,0.004021,-0.009079,-0.005498,-0.002769,-0.000158,-0.001101
1790938103.395802,1790938103.665325,0.173709,0.689690,0.232656,-0.698297,0.019113,-0.017148,0.715347,-88.623,0.195,-2.936,0.003518,-0.008187,-0.005685,-0.000638,-0.000158,0.001028
1790938103.429141,1790938103.691985,0.173512,0.690332,0.232524,-0.698299,0.019132,-0.017151,0.715345,-88.623,0.196,-2.938,0.002981,-0.007106,-0.005629,-0.000638,-0.001222,-0.001101
1790938103.462479,1790938103.719142,0.173094,0.691098,0.232385,-0.698307,0.019139,-0.017173,0.715336,-88.625,0.195,-2.940,0.002707,-0.005823,-0.005765,0.002558,0.001971,-0.001101
1790938103.495818,1790938103.745445,0.172673,0.691700,0.232284,-0.698328,0.019148,-0.017186,0.715315,-88.628,0.194,-2.942,0.002161,-0.004780,-0.005800,-0.000638,0.000907,-0.001102
1790938103.529156,1790938103.770964,0.172362,0.692551,0.232135,-0.698323,0.019144,-0.017177,0.715320,-88.627,0.195,-2.941,0.001934,-0.003582,-0.006059,0.000426,0.004103,0.001027
1790938103.562495,1790938103.793529,0.172080,0.693428,0.231980,-0.698330,0.019170,-0.017160,0.715313,-88.628,0.198,-2.942,0.001486,-0.002398,-0.006077,-0.001705,-0.002289,0.001027
1790938103.595832,1790938103.816000,0.171772,0.694142,0.231862,-0.698337,0.019166,-0.017169,0.715307,-88.630,0.197,-2.942,0.000860,-0.001419,-0.005644,-0.003834,0.004103,-0.003233
1790938103.629170,1790938103.836299,0.171428,0.695072,0.231730,-0.698352,0.019164,-0.017198,0.715291,-88.632,0.194,-2.945,0.000306,-0.000067,-0.006012,0.000426,-0.001222,0.001027
1790938103.662509,1790938103.865887,0.171075,0.695950,0.231594,-0.698345,0.019172,-0.017187,0.715298,-88.631,0.196,-2.944,-0.000219,0.001027,-0.006109,-0.001705,-0.000157,-0.001103
1790938103.695847,1790938103.893725,0.170934,0.696718,0.231453,-0.698348,0.019140,-0.017188,0.715296,-88.631,0.193,-2.942,-0.000479,0.001875,-0.005955,-0.001705,-0.002288,-0.000038
1790938103.729186,1790938103.923192,0.170875,0.697691,0.231289,-0.698357,0.019131,-0.017193,0.715287,-88.633,0.192,-2.942,-0.000566,0.003222,-0.006229,-0.000639,0.000908,0.001026
1790938103.762524,1790938103.952373,0.170523,0.698467,0.231188,-0.698371,0.019170,-0.017193,0.715273,-88.635,0.195,-2.945,-0.001078,0.004232,-0.006097,0.000426,-0.002288,-0.001103
1790938103.795862,1790938103.980114,0.170101,0.699148,0.231079,-0.698368,0.019171,-0.017197,0.715275,-88.635,0.195,-2.945,-0.001238,0.005158,-0.006243,-0.001705,-0.001222,0.001026
1790938103.829201,1790938104.007843,0.169849,0.700051,0.230938,-0.698390,0.019164,-0.017195,0.715254,-88.638,0.195,-2.944,-0.001644,0.006304,-0.006117,-0.001705,-0.000157,-0.000039
1790938103.862539,1790938104.034259,0.169833,0.700656,0.230840,-0.698392,0.019152,-0.017189,0.715253,-88.638,0.194,-2.943,-0.001833,0.007054,-0.006201,-0.000639,0.001972,0.001026
1790938103.895877,1790938104.061549,0.169664,0.701215,0.230712,-0.698395,0.019180,-0.017189,0.715249,-88.639,0.196,-2.945,-0.001774,0.007999,-0.006238,0.000426,-0.001222,-0.001104
1790938103.929215,1790938104.089750,0.169213,0.701969,0.230582,-0.698413,0.019182,-0.017196,0.715231,-88.642,0.196,-2.946,-0.002235,0.008817,-0.006492,-0.002770,-0.000157,-0.000039
1790938103.962553,1790938104.118011,0.168947,0.702414,0.230518,-0.698432,0.019215,-0.017187,0.715212,-88.645,0.199,-2.948,-0.002466,0.009771,-0.006574,-0.000638,0.004103,0.001025
1790938103.995892,1790938104.146019,0.168669,0.702835,0.230407,-0.698433,0.019220,-0.017169,0.715211,-88.645,0.201,-2.947,-0.002877,0.010454,-0.006603,-0.000638,0.000907,0.003156
1790938104.029229,1790938104.171694,0.168379,0.703437,0.230255,-0.698445,0.019231,-0.017200,0.715199,-88.647,0.199,-2.950,-0.003123,0.011212,-0.006644,0.000426,-0.003353,-0.001104
1790938104.062567,1790938104.197941,0.168061,0.703873,0.230158,-0.698445,0.019218,-0.017213,0.715199,-88.647,0.197,-2.950,-0.003110,0.012117,-0.006486,-0.000638,-0.003353,0.003156
1790938104.095905,1790938104.225978,0.167934,0.704407,0.230003,-0.698445,0.019221,-0.017193,0.715199,-88.647,0.199,-2.949,-0.003357,0.013052,-0.006842,0.001493,-0.003353,0.001025
1790938104.129244,1790938104.248959,0.168038,0.705003,0.229869,-0.698465,0.019217,-0.017178,0.715180,-88.650,0.200,-2.947,-0.003474,0.013844,-0.006902,0.000426,0.000907,-0.000040
1790938104.162583,1790938104.276339,0.167953,0.705254,0.229786,-0.698467,0.019221,-0.017147,0.715178,-88.651,0.203,-2.945,-0.003644,0.014564,-0.007010,-0.002769,-0.000157,-0.001105
1790938104.195921,1790938104.301329,0.167878,0.705606,0.229649,-0.698487,0.019219,-0.017174,0.715159,-88.654,0.200,-2.947,-0.003733,0.014941,-0.007032,0.000427,0.001972,-0.001105
1790938104.229260,1790938104.327187,0.167557,0.705966,0.229556,-0.698504,0.019244,-0.017186,0.715141,-88.657,0.201,-2.950,-0.003819,0.015507,-0.007212,0.000427,-0.001222,-0.000040
1790938104.262599,1790938104.349749,0.167121,0.706046,0.229421,-0.698482,0.019224,-0.017199,0.715162,-88.653,0.199,-2.950,-0.003878,0.015813,-0.007500,-0.002769,-0.001222,-0.001105
1790938104.295938,1790938104.368291,0.167197,0.706617,0.229198,-0.698494,0.019218,-0.017227,0.715150,-88.655,0.196,-2.951,-0.003921,0.016665,-0.007642,-0.002769,-0.000158,0.002091
1790938104.329276,1790938104.393638,0.166938,0.707072,0.229070,-0.698510,0.019218,-0.017223,0.715135,-88.657,0.196,-2.951,-0.004130,0.017048,-0.007821,-0.001704,0.004102,-0.000040
1790938104.362615,1790938104.415692,0.166464,0.707071,0.228989,-0.698518,0.019244,-0.017250,0.715125,-88.659,0.196,-2.955,-0.004329,0.017535,-0.007841,0.001493,0.000907,0.001024
1790938104.395954,1790938104.443348,0.166347,0.707458,0.228778,-0.698504,0.019233,-0.017241,0.715140,-88.657,0.196,-2.954,-0.004492,0.018378,-0.008142,-0.001704,-0.000158,0.002091
1790938104.429292,1790938104.472971,0.166200,0.707822,0.228586,-0.698511,0.019256,-0.017255,0.715132,-88.658,0.197,-2.957,-0.004910,0.019056,-0.008116,-0.001704,-0.000158,0.002091
1790938104.462630,1790938104.512542,0.165881,0.707774,0.228458,-0.698510,0.019250,-0.017246,0.715133,-88.658,0.197,-2.955,-0.005073,0.019561,-0.008290,0.000427,-0.000158,0.004220
1790938104.495969,1790938104.566484,0.166075,0.708247,0.228264,-0.698515,0.019227,-0.017255,0.715129,-88.658,0.195,-2.954,-0.005130,0.020420,-0.008166,-0.001704,-0.001223,-0.002172
1790938104.529307,1790938104.595358,0.166053,0.708533,0.228104,-0.698515,0.019219,-0.017251,0.715129,-88.658,0.194,-2.953,-0.005256,0.020896,-0.008083,-0.002769,-0.002289,0.001024
1790938104.562646,1790938104.622926,0.165719,0.708415,0.228019,-0.698541,0.019262,-0.017255,0.715103,-88.663,0.197,-2.957,-0.005515,0.021369,-0.008254,-0.001704,0.004102,-0.000041
1790938104.595984,1790938104.647414,0.165365,0.708559,0.227891,-0.698554,0.019285,-0.017234,0.715090,-88.665,0.201,-2.957,-0.005761,0.021963,-0.008495,-0.002768,0.000906,0.005284
1790938104.629323,1790938104.680989,0.165096,0.708642,0.227756,-0.698552,0.019296,-0.017221,0.715092,-88.665,0.203,-2.957,-0.005874,0.022882,-0.008614,0.000428,-0.002290,0.003155
1790938104.662661,1790938104.712065,0.164968,0.708664,0.227598,-0.698554,0.019308,-0.017184,0.715091,-88.665,0.207,-2.955,-0.005963,0.023468,-0.008791,0.000428,-0.002290,0.001024
1790938104.696000,1790938104.734177,0.165146,0.709265,0.227387,-0.698554,0.019299,-0.017181,0.715090,-88.665,0.206,-2.954,-0.005780,0.024261,-0.008677,-0.001703,-0.001224,0.005284
1790938104.729338,1790938104.774368,0.164821,0.709522,0.227237,-0.698554,0.019312,-0.017186,0.715090,-88.665,0.207,-2.955,-0.006086,0.024648,-0.008574,0.001494,0.003035,-0.003237
1790938104.762677,1790938104.813033,0.164455,0.709707,0.227125,-0.698564,0.019315,-0.017204,0.715080,-88.666,0.205,-2.957,-0.006469,0.025057,-0.008423,-0.002768,-0.000159,0.003155
1790938104.796015,1790938104.844689,0.164328,0.710160,0.227008,-0.698584,0.019331,-0.017176,0.715061,-88.670,0.209,-2.956,-0.006400,0.025632,-0.008530,-0.001703,-0.001224,-0.000041
1790938104.829354,1790938104.882090,0.164122,0.710270,0.226897,-0.698578,0.019346,-0.017157,0.715067,-88.669,0.212,-2.956,-0.006379,0.026046,-0.008600,0.000428,0.000905,0.001023
1790938104.862692,1790938104.904860,0.164098,0.710359,0.226737,-0.698583,0.019338,-0.017143,0.715062,-88.670,0.212,-2.954,-0.006355,0.026630,-0.008786,-0.000636,-0.002290,-0.001106
1790938104.896030,1790938104.949328,0.164121,0.710853,0.226538,-0.698572,0.019347,-0.017154,0.715073,-88.668,0.212,-2.956,-0.006269,0.027459,-0.008990,-0.000636,-0.000159,0.003154
1790938104.929368,1790938104.979055,0.163979,0.711322,0.226370,-0.698569,0.019343,-0.017137,0.715076,-88.667,0.213,-2.954,-0.006426,0.027908,-0.008943,-0.001702,-0.000160,-0.001106
1790938104.962706,1790938105.012344,0.163787,0.711875,0.226215,-0.698569,0.019355,-0.017147,0.715075,-88.668,0.213,-2.956,-0.006516,0.028546,-0.008778,0.001495,0.000905,0.001023
1790938104.996045,1790938105.041771,0.163485,0.712584,0.226060,-0.698568,0.019363,-0.017145,0.715076,-88.667,0.214,-2.956,-0.006294,0.029241,-0.008604,0.000429,-0.000160,0.002090
1790938105.029383,1790938105.076728,0.162983,0.713074,0.225946,-0.698572,0.019365,-0.017159,0.715072,-88.668,0.213,-2.958,-0.006636,0.030118,-0.008856,-0.000636,0.001970,-0.004302
1790938105.062721,1790938105.108617,0.162686,0.713744,0.225811,-0.698572,0.019378,-0.017163,0.715071,-88.668,0.214,-2.959,-0.006419,0.030858,-0.008907,0.000429,0.000905,-0.001106
1790938105.096060,1790938105.152184,0.162018,0.714463,0.225667,-0.698573,0.019421,-0.017185,0.715069,-88.668,0.216,-2.964,-0.006410,0.031516,-0.008841,-0.000635,-0.000160,-0.000042
1790938105.129398,1790938105.184673,0.161437,0.715084,0.225559,-0.698568,0.019408,-0.017186,0.715074,-88.668,0.215,-2.963,-0.006701,0.031889,-0.008958,0.000429,0.005165,-0.003237
1790938105.162736,1790938105.215257,0.161327,0.715757,0.225457,-0.698582,0.019420,-0.017169,0.715060,-88.670,0.217,-2.963,-0.006425,0.032248,-0.008704,0.000430,-0.002291,-0.000042
1790938105.196074,1790938105.243549,0.161118,0.716409,0.225341,-0.698577,0.019427,-0.017184,0.715065,-88.669,0.216,-2.965,-0.006617,0.032866,-0.009054,-0.000635,-0.004420,0.001023
1790938105.229412,1790938105.277747,0.160845,0.716745,0.225254,-0.698591,0.019416,-0.017160,0.715052,-88.671,0.217,-2.962,-0.006794,0.033329,-0.008923,-0.001701,-0.002291,-0.000042
1790938105.262750,1790938105.315383,0.160867,0.717296,0.225172,-0.698598,0.019411,-0.017174,0.715045,-88.672,0.216,-2.962,-0.006733,0.033771,-0.008992,-0.000635,-0.001224,-0.001106
1790938105.296088,1790938105.349180,0.160994,0.717845,0.225024,-0.698589,0.019369,-0.017148,0.715055,-88.671,0.214,-2.957,-0.006393,0.034451,-0.009127,0.001497,0.000905,-0.001106
1790938105.329426,1790938105.377939,0.161076,0.718062,0.224908,-0.698601,0.019384,-0.017137,0.715044,-88.673,0.216,-2.957,-0.006253,0.034745,-0.009298,-0.000634,0.001970,0.002089
1790938105.362763,1790938105.412843,0.161017,0.718439,0.224803,-0.698611,0.019377,-0.017140,0.715034,-88.674,0.216,-2.957,-0.005980,0.035440,-0.009178,0.000431,-0.001224,0.001023
1790938105.396101,1790938105.445772,0.160827,0.718776,0.224700,-0.698614,0.019387,-0.017146,0.715030,-88.675,0.216,-2.958,-0.006245,0.035938,-0.009253,-0.000634,-0.000160,-0.000042
1790938105.429439,1790938105.474637,0.160497,0.718967,0.224592,-0.698618,0.019417,-0.017140,0.715026,-88.676,0.219,-2.960,-0.006566,0.036308,-0.009359,0.003627,-0.000160,-0.004302
1790938105.462776,1790938105.509054,0.160223,0.719416,0.224364,-0.698600,0.019406,-0.017172,0.715043,-88.673,0.215,-2.962,-0.006803,0.036998,-0.009392,-0.000634,-0.000160,-0.001106
1790938105.496114,1790938105.542437,0.160190,0.719793,0.224180,-0.698607,0.019386,-0.017143,0.715038,-88.674,0.216,-2.958,-0.006584,0.037467,-0.009361,0.002562,-0.001224,-0.000042
1790938105.529452,1790938105.572151,0.160528,0.719914,0.224042,-0.698596,0.019356,-0.017117,0.715049,-88.672,0.216,-2.953,-0.006447,0.037973,-0.009354,-0.000633,0.000905,0.001023
1790938105.562790,1790938105.608757,0.160952,0.720144,0.223825,-0.698593,0.019350,-0.017105,0.715053,-88.671,0.216,-2.952,-0.006243,0.038418,-0.009614,-0.000633,0.005166,0.001023
1790938105.596128,1790938105.640508,0.161059,0.720213,0.223735,-0.698614,0.019359,-0.017110,0.715032,-88.675,0.216,-2.953,-0.005870,0.038724,-0.009519,-0.000633,0.000905,-0.000042
1790938105.629465,1790938105.674731,0.161038,0.720161,0.223633,-0.698606,0.019342,-0.017109,0.715041,-88.673,0.215,-2.952,-0.005692,0.039041,-0.009506,0.000432,-0.001224,0.001023
1790938105.662803,1790938105.711774,0.161042,0.720330,0.223415,-0.698603,0.019360,-0.017100,0.715043,-88.673,0.217,-2.952,-0.005706,0.039540,-0.009675,0.000432,-0.002291,0.001023
1790938105.696141,1790938105.746912,0.160939,0.720460,0.223247,-0.698597,0.019365,-0.017095,0.715049,-88.672,0.218,-2.952,-0.005845,0.040073,-0.009651,-0.001699,-0.001225,-0.000042
1790938105.729478,1790938105.778495,0.160816,0.720521,0.223114,-0.698606,0.019378,-0.017091,0.715040,-88.674,0.220,-2.953,-0.005877,0.040188,-0.010071,0.001499,-0.000160,0.001023
1790938105.762816,1790938105.809500,0.160646,0.720752,0.222914,-0.698592,0.019391,-0.017095,0.715053,-88.671,0.220,-2.954,-0.005968,0.040604,-0.010127,-0.001699,-0.000160,0.002089
1790938105.796153,1790938105.841827,0.160399,0.720962,0.222728,-0.698593,0.019413,-0.017083,0.715052,-88.672,0.223,-2.955,-0.005824,0.041034,-0.010197,-0.002763,0.000904,0.001023
1790938105.829490,1790938105.885612,0.160194,0.721176,0.222566,-0.698589,0.019414,-0.017093,0.715055,-88.671,0.222,-2.956,-0.005930,0.041303,-0.010254,0.000433,-0.003356,-0.002173
1790938105.862828,1790938105.923968,0.160155,0.721695,0.222371,-0.698581,0.019410,-0.017088,0.715063,-88.670,0.222,-2.955,-0.006160,0.041508,-0.010297,-0.001698,-0.000161,-0.000042
1790938105.896166,1790938105.956084,0.159975,0.721866,0.222181,-0.698572,0.019419,-0.017094,0.715072,-88.668,0.223,-2.957,-0.006038,0.041866,-0.010567,-0.001698,0.003033,0.001023
1790938105.929503,1790938105.994223,0.159814,0.722160,0.221934,-0.698559,0.019431,-0.017087,0.715085,-88.666,0.224,-2.957,-0.005973,0.042610,-0.010663,0.001499,-0.001225,0.001023
1790938105.962841,1790938106.020144,0.159795,0.722485,0.221753,-0.698572,0.019404,-0.017099,0.715073,-88.668,0.221,-2.956,-0.006005,0.043050,-0.010451,0.001500,-0.002292,-0.002173
1790938105.996178,1790938106.043138,0.159896,0.722568,0.221648,-0.698566,0.019388,-0.017098,0.715079,-88.667,0.220,-2.954,-0.006080,0.043453,-0.010327,-0.003827,-0.001225,-0.000042
1790938106.029515,1790938106.072219,0.159989,0.722694,0.221470,-0.698570,0.019371,-0.017126,0.715074,-88.668,0.216,-2.955,-0.005818,0.043882,-0.010296,-0.000631,0.000904,-0.000042
1790938106.062853,1790938106.110376,0.159939,0.722844,0.221331,-0.698578,0.019369,-0.017133,0.715066,-88.669,0.216,-2.956,-0.005846,0.044250,-0.010277,-0.001697,-0.002292,-0.000042
1790938106.096191,1790938106.148343,0.160624,0.721614,0.221095,-0.698577,0.019393,-0.017112,0.715067,-88.669,0.219,-2.956,-0.005552,0.044015,-0.010247,0.000434,-0.001225,0.005284
1790938106.129530,1790938106.176124,0.160861,0.720683,0.220856,-0.698583,0.019397,-0.017108,0.715062,-88.670,0.220,-2.956,-0.005658,0.044168,-0.010418,-0.000631,-0.001226,-0.002172
1790938106.162869,1790938106.211159,0.161046,0.719988,0.220633,-0.698584,0.019370,-0.017103,0.715061,-88.670,0.218,-2.953,-0.005534,0.044365,-0.010549,-0.000630,-0.001226,-0.001106
1790938106.196208,1790938106.241566,0.161430,0.719196,0.220508,-0.698602,0.019357,-0.017069,0.715045,-88.673,0.220,-2.950,-0.005438,0.044472,-0.010661,-0.000630,0.000903,0.002090
1790938106.229548,1790938106.302807,0.161791,0.718501,0.220320,-0.698600,0.019352,-0.017081,0.715047,-88.673,0.218,-2.950,-0.005343,0.044391,-0.010917,0.000435,0.001968,-0.002172
1790938106.262886,1790938106.333578,0.161853,0.717812,0.220093,-0.698609,0.019375,-0.017078,0.715037,-88.674,0.220,-2.952,-0.005352,0.044599,-0.011157,-0.002761,-0.002293,-0.000041
1790938106.296225,1790938106.358531,0.161727,0.717155,0.219922,-0.698611,0.019383,-0.017079,0.715035,-88.674,0.221,-2.952,-0.005426,0.044794,-0.011275,-0.000630,0.003032,0.001024
1790938106.329564,1790938106.382471,0.161584,0.716728,0.219716,-0.698623,0.019410,-0.017072,0.715023,-88.676,0.224,-2.954,-0.005470,0.045070,-0.011484,-0.000629,0.001967,0.005284
1790938106.362903,1790938106.417638,0.161528,0.716339,0.219575,-0.698627,0.019414,-0.017041,0.715019,-88.677,0.226,-2.952,-0.005427,0.045173,-0.011395,0.000436,0.001966,0.005284
1790938106.396242,1790938106.448861,0.161584,0.715918,0.219399,-0.698622,0.019438,-0.017011,0.715025,-88.676,0.231,-2.951,-0.005397,0.045320,-0.011461,-0.001695,-0.000163,0.002090
1790938106.429581,1790938106.484922,0.161554,0.715670,0.219184,-0.698630,0.019460,-0.017003,0.715016,-88.678,0.233,-2.952,-0.005472,0.045772,-0.011347,-0.000629,-0.000163,-0.000041
1790938106.462920,1790938106.518242,0.161464,0.715429,0.219034,-0.698630,0.019472,-0.016986,0.715017,-88.678,0.236,-2.952,-0.005450,0.045941,-0.011407,0.001503,-0.000164,-0.001106
1790938106.496259,1790938106.548514,0.161441,0.715205,0.218812,-0.698616,0.019449,-0.017010,0.715030,-88.675,0.232,-2.952,-0.005404,0.046107,-0.011455,0.000436,0.001966,-0.000041
1790938106.529598,1790938106.578844,0.161468,0.715148,0.218565,-0.698630,0.019431,-0.017033,0.715017,-88.678,0.228,-2.953,-0.005323,0.046308,-0.011497,-0.000628,0.001966,0.004219
1790938106.562937,1790938106.612709,0.161520,0.714950,0.218486,-0.698641,0.019430,-0.017023,0.715006,-88.679,0.229,-2.952,-0.005138,0.046478,-0.011487,-0.000628,-0.001228,0.001024
1790938106.596276,1790938106.641911,0.161802,0.714670,0.218328,-0.698626,0.019401,-0.016994,0.715022,-88.677,0.229,-2.947,-0.005070,0.046779,-0.011608,0.000437,-0.003359,0.002090
1790938106.629615,1790938106.679728,0.162221,0.714545,0.218037,-0.698623,0.019380,-0.016996,0.715025,-88.676,0.227,-2.945,-0.004942,0.047214,-0.011907,-0.001694,-0.001228,0.001024
1790938106.662954,1790938106.715006,0.162443,0.714355,0.217849,-0.698621,0.019373,-0.017003,0.715027,-88.676,0.226,-2.945,-0.004776,0.047552,-0.012013,-0.002758,0.001966,0.003155
1790938106.696292,1790938106.745226,0.162522,0.714174,0.217637,-0.698614,0.019372,-0.016999,0.715035,-88.675,0.226,-2.945,-0.004652,0.047991,-0.012026,0.000437,-0.001229,0.001024
1790938106.729631,1790938106.776846,0.162561,0.714176,0.217355,-0.698606,0.019376,-0.016991,0.715042,-88.674,0.227,-2.945,-0.004752,0.048216,-0.012069,-0.000627,0.000900,-0.000041
1790938106.762970,1790938106.809311,0.162680,0.714101,0.217162,-0.698608,0.019356,-0.016981,0.715041,-88.674,0.227,-2.942,-0.004744,0.048378,-0.012270,0.001504,-0.000164,-0.002172
1790938106.796309,1790938106.848913,0.162895,0.713989,0.216957,-0.698603,0.019350,-0.016970,0.715046,-88.673,0.227,-2.941,-0.004878,0.048665,-0.012209,-0.000627,0.001965,-0.000041
1790938106.829648,1790938106.880111,0.162978,0.713980,0.216709,-0.698598,0.019357,-0.016975,0.715051,-88.672,0.227,-2.942,-0.004674,0.048899,-0.012500,0.000438,-0.001229,-0.005367
1790938106.862987,1790938106.903051,0.163005,0.713878,0.216536,-0.698596,0.019315,-0.017006,0.715054,-88.672,0.221,-2.941,-0.004409,0.048925,-0.012617,-0.002757,0.001965,-0.001105
1790938106.896326,1790938106.936948,0.163048,0.713767,0.216356,-0.698602,0.019312,-0.017023,0.715047,-88.673,0.220,-2.942,-0.004335,0.049251,-0.012708,-0.000626,0.000900,-0.001105
1790938106.929665,1790938106.971374,0.162915,0.713744,0.216149,-0.698595,0.019327,-0.017028,0.715053,-88.672,0.220,-2.944,-0.004421,0.049702,-0.012594,-0.001692,0.001964,0.002091
1790938106.963004,1790938107.005520,0.162778,0.713640,0.216003,-0.698597,0.019326,-0.017019,0.715052,-88.672,0.221,-2.943,-0.004333,0.050120,-0.012573,-0.001692,0.001964,-0.000040
1790938106.996342,1790938107.052187,0.162078,0.714366,0.215121,-0.698595,0.019356,-0.017016,0.715053,-88.672,0.224,-2.945,-0.004660,0.051087,-0.012477,-0.000626,-0.002295,0.002090
1790938107.029681,1790938107.079128,0.161027,0.726760,0.224972,-0.698512,0.019259,-0.016843,0.715140,-88.658,0.230,-2.923,-0.004529,0.047758,-0.010307,0.000449,-0.001244,-0.000038
1790938107.063020,1790938107.104516,0.159800,0.731475,0.222311,-0.698485,0.019318,-0.016865,0.715165,-88.654,0.233,-2.930,-0.004242,0.048686,-0.010687,0.001515,-0.002305,-0.000039
1790938107.096359,1790938107.135403,0.159313,0.734367,0.222214,-0.698498,0.019338,-0.016847,0.715152,-88.656,0.236,-2.930,-0.004193,0.049291,-0.010823,-0.003811,-0.000172,0.002092
1790938107.129699,1790938107.165347,0.159224,0.736154,0.222135,-0.698515,0.019373,-0.016819,0.715135,-88.659,0.241,-2.930,-0.004133,0.049778,-0.010818,0.001516,-0.000172,0.002092
1790938107.163038,1790938107.197886,0.159139,0.737662,0.222090,-0.698521,0.019354,-0.016796,0.715130,-88.660,0.242,-2.927,-0.003896,0.050028,-0.011007,0.002581,-0.002303,-0.003234
1790938107.196378,1790938107.233223,0.159086,0.739051,0.221980,-0.698525,0.019354,-0.016813,0.715126,-88.661,0.240,-2.928,-0.003557,0.050529,-0.010917,0.001517,0.003023,-0.004299
1790938107.229718,1790938107.269400,0.158844,0.740037,0.221838,-0.698528,0.019374,-0.016813,0.715123,-88.661,0.242,-2.930,-0.003296,0.050959,-0.010924,0.000450,0.000894,0.002093
1790938107.263058,1790938107.308641,0.158680,0.740938,0.221654,-0.698546,0.019394,-0.016792,0.715105,-88.664,0.245,-2.930,-0.003331,0.051153,-0.011034,-0.000614,-0.001236,0.001026
1790938107.296398,1790938107.341206,0.158535,0.741851,0.221444,-0.698554,0.019403,-0.016796,0.715097,-88.665,0.245,-2.931,-0.003274,0.051607,-0.011141,-0.003809,0.003023,0.003157
1790938107.329738,1790938107.403538,0.158404,0.742562,0.221202,-0.698557,0.019405,-0.016798,0.715094,-88.666,0.245,-2.931,-0.003074,0.051974,-0.011279,0.001518,0.003023,-0.000039
1790938107.363078,1790938107.438182,0.158265,0.743313,0.220923,-0.698552,0.019412,-0.016829,0.715098,-88.665,0.244,-2.934,-0.002845,0.052375,-0.011451,0.000452,-0.001236,-0.000039
1790938107.396418,1790938107.471518,0.158127,0.744349,0.220602,-0.698548,0.019422,-0.016818,0.715102,-88.664,0.245,-2.934,-0.002942,0.052718,-0.011420,-0.002744,0.001958,-0.001103
1790938107.429758,1790938107.504362,0.158014,0.745118,0.220318,-0.698547,0.019426,-0.016817,0.715102,-88.664,0.246,-2.934,-0.002755,0.053097,-0.011512,-0.001679,0.000893,0.001026
1790938107.463098,1790938107.538861,0.157968,0.745854,0.220036,-0.698547,0.019419,-0.016828,0.715103,-88.664,0.244,-2.935,-0.002520,0.053153,-0.011291,-0.000612,-0.000172,-0.001103
1790938107.496438,1790938107.570582,0.157863,0.746827,0.219762,-0.698553,0.019445,-0.016824,0.715096,-88.665,0.247,-2.937,-0.002228,0.053430,-0.010974,-0.001678,0.004089,-0.000038
1790938107.529778,1790938107.602061,0.157571,0.747549,0.219486,-0.698541,0.019467,-0.016847,0.715106,-88.664,0.247,-2.940,-0.002058,0.053644,-0.011189,0.001520,-0.001237,-0.000039
1790938107.563118,1790938107.630080,0.157277,0.748329,0.219182,-0.698542,0.019475,-0.016863,0.715105,-88.664,0.246,-2.942,-0.002147,0.053629,-0.011105,-0.000611,-0.000172,-0.000039
1790938107.596456,1790938107.652259,0.157033,0.749318,0.218919,-0.698550,0.019497,-0.016869,0.715096,-88.665,0.247,-2.944,-0.002124,0.054235,-0.011421,0.002585,0.006217,0.004222
1790938107.629796,1790938107.673733,0.156696,0.750055,0.218619,-0.698528,0.019525,-0.016879,0.715118,-88.662,0.249,-2.947,-0.001982,0.054729,-0.011553,-0.000610,0.000892,-0.001103
1790938107.663136,1790938107.708447,0.156451,0.750863,0.218259,-0.698523,0.019523,-0.016880,0.715122,-88.661,0.249,-2.947,-0.002145,0.055228,-0.011774,-0.001676,-0.000173,-0.000039
1790938107.696476,1790938107.737786,0.156391,0.751638,0.217970,-0.698534,0.019522,-0.016868,0.715112,-88.663,0.250,-2.946,-0.002102,0.055281,-0.011705,-0.002741,-0.001237,0.001026
1790938107.729816,1790938107.769378,0.156417,0.752228,0.217738,-0.698532,0.019532,-0.016845,0.715114,-88.662,0.252,-2.945,-0.001850,0.055579,-0.011603,0.000456,-0.000172,0.002092
1790938107.763155,1790938107.804818,0.156533,0.752810,0.217440,-0.698529,0.019512,-0.016837,0.715117,-88.662,0.251,-2.943,-0.001864,0.055792,-0.011597,-0.000609,-0.001237,0.001026
1790938107.796495,1790938107.869383,0.156605,0.753373,0.217172,-0.698549,0.019522,-0.016838,0.715097,-88.665,0.252,-2.944,-0.001570,0.055972,-0.011556,-0.002739,-0.000172,-0.001103
1790938107.829835,1790938107.895175,0.156622,0.753769,0.216973,-0.698555,0.019516,-0.016829,0.715093,-88.666,0.252,-2.943,-0.001365,0.055909,-0.011850,-0.001674,0.004089,-0.001103
1790938107.863175,1790938107.919047,0.156605,0.754238,0.216699,-0.698563,0.019522,-0.016848,0.715084,-88.667,0.251,-2.945,-0.001280,0.055938,-0.011884,-0.001673,-0.002303,0.003157
1790938107.896515,1790938107.941289,0.156571,0.754745,0.216395,-0.698557,0.019512,-0.016840,0.715090,-88.666,0.251,-2.943,-0.000972,0.055998,-0.011622,-0.000607,-0.004432,0.002093
1790938107.929854,1790938107.970064,0.156544,0.755154,0.216112,-0.698563,0.019528,-0.016836,0.715083,-88.667,0.252,-2.944,-0.000680,0.056109,-0.011667,0.000459,0.000893,-0.002170
1790938107.963194,1790938108.003776,0.156508,0.755636,0.215814,-0.698565,0.019510,-0.016861,0.715082,-88.668,0.249,-2.945,-0.000394,0.056168,-0.011827,-0.002737,-0.000172,-0.002170
1790938107.996534,1790938108.035630,0.156460,0.756134,0.215490,-0.698561,0.019519,-0.016861,0.715086,-88.667,0.250,-2.945,-0.000309,0.056344,-0.012100,0.000459,0.000893,0.002093
1790938108.029873,1790938108.077432,0.156375,0.756573,0.215181,-0.698560,0.019532,-0.016847,0.715087,-88.667,0.252,-2.945,-0.000222,0.056386,-0.012100,-0.001671,-0.004432,0.002093
1790938108.063212,1790938108.110242,0.156417,0.757138,0.214803,-0.698543,0.019525,-0.016826,0.715104,-88.664,0.253,-2.943,0.000079,0.056573,-0.012226,0.000460,-0.003368,0.003157
1790938108.096552,1790938108.142028,0.156554,0.757679,0.214451,-0.698544,0.019523,-0.016811,0.715103,-88.664,0.254,-2.942,0.000229,0.056580,-0.012301,-0.000604,0.000893,-0.000038
1790938108.129889,1790938108.180284,0.156615,0.758098,0.214164,-0.698549,0.019522,-0.016819,0.715098,-88.665,0.253,-2.942,0.000152,0.056617,-0.012184,-0.000603,0.003022,-0.001103
1790938108.163226,1790938108.205527,0.156654,0.758645,0.213782,-0.698536,0.019504,-0.016823,0.715112,-88.663,0.252,-2.941,0.000350,0.056793,-0.012351,0.000462,-0.000172,0.002093
1790938108.196562,1790938108.236028,0.156684,0.759191,0.213412,-0.698537,0.019518,-0.016811,0.715110,-88.663,0.254,-2.941,0.000630,0.056914,-0.012307,0.000462,0.000892,-0.002169
1790938108.229899,1790938108.270190,0.156586,0.759653,0.213122,-0.698543,0.019537,-0.016812,0.715104,-88.664,0.255,-2.943,0.000867,0.057005,-0.012553,0.000463,0.000892,-0.000038
1790938108.263236,1790938108.303705,0.156404,0.760229,0.212774,-0.698539,0.019549,-0.016812,0.715107,-88.664,0.256,-2.944,0.000799,0.057004,-0.012449,-0.000602,0.000892,-0.000038
1790938108.296573,1790938108.339346,0.156276,0.760763,0.212419,-0.698532,0.019552,-0.016810,0.715114,-88.663,0.257,-2.944,0.000879,0.057199,-0.012672,-0.002732,-0.002304,-0.001103
1790938108.329909,1790938108.370816,0.156108,0.761244,0.212045,-0.698524,0.019566,-0.016832,0.715122,-88.661,0.256,-2.947,0.000762,0.057442,-0.012795,0.001530,0.001956,0.001026
1790938108.363246,1790938108.412523,0.156078,0.761783,0.211652,-0.698531,0.019553,-0.016799,0.715116,-88.662,0.258,-2.943,0.000958,0.057605,-0.012928,-0.002731,-0.003368,-0.002169
1790938108.396583,1790938108.467931,0.156322,0.762169,0.211343,-0.698529,0.019532,-0.016798,0.715118,-88.662,0.256,-2.941,0.001117,0.057584,-0.013014,0.000465,-0.001237,-0.000038
1790938108.429919,1790938108.500548,0.156508,0.762478,0.211019,-0.698528,0.019524,-0.016810,0.715119,-88.662,0.254,-2.942,0.001216,0.057708,-0.012996,-0.000599,0.003022,0.001027
1790938108.463255,1790938108.528480,0.156643,0.762878,0.210609,-0.698519,0.019502,-0.016815,0.715128,-88.660,0.252,-2.940,0.001471,0.057780,-0.013189,-0.001665,-0.002303,-0.000038
1790938108.496592,1790938108.559739,0.156706,0.763458,0.210248,-0.698522,0.019501,-0.016818,0.715125,-88.661,0.252,-2.940,0.001767,0.058074,-0.013368,-0.001665,-0.000172,-0.002169
1790938108.529928,1790938108.593091,0.156723,0.763668,0.209833,-0.698495,0.019480,-0.016850,0.715151,-88.656,0.248,-2.941,0.001720,0.058105,-0.013200,-0.000598,0.003022,0.002093
1790938108.563265,1790938108.624517,0.156635,0.763988,0.209389,-0.698516,0.019500,-0.016853,0.715130,-88.660,0.249,-2.943,0.001791,0.058090,-0.013292,-0.000597,0.004088,0.001027
1790938108.596601,1790938108.655941,0.156560,0.764185,0.209067,-0.698514,0.019495,-0.016844,0.715132,-88.659,0.249,-2.942,0.001914,0.057860,-0.013691,-0.000597,-0.000172,-0.000038
1790938108.629937,1790938108.685990,0.156584,0.764410,0.208690,-0.698515,0.019488,-0.016863,0.715131,-88.659,0.247,-2.943,0.001993,0.057743,-0.013963,0.001535,-0.001236,-0.000038
1790938108.663274,1790938108.717583,0.156639,0.764734,0.208208,-0.698492,0.019471,-0.016872,0.715154,-88.656,0.245,-2.942,0.001996,0.057744,-0.013964,0.001535,-0.002303,0.002093
1790938108.696610,1790938108.741763,0.156699,0.764997,0.207726,-0.698473,0.019473,-0.016871,0.715172,-88.653,0.245,-2.943,0.002307,0.057537,-0.014206,-0.001662,-0.001236,-0.000038
1790938108.729947,1790938108.772415,0.156681,0.765311,0.207259,-0.698473,0.019489,-0.016859,0.715173,-88.653,0.248,-2.943,0.002414,0.057338,-0.014430,0.000470,0.005153,-0.002169
1790938108.763283,1790938108.805163,0.156511,0.765663,0.206814,-0.698468,0.019512,-0.016873,0.715176,-88.652,0.249,-2.946,0.002278,0.057176,-0.014680,-0.000594,0.001957,-0.000038
1790938108.796619,1790938108.841494,0.156261,0.765931,0.206411,-0.698460,0.019528,-0.016869,0.715183,-88.651,0.250,-2.947,0.002154,0.057212,-0.014604,-0.001660,-0.000172,0.001027
1790938108.829956,1790938108.868355,0.156092,0.766319,0.205935,-0.698445,0.019521,-0.016880,0.715198,-88.648,0.249,-2.947,0.002027,0.057245,-0.014444,0.002602,-0.003368,-0.000038
1790938108.863292,1790938108.908048,0.156077,0.766737,0.205456,-0.698430,0.019522,-0.016859,0.715213,-88.646,0.251,-2.946,0.001911,0.057217,-0.014481,-0.001659,-0.000172,0.003158
1790938108.896628,1790938108.937001,0.156060,0.767011,0.205056,-0.698421,0.019540,-0.016855,0.715221,-88.645,0.253,-2.947,0.001840,0.056889,-0.014347,-0.000592,-0.000172,0.002093
1790938108.929963,1790938108.974349,0.155918,0.767368,0.204613,-0.698419,0.019557,-0.016856,0.715223,-88.644,0.254,-2.948,0.001757,0.056901,-0.014248,-0.001658,0.000892,0.001027
1790938108.963300,1790938109.011042,0.155947,0.767736,0.204268,-0.698430,0.019554,-0.016839,0.715213,-88.646,0.255,-2.946,0.002022,0.057648,-0.014358,-0.001658,-0.000172,0.004223
1790938108.996636,1790938109.045306,0.155951,0.767984,0.203921,-0.698428,0.019546,-0.016866,0.715215,-88.646,0.252,-2.948,0.002283,0.057581,-0.014448,-0.000591,-0.000172,0.002093
1790938109.029972,1790938109.067665,0.155980,0.769408,0.202834,-0.698427,0.019530,-0.016847,0.715217,-88.646,0.252,-2.945,0.002381,0.058424,-0.014707,0.000473,-0.001237,-0.000038
1790938109.063308,1790938109.112141,0.156132,0.770394,0.202211,-0.698430,0.019507,-0.016860,0.715214,-88.646,0.249,-2.944,0.002728,0.058607,-0.014816,-0.000591,-0.003367,-0.002169
1790938109.096645,1790938109.153701,0.156297,0.771075,0.201808,-0.698420,0.019498,-0.016851,0.715224,-88.644,0.249,-2.943,0.002779,0.058659,-0.014624,0.000474,-0.001236,0.002093
