time_s,recv_time_s,x_m,y_m,z_m,qx,qy,qz,qw,roll_deg,pitch_deg,yaw_deg,vx_mps,vy_mps,vz_mps,wx_radps,wy_radps,wz_radps
1790862440.412205,1790862440.475269,-0.000111,-0.000271,-0.000401,-0.702663,-0.004315,-0.004274,0.711497,-89.284,-0.696,-0.001,-0.001115,-0.002916,-0.000036,-0.000047,-0.001854,-0.003350
1790862440.445546,1790862440.502750,-0.000070,-0.000255,-0.000434,-0.702627,-0.004314,-0.004270,0.711533,-89.278,-0.696,-0.001,0.002169,0.000824,-0.001258,-0.000047,-0.001853,-0.003350
1790862440.478887,1790862440.528482,-0.000116,-0.000327,-0.000412,-0.702617,-0.004312,-0.004276,0.711543,-89.277,-0.696,-0.002,-0.000311,-0.001295,0.000634,-0.001110,0.000277,-0.005480
1790862440.512227,1790862440.552299,-0.000090,-0.000241,-0.000414,-0.702584,-0.004343,-0.004284,0.711575,-89.272,-0.699,0.000,0.001441,0.003563,0.000574,-0.001109,-0.002918,0.003043
1790862440.545567,1790862440.583520,-0.000032,-0.000242,-0.000428,-0.702596,-0.004328,-0.004263,0.711563,-89.273,-0.696,0.001,0.003420,0.001265,-0.000482,-0.000045,0.000279,0.000912
1790862440.578907,1790862440.617611,-0.000116,-0.000174,-0.000378,-0.702641,-0.004306,-0.004255,0.711519,-89.281,-0.694,-0.000,-0.001263,0.004285,0.001274,0.001022,-0.000786,-0.000152
1790862440.612248,1790862440.654155,-0.000115,-0.000341,-0.000435,-0.702596,-0.004320,-0.004285,0.711563,-89.273,-0.697,-0.002,0.001729,-0.003359,-0.000787,-0.000045,-0.000784,-0.002284
1790862440.645589,1790862440.688602,-0.000132,-0.000152,-0.000417,-0.702582,-0.004352,-0.004316,0.711577,-89.271,-0.702,-0.002,0.000424,0.006241,0.001551,-0.003238,-0.001850,0.000913
1790862440.678929,1790862440.722178,-0.000112,-0.000083,-0.000365,-0.702663,-0.004365,-0.004303,0.711497,-89.284,-0.702,0.001,0.000387,0.003015,0.002252,-0.001107,-0.003980,-0.001217
1790862440.712270,1790862440.770380,-0.000110,-0.000283,-0.000428,-0.702636,-0.004345,-0.004313,0.711524,-89.280,-0.702,-0.002,0.001917,-0.004593,-0.001399,-0.002173,-0.001849,0.000913
1790862440.745610,1790862440.791276,-0.000116,-0.000327,-0.000410,-0.702587,-0.004324,-0.004287,0.711572,-89.272,-0.698,-0.001,0.001002,-0.000825,0.000182,-0.000042,0.000281,0.001980
1790862440.778951,1790862440.817091,-0.000172,-0.000305,-0.000410,-0.702603,-0.004305,-0.004293,0.711556,-89.274,-0.697,-0.003,-0.001493,0.001046,-0.000102,0.002089,-0.000784,-0.001216
1790862440.812291,1790862440.853688,-0.000137,-0.000271,-0.000422,-0.702599,-0.004302,-0.004274,0.711560,-89.274,-0.695,-0.002,0.000678,0.000837,-0.000015,0.001025,-0.002915,-0.000151
1790862440.845632,1790862440.884196,-0.000096,-0.000351,-0.000436,-0.702578,-0.004308,-0.004281,0.711581,-89.270,-0.696,-0.002,0.002186,-0.001592,-0.000717,-0.000043,-0.000783,-0.000151
1790862440.878973,1790862440.916571,-0.000152,-0.000371,-0.000436,-0.702547,-0.004308,-0.004294,0.711611,-89.266,-0.697,-0.003,0.000028,0.000714,0.000133,-0.000042,0.000282,-0.003347
1790862440.912313,1790862440.957658,-0.000183,-0.000302,-0.000434,-0.702573,-0.004310,-0.004318,0.711586,-89.270,-0.699,-0.005,-0.001610,0.001487,-0.000086,-0.000042,-0.000784,0.003045
1790862440.945654,1790862440.998360,-0.000121,-0.000189,-0.000433,-0.702604,-0.004316,-0.004292,0.711555,-89.275,-0.697,-0.002,0.000503,0.003235,-0.000140,-0.000042,0.001345,-0.001216
1790862440.978994,1790862441.035904,-0.000130,-0.000087,-0.000444,-0.702627,-0.004346,-0.004306,0.711532,-89.278,-0.701,-0.001,0.000062,0.003831,-0.000488,0.002089,-0.002914,0.003045
1790862441.012333,1790862441.063615,-0.000103,-0.000162,-0.000429,-0.702620,-0.004345,-0.004307,0.711538,-89.277,-0.701,-0.001,0.001404,-0.001316,0.000586,-0.000041,-0.001848,0.001980
1790862441.045674,1790862441.096064,-0.000103,-0.000056,-0.000421,-0.702616,-0.004348,-0.004304,0.711543,-89.277,-0.701,-0.001,0.000299,0.003616,0.000750,0.001025,-0.003979,-0.000151
1790862441.079015,1790862441.126194,-0.000055,-0.000315,-0.000487,-0.702560,-0.004338,-0.004317,0.711599,-89.268,-0.701,-0.003,0.003822,-0.006545,-0.001339,0.001024,0.001348,0.003044
1790862441.112355,1790862441.157979,-0.000180,-0.000241,-0.000486,-0.702506,-0.004324,-0.004346,0.711652,-89.259,-0.703,-0.006,-0.003101,0.003320,-0.000347,0.001023,-0.000783,-0.002283
1790862441.145696,1790862441.197365,-0.000097,-0.000300,-0.000459,-0.702543,-0.004336,-0.004329,0.711615,-89.265,-0.702,-0.004,0.001419,-0.002266,-0.000503,-0.001107,0.001347,0.000914
1790862441.179036,1790862441.224091,-0.000169,-0.000376,-0.000488,-0.702485,-0.004317,-0.004345,0.711673,-89.255,-0.702,-0.007,-0.001029,-0.001392,-0.000535,0.001024,0.000282,-0.001215
1790862441.212377,1790862441.263774,-0.000153,-0.000221,-0.000480,-0.702499,-0.004347,-0.004353,0.711658,-89.258,-0.705,-0.005,0.000115,0.004547,0.000255,-0.000042,-0.001847,0.000915
1790862441.245718,1790862441.299530,-0.000104,-0.000041,-0.000434,-0.702577,-0.004366,-0.004333,0.711581,-89.270,-0.705,-0.002,0.000469,0.005088,0.001578,-0.004300,-0.000783,0.005176
1790862441.279058,1790862441.325290,-0.000103,-0.000026,-0.000454,-0.702607,-0.004383,-0.004333,0.711551,-89.275,-0.706,-0.000,0.000617,0.001253,0.000823,0.001027,-0.000781,0.000916
1790862441.312399,1790862441.350816,-0.000104,-0.000081,-0.000468,-0.702595,-0.004362,-0.004347,0.711563,-89.273,-0.706,-0.003,0.001226,-0.000079,-0.000442,-0.001104,0.002412,0.000915
1790862441.345740,1790862441.394753,-0.000091,-0.000282,-0.000489,-0.702542,-0.004338,-0.004331,0.711616,-89.265,-0.702,-0.004,0.001816,-0.004531,-0.000775,-0.001104,0.001348,-0.003345
1790862441.379080,1790862441.433706,-0.000144,-0.000131,-0.000482,-0.702501,-0.004356,-0.004353,0.711656,-89.258,-0.706,-0.004,-0.000044,0.006525,0.000810,-0.001104,0.000284,-0.001214
1790862441.412421,1790862441.468179,-0.000088,-0.000258,-0.000510,-0.702505,-0.004366,-0.004356,0.711652,-89.259,-0.707,-0.004,0.003754,-0.001742,-0.002083,-0.000043,-0.000778,-0.001214
1790862441.445760,1790862441.496931,-0.000164,-0.000176,-0.000456,-0.702521,-0.004345,-0.004354,0.711637,-89.261,-0.705,-0.005,-0.001158,0.004283,0.001175,0.002090,0.000285,0.001981
1790862441.479101,1790862441.521235,-0.000091,-0.000225,-0.000503,-0.702511,-0.004384,-0.004363,0.711646,-89.260,-0.709,-0.003,0.001625,-0.001657,-0.001007,-0.001107,0.000286,0.003046
1790862441.512442,1790862441.554510,-0.000100,-0.000176,-0.000492,-0.702489,-0.004381,-0.004368,0.711668,-89.256,-0.709,-0.004,0.000821,0.002301,0.000144,-0.002173,-0.000779,-0.004410
1790862441.545783,1790862441.588878,-0.000102,-0.000212,-0.000502,-0.702485,-0.004383,-0.004379,0.711671,-89.256,-0.710,-0.004,-0.000220,-0.000549,-0.000689,0.002088,0.000286,-0.000149
1790862441.579123,1790862441.618881,-0.000105,-0.000229,-0.000501,-0.702469,-0.004367,-0.004374,0.711687,-89.253,-0.708,-0.005,-0.000516,-0.000599,-0.000557,-0.001107,0.004546,-0.003345
1790862441.612464,1790862441.655925,-0.000120,-0.000166,-0.000490,-0.702481,-0.004380,-0.004385,0.711675,-89.255,-0.710,-0.005,-0.002671,0.000239,0.000390,-0.000042,0.000284,0.000915
1790862441.645804,1790862441.693215,-0.000111,-0.000200,-0.000506,-0.702498,-0.004368,-0.004381,0.711659,-89.258,-0.709,-0.006,-0.000226,-0.001027,-0.000639,-0.000042,-0.000780,-0.000149
1790862441.679145,1790862441.718282,-0.000146,-0.000239,-0.000518,-0.702488,-0.004359,-0.004384,0.711669,-89.256,-0.708,-0.007,-0.000181,-0.000482,-0.000867,-0.000043,-0.002911,0.001981
1790862441.712486,1790862441.760522,-0.000175,-0.000291,-0.000500,-0.702478,-0.004366,-0.004399,0.711678,-89.255,-0.710,-0.007,-0.000491,-0.001028,0.000095,-0.001107,0.001349,-0.003345
1790862441.745826,1790862441.795755,-0.000131,-0.000242,-0.000488,-0.702477,-0.004384,-0.004398,0.711679,-89.254,-0.712,-0.006,0.002620,0.002803,0.000520,0.002090,-0.000778,-0.000148
1790862441.779167,1790862441.831907,-0.000154,-0.000120,-0.000486,-0.702497,-0.004373,-0.004394,0.711660,-89.257,-0.710,-0.006,-0.000993,0.003639,0.000301,-0.000041,0.003481,-0.004409
1790862441.812508,1790862441.864910,-0.000124,-0.000117,-0.000492,-0.702539,-0.004381,-0.004392,0.711619,-89.264,-0.711,-0.005,-0.000719,-0.000342,0.000162,-0.001104,0.001349,-0.001212
1790862441.845848,1790862441.899180,-0.000144,-0.000160,-0.000474,-0.702540,-0.004351,-0.004365,0.711617,-89.264,-0.706,-0.006,-0.000234,-0.000937,0.000646,0.002091,-0.000779,0.000917
1790862441.879188,1790862441.922400,-0.000148,-0.000155,-0.000471,-0.702531,-0.004352,-0.004366,0.711626,-89.263,-0.706,-0.006,-0.000805,-0.000287,0.000206,-0.000040,0.001349,-0.003344
1790862441.912529,1790862441.959985,-0.000130,-0.000286,-0.000494,-0.702500,-0.004359,-0.004379,0.711657,-89.258,-0.708,-0.006,-0.000170,-0.005298,-0.000303,0.001027,0.001349,-0.000148
1790862441.945869,1790862441.998284,-0.000097,-0.000088,-0.000495,-0.702483,-0.004385,-0.004369,0.711674,-89.255,-0.709,-0.003,0.001329,0.006055,0.000839,-0.002169,-0.001845,-0.000147
1790862441.979210,1790862442.033899,-0.000077,-0.000167,-0.000527,-0.702484,-0.004399,-0.004386,0.711672,-89.255,-0.712,-0.004,0.001077,-0.001481,0.000293,-0.001102,0.000286,-0.001212
1790862442.012551,1790862442.066311,-0.000179,-0.000338,-0.000555,-0.702421,-0.004387,-0.004423,0.711734,-89.245,-0.714,-0.008,-0.000963,-0.003658,-0.001058,-0.000039,-0.005039,-0.000148
1790862442.045891,1790862442.099222,-0.000141,-0.000230,-0.000526,-0.702413,-0.004402,-0.004416,0.711743,-89.244,-0.714,-0.006,0.001546,0.003756,0.000571,-0.000038,-0.000779,0.000917
1790862442.079232,1790862442.126252,-0.000042,-0.000203,-0.000547,-0.702430,-0.004411,-0.004394,0.711725,-89.247,-0.714,-0.003,0.003012,0.001334,-0.000189,0.001029,-0.002909,-0.002278
1790862442.112573,1790862442.154802,-0.000081,-0.000145,-0.000528,-0.702447,-0.004385,-0.004377,0.711709,-89.249,-0.710,-0.004,-0.000026,0.003156,-0.000167,0.002092,0.001351,0.004113
1790862442.145912,1790862442.198016,-0.000089,-0.000291,-0.000560,-0.702433,-0.004381,-0.004393,0.711723,-89.247,-0.711,-0.006,0.000992,-0.002611,-0.001605,-0.001104,0.001352,-0.001213
1790862442.179252,1790862442.232587,-0.000078,-0.000271,-0.000567,-0.702402,-0.004387,-0.004396,0.711754,-89.242,-0.712,-0.005,0.001418,0.001544,0.000290,0.002092,0.000287,-0.001212
1790862442.212592,1790862442.254727,-0.000073,-0.000225,-0.000558,-0.702417,-0.004370,-0.004377,0.711739,-89.245,-0.709,-0.005,-0.000137,0.001179,-0.000206,-0.000039,0.001352,-0.003344
1790862442.245932,1790862442.296578,-0.000098,-0.000006,-0.000526,-0.702493,-0.004397,-0.004374,0.711664,-89.257,-0.711,-0.003,-0.001735,0.007496,-0.000184,-0.001104,-0.000778,0.000917
1790862442.279272,1790862442.331310,-0.000114,-0.000174,-0.000510,-0.702520,-0.004398,-0.004385,0.711637,-89.261,-0.712,-0.004,-0.001185,-0.005405,0.000000,-0.002172,0.000286,0.004111
1790862442.312611,1790862442.366862,-0.000101,-0.000081,-0.000524,-0.702491,-0.004393,-0.004392,0.711665,-89.257,-0.712,-0.005,-0.000506,0.002032,-0.000005,-0.001104,0.003480,0.001982
1790862442.345950,1790862442.399551,-0.000058,-0.000119,-0.000515,-0.702501,-0.004380,-0.004362,0.711656,-89.258,-0.708,-0.003,0.000594,-0.001587,0.001081,-0.003235,0.000284,-0.000149
1790862442.379290,1790862442.427711,-0.000103,-0.000113,-0.000549,-0.702465,-0.004419,-0.004413,0.711691,-89.252,-0.716,-0.004,-0.000675,0.000029,0.000602,0.001028,-0.000781,0.001982
1790862442.412629,1790862442.467740,-0.000083,0.000103,-0.000514,-0.702520,-0.004447,-0.004415,0.711637,-89.261,-0.718,-0.002,-0.000434,0.006322,0.001623,-0.000038,-0.001845,-0.002279
1790862442.445969,1790862442.504464,-0.000004,-0.000056,-0.000530,-0.702532,-0.004447,-0.004382,0.711624,-89.263,-0.715,0.001,0.004870,-0.002567,-0.000865,-0.000038,-0.000776,0.000917
1790862442.479309,1790862442.538973,-0.000144,-0.000180,-0.000552,-0.702458,-0.004398,-0.004413,0.711698,-89.251,-0.714,-0.006,-0.002105,-0.002339,-0.000691,-0.002170,0.002416,0.001982
1790862442.512649,1790862442.570835,-0.000104,-0.000097,-0.000525,-0.702469,-0.004422,-0.004436,0.711686,-89.253,-0.718,-0.006,0.000626,0.002527,0.000775,-0.000040,0.001351,0.004111
1790862442.545988,1790862442.598784,-0.000080,-0.000093,-0.000550,-0.702486,-0.004419,-0.004411,0.711670,-89.256,-0.716,-0.004,0.000797,-0.000037,-0.000402,-0.000039,0.000286,0.001982
1790862442.579328,1790862442.632748,-0.000144,-0.000281,-0.000588,-0.702418,-0.004413,-0.004437,0.711737,-89.245,-0.717,-0.007,-0.001086,-0.004848,-0.000825,0.001027,-0.001842,-0.000149
1790862442.612668,1790862442.667730,-0.000117,-0.000140,-0.000533,-0.702425,-0.004417,-0.004427,0.711730,-89.246,-0.717,-0.006,0.001645,0.005314,0.001893,-0.002170,-0.001841,-0.000149
1790862442.646007,1790862442.702719,-0.000093,-0.000064,-0.000547,-0.702473,-0.004428,-0.004419,0.711682,-89.254,-0.717,-0.004,0.000477,0.002583,-0.000345,0.002092,-0.002908,-0.001213
1790862442.679347,1790862442.736049,-0.000067,-0.000245,-0.000579,-0.702441,-0.004410,-0.004414,0.711715,-89.248,-0.715,-0.005,0.003221,-0.002850,-0.000934,-0.000039,-0.002905,-0.002279
1790862442.712687,1790862442.769999,-0.000102,-0.000183,-0.000569,-0.702414,-0.004409,-0.004417,0.711742,-89.244,-0.715,-0.005,0.001523,0.004172,-0.000407,-0.000039,-0.000773,0.004113
1790862442.746026,1790862442.800495,-0.000131,-0.000206,-0.000530,-0.702436,-0.004408,-0.004426,0.711719,-89.248,-0.716,-0.006,-0.000806,0.000014,0.000921,-0.002169,-0.000774,-0.001212
1790862442.779365,1790862442.832175,-0.000105,-0.000076,-0.000558,-0.702449,-0.004413,-0.004426,0.711706,-89.250,-0.716,-0.006,-0.001411,0.002241,-0.000335,-0.001102,0.004549,0.000917
1790862442.812705,1790862442.864644,-0.000039,-0.000230,-0.000562,-0.702442,-0.004410,-0.004394,0.711714,-89.249,-0.713,-0.003,0.002902,-0.004157,-0.000400,-0.001103,0.000291,0.000918
1790862442.846044,1790862442.897213,-0.000130,-0.000281,-0.000565,-0.702371,-0.004382,-0.004432,0.711784,-89.237,-0.714,-0.009,-0.000525,0.000828,0.000029,-0.000038,-0.001838,0.000917
1790862442.879384,1790862442.926299,-0.000144,-0.000212,-0.000562,-0.702374,-0.004412,-0.004455,0.711780,-89.238,-0.718,-0.008,-0.001268,0.001215,0.000500,-0.002169,-0.000774,0.000917
1790862442.912723,1790862442.957154,-0.000095,-0.000091,-0.000570,-0.702406,-0.004419,-0.004435,0.711749,-89.243,-0.717,-0.006,0.000774,0.003036,-0.000006,-0.004298,0.000290,-0.000148
1790862442.946063,1790862442.996204,-0.000152,-0.000235,-0.000571,-0.702414,-0.004411,-0.004454,0.711741,-89.244,-0.718,-0.008,-0.002168,-0.004387,0.000039,-0.000038,-0.001840,0.001983
1790862442.979403,1790862443.034451,-0.000083,0.000016,-0.000558,-0.702431,-0.004433,-0.004436,0.711725,-89.247,-0.719,-0.005,0.001067,0.006358,0.000224,-0.000038,-0.002907,-0.000148
1790862443.012742,1790862443.065971,-0.000126,-0.000109,-0.000524,-0.702486,-0.004413,-0.004429,0.711670,-89.256,-0.716,-0.006,-0.001833,-0.003599,0.000992,0.001028,0.000289,0.004111
1790862443.046082,1790862443.086816,-0.000129,-0.000239,-0.000573,-0.702410,-0.004427,-0.004470,0.711745,-89.244,-0.721,-0.008,0.001105,-0.002772,-0.000758,-0.000038,-0.000775,-0.001213
1790862443.079421,1790862443.114733,-0.000119,-0.000291,-0.000587,-0.702360,-0.004413,-0.004459,0.711794,-89.235,-0.719,-0.009,0.000955,-0.001809,-0.000095,-0.001102,0.000290,-0.000148
1790862443.112761,1790862443.152770,-0.000143,-0.000119,-0.000572,-0.702375,-0.004420,-0.004449,0.711779,-89.238,-0.719,-0.007,-0.000931,0.005294,0.000346,-0.002168,0.000289,-0.004409
1790862443.146105,1790862443.198450,-0.000075,-0.000149,-0.000580,-0.702403,-0.004432,-0.004446,0.711752,-89.242,-0.719,-0.006,0.002686,-0.000193,0.000210,-0.000037,0.000290,0.003047
1790862443.179450,1790862443.232994,-0.000151,-0.000179,-0.000574,-0.702391,-0.004409,-0.004456,0.711763,-89.241,-0.718,-0.009,-0.001193,0.000508,0.000446,0.001029,0.001354,-0.001213
1790862443.212794,1790862443.268580,-0.000125,-0.000009,-0.000571,-0.702419,-0.004440,-0.004449,0.711736,-89.245,-0.720,-0.005,0.000229,0.005972,-0.000154,-0.001103,0.002419,-0.000149
1790862443.246139,1790862443.303669,-0.000071,-0.000128,-0.000582,-0.702426,-0.004437,-0.004439,0.711729,-89.246,-0.719,-0.005,0.002378,-0.002900,-0.000583,0.003157,-0.000775,0.004110
1790862443.279484,1790862443.341319,-0.000130,-0.000221,-0.000598,-0.702372,-0.004435,-0.004462,0.711782,-89.237,-0.721,-0.007,-0.000022,-0.000172,-0.000971,-0.001105,0.000291,-0.001214
1790862443.312829,1790862443.374483,-0.000118,-0.000136,-0.000584,-0.702389,-0.004438,-0.004463,0.711765,-89.240,-0.721,-0.007,0.000953,0.003197,-0.000398,0.002091,0.002420,-0.002281
1790862443.346175,1790862443.410058,-0.000104,0.000031,-0.000572,-0.702459,-0.004422,-0.004440,0.711696,-89.251,-0.718,-0.006,-0.000705,0.004837,0.000124,0.001027,-0.001839,-0.001214
1790862443.379520,1790862443.444605,-0.000060,-0.000076,-0.000548,-0.702487,-0.004418,-0.004410,0.711669,-89.256,-0.715,-0.004,0.000066,-0.003923,0.000428,-0.001104,0.002419,0.000915
1790862443.412866,1790862443.465455,-0.000101,-0.000173,-0.000576,-0.702427,-0.004426,-0.004433,0.711728,-89.246,-0.718,-0.005,-0.000825,-0.003551,-0.000435,-0.002171,-0.001840,-0.002281
1790862443.446211,1790862443.496212,-0.000080,-0.000015,-0.000575,-0.702446,-0.004436,-0.004431,0.711709,-89.249,-0.719,-0.004,0.001448,0.005733,-0.000050,0.003156,0.001356,-0.000149
1790862443.479557,1790862443.531709,-0.000144,-0.000136,-0.000558,-0.702478,-0.004396,-0.004425,0.711678,-89.254,-0.715,-0.007,-0.002130,-0.003381,0.000821,-0.000039,0.001354,-0.000150
1790862443.512902,1790862443.557521,-0.000106,-0.000288,-0.000582,-0.702422,-0.004401,-0.004431,0.711733,-89.245,-0.716,-0.007,0.001803,-0.004956,0.000088,0.001027,0.000290,-0.002281
1790862443.546247,1790862443.595982,-0.000144,-0.000248,-0.000584,-0.702390,-0.004416,-0.004445,0.711764,-89.240,-0.718,-0.007,-0.000663,0.001896,-0.000531,-0.001104,-0.002906,-0.001215
1790862443.579593,1790862443.618982,-0.000065,-0.000243,-0.000563,-0.702417,-0.004397,-0.004397,0.711738,-89.245,-0.713,-0.005,0.002765,0.000647,0.000172,0.002092,-0.001839,0.000915
1790862443.612939,1790862443.659629,-0.000106,-0.000078,-0.000541,-0.702463,-0.004389,-0.004389,0.711693,-89.252,-0.711,-0.005,-0.001805,0.005066,0.000581,-0.000039,-0.001840,-0.001215
1790862443.646284,1790862443.694726,-0.000082,-0.000182,-0.000553,-0.702493,-0.004393,-0.004380,0.711663,-89.257,-0.711,-0.004,0.000063,-0.002844,-0.000617,-0.000040,0.000290,-0.002281
1790862443.679629,1790862443.724282,-0.000166,-0.000353,-0.000543,-0.702463,-0.004386,-0.004391,0.711693,-89.252,-0.711,-0.005,-0.000824,-0.004110,-0.000081,-0.000039,-0.002905,-0.000149
1790862443.712975,1790862443.760855,-0.000137,-0.000135,-0.000511,-0.702490,-0.004392,-0.004371,0.711666,-89.256,-0.710,-0.003,-0.000133,0.005928,0.001108,-0.003233,0.001354,0.004112
1790862443.746320,1790862443.792662,-0.000064,-0.000223,-0.000517,-0.702525,-0.004375,-0.004338,0.711632,-89.262,-0.706,-0.002,0.000669,-0.004068,0.000006,-0.000038,0.001352,0.000915
1790862443.779666,1790862443.824984,-0.000082,-0.000197,-0.000528,-0.702515,-0.004371,-0.004316,0.711642,-89.260,-0.704,-0.000,-0.000928,0.000582,-0.000629,-0.000039,0.000287,-0.002281
1790862443.813012,1790862443.864733,0.000016,0.000004,-0.000490,-0.702571,-0.004409,-0.004295,0.711587,-89.269,-0.705,0.005,0.002854,0.006886,0.001128,-0.002169,0.000289,-0.000149
1790862443.846358,1790862443.899155,-0.000049,-0.000341,-0.000501,-0.702565,-0.004361,-0.004292,0.711593,-89.268,-0.701,0.001,0.000598,-0.008593,0.000497,-0.001103,-0.001839,0.000915
1790862443.879704,1790862443.935261,-0.000122,-0.000225,-0.000496,-0.702530,-0.004373,-0.004313,0.711627,-89.263,-0.704,0.000,0.000095,0.005597,0.000969,0.002094,-0.002904,-0.006540
1790862443.913049,1790862443.967727,-0.000065,-0.000348,-0.000538,-0.702526,-0.004389,-0.004318,0.711631,-89.262,-0.706,0.001,0.002904,-0.002544,-0.000726,0.001029,-0.001837,-0.000149
1790862443.946395,1790862444.001964,-0.000094,-0.000407,-0.000545,-0.702471,-0.004375,-0.004327,0.711686,-89.253,-0.705,-0.001,0.001166,-0.000078,-0.000060,-0.000037,0.003489,-0.000149
1790862443.979741,1790862444.029358,-0.000137,-0.000348,-0.000552,-0.702483,-0.004377,-0.004327,0.711674,-89.255,-0.705,-0.001,-0.000588,0.002836,-0.000823,-0.001102,0.001358,-0.002280
1790862444.013087,1790862444.053205,-0.000151,-0.000412,-0.000539,-0.702504,-0.004351,-0.004330,0.711653,-89.259,-0.703,-0.003,-0.000994,-0.001808,-0.000880,-0.000039,0.000292,-0.001214
1790862444.046433,1790862444.089938,-0.000119,-0.000153,-0.000475,-0.702570,-0.004374,-0.004294,0.711588,-89.269,-0.702,0.002,-0.001575,0.006377,0.001731,-0.001101,0.000290,-0.000148
1790862444.079779,1790862444.147340,-0.000034,-0.000307,-0.000512,-0.702584,-0.004387,-0.004286,0.711575,-89.271,-0.703,0.004,0.001462,-0.005418,-0.000514,-0.001101,0.002419,0.000916
1790862444.113124,1790862444.183667,-0.000102,-0.000330,-0.000528,-0.702532,-0.004366,-0.004289,0.711626,-89.263,-0.701,0.002,-0.000592,0.000873,-0.001122,-0.000037,-0.002905,0.000917
1790862444.146466,1790862444.222470,-0.000117,-0.000445,-0.000488,-0.702530,-0.004344,-0.004264,0.711628,-89.263,-0.697,0.002,-0.000275,-0.002917,0.000312,-0.001102,-0.000774,0.003047
1790862444.179807,1790862444.257181,-0.000121,-0.000395,-0.000477,-0.702497,-0.004373,-0.004289,0.711660,-89.258,-0.702,0.002,0.000231,0.001809,0.000886,0.003158,-0.003970,0.000915
1790862444.213148,1790862444.283820,-0.000109,-0.000423,-0.000494,-0.702521,-0.004364,-0.004290,0.711636,-89.261,-0.701,0.001,0.000440,-0.000693,-0.000161,-0.003233,-0.001839,-0.000149
1790862444.246489,1790862444.314711,-0.000101,-0.000464,-0.000496,-0.702513,-0.004347,-0.004277,0.711644,-89.260,-0.699,0.001,0.001550,0.000343,-0.000237,-0.001102,-0.001838,-0.005476
1790862444.279829,1790862444.342035,-0.000132,-0.000418,-0.000504,-0.702505,-0.004354,-0.004297,0.711652,-89.259,-0.701,0.000,-0.000281,0.001834,0.000088,0.001029,-0.001839,0.000915
1790862444.313170,1790862444.373611,-0.000069,-0.000360,-0.000517,-0.702512,-0.004388,-0.004292,0.711645,-89.260,-0.703,0.003,0.002300,0.002903,-0.000351,-0.002169,-0.001838,0.004111
1790862444.346511,1790862444.405135,-0.000085,-0.000318,-0.000501,-0.702544,-0.004375,-0.004293,0.711614,-89.265,-0.702,0.002,0.000976,0.002941,0.000529,-0.003233,0.000292,-0.000148
1790862444.379852,1790862444.437573,-0.000051,-0.000328,-0.000507,-0.702541,-0.004364,-0.004271,0.711617,-89.265,-0.700,0.003,0.002331,0.001015,0.000214,0.002094,-0.001837,-0.002280
1790862444.413193,1790862444.480283,-0.000072,-0.000144,-0.000504,-0.702554,-0.004389,-0.004290,0.711604,-89.267,-0.703,0.004,-0.001066,0.006098,-0.000117,-0.001101,0.000292,-0.000148
1790862444.446533,1790862444.517077,-0.000063,-0.000213,-0.000512,-0.702576,-0.004377,-0.004301,0.711582,-89.270,-0.703,0.002,0.000675,-0.000987,0.000227,-0.000036,0.002421,0.001982
1790862444.479874,1790862444.551436,-0.000103,-0.000254,-0.000511,-0.702552,-0.004380,-0.004319,0.711606,-89.266,-0.705,0.000,-0.000633,-0.000634,0.000952,-0.001101,-0.000774,-0.001214
1790862444.513215,1790862444.582953,-0.000024,-0.000248,-0.000495,-0.702548,-0.004401,-0.004293,0.711610,-89.266,-0.704,0.004,0.002944,0.000465,0.001430,-0.000035,-0.001836,0.000917
1790862444.546555,1790862444.618421,-0.000022,-0.000227,-0.000528,-0.702520,-0.004370,-0.004294,0.711637,-89.261,-0.702,0.002,0.002914,0.002193,0.000339,-0.000035,0.000294,0.007307
1790862444.579895,1790862444.651068,-0.000061,-0.000271,-0.000544,-0.702497,-0.004392,-0.004330,0.711660,-89.258,-0.707,0.000,0.000020,-0.000147,0.000001,-0.001100,-0.000771,-0.006540
1790862444.613236,1790862444.683815,-0.000091,-0.000333,-0.000554,-0.702453,-0.004400,-0.004357,0.711703,-89.250,-0.710,-0.001,0.000453,-0.000741,-0.000276,0.001031,-0.000770,0.000917
1790862444.646577,1790862444.716557,-0.000113,-0.000254,-0.000541,-0.702447,-0.004400,-0.004360,0.711709,-89.250,-0.710,-0.001,-0.000322,0.002824,0.000098,-0.000035,0.002423,-0.002279
1790862444.679918,1790862444.748408,-0.000101,-0.000251,-0.000518,-0.702478,-0.004387,-0.004336,0.711679,-89.254,-0.707,-0.000,-0.000220,0.000412,0.000122,-0.001100,-0.001835,0.000917
1790862444.713259,1790862444.775963,-0.000043,-0.000043,-0.000480,-0.702528,-0.004402,-0.004326,0.711629,-89.263,-0.707,0.002,0.003650,0.008608,0.001171,-0.000035,-0.001834,0.001983
1790862444.746599,1790862444.804519,-0.000076,-0.000193,-0.000480,-0.702563,-0.004384,-0.004350,0.711595,-89.268,-0.708,-0.002,0.000488,-0.003175,0.000937,-0.000035,0.003491,0.001982
1790862444.779940,1790862444.825904,-0.000116,-0.000236,-0.000525,-0.702503,-0.004371,-0.004362,0.711654,-89.258,-0.708,-0.004,-0.001209,-0.001287,-0.000815,0.001032,0.001359,0.000916
1790862444.813281,1790862444.861761,-0.000065,-0.000209,-0.000535,-0.702479,-0.004385,-0.004365,0.711677,-89.255,-0.709,-0.003,0.000481,-0.000466,0.000164,-0.001099,0.001359,0.000916
1790862444.846622,1790862444.897181,-0.000044,-0.000140,-0.000514,-0.702503,-0.004390,-0.004346,0.711654,-89.258,-0.708,-0.001,0.000001,0.001539,0.001229,-0.000034,0.002423,-0.000149
1790862444.879963,1790862444.931768,-0.000093,-0.000260,-0.000525,-0.702479,-0.004401,-0.004377,0.711678,-89.255,-0.711,-0.003,-0.000882,-0.003510,0.000991,-0.000032,0.001359,0.000917
1790862444.913303,1790862444.965974,-0.000079,-0.000193,-0.000537,-0.702456,-0.004398,-0.004382,0.711700,-89.251,-0.711,-0.003,0.001287,0.002471,-0.000022,-0.001098,-0.003965,-0.004408
1790862444.946644,1790862444.999488,-0.000035,-0.000255,-0.000530,-0.702485,-0.004396,-0.004363,0.711671,-89.256,-0.710,-0.002,0.002801,-0.000430,0.000278,-0.001096,-0.002899,0.001984
1790862444.979985,1790862445.030227,-0.000101,-0.000237,-0.000540,-0.702465,-0.004382,-0.004362,0.711691,-89.252,-0.709,-0.003,-0.000753,0.001666,0.000303,-0.000031,-0.000768,0.001984
1790862445.013325,1790862445.059212,-0.000057,-0.000242,-0.000543,-0.702461,-0.004404,-0.004364,0.711695,-89.252,-0.710,-0.001,0.000876,-0.000239,0.000073,-0.002162,-0.000769,-0.000147
1790862445.046666,1790862445.094970,-0.000049,-0.000064,-0.000534,-0.702505,-0.004409,-0.004351,0.711652,-89.259,-0.710,0.000,0.000829,0.006049,0.000073,-0.000031,-0.002899,-0.000146
1790862445.080007,1790862445.129643,0.000004,0.000035,-0.000510,-0.702588,-0.004382,-0.004308,0.711570,-89.272,-0.704,0.002,0.002306,0.004605,0.000328,0.001036,-0.001832,0.000919
1790862445.113348,1790862445.162385,-0.000022,-0.000121,-0.000488,-0.702588,-0.004370,-0.004320,0.711570,-89.272,-0.704,-0.000,-0.000006,-0.003072,0.000658,-0.001097,0.001362,-0.001212
1790862445.146688,1790862445.196335,-0.000081,-0.000338,-0.000496,-0.702543,-0.004349,-0.004327,0.711615,-89.265,-0.703,-0.003,0.000457,-0.005550,-0.000215,0.001035,0.004559,-0.002278
1790862445.180027,1790862445.235415,-0.000125,-0.000128,-0.000495,-0.702554,-0.004334,-0.004319,0.711604,-89.267,-0.701,-0.003,-0.001394,0.006539,-0.000688,0.003163,0.001361,-0.003342
1790862445.213367,1790862445.268539,-0.000034,-0.000187,-0.000472,-0.702577,-0.004368,-0.004304,0.711581,-89.270,-0.703,0.001,0.002643,-0.001605,0.000205,-0.000033,0.000299,-0.000147
1790862445.246707,1790862445.302980,-0.000105,-0.000356,-0.000535,-0.702490,-0.004368,-0.004357,0.711667,-89.256,-0.707,-0.004,-0.000495,-0.004680,-0.000806,0.001035,0.000298,-0.000147
1790862445.280046,1790862445.345878,-0.000107,-0.000367,-0.000536,-0.702467,-0.004358,-0.004338,0.711690,-89.253,-0.705,-0.003,-0.000468,-0.000383,-0.000367,-0.002163,0.000298,0.001984
1790862445.313386,1790862445.378867,-0.000122,-0.000290,-0.000485,-0.702504,-0.004360,-0.004314,0.711653,-89.259,-0.703,-0.001,-0.000869,0.001784,0.001216,-0.001096,0.000298,0.000918
1790862445.346726,1790862445.407744,-0.000125,-0.000181,-0.000492,-0.702542,-0.004352,-0.004317,0.711616,-89.265,-0.702,-0.002,-0.001109,0.002889,0.000188,0.001034,0.003492,-0.001212
1790862445.380065,1790862445.441551,-0.000079,-0.000288,-0.000506,-0.702563,-0.004349,-0.004317,0.711595,-89.268,-0.702,-0.002,-0.000559,-0.004859,0.000147,-0.000031,-0.001835,0.000917
1790862445.413405,1790862445.470831,-0.000071,-0.000323,-0.000534,-0.702501,-0.004366,-0.004304,0.711656,-89.258,-0.703,0.000,0.000437,-0.001900,-0.000202,-0.001096,-0.002901,-0.001213
1790862445.446743,1790862445.503871,-0.000085,-0.000277,-0.000509,-0.702512,-0.004369,-0.004308,0.711645,-89.260,-0.703,0.000,0.000836,0.002705,0.000198,0.001035,0.000296,0.001983
1790862445.480083,1790862445.531984,-0.000055,-0.000283,-0.000486,-0.702552,-0.004340,-0.004288,0.711606,-89.266,-0.699,-0.000,0.002090,0.001385,0.000846,-0.000031,-0.001833,-0.001212
1790862445.513423,1790862445.561488,-0.000062,-0.000299,-0.000488,-0.702547,-0.004351,-0.004291,0.711611,-89.266,-0.700,0.000,0.000654,0.000248,0.000601,0.001036,-0.002899,-0.000148
1790862445.546762,1790862445.595080,-0.000091,-0.000362,-0.000521,-0.702515,-0.004358,-0.004294,0.711642,-89.260,-0.701,0.001,0.000339,0.000092,-0.001776,-0.001098,-0.001831,-0.000148
1790862445.580102,1790862445.622878,-0.000112,-0.000351,-0.000473,-0.702539,-0.004350,-0.004307,0.711619,-89.264,-0.702,-0.001,0.000549,0.001755,0.000628,0.001035,0.002427,-0.001212
1790862445.613441,1790862445.658027,-0.000116,-0.000232,-0.000460,-0.702564,-0.004362,-0.004306,0.711594,-89.268,-0.702,0.000,-0.000446,0.003878,0.001140,-0.000032,0.000298,-0.003343
1790862445.646781,1790862445.697376,-0.000061,-0.000419,-0.000527,-0.702546,-0.004364,-0.004294,0.711612,-89.265,-0.702,0.001,0.003392,-0.004004,-0.002056,-0.001097,0.001365,-0.000147
1790862445.680121,1790862445.732564,-0.000147,-0.000358,-0.000491,-0.702516,-0.004361,-0.004314,0.711641,-89.261,-0.703,-0.001,-0.001357,0.002683,0.000694,0.001035,-0.003961,-0.002277
1790862445.713460,1790862445.765657,-0.000095,-0.000405,-0.000510,-0.702518,-0.004364,-0.004311,0.711639,-89.261,-0.703,-0.000,0.000497,-0.002298,-0.000264,-0.000031,-0.000766,-0.001211
1790862445.746800,1790862445.800551,-0.000123,-0.000150,-0.000497,-0.702573,-0.004368,-0.004286,0.711585,-89.270,-0.701,0.002,-0.000902,0.008113,0.000123,-0.001096,0.001364,-0.000145
1790862445.780139,1790862445.834829,-0.000017,-0.000049,-0.000479,-0.702664,-0.004385,-0.004262,0.711495,-89.284,-0.701,0.006,0.002986,0.003120,0.000319,-0.000030,0.000300,0.001986
1790862445.813479,1790862445.869165,-0.000018,-0.000211,-0.000499,-0.702625,-0.004362,-0.004254,0.711534,-89.278,-0.698,0.004,0.001747,-0.002727,-0.000322,-0.002163,-0.000764,0.001986
1790862445.846818,1790862445.899325,-0.000076,-0.000285,-0.000507,-0.702582,-0.004343,-0.004252,0.711577,-89.271,-0.696,0.003,0.000622,-0.000600,-0.000697,0.003163,-0.000763,-0.000146
1790862445.880157,1790862445.932101,-0.000086,-0.000118,-0.000537,-0.702568,-0.004394,-0.004308,0.711590,-89.269,-0.705,0.002,-0.000037,0.006051,-0.001432,-0.000034,0.000300,-0.003342
1790862445.913496,1790862445.963395,-0.000037,-0.000360,-0.000530,-0.702565,-0.004379,-0.004300,0.711593,-89.268,-0.703,0.002,0.002643,-0.006127,-0.000624,0.001032,-0.001826,0.001985
1790862445.946836,1790862446.000921,-0.000103,-0.000247,-0.000484,-0.702564,-0.004350,-0.004282,0.711595,-89.268,-0.699,0.001,0.000231,0.005722,0.000905,-0.000033,0.001368,-0.004405
1790862445.980175,1790862446.034346,-0.000133,-0.000313,-0.000453,-0.702627,-0.004338,-0.004291,0.711533,-89.278,-0.699,-0.001,-0.001014,-0.001146,0.000418,-0.001099,-0.000761,-0.002276
1790862446.013515,1790862446.062541,-0.000112,-0.000294,-0.000456,-0.702612,-0.004345,-0.004291,0.711547,-89.276,-0.700,-0.000,0.000771,0.000751,0.000349,-0.000033,0.004563,-0.002276
1790862446.046854,1790862446.092500,-0.000064,-0.000157,-0.000471,-0.702628,-0.004359,-0.004278,0.711531,-89.279,-0.700,0.002,0.000481,0.003628,0.000099,-0.002164,-0.001826,-0.000145
1790862446.080194,1790862446.131632,-0.000028,-0.000365,-0.000496,-0.702607,-0.004354,-0.004264,0.711552,-89.275,-0.698,0.003,0.003666,-0.004153,-0.000716,-0.001097,-0.000758,-0.001208
1790862446.113533,1790862446.166159,-0.000116,-0.000054,-0.000447,-0.702631,-0.004355,-0.004284,0.711528,-89.279,-0.700,0.001,0.000482,0.012632,0.000740,-0.002165,0.000308,0.001988
1790862446.146873,1790862446.199118,-0.000080,-0.000234,-0.000443,-0.702681,-0.004356,-0.004284,0.711479,-89.287,-0.700,0.002,0.000596,-0.004921,0.000163,-0.001097,0.000306,0.000921
1790862446.180213,1790862446.232025,-0.000078,-0.000248,-0.000489,-0.702592,-0.004365,-0.004288,0.711566,-89.273,-0.701,0.002,0.000873,-0.000493,-0.000175,-0.001097,0.000307,-0.002275
1790862446.213553,1790862446.266261,-0.000082,-0.000365,-0.000508,-0.702556,-0.004378,-0.004321,0.711602,-89.267,-0.705,0.000,0.001351,-0.002795,-0.000504,-0.000032,-0.001821,0.003053
1790862446.246893,1790862446.303082,-0.000063,-0.000160,-0.000496,-0.702573,-0.004353,-0.004282,0.711585,-89.270,-0.700,0.001,0.000933,0.007141,-0.000043,-0.001097,0.000308,0.004117
1790862446.280234,1790862446.337722,-0.000095,-0.000223,-0.000475,-0.702626,-0.004343,-0.004281,0.711534,-89.278,-0.699,0.001,-0.000406,-0.000725,0.000466,-0.001097,0.002438,-0.002274
1790862446.313574,1790862446.369951,-0.000114,-0.000388,-0.000509,-0.702570,-0.004342,-0.004307,0.711588,-89.269,-0.701,-0.002,0.000619,-0.004031,-0.001222,-0.000033,-0.000756,-0.001208
1790862446.346913,1790862446.403982,-0.000086,-0.000367,-0.000483,-0.702539,-0.004325,-0.004290,0.711619,-89.264,-0.698,-0.002,0.000528,0.000719,0.000135,-0.000034,0.000307,-0.000144
1790862446.380253,1790862446.438882,-0.000094,-0.000123,-0.000471,-0.702601,-0.004341,-0.004281,0.711558,-89.274,-0.699,0.000,-0.002003,0.005246,0.000456,-0.000032,0.001371,0.000921
1790862446.413593,1790862446.472902,-0.000064,-0.000222,-0.000484,-0.702607,-0.004364,-0.004288,0.711552,-89.275,-0.701,0.002,0.001178,-0.002681,0.000034,-0.000033,-0.001821,0.000921
1790862446.446933,1790862446.507182,-0.000104,-0.000339,-0.000481,-0.702559,-0.004356,-0.004323,0.711599,-89.267,-0.703,-0.002,0.000702,-0.002724,0.000315,0.002099,-0.000756,0.001988
1790862446.480273,1790862446.535923,-0.000105,-0.000400,-0.000518,-0.702497,-0.004349,-0.004336,0.711660,-89.257,-0.704,-0.004,0.000313,-0.001615,0.000262,0.002100,-0.001821,-0.000143
1790862446.513613,1790862446.570547,-0.000053,-0.000261,-0.000508,-0.702486,-0.004379,-0.004324,0.711671,-89.256,-0.705,-0.000,0.002494,0.005182,0.000401,0.002098,0.001375,0.003052
1790862446.546953,1790862446.604738,-0.000110,-0.000257,-0.000503,-0.702524,-0.004350,-0.004329,0.711633,-89.262,-0.703,-0.003,-0.001480,0.000722,-0.000772,-0.000033,0.000309,-0.001208
1790862446.580293,1790862446.632746,-0.000147,-0.000286,-0.000500,-0.702515,-0.004376,-0.004360,0.711642,-89.260,-0.708,-0.003,-0.001834,-0.000772,0.000492,-0.001097,-0.001821,0.000921
1790862446.613633,1790862446.660405,-0.000096,-0.000337,-0.000537,-0.702476,-0.004372,-0.004358,0.711680,-89.254,-0.707,-0.003,0.001041,-0.002280,0.000001,0.001035,0.000308,0.004117
1790862446.646973,1790862446.689984,-0.000154,-0.000406,-0.000545,-0.702449,-0.004354,-0.004361,0.711708,-89.250,-0.706,-0.005,-0.001172,-0.001243,-0.000764,0.001033,-0.003952,0.000921
1790862446.680314,1790862446.733402,-0.000141,-0.000333,-0.000510,-0.702468,-0.004368,-0.004362,0.711688,-89.253,-0.707,-0.004,0.001196,0.003687,-0.000111,-0.001099,0.000308,0.001987
1790862446.713654,1790862446.763078,-0.000058,-0.000188,-0.000504,-0.702514,-0.004371,-0.004340,0.711643,-89.260,-0.706,-0.002,0.001451,0.003057,0.001232,-0.001097,-0.000757,0.001987
1790862446.746994,1790862446.793192,-0.000045,-0.000156,-0.000495,-0.702528,-0.004401,-0.004340,0.711629,-89.263,-0.708,0.000,0.000259,0.001053,0.001866,0.001035,0.000308,-0.000143
1790862446.780333,1790862446.828389,-0.000053,-0.000084,-0.000523,-0.702530,-0.004410,-0.004349,0.711628,-89.263,-0.710,0.000,0.002327,0.005427,-0.000711,-0.000032,-0.002885,-0.007600
1790862446.813673,1790862446.867451,-0.000109,-0.000185,-0.000459,-0.702564,-0.004395,-0.004361,0.711594,-89.268,-0.710,-0.002,0.000179,-0.001093,0.001797,-0.000031,-0.001820,0.003053
1790862446.847013,1790862446.889579,-0.000048,-0.000158,-0.000489,-0.702561,-0.004399,-0.004347,0.711596,-89.268,-0.709,-0.000,0.003047,0.001480,0.000128,-0.001095,0.001375,0.000922
1790862446.880353,1790862446.923510,-0.000087,-0.000196,-0.000537,-0.702534,-0.004393,-0.004367,0.711623,-89.264,-0.710,-0.002,-0.000541,-0.000724,-0.000834,-0.000030,0.001374,-0.000143
1790862446.913693,1790862446.957195,-0.000088,-0.000312,-0.000529,-0.702507,-0.004387,-0.004349,0.711650,-89.259,-0.708,-0.001,-0.000782,-0.004321,0.001219,0.001037,0.002438,-0.001208
1790862446.947033,1790862446.987803,-0.000119,-0.000394,-0.000542,-0.702472,-0.004385,-0.004349,0.711685,-89.253,-0.708,-0.002,-0.000328,-0.001910,-0.000086,0.001037,-0.002886,0.001988
1790862446.980373,1790862447.034802,-0.000113,-0.000280,-0.000509,-0.702515,-0.004372,-0.004336,0.711642,-89.260,-0.706,-0.002,0.000945,0.003998,0.000323,0.001037,0.001375,-0.000142
1790862447.013713,1790862447.069323,-0.000175,-0.000367,-0.000509,-0.702540,-0.004374,-0.004355,0.711617,-89.264,-0.707,-0.003,-0.001991,-0.001938,-0.000131,-0.001093,0.000310,0.000924
1790862447.047053,1790862447.102704,-0.000152,-0.000423,-0.000522,-0.702501,-0.004381,-0.004354,0.711656,-89.258,-0.708,-0.002,-0.000193,-0.002575,-0.000094,-0.000028,0.004569,-0.002272
1790862447.080393,1790862447.135310,-0.000147,-0.000413,-0.000519,-0.702489,-0.004374,-0.004338,0.711668,-89.256,-0.706,-0.002,-0.000432,-0.000588,0.000880,-0.001092,0.002438,0.000923
1790862447.113733,1790862447.166507,-0.000162,-0.000381,-0.000539,-0.702502,-0.004362,-0.004335,0.711655,-89.258,-0.705,-0.002,-0.001692,0.000088,-0.000234,-0.002159,0.000307,0.003054
1790862447.147073,1790862447.198864,-0.000102,-0.000460,-0.000543,-0.702497,-0.004369,-0.004321,0.711660,-89.258,-0.704,-0.001,0.002420,-0.002010,-0.000145,0.001038,-0.001820,-0.000142
1790862447.180413,1790862447.234963,-0.000178,-0.000341,-0.000503,-0.702523,-0.004369,-0.004331,0.711635,-89.262,-0.705,-0.001,-0.001348,0.005438,0.000634,-0.000029,-0.000756,-0.004402
1790862447.213752,1790862447.265080,-0.000082,-0.000291,-0.000493,-0.702579,-0.004372,-0.004303,0.711580,-89.271,-0.703,0.001,0.002072,0.001742,0.000232,-0.000028,0.000308,-0.002273
1790862447.247092,1790862447.298715,-0.000114,-0.000307,-0.000520,-0.702565,-0.004367,-0.004308,0.711593,-89.268,-0.703,0.000,-0.001132,-0.000571,-0.000090,-0.000027,0.000307,-0.000142
1790862447.280432,1790862447.331584,-0.000112,-0.000392,-0.000505,-0.702553,-0.004346,-0.004300,0.711606,-89.266,-0.701,-0.001,-0.000212,-0.002226,-0.000273,-0.000028,0.000307,-0.002273
1790862447.313772,1790862447.362882,-0.000167,-0.000347,-0.000483,-0.702559,-0.004352,-0.004311,0.711599,-89.267,-0.702,-0.001,-0.002042,0.001085,0.000259,-0.001093,0.003502,0.003054
1790862447.347112,1790862447.398611,-0.000117,-0.000361,-0.000519,-0.702546,-0.004374,-0.004320,0.711611,-89.265,-0.704,-0.000,0.000511,-0.001346,-0.000747,0.002103,0.002436,-0.002273
1790862447.380452,1790862447.431210,-0.000103,-0.000404,-0.000530,-0.702533,-0.004346,-0.004302,0.711624,-89.263,-0.701,-0.001,0.000432,-0.001069,-0.000317,-0.000028,0.001371,-0.000142
1790862447.413792,1790862447.465210,-0.000118,-0.000370,-0.000492,-0.702542,-0.004357,-0.004295,0.711616,-89.265,-0.701,0.001,-0.000189,0.000940,0.001227,0.001039,0.001371,-0.001206
1790862447.447132,1790862447.501531,-0.000085,-0.000087,-0.000481,-0.702611,-0.004373,-0.004296,0.711547,-89.276,-0.702,0.002,0.000468,0.008126,0.000819,-0.000026,0.000306,-0.001206
1790862447.480472,1790862447.538024,-0.000082,-0.000402,-0.000528,-0.702591,-0.004351,-0.004308,0.711567,-89.273,-0.702,-0.001,0.000938,-0.008866,-0.000801,0.001040,-0.002889,0.001990
1790862447.513812,1790862447.578096,-0.000153,-0.000284,-0.000496,-0.702536,-0.004351,-0.004315,0.711622,-89.264,-0.702,-0.002,-0.000328,0.005280,0.001088,-0.001091,-0.000757,-0.000141
1790862447.547152,1790862447.613509,-0.000068,-0.000215,-0.000437,-0.702600,-0.004353,-0.004300,0.711558,-89.274,-0.701,-0.000,0.003081,0.003444,0.002288,-0.002156,-0.000756,0.001990
1790862447.580492,1790862447.648130,-0.000165,-0.000345,-0.000495,-0.702580,-0.004347,-0.004336,0.711578,-89.271,-0.704,-0.004,-0.002467,-0.003454,-0.000867,-0.001090,0.001372,-0.000141
1790862447.613832,1790862447.680880,-0.000147,-0.000397,-0.000507,-0.702517,-0.004342,-0.004339,0.711640,-89.261,-0.703,-0.004,-0.000089,-0.001533,-0.000172,-0.001090,-0.003954,0.001990
1790862447.647172,1790862447.714911,-0.000073,-0.000311,-0.000507,-0.702523,-0.004342,-0.004318,0.711635,-89.262,-0.702,-0.003,0.002237,0.002255,0.000393,-0.000025,0.002437,0.005184
1790862447.680511,1790862447.750391,-0.000124,-0.000300,-0.000506,-0.702544,-0.004322,-0.004327,0.711614,-89.265,-0.701,-0.005,-0.001431,0.000379,-0.000054,0.002106,-0.000758,-0.000141
1790862447.713850,1790862447.785163,-0.000090,-0.000083,-0.000491,-0.702581,-0.004344,-0.004310,0.711578,-89.271,-0.701,-0.002,0.000204,0.007236,0.000255,-0.000024,-0.000758,-0.000141
1790862447.747191,1790862447.820726,-0.000080,-0.000237,-0.000503,-0.702586,-0.004363,-0.004328,0.711572,-89.272,-0.704,-0.002,0.001284,-0.003901,0.000221,-0.001089,0.000307,-0.000141
1790862447.780530,1790862447.853272,-0.000123,-0.000309,-0.000523,-0.702528,-0.004353,-0.004364,0.711630,-89.262,-0.706,-0.005,0.000811,-0.000414,-0.000506,0.001041,0.000308,-0.000141
1790862447.813870,1790862447.880997,-0.000156,-0.000285,-0.000498,-0.702522,-0.004354,-0.004369,0.711635,-89.262,-0.707,-0.006,-0.000393,0.001238,0.000833,-0.000025,-0.000757,0.000923
1790862447.847210,1790862447.914672,-0.000090,-0.000289,-0.000537,-0.702500,-0.004365,-0.004375,0.711657,-89.258,-0.708,-0.005,0.002349,-0.000035,-0.000771,-0.000025,0.002437,0.001990
1790862447.880550,1790862447.949881,-0.000135,-0.000046,-0.000492,-0.702547,-0.004375,-0.004383,0.711610,-89.266,-0.710,-0.005,-0.001709,0.007738,0.001246,-0.002157,-0.001822,0.000923
1790862447.913890,1790862447.983746,-0.000068,-0.000235,-0.000530,-0.702561,-0.004360,-0.004374,0.711597,-89.268,-0.708,-0.006,0.002023,-0.005767,-0.000899,-0.000025,0.003502,0.000922
1790862447.947230,1790862448.019853,-0.000147,-0.000319,-0.000571,-0.702451,-0.004359,-0.004400,0.711706,-89.250,-0.710,-0.008,-0.001597,-0.002273,-0.000434,0.002105,-0.001823,-0.000143
1790862447.980570,1790862448.057471,-0.000297,-0.000544,-0.000388,-0.702405,-0.004377,-0.004357,0.711751,-89.243,-0.708,-0.003,-0.004261,-0.005219,0.001093,-0.002159,0.000308,0.000924
1790862448.013910,1790862448.092607,-0.000365,-0.000573,-0.000211,-0.702418,-0.004327,-0.004325,0.711738,-89.245,-0.701,-0.004,-0.000177,0.001444,0.000349,-0.001093,-0.001821,-0.002272
1790862448.047250,1790862448.119056,-0.000342,-0.000497,-0.000227,-0.702425,-0.004357,-0.004348,0.711732,-89.246,-0.705,-0.004,-0.000337,0.001743,0.000181,-0.001093,-0.000757,0.000924
1790862448.080590,1790862448.154894,-0.000322,-0.000605,-0.000250,-0.702411,-0.004350,-0.004343,0.711745,-89.244,-0.704,-0.004,0.001095,-0.002758,-0.000511,-0.000028,0.000309,0.001991
1790862448.113929,1790862448.194095,-0.000312,-0.000470,-0.000244,-0.702406,-0.004355,-0.004337,0.711750,-89.243,-0.704,-0.003,0.002423,0.006166,-0.000704,-0.001093,-0.001819,-0.000139
1790862448.147268,1790862448.230318,-0.000347,-0.000605,-0.000222,-0.702432,-0.004337,-0.004334,0.711724,-89.247,-0.703,-0.004,-0.000443,-0.003106,0.000595,-0.001092,0.001374,-0.002270
1790862448.180607,1790862448.262712,-0.000395,-0.000676,-0.000230,-0.702392,-0.004335,-0.004361,0.711763,-89.241,-0.705,-0.007,-0.000697,-0.001350,0.000222,0.002104,-0.000755,-0.003334
1790862448.213946,1790862448.299427,-0.000371,-0.000572,-0.000233,-0.702392,-0.004344,-0.004356,0.711763,-89.241,-0.705,-0.006,0.001070,0.003255,0.000398,0.001040,-0.000754,-0.001203
1790862448.247284,1790862448.325985,-0.000326,-0.000453,-0.000246,-0.702425,-0.004342,-0.004341,0.711731,-89.246,-0.704,-0.005,0.001085,0.004002,-0.000815,-0.000027,-0.001819,0.001992
1790862448.280623,1790862448.359682,-0.000387,-0.000664,-0.000239,-0.702417,-0.004333,-0.004337,0.711739,-89.245,-0.702,-0.005,-0.001091,-0.005977,-0.000074,-0.000027,0.000311,0.001992
1790862448.313962,1790862448.388406,-0.000404,-0.000674,-0.000253,-0.702359,-0.004349,-0.004365,0.711797,-89.235,-0.706,-0.006,0.001140,0.001868,-0.000525,0.001038,-0.000752,-0.001204
1790862448.347301,1790862448.408361,-0.000363,-0.000631,-0.000256,-0.702381,-0.004336,-0.004358,0.711775,-89.239,-0.704,-0.006,0.001501,0.001487,-0.000279,-0.003224,0.001377,0.000925
1790862448.380640,1790862448.434461,-0.000396,-0.000647,-0.000231,-0.702410,-0.004323,-0.004350,0.711746,-89.243,-0.703,-0.007,-0.002604,-0.001565,0.000397,0.002103,-0.000755,-0.000139
1790862448.413978,1790862448.456990,-0.000388,-0.000642,-0.000215,-0.702419,-0.004331,-0.004333,0.711738,-89.245,-0.702,-0.005,-0.001064,-0.000303,0.000500,-0.001092,0.003506,-0.000139
1790862448.447317,1790862448.493557,-0.000338,-0.000407,-0.000228,-0.702477,-0.004359,-0.004324,0.711680,-89.254,-0.704,-0.002,0.001369,0.006975,-0.000748,-0.000028,0.001375,-0.000138
1790862448.480656,1790862448.529537,-0.000313,-0.000561,-0.000183,-0.702521,-0.004323,-0.004280,0.711637,-89.261,-0.697,-0.001,0.001081,-0.003601,0.001181,-0.001092,-0.003950,0.001992
1790862448.513994,1790862448.552336,-0.000297,-0.000610,-0.000216,-0.702451,-0.004343,-0.004297,0.711706,-89.250,-0.700,-0.001,0.002870,-0.000259,-0.000141,-0.000027,0.000312,-0.000138
1790862448.547332,1790862448.587897,-0.000413,-0.000575,-0.000217,-0.702455,-0.004332,-0.004312,0.711702,-89.251,-0.700,-0.003,-0.001596,0.002397,0.000430,0.002104,0.003508,-0.003334
1790862448.580671,1790862448.621192,-0.000383,-0.000571,-0.000231,-0.702470,-0.004345,-0.004318,0.711687,-89.253,-0.702,-0.002,0.001293,0.001701,-0.000733,-0.002159,-0.000752,0.004122
1790862448.614009,1790862448.655995,-0.000376,-0.000605,-0.000198,-0.702495,-0.004310,-0.004292,0.711663,-89.257,-0.697,-0.003,0.000360,-0.000678,0.000686,-0.001092,0.001376,0.000926
1790862448.647348,1790862448.694105,-0.000357,-0.000680,-0.000220,-0.702468,-0.004311,-0.004290,0.711689,-89.253,-0.697,-0.003,0.000164,-0.002937,-0.000083,-0.003223,0.000311,-0.000140
1790862448.680686,1790862448.743788,-0.000333,-0.000598,-0.000202,-0.702468,-0.004324,-0.004280,0.711689,-89.253,-0.697,-0.001,0.001184,0.002897,0.001378,-0.002158,-0.002884,0.001992
1790862448.714025,1790862448.771054,-0.000380,-0.000688,-0.000214,-0.702484,-0.004302,-0.004283,0.711674,-89.255,-0.696,-0.003,-0.001308,-0.002778,0.000499,-0.001091,0.001375,0.004121
1790862448.747364,1790862448.804602,-0.000363,-0.000719,-0.000233,-0.702447,-0.004315,-0.004282,0.711710,-89.249,-0.697,-0.002,0.001441,0.000732,-0.000071,0.002104,-0.000753,-0.002270
1790862448.780702,1790862448.840466,-0.000432,-0.000652,-0.000227,-0.702463,-0.004326,-0.004303,0.711694,-89.252,-0.699,-0.003,-0.000722,0.003231,-0.000543,0.001039,0.002441,0.000926
1790862448.814040,1790862448.874873,-0.000402,-0.000560,-0.000197,-0.702511,-0.004316,-0.004291,0.711646,-89.260,-0.697,-0.002,0.000143,0.003260,-0.000852,0.001039,0.000311,-0.000139
1790862448.847379,1790862448.907324,-0.000385,-0.000590,-0.000175,-0.702535,-0.004316,-0.004268,0.711623,-89.264,-0.696,-0.001,0.000200,-0.000468,0.000822,-0.000027,-0.001818,-0.003335
1790862448.880718,1790862448.942203,-0.000394,-0.000668,-0.000202,-0.702491,-0.004336,-0.004307,0.711666,-89.257,-0.700,-0.002,0.001552,-0.001261,0.000433,-0.001091,-0.000753,-0.000139
1790862448.914056,1790862448.978505,-0.000396,-0.000593,-0.000201,-0.702490,-0.004325,-0.004296,0.711667,-89.256,-0.699,-0.002,0.000427,0.003215,0.000113,-0.000026,-0.000753,0.000926
1790862448.947395,1790862449.013844,-0.000345,-0.000645,-0.000213,-0.702491,-0.004314,-0.004265,0.711667,-89.256,-0.695,-0.001,0.001937,-0.000999,-0.000832,0.001039,-0.002883,0.000926
1790862448.980733,1790862449.051443,-0.000335,-0.000420,-0.000205,-0.702505,-0.004331,-0.004266,0.711652,-89.259,-0.697,0.001,0.001523,0.008002,0.000251,0.004235,0.000313,-0.004399
1790862449.014070,1790862449.091924,-0.000311,-0.000587,-0.000217,-0.702526,-0.004329,-0.004273,0.711632,-89.262,-0.697,0.000,0.001614,-0.003607,-0.000337,0.001039,0.001378,0.006250
1790862449.047409,1790862449.127303,-0.000353,-0.000660,-0.000213,-0.702473,-0.004318,-0.004286,0.711684,-89.254,-0.697,-0.002,0.000987,-0.000852,0.000307,-0.000027,-0.000751,0.003056
1790862449.080747,1790862449.165515,-0.000356,-0.000439,-0.000205,-0.702503,-0.004326,-0.004282,0.711654,-89.258,-0.697,-0.001,-0.000430,0.007013,0.000075,-0.001092,0.000313,-0.002270
1790862449.114085,1790862449.204708,-0.000285,-0.000548,-0.000193,-0.702538,-0.004321,-0.004257,0.711620,-89.264,-0.695,0.001,0.002580,-0.002496,0.000032,-0.001092,-0.000750,0.000926
1790862449.147425,1790862449.239593,-0.000327,-0.000658,-0.000227,-0.702481,-0.004303,-0.004274,0.711677,-89.255,-0.695,-0.002,0.001558,-0.001779,-0.000336,-0.001092,0.005640,-0.000139
1790862449.180765,1790862449.276071,-0.000406,-0.000576,-0.000204,-0.702468,-0.004311,-0.004302,0.711690,-89.253,-0.698,-0.004,-0.002242,0.002682,0.001940,-0.001091,0.000314,-0.001203
1790862449.214105,1790862449.311921,-0.000380,-0.000438,-0.000221,-0.702498,-0.004344,-0.004316,0.711660,-89.258,-0.702,-0.002,0.000552,0.004353,0.000068,0.001041,-0.000750,0.003058
1790862449.247445,1790862449.349793,-0.000401,-0.000689,-0.000240,-0.702474,-0.004320,-0.004324,0.711683,-89.254,-0.700,-0.005,-0.000389,-0.006931,-0.001120,-0.000027,-0.001815,-0.001204
1790862449.280785,1790862449.386664,-0.000340,-0.000510,-0.000227,-0.702440,-0.004340,-0.004302,0.711716,-89.248,-0.700,-0.002,0.002401,0.006502,-0.000106,-0.003223,-0.001814,0.001992
1790862449.314126,1790862449.424767,-0.000365,-0.000580,-0.000205,-0.702480,-0.004327,-0.004298,0.711677,-89.255,-0.699,-0.002,0.000761,-0.001149,0.001327,-0.001092,0.000316,0.000925
1790862449.347466,1790862449.458529,-0.000360,-0.000653,-0.000219,-0.702458,-0.004324,-0.004330,0.711699,-89.251,-0.701,-0.005,0.000889,-0.001376,-0.000302,-0.003222,0.000315,-0.000139
1790862449.380806,1790862449.492188,-0.000386,-0.000702,-0.000213,-0.702429,-0.004319,-0.004311,0.711728,-89.246,-0.699,-0.004,-0.000218,-0.000891,0.000494,-0.001091,0.002446,-0.001203
1790862449.414146,1790862449.518553,-0.000456,-0.000711,-0.000231,-0.702408,-0.004324,-0.004364,0.711748,-89.243,-0.704,-0.008,-0.001261,0.000274,0.000151,-0.000026,0.001381,0.000926
1790862449.447485,1790862449.543516,-0.000401,-0.000599,-0.000228,-0.702426,-0.004335,-0.004348,0.711731,-89.246,-0.704,-0.006,0.000082,0.002880,0.000227,-0.000025,0.001380,-0.001203
1790862449.480825,1790862449.569921,-0.000381,-0.000676,-0.000217,-0.702437,-0.004316,-0.004320,0.711720,-89.248,-0.700,-0.005,-0.000416,-0.003610,0.000675,-0.000025,-0.000750,0.001992
1790862449.514166,1790862449.595217,-0.000435,-0.000567,-0.000242,-0.702413,-0.004349,-0.004356,0.711743,-89.244,-0.705,-0.005,-0.001837,0.003148,0.000180,0.001041,-0.001815,0.001992
1790862449.547506,1790862449.616784,-0.000398,-0.000570,-0.000235,-0.702456,-0.004347,-0.004349,0.711701,-89.251,-0.705,-0.005,-0.000112,-0.000450,0.000144,-0.003221,0.001378,0.003056
1790862449.580846,1790862449.636869,-0.000371,-0.000571,-0.000231,-0.702466,-0.004341,-0.004329,0.711691,-89.253,-0.702,-0.004,0.000312,-0.000496,0.000233,-0.001090,0.001378,0.000925
1790862449.614186,1790862449.659305,-0.000393,-0.000622,-0.000215,-0.702463,-0.004339,-0.004319,0.711694,-89.252,-0.702,-0.003,-0.000221,-0.001034,0.001215,-0.000025,-0.001816,-0.001204
1790862449.647526,1790862449.698039,-0.000343,-0.000431,-0.000229,-0.702497,-0.004341,-0.004311,0.711660,-89.258,-0.701,-0.002,0.002069,0.006874,-0.000113,-0.000024,-0.002882,0.001992
1790862449.680866,1790862449.727129,-0.000364,-0.000636,-0.000239,-0.702509,-0.004331,-0.004307,0.711649,-89.259,-0.700,-0.003,0.000178,-0.005143,-0.000180,0.002106,-0.001815,-0.002271
1790862449.714206,1790862449.760737,-0.000364,-0.000604,-0.000227,-0.702461,-0.004349,-0.004322,0.711695,-89.252,-0.703,-0.002,0.001334,0.002145,0.000290,-0.000025,0.000315,-0.004399
1790862449.747547,1790862449.794807,-0.000347,-0.000670,-0.000248,-0.702455,-0.004325,-0.004301,0.711702,-89.251,-0.699,-0.003,0.001228,-0.002079,-0.000895,-0.001090,-0.000750,-0.002271
1790862449.780887,1790862449.822961,-0.000371,-0.000487,-0.000249,-0.702476,-0.004349,-0.004321,0.711681,-89.254,-0.703,-0.002,-0.000594,0.006087,0.000376,-0.000025,-0.005011,-0.005466
1790862449.814227,1790862449.860124,-0.000320,-0.000667,-0.000260,-0.702482,-0.004349,-0.004313,0.711675,-89.255,-0.702,-0.002,0.001851,-0.004960,-0.000372,-0.001090,-0.001814,-0.001204
1790862449.847567,1790862449.894259,-0.000322,-0.000479,-0.000224,-0.702490,-0.004341,-0.004289,0.711668,-89.256,-0.699,-0.000,0.000994,0.006600,0.001160,0.002107,0.001380,0.001992
1790862449.880906,1790862449.926723,-0.000355,-0.000597,-0.000236,-0.702523,-0.004338,-0.004300,0.711635,-89.262,-0.700,-0.001,-0.001126,-0.002464,-0.000236,-0.000024,0.001380,-0.001204
1790862449.914246,1790862449.951770,-0.000381,-0.000735,-0.000251,-0.702472,-0.004328,-0.004308,0.711686,-89.253,-0.700,-0.003,0.000534,-0.003579,-0.000666,0.003171,0.001380,0.001992
1790862449.947587,1790862449.992234,-0.000391,-0.000617,-0.000251,-0.702467,-0.004325,-0.004307,0.711690,-89.253,-0.699,-0.003,-0.000679,0.003572,-0.000367,0.002106,-0.001815,-0.003335
1790862449.980927,1790862450.034269,-0.000331,-0.000575,-0.000248,-0.702518,-0.004331,-0.004268,0.711640,-89.261,-0.697,0.001,0.001584,0.002101,-0.001380,-0.000027,-0.000749,0.004121
1790862450.014267,1790862450.071788,-0.000377,-0.000688,-0.000175,-0.702533,-0.004308,-0.004262,0.711625,-89.263,-0.694,-0.001,0.000459,-0.001811,0.001717,-0.000025,0.000315,0.003056
1790862450.047607,1790862450.109044,-0.000382,-0.000768,-0.000219,-0.702486,-0.004311,-0.004287,0.711671,-89.256,-0.697,-0.003,-0.000100,-0.002316,-0.000414,-0.002156,-0.000750,-0.003336
1790862450.080947,1790862450.142476,-0.000376,-0.000552,-0.000186,-0.702523,-0.004325,-0.004266,0.711635,-89.262,-0.696,0.000,-0.000589,0.005841,0.001120,-0.002155,0.001379,0.001993
1790862450.114287,1790862450.175557,-0.000328,-0.000683,-0.000201,-0.702538,-0.004325,-0.004264,0.711621,-89.264,-0.696,0.000,0.002420,-0.003450,0.000425,0.001043,0.002445,0.003057
1790862450.147627,1790862450.209502,-0.000420,-0.000597,-0.000199,-0.702542,-0.004309,-0.004271,0.711616,-89.265,-0.695,-0.001,-0.002275,0.003380,0.001037,-0.001087,0.004575,0.001993
1790862450.180967,1790862450.245375,-0.000360,-0.000510,-0.000197,-0.702595,-0.004324,-0.004244,0.711564,-89.273,-0.694,0.002,-0.000253,0.000467,0.000166,-0.000022,0.000313,-0.001203
1790862450.214307,1790862450.281517,-0.000361,-0.000627,-0.000199,-0.702577,-0.004325,-0.004258,0.711581,-89.270,-0.696,0.001,0.000480,-0.002851,0.000034,0.002108,0.002444,-0.000139
1790862450.247647,1790862450.317461,-0.000390,-0.000592,-0.000188,-0.702578,-0.004306,-0.004255,0.711581,-89.270,-0.694,-0.000,-0.000819,0.000802,0.000788,-0.001086,0.001378,-0.000139
1790862450.280986,1790862450.352346,-0.000353,-0.000540,-0.000169,-0.702610,-0.004301,-0.004228,0.711550,-89.276,-0.691,0.002,-0.000601,-0.000045,0.001537,-0.001086,-0.000752,-0.000139
1790862450.314326,1790862450.381453,-0.000350,-0.000741,-0.000180,-0.702576,-0.004305,-0.004233,0.711583,-89.270,-0.692,0.001,0.000367,-0.006097,0.000415,-0.000020,0.001379,-0.001203
1790862450.347665,1790862450.411794,-0.000367,-0.000723,-0.000196,-0.702511,-0.004308,-0.004253,0.711647,-89.260,-0.694,-0.000,0.001204,0.000775,0.000893,0.001047,0.001379,0.001993
1790862450.381004,1790862450.438015,-0.000379,-0.000775,-0.000222,-0.702501,-0.004291,-0.004251,0.711658,-89.258,-0.692,-0.001,-0.000278,-0.001799,0.000111,-0.002150,-0.002882,0.000926
1790862450.414344,1790862450.466805,-0.000305,-0.000492,-0.000192,-0.702548,-0.004324,-0.004223,0.711610,-89.266,-0.693,0.004,0.002843,0.009586,0.001125,-0.002149,0.000316,-0.000138
1790862450.447684,1790862450.492798,-0.000330,-0.000493,-0.000188,-0.702599,-0.004315,-0.004230,0.711561,-89.274,-0.692,0.003,0.000154,0.001216,0.001413,0.001050,-0.001814,0.000927
1790862450.481023,1790862450.532927,-0.000319,-0.000732,-0.000231,-0.702530,-0.004317,-0.004243,0.711629,-89.263,-0.694,0.002,0.002667,-0.004645,-0.000340,-0.000017,-0.000747,0.001993
1790862450.514363,1790862450.562709,-0.000335,-0.000554,-0.000204,-0.702508,-0.004325,-0.004251,0.711650,-89.259,-0.695,0.002,0.002177,0.007480,0.001420,0.001051,0.000319,0.003059
1790862450.547703,1790862450.595947,-0.000311,-0.000601,-0.000243,-0.702522,-0.004314,-0.004249,0.711636,-89.261,-0.694,0.001,0.000883,-0.000932,-0.001289,-0.001082,-0.000747,-0.002269
1790862450.581042,1790862450.621957,-0.000349,-0.000660,-0.000215,-0.702509,-0.004318,-0.004260,0.711649,-89.259,-0.695,0.000,-0.001472,-0.001546,-0.000258,0.001049,0.000317,0.000926
1790862450.614382,1790862450.661580,-0.000301,-0.000568,-0.000194,-0.702509,-0.004325,-0.004253,0.711649,-89.259,-0.695,0.001,0.002018,0.002925,0.001138,-0.000016,-0.002877,-0.002269
1790862450.647722,1790862450.695615,-0.000355,-0.000618,-0.000209,-0.702516,-0.004320,-0.004272,0.711642,-89.260,-0.696,-0.001,-0.001144,-0.000769,0.000713,-0.000016,-0.002877,-0.000138
1790862450.681061,1790862450.729550,-0.000312,-0.000700,-0.000232,-0.702471,-0.004331,-0.004268,0.711686,-89.253,-0.697,0.001,0.003632,-0.000572,-0.000113,-0.000016,-0.001809,-0.000138
1790862450.714401,1790862450.760309,-0.000338,-0.000526,-0.000235,-0.702479,-0.004333,-0.004284,0.711679,-89.255,-0.698,-0.001,0.001039,0.007084,0.000292,0.001050,-0.001809,0.001993
1790862450.747741,1790862450.800396,-0.000273,-0.000610,-0.000257,-0.702498,-0.004341,-0.004280,0.711660,-89.258,-0.699,0.000,0.002083,-0.001612,-0.000727,-0.001080,-0.000745,0.004123
1790862450.781079,1790862450.837570,-0.000312,-0.000677,-0.000243,-0.702455,-0.004328,-0.004279,0.711702,-89.251,-0.697,-0.001,0.000839,-0.000411,0.001130,-0.001079,-0.000743,-0.000137
1790862450.814419,1790862450.870245,-0.000352,-0.000574,-0.000236,-0.702470,-0.004349,-0.004312,0.711687,-89.253,-0.702,-0.002,-0.000626,0.003590,0.000767,-0.000014,0.002451,-0.003332
1790862450.847758,1790862450.900864,-0.000316,-0.000546,-0.000235,-0.702491,-0.004342,-0.004286,0.711667,-89.256,-0.699,-0.000,0.000782,0.001456,-0.000027,0.001052,-0.003939,-0.001202
1790862450.881098,1790862450.935123,-0.000267,-0.000643,-0.000267,-0.702452,-0.004366,-0.004309,0.711705,-89.250,-0.703,-0.000,0.003831,-0.001384,-0.000839,-0.000014,-0.001806,-0.003332
1790862450.914438,1790862450.967901,-0.000326,-0.000535,-0.000244,-0.702449,-0.004333,-0.004297,0.711708,-89.250,-0.699,-0.002,-0.000649,0.004540,0.001220,-0.002145,0.001387,0.003059
1790862450.947777,1790862451.001883,-0.000326,-0.000589,-0.000229,-0.702487,-0.004336,-0.004301,0.711670,-89.256,-0.700,-0.002,-0.000299,-0.001832,0.000779,-0.001078,0.000322,0.000928
1790862450.981117,1790862451.036115,-0.000275,-0.000486,-0.000217,-0.702491,-0.004352,-0.004284,0.711667,-89.256,-0.700,0.001,0.002314,0.003836,0.000997,-0.001077,-0.000741,-0.006527
1790862451.014456,1790862451.062500,-0.000286,-0.000653,-0.000247,-0.702467,-0.004341,-0.004296,0.711690,-89.253,-0.700,-0.001,0.001359,-0.004113,0.000068,-0.001077,0.001389,-0.002267
1790862451.047796,1790862451.092891,-0.000312,-0.000428,-0.000235,-0.702476,-0.004340,-0.004308,0.711681,-89.254,-0.701,-0.002,-0.000347,0.006883,0.000650,-0.003207,0.001388,0.001996
1790862451.081135,1790862451.137626,-0.000277,-0.000564,-0.000245,-0.702490,-0.004354,-0.004304,0.711667,-89.256,-0.702,-0.000,0.000642,-0.004129,-0.000006,-0.000011,-0.000740,-0.001199
1790862451.114475,1790862451.164587,-0.000281,-0.000650,-0.000274,-0.702424,-0.004339,-0.004316,0.711732,-89.246,-0.701,-0.003,0.002014,-0.001848,-0.000192,-0.000011,0.000325,-0.001200
1790862451.147815,1790862451.198669,-0.000312,-0.000496,-0.000283,-0.702435,-0.004365,-0.004342,0.711721,-89.247,-0.705,-0.003,0.000083,0.004953,0.000245,-0.001074,0.004586,-0.005461
1790862451.181155,1790862451.227323,-0.000333,-0.000653,-0.000295,-0.702435,-0.004354,-0.004354,0.711722,-89.247,-0.706,-0.005,-0.000628,-0.004284,-0.000393,-0.002140,-0.000739,0.000931
1790862451.214495,1790862451.261376,-0.000277,-0.000465,-0.000285,-0.702429,-0.004356,-0.004325,0.711728,-89.246,-0.703,-0.002,0.002619,0.006617,-0.000256,0.002122,-0.000738,-0.000133
1790862451.247836,1790862451.297461,-0.000250,-0.000580,-0.000295,-0.702441,-0.004349,-0.004318,0.711716,-89.248,-0.702,-0.002,0.002498,-0.001742,-0.000900,-0.002140,0.003524,0.000932
1790862451.281177,1790862451.321659,-0.000322,-0.000609,-0.000323,-0.702386,-0.004346,-0.004352,0.711770,-89.240,-0.705,-0.005,-0.000582,0.000862,0.000172,-0.001073,-0.002867,0.000932
1790862451.314517,1790862451.361647,-0.000325,-0.000597,-0.000370,-0.702369,-0.004361,-0.004390,0.711786,-89.237,-0.709,-0.007,0.000320,0.000544,-0.000796,-0.000009,0.005653,-0.003329
1790862451.347858,1790862451.398318,-0.000339,-0.000625,-0.000403,-0.702364,-0.004372,-0.004418,0.711791,-89.236,-0.712,-0.008,-0.001099,-0.000705,-0.001344,0.003187,0.003523,-0.000133
1790862451.381199,1790862451.448153,-0.000276,-0.000409,-0.000358,-0.702407,-0.004394,-0.004418,0.711749,-89.243,-0.714,-0.007,0.002441,0.007098,0.002092,0.002123,-0.000736,-0.001197
1790862451.414540,1790862451.482863,-0.000306,-0.000460,-0.000408,-0.702470,-0.004387,-0.004424,0.711686,-89.253,-0.714,-0.008,-0.000374,-0.001383,-0.002147,-0.003207,0.000328,-0.004394
1790862451.447880,1790862451.512797,-0.000223,-0.000342,-0.000358,-0.702487,-0.004388,-0.004401,0.711670,-89.256,-0.712,-0.006,0.003315,0.004697,0.001208,-0.000009,0.000330,-0.001198
1790862451.481221,1790862451.539969,-0.000254,-0.000353,-0.000392,-0.702513,-0.004365,-0.004405,0.711644,-89.260,-0.711,-0.008,0.000087,0.000254,0.000492,-0.000009,-0.002866,-0.001198
1790862451.514562,1790862451.567676,-0.000273,-0.000407,-0.000409,-0.702504,-0.004400,-0.004443,0.711652,-89.259,-0.716,-0.008,0.000569,0.001139,-0.000934,-0.000009,-0.001800,0.001998
1790862451.547902,1790862451.613846,-0.000214,-0.000249,-0.000399,-0.702670,-0.004362,-0.004364,0.711489,-89.285,-0.707,-0.005,0.001801,0.001590,-0.000612,-0.000010,0.000330,-0.000133
1790862451.581243,1790862451.649708,-0.000250,-0.000260,-0.000379,-0.702699,-0.004359,-0.004367,0.711461,-89.290,-0.707,-0.005,-0.000195,0.000547,0.000613,-0.001074,-0.000734,0.003063
1790862451.614584,1790862451.683284,-0.000293,-0.000321,-0.000367,-0.702710,-0.004352,-0.004367,0.711449,-89.292,-0.706,-0.006,-0.001082,-0.000680,0.000829,0.001058,-0.000734,0.000932
1790862451.647925,1790862451.717736,-0.000223,-0.000375,-0.000442,-0.702662,-0.004364,-0.004358,0.711497,-89.284,-0.707,-0.004,0.004162,0.000098,-0.001391,0.002123,0.001397,-0.003328
1790862451.681264,1790862451.753136,-0.000265,-0.000414,-0.000447,-0.702641,-0.004327,-0.004342,0.711518,-89.281,-0.702,-0.006,0.000436,0.000046,-0.000372,-0.002139,-0.000733,0.005193
1790862451.714605,1790862451.788500,-0.000274,-0.000433,-0.000437,-0.702654,-0.004314,-0.004320,0.711506,-89.283,-0.700,-0.005,-0.000117,0.000064,-0.000360,-0.002138,0.002461,0.004129
1790862451.747946,1790862451.827717,-0.000303,-0.000467,-0.000441,-0.702653,-0.004291,-0.004303,0.711507,-89.283,-0.696,-0.005,-0.000682,-0.000692,-0.000325,-0.000008,-0.001797,-0.002262
1790862451.781287,1790862451.864952,-0.000276,-0.000461,-0.000440,-0.702652,-0.004305,-0.004313,0.711507,-89.282,-0.698,-0.005,0.001202,0.000813,0.000300,-0.001071,-0.003928,0.000934
1790862451.814628,1790862451.901678,-0.000313,-0.000361,-0.000397,-0.702676,-0.004310,-0.004318,0.711484,-89.286,-0.699,-0.005,-0.000817,0.003438,0.001646,-0.000006,-0.001797,0.003065
1790862451.847969,1790862451.939338,-0.000296,-0.000503,-0.000441,-0.702693,-0.004292,-0.004307,0.711467,-89.289,-0.697,-0.006,0.000385,-0.004046,-0.001783,-0.000006,-0.000733,-0.001195
1790862451.881309,1790862451.974061,-0.000314,-0.000388,-0.000370,-0.702704,-0.004288,-0.004284,0.711457,-89.291,-0.695,-0.004,-0.000275,0.004241,0.001479,-0.000007,0.000332,-0.000130
1790862451.914650,1790862452.007629,-0.000317,-0.000371,-0.000387,-0.702761,-0.004288,-0.004296,0.711400,-89.300,-0.696,-0.005,-0.000600,-0.000524,-0.000697,0.001060,-0.002864,0.002001
1790862451.947991,1790862452.040473,-0.000290,-0.000355,-0.000382,-0.702772,-0.004270,-0.004260,0.711390,-89.302,-0.691,-0.003,0.000406,0.000634,0.000493,-0.000007,0.000331,0.002000
1790862451.981332,1790862452.077247,-0.000499,-0.000464,-0.000157,-0.702877,-0.004205,-0.004204,0.711286,-89.319,-0.681,-0.004,-0.002581,0.001911,0.002532,0.003184,-0.002859,0.002003
1790862452.014672,1790862452.113884,-0.000614,-0.000632,-0.000003,-0.702983,-0.004102,-0.004145,0.711183,-89.335,-0.668,-0.007,0.001460,0.001652,-0.000868,0.002118,-0.000727,-0.001193
1790862452.048013,1790862452.148775,-0.000655,-0.000673,-0.000019,-0.702983,-0.004101,-0.004149,0.711183,-89.335,-0.668,-0.008,0.000073,0.001319,-0.001139,-0.002145,0.000338,-0.003324
1790862452.081354,1790862452.182087,-0.000696,-0.000717,-0.000029,-0.702991,-0.004110,-0.004176,0.711174,-89.337,-0.671,-0.009,0.000391,0.000491,-0.000069,-0.000013,-0.000727,-0.002259
1790862452.114694,1790862452.216963,-0.000703,-0.000722,-0.000033,-0.702989,-0.004104,-0.004185,0.711177,-89.336,-0.672,-0.010,0.000007,0.000574,0.000462,-0.000012,-0.002858,-0.002259
1790862452.148034,1790862452.250366,-0.000668,-0.000694,-0.000032,-0.702996,-0.004122,-0.004181,0.711170,-89.338,-0.673,-0.009,0.001580,0.001579,0.000565,-0.002143,-0.000726,-0.000127
1790862452.181375,1790862452.283654,-0.000655,-0.000669,-0.000054,-0.702993,-0.004120,-0.004185,0.711173,-89.337,-0.673,-0.009,0.001842,0.002005,0.000199,-0.002143,-0.002857,0.002004
1790862452.214714,1790862452.319486,-0.000646,-0.000679,-0.000061,-0.703008,-0.004131,-0.004199,0.711158,-89.340,-0.675,-0.009,0.001641,0.001650,0.000367,-0.001076,0.002469,-0.001192
1790862452.248054,1790862452.357579,-0.000679,-0.000898,-0.000129,-0.702953,-0.004119,-0.004240,0.711212,-89.331,-0.677,-0.014,0.000126,-0.005257,-0.000895,-0.000010,-0.002857,-0.001191
1790862452.281394,1790862452.397629,-0.000645,-0.000969,-0.000121,-0.702885,-0.004134,-0.004250,0.711279,-89.320,-0.679,-0.013,0.003176,-0.000130,0.001147,0.001056,0.001406,-0.000127
1790862452.314734,1790862452.437682,-0.000697,-0.001135,-0.000106,-0.702883,-0.004135,-0.004294,0.711281,-89.319,-0.683,-0.017,0.001216,-0.001859,0.000813,0.003184,-0.004982,-0.001193
1790862452.348074,1790862452.472171,-0.000609,-0.000992,-0.000100,-0.702769,-0.004162,-0.004272,0.711394,-89.301,-0.683,-0.013,0.003076,0.001368,-0.000996,0.001053,0.000344,0.000936
1790862452.381414,1790862452.506490,-0.000596,-0.001083,-0.000054,-0.702769,-0.004159,-0.004285,0.711394,-89.301,-0.684,-0.014,0.002392,-0.000121,0.000248,0.002116,-0.000720,0.002002
1790862452.414754,1790862452.541231,-0.000579,-0.001153,-0.000031,-0.702761,-0.004164,-0.004311,0.711401,-89.300,-0.687,-0.016,0.001622,-0.000518,0.000949,-0.000014,0.000345,0.002001
1790862452.448094,1790862452.578389,-0.000470,-0.001125,-0.000051,-0.702735,-0.004178,-0.004317,0.711426,-89.296,-0.688,-0.015,0.003080,0.000513,0.000056,0.002116,0.002473,-0.000131
1790862452.481434,1790862452.611717,-0.000372,-0.001077,-0.000072,-0.702715,-0.004204,-0.004308,0.711446,-89.292,-0.690,-0.013,0.002751,0.001831,-0.001216,-0.001080,-0.000721,0.002000
1790862452.514774,1790862452.645953,-0.000324,-0.001116,-0.000047,-0.702720,-0.004179,-0.004286,0.711441,-89.293,-0.686,-0.013,0.001608,-0.000687,0.000059,-0.001081,-0.000722,0.005194
1790862452.548113,1790862452.682634,-0.000271,-0.001104,-0.000041,-0.702706,-0.004175,-0.004263,0.711455,-89.291,-0.684,-0.011,0.001010,0.000229,0.000582,0.001051,0.001407,-0.000131
1790862452.581452,1790862452.717816,-0.000255,-0.000924,0.000094,-0.702732,-0.004156,-0.004228,0.711430,-89.295,-0.679,-0.010,-0.000079,0.004946,0.003142,-0.000015,0.000342,-0.002261
1790862452.614792,1790862452.754817,-0.000223,-0.000898,0.000145,-0.702773,-0.004135,-0.004170,0.711390,-89.302,-0.673,-0.007,0.000904,0.000853,0.000063,-0.000015,-0.003918,0.000935
1790862452.648132,1790862452.787666,-0.000186,-0.000882,0.000151,-0.702770,-0.004143,-0.004169,0.711393,-89.301,-0.673,-0.006,0.001871,0.001630,0.000485,0.001052,0.000343,-0.001194
1790862452.681472,1790862452.823196,-0.000188,-0.000882,0.000140,-0.702770,-0.004132,-0.004165,0.711393,-89.301,-0.672,-0.007,0.000086,0.000333,-0.000121,-0.001080,0.000342,0.002001
1790862452.714812,1790862452.858923,-0.000189,-0.000887,0.000145,-0.702775,-0.004126,-0.004164,0.711388,-89.302,-0.672,-0.007,-0.000905,-0.000483,-0.000306,0.001051,0.003536,0.000935
1790862452.748152,1790862452.892645,-0.000198,-0.000903,0.000156,-0.702787,-0.004129,-0.004166,0.711376,-89.304,-0.672,-0.007,-0.001022,-0.000900,0.000656,-0.002146,0.003536,0.003066
1790862452.781492,1790862452.915753,-0.000214,-0.000919,0.000144,-0.702782,-0.004126,-0.004171,0.711381,-89.303,-0.672,-0.008,-0.000781,-0.000844,0.000201,-0.000015,-0.002856,0.002001
1790862452.814831,1790862452.943765,-0.000205,-0.000915,0.000140,-0.702780,-0.004144,-0.004178,0.711383,-89.303,-0.674,-0.007,-0.000101,0.000091,-0.000097,0.001052,0.000340,-0.002261
1790862452.848171,1790862452.971694,-0.000208,-0.000895,0.000145,-0.702786,-0.004140,-0.004168,0.711377,-89.304,-0.673,-0.006,-0.000045,0.000898,-0.000208,-0.002146,-0.003920,-0.002261
1790862452.881511,1790862453.006467,-0.000221,-0.000891,0.000161,-0.702805,-0.004123,-0.004153,0.711358,-89.307,-0.671,-0.006,0.000272,0.000841,0.000223,-0.001079,-0.000725,-0.003326
1790862452.914851,1790862453.043979,-0.000233,-0.000893,0.000166,-0.702808,-0.004129,-0.004156,0.711355,-89.307,-0.671,-0.006,0.000001,0.000841,0.000589,-0.002145,0.000340,-0.000130
1790862452.948191,1790862453.080423,-0.000232,-0.000890,0.000154,-0.702801,-0.004141,-0.004162,0.711362,-89.306,-0.673,-0.006,0.001064,0.000773,0.000061,-0.001078,0.001405,-0.003325
1790862452.981531,1790862453.117628,-0.000191,-0.000914,0.000122,-0.702791,-0.004124,-0.004136,0.711372,-89.305,-0.669,-0.005,0.002860,0.001223,-0.000716,0.001053,-0.000723,-0.000129
1790862453.014870,1790862453.152667,-0.000225,-0.000933,0.000117,-0.702780,-0.004102,-0.004142,0.711384,-89.303,-0.668,-0.007,-0.000378,0.000684,-0.000463,0.002118,0.003536,-0.000129
1790862453.048209,1790862453.181234,-0.000203,-0.000919,0.000121,-0.702784,-0.004100,-0.004122,0.711379,-89.304,-0.666,-0.006,0.000582,0.000740,-0.000459,-0.003209,-0.000724,-0.000129
1790862453.081549,1790862453.216215,-0.000238,-0.000979,0.000142,-0.702800,-0.004080,-0.004112,0.711364,-89.306,-0.664,-0.007,-0.001725,-0.001851,0.000570,-0.001078,-0.003921,-0.002260
1790862453.114889,1790862453.250494,-0.000187,-0.000946,0.000114,-0.702784,-0.004098,-0.004095,0.711380,-89.303,-0.664,-0.004,0.001872,0.001494,-0.000956,0.002117,0.001405,-0.000129
1790862453.148229,1790862453.286880,-0.000245,-0.001005,0.000136,-0.702801,-0.004073,-0.004106,0.711362,-89.306,-0.663,-0.007,-0.002190,-0.002039,-0.000123,-0.001079,-0.000726,-0.001194
1790862453.181568,1790862453.322762,-0.000243,-0.001038,0.000139,-0.702797,-0.004073,-0.004087,0.711367,-89.306,-0.661,-0.005,-0.001081,-0.001144,-0.000459,0.001051,0.001403,0.002001
1790862453.214908,1790862453.359730,0.000191,-0.000766,0.000343,-0.702819,-0.004075,-0.003948,0.711346,-89.309,-0.650,0.006,0.007665,0.002760,0.003388,-0.000016,-0.000731,0.003065
1790862453.248247,1790862453.389535,-0.000065,-0.000625,0.000492,-0.702612,-0.004121,-0.004033,0.711550,-89.276,-0.661,0.003,0.000794,0.000472,0.000253,-0.001081,-0.000732,0.002000
1790862453.281586,1790862453.418551,-0.000082,-0.000646,0.000492,-0.702599,-0.004125,-0.004044,0.711562,-89.274,-0.662,0.002,-0.000167,0.000042,0.000688,-0.000016,0.002461,-0.002263
1790862453.314926,1790862453.446712,-0.000055,-0.000624,0.000471,-0.702567,-0.004141,-0.004046,0.711594,-89.269,-0.663,0.004,0.000634,0.000580,-0.000962,0.001049,0.000332,-0.002263
1790862453.348265,1790862453.472953,-0.000055,-0.000660,0.000518,-0.702577,-0.004147,-0.004041,0.711585,-89.270,-0.663,0.004,0.000638,0.000016,0.000722,-0.002147,-0.000732,-0.000131
1790862453.381605,1790862453.496994,-0.000049,-0.000631,0.000499,-0.702552,-0.004133,-0.004023,0.711609,-89.266,-0.661,0.005,0.001644,0.001949,-0.000141,-0.001081,0.001398,0.003064
1790862453.414944,1790862453.521180,-0.000075,-0.000675,0.000520,-0.702553,-0.004129,-0.004032,0.711608,-89.266,-0.661,0.004,-0.000292,-0.000965,0.001183,-0.001081,0.003528,0.003064
1790862453.448282,1790862453.547361,-0.000071,-0.000671,0.000526,-0.702550,-0.004133,-0.004032,0.711611,-89.266,-0.662,0.004,-0.000221,0.000034,0.001261,0.002116,0.001396,-0.001196
1790862453.481622,1790862453.572440,-0.000051,-0.000649,0.000503,-0.702531,-0.004158,-0.004046,0.711629,-89.263,-0.665,0.005,0.001237,0.000819,-0.000071,0.002116,-0.000732,-0.003327
1790862453.514961,1790862453.597406,-0.000095,-0.000695,0.000506,-0.702526,-0.004143,-0.004055,0.711634,-89.262,-0.664,0.003,-0.001539,-0.001346,0.000023,0.001052,-0.000734,-0.001196
1790862453.548301,1790862453.622815,-0.000051,-0.000676,0.000511,-0.702511,-0.004165,-0.004040,0.711650,-89.260,-0.665,0.006,0.001561,0.000602,0.000384,-0.001078,0.004593,-0.000130
1790862453.581640,1790862453.649504,-0.000099,-0.000725,0.000503,-0.702501,-0.004143,-0.004052,0.711660,-89.258,-0.664,0.003,-0.001998,-0.002252,-0.000113,0.002118,-0.001799,-0.001195
1790862453.614979,1790862453.677585,-0.000059,-0.000666,0.000489,-0.702485,-0.004169,-0.004048,0.711675,-89.255,-0.666,0.005,-0.000038,0.001182,-0.001079,0.003182,-0.000734,-0.004390
1790862453.648319,1790862453.705042,-0.000034,-0.000652,0.000486,-0.702492,-0.004176,-0.004041,0.711668,-89.256,-0.666,0.007,0.001667,0.001491,-0.001328,-0.002145,-0.001798,-0.001194
1790862453.681658,1790862453.732807,-0.000064,-0.000671,0.000501,-0.702507,-0.004159,-0.004036,0.711653,-89.259,-0.664,0.006,0.001337,0.001553,-0.000049,0.002118,0.000333,-0.004389
1790862453.714997,1790862453.762483,-0.000120,-0.000705,0.000492,-0.702497,-0.004138,-0.004059,0.711663,-89.257,-0.664,0.002,-0.001532,-0.001068,0.000033,-0.000013,-0.000734,0.003066
1790862453.748337,1790862453.800642,-0.000052,-0.000661,0.000493,-0.702476,-0.004181,-0.004058,0.711684,-89.254,-0.668,0.006,0.001588,0.000385,-0.000373,-0.001079,0.001396,-0.002261
1790862453.781676,1790862453.835057,-0.000045,-0.000668,0.000505,-0.702474,-0.004199,-0.004059,0.711686,-89.254,-0.669,0.007,0.000737,0.000559,0.000055,-0.001078,-0.001798,0.000935
1790862453.815015,1790862453.864046,-0.000025,-0.000666,0.000488,-0.702462,-0.004220,-0.004060,0.711697,-89.252,-0.671,0.009,0.000526,0.001176,-0.000229,-0.002145,0.000331,-0.002261
1790862453.848355,1790862453.911690,-0.000099,-0.000710,0.000490,-0.702469,-0.004205,-0.004092,0.711690,-89.253,-0.672,0.005,-0.004142,-0.002020,-0.000189,-0.001078,0.000329,0.005195
1790862453.881693,1790862453.940022,-0.000060,-0.000652,0.000498,-0.702467,-0.004188,-0.004074,0.711692,-89.253,-0.670,0.005,-0.000295,-0.000258,0.000370,-0.000013,0.000329,-0.001195
1790862453.915032,1790862453.967687,-0.000043,-0.000600,0.000490,-0.702458,-0.004206,-0.004092,0.711701,-89.251,-0.672,0.005,0.002383,0.001868,0.000372,0.001054,-0.000734,0.004131
1790862453.948371,1790862454.004564,-0.000029,-0.000569,0.000502,-0.702450,-0.004193,-0.004075,0.711709,-89.250,-0.670,0.005,0.003122,0.003600,0.000596,-0.005340,-0.000733,-0.001194
1790862453.981711,1790862454.033847,-0.000058,-0.000597,0.000488,-0.702445,-0.004205,-0.004100,0.711714,-89.249,-0.673,0.004,0.000743,0.000766,-0.000172,0.002118,-0.001797,0.002002
1790862454.015050,1790862454.064234,-0.000070,-0.000607,0.000489,-0.702438,-0.004212,-0.004114,0.711721,-89.248,-0.675,0.004,-0.000393,0.000107,0.000670,-0.002142,0.001396,0.000936
1790862454.048389,1790862454.096192,-0.000067,-0.000584,0.000476,-0.702420,-0.004229,-0.004145,0.711738,-89.245,-0.679,0.002,-0.000140,0.001119,-0.000216,0.001055,-0.003929,-0.005455
1790862454.081728,1790862454.126096,-0.000069,-0.000527,0.000487,-0.702397,-0.004263,-0.004198,0.711760,-89.241,-0.686,0.001,0.001803,0.002791,0.000481,-0.000011,0.004593,0.004132
1790862454.115068,1790862454.162468,-0.000126,-0.000553,0.000484,-0.702381,-0.004266,-0.004259,0.711776,-89.239,-0.691,-0.004,-0.000301,0.000398,0.000446,-0.000010,0.000332,-0.003324
1790862454.148407,1790862454.195660,-0.000794,-0.001144,0.000399,-0.702382,-0.003820,-0.004694,0.711774,-89.238,-0.689,-0.075,-0.037143,-0.033402,-0.002071,0.005318,0.331612,0.005191
1790862454.181746,1790862454.260130,-0.004734,-0.004092,-0.000597,-0.702130,0.001989,-0.011362,0.711955,-89.197,-0.752,-1.087,-0.225870,-0.178230,-0.021675,0.006398,0.737388,-0.018262
1790862454.215085,1790862454.289525,-0.001835,-0.002911,-0.001494,-0.700948,0.008582,-0.019347,0.712899,-89.014,-0.853,-2.271,0.005558,-0.038134,-0.014249,0.003196,0.582967,-0.005474
1790862454.248425,1790862454.328109,0.000647,0.000953,-0.001206,-0.701118,0.014488,-0.025247,0.712451,-89.057,-0.846,-3.227,0.082915,0.057428,0.000749,0.003185,0.281530,-0.013994
1790862454.281764,1790862454.367400,0.003006,0.004243,-0.001153,-0.701091,0.017020,-0.028014,0.712318,-89.062,-0.861,-3.657,0.080847,0.083247,0.004226,0.006358,0.202781,-0.011858
1790862454.315103,1790862454.406968,0.003777,0.005378,-0.001002,-0.700919,0.019006,-0.030183,0.712348,-89.043,-0.873,-3.994,0.065987,0.070322,0.004021,-0.004348,0.104955,0.016916
1790862454.348441,1790862454.446176,0.003660,0.004611,-0.001501,-0.701041,0.019815,-0.031458,0.712151,-89.066,-0.910,-4.163,0.046053,0.040858,-0.003834,-0.000149,0.066974,0.007311
1790862454.381780,1790862454.481040,0.004846,0.005974,-0.001254,-0.700215,0.019556,-0.032839,0.712909,-88.932,-1.037,-4.256,0.040482,0.043130,0.000145,-0.005546,0.003588,0.020140
1790862454.415119,1790862454.507872,0.004687,0.005950,-0.001220,-0.699817,0.019041,-0.033481,0.713283,-88.866,-1.129,-4.268,0.024809,0.032968,0.001149,-0.001382,0.003154,0.012739
1790862454.448458,1790862454.536699,0.003903,0.005455,-0.001202,-0.699142,0.018872,-0.035006,0.713876,-88.757,-1.261,-4.381,0.006193,0.022697,0.001889,0.002773,0.176372,-0.008516
1790862454.481798,1790862454.563284,0.002782,0.004572,-0.001222,-0.698369,0.020411,-0.037438,0.714466,-88.640,-1.325,-4.705,-0.012643,0.011003,0.002287,-0.001601,0.088574,-0.006340
1790862454.515137,1790862454.588307,0.002797,0.004521,-0.001127,-0.698199,0.021358,-0.037757,0.714589,-88.617,-1.272,-4.807,-0.019525,0.004891,0.003089,-0.002793,0.008402,0.001202
1790862454.548476,1790862454.625469,0.002820,0.004506,-0.001054,-0.697725,0.021397,-0.038131,0.715031,-88.542,-1.296,-4.842,-0.027076,-0.002283,0.003447,0.002412,0.007205,-0.011465
1790862454.581815,1790862454.665299,0.002367,0.004029,-0.001040,-0.697414,0.021551,-0.038279,0.715321,-88.493,-1.293,-4.867,-0.035191,-0.010944,0.003446,-0.008371,0.004967,0.017405
1790862454.615154,1790862454.701304,0.001794,0.003441,-0.001038,-0.697214,0.021862,-0.038255,0.715508,-88.462,-1.264,-4.890,-0.044658,-0.020354,0.002866,0.003214,0.009071,-0.005936
1790862454.648493,1790862454.738361,0.001109,0.002735,-0.001018,-0.697172,0.022231,-0.038239,0.715538,-88.457,-1.232,-4.919,-0.051449,-0.030470,0.002578,-0.008599,0.012011,0.018629
1790862454.681833,1790862454.770697,0.000493,0.002062,-0.001054,-0.697214,0.022578,-0.038195,0.715489,-88.466,-1.200,-4.943,-0.054465,-0.039967,0.001359,0.001987,0.010423,-0.003705
1790862454.715172,1790862454.803236,-0.000014,0.001544,-0.001088,-0.697364,0.022819,-0.038227,0.715333,-88.491,-1.184,-4.964,-0.056495,-0.046740,0.000795,0.001940,0.006594,-0.005812
1790862454.748511,1790862454.837330,-0.000432,0.001070,-0.001105,-0.697555,0.023037,-0.038183,0.715142,-88.523,-1.164,-4.978,-0.059286,-0.052775,0.000094,0.001921,0.005845,-0.014317
1790862454.781849,1790862454.870656,-0.000807,0.000658,-0.001140,-0.697777,0.023122,-0.038273,0.714918,-88.559,-1.166,-4.992,-0.062390,-0.057974,-0.000572,0.000864,0.008194,-0.003663
1790862454.815188,1790862454.904494,-0.001176,0.000292,-0.001163,-0.697999,0.023333,-0.038259,0.714695,-88.596,-1.149,-5.007,-0.066786,-0.063040,-0.000919,0.005168,0.010419,-0.016476
1790862454.848527,1790862454.942245,-0.001490,0.000003,-0.001204,-0.698270,0.023345,-0.038398,0.714423,-88.639,-1.161,-5.019,-0.068568,-0.067646,-0.001570,0.003093,0.011441,-0.005885
1790862454.881866,1790862454.976332,-0.001865,-0.000467,-0.001248,-0.698482,0.023418,-0.038486,0.714208,-88.673,-1.164,-5.032,-0.069552,-0.071209,-0.001886,0.000989,0.010262,-0.002756
1790862454.915205,1790862455.011422,-0.002051,-0.000648,-0.001246,-0.698752,0.023475,-0.038525,0.713940,-88.717,-1.164,-5.039,-0.069881,-0.073215,-0.001751,0.008495,0.009013,-0.014551
1790862454.948544,1790862455.042547,-0.002275,-0.000809,-0.001272,-0.698782,0.023673,-0.039119,0.713871,-88.723,-1.196,-5.104,-0.071647,-0.077555,-0.002268,0.002192,0.100131,-0.006157
1790862454.981883,1790862455.078544,-0.002284,-0.000879,-0.001231,-0.699104,0.024480,-0.039474,0.713509,-88.779,-1.161,-5.197,-0.070089,-0.077723,-0.002836,-0.005203,0.006987,0.013961
1790862455.015222,1790862455.108634,-0.002588,-0.001025,-0.001217,-0.700931,0.025320,-0.038367,0.711746,-89.077,-1.017,-5.171,-0.058821,-0.059924,-0.002896,-0.000997,-0.060735,0.002144
1790862455.048561,1790862455.134149,-0.001837,-0.000873,-0.001046,-0.702855,0.024686,-0.034902,0.710048,-89.383,-0.802,-4.834,-0.034690,-0.042145,-0.000542,-0.079801,-0.180048,0.016166
1790862455.081900,1790862455.157574,-0.001599,-0.000713,-0.000768,-0.704371,0.024171,-0.033096,0.708648,-89.624,-0.709,-4.644,-0.024805,-0.033031,0.002187,-0.079713,-0.004316,0.043979
1790862455.115239,1790862455.184448,-0.002236,-0.000870,-0.000707,-0.704865,0.024763,-0.033662,0.708110,-89.707,-0.710,-4.737,-0.027559,-0.030538,0.002660,-0.073112,0.164309,0.007777
1790862455.148578,1790862455.212050,-0.002922,-0.001457,-0.000846,-0.705082,0.026400,-0.036103,0.707714,-89.752,-0.776,-5.068,-0.031346,-0.031153,0.001422,-0.108090,0.211326,-0.016717
1790862455.181919,1790862455.242354,-0.003339,-0.002138,-0.000603,-0.706730,0.028940,-0.038492,0.705842,-90.035,-0.777,-5.466,-0.032233,-0.029309,0.002475,-0.271771,0.229758,-0.035813
1790862455.215259,1790862455.274923,-0.003252,-0.002188,-0.000307,-0.709705,0.031221,-0.041054,0.702609,-90.534,-0.825,-5.855,-0.028246,-0.028945,0.005048,-0.290293,0.154740,0.033594
1790862455.248600,1790862455.316884,-0.002122,-0.001011,-0.000354,-0.712883,0.032805,-0.041025,0.699313,-91.063,-0.723,-5.979,-0.020658,-0.022730,0.005091,-0.189984,-0.008090,-0.003502
1790862455.281941,1790862455.351403,-0.000759,0.000228,-0.000769,-0.714499,0.033018,-0.040377,0.697689,-91.329,-0.666,-5.943,-0.010517,-0.015951,0.002816,-0.072729,-0.056190,0.003908
1790862455.315282,1790862455.379924,-0.000426,0.000803,-0.000804,-0.715790,0.031843,-0.039049,0.696495,-91.532,-0.661,-5.738,-0.008278,-0.010645,0.001859,-0.168672,-0.166934,-0.006677
1790862455.348623,1790862455.406981,0.000098,0.001119,-0.000658,-0.717783,0.029653,-0.036466,0.694679,-91.844,-0.639,-5.350,-0.004685,-0.008232,0.002517,-0.186695,-0.229537,-0.002237
1790862455.381964,1790862455.450156,0.000096,0.001469,-0.000778,-0.719297,0.027675,-0.034536,0.693291,-92.081,-0.648,-5.032,-0.003133,-0.007348,0.002580,-0.052478,-0.109128,-0.011732
1790862455.415304,1790862455.482448,0.000029,0.001353,-0.001185,-0.718586,0.026016,-0.033378,0.694149,-91.953,-0.679,-4.803,-0.002444,-0.008411,0.000617,0.094297,-0.024909,-0.009665
1790862455.448646,1790862455.516159,-0.000378,0.001261,-0.001507,-0.717242,0.025733,-0.033787,0.695528,-91.731,-0.726,-4.814,-0.002956,-0.007422,-0.001259,0.094026,0.015368,-0.003354
1790862455.481986,1790862455.544425,-0.000662,0.001158,-0.001454,-0.716254,0.025770,-0.034099,0.696530,-91.568,-0.742,-4.843,-0.003264,-0.004686,-0.001614,-0.006116,0.022571,0.006205
1790862455.515327,1790862455.573695,-0.000540,0.001204,-0.001366,-0.715977,0.025537,-0.034055,0.696825,-91.521,-0.755,-4.821,-0.002636,-0.003546,-0.001299,-0.019866,-0.032880,0.010495
1790862455.548668,1790862455.608615,-0.000212,0.001404,-0.001217,-0.716245,0.025189,-0.032601,0.696632,-91.564,-0.665,-4.675,0.001948,-0.003136,0.002033,-0.119918,-0.147853,0.172411
1790862455.582009,1790862455.634869,0.000093,0.001283,-0.000304,-0.718401,0.027151,-0.027167,0.694568,-91.930,-0.075,-4.402,0.003077,-0.001520,0.010312,-0.309346,-0.140392,0.233977
1790862455.615350,1790862455.672875,-0.000077,0.000844,0.000162,-0.722104,0.026818,-0.024024,0.690847,-92.539,0.135,-4.125,-0.003423,-0.005962,0.006796,-0.353597,-0.171287,0.126244
1790862455.648691,1790862455.715336,-0.000361,0.000444,0.000339,-0.725037,0.027480,-0.019479,0.687886,-93.031,0.548,-3.822,-0.004139,-0.009213,0.012286,-0.239447,-0.153159,0.224126
1790862455.682031,1790862455.746688,-0.000377,0.000686,0.000282,-0.727145,0.027692,-0.016054,0.685738,-93.383,0.838,-3.572,-0.010472,-0.006355,0.005672,-0.156297,-0.078858,0.101273
1790862455.715372,1790862455.765575,-0.001061,0.000390,0.000167,-0.728640,0.028029,-0.015477,0.684148,-93.636,0.905,-3.556,-0.017656,-0.000807,-0.006879,-0.245742,0.071280,-0.097943
1790862455.748713,1790862455.811298,-0.002270,0.000197,-0.000252,-0.732117,0.026729,-0.018765,0.680396,-94.211,0.510,-3.708,-0.032307,0.002412,-0.017189,-0.402122,0.107367,-0.274734
1790862455.782054,1790862455.838304,-0.003030,0.000618,-0.000903,-0.736932,0.023941,-0.022089,0.675181,-95.007,-0.013,-3.733,-0.029601,0.001527,-0.016739,-0.475248,-0.021883,-0.288586
1790862455.815395,1790862455.881716,-0.003403,0.001070,-0.001111,-0.741372,0.022922,-0.022981,0.670309,-95.757,-0.192,-3.715,-0.005412,0.001704,-0.000057,-0.354908,0.066537,0.087354
1790862455.848735,1790862455.908951,-0.003429,0.001430,-0.001452,-0.745186,0.021778,-0.023876,0.666074,-96.405,-0.377,-3.685,-0.010171,-0.005805,-0.008722,-0.283448,-0.092310,-0.190693
1790862455.882077,1790862455.945420,-0.003276,0.001589,-0.001779,-0.747472,0.018344,-0.023328,0.663630,-96.783,-0.603,-3.347,-0.002546,-0.009499,-0.000980,-0.166281,-0.175366,0.084186
1790862455.915417,1790862455.967221,-0.002793,0.002039,-0.001657,-0.748448,0.019673,-0.019848,0.662604,-96.957,-0.209,-3.196,0.001123,-0.007912,0.003727,0.029657,0.007870,0.181183
1790862455.948758,1790862455.988358,-0.002960,0.001983,-0.001842,-0.746954,0.020518,-0.019235,0.664281,-96.703,-0.085,-3.222,-0.004028,-0.010855,0.000430,0.137160,-0.019859,0.087340
1790862455.982099,1790862456.037781,-0.003033,0.001854,-0.001859,-0.744407,0.022654,-0.016947,0.667127,-96.276,0.286,-3.230,0.000583,-0.006607,0.009085,0.206330,0.052562,0.302469
1790862456.015440,1790862456.068861,-0.003212,0.001758,-0.001776,-0.740761,0.026833,-0.015329,0.671057,-95.676,0.762,-3.459,-0.002083,-0.005540,0.007559,0.330928,0.102606,0.267233
1790862456.048781,1790862456.114192,-0.003351,0.001660,-0.001703,-0.736350,0.030991,-0.013562,0.675754,-94.955,1.256,-3.669,-0.004747,-0.009746,0.002395,0.225438,0.046135,0.233069
1790862456.082122,1790862456.148640,-0.003475,0.001611,-0.001713,-0.734163,0.032663,-0.012333,0.678075,-94.597,1.501,-3.710,-0.016786,-0.015968,-0.011149,0.056027,-0.034827,0.016811
1790862456.115462,1790862456.209471,-0.003621,0.001320,-0.001886,-0.733227,0.031649,-0.012014,0.679141,-94.432,1.454,-3.598,-0.019724,-0.021937,-0.017113,0.062399,-0.051868,-0.070452
1790862456.148803,1790862456.263405,-0.003952,0.001377,-0.002498,-0.732338,0.029128,-0.012673,0.680200,-94.264,1.207,-3.435,-0.013832,-0.015508,-0.023874,-0.006910,-0.042812,-0.155592
1790862456.182142,1790862456.294777,-0.004550,0.000444,-0.003274,-0.732416,0.027068,-0.014317,0.680169,-94.263,0.908,-3.390,-0.005703,-0.010233,-0.026587,-0.060019,0.046575,-0.180105
1790862456.215482,1790862456.328427,-0.005379,-0.000399,-0.004113,-0.732286,0.026561,-0.017057,0.680265,-94.238,0.639,-3.561,0.002020,-0.011418,-0.018470,0.045492,0.148859,-0.080089
1790862456.248822,1790862456.350832,-0.004590,-0.000065,-0.004273,-0.730994,0.027061,-0.019864,0.681558,-94.024,0.450,-3.821,0.004047,-0.013532,0.003069,0.222386,0.144405,-0.106784
1790862456.282162,1790862456.378351,-0.003384,0.000523,-0.004049,-0.727454,0.026504,-0.022985,0.685259,-93.427,0.165,-4.018,-0.001322,-0.018167,0.017757,0.347032,0.035568,-0.172818
1790862456.315502,1790862456.401200,-0.003002,0.000478,-0.003345,-0.723297,0.024005,-0.025860,0.689635,-92.721,-0.246,-4.037,-0.010971,-0.012214,0.024148,0.406599,-0.003821,-0.253639
1790862456.348842,1790862456.436401,-0.003030,0.000550,-0.002216,-0.718954,0.020623,-0.028962,0.694148,-91.985,-0.746,-4.006,-0.023000,-0.008079,0.024458,0.380978,-0.014458,-0.297188
1790862456.382181,1790862456.458538,-0.001996,0.002482,-0.001311,-0.715621,0.016558,-0.032895,0.697517,-91.420,-1.374,-3.991,-0.030127,-0.001040,0.020397,0.328519,0.044111,-0.375968
1790862456.415521,1790862456.489421,-0.003180,0.002435,-0.000374,-0.712076,0.013436,-0.038290,0.700928,-90.829,-2.046,-4.178,-0.029851,0.004704,0.029343,0.329634,0.167696,-0.278043
1790862456.448861,1790862456.516013,-0.005191,0.002128,0.001490,-0.709260,0.012668,-0.042921,0.703525,-90.368,-2.468,-4.499,-0.030178,0.004148,0.036258,0.295367,0.205725,-0.171496
1790862456.482201,1790862456.546917,-0.006571,0.001988,0.002825,-0.706400,0.013836,-0.046736,0.706133,-89.907,-2.665,-4.913,-0.027745,0.003298,0.040230,0.186798,0.222742,-0.037300
1790862456.515541,1790862456.584157,-0.007567,0.001985,0.004348,-0.705245,0.016227,-0.048828,0.707095,-89.728,-2.632,-5.281,-0.029689,0.002416,0.037838,0.008924,0.168388,0.026643
1790862456.548879,1790862456.615529,-0.008729,0.002605,0.006668,-0.706445,0.018706,-0.049713,0.705772,-89.933,-2.512,-5.549,-0.034611,0.008095,0.046106,-0.067994,0.095769,0.062895
1790862456.582219,1790862456.652663,-0.009794,0.002882,0.008074,-0.707637,0.021228,-0.050240,0.704468,-90.138,-2.361,-5.792,-0.028323,0.006840,0.046682,-0.152157,0.171435,0.069363
1790862456.615559,1790862456.692519,-0.010293,0.003435,0.011314,-0.710396,0.024819,-0.050492,0.701550,-90.605,-2.116,-6.095,-0.025988,0.006274,0.065977,-0.079813,0.160750,0.106685
1790862456.648898,1790862456.723412,-0.011105,0.003845,0.013313,-0.710186,0.027328,-0.051465,0.701599,-90.586,-1.992,-6.379,-0.026705,0.003898,0.079855,0.009631,0.109646,0.010876
1790862456.682238,1790862456.747733,-0.011836,0.004782,0.016662,-0.709947,0.028300,-0.051877,0.701771,-90.553,-1.945,-6.492,-0.027526,-0.002957,0.094678,0.132923,0.042511,0.048074
1790862456.715578,1790862456.772331,-0.012463,0.004382,0.019826,-0.707596,0.029418,-0.051938,0.704092,-90.179,-1.838,-6.594,-0.025170,-0.010679,0.103104,0.198987,0.035070,0.032139
1790862456.748918,1790862456.801986,-0.013007,0.004498,0.024144,-0.706488,0.029702,-0.051847,0.705198,-90.001,-1.797,-6.612,-0.023339,-0.006443,0.104724,0.105073,0.008417,-0.011566
1790862456.782258,1790862456.842418,-0.013813,0.004037,0.027473,-0.705920,0.030055,-0.051929,0.705746,-89.911,-1.770,-6.649,-0.017708,-0.004074,0.103422,-0.048267,0.019064,0.027856
1790862456.815597,1790862456.872585,-0.013872,0.004018,0.032033,-0.708441,0.030909,-0.051329,0.703223,-90.326,-1.676,-6.663,-0.013831,0.000702,0.103857,-0.210156,-0.002262,0.034303
1790862456.848937,1790862456.908018,-0.014463,0.003714,0.035602,-0.710925,0.031248,-0.051043,0.700717,-90.733,-1.649,-6.662,-0.012966,-0.002295,0.119517,-0.185602,-0.004384,0.005495
1790862456.882277,1790862456.945439,-0.014755,0.003593,0.039869,-0.711743,0.031356,-0.050763,0.699902,-90.867,-1.626,-6.646,-0.011101,-0.009603,0.143565,0.057263,-0.002255,0.035359
1790862456.915617,1790862456.978411,-0.014905,0.003469,0.044890,-0.710191,0.031343,-0.050618,0.701487,-90.614,-1.600,-6.637,-0.011480,-0.011899,0.160457,0.199954,-0.018237,-0.037026
1790862456.948956,1790862457.015842,-0.014715,0.003301,0.050966,-0.707882,0.029968,-0.050599,0.703879,-90.229,-1.688,-6.529,-0.013233,-0.014150,0.171552,0.262734,-0.100267,-0.034839
1790862456.982296,1790862457.042519,-0.015008,0.002791,0.056556,-0.705031,0.028698,-0.049658,0.706854,-89.758,-1.688,-6.357,-0.012881,-0.015745,0.168586,0.206257,-0.075767,0.005684
1790862457.015635,1790862457.083984,-0.015423,0.002296,0.062038,-0.703338,0.027650,-0.049058,0.708621,-89.478,-1.709,-6.227,-0.011843,-0.011622,0.155836,0.070976,-0.031035,-0.012415
1790862457.048974,1790862457.118899,-0.015754,0.001084,0.067614,-0.703942,0.027047,-0.049910,0.707986,-89.572,-1.832,-6.247,-0.008318,-0.007648,0.144259,-0.090804,0.057374,-0.036993
1790862457.082314,1790862457.139119,-0.016876,0.000430,0.072286,-0.705530,0.027229,-0.051427,0.706287,-89.830,-1.954,-6.381,-0.007436,-0.010263,0.142608,-0.156774,0.068036,0.056641
1790862457.115654,1790862457.169777,-0.017353,0.000126,0.077228,-0.706936,0.028143,-0.052140,0.704791,-90.063,-1.951,-6.509,-0.006129,-0.015578,0.157680,-0.037459,0.062697,0.085426
1790862457.148993,1790862457.209905,-0.017480,-0.000245,0.082874,-0.706359,0.028760,-0.052558,0.705314,-89.974,-1.930,-6.594,-0.010069,-0.018073,0.174062,0.124429,0.033917,0.084431
1790862457.182364,1790862457.246904,-0.017633,-0.000940,0.088825,-0.704911,0.029338,-0.052594,0.706734,-89.743,-1.873,-6.648,-0.011526,-0.020690,0.177007,0.106300,0.027510,0.055746
1790862457.215770,1790862457.270884,-0.018371,-0.002283,0.095310,-0.704235,0.028480,-0.053864,0.707347,-89.628,-2.039,-6.684,-0.014020,-0.019327,0.177151,0.073368,0.030635,-0.031643
1790862457.249176,1790862457.296321,-0.019128,-0.003010,0.101616,-0.703636,0.026855,-0.056240,0.707823,-89.521,-2.357,-6.748,-0.017415,-0.022077,0.174670,0.053114,0.039151,-0.076331
1790862457.282583,1790862457.337108,-0.020018,-0.004641,0.107852,-0.703575,0.025052,-0.058828,0.707738,-89.500,-2.712,-6.814,-0.018782,-0.025040,0.175076,0.006263,0.030620,-0.042133
1790862457.315990,1790862457.364075,-0.019282,-0.004379,0.114691,-0.703545,0.023605,-0.061012,0.707634,-89.487,-3.006,-6.876,-0.016749,-0.025019,0.185485,0.077556,0.043401,-0.059086
1790862457.349397,1790862457.411598,-0.020008,-0.005165,0.121479,-0.702410,0.022620,-0.063195,0.708601,-89.299,-3.252,-6.981,-0.016513,-0.030164,0.189646,0.114832,0.061534,-0.005842
1790862457.382805,1790862457.443581,-0.020742,-0.006108,0.128241,-0.701601,0.022342,-0.064877,0.709259,-89.167,-3.402,-7.100,-0.015139,-0.031333,0.184302,0.044533,0.066858,0.032482
1790862457.416213,1790862457.484879,-0.021486,-0.007045,0.134885,-0.701266,0.023072,-0.066080,0.709456,-89.117,-3.436,-7.259,-0.012478,-0.034279,0.179366,0.012597,0.107336,0.087827
1790862457.449621,1790862457.515187,-0.020727,-0.006578,0.140821,-0.701361,0.025526,-0.066451,0.709243,-89.146,-3.268,-7.486,-0.009466,-0.031934,0.171506,-0.040697,0.122240,0.111234
1790862457.483030,1790862457.539684,-0.021354,-0.007854,0.146820,-0.701897,0.027107,-0.067180,0.708585,-89.242,-3.204,-7.670,-0.013317,-0.033847,0.167356,-0.039618,0.063652,0.040926
1790862457.516439,1790862457.565046,-0.021638,-0.008780,0.152668,-0.701808,0.027858,-0.067544,0.708610,-89.232,-3.171,-7.761,-0.018688,-0.040725,0.168807,0.060512,0.014657,0.045196
1790862457.549849,1790862457.609613,-0.021861,-0.009791,0.158187,-0.700986,0.027761,-0.067400,0.709440,-89.099,-3.159,-7.745,-0.022374,-0.042815,0.161889,0.071147,-0.022615,-0.037873
1790862457.583259,1790862457.639458,-0.022225,-0.010840,0.163490,-0.700354,0.026725,-0.067723,0.710073,-88.991,-3.262,-7.691,-0.022134,-0.042915,0.156258,0.044500,-0.041786,-0.094320
1790862457.616670,1790862457.685637,-0.020780,-0.009364,0.168230,-0.699940,0.025514,-0.068208,0.710479,-88.917,-3.396,-7.635,-0.017446,-0.038354,0.151080,0.043365,-0.016182,-0.111366
1790862457.650081,1790862457.716262,-0.021439,-0.010738,0.172750,-0.699615,0.024844,-0.069091,0.710737,-88.861,-3.518,-7.656,-0.014398,-0.037975,0.144772,0.009276,0.037071,-0.075162
1790862457.683492,1790862457.744058,-0.021844,-0.011817,0.177404,-0.699219,0.025334,-0.069690,0.711051,-88.800,-3.522,-7.746,-0.009066,-0.037674,0.147681,0.047624,0.066885,0.039871
1790862457.716904,1790862457.772437,-0.022133,-0.013083,0.182065,-0.698848,0.027652,-0.069499,0.711349,-88.755,-3.313,-7.918,-0.002611,-0.035615,0.140310,-0.046118,0.111618,0.141065
1790862457.750317,1790862457.814502,-0.022449,-0.013874,0.186625,-0.699542,0.031030,-0.069086,0.710567,-88.889,-3.013,-8.151,-0.002151,-0.036312,0.135181,-0.069536,0.143566,0.171904
1790862457.783729,1790862457.847693,-0.022182,-0.014401,0.191113,-0.699928,0.034999,-0.068646,0.710045,-88.982,-2.659,-8.432,0.000368,-0.035445,0.137327,-0.031166,0.160511,0.193132
1790862457.817142,1790862457.868138,-0.022333,-0.016166,0.195576,-0.699479,0.039254,-0.067943,0.710332,-88.946,-2.251,-8.717,0.001609,-0.041263,0.142801,0.065774,0.141345,0.197410
1790862457.850556,1790862457.932039,-0.021927,-0.017454,0.199793,-0.698045,0.042978,-0.067331,0.711585,-88.752,-1.882,-8.969,0.005178,-0.043120,0.142369,0.120080,0.136017,0.090902
1790862457.883969,1790862457.972615,-0.021581,-0.018660,0.204134,-0.696628,0.045389,-0.067665,0.712790,-88.550,-1.694,-9.194,0.002946,-0.042288,0.134771,0.066799,0.092343,0.078126
1790862457.917383,1790862458.008169,-0.021017,-0.019115,0.208240,-0.695825,0.047217,-0.067489,0.713473,-88.441,-1.521,-9.327,0.001076,-0.041929,0.127797,0.054016,0.054925,0.039718
1790862457.950798,1790862458.044228,-0.020951,-0.020360,0.212288,-0.695225,0.047341,-0.068549,0.713948,-88.347,-1.588,-9.426,0.001127,-0.039590,0.114841,0.016722,0.047484,-0.099835
1790862457.984214,1790862458.070783,-0.020778,-0.021346,0.215991,-0.695393,0.046807,-0.069917,0.713687,-88.368,-1.744,-9.496,0.001046,-0.038050,0.105950,-0.036551,0.032572,-0.074267
1790862458.017629,1790862458.102771,-0.020718,-0.022173,0.219628,-0.695995,0.046536,-0.071339,0.712977,-88.461,-1.888,-9.590,0.003325,-0.036546,0.104896,-0.051461,0.059197,-0.047662
1790862458.051045,1790862458.131156,-0.020566,-0.023057,0.223062,-0.696365,0.046678,-0.072526,0.712487,-88.521,-1.977,-9.698,0.003080,-0.038368,0.106004,0.004999,0.051736,-0.047682
1790862458.084462,1790862458.162991,-0.019150,-0.021764,0.225925,-0.696134,0.047488,-0.072984,0.712612,-88.493,-1.944,-9.801,0.002492,-0.034308,0.109422,0.034780,0.054820,0.021505
1790862458.117879,1790862458.192143,-0.018980,-0.023059,0.229110,-0.695143,0.048597,-0.072679,0.713535,-88.347,-1.816,-9.867,-0.000627,-0.035292,0.110248,0.133824,0.027131,0.015141
1790862458.151296,1790862458.217767,-0.018809,-0.023961,0.232302,-0.693117,0.049152,-0.073071,0.715426,-88.031,-1.774,-9.949,-0.001219,-0.035404,0.101294,0.163623,0.051632,-0.007212
1790862458.184673,1790862458.242444,-0.018787,-0.024787,0.235136,-0.691938,0.050247,-0.073295,0.716467,-87.856,-1.687,-10.058,-0.005590,-0.033472,0.077135,-0.037737,0.046287,0.098257
1790862458.218007,1790862458.275387,-0.019115,-0.025569,0.237978,-0.693310,0.051317,-0.072498,0.715145,-88.087,-1.555,-10.074,-0.011397,-0.032955,0.059358,-0.160243,0.001534,0.072678
1790862458.251340,1790862458.309727,-0.019569,-0.026792,0.240272,-0.694736,0.053080,-0.071830,0.713698,-88.335,-1.377,-10.156,-0.002686,-0.034460,0.057384,-0.105888,0.089953,0.139765
1790862458.284674,1790862458.329153,-0.020078,-0.028056,0.241976,-0.695371,0.055804,-0.071702,0.712884,-88.470,-1.155,-10.363,-0.002296,-0.038006,0.055410,-0.047273,0.103798,0.106690
1790862458.318007,1790862458.366487,-0.020192,-0.029041,0.243617,-0.695854,0.057913,-0.070902,0.712325,-88.575,-0.926,-10.465,-0.014470,-0.043280,0.053764,-0.078184,-0.037883,0.131193
1790862458.351339,1790862458.404663,-0.020142,-0.029735,0.245104,-0.696817,0.057629,-0.067041,0.711780,-88.725,-0.653,-10.123,-0.041407,-0.046706,0.045796,-0.038854,-0.230680,0.047132
1790862458.384673,1790862458.436434,-0.020364,-0.027339,0.245981,-0.697275,0.056194,-0.064155,0.711712,-88.780,-0.543,-9.770,-0.032235,-0.033699,0.046520,0.038721,-0.077449,0.022682
1790862458.418006,1790862458.470057,-0.021911,-0.029140,0.247049,-0.696901,0.056647,-0.063914,0.712064,-88.726,-0.482,-9.787,-0.013350,-0.022785,0.043767,0.011065,0.102539,0.009833
1790862458.451339,1790862458.497049,-0.023160,-0.030135,0.248452,-0.696611,0.058629,-0.065244,0.712067,-88.705,-0.424,-10.056,-0.006028,-0.017567,0.041712,-0.009109,0.164308,0.078969
1790862458.484672,1790862458.550775,-0.023792,-0.030718,0.249912,-0.696584,0.061435,-0.065938,0.711793,-88.740,-0.252,-10.338,-0.010412,-0.016278,0.039720,-0.017611,0.128083,0.127928
1790862458.518005,1790862458.582246,-0.024110,-0.031789,0.251539,-0.696776,0.064173,-0.065397,0.711413,-88.810,0.010,-10.514,-0.020432,-0.017906,0.031784,-0.057027,0.056722,0.144994
1790862458.551338,1790862458.616454,-0.024607,-0.032964,0.252748,-0.697435,0.066197,-0.064753,0.710640,-88.945,0.216,-10.624,-0.024090,-0.015163,0.029489,-0.048506,0.074845,0.107737
1790862458.584671,1790862458.636124,-0.025431,-0.033103,0.253670,-0.697495,0.068699,-0.064177,0.710396,-88.994,0.463,-10.779,-0.023683,-0.016378,0.030351,-0.018688,0.071643,0.116251
1790862458.618004,1790862458.678620,-0.026199,-0.033174,0.254414,-0.697761,0.070471,-0.063793,0.709995,-89.064,0.633,-10.891,-0.021648,-0.017332,0.024400,-0.050666,0.045006,0.045938
1790862458.651337,1790862458.701706,-0.026643,-0.033576,0.255129,-0.698367,0.071510,-0.063491,0.709323,-89.178,0.732,-10.951,-0.015583,-0.017226,0.026343,-0.051748,0.041811,0.041696
1790862458.684670,1790862458.730418,-0.027125,-0.033883,0.255932,-0.698656,0.072134,-0.063939,0.708935,-89.235,0.741,-11.038,-0.010502,-0.019624,0.026926,0.012156,0.051398,-0.079748
1790862458.718003,1790862458.778650,-0.027249,-0.036139,0.256813,-0.698234,0.070907,-0.066166,0.709270,-89.147,0.469,-11.121,-0.013069,-0.024478,0.028655,0.066495,0.013068,-0.165991
1790862458.751335,1790862458.806474,-0.027620,-0.037112,0.257996,-0.697591,0.069501,-0.067943,0.709873,-89.022,0.222,-11.153,-0.010677,-0.025257,0.032105,0.045183,0.046104,-0.079695
1790862458.784667,1790862458.834739,-0.027656,-0.038878,0.259352,-0.697453,0.069417,-0.069402,0.709876,-88.998,0.100,-11.266,-0.004829,-0.024302,0.030654,-0.020853,0.065279,-0.053041
1790862458.817999,1790862458.866312,-0.027974,-0.039392,0.260492,-0.697358,0.069319,-0.070507,0.709870,-88.982,0.004,-11.349,-0.007394,-0.030492,0.036219,0.063297,0.004554,-0.054121
1790862458.851331,1790862458.893719,-0.027919,-0.039616,0.261388,-0.696231,0.068296,-0.071310,0.710995,-88.785,-0.125,-11.333,-0.004021,-0.032470,0.035512,0.137835,0.001367,-0.089258
1790862458.884664,1790862458.930559,-0.027897,-0.039948,0.262168,-0.694999,0.067436,-0.072601,0.712150,-88.576,-0.279,-11.370,0.003279,-0.029066,0.025903,0.070697,0.033322,-0.109494
1790862458.917996,1790862458.968710,-0.027621,-0.041678,0.263137,-0.694628,0.066684,-0.073999,0.712439,-88.505,-0.446,-11.425,0.007182,-0.029795,0.017395,-0.010255,0.029051,-0.042373
1790862458.951329,1790862458.993854,-0.027563,-0.042383,0.264009,-0.695217,0.066906,-0.074549,0.711786,-88.602,-0.482,-11.488,0.011740,-0.028252,0.011931,-0.100797,0.055677,0.012995
1790862458.984661,1790862459.025474,-0.027591,-0.043126,0.264767,-0.696468,0.067843,-0.075242,0.710400,-88.816,-0.482,-11.620,0.014132,-0.026169,0.014529,-0.114631,0.072714,0.005504
1790862459.017993,1790862459.063691,-0.027453,-0.043717,0.265391,-0.697597,0.068265,-0.075930,0.709177,-89.003,-0.522,-11.709,0.010132,-0.027100,0.018023,-0.084802,0.016255,-0.052038
1790862459.051325,1790862459.090725,-0.027328,-0.044679,0.265565,-0.698329,0.067679,-0.076599,0.708441,-89.111,-0.635,-11.716,0.006689,-0.027463,0.024475,0.001479,-0.016739,-0.086117
1790862459.084657,1790862459.126781,-0.026868,-0.044653,0.266011,-0.698177,0.066357,-0.077367,0.708633,-89.066,-0.801,-11.673,0.003217,-0.026360,0.026269,0.044056,-0.036971,-0.123384
1790862459.117989,1790862459.179265,-0.026394,-0.044142,0.266417,-0.697884,0.064226,-0.078429,0.709001,-88.988,-1.054,-11.589,0.000373,-0.023923,0.021213,0.056799,-0.049754,-0.178756
1790862459.151321,1790862459.210905,-0.023986,-0.016054,0.262806,-0.698430,0.063726,-0.078293,0.708523,-89.068,-1.092,-11.537,0.003948,0.012965,0.012302,0.080721,0.028815,-0.149868
1790862459.184656,1790862459.239604,-0.023165,-0.024048,0.263757,-0.697391,0.063366,-0.080292,0.709354,-88.896,-1.266,-11.674,0.010113,0.010564,0.005416,0.015845,0.099156,-0.070959
1790862459.217991,1790862459.266507,-0.023074,-0.024996,0.264204,-0.697204,0.063911,-0.081987,0.709296,-88.874,-1.356,-11.858,0.007465,0.010779,0.001071,-0.006489,0.071443,0.003579
1790862459.251327,1790862459.287596,-0.021867,-0.028981,0.265143,-0.697355,0.064198,-0.082504,0.709061,-88.902,-1.377,-11.923,0.003881,0.006708,-0.002553,-0.063953,0.005420,0.024886
1790862459.284663,1790862459.331253,-0.020868,-0.030243,0.265076,-0.698076,0.064556,-0.082057,0.708371,-89.023,-1.324,-11.914,0.001768,0.003745,-0.001136,-0.045830,-0.013745,0.051544
1790862459.318000,1790862459.376019,-0.019582,-0.030734,0.264977,-0.698322,0.064927,-0.080932,0.708223,-89.068,-1.207,-11.851,-0.000627,0.003704,0.004747,-0.007489,-0.046783,0.043071
1790862459.351336,1790862459.405622,-0.018452,-0.030879,0.264625,-0.698345,0.064494,-0.080151,0.708329,-89.065,-1.179,-11.752,-0.001183,0.005896,0.004009,0.007410,-0.044665,-0.049553
1790862459.384672,1790862459.449373,-0.019265,-0.031832,0.264715,-0.698408,0.063516,-0.080775,0.708285,-89.061,-1.309,-11.724,-0.000839,0.009890,0.002774,-0.007475,0.009678,-0.083672
1790862459.418008,1790862459.480352,-0.021441,-0.002015,0.262283,-0.699216,0.063642,-0.080965,0.707454,-89.192,-1.328,-11.748,-0.003943,0.048096,0.002988,0.052832,0.039280,-0.168862
1790862459.451344,1790862459.504015,-0.018105,-0.014209,0.262160,-0.698058,0.061789,-0.084045,0.708402,-88.980,-1.707,-11.855,0.001954,0.038503,-0.004577,0.075388,0.060614,-0.207112
1790862459.484680,1790862459.520212,-0.016456,-0.014748,0.261848,-0.697637,0.060125,-0.087291,0.708567,-88.889,-2.097,-11.990,0.006269,0.041661,-0.016412,-0.009817,0.068037,-0.170865
1790862459.518016,1790862459.581018,-0.014657,-0.016037,0.261695,-0.698134,0.059695,-0.089548,0.707833,-88.963,-2.322,-12.140,0.009369,0.042972,-0.023268,-0.098208,0.090374,-0.047270
1790862459.551352,1790862459.616827,-0.018969,0.006438,0.260266,-0.700002,0.061522,-0.089800,0.705796,-89.288,-2.228,-12.301,0.002783,0.068394,-0.018775,-0.114410,0.097677,0.043212
1790862459.584687,1790862459.638441,-0.016581,0.002386,0.259585,-0.700817,0.063414,-0.090238,0.704763,-89.446,-2.126,-12.487,0.001449,0.067381,-0.012404,-0.091961,0.087031,0.066699
1790862459.618023,1790862459.670701,-0.015666,0.002927,0.259094,-0.701432,0.065037,-0.090510,0.703968,-89.568,-2.029,-12.639,-0.004406,0.074686,-0.005910,-0.036552,0.081693,0.035828
1790862459.651359,1790862459.713924,-0.022944,0.023971,0.259255,-0.701801,0.066633,-0.090891,0.703402,-89.652,-1.939,-12.798,-0.018594,0.106193,-0.002086,0.017597,0.109263,0.002712
1790862459.684694,1790862459.738082,-0.022933,0.024221,0.258770,-0.701433,0.067887,-0.092863,0.703391,-89.612,-1.993,-13.062,-0.020508,0.114546,-0.004407,0.004865,0.174276,-0.063325
1790862459.718030,1790862459.763760,-0.024116,0.027295,0.258639,-0.700915,0.069015,-0.096509,0.703307,-89.546,-2.190,-13.454,-0.017851,0.119510,0.000662,0.054951,0.219028,-0.140059
1790862459.751366,1790862459.797198,-0.024801,0.029949,0.258559,-0.699595,0.069514,-0.101142,0.703921,-89.342,-2.502,-13.880,-0.017912,0.117924,0.009168,0.140194,0.214775,-0.160316
1790862459.784701,1790862459.835763,-0.023308,0.030741,0.258906,-0.697926,0.070178,-0.105378,0.704889,-89.085,-2.760,-14.289,-0.013072,0.109820,0.008763,0.059258,0.211549,-0.075071
1790862459.818037,1790862459.880269,-0.023357,0.033986,0.259365,-0.697745,0.072643,-0.107381,0.704516,-89.097,-2.722,-14.653,-0.015301,0.106818,0.006783,-0.109056,0.163601,0.113487
1790862459.851373,1790862459.916641,-0.030593,0.053622,0.258890,-0.699839,0.076668,-0.106574,0.702132,-89.501,-2.379,-14.903,-0.028970,0.124461,0.015920,-0.200786,0.114578,0.197543
1790862459.884709,1790862459.943404,-0.029202,0.053647,0.259863,-0.700736,0.080616,-0.105540,0.700951,-89.717,-2.000,-15.135,-0.031803,0.120176,0.039857,-0.029240,0.127359,0.174152
1790862459.918044,1790862459.971334,-0.030043,0.056748,0.260884,-0.700051,0.083449,-0.105667,0.701284,-89.660,-1.771,-15.377,-0.036887,0.116350,0.055499,0.081550,0.134813,0.056976
1790862459.951380,1790862460.007664,-0.035902,0.072207,0.262276,-0.698907,0.084898,-0.107791,0.701928,-89.505,-1.804,-15.672,-0.042768,0.121940,0.064895,0.140038,0.167803,-0.094330
1790862459.984715,1790862460.036171,-0.037588,0.075369,0.264301,-0.697320,0.085143,-0.111259,0.702935,-89.255,-2.033,-15.982,-0.040095,0.113004,0.058685,0.075073,0.142264,-0.147602
1790862460.018051,1790862460.066920,-0.038445,0.077915,0.266358,-0.696770,0.085047,-0.114256,0.703011,-89.165,-2.272,-16.223,-0.029540,0.104971,0.049820,0.018629,0.107115,-0.068779
1790862460.051387,1790862460.107585,-0.039373,0.082231,0.268057,-0.696519,0.085996,-0.115036,0.703017,-89.144,-2.254,-16.365,-0.028207,0.102816,0.038564,-0.026123,0.032547,0.104862
1790862460.084722,1790862460.141629,-0.041976,0.093737,0.267945,-0.697504,0.088306,-0.112557,0.702155,-89.348,-1.892,-16.344,-0.030728,0.113669,0.026957,-0.123141,-0.031441,0.225278
1790862460.118057,1790862460.169377,-0.042758,0.097919,0.269285,-0.698542,0.090664,-0.109198,0.701352,-89.562,-1.455,-16.256,-0.030879,0.116772,0.025747,-0.094380,-0.068721,0.199713
1790862460.151392,1790862460.214192,-0.043936,0.102167,0.270004,-0.699203,0.091121,-0.106420,0.701061,-89.678,-1.207,-16.063,-0.032303,0.116992,0.031597,0.022795,-0.112386,0.039927
1790862460.184729,1790862460.240815,-0.045289,0.105638,0.270511,-0.698525,0.089286,-0.105572,0.702101,-89.531,-1.267,-15.846,-0.032589,0.111915,0.036357,0.148501,-0.120890,-0.095355
1790862460.218065,1790862460.273286,-0.046707,0.109311,0.271257,-0.697166,0.086438,-0.105896,0.703757,-89.256,-1.489,-15.644,-0.028305,0.108950,0.036093,0.149564,-0.083593,-0.113464
1790862460.251400,1790862460.321164,-0.047971,0.113835,0.272472,-0.695876,0.084567,-0.106478,0.705172,-89.014,-1.657,-15.544,-0.019086,0.105275,0.026851,0.082443,-0.017545,-0.057012
1790862460.284736,1790862460.353576,-0.049146,0.119361,0.273867,-0.695541,0.084508,-0.106789,0.705463,-88.959,-1.680,-15.566,-0.010225,0.105270,0.019454,-0.023030,0.043165,0.039910
1790862460.318072,1790862460.383755,-0.050439,0.129419,0.274117,-0.695833,0.086142,-0.106183,0.705068,-89.038,-1.507,-15.647,-0.007089,0.107761,0.022550,0.012057,0.033547,0.096438
1790862460.351407,1790862460.405106,-0.050945,0.132104,0.274638,-0.695337,0.087219,-0.105512,0.705526,-88.980,-1.356,-15.679,-0.008481,0.106318,0.022532,0.026981,0.007992,0.067671
1790862460.384743,1790862460.428503,-0.051079,0.136063,0.275347,-0.695582,0.087865,-0.104745,0.705318,-89.032,-1.248,-15.668,-0.010926,0.110095,0.011941,-0.111507,-0.025026,0.019742
1790862460.418078,1790862460.454695,-0.051383,0.140339,0.276296,-0.697377,0.086774,-0.104460,0.703721,-89.297,-1.350,-15.553,-0.016096,0.112367,0.011232,-0.134938,-0.102783,-0.152837
1790862460.451414,1790862460.503903,-0.051832,0.144113,0.276686,-0.698646,0.083446,-0.104746,0.702822,-89.435,-1.666,-15.304,-0.020841,0.111004,0.022253,0.015269,-0.150707,-0.146429
1790862460.484750,1790862460.541635,-0.052352,0.147851,0.276600,-0.698683,0.080232,-0.104503,0.703196,-89.380,-1.902,-15.024,-0.017182,0.117286,0.021844,0.044021,-0.135786,-0.098462
1790862460.518085,1790862460.580121,-0.052828,0.152419,0.277074,-0.698926,0.078600,-0.103440,0.703296,-89.390,-1.950,-14.804,-0.009796,0.127432,0.014874,-0.049731,-0.087853,0.073052
1790862460.551419,1790862460.617854,-0.052984,0.157627,0.277965,-0.699869,0.079694,-0.100835,0.702613,-89.561,-1.671,-14.676,0.000071,0.141504,0.010940,-0.106193,-0.045255,0.188092
1790862460.584755,1790862460.650286,-0.052564,0.166625,0.277792,-0.700801,0.081592,-0.097615,0.701920,-89.745,-1.276,-14.564,0.005528,0.157030,0.012033,-0.040171,-0.070864,0.152998
1790862460.618090,1790862460.680318,-0.052136,0.171031,0.277809,-0.700823,0.081865,-0.095401,0.702171,-89.754,-1.074,-14.404,0.011826,0.170293,0.013826,0.033338,-0.086844,0.067782
1790862460.651425,1790862460.705104,-0.051771,0.176688,0.277762,-0.700284,0.081345,-0.094103,0.702944,-89.658,-0.999,-14.257,0.023485,0.180784,0.010425,0.071688,-0.066597,0.003875
1790862460.684761,1790862460.737445,-0.051292,0.182066,0.278087,-0.699746,0.080286,-0.093914,0.703626,-89.552,-1.057,-14.156,0.034836,0.187116,0.001354,0.024822,-0.041022,-0.031304
1790862460.718096,1790862460.769120,-0.050300,0.188118,0.278350,-0.699716,0.079838,-0.093873,0.703712,-89.539,-1.089,-14.116,0.050424,0.192835,-0.003929,-0.009260,0.015440,0.001696
1790862460.751431,1790862460.812776,-0.048612,0.194524,0.278293,-0.699754,0.080756,-0.093938,0.703561,-89.562,-1.022,-14.196,0.069120,0.196807,-0.006448,-0.012453,0.059108,0.098620
1790862460.784766,1790862460.850188,-0.046022,0.201367,0.278049,-0.699699,0.083321,-0.092920,0.703452,-89.601,-0.734,-14.321,0.092789,0.204699,-0.005667,-0.017783,0.082532,0.196620
1790862460.818101,1790862460.886208,-0.042407,0.210723,0.276990,-0.699432,0.086761,-0.091243,0.703521,-89.626,-0.319,-14.463,0.107460,0.214135,-0.003778,0.026935,0.053702,0.198787
1790862460.851436,1790862460.916958,-0.039178,0.217421,0.276890,-0.698787,0.089098,-0.089067,0.704149,-89.569,0.057,-14.475,0.111896,0.222890,-0.002159,0.032265,-0.029362,0.221150
1790862460.884771,1790862460.949061,-0.035328,0.224767,0.276723,-0.697835,0.091453,-0.086696,0.705086,-89.466,0.456,-14.472,0.120476,0.229413,-0.003503,0.078070,0.070779,0.151908
1790862460.918106,1790862460.980093,-0.031840,0.232145,0.276461,-0.697058,0.093009,-0.087378,0.705567,-89.374,0.540,-14.654,0.121098,0.221956,-0.016492,-0.013538,0.068646,-0.086732
1790862460.951441,1790862461.016414,-0.028149,0.239458,0.275994,-0.697702,0.090980,-0.089942,0.704873,-89.434,0.158,-14.700,0.122572,0.216173,-0.020860,-0.011395,-0.052781,-0.345605
1790862460.984776,1790862461.043111,-0.023444,0.248053,0.273781,-0.697721,0.084960,-0.093801,0.705102,-89.316,-0.635,-14.528,0.121422,0.212900,-0.018201,0.195264,-0.134811,-0.466999
1790862461.018109,1790862461.069650,-0.019242,0.254099,0.272533,-0.696527,0.078699,-0.096785,0.706604,-89.008,-1.353,-14.269,0.123107,0.207441,-0.033789,0.051450,-0.129470,-0.216641
1790862461.051444,1790862461.102230,-0.014556,0.261850,0.271490,-0.697744,0.076328,-0.096619,0.705686,-89.160,-1.553,-14.062,0.128055,0.203126,-0.055321,-0.251099,-0.104978,0.010266
1790862461.084779,1790862461.123530,-0.009922,0.269385,0.270375,-0.701643,0.076135,-0.093739,0.702221,-89.782,-1.410,-13.802,0.122935,0.193118,-0.049990,-0.359759,-0.145471,0.135966
1790862461.118114,1790862461.162263,-0.005760,0.275816,0.269216,-0.704907,0.077456,-0.090249,0.699258,-90.332,-1.084,-13.618,0.124301,0.181203,-0.018997,-0.174398,-0.018709,0.206272
1790862461.151448,1790862461.201815,-0.002109,0.281160,0.268434,-0.705656,0.080254,-0.087916,0.698484,-90.503,-0.685,-13.656,0.120101,0.176742,0.016212,0.039719,0.036671,0.219054
1790862461.184783,1790862461.259603,0.004222,0.295762,0.267449,-0.704342,0.082989,-0.085743,0.699759,-90.342,-0.266,-13.704,0.120238,0.184367,0.030468,0.186648,0.001490,0.136057
1790862461.218117,1790862461.285680,0.006623,0.295023,0.268460,-0.702405,0.082912,-0.085075,0.701794,-90.028,-0.180,-13.644,0.116890,0.181464,0.019631,0.090833,-0.074113,-0.007799
1790862461.251451,1790862461.317127,0.010533,0.300645,0.269078,-0.701736,0.081271,-0.084661,0.702705,-89.890,-0.264,-13.477,0.118454,0.179058,0.008376,0.048225,-0.103931,-0.061059
1790862461.284784,1790862461.350361,0.014577,0.307096,0.269438,-0.701606,0.079698,-0.083972,0.703098,-89.840,-0.330,-13.292,0.119846,0.174130,-0.000986,-0.012497,-0.087948,0.001793
1790862461.318117,1790862461.381823,0.018581,0.313582,0.269613,-0.702350,0.079259,-0.082245,0.702608,-89.952,-0.238,-13.115,0.112526,0.166138,-0.008392,-0.111573,-0.127366,0.099795
1790862461.351451,1790862461.407219,0.022206,0.318783,0.269479,-0.703959,0.078883,-0.078833,0.701431,-90.204,-0.019,-12.806,0.101211,0.155861,-0.002542,-0.140332,-0.179562,0.116839
1790862461.384784,1790862461.446902,0.025517,0.323645,0.269461,-0.705262,0.077959,-0.075756,0.700563,-90.398,0.136,-12.480,0.094192,0.147492,0.008166,-0.045518,-0.162514,0.007118
1790862461.418117,1790862461.479909,0.028651,0.327696,0.269683,-0.705542,0.075248,-0.075080,0.700650,-90.396,-0.029,-12.204,0.088372,0.142210,0.015135,0.046093,-0.116712,-0.195286
1790862461.451449,1790862461.509756,0.030985,0.331976,0.270117,-0.705129,0.071330,-0.077155,0.701250,-90.263,-0.502,-12.053,0.086802,0.138885,0.019102,0.089773,-0.032555,-0.268801
1790862461.484782,1790862461.545541,0.034493,0.336988,0.270337,-0.704566,0.068531,-0.079517,0.701832,-90.127,-0.909,-12.017,0.089064,0.134181,0.020982,0.061029,-0.019738,-0.150546
1790862461.518116,1790862461.575215,0.037662,0.341594,0.271479,-0.703839,0.067557,-0.079756,0.702628,-89.995,-0.993,-11.959,0.093126,0.130036,0.031031,0.069549,-0.021874,0.073156
1790862461.551449,1790862461.606552,0.040724,0.345884,0.272368,-0.702911,0.068790,-0.078218,0.703610,-89.864,-0.754,-11.935,0.090930,0.125563,0.033588,0.058891,-0.015488,0.172226
1790862461.584781,1790862461.650207,0.043538,0.350000,0.273386,-0.702262,0.069975,-0.075753,0.704410,-89.779,-0.448,-11.830,0.079037,0.120146,0.031884,0.035454,-0.084733,0.120023
1790862461.618114,1790862461.678745,0.045786,0.353890,0.274683,-0.702179,0.069082,-0.074088,0.704757,-89.751,-0.382,-11.622,0.061817,0.112678,0.032466,-0.009283,-0.153965,-0.062143
1790862461.651447,1790862461.709239,0.047416,0.357372,0.276145,-0.702469,0.065688,-0.073344,0.704871,-89.745,-0.598,-11.285,0.046175,0.101959,0.038855,0.004571,-0.190172,-0.183588
1790862461.684780,1790862461.745827,0.049306,0.360465,0.278347,-0.702987,0.060679,-0.073649,0.704772,-89.756,-1.032,-10.903,0.035223,0.094438,0.046460,-0.016742,-0.214678,-0.273083
1790862461.718112,1790862461.784847,0.050781,0.363438,0.279447,-0.703476,0.055620,-0.074178,0.704646,-89.767,-1.489,-10.536,0.035194,0.088554,0.062062,0.048259,-0.182665,-0.211275
1790862461.751445,1790862461.816884,0.053189,0.368277,0.281997,-0.703197,0.051773,-0.074150,0.705220,-89.675,-1.791,-10.223,0.047902,0.092189,0.071834,0.061010,-0.101725,-0.118579
1790862461.784778,1790862461.845750,0.054791,0.371352,0.284272,-0.702523,0.050603,-0.074532,0.705936,-89.553,-1.907,-10.162,0.062170,0.095433,0.072918,0.054614,0.037813,0.009246
1790862461.818110,1790862461.882406,0.056138,0.374020,0.286673,-0.702169,0.051778,-0.074954,0.706158,-89.510,-1.841,-10.292,0.068658,0.101531,0.066777,-0.015681,0.101723,0.026266
1790862461.851443,1790862461.919410,0.056677,0.375367,0.288239,-0.701995,0.053413,-0.076063,0.706091,-89.501,-1.797,-10.515,0.066399,0.102978,0.061252,-0.000728,0.128359,-0.004687
1790862461.884774,1790862461.951381,0.059501,0.380005,0.290419,-0.701818,0.054358,-0.078097,0.705973,-89.484,-1.884,-10.758,0.066940,0.110597,0.057685,0.034414,0.125164,-0.068592
1790862461.918107,1790862461.982161,0.061587,0.383803,0.292332,-0.700940,0.055347,-0.079724,0.706587,-89.356,-1.923,-10.974,0.064910,0.115716,0.057816,0.062110,0.098532,0.051780
1790862461.951439,1790862462.013424,0.063498,0.387527,0.294089,-0.700776,0.057213,-0.079930,0.706577,-89.353,-1.786,-11.142,0.063577,0.123279,0.044937,-0.095547,0.068704,0.073076
1790862461.984771,1790862462.053229,0.065082,0.391104,0.295730,-0.702011,0.059117,-0.079059,0.705291,-89.578,-1.582,-11.221,0.058853,0.128612,0.042494,-0.125357,0.015444,0.112477
1790862462.018103,1790862462.089978,0.063054,0.391515,0.296916,-0.702775,0.060170,-0.077868,0.704573,-89.715,-1.413,-11.207,0.048653,0.134087,0.053618,-0.026193,-0.017591,0.032478
1790862462.051435,1790862462.125824,0.066205,0.398378,0.298956,-0.702407,0.059584,-0.077761,0.705001,-89.648,-1.446,-11.152,0.048233,0.147239,0.067371,0.116523,-0.042092,-0.067624
1790862462.084767,1790862462.162503,0.069655,0.405949,0.301374,-0.700852,0.057580,-0.078701,0.706609,-89.371,-1.659,-11.070,0.052871,0.160794,0.075289,0.194245,-0.033580,-0.118716
1790862462.118099,1790862462.197505,0.071606,0.412024,0.303916,-0.699054,0.055760,-0.079954,0.708393,-89.058,-1.879,-11.031,0.060168,0.174653,0.067581,0.083444,-0.019734,-0.108067
1790862462.151431,1790862462.226353,0.072998,0.417347,0.306257,-0.698743,0.054473,-0.080802,0.708705,-88.992,-2.046,-10.998,0.064987,0.186687,0.062985,-0.006022,-0.014407,-0.065473
1790862462.184764,1790862462.254919,0.074730,0.423086,0.308560,-0.698638,0.053797,-0.081544,0.708775,-88.967,-2.159,-11.005,0.072369,0.193876,0.065646,0.022754,0.007965,-0.083598
1790862462.218098,1790862462.286751,0.077003,0.429642,0.310778,-0.698312,0.053030,-0.082249,0.709072,-88.905,-2.273,-11.003,0.075070,0.200838,0.068932,0.049389,-0.013338,-0.003707
1790862462.251432,1790862462.322037,0.079392,0.436518,0.313035,-0.697650,0.053253,-0.081939,0.709742,-88.802,-2.220,-10.997,0.079455,0.208341,0.067320,0.046190,0.001575,0.049548
1790862462.284766,1790862462.348284,0.081658,0.443218,0.315227,-0.697343,0.053406,-0.081591,0.710072,-88.755,-2.175,-10.982,0.079250,0.214429,0.060982,0.006783,-0.017599,-0.012247
1790862462.318100,1790862462.373659,0.084272,0.450320,0.317361,-0.697149,0.052476,-0.081728,0.710317,-88.712,-2.258,-10.919,0.078676,0.222233,0.055047,0.035549,-0.077254,-0.069777
1790862462.351433,1790862462.404296,0.087372,0.458026,0.318997,-0.696973,0.050473,-0.081058,0.710712,-88.660,-2.364,-10.704,0.079917,0.235771,0.046754,0.028091,-0.151820,-0.004785
1790862462.384767,1790862462.433728,0.090627,0.465815,0.320193,-0.696964,0.048968,-0.079089,0.711047,-88.642,-2.327,-10.421,0.089333,0.249099,0.036210,-0.001732,-0.115601,0.031444
1790862462.418100,1790862462.465828,0.093098,0.472736,0.321120,-0.696917,0.048935,-0.077744,0.711243,-88.634,-2.221,-10.308,0.098211,0.264217,0.030606,0.022787,0.005838,0.085764
1790862462.451434,1790862462.501733,0.095390,0.481316,0.322075,-0.695906,0.050841,-0.076860,0.712196,-88.494,-1.980,-10.390,0.101273,0.285351,0.029959,0.137847,0.094254,0.172032
1790862462.484768,1790862462.548557,0.099894,0.490964,0.322672,-0.693535,0.054557,-0.076025,0.714320,-88.162,-1.576,-10.624,0.112674,0.304666,0.018033,0.181514,0.168819,0.235958
1790862462.518101,1790862462.581748,0.097522,0.499545,0.321968,-0.691197,0.059282,-0.075263,0.716288,-87.853,-1.095,-10.941,0.110276,0.321483,-0.010792,0.105898,0.160275,0.236914
1790862462.551435,1790862462.614849,0.102360,0.510763,0.321632,-0.689910,0.063357,-0.074307,0.717279,-87.706,-0.667,-11.188,0.115574,0.336948,-0.038630,0.049436,0.117665,0.198579
1790862462.584768,1790862462.648465,0.105854,0.521771,0.320117,-0.689144,0.066803,-0.073342,0.717801,-87.637,-0.297,-11.383,0.123624,0.351796,-0.057232,0.011093,0.095296,0.173002
1790862462.618102,1790862462.684205,0.105526,0.527063,0.316868,-0.688670,0.069545,-0.072816,0.718050,-87.605,-0.024,-11.558,0.135007,0.356738,-0.058541,0.014354,0.141100,0.098366
1790862462.651435,1790862462.712531,0.109354,0.539493,0.315564,-0.687883,0.073909,-0.073346,0.718314,-87.552,0.302,-11.950,0.126984,0.370583,-0.042502,0.029272,0.284923,0.213401
1790862462.684768,1790862462.744226,0.112494,0.552814,0.314466,-0.686072,0.078993,-0.074346,0.719401,-87.356,0.667,-12.437,0.110177,0.378543,-0.026034,0.221014,0.193309,0.149468
1790862462.718101,1790862462.781874,0.117256,0.567053,0.313500,-0.682763,0.081013,-0.074949,0.722256,-86.873,0.841,-12.645,0.113428,0.384151,-0.031826,0.190094,0.040968,0.038692
1790862462.751435,1790862462.818440,0.117633,0.575935,0.311187,-0.682555,0.081503,-0.075295,0.722362,-86.850,0.857,-12.713,0.114375,0.394635,-0.059217,-0.222140,0.010081,-0.068949
1790862462.784767,1790862462.840547,0.121346,0.588776,0.310242,-0.686100,0.079749,-0.076814,0.719032,-87.374,0.532,-12.703,0.110644,0.399263,-0.044954,-0.264726,-0.036773,-0.339540
1790862462.818099,1790862462.877561,0.125477,0.602096,0.309486,-0.688063,0.074008,-0.081615,0.717238,-87.582,-0.352,-12.646,0.108977,0.391229,-0.005644,0.076179,-0.050615,-0.555789
1790862462.851433,1790862462.915824,0.129248,0.615241,0.308994,-0.686988,0.067481,-0.087350,0.718236,-87.306,-1.323,-12.606,0.118200,0.380464,0.018984,0.182690,-0.004809,-0.371488
1790862462.884766,1790862462.942076,0.133172,0.628046,0.309549,-0.686186,0.065215,-0.090066,0.718877,-87.145,-1.710,-12.656,0.120367,0.375115,0.026854,-0.030383,0.014360,0.019471
1790862462.918099,1790862462.972333,0.137159,0.640670,0.310625,-0.686842,0.067784,-0.088084,0.718258,-87.288,-1.354,-12.692,0.115244,0.365006,0.042193,-0.046366,0.055905,0.288989
1790862462.951432,1790862463.003208,0.140845,0.652724,0.312120,-0.686129,0.071479,-0.086275,0.718800,-87.235,-0.896,-12.835,0.110038,0.343975,0.052376,0.093182,0.126209,0.134521
1790862462.984764,1790862463.037535,0.143690,0.664103,0.313841,-0.684613,0.073716,-0.087924,0.719820,-87.034,-0.817,-13.152,0.110899,0.326540,0.046826,0.088918,0.201847,-0.056178
1790862463.018097,1790862463.076599,0.146745,0.674423,0.315317,-0.683923,0.074975,-0.091419,0.719910,-86.947,-0.980,-13.545,0.112038,0.307249,0.031564,-0.042105,0.170960,-0.142477
1790862463.051430,1790862463.109399,0.150831,0.683886,0.316297,-0.685076,0.074716,-0.094351,0.718461,-87.123,-1.256,-13.769,0.112595,0.283356,0.019487,-0.132648,0.039930,-0.176561
1790862463.084762,1790862463.147934,0.155819,0.692547,0.316861,-0.686787,0.072434,-0.096535,0.716769,-87.353,-1.648,-13.767,0.111595,0.259193,0.017750,-0.081509,-0.063404,-0.238332
1790862463.118095,1790862463.183181,0.158666,0.699871,0.317444,-0.687357,0.069037,-0.098346,0.716311,-87.388,-2.080,-13.648,0.113367,0.239214,0.022570,0.029286,-0.054894,-0.188263
1790862463.151427,1790862463.210218,0.161862,0.707663,0.318141,-0.687498,0.066992,-0.099734,0.716179,-87.377,-2.360,-13.602,0.114610,0.223147,0.014888,-0.051677,-0.001627,-0.099852
1790862463.184761,1790862463.237252,0.165159,0.714685,0.318586,-0.688608,0.066394,-0.101007,0.714988,-87.543,-2.531,-13.657,0.111395,0.202396,0.008318,-0.117722,0.030332,-0.100924
1790862463.218093,1790862463.262388,0.168707,0.720984,0.318993,-0.689857,0.064792,-0.102593,0.713704,-87.716,-2.812,-13.658,0.096451,0.182910,0.015636,-0.021842,-0.053823,-0.202126
1790862463.251427,1790862463.310608,0.173135,0.727047,0.319402,-0.689639,0.061235,-0.103841,0.714049,-87.629,-3.197,-13.481,0.083556,0.161673,0.024702,0.116635,-0.131598,-0.124340
1790862463.284761,1790862463.343518,0.176903,0.732519,0.319794,-0.689180,0.059335,-0.102886,0.714790,-87.530,-3.267,-13.252,0.083557,0.140807,0.012724,-0.037844,-0.090060,0.063163
1790862463.318094,1790862463.370997,0.178640,0.736678,0.320158,-0.690589,0.060145,-0.101476,0.713563,-87.765,-3.114,-13.193,0.078299,0.123667,0.000410,-0.184848,0.030323,0.070606
1790862463.351428,1790862463.405807,0.179742,0.739960,0.320483,-0.692092,0.061610,-0.101435,0.711985,-88.024,-3.019,-13.299,0.066587,0.101780,0.009707,-0.065523,0.067614,0.013065
1790862463.384761,1790862463.442826,0.181744,0.743003,0.320738,-0.692184,0.062264,-0.102117,0.711742,-88.048,-3.023,-13.408,0.059355,0.082263,0.015687,0.013303,0.058023,-0.022087
1790862463.418094,1790862463.481952,0.183890,0.744778,0.320448,-0.692344,0.062167,-0.103179,0.711442,-88.072,-3.119,-13.488,0.047430,0.073438,0.016005,0.011158,0.000467,-0.056157
1790862463.451428,1790862463.512330,0.185595,0.747246,0.321075,-0.692064,0.060657,-0.103577,0.711787,-88.006,-3.268,-13.402,0.033052,0.064680,0.016098,0.034593,-0.086886,-0.098763
1790862463.484761,1790862463.544326,0.187151,0.749150,0.321570,-0.692215,0.058994,-0.103819,0.711744,-88.007,-3.426,-13.289,0.022543,0.058313,0.022494,-0.018670,-0.044276,-0.046556
1790862463.518094,1790862463.575479,0.187996,0.750948,0.322449,-0.692129,0.058311,-0.102827,0.712028,-87.984,-3.400,-13.153,0.007418,0.053736,0.041616,0.094248,-0.087956,0.056781
1790862463.551428,1790862463.607701,0.188547,0.752650,0.323761,-0.690545,0.058060,-0.101203,0.713817,-87.730,-3.261,-13.005,0.000894,0.043629,0.057256,0.193314,-0.045350,0.160120
1790862463.584760,1790862463.637031,0.188379,0.754303,0.325593,-0.688034,0.060502,-0.097555,0.716542,-87.366,-2.725,-12.904,-0.003017,0.045309,0.056159,0.166676,-0.053874,0.384896
1790862463.618093,1790862463.675889,0.187888,0.756332,0.327304,-0.686332,0.064469,-0.091910,0.718571,-87.156,-1.920,-12.751,-0.002851,0.054657,0.036986,0.047362,-0.031502,0.410458
1790862463.651427,1790862463.706423,0.186794,0.757821,0.328408,-0.685969,0.067319,-0.088715,0.719057,-87.143,-1.427,-12.710,-0.000354,0.067548,0.013527,-0.031460,-0.010187,-0.005018
1790862463.684758,1790862463.742964,0.186630,0.759208,0.328949,-0.685952,0.063692,-0.091070,0.719111,-87.085,-1.910,-12.620,-0.004001,0.074361,0.006295,0.118761,-0.117777,-0.472680
1790862463.718091,1790862463.779913,0.187343,0.755692,0.327863,-0.685220,0.055670,-0.095580,0.719888,-86.857,-2.914,-12.368,0.002909,0.077459,-0.004437,0.076177,-0.182768,-0.465198
1790862463.751424,1790862463.807618,0.187780,0.758790,0.327645,-0.685754,0.050979,-0.097132,0.719519,-86.883,-3.432,-12.127,0.021816,0.089416,-0.009548,-0.108115,-0.065583,-0.014581
1790862463.784757,1790862463.838643,0.186868,0.760938,0.327302,-0.687713,0.053255,-0.094955,0.717773,-87.220,-3.104,-12.115,0.033786,0.099652,-0.009388,-0.227419,0.057990,0.331620
1790862463.818089,1790862463.868523,0.185591,0.762460,0.326848,-0.689739,0.059793,-0.090794,0.715851,-87.627,-2.272,-12.277,0.035099,0.109126,0.001084,-0.187990,0.140020,0.487133
1790862463.851422,1790862463.908047,0.185304,0.764920,0.326699,-0.690845,0.066916,-0.086711,0.714658,-87.907,-1.385,-12.501,0.029793,0.124846,0.015979,-0.092109,0.119778,0.389116
1790862463.884754,1790862463.942186,0.186254,0.768771,0.327044,-0.691033,0.071408,-0.084312,0.714329,-88.008,-0.831,-12.660,0.027984,0.143644,0.023810,-0.007950,0.064380,0.172864
1790862463.918087,1790862463.975647,0.187869,0.774852,0.327945,-0.690731,0.072559,-0.084331,0.714503,-87.980,-0.734,-12.754,0.028788,0.166328,0.022284,0.026131,0.039878,-0.091324
1790862463.951419,1790862464.008788,0.189308,0.780545,0.328626,-0.690233,0.071234,-0.086379,0.714873,-87.879,-0.997,-12.819,0.031839,0.193556,0.021429,0.090052,0.011115,-0.143519
1790862463.984752,1790862464.042756,0.190994,0.787385,0.329034,-0.689360,0.070166,-0.087546,0.715678,-87.723,-1.161,-12.832,0.043375,0.221612,0.011997,0.057025,0.004721,-0.025267
1790862464.018084,1790862464.070126,0.191654,0.794280,0.329151,-0.689409,0.070462,-0.088324,0.715506,-87.736,-1.200,-12.920,0.058278,0.248415,-0.006018,-0.079323,0.083556,-0.056170
1790862464.051416,1790862464.111881,0.191701,0.801015,0.329020,-0.690335,0.070583,-0.090582,0.714318,-87.884,-1.388,-13.116,0.065292,0.270694,-0.016722,-0.073978,0.119783,-0.181888
1790862464.084749,1790862464.141747,0.192123,0.808628,0.328544,-0.690984,0.069827,-0.095201,0.713163,-87.974,-1.832,-13.439,0.075488,0.284198,-0.021478,-0.052658,0.193294,-0.279908
1790862464.118080,1790862464.170680,0.193503,0.816685,0.327695,-0.691383,0.069362,-0.100562,0.712085,-88.030,-2.308,-13.847,0.089904,0.289721,-0.015567,-0.015364,0.210337,-0.213868
1790862464.151412,1790862464.214014,0.196458,0.826032,0.326894,-0.691292,0.069792,-0.105255,0.711454,-88.021,-2.649,-14.272,0.106455,0.293603,-0.009312,0.013396,0.225250,-0.172324
1790862464.184744,1790862464.254153,0.197072,0.823466,0.323100,-0.690869,0.070171,-0.109847,0.711133,-87.960,-2.979,-14.687,0.111201,0.289848,-0.006934,0.061372,0.158118,-0.202155
1790862464.218078,1790862464.288492,0.202872,0.834684,0.323091,-0.689980,0.070153,-0.112383,0.711601,-87.818,-3.167,-14.901,0.100953,0.304057,0.000209,0.068821,0.071825,0.055659
1790862464.251412,1790862464.318591,0.208842,0.847367,0.322988,-0.688914,0.072189,-0.111984,0.712493,-87.683,-2.948,-15.033,0.103179,0.325858,-0.001355,0.086916,0.079270,0.127047
1790862464.284746,1790862464.345161,0.211249,0.849946,0.320256,-0.687498,0.074355,-0.111935,0.713644,-87.496,-2.739,-15.207,0.111185,0.334947,-0.010251,0.125284,0.130380,0.068466
1790862464.318079,1790862464.369241,0.214149,0.861442,0.320156,-0.686309,0.076618,-0.113861,0.714244,-87.348,-2.685,-15.552,0.119415,0.350467,-0.029032,-0.052609,0.241180,-0.064704
1790862464.351413,1790862464.406610,0.217376,0.873093,0.319630,-0.687255,0.078464,-0.118411,0.712392,-87.530,-2.921,-16.076,0.122923,0.349736,-0.030931,-0.139954,0.291255,-0.205330
1790862464.384746,1790862464.454737,0.221281,0.884312,0.319125,-0.687870,0.079303,-0.124815,0.710611,-87.641,-3.383,-16.678,0.123701,0.333429,-0.011506,0.017712,0.309365,-0.295883
1790862464.418080,1790862464.485802,0.222376,0.884175,0.316329,-0.686867,0.079657,-0.131555,0.710325,-87.488,-3.874,-17.277,0.112515,0.306992,-0.000702,0.112562,0.267796,-0.240490
1790862464.451413,1790862464.518252,0.226730,0.893678,0.316140,-0.685169,0.079929,-0.136329,0.711033,-87.224,-4.195,-17.711,0.102171,0.297448,-0.003336,0.112562,0.169790,-0.098797
1790862464.484747,1790862464.547601,0.228623,0.892084,0.313747,-0.684542,0.081688,-0.138150,0.711087,-87.157,-4.184,-18.007,0.097572,0.289820,-0.021729,-0.115357,0.153794,0.034374
1790862464.518080,1790862464.570538,0.231918,0.903397,0.313764,-0.686256,0.084619,-0.139456,0.708833,-87.484,-4.097,-18.340,0.092901,0.287229,-0.029824,-0.248515,0.185763,-0.002914
1790862464.551412,1790862464.612471,0.234523,0.913753,0.313265,-0.688558,0.087179,-0.141764,0.705826,-87.898,-4.138,-18.724,0.083517,0.276614,-0.018711,-0.208035,0.212399,-0.050859
1790862464.584746,1790862464.647877,0.235408,0.921255,0.309550,-0.690849,0.089484,-0.143707,0.702900,-88.309,-4.173,-19.058,0.071129,0.265590,-0.009881,-0.168652,0.149525,0.105740
1790862464.618079,1790862464.672291,0.238068,0.931503,0.310140,-0.691996,0.094011,-0.142705,0.701384,-88.587,-3.763,-19.330,0.069606,0.255607,0.000733,-0.151613,0.136749,0.313472
1790862464.651412,1790862464.707836,0.239799,0.934802,0.308314,-0.692984,0.098852,-0.140312,0.700225,-88.852,-3.212,-19.514,0.060862,0.241832,0.008038,-0.074910,0.074941,0.200566
1790862464.684745,1790862464.733464,0.241653,0.941844,0.308608,-0.692835,0.100342,-0.140239,0.700175,-88.862,-3.085,-19.628,0.055601,0.228024,0.014487,0.051865,0.056836,-0.130738
1790862464.718078,1790862464.765606,0.243523,0.948966,0.309100,-0.692087,0.098457,-0.143668,0.700486,-88.700,-3.493,-19.766,0.052346,0.214576,0.018474,0.116851,0.093057,-0.268158
1790862464.751411,1790862464.803280,0.245203,0.955743,0.309687,-0.690736,0.096949,-0.147721,0.701187,-88.451,-3.906,-19.992,0.051004,0.196376,0.017459,0.106198,0.131407,-0.133932
1790862464.784743,1790862464.836933,0.246987,0.962584,0.310196,-0.689923,0.097869,-0.149831,0.701412,-88.342,-3.982,-20.247,0.047523,0.172857,0.008591,-0.022705,0.111167,0.061015
1790862464.818076,1790862464.875926,0.248900,0.968022,0.310296,-0.690373,0.099987,-0.149299,0.700783,-88.462,-3.785,-20.369,0.036823,0.150271,0.000422,-0.097277,0.002504,0.120677
1790862464.851409,1790862464.900113,0.250570,0.969011,0.308721,-0.691612,0.100610,-0.147343,0.699886,-88.674,-3.611,-20.249,0.022221,0.130665,-0.002615,-0.071707,-0.127476,-0.006066
1790862464.884742,1790862464.922764,0.251360,0.973315,0.308824,-0.692435,0.097513,-0.146628,0.699660,-88.734,-3.819,-19.937,0.009727,0.111381,-0.002129,0.044412,-0.174346,-0.209535
1790862464.918074,1790862464.959447,0.251960,0.976970,0.308738,-0.692637,0.092581,-0.147180,0.700015,-88.657,-4.259,-19.587,0.002152,0.095784,-0.001674,0.045476,-0.212698,-0.186095
1790862464.951407,1790862465.030868,0.252467,0.980269,0.308631,-0.692915,0.088928,-0.145335,0.700599,-88.625,-4.405,-19.138,0.002610,0.088211,-0.003095,0.016711,-0.265962,0.068514
1790862464.984739,1790862465.068366,0.252943,0.983888,0.308495,-0.693698,0.088750,-0.139333,0.701065,-88.747,-3.949,-18.618,0.007710,0.085908,-0.007801,-0.167587,-0.243590,0.445630
1790862465.018071,1790862465.105826,0.253073,0.987764,0.308754,-0.696240,0.092882,-0.130621,0.699687,-89.240,-2.976,-18.213,0.010472,0.093338,0.013195,-0.251749,-0.149842,0.534044
1790862465.051403,1790862465.140022,0.257007,0.990600,0.308789,-0.697102,0.096039,-0.123997,0.699607,-89.447,-2.206,-17.916,-0.002955,0.094234,0.058658,0.161580,-0.196724,0.127145
1790862465.084736,1790862465.164673,0.255093,0.992341,0.311088,-0.692897,0.090229,-0.123487,0.704630,-88.652,-2.520,-17.419,-0.027600,0.092816,0.077743,0.638840,-0.291537,-0.430012
1790862465.118068,1790862465.204596,0.254416,0.996598,0.313261,-0.687716,0.080238,-0.127272,0.710218,-87.633,-3.502,-16.959,-0.031152,0.094952,0.036343,0.304332,-0.179680,-0.523755
1790862465.151400,1790862465.241433,0.256046,0.997616,0.312474,-0.688226,0.074506,-0.131567,0.709566,-87.610,-4.322,-16.863,-0.021047,0.099419,-0.002121,-0.230437,0.029108,-0.356468
1790862465.184733,1790862465.268617,0.253787,1.000031,0.313032,-0.691560,0.072543,-0.135823,0.705715,-88.104,-4.903,-17.044,-0.021667,0.090674,0.009018,-0.215518,0.121792,-0.209473
1790862465.218067,1790862465.294379,0.252072,1.001852,0.313640,-0.692675,0.072480,-0.139480,0.703913,-88.280,-5.232,-17.338,-0.024068,0.080419,0.041616,0.026309,0.180382,-0.142366
1790862465.251402,1790862465.324891,0.250743,1.003732,0.314724,-0.691676,0.073294,-0.142848,0.704136,-88.133,-5.416,-17.693,-0.031645,0.082665,0.053111,0.064667,0.180380,-0.064600
1790862465.284736,1790862465.352606,0.249232,1.006229,0.316086,-0.691435,0.075383,-0.145085,0.703694,-88.131,-5.425,-18.049,-0.041902,0.097266,0.034502,-0.149453,0.189967,0.038730
1790862465.318070,1790862465.381421,0.247509,1.009366,0.317245,-0.693696,0.078762,-0.145761,0.700954,-88.552,-5.268,-18.358,-0.055728,0.118248,0.024980,-0.293267,0.123920,0.123953
1790862465.351404,1790862465.410499,0.246466,1.014134,0.318416,-0.696250,0.081159,-0.144947,0.698311,-89.005,-5.077,-18.463,-0.077513,0.143010,0.037772,-0.149456,-0.039068,0.053653
1790862465.384738,1790862465.445312,0.245759,1.020764,0.319664,-0.697180,0.080391,-0.143556,0.697760,-89.140,-5.047,-18.279,-0.091974,0.171846,0.047299,-0.006712,-0.128553,-0.040076
1790862465.418072,1790862465.480426,0.245291,1.025936,0.320779,-0.698108,0.078376,-0.143115,0.697152,-89.252,-5.195,-18.074,-0.092580,0.207477,0.040436,-0.095131,-0.044405,-0.123143
1790862465.451405,1790862465.508414,0.239639,1.032321,0.322247,-0.699329,0.077252,-0.145033,0.695656,-89.428,-5.473,-18.135,-0.096226,0.245181,0.041695,-0.070620,0.099420,-0.129552
1790862465.484739,1790862465.541100,0.234269,1.039120,0.323424,-0.699154,0.078398,-0.147737,0.695134,-89.420,-5.600,-18.453,-0.095098,0.272009,0.047769,0.042310,0.244297,0.007857
1790862465.518073,1790862465.567262,0.229327,1.047068,0.324485,-0.697987,0.082150,-0.150488,0.695284,-89.302,-5.500,-18.992,-0.096765,0.296893,0.043151,0.017818,0.310342,0.090937
1790862465.551406,1790862465.595450,0.224818,1.056087,0.325643,-0.696993,0.087225,-0.152675,0.695185,-89.241,-5.253,-19.589,-0.098571,0.314391,0.038216,-0.012001,0.306082,0.167631
1790862465.584740,1790862465.641853,0.220960,1.066254,0.326818,-0.696093,0.093640,-0.153553,0.695059,-89.231,-4.796,-20.184,-0.097158,0.334067,0.033872,-0.025847,0.329518,0.317833
1790862465.618073,1790862465.686660,0.217256,1.077758,0.327803,-0.694753,0.101613,-0.153362,0.695323,-89.197,-4.117,-20.817,-0.100677,0.358819,0.029010,0.027418,0.346564,0.375355
1790862465.651407,1790862465.715847,0.212980,1.084570,0.325635,-0.692499,0.110417,-0.152935,0.696321,-89.053,-3.328,-21.502,-0.103715,0.375415,0.022086,0.113748,0.378512,0.365774
1790862465.684741,1790862465.744479,0.211229,1.100300,0.327284,-0.689422,0.118093,-0.153913,0.697899,-88.766,-2.716,-22.215,-0.095961,0.390791,0.015245,0.126516,0.385974,0.223032
1790862465.718074,1790862465.771870,0.206297,1.110401,0.326335,-0.687102,0.124579,-0.157162,0.698334,-88.581,-2.406,-23.020,-0.086931,0.392243,-0.005452,-0.018343,0.471191,0.065357
1790862465.751407,1790862465.814178,0.203426,1.121735,0.326433,-0.687195,0.131049,-0.162409,0.695854,-88.785,-2.340,-23.984,-0.082267,0.400877,-0.009033,-0.195182,0.536180,-0.012405
1790862465.784741,1790862465.846769,0.198466,1.131444,0.324486,-0.687100,0.137125,-0.169037,0.693194,-88.957,-2.418,-25.035,-0.074149,0.399408,0.014725,0.046667,0.568124,-0.153030
1790862465.818074,1790862465.872479,0.194095,1.140704,0.323221,-0.684489,0.141513,-0.178336,0.692564,-88.686,-2.758,-26.184,-0.063472,0.384020,0.031042,0.215017,0.635225,-0.275542
1790862465.851407,1790862465.907408,0.192968,1.155131,0.324633,-0.680592,0.144391,-0.189798,0.692764,-88.169,-3.342,-27.406,-0.060048,0.374029,0.037362,0.216077,0.618190,-0.392724
1790862465.884739,1790862465.945173,0.194536,1.181226,0.327531,-0.679048,0.145644,-0.201297,0.690768,-87.968,-4.139,-28.499,-0.057878,0.379797,0.021293,-0.155784,0.495603,-0.542935
1790862465.918072,1790862465.979976,0.187555,1.176410,0.325844,-0.682492,0.144889,-0.212980,0.683996,-88.479,-5.308,-29.422,-0.062200,0.342171,0.004075,-0.458244,0.430703,-0.639877
1790862465.951406,1790862466.010191,0.182930,1.185356,0.325459,-0.687715,0.145350,-0.223262,0.675334,-89.317,-6.359,-30.303,-0.062253,0.312684,0.015821,-0.500837,0.518058,-0.523773
1790862465.984739,1790862466.038834,0.179649,1.193975,0.327517,-0.690874,0.147013,-0.233563,0.668228,-89.875,-7.253,-31.295,-0.078187,0.285831,0.053114,-0.222811,0.379568,-0.343748
1790862466.018072,1790862466.068598,0.176402,1.202455,0.329706,-0.691614,0.147673,-0.240153,0.664973,-90.016,-7.804,-31.908,-0.084131,0.249382,0.090694,0.021148,0.271973,-0.191413
1790862466.051404,1790862466.106277,0.173596,1.210511,0.332933,-0.689536,0.149100,-0.242233,0.666057,-89.733,-7.784,-32.223,-0.083471,0.241079,0.094540,0.188400,0.041872,0.236835
1790862466.084737,1790862466.142324,0.171129,1.218365,0.335551,-0.688179,0.152464,-0.239059,0.667843,-89.635,-7.203,-32.233,-0.071696,0.238613,0.058655,-0.167409,0.025892,0.313541
1790862466.118070,1790862466.176594,0.169284,1.226230,0.337130,-0.690415,0.157745,-0.235897,0.665430,-90.179,-6.650,-32.369,-0.057455,0.227543,0.034082,-0.374082,0.108988,0.282651
1790862466.151403,1790862466.209093,0.167849,1.233323,0.338185,-0.692937,0.164023,-0.232619,0.662438,-90.814,-6.031,-32.581,-0.053483,0.214926,0.034339,-0.271811,0.095145,0.385993
1790862466.184736,1790862466.244645,0.166683,1.240035,0.339728,-0.693039,0.170371,-0.227626,0.662462,-91.074,-5.151,-32.678,-0.053514,0.209603,0.054897,-0.019336,-0.034816,0.458445
1790862466.218069,1790862466.272969,0.165239,1.246685,0.341678,-0.692193,0.173461,-0.222929,0.664141,-91.060,-4.486,-32.541,-0.055912,0.209279,0.063342,0.029673,-0.112579,0.192131
1790862466.251402,1790862466.305574,0.163237,1.253964,0.343766,-0.692140,0.173478,-0.220172,0.665111,-91.052,-4.245,-32.309,-0.056149,0.211643,0.061214,-0.003352,-0.128554,0.077075
1790862466.284735,1790862466.344230,0.161985,1.260622,0.345606,-0.693005,0.172238,-0.218482,0.665089,-91.140,-4.227,-32.059,-0.048224,0.207723,0.056541,-0.077914,-0.121092,-0.150889
1790862466.318068,1790862466.371548,0.160265,1.267754,0.347627,-0.695040,0.168404,-0.219668,0.663556,-91.315,-4.696,-31.829,-0.044259,0.207746,0.063687,-0.082177,-0.115766,-0.336253
1790862466.351399,1790862466.408488,0.159390,1.274594,0.349959,-0.697051,0.163095,-0.222042,0.661980,-91.437,-5.372,-31.577,-0.035791,0.206914,0.079767,0.011569,-0.148783,-0.352226
1790862466.384732,1790862466.441176,0.158462,1.281287,0.352878,-0.697194,0.158418,-0.223527,0.662465,-91.287,-5.842,-31.316,-0.016328,0.197232,0.095372,0.126623,-0.073147,-0.132774
1790862466.418064,1790862466.480806,0.158758,1.287787,0.355995,-0.696179,0.157271,-0.223879,0.663686,-91.083,-5.910,-31.259,0.002453,0.194917,0.099010,0.109586,-0.015617,0.065375
1790862466.451397,1790862466.503885,0.158853,1.294149,0.359336,-0.694489,0.158647,-0.222423,0.665615,-90.862,-5.609,-31.261,0.017431,0.193319,0.101680,0.107457,0.035517,0.252864
1790862466.484729,1790862466.546863,0.160489,1.300147,0.362513,-0.692220,0.162467,-0.220501,0.667694,-90.640,-5.067,-31.427,0.034497,0.191534,0.104134,0.157539,0.115417,0.242219
1790862466.518062,1790862466.584473,0.161518,1.306883,0.365904,-0.688887,0.165395,-0.219267,0.670821,-90.221,-4.600,-31.584,0.035660,0.187441,0.096058,0.225718,0.022740,0.237954
1790862466.551394,1790862466.615153,0.164233,1.313202,0.368512,-0.686887,0.167020,-0.216897,0.673236,-89.967,-4.191,-31.526,0.045417,0.187191,0.070474,0.039299,-0.089107,0.114392
1790862466.584726,1790862466.646435,0.166201,1.319145,0.370562,-0.687079,0.165560,-0.215098,0.673977,-89.941,-4.153,-31.252,0.051928,0.182611,0.042179,0.005207,-0.190309,-0.057114
1790862466.618058,1790862466.682018,0.170284,1.324725,0.371186,-0.688430,0.162996,-0.212937,0.673909,-90.058,-4.215,-30.851,0.065941,0.186957,0.014511,-0.095982,-0.225454,-0.030460
1790862466.651390,1790862466.712924,0.172748,1.331369,0.371301,-0.690330,0.160513,-0.210035,0.673473,-90.267,-4.231,-30.391,0.073920,0.190418,-0.007267,-0.076805,-0.280849,-0.045375
1790862466.684722,1790862466.744066,0.175584,1.337704,0.370550,-0.692540,0.155265,-0.207424,0.673243,-90.427,-4.487,-29.727,0.072205,0.190982,-0.031636,-0.044842,-0.383117,-0.210493
1790862466.718055,1790862466.780340,0.178473,1.344105,0.369115,-0.694919,0.149383,-0.204427,0.673039,-90.601,-4.763,-28.977,0.081568,0.191098,-0.048423,-0.062951,-0.391638,-0.046435
1790862466.751386,1790862466.812752,0.185719,1.352480,0.366220,-0.696311,0.146402,-0.199051,0.673867,-90.722,-4.582,-28.272,0.105820,0.192822,-0.060932,-0.019246,-0.341546,0.068633
1790862466.784717,1790862466.843778,0.188410,1.358427,0.364381,-0.697299,0.143673,-0.195168,0.674568,-90.789,-4.494,-27.717,0.123004,0.189675,-0.057927,0.019100,-0.233963,0.037733
1790862466.818049,1790862466.883604,0.197227,1.364931,0.361665,-0.695761,0.142830,-0.191600,0.677352,-90.515,-4.193,-27.358,0.167578,0.194754,-0.034399,0.330200,-0.121028,0.209269
1790862466.851381,1790862466.909201,0.201799,1.371887,0.360479,-0.691600,0.144963,-0.188947,0.681890,-89.923,-3.650,-27.331,0.194387,0.182987,-0.039397,0.183191,0.094156,0.294478
1790862466.884712,1790862466.950783,0.209256,1.377825,0.359077,-0.690983,0.148609,-0.186615,0.682372,-89.948,-3.158,-27.436,0.190999,0.188046,-0.038933,-0.170486,-0.035807,0.255068
1790862466.918044,1790862466.984962,0.217497,1.383658,0.357350,-0.692622,0.151651,-0.181130,0.681519,-90.312,-2.534,-27.220,0.181201,0.188307,-0.017646,-0.192834,-0.214773,0.341368
1790862466.951375,1790862467.010313,0.224089,1.389886,0.357071,-0.694952,0.152786,-0.173721,0.680823,-90.723,-1.915,-26.690,0.170820,0.188427,0.009743,-0.208808,-0.346868,0.208211
1790862466.984707,1790862467.043291,0.229937,1.395932,0.357918,-0.698419,0.148124,-0.169330,0.679410,-91.116,-2.020,-25.930,0.152939,0.190655,0.035291,-0.143827,-0.439549,-0.413915
1790862467.018038,1790862467.075725,0.234965,1.402024,0.359582,-0.701552,0.135855,-0.170401,0.678477,-91.220,-3.138,-24.991,0.141942,0.190102,0.066027,0.118235,-0.480031,-0.686628
1790862467.051370,1790862467.104779,0.242826,1.406902,0.361040,-0.701923,0.123959,-0.173106,0.679686,-90.926,-4.273,-24.235,0.167034,0.186782,0.079149,0.187509,-0.272293,-0.596058
1790862467.084701,1790862467.143312,0.247707,1.414542,0.363422,-0.701371,0.115635,-0.176671,0.680804,-90.609,-5.185,-23.855,0.181836,0.186802,0.078411,0.171534,-0.114627,-0.328681
1790862467.118032,1790862467.171861,0.255067,1.420217,0.366065,-0.700765,0.112054,-0.178284,0.681606,-90.418,-5.573,-23.702,0.177642,0.184399,0.071691,0.028782,-0.054969,-0.069802
1790862467.151364,1790862467.220090,0.260311,1.426018,0.368610,-0.700697,0.111631,-0.177043,0.682069,-90.396,-5.499,-23.565,0.154746,0.177409,0.068732,0.033041,-0.087995,0.161364
1790862467.184695,1790862467.249297,0.265856,1.430220,0.371556,-0.700312,0.112857,-0.173397,0.683198,-90.365,-5.086,-23.363,0.128889,0.165198,0.056550,-0.009585,-0.121024,0.270039
1790862467.218028,1790862467.268557,0.269807,1.435878,0.373265,-0.700538,0.114319,-0.169727,0.683645,-90.439,-4.674,-23.175,0.109175,0.151736,0.042010,-0.045810,-0.064563,0.139006
1790862467.251362,1790862467.310429,0.272773,1.440897,0.374799,-0.700381,0.115437,-0.169017,0.683794,-90.444,-4.524,-23.208,0.100390,0.138909,0.042546,0.055388,0.118666,0.025016
1790862467.284696,1790862467.345942,0.275931,1.444414,0.376644,-0.698398,0.116966,-0.171506,0.684942,-90.166,-4.550,-23.552,0.092053,0.123256,0.046627,0.193875,0.192169,0.007974
1790862467.318031,1790862467.375093,0.278965,1.448865,0.377917,-0.695996,0.118956,-0.172722,0.686736,-89.835,-4.419,-23.829,0.082239,0.107265,0.034881,0.058582,0.089901,0.124088
1790862467.351365,1790862467.396806,0.281368,1.451754,0.379203,-0.696672,0.120637,-0.172765,0.685746,-89.989,-4.317,-23.965,0.070252,0.093254,0.011582,-0.235449,0.045156,-0.060204
1790862467.384698,1790862467.453753,0.282909,1.454275,0.380403,-0.700594,0.119059,-0.175141,0.681409,-90.576,-4.770,-24.011,0.052085,0.083439,0.010788,-0.287666,-0.002785,-0.312677
1790862467.418032,1790862467.485750,0.284817,1.456705,0.381229,-0.703066,0.115935,-0.176547,0.679035,-90.891,-5.210,-23.857,0.039831,0.077306,0.030323,-0.020279,-0.163645,-0.097482
1790862467.451366,1790862467.511742,0.287515,1.459613,0.381479,-0.703534,0.113590,-0.174057,0.679589,-90.905,-5.194,-23.456,0.043712,0.072015,0.025738,-0.016005,-0.226492,0.060185
1790862467.484700,1790862467.537062,0.289774,1.462465,0.381930,-0.705158,0.111860,-0.170415,0.679116,-91.123,-5.072,-23.001,0.043192,0.077296,0.010512,-0.111882,-0.270169,0.028229
1790862467.518034,1790862467.574166,0.291652,1.465354,0.382065,-0.706418,0.108966,-0.166629,0.679217,-91.254,-5.014,-22.443,0.047248,0.082499,-0.011296,-0.008550,-0.284017,0.013317
1790862467.551368,1790862467.604751,0.293455,1.468443,0.381168,-0.707710,0.106466,-0.163379,0.679057,-91.402,-4.971,-21.962,0.059678,0.095421,-0.040662,-0.139581,-0.240340,0.060191
1790862467.584701,1790862467.641638,0.295320,1.471918,0.380070,-0.710115,0.105532,-0.158423,0.677866,-91.771,-4.699,-21.462,0.069775,0.107493,-0.045000,-0.149177,-0.305326,0.200810
1790862467.618035,1790862467.682789,0.298871,1.476292,0.378054,-0.711014,0.103175,-0.151858,0.678789,-91.860,-4.352,-20.726,0.070612,0.122229,-0.044654,0.149112,-0.505597,0.090022
1790862467.651368,1790862467.712381,0.303217,1.480231,0.375227,-0.709327,0.097461,-0.144043,0.683088,-91.453,-4.083,-19.627,0.078918,0.140957,-0.060691,0.306791,-0.617448,0.114534
1790862467.684701,1790862467.743645,0.306189,1.487318,0.371906,-0.707955,0.091052,-0.136785,0.686877,-91.090,-3.933,-18.516,0.110277,0.163874,-0.103893,0.064977,-0.505591,-0.095334
1790862467.718034,1790862467.772510,0.312052,1.493556,0.367680,-0.709862,0.082966,-0.134432,0.686396,-91.240,-4.414,-17.652,0.144115,0.185971,-0.138257,-0.110796,-0.416104,-0.402128
1790862467.751367,1790862467.814443,0.316271,1.499878,0.364489,-0.712069,0.073430,-0.132657,0.685542,-91.431,-5.063,-16.713,0.182639,0.202198,-0.117336,0.022347,-0.587622,-0.145395
1790862467.784701,1790862467.838763,0.324426,1.505902,0.363016,-0.712782,0.065607,-0.126429,0.686770,-91.423,-5.170,-15.562,0.243509,0.206396,-0.096772,0.125648,-0.537555,-0.067611
1790862467.818034,1790862467.872868,0.332350,1.512500,0.359169,-0.711209,0.057301,-0.123351,0.689698,-91.048,-5.533,-14.645,0.274510,0.213770,-0.094694,0.387723,-0.428896,-0.282807
1790862467.851367,1790862467.903852,0.342225,1.516900,0.357727,-0.707262,0.049307,-0.120836,0.694801,-90.305,-5.878,-13.823,0.315238,0.214872,-0.088238,0.402620,-0.412919,-0.000488
1790862467.884700,1790862467.946578,0.353619,1.525278,0.354679,-0.704460,0.046667,-0.114347,0.698916,-89.821,-5.502,-13.099,0.369480,0.210145,-0.080765,0.119252,-0.357523,0.504453
1790862467.918033,1790862467.972850,0.367222,1.534147,0.350700,-0.704448,0.050685,-0.101144,0.700681,-89.864,-4.099,-12.339,0.371038,0.208774,-0.053324,-0.054370,-0.452328,0.794211
1790862467.951366,1790862468.018194,0.379375,1.540767,0.349567,-0.703578,0.051621,-0.088461,0.703198,-89.735,-2.974,-11.380,0.332373,0.202398,-0.014584,0.350442,-0.591881,0.280739
1790862467.984699,1790862468.056746,0.390024,1.547007,0.348508,-0.698962,0.045521,-0.079155,0.709306,-88.924,-2.641,-10.143,0.294912,0.183682,-0.003464,0.464443,-0.648338,0.116682
1790862468.018032,1790862468.093563,0.400407,1.552307,0.347631,-0.696582,0.038942,-0.072068,0.712786,-88.479,-2.573,-9.042,0.294350,0.184612,-0.034230,-0.043695,-0.439534,-0.081455
1790862468.051365,1790862468.127168,0.410987,1.559246,0.347014,-0.699837,0.034055,-0.072027,0.709845,-88.959,-3.008,-8.634,0.327845,0.197446,-0.051336,-0.308970,0.030258,-0.271077
1790862468.084698,1790862468.156796,0.422965,1.565559,0.345738,-0.701607,0.033403,-0.076200,0.707690,-89.239,-3.420,-8.917,0.361425,0.194470,-0.031851,0.064948,0.219886,-0.081451
1790862468.118030,1790862468.186059,0.434858,1.571584,0.344202,-0.698817,0.037422,-0.076900,0.710169,-88.823,-3.114,-9.309,0.376604,0.179237,-0.025602,0.282279,0.171949,0.406446
1790862468.151363,1790862468.215316,0.446486,1.576826,0.342465,-0.696010,0.044407,-0.073045,0.712925,-88.440,-2.199,-9.561,0.370440,0.171654,-0.056671,0.039409,0.129340,0.426675
1790862468.184695,1790862468.249302,0.458734,1.582366,0.340216,-0.696150,0.050019,-0.070085,0.712714,-88.524,-1.506,-9.765,0.352803,0.164250,-0.088994,-0.131041,0.093119,0.289255
1790862468.218029,1790862468.280313,0.470048,1.588292,0.337215,-0.698248,0.054064,-0.067162,0.710645,-88.908,-0.971,-9.845,0.329105,0.147547,-0.104980,-0.285517,-0.003824,0.298840
1790862468.251364,1790862468.317131,0.480760,1.592933,0.333910,-0.702373,0.056480,-0.063228,0.706742,-89.601,-0.515,-9.713,0.288171,0.127114,-0.101216,-0.414426,-0.154031,0.134789
1790862468.284698,1790862468.340306,0.488863,1.596668,0.330802,-0.707250,0.053966,-0.060343,0.702313,-90.357,-0.547,-9.271,0.238996,0.106890,-0.072582,-0.315347,-0.298913,-0.227418
1790862468.318032,1790862468.373231,0.496067,1.599685,0.328752,-0.709855,0.046419,-0.061136,0.700153,-90.693,-1.249,-8.717,0.212519,0.091535,-0.039382,-0.026646,-0.228601,-0.513986
1790862468.351366,1790862468.403196,0.502526,1.602281,0.327551,-0.709881,0.038474,-0.065718,0.700193,-90.621,-2.260,-8.440,0.206454,0.086822,-0.019418,0.068172,-0.024062,-0.484161
1790862468.384699,1790862468.438837,0.508657,1.605103,0.327030,-0.709134,0.034855,-0.070929,0.700630,-90.469,-2.967,-8.570,0.216320,0.084535,-0.001554,0.092680,0.183669,-0.214655
1790862468.418033,1790862468.464903,0.515654,1.607592,0.327204,-0.707667,0.036207,-0.074977,0.701623,-90.241,-3.171,-9.015,0.223426,0.080791,0.010040,0.094814,0.277414,0.011183
1790862468.451367,1790862468.509556,0.522719,1.610060,0.327516,-0.706731,0.041181,-0.076969,0.702076,-90.134,-2.922,-9.584,0.221200,0.072069,0.014275,-0.043669,0.291263,0.272173
1790862468.484700,1790862468.540766,0.530021,1.612438,0.328337,-0.707458,0.047436,-0.075777,0.701078,-90.315,-2.333,-9.992,0.200122,0.059407,0.024028,-0.145944,0.079266,0.321178
1790862468.518034,1790862468.590062,0.536509,1.614376,0.329439,-0.708819,0.050506,-0.071934,0.699893,-90.570,-1.792,-9.926,0.168356,0.048088,0.033995,-0.100139,-0.136986,0.256200
1790862468.551366,1790862468.625871,0.541210,1.616980,0.331498,-0.709967,0.051157,-0.068059,0.699069,-90.765,-1.439,-9.663,0.144406,0.048970,0.041819,-0.075652,-0.086923,0.097462
1790862468.584700,1790862468.648913,0.545365,1.617230,0.332885,-0.709883,0.051182,-0.067848,0.699174,-90.751,-1.419,-9.648,0.128535,0.048837,0.052237,0.108654,0.078200,-0.120921
1790862468.618033,1790862468.673647,0.548764,1.618404,0.334377,-0.708277,0.049693,-0.071979,0.700495,-90.473,-1.853,-9.865,0.119199,0.051581,0.046022,0.148077,0.147443,-0.309486
1790862468.651366,1790862468.709102,0.552655,1.619729,0.335742,-0.706805,0.048236,-0.077283,0.701517,-90.218,-2.383,-10.182,0.122470,0.052874,0.041773,0.119317,0.178335,-0.216805
1790862468.684700,1790862468.738770,0.556713,1.621545,0.337048,-0.705669,0.048011,-0.081790,0.702166,-90.031,-2.752,-10.535,0.130423,0.049035,0.029284,0.017047,0.197510,-0.188044
1790862468.718033,1790862468.776619,0.560939,1.622977,0.337960,-0.706154,0.047942,-0.086066,0.701171,-90.109,-3.114,-10.876,0.132109,0.043422,0.018770,-0.084155,0.141047,-0.153956
1790862468.751366,1790862468.813874,0.565146,1.624239,0.338700,-0.706590,0.048375,-0.088041,0.700456,-90.185,-3.247,-11.070,0.129541,0.038269,0.022496,0.003199,0.047302,0.045253
1790862468.784699,1790862468.850529,0.569104,1.626041,0.339195,-0.706371,0.050149,-0.086209,0.700780,-90.169,-2.952,-11.065,0.119185,0.037530,0.016073,-0.020238,-0.047507,0.274285
1790862468.818033,1790862468.879251,0.570575,1.626203,0.339095,-0.707028,0.053822,-0.081847,0.700368,-90.319,-2.312,-11.006,0.106201,0.040849,0.001870,-0.152321,-0.001701,0.343513
1790862468.851366,1790862468.910384,0.573052,1.626357,0.339160,-0.708255,0.057863,-0.078414,0.699198,-90.570,-1.728,-11.052,0.091406,0.038701,0.004850,-0.072417,0.035583,0.258288
1790862468.884698,1790862468.944440,0.575017,1.627205,0.339163,-0.707866,0.061236,-0.076374,0.699531,-90.553,-1.287,-11.163,0.081455,0.037662,0.007363,0.078860,0.095238,0.203951
1790862468.918031,1790862468.981926,0.576938,1.628431,0.339025,-0.706768,0.064272,-0.076233,0.700384,-90.418,-1.016,-11.400,0.073724,0.044696,-0.009286,0.031988,0.134655,0.039890
1790862468.951364,1790862469.001610,0.579011,1.630255,0.338751,-0.707130,0.064659,-0.078544,0.699727,-90.483,-1.180,-11.619,0.062771,0.057940,-0.028038,-0.103305,0.073930,-0.183822
1790862468.984697,1790862469.033041,0.580912,1.632185,0.338087,-0.708973,0.062729,-0.081453,0.697702,-90.754,-1.602,-11.694,0.058382,0.069820,-0.036736,-0.176811,0.004684,-0.237086
1790862469.018028,1790862469.072313,0.582671,1.634827,0.336957,-0.711368,0.060030,-0.083864,0.695212,-91.106,-2.054,-11.662,0.060511,0.073819,-0.035836,-0.181074,-0.024076,-0.226435
1790862469.051361,1790862469.107494,0.584185,1.637246,0.335854,-0.713505,0.057485,-0.086122,0.692957,-91.422,-2.478,-11.629,0.066337,0.077390,-0.023365,-0.122479,0.019598,-0.214721
1790862469.084694,1790862469.139752,0.585694,1.640271,0.334939,-0.714182,0.055854,-0.088946,0.692036,-91.512,-2.851,-11.721,0.072974,0.081159,-0.007308,0.025597,0.082452,-0.169985
1790862469.118026,1790862469.169066,0.579837,1.640389,0.335092,-0.713029,0.055196,-0.091941,0.692886,-91.315,-3.131,-11.913,0.074208,0.083387,0.008729,0.159846,0.130383,-0.094393
1790862469.151359,1790862469.219297,0.583463,1.642429,0.335013,-0.710106,0.055215,-0.094657,0.695515,-90.838,-3.304,-12.148,0.085889,0.092034,0.006419,0.261052,0.109080,-0.086929
1790862469.184692,1790862469.248780,0.586253,1.645907,0.334780,-0.708232,0.056208,-0.096065,0.697151,-90.545,-3.308,-12.352,0.092174,0.104947,-0.019757,-0.044686,0.105884,0.148496
1790862469.218026,1790862469.276787,0.588670,1.649755,0.334553,-0.710033,0.060923,-0.093439,0.695278,-90.902,-2.750,-12.515,0.087838,0.120301,-0.024529,-0.297163,0.025984,0.420145
1790862469.251359,1790862469.300736,0.591160,1.654110,0.334417,-0.712926,0.065257,-0.088012,0.692627,-91.436,-2.011,-12.421,0.082676,0.131442,-0.008652,-0.179982,-0.155115,0.253957
1790862469.284693,1790862469.354640,0.593956,1.658495,0.333932,-0.713251,0.063870,-0.084808,0.692821,-91.468,-1.861,-12.048,0.086020,0.149822,0.008320,0.209917,-0.211572,-0.155116
1790862469.318027,1790862469.383371,0.596540,1.663736,0.333293,-0.709651,0.058389,-0.085777,0.696871,-90.804,-2.313,-11.688,0.100185,0.176322,0.004425,0.436830,-0.163632,-0.294676
1790862469.351360,1790862469.421799,0.599669,1.670228,0.332705,-0.706430,0.052258,-0.087965,0.700348,-90.204,-2.928,-11.379,0.126044,0.204766,-0.035220,0.081021,-0.146588,-0.363924
1790862469.384694,1790862469.448748,0.604294,1.677139,0.332360,-0.708479,0.045958,-0.091202,0.698303,-90.466,-3.729,-11.122,0.158721,0.233006,-0.055408,-0.289703,-0.137002,-0.454470
1790862469.418027,1790862469.478031,0.611748,1.685130,0.331667,-0.711431,0.039266,-0.093689,0.695375,-90.882,-4.514,-10.763,0.189547,0.259354,-0.027983,0.000055,-0.254186,-0.291470
1790862469.451359,1790862469.509428,0.609276,1.693451,0.330358,-0.709178,0.033606,-0.091861,0.698211,-90.467,-4.782,-10.169,0.204350,0.282910,0.000675,0.430450,-0.354332,0.041924
1790862469.484693,1790862469.536793,0.616900,1.702469,0.329146,-0.704016,0.030532,-0.086106,0.704284,-89.606,-4.487,-9.484,0.227447,0.308399,0.009516,0.470934,-0.354322,0.179347
1790862469.518026,1790862469.580293,0.625603,1.712947,0.329388,-0.698994,0.027063,-0.081313,0.709974,-88.773,-4.315,-8.843,0.253987,0.333671,0.009842,0.534852,-0.314905,0.025947
1790862469.551359,1790862469.615736,0.635608,1.724524,0.329599,-0.692240,0.024427,-0.077429,0.717086,-87.678,-4.138,-8.351,0.287463,0.334790,-0.008332,0.516740,-0.111434,0.192137
1790862469.584692,1790862469.646549,0.632130,1.735513,0.326675,-0.687993,0.026679,-0.074343,0.721406,-87.018,-3.658,-8.295,0.309538,0.340059,-0.031930,0.106623,0.050485,0.304999
1790862469.618025,1790862469.673428,0.643560,1.744816,0.327145,-0.687050,0.031264,-0.071499,0.722408,-86.902,-3.042,-8.422,0.322136,0.332648,-0.023151,0.087448,0.077118,0.376381
1790862469.651358,1790862469.706761,0.644385,1.753146,0.326304,-0.685288,0.036094,-0.066628,0.724319,-86.663,-2.237,-8.401,0.305362,0.316595,-0.025085,0.029938,-0.032612,0.424282
1790862469.684691,1790862469.740802,0.656554,1.763117,0.326133,-0.685962,0.038827,-0.060566,0.724072,-86.795,-1.539,-8.107,0.284811,0.303646,-0.020273,-0.104293,-0.260582,0.329482
1790862469.718024,1790862469.770321,0.626069,1.890054,0.337219,-0.687923,0.036909,-0.055583,0.722710,-87.087,-1.325,-7.536,0.228118,0.404506,0.007043,0.024226,-0.296690,0.339777
1790862469.751357,1790862469.807534,0.663142,1.790861,0.324223,-0.686143,0.039246,-0.046989,0.724886,-86.828,-0.435,-7.007,0.263674,0.284498,-0.009731,-0.002042,-0.149797,0.111032
1790862469.784690,1790862469.832511,0.672292,1.790984,0.323360,-0.686362,0.037082,-0.046845,0.724801,-86.843,-0.605,-6.824,0.265090,0.267776,-0.010435,-0.015861,-0.083745,-0.276715
1790862469.818022,1790862469.865853,0.680969,1.800559,0.323505,-0.686941,0.032551,-0.049616,0.724286,-86.898,-1.204,-6.697,0.264401,0.260688,-0.005438,-0.043562,-0.091202,-0.257542
1790862469.851355,1790862469.902659,0.689677,1.809320,0.323349,-0.687657,0.030387,-0.049809,0.723687,-86.995,-1.405,-6.541,0.263391,0.248470,-0.003669,-0.055281,-0.106118,0.064176
1790862469.884686,1790862469.952262,0.698015,1.817208,0.322996,-0.688079,0.030531,-0.045448,0.723568,-87.063,-1.052,-6.189,0.248054,0.240130,0.001329,-0.024386,-0.238212,0.320911
1790862469.918019,1790862469.984805,0.696831,1.828325,0.322315,-0.688279,0.031672,-0.038723,0.723719,-87.103,-0.428,-5.719,0.225714,0.236661,0.005612,-0.011611,-0.188155,0.319811
1790862469.951352,1790862470.002995,0.703460,1.837382,0.322724,-0.688593,0.032850,-0.034193,0.723597,-87.161,0.026,-5.435,0.208408,0.221871,-0.007329,-0.121340,-0.024099,0.150425
1790862469.984684,1790862470.040052,0.709479,1.845846,0.322673,-0.690989,0.034377,-0.033832,0.721254,-87.553,0.162,-5.527,0.186060,0.221741,-0.025329,-0.320552,0.141019,0.032173
1790862470.018016,1790862470.075888,0.715432,1.853800,0.322170,-0.694428,0.037129,-0.033963,0.717800,-88.121,0.351,-5.758,0.162677,0.224096,-0.031241,-0.202306,0.083491,0.167466
1790862470.051349,1790862470.107718,0.720603,1.861084,0.320813,-0.697468,0.039047,-0.034175,0.714735,-88.623,0.467,-5.931,0.138445,0.230829,-0.047054,-0.314162,0.085622,-0.094594
1790862470.084681,1790862470.154638,0.725253,1.868937,0.319342,-0.701587,0.038089,-0.037184,0.710593,-89.275,0.112,-6.101,0.121578,0.235994,-0.042755,-0.314162,0.117580,-0.216036
1790862470.118013,1790862470.187436,0.728564,1.877376,0.318021,-0.704722,0.036827,-0.040553,0.707365,-89.770,-0.290,-6.274,0.111460,0.236437,-0.037524,-0.258768,0.073904,-0.249064
1790862470.151345,1790862470.223771,0.723000,1.891553,0.318626,-0.709471,0.035051,-0.045432,0.702395,-90.525,-0.872,-6.521,0.100721,0.252149,-0.042511,-0.580500,0.266725,-0.286384
1790862470.184677,1790862470.253122,0.729677,1.894686,0.316838,-0.714933,0.037917,-0.046107,0.696640,-91.440,-0.750,-6.804,0.096657,0.258591,-0.011620,-0.466497,0.045140,0.324047
1790862470.218014,1790862470.285125,0.725500,1.904424,0.317471,-0.718957,0.044147,-0.040391,0.692474,-92.160,0.176,-6.859,0.094312,0.261542,0.027832,-0.280067,-0.018776,0.580757
1790862470.251351,1790862470.317919,0.727787,1.908442,0.317712,-0.719996,0.050896,-0.033772,0.691285,-92.406,1.245,-6.893,0.095509,0.254967,0.069147,0.077884,0.052599,0.457183
1790862470.284688,1790862470.359787,0.722925,1.915731,0.319751,-0.716762,0.054724,-0.031443,0.694456,-91.920,1.773,-7.018,0.093496,0.259382,0.098460,0.408137,0.022774,0.059795
1790862470.318024,1790862470.387930,0.727078,1.924504,0.323070,-0.711173,0.053127,-0.032676,0.700244,-90.985,1.600,-6.972,0.109894,0.275824,0.087122,0.437964,-0.035813,-0.073364
1790862470.351360,1790862470.419070,0.725245,1.931360,0.324496,-0.709176,0.055247,-0.031719,0.702147,-90.686,1.868,-7.063,0.124966,0.293757,0.051742,-0.196935,0.190036,0.282418
1790862470.384697,1790862470.442254,0.731787,1.941330,0.326828,-0.712350,0.060914,-0.031043,0.698487,-91.279,2.342,-7.485,0.133353,0.301513,0.050111,-0.280030,0.178313,0.224905
1790862470.418034,1790862470.483440,0.731959,1.953448,0.329712,-0.713195,0.065552,-0.030129,0.697244,-91.485,2.776,-7.798,0.124727,0.304846,0.075447,0.082168,0.145294,0.239798
1790862470.451370,1790862470.514047,0.738634,1.961365,0.331878,-0.710529,0.067473,-0.030553,0.699759,-91.079,2.924,-7.980,0.115539,0.299621,0.079235,0.357019,0.007866,-0.134105
1790862470.484707,1790862470.544255,0.738854,1.968731,0.334395,-0.705619,0.064258,-0.032867,0.704906,-90.232,2.534,-7.883,0.101025,0.296731,0.067782,0.477411,-0.072027,-0.251297
1790862470.518044,1790862470.574259,0.739043,1.976981,0.335971,-0.700970,0.060070,-0.035817,0.709754,-89.423,2.009,-7.767,0.085344,0.304219,0.029097,0.287797,-0.048585,-0.287529
1790862470.551380,1790862470.594261,0.741728,1.988496,0.336650,-0.700464,0.056677,-0.037488,0.710446,-89.296,1.605,-7.627,0.071359,0.320038,-0.009083,-0.158564,-0.123159,-0.008421
1790862470.584717,1790862470.639246,0.743697,1.999784,0.336212,-0.703531,0.056625,-0.034360,0.707571,-89.789,1.821,-7.375,0.066868,0.336085,-0.034844,-0.325816,-0.103987,0.140719
1790862470.618053,1790862470.665406,0.741966,2.010340,0.334814,-0.706614,0.055674,-0.033983,0.704587,-90.275,1.744,-7.275,0.055047,0.353391,-0.046697,-0.166016,-0.013431,-0.233217
1790862470.651390,1790862470.686562,0.743031,2.021997,0.333250,-0.707953,0.051684,-0.036833,0.703402,-90.443,1.178,-7.182,0.039699,0.370633,-0.036364,-0.030721,-0.118894,-0.237481
1790862470.684726,1790862470.745131,0.744463,2.034609,0.332116,-0.708172,0.048410,-0.036810,0.703416,-90.441,0.915,-6.913,0.034856,0.391565,-0.027968,-0.000893,-0.122089,-0.065967
1790862470.718062,1790862470.788629,0.744742,2.047735,0.331089,-0.708289,0.046931,-0.036893,0.703394,-90.444,0.788,-6.799,0.031364,0.417808,-0.029267,0.007631,-0.011296,-0.087277
1790862470.751399,1790862470.827896,0.747717,2.085439,0.331990,-0.709094,0.044908,-0.038260,0.702642,-90.554,0.507,-6.745,0.023712,0.482531,-0.026935,0.010686,-0.063505,-0.064944
1790862470.784734,1790862470.859346,0.744285,2.080093,0.328934,-0.708449,0.044180,-0.037548,0.703376,-90.441,0.513,-6.628,0.009759,0.472708,-0.035669,-0.027539,-0.043247,-0.019117
1790862470.818070,1790862470.887615,0.742052,2.091658,0.327399,-0.708654,0.043953,-0.037018,0.703213,-90.472,0.536,-6.567,-0.006502,0.491009,-0.043600,-0.015799,-0.033649,0.025620
1790862470.851407,1790862470.916208,0.740240,2.107576,0.325772,-0.708950,0.043701,-0.036180,0.702974,-90.518,0.581,-6.479,-0.023665,0.518949,-0.051412,-0.030709,-0.069866,0.041593
1790862470.884743,1790862470.947738,0.739071,2.125488,0.323943,-0.709391,0.043538,-0.034842,0.702606,-90.588,0.673,-6.358,-0.031676,0.549876,-0.057672,-0.050950,-0.036839,0.052245
1790862470.918079,1790862470.972069,0.738186,2.144229,0.322089,-0.710130,0.044201,-0.033879,0.701864,-90.715,0.798,-6.335,-0.042371,0.583899,-0.053888,-0.069059,0.005766,0.091663
1790862470.951415,1790862471.010533,0.734939,2.163508,0.320531,-0.710524,0.044530,-0.033738,0.701452,-90.782,0.832,-6.351,-0.056119,0.613335,-0.036692,0.038537,0.032402,-0.139510
1790862470.984751,1790862471.042541,0.731882,2.183551,0.319773,-0.709198,0.042376,-0.037079,0.702757,-90.545,0.399,-6.444,-0.064924,0.624321,-0.005991,0.185552,0.053709,-0.239652
1790862471.018087,1790862471.083999,0.728660,2.203862,0.319979,-0.706994,0.041597,-0.038885,0.704924,-90.180,0.210,-6.525,-0.077285,0.627560,0.018823,0.161052,0.018557,0.068213
1790862471.051423,1790862471.112051,0.747246,2.222062,0.318792,-0.705970,0.041904,-0.037593,0.706001,-90.017,0.349,-6.445,-0.054486,0.624842,0.024285,0.047047,-0.093448,-0.125603
1790862471.084759,1790862471.140846,0.730496,2.245959,0.321754,-0.704783,0.038749,-0.040136,0.707226,-89.796,-0.101,-6.395,-0.048185,0.619056,0.041467,0.191947,0.122938,-0.192749
1790862471.118094,1790862471.169923,0.739307,2.301183,0.325101,-0.703383,0.042572,-0.045873,0.708051,-89.606,-0.243,-7.172,-0.007907,0.664321,0.038023,0.073545,0.747132,0.219498
1790862471.151430,1790862471.204925,0.730391,2.305640,0.324739,-0.702666,0.055971,-0.050833,0.707491,-89.642,0.445,-8.661,-0.040044,0.620596,0.017557,-0.223580,0.645989,0.343075
1790862471.184766,1790862471.233504,0.726760,2.317945,0.324928,-0.705234,0.062086,-0.053336,0.704234,-90.139,0.700,-9.364,-0.091319,0.577129,0.007548,-0.252319,0.031318,-0.144826
1790862471.218100,1790862471.277423,0.724989,2.333104,0.325304,-0.706941,0.056877,-0.054418,0.702878,-90.344,0.173,-9.028,-0.106858,0.540485,0.025243,0.106694,-0.290406,-0.366397
1790862471.251434,1790862471.309546,0.722779,2.349200,0.326329,-0.704567,0.050399,-0.055832,0.705640,-89.880,-0.432,-8.616,-0.085578,0.519849,0.036670,0.343195,-0.059239,-0.237491
1790862471.284768,1790862471.337248,0.718740,2.364573,0.327317,-0.700709,0.048431,-0.058391,0.709403,-89.237,-0.752,-8.669,-0.069079,0.500691,0.021068,0.302720,0.065401,-0.117117
1790862471.318102,1790862471.371399,0.720362,2.395055,0.327732,-0.698461,0.046516,-0.060142,0.711598,-88.855,-1.021,-8.661,-0.054900,0.500131,-0.013667,0.095997,-0.097606,-0.126708
1790862471.351436,1790862471.428353,0.712778,2.399404,0.326471,-0.699235,0.043891,-0.059888,0.711026,-88.952,-1.223,-8.429,-0.041150,0.464462,-0.051319,-0.289586,-0.117831,-0.119260
1790862471.384770,1790862471.452710,0.710469,2.414529,0.324677,-0.703944,0.042132,-0.060690,0.706403,-89.692,-1.485,-8.344,-0.008920,0.456803,-0.056020,-0.458964,0.048363,-0.118203
1790862471.418104,1790862471.484306,0.708248,2.429028,0.323317,-0.708879,0.043127,-0.062379,0.701241,-90.501,-1.602,-8.551,0.015446,0.446034,-0.022761,-0.310885,0.138920,0.037318
1790862471.451438,1790862471.509966,0.706374,2.443381,0.323388,-0.710244,0.045862,-0.062432,0.699680,-90.751,-1.404,-8.775,0.021950,0.435725,0.019568,0.058776,0.082468,0.172594
1790862471.484772,1790862471.538778,0.707877,2.456729,0.324120,-0.708640,0.047806,-0.061083,0.701294,-90.511,-1.118,-8.827,0.024552,0.428234,0.023380,0.131220,-0.073066,0.076723
1790862471.518106,1790862471.575197,0.707989,2.470551,0.324572,-0.707846,0.046320,-0.059491,0.702331,-90.366,-1.098,-8.579,0.027167,0.435010,0.003743,-0.006198,-0.159353,-0.090530
1790862471.551439,1790862471.599260,0.708763,2.484974,0.324482,-0.708648,0.042785,-0.059708,0.701728,-90.460,-1.408,-8.307,0.043861,0.447471,-0.009641,-0.080767,-0.101827,-0.230087
1790862471.584773,1790862471.627858,0.708629,2.499822,0.324222,-0.709662,0.040063,-0.061694,0.700691,-90.599,-1.801,-8.244,0.060693,0.462582,-0.004389,-0.049869,0.075016,-0.125699
1790862471.618106,1790862471.683499,0.708790,2.514668,0.324215,-0.709771,0.041759,-0.063843,0.700290,-90.633,-1.842,-8.556,0.065413,0.475445,0.001839,-0.040277,0.204990,0.058583
1790862471.651440,1790862471.718618,0.706847,2.530471,0.324297,-0.710241,0.044321,-0.065264,0.699524,-90.734,-1.759,-8.878,0.052138,0.483800,-0.000065,-0.090340,0.118713,0.030863
1790862471.684772,1790862471.746454,0.709276,2.546964,0.324282,-0.711500,0.044742,-0.065762,0.698170,-90.944,-1.782,-8.950,0.048029,0.493058,0.001662,-0.115911,-0.052801,-0.038378
1790862471.718106,1790862471.775254,0.711429,2.563848,0.324490,-0.712410,0.044173,-0.065392,0.697312,-91.087,-1.809,-8.871,0.065962,0.513468,0.012252,0.010857,0.007919,0.021277
1790862471.751439,1790862471.814238,0.709580,2.581375,0.324880,-0.711109,0.044849,-0.065643,0.698572,-90.881,-1.759,-8.950,0.077883,0.539621,0.016394,0.184503,0.105939,0.080912
1790862471.784772,1790862471.844192,0.712767,2.599307,0.325204,-0.708627,0.047965,-0.066504,0.700803,-90.510,-1.549,-9.279,0.095417,0.569477,-0.000331,0.173851,0.240164,0.101151
1790862471.818106,1790862471.875410,0.710449,2.618646,0.324843,-0.706411,0.051371,-0.067947,0.702658,-90.190,-1.364,-9.678,0.085670,0.599603,-0.013501,0.150417,0.129379,0.161847
1790862471.851439,1790862471.900883,0.716087,2.639417,0.324412,-0.704057,0.054828,-0.066389,0.704904,-89.851,-0.927,-9.836,0.095451,0.630215,-0.018596,0.218592,0.056936,0.255603
1790862471.884772,1790862471.926016,0.720732,2.661250,0.323535,-0.701244,0.058490,-0.065415,0.707500,-89.446,-0.515,-10.055,0.111526,0.667871,-0.032621,0.186632,0.211403,0.167188
1790862471.918105,1790862471.980706,0.721005,2.684620,0.322440,-0.699153,0.062573,-0.065975,0.709166,-89.167,-0.201,-10.432,0.093739,0.695253,-0.037701,0.079039,0.114467,0.191677
1790862471.951438,1790862472.009874,0.723423,2.708377,0.321299,-0.698788,0.065053,-0.064419,0.709446,-89.145,0.130,-10.505,0.071870,0.712238,-0.035113,-0.081820,-0.055978,0.081949
1790862471.984771,1790862472.048140,0.723860,2.731302,0.320645,-0.700166,0.062792,-0.062996,0.708418,-89.332,0.043,-10.206,0.055158,0.711283,-0.004110,-0.034943,-0.294602,-0.158813
1790862472.018105,1790862472.074958,0.727459,2.754070,0.321384,-0.698067,0.055535,-0.060986,0.711266,-88.898,-0.352,-9.456,0.067226,0.701032,0.050666,0.524337,-0.390480,-0.233375
1790862472.051437,1790862472.098228,0.729903,2.777189,0.322994,-0.692442,0.049436,-0.062937,0.717021,-87.927,-0.932,-9.134,0.094648,0.695921,0.051044,0.367738,0.080378,-0.291968
1790862472.084770,1790862472.137496,0.731113,2.801318,0.324857,-0.690964,0.049665,-0.066918,0.718070,-87.695,-1.212,-9.484,0.090825,0.691205,0.048655,-0.155322,0.162407,0.040392
1790862472.118102,1790862472.175780,0.734631,2.822713,0.326255,-0.693744,0.052083,-0.065474,0.715345,-88.165,-0.936,-9.553,0.091831,0.670719,0.061216,-0.227762,-0.017629,0.132009
1790862472.151435,1790862472.204331,0.737824,2.845439,0.328864,-0.695394,0.053307,-0.065501,0.713649,-88.443,-0.860,-9.651,0.125287,0.673569,0.079089,-0.038138,0.185841,-0.026718
1790862472.184767,1790862472.236438,0.741154,2.868421,0.331598,-0.694940,0.056578,-0.069380,0.713473,-88.412,-0.899,-10.234,0.146335,0.672326,0.085379,0.026841,0.379725,0.009492
1790862472.218101,1790862472.276331,0.745295,2.890982,0.334305,-0.694436,0.060798,-0.072398,0.713316,-88.388,-0.792,-10.821,0.124990,0.654865,0.073613,-0.032813,0.167733,0.045710
1790862472.251435,1790862472.313797,0.747083,2.912854,0.336340,-0.695230,0.061447,-0.073539,0.712371,-88.524,-0.843,-10.966,0.101898,0.635339,0.052226,-0.106319,-0.008038,-0.129006
1790862472.284769,1790862472.336454,0.751958,2.932716,0.338105,-0.696567,0.058705,-0.075773,0.711061,-88.699,-1.265,-10.929,0.110328,0.625561,0.051624,-0.056247,-0.021889,-0.314359
1790862472.318102,1790862472.379980,0.755938,2.953374,0.339990,-0.697057,0.055007,-0.079196,0.710503,-88.729,-1.848,-10.913,0.123337,0.621237,0.063544,0.019388,-0.030410,-0.231265
1790862472.351436,1790862472.408747,0.760405,2.974263,0.342164,-0.696904,0.052060,-0.080084,0.710775,-88.668,-2.156,-10.751,0.121828,0.620050,0.069693,0.039627,-0.148657,-0.066143
1790862472.384769,1790862472.450947,0.763392,2.993461,0.344273,-0.696935,0.050159,-0.078029,0.711110,-88.651,-2.145,-10.429,0.115202,0.620764,0.064896,-0.024285,-0.160377,0.081931
1790862472.418102,1790862472.474156,0.767091,3.014760,0.346342,-0.697300,0.049756,-0.074922,0.711115,-88.705,-1.933,-10.140,0.105099,0.624273,0.057277,-0.010440,-0.150787,0.120280
1790862472.451436,1790862472.495190,0.770368,3.035905,0.348053,-0.697251,0.048992,-0.071908,0.711526,-88.688,-1.751,-9.830,0.089938,0.625105,0.045059,0.050281,-0.188074,0.059558
1790862472.484769,1790862472.547652,0.774182,3.056338,0.349174,-0.697141,0.046410,-0.069409,0.712055,-88.642,-1.758,-9.418,0.080350,0.629038,0.017297,-0.029614,-0.215774,-0.103426
1790862472.518102,1790862472.592719,0.777504,3.075935,0.349604,-0.698420,0.042287,-0.069956,0.711005,-88.805,-2.154,-9.129,0.077990,0.633758,-0.003679,-0.111638,-0.090071,-0.263215
1790862472.551434,1790862472.627686,0.778885,3.097691,0.349197,-0.699548,0.038951,-0.071473,0.709935,-88.954,-2.562,-8.983,0.074305,0.634111,0.002535,-0.002981,-0.078355,-0.126862
1790862472.584767,1790862472.652621,0.781068,3.118294,0.349464,-0.698498,0.037875,-0.071005,0.711073,-88.776,-2.598,-8.862,0.082805,0.635756,0.013651,0.187705,-0.028284,0.114956
1790862472.618100,1790862472.676376,0.783398,3.140486,0.349531,-0.696166,0.039977,-0.069158,0.713422,-88.422,-2.249,-8.885,0.096743,0.649857,-0.003540,0.118459,0.065459,0.215090
1790862472.651433,1790862472.707928,0.785451,3.162507,0.349053,-0.695566,0.042762,-0.068825,0.713879,-88.353,-1.988,-9.082,0.107016,0.670749,-0.030131,-0.062639,0.165599,-0.021409
1790862472.684766,1790862472.746304,0.788125,3.184100,0.348219,-0.696207,0.043515,-0.072514,0.712842,-88.463,-2.231,-9.445,0.107251,0.679920,-0.026733,-0.026414,0.193298,-0.171619
1790862472.718099,1790862472.777691,0.789703,3.207511,0.347539,-0.695668,0.044315,-0.075454,0.713014,-88.385,-2.395,-9.753,0.100602,0.680471,-0.000691,0.076915,0.098486,-0.035267
1790862472.751432,1790862472.806938,0.793907,3.231829,0.347738,-0.694427,0.044336,-0.077203,0.714035,-88.187,-2.517,-9.904,0.113282,0.673795,0.023826,0.137632,0.111271,-0.154580
1790862472.784765,1790862472.841887,0.797195,3.253889,0.348891,-0.692209,0.044519,-0.081622,0.715683,-87.835,-2.824,-10.293,0.133765,0.664664,0.048985,0.187701,0.303020,-0.106644
1790862472.818097,1790862472.883052,0.800426,3.276734,0.350646,-0.690247,0.049111,-0.087061,0.716636,-87.573,-2.854,-11.117,0.143561,0.657935,0.045964,-0.016835,0.543779,0.053143
1790862472.851430,1790862472.914416,0.803655,3.298240,0.352140,-0.690612,0.056832,-0.092502,0.715030,-87.725,-2.665,-12.182,0.133818,0.635281,0.040047,-0.175563,0.538451,0.081900
1790862472.884763,1790862472.941045,0.807997,3.319755,0.353830,-0.691371,0.064142,-0.096864,0.713099,-87.947,-2.433,-13.123,0.127043,0.609835,0.056166,-0.056251,0.446840,0.120249
1790862472.918095,1790862472.975305,0.816355,3.362531,0.355956,-0.690226,0.069750,-0.099634,0.713299,-87.852,-2.180,-13.804,0.130310,0.618375,0.067843,0.189780,0.259328,0.180965
1790862472.951427,1790862473.010237,0.817089,3.358578,0.357377,-0.686729,0.074613,-0.099768,0.716158,-87.381,-1.728,-14.211,0.129717,0.585785,0.035988,0.151480,0.217797,0.199081
1790862472.984760,1790862473.041955,0.818788,3.376209,0.357654,-0.686678,0.079620,-0.100748,0.715530,-87.462,-1.399,-14.691,0.129147,0.590803,-0.024949,-0.299134,0.297689,0.113848
1790862473.018091,1790862473.083830,0.822137,3.394062,0.356442,-0.691872,0.083995,-0.103184,0.709655,-88.366,-1.350,-15.233,0.122279,0.587409,-0.056760,-0.630436,0.243364,-0.137562
1790862473.051423,1790862473.114719,0.826549,3.410561,0.354614,-0.698918,0.085200,-0.106852,0.702023,-89.512,-1.704,-15.619,0.116585,0.567637,-0.033401,-0.487679,0.137899,-0.200412
1790862473.084756,1790862473.142959,0.831214,3.429098,0.354091,-0.702464,0.084221,-0.109246,0.698223,-90.063,-2.056,-15.727,0.110760,0.552221,0.017684,-0.077541,-0.024027,-0.154599
1790862473.118088,1790862473.177212,0.833849,3.444123,0.354982,-0.702053,0.082445,-0.109495,0.698810,-89.963,-2.207,-15.604,0.110448,0.544576,0.052712,0.146176,-0.098597,0.015846
1790862473.151420,1790862473.210923,0.837175,3.462583,0.356716,-0.699950,0.081696,-0.107655,0.701289,-89.611,-2.070,-15.399,0.117422,0.550656,0.060522,0.221810,-0.116710,0.112785
1790862473.184743,1790862473.246048,0.841628,3.481858,0.358582,-0.697654,0.081131,-0.105617,0.703947,-89.232,-1.899,-15.191,0.129959,0.566755,0.042662,0.180262,-0.106059,0.057391
1790862473.218114,1790862473.279314,0.847144,3.500532,0.359287,-0.696055,0.079876,-0.104089,0.705898,-88.954,-1.842,-14.968,0.140729,0.585660,0.013555,0.123802,-0.146545,0.009463
1790862473.251486,1790862473.303963,0.851466,3.520805,0.359435,-0.695404,0.077858,-0.101715,0.707111,-88.813,-1.797,-14.611,0.142028,0.611587,-0.011351,-0.009359,-0.220042,0.056334
1790862473.284858,1790862473.334127,0.856405,3.542512,0.358988,-0.696430,0.076313,-0.097720,0.706832,-88.950,-1.618,-14.154,0.139810,0.632805,-0.014520,-0.074346,-0.253066,0.126642
1790862473.318231,1790862473.380562,0.862037,3.563362,0.358658,-0.697079,0.074276,-0.093954,0.706921,-89.018,-1.488,-13.678,0.133360,0.644812,0.002407,0.030053,-0.221104,-0.033139
1790862473.351604,1790862473.414212,0.865928,3.585433,0.359245,-0.695960,0.070926,-0.092387,0.708572,-88.784,-1.609,-13.282,0.120550,0.648550,0.036165,0.278265,-0.206189,-0.032078
1790862473.384978,1790862473.451951,0.871215,3.605395,0.360766,-0.692241,0.068198,-0.091320,0.712609,-88.148,-1.675,-12.983,0.120324,0.643768,0.058670,0.327273,-0.109244,-0.022477
1790862473.418351,1790862473.483656,0.874870,3.627641,0.363016,-0.689414,0.066955,-0.089710,0.715666,-87.681,-1.596,-12.757,0.110941,0.643388,0.070320,0.181324,-0.175293,0.107484
1790862473.451725,1790862473.517413,0.878722,3.649275,0.365479,-0.687470,0.064775,-0.085814,0.718209,-87.341,-1.429,-12.263,0.097887,0.636819,0.073962,0.216478,-0.330825,0.053159
1790862473.485100,1790862473.554275,0.883751,3.668721,0.367549,-0.685006,0.060014,-0.082756,0.721330,-86.884,-1.536,-11.635,0.101594,0.633807,0.061516,0.242049,-0.316968,-0.141774
1790862473.518475,1790862473.583091,0.886144,3.690931,0.369265,-0.683733,0.054869,-0.081486,0.723090,-86.616,-1.838,-11.126,0.101131,0.637095,0.031974,-0.028536,-0.231749,-0.071473
1790862473.551850,1790862473.604445,0.889553,3.712188,0.369916,-0.686263,0.053292,-0.078607,0.721127,-86.995,-1.778,-10.755,0.104386,0.635660,0.011434,-0.341734,-0.143329,0.202306
1790862473.585226,1790862473.637474,0.893500,3.732960,0.370410,-0.690557,0.055887,-0.074465,0.717260,-87.706,-1.299,-10.606,0.106299,0.629277,0.005410,-0.351319,-0.000580,0.225747
1790862473.618603,1790862473.672567,0.896462,3.753739,0.370493,-0.693323,0.057849,-0.072680,0.714614,-88.171,-1.037,-10.610,0.092701,0.620961,0.004213,-0.074342,-0.016559,0.049969
1790862473.651980,1790862473.705906,0.899325,3.774153,0.370437,-0.692691,0.057143,-0.071359,0.715418,-88.061,-0.980,-10.445,0.072930,0.615417,-0.004422,0.160023,-0.178483,0.002034
1790862473.685357,1790862473.740232,0.902336,3.794593,0.369529,-0.691605,0.054104,-0.068133,0.717017,-87.850,-0.954,-9.937,0.063834,0.622192,-0.038963,0.025794,-0.349988,0.040388
1790862473.718735,1790862473.770864,0.905086,3.815788,0.367709,-0.693272,0.049967,-0.063559,0.716126,-88.065,-0.949,-9.226,0.067805,0.638122,-0.073662,-0.239463,-0.326552,0.036132
1790862473.752113,1790862473.805043,0.907502,3.837257,0.365015,-0.697150,0.048681,-0.059170,0.712819,-88.669,-0.751,-8.757,0.073991,0.646184,-0.085639,-0.384342,-0.167823,0.170358
1790862473.785492,1790862473.843730,0.909818,3.858947,0.362265,-0.701849,0.048540,-0.055888,0.708469,-89.421,-0.554,-8.472,0.063444,0.640953,-0.075171,-0.367299,-0.142254,0.025479
1790862473.818871,1790862473.875451,0.912095,3.880589,0.360417,-0.704587,0.047394,-0.053518,0.706008,-89.850,-0.487,-8.184,0.051293,0.626696,-0.032836,-0.030668,-0.145452,0.093659
1790862473.852250,1790862473.913443,0.913030,3.899843,0.359628,-0.703262,0.046792,-0.051200,0.707539,-89.629,-0.332,-7.948,0.034569,0.614220,-0.009073,0.255899,-0.100709,-0.008610
1790862473.885629,1790862473.945687,0.913809,3.918615,0.359213,-0.699973,0.044270,-0.051851,0.710908,-89.074,-0.553,-7.799,0.019058,0.614066,-0.014107,0.262295,-0.054899,-0.120464
1790862473.919009,1790862473.973225,0.914354,3.939866,0.358584,-0.698486,0.043895,-0.051248,0.712435,-88.832,-0.518,-7.721,0.008689,0.627786,-0.027498,-0.026399,-0.025069,0.124552
1790862473.952390,1790862474.005406,0.915590,3.976161,0.357180,-0.699350,0.044853,-0.050304,0.711595,-88.980,-0.374,-7.720,0.008988,0.664192,-0.035119,-0.018986,0.034600,0.002027
1790862473.985771,1790862474.034708,0.914091,3.981910,0.356087,-0.698900,0.044292,-0.053350,0.711851,-88.902,-0.660,-7.925,0.020653,0.646985,-0.038119,0.007692,0.193316,-0.326071
1790862474.019153,1790862474.072368,0.913742,4.000868,0.355087,-0.699025,0.043305,-0.060510,0.711216,-88.912,-1.318,-8.433,0.034616,0.634472,-0.014139,-0.015738,0.335000,-0.282399
1790862474.052535,1790862474.104721,0.913820,4.020316,0.355048,-0.698797,0.046443,-0.068138,0.710551,-88.908,-1.675,-9.312,0.040250,0.616023,0.011536,-0.017865,0.592800,-0.059759
1790862474.085917,1790862474.143359,0.913908,4.039724,0.355540,-0.699164,0.054328,-0.075093,0.708929,-89.058,-1.603,-10.516,0.023977,0.603458,0.018772,-0.217073,0.602388,0.123466
1790862474.119300,1790862474.179292,0.912590,4.057167,0.356364,-0.701349,0.063494,-0.076335,0.705869,-89.533,-0.999,-11.353,0.016898,0.587132,0.053286,-0.174457,0.297713,0.488853
1790862474.152683,1790862474.209203,0.914584,4.077290,0.358453,-0.700400,0.072452,-0.076680,0.705912,-89.520,-0.294,-12.108,0.045876,0.584896,0.064671,0.173893,0.545928,0.110678
1790862474.186067,1790862474.243293,0.914174,4.093580,0.360030,-0.697960,0.077891,-0.084905,0.706807,-89.222,-0.482,-13.224,0.035860,0.583834,0.035586,0.033282,0.540602,-0.243006
1790862474.219409,1790862474.276833,0.916358,4.115068,0.361176,-0.699419,0.080264,-0.091229,0.704306,-89.499,-0.834,-13.934,0.008620,0.579605,0.026454,-0.290572,0.130464,-0.104512
1790862474.252750,1790862474.310288,0.915182,4.133196,0.362339,-0.702248,0.079073,-0.091460,0.701591,-89.932,-1.003,-13.853,-0.000658,0.569002,0.047323,-0.040224,-0.161429,-0.142869
1790862474.286092,1790862474.342112,0.916114,4.152390,0.363866,-0.700567,0.073977,-0.094683,0.703398,-89.572,-1.639,-13.707,0.029189,0.564429,0.044988,0.373108,0.087851,-0.568985
1790862474.319433,1790862474.380321,0.916818,4.170730,0.364762,-0.697476,0.069193,-0.104389,0.705579,-88.997,-2.750,-14.129,0.054317,0.563437,0.012099,0.072694,0.326477,-0.459263
1790862474.352774,1790862474.411698,0.918542,4.187258,0.364349,-0.698973,0.069868,-0.110014,0.703173,-89.248,-3.183,-14.642,0.057237,0.552016,-0.012220,-0.340634,0.146444,-0.004377
1790862474.386115,1790862474.438450,0.921084,4.206136,0.363995,-0.703246,0.072732,-0.109183,0.698737,-89.982,-2.976,-14.787,0.076774,0.544574,-0.013988,-0.356615,0.072939,0.158611
1790862474.419456,1790862474.481650,0.922448,4.223755,0.363592,-0.705760,0.075952,-0.108782,0.695917,-90.444,-2.742,-15.005,0.099310,0.539549,0.001110,-0.111597,0.145376,0.107468
1790862474.452798,1790862474.514480,0.925690,4.241073,0.363737,-0.705704,0.079033,-0.108134,0.695732,-90.489,-2.444,-15.204,0.101786,0.537166,0.011098,0.047132,0.024999,0.226782
1790862474.486140,1790862474.548661,0.928760,4.257493,0.363307,-0.704491,0.081117,-0.104638,0.697254,-90.331,-1.966,-15.092,0.100938,0.539072,-0.003982,0.107856,-0.137988,0.234241
1790862474.519481,1790862474.577707,0.933622,4.276426,0.363085,-0.703655,0.081505,-0.100852,0.698610,-90.203,-1.607,-14.816,0.115377,0.551904,-0.034733,0.016240,-0.135857,0.122392
1790862474.552823,1790862474.606691,0.938276,4.295530,0.361422,-0.704116,0.081048,-0.098633,0.698515,-90.269,-1.471,-14.596,0.124211,0.563835,-0.055027,-0.039157,-0.102832,0.015866
1790862474.586164,1790862474.626215,0.942158,4.314083,0.359551,-0.704151,0.079143,-0.097777,0.698819,-90.240,-1.552,-14.371,0.118098,0.568636,-0.057207,0.063112,-0.151835,-0.100250
1790862474.619506,1790862474.681961,0.946304,4.332618,0.357816,-0.703735,0.075963,-0.096643,0.699748,-90.116,-1.703,-14.021,0.116207,0.570952,-0.046070,0.071636,-0.184861,-0.055504
1790862474.652847,1790862474.711087,0.950109,4.351779,0.356666,-0.703039,0.073887,-0.095647,0.700806,-89.968,-1.772,-13.772,0.127240,0.572655,-0.016333,0.125966,-0.064483,0.009475
1790862474.686189,1790862474.751347,0.954095,4.371082,0.356809,-0.700149,0.074090,-0.095078,0.703749,-89.507,-1.654,-13.749,0.138735,0.566950,0.026580,0.364592,0.055895,0.126655
1790862474.719530,1790862474.784933,0.960054,4.390118,0.357728,-0.696006,0.077147,-0.093602,0.707716,-88.897,-1.209,-13.882,0.139836,0.562219,0.040475,0.198403,0.049505,0.320547
1790862474.752872,1790862474.811018,0.964314,4.408330,0.359120,-0.694949,0.079931,-0.089214,0.709012,-88.779,-0.610,-13.746,0.123231,0.554347,0.038185,-0.053003,-0.225341,0.255565
1790862474.786212,1790862474.851006,0.968856,4.426200,0.360602,-0.695234,0.078403,-0.082954,0.709662,-88.796,-0.233,-13.106,0.111321,0.548699,0.048456,0.065244,-0.380873,0.126669
1790862474.819554,1790862474.885362,0.974341,4.442807,0.361708,-0.694642,0.074654,-0.079091,0.711086,-88.636,-0.212,-12.486,0.110569,0.550889,0.039383,0.039679,-0.240250,-0.132181
1790862474.852895,1790862474.911195,0.976995,4.462126,0.363110,-0.696364,0.070696,-0.079245,0.709788,-88.845,-0.573,-12.179,0.098124,0.551973,0.035070,-0.284171,-0.104961,-0.175865
1790862474.886237,1790862474.940085,0.982105,4.490279,0.364885,-0.700353,0.069100,-0.077635,0.706190,-89.458,-0.639,-11.914,0.079174,0.548210,0.077745,-0.178737,-0.204022,0.147982
1790862474.919579,1790862474.969535,0.983551,4.497396,0.367984,-0.699840,0.068536,-0.073356,0.707210,-89.367,-0.329,-11.519,0.064642,0.511874,0.118328,0.279369,-0.195512,0.116031
1790862474.952920,1790862475.004804,0.985565,4.514239,0.371737,-0.695522,0.066694,-0.070517,0.711919,-88.648,-0.179,-11.138,0.056029,0.505104,0.112924,0.412531,-0.217880,0.055310
1790862474.986262,1790862475.041434,0.987371,4.532201,0.375027,-0.692158,0.063335,-0.068073,0.715732,-88.062,-0.205,-10.668,0.051492,0.515598,0.070581,0.148336,-0.278603,-0.075719
1790862475.019603,1790862475.077205,0.989983,4.550496,0.376488,-0.692064,0.058281,-0.066408,0.716408,-87.977,-0.482,-10.127,0.052999,0.528019,0.029359,-0.031702,-0.283929,-0.226987
1790862475.052945,1790862475.109177,0.993420,4.586642,0.376805,-0.693859,0.052505,-0.066808,0.715080,-88.189,-1.010,-9.697,0.054672,0.565716,0.007351,-0.127637,-0.180564,-0.193979
1790862475.086286,1790862475.137449,0.993470,4.587262,0.377282,-0.695921,0.050463,-0.065509,0.713342,-88.493,-1.099,-9.423,0.041071,0.539085,0.006958,-0.255418,-0.116679,0.086207
1790862475.119628,1790862475.173855,0.994470,4.602646,0.377634,-0.699092,0.050698,-0.062354,0.710501,-89.003,-0.868,-9.178,0.012620,0.530084,0.017370,-0.253281,-0.150767,0.111778
1790862475.152970,1790862475.205766,0.994592,4.620572,0.378482,-0.701355,0.049706,-0.059280,0.708602,-89.355,-0.728,-8.844,-0.015096,0.526119,0.039120,-0.071117,-0.183792,0.040404
1790862475.186311,1790862475.248450,0.993876,4.638496,0.379962,-0.700795,0.047320,-0.057788,0.709442,-89.238,-0.794,-8.530,-0.034565,0.527608,0.057862,0.227163,-0.161420,-0.105540
1790862475.219651,1790862475.287337,0.992973,4.656833,0.381636,-0.697677,0.043578,-0.057427,0.712777,-88.699,-1.032,-8.204,-0.045558,0.537336,0.049051,0.300667,-0.167814,-0.115124
1790862475.252991,1790862475.318921,0.991368,4.674865,0.382735,-0.695210,0.040538,-0.057028,0.715393,-88.276,-1.220,-7.932,-0.047847,0.554836,0.016125,0.120632,-0.116679,-0.083165
1790862475.286332,1790862475.342462,0.989530,4.693040,0.382949,-0.694722,0.038445,-0.057100,0.715976,-88.179,-1.392,-7.771,-0.045451,0.574156,-0.007346,0.004519,-0.045304,-0.077839
1790862475.319672,1790862475.377431,0.987715,4.711501,0.382432,-0.694516,0.037647,-0.057617,0.716177,-88.139,-1.496,-7.751,-0.040844,0.586269,-0.006029,0.065241,0.029261,-0.026706
1790862475.353012,1790862475.396055,0.985802,4.731265,0.382192,-0.693579,0.037728,-0.058919,0.716975,-87.991,-1.583,-7.867,-0.049841,0.589358,-0.002093,0.054588,0.078269,-0.119389
1790862475.386353,1790862475.445838,0.983844,4.750533,0.382217,-0.693625,0.035719,-0.062165,0.716760,-87.981,-2.008,-7.976,-0.074454,0.574975,0.005995,-0.022112,-0.001627,-0.327123
1790862475.419693,1790862475.475664,0.981484,4.769975,0.382793,-0.694169,0.031777,-0.065874,0.716087,-88.036,-2.633,-7.967,-0.098914,0.552098,0.025111,-0.060464,-0.030391,-0.221655
1790862475.453033,1790862475.520993,0.978394,4.788962,0.384002,-0.695415,0.031035,-0.065935,0.714904,-88.229,-2.713,-7.909,-0.113388,0.530800,0.052243,-0.121188,-0.029326,0.155460
1790862475.486374,1790862475.555274,0.974776,4.807300,0.385931,-0.696133,0.033985,-0.062570,0.714373,-88.366,-2.210,-7.864,-0.112977,0.511849,0.084579,0.070562,0.001565,0.282228
1790862475.519714,1790862475.585492,0.971140,4.824439,0.388882,-0.692856,0.036047,-0.060571,0.717622,-87.861,-1.845,-7.872,-0.109978,0.497648,0.100015,0.474308,0.020742,0.075561
1790862475.553054,1790862475.615148,0.967656,4.841610,0.391728,-0.686887,0.036652,-0.060685,0.723299,-86.921,-1.739,-7.944,-0.105700,0.494168,0.073666,0.413584,0.054833,0.061712
1790862475.586395,1790862475.647720,0.964282,4.858132,0.393628,-0.684689,0.038332,-0.060872,0.725277,-86.590,-1.590,-8.097,-0.096789,0.493304,0.028945,-0.154218,0.105967,0.098997
1790862475.619735,1790862475.683856,0.961012,4.877074,0.394162,-0.688574,0.041018,-0.059955,0.721518,-87.227,-1.340,-8.224,-0.097301,0.477227,0.017882,-0.455701,0.011160,0.137345
1790862475.653075,1790862475.719679,0.958594,4.890134,0.395519,-0.692895,0.041658,-0.058049,0.717490,-87.918,-1.184,-8.109,-0.101047,0.436992,0.054899,-0.169133,-0.110291,0.002061
1790862475.686415,1790862475.757144,0.955021,4.906162,0.397853,-0.692210,0.040110,-0.057279,0.718301,-87.795,-1.242,-7.923,-0.101770,0.405899,0.097314,0.285743,-0.066617,0.002057
1790862475.719755,1790862475.790888,0.951690,4.919517,0.400811,-0.688229,0.039402,-0.056236,0.722237,-87.158,-1.174,-7.787,-0.105136,0.382700,0.095866,0.365639,-0.078332,0.051061
1790862475.753096,1790862475.819997,0.949379,4.943703,0.403987,-0.684646,0.038350,-0.055596,0.725740,-86.584,-1.173,-7.657,-0.091709,0.386784,0.060903,0.235639,-0.013349,-0.048019
1790862475.786436,1790862475.850735,0.945771,4.946492,0.405253,-0.683006,0.038381,-0.057457,0.727137,-86.326,-1.299,-7.818,-0.066685,0.365667,0.017775,-0.037045,0.152838,-0.116190
1790862475.819776,1790862475.885625,0.943215,4.957751,0.405088,-0.684630,0.038849,-0.060662,0.725323,-86.585,-1.530,-8.120,-0.054990,0.349432,-0.011545,-0.263953,0.125130,-0.132176
1790862475.853117,1790862475.916184,0.941088,4.968590,0.403928,-0.688714,0.039024,-0.062912,0.721243,-87.230,-1.740,-8.312,-0.050237,0.326431,-0.009254,-0.367286,0.067604,-0.077849
1790862475.886457,1790862475.943937,0.939686,4.980230,0.404455,-0.691985,0.039646,-0.063421,0.718027,-87.754,-1.767,-8.396,-0.042297,0.307346,0.025511,-0.126532,0.010079,0.031876
1790862475.919797,1790862475.974800,0.938285,5.017366,0.406593,-0.692909,0.039357,-0.063147,0.717176,-87.898,-1.780,-8.348,-0.036180,0.337130,0.049604,0.073655,-0.060233,-0.012896
1790862475.953138,1790862476.007739,0.937543,5.000636,0.406944,-0.691333,0.037849,-0.062294,0.718850,-87.635,-1.818,-8.162,-0.028429,0.289092,0.044720,0.086523,-0.141190,-0.071455
1790862475.986478,1790862476.037233,0.936718,5.010167,0.408042,-0.690880,0.035148,-0.061399,0.719499,-87.540,-1.963,-7.874,-0.018500,0.286572,0.033126,0.032193,-0.168886,-0.048018
1790862476.019818,1790862476.072177,0.936155,5.019668,0.408936,-0.690658,0.032430,-0.059858,0.719970,-87.483,-2.062,-7.532,-0.013250,0.283163,0.016758,0.035389,-0.196584,-0.054410
1790862476.053159,1790862476.118496,0.935884,5.029525,0.408798,-0.690588,0.029236,-0.058634,0.720274,-87.449,-2.228,-7.177,-0.006036,0.283376,-0.004301,0.016212,-0.155035,-0.085303
1790862476.086499,1790862476.133483,0.935648,5.039587,0.408497,-0.690928,0.027020,-0.058235,0.720068,-87.489,-2.382,-6.968,-0.000108,0.285265,-0.018968,-0.051967,-0.076204,-0.058672
1790862476.119838,1790862476.154033,0.935516,5.049084,0.407789,-0.691769,0.025942,-0.057449,0.719362,-87.616,-2.416,-6.814,-0.002644,0.282281,-0.023262,-0.080730,-0.094314,0.060638
1790862476.153179,1790862476.200691,0.935467,5.058394,0.407024,-0.693050,0.026321,-0.054767,0.718324,-87.822,-2.183,-6.618,-0.001366,0.277608,-0.021895,-0.122276,-0.097511,0.177821
1790862476.186519,1790862476.251219,0.935516,5.067247,0.406474,-0.694385,0.027558,-0.051382,0.717237,-88.043,-1.824,-6.433,0.006178,0.272548,-0.007398,-0.053031,-0.098575,0.201258
1790862476.219860,1790862476.285669,0.935499,5.082428,0.407132,-0.693980,0.028231,-0.047300,0.717884,-87.983,-1.439,-6.150,0.005506,0.276354,0.018678,0.187700,-0.204043,0.216163
1790862476.253201,1790862476.308782,0.936325,5.084298,0.407369,-0.690725,0.027534,-0.042648,0.721334,-87.462,-1.100,-5.715,0.014391,0.262099,0.015868,0.286799,-0.193386,0.102189
1790862476.286541,1790862476.347289,0.937403,5.093355,0.406944,-0.688850,0.025957,-0.040820,0.723288,-87.155,-1.071,-5.441,0.031357,0.267341,-0.013024,-0.008291,-0.099636,0.006314
1790862476.319883,1790862476.367380,0.938167,5.103176,0.406824,-0.690433,0.025800,-0.039515,0.721856,-87.405,-0.992,-5.318,0.048052,0.263683,-0.020925,-0.239460,-0.031463,0.102186
1790862476.353223,1790862476.408531,0.939613,5.112190,0.406457,-0.693133,0.026964,-0.037196,0.719344,-87.840,-0.732,-5.215,0.051197,0.247673,0.000952,-0.172347,-0.080468,0.169296
1790862476.386564,1790862476.443392,0.941253,5.120023,0.406919,-0.693754,0.027296,-0.033980,0.718892,-87.941,-0.453,-4.976,0.047729,0.231487,0.030296,0.093977,-0.146517,0.114966
1790862476.419905,1790862476.473365,0.943038,5.127427,0.408008,-0.691816,0.026134,-0.031760,0.720902,-87.626,-0.359,-4.701,0.047753,0.222400,0.040670,0.233528,-0.134798,-0.006474
1790862476.453246,1790862476.515207,0.945191,5.133595,0.408692,-0.689113,0.024079,-0.030830,0.723597,-87.186,-0.438,-4.462,0.051578,0.218238,0.028153,0.226073,-0.108163,-0.042690
1790862476.486587,1790862476.532696,0.946584,5.142341,0.409533,-0.686937,0.023332,-0.030328,0.725709,-86.839,-0.447,-4.363,0.059871,0.223117,0.003022,0.108887,0.031388,0.042528
1790862476.519928,1790862476.580131,0.948327,5.149990,0.409191,-0.686544,0.025032,-0.031144,0.725989,-86.786,-0.368,-4.565,0.065190,0.222313,-0.027267,-0.059428,0.189050,0.028675
1790862476.553268,1790862476.620935,0.949990,5.157487,0.408115,-0.687531,0.027328,-0.033369,0.724873,-86.956,-0.359,-4.931,0.053497,0.213020,-0.040270,-0.095646,0.152826,-0.035244
1790862476.586609,1790862476.644818,0.951715,5.164485,0.406830,-0.688325,0.028618,-0.034422,0.724020,-87.089,-0.341,-5.120,0.042655,0.200297,-0.032384,-0.026403,0.042037,0.074481
1790862476.619951,1790862476.677381,0.953422,5.170829,0.405750,-0.688455,0.029627,-0.033294,0.723909,-87.117,-0.169,-5.106,0.038409,0.191237,-0.027030,-0.017881,-0.048511,0.089398
1790862476.653291,1790862476.707619,0.954877,5.176576,0.404165,-0.689106,0.029925,-0.031157,0.723372,-87.221,0.020,-4.952,0.038165,0.184916,-0.028738,-0.077540,-0.099641,0.108575
1790862476.686632,1790862476.737551,0.956149,5.183374,0.403639,-0.690248,0.029340,-0.028726,0.722407,-87.398,0.157,-4.704,0.037755,0.180826,-0.028291,-0.098846,-0.151839,0.047854
1790862476.719973,1790862476.779457,0.957460,5.188094,0.402439,-0.691416,0.027953,-0.026373,0.721434,-87.574,0.221,-4.399,0.038933,0.173038,-0.023791,-0.083927,-0.162490,0.042529
1790862476.753314,1790862476.798689,0.958745,5.194817,0.401809,-0.692578,0.026747,-0.023916,0.720450,-87.751,0.310,-4.101,0.040361,0.167604,-0.018899,-0.100977,-0.137990,0.074486
1790862476.786655,1790862476.829011,0.959621,5.200614,0.400948,-0.693773,0.026322,-0.021251,0.719399,-87.938,0.480,-3.848,0.036357,0.159295,-0.014367,-0.079673,-0.133728,0.072352
1790862476.819997,1790862476.888094,0.960718,5.205664,0.400471,-0.694518,0.024962,-0.019253,0.718784,-88.049,0.524,-3.575,0.033059,0.149618,-0.012911,-0.033865,-0.147578,-0.026718
1790862476.853338,1790862476.916608,0.961870,5.210179,0.399526,-0.694920,0.022442,-0.017952,0.718512,-88.099,0.418,-3.267,0.034609,0.141185,-0.017005,-0.026408,-0.172076,-0.057611
1790862476.886679,1790862476.943944,0.963163,5.214645,0.398832,-0.695755,0.019818,-0.016723,0.717811,-88.220,0.297,-2.957,0.039395,0.135835,-0.025446,-0.104174,-0.158229,-0.057611
1790862476.920020,1790862476.978446,0.964505,5.219052,0.397883,-0.697335,0.016874,-0.015107,0.716387,-88.460,0.178,-2.589,0.036696,0.129173,-0.030830,-0.148917,-0.245582,-0.035238
1790862476.953361,1790862477.014409,0.965819,5.223202,0.396845,-0.699246,0.013375,-0.011998,0.714655,-88.754,0.134,-2.055,0.033986,0.123545,-0.029871,-0.147851,-0.304172,0.006307
1790862476.986702,1790862477.058987,0.967035,5.227234,0.395893,-0.700779,0.010204,-0.008013,0.713261,-88.991,0.190,-1.475,0.035240,0.118908,-0.024061,-0.093521,-0.294584,0.058507
1790862477.020042,1790862477.090209,0.968439,5.232425,0.394848,-0.701729,0.007367,-0.004039,0.712394,-89.138,0.277,-0.922,0.036963,0.118113,-0.023306,-0.046654,-0.275405,0.042529
1790862477.053383,1790862477.114946,0.969353,5.235444,0.394177,-0.701976,0.004562,-0.000636,0.712186,-89.174,0.321,-0.419,0.034937,0.114066,-0.023549,-0.007234,-0.259428,-0.001147
1790862477.086724,1790862477.144959,0.970316,5.239208,0.393056,-0.702243,0.000885,0.001915,0.711934,-89.215,0.226,0.085,0.032811,0.113215,-0.023142,-0.016824,-0.265817,-0.061871
1790862477.120065,1790862477.178496,0.971491,5.243118,0.392480,-0.702090,-0.002988,0.004559,0.712067,-89.191,0.123,0.612,0.031291,0.108943,-0.014259,0.046027,-0.300972,-0.045892
1790862477.153406,1790862477.206419,0.972499,5.245934,0.391228,-0.701600,-0.007593,0.007663,0.712489,-89.118,-0.004,1.236,0.028957,0.103727,-0.016053,0.028982,-0.343580,-0.049088
1790862477.186748,1790862477.231068,0.973518,5.249480,0.390671,-0.701625,-0.012306,0.011292,0.712350,-89.132,-0.097,1.911,0.027631,0.102703,-0.022887,-0.050913,-0.369148,-0.043760
1790862477.220088,1790862477.258816,0.974405,5.253059,0.389453,-0.702668,-0.017399,0.014803,0.711151,-89.318,-0.226,2.608,0.028061,0.103800,-0.030564,-0.125486,-0.353163,-0.073591
1790862477.253427,1790862477.310163,0.975236,5.256433,0.388563,-0.703977,-0.022401,0.018294,0.709634,-89.551,-0.346,3.297,0.026267,0.101426,-0.030715,-0.121223,-0.370209,-0.041631
1790862477.286767,1790862477.359964,0.976748,5.267841,0.387436,-0.705810,-0.027284,0.022226,0.707526,-89.875,-0.414,4.012,0.025810,0.115433,-0.031759,-0.115958,-0.363808,-0.013944
1790862477.320107,1790862477.394472,0.976800,5.262933,0.386275,-0.706432,-0.030999,0.026513,0.706604,-90.001,-0.364,4.661,0.023487,0.098553,-0.030616,-0.096721,-0.315875,0.048915
1790862477.353446,1790862477.426223,0.976995,5.265822,0.384994,-0.707264,-0.034335,0.030384,0.705462,-90.160,-0.313,5.246,0.017048,0.095681,-0.030806,-0.057303,-0.303091,0.012689
1790862477.386786,1790862477.445650,0.977501,5.269174,0.384067,-0.707602,-0.037856,0.034074,0.704773,-90.244,-0.294,5.832,0.012119,0.092921,-0.024565,-0.027475,-0.312678,0.030800
1790862477.420125,1790862477.481270,0.977775,5.272149,0.383426,-0.707340,-0.041064,0.038223,0.704643,-90.231,-0.218,6.428,0.008887,0.091107,-0.013701,0.060943,-0.304156,0.019081
1790862477.453464,1790862477.519840,0.976965,5.292967,0.382623,-0.707191,-0.045344,0.041378,0.704352,-90.249,-0.307,7.032,0.000330,0.122435,-0.011269,0.121533,-0.338243,-0.031025
1790862477.486803,1790862477.555440,0.977714,5.278529,0.382382,-0.704792,-0.049780,0.045676,0.706190,-89.909,-0.339,7.740,-0.003267,0.087541,-0.017725,0.015132,-0.394705,-0.064014
1790862477.520143,1790862477.588831,0.976908,5.281272,0.381506,-0.704800,-0.055309,0.049277,0.705528,-89.977,-0.492,8.482,-0.006693,0.089364,-0.022150,-0.075414,-0.384049,-0.085327
1790862477.553482,1790862477.613573,0.976617,5.284515,0.380972,-0.705354,-0.060565,0.053464,0.704236,-90.137,-0.566,9.250,-0.009923,0.087674,-0.012890,-0.053044,-0.428792,0.018005
1790862477.586822,1790862477.645394,0.975542,5.287552,0.380530,-0.705191,-0.065622,0.059036,0.703502,-90.183,-0.519,10.115,-0.012999,0.086707,-0.005027,0.004481,-0.463946,0.041433
1790862477.620161,1790862477.678859,0.975170,5.290309,0.380425,-0.704837,-0.070139,0.064814,0.702911,-90.197,-0.415,10.952,-0.012251,0.089716,-0.003525,-0.011498,-0.408551,0.037173
1790862477.653501,1790862477.723000,0.973908,5.293419,0.380185,-0.704542,-0.075098,0.069605,0.702237,-90.231,-0.424,11.747,-0.020182,0.088034,-0.006647,-0.028544,-0.426661,-0.035272
1790862477.686840,1790862477.752249,0.973093,5.296295,0.379961,-0.704599,-0.080849,0.074058,0.701085,-90.343,-0.516,12.579,-0.024273,0.085805,-0.009256,-0.081807,-0.430919,-0.052318
1790862477.720180,1790862477.783166,0.971392,5.299192,0.379745,-0.704951,-0.086038,0.078418,0.699637,-90.499,-0.563,13.359,-0.026800,0.081482,-0.000722,-0.054111,-0.387243,0.019047
1790862477.753519,1790862477.814980,0.970394,5.301604,0.379956,-0.704477,-0.090432,0.083239,0.699003,-90.512,-0.524,14.111,-0.032730,0.071292,0.014594,0.070529,-0.408551,0.013720
1790862477.786859,1790862477.849400,0.968397,5.304059,0.380714,-0.702411,-0.095011,0.088710,0.699802,-90.276,-0.479,14.930,-0.039920,0.062224,0.028400,0.169600,-0.453295,0.059520
1790862477.820198,1790862477.880547,0.967256,5.305975,0.381582,-0.700118,-0.099494,0.095007,0.700650,-90.007,-0.366,15.810,-0.042377,0.055273,0.023864,0.099291,-0.465012,0.042477
1790862477.853538,1790862477.910170,0.964320,5.320779,0.382041,-0.699637,-0.105225,0.100324,0.699550,-90.065,-0.392,16.715,-0.047580,0.081631,0.020003,0.050182,-0.473598,0.029667
1790862477.886876,1790862477.943865,0.963715,5.310049,0.382951,-0.697398,-0.109819,0.107040,0.700085,-89.819,-0.256,17.641,-0.047329,0.048761,0.021443,0.014063,-0.503371,0.052058
1790862477.920215,1790862477.980867,0.961318,5.311453,0.383620,-0.696411,-0.114963,0.113600,0.699207,-89.794,-0.146,18.601,-0.049363,0.044555,0.024817,0.019391,-0.506569,0.077618
1790862477.953555,1790862478.013404,0.959625,5.313119,0.384515,-0.695250,-0.120189,0.120292,0.698364,-89.750,-0.035,19.581,-0.048852,0.042256,0.026781,0.018323,-0.512961,0.060573
1790862477.986894,1790862478.040369,0.957534,5.314461,0.385335,-0.694307,-0.125485,0.126721,0.697233,-89.749,0.056,20.546,-0.050363,0.040509,0.023717,-0.025352,-0.496983,0.030741
1790862478.020234,1790862478.080888,0.956018,5.315664,0.386096,-0.693708,-0.131073,0.132322,0.695758,-89.818,0.068,21.468,-0.049907,0.038510,0.021001,-0.039200,-0.469287,-0.002281
1790862478.053573,1790862478.120316,0.953773,5.316471,0.386894,-0.693002,-0.136508,0.137593,0.694393,-89.872,0.064,22.352,-0.048335,0.036255,0.018248,-0.054110,-0.442659,0.005170
1790862478.086912,1790862478.148956,0.952275,5.317715,0.387489,-0.692532,-0.141301,0.142769,0.692856,-89.950,0.111,23.175,-0.042985,0.033874,0.017904,-0.014694,-0.439462,0.048846
1790862478.120252,1790862478.187840,0.950177,5.318235,0.388027,-0.691436,-0.145923,0.148442,0.691800,-89.929,0.193,24.028,-0.038273,0.030364,0.014682,0.018331,-0.442666,0.053102
1790862478.153591,1790862478.212679,0.949104,5.319259,0.388408,-0.690135,-0.150310,0.154040,0.690936,-89.872,0.281,24.856,-0.030946,0.031201,0.010538,0.044964,-0.416032,0.033926
1790862478.186931,1790862478.251055,0.947197,5.319262,0.388715,-0.688395,-0.154320,0.159191,0.690620,-89.737,0.345,25.617,-0.025385,0.029908,0.004077,0.050298,-0.370235,0.038179
1790862478.220271,1790862478.275372,0.946649,5.320190,0.388655,-0.687451,-0.158539,0.163766,0.689534,-89.739,0.374,26.348,-0.018781,0.025890,-0.009284,-0.080733,-0.405389,-0.005495
1790862478.253611,1790862478.311180,0.945104,5.320007,0.388319,-0.687339,-0.163903,0.168168,0.687328,-89.920,0.336,27.161,-0.013597,0.019429,-0.012786,-0.106295,-0.442684,-0.041722
1790862478.286951,1790862478.346413,0.944926,5.320570,0.387954,-0.686559,-0.170301,0.172116,0.685573,-90.042,0.162,28.024,-0.004667,0.018806,-0.006951,-0.002961,-0.436288,-0.164231
1790862478.320292,1790862478.379716,0.943962,5.320409,0.387938,-0.683972,-0.176977,0.175108,0.685710,-89.901,-0.182,28.832,0.003001,0.016792,0.004918,0.120616,-0.429907,-0.177022
1790862478.353631,1790862478.413227,0.944272,5.320873,0.388179,-0.680992,-0.183138,0.179220,0.685996,-89.689,-0.411,29.692,0.011691,0.017458,0.011627,0.074808,-0.481039,0.009402
1790862478.386971,1790862478.444779,0.943432,5.320414,0.388692,-0.679353,-0.187688,0.185938,0.684602,-89.627,-0.249,30.637,0.010823,0.016194,0.008291,-0.041302,-0.500224,0.143620
1790862478.420312,1790862478.471745,0.944006,5.321005,0.388839,-0.678851,-0.192925,0.192111,0.681934,-89.778,-0.132,31.598,0.003921,0.019665,-0.000309,-0.109481,-0.486374,-0.024692
1790862478.453652,1790862478.512647,0.942765,5.321014,0.389019,-0.678519,-0.198578,0.196579,0.679364,-89.979,-0.175,32.451,-0.005502,0.024179,0.007483,-0.109478,-0.392640,0.011516
1790862478.486992,1790862478.544849,0.942331,5.321713,0.389516,-0.678068,-0.203169,0.200704,0.677248,-90.121,-0.172,33.187,-0.014128,0.023490,0.024935,-0.007209,-0.394770,-0.012984
1790862478.520333,1790862478.580395,0.940939,5.321466,0.390601,-0.675973,-0.207858,0.205461,0.676492,-90.017,-0.198,33.987,-0.025244,0.018089,0.036859,0.089734,-0.452310,-0.019383
1790862478.553673,1790862478.607840,0.940232,5.322048,0.391858,-0.672743,-0.213336,0.210908,0.676330,-89.782,-0.275,34.913,-0.029040,0.019961,0.041990,0.162174,-0.520486,-0.039622
1790862478.587013,1790862478.651701,0.938532,5.321983,0.393096,-0.668836,-0.219290,0.216618,0.676496,-89.476,-0.397,35.904,-0.030850,0.027992,0.035063,0.140872,-0.497062,-0.097154
1790862478.620354,1790862478.678831,0.937494,5.322948,0.394130,-0.665023,-0.225902,0.220611,0.676789,-89.231,-0.708,36.807,-0.033602,0.033830,0.023873,0.111045,-0.461903,-0.229251
1790862478.653694,1790862478.717922,0.935463,5.323732,0.394654,-0.661423,-0.233303,0.223129,0.676981,-89.073,-1.187,37.652,-0.039006,0.038329,0.015347,0.051388,-0.424625,-0.201558
1790862478.687034,1790862478.751753,0.933970,5.325148,0.395070,-0.659207,-0.239520,0.226039,0.676005,-89.074,-1.480,38.433,-0.045650,0.043248,0.003928,-0.070055,-0.406514,-0.072657
1790862478.720375,1790862478.788628,0.931311,5.326425,0.395006,-0.659021,-0.244758,0.230020,0.672961,-89.337,-1.504,39.228,-0.052734,0.044959,-0.006071,-0.163802,-0.415042,0.051974
1790862478.753715,1790862478.819692,0.929483,5.327942,0.394836,-0.659140,-0.249517,0.234183,0.669652,-89.625,-1.459,40.000,-0.056262,0.044132,-0.003575,-0.093492,-0.391604,-0.018334
1790862478.787055,1790862478.855677,0.926560,5.329474,0.394956,-0.657775,-0.254529,0.237824,0.667822,-89.708,-1.552,40.748,-0.066244,0.038292,0.012212,0.047122,-0.406523,-0.028993
1790862478.820395,1790862478.888306,0.924455,5.330650,0.395499,-0.654830,-0.259607,0.243278,0.666797,-89.564,-1.581,41.658,-0.074748,0.028090,0.023687,0.102519,-0.564186,0.015750
1790862478.853735,1790862478.924015,0.921298,5.331579,0.396016,-0.651936,-0.265452,0.250138,0.664790,-89.482,-1.535,42.761,-0.084701,0.033402,0.020512,0.017294,-0.566321,0.015747
1790862478.887075,1790862478.954370,0.918462,5.332929,0.396571,-0.648618,-0.273208,0.255357,0.662907,-89.467,-1.774,43.892,-0.081042,0.046886,0.009867,0.016229,-0.584429,-0.203703
1790862478.920416,1790862478.986419,0.915314,5.334872,0.396783,-0.645725,-0.281234,0.258483,0.661161,-89.547,-2.181,44.871,-0.082262,0.066980,0.002581,-0.088171,-0.443809,-0.189857
1790862478.953756,1790862479.019320,0.912321,5.337023,0.397000,-0.644178,-0.288405,0.260656,0.658723,-89.787,-2.530,45.698,-0.094720,0.070366,0.010072,-0.096692,-0.454464,-0.153636
1790862478.987096,1790862479.048678,0.908316,5.339236,0.397585,-0.642079,-0.295443,0.263978,0.656325,-89.949,-2.798,46.617,-0.110263,0.071580,0.024926,-0.030644,-0.488550,-0.114223
1790862479.020437,1790862479.074236,0.904788,5.341848,0.398607,-0.639385,-0.301994,0.267996,0.654343,-90.001,-3.010,47.555,-0.121689,0.082337,0.037665,0.022620,-0.487488,-0.106764
1790862479.053777,1790862479.112119,0.900426,5.344838,0.399847,-0.636513,-0.307930,0.271977,0.652732,-89.996,-3.196,48.437,-0.133911,0.095125,0.044523,0.024751,-0.449140,-0.066282
1790862479.087117,1790862479.152724,0.895704,5.348109,0.401369,-0.633828,-0.313607,0.276149,0.650887,-90.010,-3.336,49.316,-0.145522,0.105990,0.044978,0.022620,-0.474706,-0.079066
1790862479.120457,1790862479.182320,0.890252,5.351768,0.402925,-0.630829,-0.319187,0.280499,0.649226,-89.980,-3.472,50.204,-0.157808,0.116491,0.045750,0.048186,-0.449136,-0.059893
1790862479.153798,1790862479.212518,0.884794,5.355706,0.404428,-0.627744,-0.324848,0.284548,0.647645,-89.953,-3.642,51.077,-0.165014,0.118748,0.044554,0.043924,-0.453397,-0.103570
1790862479.187138,1790862479.253408,0.878757,5.359465,0.406078,-0.624843,-0.329352,0.288473,0.646437,-89.874,-3.745,51.834,-0.176265,0.126232,0.047195,0.056709,-0.322368,0.025328
1790862479.220478,1790862479.281589,0.872573,5.363644,0.407476,-0.623875,-0.331839,0.292478,0.644298,-89.924,-3.593,52.419,-0.197120,0.126683,0.032805,-0.113736,-0.330893,0.110552
1790862479.253819,1790862479.316532,0.865704,5.367360,0.408243,-0.624289,-0.337275,0.296166,0.639370,-90.401,-3.526,53.259,-0.212123,0.099708,0.015220,-0.311881,-0.579106,-0.057764
1790862479.287159,1790862479.346068,0.858524,5.370748,0.408688,-0.623266,-0.347644,0.299010,0.633464,-91.070,-3.883,54.493,-0.220258,0.080496,0.012825,-0.269270,-0.723979,-0.349654
1790862479.320500,1790862479.382488,0.851015,5.373449,0.409167,-0.618770,-0.361343,0.301783,0.628874,-91.546,-4.647,56.044,-0.226485,0.063407,0.020698,-0.083910,-0.864592,-0.462576
1790862479.353841,1790862479.420578,0.843424,5.375935,0.409877,-0.611876,-0.374854,0.306142,0.625594,-91.716,-5.415,57.730,-0.225101,0.067046,0.020564,0.033271,-0.834762,-0.367764
1790862479.387182,1790862479.456486,0.835768,5.378309,0.410389,-0.605808,-0.386453,0.310708,0.622183,-91.884,-5.994,59.268,-0.225567,0.078083,0.007223,-0.064734,-0.721841,-0.288931
1790862479.420523,1790862479.492947,0.828009,5.381439,0.410465,-0.602007,-0.395938,0.314461,0.618009,-92.212,-6.360,60.546,-0.233662,0.088910,0.000720,-0.120131,-0.590810,-0.132332
1790862479.453864,1790862479.527048,0.819910,5.384670,0.410451,-0.600091,-0.402950,0.318138,0.613441,-92.593,-6.462,61.584,-0.246812,0.096715,-0.001504,-0.162742,-0.475756,-0.042847
1790862479.487205,1790862479.561697,0.811359,5.387981,0.410599,-0.598780,-0.408715,0.321697,0.609036,-92.952,-6.465,62.493,-0.262941,0.093698,0.010582,-0.074323,-0.478950,-0.000235
1790862479.520546,1790862479.594054,0.802318,5.391039,0.411253,-0.596304,-0.413207,0.326749,0.605736,-93.036,-6.368,63.400,-0.277766,0.088330,0.028765,0.106776,-0.465100,0.056225
1790862479.553887,1790862479.617133,0.792689,5.393878,0.412329,-0.592820,-0.416225,0.333454,0.603431,-92.846,-6.141,64.303,-0.293739,0.079633,0.032574,0.168564,-0.474688,0.141447
1790862479.587228,1790862479.646037,0.782656,5.396491,0.413427,-0.589649,-0.418225,0.340902,0.600989,-92.604,-5.778,65.173,-0.307614,0.074983,0.031960,0.161106,-0.451249,0.202169
1790862479.620569,1790862479.674176,0.772193,5.399093,0.414313,-0.587488,-0.419893,0.348128,0.597791,-92.470,-5.335,65.999,-0.318673,0.073543,0.018899,0.053512,-0.436335,0.189386
1790862479.653910,1790862479.708704,0.761387,5.401550,0.414780,-0.585750,-0.422368,0.354135,0.594215,-92.474,-4.996,66.804,-0.329866,0.069007,0.010093,0.046054,-0.413963,0.113751
1790862479.687250,1790862479.744694,0.747374,5.405172,0.414850,-0.582798,-0.425996,0.359091,0.591547,-92.430,-4.901,67.632,-0.346237,0.062975,0.007217,0.121682,-0.461901,-0.006628
1790862479.720591,1790862479.781764,0.738863,5.405145,0.415121,-0.577688,-0.429980,0.364937,0.590097,-92.141,-4.923,68.579,-0.335356,0.051172,-0.001508,0.226089,-0.507708,-0.088654
1790862479.753932,1790862479.812710,0.727564,5.406042,0.414699,-0.571659,-0.434802,0.370325,0.589078,-91.823,-5.098,69.574,-0.332931,0.052514,-0.021809,0.119558,-0.495990,-0.120614
1790862479.787273,1790862479.847111,0.716544,5.407936,0.413634,-0.567289,-0.440432,0.373575,0.587065,-91.818,-5.352,70.465,-0.331296,0.059797,-0.041209,-0.016798,-0.431006,-0.168551
1790862479.820614,1790862479.880303,0.705361,5.408708,0.412163,-0.563895,-0.445927,0.375866,0.584720,-91.938,-5.600,71.260,-0.319615,0.059913,-0.043436,-0.035973,-0.366023,-0.100375
1790862479.853955,1790862479.909949,0.695127,5.410941,0.410859,-0.561778,-0.449693,0.377866,0.582580,-92.052,-5.705,71.849,-0.308391,0.073696,-0.033903,-0.019994,-0.224339,-0.020477
1790862479.887295,1790862479.946320,0.684623,5.412120,0.409927,-0.560970,-0.451624,0.379535,0.580776,-92.148,-5.668,72.213,-0.305758,0.076231,-0.023275,-0.067932,-0.162549,0.092439
1790862479.920636,1790862479.977819,0.674604,5.414847,0.409445,-0.561928,-0.451862,0.382209,0.577905,-92.296,-5.320,72.496,-0.304337,0.081691,-0.004551,-0.033842,-0.154027,0.241581
1790862479.953977,1790862480.011404,0.664134,5.416225,0.409574,-0.562204,-0.451056,0.386557,0.575368,-92.246,-4.841,72.825,-0.302672,0.077120,0.009560,0.104644,-0.217945,0.211751
1790862479.987318,1790862480.050993,0.653921,5.418856,0.409990,-0.560486,-0.450914,0.391743,0.573645,-92.008,-4.485,73.303,-0.306391,0.073392,0.016345,0.201586,-0.293582,0.167008
1790862480.020659,1790862480.086668,0.643565,5.421367,0.410415,-0.557802,-0.450761,0.398191,0.571941,-91.646,-4.094,73.905,-0.309653,0.073439,0.005703,0.188803,-0.335127,0.222403
1790862480.054000,1790862480.120870,0.632633,5.423017,0.410130,-0.556110,-0.451114,0.404235,0.569063,-91.466,-3.659,74.531,-0.317396,0.078342,-0.021238,0.013027,-0.332999,0.193638
1790862480.087341,1790862480.154070,0.621750,5.425814,0.409079,-0.555375,-0.453438,0.408197,0.565091,-91.613,-3.386,75.168,-0.326711,0.080673,-0.042712,-0.112675,-0.340456,0.051954
1790862480.120681,1790862480.193506,0.609859,5.428185,0.407631,-0.553768,-0.457563,0.410616,0.561580,-91.840,-3.391,75.848,-0.335861,0.077611,-0.043364,-0.049823,-0.369220,-0.068426
1790862480.154022,1790862480.227357,0.598395,5.430820,0.406247,-0.549880,-0.462566,0.413262,0.559356,-91.876,-3.611,76.647,-0.340575,0.068276,-0.038816,0.049247,-0.480008,-0.166433
1790862480.187363,1790862480.258904,0.585938,5.433136,0.405174,-0.544685,-0.468680,0.417031,0.556545,-91.877,-3.864,77.682,-0.350555,0.064294,-0.037412,0.019422,-0.581213,-0.106779
1790862480.220703,1790862480.293729,0.574131,5.435642,0.403922,-0.539975,-0.474467,0.421535,0.552826,-91.918,-3.977,78.764,-0.354384,0.079744,-0.037955,0.019422,-0.523688,-0.050318
1790862480.254040,1790862480.336839,0.561310,5.438752,0.402853,-0.536176,-0.478981,0.425661,0.549459,-91.943,-4.008,79.676,-0.359133,0.101582,-0.035316,0.043926,-0.422482,-0.017298
1790862480.287378,1790862480.369799,0.549512,5.442066,0.401774,-0.532265,-0.482113,0.429702,0.547372,-91.808,-4.035,80.430,-0.361590,0.119387,-0.026402,0.160044,-0.363890,-0.030080
1790862480.320716,1790862480.400645,0.536351,5.446312,0.401189,-0.527673,-0.484072,0.433864,0.546807,-91.467,-4.101,81.068,-0.362848,0.142710,-0.015531,0.255921,-0.265883,-0.014106
1790862480.354054,1790862480.433737,0.524470,5.451130,0.400676,-0.525279,-0.482906,0.437645,0.547130,-91.047,-3.937,81.321,-0.363540,0.168888,-0.015295,0.098256,-0.016601,0.208541
1790862480.387392,1790862480.463943,0.511313,5.456235,0.400289,-0.527543,-0.481113,0.440207,0.544468,-91.122,-3.408,81.387,-0.362818,0.158843,-0.010284,-0.124387,-0.127392,0.350220
1790862480.420730,1790862480.485409,0.499570,5.461604,0.400422,-0.528926,-0.480599,0.445070,0.539607,-91.232,-2.743,81.834,-0.345280,0.139263,0.018745,0.087606,-0.332995,0.282041
1790862480.454068,1790862480.505452,0.488093,5.466312,0.401327,-0.525939,-0.480685,0.451176,0.537374,-90.880,-2.409,82.480,-0.337498,0.136349,0.032609,0.272966,-0.329800,0.039155
1790862480.487406,1790862480.544455,0.476916,5.470881,0.402306,-0.520721,-0.481842,0.455944,0.537395,-90.381,-2.467,83.108,-0.330115,0.135441,0.026266,0.264443,-0.341519,-0.092939
1790862480.520743,1790862480.574705,0.464924,5.475238,0.402869,-0.515089,-0.484043,0.459645,0.537692,-89.956,-2.695,83.744,-0.320628,0.143623,0.013815,0.214371,-0.296779,-0.111050
1790862480.554080,1790862480.620157,0.454444,5.480343,0.403121,-0.511398,-0.485275,0.461976,0.538106,-89.658,-2.852,84.128,-0.311856,0.164763,-0.001540,0.091862,-0.083716,-0.029024
1790862480.587418,1790862480.649370,0.443220,5.485997,0.402904,-0.511244,-0.485051,0.462476,0.538024,-89.615,-2.812,84.157,-0.300037,0.170837,-0.011614,-0.047690,0.020687,0.080697
1790862480.620756,1790862480.668753,0.433744,5.491620,0.402570,-0.512584,-0.484898,0.462674,0.536716,-89.755,-2.647,84.162,-0.282885,0.158387,-0.008244,-0.072191,-0.048557,0.077501
1790862480.654094,1790862480.718724,0.424563,5.496656,0.402530,-0.512228,-0.485614,0.464108,0.535169,-89.793,-2.540,84.395,-0.265575,0.138050,0.005329,0.069492,-0.204091,0.023171
1790862480.687431,1790862480.746323,0.415626,5.501143,0.402779,-0.509160,-0.487078,0.467044,0.534211,-89.597,-2.568,84.874,-0.255445,0.121755,0.007162,0.140866,-0.299968,-0.046071
1790862480.720769,1790862480.774860,0.407005,5.505228,0.402821,-0.505284,-0.489692,0.470147,0.532777,-89.439,-2.675,85.503,-0.250655,0.113260,-0.007012,0.038597,-0.352169,-0.053527
1790862480.754107,1790862480.813970,0.398750,5.509069,0.402371,-0.502543,-0.493452,0.472378,0.529919,-89.546,-2.763,86.169,-0.245921,0.111988,-0.023382,-0.120130,-0.337256,-0.055659
1790862480.787444,1790862480.851954,0.390583,5.512794,0.401532,-0.500917,-0.498128,0.473055,0.526470,-89.891,-2.899,86.776,-0.243619,0.112613,-0.026048,-0.181915,-0.282925,-0.066313
1790862480.820782,1790862480.878416,0.380176,5.516634,0.401385,-0.499760,-0.501681,0.473484,0.523804,-90.166,-2.998,87.230,-0.248047,0.113826,-0.010750,-0.039161,-0.190233,-0.036492
1790862480.854119,1790862480.901942,0.372462,5.520229,0.401088,-0.497595,-0.503063,0.474653,0.523480,-90.077,-3.114,87.517,-0.247650,0.109782,0.001004,0.127023,-0.116728,-0.085494
1790862480.887457,1790862480.939790,0.364286,5.523515,0.401151,-0.495207,-0.503354,0.476118,0.524133,-89.839,-3.216,87.710,-0.246471,0.100183,0.002041,0.103586,-0.091159,-0.003465
1790862480.920795,1790862480.978000,0.356270,5.526679,0.401095,-0.494356,-0.503714,0.477487,0.523346,-89.784,-3.161,87.902,-0.244537,0.081294,-0.006778,-0.047683,-0.114594,0.054059
1790862480.954132,1790862481.015867,0.348004,5.529087,0.400883,-0.495038,-0.505033,0.478598,0.520407,-90.014,-2.969,88.177,-0.242348,0.054111,-0.006601,-0.154214,-0.175318,0.138217
1790862480.987470,1790862481.055133,0.339988,5.530676,0.400865,-0.495477,-0.506776,0.480334,0.516682,-90.266,-2.734,88.571,-0.236060,0.027750,0.006666,-0.046618,-0.242432,0.076431
1790862481.020806,1790862481.083023,0.329697,5.530952,0.401806,-0.493155,-0.508223,0.483158,0.514846,-90.171,-2.681,89.051,-0.231821,0.018427,0.017810,0.185620,-0.236023,-0.007733
1790862481.054144,1790862481.108875,0.322689,5.531692,0.401986,-0.489768,-0.508462,0.486299,0.514885,-89.817,-2.708,89.429,-0.231721,0.023189,-0.001847,0.151529,-0.138025,-0.001339
1790862481.087481,1790862481.143352,0.314863,5.532241,0.401448,-0.488804,-0.508152,0.488047,0.514453,-89.673,-2.621,89.588,-0.241839,0.036044,-0.030659,-0.007198,-0.006989,0.126494
1790862481.120819,1790862481.185534,0.307643,5.533353,0.400127,-0.491183,-0.506698,0.488381,0.513304,-89.771,-2.316,89.456,-0.249383,0.048528,-0.048524,-0.083899,0.145348,0.154191
1790862481.154156,1790862481.222150,0.298819,5.532752,0.398691,-0.493934,-0.504948,0.487389,0.513330,-89.879,-2.117,89.142,-0.253912,0.044240,-0.051309,-0.018912,0.194365,0.062568
1790862481.187494,1790862481.243733,0.290799,5.534450,0.396912,-0.495702,-0.502937,0.485782,0.515121,-89.847,-2.094,88.730,-0.257204,0.036219,-0.048542,0.007719,0.225256,-0.050350
1790862481.220834,1790862481.273150,0.282169,5.535275,0.395395,-0.496788,-0.502059,0.483171,0.517382,-89.869,-2.261,88.339,-0.253718,0.016528,-0.043190,-0.061525,0.154946,-0.137705
1790862481.254177,1790862481.318187,0.273148,5.535850,0.394233,-0.496686,-0.503086,0.480212,0.519234,-89.976,-2.603,88.130,-0.245143,-0.002256,-0.027499,-0.027435,0.075048,-0.205883
1790862481.287519,1790862481.335036,0.265028,5.535626,0.393691,-0.496026,-0.503327,0.478073,0.521600,-89.929,-2.912,87.922,-0.243762,-0.009156,-0.006215,0.051394,0.176252,-0.081244
1790862481.320862,1790862481.377958,0.255200,5.534016,0.393856,-0.498140,-0.501000,0.476475,0.523285,-89.902,-2.845,87.478,-0.249669,-0.008683,0.006419,-0.059395,0.276390,0.191465
1790862481.354205,1790862481.419425,0.247130,5.533471,0.394307,-0.502950,-0.497094,0.475797,0.523026,-90.007,-2.372,86.958,-0.245842,-0.004073,0.021493,-0.030632,0.257218,0.282014
1790862481.387548,1790862481.457052,0.237567,5.531788,0.395602,-0.506145,-0.492700,0.476503,0.523459,-89.878,-1.917,86.536,-0.244917,-0.009780,0.032788,0.161123,0.165607,0.191457
1790862481.420891,1790862481.482151,0.228956,5.531832,0.396546,-0.506343,-0.488593,0.478496,0.525296,-89.439,-1.647,86.292,-0.250240,-0.013723,0.026158,0.265520,0.085708,0.094516
1790862481.454233,1790862481.509661,0.220002,5.531698,0.397023,-0.506121,-0.485287,0.480404,0.526831,-89.044,-1.435,86.133,-0.261814,-0.006622,-0.000721,0.078028,0.095295,0.156303
1790862481.487576,1790862481.552577,0.200903,5.533322,0.397113,-0.509014,-0.483486,0.480189,0.525894,-89.181,-1.128,85.909,-0.283490,0.004952,-0.030635,-0.193625,0.156005,0.160557
1790862481.520920,1790862481.585426,0.201302,5.530734,0.395936,-0.513282,-0.482512,0.477765,0.524847,-89.573,-0.919,85.535,-0.270570,0.004099,-0.037275,-0.206400,0.231661,0.005023
1790862481.554263,1790862481.608310,0.192556,5.530704,0.394878,-0.515669,-0.482222,0.474275,0.525938,-89.823,-1.037,85.120,-0.260852,-0.004615,-0.020231,-0.046605,0.183724,-0.124941
1790862481.587606,1790862481.641141,0.183680,5.530608,0.394386,-0.515599,-0.482262,0.471816,0.528176,-89.819,-1.312,84.857,-0.249289,-0.015478,-0.003166,0.031158,0.092106,-0.157965
1790862481.620949,1790862481.675502,0.169629,5.530734,0.395132,-0.514942,-0.482854,0.470320,0.529609,-89.807,-1.551,84.760,-0.247120,-0.021136,0.006070,-0.027433,0.015400,-0.048244
1790862481.654292,1790862481.713643,0.166008,5.528929,0.395240,-0.515580,-0.483034,0.470060,0.529054,-89.902,-1.513,84.752,-0.234724,-0.022306,0.012698,-0.076432,0.001559,0.076395
1790862481.687635,1790862481.743098,0.157879,5.528350,0.395830,-0.517031,-0.482846,0.469969,0.527890,-90.053,-1.364,84.721,-0.232121,-0.018669,0.021059,-0.072172,0.037777,0.065741
1790862481.720978,1790862481.775289,0.149981,5.527543,0.396728,-0.518107,-0.482438,0.469360,0.527750,-90.135,-1.310,84.610,-0.230690,-0.018337,0.033019,0.002398,0.064412,-0.028005
1790862481.754322,1790862481.808278,0.142199,5.526672,0.397978,-0.517745,-0.481887,0.468694,0.529199,-90.032,-1.415,84.477,-0.230818,-0.017409,0.043480,0.105730,0.084654,-0.075942
1790862481.787665,1790862481.829928,0.134496,5.526188,0.399382,-0.517131,-0.480702,0.468009,0.531477,-89.828,-1.543,84.271,-0.231151,-0.012037,0.038097,0.074836,0.134722,-0.056768
1790862481.821008,1790862481.857900,0.124505,5.524972,0.400886,-0.517546,-0.479833,0.466491,0.533191,-89.781,-1.652,84.011,-0.233582,-0.015874,0.026492,-0.021038,0.127266,-0.041858
1790862481.854351,1790862481.909578,0.116514,5.524423,0.401697,-0.518450,-0.479596,0.464754,0.534041,-89.863,-1.739,83.798,-0.230392,-0.024405,0.017605,-0.066846,0.091045,-0.047185
1790862481.887693,1790862481.938006,0.108529,5.523769,0.402262,-0.519697,-0.479690,0.463027,0.534246,-90.021,-1.792,83.623,-0.227957,-0.030224,0.012563,-0.105196,0.094239,0.014599
1790862481.921037,1790862481.988095,0.100648,5.522882,0.402692,-0.522094,-0.479144,0.461912,0.533363,-90.248,-1.650,83.445,-0.224749,-0.037095,0.010561,-0.130764,0.091042,0.153087
1790862481.954380,1790862482.023227,0.090505,5.520823,0.403169,-0.525145,-0.477873,0.461637,0.531744,-90.474,-1.338,83.276,-0.224679,-0.048625,0.005478,-0.087091,0.066530,0.158411
1790862481.987723,1790862482.044421,0.082656,5.519055,0.403166,-0.526700,-0.477308,0.461742,0.530621,-90.600,-1.154,83.225,-0.222322,-0.064354,-0.001351,-0.040219,-0.011234,0.052949
1790862482.021066,1790862482.075280,0.074904,5.517127,0.403057,-0.526793,-0.477386,0.462237,0.530027,-90.620,-1.091,83.287,-0.222970,-0.070003,-0.003027,0.031154,-0.052780,0.019925
1790862482.054410,1790862482.114574,0.067155,5.514966,0.402893,-0.525924,-0.477335,0.463138,0.530150,-90.509,-1.087,83.377,-0.228075,-0.070978,-0.005569,0.079092,-0.051716,-0.024813
1790862482.087753,1790862482.144194,0.059237,5.512661,0.402593,-0.524532,-0.477547,0.463849,0.530715,-90.365,-1.162,83.477,-0.230860,-0.071567,-0.014657,0.049262,-0.058107,-0.063164
1790862482.121096,1790862482.181636,0.051169,5.510394,0.402025,-0.523449,-0.478544,0.463733,0.530988,-90.344,-1.302,83.574,-0.231533,-0.063061,-0.023005,-0.024241,-0.015494,-0.048251
1790862482.154440,1790862482.215021,0.035375,5.508797,0.401459,-0.523660,-0.479352,0.462691,0.530960,-90.458,-1.401,83.551,-0.236420,-0.053011,-0.028168,-0.079650,0.044145,-0.064233
1790862482.187783,1790862482.241124,0.033671,5.506339,0.400577,-0.524202,-0.480023,0.461365,0.530973,-90.597,-1.493,83.484,-0.220326,-0.051420,-0.024820,-0.074315,0.009002,-0.039731
1790862482.221125,1790862482.272852,0.026322,5.504812,0.399869,-0.524440,-0.480696,0.461100,0.530359,-90.700,-1.504,83.531,-0.210453,-0.049324,-0.018271,-0.040225,-0.057043,0.028448
1790862482.254464,1790862482.306479,0.019086,5.503445,0.399342,-0.524818,-0.480776,0.461966,0.529158,-90.754,-1.371,83.632,-0.205025,-0.043749,-0.014300,-0.015723,-0.054916,0.118998
1790862482.287804,1790862482.343811,0.011904,5.502172,0.398789,-0.525926,-0.480571,0.463257,0.527111,-90.865,-1.109,83.748,-0.201627,-0.039091,-0.023028,-0.124385,-0.066635,0.149892
1790862482.321143,1790862482.385479,0.001133,5.500958,0.398548,-0.528046,-0.481483,0.463681,0.523776,-91.222,-0.842,83.894,-0.202830,-0.031765,-0.025986,-0.190438,-0.092208,0.113667
1790862482.354482,1790862482.408637,-0.005325,5.500084,0.397832,-0.529236,-0.482934,0.463770,0.521155,-91.526,-0.715,84.065,-0.201778,-0.018369,-0.016196,-0.094561,-0.090075,0.005007
1790862482.387821,1790862482.432221,-0.011384,5.499490,0.397414,-0.528154,-0.484150,0.464073,0.520854,-91.530,-0.810,84.233,-0.201355,-0.002672,-0.002858,0.100388,-0.077291,-0.110043
1790862482.421161,1790862482.475519,-0.017602,5.499459,0.397231,-0.525076,-0.485080,0.464670,0.522566,-91.262,-1.089,84.400,-0.202121,0.012547,-0.003895,0.139805,-0.092202,-0.179287
1790862482.454500,1790862482.526040,-0.032586,5.500835,0.397183,-0.522084,-0.486798,0.464372,0.524229,-91.094,-1.461,84.560,-0.216280,0.031038,-0.016594,0.058826,-0.066648,-0.201665
1790862482.487839,1790862482.557277,-0.033484,5.501940,0.396500,-0.519827,-0.488665,0.463438,0.525559,-91.033,-1.824,84.669,-0.211735,0.048502,-0.030031,-0.026382,-0.043201,-0.169705
1790862482.521179,1790862482.587537,-0.040918,5.503670,0.395462,-0.519025,-0.490849,0.462036,0.525550,-91.183,-2.081,84.765,-0.214478,0.062509,-0.038956,-0.111607,-0.060246,-0.081287
1790862482.554518,1790862482.612440,-0.048363,5.505919,0.394282,-0.519049,-0.492833,0.461447,0.524185,-91.410,-2.157,84.927,-0.217914,0.070140,-0.035099,-0.103085,-0.109250,-0.003521
1790862482.587857,1790862482.651750,-0.055660,5.508572,0.393359,-0.518579,-0.494233,0.462551,0.522356,-91.513,-2.097,85.204,-0.222538,0.074707,-0.018564,0.037533,-0.182755,0.062527
1790862482.621197,1790862482.684753,-0.063608,5.511583,0.393416,-0.516912,-0.494623,0.465927,0.520637,-91.359,-1.911,85.609,-0.232758,0.080688,-0.014595,0.092928,-0.240274,0.107266
1790862482.654536,1790862482.705382,-0.071331,5.514565,0.392670,-0.515516,-0.495599,0.469084,0.518252,-91.304,-1.722,86.060,-0.250507,0.090956,-0.026463,-0.045558,-0.226422,0.062526
1790862482.687876,1790862482.745274,-0.080324,5.517573,0.391883,-0.514583,-0.497660,0.470602,0.515823,-91.429,-1.666,86.459,-0.267754,0.101834,-0.023509,-0.027447,-0.181682,-0.028025
1790862482.721215,1790862482.777077,-0.089445,5.521008,0.391281,-0.512352,-0.499313,0.471337,0.515774,-91.355,-1.839,86.727,-0.282263,0.116635,-0.009109,0.127019,-0.089000,-0.144143
1790862482.754554,1790862482.822474,-0.098656,5.524614,0.391014,-0.509577,-0.499258,0.471833,0.518118,-91.024,-2.091,86.774,-0.291687,0.132034,0.002186,0.195200,0.046289,-0.089816
1790862482.787892,1790862482.857124,-0.109333,5.528489,0.392003,-0.508532,-0.497872,0.472400,0.519959,-90.743,-2.137,86.677,-0.297889,0.129271,0.002071,0.067367,0.022860,0.066770
1790862482.821232,1790862482.876878,-0.119548,5.533136,0.391892,-0.509817,-0.497310,0.473828,0.517936,-90.829,-1.835,86.769,-0.298997,0.114813,0.002303,-0.145693,-0.133743,0.227634
1790862482.854571,1790862482.907342,-0.129315,5.537123,0.392365,-0.511201,-0.498019,0.476446,0.513468,-91.072,-1.393,87.136,-0.300241,0.104313,0.026112,-0.015726,-0.243469,0.211658
1790862482.887910,1790862482.938416,-0.139252,5.540776,0.393726,-0.509691,-0.497600,0.480803,0.511310,-90.847,-1.073,87.567,-0.305711,0.102550,0.053466,0.264446,-0.194467,0.104061
1790862482.921250,1790862482.965948,-0.148681,5.544105,0.395316,-0.505615,-0.495890,0.485608,0.512476,-90.178,-0.986,87.905,-0.309285,0.102200,0.056607,0.377369,-0.174224,-0.018444
1790862482.954589,1790862483.014544,-0.159233,5.547435,0.396848,-0.501368,-0.495322,0.489151,0.513826,-89.623,-1.062,88.236,-0.316340,0.106342,0.032031,0.161114,-0.157178,-0.041881
1790862482.987928,1790862483.038832,-0.169759,5.550784,0.397741,-0.499771,-0.496257,0.490167,0.513512,-89.546,-1.130,88.456,-0.322425,0.116038,0.009663,-0.059399,-0.073018,-0.039755
1790862483.021267,1790862483.093786,-0.180980,5.554487,0.398186,-0.499990,-0.497108,0.489621,0.512996,-89.668,-1.170,88.492,-0.322086,0.122680,0.009804,-0.031702,0.017532,0.007114
1790862483.054606,1790862483.127703,-0.191805,5.558209,0.398820,-0.500259,-0.497028,0.489462,0.512963,-89.690,-1.157,88.465,-0.315537,0.117418,0.015374,0.006649,-0.004832,0.009239
1790862483.087945,1790862483.149319,-0.202002,5.562036,0.399344,-0.499800,-0.497327,0.490021,0.512587,-89.672,-1.147,88.562,-0.305207,0.103730,0.020310,0.002389,-0.123081,0.004980
1790862483.121284,1790862483.184313,-0.211979,5.565578,0.400112,-0.498323,-0.499093,0.491890,0.510514,-89.704,-1.109,88.974,-0.292211,0.083614,0.022356,-0.009330,-0.325488,0.020962
1790862483.154624,1790862483.208985,-0.221922,5.568009,0.401086,-0.495213,-0.502193,0.495239,0.507253,-89.706,-1.088,89.709,-0.280121,0.071358,0.016781,0.023691,-0.423493,-0.004603
1790862483.187963,1790862483.239864,-0.231326,5.570346,0.401434,-0.491457,-0.505825,0.498616,0.503977,-89.701,-1.132,90.513,-0.274102,0.068834,0.007068,-0.000809,-0.401122,-0.034431
1790862483.221301,1790862483.289075,-0.240406,5.572627,0.401616,-0.487864,-0.509143,0.501564,0.501193,-89.683,-1.201,91.237,-0.269854,0.067715,0.002887,0.038604,-0.347858,-0.034431
1790862483.254641,1790862483.319692,-0.248987,5.575155,0.401901,0.484579,0.511520,-0.504390,-0.499121,-89.595,-1.248,91.841,-0.264200,0.067871,0.002081,0.076957,-0.276475,-0.005665
1790862483.287980,1790862483.340550,-0.257749,5.577133,0.401939,0.482008,0.512266,-0.507727,-0.497458,-89.398,-1.158,92.316,-0.257695,0.070865,0.002563,0.139810,-0.224277,0.128558
1790862483.321320,1790862483.390428,-0.266204,5.579374,0.401865,-0.480682,-0.511360,0.512020,0.495269,-89.146,-0.818,92.712,-0.251463,0.070839,-0.007733,0.095066,-0.186991,0.218042
1790862483.354659,1790862483.421418,-0.274398,5.581691,0.401621,-0.480652,-0.510905,0.515755,0.491880,-89.089,-0.390,93.099,-0.247672,0.065498,-0.021992,-0.055138,-0.204027,0.235085
1790862483.387999,1790862483.444232,-0.282788,5.583669,0.400784,-0.481871,-0.511890,0.518174,0.487098,-89.339,0.040,93.501,-0.243022,0.053585,-0.025736,-0.188301,-0.215747,0.207387
1790862483.421339,1790862483.474363,-0.290978,5.585223,0.400169,-0.482696,-0.513906,0.520084,0.482097,-89.667,0.377,93.967,-0.236316,0.038990,-0.010662,-0.120124,-0.247704,0.129620
1790862483.454678,1790862483.508199,-0.298543,5.586202,0.400176,-0.481629,-0.515559,0.522264,0.479032,-89.744,0.523,94.423,-0.227578,0.025292,0.012380,0.053520,-0.239183,0.027352
1790862483.488018,1790862483.545749,-0.305702,5.586950,0.400894,-0.479060,-0.516516,0.525178,0.477389,-89.575,0.574,94.888,-0.219496,0.011161,0.022958,0.080152,-0.258353,0.034808
1790862483.521357,1790862483.571265,-0.312792,5.587122,0.401548,-0.476683,-0.518026,0.528073,0.474933,-89.493,0.653,95.419,-0.215520,-0.000956,0.016637,-0.021048,-0.296707,0.035875
1790862483.554697,1790862483.610646,-0.320122,5.586794,0.402014,-0.474629,-0.520883,0.530071,0.471628,-89.609,0.679,96.004,-0.213879,-0.015319,0.008482,-0.104143,-0.319077,-0.006736
1790862483.588036,1790862483.649418,-0.327237,5.586029,0.402320,-0.472159,-0.524767,0.531490,0.468192,-89.807,0.602,96.646,-0.211774,-0.031677,0.008673,-0.099882,-0.341447,-0.075980
1790862483.621376,1790862483.688697,-0.334015,5.584618,0.402999,-0.469098,-0.528541,0.532850,0.465471,-89.932,0.451,97.272,-0.209585,-0.047175,0.014821,-0.043420,-0.284982,-0.071721
1790862483.654715,1790862483.712118,-0.340877,5.582306,0.403422,-0.466830,-0.531359,0.533513,0.463779,-90.031,0.301,97.698,-0.210367,-0.058011,0.014622,-0.050877,-0.146494,-0.070658
1790862483.688054,1790862483.751799,-0.347334,5.579840,0.403915,-0.465673,-0.532811,0.533499,0.463292,-90.085,0.182,97.875,-0.209112,-0.065918,0.018468,-0.004000,-0.043161,-0.032310
1790862483.721393,1790862483.779826,-0.353175,5.576957,0.404723,-0.465650,-0.532667,0.533832,0.463098,-90.065,0.218,97.899,-0.204914,-0.074754,0.017539,0.003461,0.012232,0.063561
1790862483.754733,1790862483.807629,-0.359891,5.574185,0.405140,-0.466623,-0.531892,0.534137,0.462658,-90.074,0.362,97.841,-0.204736,-0.087627,0.010428,-0.012517,0.038864,0.096585
1790862483.788072,1790862483.842968,-0.366524,5.570844,0.405364,-0.467651,-0.531324,0.534222,0.462173,-90.115,0.489,97.782,-0.208463,-0.102923,0.003956,-0.030627,0.023949,0.018818
1790862483.821412,1790862483.879187,-0.373264,5.567033,0.405523,-0.467430,-0.531636,0.533747,0.462587,-90.129,0.408,97.761,-0.212011,-0.116824,0.007544,0.038616,-0.004812,-0.100495
1790862483.854751,1790862483.918355,-0.379884,5.562885,0.405868,-0.465591,-0.531953,0.533766,0.464053,-89.971,0.190,97.803,-0.212071,-0.132944,0.015023,0.120647,-0.035707,-0.107951
1790862483.888091,1790862483.949991,-0.385720,5.557362,0.406906,-0.463365,-0.531618,0.534557,0.465751,-89.693,0.011,97.859,-0.211076,-0.144629,0.022009,0.159003,-0.012273,-0.089847
1790862483.921430,1790862483.976963,-0.393088,5.553024,0.407416,-0.462176,-0.530158,0.534835,0.468270,-89.390,-0.123,97.714,-0.213264,-0.144212,0.023414,0.131304,0.203982,-0.012076
1790862483.954770,1790862484.002449,-0.398574,5.547297,0.408106,-0.464740,-0.526794,0.533887,0.470605,-89.255,0.024,97.186,-0.207450,-0.150565,0.022413,-0.012502,0.330746,0.190324
1790862483.988109,1790862484.035889,-0.405242,5.542007,0.408910,-0.470210,-0.522842,0.532827,0.470781,-89.365,0.504,96.577,-0.194008,-0.153685,0.029083,-0.079617,0.300919,0.268089
1790862484.021448,1790862484.075220,-0.409791,5.535965,0.410156,-0.474709,-0.519390,0.531949,0.471080,-89.440,0.899,96.055,-0.176470,-0.151442,0.044786,0.041832,0.259367,0.099768
1790862484.054788,1790862484.100375,-0.415301,5.531017,0.411913,-0.476224,-0.516138,0.531460,0.473669,-89.219,0.987,95.607,-0.165345,-0.145293,0.062179,0.199496,0.215691,0.013479
1790862484.088127,1790862484.141493,-0.419642,5.524971,0.414036,-0.476227,-0.512423,0.532220,0.476837,-88.781,1.045,95.261,-0.152319,-0.147145,0.064848,0.224002,0.109156,0.059281
1790862484.121466,1790862484.162631,-0.425059,5.520525,0.415996,-0.475829,-0.510176,0.533201,0.478544,-88.475,1.097,95.117,-0.150333,-0.143303,0.049402,0.072728,0.088918,-0.021678
1790862484.154805,1790862484.203072,-0.430045,5.515743,0.417432,-0.476236,-0.509564,0.532153,0.479956,-88.447,1.016,94.916,-0.148895,-0.137189,0.033486,-0.055105,0.119811,-0.086662
1790862484.188144,1790862484.251841,-0.434291,5.510450,0.418547,-0.476868,-0.510376,0.529681,0.481198,-88.612,0.802,94.709,-0.139778,-0.141403,0.029625,-0.082802,0.087849,-0.119689
1790862484.221484,1790862484.275097,-0.438831,5.505661,0.419618,-0.476804,-0.511252,0.527947,0.482236,-88.707,0.594,94.601,-0.126555,-0.150132,0.033829,0.017334,0.007952,-0.134604
1790862484.254823,1790862484.304647,-0.443098,5.500953,0.420715,-0.474461,-0.512269,0.527333,0.484136,-88.571,0.251,94.646,-0.117743,-0.143324,0.031760,0.113210,-0.037853,-0.209174
1790862484.288162,1790862484.333578,-0.447037,5.496336,0.421546,-0.472090,-0.513173,0.526671,0.486212,-88.420,-0.100,94.672,-0.112954,-0.130481,0.016875,0.008813,-0.004827,-0.138864
1790862484.321501,1790862484.383295,-0.450726,5.491828,0.421853,-0.471770,-0.514682,0.525612,0.486073,-88.563,-0.253,94.723,-0.101908,-0.131588,0.000273,-0.153113,-0.065549,-0.023813
1790862484.354840,1790862484.414731,-0.453952,5.486739,0.421809,-0.472286,-0.516888,0.524824,0.484079,-88.880,-0.269,94.889,-0.090741,-0.134677,-0.002270,-0.145658,-0.097513,-0.003576
1790862484.388180,1790862484.443991,-0.457022,5.482188,0.421831,-0.472036,-0.518954,0.524268,0.482713,-89.098,-0.347,95.068,-0.082478,-0.135461,0.007546,-0.061499,-0.091120,-0.061102
1790862484.421519,1790862484.482877,-0.459754,5.477409,0.422213,-0.470553,-0.520538,0.524152,0.482580,-89.127,-0.523,95.244,-0.075211,-0.137346,0.016745,0.021592,-0.092186,-0.116498
1790862484.454858,1790862484.517682,-0.462769,5.471655,0.422761,-0.468399,-0.522118,0.523936,0.483205,-89.084,-0.788,95.408,-0.071702,-0.135139,0.014751,0.021589,-0.077277,-0.145266
1790862484.488197,1790862484.542019,-0.464952,5.467266,0.423177,0.466705,0.523700,-0.523161,-0.483971,-89.092,-1.065,95.505,-0.068998,-0.123685,0.010914,-0.026348,-0.028272,-0.139940
1790862484.521536,1790862484.582978,-0.466977,5.463242,0.423618,0.465448,0.524980,-0.522107,-0.484932,-89.111,-1.325,95.533,-0.065377,-0.113550,0.014152,0.016263,0.004750,-0.134616
1790862484.554874,1790862484.621597,-0.469886,5.458409,0.424130,0.464489,0.525333,-0.521116,-0.486532,-89.051,-1.552,95.457,-0.064494,-0.101869,0.016507,0.042892,0.077183,-0.086684
1790862484.588214,1790862484.646098,-0.471744,5.455140,0.424637,0.464739,0.524579,-0.520086,-0.488206,-88.987,-1.650,95.243,-0.062819,-0.087281,0.017383,0.009870,0.149624,-0.005723
1790862484.621553,1790862484.673047,-0.473599,5.452182,0.425197,0.466430,0.523157,-0.518846,-0.489437,-88.997,-1.610,94.923,-0.058103,-0.080153,0.017298,-0.028479,0.174126,0.052866
1790862484.654892,1790862484.706263,-0.475371,5.449524,0.425845,0.468438,0.521518,-0.518135,-0.490021,-89.016,-1.472,94.641,-0.047069,-0.080399,0.019642,0.008806,0.114469,0.090149
1790862484.688231,1790862484.738811,-0.477103,5.446866,0.426500,0.469925,0.519856,-0.518530,-0.489946,-88.977,-1.264,94.489,-0.038365,-0.081221,0.019922,0.021587,0.044160,0.106129
1790862484.721570,1790862484.779371,-0.478655,5.444193,0.427126,-0.470741,-0.518790,0.519036,0.489757,-88.939,-1.117,94.422,-0.034538,-0.081285,0.018376,0.020520,0.014331,0.032623
1790862484.754909,1790862484.814553,-0.480201,5.441395,0.427718,-0.470505,-0.518795,0.519088,0.489923,-88.914,-1.139,94.429,-0.032319,-0.085033,0.016045,0.007737,-0.022952,-0.039815
1790862484.788248,1790862484.847271,-0.481466,5.438703,0.428230,0.469779,0.519560,-0.519130,-0.489765,-88.927,-1.213,94.525,-0.026932,-0.088462,0.011690,-0.034877,-0.095392,-0.056858
1790862484.821587,1790862484.864568,-0.482712,5.435865,0.428612,0.468719,0.521350,-0.519035,-0.488978,-89.026,-1.335,94.728,-0.023500,-0.088688,0.008375,-0.067904,-0.104979,-0.058987
1790862484.854926,1790862484.923914,-0.483748,5.432925,0.428914,0.467739,0.523548,-0.518693,-0.487931,-89.184,-1.472,94.952,-0.016383,-0.092468,0.007424,-0.076427,-0.143329,-0.079227
1790862484.888265,1790862484.954978,-0.505302,5.423754,0.430314,0.466571,0.527195,-0.517894,-0.485965,-89.498,-1.669,95.298,-0.045971,-0.097919,0.012566,-0.000914,-0.154173,-0.125038
1790862484.921604,1790862484.990024,-0.486323,5.426607,0.429606,0.463672,0.527959,-0.518715,-0.487033,-89.281,-1.905,95.490,-0.012125,-0.077140,0.007167,0.002398,-0.081547,-0.107991
1790862484.954943,1790862485.024820,-0.488571,5.422921,0.429834,0.462674,0.529746,-0.517950,-0.486857,-89.392,-2.094,95.617,-0.012958,-0.068953,-0.003966,-0.112660,-0.073030,-0.076036
1790862484.988282,1790862485.048122,-0.488925,5.420771,0.429674,0.462457,0.532133,-0.517005,-0.485461,-89.660,-2.205,95.797,-0.007141,-0.063165,-0.009945,-0.133967,-0.107118,-0.035555
1790862485.021620,1790862485.066580,-0.489422,5.418781,0.429322,0.462034,0.534263,-0.516561,-0.483996,-89.875,-2.282,96.006,-0.005841,-0.048980,-0.014597,-0.075378,-0.096465,-0.051535
1790862485.054959,1790862485.117286,-0.489894,5.417098,0.428656,0.461315,0.535859,-0.516033,-0.483480,-89.995,-2.410,96.140,-0.005367,-0.032677,-0.023733,-0.041289,-0.069833,-0.081365
1790862485.088298,1790862485.147109,-0.492444,5.415440,0.427803,0.459985,0.537705,-0.515582,-0.483179,-90.082,-2.596,96.316,-0.005986,-0.021998,-0.033283,-0.043426,-0.134819,-0.110130
1790862485.121637,1790862485.169416,-0.492772,5.414986,0.426548,0.457956,0.540542,-0.515325,-0.482215,-90.219,-2.827,96.640,-0.005155,-0.014512,-0.043988,-0.084973,-0.211518,-0.126110
1790862485.154976,1790862485.200403,-0.492931,5.414953,0.425026,0.455592,0.544200,-0.515542,-0.480102,-90.427,-3.026,97.126,-0.002801,-0.011184,-0.048512,-0.092432,-0.302069,-0.054732
1790862485.188315,1790862485.249254,-0.492816,5.415180,0.423497,0.453146,0.547735,-0.517482,-0.476296,-90.614,-3.025,97.804,0.000060,-0.011197,-0.045235,-0.058344,-0.414988,0.013449
1790862485.221654,1790862485.283594,-0.494392,5.415094,0.422076,0.449765,0.551489,-0.520664,-0.471678,-90.738,-2.975,98.665,0.000322,-0.011901,-0.042307,-0.005086,-0.478900,0.025174
1790862485.254994,1790862485.323439,-0.494247,5.414951,0.420601,0.445903,0.555038,-0.524768,-0.466607,-90.791,-2.865,99.620,-0.002758,-0.011859,-0.045157,-0.013608,-0.508729,0.077375
1790862485.288333,1790862485.354719,-0.495105,5.414512,0.419268,0.442835,0.558197,-0.529006,-0.460941,-90.882,-2.640,100.548,-0.015116,-0.006279,-0.049234,-0.039178,-0.458662,0.183908
1790862485.321673,1790862485.379177,-0.495829,5.414086,0.417711,0.441856,0.560111,-0.533519,-0.454308,-91.028,-2.146,101.354,-0.025894,-0.000218,-0.047416,-0.072201,-0.392615,0.318134
1790862485.355012,1790862485.408427,-0.497384,5.413699,0.416281,0.442116,0.561247,-0.537820,-0.447532,-91.200,-1.535,102.039,-0.037153,0.004471,-0.038872,-0.075398,-0.323372,0.295761
1790862485.388352,1790862485.442275,-0.498523,5.413722,0.415226,0.442213,0.561347,-0.542313,-0.441853,-91.222,-0.941,102.618,-0.041372,0.005849,-0.020573,0.096114,-0.305264,0.266997
1790862485.421692,1790862485.476255,-0.500005,5.413507,0.414265,0.439784,0.561474,-0.546743,-0.438644,-90.993,-0.669,103.202,-0.045441,0.008418,-0.022749,0.112098,-0.282895,-0.030220
1790862485.455030,1790862485.511165,-0.501621,5.413806,0.413432,0.436122,0.563438,-0.548330,-0.437801,-90.878,-0.863,103.667,-0.052610,0.014577,-0.025895,-0.004017,-0.217909,-0.138882
1790862485.488370,1790862485.543238,-0.503864,5.414071,0.412630,0.433476,0.566790,-0.548660,-0.435682,-91.049,-1.044,104.158,-0.050521,0.007303,-0.016929,-0.160618,-0.341482,-0.004654
1790862485.521709,1790862485.598818,-0.505641,5.414530,0.412573,0.431231,0.570617,-0.551265,-0.429585,-91.325,-0.849,105.012,-0.039794,-0.008667,0.010425,-0.069004,-0.572653,0.163665
1790862485.555049,1790862485.634670,-0.506793,5.414683,0.413217,0.426794,0.573643,-0.557110,-0.422385,-91.286,-0.519,106.194,-0.033295,-0.020638,0.030954,0.125944,-0.642963,0.122126
1790862485.588388,1790862485.669420,-0.507999,5.414540,0.414233,0.420435,0.576155,-0.563306,-0.417094,-90.999,-0.398,107.370,-0.032170,-0.029382,0.030294,0.158966,-0.587563,-0.045119
1790862485.621728,1790862485.700184,-0.509058,5.413150,0.415152,0.413273,0.579217,-0.568374,-0.413115,-90.720,-0.503,108.487,-0.027976,-0.039221,0.023932,0.128073,-0.584369,-0.050445
1790862485.655067,1790862485.731648,-0.509873,5.412209,0.415701,0.406815,0.582726,-0.572810,-0.408436,-90.581,-0.571,109.596,-0.028023,-0.041998,0.012293,0.016218,-0.566255,-0.051508
1790862485.688407,1790862485.756804,-0.510989,5.410609,0.416044,0.401106,0.586806,-0.575836,-0.403962,-90.599,-0.696,110.603,-0.036494,-0.038585,0.006689,0.013022,-0.466118,-0.098382
1790862485.721746,1790862485.796172,-0.512059,5.409895,0.416268,0.395689,0.589602,-0.578544,-0.401355,-90.481,-0.884,111.391,-0.043908,-0.033660,0.011465,0.124879,-0.368111,-0.098378
1790862485.755086,1790862485.827478,-0.513548,5.408671,0.416625,0.390193,0.591155,-0.581892,-0.399609,-90.196,-1.052,112.098,-0.045417,-0.034022,0.009404,0.173884,-0.378766,-0.078139
1790862485.788425,1790862485.858895,-0.514775,5.407737,0.416643,0.384583,0.592731,-0.585833,-0.396946,-89.912,-1.144,112.901,-0.042362,-0.037988,-0.000876,0.113162,-0.486368,0.008150
1790862485.821765,1790862485.886401,-0.516456,5.406343,0.416466,0.379841,0.595177,-0.590354,-0.391111,-89.830,-0.979,113.927,-0.038917,-0.043131,-0.014222,-0.008282,-0.580111,0.155160
1790862485.855104,1790862485.922755,-0.517626,5.404624,0.415745,0.375372,0.598623,-0.594696,-0.383514,-89.914,-0.727,115.091,-0.033945,-0.050016,-0.028097,-0.056219,-0.635511,0.088045
1790862485.888442,1790862485.958043,-0.518753,5.402971,0.414783,0.370074,0.602850,-0.598433,-0.376157,-90.044,-0.608,116.304,-0.035396,-0.047231,-0.027581,-0.047697,-0.612071,0.036911
1790862485.921782,1790862485.994289,-0.520037,5.401415,0.414072,0.364273,0.606434,-0.602139,-0.370097,-90.052,-0.584,117.432,-0.037768,-0.042583,-0.017009,0.050309,-0.566263,0.011343
1790862485.955121,1790862486.031877,-0.521347,5.400233,0.413585,0.358680,0.609213,-0.606051,-0.364569,-89.976,-0.541,118.483,-0.038630,-0.040677,-0.015962,0.023675,-0.537497,-0.006763
1790862485.988461,1790862486.062305,-0.522557,5.398875,0.413028,0.352780,0.612623,-0.608946,-0.359755,-89.973,-0.638,119.490,-0.037351,-0.039043,-0.015766,-0.007215,-0.518323,-0.084529
1790862486.021800,1790862486.101466,-0.523797,5.397774,0.412782,0.346728,0.616046,-0.611545,-0.355359,-89.969,-0.788,120.467,-0.038830,-0.032966,-0.005873,0.027939,-0.497014,-0.069615
1790862486.055140,1790862486.134040,-0.525184,5.396791,0.412723,0.341022,0.618712,-0.614450,-0.351212,-89.897,-0.889,121.384,-0.042086,-0.024662,0.001909,0.063093,-0.467189,-0.029134
1790862486.088479,1790862486.171642,-0.526187,5.395686,0.412759,0.335856,0.620738,-0.617682,-0.346922,-89.784,-0.905,122.260,-0.039704,-0.019599,-0.001793,0.038592,-0.445888,0.019865
1790862486.121818,1790862486.202317,-0.527505,5.395084,0.412621,0.332013,0.622908,-0.620435,-0.341779,-89.799,-0.791,123.090,-0.040210,-0.017174,-0.004511,-0.043433,-0.418189,0.106154
1790862486.155158,1790862486.245095,-0.528503,5.393823,0.412682,0.328953,0.624969,-0.623030,-0.336209,-89.862,-0.593,123.886,-0.037032,-0.018874,0.001109,0.004508,-0.418194,0.113608
1790862486.188497,1790862486.280055,-0.529626,5.393398,0.412749,0.324958,0.626710,-0.626072,-0.331165,-89.812,-0.469,124.714,-0.033782,-0.020167,0.003686,0.038595,-0.455481,0.010275
1790862486.221837,1790862486.312571,-0.530402,5.392056,0.412980,0.319735,0.628969,-0.628828,-0.326716,-89.752,-0.508,125.597,-0.032191,-0.024293,0.009589,0.041794,-0.454421,-0.032339
1790862486.255179,1790862486.342707,-0.531452,5.391275,0.413491,-0.314441,-0.630649,0.631967,0.322532,-89.609,-0.537,126.457,-0.029092,-0.026860,0.022628,0.116364,-0.456550,0.020924
1790862486.288521,1790862486.376332,-0.532437,5.390062,0.414339,-0.308960,-0.631762,0.635777,0.318131,-89.379,-0.522,127.351,-0.026455,-0.030263,0.023706,0.119560,-0.470397,-0.001446
1790862486.321862,1790862486.413387,-0.533396,5.389199,0.415025,-0.303465,-0.633155,0.639155,0.313856,-89.195,-0.545,128.231,-0.029630,-0.029195,0.016347,0.073752,-0.451221,-0.024882
1790862486.355203,1790862486.443772,-0.534485,5.387764,0.415478,-0.297964,-0.635335,0.641490,0.309933,-89.133,-0.661,129.077,-0.034303,-0.030414,0.006685,-0.006144,-0.432046,-0.071759
1790862486.388546,1790862486.481108,-0.535624,5.386730,0.415679,-0.293119,-0.637999,0.643064,0.305790,-89.193,-0.756,129.882,-0.034551,-0.030575,0.005225,-0.044494,-0.422459,0.019855
1790862486.421887,1790862486.518665,-0.536399,5.384998,0.415865,-0.289245,-0.640297,0.645100,0.300340,-89.271,-0.655,130.716,-0.029051,-0.033117,0.008591,-0.024253,-0.443770,0.100816
1790862486.455229,1790862486.554938,-0.537321,5.383939,0.416131,-0.285648,-0.642461,0.647446,0.294046,-89.353,-0.455,131.598,-0.026477,-0.034604,0.008142,-0.061539,-0.473597,0.109339
1790862486.488571,1790862486.586812,-0.538081,5.382154,0.416338,-0.281515,-0.645448,0.649104,0.287768,-89.525,-0.344,132.523,-0.020188,-0.039757,0.008470,-0.089238,-0.510888,0.004938
1790862486.521913,1790862486.617227,-0.538630,5.380826,0.416673,-0.275156,-0.649248,0.650612,0.281904,-89.683,-0.459,133.603,-0.007136,-0.044232,0.012813,-0.059410,-0.632328,-0.107980
1790862486.555255,1790862486.644980,-0.539000,5.379153,0.417304,-0.267089,-0.652902,0.652990,0.275659,-89.727,-0.639,134.861,0.001247,-0.047130,0.023183,0.018355,-0.683464,-0.058978
1790862486.588597,1790862486.674987,-0.538853,5.377721,0.418036,0.258582,0.656396,-0.655878,-0.268521,-89.739,-0.763,136.230,0.006358,-0.046464,0.019627,-0.035972,-0.730336,-0.062173
1790862486.621939,1790862486.712862,-0.538994,5.376324,0.418542,0.250202,0.660718,-0.657726,-0.261241,-89.903,-0.922,137.595,0.002898,-0.042667,0.012990,-0.095629,-0.701574,-0.110113
1790862486.655281,1790862486.754589,-0.539347,5.375163,0.418981,0.242113,0.664820,-0.659241,-0.254553,-90.069,-1.103,138.878,-0.007511,-0.036279,0.012614,-0.040233,-0.622745,-0.057915
1790862486.688623,1790862486.795438,-0.539853,5.374271,0.419427,0.235844,0.667149,-0.661735,-0.247784,-90.081,-1.059,140.004,-0.012446,-0.029631,0.014286,0.039663,-0.563088,0.079507
1790862486.721966,1790862486.827029,-0.540274,5.373441,0.419765,0.230404,0.668757,-0.664520,-0.241023,-90.037,-0.926,141.055,-0.013708,-0.025926,0.006066,0.005576,-0.539652,0.039026
1790862486.755308,1790862486.855740,-0.540781,5.372606,0.419995,0.225087,0.670574,-0.666772,-0.234693,-90.038,-0.836,142.054,-0.020252,-0.022537,0.005190,0.014097,-0.488516,0.066722
1790862486.788649,1790862486.887598,-0.541537,5.371911,0.420177,0.221032,0.671607,-0.669108,-0.228874,-89.990,-0.667,142.899,-0.024922,-0.019008,0.005740,0.058840,-0.405425,0.096551
1790862486.821991,1790862486.917739,-0.542148,5.371323,0.420346,-0.216759,-0.671875,0.671926,0.223864,-89.817,-0.546,143.691,-0.020333,-0.016451,0.005137,0.114235,-0.442713,0.011327
1790862486.855333,1790862486.947214,-0.542982,5.370797,0.420476,-0.211372,-0.672437,0.674543,0.219413,-89.639,-0.569,144.528,-0.028547,-0.015301,0.003553,0.074818,-0.406491,-0.001454
1790862486.888675,1790862486.976645,-0.543847,5.370156,0.420448,-0.207378,-0.673453,0.676097,0.215288,-89.604,-0.548,145.218,-0.035214,-0.015865,-0.004317,-0.049819,-0.329792,0.033699
1790862486.922018,1790862487.009835,-0.545014,5.369636,0.420099,-0.203986,-0.675703,0.676208,0.211088,-89.792,-0.538,145.863,-0.031046,-0.017828,-0.018031,-0.144631,-0.343640,-0.025956
1790862486.955360,1790862487.039006,-0.545541,5.368723,0.419385,0.200213,0.678844,-0.675412,-0.207133,-90.105,-0.617,146.519,-0.023601,-0.021590,-0.021025,-0.165938,-0.351105,-0.051523
1790862486.988702,1790862487.066248,-0.546232,5.368062,0.418853,0.196386,0.681515,-0.675153,-0.202826,-90.347,-0.646,147.208,-0.014009,-0.023102,-0.009141,-0.066864,-0.380931,0.029438
1790862487.022044,1790862487.096115,-0.545918,5.366818,0.418724,0.192292,0.683147,-0.676015,-0.198335,-90.420,-0.630,147.933,-0.001643,-0.025900,0.000098,-0.005078,-0.374554,-0.007846
1790862487.055387,1790862487.122345,-0.545920,5.366035,0.418854,0.187262,0.684118,-0.677633,-0.194238,-90.354,-0.686,148.701,0.006149,-0.026373,0.007953,0.078013,-0.428884,-0.044065
1790862487.088729,1790862487.149326,-0.545106,5.364722,0.419126,0.181338,0.684587,-0.679887,-0.190291,-90.177,-0.800,149.530,0.011082,-0.029544,0.005970,0.086535,-0.434227,-0.094135
1790862487.122071,1790862487.182903,-0.544775,5.363707,0.419158,0.174874,0.685742,-0.681384,-0.186797,-90.094,-1.024,150.365,0.012142,-0.032461,-0.003814,0.008770,-0.426768,-0.127158
1790862487.155414,1790862487.206554,-0.543992,5.362177,0.418934,0.168824,0.687533,-0.682048,-0.183324,-90.138,-1.249,151.162,0.009993,-0.037092,-0.005674,-0.028516,-0.409737,-0.081350
1790862487.188756,1790862487.256947,-0.543867,5.360900,0.418736,0.163709,0.689241,-0.682609,-0.179418,-90.212,-1.365,151.917,0.006029,-0.042442,-0.008291,-0.030646,-0.392691,-0.041934
1790862487.222097,1790862487.291760,-0.543498,5.359019,0.418373,0.159051,0.690923,-0.683132,-0.175097,-90.306,-1.413,152.668,0.003071,-0.050704,-0.012927,-0.060474,-0.383114,0.002808
1790862487.255435,1790862487.317456,-0.543385,5.357105,0.417940,0.155067,0.692660,-0.683385,-0.170767,-90.438,-1.411,153.362,0.001558,-0.060469,-0.011398,-0.034907,-0.355413,-0.023824
1790862487.288773,1790862487.352868,-0.543148,5.354641,0.417685,0.149926,0.693958,-0.684151,-0.166979,-90.465,-1.525,154.105,0.009867,-0.069752,-0.006255,0.016226,-0.431057,-0.084545
1790862487.322112,1790862487.395294,-0.542735,5.352199,0.417546,0.143719,0.695141,-0.685415,-0.162265,-90.444,-1.638,155.013,0.020368,-0.077058,-0.001202,0.030076,-0.507755,-0.036608
1790862487.355450,1790862487.435134,-0.542103,5.349296,0.417628,0.136918,0.695964,-0.687344,-0.156350,-90.357,-1.685,156.066,0.029744,-0.085088,0.005815,0.087603,-0.590847,-0.020627
1790862487.388788,1790862487.471542,-0.541132,5.346384,0.417882,0.129877,0.696640,-0.689535,-0.149554,-90.249,-1.677,157.209,0.028444,-0.092948,0.009046,0.044990,-0.582323,0.011330
1790862487.422126,1790862487.513365,-0.540654,5.343094,0.418286,0.123460,0.697440,-0.691266,-0.143134,-90.191,-1.660,158.269,0.025603,-0.098656,0.012174,0.057774,-0.542899,-0.004646
1790862487.455464,1790862487.549774,-0.540139,5.339615,0.418612,0.116858,0.698173,-0.692864,-0.137249,-90.126,-1.703,159.297,0.026610,-0.103133,0.007434,0.041796,-0.532233,-0.055780
1790862487.488802,1790862487.586000,-0.539223,5.336080,0.418781,0.110425,0.699163,-0.693935,-0.132029,-90.117,-1.797,160.256,0.022759,-0.111938,0.003194,-0.010403,-0.454471,-0.012103
1790862487.522141,1790862487.626678,-0.538646,5.331896,0.418758,0.106388,0.700408,-0.694309,-0.126671,-90.217,-1.703,161.030,0.020300,-0.128526,-0.001029,-0.071126,-0.374567,0.094425
1790862487.555479,1790862487.664905,-0.537796,5.327368,0.418633,0.103153,0.702307,-0.693904,-0.120918,-90.444,-1.529,161.771,0.032435,-0.141018,-0.006142,-0.131847,-0.427832,0.058204
1790862487.588817,1790862487.702279,-0.536610,5.322223,0.418459,0.097639,0.704523,-0.693500,-0.114770,-90.675,-1.507,162.730,0.049632,-0.152396,-0.004356,-0.063667,-0.574834,-0.066433
1790862487.622155,1790862487.734292,-0.534946,5.317065,0.418375,0.089977,0.706012,-0.693997,-0.108717,-90.751,-1.640,163.855,0.057212,-0.165931,0.000332,0.008773,-0.583355,-0.065368
1790862487.655493,1790862487.763647,-0.533125,5.311205,0.418460,0.082695,0.706890,-0.694966,-0.102426,-90.749,-1.712,164.966,0.062365,-0.178268,0.001333,0.027949,-0.581220,-0.023821
1790862487.688830,1790862487.796180,-0.530885,5.305011,0.418361,0.075952,0.707911,-0.695699,-0.095373,-90.792,-1.682,166.093,0.063026,-0.192557,-0.009733,-0.084971,-0.579090,0.041160
1790862487.722168,1790862487.831828,-0.528962,5.298038,0.417762,0.070629,0.710559,-0.694521,-0.088081,-91.133,-1.551,167.126,0.058311,-0.208669,-0.026172,-0.239439,-0.494930,0.068858
1790862487.755507,1790862487.863610,-0.527271,5.290648,0.416669,0.066621,0.714413,-0.691749,-0.081604,-91.699,-1.400,167.986,0.057444,-0.222619,-0.037739,-0.316139,-0.406505,0.067793
1790862487.788845,1790862487.889158,-0.525495,5.282825,0.415535,0.063994,0.718104,-0.688794,-0.076119,-92.266,-1.213,168.649,0.055415,-0.235997,-0.028286,-0.208541,-0.304231,0.107208
1790862487.822183,1790862487.922488,-0.523502,5.274821,0.414853,0.062455,0.719615,-0.687850,-0.071522,-92.493,-0.975,169.146,0.055221,-0.249049,-0.012532,-0.019986,-0.229665,0.122123
1790862487.855521,1790862487.954537,-0.521225,5.266233,0.414627,0.061458,0.719395,-0.688581,-0.067454,-92.442,-0.711,169.553,0.057842,-0.260764,-0.004984,0.064172,-0.210506,0.123188
1790862487.888859,1790862487.985641,-0.519460,5.257407,0.414406,0.059583,0.718562,-0.689956,-0.063867,-92.279,-0.548,169.993,0.056838,-0.273204,-0.009040,0.084412,-0.246720,0.037964
1790862487.922197,1790862488.011580,-0.517195,5.248044,0.414053,0.057557,0.718378,-0.690651,-0.060187,-92.221,-0.399,170.454,0.047335,-0.289031,-0.013535,-0.031702,-0.222238,0.126384
1790862487.955535,1790862488.032776,-0.515852,5.238183,0.413471,0.056142,0.719345,-0.690076,-0.056445,-92.362,-0.213,170.870,0.034689,-0.298766,-0.022322,-0.115860,-0.219039,0.025181
1790862487.988873,1790862488.062418,-0.514916,5.228105,0.412736,0.054036,0.720617,-0.689084,-0.054360,-92.546,-0.222,171.211,0.018613,-0.306135,-0.019925,-0.044484,-0.118902,-0.060041
1790862488.022211,1790862488.090605,-0.513929,5.217791,0.412191,0.051761,0.720701,-0.689167,-0.054414,-92.532,-0.406,171.396,0.008320,-0.313922,-0.017591,0.039673,-0.049677,-0.148460
1790862488.055549,1790862488.110322,-0.513908,5.207097,0.411434,0.049223,0.720654,-0.689247,-0.056344,-92.495,-0.765,171.453,0.000724,-0.324667,-0.027882,-0.023178,0.009984,-0.203856
1790862488.088886,1790862488.139308,-0.514023,5.196130,0.410328,0.047482,0.721653,-0.688135,-0.058588,-92.641,-1.101,171.420,-0.013277,-0.333137,-0.038293,-0.147817,0.040877,-0.148460
1790862488.122223,1790862488.182380,-0.514687,5.184898,0.409034,0.047210,0.723682,-0.685872,-0.060294,-92.975,-1.290,171.311,-0.030014,-0.339096,-0.038745,-0.192560,0.089881,-0.030212
1790862488.155561,1790862488.209229,-0.515017,5.173532,0.407845,0.048357,0.725557,-0.683682,-0.061707,-93.300,-1.342,171.107,-0.038194,-0.343304,-0.030699,-0.127576,0.139929,-0.039800
1790862488.188899,1790862488.252231,-0.516652,5.161986,0.407186,0.050401,0.725592,-0.683314,-0.063698,-93.329,-1.350,170.779,-0.052002,-0.347847,-0.006398,0.116375,0.223027,0.099753
1790862488.222237,1790862488.274567,-0.518573,5.150253,0.407170,0.055488,0.723830,-0.684659,-0.065062,-93.097,-1.043,170.244,-0.063743,-0.359944,0.004043,0.081219,0.312512,0.270200
1790862488.255577,1790862488.317920,-0.520624,5.138155,0.407374,0.062146,0.722886,-0.685112,-0.064768,-93.030,-0.486,169.712,-0.063643,-0.363517,0.008406,0.007716,0.180415,0.289375
1790862488.288917,1790862488.353628,-0.522788,5.126006,0.407785,0.066189,0.722191,-0.685562,-0.063753,-92.974,-0.076,169.455,-0.064688,-0.365388,0.016182,0.058849,0.077081,0.125320
1790862488.322256,1790862488.384656,-0.523160,5.113884,0.408387,0.066876,0.721143,-0.686596,-0.063764,-92.811,-0.008,169.396,-0.063615,-0.372489,0.023107,0.106785,-0.011367,-0.044060
1790862488.355596,1790862488.416997,-0.525671,5.101200,0.409233,0.065446,0.719963,-0.687929,-0.064222,-92.594,-0.139,169.479,-0.069440,-0.380515,0.026282,0.096132,-0.066757,-0.081346
1790862488.388935,1790862488.443126,-0.528081,5.088584,0.410070,0.063504,0.719540,-0.688544,-0.064326,-92.495,-0.293,169.632,-0.076406,-0.385151,0.022736,0.009845,-0.074211,-0.112240
1790862488.422275,1790862488.483915,-0.530631,5.075682,0.410825,0.061185,0.719872,-0.688284,-0.065611,-92.517,-0.587,169.722,-0.085577,-0.391158,0.023321,-0.030636,0.005681,-0.182549
1790862488.455615,1790862488.521927,-0.533343,5.062554,0.411675,0.059216,0.720356,-0.687658,-0.068609,-92.570,-0.997,169.648,-0.089133,-0.397719,0.028922,-0.006133,0.065336,-0.240075
1790862488.488954,1790862488.558461,-0.536120,5.049287,0.412798,0.057349,0.720301,-0.687575,-0.071541,-92.537,-1.387,169.569,-0.083935,-0.399929,0.038830,0.038606,0.026986,-0.121827
1790862488.522294,1790862488.588454,-0.536897,5.036021,0.414135,0.057099,0.719870,-0.687980,-0.072182,-92.462,-1.453,169.538,-0.077691,-0.402408,0.042262,0.026889,0.030154,0.084842
1790862488.555632,1790862488.619815,-0.539649,5.022630,0.415501,0.059700,0.719883,-0.687879,-0.070902,-92.499,-1.143,169.424,-0.071838,-0.404843,0.036841,-0.083900,0.071697,0.261678
1790862488.588972,1790862488.650560,-0.541781,5.008986,0.416714,0.064340,0.720668,-0.686865,-0.068669,-92.694,-0.607,169.218,-0.063611,-0.409057,0.035599,-0.100945,0.104723,0.285114
1790862488.622312,1790862488.679666,-0.543895,4.995219,0.417881,0.067753,0.721196,-0.686141,-0.067061,-92.833,-0.215,169.062,-0.041493,-0.408865,0.034341,-0.037027,0.033348,0.078446
1790862488.655651,1790862488.709597,-0.545134,4.981613,0.418953,0.066933,0.721220,-0.686132,-0.067701,-92.825,-0.333,169.079,-0.018887,-0.410170,0.032981,0.065241,-0.056134,-0.224095
1790862488.688991,1790862488.740063,-0.545946,4.967915,0.420013,0.062594,0.720606,-0.686986,-0.069710,-92.659,-0.829,169.280,-0.006518,-0.412953,0.032799,0.112114,-0.132835,-0.267770
1790862488.722330,1790862488.793567,-0.546533,4.954137,0.420949,0.057305,0.719578,-0.688438,-0.070539,-92.417,-1.296,169.651,-0.012824,-0.412202,0.019627,0.127028,-0.239355,-0.235810
1790862488.755670,1790862488.831311,-0.546115,4.938996,0.421061,0.052639,0.719208,-0.689220,-0.070313,-92.297,-1.638,170.055,-0.049781,-0.410596,-0.008445,-0.015720,-0.091305,-0.122886
1790862488.789009,1790862488.863059,-0.548032,4.926852,0.420352,0.051795,0.720316,-0.687974,-0.071792,-92.470,-1.843,170.009,-0.088813,-0.406023,-0.037674,-0.181906,0.182468,-0.077081
1790862488.822349,1790862488.894166,-0.550455,4.913533,0.418914,0.054415,0.722687,-0.684891,-0.075411,-92.895,-1.975,169.511,-0.105340,-0.401398,-0.047411,-0.264999,0.307106,-0.021686
1790862488.855689,1790862488.922542,-0.553638,4.900314,0.417440,0.057797,0.725180,-0.681638,-0.078372,-93.353,-1.999,169.001,-0.105714,-0.389453,-0.040883,-0.203212,0.179270,0.044360
1790862488.889028,1790862488.954937,-0.557446,4.887548,0.416193,0.060113,0.726863,-0.679677,-0.078078,-93.665,-1.822,168.836,-0.099455,-0.374173,-0.033998,-0.151012,-0.040178,0.165803
1790862488.922367,1790862488.987177,-0.558831,4.874365,0.414994,0.061579,0.728720,-0.678027,-0.073858,-93.995,-1.383,169.050,-0.101765,-0.371298,-0.034223,-0.184039,-0.191477,0.285114
1790862488.955707,1790862489.016903,-0.562825,4.862364,0.413764,0.063079,0.730661,-0.676430,-0.067805,-94.341,-0.788,169.401,-0.117505,-0.374733,-0.040801,-0.152081,-0.194671,0.259547
1790862488.989046,1790862489.042526,-0.566834,4.849770,0.412321,0.063380,0.731907,-0.675464,-0.063587,-94.555,-0.427,169.707,-0.130879,-0.383096,-0.043551,-0.030637,-0.150993,0.074186
1790862489.022385,1790862489.073766,-0.571090,4.836886,0.410810,0.061265,0.731695,-0.675993,-0.062476,-94.489,-0.493,169.972,-0.137381,-0.394430,-0.044547,0.090806,-0.131817,-0.176156
1790862489.055724,1790862489.111489,-0.575170,4.818135,0.409152,0.057029,0.731076,-0.676906,-0.063834,-94.328,-0.924,170.222,-0.136763,-0.412997,-0.039322,0.073755,-0.127556,-0.263511
1790862489.089064,1790862489.131029,-0.579579,4.810083,0.408225,0.051744,0.730372,-0.677983,-0.064946,-94.144,-1.416,170.578,-0.139475,-0.412979,-0.013935,0.150459,-0.182958,-0.263508
1790862489.122403,1790862489.186030,-0.584650,4.796376,0.408326,0.047411,0.728185,-0.680545,-0.066013,-93.729,-1.811,170.852,-0.164680,-0.422322,0.020696,0.292145,-0.061513,-0.174023
1790862489.155743,1790862489.224156,-0.590072,4.782388,0.409368,0.045859,0.724322,-0.684592,-0.067739,-93.068,-2.025,170.835,-0.181479,-0.422042,0.039195,0.323037,0.089758,-0.029144
1790862489.189082,1790862489.261341,-0.595294,4.766759,0.410522,0.047227,0.722275,-0.686622,-0.068106,-92.743,-1.921,170.686,-0.172122,-0.420305,0.037840,-0.046620,0.007728,0.224395
1790862489.222422,1790862489.293616,-0.601217,4.753140,0.412220,0.051255,0.723882,-0.685134,-0.062923,-93.054,-1.196,170.766,-0.163601,-0.413638,0.056065,-0.228784,-0.108391,0.470479
1790862489.255763,1790862489.328851,-0.607008,4.739284,0.414595,0.054738,0.725229,-0.683976,-0.056772,-93.320,-0.428,170.964,-0.158293,-0.412296,0.086191,0.037538,-0.140351,0.255289
1790862489.289104,1790862489.369619,-0.612294,4.717190,0.417583,0.053913,0.723328,-0.686299,-0.053698,-92.993,-0.211,171.275,-0.146259,-0.424248,0.103792,0.348596,-0.218106,-0.076020
1790862489.322445,1790862489.403944,-0.616382,4.710647,0.420758,0.049040,0.718800,-0.691433,-0.053302,-92.187,-0.505,171.708,-0.143474,-0.418269,0.081581,0.400800,-0.191477,-0.253920
1790862489.355786,1790862489.437414,-0.621073,4.696630,0.422604,0.043896,0.716619,-0.693895,-0.055141,-91.773,-1.038,171.983,-0.147064,-0.421650,0.026063,-0.059405,-0.071098,-0.243266
1790862489.389127,1790862489.469155,-0.626424,4.682180,0.422822,0.042589,0.719420,-0.691033,-0.055629,-92.222,-1.214,172.057,-0.153444,-0.426848,0.008097,-0.344906,-0.008233,0.119998
1790862489.422468,1790862489.502937,-0.631490,4.668186,0.423379,0.045404,0.722790,-0.687536,-0.052988,-92.807,-0.812,172.038,-0.147594,-0.419893,0.019643,-0.206418,0.000278,0.243571
1790862489.455808,1790862489.531583,-0.636277,4.654472,0.424198,0.047272,0.723429,-0.686931,-0.050411,-92.933,-0.458,172.088,-0.126848,-0.408820,0.033661,0.098255,-0.108379,0.110410
1790862489.489149,1790862489.561618,-0.640556,4.641649,0.425189,0.045846,0.721671,-0.689083,-0.047478,-92.626,-0.306,172.438,-0.102628,-0.397823,0.027894,0.182413,-0.271370,0.029449
1790862489.522490,1790862489.590223,-0.644189,4.629356,0.425721,0.042051,0.720525,-0.690805,-0.043174,-92.399,-0.236,173.094,-0.079211,-0.391397,0.003233,0.013032,-0.417319,0.028387
1790862489.555831,1790862489.626329,-0.646887,4.617159,0.425551,0.037585,0.721992,-0.689885,-0.037066,-92.600,-0.095,173.949,-0.057315,-0.391135,-0.018884,-0.221331,-0.450347,0.079524
1790862489.589172,1790862489.665317,-0.649595,4.603701,0.424875,0.033602,0.724989,-0.687225,-0.031359,-93.065,0.041,174.732,-0.037724,-0.393810,-0.018106,-0.212807,-0.370441,-0.017414
1790862489.622513,1790862489.699691,-0.650428,4.590170,0.424604,0.029148,0.726170,-0.686320,-0.028142,-93.230,-0.049,175.356,-0.023753,-0.397766,0.002447,0.066299,-0.272434,-0.086659
1790862489.655854,1790862489.723015,-0.651123,4.576820,0.424769,0.025606,0.724699,-0.688098,-0.026019,-92.963,-0.142,175.818,-0.018458,-0.404252,0.001532,0.140870,-0.196798,-0.002501
1790862489.689195,1790862489.760128,-0.651436,4.562634,0.424374,0.024582,0.723848,-0.689137,-0.023017,-92.816,0.032,176.140,-0.010797,-0.416736,-0.022368,-0.008273,-0.163761,0.202031
1790862489.722537,1790862489.782885,-0.651225,4.547312,0.423306,0.026042,0.724588,-0.688458,-0.017909,-92.947,0.568,176.422,0.002459,-0.430992,-0.046142,-0.106281,-0.166956,0.311753
1790862489.755878,1790862489.799614,-0.651235,4.532788,0.421527,0.027421,0.725557,-0.687507,-0.012200,-93.117,1.146,176.757,0.020542,-0.442871,-0.058871,-0.062603,-0.223418,0.257426
1790862489.789219,1790862489.838104,-0.650392,4.518157,0.419378,0.026857,0.726157,-0.686969,-0.006927,-93.214,1.538,177.218,0.035356,-0.455011,-0.070691,-0.057276,-0.279878,0.079522
1790862489.822560,1790862489.878103,-0.649213,4.503635,0.416740,0.023289,0.726766,-0.686478,-0.004067,-93.295,1.493,177.739,0.044379,-0.467832,-0.078020,-0.034905,-0.259626,-0.166560
1790862489.855901,1790862489.916308,-0.647245,4.488317,0.414286,0.017440,0.726970,-0.686435,-0.004115,-93.301,1.029,178.223,0.052428,-0.475857,-0.065112,0.042860,-0.219141,-0.311440
1790862489.889241,1790862489.935523,-0.645533,4.472412,0.412539,0.011391,0.725869,-0.687717,-0.005358,-93.097,0.452,178.630,0.047161,-0.478125,-0.040187,0.174957,-0.145635,-0.281613
1790862489.922582,1790862489.985140,-0.643724,4.456941,0.411509,0.008625,0.723987,-0.689724,-0.006968,-92.778,0.104,178.734,0.034504,-0.484816,-0.026834,0.083343,0.085530,-0.033398
1790862489.955923,1790862490.018849,-0.641266,4.441937,0.411044,0.012691,0.724348,-0.689280,-0.007305,-92.848,0.396,178.369,0.034384,-0.491257,-0.015989,-0.137171,0.238932,0.349031
1790862489.989265,1790862490.046721,-0.640058,4.426005,0.410805,0.019995,0.725338,-0.688082,-0.005331,-93.040,1.134,177.917,0.041033,-0.483341,0.010408,0.005581,0.151580,0.402299
1790862490.022606,1790862490.082642,-0.637645,4.411463,0.411565,0.023842,0.723648,-0.689751,-0.003000,-92.779,1.636,177.784,0.054239,-0.474493,0.027552,0.264448,-0.035915,0.073120
1790862490.055947,1790862490.117824,-0.636463,4.394247,0.412407,0.021709,0.720012,-0.693617,-0.002511,-92.166,1.519,178.008,0.066515,-0.482436,0.022745,0.320908,-0.186119,-0.165502
1790862490.089288,1790862490.159822,-0.634677,4.373594,0.412843,0.016587,0.717662,-0.696190,-0.002342,-91.756,1.131,178.449,0.075593,-0.493657,-0.005700,0.047123,-0.256452,-0.259252
1790862490.122629,1790862490.187456,-0.630711,4.362351,0.412385,0.010545,0.718887,-0.695044,-0.002129,-91.938,0.665,178.962,0.082725,-0.480629,-0.020313,-0.237302,-0.262827,-0.224098
1790862490.155971,1790862490.216659,-0.627266,4.346951,0.412172,0.005852,0.721698,-0.692183,-0.001134,-92.394,0.370,179.426,0.083754,-0.466560,0.007146,-0.170188,-0.196790,-0.084547
1790862490.189312,1790862490.244612,-0.624240,4.332052,0.413104,0.003422,0.722029,-0.691855,0.000429,-92.446,0.307,179.751,0.084977,-0.449795,0.049465,0.152595,-0.156308,0.023045
1790862490.222653,1790862490.276264,-0.620438,4.318333,0.415029,0.002895,0.719109,-0.694885,0.002974,-91.963,0.476,179.998,0.081604,-0.435078,0.057970,0.292150,-0.095597,0.160465
1790862490.255994,1790862490.316952,-0.617806,4.303985,0.416433,0.004630,0.716839,-0.697201,0.005515,-91.591,0.823,-179.940,0.070199,-0.432127,0.023874,0.039674,0.018390,0.157269
1790862490.289336,1790862490.354497,-0.615197,4.290018,0.416791,0.006315,0.717129,-0.696881,0.006617,-91.641,1.048,-179.991,0.064929,-0.423718,-0.001743,-0.059398,0.004539,0.061389
1790862490.322677,1790862490.385517,-0.611861,4.277369,0.416669,0.005793,0.717389,-0.696618,0.006548,-91.683,1.001,-179.953,0.060142,-0.406973,-0.011827,0.031154,-0.031691,-0.123976
1790862490.356017,1790862490.405455,-0.610004,4.263974,0.415992,0.002648,0.716730,-0.697335,0.003810,-91.571,0.525,-179.913,0.047198,-0.391198,-0.030501,0.049264,0.009861,-0.361537
1790862490.389359,1790862490.438423,-0.608269,4.251716,0.414512,-0.001536,0.717097,-0.696971,-0.000873,-91.631,-0.194,-179.943,0.035552,-0.371378,-0.057304,-0.163793,0.053540,-0.348755
1790862490.422700,1790862490.476937,-0.607477,4.239267,0.412487,-0.003501,0.720374,-0.693563,-0.004359,-92.172,-0.638,179.943,0.019768,-0.352602,-0.060464,-0.377918,0.078043,-0.062190
1790862490.456042,1790862490.509245,-0.607584,4.227014,0.410852,-0.001604,0.724890,-0.688848,-0.004557,-92.920,-0.505,179.773,0.002067,-0.336017,-0.035588,-0.337438,0.087627,0.173238
1790862490.489383,1790862490.555246,-0.607987,4.215815,0.410215,0.001002,0.727115,-0.686506,-0.003507,-93.290,-0.213,179.641,-0.007598,-0.320812,-0.002860,0.007719,0.013053,0.110389
1790862490.522724,1790862490.571891,-0.608345,4.205228,0.410273,0.001494,0.725611,-0.688098,-0.002756,-93.040,-0.111,179.658,-0.013214,-0.316810,-0.000879,0.201600,-0.035949,0.009184
1790862490.556066,1790862490.620622,-0.607572,4.195241,0.409790,0.000700,0.723925,-0.689875,-0.001960,-92.759,-0.107,179.787,-0.014968,-0.324469,-0.037156,0.033285,-0.090285,0.001725
1790862490.589407,1790862490.653788,-0.606786,4.184946,0.407899,-0.000442,0.724869,-0.688887,-0.000818,-92.916,-0.103,179.972,-0.012805,-0.340948,-0.077084,-0.193621,-0.107339,0.000654
1790862490.622749,1790862490.679929,-0.607539,4.172365,0.405028,-0.002374,0.727236,-0.686384,0.000238,-93.311,-0.167,-179.783,-0.006750,-0.360129,-0.093013,-0.186166,-0.155277,-0.078177
1790862490.656090,1790862490.715108,-0.607820,4.159749,0.401994,-0.005159,0.728779,-0.684728,0.001481,-93.571,-0.281,-179.453,0.001091,-0.377087,-0.087964,-0.086028,-0.186170,-0.059001
1790862490.689432,1790862490.745676,-0.607718,4.146792,0.399308,-0.007861,0.729302,-0.684141,0.002889,-93.663,-0.375,-179.116,0.005503,-0.395607,-0.069290,0.007718,-0.153146,-0.051545
1790862490.722773,1790862490.772317,-0.607426,4.133718,0.397513,-0.009377,0.728322,-0.685157,0.004474,-93.502,-0.363,-178.866,0.002596,-0.411492,-0.034780,0.197340,-0.105207,0.068833
1790862490.756115,1790862490.809947,-0.607167,4.120566,0.396670,-0.007692,0.725364,-0.688290,0.006773,-93.005,-0.044,-178.826,-0.011055,-0.422063,-0.018391,0.205863,0.071629,0.263782
1790862490.789455,1790862490.843507,-0.606853,4.106590,0.396066,-0.002417,0.724836,-0.688860,0.008853,-92.911,0.544,-179.100,-0.012051,-0.429574,-0.016171,-0.104137,0.145135,0.354329
1790862490.822797,1790862490.885542,-0.606705,4.092131,0.396056,0.003004,0.725795,-0.687809,0.011450,-93.072,1.189,-179.347,-0.010377,-0.423611,0.015930,0.021567,0.082282,0.296801
1790862490.856138,1790862490.911849,-0.606801,4.079301,0.397098,0.006750,0.723183,-0.690509,0.012614,-92.642,1.580,-179.561,-0.023647,-0.419812,0.051134,0.427447,0.146203,0.099723
1790862490.889480,1790862490.947880,-0.607295,4.066443,0.398851,0.009512,0.717836,-0.696062,0.010910,-91.763,1.656,-179.912,-0.037551,-0.419707,0.054120,0.435970,0.235690,0.029412
1790862490.922821,1790862490.976530,-0.606796,4.049681,0.400446,0.013483,0.714095,-0.699871,0.008220,-91.160,1.754,179.556,-0.047925,-0.422491,0.032407,0.192012,0.330488,0.095452
1790862490.956163,1790862491.022709,-0.608277,4.039012,0.401094,0.019499,0.713639,-0.700221,0.005421,-91.108,2.008,178.840,-0.055851,-0.409928,0.009105,-0.122243,0.388019,0.190265
1790862490.989504,1790862491.059396,-0.609520,4.026472,0.401442,0.026070,0.715652,-0.697958,0.004093,-91.473,2.421,178.187,-0.042786,-0.388587,0.012999,-0.192552,0.239954,0.237137
1790862491.022846,1790862491.093170,-0.612288,4.012827,0.402139,0.030042,0.716739,-0.696676,0.005102,-91.677,2.819,177.937,-0.022057,-0.368985,0.028243,0.004527,0.005588,0.130612
1790862491.056187,1790862491.125649,-0.612807,3.993048,0.403117,0.028883,0.716522,-0.696945,0.005470,-91.634,2.757,178.063,-0.000189,-0.365717,0.014209,0.025821,-0.126513,-0.228395
1790862491.089529,1790862491.163338,-0.610987,3.988469,0.403440,0.022902,0.716443,-0.697259,0.003791,-91.584,2.142,178.421,0.023534,-0.345830,-0.001653,-0.015714,-0.226643,-0.376476
1790862491.122871,1790862491.196982,-0.608894,3.977149,0.403366,0.015968,0.716950,-0.696936,0.002795,-91.636,1.505,178.911,0.041861,-0.334743,-0.017115,-0.086025,-0.250086,-0.330671
1790862491.156212,1790862491.232520,-0.607219,3.966275,0.402395,0.009233,0.718644,-0.695315,0.001394,-91.895,0.850,179.351,0.044045,-0.322486,-0.033286,-0.157399,-0.171254,-0.320018
1790862491.189554,1790862491.275617,-0.605899,3.955396,0.401191,0.004457,0.720507,-0.693433,0.000181,-92.195,0.369,179.646,0.037419,-0.313326,-0.038261,-0.157401,-0.100949,-0.175137
1790862491.222894,1790862491.305996,-0.604472,3.945284,0.399863,0.003068,0.722015,-0.691871,-0.000145,-92.443,0.231,179.735,0.027899,-0.309051,-0.037341,-0.091352,0.005575,0.032593
1790862491.256235,1790862491.335258,-0.603543,3.934936,0.398504,0.004694,0.722738,-0.691106,0.000903,-92.565,0.447,179.683,0.030612,-0.306169,-0.043506,-0.059394,0.003444,0.196650
1790862491.289576,1790862491.368836,-0.602620,3.924584,0.396782,0.007446,0.724032,-0.689715,0.004062,-92.783,0.926,179.703,0.041193,-0.305893,-0.060345,-0.208534,-0.043431,0.308506
1790862491.322916,1790862491.402266,-0.602413,3.900253,0.395135,0.010510,0.727595,-0.685879,0.008091,-93.384,1.501,179.760,0.052276,-0.322721,-0.071472,-0.370479,-0.038131,0.238191
1790862491.356257,1790862491.433309,-0.598784,3.899502,0.392751,0.012221,0.731612,-0.681524,0.010939,-94.063,1.872,179.830,0.072359,-0.306707,-0.056886,-0.327854,-0.082844,0.155099
1790862491.389597,1790862491.465456,-0.595954,3.889607,0.391257,0.011826,0.734220,-0.678678,0.013326,-94.502,2.041,-179.959,0.083550,-0.303974,-0.032306,-0.111598,-0.123321,-0.037719
1790862491.422938,1790862491.501427,-0.595405,3.881100,0.390364,0.009300,0.733689,-0.679305,0.012603,-94.405,1.784,-179.801,0.080591,-0.308311,-0.014829,0.231427,-0.017863,-0.247573
1790862491.456279,1790862491.536319,-0.591899,3.871802,0.389498,0.006263,0.730836,-0.682461,0.009252,-93.919,1.265,-179.801,0.076421,-0.317838,-0.032371,0.204796,0.086540,-0.249705
1790862491.489619,1790862491.565823,-0.589454,3.858325,0.388274,0.005522,0.729654,-0.683776,0.005007,-93.719,0.851,179.931,0.068332,-0.335288,-0.060698,0.019432,0.221835,-0.170876
1790862491.522960,1790862491.597558,-0.586705,3.845985,0.386135,0.006595,0.729902,-0.683520,0.000163,-93.761,0.530,179.461,0.064372,-0.348699,-0.073242,-0.047681,0.288949,-0.126138
1790862491.556300,1790862491.630101,-0.584470,3.832656,0.383943,0.008463,0.730573,-0.682764,-0.005084,-93.877,0.236,178.894,0.063562,-0.360080,-0.073652,-0.055142,0.320911,-0.159166
1790862491.589641,1790862491.654023,-0.582271,3.820319,0.381599,0.009966,0.730877,-0.682339,-0.011511,-93.931,-0.185,178.265,0.065630,-0.366184,-0.059896,0.024754,0.373109,-0.245455
1790862491.622982,1790862491.680492,-0.580842,3.791970,0.380237,0.010548,0.730526,-0.682533,-0.019222,-93.874,-0.784,177.613,0.064910,-0.391869,-0.040126,0.081185,0.363483,-0.309381
1790862491.656322,1790862491.710331,-0.578274,3.794299,0.379098,0.012458,0.729462,-0.683366,-0.027224,-93.701,-1.300,176.824,0.057618,-0.363920,-0.023885,-0.038099,0.536101,-0.128274
1790862491.689662,1790862491.746326,-0.576084,3.783220,0.378645,0.019610,0.730557,-0.681687,-0.034704,-93.912,-1.374,175.642,0.057855,-0.361631,-0.005334,-0.213872,0.692703,0.157221
1790862491.723002,1790862491.778348,-0.573992,3.771040,0.378897,0.030821,0.732357,-0.679033,-0.040225,-94.278,-0.978,174.273,0.062745,-0.360030,0.023551,-0.127583,0.665009,0.359627
1790862491.756343,1790862491.812672,-0.570757,3.759478,0.380246,0.042445,0.731581,-0.679046,-0.043406,-94.245,-0.336,173.047,0.070061,-0.360872,0.047260,0.199462,0.556337,0.380928
1790862491.789684,1790862491.844182,-0.568596,3.747651,0.381686,0.051136,0.727590,-0.682553,-0.046025,-93.670,0.162,172.112,0.088766,-0.369759,0.036609,0.339017,0.372043,0.147630
1790862491.823024,1790862491.875148,-0.565223,3.727514,0.382340,0.054658,0.723868,-0.685988,-0.049474,-93.092,0.193,171.546,0.107237,-0.393699,0.014542,0.292132,0.210063,-0.060100
1790862491.856365,1790862491.918380,-0.560777,3.723242,0.382692,0.055230,0.720814,-0.688886,-0.053041,-92.593,-0.021,171.217,0.111512,-0.388391,0.002265,0.206923,0.158971,-0.102715
1790862491.889706,1790862491.947980,-0.556594,3.711177,0.382639,0.056053,0.718230,-0.691210,-0.056852,-92.177,-0.239,170.845,0.108959,-0.390310,-0.006467,0.228230,0.266558,-0.164502
1790862491.923046,1790862491.981666,-0.552425,3.697752,0.382251,0.056706,0.715844,-0.692988,-0.064192,-91.794,-0.763,170.202,0.107178,-0.383865,-0.019658,0.125961,0.448732,-0.351998
1790862491.956387,1790862492.009937,-0.547964,3.686646,0.381435,0.057971,0.715364,-0.692293,-0.074989,-91.732,-1.548,169.232,0.107222,-0.363894,-0.020444,-0.078571,0.596802,-0.355197
1790862491.989727,1790862492.055063,-0.544281,3.674466,0.381152,0.062458,0.715651,-0.690517,-0.084435,-91.841,-1.983,168.105,0.111074,-0.341107,0.003569,-0.027437,0.527560,-0.037739
1790862492.023068,1790862492.090210,-0.540021,3.662788,0.381669,0.068072,0.714866,-0.690333,-0.088173,-91.796,-1.838,167.339,0.116548,-0.314827,0.016747,0.037540,0.249510,0.221122
1790862492.056408,1790862492.114226,-0.536865,3.652845,0.382090,0.073545,0.713839,-0.690927,-0.087442,-91.717,-1.330,166.945,0.114762,-0.300251,0.010818,0.040737,0.151504,0.260544
1790862492.089749,1790862492.135075,-0.533930,3.642805,0.382202,0.077040,0.712835,-0.691633,-0.087031,-91.613,-1.003,166.688,0.109631,-0.296187,-0.004790,0.079088,0.115275,0.062403
1790862492.123089,1790862492.169165,-0.530089,3.632210,0.381734,0.077647,0.711491,-0.692710,-0.088903,-91.404,-1.085,166.485,0.101382,-0.296483,-0.026187,0.101457,0.112084,-0.151723
1790862492.156430,1790862492.215914,-0.527984,3.622285,0.380384,0.076680,0.711315,-0.692443,-0.093133,-91.358,-1.507,166.223,0.085444,-0.296975,-0.055805,-0.095622,0.177062,-0.280618
1790862492.189770,1790862492.253851,-0.524756,3.612178,0.378236,0.075489,0.713784,-0.689288,-0.098472,-91.742,-2.092,165.896,0.078240,-0.291511,-0.069703,-0.319336,0.161088,-0.293405
1790862492.223111,1790862492.289657,-0.523241,3.602001,0.376277,0.075402,0.717843,-0.684688,-0.101085,-92.407,-2.400,165.706,0.071673,-0.281664,-0.049714,-0.328926,0.005551,0.017663
1790862492.256451,1790862492.316703,-0.520827,3.592572,0.375011,0.076568,0.720848,-0.681751,-0.098648,-92.924,-2.167,165.814,0.064562,-0.275871,-0.021258,-0.167001,-0.139324,0.215809
1790862492.289819,1790862492.341412,-0.520768,3.582825,0.374660,0.077537,0.721327,-0.681826,-0.093747,-93.019,-1.691,166.125,0.052408,-0.280063,-0.004087,0.080144,-0.207509,0.199841
1790862492.323206,1790862492.370994,-0.517802,3.572698,0.374351,0.076058,0.720278,-0.683637,-0.089749,-92.819,-1.450,166.564,0.050393,-0.291380,-0.013390,0.109971,-0.258638,0.069868
1790862492.356594,1790862492.409703,-0.517416,3.562200,0.373623,0.073930,0.719779,-0.684886,-0.085925,-92.700,-1.285,167.045,0.035930,-0.304996,-0.035587,0.000245,-0.236269,0.043241
1790862492.389982,1790862492.440993,-0.516785,3.550841,0.372131,0.071161,0.721122,-0.684053,-0.083605,-92.876,-1.331,167.463,0.025737,-0.321002,-0.057733,-0.160619,-0.196849,-0.112289
1790862492.423370,1790862492.474171,-0.515810,3.539636,0.370203,0.067860,0.723228,-0.682222,-0.083116,-93.173,-1.583,167.781,0.018414,-0.334737,-0.053334,-0.098831,-0.106299,-0.162359
1790862492.456759,1790862492.514356,-0.515820,3.527895,0.368784,0.065441,0.724001,-0.681571,-0.083670,-93.265,-1.831,167.941,0.010632,-0.348254,-0.036106,0.013022,-0.046641,-0.097375
1790862492.490148,1790862492.549433,-0.515631,3.516334,0.367816,0.064388,0.723607,-0.682026,-0.084182,-93.184,-1.949,167.987,0.000899,-0.360643,-0.019276,0.065222,0.005557,-0.022803
1790862492.523537,1790862492.578320,-0.516892,3.504426,0.367417,0.064509,0.722735,-0.682972,-0.083917,-93.041,-1.902,167.996,-0.005630,-0.369486,-0.002966,0.090789,-0.039183,0.076275
1790862492.556926,1790862492.609030,-0.517384,3.492206,0.367546,0.065262,0.721220,-0.684754,-0.081816,-92.800,-1.641,168.096,-0.006814,-0.375061,0.009725,0.162163,-0.077536,0.184936
1790862492.590316,1790862492.640265,-0.517685,3.479827,0.367773,0.066512,0.719930,-0.686356,-0.078693,-92.605,-1.261,168.238,-0.001759,-0.378764,0.001853,-0.012542,-0.099906,0.200918
1790862492.623706,1790862492.684066,-0.517262,3.466749,0.367850,0.067613,0.721349,-0.685240,-0.074360,-92.857,-0.838,168.494,0.007944,-0.382774,0.003443,-0.184057,-0.198979,0.195589
1790862492.657096,1790862492.717009,-0.518216,3.454720,0.368390,0.066998,0.722360,-0.684702,-0.069935,-93.014,-0.532,168.897,0.008299,-0.380948,0.027791,0.092918,-0.227738,0.042193
1790862492.690487,1790862492.745030,-0.517719,3.441676,0.369482,0.063397,0.720209,-0.687433,-0.068673,-92.605,-0.674,169.295,0.008520,-0.381181,0.040348,0.315566,-0.170213,-0.200694
1790862492.723878,1790862492.783305,-0.518762,3.429610,0.370746,0.058164,0.717003,-0.691062,-0.070406,-92.004,-1.179,169.586,0.001154,-0.377333,0.032845,0.283608,-0.114814,-0.344502
1790862492.757269,1790862492.814263,-0.518333,3.416559,0.371668,0.052677,0.714727,-0.693552,-0.073320,-91.561,-1.819,169.800,-0.011041,-0.373045,0.019129,0.164293,-0.080724,-0.296567
1790862492.790661,1790862492.845690,-0.519111,3.404545,0.372120,0.049086,0.713814,-0.694548,-0.075250,-91.369,-2.249,169.936,-0.029595,-0.366139,0.005688,0.042850,-0.046632,-0.144229
1790862492.824053,1790862492.877593,-0.521820,3.393231,0.372183,0.048375,0.713716,-0.694676,-0.075461,-91.346,-2.321,169.977,-0.045677,-0.357180,-0.005151,-0.022133,-0.001885,0.062443
1790862492.857445,1790862492.904991,-0.523465,3.381448,0.371884,0.049721,0.713997,-0.694463,-0.073880,-91.406,-2.088,169.995,-0.051312,-0.348699,-0.014119,-0.030655,-0.033847,0.155123
1790862492.890838,1790862492.946716,-0.525604,3.370384,0.371253,0.051047,0.714036,-0.694572,-0.071536,-91.428,-1.791,170.075,-0.062018,-0.339059,-0.022443,0.015152,-0.045565,0.163647
1790862492.924231,1790862492.980413,-0.528084,3.359527,0.370293,0.052370,0.713605,-0.695168,-0.069041,-91.373,-1.474,170.166,-0.068501,-0.330804,-0.036811,0.013023,-0.066872,0.134885
1790862492.957623,1790862493.019298,-0.530498,3.348540,0.368784,0.052547,0.713956,-0.695011,-0.066814,-91.432,-1.281,170.332,-0.064106,-0.321813,-0.055516,-0.088181,-0.122267,0.061380
1790862492.991017,1790862493.044497,-0.532395,3.337052,0.366845,0.051392,0.715802,-0.693458,-0.064048,-91.721,-1.170,170.652,-0.049393,-0.312698,-0.061450,-0.189386,-0.213881,0.054988
1790862493.024410,1790862493.079260,-0.533955,3.325044,0.364903,0.049411,0.717962,-0.691687,-0.060487,-92.053,-1.060,171.103,-0.041550,-0.306219,-0.048086,-0.109490,-0.218143,0.032617
1790862493.057804,1790862493.118594,-0.538330,3.311978,0.363493,0.047376,0.718649,-0.691314,-0.058170,-92.144,-1.037,171.457,-0.043008,-0.308315,-0.035584,0.031119,-0.143583,-0.069637
1790862493.091198,1790862493.152392,-0.538217,3.304137,0.362299,0.044639,0.718131,-0.692043,-0.058068,-92.030,-1.239,171.691,-0.034997,-0.306018,-0.034908,0.066280,-0.100954,-0.130363
1790862493.124593,1790862493.192217,-0.539761,3.294593,0.361401,0.042140,0.717721,-0.692616,-0.058169,-91.937,-1.440,171.888,-0.030130,-0.308567,-0.039805,0.003429,-0.108413,-0.050466
1790862493.157988,1790862493.230848,-0.540348,3.283292,0.359924,0.041136,0.718854,-0.691637,-0.056524,-92.115,-1.396,172.104,-0.019017,-0.313621,-0.050227,-0.209632,-0.113739,0.093346
1790862493.191383,1790862493.263975,-0.539200,3.271080,0.358379,0.042010,0.722116,-0.688407,-0.053659,-92.662,-1.126,172.266,-0.006057,-0.317320,-0.039936,-0.310837,-0.058331,0.170041
1790862493.224779,1790862493.291178,-0.538762,3.259333,0.357615,0.043763,0.724675,-0.685801,-0.051071,-93.104,-0.802,172.329,0.007747,-0.316238,-0.002944,-0.079670,-0.034895,0.163648
1790862493.258174,1790862493.320773,-0.537819,3.248740,0.357857,0.045189,0.724036,-0.686504,-0.049414,-93.012,-0.545,172.340,0.013532,-0.316346,0.023417,0.167479,0.032219,0.101862
1790862493.291535,1790862493.351304,-0.537445,3.237689,0.358954,0.046884,0.721731,-0.688823,-0.049282,-92.647,-0.375,172.208,0.016218,-0.323739,0.016302,0.165349,0.085477,0.093337
1790862493.324870,1790862493.384462,-0.535447,3.225266,0.359111,0.049093,0.720458,-0.689994,-0.049382,-92.461,-0.195,172.017,0.025034,-0.336622,-0.010358,0.014074,0.095071,0.119965
1790862493.358205,1790862493.411180,-0.533056,3.207406,0.357310,0.051528,0.720625,-0.689646,-0.049324,-92.517,-0.001,171.819,0.035894,-0.356972,-0.036363,-0.076476,0.102546,0.086945
1790862493.391540,1790862493.442228,-0.534583,3.200818,0.357017,0.052905,0.721571,-0.688513,-0.049861,-92.690,0.051,171.662,0.045580,-0.363294,-0.042949,-0.061562,0.064171,-0.072849
1790862493.424875,1790862493.478470,-0.532887,3.189078,0.355778,0.051580,0.721424,-0.688587,-0.052292,-92.650,-0.253,171.579,0.056637,-0.372233,-0.031482,0.111015,0.044998,-0.237971
1790862493.458208,1790862493.520910,-0.534274,3.166926,0.355135,0.049240,0.720202,-0.689757,-0.055860,-92.420,-0.718,171.489,0.059430,-0.392376,-0.019457,0.148283,0.079074,-0.258204
1790862493.491543,1790862493.558710,-0.531399,3.165411,0.355321,0.047125,0.718490,-0.691335,-0.060061,-92.115,-1.212,171.327,0.065864,-0.379885,-0.009773,0.109951,0.101460,-0.244362
1790862493.524878,1790862493.590661,-0.528727,3.151645,0.355118,0.046736,0.717595,-0.691959,-0.063769,-91.964,-1.538,171.061,0.068243,-0.380637,0.003898,0.007684,0.217578,-0.060066
1790862493.558213,1790862493.622928,-0.526179,3.139354,0.355600,0.049913,0.717854,-0.691206,-0.066539,-92.042,-1.520,170.578,0.078951,-0.382233,0.024408,-0.056233,0.264449,0.118901
1790862493.591547,1790862493.657475,-0.523660,3.126759,0.356707,0.054734,0.716912,-0.691771,-0.067040,-91.944,-1.169,170.139,0.088108,-0.382523,0.043466,0.151499,0.172830,0.233954
1790862493.624882,1790862493.683181,-0.522689,3.109672,0.358203,0.058383,0.714686,-0.693847,-0.066270,-91.626,-0.785,169.896,0.095779,-0.391844,0.024832,0.138708,0.079064,0.127432
1790862493.658216,1790862493.716632,-0.517401,3.099641,0.358604,0.059792,0.713607,-0.694862,-0.066010,-91.468,-0.637,169.800,0.114699,-0.397200,-0.005375,0.001292,0.003446,0.054984
1790862493.691550,1790862493.756330,-0.514565,3.086719,0.358392,0.060368,0.714153,-0.694361,-0.064844,-91.565,-0.503,169.847,0.124421,-0.405072,-0.020816,-0.079671,-0.045565,0.093337
1790862493.724885,1790862493.783428,-0.509839,3.071239,0.357659,0.061284,0.714662,-0.693865,-0.063667,-91.662,-0.341,169.866,0.124924,-0.414177,-0.018870,0.025790,0.038598,0.039004
1790862493.758219,1790862493.809284,-0.505241,3.058698,0.357001,0.061540,0.713631,-0.694739,-0.065434,-91.496,-0.452,169.703,0.132950,-0.415683,-0.017756,0.131257,0.145121,-0.151684
1790862493.791553,1790862493.850794,-0.499524,3.044455,0.356270,0.061240,0.712178,-0.695784,-0.070262,-91.255,-0.851,169.338,0.139958,-0.413024,-0.021774,0.088645,0.253786,-0.225192
1790862493.824888,1790862493.883834,-0.494254,3.031718,0.355653,0.062214,0.711704,-0.695630,-0.075529,-91.191,-1.201,168.832,0.148139,-0.399940,-0.020699,-0.041317,0.250578,-0.056879
1790862493.858222,1790862493.914425,-0.489682,3.017940,0.355175,0.066032,0.712172,-0.694648,-0.076905,-91.324,-1.020,168.409,0.152416,-0.386266,-0.008502,-0.095649,0.189858,0.274430
1790862493.891555,1790862493.951142,-0.485126,2.997604,0.355034,0.072587,0.712669,-0.693772,-0.074256,-91.509,-0.294,168.083,0.159209,-0.385450,0.002071,-0.054123,0.118469,0.468314
1790862493.924889,1790862493.983562,-0.479748,2.993112,0.355191,0.079556,0.711991,-0.694241,-0.069064,-91.520,0.694,167.925,0.168591,-0.359297,-0.000002,-0.015753,0.039645,0.542887
1790862493.958223,1790862494.022352,-0.474009,2.981322,0.354853,0.085525,0.712059,-0.693909,-0.064410,-91.644,1.545,167.804,0.171660,-0.355427,-0.018509,-0.109499,0.057757,0.298933
1790862493.991557,1790862494.049253,-0.469192,2.969144,0.354509,0.087880,0.712349,-0.693459,-0.062848,-91.739,1.853,167.732,0.169282,-0.353259,-0.014785,0.084381,0.007688,0.035807
1790862494.024891,1790862494.080426,-0.463101,2.956507,0.353890,0.087463,0.709800,-0.696045,-0.063690,-91.315,1.796,167.706,0.154870,-0.350478,-0.018482,0.303832,0.039652,-0.074984
1790862494.058225,1790862494.119929,-0.459028,2.947319,0.352676,0.087031,0.707104,-0.698637,-0.065849,-90.868,1.632,167.574,0.136808,-0.342705,-0.059517,0.067340,0.113154,-0.098416
1790862494.091559,1790862494.152217,-0.454091,2.934868,0.350031,0.087663,0.708755,-0.696652,-0.068252,-91.148,1.455,167.325,0.128274,-0.336840,-0.097319,-0.347061,0.138731,-0.053675
1790862494.124893,1790862494.188310,-0.449600,2.921648,0.346761,0.089697,0.713911,-0.690981,-0.069507,-92.031,1.416,167.044,0.118311,-0.325097,-0.090716,-0.495141,0.142987,0.031543
1790862494.158227,1790862494.210976,-0.445741,2.911088,0.344704,0.092139,0.718077,-0.686382,-0.068961,-92.767,1.573,166.875,0.114380,-0.307235,-0.043302,-0.201119,0.001295,0.116764
1790862494.191561,1790862494.245394,-0.442486,2.901116,0.343770,0.092630,0.718654,-0.685927,-0.066786,-92.872,1.781,167.005,0.111275,-0.296883,-0.009396,0.058813,-0.148910,0.072025
1790862494.224894,1790862494.279865,-0.439874,2.882561,0.343651,0.090693,0.718190,-0.686880,-0.064608,-92.755,1.822,167.342,0.101740,-0.315433,-0.008365,0.083288,-0.176627,-0.066459
1790862494.258228,1790862494.308629,-0.436569,2.880117,0.343155,0.087364,0.717444,-0.688150,-0.063961,-92.564,1.631,167.674,0.088758,-0.308365,-0.022453,0.053483,-0.159557,-0.136768
1790862494.291564,1790862494.345799,-0.433661,2.869820,0.342126,0.084259,0.717681,-0.688301,-0.063845,-92.542,1.395,167.943,0.069665,-0.317306,-0.041733,-0.043458,-0.096700,-0.120791
1790862494.324902,1790862494.382651,-0.431134,2.859129,0.340528,0.082488,0.718749,-0.687362,-0.064257,-92.684,1.205,168.056,0.056378,-0.326587,-0.053813,-0.108441,-0.012538,-0.069658
1790862494.358239,1790862494.407781,-0.429407,2.849131,0.339217,0.082333,0.719954,-0.686106,-0.064392,-92.879,1.161,168.056,0.045504,-0.334902,-0.047456,-0.085002,0.017290,0.021953
1790862494.391577,1790862494.455055,-0.427486,2.836448,0.337746,0.083127,0.720544,-0.685422,-0.064056,-92.992,1.240,168.015,0.038187,-0.347341,-0.035346,-0.034935,0.016229,0.052845
1790862494.424915,1790862494.485669,-0.426324,2.824757,0.336711,0.083493,0.720834,-0.685129,-0.063444,-93.047,1.315,168.032,0.036386,-0.357914,-0.026648,-0.027477,-0.049818,0.003842
1790862494.458253,1790862494.515271,-0.425295,2.812139,0.335956,0.082079,0.721368,-0.684827,-0.062467,-93.109,1.278,168.227,0.035203,-0.363531,-0.018287,-0.046654,-0.172327,-0.068598
1790862494.491591,1790862494.541986,-0.424454,2.799493,0.335531,0.078294,0.722723,-0.683968,-0.061064,-93.263,1.079,168.654,0.032183,-0.364152,-0.007134,-0.114835,-0.252223,-0.163408
1790862494.524929,1790862494.582896,-0.423620,2.787114,0.335660,0.073625,0.724092,-0.683152,-0.059786,-93.409,0.803,169.145,0.026537,-0.365031,0.014242,-0.010437,-0.233047,-0.147428
1790862494.558267,1790862494.597830,-0.422880,2.774951,0.336366,0.069599,0.723750,-0.683985,-0.059223,-93.286,0.543,169.527,0.016096,-0.364981,0.024371,0.120593,-0.126518,-0.158081
1790862494.591604,1790862494.646045,-0.422016,2.763188,0.337275,0.067173,0.722471,-0.685456,-0.060606,-93.036,0.259,169.622,-0.003009,-0.368210,0.021081,0.133377,0.049255,-0.127189
1790862494.624942,1790862494.687716,-0.421752,2.750918,0.337809,0.066967,0.720978,-0.686796,-0.063388,-92.785,0.033,169.419,-0.021821,-0.372801,0.010470,0.118464,0.176023,-0.116538
1790862494.658280,1790862494.716882,-0.422285,2.738351,0.337915,0.067824,0.719576,-0.687813,-0.067260,-92.566,-0.200,169.039,-0.035694,-0.375131,-0.004158,0.097160,0.233548,-0.078189
1790862494.691617,1790862494.747813,-0.423507,2.725581,0.337550,0.070460,0.718689,-0.688181,-0.070204,-92.462,-0.225,168.586,-0.041407,-0.372244,-0.020863,-0.030676,0.182414,0.076277
1790862494.724955,1790862494.779698,-0.432648,2.722230,0.338192,0.073042,0.719993,-0.686649,-0.069189,-92.720,0.039,168.452,-0.045420,-0.356659,-0.033024,-0.226692,0.003375,0.160451
1790862494.758293,1790862494.808073,-0.427671,2.701273,0.336158,0.075576,0.723067,-0.683646,-0.063957,-93.272,0.621,168.653,0.001371,-0.349716,-0.019696,-0.259715,-0.388579,0.287209
1790862494.791629,1790862494.854710,-0.427819,2.689161,0.335730,0.071981,0.725373,-0.682304,-0.055806,-93.595,0.989,169.595,0.008198,-0.340937,0.001042,-0.014699,-0.496173,-0.025985
1790862494.824967,1790862494.869861,-0.428138,2.677655,0.336106,0.065774,0.724501,-0.684017,-0.053783,-93.351,0.690,170.276,-0.027928,-0.347567,0.020479,0.247362,-0.153148,-0.272068
1790862494.858305,1790862494.919544,-0.430561,2.667880,0.337087,0.060240,0.722317,-0.686830,-0.053794,-92.909,0.289,170.740,-0.007225,-0.331864,0.017465,0.173858,-0.375786,-0.194298
1790862494.891642,1790862494.953600,-0.432175,2.659896,0.338119,0.054170,0.721650,-0.688238,-0.051147,-92.718,0.043,171.455,-0.011259,-0.324324,0.003459,0.008739,-0.280969,-0.051548
1790862494.924979,1790862494.983049,-0.431548,2.647079,0.337836,0.052376,0.721864,-0.688363,-0.048227,-92.732,0.142,171.836,-0.012841,-0.323602,0.005652,0.005543,-0.126503,0.137007
1790862494.958317,1790862495.009091,-0.429627,2.600377,0.337751,0.053067,0.722082,-0.688236,-0.045973,-92.776,0.381,171.957,-0.006997,-0.363407,0.008630,0.082177,-0.000787,0.091193
1790862494.991655,1790862495.050906,-0.432872,2.625672,0.338519,0.054154,0.719853,-0.690496,-0.045759,-92.421,0.510,171.885,-0.004231,-0.308463,0.011995,0.177054,0.030097,0.046457
1790862495.024992,1790862495.082741,-0.435222,2.621435,0.338698,0.054518,0.717705,-0.692729,-0.045312,-92.072,0.601,171.892,0.001991,-0.290047,0.001333,0.133383,-0.076428,0.029420
1790862495.058329,1790862495.113750,-0.435058,2.610881,0.338465,0.053641,0.717169,-0.693487,-0.043203,-91.973,0.712,172.133,0.011312,-0.280005,-0.017580,-0.046652,-0.182953,0.084817
1790862495.091667,1790862495.149605,-0.434868,2.601576,0.337759,0.052258,0.718643,-0.692282,-0.039587,-92.199,0.886,172.534,0.018686,-0.268430,-0.027527,-0.180881,-0.255392,0.048597
1790862495.125004,1790862495.186018,-0.434292,2.592663,0.337045,0.049158,0.720746,-0.690520,-0.035931,-92.510,0.922,173.079,0.025701,-0.254952,-0.016464,-0.119093,-0.311852,-0.063258
1790862495.158342,1790862495.210693,-0.433576,2.584607,0.336786,0.044651,0.721435,-0.690221,-0.033666,-92.575,0.748,173.632,0.020399,-0.246558,0.001174,0.062006,-0.236216,-0.127175
1790862495.191679,1790862495.238838,-0.432626,2.576292,0.336807,0.041262,0.720124,-0.691820,-0.033213,-92.325,0.530,173.950,0.007000,-0.247089,-0.000078,0.157883,-0.074289,-0.089890
1790862495.225015,1790862495.269854,-0.430408,2.557144,0.336294,0.040452,0.718927,-0.693071,-0.034081,-92.120,0.405,173.949,-0.005596,-0.267947,-0.025047,0.064118,0.068505,-0.025980
1790862495.258352,1790862495.297780,-0.433142,2.560093,0.335213,0.041973,0.718648,-0.693230,-0.034864,-92.088,0.463,173.761,-0.020392,-0.264866,-0.053753,-0.072220,0.146229,0.101860
1790862495.291691,1790862495.353531,-0.433804,2.550627,0.333065,0.046015,0.720010,-0.691537,-0.035269,-92.354,0.736,173.393,-0.024826,-0.277706,-0.077091,-0.201121,0.217603,0.211584
1790862495.325030,1790862495.375848,-0.434693,2.540544,0.330309,0.051405,0.722401,-0.688665,-0.035137,-92.810,1.148,172.953,-0.024347,-0.290310,-0.088279,-0.270366,0.219733,0.209453
1790862495.358369,1790862495.396045,-0.435321,2.530532,0.327460,0.055762,0.725159,-0.685404,-0.035443,-93.322,1.435,172.559,-0.017922,-0.299878,-0.080999,-0.230950,0.173926,0.103988
1790862495.391709,1790862495.436033,-0.435490,2.520197,0.324992,0.057933,0.727050,-0.683141,-0.036900,-93.666,1.461,172.259,-0.006251,-0.310112,-0.068320,-0.122289,0.135576,-0.082437
1790862495.425048,1790862495.481155,-0.435625,2.510032,0.322816,0.057429,0.728169,-0.681830,-0.039739,-93.846,1.171,172.076,-0.000140,-0.322355,-0.059965,-0.064763,0.078050,-0.221991
1790862495.458387,1790862495.508030,-0.437975,2.496566,0.321566,0.055236,0.728865,-0.681029,-0.043641,-93.933,0.666,171.954,-0.013256,-0.340888,-0.048179,0.009800,0.128083,-0.299755
1790862495.491727,1790862495.538604,-0.434095,2.485276,0.319616,0.053299,0.727992,-0.681697,-0.049759,-93.763,0.013,171.637,-0.021611,-0.356832,-0.042502,0.155750,0.247435,-0.335985
1790862495.525066,1790862495.562276,-0.434335,2.473050,0.317990,0.052702,0.726482,-0.682786,-0.057008,-93.504,-0.622,171.116,-0.041201,-0.373881,-0.047277,0.077984,0.352901,-0.231586
1790862495.558405,1790862495.611244,-0.435687,2.459153,0.316502,0.056609,0.726014,-0.682448,-0.062957,-93.475,-0.811,170.320,-0.068891,-0.388230,-0.043634,-0.078613,0.506301,0.123154
1790862495.591745,1790862495.659067,-0.435184,2.445290,0.315335,0.065970,0.727133,-0.680039,-0.066874,-93.793,-0.431,169.228,-0.071207,-0.393065,-0.032412,-0.253321,0.619217,0.333008
1790862495.625084,1790862495.696244,-0.437771,2.430527,0.314700,0.077456,0.729103,-0.676320,-0.070718,-94.312,0.094,167.959,-0.059721,-0.390726,-0.006368,-0.260782,0.651182,0.289332
1790862495.658424,1790862495.733047,-0.438641,2.418177,0.315503,0.086858,0.729931,-0.673734,-0.075758,-94.628,0.369,166.768,-0.039049,-0.383655,0.031759,-0.001913,0.542518,0.062417
1790862495.691762,1790862495.766098,-0.441101,2.408052,0.316661,0.090711,0.727445,-0.675211,-0.081765,-94.290,0.203,165.972,-0.016934,-0.372369,0.050448,0.325135,0.268733,-0.174069
1790862495.725101,1790862495.795402,-0.438772,2.397061,0.317723,0.089237,0.724081,-0.678323,-0.087297,-93.699,-0.307,165.661,0.008020,-0.364431,0.024406,0.226069,0.094012,-0.323214
1790862495.758440,1790862495.824833,-0.439853,2.382891,0.318190,0.085909,0.723138,-0.679196,-0.091566,-93.476,-0.901,165.602,0.020220,-0.361080,-0.004768,0.025787,0.029033,-0.237990
1790862495.791780,1790862495.854012,-0.438597,2.369766,0.318156,0.086177,0.723234,-0.678752,-0.093822,-93.497,-1.073,165.401,0.008551,-0.360105,-0.013700,-0.048783,0.241013,0.114618
1790862495.825119,1790862495.883667,-0.438259,2.356927,0.317687,0.092305,0.723390,-0.677523,-0.095647,-93.648,-0.762,164.742,-0.004622,-0.357653,-0.019571,-0.110570,0.441293,0.225408
1790862495.858458,1790862495.917724,-0.436783,2.343147,0.317338,0.100412,0.723493,-0.675751,-0.099174,-93.845,-0.447,163.779,-0.007249,-0.352763,-0.015037,-0.088202,0.523304,0.188116
1790862495.891797,1790862495.952574,-0.436892,2.331595,0.316969,0.108887,0.722877,-0.674591,-0.102563,-93.946,-0.079,162.794,-0.009672,-0.342191,-0.003083,-0.053046,0.464725,0.297841
1790862495.925136,1790862495.984141,-0.437038,2.319232,0.317274,0.117720,0.722330,-0.673507,-0.103782,-94.085,0.495,161.948,-0.014528,-0.334622,0.004794,-0.082877,0.368844,0.340449
1790862495.958475,1790862496.021779,-0.438043,2.308707,0.317538,0.124907,0.721717,-0.672809,-0.104165,-94.184,1.015,161.306,-0.016192,-0.326786,0.017605,0.025783,0.264442,0.221139
1790862495.991814,1790862496.044291,-0.437849,2.297847,0.318258,0.128752,0.719577,-0.674071,-0.106111,-93.942,1.196,160.827,-0.022976,-0.320425,0.025406,0.231387,0.245262,-0.033467
1790862496.025154,1790862496.070318,-0.438413,2.287822,0.318865,0.129753,0.716394,-0.676466,-0.111076,-93.447,0.940,160.353,-0.034505,-0.314101,0.014613,0.263347,0.275092,-0.210306
1790862496.058493,1790862496.110580,-0.439609,2.277613,0.318970,0.129677,0.714021,-0.677810,-0.118034,-93.054,0.415,159.806,-0.052315,-0.308714,-0.010477,0.117402,0.335815,-0.284878
1790862496.091832,1790862496.151300,-0.442181,2.269721,0.318011,0.130678,0.713677,-0.676672,-0.125315,-93.028,-0.115,159.138,-0.070965,-0.296787,-0.031728,-0.116958,0.372028,-0.219889
1790862496.125170,1790862496.178211,-0.444868,2.258279,0.317021,0.132742,0.715780,-0.672999,-0.130808,-93.436,-0.492,158.524,-0.074933,-0.292142,-0.031595,-0.312976,0.267632,-0.128274
1790862496.158509,1790862496.222912,-0.449026,2.249460,0.316682,0.134860,0.718691,-0.668988,-0.133232,-93.980,-0.634,158.153,-0.080190,-0.283130,0.005110,-0.184074,0.113156,-0.011089
1790862496.191848,1790862496.258813,-0.451880,2.241099,0.317341,0.134900,0.718607,-0.668963,-0.133771,-93.968,-0.674,158.107,-0.076930,-0.283840,0.036078,0.231394,-0.073273,-0.088853
1790862496.225187,1790862496.288787,-0.456474,2.233511,0.318252,0.130871,0.715571,-0.672827,-0.134661,-93.345,-0.952,158.374,-0.076991,-0.296087,0.022792,0.362428,-0.177675,-0.259289
1790862496.258526,1790862496.311344,-0.458527,2.222839,0.318426,0.124395,0.713222,-0.676136,-0.136672,-92.771,-1.532,158.753,-0.082842,-0.315143,-0.014221,0.219677,-0.177672,-0.328535
1790862496.291864,1790862496.344146,-0.461634,2.211222,0.317388,0.118828,0.713334,-0.676689,-0.138299,-92.634,-2.091,159.088,-0.097844,-0.331879,-0.051394,-0.096717,-0.121212,-0.251834
1790862496.325198,1790862496.390342,-0.465293,2.199614,0.315491,0.115843,0.715973,-0.674114,-0.139761,-92.988,-2.519,159.228,-0.111395,-0.345828,-0.061015,-0.211770,0.000232,-0.197504
1790862496.358533,1790862496.420051,-0.471483,2.190569,0.313944,0.114938,0.717650,-0.672180,-0.141216,-93.241,-2.761,159.193,-0.123574,-0.351240,-0.037392,-0.031730,0.048167,-0.064334
1790862496.391868,1790862496.441550,-0.475404,2.179350,0.312944,0.116144,0.716722,-0.672774,-0.142108,-93.120,-2.718,159.016,-0.132812,-0.359727,-0.013719,0.139784,0.145110,0.164702
1790862496.425202,1790862496.484038,-0.479916,2.167750,0.312573,0.120813,0.714328,-0.674619,-0.141523,-92.852,-2.246,158.665,-0.140239,-0.366655,-0.006766,0.090781,0.201568,0.346870
1790862496.458536,1790862496.526699,-0.484649,2.155580,0.312419,0.127739,0.712238,-0.675895,-0.139876,-92.706,-1.523,158.212,-0.144976,-0.370658,-0.003214,0.073737,0.216483,0.408656
1790862496.491871,1790862496.553254,-0.489405,2.143268,0.312274,0.133815,0.710323,-0.677110,-0.138048,-92.575,-0.854,157.846,-0.133658,-0.366459,-0.008161,0.011949,0.116344,0.288277
1790862496.525205,1790862496.590056,-0.494093,2.131065,0.312048,0.138001,0.710269,-0.676809,-0.135661,-92.697,-0.339,157.686,-0.127319,-0.364150,-0.005606,-0.137192,0.010879,0.277626
1790862496.558538,1790862496.629809,-0.500215,2.121246,0.312670,0.141222,0.710888,-0.676333,-0.131407,-92.901,0.240,157.757,-0.126433,-0.358309,0.014428,-0.032789,-0.110572,0.285086
1790862496.591872,1790862496.662297,-0.504177,2.109257,0.313232,0.142206,0.709784,-0.677915,-0.128123,-92.753,0.626,157.938,-0.127898,-0.356733,0.029409,0.201575,-0.067958,0.081616
1790862496.625206,1790862496.694019,-0.508286,2.097768,0.314201,0.141688,0.706700,-0.681153,-0.128567,-92.235,0.648,157.949,-0.137402,-0.352650,0.029046,0.313432,0.068398,-0.053675
1790862496.658541,1790862496.727341,-0.512583,2.086008,0.314876,0.141393,0.703542,-0.683928,-0.131451,-91.715,0.484,157.742,-0.147496,-0.342991,0.007717,0.203706,0.145102,-0.094159
1790862496.691875,1790862496.764494,-0.517600,2.074165,0.314773,0.142304,0.702319,-0.684422,-0.134399,-91.548,0.344,157.427,-0.155738,-0.327728,-0.021646,-0.062618,0.185588,-0.015327
1790862496.725209,1790862496.805368,-0.524133,2.064370,0.314150,0.145730,0.703789,-0.681962,-0.135541,-91.898,0.457,157.045,-0.161136,-0.308283,-0.028659,-0.283134,0.198368,0.174296
1790862496.758543,1790862496.844413,-0.529699,2.054202,0.313569,0.151362,0.705546,-0.679235,-0.133917,-92.374,0.954,156.699,-0.159360,-0.291674,0.000087,-0.139319,0.120600,0.341548
1790862496.791877,1790862496.878279,-0.535404,2.045951,0.313849,0.155679,0.704340,-0.680168,-0.130538,-92.331,1.598,156.607,-0.147537,-0.280437,0.024461,0.179204,-0.077546,0.288286
1790862496.825210,1790862496.914298,-0.540971,2.038279,0.314449,0.155976,0.701683,-0.683507,-0.127006,-91.914,2.005,156.874,-0.137632,-0.274455,0.021181,0.220754,-0.203248,0.114648
1790862496.858544,1790862496.949125,-0.551320,2.022548,0.314682,0.154374,0.700091,-0.686099,-0.123732,-91.601,2.211,157.280,-0.143275,-0.279712,0.010560,0.093970,-0.222396,0.077375
1790862496.891878,1790862496.982533,-0.553328,2.023467,0.315305,0.152561,0.699759,-0.687352,-0.120871,-91.484,2.325,157.667,-0.143142,-0.262665,0.005917,0.000242,-0.158505,0.019845
1790862496.925211,1790862497.021090,-0.557773,2.015687,0.315704,0.150896,0.699880,-0.687748,-0.120004,-91.445,2.268,157.878,-0.148167,-0.254632,0.014019,0.054572,-0.044513,-0.071770
1790862496.958545,1790862497.060658,-0.563780,2.010960,0.316907,0.150099,0.698555,-0.689073,-0.121117,-91.205,2.157,157.859,-0.156750,-0.240973,0.027989,0.188803,0.059892,-0.050461
1790862496.991879,1790862497.093164,-0.568798,2.002737,0.317702,0.150275,0.696362,-0.690899,-0.123108,-90.860,2.074,157.688,-0.159097,-0.234008,0.022688,0.122754,0.104637,-0.018503
1790862497.025211,1790862497.125545,-0.574024,1.994916,0.318345,0.151240,0.695815,-0.691047,-0.124188,-90.806,2.075,157.520,-0.151979,-0.230678,0.011199,-0.057281,0.051371,0.026237
1790862497.058544,1790862497.160528,-0.579161,1.987540,0.318839,0.151706,0.696533,-0.690327,-0.123594,-90.937,2.136,157.527,-0.136319,-0.225325,0.012617,-0.063672,-0.063680,0.029433
1790862497.091877,1790862497.189888,-0.583747,1.980824,0.319283,0.150514,0.697333,-0.690012,-0.122294,-91.024,2.129,157.732,-0.119289,-0.219568,0.017634,-0.040235,-0.141449,-0.064309
1790862497.125211,1790862497.214636,-0.587645,1.973715,0.319950,0.147705,0.697898,-0.690087,-0.122068,-91.018,1.918,157.985,-0.109557,-0.215788,0.023456,0.066294,-0.109489,-0.164446
1790862497.158544,1790862497.242139,-0.590934,1.966846,0.320668,0.144411,0.696973,-0.691377,-0.123984,-90.760,1.539,158.107,-0.107001,-0.214170,0.018088,0.193064,0.000237,-0.233691
1790862497.191877,1790862497.267530,-0.594115,1.959589,0.320986,0.142017,0.695121,-0.693143,-0.127239,-90.385,1.145,158.044,-0.107623,-0.217559,-0.001555,0.155779,0.074807,-0.135685
1790862497.225210,1790862497.301644,-0.597446,1.951743,0.320556,0.141789,0.694287,-0.693593,-0.129579,-90.245,0.960,157.871,-0.112737,-0.224334,-0.031866,-0.001884,0.114224,-0.037679
1790862497.258543,1790862497.329646,-0.601685,1.945084,0.320440,0.143757,0.694555,-0.692701,-0.130742,-90.352,1.005,157.612,-0.112838,-0.233929,-0.058645,-0.099893,0.136602,0.085889
1790862497.291878,1790862497.352286,-0.605576,1.935930,0.317725,0.146844,0.695649,-0.691015,-0.130415,-90.629,1.232,157.379,-0.105502,-0.248680,-0.077477,-0.162744,0.086533,0.128503
1790862497.325214,1790862497.378642,-0.609267,1.927095,0.315058,0.149105,0.696905,-0.689445,-0.129446,-90.907,1.443,157.267,-0.098216,-0.259428,-0.078422,-0.108416,0.031138,0.063520
1790862497.358551,1790862497.399720,-0.612208,1.917642,0.312423,0.149121,0.697838,-0.688419,-0.129861,-91.056,1.379,157.230,-0.090444,-0.269609,-0.074822,-0.045564,0.017294,-0.159125
1790862497.391887,1790862497.446807,-0.615169,1.908449,0.310139,0.146064,0.698391,-0.687911,-0.133020,-91.041,0.869,157.227,-0.081306,-0.276078,-0.062208,0.058835,-0.005073,-0.354074
1790862497.425223,1790862497.484355,-0.617950,1.899292,0.308448,0.141738,0.698182,-0.688226,-0.137101,-90.865,0.209,157.255,-0.082510,-0.277612,-0.038330,0.128079,-0.002942,-0.304004
1790862497.458558,1790862497.513312,-0.620803,1.890175,0.307484,0.138747,0.697155,-0.689176,-0.140573,-90.605,-0.273,157.218,-0.090581,-0.272499,-0.023088,0.096119,0.063105,-0.193214
1790862497.491894,1790862497.548382,-0.623508,1.880620,0.306842,0.139005,0.697423,-0.688344,-0.143045,-90.656,-0.467,156.994,-0.091273,-0.272210,-0.021636,-0.168073,0.188810,0.030496
1790862497.525230,1790862497.591559,-0.626084,1.870581,0.306362,0.143730,0.699383,-0.685223,-0.143789,-91.122,-0.238,156.540,-0.092142,-0.274813,-0.014385,-0.291648,0.267642,0.208398
1790862497.558566,1790862497.627045,-0.629937,1.861517,0.307012,0.149524,0.700866,-0.682455,-0.143822,-91.555,0.143,156.053,-0.088997,-0.276755,0.003824,-0.124399,0.202665,0.168979
1790862497.591902,1790862497.650700,-0.632790,1.853353,0.306585,0.152135,0.700426,-0.682188,-0.144490,-91.575,0.296,155.779,-0.084869,-0.282205,0.013144,0.102510,0.080156,-0.020639
1790862497.625238,1790862497.685776,-0.636130,1.844567,0.306812,0.151432,0.698613,-0.683834,-0.146216,-91.260,0.161,155.697,-0.083002,-0.287693,0.004384,0.190929,0.003457,-0.094144
1790862497.658574,1790862497.716655,-0.639053,1.835820,0.306871,0.149742,0.697719,-0.684858,-0.147426,-91.058,-0.035,155.739,-0.081315,-0.298111,-0.017846,-0.004017,-0.038084,-0.116514
1790862497.691910,1790862497.735349,-0.642375,1.824841,0.306398,0.147624,0.698889,-0.683883,-0.148543,-91.173,-0.327,155.825,-0.080946,-0.306256,-0.023921,-0.059415,-0.033822,-0.208129
1790862497.725245,1790862497.765937,-0.644955,1.814567,0.305772,0.144561,0.699688,-0.683117,-0.151291,-91.199,-0.814,155.856,-0.080446,-0.304943,-0.017889,0.040721,0.027964,-0.281636
1790862497.758581,1790862497.820463,-0.647234,1.804188,0.305266,0.142324,0.699618,-0.682755,-0.155320,-91.114,-1.317,155.711,-0.082984,-0.299142,-0.015390,0.015153,0.141953,-0.203870
1790862497.791917,1790862497.854859,-0.649178,1.793789,0.304863,0.143419,0.699918,-0.681401,-0.158863,-91.199,-1.543,155.329,-0.085633,-0.291317,-0.012313,-0.094571,0.252741,0.016642
1790862497.825253,1790862497.885601,-0.651591,1.783452,0.304677,0.147820,0.700232,-0.679744,-0.160538,-91.396,-1.368,154.825,-0.085489,-0.281209,-0.004774,-0.116944,0.264458,0.163651
1790862497.858589,1790862497.919540,-0.654240,1.773626,0.304465,0.152779,0.700171,-0.678500,-0.161421,-91.557,-1.073,154.338,-0.082180,-0.272531,0.005257,-0.054091,0.246351,0.141279
1790862497.891923,1790862497.955950,-0.656006,1.761393,0.305924,0.156611,0.699596,-0.677877,-0.162853,-91.600,-0.890,153.898,-0.075839,-0.272468,0.020134,0.023669,0.202661,0.081617
1790862497.925259,1790862497.985988,-0.659053,1.752081,0.306223,0.159186,0.698376,-0.678223,-0.164149,-91.498,-0.765,153.574,-0.073073,-0.269509,0.027120,0.074804,0.121701,0.050726
1790862497.958595,1790862498.017063,-0.662170,1.743568,0.307054,0.159989,0.697406,-0.678749,-0.165313,-91.372,-0.768,153.410,-0.070879,-0.265522,0.022607,0.048173,0.054585,-0.058996
1790862497.991930,1790862498.060377,-0.665344,1.734920,0.307773,0.158926,0.697270,-0.678702,-0.167098,-91.312,-0.991,153.352,-0.069218,-0.262432,0.015544,0.019410,0.011976,-0.169785
1790862498.025266,1790862498.098719,-0.669340,1.727474,0.309625,0.156896,0.697422,-0.678551,-0.168981,-91.263,-1.305,153.366,-0.067849,-0.255249,0.015045,0.031129,-0.039146,-0.162326
1790862498.058601,1790862498.130834,-0.672136,1.719471,0.310138,0.154501,0.697308,-0.679057,-0.169626,-91.159,-1.532,153.513,-0.069130,-0.246477,0.019734,0.083328,-0.096675,-0.068579
1790862498.091937,1790862498.164977,-0.675014,1.711479,0.310757,0.153339,0.696480,-0.680291,-0.169135,-90.986,-1.545,153.648,-0.079876,-0.238769,0.013922,0.086524,-0.028498,0.033689
1790862498.125272,1790862498.195251,-0.677651,1.703478,0.311009,0.153508,0.695615,-0.681087,-0.169339,-90.853,-1.518,153.616,-0.089661,-0.233458,-0.005502,0.039651,0.072703,-0.021705
1790862498.158608,1790862498.226798,-0.680308,1.695404,0.310673,0.154509,0.695386,-0.680764,-0.170665,-90.852,-1.546,153.422,-0.094530,-0.228689,-0.027614,-0.080727,0.113185,-0.006793
1790862498.191943,1790862498.259143,-0.683810,1.686738,0.309475,0.155660,0.697487,-0.678052,-0.171836,-91.229,-1.640,153.234,-0.095427,-0.226616,-0.043411,-0.294852,0.070573,-0.104800
1790862498.225279,1790862498.291266,-0.687456,1.678835,0.308298,0.154915,0.700736,-0.674615,-0.172813,-91.723,-1.901,153.223,-0.091593,-0.224275,-0.018514,-0.152103,-0.070043,-0.149542
1790862498.258614,1790862498.324461,-0.691565,1.672069,0.308015,0.152220,0.701450,-0.674568,-0.172498,-91.744,-2.099,153.476,-0.093495,-0.220430,0.011133,0.125939,-0.192554,-0.057922
1790862498.291950,1790862498.349013,-0.695968,1.665116,0.308055,0.148925,0.700672,-0.676580,-0.170644,-91.505,-2.156,153.901,-0.101188,-0.224725,0.005087,0.103568,-0.241560,-0.013176
1790862498.325288,1790862498.384737,-0.699971,1.656937,0.307830,0.145974,0.700718,-0.677810,-0.168106,-91.412,-2.161,154.357,-0.112066,-0.234774,-0.016422,-0.001895,-0.215994,-0.005719
1790862498.358624,1790862498.419267,-0.703715,1.648252,0.306955,0.143514,0.701676,-0.677895,-0.165868,-91.485,-2.189,154.748,-0.121836,-0.246457,-0.040598,-0.050900,-0.198946,-0.048332
1790862498.391961,1790862498.445576,-0.709317,1.642150,0.307214,0.140988,0.702785,-0.677702,-0.164119,-91.581,-2.269,155.106,-0.133383,-0.254534,-0.052057,-0.032788,-0.173374,-0.049396
1790862498.425298,1790862498.468488,-0.713649,1.633596,0.305236,0.139167,0.703375,-0.677841,-0.162568,-91.618,-2.294,155.386,-0.144318,-0.264987,-0.052679,0.011952,-0.109461,0.035827
1790862498.458636,1790862498.507549,-0.718387,1.624631,0.303507,0.139025,0.703240,-0.678433,-0.160791,-91.591,-2.150,155.544,-0.154562,-0.276657,-0.048852,0.008758,-0.062587,0.129571
1790862498.491973,1790862498.528990,-0.723433,1.614343,0.301951,0.140213,0.703087,-0.678881,-0.158522,-91.604,-1.864,155.631,-0.165416,-0.289417,-0.040339,-0.005091,-0.055129,0.153006
1790862498.525310,1790862498.581100,-0.729169,1.604399,0.300711,0.140628,0.702815,-0.679703,-0.155816,-91.574,-1.596,155.817,-0.164446,-0.297162,-0.028450,0.058826,-0.182963,0.100808
1790862498.558647,1790862498.609397,-0.737021,1.592978,0.301490,0.138021,0.702871,-0.681054,-0.151949,-91.499,-1.467,156.352,-0.161274,-0.302754,-0.020414,0.010884,-0.404531,0.007065
1790862498.591984,1790862498.634886,-0.743240,1.583231,0.300935,0.132483,0.704454,-0.681669,-0.146696,-91.583,-1.493,157.245,-0.167047,-0.306238,-0.012406,-0.078598,-0.517455,-0.071764
1790862498.625321,1790862498.679554,-0.749170,1.572924,0.300826,0.125778,0.706740,-0.681607,-0.141812,-91.754,-1.661,158.207,-0.177044,-0.304485,0.003550,-0.057294,-0.467389,-0.123963
1790862498.658658,1790862498.722916,-0.765533,1.536748,0.302184,0.119895,0.708309,-0.681797,-0.138115,-91.844,-1.843,159.000,-0.198552,-0.322412,0.028953,0.089686,-0.345892,-0.047263
1790862498.691995,1790862498.761530,-0.763467,1.546647,0.303253,0.116333,0.706659,-0.684675,-0.135350,-91.479,-1.833,159.517,-0.213609,-0.300510,0.044781,0.256960,-0.169091,0.028372
1790862498.725332,1790862498.786890,-0.772718,1.534798,0.305244,0.114968,0.704078,-0.687751,-0.134366,-91.025,-1.780,159.703,-0.231906,-0.301968,0.028678,0.183454,-0.023142,0.023045
1790862498.758669,1790862498.807628,-0.780595,1.524029,0.305883,0.115084,0.702779,-0.688993,-0.134706,-90.819,-1.762,159.663,-0.240910,-0.300654,0.004621,0.035376,0.037576,-0.017436
1790862498.792005,1790862498.853840,-0.788585,1.513642,0.305982,0.114536,0.702400,-0.689334,-0.135406,-90.743,-1.852,159.650,-0.236735,-0.294934,-0.003729,0.072661,-0.047644,-0.058982
1790862498.825342,1790862498.885326,-0.797890,1.503279,0.306038,0.112711,0.701705,-0.690403,-0.135094,-90.584,-1.946,159.823,-0.232439,-0.287992,-0.005796,0.071594,-0.133922,-0.022762
1790862498.858679,1790862498.914012,-0.806160,1.494308,0.305634,0.111299,0.701701,-0.691072,-0.132845,-90.547,-1.868,160.124,-0.226924,-0.281916,-0.009861,-0.061565,-0.178670,0.096553
1790862498.892016,1790862498.938156,-0.813812,1.484815,0.305353,0.110772,0.703266,-0.690297,-0.128983,-90.786,-1.632,160.487,-0.217720,-0.277287,-0.004553,-0.155312,-0.220215,0.134904
1790862498.925353,1790862498.964577,-0.821058,1.475829,0.305649,0.109782,0.704903,-0.689658,-0.124225,-91.025,-1.359,160.961,-0.206561,-0.270003,0.019385,-0.051978,-0.283068,0.121055
1790862498.958689,1790862499.009455,-0.827826,1.467740,0.306537,0.106922,0.704905,-0.690841,-0.120060,-90.954,-1.234,161.537,-0.192575,-0.259852,0.036544,0.139775,-0.313963,-0.046193
1790862498.992026,1790862499.052618,-0.834107,1.459487,0.307588,0.101570,0.703749,-0.693147,-0.118185,-90.640,-1.463,162.128,-0.179243,-0.254438,0.031102,0.163212,-0.290528,-0.205986
1790862499.025362,1790862499.085754,-0.840443,1.452206,0.309208,0.096127,0.703337,-0.694488,-0.117318,-90.450,-1.806,162.643,-0.171881,-0.251527,0.019591,0.043898,-0.247901,-0.121827
1790862499.058699,1790862499.109506,-0.846507,1.442585,0.309935,0.092923,0.703597,-0.695030,-0.115106,-90.422,-1.880,163.087,-0.166464,-0.252290,0.016595,0.026852,-0.223400,0.051813
1790862499.092036,1790862499.149740,-0.851882,1.434605,0.310665,0.091158,0.703240,-0.696200,-0.111577,-90.327,-1.719,163.519,-0.157867,-0.253027,0.017592,0.089704,-0.220206,0.107208
1790862499.125373,1790862499.187991,-0.868342,1.406993,0.311785,0.090234,0.702732,-0.697405,-0.107941,-90.226,-1.481,163.891,-0.158923,-0.275063,0.013178,0.070500,-0.197790,0.132778
1790862499.158709,1790862499.218831,-0.862882,1.418737,0.311979,0.089410,0.702282,-0.698641,-0.103478,-90.137,-1.170,164.322,-0.131111,-0.256854,0.003917,-0.060500,-0.255345,0.183913
1790862499.192046,1790862499.246651,-0.866885,1.410344,0.312078,0.088102,0.703999,-0.697790,-0.098546,-90.387,-0.905,164.834,-0.109701,-0.262550,-0.002225,-0.184074,-0.287302,0.061403
1790862499.225381,1790862499.283186,-0.870228,1.401596,0.312256,0.084842,0.706203,-0.696477,-0.094862,-90.679,-0.905,165.404,-0.090295,-0.267522,0.011505,-0.060500,-0.320327,-0.067494
1790862499.258718,1790862499.324114,-0.872487,1.394364,0.313878,0.079972,0.705945,-0.697653,-0.092338,-90.545,-1.076,166.008,-0.080154,-0.271182,0.024577,0.186650,-0.302205,-0.122892
1790862499.292054,1790862499.351440,-0.875737,1.383897,0.314310,0.075104,0.704159,-0.700234,-0.090507,-90.170,-1.277,166.551,-0.079122,-0.284409,0.012065,0.196235,-0.257462,-0.060039
1790862499.325389,1790862499.389049,-0.878280,1.374154,0.314312,0.071711,0.702920,-0.702134,-0.088143,-89.913,-1.330,167.018,-0.076678,-0.298112,-0.017479,0.064138,-0.239353,0.003878
1790862499.358725,1790862499.426437,-0.887917,1.350250,0.313695,0.069253,0.703777,-0.701900,-0.085077,-90.011,-1.291,167.469,-0.080331,-0.330510,-0.044713,-0.092481,-0.230801,0.032640
1790862499.392060,1790862499.458871,-0.882991,1.351676,0.311966,0.067086,0.705080,-0.701151,-0.082157,-90.188,-1.248,167.886,-0.066079,-0.328932,-0.059494,-0.116962,-0.192475,-0.016366
1790862499.425395,1790862499.493800,-0.884582,1.341186,0.309881,0.064036,0.706481,-0.700170,-0.080905,-90.369,-1.412,168.239,-0.058693,-0.337508,-0.060004,-0.037063,-0.174365,-0.155919
1790862499.458730,1790862499.529555,-0.885586,1.331401,0.308502,0.059644,0.706558,-0.700469,-0.081010,-90.319,-1.772,168.588,-0.052124,-0.340867,-0.046465,0.084383,-0.192465,-0.201727
1790862499.492065,1790862499.561968,-0.888079,1.319296,0.307039,0.055137,0.706037,-0.701379,-0.080861,-90.175,-2.111,168.965,-0.053763,-0.345483,-0.035009,0.052423,-0.187139,-0.155918
1790862499.525400,1790862499.595258,-0.889706,1.307529,0.306078,0.051703,0.706393,-0.701324,-0.080502,-90.191,-2.362,169.274,-0.051686,-0.345659,-0.025772,-0.065823,-0.128547,-0.127156
1790862499.558735,1790862499.630878,-0.891131,1.296021,0.305520,0.048647,0.707706,-0.700171,-0.080912,-90.369,-2.660,169.493,-0.047824,-0.341448,-0.009718,-0.087128,-0.085935,-0.159115
1790862499.592070,1790862499.670625,-0.892933,1.283186,0.305697,0.046586,0.708844,-0.699086,-0.081537,-90.531,-2.892,169.614,-0.048052,-0.336723,0.009503,-0.079674,-0.053969,-0.061109
1790862499.625405,1790862499.703573,-0.892612,1.272573,0.306559,0.045518,0.709599,-0.698462,-0.080918,-90.643,-2.938,169.754,-0.042804,-0.329349,0.024547,-0.005102,-0.102989,0.010258
1790862499.658740,1790862499.736745,-0.894047,1.261714,0.307417,0.043463,0.709331,-0.699101,-0.078850,-90.578,-2.929,170.088,-0.030099,-0.321804,0.026163,0.067336,-0.281959,-0.030220
1790862499.692074,1790862499.767173,-0.895414,1.250401,0.308221,0.038420,0.709066,-0.700090,-0.074992,-90.488,-3.012,170.810,-0.012925,-0.319603,0.022341,0.079055,-0.477969,-0.041937
1790862499.725409,1790862499.801344,-0.896571,1.239020,0.308924,0.032096,0.708593,-0.701485,-0.069169,-90.360,-3.038,171.794,0.001627,-0.321338,0.019485,0.103554,-0.553602,-0.004650
1790862499.758744,1790862499.837092,-0.896810,1.226532,0.310153,0.024849,0.708257,-0.702735,-0.062597,-90.258,-3.081,172.914,0.016572,-0.325066,0.017675,0.083312,-0.589820,-0.083485
1790862499.792078,1790862499.870892,-0.895908,1.215792,0.310718,0.016218,0.707803,-0.703867,-0.057647,-90.143,-3.369,174.014,0.026066,-0.323877,0.019736,0.099293,-0.545075,-0.230496
1790862499.825413,1790862499.890894,-0.894969,1.205080,0.311487,0.007285,0.706871,-0.705194,-0.054613,-89.968,-3.838,174.979,0.028828,-0.317952,0.025996,0.154688,-0.447068,-0.241149
1790862499.858747,1790862499.921573,-0.894998,1.195516,0.312553,-0.000643,-0.705492,0.706795,0.052165,-89.738,-4.169,175.708,0.026185,-0.307614,0.021213,0.087578,-0.305376,-0.078156
1790862499.892082,1790862499.949405,-0.893033,1.186039,0.313404,0.002318,-0.705856,0.706629,0.049378,-89.798,-4.185,176.176,0.025387,-0.297138,0.008537,-0.145720,-0.182863,0.088027
1790862499.925416,1790862499.979209,-0.891848,1.176462,0.313767,-0.001944,0.707929,-0.704837,-0.045128,-90.134,-3.821,176.503,0.031842,-0.282166,0.016076,-0.118021,-0.167951,0.288301
1790862499.958751,1790862500.023536,-0.889948,1.167665,0.314844,-0.000724,0.708134,-0.704987,-0.039228,-90.167,-3.243,176.883,0.046842,-0.266644,0.031016,0.104626,-0.252113,0.274452
1790862499.992085,1790862500.052359,-0.888542,1.158553,0.315815,0.001393,-0.706689,0.706726,0.033574,-89.932,-2.833,177.390,0.055009,-0.262712,0.029236,0.152563,-0.261699,0.129571
1790862500.025420,1790862500.084605,-0.886519,1.149954,0.316557,0.003702,-0.705207,0.708357,0.030005,-89.694,-2.726,177.861,0.058499,-0.259622,0.015460,0.111018,-0.252110,-0.025960
1790862500.058754,1790862500.111861,-0.885379,1.137603,0.316899,0.007644,-0.704391,0.709245,0.027325,-89.567,-2.828,178.394,0.058798,-0.257178,0.003595,0.071594,-0.295777,-0.057920
1790862500.092089,1790862500.152401,-0.881883,1.133565,0.316904,0.011734,-0.703466,0.710217,0.024287,-89.427,-2.914,178.968,0.057140,-0.239432,0.001580,0.095038,-0.316028,-0.013176
1790862500.125422,1790862500.182714,-0.879620,1.125518,0.317225,0.015432,-0.702431,0.711292,0.020424,-89.271,-2.903,179.577,0.053649,-0.226942,-0.005156,0.075864,-0.313902,0.024105
1790862500.158756,1790862500.216968,-0.877750,1.118313,0.316839,0.019152,-0.702304,0.711424,0.016667,-89.265,-2.904,-179.817,0.049578,-0.214387,-0.016026,-0.037055,-0.316031,-0.018505
1790862500.192090,1790862500.248413,-0.875649,1.111508,0.316337,0.023124,-0.702858,0.710825,0.013552,-89.374,-2.976,-179.240,0.045379,-0.199592,-0.015662,-0.038119,-0.294722,-0.040878
1790862500.225424,1790862500.283243,-0.874113,1.105225,0.315814,0.026902,-0.703737,0.709877,0.010208,-89.538,-3.013,-178.659,0.041332,-0.184518,-0.014532,-0.127603,-0.312831,0.024104
1790862500.258758,1790862500.320985,-0.872498,1.099544,0.315661,0.029849,-0.705568,0.707991,0.005599,-89.853,-2.876,-178.038,0.036057,-0.171324,0.000282,-0.115883,-0.356507,0.145547
1790862500.292093,1790862500.357938,-0.871542,1.093830,0.315955,0.032187,-0.706030,0.707449,-0.001272,-89.944,-2.507,-177.289,0.033191,-0.159689,0.015765,0.063084,-0.430010,0.212660
1790862500.325428,1790862500.397445,-0.869840,1.088615,0.316481,0.035228,-0.705191,0.708091,-0.008482,-89.832,-2.174,-176.460,0.028261,-0.158645,0.001804,0.046041,-0.431084,0.140218
1790862500.358763,1790862500.430776,-0.868953,1.083208,0.316155,0.038639,-0.705264,0.707732,-0.015029,-89.873,-1.919,-175.652,0.018420,-0.163101,-0.019519,-0.042377,-0.406580,0.138087
1790862500.392097,1790862500.464665,-0.867537,1.077596,0.315444,0.041575,-0.705688,0.706989,-0.021043,-89.968,-1.667,-174.924,0.003933,-0.169672,-0.031878,-0.031721,-0.329890,0.116778
1790862500.425432,1790862500.499392,-0.867529,1.071763,0.314239,0.043993,-0.705795,0.706595,-0.025341,-90.009,-1.513,-174.379,-0.013027,-0.178406,-0.036324,0.014084,-0.232946,0.044338
1790862500.458767,1790862500.528786,-0.867372,1.065436,0.313253,0.045827,-0.705018,0.707156,-0.027937,-89.903,-1.457,-174.021,-0.028013,-0.184071,-0.034113,0.101440,-0.132817,0.052857
1790862500.492101,1790862500.554744,-0.868502,1.058956,0.312030,0.046271,-0.704340,0.707709,-0.030181,-89.798,-1.317,-173.804,-0.039554,-0.186541,-0.036599,-0.026394,-0.108313,0.107186
1790862500.525436,1790862500.577797,-0.869954,1.052501,0.311032,0.046268,-0.705170,0.706746,-0.033241,-89.932,-1.061,-173.554,-0.048720,-0.186683,-0.021304,-0.058353,-0.165839,0.145537
1790862500.558769,1790862500.618922,-0.871686,1.046216,0.310731,0.047246,-0.704736,0.706925,-0.037050,-89.872,-0.835,-173.166,-0.055162,-0.181686,0.001154,0.138724,-0.252127,0.066704
1790862500.592103,1790862500.656298,-0.873262,1.039407,0.310929,0.050819,-0.702761,0.708440,-0.040704,-89.594,-0.848,-172.582,-0.059437,-0.175652,0.000804,0.121678,-0.381026,-0.106938
1790862500.625438,1790862500.681244,-0.875906,1.033384,0.310821,0.057389,-0.701897,0.708587,-0.044167,-89.536,-1.107,-171.768,-0.065305,-0.167929,-0.008950,-0.061550,-0.458791,-0.149549
1790862500.658772,1790862500.717545,-0.878385,1.027485,0.310519,0.064416,-0.703247,0.706376,-0.048249,-89.852,-1.326,-170.862,-0.068619,-0.162450,-0.010397,-0.237324,-0.495011,-0.062194
1790862500.692106,1790862500.756023,-0.880369,1.020868,0.310729,-0.070599,0.705820,-0.702795,0.053976,-90.363,-1.320,-169.888,-0.066368,-0.160309,0.006433,-0.235195,-0.523766,0.079488
1790862500.725441,1790862500.790179,-0.882617,1.015679,0.311287,-0.075360,0.707115,-0.700362,0.061661,-90.652,-1.052,-168.873,-0.063829,-0.152043,0.032424,-0.006156,-0.547204,0.184951
1790862500.758775,1790862500.825007,-0.884389,1.009427,0.312774,-0.079840,0.705489,-0.700715,0.070071,-90.469,-0.746,-167.827,-0.059791,-0.154262,0.039884,0.183465,-0.524826,0.099727
1790862500.792109,1790862500.857075,-0.886404,1.004418,0.313784,-0.084450,0.702983,-0.702033,0.076378,-90.151,-0.641,-166.939,-0.065554,-0.165024,0.020888,0.127004,-0.376752,0.001722
1790862500.825443,1790862500.889540,-0.888352,0.997456,0.314319,0.087900,-0.701742,0.702467,-0.079820,-90.019,-0.657,-166.377,-0.078209,-0.182126,0.000228,0.022605,-0.208429,-0.009998
1790862500.858777,1790862500.924191,-0.890580,0.990516,0.314229,0.089816,-0.701650,0.702130,-0.081450,-90.043,-0.678,-166.088,-0.089131,-0.192229,-0.011230,-0.030659,-0.101896,-0.018521
1790862500.892111,1790862500.948010,-0.893886,0.984030,0.313891,0.090953,-0.701700,0.701802,-0.082575,-90.075,-0.675,-165.903,-0.097990,-0.192815,-0.004476,0.019409,-0.109355,0.036872
1790862500.925445,1790862500.972288,-0.897237,0.977594,0.313941,0.091644,-0.700846,0.702232,-0.085360,-89.952,-0.519,-165.620,-0.103927,-0.189180,0.006076,0.103567,-0.186055,0.117834
1790862500.958779,1790862501.010268,-0.900793,0.971224,0.314100,0.092496,-0.699662,0.702770,-0.089622,-89.780,-0.263,-165.203,-0.105508,-0.185462,0.000787,0.056694,-0.256365,0.144466
1790862500.992113,1790862501.059857,-0.904383,0.964930,0.313963,0.094211,-0.699198,0.702294,-0.095020,-89.743,0.031,-164.621,-0.102639,-0.177433,-0.010226,-0.015744,-0.373545,0.164707
1790862501.025445,1790862501.098799,-0.907372,0.958313,0.313714,0.097292,-0.698840,0.701288,-0.101741,-89.753,0.329,-163.818,-0.101750,-0.169965,-0.012206,0.017277,-0.433199,0.129552
1790862501.058779,1790862501.130511,-0.910963,0.952697,0.313314,0.101031,-0.697612,0.701115,-0.107557,-89.641,0.481,-163.035,-0.106432,-0.163248,-0.009995,0.089716,-0.387390,0.028349
1790862501.092113,1790862501.164557,-0.914299,0.946497,0.313269,0.105069,-0.695763,0.701689,-0.111834,-89.441,0.468,-162.352,-0.113864,-0.159438,-0.007045,0.111024,-0.304294,-0.036633
1790862501.125447,1790862501.193424,-0.918303,0.941258,0.313037,0.108504,-0.693923,0.702648,-0.113944,-89.232,0.324,-161.898,-0.127301,-0.158456,-0.005958,0.099306,-0.172198,-0.101615
1790862501.158780,1790862501.222383,-0.922444,0.935685,0.312994,0.111042,-0.692541,0.703519,-0.114536,-89.077,0.138,-161.642,-0.138145,-0.155982,-0.006061,0.055628,-0.102953,-0.054743
1790862501.192114,1790862501.245292,-0.927312,0.930735,0.312726,0.112190,-0.692228,0.703546,-0.115137,-89.056,0.088,-161.498,-0.147148,-0.154902,-0.007876,-0.050900,-0.049690,-0.008935
1790862501.225447,1790862501.265684,-0.932324,0.925622,0.312722,0.112615,-0.692453,0.703183,-0.115584,-89.103,0.097,-161.427,-0.153497,-0.151048,0.010459,0.048172,-0.030514,0.042198
1790862501.258780,1790862501.306756,-0.937467,0.920736,0.313341,0.111976,-0.690939,0.704494,-0.117271,-88.847,0.245,-161.339,-0.156485,-0.145894,0.025637,0.194118,-0.058213,0.112507
1790862501.292115,1790862501.350975,-0.942669,0.915926,0.314035,0.111043,-0.689130,0.706026,-0.119568,-88.537,0.458,-161.223,-0.154683,-0.143543,0.014564,0.088653,-0.050755,0.111442
1790862501.325450,1790862501.384722,-0.947744,0.911085,0.314352,0.110004,-0.689255,0.705708,-0.121666,-88.530,0.714,-161.132,-0.148120,-0.140823,0.002941,-0.083923,-0.040104,0.166837
1790862501.358785,1790862501.424772,-0.952806,0.906747,0.314471,0.108460,-0.690975,0.703874,-0.123901,-88.763,1.062,-161.073,-0.141330,-0.135695,0.005483,-0.135057,-0.003882,0.172165
1790862501.392120,1790862501.463609,-0.957119,0.903133,0.314938,0.106908,-0.692471,0.702373,-0.125410,-88.962,1.347,-161.076,-0.133156,-0.128171,0.015819,-0.066876,0.015290,0.110379
1790862501.425455,1790862501.495061,-0.961518,0.898640,0.315598,0.105827,-0.692789,0.702095,-0.126124,-88.986,1.499,-161.104,-0.126414,-0.126173,0.025116,0.057761,0.007833,0.050722
1790862501.458788,1790862501.527879,-0.965528,0.894353,0.316287,0.105608,-0.691884,0.702952,-0.126499,-88.837,1.523,-161.089,-0.116076,-0.128994,0.013803,0.054565,-0.023060,-0.034501
1790862501.492123,1790862501.554869,-0.969231,0.889878,0.316408,0.106802,-0.691664,0.703011,-0.126373,-88.831,1.412,-161.003,-0.101611,-0.134350,-0.007564,-0.048767,-0.080586,-0.054742
1790862501.525458,1790862501.590559,-0.972602,0.885185,0.315982,0.108976,-0.692223,0.701975,-0.127212,-88.974,1.325,-160.758,-0.086820,-0.138903,-0.020725,-0.099902,-0.177526,-0.030238
1790862501.558793,1790862501.619005,-0.975533,0.880339,0.315218,0.111609,-0.693059,0.700342,-0.129361,-89.173,1.317,-160.368,-0.072139,-0.143541,-0.026794,-0.124402,-0.220137,0.015568
1790862501.592127,1790862501.660271,-0.977811,0.875374,0.314276,0.113986,-0.694355,0.698206,-0.131858,-89.441,1.372,-159.970,-0.058074,-0.149756,-0.030280,-0.172341,-0.180720,0.040069
1790862501.625462,1790862501.696194,-0.979650,0.871696,0.313450,0.115611,-0.695995,0.696016,-0.133369,-89.745,1.416,-159.715,-0.047740,-0.158333,-0.026471,-0.136117,-0.080588,0.003851
1790862501.658796,1790862501.721174,-0.980625,0.865235,0.312618,-0.116227,0.696734,-0.695068,0.133919,-89.879,1.435,-159.621,-0.037187,-0.169024,-0.022264,-0.015740,-0.021995,0.043265
1790862501.692131,1790862501.746741,-0.981510,0.859394,0.311684,-0.115695,0.697120,-0.694578,0.134906,-89.927,1.569,-159.583,-0.024928,-0.182636,-0.032909,-0.050897,-0.018800,0.101857
1790862501.725465,1790862501.789741,-0.982069,0.853037,0.310399,-0.114776,0.698340,-0.693286,0.136021,-90.098,1.767,-159.569,-0.011787,-0.199988,-0.043097,-0.118010,0.006766,0.102922
1790862501.758800,1790862501.818265,-0.982011,0.845924,0.308969,-0.114023,0.699690,-0.691992,0.136306,-90.294,1.888,-159.611,0.000489,-0.218980,-0.041836,-0.063680,0.035528,-0.017455
1790862501.792134,1790862501.845187,-0.981484,0.838297,0.307615,-0.114763,0.699648,-0.692282,0.134417,-90.307,1.673,-159.706,0.008395,-0.235536,-0.035954,0.060957,0.062159,-0.221993
1790862501.825469,1790862501.884946,-0.980939,0.830317,0.306472,-0.117118,0.697884,-0.694418,0.130478,-90.087,1.115,-159.834,0.010564,-0.246349,-0.029508,0.183467,0.083464,-0.341305
1790862501.858803,1790862501.916903,-0.979068,0.821233,0.305285,0.119612,-0.695231,0.697490,-0.125918,-89.731,0.471,-160.002,0.010633,-0.252903,-0.036234,0.135525,0.116485,-0.278455
1790862501.892136,1790862501.943443,-0.979026,0.812110,0.303925,0.119605,-0.695865,0.697559,-0.121973,-89.832,0.166,-160.328,0.009311,-0.261042,-0.053054,-0.327877,0.242189,-0.016392
1790862501.925470,1790862501.971303,-0.978555,0.803225,0.302559,-0.115790,0.702174,-0.692405,0.118826,-90.740,0.374,-160.903,0.006092,-0.263096,-0.026951,-0.472756,0.326347,0.243540
1790862501.958804,1790862502.015785,-0.978263,0.795121,0.302495,-0.110189,0.706573,-0.688967,0.118061,-91.305,0.860,-161.432,0.008727,-0.246371,0.030250,-0.037050,0.201706,0.228625
1790862501.992138,1790862502.049713,-0.976711,0.786379,0.304416,-0.106248,0.705675,-0.690451,0.118371,-91.062,1.166,-161.731,0.015048,-0.241405,0.061853,0.252710,0.112216,0.093333
1790862502.025473,1790862502.081805,-0.976560,0.777335,0.306374,-0.104285,0.703033,-0.693417,0.118500,-90.588,1.260,-161.878,0.027010,-0.242654,0.052500,0.201575,0.022732,0.010239
1790862502.058807,1790862502.114075,-0.974104,0.767284,0.307811,-0.104476,0.701703,-0.694626,0.119133,-90.378,1.263,-161.808,0.049099,-0.243301,0.025205,-0.014680,-0.109375,-0.000414
1790862502.092141,1790862502.151494,-0.972616,0.758845,0.308596,-0.106819,0.702579,-0.693099,0.120778,-90.576,1.240,-161.483,0.072165,-0.236893,0.014833,-0.164886,-0.238272,-0.039829
1790862502.125474,1790862502.182116,-0.969754,0.749909,0.309495,-0.111414,0.703125,-0.691426,0.123012,-90.779,1.084,-160.923,0.093395,-0.228095,0.037611,0.011950,-0.346937,-0.166599
1790862502.158808,1790862502.212623,-0.966698,0.742589,0.311077,-0.118007,0.700450,-0.692755,0.124638,-90.522,0.636,-160.243,0.106722,-0.221207,0.060439,0.264425,-0.335219,-0.317870
1790862502.192142,1790862502.261756,-0.963062,0.735060,0.313029,0.124470,-0.695530,0.696619,-0.124367,-89.915,-0.024,-159.732,0.106602,-0.223213,0.059335,0.358172,-0.173294,-0.342373
1790862502.225476,1790862502.292388,-0.959055,0.725298,0.314484,0.127694,-0.691050,0.700698,-0.123149,-89.296,-0.501,-159.569,0.101143,-0.230829,0.039641,0.246312,0.010992,-0.094161
1790862502.258810,1790862502.325400,-0.954864,0.717914,0.315507,0.126311,-0.689838,0.702180,-0.122936,-89.064,-0.445,-159.701,0.097399,-0.232852,0.017005,-0.035989,0.143091,0.176422
1790862502.292144,1790862502.354396,-0.950154,0.708577,0.315894,0.121244,-0.691955,0.700886,-0.123522,-89.255,0.057,-160.066,0.096323,-0.227680,0.020992,-0.114824,0.240025,0.323433
1790862502.325480,1790862502.376825,-0.946617,0.701359,0.316943,0.114933,-0.694084,0.699645,-0.124638,-89.423,0.699,-160.490,0.101301,-0.209878,0.039031,-0.037057,0.171849,0.315975
1790862502.358816,1790862502.406040,-0.942808,0.693816,0.318293,0.109975,-0.694674,0.699440,-0.126955,-89.389,1.292,-160.703,0.107186,-0.196367,0.057949,0.103559,0.044012,0.302124
1790862502.392152,1790862502.452011,-0.939921,0.687212,0.320349,0.106051,-0.693479,0.700567,-0.130563,-89.101,1.862,-160.719,0.105640,-0.191558,0.063007,0.187717,-0.008184,0.266970
1790862502.425488,1790862502.486215,-0.935903,0.680265,0.321907,0.103794,-0.691768,0.702123,-0.133067,-88.775,2.198,-160.688,0.108511,-0.190766,0.045888,0.120602,-0.014578,0.041123
1790862502.458825,1790862502.510523,-0.932253,0.674034,0.323177,0.104318,-0.690962,0.702904,-0.132719,-88.660,2.106,-160.673,0.105115,-0.190569,0.027614,-0.013624,0.007793,-0.129322
1790862502.492161,1790862502.554817,-0.928752,0.667739,0.324019,0.106405,-0.691613,0.702381,-0.130423,-88.813,1.772,-160.698,0.100987,-0.187849,0.023988,-0.140394,-0.006054,-0.196434
1790862502.525498,1790862502.580893,-0.925559,0.661434,0.325070,0.109181,-0.693048,0.700938,-0.128258,-89.110,1.417,-160.656,0.097281,-0.181910,0.039816,-0.141459,-0.056122,-0.183651
1790862502.558834,1790862502.618503,-0.922726,0.654954,0.326832,0.112530,-0.693500,0.700040,-0.127826,-89.267,1.131,-160.421,0.094683,-0.171280,0.067612,-0.004036,-0.220177,-0.081382
1790862502.592170,1790862502.657402,-0.918889,0.641655,0.329189,0.115672,-0.692380,0.700027,-0.131117,-89.171,1.124,-159.890,0.086627,-0.180457,0.087654,0.146159,-0.303254,0.076275
1790862502.625506,1790862502.677309,-0.918204,0.641735,0.332080,0.117809,-0.689673,0.701452,-0.135785,-88.800,1.262,-159.324,0.076969,-0.177047,0.074520,0.141905,-0.286226,0.026210
1790862502.658842,1790862502.714249,-0.915526,0.635827,0.333963,0.121064,-0.688208,0.701765,-0.138706,-88.657,1.203,-158.814,0.073862,-0.187181,0.036918,-0.030671,-0.235092,-0.086709
1790862502.692178,1790862502.754168,-0.912763,0.629617,0.334734,0.124827,-0.688376,0.700808,-0.139374,-88.790,0.970,-158.453,0.067920,-0.197683,0.008723,-0.096720,-0.147737,-0.154889
1790862502.725515,1790862502.782783,-0.911949,0.620768,0.334345,0.128853,-0.688895,0.699769,-0.138360,-88.989,0.590,-158.211,0.062673,-0.207341,-0.012281,-0.106310,-0.133885,-0.247570
1790862502.758851,1790862502.812385,-0.909912,0.614299,0.333772,0.133724,-0.689227,0.698859,-0.136676,-89.188,0.086,-157.953,0.058919,-0.213036,-0.024023,-0.094591,-0.144539,-0.260352
1790862502.792186,1790862502.842666,-0.907313,0.607649,0.332972,0.138472,-0.689396,0.698040,-0.135273,-89.363,-0.390,-157.680,0.054030,-0.221652,-0.029741,-0.093524,-0.153057,-0.207088
1790862502.825522,1790862502.874482,-0.905561,0.600198,0.331956,0.141871,-0.689821,0.696909,-0.135413,-89.539,-0.626,-157.388,0.046755,-0.231128,-0.033653,-0.118027,-0.162645,-0.018530
1790862502.858858,1790862502.913179,-0.904180,0.592231,0.330775,0.143986,-0.691313,0.694509,-0.137885,-89.845,-0.536,-157.007,0.046508,-0.237114,-0.033713,-0.188335,-0.251065,0.117826
1790862502.892193,1790862502.953715,-0.902925,0.584016,0.329906,-0.146073,0.692663,-0.691828,0.142321,-90.128,-0.284,-156.466,0.046150,-0.244485,-0.014741,-0.065827,-0.306461,0.124218
1790862502.925529,1790862502.985799,-0.900643,0.575256,0.329660,-0.148550,0.692002,-0.690998,0.146927,-90.107,-0.112,-155.880,0.047883,-0.255929,0.001123,0.062007,-0.289413,0.047516
1790862502.958865,1790862503.010618,-0.898894,0.566613,0.329723,-0.151608,0.691468,-0.690171,0.150171,-90.128,-0.091,-155.358,0.055773,-0.268260,0.004527,-0.118027,-0.264913,-0.007879
1790862502.992201,1790862503.050860,-0.896801,0.557542,0.330237,-0.155300,0.692443,-0.687730,0.153073,-90.412,-0.093,-154.810,0.062176,-0.273911,0.027980,-0.129745,-0.325634,-0.001486
1790862503.025537,1790862503.088552,-0.893450,0.548092,0.331694,-0.160055,0.691625,-0.686565,0.157051,-90.454,-0.145,-154.084,0.066605,-0.271781,0.061849,0.150425,-0.427906,-0.063276
1790862503.058872,1790862503.109541,-0.891360,0.538656,0.333997,0.165516,-0.687355,0.688580,-0.161259,-89.983,-0.359,-153.280,0.062552,-0.278885,0.072236,0.313416,-0.376770,-0.164479
1790862503.092208,1790862503.158993,-0.889311,0.529365,0.336153,0.171017,-0.682435,0.691672,-0.163171,-89.423,-0.795,-152.666,0.055601,-0.289975,0.056932,0.269739,-0.276633,-0.274205
1790862503.125544,1790862503.182571,-0.887331,0.518752,0.337573,0.176219,-0.678522,0.694112,-0.163595,-89.019,-1.296,-152.202,0.046213,-0.299925,0.035610,0.142969,-0.208452,-0.203897
1790862503.158879,1790862503.218082,-0.885535,0.508563,0.338540,0.179292,-0.676591,0.695046,-0.164287,-88.845,-1.543,-151.890,0.032587,-0.306291,0.017937,0.058810,-0.106183,-0.019601
1790862503.192215,1790862503.253899,-0.874710,0.476777,0.339044,0.179586,-0.676890,0.694287,-0.165936,-88.903,-1.417,-151.727,0.038397,-0.335103,0.009587,-0.004071,-0.068844,0.173198
1790862503.225549,1790862503.284817,-0.884225,0.487043,0.339011,0.177598,-0.677123,0.693690,-0.169583,-88.858,-0.959,-151.585,0.019860,-0.297813,0.010596,-0.027478,-0.085938,0.287202
1790862503.258885,1790862503.304756,-0.883667,0.477439,0.339415,0.175860,-0.677585,0.692546,-0.174161,-88.859,-0.433,-151.343,0.024916,-0.282418,0.014579,0.044960,-0.181814,0.254177
1790862503.292221,1790862503.344991,-0.882940,0.468214,0.339860,0.175909,-0.676655,0.692010,-0.179768,-88.717,-0.010,-150.866,0.032558,-0.266053,0.011634,0.092897,-0.311779,0.200914
1790862503.325556,1790862503.380947,-0.881940,0.459487,0.340007,0.177809,-0.675574,0.690994,-0.185773,-88.627,0.302,-150.199,0.040695,-0.253387,-0.004711,-0.032805,-0.383152,0.118886
1790862503.358891,1790862503.425459,-0.880339,0.450935,0.339651,0.181838,-0.675639,0.688521,-0.190751,-88.803,0.422,-149.443,0.048791,-0.241277,-0.017500,-0.145728,-0.399131,0.026206
1790862503.392225,1790862503.452483,-0.878527,0.442363,0.338974,0.186837,-0.676243,0.685596,-0.194284,-89.108,0.377,-148.728,0.051039,-0.234867,-0.013230,-0.157447,-0.333075,-0.057951
1790862503.425560,1790862503.476827,-0.876494,0.434882,0.338913,0.191141,-0.676606,0.683481,-0.196273,-89.350,0.247,-148.200,0.050059,-0.232100,0.009026,-0.071158,-0.221221,-0.057951
1790862503.458895,1790862503.514043,-0.874805,0.427051,0.339054,0.193643,-0.676043,0.682742,-0.198323,-89.373,0.214,-147.817,0.051977,-0.229524,0.026578,0.051351,-0.192458,0.038986
1790862503.492229,1790862503.538895,-0.873159,0.419480,0.339849,0.194648,-0.675141,0.682341,-0.201762,-89.278,0.390,-147.440,0.058586,-0.227963,0.019169,0.013001,-0.203108,0.152972
1790862503.525564,1790862503.580987,-0.870914,0.411878,0.340166,0.194926,-0.675771,0.680238,-0.206430,-89.388,0.791,-147.020,0.071166,-0.227205,0.001391,-0.116965,-0.225479,0.248850
1790862503.558899,1790862503.620385,-0.868229,0.404323,0.340085,0.195386,-0.676625,0.677692,-0.211509,-89.541,1.226,-146.550,0.086892,-0.222271,-0.004787,-0.020023,-0.285136,0.182801
1790862503.592233,1790862503.651757,-0.864264,0.397112,0.339483,0.197431,-0.675502,0.676501,-0.216944,-89.459,1.488,-145.913,0.106963,-0.211578,-0.011483,0.068396,-0.354384,0.081594
1790862503.625568,1790862503.674989,-0.860508,0.389963,0.338981,0.201114,-0.673990,0.675519,-0.221279,-89.394,1.522,-145.232,0.133157,-0.202792,-0.026663,-0.059439,-0.361837,-0.030259
1790862503.658902,1790862503.730092,-0.855715,0.383443,0.337934,-0.206269,0.673988,-0.672881,0.224557,-89.634,1.439,-144.519,0.159835,-0.187522,-0.038403,-0.221364,-0.379947,-0.066479
1790862503.692235,1790862503.761414,-0.838691,0.352301,0.336606,-0.212404,0.675891,-0.668317,0.226734,-90.223,1.294,-143.819,0.193740,-0.209379,-0.032173,-0.240571,-0.358589,-0.093127
1790862503.725569,1790862503.791420,-0.843712,0.371645,0.335627,-0.217779,0.675204,-0.666495,0.229032,-90.381,1.088,-143.166,0.182944,-0.169690,-0.010526,-0.033872,-0.303245,-0.137857
1790862503.758904,1790862503.822135,-0.837127,0.365907,0.335191,-0.222350,0.673131,-0.666573,0.230511,-90.292,0.797,-142.648,0.185840,-0.173952,-0.001230,0.113137,-0.224412,-0.173014
1790862503.792238,1790862503.852172,-0.831134,0.360472,0.335013,-0.225599,0.670545,-0.667816,0.231292,-90.060,0.508,-142.302,0.188646,-0.187028,-0.009089,0.103551,-0.126404,-0.100574
1790862503.825572,1790862503.888898,-0.824089,0.354379,0.334166,-0.226393,0.669451,-0.668493,0.231730,-89.933,0.434,-142.197,0.192128,-0.208305,-0.022939,0.020458,0.036586,0.025125
1790862503.858906,1790862503.913475,-0.816420,0.348104,0.333262,-0.224810,0.669865,-0.668866,0.230997,-89.915,0.501,-142.395,0.196419,-0.223947,-0.026484,0.032178,0.159095,0.047493
1790862503.892240,1790862503.943316,-0.810408,0.340769,0.332513,0.222153,-0.669786,0.670056,-0.230347,-89.767,0.622,-142.676,0.201141,-0.220168,-0.019833,0.107815,0.112222,0.093302
1790862503.925574,1790862503.979784,-0.799001,0.326273,0.331706,-0.219422,0.670563,-0.669818,0.231391,-89.748,0.938,-142.819,0.220862,-0.224796,-0.020642,-0.136147,0.060038,0.265871
1790862503.958908,1790862504.008962,-0.795548,0.327297,0.331098,-0.216384,0.675182,-0.665636,0.232885,-90.309,1.514,-142.955,0.234845,-0.210468,-0.008909,-0.475965,0.068547,0.318077
1790862503.992242,1790862504.059827,-0.787200,0.322007,0.331399,-0.215164,0.680251,-0.660385,0.234209,-91.036,1.975,-142.956,0.245461,-0.189813,0.039870,-0.165962,-0.100834,0.129515
1790862504.025576,1790862504.089747,-0.778978,0.317115,0.333171,-0.216901,0.678465,-0.660838,0.236499,-90.844,1.962,-142.609,0.247420,-0.177790,0.077193,0.317683,-0.270213,-0.119764
1790862504.058909,1790862504.108671,-0.770963,0.310864,0.335639,-0.221090,0.672799,-0.664028,0.239850,-90.176,1.669,-141.954,0.252893,-0.174762,0.063408,0.287855,-0.414027,-0.189009
1790862504.092243,1790862504.141672,-0.762397,0.304407,0.337252,-0.227561,0.668201,-0.665187,0.243413,-89.802,1.292,-141.090,0.257280,-0.175832,0.033283,0.084382,-0.484335,-0.200727
1790862504.125576,1790862504.182467,-0.754108,0.298519,0.337960,-0.234375,0.665382,-0.664604,0.246246,-89.732,0.926,-140.261,0.254466,-0.182610,0.023952,0.015139,-0.353300,-0.170898
1790862504.158909,1790862504.214467,-0.745381,0.292721,0.338938,0.239036,-0.663148,0.664723,-0.247466,-89.645,0.597,-139.755,0.249915,-0.185547,0.034800,0.096101,-0.178593,-0.164507
1790862504.192243,1790862504.247989,-0.736198,0.285177,0.340139,0.241515,-0.660302,0.666548,-0.247761,-89.350,0.300,-139.515,0.246692,-0.185740,0.044621,0.219673,-0.081654,-0.121898
1790862504.225576,1790862504.289030,-0.728713,0.281354,0.341504,0.241896,-0.657693,0.668767,-0.248349,-88.977,0.179,-139.431,0.240394,-0.177760,0.034075,0.098234,-0.006016,0.005935
1790862504.258910,1790862504.314993,-0.720546,0.276001,0.342185,0.241518,-0.657722,0.668779,-0.248608,-88.961,0.228,-139.441,0.235650,-0.173740,0.026282,-0.033860,0.013159,0.067720
1790862504.292243,1790862504.349494,-0.712691,0.270198,0.343295,0.240331,-0.657644,0.669023,-0.249307,-88.883,0.363,-139.481,0.227315,-0.169081,0.035695,0.145109,0.024876,0.045348
1790862504.325579,1790862504.381119,-0.704745,0.264657,0.344186,0.239874,-0.655461,0.671175,-0.249712,-88.529,0.307,-139.484,0.224442,-0.165049,0.024533,0.168545,-0.023059,-0.089946
1790862504.358914,1790862504.413602,-0.697259,0.259002,0.344655,0.241483,-0.654360,0.672025,-0.248759,-88.453,0.057,-139.430,0.228457,-0.166059,0.002094,-0.148913,-0.036906,-0.190083
1790862504.392249,1790862504.462371,-0.689433,0.253474,0.344741,0.245667,-0.655821,0.670300,-0.245446,-88.906,-0.424,-139.361,0.234845,-0.160953,0.008312,-0.254377,-0.069930,-0.332832
1790862504.425584,1790862504.493321,-0.681084,0.247708,0.345322,0.251762,-0.655238,0.669722,-0.242386,-89.166,-1.122,-139.102,0.239578,-0.149297,0.041599,0.043904,-0.239312,-0.350946
1790862504.458919,1790862504.523817,-0.673525,0.242749,0.347068,0.258005,-0.651421,0.671037,-0.242474,-88.958,-1.740,-138.558,0.242614,-0.143980,0.057270,0.129128,-0.330927,-0.279569
1790862504.492254,1790862504.554670,-0.665948,0.236899,0.348613,0.264138,-0.648445,0.670826,-0.244424,-88.882,-2.143,-137.859,0.249240,-0.139621,0.050556,-0.038121,-0.431060,-0.101664
1790862504.525588,1790862504.581623,-0.657471,0.231958,0.350317,0.270024,-0.647469,0.667458,-0.249740,-89.097,-2.124,-136.881,0.252708,-0.138262,0.048214,-0.131869,-0.575942,0.123112
1790862504.558922,1790862504.612277,-0.649046,0.227031,0.351939,0.275942,-0.647094,0.662920,-0.256247,-89.412,-1.961,-135.791,0.253875,-0.147334,0.049909,-0.136129,-0.535460,0.018714
1790862504.592257,1790862504.647929,-0.640812,0.220988,0.353543,0.282235,-0.645667,0.659998,-0.260499,-89.604,-2.072,-134.864,0.255344,-0.155499,0.061734,0.014076,-0.439580,-0.112317
1790862504.625592,1790862504.684655,-0.632021,0.216063,0.355768,0.287510,-0.642512,0.659443,-0.263916,-89.482,-2.296,-134.102,0.257821,-0.164542,0.067981,0.112083,-0.346902,-0.073968
1790862504.658926,1790862504.711178,-0.623195,0.209609,0.357454,0.291093,-0.640517,0.658508,-0.267152,-89.426,-2.358,-133.501,0.263280,-0.173746,0.054350,-0.069015,-0.280852,-0.015378
1790862504.692261,1790862504.752932,-0.614178,0.203857,0.359259,0.295298,-0.640604,0.655799,-0.268986,-89.722,-2.446,-132.962,0.275506,-0.168597,0.056167,-0.153173,-0.304287,-0.067577
1790862504.725596,1790862504.781720,-0.603970,0.198646,0.361395,0.300237,-0.638912,0.654012,-0.271877,-89.811,-2.597,-132.266,0.287681,-0.156822,0.077742,0.130194,-0.432124,-0.059058
1790862504.758930,1790862504.812237,-0.594345,0.193379,0.364038,0.304896,-0.634495,0.653915,-0.277218,-89.489,-2.692,-131.384,0.300890,-0.158029,0.073863,0.193047,-0.470473,-0.073973
1790862504.792265,1790862504.846413,-0.583004,0.187567,0.365849,0.310334,-0.630002,0.653968,-0.281275,-89.221,-2.951,-130.543,0.316914,-0.172657,0.052655,0.166415,-0.411881,-0.127242
1790862504.825599,1790862504.880771,-0.572289,0.181606,0.367201,0.314587,-0.626268,0.653465,-0.286021,-88.987,-3.032,-129.743,0.331346,-0.182068,0.023084,0.065212,-0.435316,0.095404
1790862504.858933,1790862504.923310,-0.561023,0.174555,0.367233,0.317471,-0.625716,0.649717,-0.292504,-89.118,-2.664,-128.902,0.351353,-0.192686,-0.005767,-0.138258,-0.422532,0.291417
1790862504.892268,1790862504.953358,-0.549096,0.168223,0.366861,0.319770,-0.626288,0.644988,-0.299168,-89.368,-2.164,-128.092,0.372590,-0.192013,-0.017212,-0.051969,-0.427858,0.184888
1790862504.925602,1790862504.981687,-0.536698,0.161516,0.365682,0.324753,-0.623822,0.642639,-0.303969,-89.383,-2.186,-127.209,0.388540,-0.186153,-0.038255,0.051364,-0.521605,-0.236968
1790862504.958936,1790862505.013862,-0.523655,0.155315,0.363964,0.334737,-0.618217,0.642133,-0.305653,-89.339,-2.979,-126.147,0.392734,-0.189482,-0.063936,0.044973,-0.582325,-0.548034
1790862504.992270,1790862505.045505,-0.510957,0.148801,0.361306,0.346201,-0.611515,0.641974,-0.306700,-89.288,-3.980,-124.998,0.385971,-0.196756,-0.078236,0.090782,-0.643046,-0.404221
1790862505.025604,1790862505.084367,-0.498566,0.141975,0.358474,0.354697,-0.605874,0.640165,-0.311922,-89.183,-4.368,-123.738,0.366800,-0.211488,-0.096354,0.064148,-0.647306,0.035746
1790862505.058938,1790862505.119163,-0.486978,0.134894,0.354510,0.359754,-0.604264,0.635106,-0.319503,-89.375,-4.062,-122.571,0.347279,-0.228629,-0.125978,-0.221347,-0.566344,0.266912
1790862505.092272,1790862505.151083,-0.475589,0.127439,0.350058,0.364849,-0.606596,0.626857,-0.325541,-90.123,-3.582,-121.523,0.334801,-0.232408,-0.137116,-0.447189,-0.543974,0.233887
1790862505.125606,1790862505.192095,-0.464025,0.120799,0.345601,0.371439,-0.608641,0.618273,-0.330646,-90.966,-3.257,-120.413,0.321759,-0.223487,-0.116077,-0.304438,-0.639848,0.091133
1790862505.158940,1790862505.231191,-0.453211,0.113697,0.342073,0.379612,-0.606673,0.612195,-0.336243,-91.396,-3.257,-119.108,0.308367,-0.229332,-0.084811,-0.007218,-0.708027,-0.127255
1790862505.192274,1790862505.267870,-0.443613,0.106122,0.339333,0.386308,-0.600522,0.610723,-0.342282,-91.132,-3.483,-117.910,0.288905,-0.248906,-0.078301,0.254846,-0.501355,-0.082514
1790862505.225607,1790862505.303130,-0.434303,0.098381,0.336067,0.391101,-0.597248,0.608761,-0.346041,-91.110,-3.602,-117.097,0.282905,-0.248040,-0.107692,-0.277798,-0.394830,-0.022862
1790862505.258941,1790862505.338381,-0.424803,0.089992,0.332747,0.396986,-0.599957,0.600791,-0.348576,-92.014,-3.368,-116.267,0.272448,-0.246763,-0.083344,-0.484467,-0.501358,0.275421
1790862505.292275,1790862505.372155,-0.416052,0.082528,0.330880,-0.400410,0.601255,-0.592986,0.355713,-92.506,-2.701,-115.262,0.259168,-0.233627,-0.025489,0.123817,-0.575933,0.311637
1790862505.325610,1790862505.399305,-0.407762,0.074947,0.330365,-0.402159,0.596815,-0.590471,0.365273,-92.055,-2.231,-114.205,0.254070,-0.228284,-0.011975,0.325159,-0.529055,0.118819
1790862505.358944,1790862505.428060,-0.399781,0.068280,0.329564,-0.404267,0.591591,-0.589635,0.372719,-91.538,-2.049,-113.300,0.246915,-0.228892,-0.025974,0.213305,-0.414009,0.069811
1790862505.392279,1790862505.460479,-0.391453,0.060436,0.328461,-0.406383,0.588649,-0.587643,0.378181,-91.336,-1.856,-112.573,0.242127,-0.230377,-0.043823,-0.031712,-0.374592,0.115620
1790862505.425613,1790862505.488853,-0.383435,0.053559,0.326560,-0.410303,0.588420,-0.582813,0.381762,-91.672,-1.661,-111.837,0.236008,-0.221675,-0.057204,-0.284186,-0.388446,0.060221
1790862505.458947,1790862505.510211,-0.375796,0.046171,0.325021,-0.415128,0.588816,-0.577460,0.384063,-92.183,-1.556,-111.129,0.226554,-0.215409,-0.031400,-0.186179,-0.356485,0.024002
1790862505.492281,1790862505.551530,-0.368588,0.039317,0.324676,-0.418909,0.587291,-0.573946,0.387545,-92.339,-1.470,-110.412,0.218154,-0.201942,0.012397,0.065231,-0.412943,0.077267
1790862505.525615,1790862505.580494,-0.361514,0.033554,0.325335,-0.421026,0.584244,-0.571212,0.393844,-92.133,-1.191,-109.592,0.215977,-0.190069,0.033081,0.108910,-0.463016,0.171010
1790862505.558950,1790862505.609133,-0.354289,0.027186,0.326496,-0.423545,0.581658,-0.567408,0.400414,-92.031,-0.850,-108.699,0.219158,-0.184753,0.034351,0.020490,-0.478992,0.136921
1790862505.592284,1790862505.650799,-0.346956,0.021076,0.327612,-0.427468,0.578783,-0.563465,0.405941,-92.031,-0.677,-107.757,0.222550,-0.179069,0.034063,0.008773,-0.520539,-0.004762
1790862505.625618,1790862505.689663,-0.339938,0.015874,0.328477,-0.432685,0.574340,-0.560447,0.410873,-91.958,-0.747,-106.736,0.220911,-0.171467,0.039492,0.100389,-0.530124,-0.095316
1790862505.658952,1790862505.727366,-0.332773,0.010093,0.329931,-0.437517,0.569038,-0.558649,0.415555,-91.745,-0.911,-105.773,0.219554,-0.173791,0.043542,0.120630,-0.454489,-0.095315
1790862505.692287,1790862505.758342,-0.326360,0.004881,0.330917,-0.441722,0.564446,-0.557278,0.419194,-91.572,-1.094,-104.973,0.218940,-0.174605,0.043589,0.069498,-0.387368,-0.093186
1790862505.725621,1790862505.788845,-0.319035,-0.001064,0.332494,-0.445556,0.560874,-0.555537,0.422231,-91.502,-1.227,-104.268,0.216451,-0.176238,0.047616,0.009842,-0.352216,-0.054836
1790862505.758955,1790862505.812973,-0.312450,-0.006644,0.333738,-0.448705,0.558356,-0.552996,0.425556,-91.501,-1.206,-103.602,0.202959,-0.171874,0.055405,0.033280,-0.346888,0.074061
1790862505.792289,1790862505.843962,-0.305900,-0.012327,0.335781,-0.450067,0.555754,-0.550586,0.430617,-91.309,-0.972,-102.947,0.184574,-0.164558,0.062129,0.187747,-0.354346,0.120933
1790862505.825622,1790862505.888479,-0.299969,-0.017737,0.337701,-0.451033,0.552120,-0.548999,0.436271,-90.948,-0.773,-102.268,0.169732,-0.157646,0.050873,0.167506,-0.344757,0.072996
1790862505.858956,1790862505.924975,-0.294419,-0.023019,0.338570,-0.452795,0.549248,-0.547235,0.440269,-90.767,-0.684,-101.671,0.158018,-0.153686,0.032994,0.026888,-0.270190,0.005877
1790862505.892289,1790862505.956770,-0.289472,-0.027953,0.339696,-0.454917,0.547073,-0.545323,0.443153,-90.715,-0.646,-101.148,0.142000,-0.146613,0.029954,0.068435,-0.300015,0.044230
1790862505.925623,1790862505.991840,-0.285567,-0.033037,0.340079,-0.456547,0.544259,-0.543304,0.447400,-90.533,-0.521,-100.533,0.124019,-0.140487,0.020195,0.113178,-0.341560,0.063402
1790862505.958956,1790862506.018668,-0.281742,-0.037657,0.340519,-0.458548,0.541418,-0.540994,0.451582,-90.390,-0.410,-99.882,0.112016,-0.136013,0.003985,0.029020,-0.330906,0.055946
1790862505.992290,1790862506.052859,-0.278254,-0.042074,0.340500,-0.460861,0.539656,-0.537873,0.455051,-90.415,-0.265,-99.269,0.102652,-0.131729,-0.003105,-0.045549,-0.308534,0.104950
1790862506.025624,1790862506.095361,-0.275242,-0.046681,0.340094,-0.463036,0.538563,-0.534208,0.458442,-90.510,-0.052,-98.677,0.093285,-0.127149,0.000941,-0.037026,-0.319191,0.088968
1790862506.058957,1790862506.113279,-0.272443,-0.050675,0.340352,-0.465186,0.536530,-0.531167,0.462169,-90.488,0.100,-98.048,0.083744,-0.119674,0.011626,0.052457,-0.330908,0.077250
1790862506.092291,1790862506.151827,-0.269925,-0.054394,0.340778,-0.466729,0.534212,-0.528629,0.466191,-90.369,0.266,-97.450,0.076796,-0.107669,0.014397,0.048197,-0.290427,0.084708
1790862506.125624,1790862506.180030,-0.268082,-0.057722,0.340980,-0.468376,0.532438,-0.526163,0.469348,-90.328,0.396,-96.931,0.069210,-0.093011,0.013200,-0.012522,-0.247816,0.049551
1790862506.158957,1790862506.206171,-0.266123,-0.060307,0.341544,-0.470252,0.530737,-0.524007,0.471804,-90.323,0.457,-96.461,0.060809,-0.079780,0.018522,0.030088,-0.236097,0.008005
1790862506.192291,1790862506.247177,-0.264436,-0.062585,0.342193,-0.471635,0.528470,-0.523095,0.473974,-90.197,0.432,-96.074,0.053406,-0.072374,0.020642,0.094006,-0.160459,-0.026083
1790862506.225624,1790862506.288288,-0.263034,-0.064503,0.342798,-0.472123,0.526644,-0.522979,0.475646,-90.029,0.411,-95.838,0.047542,-0.066865,0.017285,0.055654,-0.088019,0.035704
1790862506.258958,1790862506.320399,-0.262556,-0.066270,0.342893,-0.471413,0.526891,-0.521782,0.477388,-89.982,0.637,-95.725,0.041539,-0.065223,0.016556,-0.015716,-0.020904,0.201887
1790862506.292291,1790862506.342343,-0.260772,-0.068343,0.343589,-0.469478,0.529122,-0.519584,0.479221,-90.044,1.104,-95.733,0.038375,-0.063457,0.019515,-0.018912,0.022770,0.259413
1790862506.325626,1790862506.380520,-0.259767,-0.070093,0.344263,-0.467227,0.530976,-0.518251,0.480812,-90.027,1.508,-95.801,0.035430,-0.061355,0.022209,0.040741,0.052600,0.158210
1790862506.358960,1790862506.408185,-0.259421,-0.070736,0.344761,-0.465003,0.531570,-0.518571,0.481965,-89.862,1.726,-95.913,0.032106,-0.058470,0.021909,0.116380,0.055792,0.096421
1790862506.392295,1790862506.447344,-0.258522,-0.072590,0.345334,-0.463116,0.531719,-0.519325,0.482805,-89.679,1.858,-96.022,0.032991,-0.061349,0.008595,0.057787,0.074967,0.043156
1790862506.425629,1790862506.488555,-0.257537,-0.074358,0.345381,-0.461554,0.532452,-0.520280,0.482464,-89.603,1.920,-96.226,0.037384,-0.066537,-0.006788,0.010915,0.147409,0.000545
1790862506.458964,1790862506.529468,-0.256430,-0.076084,0.344857,-0.460945,0.533570,-0.521544,0.480442,-89.675,1.828,-96.515,0.040784,-0.062117,-0.025597,-0.113723,0.144211,-0.118768
1790862506.492299,1790862506.557859,-0.255120,-0.077675,0.343982,-0.462527,0.534614,-0.522559,0.476643,-89.971,1.504,-96.765,0.043236,-0.052176,-0.024313,-0.159531,0.103730,-0.211448
1790862506.525634,1790862506.596642,-0.253919,-0.079063,0.343389,-0.464665,0.534656,-0.523645,0.473313,-90.203,1.116,-96.900,0.038700,-0.044055,-0.006672,-0.049805,0.021703,-0.157118
1790862506.558968,1790862506.630824,-0.252410,-0.078845,0.343018,-0.465782,0.533821,-0.524499,0.472210,-90.220,0.891,-96.900,0.039742,-0.034819,0.004555,0.010915,-0.010260,-0.060181
1790862506.592303,1790862506.654819,-0.252184,-0.079727,0.343166,-0.466172,0.533408,-0.524635,0.472141,-90.211,0.833,-96.866,0.044233,-0.028573,0.007401,-0.002931,-0.025171,-0.006915
1790862506.625637,1790862506.679351,-0.250823,-0.080386,0.343389,-0.466158,0.533149,-0.524467,0.472634,-90.178,0.859,-96.814,0.049473,-0.020950,0.007913,0.039679,-0.043282,0.042087
1790862506.658972,1790862506.703013,-0.249191,-0.080744,0.343484,-0.465571,0.533277,-0.523792,0.473815,-90.131,1.010,-96.748,0.059398,-0.014026,-0.000807,-0.012518,-0.013452,0.121984
1790862506.692306,1790862506.750980,-0.247196,-0.080713,0.343231,-0.464871,0.534965,-0.522142,0.474421,-90.263,1.269,-96.758,0.071229,-0.004578,-0.013834,-0.122243,0.003591,0.114526
1790862506.725641,1790862506.783728,-0.244894,-0.080249,0.342656,-0.465388,0.536445,-0.520345,0.474218,-90.500,1.402,-96.725,0.079554,0.010306,-0.018438,-0.104134,-0.056065,0.003735
1790862506.758975,1790862506.813196,-0.242409,-0.079474,0.341998,-0.467028,0.536020,-0.519566,0.473939,-90.623,1.305,-96.578,0.087610,0.021478,-0.016161,-0.021040,-0.089089,-0.100663
1790862506.792308,1790862506.844603,-0.239661,-0.078445,0.341390,-0.468734,0.534319,-0.519827,0.473889,-90.597,1.094,-96.399,0.097612,0.026467,-0.015504,0.038614,-0.096544,-0.092141
1790862506.825643,1790862506.868321,-0.236516,-0.077346,0.340695,-0.469976,0.532498,-0.519861,0.474672,-90.508,0.967,-96.179,0.107615,0.027085,-0.023151,0.030094,-0.141287,-0.032485
1790862506.858977,1790862506.902331,-0.232751,-0.076168,0.339642,-0.471639,0.531402,-0.518773,0.475440,-90.554,0.914,-95.914,0.122664,0.022939,-0.039296,-0.100937,-0.111458,-0.046334
1790862506.892311,1790862506.937584,-0.228430,-0.074777,0.338181,-0.474384,0.531276,-0.517831,0.473873,-90.836,0.700,-95.786,0.139332,0.015438,-0.045118,-0.177639,-0.021974,-0.179497
1790862506.925645,1790862506.988040,-0.224470,-0.072296,0.336093,-0.477432,0.530930,-0.517990,0.471018,-91.126,0.318,-95.762,0.150166,0.009099,-0.023503,-0.114784,-0.001736,-0.173110
1790862506.958979,1790862507.014145,-0.219420,-0.072417,0.335994,-0.478598,0.530568,-0.518439,0.469747,-91.210,0.127,-95.772,0.161836,-0.005611,0.016845,0.033292,0.009981,-0.014381
1790862506.992313,1790862507.057377,-0.213967,-0.072868,0.337016,-0.477863,0.530144,-0.518675,0.470713,-91.078,0.194,-95.748,0.173718,-0.014754,0.045935,0.078034,-0.053935,0.065514
1790862507.025647,1790862507.086036,-0.208149,-0.073639,0.338847,-0.477390,0.529457,-0.517842,0.472879,-90.943,0.362,-95.565,0.180478,-0.018670,0.066165,0.070578,-0.138094,0.087886
1790862507.058981,1790862507.113387,-0.202232,-0.074396,0.341220,-0.478024,0.527743,-0.516853,0.475230,-90.804,0.428,-95.239,0.182271,-0.015171,0.077644,0.069512,-0.204142,-0.039949
1790862507.092315,1790862507.159412,-0.196408,-0.074984,0.343897,-0.480013,0.524617,-0.516663,0.476891,-90.646,0.250,-94.837,0.183135,-0.014990,0.083921,0.101471,-0.187096,-0.140086
1790862507.125649,1790862507.188478,-0.190933,-0.074278,0.345672,-0.482039,0.521213,-0.517755,0.477394,-90.461,-0.086,-94.558,0.184695,-0.017292,0.080669,0.083365,-0.095484,-0.199747
1790862507.158983,1790862507.220776,-0.184605,-0.074804,0.348377,0.483951,-0.518281,0.519292,-0.476983,-90.324,-0.470,-94.391,0.183801,-0.015256,0.067344,0.062059,-0.097614,-0.196551
1790862507.192316,1790862507.250123,-0.178776,-0.074591,0.349208,0.486474,-0.515418,0.519713,-0.477059,-90.265,-0.796,-94.101,0.178455,-0.006244,0.046673,-0.009311,-0.191362,-0.106006
1790862507.225649,1790862507.278461,-0.172888,-0.075029,0.350671,0.488975,-0.513761,0.518237,-0.477894,-90.349,-0.903,-93.730,0.175112,-0.005180,0.029072,-0.057250,-0.186035,-0.011193
1790862507.258983,1790862507.318610,-0.167054,-0.075196,0.351445,0.490620,-0.512744,0.516391,-0.479297,-90.414,-0.870,-93.390,0.169210,-0.002408,0.018287,-0.003984,-0.171122,0.015439
1790862507.292316,1790862507.357987,-0.161443,-0.075197,0.351909,0.491791,-0.511368,0.515216,-0.480829,-90.385,-0.859,-93.090,0.166118,0.000047,0.013298,0.045018,-0.132772,-0.009062
1790862507.325652,1790862507.389611,-0.155505,-0.074737,0.351328,0.492239,-0.509809,0.515076,-0.482175,-90.253,-0.885,-92.890,0.165970,0.000998,0.008217,0.098284,-0.075250,-0.019719
1790862507.358989,1790862507.416921,-0.149997,-0.074671,0.351433,0.492302,-0.508624,0.515593,-0.482808,-90.122,-0.947,-92.813,0.166424,-0.004885,-0.012621,0.014126,0.012104,-0.057005
1790862507.392325,1790862507.451767,-0.144287,-0.074730,0.350703,0.492584,-0.508987,0.516264,-0.481419,-90.196,-1.062,-92.935,0.165263,-0.012833,-0.029946,-0.067902,0.106916,-0.039960
1790862507.425661,1790862507.477678,-0.138707,-0.075125,0.349632,0.492126,-0.510285,0.516664,-0.480083,-90.296,-1.064,-93.134,0.158885,-0.019669,-0.034462,-0.034877,0.085609,0.044197
1790862507.458997,1790862507.524568,-0.133330,-0.075952,0.348318,0.491825,-0.511432,0.516262,-0.479603,-90.396,-0.989,-93.221,0.153223,-0.022304,-0.043367,-0.082816,-0.008135,0.016499
1790862507.492333,1790862507.566859,-0.126933,-0.076299,0.345984,0.493164,-0.511918,0.514843,-0.479235,-90.604,-0.982,-93.110,0.150334,-0.024718,-0.045166,-0.095598,-0.110411,0.006909
1790862507.525669,1790862507.593497,-0.122052,-0.077371,0.344568,0.494880,-0.511837,0.512923,-0.479610,-90.789,-0.957,-92.874,0.147105,-0.032151,-0.047806,-0.120101,-0.133845,0.003714
1790862507.559005,1790862507.618633,-0.116836,-0.078643,0.342903,-0.497555,0.512480,-0.510247,0.479010,-91.169,-0.962,-92.636,0.152539,-0.041274,-0.052926,-0.279896,-0.105082,-0.016526
1790862507.592342,1790862507.644267,-0.111292,-0.080123,0.341417,-0.501372,0.513910,-0.506975,0.476968,-91.774,-1.039,-92.422,0.158920,-0.046573,-0.035695,-0.291615,-0.156217,-0.068725
1790862507.625678,1790862507.683712,-0.106261,-0.081985,0.340739,-0.505298,0.513195,-0.503898,0.476855,-92.143,-1.134,-91.981,0.158477,-0.051132,0.000740,-0.043401,-0.313882,-0.017589
1790862507.659014,1790862507.722731,-0.099698,-0.084101,0.340434,-0.507551,0.510265,-0.500835,0.480818,-92.061,-1.015,-91.284,0.165396,-0.065566,0.018985,0.121718,-0.395917,0.108115
1790862507.692348,1790862507.747689,-0.094591,-0.086609,0.341020,0.508683,-0.507280,0.497410,-0.486304,-91.844,-0.726,-90.544,0.179634,-0.080382,0.011256,0.103610,-0.390589,0.159250
1790862507.725684,1790862507.787859,-0.088286,-0.089512,0.341172,0.510154,-0.504713,0.493534,-0.491357,-91.718,-0.434,-89.806,0.197568,-0.092197,-0.006687,0.042888,-0.390589,0.131552
1790862507.759020,1790862507.823733,-0.080847,-0.093246,0.339968,0.512108,-0.502142,0.489985,-0.495492,-91.651,-0.243,-89.110,0.213256,-0.102645,-0.023449,0.043953,-0.346913,0.005849
1790862507.792356,1790862507.856191,-0.073657,-0.096438,0.339155,0.515254,-0.498096,0.488200,-0.498072,-91.557,-0.396,-88.446,0.221365,-0.102609,-0.028835,0.056737,-0.362892,-0.164597
1790862507.825692,1790862507.892210,-0.065914,-0.100592,0.337623,-0.519301,0.492956,-0.486867,0.500281,-91.453,-0.712,-87.713,0.227643,-0.104474,-0.017757,0.081240,-0.404437,-0.168856
1790862507.859027,1790862507.921138,-0.058772,-0.103932,0.337549,-0.522791,0.487370,-0.484995,0.503924,-91.242,-0.911,-86.875,0.227330,-0.106709,0.000156,0.141962,-0.466223,-0.057001
1790862507.892363,1790862507.951312,-0.050935,-0.107794,0.337321,-0.525775,0.482328,-0.481744,0.508766,-91.041,-0.905,-85.953,0.223649,-0.108829,0.002749,0.005607,-0.524821,0.021831
1790862507.925699,1790862507.992651,-0.043378,-0.111305,0.337600,-0.531683,0.478630,-0.474889,0.512550,-91.349,-0.821,-84.791,0.216735,-0.098005,0.015002,-0.272437,-0.713379,0.051659
1790862507.959034,1790862508.021349,-0.036116,-0.114995,0.338856,-0.538850,0.473854,-0.465612,0.517985,-91.707,-0.624,-83.261,0.201659,-0.092450,0.065991,0.008802,-0.891287,0.081492
1790862507.992370,1790862508.046991,-0.029758,-0.117803,0.341647,-0.543919,0.463733,-0.459037,0.527625,-91.249,-0.573,-81.461,0.187616,-0.085573,0.095739,0.458355,-0.970119,-0.120915
1790862508.025705,1790862508.089324,-0.023709,-0.121479,0.344453,-0.548220,0.449853,-0.456163,0.537590,-90.334,-0.944,-79.682,0.190467,-0.089830,0.073250,0.457292,-0.848677,-0.291358
1790862508.059041,1790862508.117895,-0.017175,-0.125140,0.345980,-0.553130,0.437785,-0.454280,0.544077,-89.726,-1.500,-78.228,0.201376,-0.101840,0.028775,0.177120,-0.671836,-0.239156
1790862508.092376,1790862508.149189,-0.010889,-0.129220,0.346309,-0.558167,0.431387,-0.450104,0.547504,-89.730,-1.725,-77.131,0.213761,-0.122362,0.001567,-0.116900,-0.469431,0.027169
1790862508.125710,1790862508.184714,-0.004081,-0.133680,0.346104,-0.562419,0.429049,-0.444512,0.549556,-90.046,-1.629,-76.305,0.209924,-0.125753,-0.004426,-0.158445,-0.416167,0.039954
1790862508.159046,1790862508.215336,0.002810,-0.137701,0.346116,-0.566661,0.425887,-0.439534,0.551657,-90.285,-1.619,-75.466,0.197469,-0.113225,0.005904,-0.052980,-0.476891,-0.006917
1790862508.192381,1790862508.242488,0.009169,-0.141343,0.346595,-0.570528,0.421359,-0.434150,0.555399,-90.349,-1.567,-74.452,0.182997,-0.099350,0.023875,0.024785,-0.610056,0.069782
1790862508.225717,1790862508.289221,0.015084,-0.144445,0.347627,-0.574053,0.415223,-0.427500,0.561512,-90.223,-1.404,-73.157,0.170659,-0.077670,0.036342,0.167533,-0.751741,0.077240
1790862508.259052,1790862508.327982,0.020577,-0.146703,0.348684,-0.577597,0.406450,-0.420664,0.569405,-89.865,-1.322,-71.593,0.155219,-0.053442,0.023762,0.212276,-0.884901,-0.001589
1790862508.292382,1790862508.350035,0.025641,-0.148197,0.348978,-0.583428,0.396096,-0.413284,0.576122,-89.688,-1.481,-69.835,0.147673,-0.030881,-0.006650,-0.015695,-0.936037,-0.153926
1790862508.325745,1790862508.384611,0.030827,-0.149056,0.348423,-0.591723,0.385891,-0.405525,0.580087,-89.891,-1.846,-68.070,0.146637,-0.015698,-0.022795,-0.109444,-0.908339,-0.199733
1790862508.359108,1790862508.418487,0.035851,-0.149390,0.347694,-0.599731,0.376139,-0.398438,0.583172,-90.133,-2.247,-66.432,0.149246,-0.010933,-0.021549,-0.076419,-0.776241,-0.218910
1790862508.392471,1790862508.445596,0.040969,-0.149691,0.347181,-0.606002,0.367308,-0.393642,0.585570,-90.247,-2.690,-65.120,0.154622,-0.011356,-0.008538,0.067393,-0.597272,-0.192278
1790862508.425835,1790862508.485415,0.046141,-0.150037,0.347053,-0.608783,0.359752,-0.390325,0.589584,-90.004,-2.926,-64.086,0.156627,-0.012113,-0.003002,0.228253,-0.489677,-0.042070
1790862508.459198,1790862508.520722,0.051263,-0.150392,0.346702,-0.609744,0.353587,-0.386246,0.594981,-89.634,-2.881,-63.118,0.156105,-0.004407,-0.018789,0.176054,-0.536550,0.088959
1790862508.492563,1790862508.556190,0.056373,-0.150403,0.345630,-0.611875,0.348333,-0.379880,0.599970,-89.510,-2.688,-62.016,0.153862,0.009668,-0.042085,-0.000783,-0.626036,0.118787
1790862508.525927,1790862508.581983,0.061742,-0.149830,0.344058,-0.615622,0.343406,-0.371751,0.604055,-89.647,-2.455,-60.778,0.153212,0.025466,-0.050783,-0.056179,-0.662255,0.139029
1790862508.559291,1790862508.620085,0.066843,-0.148810,0.342349,-0.619439,0.338510,-0.362746,0.608376,-89.804,-2.150,-59.469,0.148900,0.038765,-0.050648,-0.056179,-0.725109,0.196556
1790862508.592656,1790862508.649103,0.071845,-0.147130,0.340685,-0.623527,0.333224,-0.352054,0.613379,-89.980,-1.733,-57.975,0.142142,0.050216,-0.049955,-0.062572,-0.823114,0.215729
1790862508.626021,1790862508.677003,0.076532,-0.145298,0.339032,-0.627556,0.326716,-0.341844,0.618525,-90.065,-1.426,-56.429,0.143592,0.054768,-0.049338,0.037564,-0.771979,0.075110
1790862508.659387,1790862508.715446,0.081664,-0.142888,0.337358,-0.630460,0.318695,-0.334867,0.623553,-89.891,-1.421,-55.056,0.153829,0.055416,-0.057584,0.165401,-0.652661,-0.059116
1790862508.692753,1790862508.751053,0.087888,-0.139326,0.334982,-0.633074,0.310862,-0.330753,0.627044,-89.704,-1.658,-53.972,0.171772,0.055757,-0.084280,0.055672,-0.486451,-0.141149
1790862508.726120,1790862508.789085,0.092511,-0.138956,0.331761,-0.636095,0.304911,-0.327279,0.628730,-89.723,-1.888,-53.119,0.179490,0.042298,-0.110415,-0.111575,-0.408708,-0.100665
1790862508.759486,1790862508.815079,0.098019,-0.137110,0.327744,-0.640589,0.300915,-0.322296,0.628667,-90.104,-1.981,-52.301,0.178276,0.035753,-0.127310,-0.267107,-0.465167,0.012253
1790862508.792853,1790862508.844088,0.103705,-0.135483,0.323508,-0.646369,0.297695,-0.314955,0.628003,-90.736,-1.905,-51.339,0.170347,0.031188,-0.122106,-0.290543,-0.538674,0.058060
1790862508.826221,1790862508.884465,0.109129,-0.134688,0.319725,-0.650917,0.294006,-0.307527,0.628724,-91.162,-1.757,-50.337,0.155932,0.024116,-0.104909,-0.104116,-0.520564,0.093217
1790862508.859588,1790862508.913281,0.114147,-0.133217,0.316289,-0.654349,0.289668,-0.299835,0.630887,-91.385,-1.541,-49.261,0.141892,0.033241,-0.104953,-0.133943,-0.645204,0.094281
1790862508.892956,1790862508.947747,0.118785,-0.132175,0.312781,-0.658744,0.282957,-0.291374,0.633319,-91.606,-1.460,-47.910,0.132675,0.032002,-0.103885,-0.011435,-0.766646,-0.075100
1790862508.926324,1790862508.990363,0.123389,-0.130527,0.309326,-0.662076,0.272590,-0.284536,0.637487,-91.450,-1.675,-46.389,0.122743,0.031915,-0.111895,0.206949,-0.807128,-0.196544
1790862508.959692,1790862509.019179,0.126846,-0.129801,0.305064,-0.665052,0.259895,-0.279446,0.641927,-91.128,-2.179,-44.827,0.109901,0.037820,-0.141546,0.134510,-0.810323,-0.345685
1790862508.993061,1790862509.045111,0.130232,-0.128037,0.299934,-0.669736,0.246726,-0.274393,0.644428,-91.081,-2.840,-43.234,0.091204,0.048110,-0.166042,-0.042329,-0.855067,-0.362730
1790862509.026429,1790862509.080673,0.132953,-0.125967,0.294046,-0.676970,0.234004,-0.267203,0.644637,-91.498,-3.444,-41.492,0.074530,0.050130,-0.184400,-0.299065,-0.948813,-0.256201
1790862509.059798,1790862509.116925,0.135169,-0.124040,0.287931,-0.685499,0.223598,-0.256514,0.643658,-92.286,-3.660,-39.648,0.067265,0.047978,-0.178342,-0.354459,-0.946687,-0.025030
1790862509.093168,1790862509.149674,0.137325,-0.122280,0.282520,-0.692177,0.214839,-0.244471,0.644181,-92.902,-3.534,-37.846,0.061096,0.045720,-0.143782,-0.094527,-0.949883,0.066582
1790862509.126538,1790862509.188200,0.139449,-0.120750,0.278325,-0.695294,0.204993,-0.233095,0.648236,-92.923,-3.346,-36.034,0.057172,0.045473,-0.111862,0.184579,-0.949884,0.011187
1790862509.159909,1790862509.215925,0.141447,-0.119365,0.274915,-0.695759,0.194700,-0.222862,0.654480,-92.524,-3.168,-34.299,0.062369,0.042321,-0.094759,0.293240,-0.817784,0.087889
1790862509.193279,1790862509.249538,0.143375,-0.118181,0.271806,-0.695172,0.186899,-0.214583,0.660121,-92.088,-2.957,-32.948,0.077845,0.034634,-0.091837,0.173927,-0.542932,0.047408
1790862509.226650,1790862509.280660,0.145990,-0.116989,0.268896,-0.695380,0.181507,-0.210250,0.662795,-91.893,-2.969,-32.131,0.084647,0.028668,-0.079511,0.117465,-0.347985,-0.048467
1790862509.260021,1790862509.314844,0.148462,-0.115999,0.266476,-0.695555,0.176741,-0.206968,0.664928,-91.726,-3.031,-31.455,0.072581,0.021152,-0.067594,0.071657,-0.357573,0.028233
1790862509.293398,1790862509.348691,0.150462,-0.115356,0.264470,-0.695656,0.173973,-0.201469,0.667238,-91.630,-2.759,-30.764,0.062262,0.012234,-0.053798,0.070592,-0.387401,0.261534
1790862509.326738,1790862509.383602,0.152052,-0.115010,0.262713,-0.695690,0.172730,-0.193485,0.669882,-91.585,-2.166,-29.994,0.053040,0.006882,-0.053326,-0.010371,-0.453450,0.330778
1790862509.360079,1790862509.420597,0.153836,-0.114799,0.260874,-0.696762,0.170897,-0.183911,0.671933,-91.683,-1.525,-29.044,0.045659,0.006431,-0.057152,-0.035937,-0.552524,0.293493
1790862509.393419,1790862509.459623,0.154784,-0.114469,0.258840,-0.697798,0.167257,-0.174583,0.674259,-91.708,-1.037,-27.965,0.031930,0.003167,-0.065538,0.061001,-0.621769,0.193355
1790862509.426759,1790862509.484975,0.155780,-0.114503,0.256376,-0.698687,0.161098,-0.165549,0.677109,-91.618,-0.755,-26.701,0.022204,0.001456,-0.082743,0.011998,-0.698467,0.086825
1790862509.460098,1790862509.524502,0.156015,-0.114412,0.253295,-0.701148,0.153596,-0.156061,0.678561,-91.742,-0.596,-25.290,0.015097,-0.001340,-0.102460,-0.145665,-0.798605,0.009059
1790862509.493438,1790862509.549049,0.156972,-0.114616,0.249575,-0.705745,0.143868,-0.146282,0.678105,-92.152,-0.651,-23.671,0.012929,-0.003023,-0.118728,-0.255389,-0.889156,-0.114514
1790862509.526778,1790862509.584227,0.157201,-0.115061,0.245624,-0.710533,0.132614,-0.136340,0.677471,-92.573,-0.806,-21.915,0.010632,-0.009326,-0.114757,-0.123293,-0.953073,-0.100665
1790862509.560119,1790862509.608603,0.157412,-0.115551,0.241983,-0.712873,0.120665,-0.125767,0.679290,-92.608,-0.881,-20.056,0.014530,-0.020506,-0.104447,0.153682,-0.977573,-0.033550
1790862509.593459,1790862509.651419,0.157688,-0.116500,0.238375,-0.712481,0.108662,-0.115441,0.683547,-92.228,-0.914,-18.222,0.023575,-0.032860,-0.115861,0.248493,-0.908326,-0.068705
1790862509.626799,1790862509.680624,0.158262,-0.117713,0.234114,-0.712042,0.098217,-0.106173,0.687079,-91.909,-0.930,-16.607,0.036561,-0.034948,-0.140600,0.054609,-0.771966,0.032497
1790862509.660139,1790862509.718343,0.159457,-0.118774,0.229153,-0.713559,0.091743,-0.096097,0.687882,-92.016,-0.626,-15.257,0.052590,-0.033218,-0.157589,-0.138208,-0.657976,0.247688
1790862509.693479,1790862509.756647,0.161066,-0.119989,0.223717,-0.715496,0.087826,-0.084835,0.687863,-92.252,-0.033,-14.028,0.052254,-0.040600,-0.167865,-0.055114,-0.667564,0.286040
1790862509.726820,1790862509.797894,0.162512,-0.121345,0.218103,-0.715893,0.082230,-0.073449,0.689449,-92.208,0.471,-12.652,0.041813,-0.041270,-0.167874,0.114266,-0.789009,0.221056
1790862509.760160,1790862509.833375,0.163622,-0.122501,0.212492,-0.714662,0.075763,-0.061209,0.692655,-91.889,1.001,-11.134,0.037548,-0.031048,-0.172586,0.156878,-0.825230,0.254080
1790862509.793500,1790862509.865238,0.164465,-0.123394,0.206420,-0.713525,0.068279,-0.049132,0.695562,-91.580,1.425,-9.546,0.026691,-0.025589,-0.193278,0.115330,-0.871039,0.123050
1790862509.826840,1790862509.892057,0.164900,-0.124231,0.199696,-0.712770,0.058846,-0.037297,0.697929,-91.319,1.660,-7.817,0.022395,-0.024260,-0.207029,0.111069,-0.912588,0.093222
1790862509.860180,1790862509.924894,0.165356,-0.124912,0.192748,-0.711560,0.048898,-0.026610,0.700416,-90.998,1.755,-6.137,0.022745,-0.012598,-0.209289,0.171789,-0.826301,-0.101725
1790862509.893519,1790862509.957127,0.165790,-0.125196,0.185797,-0.709690,0.037011,-0.019653,0.703267,-90.577,1.385,-4.600,0.014453,-0.005260,-0.207008,0.241033,-0.779428,-0.306262
1790862509.926859,1790862509.994270,0.166035,-0.125340,0.178956,-0.707363,0.023268,-0.015972,0.706287,-90.104,0.588,-3.181,0.010790,-0.002574,-0.201845,0.236771,-0.682488,-0.510798
1790862509.960199,1790862510.030466,0.166343,-0.125501,0.172532,-0.704695,0.010710,-0.014760,0.709276,-89.623,-0.321,-2.065,0.022132,-0.001810,-0.182213,0.245293,-0.481147,-0.359527
1790862509.993540,1790862510.060740,0.166909,-0.125681,0.166837,-0.702559,0.002798,-0.012964,0.711502,-89.266,-0.816,-1.283,0.034412,-0.002156,-0.157858,0.147284,-0.325612,-0.143271
1790862510.026880,1790862510.085929,0.167874,-0.126037,0.162011,-0.700611,-0.001072,-0.010527,0.713465,-88.952,-0.933,-0.775,0.045196,-0.003335,-0.134704,0.167524,-0.190319,0.006936
1790862510.060220,1790862510.108925,0.169627,-0.126051,0.157708,-0.698989,-0.001603,-0.008124,0.715085,-88.692,-0.782,-0.537,0.050236,0.001394,-0.124574,0.103607,-0.040114,0.166729
1790862510.093560,1790862510.150367,0.170794,-0.125987,0.153627,-0.698158,0.001416,-0.005305,0.715923,-88.559,-0.308,-0.549,0.047689,0.012725,-0.125555,-0.029554,0.084517,0.264737
1790862510.126900,1790862510.182563,0.172573,-0.125428,0.149196,-0.699328,0.004712,-0.003690,0.714776,-88.749,0.090,-0.680,0.044037,0.020569,-0.138107,-0.154195,0.032319,0.164598
1790862510.160240,1790862510.214318,0.173510,-0.124805,0.144530,-0.701397,0.006708,-0.002070,0.712736,-89.084,0.381,-0.708,0.038307,0.016727,-0.140869,-0.168043,-0.016693,0.107073
1790862510.193580,1790862510.247274,0.175367,-0.124079,0.139982,-0.703622,0.008434,-0.000946,0.710524,-89.445,0.610,-0.757,0.049859,0.025048,-0.129832,-0.226635,0.103687,0.152880
1790862510.226920,1790862510.282970,0.176935,-0.123447,0.135811,-0.706696,0.012426,-0.000644,0.707408,-89.951,0.955,-1.059,0.066305,0.032609,-0.120467,-0.304402,0.197422,0.158207
1790862510.260260,1790862510.324587,0.178635,-0.122783,0.132343,-0.709798,0.016089,-0.000992,0.704220,-90.467,1.218,-1.389,0.068158,0.032335,-0.085426,-0.187220,0.178230,0.141162
1790862510.293600,1790862510.360633,0.181110,-0.121787,0.129955,-0.710633,0.019378,-0.001718,0.703294,-90.616,1.422,-1.717,0.071234,0.025381,-0.062753,0.021578,0.183564,0.053808
1790862510.326941,1790862510.380477,0.182860,-0.121435,0.127905,-0.710160,0.022283,-0.003954,0.703676,-90.553,1.475,-2.133,0.063255,0.019695,-0.064042,0.016249,0.252796,-0.000521
1790862510.360280,1790862510.416399,0.184858,-0.120662,0.125591,-0.710844,0.024544,-0.007378,0.702883,-90.676,1.376,-2.595,0.044988,0.017120,-0.072348,-0.148870,0.187819,-0.060178
1790862510.393620,1790862510.444884,0.185533,-0.120583,0.123054,-0.713066,0.026453,-0.009865,0.700529,-91.050,1.318,-2.955,0.040261,0.013517,-0.084555,-0.251140,0.191002,0.050612
1790862510.426960,1790862510.476763,0.187327,-0.120197,0.119711,-0.717246,0.028844,-0.011531,0.696128,-91.751,1.353,-3.293,0.039492,0.013403,-0.116289,-0.471656,0.143067,-0.108115
1790862510.460301,1790862510.514507,0.188001,-0.120169,0.115614,-0.722513,0.026016,-0.016025,0.690682,-92.603,0.732,-3.425,0.034702,0.004857,-0.124713,-0.355538,0.042919,-0.445815
1790862510.493641,1790862510.548762,0.189768,-0.119886,0.111592,-0.725720,0.021564,-0.021096,0.687328,-93.111,-0.056,-3.457,0.047957,-0.008898,-0.117944,-0.163785,0.035468,-0.421313
1790862510.526981,1790862510.584136,0.191179,-0.120326,0.107763,-0.727566,0.015861,-0.027893,0.685287,-93.395,-1.080,-3.516,0.064781,-0.013766,-0.103934,-0.114782,0.146251,-0.538496
1790862510.560322,1790862510.627056,0.193592,-0.121157,0.104878,-0.728311,0.013818,-0.034244,0.684251,-93.514,-1.775,-3.843,0.076500,-0.024851,-0.073500,-0.165917,0.145186,-0.268975
1790862510.593662,1790862510.656457,0.195566,-0.121573,0.103170,-0.731187,0.012635,-0.038190,0.680990,-93.993,-2.214,-4.045,0.076436,-0.005663,-0.017038,-0.251141,0.183534,0.094289
1790862510.627002,1790862510.680706,0.198705,-0.121985,0.103768,-0.732450,0.020731,-0.036609,0.679520,-94.235,-1.459,-4.597,0.079973,0.001690,0.041735,0.016248,0.286867,0.554497
1790862510.660343,1790862510.719190,0.201077,-0.121550,0.105129,-0.730579,0.027011,-0.036285,0.681329,-93.954,-0.929,-5.102,0.072325,0.010600,0.032067,0.262330,0.218686,-0.036742
1790862510.693683,1790862510.745672,0.204139,-0.120954,0.105697,-0.727811,0.027120,-0.040218,0.684060,-93.492,-1.228,-5.424,0.071983,0.011488,-0.004360,0.114256,0.135597,-0.304130
1790862510.727023,1790862510.779576,0.206221,-0.119856,0.104635,-0.728956,0.023567,-0.046280,0.682588,-93.664,-2.023,-5.601,0.062957,0.018801,-0.057826,-0.335298,0.098309,-0.459665
1790862510.760364,1790862510.817107,0.208394,-0.119082,0.101963,-0.735203,0.018455,-0.052534,0.675556,-94.694,-2.999,-5.638,0.059997,0.015160,-0.091799,-0.678325,0.086590,-0.612001
1790862510.793703,1790862510.846972,0.210424,-0.118094,0.101242,-0.738310,0.020642,-0.051661,0.672163,-95.231,-2.782,-5.742,0.046922,0.016702,-0.015090,-0.046603,0.065285,-0.218907
1790862510.827044,1790862510.884380,0.211491,-0.117958,0.101042,-0.737018,0.018411,-0.054517,0.673419,-95.003,-3.185,-5.781,0.035155,-0.010903,-0.002020,0.121709,0.021606,-0.404268
1790862510.860384,1790862510.923029,0.212850,-0.118235,0.100935,-0.735853,0.016599,-0.055119,0.674690,-94.799,-3.366,-5.680,0.034329,-0.024504,-0.006912,0.004530,-0.045505,0.098549
1790862510.893724,1790862510.958715,0.213161,-0.117821,0.100595,-0.736366,0.017055,-0.053950,0.674213,-94.887,-3.236,-5.625,0.028149,-0.024628,-0.006128,0.010917,-0.065743,-0.010109
1790862510.927065,1790862510.986129,0.214256,-0.118913,0.100474,-0.735820,0.014365,-0.052641,0.674975,-94.785,-3.329,-5.299,0.013301,0.002084,-0.003469,0.070575,-0.332070,-0.077224
1790862510.960405,1790862511.014724,0.214282,-0.117283,0.100200,-0.735984,0.009330,-0.047325,0.675279,-94.799,-3.271,-4.461,0.011753,0.038326,-0.013505,-0.051936,-0.500386,0.212535
1790862510.993745,1790862511.045633,0.215195,-0.116954,0.099360,-0.739723,0.008167,-0.033308,0.672037,-95.427,-2.195,-3.262,0.032366,0.014746,-0.035277,-0.573929,-0.763516,0.710029
1790862511.027086,1790862511.087180,0.216920,-0.116689,0.098362,-0.745059,0.008918,-0.018824,0.666673,-96.338,-0.926,-2.200,0.049763,0.000210,-0.012083,-0.103069,-0.560043,0.188034
1790862511.060426,1790862511.123032,0.218857,-0.116411,0.098559,-0.740634,-0.001166,-0.017005,0.671693,-95.573,-1.533,-1.210,0.046145,-0.010529,0.019275,0.685248,-0.340591,-0.704684
1790862511.093767,1790862511.151747,0.221195,-0.116821,0.099221,-0.733074,-0.012180,-0.023202,0.679644,-94.312,-2.899,-0.785,0.042918,-0.005911,0.016371,0.552088,-0.075333,-0.647158
1790862511.127107,1790862511.183883,0.222586,-0.117187,0.099095,-0.730815,-0.016574,-0.022421,0.682006,-93.947,-3.175,-0.365,0.043476,-0.013509,-0.025369,-0.255406,-0.381070,0.388310
1790862511.160448,1790862511.224659,0.223941,-0.117927,0.098049,-0.736208,-0.013598,-0.012252,0.676508,-94.843,-2.088,0.197,0.055776,-0.030439,-0.027805,-0.474858,-0.225534,0.458620
1790862511.193788,1790862511.247880,0.225439,-0.119449,0.097600,-0.738587,-0.013955,-0.008621,0.673959,-95.247,-1.808,0.516,0.037845,-0.048845,0.000417,0.210126,-0.154156,-0.249803
1790862511.227127,1790862511.283792,0.226043,-0.121470,0.098113,-0.732011,-0.024012,-0.012695,0.680751,-94.182,-2.939,1.025,0.018649,-0.058761,0.028422,0.916419,-0.267074,-0.958225
1790862511.260468,1790862511.312841,0.226656,-0.123193,0.099215,-0.719148,-0.039658,-0.022228,0.693368,-92.157,-4.989,1.508,0.016973,-0.067926,0.032640,1.035731,-0.119000,-1.039187
1790862511.293808,1790862511.347582,0.227255,-0.125611,0.099941,-0.709070,-0.049609,-0.031088,0.702703,-90.605,-6.535,1.538,0.034097,-0.065012,0.009513,0.561673,0.081273,-0.482037
1790862511.327150,1790862511.386119,0.228353,-0.127636,0.099810,-0.705886,-0.051087,-0.034196,0.705653,-90.102,-6.914,1.377,0.052253,-0.051949,-0.016498,-0.015716,0.081273,0.117722
1790862511.360494,1790862511.410620,0.230169,-0.129391,0.098854,-0.709300,-0.044476,-0.031293,0.702806,-90.586,-6.137,1.101,0.071062,-0.050061,-0.041051,-0.489774,0.292200,0.761162
1790862511.393837,1790862511.465238,0.232464,-0.131813,0.097180,-0.716695,-0.027638,-0.025312,0.696379,-91.657,-4.288,0.251,0.081807,-0.055988,-0.055801,-0.755032,0.479691,1.137210
1790862511.427181,1790862511.491682,0.234793,-0.133756,0.095455,-0.726366,-0.011196,-0.016962,0.687007,-93.182,-2.294,-0.404,0.073931,-0.049996,-0.048204,-0.744380,0.172885,0.992330
1790862511.460524,1790862511.513247,0.236952,-0.136249,0.094017,-0.732587,0.003909,-0.009667,0.680593,-94.209,-0.507,-1.082,0.062817,-0.067465,-0.024957,-0.168053,0.282612,0.514012
1790862511.493867,1790862511.543327,0.238012,-0.138743,0.093881,-0.729367,0.000971,-0.012751,0.684004,-93.667,-0.990,-1.081,0.025725,-0.072278,0.010594,0.627720,-0.111545,-0.698294
1790862511.527211,1790862511.576981,0.239021,-0.140845,0.094001,-0.724381,-0.005379,-0.018045,0.689142,-92.840,-1.923,-0.979,0.037862,-0.062585,-0.006273,0.222908,0.012026,-0.218911
1790862511.560555,1790862511.609914,0.240157,-0.143246,0.093496,-0.724265,-0.005178,-0.017925,0.689269,-92.820,-1.897,-0.987,0.050065,-0.054912,-0.024603,-0.224515,-0.028452,0.287103
1790862511.593898,1790862511.646062,0.241776,-0.145206,0.092488,-0.728388,-0.000012,-0.012317,0.685054,-93.503,-1.029,-0.966,0.056342,-0.053780,-0.031801,-0.422660,-0.029518,0.559819
1790862511.627241,1790862511.683606,0.243211,-0.147025,0.091859,-0.730038,0.001279,-0.008655,0.683350,-93.780,-0.624,-0.785,0.035793,-0.062266,-0.008163,0.185623,-0.160547,-0.188019
1790862511.660585,1790862511.710289,0.244461,-0.148988,0.091628,-0.727431,-0.003162,-0.010246,0.686097,-93.345,-1.103,-0.542,0.038559,-0.058430,-0.012806,0.050330,-0.039104,-0.034616
1790862511.693928,1790862511.739306,0.245483,-0.150222,0.090937,-0.728977,-0.000447,-0.008340,0.684487,-93.602,-0.732,-0.617,0.042963,-0.047153,-0.020970,-0.158467,0.112167,0.262599
1790862511.727271,1790862511.764516,0.246938,-0.152518,0.090403,-0.729232,0.001763,-0.008345,0.684213,-93.645,-0.559,-0.802,0.038698,-0.064839,-0.011988,0.105725,0.020553,-0.091076
1790862511.760615,1790862511.801533,0.247745,-0.153746,0.090001,-0.728190,0.000691,-0.009953,0.685302,-93.470,-0.776,-0.839,0.041613,-0.061847,-0.015258,0.004523,0.077013,-0.007986
1790862511.793959,1790862511.840731,0.249401,-0.156870,0.089372,-0.728865,0.002949,-0.009639,0.684583,-93.584,-0.574,-1.003,0.050468,-0.064700,-0.018529,-0.124378,0.104713,0.130503
1790862511.827302,1790862511.888105,0.249632,-0.157537,0.088800,-0.729269,0.005585,-0.008980,0.684145,-93.654,-0.313,-1.171,0.034891,-0.062478,-0.012511,0.246342,-0.038032,-0.013312
1790862511.860646,1790862511.909761,0.252094,-0.160266,0.088515,-0.725040,0.001950,-0.010463,0.688625,-92.945,-0.715,-0.988,0.033039,-0.061152,-0.008579,0.167510,-0.057210,-0.235958
1790862511.893990,1790862511.962362,0.253241,-0.161645,0.087928,-0.724213,0.003022,-0.008911,0.689512,-92.808,-0.501,-0.955,0.046035,-0.060316,-0.021875,0.022629,0.100450,0.381912
1790862511.927334,1790862511.990119,0.254535,-0.164471,0.087438,-0.719219,0.007172,-0.009047,0.694688,-91.986,-0.175,-1.311,0.042020,-0.081512,-0.008724,0.896174,0.227221,-0.033552
1790862511.960678,1790862512.025818,0.255699,-0.166964,0.087214,-0.707809,0.006484,-0.013204,0.706251,-90.119,-0.546,-1.595,0.036828,-0.081904,-0.007061,0.848234,0.141995,-0.139017
1790862511.994021,1790862512.047005,0.258112,-0.170519,0.086872,-0.700420,0.006379,-0.014628,0.713552,-88.926,-0.652,-1.708,0.044910,-0.076242,-0.013461,0.264452,-0.064672,-0.032486
1790862512.027365,1790862512.071867,0.258563,-0.171079,0.086193,-0.700678,0.006965,-0.011072,0.713358,-88.968,-0.320,-1.464,0.046649,-0.056526,-0.020568,-0.070050,-0.111543,0.316928
1790862512.060709,1790862512.116520,0.260045,-0.172595,0.085678,-0.700571,0.006811,-0.008724,0.713497,-88.951,-0.143,-1.260,0.043641,-0.055394,-0.017684,-0.048746,-0.058280,0.193353
1790862512.094053,1790862512.141044,0.261736,-0.175267,0.085129,-0.700936,0.006799,-0.006262,0.713164,-89.010,0.053,-1.058,0.037705,-0.058963,-0.014454,0.014106,-0.165874,-0.072968
1790862512.127396,1790862512.188866,0.261796,-0.173850,0.084587,-0.701110,0.005668,-0.004515,0.713016,-89.036,0.100,-0.824,0.037304,-0.052939,-0.015000,0.002385,-0.008211,-0.010117
1790862512.160740,1790862512.211272,0.263538,-0.177427,0.084085,-0.701022,0.005839,-0.004330,0.713102,-89.022,0.129,-0.823,0.041026,-0.058342,-0.014536,0.004518,0.001376,0.036754
1790862512.194084,1790862512.240709,0.262702,-0.177471,0.083613,-0.701022,0.006316,-0.003838,0.713101,-89.023,0.208,-0.821,0.035224,-0.055120,-0.014340,0.015166,-0.001818,-0.017577
1790862512.227428,1790862512.273902,0.263833,-0.177487,0.083103,-0.701059,0.006375,-0.003788,0.713065,-89.029,0.217,-0.822,0.034125,-0.050570,-0.014377,-0.000812,0.000309,0.000532
1790862512.260772,1790862512.300516,0.265714,-0.179907,0.082607,-0.701069,0.006438,-0.003732,0.713055,-89.030,0.226,-0.822,0.035644,-0.052665,-0.014425,-0.007203,-0.000757,0.000533
1790862512.294117,1790862512.337872,0.265295,-0.179835,0.082155,-0.701125,0.006318,-0.003825,0.713000,-89.039,0.209,-0.820,0.032864,-0.050521,-0.014199,0.003448,0.000311,0.000531
1790862512.327466,1790862512.368077,0.267178,-0.182464,0.081665,-0.701086,0.006347,-0.003764,0.713038,-89.033,0.216,-0.817,0.034662,-0.052261,-0.014346,-0.000812,-0.002888,-0.002664
1790862512.360818,1790862512.415953,0.267143,-0.182303,0.081243,-0.701131,0.006246,-0.003799,0.712995,-89.040,0.205,-0.812,0.032184,-0.047892,-0.014061,-0.001879,-0.001820,0.002661
1790862512.394169,1790862512.441000,0.270013,-0.186401,0.080717,-0.701083,0.006317,-0.003693,0.713042,-89.032,0.220,-0.809,0.035533,-0.053507,-0.014046,0.001319,-0.000760,0.002663
1790862512.427521,1790862512.468622,0.270389,-0.187144,0.080326,-0.701096,0.006246,-0.003742,0.713030,-89.034,0.210,-0.808,0.034087,-0.052582,-0.013978,-0.001878,-0.000760,-0.001598
1790862512.460873,1790862512.503391,0.272081,-0.189785,0.079831,-0.701076,0.006260,-0.003740,0.713049,-89.031,0.211,-0.809,0.035615,-0.054949,-0.014056,0.000254,0.000304,0.001598
1790862512.494225,1790862512.543003,0.272105,-0.191140,0.079555,-0.701055,0.006213,-0.003745,0.713070,-89.028,0.207,-0.805,0.033164,-0.054340,-0.013809,0.001324,0.000309,-0.000535
1790862512.527577,1790862512.564273,0.273218,-0.192515,0.078943,-0.701098,0.006193,-0.003742,0.713028,-89.035,0.205,-0.803,0.033621,-0.053579,-0.013878,0.001320,0.000310,-0.000535
1790862512.560928,1790862512.603935,0.272927,-0.192773,0.078558,-0.701139,0.006138,-0.003819,0.712988,-89.041,0.195,-0.805,0.030544,-0.051187,-0.013400,-0.002942,0.001378,-0.001602
1790862512.594280,1790862512.636251,0.274299,-0.195516,0.078085,-0.701113,0.006155,-0.003798,0.713013,-89.037,0.198,-0.805,0.031397,-0.054388,-0.013385,-0.002941,-0.000752,0.002659
1790862512.627633,1790862512.673859,0.274172,-0.195652,0.077659,-0.701155,0.006094,-0.003859,0.712973,-89.044,0.188,-0.805,0.028632,-0.050563,-0.013189,0.000253,-0.000752,0.000526
1790862512.660985,1790862512.704361,0.276145,-0.198685,0.077189,-0.701131,0.006121,-0.003826,0.712996,-89.040,0.193,-0.804,0.030594,-0.053381,-0.013192,-0.000811,0.001374,-0.000537
1790862512.694337,1790862512.730469,0.276013,-0.198360,0.076789,-0.701183,0.006074,-0.003855,0.712945,-89.048,0.186,-0.803,0.029062,-0.050451,-0.012960,0.000253,-0.001819,-0.000539
1790862512.727690,1790862512.767945,0.278331,-0.201374,0.076292,-0.701161,0.006080,-0.003809,0.712967,-89.045,0.191,-0.800,0.031979,-0.053577,-0.013049,-0.000812,-0.002891,0.002659
1790862512.761042,1790862512.807662,0.276477,-0.199100,0.075996,-0.701263,0.005963,-0.003906,0.712867,-89.061,0.173,-0.798,0.025370,-0.045112,-0.012545,0.000252,-0.001818,0.002655
1790862512.794395,1790862512.832001,0.278261,-0.202079,0.075523,-0.701218,0.006009,-0.003900,0.712911,-89.054,0.178,-0.801,0.026726,-0.048134,-0.012583,0.001319,0.000309,-0.001605
1790862512.827748,1790862512.864659,0.279940,-0.204545,0.075070,-0.701187,0.006002,-0.003864,0.712942,-89.049,0.180,-0.798,0.027550,-0.050371,-0.012708,0.000252,-0.001824,0.005851
1790862512.861100,1790862512.904437,0.281243,-0.206643,0.074627,-0.701182,0.006024,-0.003829,0.712947,-89.048,0.184,-0.797,0.028710,-0.051927,-0.012656,-0.000812,-0.002892,-0.001603
1790862512.894453,1790862512.941450,0.278581,-0.203389,0.074383,-0.701282,0.005907,-0.003951,0.712849,-89.064,0.165,-0.797,0.022351,-0.043262,-0.012290,-0.002944,0.000311,0.001588
1790862512.927806,1790862512.978267,0.281516,-0.207661,0.073873,-0.701237,0.005953,-0.003861,0.712893,-89.057,0.176,-0.794,0.026131,-0.047759,-0.012255,-0.001879,0.000305,-0.000540
1790862512.961159,1790862513.019370,0.280020,-0.205381,0.073591,-0.701324,0.005817,-0.003940,0.712808,-89.071,0.159,-0.789,0.021405,-0.040993,-0.011953,-0.000814,0.000306,0.000521
1790862512.994512,1790862513.039814,0.281475,-0.207880,0.073147,-0.701312,0.005845,-0.003927,0.712819,-89.069,0.162,-0.790,0.022131,-0.043388,-0.012024,0.000251,0.003500,-0.001607
1790862513.027864,1790862513.096265,0.282614,-0.209922,0.072734,-0.701298,0.005830,-0.003943,0.712833,-89.066,0.159,-0.791,0.022650,-0.044555,-0.011962,-0.000813,-0.001827,-0.004803
1790862513.061217,1790862513.117248,0.283419,-0.211555,0.072339,-0.701306,0.005820,-0.003956,0.712825,-89.068,0.157,-0.791,0.023037,-0.044754,-0.012142,-0.001879,0.003499,0.002653
1790862513.094571,1790862513.162922,0.284323,-0.213053,0.071932,-0.701307,0.005828,-0.003981,0.712824,-89.068,0.156,-0.794,0.023138,-0.044979,-0.011964,0.001318,0.002431,-0.002673
1790862513.127924,1790862513.196636,0.284413,-0.212841,0.071610,-0.701336,0.005790,-0.003994,0.712796,-89.072,0.152,-0.792,0.022204,-0.043113,-0.011484,0.001318,0.001360,-0.000543
1790862513.161277,1790862513.232314,0.282767,-0.210733,0.071408,-0.701400,0.005721,-0.004061,0.712733,-89.083,0.141,-0.792,0.017499,-0.037541,-0.011062,0.000251,-0.000767,-0.000546
1790862513.194631,1790862513.256975,0.283379,-0.212016,0.071044,-0.701404,0.005702,-0.004050,0.712730,-89.083,0.140,-0.789,0.016663,-0.037532,-0.010752,-0.000814,0.001363,0.000519
1790862513.227984,1790862513.285989,0.284425,-0.213743,0.070661,-0.701397,0.005700,-0.004052,0.712736,-89.082,0.140,-0.789,0.017543,-0.038336,-0.010759,0.000251,-0.000768,-0.001610
1790862513.261338,1790862513.321468,0.284222,-0.213405,0.070412,-0.701415,0.005695,-0.004062,0.712718,-89.085,0.139,-0.789,0.016068,-0.036142,-0.010616,0.001318,0.002423,0.000519
1790862513.294692,1790862513.357955,0.281617,-0.209265,0.070611,-0.701490,0.005618,-0.004118,0.712645,-89.097,0.128,-0.788,0.011184,-0.028826,-0.009473,-0.000812,0.002429,0.000515
1790862513.328035,1790862513.382632,0.282823,-0.211617,0.070155,-0.701470,0.005639,-0.004095,0.712665,-89.094,0.131,-0.788,0.012243,-0.030912,-0.009621,-0.000812,-0.005028,-0.000549
1790862513.361373,1790862513.403561,0.282966,-0.212324,0.069875,-0.701478,0.005602,-0.004085,0.712657,-89.095,0.129,-0.784,0.011323,-0.030180,-0.009462,0.002383,-0.000767,0.001582
1790862513.394711,1790862513.429721,0.283024,-0.212944,0.069602,-0.701491,0.005592,-0.004100,0.712645,-89.097,0.127,-0.784,0.010708,-0.030461,-0.009478,0.001319,0.001364,-0.004810
1790862513.428049,1790862513.467350,0.283018,-0.213483,0.069338,-0.701493,0.005564,-0.004103,0.712643,-89.097,0.125,-0.782,0.009818,-0.029870,-0.009416,0.000252,0.000301,0.002645
1790862513.461386,1790862513.498003,0.282931,-0.213927,0.069086,-0.701506,0.005566,-0.004121,0.712630,-89.099,0.123,-0.784,0.008988,-0.028617,-0.009232,0.001319,0.002432,-0.002682
1790862513.494724,1790862513.526613,0.282793,-0.214310,0.068844,-0.701504,0.005558,-0.004140,0.712631,-89.099,0.121,-0.785,0.008300,-0.028125,-0.008893,0.002383,0.003500,-0.002683
1790862513.528062,1790862513.573110,0.282632,-0.214661,0.068612,-0.701506,0.005547,-0.004162,0.712630,-89.099,0.118,-0.786,0.007187,-0.027359,-0.008614,0.002383,-0.001824,0.002643
1790862513.561399,1790862513.601441,0.282481,-0.215000,0.068394,-0.701509,0.005516,-0.004152,0.712627,-89.100,0.117,-0.783,0.006465,-0.026972,-0.008288,0.004514,0.000307,0.000512
1790862513.594737,1790862513.647549,0.282334,-0.215366,0.068181,-0.701507,0.005527,-0.004177,0.712629,-89.100,0.115,-0.785,0.005503,-0.026481,-0.008115,-0.000813,-0.002888,0.003707
1790862513.628075,1790862513.666845,0.282171,-0.215745,0.067973,-0.701522,0.005500,-0.004190,0.712614,-89.102,0.112,-0.784,0.004488,-0.025737,-0.008080,0.002383,0.000309,-0.001619
1790862513.661413,1790862513.695792,0.281984,-0.216077,0.067769,-0.701513,0.005482,-0.004225,0.712623,-89.100,0.108,-0.786,0.004202,-0.025639,-0.008089,0.000252,0.000310,-0.000554
1790862513.694751,1790862513.738187,0.282597,-0.217276,0.067449,-0.701517,0.005486,-0.004212,0.712620,-89.101,0.109,-0.785,0.004532,-0.026036,-0.008073,0.002383,-0.001821,-0.002685
1790862513.728088,1790862513.773958,0.284532,-0.220190,0.066993,-0.701484,0.005487,-0.004194,0.712652,-89.096,0.111,-0.784,0.006234,-0.028457,-0.008187,-0.000813,-0.002893,-0.001617
1790862513.761426,1790862513.823902,0.286277,-0.222735,0.066547,-0.701465,0.005492,-0.004145,0.712671,-89.093,0.115,-0.780,0.007406,-0.029909,-0.008292,0.001318,0.001363,0.000514
1790862513.794764,1790862513.853006,0.283855,-0.216321,0.067353,-0.701519,0.005470,-0.004162,0.712617,-89.101,0.112,-0.780,0.003889,-0.022422,-0.007311,-0.000812,-0.001834,0.001579
1790862513.828101,1790862513.885772,0.285260,-0.219594,0.066749,-0.701514,0.005510,-0.004119,0.712622,-89.101,0.119,-0.779,0.004971,-0.025355,-0.007869,-0.001879,-0.001835,0.004774
1790862513.861439,1790862513.924136,0.283058,-0.213679,0.067614,-0.701583,0.005473,-0.004135,0.712554,-89.112,0.114,-0.778,0.002120,-0.018423,-0.006783,0.001318,-0.002903,0.005836
1790862513.894776,1790862513.950739,0.283940,-0.215982,0.067099,-0.701559,0.005473,-0.004122,0.712578,-89.108,0.116,-0.777,0.002779,-0.019869,-0.006979,0.000252,0.002421,-0.001617
1790862513.928113,1790862513.969268,0.283806,-0.216314,0.066932,-0.701562,0.005455,-0.004125,0.712575,-89.108,0.114,-0.775,0.002218,-0.019556,-0.006768,0.000252,-0.002903,0.002643
1790862513.961451,1790862513.994573,0.283873,-0.216767,0.066762,-0.701574,0.005443,-0.004104,0.712564,-89.110,0.114,-0.773,0.001626,-0.019510,-0.006533,0.001319,-0.001837,-0.001617
1790862513.994788,1790862514.026406,0.283778,-0.217084,0.066610,-0.701588,0.005448,-0.004099,0.712550,-89.113,0.115,-0.773,0.001189,-0.019582,-0.006386,0.001318,0.000293,0.001578
1790862514.028126,1790862514.061486,0.283606,-0.217253,0.066482,-0.701584,0.005431,-0.004083,0.712555,-89.112,0.115,-0.770,0.000642,-0.018922,-0.006125,0.002383,-0.001835,0.000511
1790862514.061463,1790862514.097376,0.283411,-0.217335,0.066358,-0.701586,0.005403,-0.004093,0.712553,-89.112,0.112,-0.769,-0.000114,-0.017956,-0.006255,-0.001880,0.003490,-0.001618
1790862514.094801,1790862514.130436,0.283192,-0.217346,0.066251,-0.701593,0.005380,-0.004098,0.712546,-89.113,0.110,-0.767,-0.000224,-0.017641,-0.006070,0.000251,-0.002901,0.001577
1790862514.128139,1790862514.170267,0.283026,-0.217322,0.066161,-0.701590,0.005343,-0.004068,0.712550,-89.113,0.109,-0.762,-0.000865,-0.017051,-0.006121,0.000251,0.000296,0.000511
1790862514.161476,1790862514.203930,0.282877,-0.217381,0.066043,-0.701595,0.005349,-0.004071,0.712544,-89.114,0.109,-0.762,-0.001416,-0.016355,-0.005671,-0.001881,-0.003964,0.001577
1790862514.194813,1790862514.235998,0.282729,-0.217481,0.065948,-0.701609,0.005330,-0.004080,0.712531,-89.116,0.107,-0.762,-0.001610,-0.016052,-0.005152,-0.001881,-0.003964,-0.002685
1790862514.228151,1790862514.266349,0.282532,-0.217473,0.065896,-0.701621,0.005303,-0.004085,0.712519,-89.118,0.105,-0.760,-0.002260,-0.015405,-0.004852,0.001316,-0.001832,-0.004815
1790862514.261488,1790862514.306282,0.282327,-0.217164,0.065880,-0.701628,0.005302,-0.004083,0.712512,-89.119,0.105,-0.760,-0.002429,-0.014945,-0.004385,0.000249,-0.001833,0.000510
1790862514.294826,1790862514.331929,0.282532,-0.217804,0.065717,-0.701621,0.005306,-0.004079,0.712519,-89.118,0.105,-0.760,-0.002816,-0.014701,-0.004311,-0.000815,-0.002899,0.000511
1790862514.328164,1790862514.367822,0.283605,-0.219691,0.065351,-0.701609,0.005303,-0.004037,0.712531,-89.116,0.108,-0.756,-0.002421,-0.015521,-0.004482,-0.001881,-0.003966,-0.000552
1790862514.361502,1790862514.394961,0.283603,-0.220434,0.065164,-0.701610,0.005304,-0.004048,0.712530,-89.116,0.108,-0.757,-0.002243,-0.016137,-0.004114,0.000250,0.001360,-0.000552
1790862514.394841,1790862514.438303,0.284260,-0.221248,0.064827,-0.701607,0.005294,-0.004033,0.712533,-89.115,0.108,-0.755,-0.002270,-0.015691,-0.004089,0.001315,0.001356,0.000513
1790862514.428181,1790862514.486480,0.286067,-0.223299,0.064232,-0.701594,0.005308,-0.004010,0.712545,-89.113,0.111,-0.754,-0.000922,-0.016887,-0.003993,0.001314,0.000284,0.000514
1790862514.461520,1790862514.515741,0.284707,-0.216954,0.065906,-0.701641,0.005326,-0.004011,0.712500,-89.121,0.112,-0.756,-0.001937,-0.011524,-0.002666,0.001315,0.001349,0.000514
1790862514.494859,1790862514.544676,0.283710,-0.216103,0.065931,-0.701645,0.005310,-0.004002,0.712496,-89.121,0.112,-0.754,-0.003126,-0.010545,-0.002113,-0.000817,-0.003974,0.003709
1790862514.528198,1790862514.570791,0.283507,-0.216043,0.065947,-0.701638,0.005285,-0.003976,0.712502,-89.120,0.112,-0.750,-0.003516,-0.010118,-0.001945,0.001314,-0.003972,0.000513
1790862514.561538,1790862514.605149,0.283486,-0.215792,0.065973,-0.701636,0.005253,-0.003940,0.712505,-89.120,0.112,-0.744,-0.004071,-0.009446,-0.001775,-0.000818,-0.001841,-0.000551
1790862514.594877,1790862514.630715,0.283348,-0.215858,0.065954,-0.701625,0.005244,-0.003933,0.712516,-89.118,0.112,-0.743,-0.004458,-0.009292,-0.001721,0.002377,-0.001840,0.001580
1790862514.628216,1790862514.661766,0.283234,-0.215855,0.065970,-0.701642,0.005249,-0.003916,0.712499,-89.121,0.114,-0.742,-0.004313,-0.009149,-0.001416,-0.000819,-0.001839,0.001580
1790862514.661556,1790862514.700863,0.283166,-0.215861,0.066000,-0.701656,0.005236,-0.003903,0.712486,-89.123,0.114,-0.740,-0.004641,-0.008656,-0.001162,-0.000819,0.000290,0.002645
1790862514.694895,1790862514.741276,0.283136,-0.215887,0.066024,-0.701672,0.005242,-0.003891,0.712470,-89.126,0.115,-0.739,-0.004417,-0.008512,-0.001190,-0.005081,-0.000774,0.000514
1790862514.728234,1790862514.782782,0.283145,-0.215680,0.066072,-0.701669,0.005220,-0.003867,0.712473,-89.125,0.115,-0.735,-0.004780,-0.008117,-0.001020,0.000245,-0.001840,-0.000550
1790862514.761574,1790862514.803621,0.283012,-0.215698,0.066104,-0.701677,0.005214,-0.003868,0.712466,-89.126,0.115,-0.735,-0.005329,-0.007894,-0.000825,-0.000820,0.003487,0.000515
1790862514.794912,1790862514.841522,0.283025,-0.215510,0.066173,-0.701690,0.005206,-0.003851,0.712453,-89.129,0.115,-0.733,-0.005292,-0.007717,-0.000510,-0.000820,-0.005035,0.000515
1790862514.828251,1790862514.866605,0.282956,-0.215568,0.066213,-0.701709,0.005214,-0.003812,0.712434,-89.132,0.119,-0.730,-0.005948,-0.007380,-0.000432,-0.000820,-0.000773,0.000516
1790862514.861590,1790862514.901518,0.282994,-0.215404,0.066272,-0.701722,0.005223,-0.003781,0.712421,-89.134,0.122,-0.729,-0.005551,-0.006924,-0.000378,-0.000821,-0.001838,0.000516
1790862514.894929,1790862514.924536,0.282911,-0.215423,0.066322,-0.701728,0.005210,-0.003781,0.712416,-89.135,0.121,-0.728,-0.005743,-0.006636,-0.000379,-0.000821,0.001357,0.000516
1790862514.928269,1790862514.966938,0.282973,-0.215202,0.066386,-0.701730,0.005226,-0.003755,0.712414,-89.135,0.125,-0.727,-0.006067,-0.006065,-0.000257,-0.000822,0.001356,0.001583
1790862514.961608,1790862515.002926,0.282938,-0.215028,0.066441,-0.701733,0.005233,-0.003742,0.712411,-89.136,0.126,-0.726,-0.006220,-0.005845,-0.000084,0.001309,0.000292,-0.002678
1790862514.994947,1790862515.031888,0.282828,-0.215024,0.066496,-0.701740,0.005221,-0.003767,0.712404,-89.137,0.123,-0.727,-0.006334,-0.005563,-0.000119,0.000242,0.002423,0.000518
1790862515.028286,1790862515.075800,0.282862,-0.214788,0.066571,-0.701747,0.005223,-0.003753,0.712397,-89.138,0.125,-0.726,-0.006382,-0.005447,0.000090,-0.001889,0.001357,-0.000547
1790862515.061625,1790862515.105294,0.282837,-0.214599,0.066636,-0.701745,0.005216,-0.003757,0.712399,-89.138,0.124,-0.726,-0.006339,-0.004876,0.000225,-0.000823,0.001358,-0.002677
1790862515.094965,1790862515.133528,0.282741,-0.214573,0.066697,-0.701749,0.005208,-0.003791,0.712396,-89.138,0.120,-0.728,-0.007183,-0.004310,0.000207,-0.000823,0.000294,-0.005873
1790862515.128304,1790862515.173507,0.282811,-0.214320,0.066778,-0.701758,0.005204,-0.003792,0.712386,-89.140,0.120,-0.728,-0.006984,-0.003913,0.000074,-0.001890,-0.002902,0.002650
1790862515.161643,1790862515.215228,0.282829,-0.214126,0.066846,-0.701771,0.005202,-0.003745,0.712374,-89.142,0.123,-0.724,-0.006986,-0.003512,0.000166,0.001307,-0.001835,0.001586
1790862515.194982,1790862515.242940,0.282901,-0.213941,0.066922,-0.701785,0.005181,-0.003728,0.712360,-89.144,0.123,-0.721,-0.006890,-0.003214,0.000077,-0.002955,0.000295,-0.001609
1790862515.228320,1790862515.270259,0.282990,-0.213732,0.066998,-0.701784,0.005185,-0.003705,0.712361,-89.144,0.125,-0.719,-0.006453,-0.002734,0.000160,0.000240,-0.002901,0.002652
1790862515.261659,1790862515.302953,0.283018,-0.213533,0.067067,-0.701797,0.005167,-0.003686,0.712348,-89.146,0.125,-0.716,-0.006920,-0.002070,0.000289,-0.001891,-0.001834,0.001588
1790862515.294999,1790862515.333097,0.282962,-0.213513,0.067134,-0.701822,0.005170,-0.003687,0.712324,-89.150,0.125,-0.717,-0.006985,-0.002100,0.000253,0.000240,0.001362,-0.002674
1790862515.328338,1790862515.362060,0.283082,-0.213276,0.067241,-0.701825,0.005181,-0.003668,0.712321,-89.150,0.128,-0.716,-0.006996,-0.001715,0.000390,-0.000825,0.000297,0.000522
1790862515.361677,1790862515.397474,0.283170,-0.213057,0.067355,-0.701849,0.005175,-0.003642,0.712298,-89.154,0.129,-0.713,-0.007093,-0.001096,0.000513,-0.000825,0.000297,0.002654
1790862515.395017,1790862515.430662,0.283141,-0.212978,0.067432,-0.701843,0.005177,-0.003640,0.712304,-89.153,0.130,-0.714,-0.006615,-0.000793,0.000937,0.000239,-0.000766,-0.003737
1790862515.428356,1790862515.471766,0.283206,-0.212671,0.067515,-0.701846,0.005163,-0.003658,0.712301,-89.154,0.127,-0.714,-0.006688,-0.000212,0.000904,0.000239,-0.001831,-0.000541
1790862515.461696,1790862515.492914,0.283179,-0.212545,0.067579,-0.701843,0.005194,-0.003615,0.712304,-89.153,0.133,-0.713,-0.006817,-0.000046,0.000893,0.002369,0.000300,-0.002672
1790862515.495035,1790862515.530302,0.283272,-0.212193,0.067659,-0.701830,0.005203,-0.003613,0.712316,-89.151,0.134,-0.713,-0.006724,0.000306,0.000954,-0.000827,0.002428,0.003720
1790862515.528374,1790862515.568499,0.283263,-0.212059,0.067723,-0.701850,0.005179,-0.003584,0.712297,-89.154,0.134,-0.709,-0.007012,0.000906,0.001009,0.002369,0.000301,0.001591
1790862515.561714,1790862515.602945,0.283400,-0.211753,0.067832,-0.701857,0.005177,-0.003581,0.712290,-89.155,0.135,-0.709,-0.006847,0.001356,0.001249,0.000238,-0.000765,-0.004799
1790862515.595053,1790862515.635155,0.283362,-0.211638,0.067920,-0.701864,0.005156,-0.003593,0.712284,-89.156,0.132,-0.708,-0.006802,0.001678,0.001558,0.001304,-0.003959,-0.001603
1790862515.628393,1790862515.670905,0.283525,-0.211370,0.068013,-0.701874,0.005153,-0.003554,0.712274,-89.158,0.135,-0.705,-0.007002,0.002068,0.001602,-0.001894,0.000301,-0.000538
1790862515.661732,1790862515.703768,0.283517,-0.211240,0.068108,-0.701876,0.005158,-0.003563,0.712271,-89.159,0.134,-0.706,-0.006749,0.002145,0.001650,0.000237,0.001367,-0.003733
1790862515.695070,1790862515.735231,0.283510,-0.211104,0.068211,-0.701895,0.005174,-0.003571,0.712253,-89.162,0.135,-0.708,-0.007003,0.002830,0.001665,-0.000828,0.000303,-0.000537
1790862515.728410,1790862515.766742,0.283552,-0.210985,0.068292,-0.701887,0.005164,-0.003561,0.712261,-89.160,0.135,-0.706,-0.007065,0.003001,0.001738,0.000237,-0.000762,0.002659
1790862515.761749,1790862515.801930,0.283594,-0.210818,0.068342,-0.701886,0.005159,-0.003545,0.712262,-89.160,0.136,-0.704,-0.006764,0.003282,0.001710,-0.000828,0.000304,0.003724
1790862515.795088,1790862515.833042,0.283627,-0.210642,0.068406,-0.701889,0.005175,-0.003556,0.712259,-89.161,0.136,-0.706,-0.006937,0.004070,0.001745,-0.001895,0.003499,-0.000536
1790862515.828427,1790862515.869548,0.283677,-0.210505,0.068492,-0.701908,0.005179,-0.003533,0.712240,-89.164,0.139,-0.705,-0.006741,0.004219,0.001926,0.001303,-0.001825,-0.001600
1790862515.861766,1790862515.901943,0.283775,-0.210382,0.068565,-0.701914,0.005147,-0.003527,0.712234,-89.165,0.136,-0.702,-0.006698,0.004859,0.001694,-0.000828,-0.002891,-0.000535
1790862515.895106,1790862515.927128,0.283846,-0.210236,0.068640,-0.701924,0.005142,-0.003519,0.712225,-89.166,0.137,-0.701,-0.006635,0.005119,0.001649,-0.000829,-0.000759,-0.004795
1790862515.928445,1790862515.966271,0.283859,-0.210093,0.068738,-0.701938,0.005143,-0.003519,0.712211,-89.168,0.137,-0.701,-0.006457,0.005352,0.002053,0.001302,-0.000759,0.000530
1790862515.961784,1790862515.997372,0.283906,-0.209972,0.068823,-0.701944,0.005163,-0.003472,0.712205,-89.169,0.142,-0.699,-0.006524,0.006136,0.002485,-0.000829,0.001371,0.001597
1790862515.995123,1790862516.036000,0.283989,-0.209826,0.068905,-0.701948,0.005158,-0.003457,0.712201,-89.170,0.143,-0.697,-0.006297,0.006400,0.002517,-0.001895,-0.000758,-0.000534
1790862516.028463,1790862516.065381,0.284036,-0.209705,0.068993,-0.701964,0.005178,-0.003456,0.712185,-89.173,0.145,-0.699,-0.006344,0.006682,0.002533,-0.000829,-0.001823,-0.001598
1790862516.061802,1790862516.100358,0.284094,-0.209599,0.069077,-0.701969,0.005173,-0.003450,0.712180,-89.174,0.145,-0.698,-0.006393,0.007154,0.002878,0.004498,0.001371,-0.000533
1790862516.095141,1790862516.137462,0.284156,-0.209453,0.069132,-0.701966,0.005182,-0.003445,0.712183,-89.173,0.146,-0.698,-0.006170,0.007211,0.003262,-0.000829,0.000307,-0.000533
1790862516.128479,1790862516.166390,0.284212,-0.209334,0.069190,-0.701977,0.005187,-0.003422,0.712173,-89.175,0.148,-0.697,-0.006354,0.007824,0.003513,0.001302,-0.000758,0.002663
1790862516.161818,1790862516.206592,0.284291,-0.209241,0.069253,-0.701968,0.005185,-0.003408,0.712181,-89.173,0.149,-0.695,-0.006332,0.008200,0.003536,0.001302,-0.000757,-0.000532
1790862516.195158,1790862516.233104,0.284352,-0.209120,0.069319,-0.701986,0.005167,-0.003390,0.712164,-89.176,0.149,-0.692,-0.006227,0.008384,0.003787,0.001302,-0.000756,0.002664
