time_s,recv_time_s,x_m,y_m,z_m,qx,qy,qz,qw,roll_deg,pitch_deg,yaw_deg,vx_mps,vy_mps,vz_mps,wx_radps,wy_radps,wz_radps
1790862440.412205,1790862440.475641,-0.000111,-0.000271,-0.000401,0.000122,-0.008711,0.707100,0.707059,-0.696,-0.716,90.008,-0.002916,0.001115,0.000014,-0.003350,0.000047,0.001854
1790862440.445546,1790862440.503384,-0.000070,-0.000255,-0.000434,0.000161,-0.008745,0.707102,0.707057,-0.696,-0.722,90.008,0.000807,-0.002154,-0.001294,-0.003350,0.000047,0.001853
1790862440.478887,1790862440.529680,-0.000116,-0.000327,-0.000412,0.000169,-0.008757,0.707097,0.707062,-0.696,-0.723,90.007,-0.001287,0.000304,0.000654,-0.005480,0.001110,-0.000277
1790862440.512227,1790862440.552610,-0.000090,-0.000241,-0.000414,0.000181,-0.008809,0.707109,0.707050,-0.699,-0.728,90.009,0.003570,-0.001447,0.000511,0.003043,0.001109,0.002918
1790862440.545567,1790862440.583792,-0.000032,-0.000242,-0.000428,0.000188,-0.008780,0.707112,0.707047,-0.696,-0.727,90.010,0.001258,-0.003414,-0.000539,0.000912,0.000045,-0.000279
1790862440.578907,1790862440.617896,-0.000116,-0.000174,-0.000378,0.000158,-0.008719,0.707105,0.707055,-0.694,-0.719,90.008,0.004300,0.001248,0.001235,-0.000152,-0.001022,0.000786
1790862440.612248,1790862440.654436,-0.000115,-0.000341,-0.000435,0.000181,-0.008786,0.707097,0.707062,-0.697,-0.727,90.007,-0.003368,-0.001720,-0.000765,-0.002284,0.000045,0.000784
1790862440.645589,1790862440.688987,-0.000132,-0.000152,-0.000417,0.000164,-0.008831,0.707097,0.707061,-0.702,-0.729,90.007,0.006260,-0.000442,0.001466,0.000913,0.003238,0.001850
1790862440.678929,1790862440.722773,-0.000112,-0.000083,-0.000365,0.000083,-0.008751,0.707111,0.707049,-0.702,-0.716,90.009,0.003043,-0.000415,0.002209,-0.001217,0.001107,0.003980
1790862440.712270,1790862440.770677,-0.000110,-0.000283,-0.000428,0.000115,-0.008773,0.707096,0.707063,-0.702,-0.720,90.007,-0.004611,-0.001900,-0.001364,0.000913,0.002173,0.001849
1790862440.745610,1790862440.791753,-0.000116,-0.000327,-0.000410,0.000187,-0.008797,0.707098,0.707061,-0.698,-0.728,90.007,-0.000822,-0.001005,0.000181,0.001980,0.000042,-0.000281
1790862440.778951,1790862440.817858,-0.000172,-0.000305,-0.000410,0.000177,-0.008776,0.707086,0.707073,-0.697,-0.725,90.005,0.001044,0.001495,-0.000098,-0.001216,-0.002089,0.000784
1790862440.812291,1790862440.854171,-0.000137,-0.000271,-0.000422,0.000192,-0.008769,0.707094,0.707065,-0.695,-0.726,90.007,0.000836,-0.000677,-0.000034,-0.000151,-0.001025,0.002915
1790862440.845632,1790862440.884806,-0.000096,-0.000351,-0.000436,0.000207,-0.008796,0.707093,0.707066,-0.696,-0.730,90.007,-0.001602,-0.002177,-0.000723,-0.000151,0.000043,0.000783
1790862440.878973,1790862440.916845,-0.000152,-0.000371,-0.000436,0.000231,-0.008833,0.707086,0.707072,-0.697,-0.734,90.006,0.000716,-0.000030,0.000123,-0.003347,0.000042,-0.000282
1790862440.912313,1790862440.958568,-0.000183,-0.000302,-0.000434,0.000193,-0.008820,0.707075,0.707083,-0.699,-0.730,90.004,0.001486,0.001611,-0.000085,0.003045,0.000042,0.000784
1790862440.945654,1790862440.998610,-0.000121,-0.000189,-0.000433,0.000171,-0.008779,0.707091,0.707068,-0.698,-0.725,90.006,0.003233,-0.000501,-0.000187,-0.001216,0.000042,-0.001345
1790862440.978994,1790862441.036378,-0.000130,-0.000087,-0.000444,0.000126,-0.008779,0.707100,0.707059,-0.701,-0.722,90.008,0.003825,-0.000056,-0.000537,0.003045,-0.002089,0.002914
1790862441.012333,1790862441.064637,-0.000103,-0.000162,-0.000429,0.000133,-0.008785,0.707098,0.707061,-0.701,-0.723,90.007,-0.001308,-0.001411,0.000586,0.001980,0.000041,0.001848
1790862441.045674,1790862441.096720,-0.000103,-0.000056,-0.000421,0.000137,-0.008790,0.707101,0.707057,-0.701,-0.723,90.008,0.003625,-0.000308,0.000700,-0.000151,-0.001025,0.003979
1790862441.079015,1790862441.127571,-0.000055,-0.000315,-0.000487,0.000192,-0.008847,0.707090,0.707068,-0.701,-0.732,90.006,-0.006562,-0.003805,-0.001302,0.003044,-0.001024,-0.001348
1790862441.112355,1790862441.160575,-0.000180,-0.000241,-0.000486,0.000238,-0.008908,0.707068,0.707090,-0.703,-0.741,90.003,0.003316,0.003106,-0.000352,-0.002283,-0.001023,0.000783
1790862441.145696,1790862441.198681,-0.000097,-0.000300,-0.000459,0.000203,-0.008868,0.707083,0.707075,-0.702,-0.735,90.005,-0.002272,-0.001413,-0.000491,0.000914,0.001107,-0.001347
1790862441.179036,1790862441.224975,-0.000169,-0.000376,-0.000488,0.000263,-0.008925,0.707065,0.707092,-0.702,-0.744,90.002,-0.001399,0.001035,-0.000505,-0.001215,-0.001024,-0.000282
1790862441.212377,1790862441.265051,-0.000153,-0.000221,-0.000480,0.000229,-0.008930,0.707076,0.707081,-0.705,-0.742,90.004,0.004550,-0.000118,0.000195,0.000915,0.000042,0.001847
1790862441.245718,1790862441.299878,-0.000104,-0.000041,-0.000434,0.000152,-0.008851,0.707095,0.707063,-0.705,-0.730,90.007,0.005108,-0.000489,0.001508,0.005176,0.004300,0.000783
1790862441.279058,1790862441.325687,-0.000103,-0.000026,-0.000454,0.000114,-0.008830,0.707104,0.707054,-0.706,-0.725,90.008,0.001263,-0.000627,0.000799,0.000916,-0.001027,0.000781
1790862441.312399,1790862441.351234,-0.000104,-0.000081,-0.000468,0.000130,-0.008838,0.707087,0.707072,-0.706,-0.727,90.006,-0.000085,-0.001220,-0.000457,0.000915,0.001104,-0.002412
1790862441.345740,1790862441.395391,-0.000091,-0.000282,-0.000489,0.000203,-0.008872,0.707082,0.707076,-0.703,-0.735,90.005,-0.004541,-0.001806,-0.000739,-0.003345,0.001104,-0.001348
1790862441.379080,1790862441.434259,-0.000144,-0.000131,-0.000482,0.000223,-0.008932,0.707080,0.707077,-0.706,-0.742,90.005,0.006535,0.000034,0.000726,-0.001214,0.001104,-0.000284
1790862441.412421,1790862441.468521,-0.000088,-0.000258,-0.000510,0.000213,-0.008934,0.707084,0.707073,-0.707,-0.741,90.005,-0.001770,-0.003728,-0.002107,-0.001214,0.000043,0.000778
1790862441.445760,1790862441.497560,-0.000164,-0.000176,-0.000456,0.000209,-0.008908,0.707074,0.707083,-0.705,-0.739,90.004,0.004298,0.001144,0.001134,0.001981,-0.002090,-0.000285
1790862441.479101,1790862441.521808,-0.000091,-0.000225,-0.000503,0.000194,-0.008941,0.707089,0.707068,-0.709,-0.740,90.006,-0.001670,-0.001612,-0.001005,0.003046,0.001107,-0.000286
1790862441.512442,1790862441.555064,-0.000100,-0.000176,-0.000492,0.000215,-0.008964,0.707085,0.707072,-0.709,-0.744,90.006,0.002303,-0.000822,0.000104,-0.004410,0.002173,0.000779
1790862441.545783,1790862441.590183,-0.000102,-0.000212,-0.000502,0.000212,-0.008974,0.707080,0.707076,-0.710,-0.744,90.005,-0.000558,0.000228,-0.000679,-0.000149,-0.002088,-0.000286
1790862441.579123,1790862441.619274,-0.000105,-0.000229,-0.000501,0.000238,-0.008980,0.707075,0.707082,-0.708,-0.747,90.004,-0.000606,0.000523,-0.000543,-0.003345,0.001107,-0.004546
1790862441.612464,1790862441.656341,-0.000120,-0.000166,-0.000490,0.000215,-0.008979,0.707076,0.707081,-0.710,-0.745,90.004,0.000244,0.002666,0.000420,0.000915,0.000042,-0.000284
1790862441.645804,1790862441.693624,-0.000111,-0.000200,-0.000506,0.000206,-0.008955,0.707072,0.707085,-0.709,-0.742,90.004,-0.001035,0.000234,-0.000623,-0.000149,0.000042,0.000780
1790862441.679145,1790862441.718717,-0.000146,-0.000239,-0.000518,0.000219,-0.008962,0.707066,0.707091,-0.709,-0.744,90.003,-0.000493,0.000192,-0.000859,0.001981,0.000043,0.002911
1790862441.712486,1790862441.761046,-0.000175,-0.000291,-0.000500,0.000217,-0.008982,0.707062,0.707095,-0.710,-0.745,90.002,-0.001027,0.000490,0.000114,-0.003345,0.001107,-0.001349
1790862441.745826,1790862441.796215,-0.000131,-0.000242,-0.000488,0.000210,-0.008992,0.707071,0.707085,-0.712,-0.746,90.004,0.002809,-0.002626,0.000450,-0.000148,-0.002090,0.000778
1790862441.779167,1790862441.832255,-0.000154,-0.000120,-0.000486,0.000198,-0.008965,0.707068,0.707089,-0.710,-0.742,90.003,0.003642,0.000990,0.000266,-0.004409,0.000041,-0.003481
1790862441.812508,1790862441.865184,-0.000124,-0.000117,-0.000492,0.000153,-0.008927,0.707073,0.707084,-0.711,-0.736,90.004,-0.000339,0.000717,0.000175,-0.001212,0.001104,-0.001349
1790862441.845848,1790862441.899560,-0.000144,-0.000160,-0.000474,0.000180,-0.008897,0.707072,0.707086,-0.706,-0.735,90.003,-0.000929,0.000226,0.000661,0.000917,-0.002091,0.000779
1790862441.879188,1790862441.922721,-0.000148,-0.000155,-0.000471,0.000189,-0.008907,0.707071,0.707086,-0.706,-0.737,90.003,-0.000284,0.000802,0.000220,-0.003344,0.000040,-0.001349
1790862441.912529,1790862441.960593,-0.000130,-0.000286,-0.000494,0.000209,-0.008948,0.707068,0.707089,-0.708,-0.742,90.003,-0.005301,0.000173,-0.000232,-0.000148,-0.001027,-0.001349
1790862441.945869,1790862441.998586,-0.000097,-0.000088,-0.000495,0.000219,-0.008972,0.707086,0.707071,-0.709,-0.745,90.006,0.006065,-0.001339,0.000743,-0.000147,0.002169,0.001845
1790862441.979210,1790862442.034293,-0.000077,-0.000167,-0.000527,0.000202,-0.008987,0.707085,0.707072,-0.712,-0.745,90.006,-0.001478,-0.001081,0.000298,-0.001212,0.001102,-0.000286
1790862442.012551,1790862442.066973,-0.000179,-0.000338,-0.000555,0.000252,-0.009061,0.707060,0.707096,-0.714,-0.755,90.002,-0.003671,0.000975,-0.000997,-0.000148,0.000039,0.005039
1790862442.045891,1790862442.099591,-0.000141,-0.000230,-0.000526,0.000256,-0.009074,0.707071,0.707085,-0.715,-0.756,90.004,0.003763,-0.001553,0.000502,0.000917,0.000038,0.000779
1790862442.079232,1790862442.127404,-0.000042,-0.000203,-0.000547,0.000245,-0.009050,0.707086,0.707069,-0.714,-0.753,90.006,0.001331,-0.003009,-0.000244,-0.002278,-0.001029,0.002909
1790862442.112573,1790862442.155788,-0.000081,-0.000145,-0.000528,0.000250,-0.009012,0.707082,0.707074,-0.710,-0.750,90.005,0.003153,0.000028,-0.000208,0.004113,-0.002092,-0.001351
1790862442.145912,1790862442.198383,-0.000089,-0.000291,-0.000560,0.000257,-0.009032,0.707072,0.707084,-0.711,-0.753,90.004,-0.002632,-0.000972,-0.001583,-0.001213,0.001104,-0.001352
1790862442.179252,1790862442.232960,-0.000078,-0.000271,-0.000567,0.000285,-0.009067,0.707073,0.707082,-0.712,-0.758,90.004,0.001547,-0.001421,0.000252,-0.001212,-0.002092,-0.000287
1790862442.212592,1790862442.255584,-0.000073,-0.000225,-0.000558,0.000288,-0.009035,0.707074,0.707082,-0.709,-0.755,90.004,0.001176,0.000139,-0.000219,-0.003344,0.000039,-0.001352
1790862442.245932,1790862442.297140,-0.000098,-0.000006,-0.000526,0.000200,-0.008971,0.707090,0.707067,-0.711,-0.743,90.006,0.007493,0.001737,-0.000259,0.000917,0.001104,0.000778
1790862442.279272,1790862442.331667,-0.000114,-0.000174,-0.000510,0.000167,-0.008950,0.707085,0.707072,-0.712,-0.739,90.006,-0.005404,0.001184,0.000085,0.004111,0.002172,-0.000286
1790862442.312611,1790862442.366357,-0.000101,-0.000081,-0.000524,0.000194,-0.008980,0.707079,0.707078,-0.712,-0.743,90.005,0.002032,0.000507,-0.000025,0.001982,0.001104,-0.003480
1790862442.345950,1790862442.399828,-0.000058,-0.000119,-0.000515,0.000207,-0.008948,0.707087,0.707069,-0.708,-0.742,90.006,-0.001573,-0.000607,0.001094,-0.000149,0.003235,-0.000284
1790862442.379290,1790862442.427999,-0.000103,-0.000113,-0.000549,0.000197,-0.009029,0.707081,0.707075,-0.716,-0.748,90.005,0.000037,0.000668,0.000610,0.001982,-0.001028,0.000781
1790862442.412629,1790862442.469002,-0.000083,0.000103,-0.000514,0.000128,-0.008989,0.707094,0.707062,-0.718,-0.739,90.007,0.006342,0.000414,0.001546,-0.002279,0.000038,0.001845
1790862442.445969,1790862442.504660,-0.000004,-0.000056,-0.000530,0.000131,-0.008961,0.707111,0.707046,-0.716,-0.737,90.010,-0.002579,-0.004858,-0.000893,0.000917,0.000038,0.000776
1790862442.479309,1790862442.539181,-0.000144,-0.000180,-0.000552,0.000215,-0.009026,0.707071,0.707085,-0.714,-0.749,90.004,-0.002348,0.002113,-0.000634,0.001982,0.002170,-0.002416
1790862442.512649,1790862442.571093,-0.000104,-0.000097,-0.000525,0.000180,-0.009037,0.707071,0.707085,-0.718,-0.747,90.004,0.002537,-0.000636,0.000734,0.004111,0.000040,-0.001351
1790862442.545988,1790862442.599043,-0.000080,-0.000093,-0.000550,0.000176,-0.009007,0.707082,0.707074,-0.716,-0.744,90.005,-0.000043,-0.000791,-0.000412,0.001982,0.000039,-0.000286
1790862442.579328,1790862442.633092,-0.000144,-0.000281,-0.000588,0.000234,-0.009085,0.707066,0.707090,-0.717,-0.755,90.003,-0.004858,0.001096,-0.000747,-0.000149,-0.001027,0.001842
1790862442.612668,1790862442.668046,-0.000117,-0.000140,-0.000533,0.000231,-0.009074,0.707072,0.707083,-0.717,-0.754,90.004,0.005338,-0.001668,0.001802,-0.000149,0.002170,0.001841
1790862442.646007,1790862442.702976,-0.000093,-0.000064,-0.000547,0.000181,-0.009028,0.707083,0.707073,-0.717,-0.746,90.005,0.002579,-0.000472,-0.000385,-0.001213,-0.002092,0.002908
1790862442.679347,1790862442.736290,-0.000067,-0.000245,-0.000579,0.000225,-0.009049,0.707076,0.707080,-0.715,-0.751,90.004,-0.002862,-0.003210,-0.000937,-0.002279,0.000039,0.002905
1790862442.712687,1790862442.768824,-0.000102,-0.000183,-0.000569,0.000251,-0.009077,0.707073,0.707082,-0.715,-0.756,90.004,0.004167,-0.001517,-0.000481,0.004113,0.000039,0.000773
1790862442.746026,1790862442.800830,-0.000131,-0.000206,-0.000530,0.000224,-0.009058,0.707069,0.707086,-0.716,-0.752,90.003,0.000027,0.000794,0.000931,-0.001212,0.002169,0.000774
1790862442.779365,1790862442.833326,-0.000105,-0.000076,-0.000558,0.000209,-0.009048,0.707072,0.707084,-0.716,-0.750,90.004,0.002236,0.001415,-0.000347,0.000917,0.001102,-0.004549
1790862442.812705,1790862442.865163,-0.000039,-0.000230,-0.000562,0.000233,-0.009038,0.707086,0.707070,-0.713,-0.751,90.006,-0.004162,-0.002897,-0.000382,0.000918,0.001103,-0.000291
1790862442.846044,1790862442.897714,-0.000130,-0.000281,-0.000565,0.000299,-0.009113,0.707053,0.707102,-0.714,-0.763,90.001,0.000829,0.000525,0.000024,0.000917,0.000038,0.001838
1790862442.879384,1790862442.925963,-0.000144,-0.000212,-0.000562,0.000269,-0.009137,0.707056,0.707099,-0.719,-0.762,90.001,0.001221,0.001261,0.000499,0.000917,0.002169,0.000774
1790862442.912723,1790862442.957509,-0.000095,-0.000091,-0.000570,0.000244,-0.009098,0.707069,0.707086,-0.717,-0.757,90.003,0.003035,-0.000774,-0.000056,-0.000148,0.004298,-0.000290
1790862442.946063,1790862442.996643,-0.000152,-0.000235,-0.000571,0.000231,-0.009096,0.707056,0.707099,-0.718,-0.756,90.001,-0.004386,0.002166,0.000124,0.001983,0.000038,0.001840
1790862442.979403,1790862443.034789,-0.000083,0.000016,-0.000558,0.000212,-0.009082,0.707076,0.707079,-0.719,-0.753,90.004,0.006360,-0.001069,0.000127,-0.000148,0.000038,0.002907
1790862443.012742,1790862443.066422,-0.000126,-0.000109,-0.000524,0.000171,-0.009013,0.707070,0.707086,-0.716,-0.744,90.003,-0.003586,0.001820,0.001062,0.004111,-0.001028,-0.000289
1790862443.046082,1790862443.087252,-0.000129,-0.000239,-0.000573,0.000218,-0.009116,0.707056,0.707099,-0.721,-0.756,90.001,-0.002782,-0.001096,-0.000735,-0.001213,0.000038,0.000775
1790862443.079421,1790862443.115937,-0.000119,-0.000291,-0.000587,0.000281,-0.009153,0.707054,0.707100,-0.719,-0.764,90.001,-0.001810,-0.000954,-0.000083,-0.000148,0.001102,-0.000290
1790862443.112761,1790862443.153873,-0.000143,-0.000119,-0.000572,0.000268,-0.009136,0.707063,0.707092,-0.719,-0.762,90.002,0.005298,0.000927,0.000288,-0.004409,0.002168,-0.000289
1790862443.146105,1790862443.198866,-0.000075,-0.000149,-0.000580,0.000235,-0.009113,0.707070,0.707085,-0.719,-0.757,90.004,-0.000191,-0.002689,0.000179,0.003047,0.000037,-0.000290
1790862443.179450,1790862443.233238,-0.000151,-0.000179,-0.000574,0.000253,-0.009118,0.707054,0.707101,-0.718,-0.759,90.001,0.000513,0.001187,0.000454,-0.001213,-0.001029,-0.001354
1790862443.212794,1790862443.269025,-0.000125,-0.000009,-0.000571,0.000213,-0.009103,0.707073,0.707082,-0.720,-0.755,90.004,0.005970,-0.000226,-0.000235,-0.000149,0.001103,-0.002419
1790862443.246139,1790862443.304010,-0.000071,-0.000128,-0.000582,0.000213,-0.009089,0.707076,0.707079,-0.719,-0.754,90.005,-0.002908,-0.002371,-0.000575,0.004110,-0.003157,0.000775
1790862443.279484,1790862443.342046,-0.000130,-0.000221,-0.000598,0.000256,-0.009153,0.707064,0.707091,-0.721,-0.762,90.003,-0.000185,0.000035,-0.000968,-0.001214,0.001105,-0.000291
1790862443.312829,1790862443.374913,-0.000118,-0.000136,-0.000584,0.000238,-0.009138,0.707065,0.707089,-0.721,-0.760,90.003,0.003192,-0.000948,-0.000452,-0.002281,-0.002091,-0.002420
1790862443.346175,1790862443.410444,-0.000104,0.000031,-0.000572,0.000187,-0.009050,0.707069,0.707087,-0.718,-0.748,90.003,0.004838,0.000704,0.000069,-0.001214,-0.001027,0.001839
1790862443.379520,1790862443.444989,-0.000060,-0.000076,-0.000548,0.000178,-0.009005,0.707082,0.707074,-0.715,-0.744,90.005,-0.003917,-0.000072,0.000478,0.000915,0.001104,-0.002419
1790862443.412866,1790862443.465841,-0.000101,-0.000173,-0.000576,0.000222,-0.009080,0.707074,0.707081,-0.718,-0.754,90.004,-0.003557,0.000830,-0.000378,-0.002281,0.002171,0.001840
1790862443.446211,1790862443.495664,-0.000080,-0.000015,-0.000575,0.000198,-0.009065,0.707080,0.707075,-0.719,-0.751,90.005,0.005732,-0.001447,-0.000143,-0.000149,-0.003156,-0.001356
1790862443.479557,1790862443.532359,-0.000144,-0.000136,-0.000558,0.000190,-0.009010,0.707063,0.707093,-0.715,-0.745,90.002,-0.003370,0.002119,0.000891,-0.000150,0.000039,-0.001354
1790862443.512902,1790862443.557918,-0.000106,-0.000288,-0.000582,0.000239,-0.009071,0.707063,0.707092,-0.716,-0.754,90.002,-0.004955,-0.001804,0.000131,-0.002281,-0.001027,-0.000290
1790862443.546247,1790862443.595394,-0.000144,-0.000248,-0.000584,0.000256,-0.009117,0.707063,0.707092,-0.718,-0.760,90.002,0.001889,0.000669,-0.000548,-0.001215,0.001104,0.002906
1790862443.579593,1790862443.619329,-0.000065,-0.000243,-0.000563,0.000264,-0.009057,0.707078,0.707078,-0.713,-0.755,90.005,0.000649,-0.002766,0.000129,0.000915,-0.002092,0.001839
1790862443.612939,1790862443.659995,-0.000106,-0.000078,-0.000541,0.000226,-0.009004,0.707078,0.707078,-0.711,-0.748,90.005,0.005074,0.001798,0.000537,-0.001215,0.000039,0.001840
1790862443.646284,1790862443.695317,-0.000082,-0.000182,-0.000553,0.000198,-0.008972,0.707085,0.707072,-0.711,-0.743,90.006,-0.002852,-0.000056,-0.000581,-0.002281,0.000040,-0.000290
1790862443.679629,1790862443.724884,-0.000166,-0.000353,-0.000543,0.000227,-0.009003,0.707076,0.707080,-0.711,-0.748,90.004,-0.004111,0.000825,-0.000017,-0.000149,0.000039,0.002905
1790862443.712975,1790862443.761662,-0.000137,-0.000135,-0.000511,0.000206,-0.008970,0.707089,0.707068,-0.710,-0.743,90.006,0.005942,0.000119,0.001032,0.004112,0.003233,-0.001354
1790862443.746320,1790862443.794426,-0.000064,-0.000223,-0.000517,0.000197,-0.008911,0.707097,0.707060,-0.706,-0.738,90.008,-0.004068,-0.000669,0.000050,0.000915,0.000038,-0.001352
1790862443.779666,1790862443.826136,-0.000082,-0.000197,-0.000528,0.000220,-0.008907,0.707106,0.707051,-0.704,-0.740,90.009,0.000574,0.000936,-0.000625,-0.002281,0.000039,-0.000287
1790862443.813012,1790862443.865434,0.000016,0.000004,-0.000490,0.000156,-0.008860,0.707136,0.707022,-0.705,-0.731,90.014,0.006900,-0.002868,0.001004,-0.000149,0.002169,-0.000289
1790862443.846358,1790862443.899437,-0.000049,-0.000341,-0.000501,0.000188,-0.008840,0.707114,0.707045,-0.701,-0.731,90.010,-0.008586,-0.000604,0.000599,0.000915,0.001103,0.001839
1790862443.879704,1790862443.935602,-0.000122,-0.000225,-0.000496,0.000205,-0.008892,0.707109,0.707049,-0.704,-0.737,90.009,0.005609,-0.000107,0.000895,-0.006540,-0.002094,0.002904
1790862443.913049,1790862443.968024,-0.000065,-0.000348,-0.000538,0.000199,-0.008906,0.707115,0.707043,-0.706,-0.738,90.010,-0.002554,-0.002895,-0.000729,-0.000149,-0.001029,0.001837
1790862443.946395,1790862444.002750,-0.000094,-0.000407,-0.000545,0.000256,-0.008958,0.707103,0.707054,-0.705,-0.747,90.009,-0.000079,-0.001165,-0.000073,-0.000149,0.000037,-0.003489
1790862443.979741,1790862444.029038,-0.000137,-0.000348,-0.000552,0.000244,-0.008948,0.707104,0.707053,-0.705,-0.745,90.009,0.002825,0.000598,-0.000853,-0.002280,0.001102,-0.001358
1790862444.013087,1790862444.053650,-0.000151,-0.000412,-0.000539,0.000234,-0.008915,0.707090,0.707068,-0.703,-0.741,90.006,-0.001819,0.001005,-0.000844,-0.001214,0.000039,-0.000292
1790862444.046433,1790862444.090477,-0.000119,-0.000153,-0.000475,0.000175,-0.008843,0.707119,0.707039,-0.702,-0.731,90.011,0.006399,0.001553,0.001668,-0.000148,0.001101,-0.000290
1790862444.079779,1790862444.147930,-0.000034,-0.000307,-0.000512,0.000159,-0.008832,0.707130,0.707029,-0.703,-0.728,90.013,-0.005424,-0.001455,-0.000463,0.000916,0.001101,-0.002419
1790862444.113124,1790862444.184444,-0.000102,-0.000330,-0.000528,0.000219,-0.008874,0.707117,0.707040,-0.701,-0.737,90.011,0.000859,0.000606,-0.001125,0.000917,0.000037,0.002905
1790862444.146466,1790862444.222739,-0.000117,-0.000445,-0.000488,0.000245,-0.008853,0.707119,0.707039,-0.698,-0.737,90.011,-0.002913,0.000271,0.000353,0.003047,0.001102,0.000774
1790862444.179807,1790862444.257837,-0.000121,-0.000395,-0.000477,0.000250,-0.008912,0.707121,0.707036,-0.702,-0.742,90.011,0.001820,-0.000242,0.000860,0.000915,-0.003158,0.003970
1790862444.213148,1790862444.284540,-0.000109,-0.000423,-0.000494,0.000230,-0.008885,0.707116,0.707042,-0.701,-0.739,90.011,-0.000695,-0.000438,-0.000157,-0.000149,0.003233,0.001839
1790862444.246489,1790862444.315074,-0.000101,-0.000464,-0.000496,0.000253,-0.008878,0.707114,0.707044,-0.699,-0.740,90.010,0.000340,-0.001547,-0.000261,-0.005476,0.001102,0.001838
1790862444.279829,1790862444.342279,-0.000132,-0.000418,-0.000504,0.000248,-0.008899,0.707107,0.707050,-0.701,-0.741,90.009,0.001835,0.000280,0.000067,0.000915,-0.001029,0.001839
1790862444.313170,1790862444.373877,-0.000069,-0.000360,-0.000517,0.000226,-0.008907,0.707127,0.707030,-0.703,-0.740,90.012,0.002897,-0.002296,-0.000417,0.004111,0.002169,0.001838
1790862444.346511,1790862444.405478,-0.000085,-0.000318,-0.000501,0.000201,-0.008869,0.707120,0.707038,-0.702,-0.735,90.011,0.002947,-0.000982,0.000479,-0.000148,0.003233,-0.000292
1790862444.379852,1790862444.438028,-0.000051,-0.000328,-0.000507,0.000221,-0.008855,0.707126,0.707032,-0.700,-0.735,90.012,0.001018,-0.002333,0.000172,-0.002280,-0.002094,0.001837
1790862444.413193,1790862444.480683,-0.000072,-0.000144,-0.000504,0.000186,-0.008864,0.707129,0.707029,-0.703,-0.733,90.013,0.006097,0.001067,-0.000182,-0.000148,0.001101,-0.000292
1790862444.446533,1790862444.517513,-0.000063,-0.000213,-0.000512,0.000164,-0.008842,0.707117,0.707041,-0.703,-0.730,90.011,-0.000984,-0.000678,0.000231,0.001982,0.000036,-0.002421
1790862444.479874,1790862444.551896,-0.000103,-0.000254,-0.000511,0.000177,-0.008877,0.707109,0.707048,-0.705,-0.734,90.009,-0.000622,0.000622,0.000967,-0.001214,0.001101,0.000774
1790862444.513215,1790862444.583421,-0.000024,-0.000248,-0.000495,0.000184,-0.008878,0.707133,0.707025,-0.705,-0.734,90.013,0.000483,-0.002961,0.001388,0.000917,0.000035,0.001836
1790862444.546555,1790862444.618802,-0.000022,-0.000227,-0.000528,0.000226,-0.008891,0.707117,0.707041,-0.702,-0.739,90.011,0.002196,-0.002918,0.000274,0.007307,0.000035,-0.000294
1790862444.579895,1790862444.651607,-0.000061,-0.000271,-0.000544,0.000220,-0.008942,0.707110,0.707047,-0.707,-0.742,90.010,-0.000147,-0.000020,0.000003,-0.006540,0.001100,0.000771
1790862444.613236,1790862444.684351,-0.000091,-0.000333,-0.000554,0.000246,-0.009003,0.707099,0.707057,-0.710,-0.749,90.008,-0.000745,-0.000450,-0.000272,0.000917,-0.001031,0.000770
1790862444.646577,1790862444.716903,-0.000113,-0.000254,-0.000541,0.000251,-0.009010,0.707098,0.707058,-0.710,-0.750,90.008,0.002825,0.000321,0.000065,-0.002279,0.000035,-0.002423
1790862444.679918,1790862444.749393,-0.000101,-0.000251,-0.000518,0.000239,-0.008961,0.707104,0.707053,-0.707,-0.745,90.009,0.000414,0.000218,0.000120,0.000917,0.001100,0.001835
1790862444.713259,1790862444.776858,-0.000043,-0.000043,-0.000480,0.000186,-0.008914,0.707117,0.707041,-0.707,-0.737,90.011,0.008622,-0.003664,0.001014,0.001983,0.000035,0.001834
1790862444.746599,1790862444.805683,-0.000076,-0.000193,-0.000480,0.000149,-0.008883,0.707096,0.707062,-0.708,-0.732,90.007,-0.003163,-0.000500,0.000971,0.001982,0.000035,-0.003491
1790862444.779940,1790862444.826627,-0.000116,-0.000236,-0.000525,0.000209,-0.008942,0.707083,0.707074,-0.708,-0.741,90.005,-0.001297,0.001219,-0.000783,0.000916,-0.001032,-0.001359
1790862444.813281,1790862444.862711,-0.000065,-0.000209,-0.000535,0.000224,-0.008974,0.707088,0.707069,-0.709,-0.745,90.006,-0.000464,-0.000483,0.000164,0.000916,0.001099,-0.001359
1790862444.846622,1790862444.896842,-0.000044,-0.000140,-0.000514,0.000207,-0.008944,0.707100,0.707057,-0.708,-0.741,90.008,0.001554,-0.000016,0.001209,-0.000149,0.000034,-0.002423
1790862444.879963,1790862444.932084,-0.000093,-0.000260,-0.000525,0.000211,-0.008988,0.707090,0.707066,-0.711,-0.745,90.007,-0.003497,0.000869,0.001048,0.000917,0.000032,-0.001359
1790862444.913303,1790862444.966262,-0.000079,-0.000193,-0.000537,0.000232,-0.009013,0.707086,0.707070,-0.712,-0.749,90.006,0.002471,-0.001287,-0.000070,-0.004408,0.001098,0.003965
1790862444.946644,1790862444.999772,-0.000035,-0.000255,-0.000530,0.000214,-0.008972,0.707095,0.707062,-0.710,-0.744,90.007,-0.000426,-0.002804,0.000249,0.001984,0.001096,0.002899
1790862444.979985,1790862445.030814,-0.000101,-0.000237,-0.000540,0.000241,-0.008985,0.707088,0.707068,-0.709,-0.748,90.006,0.001670,0.000749,0.000291,0.001984,0.000031,0.000768
1790862445.013325,1790862445.059681,-0.000057,-0.000242,-0.000543,0.000233,-0.009001,0.707098,0.707058,-0.710,-0.748,90.008,-0.000238,-0.000877,0.000065,-0.000147,0.002162,0.000769
1790862445.046666,1790862445.095837,-0.000049,-0.000064,-0.000534,0.000194,-0.008953,0.707107,0.707050,-0.710,-0.741,90.009,0.006049,-0.000830,-0.000016,-0.000146,0.000031,0.002899
1790862445.080007,1790862445.130480,0.000004,0.000035,-0.000510,0.000146,-0.008836,0.707116,0.707042,-0.704,-0.728,90.010,0.004609,-0.002310,0.000241,0.000919,-0.001036,0.001832
1790862445.113348,1790862445.162655,-0.000022,-0.000121,-0.000488,0.000146,-0.008836,0.707104,0.707054,-0.704,-0.728,90.009,-0.003063,-0.000002,0.000697,-0.001212,0.001097,-0.001362
1790862445.146688,1790862445.196701,-0.000081,-0.000338,-0.000496,0.000198,-0.008875,0.707090,0.707068,-0.703,-0.735,90.006,-0.005552,-0.000454,-0.000150,-0.002278,-0.001035,-0.004559
1790862445.180027,1790862445.235782,-0.000125,-0.000128,-0.000495,0.000199,-0.008851,0.707087,0.707072,-0.701,-0.733,90.006,0.006530,0.001403,-0.000755,-0.003342,-0.003163,-0.001361
1790862445.213367,1790862445.268843,-0.000034,-0.000187,-0.000472,0.000166,-0.008838,0.707111,0.707048,-0.703,-0.730,90.010,-0.001603,-0.002646,0.000193,-0.000147,0.000033,-0.000299
1790862445.246707,1790862445.305174,-0.000105,-0.000356,-0.000535,0.000226,-0.008951,0.707084,0.707073,-0.707,-0.744,90.005,-0.004690,0.000504,-0.000739,-0.000147,-0.001035,-0.000298
1790862445.280046,1790862445.345501,-0.000107,-0.000367,-0.000536,0.000263,-0.008959,0.707088,0.707068,-0.705,-0.747,90.006,-0.000387,0.000472,-0.000356,0.001984,0.002163,-0.000298
1790862445.313386,1790862445.379174,-0.000122,-0.000290,-0.000485,0.000238,-0.008911,0.707102,0.707056,-0.703,-0.741,90.008,0.001799,0.000854,0.001203,0.000918,0.001096,-0.000298
1790862445.346726,1790862445.408296,-0.000125,-0.000181,-0.000492,0.000202,-0.008872,0.707096,0.707062,-0.703,-0.735,90.007,0.002892,0.001106,0.000164,-0.001212,-0.001034,-0.003492
1790862445.380065,1790862445.441919,-0.000079,-0.000288,-0.000506,0.000182,-0.008849,0.707095,0.707063,-0.702,-0.732,90.007,-0.004857,0.000557,0.000216,0.000917,0.000031,0.001835
1790862445.413405,1790862445.471309,-0.000071,-0.000323,-0.000534,0.000242,-0.008913,0.707110,0.707048,-0.703,-0.742,90.010,-0.001903,-0.000434,-0.000183,-0.001213,0.001096,0.002901
1790862445.446743,1790862445.504498,-0.000085,-0.000277,-0.000509,0.000228,-0.008905,0.707109,0.707048,-0.703,-0.740,90.010,0.002707,-0.000839,0.000152,0.001983,-0.001035,-0.000296
1790862445.480083,1790862445.532275,-0.000055,-0.000283,-0.000486,0.000213,-0.008841,0.707105,0.707053,-0.699,-0.734,90.009,0.001396,-0.002100,0.000803,-0.001212,0.000031,0.001833
1790862445.513423,1790862445.561745,-0.000062,-0.000299,-0.000488,0.000211,-0.008852,0.707109,0.707049,-0.700,-0.734,90.009,0.000256,-0.000661,0.000590,-0.000148,-0.001036,0.002899
1790862445.546762,1790862445.595400,-0.000091,-0.000362,-0.000521,0.000238,-0.008889,0.707111,0.707047,-0.701,-0.740,90.010,0.000069,-0.000317,-0.001781,-0.000148,0.001098,0.001831
1790862445.580102,1790862445.623509,-0.000112,-0.000351,-0.000473,0.000211,-0.008869,0.707101,0.707057,-0.702,-0.736,90.008,0.001763,-0.000556,0.000598,-0.001212,-0.001035,-0.002427
1790862445.613441,1790862445.658329,-0.000116,-0.000232,-0.000460,0.000181,-0.008849,0.707108,0.707051,-0.702,-0.732,90.009,0.003892,0.000432,0.001096,-0.003343,0.000032,-0.000298
1790862445.646781,1790862445.697841,-0.000061,-0.000419,-0.000527,0.000204,-0.008862,0.707114,0.707044,-0.702,-0.735,90.010,-0.004031,-0.003367,-0.002045,-0.000147,0.001097,-0.001365
1790862445.680121,1790862445.733078,-0.000147,-0.000358,-0.000491,0.000225,-0.008900,0.707103,0.707055,-0.703,-0.739,90.008,0.002692,0.001348,0.000675,-0.002277,-0.001035,0.003961
1790862445.713460,1790862445.764894,-0.000095,-0.000405,-0.000510,0.000223,-0.008898,0.707105,0.707053,-0.703,-0.739,90.009,-0.002302,-0.000494,-0.000241,-0.001211,0.000031,0.000766
1790862445.746800,1790862445.800991,-0.000123,-0.000150,-0.000497,0.000179,-0.008833,0.707120,0.707039,-0.701,-0.730,90.011,0.008114,0.000900,0.000030,-0.000145,0.001096,-0.001364
1790862445.780139,1790862445.835194,-0.000017,-0.000049,-0.000479,0.000092,-0.008739,0.707141,0.707018,-0.701,-0.716,90.014,0.003123,-0.002990,0.000244,0.001986,0.000030,-0.000300
1790862445.813479,1790862445.869583,-0.000018,-0.000211,-0.000499,0.000146,-0.008762,0.707134,0.707025,-0.698,-0.722,90.013,-0.002731,-0.001743,-0.000309,0.001986,0.002163,0.000764
1790862445.846818,1790862445.899793,-0.000076,-0.000285,-0.000507,0.000200,-0.008795,0.707125,0.707034,-0.697,-0.729,90.012,-0.000609,-0.000613,-0.000697,-0.000146,-0.003163,0.000763
1790862445.880157,1790862445.931753,-0.000086,-0.000118,-0.000537,0.000160,-0.008862,0.707122,0.707036,-0.705,-0.731,90.011,0.006032,0.000054,-0.001508,-0.003342,0.000034,-0.000300
1790862445.913496,1790862445.963770,-0.000037,-0.000360,-0.000530,0.000175,-0.008854,0.707118,0.707040,-0.703,-0.732,90.011,-0.006135,-0.002635,-0.000578,0.001985,-0.001032,0.001826
1790862445.946836,1790862446.001259,-0.000103,-0.000247,-0.000484,0.000200,-0.008831,0.707113,0.707045,-0.700,-0.732,90.010,0.005733,-0.000242,0.000829,-0.004405,0.000033,-0.001368
1790862445.980175,1790862446.036058,-0.000133,-0.000313,-0.000453,0.000138,-0.008768,0.707103,0.707056,-0.699,-0.722,90.008,-0.001141,0.001009,0.000445,-0.002276,0.001099,0.000761
1790862446.013515,1790862446.062881,-0.000112,-0.000294,-0.000456,0.000149,-0.008786,0.707106,0.707053,-0.700,-0.724,90.009,0.000756,-0.000775,0.000330,-0.002276,0.000033,-0.004563
1790862446.046854,1790862446.092937,-0.000064,-0.000157,-0.000471,0.000133,-0.008770,0.707120,0.707039,-0.700,-0.721,90.011,0.003629,-0.000482,0.000048,-0.000145,0.002164,0.001826
1790862446.080194,1790862446.132047,-0.000028,-0.000365,-0.000496,0.000164,-0.008781,0.707124,0.707035,-0.698,-0.725,90.012,-0.004163,-0.003657,-0.000708,-0.001208,0.001097,0.000758
1790862446.113533,1790862446.166507,-0.000116,-0.000054,-0.000447,0.000129,-0.008768,0.707115,0.707044,-0.700,-0.721,90.010,0.012640,-0.000491,0.000575,0.001988,0.002165,-0.000308
1790862446.146873,1790862446.199586,-0.000080,-0.000234,-0.000443,0.000079,-0.008719,0.707116,0.707044,-0.700,-0.713,90.010,-0.004919,-0.000597,0.000217,0.000921,0.001097,-0.000306
1790862446.180213,1790862446.232585,-0.000078,-0.000248,-0.000489,0.000161,-0.008813,0.707118,0.707041,-0.701,-0.727,90.011,-0.000495,-0.000871,-0.000179,-0.002275,0.001097,-0.000307
1790862446.213553,1790862446.266661,-0.000082,-0.000365,-0.000508,0.000174,-0.008873,0.707107,0.707051,-0.705,-0.733,90.009,-0.002802,-0.001345,-0.000485,0.003053,0.000032,0.001821
1790862446.246893,1790862446.303425,-0.000063,-0.000160,-0.000496,0.000189,-0.008824,0.707114,0.707044,-0.700,-0.730,90.010,0.007139,-0.000933,-0.000145,0.004117,0.001097,-0.000308
1790862446.280234,1790862446.337388,-0.000095,-0.000223,-0.000475,0.000142,-0.008766,0.707111,0.707049,-0.699,-0.722,90.009,-0.000719,0.000400,0.000480,-0.002274,0.001097,-0.002438
1790862446.313574,1790862446.370343,-0.000114,-0.000388,-0.000509,0.000185,-0.008834,0.707096,0.707062,-0.701,-0.731,90.007,-0.004047,-0.000604,-0.001178,-0.001208,0.000033,0.000756
1790862446.346913,1790862446.404324,-0.000086,-0.000367,-0.000483,0.000232,-0.008848,0.707096,0.707062,-0.698,-0.736,90.007,0.000721,-0.000529,0.000120,-0.000144,0.000034,-0.000307
1790862446.380253,1790862446.439220,-0.000094,-0.000123,-0.000471,0.000167,-0.008790,0.707109,0.707049,-0.699,-0.726,90.009,0.005251,0.001997,0.000414,0.000921,0.000032,-0.001371
1790862446.413593,1790862446.473575,-0.000064,-0.000222,-0.000484,0.000146,-0.008799,0.707117,0.707042,-0.701,-0.725,90.011,-0.002680,-0.001179,0.000054,0.000921,0.000033,0.001821
1790862446.446933,1790862446.507739,-0.000104,-0.000339,-0.000481,0.000180,-0.008860,0.707095,0.707063,-0.703,-0.732,90.007,-0.002719,-0.000706,0.000342,0.001988,-0.002099,0.000756
1790862446.480273,1790862446.536361,-0.000105,-0.000400,-0.000518,0.000239,-0.008924,0.707085,0.707072,-0.704,-0.742,90.006,-0.001611,-0.000316,0.000279,-0.000143,-0.002100,0.001821
1790862446.513613,1790862446.571095,-0.000053,-0.000261,-0.000508,0.000242,-0.008944,0.707106,0.707051,-0.705,-0.744,90.009,0.005187,-0.002499,0.000302,0.003052,-0.002098,-0.001375
1790862446.546953,1790862446.605090,-0.000110,-0.000257,-0.000503,0.000215,-0.008894,0.707089,0.707068,-0.703,-0.738,90.006,0.000713,0.001490,-0.000763,-0.001208,0.000033,-0.000309
1790862446.580293,1790862446.633153,-0.000147,-0.000286,-0.000500,0.000196,-0.008932,0.707086,0.707071,-0.708,-0.740,90.006,-0.000766,0.001828,0.000524,0.000921,0.001097,0.001821
1790862446.613633,1790862446.661062,-0.000096,-0.000337,-0.000537,0.000237,-0.008967,0.707086,0.707071,-0.707,-0.746,90.006,-0.002280,-0.001041,0.000018,0.004117,-0.001035,-0.000308
1790862446.646973,1790862446.690245,-0.000154,-0.000406,-0.000545,0.000272,-0.008987,0.707075,0.707082,-0.706,-0.750,90.004,-0.001253,0.001181,-0.000734,0.000921,-0.001033,0.003952
1790862446.680314,1790862446.733680,-0.000141,-0.000333,-0.000510,0.000245,-0.008975,0.707081,0.707075,-0.707,-0.747,90.005,0.003685,-0.001194,-0.000174,0.001987,0.001099,-0.000308
1790862446.713654,1790862446.762713,-0.000058,-0.000188,-0.000504,0.000209,-0.008920,0.707094,0.707063,-0.706,-0.740,90.007,0.003073,-0.001466,0.001174,0.001987,0.001097,0.000757
1790862446.746994,1790862446.793676,-0.000045,-0.000156,-0.000495,0.000180,-0.008920,0.707109,0.707048,-0.708,-0.737,90.010,0.001077,-0.000282,0.001849,-0.000143,-0.001035,-0.000308
1790862446.780333,1790862446.828745,-0.000053,-0.000084,-0.000523,0.000170,-0.008928,0.707109,0.707048,-0.710,-0.737,90.009,0.005417,-0.002318,-0.000810,-0.007600,0.000032,0.002885
1790862446.813673,1790862446.868215,-0.000109,-0.000185,-0.000459,0.000137,-0.008893,0.707095,0.707062,-0.710,-0.732,90.007,-0.001070,-0.000202,0.001808,0.003053,0.000031,0.001820
1790862446.847013,1790862446.890284,-0.000048,-0.000158,-0.000489,0.000145,-0.008890,0.707105,0.707053,-0.709,-0.732,90.009,0.001481,-0.003048,0.000071,0.000922,0.001095,-0.001375
1790862446.880353,1790862446.924757,-0.000087,-0.000196,-0.000537,0.000165,-0.008924,0.707092,0.707065,-0.710,-0.736,90.007,-0.000735,0.000551,-0.000818,-0.000143,0.000030,-0.001374
1790862446.913693,1790862446.957846,-0.000088,-0.000312,-0.000529,0.000203,-0.008939,0.707098,0.707059,-0.708,-0.741,90.008,-0.004304,0.000767,0.001285,-0.001208,-0.001037,-0.002438
1790862446.947033,1790862446.988180,-0.000119,-0.000394,-0.000542,0.000240,-0.008974,0.707096,0.707061,-0.708,-0.747,90.007,-0.001911,0.000329,-0.000057,0.001988,-0.001037,0.002886
1790862446.980373,1790862447.033828,-0.000113,-0.000280,-0.000509,0.000210,-0.008918,0.707097,0.707060,-0.706,-0.740,90.007,0.004002,-0.000949,0.000260,-0.000142,-0.001037,-0.001375
1790862447.013713,1790862447.069751,-0.000175,-0.000367,-0.000509,0.000174,-0.008903,0.707089,0.707069,-0.707,-0.735,90.006,-0.001939,0.001993,-0.000082,0.000924,0.001093,-0.000310
1790862447.047053,1790862447.103497,-0.000152,-0.000423,-0.000522,0.000209,-0.008945,0.707092,0.707065,-0.708,-0.742,90.007,-0.002576,0.000194,-0.000058,-0.002272,0.000028,-0.004569
1790862447.080393,1790862447.135933,-0.000147,-0.000413,-0.000519,0.000234,-0.008945,0.707097,0.707060,-0.706,-0.744,90.008,-0.000577,0.000422,0.000893,0.000923,0.001092,-0.002438
1790862447.113733,1790862447.166988,-0.000162,-0.000381,-0.000539,0.000227,-0.008925,0.707092,0.707065,-0.705,-0.742,90.007,0.000085,0.001695,-0.000214,0.003054,0.002159,-0.000307
1790862447.147073,1790862447.199209,-0.000102,-0.000460,-0.000543,0.000237,-0.008926,0.707103,0.707054,-0.704,-0.742,90.008,-0.002012,-0.002418,-0.000149,-0.000142,-0.001038,0.001820
1790862447.180413,1790862447.235332,-0.000178,-0.000341,-0.000503,0.000206,-0.008906,0.707098,0.707060,-0.705,-0.738,90.008,0.005446,0.001340,0.000581,-0.004402,0.000029,0.000756
1790862447.213752,1790862447.265346,-0.000082,-0.000291,-0.000493,0.000163,-0.008838,0.707114,0.707045,-0.703,-0.729,90.010,0.001744,-0.002074,0.000184,-0.002273,0.000028,-0.000308
1790862447.247092,1790862447.299162,-0.000114,-0.000307,-0.000520,0.000176,-0.008852,0.707109,0.707049,-0.703,-0.731,90.009,-0.000572,0.001133,-0.000069,-0.000142,0.000027,-0.000307
1790862447.280432,1790862447.332386,-0.000112,-0.000392,-0.000505,0.000204,-0.008849,0.707102,0.707056,-0.701,-0.734,90.008,-0.002229,0.000216,-0.000241,-0.002273,0.000028,-0.000307
1790862447.313772,1790862447.363264,-0.000167,-0.000347,-0.000483,0.000189,-0.008852,0.707100,0.707058,-0.702,-0.733,90.008,0.001088,0.002039,0.000270,0.003054,0.001093,-0.003502
1790862447.347112,1790862447.399109,-0.000117,-0.000361,-0.000519,0.000185,-0.008880,0.707106,0.707052,-0.705,-0.734,90.009,-0.001355,-0.000502,-0.000736,-0.002273,-0.002103,-0.002436
1790862447.380452,1790862447.431501,-0.000103,-0.000404,-0.000530,0.000222,-0.008870,0.707101,0.707057,-0.701,-0.737,90.008,-0.001073,-0.000428,-0.000309,-0.000142,0.000028,-0.001371
1790862447.413792,1790862447.465504,-0.000118,-0.000370,-0.000492,0.000211,-0.008863,0.707110,0.707048,-0.701,-0.735,90.010,0.000955,0.000174,0.001217,-0.001206,-0.001039,-0.001371
1790862447.447132,1790862447.501818,-0.000085,-0.000087,-0.000481,0.000133,-0.008803,0.707118,0.707041,-0.703,-0.724,90.011,0.008135,-0.000478,0.000710,-0.001206,0.000026,-0.000306
1790862447.480472,1790862447.538320,-0.000082,-0.000402,-0.000528,0.000159,-0.008817,0.707101,0.707057,-0.702,-0.727,90.008,-0.008876,-0.000928,-0.000699,0.001990,-0.001040,0.002889
1790862447.513812,1790862447.578443,-0.000153,-0.000284,-0.000496,0.000210,-0.008876,0.707097,0.707061,-0.702,-0.736,90.007,0.005293,0.000314,0.001024,-0.000141,0.001091,0.000757
1790862447.547152,1790862447.613819,-0.000068,-0.000215,-0.000437,0.000153,-0.008806,0.707106,0.707053,-0.701,-0.726,90.009,0.003473,-0.003109,0.002206,0.001990,0.002156,0.000756
1790862447.580492,1790862447.648860,-0.000165,-0.000345,-0.000495,0.000158,-0.008840,0.707085,0.707074,-0.704,-0.729,90.005,-0.003465,0.002477,-0.000793,-0.000141,0.001090,-0.001372
1790862447.613832,1790862447.681138,-0.000147,-0.000397,-0.000507,0.000221,-0.008902,0.707080,0.707077,-0.703,-0.739,90.005,-0.001535,0.000091,-0.000151,0.001990,0.001090,0.003954
1790862447.647172,1790862447.715162,-0.000073,-0.000311,-0.000507,0.000226,-0.008886,0.707091,0.707067,-0.702,-0.738,90.006,0.002259,-0.002241,0.000337,0.005184,0.000025,-0.002437
1790862447.680511,1790862447.750638,-0.000124,-0.000300,-0.000506,0.000210,-0.008860,0.707077,0.707081,-0.701,-0.735,90.004,0.000379,0.001431,-0.000041,-0.000141,-0.002106,0.000758
1790862447.713850,1790862447.785415,-0.000090,-0.000083,-0.000491,0.000171,-0.008826,0.707096,0.707062,-0.701,-0.729,90.007,0.007239,-0.000207,0.000160,-0.000141,0.000024,0.000758
1790862447.747191,1790862447.820977,-0.000080,-0.000237,-0.000503,0.000148,-0.008839,0.707097,0.707061,-0.704,-0.728,90.007,-0.003898,-0.001287,0.000255,-0.000141,0.001089,-0.000307
1790862447.780530,1790862447.853521,-0.000123,-0.000309,-0.000523,0.000192,-0.008910,0.707073,0.707084,-0.706,-0.738,90.004,-0.000420,-0.000805,-0.000511,-0.000141,-0.001041,-0.000308
1790862447.813870,1790862447.881282,-0.000156,-0.000285,-0.000498,0.000195,-0.008918,0.707071,0.707086,-0.707,-0.738,90.003,0.001249,0.000383,0.000822,0.000923,0.000025,0.000757
1790862447.847210,1790862447.915568,-0.000090,-0.000289,-0.000537,0.000208,-0.008949,0.707074,0.707083,-0.708,-0.742,90.004,-0.000045,-0.002339,-0.000800,0.001990,0.000025,-0.002437
1790862447.880550,1790862447.950257,-0.000135,-0.000046,-0.000492,0.000152,-0.008911,0.707075,0.707083,-0.710,-0.734,90.004,0.007754,0.001694,0.001168,0.000923,0.002157,0.001822
1790862447.913890,1790862447.984467,-0.000068,-0.000235,-0.000530,0.000151,-0.008885,0.707072,0.707086,-0.708,-0.732,90.003,-0.005778,-0.002013,-0.000850,0.000922,0.000025,-0.003502
1790862447.947230,1790862448.020525,-0.000147,-0.000319,-0.000571,0.000248,-0.009007,0.707058,0.707098,-0.710,-0.750,90.001,-0.002278,0.001602,-0.000384,-0.000143,-0.002105,0.001823
1790862447.980570,1790862448.058019,-0.000297,-0.000544,-0.000388,0.000306,-0.009040,0.707088,0.707068,-0.708,-0.757,90.006,-0.005204,0.004247,0.001214,0.000924,0.002159,-0.000308
1790862448.013910,1790862448.092920,-0.000365,-0.000573,-0.000211,0.000334,-0.008986,0.707080,0.707077,-0.701,-0.755,90.005,0.001448,0.000173,0.000332,-0.002272,0.001093,0.001821
1790862448.047250,1790862448.119322,-0.000342,-0.000497,-0.000227,0.000301,-0.009006,0.707082,0.707074,-0.705,-0.754,90.005,0.001746,0.000335,0.000162,0.000924,0.001093,0.000757
1790862448.080590,1790862448.155160,-0.000322,-0.000605,-0.000250,0.000321,-0.009013,0.707082,0.707074,-0.704,-0.756,90.005,-0.002764,-0.001089,-0.000488,0.001991,0.000028,-0.000309
1790862448.113929,1790862448.194559,-0.000312,-0.000470,-0.000244,0.000327,-0.009018,0.707087,0.707069,-0.704,-0.757,90.006,0.006156,-0.002414,-0.000815,-0.000139,0.001093,0.001819
1790862448.147268,1790862448.230633,-0.000347,-0.000605,-0.000222,0.000311,-0.008982,0.707079,0.707077,-0.703,-0.753,90.005,-0.003098,0.000435,0.000641,-0.002270,0.001092,-0.001374
1790862448.180607,1790862448.262973,-0.000395,-0.000676,-0.000230,0.000337,-0.009034,0.707065,0.707091,-0.705,-0.759,90.003,-0.001347,0.000694,0.000248,-0.003334,-0.002104,0.000755
1790862448.213946,1790862448.299880,-0.000371,-0.000572,-0.000233,0.000336,-0.009035,0.707072,0.707083,-0.705,-0.759,90.004,0.003260,-0.001074,0.000342,-0.001203,-0.001040,0.000754
1790862448.247284,1790862448.326506,-0.000326,-0.000453,-0.000246,0.000311,-0.008994,0.707079,0.707078,-0.704,-0.754,90.005,0.003991,-0.001074,-0.000881,0.001992,0.000027,0.001819
1790862448.280623,1790862448.360227,-0.000387,-0.000664,-0.000239,0.000326,-0.008996,0.707076,0.707080,-0.703,-0.755,90.004,-0.005977,0.001091,0.000018,0.001992,0.000027,-0.000311
1790862448.313962,1790862448.388915,-0.000404,-0.000674,-0.000253,0.000362,-0.009076,0.707069,0.707086,-0.706,-0.765,90.003,0.001861,-0.001133,-0.000564,-0.001204,-0.001038,0.000752
1790862448.347301,1790862448.408611,-0.000363,-0.000631,-0.000256,0.000350,-0.009043,0.707067,0.707089,-0.704,-0.761,90.003,0.001483,-0.001498,-0.000318,0.000925,0.003224,-0.001377
1790862448.380640,1790862448.434705,-0.000396,-0.000647,-0.000231,0.000331,-0.009004,0.707065,0.707091,-0.703,-0.756,90.003,-0.001559,0.002598,0.000449,-0.000139,-0.002103,0.000755
1790862448.413978,1790862448.457253,-0.000388,-0.000642,-0.000215,0.000328,-0.008991,0.707077,0.707079,-0.702,-0.755,90.004,-0.000296,0.001058,0.000517,-0.000139,0.001092,-0.003506
1790862448.447317,1790862448.493909,-0.000338,-0.000407,-0.000228,0.000260,-0.008943,0.707096,0.707061,-0.704,-0.746,90.007,0.006964,-0.001359,-0.000856,-0.000138,0.000028,-0.001375
1790862448.480656,1790862448.529800,-0.000313,-0.000561,-0.000183,0.000256,-0.008859,0.707101,0.707057,-0.697,-0.739,90.008,-0.003586,-0.001096,0.001214,0.001992,0.001092,0.003950
1790862448.513994,1790862448.552549,-0.000297,-0.000610,-0.000216,0.000308,-0.008947,0.707101,0.707056,-0.700,-0.750,90.008,-0.000261,-0.002868,-0.000173,-0.000138,0.000027,-0.000312
1790862448.547332,1790862448.588147,-0.000413,-0.000575,-0.000217,0.000302,-0.008946,0.707088,0.707069,-0.700,-0.749,90.006,0.002402,0.001591,0.000418,-0.003334,-0.002104,-0.003508
1790862448.580671,1790862448.621447,-0.000383,-0.000571,-0.000231,0.000277,-0.008939,0.707092,0.707065,-0.702,-0.747,90.007,0.001691,-0.001284,-0.000771,0.004122,0.002159,0.000752
1790862448.614009,1790862448.657038,-0.000376,-0.000605,-0.000198,0.000283,-0.008885,0.707088,0.707069,-0.697,-0.743,90.006,-0.000669,-0.000368,0.000690,0.000926,0.001092,-0.001376
1790862448.647348,1790862448.694444,-0.000357,-0.000680,-0.000220,0.000310,-0.008911,0.707089,0.707068,-0.697,-0.747,90.006,-0.002938,-0.000163,-0.000047,-0.000140,0.003223,-0.000311
1790862448.680686,1790862448.737211,-0.000333,-0.000598,-0.000202,0.000308,-0.008913,0.707101,0.707057,-0.697,-0.747,90.008,0.002915,-0.001200,0.001325,0.001992,0.002158,0.002884
1790862448.714025,1790862448.771431,-0.000380,-0.000688,-0.000214,0.000302,-0.008888,0.707088,0.707069,-0.696,-0.745,90.006,-0.002771,0.001301,0.000551,0.004121,0.001091,-0.001375
1790862448.747364,1790862448.804982,-0.000363,-0.000719,-0.000233,0.000333,-0.008930,0.707095,0.707062,-0.697,-0.750,90.007,0.000731,-0.001440,-0.000098,-0.002270,-0.002104,0.000753
1790862448.780702,1790862448.841010,-0.000432,-0.000652,-0.000227,0.000301,-0.008930,0.707090,0.707067,-0.699,-0.748,90.006,0.003224,0.000729,-0.000576,0.000926,-0.001039,-0.002441
1790862448.814040,1790862448.875301,-0.000402,-0.000560,-0.000197,0.000264,-0.008871,0.707092,0.707066,-0.698,-0.740,90.007,0.003249,-0.000133,-0.000895,-0.000139,-0.001039,-0.000311
1790862448.847379,1790862448.907758,-0.000385,-0.000590,-0.000175,0.000252,-0.008836,0.707104,0.707055,-0.696,-0.736,90.008,-0.000458,-0.000209,0.000825,-0.003335,0.000027,0.001818
1790862448.880718,1790862448.942638,-0.000394,-0.000668,-0.000202,0.000266,-0.008909,0.707093,0.707064,-0.700,-0.743,90.007,-0.001256,-0.001557,0.000430,-0.000139,0.001091,0.000753
1790862448.914056,1790862448.978897,-0.000396,-0.000593,-0.000201,0.000278,-0.008899,0.707093,0.707064,-0.699,-0.744,90.007,0.003216,-0.000428,0.000066,0.000926,0.000026,0.000753
1790862448.947395,1790862449.014302,-0.000345,-0.000645,-0.000213,0.000298,-0.008878,0.707103,0.707054,-0.695,-0.744,90.008,-0.001010,-0.001927,-0.000843,0.000926,-0.001039,0.002883
1790862448.980733,1790862449.051835,-0.000335,-0.000420,-0.000205,0.000275,-0.008872,0.707112,0.707046,-0.697,-0.741,90.010,0.008004,-0.001526,0.000129,-0.004399,-0.004235,-0.000313
1790862449.014070,1790862449.092315,-0.000311,-0.000587,-0.000217,0.000251,-0.008854,0.707107,0.707051,-0.697,-0.738,90.009,-0.003611,-0.001610,-0.000310,0.006250,-0.001039,-0.001378
1790862449.047409,1790862449.127959,-0.000353,-0.000660,-0.000213,0.000304,-0.008907,0.707095,0.707063,-0.697,-0.746,90.007,-0.000848,-0.000991,0.000306,0.003056,0.000027,0.000751
1790862449.080747,1790862449.165925,-0.000356,-0.000439,-0.000205,0.000272,-0.008879,0.707101,0.707057,-0.698,-0.741,90.008,0.007014,0.000429,-0.000011,-0.002270,0.001092,-0.000313
1790862449.114085,1790862449.205253,-0.000285,-0.000548,-0.000193,0.000252,-0.008830,0.707111,0.707047,-0.695,-0.736,90.010,-0.002496,-0.002580,0.000033,0.000926,0.001092,0.000750
1790862449.147425,1790862449.239913,-0.000327,-0.000658,-0.000227,0.000309,-0.008887,0.707093,0.707064,-0.695,-0.745,90.007,-0.001784,-0.001554,-0.000331,-0.000139,0.001092,-0.005640
1790862449.180765,1790862449.276408,-0.000406,-0.000576,-0.000204,0.000304,-0.008918,0.707083,0.707074,-0.698,-0.747,90.005,0.002707,0.002218,0.001932,-0.001203,0.001091,-0.000314
1790862449.214105,1790862449.312360,-0.000380,-0.000438,-0.000221,0.000251,-0.008911,0.707093,0.707065,-0.702,-0.742,90.007,0.004353,-0.000553,0.000005,0.003058,-0.001041,0.000750
1790862449.247445,1790862449.350126,-0.000401,-0.000689,-0.000240,0.000282,-0.008927,0.707077,0.707081,-0.700,-0.746,90.004,-0.006945,0.000402,-0.001025,-0.001204,0.000027,0.001815
1790862449.280785,1790862449.387023,-0.000340,-0.000510,-0.000227,0.000317,-0.008959,0.707097,0.707060,-0.700,-0.752,90.008,0.006500,-0.002400,-0.000220,0.001992,0.003223,0.001814
1790862449.314126,1790862449.425168,-0.000365,-0.000580,-0.000205,0.000286,-0.008911,0.707093,0.707064,-0.699,-0.745,90.007,-0.001132,-0.000777,0.001332,0.000925,0.001092,-0.000316
1790862449.347466,1790862449.458869,-0.000360,-0.000653,-0.000219,0.000293,-0.008947,0.707076,0.707081,-0.701,-0.749,90.004,-0.001379,-0.000885,-0.000295,-0.000139,0.003222,-0.000315
1790862449.380806,1790862449.492467,-0.000386,-0.000702,-0.000213,0.000334,-0.008964,0.707082,0.707075,-0.699,-0.753,90.005,-0.000884,0.000212,0.000508,-0.001203,0.001091,-0.002446
1790862449.414146,1790862449.518843,-0.000456,-0.000711,-0.000231,0.000326,-0.009014,0.707058,0.707098,-0.704,-0.757,90.001,0.000276,0.001259,0.000163,0.000926,0.000026,-0.001381
1790862449.447485,1790862449.544154,-0.000401,-0.000599,-0.000228,0.000311,-0.008994,0.707072,0.707084,-0.704,-0.754,90.004,0.002883,-0.000085,0.000188,-0.001203,0.000025,-0.001380
1790862449.480825,1790862449.570573,-0.000381,-0.000676,-0.000217,0.000323,-0.008959,0.707077,0.707080,-0.700,-0.752,90.004,-0.003601,0.000408,0.000727,0.001992,0.000025,0.000750
1790862449.514166,1790862449.595640,-0.000435,-0.000567,-0.000242,0.000313,-0.009017,0.707074,0.707082,-0.705,-0.756,90.004,0.003150,0.001835,0.000161,0.001992,-0.001041,0.001815
1790862449.547506,1790862449.617213,-0.000398,-0.000570,-0.000235,0.000275,-0.008971,0.707077,0.707079,-0.705,-0.749,90.004,-0.000448,0.000110,0.000152,0.003056,0.003221,-0.001378
1790862449.580846,1790862449.637578,-0.000371,-0.000571,-0.000231,0.000277,-0.008947,0.707085,0.707072,-0.703,-0.747,90.006,-0.000493,-0.000315,0.000235,0.000925,0.001090,-0.001378
1790862449.614186,1790862449.660657,-0.000393,-0.000622,-0.000215,0.000286,-0.008945,0.707088,0.707069,-0.702,-0.748,90.006,-0.001018,0.000206,0.001231,-0.001204,0.000025,0.001816
1790862449.647526,1790862449.698655,-0.000343,-0.000431,-0.000229,0.000255,-0.008907,0.707093,0.707064,-0.701,-0.742,90.007,0.006872,-0.002067,-0.000228,0.001992,0.000024,0.002882
1790862449.680866,1790862449.727780,-0.000364,-0.000636,-0.000239,0.000251,-0.008889,0.707091,0.707067,-0.700,-0.741,90.006,-0.005145,-0.000176,-0.000116,-0.002271,-0.002106,0.001815
1790862449.714206,1790862449.761118,-0.000364,-0.000604,-0.000227,0.000282,-0.008952,0.707092,0.707065,-0.703,-0.748,90.007,0.002148,-0.001338,0.000246,-0.004399,0.000025,-0.000315
1790862449.747547,1790862449.796130,-0.000347,-0.000670,-0.000248,0.000310,-0.008936,0.707090,0.707067,-0.699,-0.749,90.007,-0.002091,-0.001217,-0.000882,-0.002271,0.001090,0.000750
1790862449.780887,1790862449.823821,-0.000371,-0.000487,-0.000249,0.000268,-0.008938,0.707092,0.707065,-0.703,-0.746,90.007,0.006091,0.000590,0.000304,-0.005466,0.000025,0.005011
1790862449.814227,1790862449.860862,-0.000320,-0.000667,-0.000260,0.000266,-0.008928,0.707097,0.707061,-0.702,-0.745,90.007,-0.004965,-0.001847,-0.000330,-0.001204,0.001090,0.001814
1790862449.847567,1790862449.895790,-0.000322,-0.000479,-0.000224,0.000274,-0.008904,0.707105,0.707053,-0.699,-0.744,90.009,0.006614,-0.001008,0.001062,0.001992,-0.002107,-0.001380
1790862449.880906,1790862449.927275,-0.000355,-0.000597,-0.000236,0.000237,-0.008875,0.707098,0.707060,-0.700,-0.738,90.008,-0.002467,0.001129,-0.000190,-0.001204,0.000024,-0.001380
1790862449.914246,1790862449.952224,-0.000381,-0.000735,-0.000251,0.000289,-0.008925,0.707089,0.707068,-0.700,-0.747,90.006,-0.003587,-0.000526,-0.000626,0.001992,-0.003171,-0.001380
1790862449.947587,1790862449.992009,-0.000391,-0.000617,-0.000251,0.000295,-0.008928,0.707088,0.707070,-0.700,-0.747,90.006,0.003567,0.000683,-0.000405,-0.003335,-0.002106,0.001815
1790862449.980927,1790862450.034905,-0.000331,-0.000575,-0.000248,0.000261,-0.008861,0.707111,0.707047,-0.697,-0.739,90.010,0.002083,-0.001568,-0.001427,0.004121,0.000027,0.000749
1790862450.014267,1790862450.072064,-0.000377,-0.000688,-0.000175,0.000261,-0.008831,0.707102,0.707057,-0.694,-0.737,90.008,-0.001789,-0.000480,0.001735,0.003056,0.000025,-0.000315
1790862450.047607,1790862450.108751,-0.000382,-0.000768,-0.000219,0.000293,-0.008892,0.707091,0.707067,-0.697,-0.744,90.006,-0.002321,0.000105,-0.000383,-0.003336,0.002156,0.000750
1790862450.080947,1790862450.142878,-0.000376,-0.000552,-0.000186,0.000260,-0.008851,0.707109,0.707049,-0.696,-0.738,90.009,0.005855,0.000575,0.001052,0.001993,0.002155,-0.001379
1790862450.114287,1790862450.175931,-0.000328,-0.000683,-0.000201,0.000247,-0.008836,0.707110,0.707049,-0.696,-0.736,90.009,-0.003444,-0.002425,0.000440,0.003057,-0.001043,-0.002445
1790862450.147627,1790862450.209781,-0.000420,-0.000597,-0.000199,0.000247,-0.008827,0.707098,0.707060,-0.695,-0.735,90.008,0.003393,0.002262,0.001021,0.001993,0.001087,-0.004575
1790862450.180967,1790862450.245639,-0.000360,-0.000510,-0.000197,0.000201,-0.008768,0.707120,0.707040,-0.694,-0.727,90.011,0.000469,0.000251,0.000163,-0.001203,0.000022,-0.000313
1790862450.214307,1790862450.281762,-0.000361,-0.000627,-0.000199,0.000210,-0.008794,0.707113,0.707046,-0.696,-0.730,90.010,-0.002851,-0.000481,0.000065,-0.000139,-0.002108,-0.002444
1790862450.247647,1790862450.318088,-0.000390,-0.000592,-0.000188,0.000221,-0.008782,0.707105,0.707054,-0.694,-0.729,90.009,0.000812,0.000809,0.000787,-0.000139,0.001086,-0.001378
1790862450.280986,1790862450.352606,-0.000353,-0.000540,-0.000169,0.000205,-0.008735,0.707116,0.707043,-0.691,-0.724,90.010,-0.000026,0.000582,0.001544,-0.000139,0.001086,0.000752
1790862450.314326,1790862450.381803,-0.000350,-0.000741,-0.000180,0.000235,-0.008773,0.707116,0.707043,-0.692,-0.730,90.010,-0.006091,-0.000372,0.000488,-0.001203,0.000020,-0.001379
1790862450.347665,1790862450.412035,-0.000367,-0.000723,-0.000196,0.000287,-0.008849,0.707107,0.707052,-0.694,-0.740,90.009,0.000787,-0.001215,0.000868,0.001993,-0.001047,-0.001379
1790862450.381004,1790862450.437608,-0.000379,-0.000775,-0.000222,0.000307,-0.008850,0.707099,0.707059,-0.692,-0.742,90.008,-0.001797,0.000277,0.000138,0.000926,0.002150,0.002882
1790862450.414344,1790862450.467397,-0.000305,-0.000492,-0.000192,0.000258,-0.008804,0.707130,0.707029,-0.693,-0.734,90.013,0.009599,-0.002857,0.000968,-0.000138,0.002149,-0.000316
1790862450.447684,1790862450.494187,-0.000330,-0.000493,-0.000188,0.000209,-0.008753,0.707122,0.707037,-0.692,-0.726,90.011,0.001234,-0.000171,0.001395,0.000927,-0.001050,0.001814
1790862450.481023,1790862450.533723,-0.000319,-0.000732,-0.000231,0.000270,-0.008829,0.707116,0.707042,-0.694,-0.737,90.010,-0.004650,-0.002662,-0.000313,0.001993,0.000017,0.000747
1790862450.514363,1790862450.564429,-0.000335,-0.000554,-0.000204,0.000284,-0.008859,0.707116,0.707042,-0.695,-0.741,90.011,0.007498,-0.002194,0.001297,0.003059,-0.001051,-0.000319
1790862450.547703,1790862450.596651,-0.000311,-0.000601,-0.000243,0.000275,-0.008839,0.707112,0.707046,-0.694,-0.738,90.010,-0.000949,-0.000867,-0.001287,-0.002269,0.001082,0.000747
1790862450.581042,1790862450.622367,-0.000349,-0.000660,-0.000215,0.000281,-0.008859,0.707108,0.707050,-0.695,-0.741,90.009,-0.001549,0.001475,-0.000220,0.000926,-0.001049,-0.000317
1790862450.614382,1790862450.662686,-0.000301,-0.000568,-0.000194,0.000281,-0.008859,0.707115,0.707043,-0.695,-0.741,90.010,0.002939,-0.002032,0.001076,-0.002269,0.000016,0.002877
1790862450.647722,1790862450.696017,-0.000355,-0.000618,-0.000209,0.000267,-0.008860,0.707103,0.707055,-0.696,-0.740,90.008,-0.000759,0.001135,0.000736,-0.000138,0.000016,0.002877
1790862450.681061,1790862450.731518,-0.000312,-0.000700,-0.000232,0.000308,-0.008907,0.707110,0.707047,-0.697,-0.747,90.010,-0.000574,-0.003630,-0.000150,-0.000138,0.000016,0.001809
1790862450.714401,1790862450.761422,-0.000338,-0.000526,-0.000235,0.000291,-0.008908,0.707104,0.707054,-0.698,-0.745,90.009,0.007087,-0.001042,0.000187,0.001993,-0.001050,0.001809
1790862450.747741,1790862450.801054,-0.000273,-0.000610,-0.000257,0.000270,-0.008892,0.707109,0.707048,-0.699,-0.742,90.009,-0.001622,-0.002074,-0.000731,0.004123,0.001080,0.000745
1790862450.781079,1790862450.838112,-0.000312,-0.000677,-0.000243,0.000320,-0.008927,0.707103,0.707054,-0.697,-0.749,90.009,-0.000396,-0.000852,0.001125,-0.000137,0.001079,0.000743
1790862450.814419,1790862450.870714,-0.000352,-0.000574,-0.000236,0.000278,-0.008939,0.707097,0.707060,-0.702,-0.747,90.008,0.003600,0.000617,0.000728,-0.003332,0.000014,-0.002451
1790862450.847758,1790862450.901155,-0.000316,-0.000546,-0.000235,0.000274,-0.008902,0.707107,0.707051,-0.699,-0.743,90.009,0.001455,-0.000782,-0.000055,-0.001202,-0.001052,0.003939
1790862450.881098,1790862450.935436,-0.000267,-0.000643,-0.000267,0.000289,-0.008964,0.707107,0.707050,-0.703,-0.750,90.009,-0.001395,-0.003820,-0.000868,-0.003332,0.000014,0.001806
1790862450.914438,1790862450.969314,-0.000326,-0.000535,-0.000244,0.000315,-0.008945,0.707097,0.707060,-0.699,-0.750,90.008,0.004555,0.000634,0.001168,0.003059,0.002145,-0.001387
1790862450.947777,1790862451.002159,-0.000326,-0.000589,-0.000229,0.000273,-0.008909,0.707096,0.707061,-0.700,-0.744,90.007,-0.001821,0.000289,0.000807,0.000928,0.001078,-0.000322
1790862450.981117,1790862451.036406,-0.000275,-0.000486,-0.000217,0.000270,-0.008906,0.707113,0.707044,-0.700,-0.743,90.010,0.003848,-0.002326,0.000919,-0.006527,0.001077,0.000741
1790862451.014456,1790862451.062786,-0.000286,-0.000653,-0.000247,0.000293,-0.008930,0.707101,0.707056,-0.700,-0.747,90.008,-0.004112,-0.001359,0.000105,-0.002267,0.001077,-0.001389
1790862451.047796,1790862451.093214,-0.000312,-0.000428,-0.000235,0.000279,-0.008926,0.707095,0.707062,-0.701,-0.746,90.007,0.006891,0.000339,0.000565,0.001996,0.003207,-0.001388
1790862451.081135,1790862451.137893,-0.000277,-0.000564,-0.000245,0.000260,-0.008918,0.707104,0.707053,-0.702,-0.744,90.009,-0.004129,-0.000642,0.000040,-0.001199,0.000011,0.000740
1790862451.114475,1790862451.165104,-0.000281,-0.000650,-0.000274,0.000327,-0.008981,0.707090,0.707066,-0.701,-0.754,90.007,-0.001851,-0.002012,-0.000192,-0.001200,0.000011,-0.000325
1790862451.147815,1790862451.199079,-0.000312,-0.000496,-0.000283,0.000290,-0.008997,0.707090,0.707067,-0.706,-0.752,90.006,0.004956,-0.000085,0.000179,-0.005461,0.001074,-0.004586
1790862451.181155,1790862451.227868,-0.000333,-0.000653,-0.000295,0.000290,-0.008997,0.707078,0.707078,-0.706,-0.753,90.005,-0.004289,0.000632,-0.000329,0.000931,0.002140,0.000739
1790862451.214495,1790862451.262269,-0.000277,-0.000465,-0.000285,0.000309,-0.008990,0.707094,0.707062,-0.703,-0.753,90.007,0.006613,-0.002615,-0.000376,-0.000133,-0.002122,0.000738
1790862451.247836,1790862451.297796,-0.000250,-0.000580,-0.000295,0.000304,-0.008971,0.707093,0.707063,-0.702,-0.752,90.007,-0.001754,-0.002487,-0.000908,0.000932,0.002140,-0.003524
1790862451.281177,1790862451.322007,-0.000322,-0.000609,-0.000323,0.000343,-0.009041,0.707075,0.707080,-0.705,-0.760,90.004,0.000864,0.000580,0.000167,0.000932,0.001073,0.002867
1790862451.314517,1790862451.362041,-0.000325,-0.000597,-0.000370,0.000334,-0.009084,0.707063,0.707092,-0.709,-0.763,90.002,0.000533,-0.000310,-0.000807,-0.003329,0.000009,-0.005653
1790862451.347858,1790862451.399076,-0.000339,-0.000625,-0.000403,0.000319,-0.009109,0.707054,0.707101,-0.712,-0.764,90.001,-0.000723,0.001116,-0.001320,-0.000133,-0.003187,-0.003523
1790862451.381199,1790862451.449109,-0.000276,-0.000409,-0.000358,0.000265,-0.009077,0.707066,0.707090,-0.714,-0.757,90.003,0.007125,-0.002466,0.001967,-0.001197,-0.002123,0.000736
1790862451.414540,1790862451.483623,-0.000306,-0.000460,-0.000408,0.000202,-0.009013,0.707060,0.707096,-0.714,-0.747,90.002,-0.001411,0.000401,-0.002124,-0.004394,0.003207,-0.000328
1790862451.447880,1790862451.513143,-0.000223,-0.000342,-0.000358,0.000197,-0.008986,0.707072,0.707085,-0.712,-0.744,90.004,0.004712,-0.003329,0.001105,-0.001198,0.000009,-0.000330
1790862451.481221,1790862451.541429,-0.000254,-0.000353,-0.000392,0.000181,-0.008950,0.707059,0.707098,-0.711,-0.740,90.001,0.000261,-0.000093,0.000487,-0.001198,0.000009,0.002866
1790862451.514562,1790862451.568155,-0.000273,-0.000407,-0.000409,0.000152,-0.008995,0.707057,0.707100,-0.717,-0.741,90.001,0.001127,-0.000557,-0.000956,0.001998,0.000009,0.001800
1790862451.547902,1790862451.614079,-0.000214,-0.000249,-0.000399,0.000046,-0.008772,0.707079,0.707080,-0.707,-0.715,90.004,0.001582,-0.001793,-0.000654,-0.000133,0.000010,-0.000330
1790862451.581243,1790862451.649985,-0.000250,-0.000260,-0.000379,0.000018,-0.008744,0.707076,0.707084,-0.707,-0.710,90.004,0.000554,0.000188,0.000608,0.003063,0.001074,0.000734
1790862451.614584,1790862451.683545,-0.000293,-0.000321,-0.000367,0.000011,-0.008729,0.707072,0.707087,-0.706,-0.708,90.003,-0.000670,0.001072,0.000851,0.000932,-0.001058,0.000734
1790862451.647925,1790862451.717960,-0.000223,-0.000375,-0.000442,0.000057,-0.008779,0.707083,0.707076,-0.707,-0.716,90.005,0.000080,-0.004145,-0.001443,-0.003328,-0.002123,-0.001397
1790862451.681264,1790862451.753372,-0.000265,-0.000414,-0.000447,0.000103,-0.008773,0.707072,0.707087,-0.703,-0.719,90.003,0.000042,-0.000432,-0.000378,0.005193,0.002139,0.000733
1790862451.714605,1790862451.788739,-0.000274,-0.000433,-0.000437,0.000109,-0.008743,0.707077,0.707083,-0.700,-0.717,90.004,0.000059,0.000122,-0.000359,0.004129,0.002138,-0.002461
1790862451.747946,1790862451.828023,-0.000303,-0.000467,-0.000441,0.000130,-0.008724,0.707074,0.707086,-0.696,-0.717,90.003,-0.000696,0.000686,-0.000308,-0.002262,0.000008,0.001797
1790862451.781287,1790862451.865205,-0.000276,-0.000461,-0.000440,0.000119,-0.008736,0.707076,0.707084,-0.698,-0.718,90.004,0.000817,-0.001205,0.000275,0.000934,0.001071,0.003928
1790862451.814628,1790862451.902083,-0.000313,-0.000361,-0.000397,0.000090,-0.008718,0.707076,0.707084,-0.699,-0.714,90.004,0.003458,0.000797,0.001613,0.003065,0.000006,0.001797
1790862451.847969,1790862451.940776,-0.000296,-0.000503,-0.000441,0.000088,-0.008686,0.707073,0.707087,-0.697,-0.711,90.003,-0.004067,-0.000364,-0.001738,-0.001195,0.000006,0.000733
1790862451.881309,1790862451.974309,-0.000314,-0.000388,-0.000370,0.000091,-0.008663,0.707082,0.707078,-0.695,-0.709,90.005,0.004259,0.000257,0.001430,-0.000130,0.000007,-0.000332
1790862451.914650,1790862452.007266,-0.000317,-0.000371,-0.000387,0.000027,-0.008612,0.707077,0.707084,-0.696,-0.700,90.004,-0.000532,0.000609,-0.000683,0.002001,-0.001060,0.002864
1790862451.947991,1790862452.040835,-0.000290,-0.000355,-0.000382,0.000044,-0.008574,0.707086,0.707076,-0.691,-0.698,90.005,0.000640,-0.000412,0.000480,0.002000,0.000007,-0.000331
1790862451.981332,1790862452.077500,-0.000499,-0.000464,-0.000157,-0.000000,-0.008409,0.707082,0.707081,-0.681,-0.681,90.004,0.001941,0.002551,0.002540,0.002003,-0.003184,0.002859
1790862452.014672,1790862452.114339,-0.000614,-0.000632,-0.000003,-0.000023,-0.008224,0.707061,0.707105,-0.668,-0.664,90.000,0.001641,-0.001449,-0.000904,-0.001193,-0.002118,0.000727
1790862452.048013,1790862452.148516,-0.000655,-0.000673,-0.000019,-0.000025,-0.008225,0.707059,0.707107,-0.668,-0.664,90.000,0.001306,-0.000060,-0.001155,-0.003324,0.002145,-0.000338
1790862452.081354,1790862452.182518,-0.000696,-0.000717,-0.000029,-0.000052,-0.008235,0.707050,0.707116,-0.671,-0.663,89.999,0.000491,-0.000390,-0.000080,-0.002259,0.000013,0.000727
1790862452.114694,1790862452.217276,-0.000703,-0.000722,-0.000033,-0.000050,-0.008239,0.707043,0.707123,-0.672,-0.664,89.997,0.000579,-0.000013,0.000456,-0.002259,0.000012,0.002858
1790862452.148034,1790862452.250882,-0.000668,-0.000694,-0.000032,-0.000065,-0.008239,0.707053,0.707112,-0.673,-0.662,89.999,0.001586,-0.001586,0.000528,-0.000127,0.002143,0.000726
1790862452.181375,1790862452.284075,-0.000655,-0.000669,-0.000054,-0.000062,-0.008242,0.707050,0.707115,-0.673,-0.663,89.999,0.002007,-0.001844,0.000154,0.002004,0.002143,0.002857
1790862452.214714,1790862452.319784,-0.000646,-0.000679,-0.000061,-0.000090,-0.008240,0.707049,0.707117,-0.675,-0.660,89.998,0.001654,-0.001645,0.000329,-0.001192,0.001076,-0.002469
1790862452.248054,1790862452.358359,-0.000679,-0.000898,-0.000129,-0.000051,-0.008309,0.707022,0.707143,-0.677,-0.669,89.994,-0.005267,-0.000116,-0.000835,-0.001191,0.000010,0.002857
1790862452.281394,1790862452.397925,-0.000645,-0.000969,-0.000121,0.000005,-0.008389,0.707024,0.707140,-0.679,-0.680,89.995,-0.000116,-0.003189,0.001110,-0.000127,-0.001056,-0.001406
1790862452.314734,1790862452.438108,-0.000697,-0.001135,-0.000106,-0.000015,-0.008414,0.707002,0.707161,-0.683,-0.681,89.991,-0.001849,-0.001226,0.000820,-0.001193,-0.003184,0.004982
1790862452.348074,1790862452.472672,-0.000609,-0.000992,-0.000100,0.000095,-0.008530,0.707026,0.707136,-0.683,-0.699,89.995,0.001356,-0.003063,-0.001049,0.000936,-0.001053,-0.000344
1790862452.381414,1790862452.506803,-0.000596,-0.001083,-0.000054,0.000091,-0.008534,0.707018,0.707144,-0.684,-0.699,89.994,-0.000117,-0.002395,0.000221,0.002002,-0.002116,0.000720
1790862452.414754,1790862452.541559,-0.000579,-0.001153,-0.000031,0.000083,-0.008558,0.707008,0.707154,-0.687,-0.700,89.992,-0.000506,-0.001633,0.000936,0.002001,0.000014,-0.000345
1790862452.448094,1790862452.578708,-0.000470,-0.001125,-0.000051,0.000098,-0.008593,0.707011,0.707150,-0.688,-0.704,89.993,0.000514,-0.003080,0.000012,-0.000131,-0.002116,-0.002473
1790862452.481434,1790862452.612472,-0.000372,-0.001077,-0.000072,0.000109,-0.008621,0.707029,0.707132,-0.690,-0.707,89.996,0.001816,-0.002735,-0.001272,0.002000,0.001080,0.000721
1790862452.514774,1790862452.646324,-0.000324,-0.001116,-0.000047,0.000128,-0.008593,0.707027,0.707134,-0.686,-0.707,89.996,-0.000686,-0.001609,0.000049,0.005194,0.001081,0.000722
1790862452.548113,1790862452.683178,-0.000271,-0.001104,-0.000041,0.000155,-0.008593,0.707036,0.707125,-0.684,-0.709,89.997,0.000237,-0.001017,0.000567,-0.000131,-0.001051,-0.001407
1790862452.581452,1790862452.718184,-0.000255,-0.000924,0.000094,0.000157,-0.008541,0.707045,0.707117,-0.679,-0.705,89.998,0.004984,0.000043,0.003081,-0.002261,0.000015,-0.000342
1790862452.614792,1790862452.755113,-0.000223,-0.000898,0.000145,0.000156,-0.008461,0.707064,0.707099,-0.673,-0.698,90.001,0.000854,-0.000905,0.000042,0.000935,0.000015,0.003918
1790862452.648132,1790862452.787959,-0.000186,-0.000882,0.000151,0.000156,-0.008468,0.707068,0.707095,-0.674,-0.699,90.002,0.001635,-0.001876,0.000443,-0.001194,-0.001052,-0.000343
1790862452.681472,1790862452.824219,-0.000188,-0.000882,0.000140,0.000163,-0.008460,0.707065,0.707098,-0.672,-0.699,90.001,0.000332,-0.000085,-0.000126,0.002001,0.001080,-0.000342
1790862452.714812,1790862452.859252,-0.000189,-0.000887,0.000145,0.000162,-0.008452,0.707063,0.707100,-0.672,-0.698,90.001,-0.000486,0.000909,-0.000290,0.000935,-0.001051,-0.003536
1790862452.748152,1790862452.892909,-0.000198,-0.000903,0.000156,0.000147,-0.008442,0.707063,0.707100,-0.672,-0.696,90.001,-0.000892,0.001014,0.000679,0.003066,0.002146,-0.003536
1790862452.781492,1790862452.916040,-0.000214,-0.000919,0.000144,0.000151,-0.008448,0.707059,0.707104,-0.672,-0.697,90.000,-0.000841,0.000779,0.000221,0.002001,0.000015,0.002856
1790862452.814831,1790862452.944088,-0.000205,-0.000915,0.000140,0.000140,-0.008462,0.707065,0.707098,-0.674,-0.697,90.001,0.000090,0.000102,-0.000097,-0.002261,-0.001052,-0.000340
1790862452.848171,1790862452.972078,-0.000208,-0.000895,0.000145,0.000142,-0.008449,0.707067,0.707096,-0.673,-0.696,90.002,0.000895,0.000048,-0.000219,-0.002261,0.002146,0.003920
1790862452.881511,1790862453.006849,-0.000221,-0.000891,0.000161,0.000139,-0.008415,0.707067,0.707096,-0.671,-0.693,90.002,0.000843,-0.000274,0.000209,-0.003326,0.001079,0.000725
1790862452.914851,1790862453.043586,-0.000233,-0.000893,0.000166,0.000131,-0.008415,0.707068,0.707095,-0.671,-0.693,90.002,0.000848,-0.000007,0.000578,-0.000130,0.002145,-0.000340
1790862452.948191,1790862453.080827,-0.000232,-0.000890,0.000154,0.000129,-0.008432,0.707071,0.707092,-0.673,-0.694,90.002,0.000774,-0.001064,0.000039,-0.003325,0.001078,-0.001405
1790862452.981531,1790862453.118273,-0.000191,-0.000914,0.000122,0.000160,-0.008420,0.707075,0.707088,-0.669,-0.695,90.003,0.001214,-0.002851,-0.000764,-0.000129,-0.001053,0.000723
1790862453.014870,1790862453.153050,-0.000225,-0.000933,0.000117,0.000180,-0.008425,0.707062,0.707102,-0.668,-0.697,90.001,0.000678,0.000384,-0.000467,-0.000129,-0.002118,-0.003536
1790862453.048209,1790862453.181615,-0.000203,-0.000919,0.000121,0.000186,-0.008409,0.707071,0.707093,-0.666,-0.696,90.002,0.000734,-0.000576,-0.000475,-0.000129,0.003209,0.000724
1790862453.081549,1790862453.216582,-0.000238,-0.000979,0.000142,0.000186,-0.008378,0.707066,0.707098,-0.664,-0.694,90.001,-0.001844,0.001719,0.000612,-0.002260,0.001078,0.003921
1790862453.114889,1790862453.250837,-0.000187,-0.000946,0.000114,0.000201,-0.008395,0.707084,0.707080,-0.664,-0.697,90.004,0.001482,-0.001860,-0.000996,-0.000129,-0.002117,-0.001405
1790862453.148229,1790862453.287252,-0.000245,-0.001005,0.000136,0.000191,-0.008370,0.707066,0.707098,-0.663,-0.694,90.001,-0.002040,0.002191,-0.000073,-0.001194,0.001079,0.000726
1790862453.181568,1790862453.323148,-0.000243,-0.001038,0.000139,0.000204,-0.008365,0.707075,0.707089,-0.661,-0.694,90.003,-0.001149,0.001086,-0.000432,0.002001,-0.001051,-0.001403
1790862453.214908,1790862453.360064,0.000191,-0.000766,0.000343,0.000252,-0.008275,0.707146,0.707019,-0.650,-0.691,90.014,0.002799,-0.007703,0.003268,0.003065,0.000016,0.000731
1790862453.248247,1790862453.390011,-0.000065,-0.000625,0.000492,0.000392,-0.008546,0.707125,0.707037,-0.661,-0.724,90.011,0.000475,-0.000797,0.000238,0.002000,0.001081,0.000732
1790862453.281586,1790862453.418926,-0.000082,-0.000646,0.000492,0.000397,-0.008566,0.707121,0.707040,-0.662,-0.726,90.011,0.000051,0.000159,0.000689,-0.002263,0.000016,-0.002461
1790862453.314926,1790862453.447088,-0.000055,-0.000624,0.000471,0.000420,-0.008607,0.707128,0.707033,-0.663,-0.731,90.012,0.000568,-0.000622,-0.000977,-0.002263,-0.001049,-0.000332
1790862453.348265,1790862453.473331,-0.000055,-0.000660,0.000518,0.000410,-0.008598,0.707133,0.707028,-0.664,-0.730,90.013,0.000025,-0.000647,0.000714,-0.000131,0.002147,0.000732
1790862453.381605,1790862453.497498,-0.000049,-0.000631,0.000499,0.000451,-0.008607,0.707135,0.707026,-0.661,-0.734,90.013,0.001947,-0.001642,-0.000185,0.003064,0.001081,-0.001398
1790862453.414944,1790862453.521565,-0.000075,-0.000675,0.000520,0.000447,-0.008608,0.707129,0.707032,-0.661,-0.734,90.012,-0.000950,0.000278,0.001198,0.003064,0.001081,-0.003528
1790862453.448282,1790862453.547775,-0.000071,-0.000671,0.000526,0.000448,-0.008614,0.707131,0.707030,-0.662,-0.734,90.012,0.000051,0.000207,0.001262,-0.001196,-0.002116,-0.001396
1790862453.481622,1790862453.573125,-0.000051,-0.000649,0.000503,0.000447,-0.008651,0.707136,0.707025,-0.665,-0.737,90.013,0.000818,-0.001236,-0.000096,-0.003327,-0.002116,0.000732
1790862453.514961,1790862453.597785,-0.000095,-0.000695,0.000506,0.000455,-0.008653,0.707124,0.707036,-0.664,-0.738,90.011,-0.001345,0.001538,0.000059,-0.001196,-0.001052,0.000734
1790862453.548301,1790862453.623181,-0.000051,-0.000676,0.000511,0.000467,-0.008672,0.707143,0.707017,-0.665,-0.740,90.014,0.000606,-0.001565,0.000358,-0.000130,0.001078,-0.004593
1790862453.581640,1790862453.649870,-0.000099,-0.000725,0.000503,0.000482,-0.008677,0.707126,0.707034,-0.664,-0.742,90.012,-0.002252,0.001999,-0.000060,-0.001195,-0.002118,0.001799
1790862453.614979,1790862453.678062,-0.000059,-0.000666,0.000489,0.000486,-0.008703,0.707140,0.707020,-0.666,-0.745,90.014,0.001168,0.000050,-0.001094,-0.004390,-0.003182,0.000734
1790862453.648319,1790862453.705805,-0.000034,-0.000652,0.000486,0.000480,-0.008697,0.707147,0.707013,-0.666,-0.744,90.015,0.001473,-0.001652,-0.001366,-0.001194,0.002145,0.001798
1790862453.681658,1790862453.733179,-0.000064,-0.000671,0.000501,0.000476,-0.008671,0.707142,0.707018,-0.664,-0.741,90.014,0.001552,-0.001337,-0.000084,-0.004389,-0.002118,-0.000333
1790862453.714997,1790862453.762966,-0.000120,-0.000705,0.000492,0.000484,-0.008682,0.707120,0.707041,-0.664,-0.743,90.011,-0.001067,0.001531,0.000065,0.003066,0.000013,0.000734
1790862453.748337,1790862453.801045,-0.000052,-0.000661,0.000493,0.000484,-0.008724,0.707141,0.707018,-0.668,-0.746,90.014,0.000380,-0.001583,-0.000396,-0.002261,0.001079,-0.001396
1790862453.781676,1790862453.835818,-0.000045,-0.000668,0.000505,0.000477,-0.008735,0.707150,0.707010,-0.669,-0.746,90.016,0.000559,-0.000737,0.000039,0.000935,0.001078,0.001798
1790862453.815015,1790862453.863654,-0.000025,-0.000666,0.000488,0.000478,-0.008758,0.707160,0.707000,-0.671,-0.748,90.017,0.001172,-0.000523,-0.000250,-0.002261,0.002145,-0.000331
1790862453.848355,1790862453.911938,-0.000099,-0.000710,0.000490,0.000462,-0.008759,0.707136,0.707023,-0.672,-0.747,90.014,-0.002022,0.004144,-0.000114,0.005195,0.001078,-0.000329
1790862453.881693,1790862453.940480,-0.000060,-0.000652,0.000498,0.000481,-0.008743,0.707137,0.707023,-0.670,-0.747,90.014,-0.000253,0.000291,0.000377,-0.001195,0.000013,-0.000329
1790862453.915032,1790862453.966326,-0.000043,-0.000600,0.000490,0.000472,-0.008771,0.707137,0.707022,-0.673,-0.749,90.014,0.001873,-0.002387,0.000319,0.004131,-0.001054,0.000734
1790862453.948371,1790862454.005351,-0.000029,-0.000569,0.000502,0.000496,-0.008764,0.707139,0.707020,-0.670,-0.750,90.014,0.003607,-0.003129,0.000513,-0.001194,0.005340,0.000733
1790862453.981711,1790862454.034091,-0.000058,-0.000597,0.000488,0.000482,-0.008787,0.707132,0.707026,-0.673,-0.751,90.013,0.000763,-0.000741,-0.000190,0.002002,-0.002118,0.001797
1790862454.015050,1790862454.064551,-0.000070,-0.000607,0.000489,0.000478,-0.008805,0.707128,0.707030,-0.675,-0.752,90.012,0.000116,0.000385,0.000673,0.000936,0.002142,-0.001396
1790862454.048389,1790862454.096454,-0.000067,-0.000584,0.000476,0.000472,-0.008846,0.707121,0.707037,-0.679,-0.755,90.011,0.001116,0.000143,-0.000229,-0.005455,-0.001055,0.003929
1790862454.081728,1790862454.126490,-0.000069,-0.000527,0.000487,0.000452,-0.008912,0.707111,0.707046,-0.686,-0.759,90.010,0.002797,-0.001809,0.000423,0.004132,0.000011,-0.004593
1790862454.115068,1790862454.162724,-0.000126,-0.000553,0.000484,0.000435,-0.008960,0.707082,0.707075,-0.691,-0.761,90.005,0.000404,0.000296,0.000444,-0.003324,0.000010,-0.000332
1790862454.148407,1790862454.196096,-0.000794,-0.001144,0.000399,0.000439,-0.008953,0.706641,0.707515,-0.689,-0.761,89.934,-0.033470,0.037121,-0.001179,0.005191,-0.005318,-0.331612
1790862454.181746,1790862454.260476,-0.004734,-0.004092,-0.000597,0.000226,-0.009599,0.700367,0.713718,-0.752,-0.803,88.923,-0.182728,0.222713,-0.016194,-0.018262,-0.006398,-0.737388
1790862454.215085,1790862454.289994,-0.001835,-0.002911,-0.001494,0.000593,-0.011358,0.692958,0.720888,-0.853,-0.985,87.744,-0.038125,-0.006851,-0.013698,-0.005474,-0.003196,-0.582967
1790862454.248425,1790862454.328681,0.000647,0.000953,-0.001206,0.000287,-0.011046,0.686916,0.726652,-0.846,-0.942,86.787,0.061990,-0.079553,-0.001445,-0.013994,-0.003185,-0.281530
1790862454.281764,1790862454.368055,0.003006,0.004243,-0.001153,0.000116,-0.011110,0.684187,0.729222,-0.862,-0.938,86.357,0.088273,-0.075428,0.001648,-0.011858,-0.006358,-0.202781
1790862454.315103,1790862454.407456,0.003777,0.005378,-0.001002,0.000126,-0.011303,0.682040,0.731228,-0.873,-0.957,86.021,0.074789,-0.060983,0.001844,0.016916,0.004348,-0.104955
1790862454.348441,1790862454.447606,0.003660,0.004611,-0.001501,-0.000267,-0.011376,0.680959,0.732233,-0.910,-0.934,85.852,0.044014,-0.042899,-0.005234,0.007311,0.000149,-0.066974
1790862454.381780,1790862454.481716,0.004846,0.005974,-0.001254,-0.000295,-0.012988,0.680364,0.732759,-1.038,-1.068,85.763,0.045998,-0.037166,-0.001386,0.020140,0.005546,-0.003588
1790862454.415119,1790862454.508754,0.004687,0.005950,-0.001220,-0.000487,-0.013953,0.680289,0.732811,-1.129,-1.134,85.754,0.034730,-0.022305,0.000022,0.012739,0.001382,-0.003154
1790862454.448458,1790862454.537325,0.003903,0.005455,-0.001202,-0.000700,-0.015434,0.679570,0.733448,-1.261,-1.243,85.646,0.023138,-0.004482,0.001289,-0.008516,-0.002773,-0.176372
1790862454.481798,1790862454.562486,0.002782,0.004572,-0.001222,-0.000465,-0.016562,0.677493,0.735342,-1.325,-1.360,85.326,0.009987,0.013446,0.002362,-0.006340,0.001601,-0.088574
1790862454.515137,1790862454.588720,0.002797,0.004521,-0.001127,-0.000004,-0.016394,0.676836,0.735952,-1.272,-1.382,85.223,0.003322,0.019793,0.003450,0.001202,0.002793,-0.008402
1790862454.548476,1790862454.626144,0.002820,0.004506,-0.001054,0.000286,-0.017020,0.676614,0.736142,-1.296,-1.458,85.191,-0.004456,0.026702,0.004167,-0.011465,-0.002412,-0.007205
1790862454.581815,1790862454.665903,0.002367,0.004029,-0.001040,0.000590,-0.017317,0.676452,0.736283,-1.293,-1.507,85.167,-0.013775,0.034050,0.004579,0.017405,0.008371,-0.004967
1790862454.615154,1790862454.702015,0.001794,0.003441,-0.001038,0.000951,-0.017343,0.676303,0.736419,-1.264,-1.537,85.144,-0.023976,0.042686,0.004453,-0.005936,-0.003214,-0.009071
1790862454.648493,1790862454.739149,0.001109,0.002735,-0.001018,0.001180,-0.017187,0.676120,0.736590,-1.233,-1.542,85.115,-0.034659,0.048580,0.004558,0.018629,0.008599,-0.012011
1790862454.681833,1790862454.771784,0.000493,0.002062,-0.001054,0.001329,-0.016946,0.675965,0.736738,-1.201,-1.534,85.090,-0.044430,0.050779,0.003614,-0.003705,-0.001987,-0.010423
1790862454.715172,1790862454.804074,-0.000014,0.001544,-0.001088,0.001280,-0.016688,0.675826,0.736872,-1.185,-1.508,85.067,-0.051386,0.052211,0.003228,-0.005812,-0.001940,-0.006594
1790862454.748511,1790862454.837992,-0.000432,0.001070,-0.001105,0.001221,-0.016367,0.675739,0.736958,-1.165,-1.477,85.052,-0.057670,0.054470,0.002689,-0.014317,-0.001921,-0.005845
1790862454.781849,1790862454.871382,-0.000807,0.000658,-0.001140,0.000995,-0.016146,0.675650,0.737045,-1.166,-1.441,85.038,-0.063148,0.057109,0.002179,-0.003663,-0.000864,-0.008194
1790862454.815188,1790862454.904960,-0.001176,0.000292,-0.001163,0.000885,-0.015811,0.675551,0.737143,-1.150,-1.404,85.021,-0.068600,0.061036,0.001988,-0.016476,-0.005168,-0.010419
1790862454.848527,1790862454.942554,-0.001490,0.000003,-0.001204,0.000550,-0.015603,0.675475,0.737218,-1.162,-1.361,85.009,-0.073372,0.062406,0.001438,-0.005885,-0.003093,-0.011441
1790862454.881866,1790862454.976631,-0.001865,-0.000467,-0.001248,0.000328,-0.015397,0.675393,0.737297,-1.164,-1.326,84.995,-0.077028,0.063064,0.001179,-0.002756,-0.000989,-0.010262
1790862454.915205,1790862455.011178,-0.002051,-0.000648,-0.001246,0.000069,-0.015120,0.675346,0.737346,-1.165,-1.283,84.987,-0.079061,0.063203,0.001304,-0.014551,-0.008495,-0.009013
1790862454.948544,1790862455.042906,-0.002275,-0.000809,-0.001272,-0.000178,-0.015267,0.674931,0.737723,-1.196,-1.277,84.923,-0.083621,0.064497,0.000942,-0.006157,-0.002192,-0.100131
1790862454.981883,1790862455.078940,-0.002284,-0.000879,-0.001231,-0.000294,-0.014700,0.674330,0.738284,-1.161,-1.221,84.828,-0.083766,0.062806,0.000222,0.013961,0.005203,-0.006987
1790862455.015222,1790862455.109365,-0.002588,-0.001025,-0.001217,-0.001115,-0.011931,0.674495,0.738182,-1.017,-0.923,84.846,-0.065005,0.053224,-0.000904,0.002144,0.000997,0.060735
1790862455.048561,1790862455.135423,-0.001837,-0.000873,-0.001046,-0.001511,-0.008704,0.676657,0.736245,-0.803,-0.617,85.174,-0.044917,0.031020,0.000377,0.016166,0.079801,0.180048
1790862455.081900,1790862455.158422,-0.001599,-0.000713,-0.000768,-0.002325,-0.006601,0.677876,0.735143,-0.709,-0.375,85.361,-0.034914,0.022021,0.002688,0.043979,0.079713,0.004316
1790862455.115239,1790862455.184864,-0.002236,-0.000870,-0.000707,-0.002827,-0.006072,0.677275,0.735700,-0.710,-0.292,85.266,-0.032694,0.024908,0.003136,0.007777,0.073112,-0.164309
1790862455.148578,1790862455.212436,-0.002922,-0.001457,-0.000846,-0.003536,-0.006167,0.675146,0.737649,-0.776,-0.248,84.935,-0.033792,0.028450,0.001953,-0.016717,0.108090,-0.211326
1790862455.181919,1790862455.241896,-0.003339,-0.002138,-0.000603,-0.005220,-0.004332,0.672570,0.740002,-0.777,0.035,84.534,-0.032248,0.029259,0.002852,-0.035813,0.271771,-0.229758
1790862455.215259,1790862455.275505,-0.003252,-0.002188,-0.000307,-0.008464,-0.001368,0.670019,0.742294,-0.825,0.534,84.137,-0.031724,0.025071,0.005114,0.033594,0.290293,-0.154740
1790862455.248600,1790862455.317799,-0.002122,-0.001011,-0.000354,-0.010895,0.002675,0.669183,0.743013,-0.723,1.063,84.008,-0.024852,0.018112,0.004859,-0.003502,0.189984,0.008090
1790862455.281941,1790862455.352921,-0.000759,0.000228,-0.000769,-0.012084,0.004725,0.669397,0.742792,-0.666,1.329,84.042,-0.017017,0.008776,0.002524,0.003908,0.072729,0.056190
1790862455.315282,1790862455.381756,-0.000426,0.000803,-0.000804,-0.013250,0.006045,0.670696,0.741589,-0.662,1.532,84.244,-0.011467,0.007150,0.001635,-0.006677,0.168672,0.166934
1790862455.348623,1790862455.407393,0.000098,0.001119,-0.000658,-0.014958,0.008146,0.673171,0.739291,-0.639,1.844,84.629,-0.008711,0.003868,0.002281,-0.002237,0.186695,0.229537
1790862455.381964,1790862455.450891,0.000096,0.001469,-0.000778,-0.016434,0.009572,0.675189,0.737400,-0.648,2.081,84.945,-0.007684,0.002447,0.002330,-0.011732,0.052478,0.109128
1790862455.415304,1790862455.483004,0.000029,0.001353,-0.001185,-0.015900,0.008537,0.676671,0.736064,-0.679,1.953,85.174,-0.008603,0.001724,0.000344,-0.009665,-0.094297,0.024909
1790862455.448646,1790862455.514997,-0.000378,0.001261,-0.001507,-0.014884,0.006830,0.676625,0.736145,-0.726,1.730,85.164,-0.007603,0.002338,-0.001460,-0.003354,-0.094026,-0.015368
1790862455.481986,1790862455.544861,-0.000662,0.001158,-0.001454,-0.014027,0.005697,0.676457,0.736326,-0.742,1.568,85.137,-0.004900,0.002878,-0.001712,0.006205,0.006116,-0.022571
1790862455.515327,1790862455.574058,-0.000540,0.001204,-0.001366,-0.013835,0.005317,0.676605,0.736197,-0.755,1.521,85.159,-0.003720,0.002345,-0.001368,0.010495,0.019866,0.032880
1790862455.548668,1790862455.609012,-0.000212,0.001404,-0.001217,-0.013513,0.006101,0.677544,0.735333,-0.665,1.563,85.307,-0.003021,-0.002221,0.001926,0.172411,0.119918,0.147853
1790862455.582009,1790862455.635530,0.000093,0.001283,-0.000304,-0.011925,0.011909,0.679326,0.733643,-0.076,1.930,85.596,-0.001626,-0.003198,0.010258,0.233977,0.309346,0.140392
1790862455.615350,1790862455.673188,-0.000077,0.000844,0.000162,-0.014231,0.017025,0.681054,0.731897,0.135,2.539,85.881,-0.006487,0.003001,0.006508,0.126244,0.353597,0.171287
1790862455.648691,1790862455.715654,-0.000361,0.000444,0.000339,-0.014575,0.022576,0.682982,0.729941,0.549,3.030,86.207,-0.010103,0.003633,0.011734,0.224126,0.239447,0.153159
1790862455.682031,1790862455.747040,-0.000377,0.000686,0.000282,-0.014885,0.026523,0.684568,0.728314,0.840,3.383,86.478,-0.007309,0.010138,0.005102,0.101273,0.156297,0.078858
1790862455.715372,1790862455.767654,-0.001061,0.000390,0.000167,-0.015971,0.028522,0.684641,0.728147,0.907,3.635,86.501,-0.001443,0.017461,-0.007262,-0.097943,0.245742,-0.071280
1790862455.748713,1790862455.811713,-0.002270,0.000197,-0.000252,-0.021879,0.029843,0.683509,0.729003,0.511,4.210,86.329,0.001600,0.032241,-0.017406,-0.274734,0.402122,-0.107367
1790862455.782054,1790862455.839050,-0.003030,0.000618,-0.000903,-0.029949,0.031802,0.683042,0.729072,-0.013,5.007,86.265,0.001059,0.029642,-0.016703,-0.288586,0.475248,0.021883
1790862455.815395,1790862455.882856,-0.003403,0.001070,-0.001111,-0.035561,0.035501,0.682889,0.728792,-0.193,5.757,86.266,0.001347,0.005512,0.000097,0.087354,0.354908,-0.066537
1790862455.848735,1790862455.909541,-0.003429,0.001430,-0.001452,-0.040605,0.038507,0.682803,0.728456,-0.379,6.405,86.273,-0.005441,0.009834,-0.009323,-0.190693,0.283448,0.092310
1790862455.882077,1790862455.945918,-0.003276,0.001589,-0.001779,-0.044413,0.039429,0.684715,0.726387,-0.607,6.783,86.581,-0.009450,0.001997,-0.002090,0.084186,0.166281,0.175366
1790862455.915417,1790862455.967844,-0.002793,0.002039,-0.001657,-0.043010,0.042834,0.685766,0.725287,-0.210,6.957,86.779,-0.008230,-0.001576,0.002745,0.181183,-0.029657,-0.007870
1790862455.948758,1790862455.988971,-0.002960,0.001983,-0.001842,-0.040695,0.041978,0.685741,0.725494,-0.085,6.703,86.768,-0.011040,0.003411,-0.000860,0.087340,-0.137160,0.019859
1790862455.982099,1790862456.038261,-0.003033,0.001854,-0.001859,-0.035787,0.041493,0.685966,0.725567,0.288,6.275,86.802,-0.007518,-0.000909,0.008318,0.302469,-0.206330,-0.052562
1790862456.015440,1790862456.069381,-0.003212,0.001758,-0.001776,-0.029100,0.040604,0.684828,0.726990,0.766,5.676,86.617,-0.006373,0.001845,0.006939,0.267233,-0.330928,-0.102606
1790862456.048781,1790862456.116011,-0.003351,0.001660,-0.001703,-0.021584,0.039012,0.683776,0.728329,1.260,4.953,86.440,-0.010191,0.004166,0.001429,0.233069,-0.225438,-0.046135
1790862456.082122,1790862456.149141,-0.003475,0.001611,-0.001713,-0.017878,0.038209,0.683621,0.728617,1.505,4.596,86.411,-0.016040,0.015420,-0.012884,0.016811,-0.056027,0.034827
1790862456.115462,1790862456.209892,-0.003621,0.001320,-0.001886,-0.017226,0.036860,0.684352,0.728015,1.458,4.430,86.515,-0.021705,0.017868,-0.019307,-0.070452,-0.062399,0.051868
1790862456.148803,1790862456.263696,-0.003952,0.001377,-0.002498,-0.017841,0.034296,0.685368,0.727170,1.210,4.263,86.655,-0.014469,0.012372,-0.025286,-0.155592,0.006910,0.042812
1790862456.182142,1790862456.295402,-0.004550,0.000444,-0.003274,-0.019748,0.032499,0.685600,0.726985,0.911,4.263,86.678,-0.008540,0.004666,-0.027375,-0.180105,0.060019,-0.046575
1790862456.215482,1790862456.328867,-0.005379,-0.000399,-0.004113,-0.021258,0.030763,0.684466,0.728085,0.641,4.238,86.486,-0.009877,-0.002931,-0.019221,-0.080089,-0.045492,-0.148859
1790862456.248822,1790862456.351923,-0.004590,-0.000065,-0.004273,-0.021120,0.028316,0.682813,0.729738,0.451,4.024,86.210,-0.013418,-0.004915,0.002171,-0.106784,-0.222386,-0.144405
1790862456.282162,1790862456.378105,-0.003384,0.000523,-0.004049,-0.019338,0.022858,0.681612,0.731101,0.166,3.427,85.992,-0.019243,0.000097,0.016636,-0.172818,-0.347032,-0.035568
1790862456.315502,1790862456.401726,-0.003002,0.000478,-0.003345,-0.017758,0.015903,0.681534,0.731398,-0.247,2.721,85.952,-0.014090,0.009980,0.023549,-0.253639,-0.406599,0.003821
1790862456.348842,1790862456.437207,-0.003030,0.000550,-0.002216,-0.016573,0.008233,0.681758,0.731343,-0.746,1.985,85.968,-0.010518,0.022059,0.024397,-0.297188,-0.380978,0.014458
1790862456.382181,1790862456.459383,-0.001996,0.002482,-0.001311,-0.017221,0.000883,0.681843,0.731296,-1.375,1.420,85.974,-0.003657,0.029484,0.021026,-0.375968,-0.328519,-0.044111
1790862456.415521,1790862456.490586,-0.003180,0.002435,-0.000374,-0.018001,-0.006853,0.680639,0.732366,-2.046,0.829,85.792,0.002076,0.029047,0.030433,-0.278043,-0.329634,-0.167696
1790862456.448861,1790862456.517302,-0.005191,0.002128,0.001490,-0.017994,-0.012259,0.678598,0.734187,-2.468,0.368,85.486,0.001527,0.028821,0.037545,-0.171496,-0.295367,-0.205725
1790862456.482201,1790862456.547283,-0.006571,0.001988,0.002825,-0.016583,-0.016317,0.675980,0.736552,-2.665,-0.093,85.091,0.000977,0.026025,0.041483,-0.037300,-0.186798,-0.222742
1790862456.515541,1790862456.584747,-0.007567,0.001985,0.004348,-0.015375,-0.017225,0.673642,0.738697,-2.632,-0.271,84.732,-0.000141,0.028016,0.039167,0.026643,-0.008924,-0.168388
1790862456.548879,1790862456.616121,-0.008729,0.002605,0.006668,-0.015840,-0.015167,0.671899,0.740318,-2.512,-0.067,84.454,0.004766,0.033176,0.047600,0.062895,0.067994,-0.095769
1790862456.582219,1790862456.653586,-0.009794,0.002882,0.008074,-0.016090,-0.012922,0.670319,0.741786,-2.361,0.138,84.203,0.003832,0.026921,0.047841,0.069363,0.152157,-0.171435
1790862456.615559,1790862456.690742,-0.010293,0.003435,0.011314,-0.017259,-0.008413,0.668318,0.743628,-2.116,0.605,83.883,0.002772,0.024054,0.066943,0.106685,0.079813,-0.160750
1790862456.648898,1790862456.723818,-0.011105,0.003845,0.013313,-0.016362,-0.007775,0.666496,0.745289,-1.992,0.586,83.601,0.000081,0.024182,0.080749,0.010876,-0.009631,-0.109646
1790862456.682238,1790862456.748355,-0.011836,0.004782,0.016662,-0.015876,-0.007701,0.665770,0.745948,-1.945,0.553,83.489,-0.006972,0.023787,0.095477,0.048074,-0.132923,-0.042511
1790862456.715578,1790862456.772921,-0.012463,0.004382,0.019826,-0.013012,-0.009508,0.665166,0.746522,-1.838,0.178,83.401,-0.013822,0.020458,0.103771,0.032139,-0.198987,-0.035070
1790862456.748918,1790862456.802656,-0.013007,0.004498,0.024144,-0.011718,-0.010427,0.665069,0.746617,-1.797,0.001,83.388,-0.009089,0.019146,0.105376,-0.011566,-0.105073,-0.008417
1790862456.782258,1790862456.843302,-0.013813,0.004037,0.027473,-0.011024,-0.010850,0.664841,0.746825,-1.770,-0.089,83.354,-0.005936,0.013914,0.103910,0.027856,0.048267,-0.019064
1790862456.815597,1790862456.872977,-0.013872,0.004018,0.032033,-0.012819,-0.007601,0.664713,0.746951,-1.676,0.326,83.327,-0.001500,0.010774,0.104210,0.034303,0.210156,0.002262
1790862456.848937,1790862456.909138,-0.014463,0.003714,0.035602,-0.015002,-0.004793,0.664675,0.746967,-1.650,0.732,83.317,-0.005316,0.009166,0.119772,0.005495,0.185602,0.004384
1790862456.882277,1790862456.946322,-0.014755,0.003593,0.039869,-0.015624,-0.003783,0.664762,0.746882,-1.626,0.866,83.329,-0.012998,0.005839,0.143608,0.035359,-0.057263,0.002255
1790862456.915617,1790862456.978925,-0.014905,0.003469,0.044890,-0.013989,-0.005285,0.664859,0.746819,-1.600,0.613,83.346,-0.014867,0.005544,0.160524,-0.037026,-0.199954,0.018237
1790862456.948956,1790862457.016086,-0.014715,0.003301,0.050966,-0.012317,-0.008314,0.665597,0.746164,-1.688,0.229,83.464,-0.016248,0.006482,0.171754,-0.034839,-0.262734,0.100267
1790862456.982296,1790862457.043433,-0.015008,0.002791,0.056556,-0.009568,-0.011392,0.666764,0.745120,-1.688,-0.242,83.651,-0.016362,0.006088,0.168909,0.005684,-0.206257,0.075767
1790862457.015635,1790862457.084285,-0.015423,0.002296,0.062038,-0.008063,-0.013346,0.667626,0.744334,-1.709,-0.521,83.788,-0.011416,0.005861,0.156191,-0.012415,-0.070976,0.031035
1790862457.048974,1790862457.119255,-0.015754,0.001084,0.067614,-0.009409,-0.013453,0.667485,0.744442,-1.832,-0.428,83.767,-0.007428,0.002821,0.144482,-0.036993,0.090804,-0.057374
1790862457.082314,1790862457.138620,-0.016876,0.000430,0.072286,-0.011720,-0.012478,0.666580,0.745237,-1.954,-0.170,83.625,-0.010601,0.001382,0.142770,0.056641,0.156774,-0.068036
1790862457.115654,1790862457.170203,-0.017353,0.000126,0.077228,-0.013071,-0.010926,0.665722,0.746005,-1.951,0.063,83.489,-0.016346,-0.001048,0.157718,0.085426,0.037459,-0.062697
1790862457.148993,1790862457.210537,-0.017480,-0.000245,0.082874,-0.012421,-0.011376,0.665177,0.746495,-1.930,-0.026,83.407,-0.019030,0.002060,0.174239,0.084431,-0.124429,-0.033917
1790862457.182364,1790862457.247878,-0.017633,-0.000940,0.088825,-0.010717,-0.012540,0.664856,0.746789,-1.873,-0.257,83.361,-0.021091,0.003264,0.177304,0.055746,-0.106300,-0.027510
1790862457.215770,1790862457.271234,-0.018371,-0.002283,0.095310,-0.011136,-0.014248,0.664620,0.746963,-2.039,-0.371,83.330,-0.019676,0.005366,0.177586,-0.031643,-0.073368,-0.030635
1790862457.249176,1790862457.296687,-0.019128,-0.003010,0.101616,-0.012599,-0.016786,0.664182,0.747277,-2.357,-0.479,83.271,-0.022506,0.007504,0.175321,-0.076331,-0.053114,-0.039151
1790862457.282583,1790862457.337618,-0.020018,-0.004641,0.107852,-0.014806,-0.018970,0.663717,0.747597,-2.712,-0.499,83.209,-0.025559,0.007377,0.175851,-0.042133,-0.006263,-0.030620
1790862457.315990,1790862457.364544,-0.019282,-0.004379,0.114691,-0.016659,-0.020748,0.663281,0.747898,-3.006,-0.512,83.151,-0.025180,0.003888,0.186177,-0.059086,-0.077556,-0.043401
1790862457.349397,1790862457.412664,-0.020008,-0.005165,0.121479,-0.017192,-0.023383,0.662598,0.748413,-3.252,-0.700,83.059,-0.029619,0.001947,0.190439,-0.005842,-0.114832,-0.061534
1790862457.382805,1790862457.443882,-0.020742,-0.006108,0.128241,-0.017438,-0.025097,0.661821,0.749039,-3.402,-0.832,82.950,-0.030276,0.000193,0.185098,0.032482,-0.044533,-0.066858
1790862457.416213,1790862457.485294,-0.021486,-0.007045,0.134885,-0.017409,-0.025598,0.660785,0.749937,-3.437,-0.882,82.794,-0.032809,-0.002719,0.180053,0.087827,-0.012597,-0.107336
1790862457.449621,1790862457.515779,-0.020727,-0.006578,0.140821,-0.016521,-0.024403,0.659313,0.751291,-3.268,-0.853,82.563,-0.030334,-0.004560,0.171996,0.111234,0.040697,-0.122240
1790862457.483030,1790862457.538751,-0.021354,-0.007854,0.146820,-0.016692,-0.023380,0.658097,0.752385,-3.204,-0.757,82.372,-0.033101,-0.000687,0.168032,0.040926,0.039618,-0.063652
1790862457.516439,1790862457.566056,-0.021638,-0.008780,0.152668,-0.016442,-0.023244,0.657508,0.752909,-3.172,-0.767,82.282,-0.040603,0.003659,0.169828,0.045196,-0.060512,-0.014657
1790862457.549849,1790862457.609970,-0.021861,-0.009791,0.158187,-0.015593,-0.024046,0.657633,0.752793,-3.159,-0.899,82.305,-0.042879,0.007455,0.163241,-0.037873,-0.071147,0.022615
1790862457.583259,1790862457.640195,-0.022225,-0.010840,0.163490,-0.015640,-0.025358,0.657989,0.752438,-3.263,-1.007,82.367,-0.042721,0.007273,0.157703,-0.094320,-0.044500,0.041786
1790862457.616670,1790862457.686510,-0.020780,-0.009364,0.168230,-0.016078,-0.026616,0.658349,0.752070,-3.396,-1.081,82.429,-0.037461,0.003225,0.152272,-0.111366,-0.043365,0.016182
1790862457.650081,1790862457.717146,-0.021439,-0.010738,0.172750,-0.016562,-0.027684,0.658209,0.752144,-3.518,-1.137,82.414,-0.036663,0.000310,0.145822,-0.075162,-0.009276,-0.037071
1790862457.683492,1790862457.744887,-0.021844,-0.011817,0.177404,-0.016262,-0.028094,0.657623,0.752647,-3.523,-1.198,82.327,-0.035452,-0.005174,0.148417,0.039871,-0.047624,-0.066885
1790862457.716904,1790862457.773372,-0.022133,-0.013083,0.182065,-0.014673,-0.027174,0.656523,0.753674,-3.314,-1.243,82.154,-0.032585,-0.010426,0.140683,0.141065,0.046118,-0.111618
1790862457.750317,1790862457.814866,-0.022449,-0.013874,0.186625,-0.013515,-0.024540,0.654997,0.755112,-3.013,-1.109,81.907,-0.033630,-0.010120,0.135513,0.171904,0.069536,-0.143566
1790862457.783729,1790862457.848427,-0.022182,-0.014401,0.191113,-0.011765,-0.021881,0.653164,0.756809,-2.659,-1.017,81.615,-0.032569,-0.011926,0.137522,0.193132,0.031166,-0.160511
1790862457.817142,1790862457.868470,-0.022333,-0.016166,0.195576,-0.008918,-0.019771,0.651307,0.758504,-2.252,-1.053,81.324,-0.037918,-0.013448,0.143104,0.197410,-0.065774,-0.141345
1790862457.850556,1790862457.932632,-0.021927,-0.017454,0.199793,-0.005406,-0.018946,0.649660,0.759969,-1.882,-1.248,81.071,-0.038684,-0.016506,0.142781,0.090902,-0.120080,-0.136017
1790862457.883969,1790862457.972984,-0.021581,-0.018660,0.204134,-0.003057,-0.019219,0.648182,0.761237,-1.695,-1.450,80.849,-0.037859,-0.013646,0.135427,0.078126,-0.066799,-0.092343
1790862457.917383,1790862458.008626,-0.021017,-0.019115,0.208240,-0.001312,-0.018960,0.647295,0.762002,-1.522,-1.558,80.714,-0.037715,-0.011247,0.128618,0.039718,-0.054016,-0.054925
1790862457.950798,1790862458.043808,-0.020951,-0.020360,0.212288,-0.001242,-0.019965,0.646642,0.762532,-1.589,-1.653,80.620,-0.035549,-0.010776,0.115660,-0.099835,-0.016722,-0.047484
1790862457.984214,1790862458.071324,-0.020778,-0.021346,0.215991,-0.002408,-0.020701,0.646178,0.762902,-1.744,-1.632,80.554,-0.034330,-0.010530,0.106700,-0.074267,0.036551,-0.032572
1790862458.017629,1790862458.103077,-0.020718,-0.022173,0.219628,-0.003910,-0.020893,0.645549,0.763423,-1.889,-1.539,80.461,-0.032660,-0.012818,0.105446,-0.047662,0.051461,-0.059197
1790862458.051045,1790862458.130825,-0.020566,-0.023057,0.223062,-0.004863,-0.020985,0.644824,0.764028,-1.977,-1.478,80.353,-0.034562,-0.013151,0.106541,-0.047682,-0.004999,-0.051736
1790862458.084462,1790862458.163374,-0.019150,-0.021764,0.225925,-0.004509,-0.020986,0.644137,0.764609,-1.945,-1.506,80.250,-0.030503,-0.012004,0.109918,0.021505,-0.034780,-0.054820
1790862458.117879,1790862458.192924,-0.018980,-0.023059,0.229110,-0.002846,-0.021237,0.643701,0.764977,-1.817,-1.652,80.185,-0.031690,-0.008922,0.110981,0.015141,-0.133824,-0.027131
1790862458.151296,1790862458.218132,-0.018809,-0.023961,0.232302,-0.000805,-0.023114,0.643159,0.765383,-1.775,-1.968,80.112,-0.031587,-0.008050,0.102239,-0.007212,-0.163623,-0.051632
1790862458.184673,1790862458.242674,-0.018787,-0.024787,0.235136,0.000740,-0.023789,0.642431,0.765973,-1.688,-2.143,80.006,-0.031026,-0.002611,0.078308,0.098257,0.037737,-0.046287
1790862458.218007,1790862458.275653,-0.019115,-0.025569,0.237978,0.000327,-0.021508,0.642320,0.766135,-1.555,-1.913,79.978,-0.032435,0.003845,0.060601,0.072678,0.160243,-0.001534
1790862458.251340,1790862458.310001,-0.019569,-0.026792,0.240272,0.000107,-0.018856,0.641762,0.766672,-1.378,-1.665,79.884,-0.032715,-0.004811,0.058260,0.139765,0.105888,-0.089953
1790862458.284674,1790862458.329422,-0.020078,-0.028056,0.241976,0.000807,-0.016706,0.640374,0.767881,-1.155,-1.529,79.668,-0.036309,-0.005693,0.056296,0.106690,0.047273,-0.103798
1790862458.318007,1790862458.367951,-0.020192,-0.029041,0.243617,0.001741,-0.014730,0.639682,0.768497,-0.927,-1.425,79.558,-0.043835,0.005498,0.054967,0.131193,0.078184,0.037883
1790862458.351339,1790862458.404986,-0.020142,-0.029735,0.245104,0.002775,-0.012187,0.641964,0.766633,-0.653,-1.275,79.892,-0.052216,0.032029,0.047337,0.047132,0.038854,0.230680
1790862458.384673,1790862458.436671,-0.020364,-0.027339,0.245981,0.003237,-0.011199,0.644319,0.764668,-0.543,-1.220,80.242,-0.037676,0.025607,0.047578,0.022682,-0.038721,0.077449
1790862458.418006,1790862458.470783,-0.021911,-0.029140,0.247049,0.003948,-0.011215,0.644202,0.764763,-0.482,-1.274,80.224,-0.023742,0.008914,0.044382,0.009833,-0.011065,-0.102539
1790862458.451339,1790862458.497658,-0.023160,-0.030135,0.248452,0.004420,-0.011035,0.642403,0.766275,-0.424,-1.294,79.954,-0.017402,0.002559,0.042136,0.078969,0.009109,-0.164308
1790862458.484672,1790862458.551067,-0.023792,-0.030718,0.249912,0.005353,-0.009856,0.640502,0.767875,-0.252,-1.260,79.667,-0.017004,0.007147,0.040136,0.127928,0.017611,-0.128083
1790862458.518005,1790862458.582002,-0.024110,-0.031789,0.251539,0.006706,-0.007931,0.639309,0.768880,0.010,-1.190,79.486,-0.020669,0.016827,0.032217,0.144994,0.057027,-0.056722
1790862458.551338,1790862458.616960,-0.024607,-0.032964,0.252748,0.007325,-0.005880,0.638563,0.769513,0.216,-1.055,79.372,-0.018799,0.020992,0.029762,0.107737,0.048506,-0.074845
1790862458.584671,1790862458.636400,-0.025431,-0.033103,0.253670,0.008712,-0.004189,0.637508,0.770383,0.463,-1.006,79.213,-0.019985,0.020447,0.030542,0.116251,0.018688,-0.071643
1790862458.618004,1790862458.679276,-0.026199,-0.033174,0.254414,0.009456,-0.002778,0.636747,0.771010,0.633,-0.935,79.099,-0.020713,0.018252,0.024541,0.045938,0.050666,-0.045006
1790862458.651337,1790862458.702368,-0.026643,-0.033576,0.255129,0.009488,-0.001469,0.636345,0.771345,0.732,-0.822,79.039,-0.019495,0.012362,0.026470,0.041696,0.051748,-0.041811
1790862458.684670,1790862458.730822,-0.027125,-0.033883,0.255932,0.009237,-0.001042,0.635758,0.771832,0.741,-0.765,78.952,-0.020911,0.006898,0.027121,-0.079748,-0.012156,-0.051398
1790862458.718003,1790862458.779028,-0.027249,-0.036139,0.256813,0.007889,-0.003147,0.635216,0.772288,0.469,-0.853,78.872,-0.026111,0.008336,0.028979,-0.165991,-0.066495,-0.013068
1790862458.751335,1790862458.806848,-0.027620,-0.037112,0.257996,0.006920,-0.005362,0.635010,0.772454,0.222,-0.978,78.843,-0.026293,0.005714,0.032537,-0.079695,-0.045183,-0.046104
1790862458.784667,1790862458.835087,-0.027656,-0.038878,0.259352,0.006219,-0.006204,0.634255,0.773074,0.100,-1.002,78.732,-0.024238,0.000042,0.031082,-0.053041,0.020853,-0.065279
1790862458.817999,1790862458.865937,-0.027974,-0.039392,0.260492,0.005662,-0.006850,0.633701,0.773527,0.004,-1.018,78.651,-0.030702,0.001252,0.036770,-0.054121,-0.063297,-0.004554
1790862458.851331,1790862458.894593,-0.027919,-0.039616,0.261388,0.005875,-0.008889,0.633809,0.773416,-0.125,-1.215,78.670,-0.031868,-0.002515,0.036190,-0.089258,-0.137835,-0.001367
1790862458.884664,1790862458.931028,-0.027897,-0.039948,0.262168,0.005993,-0.011158,0.633556,0.773593,-0.279,-1.424,78.637,-0.027198,-0.009071,0.026543,-0.109494,-0.070697,-0.033322
1790862458.917996,1790862458.971741,-0.027621,-0.041678,0.263137,0.005248,-0.012563,0.633192,0.773875,-0.446,-1.495,78.587,-0.027321,-0.013077,0.018012,-0.042373,0.010255,-0.029051
1790862458.951329,1790862458.993448,-0.027563,-0.042383,0.264009,0.004463,-0.012106,0.632774,0.774229,-0.482,-1.398,78.524,-0.025053,-0.017231,0.012402,0.012995,0.100797,-0.055677
1790862458.984661,1790862459.025101,-0.027591,-0.043126,0.264767,0.003266,-0.010665,0.631892,0.774977,-0.482,-1.184,78.390,-0.022484,-0.019235,0.014835,0.005504,0.114631,-0.072714
1790862459.017993,1790862459.063562,-0.027453,-0.043717,0.265391,0.001958,-0.009622,0.631290,0.775484,-0.522,-0.997,78.300,-0.024165,-0.015584,0.018305,-0.052038,0.084802,-0.016255
1790862459.051325,1790862459.090963,-0.027328,-0.044679,0.265565,0.000596,-0.009516,0.631246,0.775524,-0.635,-0.889,78.293,-0.025152,-0.012397,0.024732,-0.086117,-0.001479,0.016739
1790862459.084657,1790862459.127148,-0.026868,-0.044653,0.266011,-0.000277,-0.010733,0.631543,0.775267,-0.801,-0.933,78.340,-0.024734,-0.008850,0.026554,-0.123384,-0.044056,0.036971
1790862459.117989,1790862459.179619,-0.026394,-0.044142,0.266417,-0.001543,-0.012660,0.632115,0.774770,-1.054,-1.012,78.430,-0.022984,-0.005560,0.021524,-0.178756,-0.056799,0.049754
1790862459.151321,1790862459.211267,-0.023986,-0.016054,0.262806,-0.002236,-0.012330,0.632467,0.774486,-1.092,-0.932,78.481,0.013691,-0.001509,0.012054,-0.149868,-0.080721,-0.028815
1790862459.184656,1790862459.240398,-0.023165,-0.024048,0.263757,-0.002482,-0.014444,0.631544,0.775202,-1.266,-1.104,78.350,0.012491,-0.007884,0.005003,-0.070959,-0.015845,-0.099156
1790862459.217991,1790862459.267048,-0.023074,-0.024996,0.264204,-0.002992,-0.015084,0.630300,0.776199,-1.356,-1.126,78.169,0.012099,-0.005115,0.000712,0.003579,0.006489,-0.071443
1790862459.251327,1790862459.288057,-0.021867,-0.028981,0.265143,-0.003300,-0.015006,0.629857,0.776559,-1.377,-1.097,78.103,0.007313,-0.002350,-0.002751,0.024886,0.063953,-0.005420
1790862459.284663,1790862459.332205,-0.020868,-0.030243,0.265076,-0.003602,-0.013898,0.629917,0.776530,-1.324,-0.977,78.109,0.004009,-0.000931,-0.001226,0.051544,0.045830,0.013745
1790862459.318000,1790862459.376490,-0.019582,-0.030734,0.264977,-0.003052,-0.012953,0.630343,0.776203,-1.207,-0.932,78.169,0.003574,0.001274,0.004718,0.043071,0.007489,0.046783
1790862459.351336,1790862459.406521,-0.018452,-0.030879,0.264625,-0.002837,-0.012820,0.631014,0.775660,-1.179,-0.934,78.268,0.005597,0.002276,0.003966,-0.049553,-0.007410,0.044665
1790862459.384672,1790862459.449886,-0.019265,-0.031832,0.264715,-0.003691,-0.013568,0.631201,0.775492,-1.310,-0.939,78.298,0.009558,0.002767,0.002681,-0.083672,0.007475,-0.009678
1790862459.418008,1790862459.481495,-0.021441,-0.002015,0.262283,-0.004543,-0.012781,0.631031,0.775639,-1.328,-0.808,78.270,0.046328,0.013581,0.002651,-0.168862,-0.052832,-0.039280
1790862459.451344,1790862459.504342,-0.018105,-0.014209,0.262160,-0.005957,-0.016300,0.630313,0.776147,-1.708,-1.020,78.176,0.037999,0.006131,-0.005074,-0.207112,-0.075388,-0.060614
1790862459.484680,1790862459.520723,-0.016456,-0.014748,0.261848,-0.008118,-0.019048,0.629394,0.776810,-2.097,-1.110,78.051,0.041730,0.003121,-0.017121,-0.170865,0.009817,-0.068037
1790862459.518016,1790862459.581478,-0.014657,-0.016037,0.261695,-0.010077,-0.019776,0.628361,0.777605,-2.323,-1.037,77.903,0.043553,0.000821,-0.024047,-0.047270,0.098208,-0.090374
1790862459.551352,1790862459.617595,-0.018969,0.006438,0.260266,-0.011242,-0.017036,0.627238,0.778560,-2.228,-0.712,77.726,0.067184,0.012573,-0.019137,0.043212,0.114410,-0.097677
1790862459.584687,1790862459.638930,-0.016581,0.002386,0.259585,-0.011439,-0.015385,0.625965,0.779616,-2.126,-0.554,77.533,0.065982,0.013606,-0.012546,0.066699,0.091961,-0.087031
1790862459.618023,1790862459.671181,-0.015666,0.002927,0.259094,-0.011468,-0.014005,0.624927,0.780474,-2.029,-0.431,77.376,0.071871,0.020837,-0.005717,0.035828,0.036552,-0.081693
1790862459.651359,1790862459.714396,-0.022944,0.023971,0.259255,-0.011328,-0.012930,0.623840,0.781363,-1.939,-0.348,77.214,0.099430,0.041702,-0.001279,0.002712,-0.017597,-0.109263
1790862459.684694,1790862459.737721,-0.022933,0.024221,0.258770,-0.011509,-0.013467,0.622037,0.782787,-1.993,-0.388,76.951,0.106926,0.045991,-0.003534,-0.063325,-0.004865,-0.174276
1790862459.718030,1790862459.764611,-0.024116,0.027295,0.258639,-0.012551,-0.014943,0.619349,0.784873,-2.190,-0.453,76.563,0.112092,0.045109,0.001500,-0.140059,-0.054951,-0.219028
1790862459.751366,1790862459.797627,-0.024801,0.029949,0.258559,-0.013651,-0.017978,0.616430,0.787086,-2.502,-0.657,76.149,0.110305,0.045233,0.009887,-0.160316,-0.140194,-0.214775
1790862459.784701,1790862459.836301,-0.023308,0.030741,0.258906,-0.014119,-0.021082,0.613630,0.789186,-2.761,-0.914,75.756,0.103354,0.039303,0.009019,-0.075071,-0.059258,-0.211549
1790862459.818037,1790862459.880663,-0.023357,0.033986,0.259365,-0.013984,-0.020755,0.611119,0.791143,-2.723,-0.902,75.390,0.099599,0.041455,0.007193,0.113487,0.109056,-0.163601
1790862459.851373,1790862459.917010,-0.030593,0.053622,0.258890,-0.013806,-0.016099,0.609365,0.792606,-2.379,-0.498,75.117,0.112979,0.059293,0.017414,0.197543,0.200786,-0.114578
1790862459.884709,1790862459.944146,-0.029202,0.053647,0.259863,-0.012355,-0.012570,0.607765,0.793921,-2.000,-0.283,74.875,0.107910,0.060649,0.041466,0.174152,0.029240,-0.127359
1790862459.918044,1790862459.971728,-0.030043,0.056748,0.260884,-0.010493,-0.011725,0.606109,0.795226,-1.771,-0.340,74.633,0.102742,0.064672,0.056917,0.056976,-0.081550,-0.134813
1790862459.951380,1790862460.008770,-0.035902,0.072207,0.262276,-0.009936,-0.012957,0.604073,0.796762,-1.805,-0.495,74.344,0.106431,0.072037,0.066279,-0.094330,-0.140038,-0.167803
1790862459.984715,1790862460.036671,-0.037588,0.075369,0.264301,-0.010250,-0.015866,0.601926,0.798328,-2.033,-0.744,74.045,0.098383,0.067533,0.059844,-0.147602,-0.075073,-0.142264
1790862460.018051,1790862460.067861,-0.038445,0.077915,0.266358,-0.011484,-0.017725,0.600239,0.799542,-2.272,-0.834,73.810,0.093287,0.055670,0.050714,-0.068779,-0.018629,-0.107115
1790862460.051387,1790862460.106980,-0.039373,0.082231,0.268057,-0.011271,-0.017768,0.599252,0.800284,-2.255,-0.856,73.669,0.091301,0.054473,0.039379,0.104862,0.026123,-0.032547
1790862460.084722,1790862460.142171,-0.041976,0.093737,0.267945,-0.009800,-0.014451,0.599398,0.800261,-1.892,-0.652,73.677,0.100752,0.060550,0.027826,0.225278,0.123141,0.031441
1790862460.118057,1790862460.169875,-0.042758,0.097919,0.269285,-0.007862,-0.010672,0.600016,0.799878,-1.455,-0.438,73.755,0.103666,0.061659,0.026530,0.199713,0.094380,0.068721
1790862460.151392,1790862460.213614,-0.043936,0.102167,0.270004,-0.006721,-0.008579,0.601362,0.798903,-1.207,-0.322,73.943,0.103670,0.062735,0.032342,0.039927,-0.022795,0.112386
1790862460.184729,1790862460.242138,-0.045289,0.105638,0.270511,-0.006355,-0.009931,0.602883,0.797742,-1.267,-0.469,74.165,0.099070,0.061089,0.036907,-0.095355,-0.148501,0.120890
1790862460.218065,1790862460.273943,-0.046707,0.109311,0.271257,-0.006433,-0.013025,0.604295,0.796629,-1.490,-0.744,74.375,0.097760,0.055679,0.036287,-0.113464,-0.149564,0.083593
1790862460.251400,1790862460.320523,-0.047971,0.113835,0.272472,-0.006308,-0.015604,0.605002,0.796046,-1.658,-0.986,74.485,0.096781,0.045803,0.026525,-0.057012,-0.082443,0.017545
1790862460.284736,1790862460.353962,-0.049146,0.119361,0.273867,-0.006179,-0.016101,0.604853,0.796150,-1.680,-1.041,74.465,0.099023,0.037512,0.018766,0.039910,0.023030,-0.043165
1790862460.318072,1790862460.384006,-0.050439,0.129419,0.274117,-0.005403,-0.014638,0.604288,0.796613,-1.507,-0.962,74.379,0.102236,0.035284,0.021772,0.096438,-0.012057,-0.033547
1790862460.351407,1790862460.405741,-0.050945,0.132104,0.274638,-0.004052,-0.014241,0.604065,0.796797,-1.356,-1.020,74.345,0.100471,0.036354,0.021614,0.067671,-0.026981,-0.007992
1790862460.384743,1790862460.428889,-0.051079,0.136063,0.275347,-0.003573,-0.013308,0.604145,0.796755,-1.248,-0.968,74.353,0.103256,0.039982,0.011072,0.019742,0.111507,0.025026
1790862460.418078,1790862460.455018,-0.051383,0.140339,0.276296,-0.005671,-0.012015,0.604932,0.796166,-1.350,-0.703,74.464,0.104080,0.045358,0.011028,-0.152837,0.134938,0.102783
1790862460.451414,1790862460.504834,-0.051832,0.144113,0.276686,-0.008563,-0.012738,0.606638,0.794830,-1.666,-0.565,74.712,0.101795,0.048733,0.022676,-0.146429,-0.015269,0.150707
1790862460.484750,1790862460.541910,-0.052352,0.147851,0.276600,-0.009879,-0.014392,0.608571,0.793307,-1.902,-0.619,74.996,0.109069,0.046248,0.022213,-0.098462,-0.044021,0.135786
1790862460.518085,1790862460.580478,-0.052828,0.152419,0.277074,-0.010235,-0.014605,0.610091,0.792131,-1.951,-0.610,75.217,0.120865,0.041501,0.015009,0.073052,0.049731,0.087853
1790862460.551419,1790862460.618156,-0.052984,0.157627,0.277965,-0.009199,-0.011943,0.610976,0.791505,-1.671,-0.439,75.337,0.136993,0.035448,0.010929,0.188092,0.106193,0.045255
1790862460.584755,1790862460.650503,-0.052564,0.166625,0.277792,-0.007452,-0.008571,0.611757,0.790964,-1.276,-0.254,75.442,0.153430,0.033859,0.012109,0.152998,0.040171,0.070864
1790862460.618090,1790862460.681076,-0.052136,0.171031,0.277809,-0.006094,-0.007441,0.612864,0.790130,-1.074,-0.246,75.600,0.167941,0.030644,0.013683,0.067782,-0.033338,0.086844
1790862460.651425,1790862460.705366,-0.051771,0.176688,0.277762,-0.005049,-0.007709,0.613890,0.789337,-0.999,-0.342,75.749,0.181061,0.021574,0.009721,0.003875,-0.071688,0.066597
1790862460.684761,1790862460.737680,-0.051292,0.182066,0.278087,-0.004874,-0.008754,0.614587,0.788786,-1.057,-0.448,75.852,0.189960,0.011956,0.000089,-0.031304,-0.024822,0.041022
1790862460.718096,1790862460.769839,-0.050300,0.188118,0.278350,-0.005019,-0.009016,0.614859,0.788569,-1.089,-0.461,75.893,0.199272,-0.001796,-0.005568,0.001696,0.009260,-0.015440
1790862460.751431,1790862460.812467,-0.048612,0.194524,0.278293,-0.004687,-0.008494,0.614311,0.789005,-1.022,-0.438,75.812,0.207690,-0.018627,-0.008370,0.098620,0.012453,-0.059108
1790862460.784766,1790862460.850461,-0.046022,0.201367,0.278049,-0.002923,-0.006676,0.613455,0.789696,-0.734,-0.399,75.684,0.221241,-0.039197,-0.007710,0.196620,0.017783,-0.082532
1790862460.818101,1790862460.886505,-0.042407,0.210723,0.276990,-0.000196,-0.004285,0.612475,0.790479,-0.319,-0.374,75.539,0.234155,-0.050552,-0.005590,0.198787,-0.026935,-0.053702
1790862460.851436,1790862460.917281,-0.039178,0.217421,0.276890,0.002696,-0.002665,0.612385,0.790550,0.057,-0.431,75.525,0.243761,-0.052635,-0.003939,0.221150,-0.032265,0.029362
1790862460.884771,1790862460.949712,-0.035328,0.224767,0.276723,0.006004,-0.001247,0.612386,0.790535,0.456,-0.534,75.524,0.252202,-0.059349,-0.005382,0.151908,-0.078070,-0.070779
1790862460.918106,1790862460.980367,-0.031840,0.232145,0.276461,0.007070,-0.001440,0.611119,0.791506,0.540,-0.626,75.340,0.245183,-0.061162,-0.018594,-0.086732,0.013538,-0.068646
1790862460.951441,1790862461.017052,-0.028149,0.239458,0.275994,0.004104,-0.003067,0.610826,0.791748,0.158,-0.566,75.299,0.239985,-0.063763,-0.023055,-0.345605,0.011395,0.052781
1790862460.984776,1790862461.043418,-0.023444,0.248053,0.273781,-0.000730,-0.008111,0.612031,0.790792,-0.635,-0.684,75.480,0.236309,-0.063928,-0.021733,-0.466999,-0.195264,0.134811
1790862461.018109,1790862461.070170,-0.019242,0.254099,0.272533,-0.004004,-0.014082,0.613823,0.789308,-1.353,-0.992,75.754,0.230736,-0.067363,-0.039392,-0.216641,-0.051450,0.129470
1790862461.051444,1790862461.102470,-0.014556,0.261850,0.271490,-0.006174,-0.014116,0.615242,0.788188,-1.553,-0.840,75.961,0.227288,-0.073337,-0.060669,0.010266,0.251099,0.104978
1790862461.084779,1790862461.123804,-0.009922,0.269385,0.270375,-0.008513,-0.009091,0.616994,0.786869,-1.410,-0.218,76.204,0.216672,-0.072062,-0.052604,0.135966,0.359759,0.145471
1790862461.118114,1790862461.162482,-0.005760,0.275816,0.269216,-0.009221,-0.003572,0.618230,0.785935,-1.084,0.332,76.375,0.205491,-0.077767,-0.019283,0.206272,0.174398,0.018709
1790862461.151448,1790862461.202153,-0.002109,0.281160,0.268434,-0.007416,-0.000245,0.617985,0.786155,-0.686,0.503,76.338,0.199958,-0.075167,0.017070,0.219054,-0.039719,-0.036671
1790862461.184783,1790862461.256500,0.004222,0.295762,0.267449,-0.003668,0.000914,0.617685,0.786417,-0.266,0.342,76.294,0.207420,-0.073278,0.031367,0.136057,-0.186648,-0.001490
1790862461.218117,1790862461.286310,0.006623,0.295023,0.268460,-0.001386,-0.000776,0.618106,0.786093,-0.180,0.028,76.356,0.203906,-0.070848,0.019509,-0.007799,-0.090833,0.074113
1790862461.251451,1790862461.317452,0.010533,0.300645,0.269078,-0.001211,-0.002179,0.619254,0.785186,-0.264,-0.110,76.524,0.201748,-0.073502,0.007650,-0.061059,-0.048225,0.103931
1790862461.284784,1790862461.350611,0.014577,0.307096,0.269438,-0.001391,-0.002883,0.620517,0.784187,-0.330,-0.160,76.709,0.197015,-0.076593,-0.001978,0.001793,0.012497,0.087948
1790862461.318117,1790862461.382465,0.018581,0.313582,0.269613,-0.001364,-0.001622,0.621728,0.783231,-0.238,-0.048,76.885,0.187330,-0.071857,-0.008849,0.099795,0.111573,0.127366
1790862461.351451,1790862461.407653,0.022206,0.318783,0.269479,-0.001239,0.001289,0.623836,0.781553,-0.019,0.204,77.194,0.174426,-0.064146,-0.001942,0.116839,0.140332,0.179562
1790862461.384784,1790862461.447278,0.025517,0.323645,0.269461,-0.001248,0.003451,0.626055,0.779770,0.136,0.398,77.520,0.164300,-0.060073,0.009450,0.007118,0.045518,0.162514
1790862461.418117,1790862461.480359,0.028651,0.327696,0.269683,-0.002362,0.002530,0.627932,0.778260,-0.029,0.396,77.796,0.157569,-0.056320,0.016195,-0.195286,-0.046093,0.116712
1790862461.451449,1790862461.510924,0.030985,0.331976,0.270117,-0.004852,-0.000973,0.628947,0.777432,-0.502,0.263,77.945,0.153862,-0.056053,0.019318,-0.268801,-0.089773,0.032555
1790862461.484782,1790862461.544518,0.034493,0.336988,0.270337,-0.006860,-0.004126,0.629175,0.777222,-0.909,0.127,77.981,0.149740,-0.059500,0.020374,-0.150546,-0.061029,0.019738
1790862461.518116,1790862461.575632,0.037662,0.341594,0.271479,-0.006705,-0.005494,0.629577,0.776890,-0.993,-0.005,78.041,0.146513,-0.064689,0.029901,0.073156,-0.069549,0.021874
1790862461.551449,1790862461.605890,0.040724,0.345884,0.272368,-0.004365,-0.005064,0.629756,0.776764,-0.754,-0.136,78.067,0.141730,-0.063436,0.032420,0.172226,-0.058891,0.015488
1790862461.584781,1790862461.650471,0.043538,0.350000,0.273386,-0.001815,-0.003963,0.630472,0.776200,-0.448,-0.221,78.172,0.133918,-0.052975,0.030954,0.120023,-0.035454,0.084733
1790862461.618114,1790862461.679732,0.045786,0.353890,0.274683,-0.001214,-0.003792,0.631883,0.775054,-0.382,-0.249,78.380,0.122960,-0.038066,0.031679,-0.062143,0.009283,0.153965
1790862461.651447,1790862461.709528,0.047416,0.357372,0.276145,-0.002627,-0.005029,0.634154,0.773186,-0.598,-0.255,78.717,0.109194,-0.025734,0.038103,-0.183588,-0.004571,0.190172
1790862461.684780,1790862461.746242,0.049306,0.360465,0.278347,-0.005593,-0.007377,0.636715,0.771043,-1.032,-0.244,79.101,0.099591,-0.017558,0.045727,-0.273083,0.016742,0.214678
1790862461.718112,1790862461.785110,0.050781,0.363438,0.279447,-0.008694,-0.009864,0.639162,0.768960,-1.489,-0.232,79.470,0.093746,-0.020014,0.061183,-0.211275,-0.048259,0.182665
1790862461.751445,1790862461.817433,0.053189,0.368277,0.281997,-0.010177,-0.012200,0.641247,0.767170,-1.791,-0.325,79.787,0.099628,-0.033009,0.070273,-0.118579,-0.061010,0.101725
1790862461.784778,1790862461.846254,0.054791,0.371352,0.284272,-0.010258,-0.013671,0.641662,0.766797,-1.907,-0.447,79.853,0.105459,-0.046759,0.070580,0.009246,-0.054614,-0.037813
1790862461.818110,1790862461.882905,0.056138,0.374020,0.286673,-0.009593,-0.013582,0.640798,0.767530,-1.841,-0.490,79.724,0.112718,-0.051534,0.064192,0.026266,0.015681,-0.101723
1790862461.851443,1790862461.919716,0.056677,0.375367,0.288239,-0.009277,-0.013373,0.639305,0.768781,-1.797,-0.498,79.500,0.113882,-0.048389,0.058774,-0.004687,0.000728,-0.128359
1790862461.884774,1790862461.951833,0.059501,0.380005,0.290419,-0.009793,-0.013947,0.637668,0.770123,-1.884,-0.515,79.259,0.121649,-0.046991,0.055078,-0.068592,-0.034414,-0.125164
1790862461.918107,1790862461.982508,0.061587,0.383803,0.292332,-0.009365,-0.015012,0.636228,0.771298,-1.923,-0.644,79.048,0.126583,-0.043612,0.054964,0.051780,-0.062110,-0.098532
1790862461.951439,1790862462.013881,0.063498,0.387527,0.294089,-0.008458,-0.014259,0.635105,0.772248,-1.787,-0.646,78.879,0.133725,-0.039940,0.042206,0.073076,0.095547,-0.068704
1790862461.984771,1790862462.053530,0.065082,0.391104,0.295730,-0.008331,-0.011611,0.634563,0.772739,-1.582,-0.422,78.791,0.137909,-0.033861,0.040559,0.112477,0.125357,-0.015444
1790862462.018103,1790862462.090393,0.063054,0.391515,0.296916,-0.007950,-0.009748,0.634655,0.772693,-1.413,-0.285,78.800,0.141249,-0.022980,0.052366,0.032478,0.026193,0.017591
1790862462.051435,1790862462.126139,0.066205,0.398378,0.298956,-0.007792,-0.010385,0.635032,0.772377,-1.446,-0.352,78.857,0.154196,-0.020538,0.065928,-0.067624,-0.116523,0.042092
1790862462.084767,1790862462.162994,0.069655,0.405949,0.301374,-0.007682,-0.013439,0.635590,0.771872,-1.659,-0.629,78.948,0.168764,-0.023183,0.072799,-0.118716,-0.194245,0.033580
1790862462.118099,1790862462.197846,0.071606,0.412024,0.303916,-0.007428,-0.016767,0.635867,0.771581,-1.879,-0.941,79.000,0.184010,-0.027841,0.063689,-0.108067,-0.083444,0.019734
1790862462.151431,1790862462.226667,0.072998,0.417347,0.306257,-0.008183,-0.018146,0.636086,0.771361,-2.047,-1.007,79.038,0.196716,-0.030409,0.058487,-0.065473,0.006022,0.014407
1790862462.184764,1790862462.255504,0.074730,0.423086,0.308560,-0.008805,-0.018942,0.636036,0.771377,-2.160,-1.033,79.034,0.205252,-0.036477,0.060626,-0.083598,-0.022754,-0.007965
1790862462.218098,1790862462.287227,0.077003,0.429642,0.310778,-0.009230,-0.019989,0.636053,0.771332,-2.274,-1.094,79.041,0.212725,-0.038066,0.063422,-0.003707,-0.049389,0.013338
1790862462.251432,1790862462.322433,0.079392,0.436518,0.313035,-0.008297,-0.020389,0.636100,0.771292,-2.221,-1.197,79.049,0.221000,-0.040832,0.061179,0.049548,-0.046190,-0.001575
1790862462.284766,1790862462.349174,0.081658,0.443218,0.315227,-0.007728,-0.020457,0.636209,0.771206,-2.175,-1.245,79.066,0.226840,-0.039239,0.054618,-0.012247,-0.006783,0.017599
1790862462.318100,1790862462.374684,0.084272,0.450320,0.317361,-0.008042,-0.021210,0.636631,0.770835,-2.259,-1.287,79.132,0.234259,-0.037298,0.048366,-0.069777,-0.035549,0.077254
1790862462.351433,1790862462.404548,0.087372,0.458026,0.318997,-0.008423,-0.022162,0.638077,0.769607,-2.365,-1.339,79.351,0.247503,-0.036635,0.039505,-0.004785,-0.028091,0.151820
1790862462.384767,1790862462.434723,0.090627,0.465815,0.320193,-0.008019,-0.022102,0.639977,0.768034,-2.328,-1.357,79.634,0.261892,-0.044238,0.028242,0.031444,0.001732,0.115601
1790862462.418100,1790862462.466253,0.093098,0.472736,0.321120,-0.007242,-0.021568,0.640741,0.767420,-2.222,-1.365,79.745,0.278131,-0.050498,0.022046,0.085764,-0.022787,-0.005838
1790862462.451434,1790862462.502054,0.095390,0.481316,0.322075,-0.004864,-0.021154,0.640200,0.767901,-1.981,-1.505,79.662,0.299576,-0.049157,0.020412,0.172032,-0.137847,-0.094254
1790862462.484768,1790862462.548906,0.099894,0.490964,0.322672,-0.000342,-0.021127,0.638637,0.769218,-1.577,-1.838,79.427,0.320581,-0.055051,0.006245,0.235958,-0.181514,-0.168819
1790862462.518101,1790862462.583079,0.097522,0.499545,0.321968,0.004555,-0.020536,0.636470,0.771015,-1.096,-2.147,79.100,0.335895,-0.047037,-0.024297,0.236914,-0.105898,-0.160275
1790862462.551435,1790862462.615494,0.102360,0.510763,0.321632,0.008209,-0.019160,0.634762,0.772426,-0.668,-2.294,78.839,0.351118,-0.047546,-0.053282,0.198579,-0.049436,-0.117665
1790862462.584768,1790862462.648830,0.105854,0.521771,0.320117,0.011059,-0.017598,0.633400,0.773546,-0.297,-2.363,78.629,0.366591,-0.051462,-0.072677,0.173002,-0.011093,-0.095296
1790862462.618102,1790862462.684607,0.105526,0.527063,0.316868,0.013054,-0.016326,0.632179,0.774540,-0.024,-2.395,78.443,0.373777,-0.060770,-0.074254,0.098366,-0.014354,-0.141100
1790862462.651435,1790862462.713081,0.109354,0.539493,0.315564,0.015497,-0.014934,0.629471,0.776726,0.302,-2.448,78.037,0.386686,-0.047724,-0.058820,0.213401,-0.029272,-0.284923
1790862462.684768,1790862462.744874,0.112494,0.552814,0.314466,0.018988,-0.014341,0.626067,0.779406,0.668,-2.644,77.532,0.391783,-0.026365,-0.043850,0.149468,-0.221014,-0.193309
1790862462.718101,1790862462.782157,0.117256,0.567053,0.313500,0.022779,-0.016715,0.624528,0.780491,0.842,-3.127,77.309,0.397355,-0.027045,-0.053187,0.038692,-0.190094,-0.040968
1790862462.751435,1790862462.818780,0.117633,0.575935,0.311187,0.023007,-0.016799,0.624059,0.780857,0.859,-3.150,77.240,0.406277,-0.025609,-0.081291,-0.068949,0.222140,-0.010081
1790862462.784767,1790862462.841574,0.121346,0.588776,0.310242,0.017934,-0.014998,0.624284,0.780848,0.532,-2.626,77.272,0.411335,-0.020552,-0.063678,-0.339540,0.264726,0.036773
1790862462.818099,1790862462.877952,0.125477,0.602096,0.309486,0.010784,-0.018391,0.624839,0.780462,-0.353,-2.418,77.369,0.404992,-0.020649,-0.022876,-0.555789,-0.076179,0.050615
1790862462.851433,1790862462.916668,0.129248,0.615241,0.308994,0.005690,-0.025558,0.625197,0.780028,-1.324,-2.693,77.456,0.397508,-0.032743,-0.000450,-0.371488,-0.182690,0.004809
1790862462.884766,1790862462.942371,0.133172,0.628046,0.309549,0.003920,-0.028771,0.624891,0.780172,-1.712,-2.854,77.430,0.393170,-0.036044,0.006212,0.019471,0.030383,-0.014360
1790862462.918099,1790862462.972957,0.137159,0.640670,0.310625,0.005558,-0.025858,0.624616,0.780484,-1.355,-2.712,77.372,0.382940,-0.033221,0.023325,0.288989,0.046366,-0.055905
1790862462.951432,1790862463.003847,0.140845,0.652724,0.312120,0.008937,-0.023734,0.623588,0.781342,-0.897,-2.765,77.208,0.361908,-0.031692,0.034468,0.134521,-0.093182,-0.126209
1790862462.984764,1790862463.038247,0.143690,0.664103,0.313841,0.010500,-0.024708,0.621397,0.783036,-0.818,-2.966,76.890,0.345146,-0.034356,0.028518,-0.056178,-0.088918,-0.201847
1790862463.018097,1790862463.077373,0.146745,0.674423,0.315317,0.009772,-0.026216,0.618720,0.785113,-0.981,-3.053,76.507,0.326130,-0.037494,0.013576,-0.142477,0.042105,-0.170960
1790862463.051430,1790862463.109680,0.150831,0.683886,0.316297,0.006875,-0.026510,0.617235,0.786302,-1.257,-2.876,76.294,0.302563,-0.042337,0.003383,-0.176561,0.132648,-0.039930
1790862463.084762,1790862463.148215,0.155819,0.692547,0.316861,0.002941,-0.027042,0.617293,0.786263,-1.650,-2.645,76.309,0.278764,-0.047198,0.003532,-0.238332,0.081509,0.063404
1790862463.118095,1790862463.183429,0.158666,0.699871,0.317444,-0.000178,-0.029132,0.618143,0.785526,-2.082,-2.611,76.447,0.259879,-0.054506,0.008770,-0.188263,-0.029286,0.054894
1790862463.151427,1790862463.210555,0.161862,0.707663,0.318141,-0.002031,-0.030711,0.618475,0.785201,-2.362,-2.620,76.507,0.244155,-0.059482,0.001279,-0.099852,0.051677,0.001627
1790862463.184761,1790862463.237651,0.165159,0.714685,0.318586,-0.004116,-0.030497,0.618097,0.785499,-2.534,-2.454,76.452,0.223012,-0.060766,-0.003923,-0.100924,0.117722,-0.030332
1790862463.218093,1790862463.263587,0.168707,0.720984,0.318993,-0.006977,-0.030824,0.618089,0.785473,-2.815,-2.281,76.454,0.200876,-0.051241,0.005138,-0.202126,0.021842,0.053823
1790862463.251427,1790862463.310859,0.173135,0.727047,0.319402,-0.009098,-0.033508,0.619305,0.784382,-3.200,-2.367,76.652,0.177466,-0.044874,0.014906,-0.124340,-0.116635,0.131598
1790862463.284761,1790862463.343777,0.176903,0.732519,0.319794,-0.008970,-0.034580,0.620875,0.783095,-3.270,-2.466,76.888,0.156494,-0.049698,0.003167,0.063163,0.037844,0.090060
1790862463.318094,1790862463.371429,0.178640,0.736678,0.320158,-0.009178,-0.032152,0.621266,0.782886,-3.116,-2.232,76.929,0.138082,-0.047960,-0.007590,0.070606,0.184848,-0.030323
1790862463.351428,1790862463.406187,0.179742,0.739960,0.320483,-0.009966,-0.029859,0.620516,0.783562,-3.021,-1.973,76.805,0.114560,-0.041842,0.003567,0.013065,0.065523,-0.067614
1790862463.384761,1790862463.443210,0.181744,0.743003,0.320738,-0.010148,-0.029705,0.619773,0.784153,-3.025,-1.949,76.695,0.094194,-0.039436,0.010424,-0.022087,-0.013303,-0.058023
1790862463.418094,1790862463.482868,0.183890,0.744778,0.320448,-0.010957,-0.030055,0.619220,0.784566,-3.121,-1.925,76.617,0.082913,-0.029821,0.011621,-0.056157,-0.011158,-0.000467
1790862463.451428,1790862463.512677,0.185595,0.747246,0.321075,-0.011599,-0.031322,0.619808,0.784042,-3.270,-1.991,76.712,0.071062,-0.018050,0.012629,-0.098763,-0.034593,0.086886
1790862463.484761,1790862463.544821,0.187151,0.749150,0.321570,-0.012648,-0.032178,0.620573,0.783386,-3.428,-1.990,76.830,0.062659,-0.009863,0.019777,-0.046556,0.018670,0.044276
1790862463.518094,1790862463.576592,0.187996,0.750948,0.322449,-0.012309,-0.032208,0.621509,0.782648,-3.402,-2.012,76.967,0.055452,0.002528,0.039914,0.056781,-0.094248,0.087956
1790862463.551428,1790862463.608829,0.188547,0.752650,0.323761,-0.009936,-0.033207,0.622549,0.781812,-3.263,-2.267,77.125,0.044963,0.005675,0.055935,0.160120,-0.193314,0.045350
1790862463.584760,1790862463.637504,0.188379,0.754303,0.325593,-0.004272,-0.032780,0.623260,0.781316,-2.728,-2.631,77.222,0.046052,0.010375,0.054658,0.384896,-0.166676,0.053874
1790862463.618093,1790862463.676210,0.187888,0.756332,0.327304,0.002399,-0.029840,0.624262,0.780641,-1.923,-2.842,77.345,0.054474,0.013596,0.034803,0.410458,-0.047362,0.031502
1790862463.651427,1790862463.706716,0.186794,0.757821,0.328408,0.005846,-0.027242,0.624496,0.780531,-1.429,-2.856,77.362,0.066426,0.014865,0.010604,-0.005018,0.031460,0.010187
1790862463.684758,1790862463.743229,0.186630,0.759208,0.328949,0.002891,-0.030268,0.625150,0.779912,-1.913,-2.913,77.478,0.071951,0.019930,0.003309,-0.472680,-0.118761,0.117777
1790862463.718091,1790862463.780257,0.187343,0.755692,0.327863,-0.002621,-0.037289,0.626929,0.778179,-2.918,-3.138,77.792,0.075965,0.013957,-0.007909,-0.465198,-0.076177,0.182768
1790862463.751424,1790862463.808140,0.187780,0.758790,0.327645,-0.006195,-0.039959,0.628581,0.776692,-3.437,-3.112,78.060,0.091341,-0.001970,-0.014672,-0.014581,0.108115,0.065583
1790862463.784757,1790862463.838847,0.186868,0.760938,0.327302,-0.005820,-0.035880,0.628638,0.776848,-3.108,-2.776,78.036,0.103914,-0.011593,-0.015088,0.331620,0.227419,-0.057990
1790862463.818089,1790862463.869094,0.185591,0.762460,0.326848,-0.002445,-0.028557,0.627501,0.778088,-2.274,-2.371,77.817,0.114022,-0.011127,-0.004081,0.487133,0.187990,-0.140020
1790862463.851422,1790862463.907847,0.185304,0.764920,0.326699,0.002010,-0.021804,0.625938,0.779565,-1.385,-2.092,77.550,0.128831,-0.002448,0.011227,0.389116,0.092109,-0.119778
1790862463.884754,1790862463.942640,0.186254,0.768771,0.327044,0.005197,-0.018100,0.624821,0.780541,-0.832,-1.991,77.369,0.147026,0.003832,0.018770,0.172864,0.007950,-0.064380
1790862463.918087,1790862463.976082,0.187869,0.774852,0.327945,0.006000,-0.017773,0.624172,0.781062,-0.735,-2.020,77.272,0.169264,0.008356,0.016436,-0.091324,-0.026131,-0.039878
1790862463.951419,1790862464.009142,0.189308,0.780545,0.328626,0.004748,-0.019892,0.623746,0.781359,-0.997,-2.121,77.218,0.196462,0.011524,0.014370,-0.143519,-0.090052,-0.011115
1790862463.984752,1790862464.043333,0.190994,0.787385,0.329034,0.004469,-0.021849,0.623663,0.781375,-1.162,-2.276,77.214,0.226015,0.006682,0.003158,-0.025267,-0.057025,-0.004721
1790862464.018084,1790862464.070394,0.191654,0.794280,0.329151,0.004118,-0.021980,0.623065,0.781850,-1.201,-2.264,77.127,0.254718,-0.001132,-0.016120,-0.056170,0.079323,-0.083556
1790862464.051416,1790862464.112223,0.191701,0.801015,0.329020,0.001992,-0.021991,0.621744,0.782909,-1.389,-2.115,76.935,0.277640,-0.001755,-0.027039,-0.181888,0.073978,-0.119783
1790862464.084749,1790862464.142008,0.192123,0.808628,0.328544,-0.001598,-0.023776,0.619560,0.784587,-1.833,-2.025,76.626,0.293009,-0.006681,-0.032080,-0.279908,0.052658,-0.193294
1790862464.118080,1790862464.171088,0.193503,0.816685,0.327695,-0.005249,-0.025951,0.616772,0.786696,-2.309,-1.969,76.233,0.302079,-0.017313,-0.026680,-0.213868,0.015364,-0.210337
1790862464.151412,1790862464.214362,0.196458,0.826032,0.326894,-0.007651,-0.027813,0.613849,0.788896,-2.651,-1.977,75.819,0.310229,-0.030325,-0.021449,-0.172324,-0.013396,-0.225250
1790862464.184744,1790862464.254437,0.197072,0.823466,0.323100,-0.009706,-0.029970,0.610992,0.791010,-2.981,-2.037,75.419,0.308066,-0.033675,-0.019676,-0.202155,-0.061372,-0.158118
1790862464.218078,1790862464.288954,0.202872,0.834684,0.323091,-0.010305,-0.031925,0.609523,0.792058,-3.169,-2.178,75.220,0.319527,-0.019353,-0.013035,0.055659,-0.068821,-0.071825
1790862464.251412,1790862464.319228,0.208842,0.847367,0.322988,-0.008108,-0.031687,0.608617,0.792790,-2.950,-2.314,75.086,0.341103,-0.015036,-0.015934,0.127047,-0.086916,-0.079270
1790862464.284746,1790862464.345752,0.211249,0.849946,0.320256,-0.005717,-0.031863,0.607426,0.793716,-2.742,-2.501,74.913,0.351559,-0.018924,-0.026551,0.068466,-0.125284,-0.130380
1790862464.318079,1790862464.369865,0.214149,0.861442,0.320156,-0.004654,-0.032589,0.605037,0.795517,-2.688,-2.649,74.572,0.367869,-0.019696,-0.047059,-0.064704,0.052609,-0.241180
1790862464.351413,1790862464.407057,0.217376,0.873093,0.319630,-0.007405,-0.032541,0.601386,0.798261,-2.924,-2.467,74.050,0.368376,-0.019663,-0.047897,-0.205330,0.139954,-0.291255
1790862464.384746,1790862464.455255,0.221281,0.884312,0.319125,-0.011386,-0.034127,0.597181,0.801299,-3.386,-2.355,73.461,0.354075,-0.022088,-0.027430,-0.295883,-0.017712,-0.309365
1790862464.418080,1790862464.486303,0.222376,0.884175,0.316329,-0.014220,-0.037678,0.592990,0.804202,-3.877,-2.507,72.892,0.326164,-0.016177,-0.016112,-0.240490,-0.112562,-0.267796
1790862464.451413,1790862464.518645,0.226730,0.893678,0.316140,-0.015268,-0.041132,0.589972,0.806231,-4.200,-2.769,72.492,0.313878,-0.006578,-0.019054,-0.098797,-0.112562,-0.169790
1790862464.484747,1790862464.548278,0.228623,0.892084,0.313747,-0.014959,-0.041503,0.587895,0.807733,-4.189,-2.835,72.201,0.304325,-0.001606,-0.037042,0.034374,0.115357,-0.153794
1790862464.518080,1790862464.571009,0.231918,0.903397,0.313764,-0.016131,-0.038707,0.585507,0.809582,-4.101,-2.509,71.840,0.300281,0.004318,-0.042814,-0.002914,0.248515,-0.185763
1790862464.551412,1790862464.613932,0.234523,0.913753,0.313265,-0.018659,-0.035927,0.582721,0.811664,-4.141,-2.096,71.427,0.287931,0.011025,-0.028540,-0.050859,0.208035,-0.212399
1790862464.584746,1790862464.648556,0.235408,0.921255,0.309550,-0.021086,-0.033137,0.580279,0.813470,-4.175,-1.687,71.065,0.273889,0.020160,-0.016528,0.105740,0.168652,-0.149525
1790862464.618079,1790862464.671906,0.238068,0.931503,0.310140,-0.019653,-0.029041,0.578332,0.815048,-3.764,-1.410,70.763,0.264206,0.018837,-0.004544,0.313472,0.151613,-0.136749
1790862464.651412,1790862464.708400,0.239799,0.934802,0.308314,-0.017109,-0.024350,0.577022,0.816186,-3.213,-1.146,70.551,0.248408,0.022925,0.004361,0.200566,0.074910,-0.074941
1790862464.684745,1790862464.735456,0.241653,0.941844,0.308608,-0.016278,-0.023618,0.576214,0.816795,-3.085,-1.136,70.433,0.233718,0.023411,0.011132,-0.130738,-0.051865,-0.056836
1790862464.718078,1790862464.766540,0.243523,0.948966,0.309100,-0.018406,-0.026805,0.575224,0.817349,-3.494,-1.298,70.313,0.220029,0.022136,0.014871,-0.268158,-0.116851,-0.093057
1790862464.751411,1790862464.803629,0.245203,0.955743,0.309687,-0.020161,-0.030611,0.573626,0.818297,-3.907,-1.545,70.114,0.202412,0.017974,0.013260,-0.133932,-0.106198,-0.131407
1790862464.784743,1790862464.837216,0.246987,0.962584,0.310196,-0.020237,-0.031725,0.571817,0.819518,-3.984,-1.654,69.868,0.178826,0.014600,0.004458,0.061015,0.022705,-0.111167
1790862464.818076,1790862464.876259,0.248900,0.968022,0.310296,-0.019451,-0.029861,0.570935,0.820222,-3.786,-1.534,69.732,0.153678,0.017718,-0.002529,0.120677,0.097277,-0.002504
1790862464.851409,1790862464.900967,0.250570,0.969011,0.308721,-0.019230,-0.027503,0.571773,0.819725,-3.612,-1.324,69.835,0.130220,0.024492,-0.004090,-0.006066,0.071707,0.127476
1790862464.884742,1790862464.923042,0.251360,0.973315,0.308824,-0.020945,-0.028170,0.573977,0.818118,-3.820,-1.263,70.148,0.107992,0.028912,-0.002591,-0.209535,-0.044412,0.174346
1790862464.918074,1790862464.961088,0.251960,0.976970,0.308738,-0.023611,-0.030988,0.576445,0.816207,-4.260,-1.339,70.513,0.090951,0.030124,-0.001567,-0.186095,-0.045476,0.212698
1790862464.951407,1790862465.031245,0.252467,0.980269,0.308631,-0.024361,-0.032046,0.579625,0.813888,-4.406,-1.371,70.967,0.084142,0.026614,-0.003074,0.068514,-0.016711,0.265962
1790862464.984739,1790862465.068714,0.252943,0.983888,0.308495,-0.021608,-0.028975,0.583340,0.811423,-3.950,-1.250,71.469,0.083714,0.020610,-0.008229,0.445630,0.167587,0.243590
1790862465.018071,1790862465.106160,0.253073,0.987764,0.308754,-0.017146,-0.020593,0.586212,0.809715,-2.976,-0.759,71.827,0.092115,0.018514,0.012955,0.534044,0.251749,0.149842
1790862465.051403,1790862465.140548,0.257007,0.990600,0.308789,-0.012727,-0.015231,0.588337,0.808372,-2.206,-0.553,72.105,0.089329,0.029519,0.058979,0.127145,-0.161580,0.196724
1790862465.084736,1790862465.165167,0.255093,0.992341,0.311088,-0.010763,-0.022495,0.591905,0.805622,-2.521,-1.347,72.640,0.082159,0.050648,0.078136,-0.430012,-0.638840,0.291537
1790862465.118068,1790862465.204945,0.254416,0.996598,0.313261,-0.012266,-0.034768,0.595212,0.802722,-3.505,-2.362,73.186,0.083309,0.055166,0.036378,-0.523755,-0.304332,0.179680
1790862465.151400,1790862465.242976,0.256046,0.997616,0.312474,-0.017861,-0.039201,0.595859,0.801933,-4.326,-2.384,73.317,0.089027,0.049003,-0.002138,-0.356468,0.230437,-0.029108
1790862465.184733,1790862465.269731,0.253787,1.000031,0.313032,-0.024563,-0.038718,0.594455,0.802821,-4.906,-1.889,73.118,0.080728,0.046349,0.010362,-0.209473,0.215518,-0.121792
1790862465.218067,1790862465.294698,0.252072,1.001852,0.313640,-0.027881,-0.039118,0.592314,0.804274,-5.234,-1.713,72.819,0.070934,0.042950,0.043613,-0.142366,-0.026309,-0.180382
1790862465.251402,1790862465.325609,0.250743,1.003732,0.314724,-0.028547,-0.041007,0.589835,0.805977,-5.419,-1.858,72.483,0.070992,0.050011,0.055808,-0.064600,-0.064667,-0.180380
1790862465.284736,1790862465.353047,0.249232,1.006229,0.316086,-0.028721,-0.040981,0.587331,0.807798,-5.428,-1.861,72.128,0.080791,0.066400,0.038348,0.038730,0.149453,-0.189967
1790862465.318070,1790862465.381698,0.247509,1.009366,0.317245,-0.029870,-0.037129,0.585063,0.809586,-5.269,-1.442,71.775,0.095487,0.087460,0.030746,0.123953,0.293267,-0.123920
1790862465.351404,1790862465.411117,0.246466,1.014134,0.318416,-0.030863,-0.032924,0.584228,0.810334,-5.078,-0.991,71.625,0.111920,0.115005,0.046201,0.053653,0.149456,0.039068
1790862465.384738,1790862465.445732,0.245759,1.020764,0.319664,-0.031292,-0.031872,0.585496,0.809444,-5.048,-0.857,71.797,0.135206,0.136522,0.057518,-0.040076,0.006712,0.128553
1790862465.418072,1790862465.480986,0.245291,1.025936,0.320779,-0.032848,-0.031891,0.586884,0.808375,-5.195,-0.745,71.993,0.169208,0.148094,0.051861,-0.123143,0.095131,0.044405
1790862465.451405,1790862465.509754,0.239639,1.032321,0.322247,-0.035727,-0.032054,0.586350,0.808635,-5.473,-0.570,71.920,0.203616,0.163019,0.055473,-0.129552,0.070620,-0.099420
1790862465.484739,1790862465.541467,0.234269,1.039120,0.323424,-0.036680,-0.032659,0.584077,0.810211,-5.601,-0.577,71.603,0.228565,0.170804,0.062436,0.007857,-0.042310,-0.244297
1790862465.518073,1790862465.567764,0.229327,1.047068,0.324485,-0.035520,-0.032818,0.580316,0.812954,-5.500,-0.695,71.075,0.249965,0.183117,0.057940,0.090937,-0.017818,-0.310342
1790862465.551406,1790862465.595814,0.224818,1.056087,0.325643,-0.033629,-0.031821,0.576139,0.816039,-5.253,-0.755,70.480,0.263867,0.193941,0.052719,0.167631,0.012001,-0.306082
1790862465.584740,1790862465.642669,0.220960,1.066254,0.326818,-0.030474,-0.029439,0.571979,0.819173,-4.796,-0.766,69.881,0.280689,0.202900,0.047251,0.317833,0.025847,-0.329518
1790862465.618073,1790862465.687022,0.217256,1.077758,0.327803,-0.025590,-0.026159,0.567550,0.822525,-4.117,-0.801,69.241,0.300216,0.218968,0.040639,0.375355,-0.027418,-0.346564
1790862465.651407,1790862465.716106,0.212980,1.084570,0.325635,-0.019348,-0.023170,0.562735,0.826086,-3.328,-0.946,68.553,0.311821,0.232421,0.030486,0.365774,-0.113748,-0.378512
1790862465.684741,1790862465.744819,0.211229,1.100300,0.327284,-0.013671,-0.022149,0.557657,0.829663,-2.717,-1.232,67.843,0.325995,0.235603,0.019426,0.223032,-0.126516,-0.385974
1790862465.718074,1790862465.772195,0.206297,1.110401,0.326335,-0.010676,-0.021908,0.551847,0.833589,-2.407,-1.418,67.040,0.327023,0.233417,-0.003749,0.065357,0.018343,-0.471191
1790862465.751407,1790862465.814584,0.203426,1.121735,0.326433,-0.011351,-0.020009,0.544795,0.838254,-2.341,-1.214,66.066,0.332766,0.238282,-0.006358,-0.012405,0.195182,-0.536180
1790862465.784741,1790862465.847059,0.198466,1.131444,0.324486,-0.012909,-0.019003,0.537066,0.843228,-2.418,-1.042,65.009,0.330901,0.235367,0.018657,-0.153030,-0.046667,-0.568124
1790862465.818074,1790862465.872143,0.194095,1.140704,0.323221,-0.014374,-0.022449,0.528603,0.848451,-2.759,-1.312,63.879,0.317482,0.224654,0.034633,-0.275542,-0.215017,-0.635225
1790862465.851407,1790862465.907692,0.192968,1.155131,0.324633,-0.016618,-0.028790,0.519583,0.853773,-3.344,-1.828,62.701,0.305866,0.222911,0.040691,-0.392724,-0.216077,-0.618190
1790862465.884739,1790862465.945420,0.194536,1.181226,0.327531,-0.021967,-0.033686,0.511438,0.858379,-4.141,-2.027,61.648,0.307314,0.229940,0.027108,-0.542935,0.155784,-0.495603
1790862465.918072,1790862465.979725,0.187555,1.176410,0.325844,-0.033294,-0.034798,0.504310,0.862179,-5.310,-1.514,60.719,0.268045,0.220934,0.017511,-0.639877,0.458244,-0.430703
1790862465.951406,1790862466.010476,0.182930,1.185356,0.325459,-0.045146,-0.032766,0.497218,0.865831,-6.360,-0.679,59.772,0.239000,0.208466,0.036306,-0.523773,0.500837,-0.518058
1790862465.984739,1790862466.039250,0.179649,1.193975,0.327517,-0.054598,-0.031952,0.489263,0.869839,-7.253,-0.124,58.721,0.203805,0.206855,0.079425,-0.343748,0.222811,-0.379568
1790862466.018072,1790862466.069034,0.176402,1.202455,0.329706,-0.059561,-0.032919,0.484380,0.872207,-7.804,0.016,58.090,0.167201,0.189033,0.117497,-0.191413,-0.021148,-0.271973
1790862466.051404,1790862466.106560,0.173596,1.210511,0.332933,-0.058306,-0.034827,0.482130,0.873463,-7.784,-0.265,57.813,0.160000,0.184522,0.119898,0.236835,-0.188400,-0.041872
1790862466.084737,1790862466.142599,0.171129,1.218365,0.335551,-0.053465,-0.033129,0.482250,0.873773,-7.203,-0.363,57.813,0.164118,0.179076,0.080709,0.313541,0.167409,-0.025892
1790862466.118070,1790862466.176890,0.169284,1.226230,0.337130,-0.051569,-0.026584,0.481101,0.874743,-6.650,0.178,57.610,0.161259,0.165254,0.054084,0.282651,0.374082,-0.108988
1790862466.151403,1790862466.209536,0.167849,1.233323,0.338185,-0.049547,-0.019048,0.479366,0.876008,-6.032,0.810,57.334,0.151563,0.156303,0.053203,0.385993,0.271811,-0.095145
1790862466.184736,1790862466.244945,0.166683,1.240035,0.339728,-0.043916,-0.013339,0.478753,0.876749,-5.152,1.069,57.226,0.146218,0.152644,0.071631,0.458445,0.019336,0.034816
1790862466.218069,1790862466.273226,0.165239,1.246685,0.341678,-0.038760,-0.010708,0.479972,0.876362,-4.487,1.057,57.376,0.144926,0.154262,0.078333,0.192131,-0.029673,0.112579
1790862466.251402,1790862466.305830,0.163237,1.253964,0.343766,-0.036861,-0.009833,0.481801,0.875450,-4.245,1.049,57.613,0.147502,0.155605,0.075651,0.077075,0.003352,0.128554
1790862466.284735,1790862466.343952,0.161985,1.260622,0.345606,-0.037081,-0.009164,0.483687,0.874407,-4.228,1.137,57.857,0.149075,0.146548,0.070508,-0.150889,0.077914,0.121092
1790862466.318068,1790862466.371263,0.160265,1.267754,0.347627,-0.041374,-0.009890,0.485262,0.873333,-4.697,1.311,58.063,0.151390,0.141458,0.079017,-0.336253,0.082177,0.115766
1790862466.351399,1790862466.408786,0.159390,1.274594,0.349959,-0.047009,-0.011938,0.486947,0.872084,-5.373,1.430,58.288,0.155169,0.130764,0.096335,-0.352226,-0.011569,0.148783
1790862466.384732,1790862466.441899,0.158462,1.281287,0.352878,-0.049919,-0.015190,0.488856,0.870802,-5.844,1.281,58.553,0.157574,0.106149,0.110299,-0.132774,-0.126623,0.073147
1790862466.418064,1790862466.481153,0.158758,1.287787,0.355995,-0.049551,-0.017058,0.489357,0.870507,-5.911,1.077,58.630,0.165810,0.088326,0.111835,0.065375,-0.109586,0.015617
1790862466.451397,1790862466.504431,0.158853,1.294149,0.359336,-0.046325,-0.017451,0.489517,0.870587,-5.610,0.858,58.655,0.172629,0.075072,0.112152,0.252864,-0.107457,-0.035517
1790862466.484729,1790862466.547264,0.160489,1.300147,0.362513,-0.041280,-0.016754,0.488473,0.871441,-5.067,0.638,58.516,0.180184,0.060961,0.111967,0.242219,-0.157539,-0.115417
1790862466.518062,1790862466.584806,0.161518,1.306883,0.365904,-0.035969,-0.017903,0.487523,0.872185,-4.600,0.220,58.399,0.177961,0.059871,0.101872,0.237954,-0.225718,-0.022740
1790862466.551394,1790862466.615451,0.164233,1.313202,0.368512,-0.031764,-0.018113,0.488103,0.872020,-4.191,-0.033,58.476,0.183353,0.053859,0.074503,0.114392,-0.039299,0.089107
1790862466.584726,1790862466.646771,0.166201,1.319145,0.370562,-0.031320,-0.018218,0.490199,0.870857,-4.153,-0.059,58.752,0.183099,0.047161,0.045526,-0.057114,-0.005207,0.190309
1790862466.618058,1790862466.682356,0.170284,1.324725,0.371186,-0.032231,-0.017710,0.493203,0.869137,-4.215,0.058,59.145,0.194301,0.038090,0.017554,-0.030460,0.095982,0.225454
1790862466.651390,1790862466.713255,0.172748,1.331369,0.371301,-0.033190,-0.016333,0.496627,0.867175,-4.231,0.266,59.589,0.201670,0.033017,-0.003906,-0.045375,0.076805,0.280849
1790862466.684722,1790862466.744390,0.175584,1.337704,0.370550,-0.035728,-0.016431,0.501547,0.864236,-4.487,0.426,60.239,0.201863,0.034376,-0.027530,-0.210493,0.044842,0.383117
1790862466.718055,1790862466.780653,0.178473,1.344105,0.369115,-0.038462,-0.016582,0.507074,0.860884,-4.764,0.599,60.973,0.207168,0.025172,-0.044323,-0.046435,0.062951,0.391638
1790862466.751386,1790862466.812460,0.185719,1.352480,0.366220,-0.037547,-0.015103,0.512362,0.857815,-4.583,0.720,61.670,0.220692,0.003011,-0.058109,0.068633,0.019246,0.341546
1790862466.784717,1790862466.844086,0.188410,1.358427,0.364381,-0.037113,-0.014382,0.516512,0.855354,-4.494,0.787,62.221,0.225917,-0.016070,-0.056261,0.037733,-0.019100,0.233963
1790862466.818049,1790862466.883923,0.197227,1.364931,0.361665,-0.033590,-0.015180,0.519341,0.853771,-4.194,0.514,62.605,0.250319,-0.056663,-0.036396,0.209269,-0.330200,0.121028
1790862466.851381,1790862466.909504,0.201799,1.371887,0.360479,-0.026848,-0.017137,0.519790,0.853700,-3.650,-0.077,62.674,0.251747,-0.085986,-0.045302,0.294478,-0.183191,-0.094156
1790862466.884712,1790862466.951041,0.209256,1.377825,0.359077,-0.023308,-0.014697,0.519065,0.854290,-3.158,-0.052,62.567,0.254860,-0.080603,-0.043672,0.255068,0.170486,0.035807
1790862466.918044,1790862466.985328,0.217497,1.383658,0.357350,-0.020291,-0.009188,0.520680,0.853461,-2.534,0.312,62.766,0.250446,-0.074148,-0.019579,0.341368,0.192834,0.214773
1790862466.951375,1790862467.010927,0.224089,1.389886,0.357071,-0.017532,-0.003403,0.524633,0.851141,-1.915,0.722,63.286,0.244961,-0.068274,0.010556,0.208211,0.208808,0.346868
1790862466.984707,1790862467.043832,0.229937,1.395932,0.357918,-0.020107,-0.001099,0.530188,0.847641,-2.021,1.115,64.031,0.237642,-0.055387,0.037994,-0.413915,0.143827,0.439549
1790862467.018038,1790862467.076248,0.234965,1.402024,0.359582,-0.028811,-0.005735,0.536887,0.843143,-3.139,1.218,64.942,0.230870,-0.051880,0.068214,-0.686628,-0.118235,0.480031
1790862467.051370,1790862467.105505,0.242826,1.406902,0.361040,-0.035692,-0.013456,0.542272,0.839337,-4.274,0.924,65.696,0.237668,-0.081331,0.077145,-0.596058,-0.187509,0.272293
1790862467.084701,1790862467.144306,0.247707,1.414542,0.363422,-0.040802,-0.020235,0.544934,0.837241,-5.185,0.607,66.090,0.243625,-0.097471,0.072481,-0.328681,-0.171534,0.114627
1790862467.118032,1790862467.172455,0.255067,1.420217,0.366065,-0.042694,-0.023535,0.546017,0.836354,-5.573,0.416,66.257,0.239790,-0.095076,0.064504,-0.069802,-0.028782,0.054969
1790862467.151364,1790862467.220527,0.260311,1.426018,0.368610,-0.042019,-0.023392,0.547046,0.835720,-5.499,0.394,66.397,0.224049,-0.077175,0.063169,0.161364,-0.033041,0.087995
1790862467.184695,1790862467.249689,0.265856,1.430220,0.371556,-0.038827,-0.021713,0.548629,0.834882,-5.086,0.364,66.604,0.202432,-0.057616,0.052937,0.270039,0.009585,0.121024
1790862467.218028,1790862467.269133,0.269807,1.435878,0.373265,-0.036150,-0.019257,0.550069,0.834114,-4.675,0.438,66.789,0.182156,-0.043939,0.039956,0.139006,0.045810,0.064563
1790862467.251362,1790862467.310835,0.272773,1.440897,0.374799,-0.035083,-0.018497,0.549860,0.834314,-4.524,0.442,66.757,0.166919,-0.040766,0.040747,0.025016,-0.055388,-0.118666
1790862467.284696,1790862467.346350,0.275931,1.444414,0.376644,-0.033998,-0.020542,0.547433,0.835906,-4.550,0.165,66.435,0.149644,-0.038722,0.044126,0.007974,-0.193875,-0.192169
1790862467.318031,1790862467.375419,0.278965,1.448865,0.377917,-0.031513,-0.022253,0.545527,0.837205,-4.419,-0.165,66.183,0.131440,-0.034484,0.031940,0.124088,-0.058582,-0.089901
1790862467.351365,1790862467.400012,0.281368,1.451754,0.379203,-0.031528,-0.020601,0.544508,0.837910,-4.317,-0.011,66.035,0.113752,-0.027115,0.009546,-0.060204,0.235449,-0.045156
1790862467.384698,1790862467.454241,0.282909,1.454275,0.380403,-0.037634,-0.018448,0.543901,0.838102,-4.770,0.574,65.941,0.097311,-0.014474,0.010596,-0.312677,0.287666,0.002785
1790862467.418032,1790862467.485574,0.284817,1.456705,0.381229,-0.042322,-0.018290,0.544810,0.837291,-5.210,0.887,66.062,0.086338,-0.007893,0.031075,-0.097482,0.020279,0.163645
1790862467.451366,1790862467.511984,0.287515,1.459613,0.381479,-0.042206,-0.018261,0.547738,0.835385,-5.194,0.901,66.463,0.083064,-0.013718,0.025912,0.060185,0.016005,0.226492
1790862467.484700,1790862467.538112,0.289774,1.462465,0.381930,-0.042299,-0.016256,0.551000,0.833274,-5.073,1.119,66.900,0.087823,-0.010446,0.011349,0.028229,0.111882,0.270169
1790862467.518034,1790862467.574437,0.291652,1.465354,0.382065,-0.042432,-0.015231,0.555020,0.830615,-5.015,1.249,67.447,0.094535,-0.011141,-0.010250,0.013317,0.008550,0.284017
1790862467.551368,1790862467.605460,0.293455,1.468443,0.381168,-0.042783,-0.014130,0.558461,0.828306,-4.973,1.397,67.917,0.111815,-0.016063,-0.039489,0.060191,0.139581,0.240340
1790862467.584701,1790862467.642025,0.295320,1.471918,0.380070,-0.042570,-0.010321,0.562013,0.825968,-4.701,1.765,68.393,0.126959,-0.021833,-0.043043,0.200810,0.149177,0.305326
1790862467.618035,1790862467.683185,0.298871,1.476292,0.378054,-0.040454,-0.008229,0.567385,0.822417,-4.354,1.855,69.133,0.140736,-0.019332,-0.041708,0.090022,-0.149112,0.505597
1790862467.651368,1790862467.712851,0.303217,1.480231,0.375227,-0.036411,-0.010172,0.575455,0.816959,-4.084,1.449,70.269,0.160808,-0.022595,-0.058400,0.114534,-0.306791,0.617448
1790862467.684701,1790862467.743911,0.306189,1.487318,0.371906,-0.033405,-0.012327,0.583497,0.811334,-3.934,1.088,71.409,0.192419,-0.045276,-0.103609,-0.095334,-0.064977,0.505591
1790862467.718034,1790862467.772917,0.312052,1.493556,0.367680,-0.037466,-0.014000,0.589430,0.806828,-4.415,1.236,72.253,0.223981,-0.070056,-0.139262,-0.402128,0.110796,0.416104
1790862467.751367,1790862467.814700,0.316271,1.499878,0.364489,-0.042877,-0.016350,0.595762,0.801849,-5.064,1.425,73.161,0.249278,-0.105966,-0.120998,-0.145395,-0.022347,0.587622
1790862467.784701,1790862467.839044,0.324426,1.505902,0.363016,-0.043416,-0.017405,0.603758,0.795794,-5.172,1.417,74.310,0.266869,-0.169762,-0.105936,-0.067611,-0.125648,0.537555
1790862467.818034,1790862467.873245,0.332350,1.512500,0.359169,-0.043781,-0.022269,0.610127,0.790780,-5.534,1.043,75.254,0.278281,-0.201427,-0.109578,-0.282807,-0.387723,0.428896
1790862467.851367,1790862467.904446,0.342225,1.516900,0.357727,-0.041995,-0.029534,0.615960,0.786103,-5.878,0.304,76.146,0.284567,-0.244397,-0.112350,-0.000488,-0.402620,0.412919
1790862467.884700,1790862467.946968,0.353619,1.525278,0.354679,-0.036612,-0.031068,0.621181,0.782195,-5.502,-0.179,76.918,0.288067,-0.303060,-0.111231,0.504453,-0.119252,0.357523
1790862467.918033,1790862467.973843,0.367222,1.534147,0.350700,-0.027113,-0.023346,0.626650,0.778479,-4.099,-0.136,77.671,0.283059,-0.313229,-0.076578,0.794211,0.054370,0.452328
1790862467.951366,1790862468.018616,0.379375,1.540767,0.349567,-0.018610,-0.018230,0.633347,0.773429,-2.974,-0.265,78.634,0.263862,-0.284760,-0.030620,0.280739,-0.350442,0.591881
1790862467.984699,1790862468.057114,0.390024,1.547007,0.348508,-0.011645,-0.021989,0.641796,0.766472,-2.641,-1.075,79.906,0.232420,-0.257521,-0.019714,0.116682,-0.464443,0.648338
1790862468.018032,1790862468.093943,0.400407,1.552307,0.347631,-0.008461,-0.024665,0.649178,0.760189,-2.574,-1.519,81.027,0.227276,-0.259881,-0.051992,-0.081455,0.043695,0.439534
1790862468.051365,1790862468.126854,0.410987,1.559246,0.347014,-0.013982,-0.023990,0.651800,0.757882,-3.008,-1.039,81.420,0.243175,-0.291388,-0.071144,-0.271077,0.308970,-0.030258
1790862468.084698,1790862468.157398,0.422965,1.565559,0.345738,-0.018357,-0.024440,0.649847,0.759450,-3.420,-0.760,81.129,0.247437,-0.324432,-0.054586,-0.081451,-0.064948,-0.219886
1790862468.118030,1790862468.186461,0.434858,1.571584,0.344202,-0.014063,-0.025415,0.647332,0.761654,-3.115,-1.175,80.755,0.236840,-0.340753,-0.049054,0.406446,-0.282279,-0.171949
1790862468.151363,1790862468.215622,0.446486,1.576826,0.342465,-0.005861,-0.022777,0.645741,0.763194,-2.199,-1.558,80.499,0.228817,-0.334363,-0.075805,0.426675,-0.039409,-0.129340
1790862468.184695,1790862468.249590,0.458734,1.582366,0.340216,-0.001751,-0.018316,0.644380,0.764484,-1.506,-1.475,80.274,0.219125,-0.317386,-0.103047,0.289255,0.131041,-0.093119
1790862468.218029,1790862468.280817,0.470048,1.588292,0.337215,-0.000351,-0.012747,0.643833,0.765060,-0.971,-1.092,80.174,0.199512,-0.297208,-0.113857,0.298840,0.285517,0.003824
1790862468.251364,1790862468.317466,0.480760,1.592933,0.333910,-0.001190,-0.005558,0.644703,0.764412,-0.515,-0.399,80.290,0.173186,-0.261673,-0.104780,0.134789,0.414426,0.154031
1790862468.284698,1790862468.340574,0.488863,1.596668,0.330802,-0.005657,-0.000720,0.647627,0.761936,-0.547,0.357,80.726,0.144459,-0.217950,-0.073769,-0.227418,0.315347,0.298913
1790862468.318032,1790862468.373601,0.496067,1.599685,0.328752,-0.012210,-0.002507,0.651226,0.758782,-1.249,0.693,81.268,0.123203,-0.195287,-0.042161,-0.513986,0.026646,0.228601
1790862468.351366,1790862468.403694,0.502526,1.602281,0.327551,-0.018466,-0.008778,0.652941,0.757133,-2.260,0.620,81.536,0.116468,-0.190561,-0.025692,-0.484161,-0.068172,0.024062
1790862468.384699,1790862468.439438,0.508657,1.605103,0.327030,-0.022289,-0.013785,0.651991,0.757774,-2.967,0.468,81.405,0.115922,-0.200957,-0.011023,-0.214655,-0.092680,-0.183669
1790862468.418033,1790862468.465419,0.515654,1.607592,0.327204,-0.022407,-0.016362,0.649053,0.760237,-3.171,0.241,80.971,0.114808,-0.208243,-0.000996,0.011183,-0.094814,-0.277414
1790862468.451367,1790862468.509924,0.522719,1.610060,0.327516,-0.020222,-0.015567,0.645329,0.763479,-2.922,0.133,80.409,0.107884,-0.206572,0.004003,0.272173,0.043669,-0.291263
1790862468.484700,1790862468.541623,0.530021,1.612438,0.328337,-0.017361,-0.010981,0.642661,0.765875,-2.333,0.315,79.995,0.093138,-0.187602,0.016917,0.321178,0.145944,-0.079266
1790862468.518034,1790862468.590405,0.536509,1.614376,0.329439,-0.015177,-0.006251,0.643136,0.765576,-1.792,0.570,80.056,0.076096,-0.158533,0.029810,0.256200,0.100139,0.136986
1790862468.551366,1790862468.626157,0.541210,1.616980,0.331498,-0.013900,-0.003002,0.644910,0.764126,-1.439,0.764,80.318,0.071995,-0.135146,0.039402,0.097462,0.075652,0.086923
1790862468.584700,1790862468.648728,0.545365,1.617230,0.332885,-0.013688,-0.002979,0.645013,0.764043,-1.419,0.751,80.333,0.069036,-0.119789,0.050196,-0.120921,-0.108654,-0.078200
1790862468.618033,1790862468.673888,0.548764,1.618404,0.334377,-0.015034,-0.007252,0.643550,0.765222,-1.853,0.473,80.120,0.070887,-0.110031,0.043072,-0.309486,-0.148077,-0.147443
1790862468.651366,1790862468.708790,0.552655,1.619729,0.335742,-0.017167,-0.011879,0.641402,0.766921,-2.383,0.218,79.809,0.073549,-0.112835,0.037395,-0.216805,-0.119317,-0.178335
1790862468.684700,1790862468.739024,0.556713,1.621545,0.337048,-0.018641,-0.015138,0.639017,0.768818,-2.752,0.031,79.464,0.072041,-0.120528,0.023564,-0.188044,-0.017047,-0.197510
1790862468.718033,1790862468.776927,0.560939,1.622977,0.337960,-0.021554,-0.016570,0.636658,0.770666,-3.114,0.109,79.118,0.067545,-0.122384,0.012269,-0.153956,0.084155,-0.141047
1790862468.751366,1790862468.814265,0.565146,1.624239,0.338700,-0.022900,-0.016766,0.635315,0.771731,-3.247,0.184,78.919,0.062379,-0.120865,0.015875,0.045253,-0.003199,-0.047302
1790862468.784699,1790862468.850815,0.569104,1.626041,0.339195,-0.020825,-0.015235,0.635396,0.771755,-2.952,0.169,78.926,0.059676,-0.110449,0.010574,0.274285,0.020238,0.047507
1790862468.818033,1790862468.879565,0.570575,1.626203,0.339095,-0.017343,-0.010683,0.635863,0.771533,-2.312,0.319,78.981,0.060382,-0.096446,-0.001687,0.343513,0.152321,0.001701
1790862468.851366,1790862468.910713,0.573052,1.626357,0.339160,-0.014804,-0.005746,0.635588,0.771865,-1.728,0.570,78.931,0.055480,-0.082400,0.002919,0.258288,0.072417,-0.035583
1790862468.884698,1790862468.944831,0.575017,1.627205,0.339163,-0.011737,-0.003401,0.634893,0.772503,-1.287,0.553,78.825,0.052661,-0.072770,0.006239,0.203951,-0.078860,-0.095238
1790862468.918031,1790862468.982363,0.576938,1.628431,0.339025,-0.009173,-0.002789,0.633323,0.773828,-1.016,0.418,78.592,0.058462,-0.063260,-0.009982,0.039890,-0.031988,-0.134655
1790862468.951364,1790862469.002544,0.579011,1.630255,0.338751,-0.010644,-0.003241,0.631827,0.775030,-1.180,0.483,78.371,0.069637,-0.049227,-0.028471,-0.183822,0.103305,-0.073930
1790862468.984697,1790862469.034423,0.580912,1.632185,0.338087,-0.014998,-0.003726,0.631247,0.775428,-1.603,0.754,78.285,0.080696,-0.041975,-0.036866,-0.237086,0.176811,-0.004684
1790862469.018028,1790862469.072647,0.582671,1.634827,0.336957,-0.019995,-0.003839,0.631343,0.775237,-2.055,1.106,78.298,0.085233,-0.043027,-0.035763,-0.226435,0.181074,0.024076
1790862469.051361,1790862469.107795,0.584185,1.637246,0.335854,-0.024593,-0.004045,0.631427,0.775034,-2.478,1.420,78.309,0.089778,-0.048319,-0.023258,-0.214721,0.122479,-0.019598
1790862469.084694,1790862469.140183,0.585694,1.640271,0.334939,-0.027619,-0.005473,0.630709,0.775509,-2.852,1.510,78.204,0.094522,-0.054534,-0.007542,-0.169985,-0.025597,-0.082452
1790862469.118026,1790862469.169466,0.579837,1.640389,0.335092,-0.028444,-0.008301,0.629389,0.776525,-3.132,1.313,78.015,0.096754,-0.055790,0.007912,-0.094393,-0.159846,-0.130383
1790862469.151359,1790862469.219593,0.583463,1.642429,0.335013,-0.027016,-0.012426,0.627874,0.777747,-3.304,0.836,77.804,0.107996,-0.064861,0.004266,-0.086929,-0.261052,-0.109080
1790862469.184692,1790862469.249048,0.586253,1.645907,0.334780,-0.025469,-0.014389,0.626555,0.778828,-3.308,0.544,77.617,0.122455,-0.066338,-0.022460,0.148496,0.044686,-0.105884
1790862469.218026,1790862469.277083,0.588670,1.649755,0.334553,-0.023635,-0.008880,0.625474,0.779836,-2.750,0.901,77.442,0.136890,-0.058437,-0.025213,0.420145,0.297163,-0.025984
1790862469.251359,1790862469.301333,0.591160,1.654110,0.334417,-0.021527,-0.001228,0.626142,0.779411,-2.012,1.435,77.528,0.146366,-0.052132,-0.006823,0.253957,0.179982,0.155115
1790862469.284693,1790862469.355097,0.593956,1.658495,0.333932,-0.020684,-0.000254,0.628697,0.777375,-1.862,1.468,77.904,0.164254,-0.053094,0.010812,-0.155116,-0.209917,0.211572
1790862469.318027,1790862469.383889,0.596540,1.663736,0.333293,-0.020084,-0.007304,0.631178,0.775344,-2.314,0.804,78.279,0.192917,-0.062515,0.004612,-0.294676,-0.436830,0.163632
1790862469.351360,1790862469.422314,0.599669,1.670228,0.332705,-0.020895,-0.014812,0.633278,0.773501,-2.928,0.203,78.610,0.225749,-0.081258,-0.038620,-0.363924,-0.081021,0.146588
1790862469.384694,1790862469.449019,0.604294,1.677139,0.332360,-0.027710,-0.017534,0.634811,0.771971,-3.730,0.465,78.848,0.259747,-0.106954,-0.060388,-0.454470,0.289703,0.137002
1790862469.418027,1790862469.478344,0.611748,1.685130,0.331667,-0.035240,-0.019183,0.636925,0.769881,-4.514,0.880,79.167,0.290751,-0.135149,-0.034266,-0.291470,-0.000055,0.254186
1790862469.451359,1790862469.509922,0.609276,1.693451,0.330358,-0.034611,-0.023644,0.640961,0.766428,-4.782,0.466,79.792,0.314632,-0.150720,-0.009366,0.041924,-0.430450,0.354332
1790862469.484693,1790862469.537145,0.616900,1.702469,0.329146,-0.027653,-0.027921,0.645831,0.762468,-4.487,-0.393,80.546,0.341626,-0.173732,-0.006439,0.179347,-0.470934,0.354322
1790862469.518026,1790862469.580642,0.625603,1.712947,0.329388,-0.021635,-0.032615,0.650296,0.758672,-4.316,-1.223,81.249,0.368555,-0.199847,-0.013104,0.025947,-0.534852,0.314905
1790862469.551359,1790862469.616071,0.635608,1.724524,0.329599,-0.014078,-0.038924,0.653735,0.755591,-4.142,-2.316,81.816,0.371660,-0.234572,-0.040420,0.192137,-0.516740,0.111434
1790862469.584692,1790862469.646872,0.632130,1.735513,0.326675,-0.007125,-0.040539,0.654189,0.755211,-3.663,-2.975,81.896,0.378131,-0.254679,-0.068038,0.304999,-0.106623,-0.050485
1790862469.618025,1790862469.673778,0.643560,1.744816,0.327145,-0.002439,-0.037797,0.653347,0.756110,-3.047,-3.094,81.742,0.373670,-0.268330,-0.057726,0.376381,-0.087448,-0.077118
1790862469.651358,1790862469.706393,0.644385,1.753146,0.326304,0.004249,-0.034783,0.653442,0.756165,-2.241,-3.334,81.729,0.355165,-0.254656,-0.055816,0.424282,-0.029938,0.032612
1790862469.684691,1790862469.741238,0.656554,1.763117,0.326133,0.008185,-0.029924,0.655320,0.754714,-1.542,-3.204,81.979,0.338752,-0.238511,-0.045703,0.329482,0.104293,0.260582
1790862469.718024,1790862469.770762,0.626069,1.890054,0.337219,0.008056,-0.026730,0.659070,0.751563,-1.327,-2.912,82.531,0.430529,-0.173210,-0.018862,0.339777,-0.024226,0.296690
1790862469.751357,1790862469.807890,0.663142,1.790861,0.324223,0.015500,-0.023243,0.662397,0.748632,-0.435,-3.172,83.017,0.313421,-0.226921,-0.028841,0.111032,0.002042,0.149797
1790862469.784690,1790862469.832855,0.672292,1.790984,0.323360,0.014338,-0.024101,0.663619,0.747545,-0.605,-3.156,83.210,0.296216,-0.231273,-0.029231,-0.276715,0.015861,0.083745
1790862469.818022,1790862469.866796,0.680969,1.800559,0.323505,0.010140,-0.027205,0.664530,0.746697,-1.206,-3.101,83.368,0.288761,-0.232030,-0.025981,-0.257542,0.043562,0.091202
1790862469.851355,1790862469.903280,0.689677,1.809320,0.323349,0.008304,-0.027726,0.665575,0.745770,-1.407,-3.004,83.533,0.275984,-0.233211,-0.023892,0.064176,0.055281,0.106118
1790862469.884686,1790862469.952759,0.698015,1.817208,0.322996,0.010286,-0.025203,0.667834,0.743813,-1.053,-2.937,83.865,0.264983,-0.220709,-0.016322,0.320911,0.024386,0.238212
1790862469.918019,1790862469.985384,0.696831,1.828325,0.322315,0.014195,-0.021246,0.670801,0.741197,-0.428,-2.897,84.303,0.257854,-0.201044,-0.008932,0.319811,0.011611,0.188155
1790862469.951352,1790862470.003847,0.703460,1.837382,0.322724,0.016831,-0.018173,0.672573,0.739616,0.026,-2.839,84.563,0.239961,-0.186458,-0.019152,0.150425,0.121340,0.024099
1790862469.984684,1790862470.040733,0.709479,1.845846,0.322673,0.015405,-0.014860,0.672017,0.740226,0.162,-2.447,84.466,0.237350,-0.163910,-0.035032,0.032173,0.320552,-0.141019
1790862470.018016,1790862470.077365,0.715432,1.853800,0.322170,0.013269,-0.010103,0.670568,0.741660,0.352,-1.879,84.231,0.238161,-0.139562,-0.038214,0.167466,0.202306,-0.083491
1790862470.051349,1790862470.107998,0.720603,1.861084,0.320813,0.011070,-0.006197,0.669490,0.742712,0.467,-1.377,84.058,0.242720,-0.114233,-0.051972,-0.094594,0.314162,-0.085622
1790862470.084681,1790862470.155180,0.725253,1.868937,0.319342,0.004956,-0.004051,0.668454,0.743726,0.112,-0.725,83.897,0.247022,-0.095889,-0.045696,-0.216036,0.314162,-0.117580
1790862470.118013,1790862470.188320,0.728564,1.877376,0.318021,-0.000541,-0.003184,0.667354,0.744734,-0.290,-0.230,83.727,0.247047,-0.084764,-0.038946,-0.249064,0.258768,-0.073904
1790862470.151345,1790862470.224277,0.723000,1.891553,0.318626,-0.008728,-0.001652,0.665691,0.746174,-0.872,0.525,83.471,0.262345,-0.070777,-0.041193,-0.286384,0.580500,-0.266725
1790862470.184677,1790862470.253507,0.729677,1.894686,0.316838,-0.013242,0.005052,0.663774,0.747799,-0.751,1.440,83.178,0.268449,-0.065184,-0.005729,0.324047,0.466497,-0.045140
1790862470.218014,1790862470.285480,0.725500,1.904424,0.317471,-0.011363,0.015120,0.663447,0.747984,0.176,2.160,83.148,0.269684,-0.062319,0.038217,0.580757,0.280067,0.018776
1790862470.251351,1790862470.318264,0.727787,1.908442,0.317712,-0.005794,0.022917,0.663307,0.747974,1.247,2.405,83.160,0.261392,-0.062702,0.081571,0.457183,-0.077884,-0.052599
1790862470.284688,1790862470.358122,0.722925,1.915731,0.319751,0.000488,0.022793,0.662525,0.748692,1.774,1.919,83.042,0.265351,-0.058030,0.109254,0.059795,-0.408137,-0.022774
1790862470.318024,1790862470.388223,0.727078,1.924504,0.323070,0.004761,0.015690,0.662807,0.748611,1.601,0.984,83.056,0.285548,-0.073140,0.094121,-0.073364,-0.437964,0.035813
1790862470.351360,1790862470.419619,0.725245,1.931360,0.324496,0.008249,0.015279,0.662179,0.749144,1.868,0.686,82.959,0.306219,-0.086162,0.058250,0.282418,0.196935,-0.190036
1790862470.384697,1790862470.443165,0.731787,1.941330,0.326828,0.008004,0.021867,0.659440,0.751397,2.343,1.278,82.568,0.315033,-0.090817,0.060915,0.224905,0.280030,-0.178313
1790862470.418034,1790862470.484411,0.731959,1.953448,0.329712,0.009736,0.025687,0.657378,0.753060,2.777,1.483,82.274,0.316786,-0.078463,0.087580,0.239798,-0.082168,-0.145294
1790862470.451370,1790862470.514595,0.738634,1.961365,0.331878,0.013075,0.023845,0.656131,0.754157,2.925,1.078,82.075,0.311144,-0.068689,0.088723,-0.134105,-0.357019,-0.007866
1790862470.484707,1790862470.544952,0.738854,1.968731,0.334395,0.015339,0.016051,0.656700,0.753825,2.534,0.232,82.127,0.307495,-0.056318,0.071588,-0.251297,-0.477411,0.072027
1790862470.518044,1790862470.575096,0.739043,1.976981,0.335971,0.016519,0.007735,0.657418,0.753305,2.009,-0.577,82.213,0.313254,-0.042402,0.027449,-0.287529,-0.287797,0.048585
1790862470.551380,1790862470.595238,0.741728,1.988496,0.336650,0.014586,0.004604,0.658372,0.752537,1.605,-0.703,82.354,0.326551,-0.028496,-0.012299,-0.008421,0.158564,0.123159
1790862470.584717,1790862470.639508,0.743697,1.999784,0.336212,0.013153,0.009112,0.660059,0.751043,1.822,-0.211,82.618,0.341760,-0.024270,-0.035347,0.140719,0.325816,0.103987
1790862470.618053,1790862470.665692,0.741966,2.010340,0.334814,0.009832,0.011859,0.660772,0.750429,1.744,0.275,82.734,0.357736,-0.011271,-0.044656,-0.233217,0.166016,0.013431
1790862470.651390,1790862470.687052,0.743031,2.021997,0.333250,0.005150,0.009701,0.661419,0.749936,1.178,0.443,82.827,0.372960,0.006201,-0.033613,-0.237481,0.030721,0.118894
1790862470.684726,1790862470.746085,0.744463,2.034609,0.332116,0.003422,0.008177,0.663184,0.748404,0.915,0.441,83.094,0.393119,0.012080,-0.025138,-0.065967,0.000893,0.122089
1790862470.718062,1790862470.788940,0.744742,2.047735,0.331089,0.002572,0.007467,0.663930,0.747753,0.788,0.444,83.207,0.418799,0.017917,-0.026270,-0.087277,-0.007631,0.011296
1790862470.751399,1790862470.828423,0.747717,2.085439,0.331990,0.000098,0.006550,0.664284,0.747451,0.507,0.554,83.260,0.482216,0.032890,-0.022569,-0.064944,-0.010686,0.063505
1790862470.784734,1790862470.859883,0.744285,2.080093,0.328934,0.000779,0.005852,0.665049,0.746777,0.513,0.441,83.376,0.470939,0.044547,-0.032441,-0.019117,0.027539,0.043247
1790862470.818070,1790862470.888047,0.742052,2.091658,0.327399,0.000747,0.006188,0.665448,0.746418,0.536,0.472,83.438,0.487392,0.062202,-0.040167,0.025620,0.015799,0.033649
1790862470.851407,1790862470.916643,0.740240,2.107576,0.325772,0.000773,0.006749,0.666021,0.745902,0.581,0.518,83.526,0.513415,0.081544,-0.047603,0.041593,0.030709,0.069866
1790862470.884743,1790862470.948044,0.739071,2.125488,0.323943,0.000956,0.007741,0.666808,0.745188,0.673,0.588,83.649,0.543561,0.091690,-0.053177,0.052245,0.050950,0.036839
1790862470.918079,1790862470.972332,0.738186,2.144229,0.322089,0.001028,0.009294,0.666957,0.745037,0.798,0.715,83.675,0.576304,0.105782,-0.048179,0.091663,0.069059,-0.005766
1790862470.951415,1790862471.010807,0.734939,2.163508,0.320531,0.000860,0.009932,0.666854,0.745121,0.833,0.782,83.660,0.603832,0.123076,-0.030242,-0.139510,-0.038537,-0.032402
1790862470.984751,1790862471.043193,0.731882,2.183551,0.319773,-0.000572,0.005869,0.666250,0.745705,0.399,0.545,83.560,0.613129,0.134532,-0.001094,-0.239652,-0.185552,-0.053709
1790862471.018087,1790862471.084803,0.728660,2.203862,0.319979,0.000321,0.002391,0.665718,0.746199,0.210,0.180,83.475,0.614651,0.148168,0.020211,0.068213,-0.161052,-0.018557
1790862471.051423,1790862471.112648,0.747246,2.222062,0.318792,0.002170,0.002140,0.666237,0.745734,0.349,0.017,83.555,0.614770,0.124425,0.023713,-0.125603,-0.047047,0.093448
1790862471.084759,1790862471.141596,0.730496,2.245959,0.321754,0.000528,-0.001915,0.666562,0.745447,-0.101,-0.204,83.605,0.609980,0.116769,0.039503,-0.192749,-0.191947,-0.122938
1790862471.118094,1790862471.170328,0.739307,2.301183,0.325101,0.000683,-0.003985,0.661494,0.749939,-0.243,-0.394,82.830,0.658384,0.090624,0.033879,0.219498,-0.073545,-0.747132
1790862471.151430,1790862471.205320,0.730391,2.305640,0.324739,0.004981,0.000157,0.651676,0.758481,0.445,-0.358,81.336,0.607580,0.133175,0.012725,0.343075,0.223580,-0.645989
1790862471.184766,1790862471.234549,0.726760,2.317945,0.324928,0.003875,0.004874,0.647023,0.762445,0.700,0.139,80.638,0.554566,0.184082,0.006641,-0.144826,0.252319,-0.031318
1790862471.218100,1790862471.278482,0.724989,2.333104,0.325304,-0.000803,0.003261,0.649262,0.760557,0.173,0.344,80.973,0.516864,0.190421,0.027773,-0.366397,-0.106694,0.290406
1790862471.251434,1790862471.310031,0.722779,2.349200,0.326329,-0.002180,-0.003253,0.651988,0.758219,-0.432,-0.120,81.385,0.501239,0.162214,0.036847,-0.237491,-0.343195,0.059239
1790862471.284768,1790862471.337767,0.718740,2.364573,0.327317,-0.000633,-0.009327,0.651645,0.758467,-0.752,-0.763,81.341,0.484821,0.143470,0.016493,-0.117117,-0.302720,-0.065401
1790862471.318102,1790862471.372226,0.720362,2.395055,0.327732,-0.000245,-0.013381,0.651701,0.758358,-1.021,-1.145,81.359,0.485835,0.129815,-0.021068,-0.126708,-0.095997,0.097606
1790862471.351436,1790862471.428750,0.712778,2.399404,0.326471,-0.002103,-0.013894,0.653241,0.757020,-1.223,-1.048,81.594,0.452441,0.109855,-0.057272,-0.119260,0.289586,0.117831
1790862471.384770,1790862471.453803,0.710469,2.414529,0.324677,-0.008049,-0.010508,0.653762,0.756584,-1.485,-0.308,81.664,0.450376,0.076539,-0.056477,-0.118203,0.458964,-0.048363
1790862471.418104,1790862471.483895,0.708248,2.429028,0.323317,-0.013445,-0.005807,0.652307,0.757813,-1.602,0.501,81.435,0.443543,0.051661,-0.017448,0.037318,0.310885,-0.138920
1790862471.451438,1790862471.510273,0.706374,2.443381,0.323388,-0.013567,-0.003003,0.650815,0.759110,-1.404,0.751,81.206,0.433666,0.044287,0.026345,0.172594,-0.058776,-0.082468
1790862471.484772,1790862471.539429,0.707877,2.456729,0.324120,-0.010312,-0.002965,0.650522,0.759412,-1.119,0.511,81.163,0.426696,0.040991,0.027990,0.076723,-0.131220,0.073066
1790862471.518106,1790862471.575568,0.707989,2.470551,0.324572,-0.009342,-0.003828,0.652183,0.757994,-1.098,0.366,81.414,0.434158,0.037947,0.007242,-0.090530,0.006198,0.159353
1790862471.551439,1790862471.599993,0.708763,2.484974,0.324482,-0.011922,-0.005001,0.653942,0.756434,-1.408,0.460,81.682,0.449172,0.021480,-0.005510,-0.230087,0.080767,0.101827
1790862471.584773,1790862471.628220,0.708629,2.499822,0.324222,-0.015301,-0.006330,0.654298,0.756055,-1.801,0.599,81.737,0.466523,0.006399,0.000688,-0.125699,0.049869,-0.075016
1790862471.618106,1790862471.683823,0.708790,2.514668,0.324215,-0.015782,-0.006302,0.652229,0.757831,-1.842,0.632,81.424,0.479834,0.005987,0.007331,0.058583,0.040277,-0.204990
1790862471.651440,1790862471.719038,0.706847,2.530471,0.324297,-0.015829,-0.005113,0.650090,0.759675,-1.759,0.734,81.099,0.486002,0.023146,0.006876,0.030863,0.090340,-0.118713
1790862471.684772,1790862471.747399,0.709276,2.546964,0.324282,-0.017175,-0.003844,0.649583,0.760087,-1.783,0.944,81.021,0.494417,0.029195,0.010719,-0.038378,0.115911,0.052801
1790862471.718106,1790862471.775756,0.711429,2.563848,0.324490,-0.018159,-0.003060,0.650078,0.759644,-1.809,1.086,81.095,0.517164,0.013617,0.022502,0.021277,-0.010857,-0.007919
1790862471.751439,1790862471.815001,0.709580,2.581375,0.324880,-0.016666,-0.004128,0.649595,0.760087,-1.759,0.881,81.023,0.544848,0.006508,0.024986,0.080912,-0.184503,-0.105939
1790862471.784772,1790862471.846573,0.712767,2.599307,0.325204,-0.013182,-0.005358,0.647481,0.761949,-1.549,0.510,80.707,0.577391,-0.002331,0.004750,0.101151,-0.173851,-0.240164
1790862471.818106,1790862471.875731,0.710449,2.618646,0.324843,-0.010164,-0.006411,0.644875,0.764193,-1.364,0.190,80.317,0.605512,0.016667,-0.011104,0.161847,-0.150417,-0.129379
1790862471.851439,1790862471.901592,0.716087,2.639417,0.324412,-0.005357,-0.006204,0.643872,0.765089,-0.927,-0.149,80.167,0.637207,0.013905,-0.020028,0.255603,-0.218592,-0.056936
1790862471.884772,1790862471.926262,0.720732,2.661250,0.323535,-0.000334,-0.006591,0.642420,0.766325,-0.515,-0.554,79.950,0.676738,0.007090,-0.039106,0.167188,-0.186632,-0.211403
1790862471.918105,1790862471.981268,0.721005,2.684620,0.322440,0.003306,-0.006708,0.639886,0.768434,-0.201,-0.833,79.571,0.700113,0.033833,-0.047767,0.191677,-0.079039,-0.114467
1790862471.951438,1790862472.011072,0.723423,2.708377,0.321299,0.005645,-0.005012,0.639381,0.768853,0.130,-0.855,79.493,0.712798,0.059110,-0.045892,0.081949,0.081820,0.055978
1790862471.984771,1790862472.048823,0.723860,2.731302,0.320645,0.004024,-0.004228,0.641398,0.767186,0.043,-0.668,79.794,0.709705,0.071740,-0.012433,-0.158813,0.034943,0.294602
1790862472.018105,1790862472.075797,0.727459,2.754070,0.321384,0.003874,-0.009325,0.646406,0.762927,-0.352,-1.102,80.551,0.703401,0.048549,0.037441,-0.233375,-0.524337,0.390480
1790862472.051437,1790862472.098483,0.729903,2.777189,0.322994,0.005539,-0.019040,0.648545,0.760918,-0.933,-2.072,80.900,0.703518,0.016189,0.025888,-0.291968,-0.367738,-0.080378
1790862472.084770,1790862472.137873,0.731113,2.801318,0.324857,0.004927,-0.022179,0.646225,0.762808,-1.213,-2.304,80.565,0.698136,0.023274,0.021100,0.040392,0.155322,-0.162407
1790862472.118102,1790862472.176227,0.734631,2.822713,0.326255,0.004105,-0.017496,0.645767,0.763323,-0.936,-1.834,80.477,0.678282,0.019752,0.039851,0.132009,0.227762,0.017629
1790862472.151435,1790862472.204690,0.737824,2.845439,0.328864,0.003031,-0.015225,0.645118,0.763925,-0.861,-1.557,80.372,0.686931,-0.011779,0.060276,-0.026718,0.038138,-0.185841
1790862472.184767,1790862472.236821,0.741154,2.868421,0.331598,0.002866,-0.015668,0.641227,0.767186,-0.900,-1.588,79.791,0.689720,-0.025899,0.065890,0.009492,-0.026841,-0.379725
1790862472.218101,1790862472.276783,0.745295,2.890982,0.334305,0.003640,-0.015240,0.637279,0.770474,-0.792,-1.612,79.201,0.668493,-0.000838,0.054828,0.045710,0.032813,-0.167733
1790862472.251435,1790862472.314167,0.747083,2.912854,0.336340,0.002524,-0.014617,0.636307,0.771293,-0.843,-1.476,79.055,0.644261,0.020055,0.035941,-0.129006,0.106319,0.008038
1790862472.284769,1790862472.336929,0.751958,2.932716,0.338105,-0.001287,-0.015781,0.636575,0.771053,-1.265,-1.301,79.100,0.636145,0.009130,0.037406,-0.314359,0.056247,0.021889
1790862472.318102,1790862472.381423,0.755938,2.953374,0.339990,-0.005371,-0.018817,0.636678,0.770881,-1.848,-1.270,79.128,0.634603,-0.005539,0.049333,-0.231265,-0.019388,0.030410
1790862472.351436,1790862472.409986,0.760405,2.974263,0.342164,-0.007076,-0.020948,0.637768,0.769911,-2.156,-1.331,79.299,0.633337,-0.006647,0.054784,-0.066143,-0.039627,0.148657
1790862472.384769,1790862472.451458,0.763392,2.993461,0.344273,-0.006847,-0.021023,0.639928,0.768117,-2.145,-1.348,79.622,0.632714,-0.003358,0.049929,0.081931,0.024285,0.160377
1790862472.418102,1790862472.474526,0.767091,3.014760,0.346342,-0.005675,-0.019491,0.641868,0.766546,-1.933,-1.295,79.904,0.634162,0.004508,0.043135,0.120280,0.010440,0.150787
1790862472.451436,1790862472.495569,0.770368,3.035905,0.348053,-0.004321,-0.018596,0.643939,0.764839,-1.752,-1.311,80.210,0.632161,0.016721,0.031128,0.059558,-0.050281,0.188074
1790862472.484769,1790862472.548490,0.774182,3.056338,0.349174,-0.004043,-0.018957,0.646689,0.762508,-1.759,-1.357,80.624,0.633957,0.023122,0.002997,-0.103426,0.029614,0.215774
1790862472.518102,1790862472.592994,0.777504,3.075935,0.349604,-0.007542,-0.020127,0.648591,0.760834,-2.154,-1.194,80.916,0.637908,0.023670,-0.016100,-0.263215,0.111638,0.090071
1790862472.551434,1790862472.628158,0.778885,3.097691,0.349197,-0.011067,-0.021454,0.649529,0.759953,-2.562,-1.045,81.064,0.637896,0.025474,-0.007965,-0.126862,0.002981,0.078355
1790862472.584767,1790862472.653107,0.781068,3.118294,0.349464,-0.010277,-0.022852,0.650345,0.759225,-2.599,-1.222,81.194,0.641083,0.015485,0.000678,0.114956,-0.187705,0.028284
1790862472.618100,1790862472.676881,0.783398,3.140486,0.349531,-0.005962,-0.023219,0.650226,0.759362,-2.250,-1.576,81.176,0.656660,0.004930,-0.021435,0.215090,-0.118459,-0.065459
1790862472.651433,1790862472.707625,0.785451,3.162507,0.349053,-0.003875,-0.022188,0.648929,0.760515,-1.989,-1.646,80.975,0.678087,0.001247,-0.049612,-0.021409,0.062639,-0.165599
1790862472.684766,1790862472.747161,0.788125,3.184100,0.348219,-0.006182,-0.022817,0.646510,0.762539,-2.232,-1.536,80.615,0.687344,0.006811,-0.044942,-0.171619,0.026414,-0.193298
1790862472.718099,1790862472.778007,0.789703,3.207511,0.347539,-0.006897,-0.024243,0.644457,0.764225,-2.396,-1.614,80.314,0.687405,0.016142,-0.019402,-0.035267,-0.076915,-0.098486
1790862472.751432,1790862472.807273,0.793907,3.231829,0.347738,-0.006629,-0.026238,0.643462,0.765000,-2.518,-1.812,80.176,0.683654,0.003244,0.002361,-0.154580,-0.137632,-0.111271
1790862472.784765,1790862472.841540,0.797195,3.253889,0.348891,-0.006814,-0.030289,0.640876,0.767016,-2.826,-2.162,79.814,0.679209,-0.015248,0.022651,-0.106644,-0.187701,-0.303020
1790862472.818097,1790862472.883582,0.800426,3.276734,0.350646,-0.005781,-0.032170,0.635355,0.771528,-2.857,-2.424,79.004,0.674580,-0.016275,0.016658,0.053143,0.016835,-0.543779
1790862472.851430,1790862472.916037,0.803655,3.298240,0.352140,-0.005626,-0.030044,0.628154,0.777488,-2.667,-2.272,77.924,0.650296,0.001380,0.014354,0.081900,0.175563,-0.538451
1790862472.884763,1790862472.942605,0.807997,3.319755,0.353830,-0.005497,-0.027225,0.621732,0.782737,-2.435,-2.051,76.964,0.624386,0.012335,0.034399,0.120249,0.056251,-0.446840
1790862472.918095,1790862472.975972,0.816355,3.362531,0.355956,-0.003405,-0.026478,0.617071,0.786455,-2.181,-2.146,76.278,0.633734,0.018400,0.044876,0.180965,-0.189780,-0.259328
1790862472.951427,1790862473.010535,0.817089,3.358578,0.357377,0.002137,-0.027292,0.614253,0.788634,-1.730,-2.618,75.868,0.600745,0.016963,0.009076,0.199081,-0.151480,-0.217797
1790862472.984760,1790862473.042333,0.818788,3.376209,0.357654,0.003862,-0.024990,0.610920,0.791288,-1.401,-2.537,75.371,0.602571,0.025504,-0.051066,0.113848,0.299134,-0.297689
1790862473.018091,1790862473.084122,0.822137,3.394062,0.356442,-0.000703,-0.018486,0.607174,0.794353,-1.351,-1.634,74.805,0.597061,0.037687,-0.072947,-0.137562,0.630436,-0.243364
1790862473.051423,1790862473.115001,0.826549,3.410561,0.354614,-0.009273,-0.012378,0.604445,0.796497,-1.704,-0.487,74.395,0.577771,0.041526,-0.037100,-0.200412,0.487679,-0.137899
1790862473.084756,1790862473.143307,0.831214,3.429098,0.354091,-0.014633,-0.010392,0.603611,0.797077,-2.056,0.063,74.271,0.561549,0.042406,0.019835,-0.154599,0.077541,0.024027
1790862473.118088,1790862473.177581,0.833849,3.444123,0.354982,-0.015147,-0.011904,0.604461,0.796401,-2.207,-0.037,74.397,0.554249,0.038051,0.053857,0.015846,-0.146176,0.098597
1790862473.151420,1790862473.210430,0.837175,3.462583,0.356716,-0.012310,-0.013649,0.605944,0.795295,-2.070,-0.389,74.615,0.562473,0.030803,0.057854,0.112785,-0.221810,0.116710
1790862473.184743,1790862473.246291,0.841628,3.481858,0.358582,-0.009096,-0.015390,0.607427,0.794174,-1.900,-0.767,74.834,0.581535,0.021670,0.035614,0.057391,-0.180262,0.106059
1790862473.218114,1790862473.279603,0.847144,3.500532,0.359287,-0.007185,-0.017028,0.608994,0.792959,-1.842,-1.046,75.066,0.602292,0.014867,0.003041,0.009463,-0.123802,0.146545
1790862473.251486,1790862473.304221,0.851466,3.520805,0.359435,-0.006075,-0.017782,0.611471,0.791044,-1.797,-1.186,75.426,0.627277,0.017190,-0.023816,0.056334,0.009359,0.220042
1790862473.284858,1790862473.335377,0.856405,3.542512,0.358988,-0.005502,-0.015905,0.614615,0.788648,-1.618,-1.050,75.875,0.647417,0.019579,-0.025844,0.126642,0.074346,0.253066
1790862473.318231,1790862473.380855,0.862037,3.563362,0.358658,-0.004918,-0.014760,0.617885,0.786115,-1.489,-0.981,76.347,0.658015,0.022829,-0.008275,-0.033139,-0.030053,0.221104
1790862473.351604,1790862473.414662,0.865928,3.585433,0.359245,-0.004424,-0.017037,0.620609,0.783922,-1.610,-1.216,76.752,0.659536,0.030644,0.023045,-0.032078,-0.278265,0.206189
1790862473.384978,1790862473.452565,0.871215,3.605395,0.360766,-0.001377,-0.021746,0.622666,0.782184,-1.676,-1.851,77.071,0.655923,0.025658,0.038268,-0.022477,-0.327273,0.109244
1790862473.418351,1790862473.484279,0.874870,3.627641,0.363016,0.001749,-0.024503,0.624207,0.780872,-1.598,-2.318,77.308,0.654353,0.031892,0.044794,0.107484,-0.181324,0.175293
1790862473.451725,1790862473.517825,0.878722,3.649275,0.365479,0.004850,-0.025889,0.627545,0.778135,-1.431,-2.658,77.804,0.645864,0.037746,0.045012,0.053159,-0.216478,0.330825
1790862473.485100,1790862473.554835,0.883751,3.668721,0.367549,0.006791,-0.029533,0.631783,0.774553,-1.538,-3.114,78.448,0.643708,0.026662,0.027307,-0.141774,-0.242049,0.316968
1790862473.518475,1790862473.583900,0.886144,3.690931,0.369265,0.006370,-0.032987,0.635234,0.771589,-1.842,-3.382,78.982,0.645443,0.022675,-0.005390,-0.071473,0.028536,0.231749
1790862473.551850,1790862473.604952,0.889553,3.712188,0.369916,0.004774,-0.030089,0.637745,0.769645,-1.781,-3.004,79.339,0.643713,0.015703,-0.021853,0.202306,0.341734,0.143329
1790862473.585226,1790862473.637975,0.893500,3.732960,0.370410,0.004063,-0.022640,0.638733,0.769085,-1.300,-2.293,79.446,0.637807,0.011214,-0.019878,0.225747,0.351319,0.000580
1790862473.618603,1790862473.672959,0.896462,3.753739,0.370493,0.003230,-0.018061,0.638704,0.769234,-1.038,-1.829,79.423,0.627241,0.023137,-0.015395,0.049969,0.074342,0.016559
1790862473.651980,1790862473.706145,0.899325,3.774153,0.370437,0.004255,-0.018471,0.639803,0.768305,-0.980,-1.939,79.588,0.617960,0.039919,-0.024662,0.002034,-0.160023,0.178483
1790862473.685357,1790862473.741096,0.902336,3.794593,0.369529,0.005692,-0.019720,0.643192,0.765430,-0.955,-2.150,80.099,0.622001,0.045136,-0.061594,0.040388,-0.025794,0.349988
1790862473.718735,1790862473.771673,0.905086,3.815788,0.367709,0.004631,-0.018223,0.647936,0.761462,-0.950,-1.934,80.806,0.637906,0.036601,-0.094654,0.036132,0.239463,0.326552
1790862473.752113,1790862473.805535,0.907502,3.837257,0.365015,0.002590,-0.013080,0.651059,0.758910,-0.751,-1.331,81.260,0.647760,0.026369,-0.100373,0.170358,0.384342,0.167823
1790862473.785492,1790862473.844136,0.909818,3.858947,0.362265,-0.000364,-0.006983,0.652945,0.757373,-0.554,-0.579,81.533,0.642517,0.032406,-0.081357,0.025479,0.367299,0.142254
1790862473.818871,1790862473.876493,0.912095,3.880589,0.360417,-0.002352,-0.003772,0.654841,0.755753,-0.487,-0.150,81.817,0.627528,0.038723,-0.034153,0.093659,0.030668,0.145452
1790862473.852250,1790862473.914833,0.913030,3.899843,0.359628,-0.000066,-0.004343,0.656405,0.754397,-0.332,-0.371,82.054,0.613031,0.050742,-0.012743,-0.008610,-0.255899,0.100709
1790862473.885629,1790862473.946535,0.913809,3.918615,0.359213,0.001677,-0.009258,0.657379,0.753501,-0.553,-0.926,82.210,0.610675,0.064583,-0.023355,-0.120464,-0.262295,0.054899
1790862473.919009,1790862473.973662,0.914354,3.939866,0.358584,0.003299,-0.010651,0.657889,0.753032,-0.518,-1.168,82.290,0.622586,0.075977,-0.039510,0.124552,0.026399,0.025069
1790862473.952390,1790862474.005742,0.915590,3.976161,0.357180,0.003397,-0.008848,0.657894,0.753051,-0.374,-1.020,82.287,0.658660,0.080543,-0.046324,0.002027,0.018986,-0.034600
1790862473.985771,1790862474.035427,0.914091,3.981910,0.356087,0.001947,-0.011005,0.656555,0.754196,-0.660,-1.098,82.088,0.642820,0.069181,-0.049649,-0.326071,-0.007692,-0.193316
1790862474.019153,1790862474.071808,0.913742,4.000868,0.355087,-0.002507,-0.014699,0.653213,0.757028,-1.318,-1.087,81.592,0.632332,0.059115,-0.024791,-0.282399,0.015738,-0.335000
1790862474.052535,1790862474.105154,0.913820,4.020316,0.355048,-0.004970,-0.016725,0.647384,0.761964,-1.675,-1.092,80.720,0.614560,0.059595,0.001571,-0.059759,0.017865,-0.592800
1790862474.085917,1790862474.143946,0.913908,4.039724,0.355540,-0.005500,-0.015265,0.639336,0.768757,-1.603,-0.942,79.510,0.597966,0.086004,0.011355,0.123466,0.217073,-0.602388
1790862474.119300,1790862474.179936,0.912590,4.057167,0.356364,-0.004160,-0.008681,0.633695,0.773523,-0.999,-0.467,78.655,0.579399,0.098070,0.050280,0.488853,0.174457,-0.297713
1790862474.152683,1790862474.209536,0.914584,4.077290,0.358453,0.000642,-0.004870,0.628590,0.777721,-0.294,-0.480,77.895,0.582032,0.077495,0.060193,0.110678,-0.173893,-0.545928
1790862474.186067,1790862474.244419,0.914174,4.093580,0.360030,0.000917,-0.007931,0.620985,0.783782,-0.482,-0.778,76.782,0.576996,0.098347,0.028587,-0.243006,-0.033282,-0.540602
1790862474.219409,1790862474.277235,0.916358,4.115068,0.361176,-0.003039,-0.007926,0.616117,0.787609,-0.834,-0.501,76.073,0.564852,0.130808,0.023424,-0.104512,0.290572,-0.130464
1790862474.252750,1790862474.311212,0.915182,4.133196,0.362339,-0.006522,-0.005865,0.616653,0.787186,-1.003,-0.068,76.148,0.552353,0.136026,0.049054,-0.142869,0.040224,0.161429
1790862474.286092,1790862474.343863,0.916114,4.152390,0.363866,-0.008938,-0.011769,0.617652,0.786313,-1.639,-0.428,76.306,0.555615,0.104053,0.043834,-0.568985,-0.373108,-0.087851
1790862474.319433,1790862474.380671,0.916818,4.170730,0.364762,-0.013547,-0.021649,0.614737,0.788319,-2.750,-1.001,75.919,0.559848,0.084189,0.006362,-0.459263,-0.072694,-0.326477
1790862474.352774,1790862474.412204,0.918542,4.187258,0.364349,-0.017972,-0.022173,0.611132,0.791014,-3.184,-0.751,75.400,0.548410,0.084709,-0.014730,-0.004377,0.340634,-0.146444
1790862474.386115,1790862474.438703,0.921084,4.206136,0.363995,-0.020480,-0.015971,0.610034,0.791949,-2.976,-0.018,75.214,0.546130,0.065395,-0.010776,0.158611,0.356615,-0.072939
1790862474.419456,1790862474.482245,0.922448,4.223755,0.363592,-0.021336,-0.011493,0.608472,0.793206,-2.742,0.443,74.973,0.546822,0.043668,0.007436,0.107468,0.111597,-0.145376
1790862474.452798,1790862474.515247,0.925690,4.241073,0.363737,-0.019537,-0.009564,0.607134,0.794301,-2.444,0.489,74.775,0.544929,0.042137,0.017559,0.226782,-0.047132,-0.024999
1790862474.486140,1790862474.549243,0.928760,4.257493,0.363307,-0.015379,-0.008142,0.607995,0.793750,-1.966,0.331,74.897,0.546766,0.043010,0.000652,0.234241,-0.107856,0.137988
1790862474.519481,1790862474.578412,0.933622,4.276426,0.363085,-0.012196,-0.007151,0.609954,0.792311,-1.607,0.203,75.178,0.563175,0.030552,-0.031891,0.122392,-0.016240,0.135857
1790862474.552823,1790862474.607053,0.938276,4.295530,0.361422,-0.011593,-0.005992,0.611475,0.791156,-1.471,0.269,75.397,0.577189,0.023295,-0.051735,0.015866,0.039157,0.102832
1790862474.586164,1790862474.626606,0.942158,4.314083,0.359551,-0.011982,-0.006651,0.613025,0.789945,-1.552,0.240,75.622,0.580386,0.028276,-0.054033,-0.100250,-0.063112,0.151835
1790862474.619506,1790862474.682382,0.946304,4.332618,0.357816,-0.012334,-0.008347,0.615438,0.788045,-1.703,0.116,75.976,0.582187,0.026940,-0.044109,-0.055504,-0.071636,0.184861
1790862474.652847,1790862474.711537,0.950109,4.351779,0.356666,-0.011997,-0.009763,0.617156,0.786689,-1.772,-0.032,76.229,0.586474,0.013245,-0.016256,0.009475,-0.125966,0.064483
1790862474.686189,1790862474.751724,0.954095,4.371082,0.356809,-0.008694,-0.012294,0.617365,0.786533,-1.654,-0.493,76.265,0.583885,-0.000781,0.021543,0.126655,-0.364592,-0.055895
1790862474.719530,1790862474.785827,0.960054,4.390118,0.357728,-0.002372,-0.014082,0.616486,0.787236,-1.209,-1.103,76.141,0.580019,-0.001712,0.029288,0.320547,-0.198403,-0.049505
1790862474.752872,1790862474.811850,0.964314,4.408330,0.359120,0.002390,-0.011673,0.617408,0.786553,-0.611,-1.221,76.267,0.568439,0.011613,0.026201,0.255565,0.053003,0.225341
1790862474.786212,1790862474.851400,0.968856,4.426200,0.360602,0.004939,-0.009489,0.621770,0.783127,-0.233,-1.204,76.899,0.560545,0.015804,0.036755,0.126669,-0.065244,0.380873
1790862474.819554,1790862474.886647,0.974341,4.442807,0.361708,0.006004,-0.010440,0.625992,0.779737,-0.213,-1.364,77.519,0.562544,0.011001,0.026044,-0.132181,-0.039679,0.240250
1790862474.852895,1790862474.911443,0.976995,4.462126,0.363110,0.002438,-0.010986,0.628106,0.778047,-0.574,-1.155,77.833,0.560848,0.020179,0.023973,-0.175865,0.284171,0.104961
1790862474.886237,1790862474.940324,0.982105,4.490279,0.364885,-0.001349,-0.007186,0.629904,0.776638,-0.639,-0.542,78.092,0.553461,0.034841,0.072904,0.147982,0.178737,0.204022
1790862474.919579,1790862474.970665,0.983551,4.497396,0.367984,0.001275,-0.006095,0.632579,0.774471,-0.329,-0.633,78.485,0.515752,0.038196,0.112855,0.116031,-0.279369,0.195512
1790862474.952920,1790862475.005083,0.985565,4.514239,0.371737,0.006287,-0.010109,0.635115,0.772326,-0.179,-1.352,78.866,0.508940,0.042249,0.101074,0.055310,-0.412531,0.217880
1790862474.986262,1790862475.041705,0.987371,4.532201,0.375027,0.009418,-0.014156,0.638241,0.769649,-0.205,-1.938,79.339,0.518315,0.044594,0.053247,-0.075719,-0.148336,0.278603
1790862475.019603,1790862475.077467,0.989983,4.550496,0.376488,0.008109,-0.016236,0.641891,0.766581,-0.482,-2.023,79.890,0.529830,0.040417,0.011002,-0.226987,0.031702,0.283929
1790862475.052945,1790862475.109832,0.993420,4.586642,0.376805,0.003459,-0.017762,0.644813,0.764126,-1.010,-1.811,80.335,0.566814,0.041259,-0.009843,-0.193979,0.127637,0.180564
1790862475.086286,1790862475.138070,0.993470,4.587262,0.377282,0.001188,-0.016234,0.646645,0.762617,-1.100,-1.507,80.606,0.538555,0.047604,-0.006294,0.086207,0.255418,0.116679
1790862475.119628,1790862475.174449,0.994470,4.602646,0.377634,-0.000124,-0.011532,0.648270,0.761323,-0.868,-0.997,80.837,0.525552,0.071824,0.009315,0.111778,0.253281,0.150767
1790862475.152970,1790862475.206500,0.994592,4.620572,0.378482,-0.001164,-0.008411,0.650485,0.759472,-0.728,-0.645,81.164,0.517964,0.095301,0.034503,0.040404,0.071117,0.183792
1790862475.186311,1790862475.248879,0.993876,4.638496,0.379962,-0.000910,-0.009557,0.652564,0.757672,-0.794,-0.762,81.480,0.517389,0.111631,0.052539,-0.105540,-0.227163,0.161420
1790862475.219651,1790862475.287947,0.992973,4.656833,0.381636,0.000626,-0.014474,0.654725,0.755729,-1.032,-1.301,81.820,0.526364,0.120863,0.039297,-0.115124,-0.300667,0.167814
1790862475.252991,1790862475.318761,0.991368,4.674865,0.382735,0.001846,-0.018336,0.656518,0.754085,-1.221,-1.724,82.105,0.543244,0.123581,0.002418,-0.083165,-0.120632,0.116679
1790862475.286332,1790862475.342862,0.989530,4.693040,0.382949,0.001299,-0.019955,0.657577,0.753122,-1.392,-1.820,82.273,0.562313,0.122815,-0.022243,-0.077839,-0.004519,0.045304
1790862475.319672,1790862475.377677,0.987715,4.711501,0.382432,0.000845,-0.020816,0.657715,0.752979,-1.497,-1.860,82.298,0.575007,0.119656,-0.021588,-0.026706,-0.065241,-0.029261
1790862475.353012,1790862475.396322,0.985802,4.731265,0.382192,0.001103,-0.022294,0.656953,0.753601,-1.584,-2.009,82.189,0.576687,0.130049,-0.018731,-0.119389,-0.054588,-0.078269
1790862475.386353,1790862475.446436,0.983844,4.750533,0.382217,-0.001656,-0.024790,0.656250,0.754134,-2.009,-2.018,82.095,0.559137,0.153207,-0.008339,-0.327123,0.022112,0.001627
1790862475.419693,1790862475.476166,0.981484,4.769975,0.382793,-0.006089,-0.028008,0.656302,0.753953,-2.635,-1.962,82.123,0.533880,0.173145,0.014810,-0.221655,0.060464,0.030391
1790862475.453033,1790862475.521245,0.978394,4.788962,0.384002,-0.007705,-0.027195,0.656675,0.753644,-2.714,-1.769,82.175,0.511790,0.182663,0.045161,0.155460,0.121188,0.029326
1790862475.486374,1790862475.555640,0.974776,4.807300,0.385931,-0.005172,-0.023413,0.656976,0.753531,-2.211,-1.632,82.199,0.493988,0.178546,0.077480,0.282228,-0.070562,-0.001565
1790862475.519714,1790862475.585996,0.971140,4.824439,0.388882,0.000121,-0.024645,0.656930,0.753548,-1.846,-2.138,82.197,0.481507,0.173785,0.087756,0.075561,-0.474308,-0.020742
1790862475.553054,1790862475.615711,0.967656,4.841610,0.391728,0.006190,-0.030222,0.656424,0.753761,-1.741,-3.078,82.150,0.478369,0.170665,0.053265,0.061712,-0.413584,-0.054833
1790862475.586395,1790862475.648029,0.964282,4.858132,0.393628,0.009024,-0.031564,0.655381,0.754585,-1.593,-3.409,81.998,0.475908,0.164435,0.005221,0.098997,0.154218,-0.105967
1790862475.619735,1790862475.684128,0.961012,4.877074,0.394162,0.007003,-0.025941,0.654559,0.755533,-1.341,-2.772,81.841,0.458915,0.164102,-0.000479,0.137345,0.455701,-0.011160
1790862475.653075,1790862475.720136,0.958594,4.890134,0.395519,0.004102,-0.020493,0.655339,0.755046,-1.185,-2.082,81.934,0.420208,0.160509,0.042991,0.002061,0.169133,0.110291
1790862475.686415,1790862475.757380,0.955021,4.906162,0.397853,0.004461,-0.021630,0.656561,0.753949,-1.243,-2.205,82.125,0.391582,0.154605,0.085683,0.002057,-0.285743,0.066617
1790862475.719755,1790862475.791171,0.951690,4.919517,0.400811,0.008587,-0.025421,0.657414,0.753052,-1.176,-2.842,82.271,0.369388,0.154024,0.080825,0.051061,-0.365639,0.078332
1790862475.753096,1790862475.820246,0.949379,4.943703,0.403987,0.011924,-0.029170,0.658220,0.752166,-1.175,-3.416,82.413,0.374259,0.141148,0.041576,-0.048019,-0.235639,0.013349
1790862475.786436,1790862475.850977,0.945771,4.946492,0.405253,0.012527,-0.031603,0.657152,0.752991,-1.302,-3.673,82.266,0.353779,0.115372,-0.002278,-0.116190,0.037045,-0.152838
1790862475.819776,1790862475.885972,0.943215,4.957751,0.405088,0.009440,-0.031253,0.655221,0.754732,-1.533,-3.414,81.971,0.337039,0.104065,-0.028897,-0.132176,0.263953,-0.125130
1790862475.853117,1790862475.916441,0.941088,4.968590,0.403928,0.004320,-0.028209,0.654011,0.755947,-1.742,-2.768,81.772,0.315066,0.097137,-0.021557,-0.077849,0.367286,-0.067604
1790862475.886457,1790862475.944163,0.939686,4.980230,0.404455,0.001134,-0.024909,0.653472,0.756540,-1.769,-2.245,81.673,0.298752,0.085892,0.016478,0.031876,0.126532,-0.010079
1790862475.919797,1790862475.975572,0.938285,5.017366,0.406593,0.000238,-0.024028,0.653790,0.756295,-1.781,-2.101,81.717,0.329999,0.083162,0.040136,-0.012896,-0.073655,0.060233
1790862475.953138,1790862476.007994,0.937543,5.000636,0.406944,0.001536,-0.025981,0.655020,0.755163,-1.819,-2.364,81.913,0.283823,0.067729,0.035208,-0.071455,-0.086523,0.141190
1790862475.986478,1790862476.036923,0.936718,5.010167,0.408042,0.001184,-0.027435,0.656916,0.753464,-1.965,-2.459,82.210,0.282582,0.056417,0.022971,-0.048018,-0.032193,0.168886
1790862476.019818,1790862476.074558,0.936155,5.019668,0.408936,0.000943,-0.028370,0.659170,0.751458,-2.064,-2.515,82.559,0.279529,0.049615,0.006288,-0.054410,-0.035389,0.196584
1790862476.053159,1790862476.118798,0.935884,5.029525,0.408798,0.000144,-0.029542,0.661497,0.749366,-2.230,-2.549,82.922,0.280004,0.041529,-0.015164,-0.085303,-0.016212,0.155035
1790862476.086499,1790862476.134492,0.935648,5.039587,0.408497,-0.001038,-0.030178,0.662870,0.748125,-2.384,-2.509,83.137,0.282107,0.035471,-0.029898,-0.058672,0.051967,0.076204
1790862476.119838,1790862476.154247,0.935516,5.049084,0.407789,-0.001957,-0.029550,0.663871,0.747261,-2.418,-2.382,83.286,0.278827,0.037067,-0.033347,0.060638,0.080730,0.094314
1790862476.153179,1790862476.201230,0.935467,5.058394,0.407024,-0.001586,-0.026860,0.665143,0.746231,-2.185,-2.176,83.465,0.274619,0.034160,-0.031068,0.177821,0.122276,0.097511
1790862476.186519,1790862476.251577,0.935516,5.067247,0.406474,-0.000486,-0.023338,0.666341,0.745282,-1.825,-1.956,83.630,0.271139,0.024619,-0.015888,0.201258,0.053031,0.098575
1790862476.219860,1790862476.285180,0.935499,5.082428,0.407132,0.002418,-0.021487,0.668166,0.743698,-1.440,-2.017,83.901,0.275861,0.023654,0.009574,0.216163,-0.187700,0.204043
1790862476.253201,1790862476.309693,0.936325,5.084298,0.407369,0.007747,-0.022862,0.670938,0.741120,-1.101,-2.538,84.334,0.262685,0.011475,0.004461,0.102189,-0.286799,0.193386
1790862476.286541,1790862476.347785,0.937403,5.093355,0.406944,0.009788,-0.024651,0.672680,0.739458,-1.072,-2.844,84.612,0.268126,-0.005620,-0.026472,0.006314,0.008291,0.099636
1790862476.319883,1790862476.367678,0.938167,5.103176,0.406824,0.008854,-0.022569,0.673487,0.738801,-0.993,-2.595,84.727,0.265762,-0.023039,-0.033395,0.102186,0.239460,0.031463
1790862476.353223,1790862476.409302,0.939613,5.112190,0.406457,0.007990,-0.018222,0.674158,0.738319,-0.732,-2.159,84.812,0.251145,-0.028481,-0.008882,0.169296,0.172347,0.080468
1790862476.386564,1790862476.444046,0.941253,5.120023,0.406919,0.009227,-0.015911,0.675685,0.736961,-0.453,-2.059,85.041,0.235683,-0.027710,0.021626,0.114966,-0.093977,0.146517
1790862476.419905,1790862476.473926,0.943038,5.127427,0.408008,0.011730,-0.017356,0.677411,0.735306,-0.359,-2.374,85.314,0.227049,-0.029620,0.031108,-0.006474,-0.233528,0.134798
1790862476.453246,1790862476.515459,0.945191,5.133595,0.408692,0.013867,-0.020618,0.678900,0.733810,-0.439,-2.814,85.559,0.222691,-0.034656,0.016978,-0.042690,-0.226073,0.108163
1790862476.486587,1790862476.533004,0.946584,5.142341,0.409533,0.015888,-0.022883,0.679493,0.733153,-0.448,-3.161,85.662,0.226827,-0.042746,-0.009836,0.042528,-0.108887,-0.031388
1790862476.519928,1790862476.580509,0.948327,5.149990,0.409191,0.016666,-0.022779,0.678179,0.734355,-0.368,-3.214,85.455,0.224894,-0.047112,-0.040241,0.028675,0.059428,-0.189050
1790862476.553268,1790862476.621433,0.949990,5.157487,0.408115,0.015650,-0.021692,0.675854,0.736550,-0.360,-3.044,85.088,0.214374,-0.034736,-0.051948,-0.035244,0.095646,-0.152826
1790862476.586609,1790862476.645131,0.951715,5.164485,0.406830,0.014945,-0.020749,0.674653,0.737692,-0.341,-2.911,84.897,0.201390,-0.024417,-0.042811,0.074481,0.026403,-0.042037
1790862476.619951,1790862476.677807,0.953422,5.170829,0.405750,0.015893,-0.019561,0.674721,0.737642,-0.169,-2.883,84.903,0.192288,-0.021157,-0.036812,0.089398,0.017881,0.048511
1790862476.653291,1790862476.708061,0.954877,5.176576,0.404165,0.016517,-0.017750,0.675698,0.736780,0.020,-2.779,85.047,0.185907,-0.022071,-0.037787,0.108575,0.077540,0.099641
1790862476.686632,1790862476.737818,0.956149,5.183374,0.403639,0.016386,-0.015772,0.677294,0.735361,0.157,-2.602,85.289,0.181843,-0.022876,-0.036520,0.047854,0.098846,0.151839
1790862476.719973,1790862476.779757,0.957460,5.188094,0.402439,0.015799,-0.014219,0.679262,0.733588,0.222,-2.426,85.591,0.174355,-0.025637,-0.031100,0.042529,0.083927,0.162490
1790862476.753314,1790862476.799831,0.958745,5.194817,0.401809,0.015351,-0.012520,0.681182,0.731846,0.310,-2.249,85.887,0.169195,-0.028374,-0.025405,0.074486,0.100977,0.137990
1790862476.786655,1790862476.829668,0.959621,5.200614,0.400948,0.015349,-0.010277,0.682799,0.730373,0.481,-2.062,86.135,0.160762,-0.025706,-0.019948,0.072352,0.079673,0.133728
1790862476.819997,1790862476.888665,0.960718,5.205664,0.400471,0.014988,-0.009278,0.684544,0.728759,0.524,-1.951,86.407,0.150868,-0.023783,-0.017840,-0.026718,0.033865,0.147578
1790862476.853338,1790862476.917223,0.961870,5.210179,0.399526,0.014041,-0.009551,0.686519,0.726913,0.418,-1.900,86.719,0.142292,-0.026630,-0.021542,-0.057611,0.026408,0.172076
1790862476.886679,1790862476.944282,0.963163,5.214645,0.398832,0.012575,-0.009480,0.688513,0.725053,0.297,-1.780,87.034,0.136835,-0.032467,-0.029543,-0.057611,0.104174,0.158229
1790862476.920020,1790862476.978799,0.964505,5.219052,0.397883,0.010410,-0.008642,0.690871,0.722852,0.178,-1.540,87.406,0.129825,-0.030919,-0.034236,-0.035238,0.148917,0.245582
1790862476.953361,1790862477.015127,0.965819,5.223202,0.396845,0.008393,-0.007017,0.694264,0.719637,0.134,-1.246,87.942,0.124007,-0.029605,-0.032507,0.006307,0.147851,0.304172
1790862476.986702,1790862477.059353,0.967035,5.227234,0.395893,0.007336,-0.005146,0.697911,0.716128,0.191,-1.009,88.522,0.119335,-0.032249,-0.026059,0.058507,0.093521,0.294584
1790862477.020042,1790862477.090556,0.968439,5.232425,0.394848,0.006997,-0.003668,0.701359,0.712765,0.277,-0.862,89.074,0.118331,-0.035170,-0.024919,0.042529,0.046654,0.275405
1790862477.053383,1790862477.115434,0.969353,5.235444,0.394177,0.007068,-0.003142,0.704482,0.709680,0.321,-0.826,89.576,0.113970,-0.034234,-0.025003,-0.001147,0.007234,0.259428
1790862477.086724,1790862477.145544,0.970316,5.239208,0.393056,0.006246,-0.003446,0.707604,0.706574,0.226,-0.785,90.082,0.112840,-0.033070,-0.024561,-0.061871,0.016824,0.265817
1790862477.120065,1790862477.179441,0.971491,5.243118,0.392480,0.005774,-0.004203,0.710852,0.703305,0.123,-0.809,90.611,0.108391,-0.032484,-0.015721,-0.045892,-0.046027,0.300972
1790862477.153406,1790862477.207934,0.972499,5.245934,0.391228,0.005479,-0.005409,0.714673,0.699416,-0.004,-0.882,91.236,0.102818,-0.031187,-0.017640,-0.049088,-0.028982,0.343580
1790862477.186748,1790862477.231342,0.973518,5.249480,0.390671,0.004855,-0.005870,0.718787,0.695189,-0.097,-0.868,91.913,0.101365,-0.031003,-0.024477,-0.043760,0.050913,0.369148
1790862477.220088,1790862477.259089,0.974405,5.253059,0.389453,0.002943,-0.005539,0.723011,0.690808,-0.226,-0.682,92.611,0.102043,-0.032635,-0.031911,-0.073591,0.125486,0.353163
1790862477.253427,1790862477.310578,0.975236,5.256433,0.388563,0.000775,-0.004882,0.727153,0.686458,-0.346,-0.449,93.299,0.099502,-0.031870,-0.031688,-0.041631,0.121223,0.370209
1790862477.286767,1790862477.360224,0.976748,5.267841,0.387436,-0.001671,-0.003387,0.731424,0.681913,-0.414,-0.125,94.013,0.113274,-0.033592,-0.032250,-0.013944,0.115958,0.363808
1790862477.320107,1790862477.395304,0.976800,5.262933,0.386275,-0.002157,-0.002329,0.735274,0.677762,-0.364,0.001,94.661,0.096319,-0.031224,-0.030813,0.048915,0.096721,0.315875
1790862477.353446,1790862477.426543,0.976995,5.265822,0.384994,-0.002876,-0.001074,0.738722,0.674003,-0.313,0.160,95.246,0.093808,-0.025557,-0.030683,0.012689,0.057303,0.303091
1790862477.386786,1790862477.446673,0.977501,5.269174,0.384067,-0.003305,-0.000476,0.742153,0.670223,-0.294,0.244,95.830,0.091314,-0.021371,-0.024286,0.030800,0.027475,0.312678
1790862477.420125,1790862477.481064,0.977775,5.272149,0.383426,-0.002769,-0.000072,0.745635,0.666349,-0.218,0.231,96.427,0.089594,-0.018980,-0.013412,0.019081,-0.060943,0.304156
1790862477.453464,1790862477.520302,0.976965,5.292967,0.382623,-0.003403,-0.000564,0.749133,0.662411,-0.307,0.249,97.031,0.121522,-0.015256,-0.010823,-0.031025,-0.121533,0.338243
1790862477.486803,1790862477.555722,0.977714,5.278529,0.382382,-0.001353,-0.002751,0.753219,0.657763,-0.339,-0.091,97.741,0.087156,-0.008448,-0.017913,-0.064014,-0.015132,0.394705
1790862477.520143,1790862477.589587,0.976908,5.281272,0.381506,-0.002652,-0.003380,0.757457,0.652871,-0.492,-0.023,98.482,0.089365,-0.006371,-0.022241,-0.085327,0.075414,0.384049
1790862477.553482,1790862477.613866,0.976617,5.284515,0.380972,-0.004109,-0.002992,0.761810,0.647781,-0.566,0.137,99.249,0.088160,-0.004172,-0.012722,0.018005,0.053044,0.428792
1790862477.586822,1790862477.646149,0.975542,5.287552,0.380530,-0.004137,-0.002448,0.766675,0.642017,-0.519,0.183,100.113,0.087658,-0.002385,-0.004769,0.041433,-0.004481,0.463946
1790862477.620161,1790862477.679196,0.975170,5.290309,0.380425,-0.003626,-0.001699,0.771351,0.636398,-0.415,0.197,100.951,0.090421,-0.004992,-0.003251,0.037173,0.011498,0.408551
1790862477.653501,1790862477.723551,0.973908,5.293419,0.380185,-0.003899,-0.001594,0.775741,0.631037,-0.424,0.231,101.745,0.090325,0.001886,-0.006269,-0.035272,0.028544,0.426661
1790862477.686840,1790862477.752526,0.973093,5.296295,0.379961,-0.005153,-0.001638,0.780295,0.625388,-0.516,0.343,102.576,0.089086,0.005087,-0.008677,-0.052318,0.081807,0.430919
1790862477.720180,1790862477.783524,0.971392,5.299192,0.379745,-0.006467,-0.001153,0.784522,0.620066,-0.563,0.499,103.354,0.085471,0.007255,0.000094,0.019047,0.054111,0.387243
1790862477.753519,1790862477.815277,0.970394,5.301604,0.379956,-0.006334,-0.000860,0.788576,0.614905,-0.524,0.512,104.106,0.076985,0.014228,0.015413,0.013720,-0.070529,0.408551
1790862477.786859,1790862477.849824,0.968397,5.304059,0.380714,-0.004455,-0.001846,0.792966,0.609246,-0.479,0.276,104.928,0.070270,0.022303,0.028927,0.059520,-0.169600,0.453295
1790862477.820198,1790862477.880818,0.967256,5.305975,0.381582,-0.001977,-0.002509,0.797634,0.603133,-0.366,0.007,105.810,0.064725,0.025561,0.024036,0.042477,-0.099291,0.465012
1790862477.853538,1790862477.910433,0.964320,5.320779,0.382041,-0.002494,-0.002407,0.802369,0.596819,-0.392,0.065,106.714,0.091844,0.021954,0.020258,0.029667,-0.050182,0.473598
1790862477.886876,1790862477.944492,0.963715,5.310049,0.382951,-0.000046,-0.002733,0.807171,0.590311,-0.256,-0.181,107.642,0.060879,0.030230,0.021387,0.052058,-0.014063,0.503371
1790862477.920215,1790862477.981732,0.961318,5.311453,0.383620,0.000716,-0.002079,0.812090,0.583528,-0.146,-0.206,108.602,0.058063,0.032509,0.024691,0.077618,-0.019391,0.506569
1790862477.953555,1790862478.013658,0.959625,5.313119,0.384515,0.001609,-0.001505,0.817047,0.576566,-0.035,-0.250,109.581,0.056301,0.031849,0.026555,0.060573,-0.018323,0.512961
1790862477.986894,1790862478.040615,0.957534,5.314461,0.385335,0.002081,-0.000845,0.821872,0.569667,0.056,-0.251,110.546,0.055711,0.032966,0.023441,0.030741,0.025352,0.496983
1790862478.020234,1790862478.081211,0.956018,5.315664,0.386096,0.001650,-0.000401,0.826431,0.563036,0.068,-0.182,111.468,0.054170,0.032375,0.020790,-0.002281,0.039200,0.469287
1790862478.053573,1790862478.120814,0.953773,5.316471,0.386894,0.001239,-0.000153,0.830748,0.556647,0.064,-0.128,112.351,0.051952,0.030937,0.018098,0.005170,0.054110,0.442659
1790862478.086912,1790862478.149252,0.952275,5.317715,0.387489,0.000896,0.000572,0.834729,0.550660,0.111,-0.050,113.175,0.048073,0.026220,0.017811,0.048846,0.014694,0.439462
1790862478.120252,1790862478.188438,0.950177,5.318235,0.388027,0.001441,0.001077,0.838801,0.544436,0.193,-0.071,114.028,0.043335,0.022642,0.014552,0.053102,-0.018331,0.442666
1790862478.153591,1790862478.213022,0.949104,5.319259,0.388408,0.002266,0.001464,0.842710,0.538360,0.281,-0.128,114.855,0.041341,0.015016,0.010372,0.033926,-0.044964,0.416032
1790862478.186931,1790862478.251306,0.947197,5.319262,0.388715,0.003549,0.001323,0.846263,0.532752,0.345,-0.263,115.616,0.037961,0.009984,0.003842,0.038179,-0.050298,0.370235
1790862478.220271,1790862478.275934,0.946649,5.320190,0.388655,0.003655,0.001573,0.849645,0.527340,0.374,-0.261,116.347,0.031493,0.005278,-0.009462,-0.005495,0.080733,0.405389
1790862478.253611,1790862478.311836,0.945104,5.320007,0.388319,0.002127,0.002138,0.853369,0.521298,0.336,-0.080,117.161,0.023476,0.003153,-0.012837,-0.041722,0.106295,0.442684
1790862478.286951,1790862478.347429,0.944926,5.320570,0.387954,0.000414,0.001401,0.857274,0.514858,0.162,0.042,118.024,0.018799,-0.004736,-0.006924,-0.164231,0.002961,0.436288
1790862478.320292,1790862478.380064,0.943962,5.320409,0.387938,-0.000065,-0.001804,0.860884,0.508799,-0.182,-0.099,118.832,0.013272,-0.010742,0.004861,-0.177022,-0.120616,0.429907
1790862478.353631,1790862478.413465,0.944272,5.320873,0.388179,0.000543,-0.004461,0.864673,0.502315,-0.411,-0.311,119.694,0.009437,-0.018887,0.011441,0.009402,-0.074808,0.481039
1790862478.386971,1790862478.445032,0.943432,5.320414,0.388692,0.001749,-0.003500,0.868790,0.495165,-0.249,-0.373,120.639,0.008471,-0.017601,0.008159,0.143620,0.041302,0.500224
1790862478.420312,1790862478.471999,0.944006,5.321005,0.388839,0.001135,-0.001949,0.872911,0.487875,-0.132,-0.222,121.598,0.014694,-0.013642,-0.000397,-0.024692,0.109481,0.486374
1790862478.453652,1790862478.513439,0.942765,5.321014,0.389019,-0.000577,-0.001422,0.876520,0.481363,-0.175,-0.021,122.451,0.023358,-0.008354,0.007449,0.011516,0.109478,0.392640
1790862478.486992,1790862478.545121,0.942331,5.321713,0.389516,-0.001642,-0.000823,0.879594,0.475722,-0.172,0.121,123.187,0.027339,-0.001109,0.024989,-0.012984,0.007209,0.394770
1790862478.520333,1790862478.580726,0.940939,5.321466,0.390601,-0.000939,-0.001459,0.882892,0.469573,-0.198,0.017,123.987,0.029099,0.010693,0.036904,-0.019383,-0.089734,0.452310
1790862478.553673,1790862478.608102,0.940232,5.322048,0.391858,0.000579,-0.003007,0.886659,0.462414,-0.275,-0.218,124.914,0.033149,0.012188,0.041923,-0.039622,-0.162174,0.520486
1790862478.587013,1790862478.652519,0.938532,5.321983,0.393096,0.002494,-0.005166,0.890620,0.454711,-0.397,-0.524,125.908,0.041084,0.008329,0.034747,-0.097154,-0.140872,0.497062
1790862478.620354,1790862478.679106,0.937494,5.322948,0.394130,0.003237,-0.008528,0.894163,0.447650,-0.708,-0.769,126.816,0.047536,0.006340,0.023317,-0.229251,-0.111045,0.461903
1790862478.653694,1790862478.718272,0.935463,5.323732,0.394654,0.002692,-0.012866,0.897418,0.440986,-1.187,-0.927,127.671,0.054417,0.007149,0.014620,-0.201558,-0.051388,0.424625
1790862478.687034,1790862478.752208,0.933970,5.325148,0.395070,0.001659,-0.015140,0.900385,0.434827,-1.480,-0.926,128.457,0.062313,0.008772,0.003150,-0.072657,0.070055,0.406514
1790862478.720375,1790862478.788998,0.931311,5.326425,0.395006,-0.000399,-0.014339,0.903379,0.428602,-1.504,-0.663,129.245,0.068106,0.012572,-0.006532,0.051974,0.163802,0.415042
1790862478.753715,1790862478.819967,0.929483,5.327942,0.394836,-0.002411,-0.012923,0.906246,0.422546,-1.459,-0.375,130.009,0.069949,0.014818,-0.003657,-0.018334,0.093492,0.391604
1790862478.787055,1790862478.856631,0.926560,5.329474,0.394956,-0.003328,-0.013376,0.908975,0.416622,-1.552,-0.292,130.756,0.072314,0.024851,0.012521,-0.028993,-0.047122,0.406523
1790862478.820395,1790862478.888675,0.924455,5.330650,0.395499,-0.002181,-0.014148,0.912256,0.409371,-1.582,-0.436,131.670,0.070856,0.036507,0.024166,0.015750,-0.102519,0.564186
1790862478.853735,1790862478.924861,0.921298,5.331579,0.396016,-0.001230,-0.014084,0.916158,0.400568,-1.535,-0.517,132.775,0.082222,0.038946,0.020821,0.015747,-0.017294,0.566321
1790862478.887075,1790862478.955136,0.918462,5.332929,0.396571,-0.001781,-0.016070,0.920045,0.391479,-1.774,-0.533,133.909,0.090070,0.025578,0.009826,-0.203703,-0.016229,0.584429
1790862478.920416,1790862478.987222,0.915314,5.334872,0.396783,-0.003658,-0.019093,0.923301,0.383585,-2.182,-0.452,134.888,0.105526,0.010939,0.002166,-0.189857,0.088171,0.443809
1790862478.953756,1790862479.019692,0.912321,5.337023,0.397000,-0.006602,-0.021147,0.925981,0.376920,-2.530,-0.213,135.707,0.116974,0.015338,0.010325,-0.153636,0.096692,0.454464
1790862478.987096,1790862479.049068,0.908316,5.339236,0.397585,-0.008609,-0.022855,0.928913,0.369492,-2.798,-0.051,136.619,0.129326,0.022469,0.025938,-0.114223,0.030644,0.488550
1790862479.020437,1790862479.074701,0.904788,5.341848,0.398607,-0.009520,-0.024479,0.931859,0.361869,-3.010,0.001,137.555,0.145364,0.019361,0.038738,-0.106764,-0.022620,0.487488
1790862479.053777,1790862479.112482,0.900426,5.344838,0.399847,-0.009866,-0.026086,0.934576,0.354669,-3.196,-0.004,138.437,0.163308,0.015159,0.045428,-0.066282,-0.024751,0.449140
1790862479.087117,1790862479.153076,0.895704,5.348109,0.401369,-0.010200,-0.027259,0.937236,0.347480,-3.336,0.010,139.315,0.179438,0.011849,0.045776,-0.079066,-0.022620,0.474706
1790862479.120457,1790862479.182758,0.890252,5.351768,0.402925,-0.010146,-0.028543,0.939871,0.340185,-3.472,-0.020,140.205,0.195825,0.008711,0.046294,-0.059893,-0.048186,0.449136
1790862479.153798,1790862479.212942,0.884794,5.355706,0.404428,-0.010200,-0.030100,0.942392,0.332997,-3.642,-0.047,141.080,0.203023,0.008438,0.045014,-0.103570,-0.043924,0.453397
1790862479.187138,1790862479.253861,0.878757,5.359465,0.406078,-0.009643,-0.031236,0.944553,0.326728,-3.745,-0.126,141.842,0.216692,0.006571,0.047250,0.025328,-0.056709,0.322368
1790862479.220478,1790862479.282065,0.872573,5.363644,0.407476,-0.009469,-0.029892,0.946245,0.321928,-3.593,-0.076,142.424,0.233523,0.017728,0.033672,0.110552,0.113736,0.330893
1790862479.253819,1790862479.317110,0.865704,5.367360,0.408243,-0.013014,-0.028095,0.948550,0.315109,-3.526,0.400,143.235,0.229497,0.045965,0.019687,-0.057764,0.311881,0.579106
1790862479.287159,1790862479.346521,0.858524,5.370748,0.408688,-0.019218,-0.029416,0.951692,0.305037,-3.883,1.068,144.420,0.225694,0.061388,0.021240,-0.349654,0.269270,0.723979
1790862479.320500,1790862479.382928,0.851015,5.373449,0.409167,-0.024728,-0.034832,0.955385,0.292259,-4.648,1.541,145.919,0.222479,0.071990,0.032631,-0.462576,0.083910,0.864592
1790862479.353841,1790862479.420924,0.843424,5.375935,0.409877,-0.027497,-0.041215,0.959234,0.278237,-5.418,1.709,147.568,0.225235,0.061268,0.033225,-0.367764,-0.033271,0.834762
1790862479.387182,1790862479.456118,0.835768,5.378309,0.410389,-0.029685,-0.046060,0.962576,0.265415,-5.998,1.874,149.071,0.233264,0.047135,0.019892,-0.288931,0.064734,0.721841
1790862479.420523,1790862479.493686,0.828009,5.381439,0.410465,-0.032737,-0.048740,0.965207,0.254809,-6.364,2.198,150.301,0.246809,0.037167,0.014404,-0.132332,0.120131,0.590810
1790862479.453864,1790862479.527403,0.819910,5.384670,0.410451,-0.035731,-0.049081,0.967310,0.246222,-6.469,2.577,151.292,0.262732,0.032349,0.014052,-0.042847,0.162742,0.475756
1790862479.487205,1790862479.562060,0.811359,5.387981,0.410599,-0.038381,-0.048637,0.969114,0.238702,-6.473,2.933,152.160,0.275361,0.036902,0.029050,-0.000235,0.074323,0.478950
1790862479.520546,1790862479.594443,0.802318,5.391039,0.411253,-0.038513,-0.047945,0.970998,0.231042,-6.376,3.017,153.063,0.285732,0.041919,0.048824,0.056225,-0.106776,0.465100
1790862479.553887,1790862479.617568,0.792689,5.393878,0.412329,-0.036080,-0.046691,0.972965,0.223286,-6.148,2.829,153.998,0.296946,0.051810,0.053142,0.141447,-0.168564,0.474688
1790862479.587228,1790862479.646387,0.782656,5.396491,0.413427,-0.032991,-0.044332,0.974882,0.215756,-5.784,2.590,154.911,0.308624,0.057581,0.052023,0.202169,-0.161106,0.451249
1790862479.620569,1790862479.675057,0.772193,5.399093,0.414313,-0.030731,-0.041034,0.976650,0.208629,-5.340,2.459,155.769,0.319675,0.060410,0.038433,0.189386,-0.053512,0.436335
1790862479.653910,1790862479.709282,0.761387,5.401550,0.414780,-0.029884,-0.038349,0.978234,0.201731,-5.001,2.464,156.588,0.329388,0.065369,0.030090,0.113751,-0.046054,0.413963
1790862479.687250,1790862479.746374,0.747374,5.405172,0.414850,-0.029078,-0.037827,0.979716,0.194629,-4.906,2.422,157.424,0.343270,0.072639,0.028055,-0.006628,-0.121682,0.461901
1790862479.720591,1790862479.782537,0.738863,5.405145,0.415121,-0.026317,-0.038726,0.981351,0.186434,-4.927,2.133,158.395,0.330464,0.074696,0.017275,-0.088654,-0.226089,0.507708
1790862479.753932,1790862479.814222,0.727564,5.406042,0.414699,-0.023529,-0.040948,0.982932,0.177804,-5.101,1.816,159.412,0.330659,0.068652,-0.005252,-0.120614,-0.119558,0.495990
1790862479.787273,1790862479.847550,0.716544,5.407936,0.413634,-0.023540,-0.043316,0.984180,0.170173,-5.355,1.810,160.295,0.333195,0.058030,-0.025394,-0.168551,0.016798,0.431006
1790862479.820614,1790862479.881462,0.705361,5.408708,0.412163,-0.024618,-0.045443,0.985203,0.163411,-5.603,1.929,161.070,0.323045,0.049970,-0.027836,-0.100375,0.035973,0.366023
1790862479.853955,1790862479.911260,0.695127,5.410941,0.410859,-0.025512,-0.046315,0.985958,0.158400,-5.709,2.042,161.644,0.316916,0.029286,-0.019808,-0.020477,0.019994,0.224339
1790862479.887295,1790862479.946608,0.684623,5.412120,0.409927,-0.026142,-0.045947,0.986453,0.155294,-5.672,2.138,162.001,0.315000,0.023010,-0.009303,0.092439,0.067932,0.162549
1790862479.920636,1790862479.978104,0.674604,5.414847,0.409445,-0.026838,-0.042814,0.986952,0.152881,-5.324,2.286,162.283,0.314693,0.013990,0.009345,0.241581,0.033842,0.154027
1790862479.953977,1790862480.011699,0.664134,5.416225,0.409574,-0.025668,-0.038831,0.987593,0.149979,-4.845,2.238,162.635,0.311283,0.014834,0.023068,0.211751,-0.104644,0.217945
1790862479.987318,1790862480.051265,0.653921,5.418856,0.409990,-0.023006,-0.036165,0.988394,0.145737,-4.488,2.002,163.146,0.313746,0.016398,0.028694,0.167008,-0.201586,0.293582
1790862480.020659,1790862480.087275,0.643565,5.421367,0.410415,-0.019215,-0.033354,0.989347,0.140396,-4.096,1.642,163.788,0.317549,0.014837,0.015909,0.222403,-0.188803,0.335127
1790862480.054000,1790862480.121153,0.632633,5.423017,0.410130,-0.016963,-0.029916,0.990261,0.134912,-3.661,1.463,164.437,0.327214,0.010490,-0.012246,0.193638,-0.013027,0.332999
1790862480.087341,1790862480.154379,0.621750,5.425814,0.409079,-0.017762,-0.027478,0.991050,0.129415,-3.387,1.610,165.073,0.337534,0.008161,-0.032818,0.051954,0.112675,0.340456
1790862480.120681,1790862480.193860,0.609859,5.428185,0.407631,-0.019568,-0.027380,0.991763,0.123584,-3.392,1.836,165.740,0.345842,0.009411,-0.031797,-0.068426,0.049823,0.369220
1790862480.154022,1790862480.227822,0.598395,5.430820,0.406247,-0.019914,-0.029390,0.992532,0.116703,-3.613,1.872,166.529,0.348193,0.014647,-0.026585,-0.166433,-0.049247,0.480008
1790862480.187363,1790862480.259251,0.585938,5.433136,0.405174,-0.019894,-0.031754,0.993471,0.107760,-3.866,1.873,167.556,0.357206,0.014465,-0.024831,-0.106779,-0.019422,0.581213
1790862480.220703,1790862480.294158,0.574131,5.435642,0.403922,-0.020041,-0.032891,0.994401,0.098400,-3.979,1.913,168.631,0.364214,-0.006510,-0.026326,-0.050318,-0.019422,0.523688
1790862480.254040,1790862480.335126,0.561310,5.438752,0.402853,-0.020019,-0.033301,0.995139,0.090496,-4.011,1.938,169.540,0.372589,-0.033019,-0.025101,-0.017298,-0.043926,0.422482
1790862480.287378,1790862480.370052,0.549512,5.442066,0.401774,-0.018652,-0.033759,0.995727,0.083911,-4.037,1.804,170.302,0.377178,-0.055608,-0.018496,-0.030080,-0.160044,0.363890
1790862480.320716,1790862480.401020,0.536351,5.446312,0.401189,-0.015537,-0.034671,0.996208,0.078272,-4.102,1.463,170.963,0.381033,-0.083313,-0.011796,-0.014106,-0.255921,0.265883
1790862480.354054,1790862480.434318,0.524470,5.451130,0.400676,-0.011704,-0.033556,0.996480,0.075929,-3.937,1.045,171.249,0.385217,-0.110784,-0.015918,0.208541,-0.098256,0.016601
1790862480.387392,1790862480.464304,0.511313,5.456235,0.400289,-0.011990,-0.028916,0.996666,0.075345,-3.409,1.120,171.320,0.382762,-0.101923,-0.008880,0.350220,0.124387,0.127392
1790862480.420730,1790862480.485749,0.499570,5.461604,0.400422,-0.012424,-0.023105,0.997100,0.071432,-2.743,1.231,171.775,0.361165,-0.089603,0.022244,0.282041,-0.087606,0.332995
1790862480.454068,1790862480.505752,0.488093,5.466312,0.401327,-0.009037,-0.020472,0.997587,0.065726,-2.409,0.879,172.443,0.351957,-0.092294,0.034162,0.039155,-0.272966,0.329800
1790862480.487406,1790862480.545733,0.476916,5.470881,0.402306,-0.004613,-0.021286,0.997951,0.060165,-2.467,0.381,173.092,0.343828,-0.095892,0.024447,-0.092939,-0.264443,0.341519
1790862480.520743,1790862480.575184,0.464924,5.475238,0.402869,-0.000897,-0.023500,0.998234,0.054546,-2.695,-0.044,173.746,0.334377,-0.108356,0.008472,-0.111050,-0.214371,0.296779
1790862480.554080,1790862480.620413,0.454444,5.480343,0.403121,0.001704,-0.025004,0.998378,0.051127,-2.852,-0.341,174.145,0.327021,-0.131756,-0.010057,-0.029024,-0.091862,0.083716
1790862480.587418,1790862480.650066,0.443220,5.485997,0.402904,0.002102,-0.024677,0.998398,0.050871,-2.812,-0.384,174.176,0.315739,-0.138667,-0.020560,0.080697,0.047690,-0.020687
1790862480.620756,1790862480.671195,0.433744,5.491620,0.402570,0.000954,-0.023178,0.998436,0.050864,-2.647,-0.244,174.173,0.297466,-0.128272,-0.015453,0.077501,0.072191,0.048557
1790862480.654094,1790862480.719152,0.424563,5.496656,0.402530,0.000718,-0.022223,0.998559,0.048837,-2.540,-0.207,174.405,0.277787,-0.111580,-0.000618,0.023171,-0.069492,0.204091
1790862480.687431,1790862480.746623,0.415626,5.501143,0.402779,0.002509,-0.022542,0.998746,0.044624,-2.568,-0.402,174.892,0.265313,-0.098669,0.000879,-0.046071,-0.140866,0.299968
1790862480.720769,1790862480.775131,0.407005,5.505228,0.402821,0.003974,-0.023519,0.998950,0.039111,-2.676,-0.560,175.529,0.258640,-0.092828,-0.013890,-0.053527,-0.038597,0.352169
1790862480.754107,1790862480.814262,0.398750,5.509069,0.402371,0.003151,-0.024225,0.999146,0.033316,-2.763,-0.453,176.191,0.252624,-0.094071,-0.029950,-0.055659,0.120130,0.337256
1790862480.787444,1790862480.852228,0.390583,5.512794,0.401532,0.000240,-0.025313,0.999284,0.028102,-2.899,-0.109,176.781,0.249508,-0.097288,-0.031484,-0.066313,0.181915,0.282925
1790862480.820782,1790862480.878763,0.380176,5.516634,0.401385,-0.002077,-0.026120,0.999364,0.024200,-2.998,0.165,177.221,0.253303,-0.101004,-0.015323,-0.036492,0.039161,0.190233
1790862480.854119,1790862480.902236,0.372462,5.520229,0.401088,-0.001262,-0.027147,0.999396,0.021680,-3.114,0.077,177.512,0.252180,-0.098857,-0.004032,-0.085494,-0.127023,0.116728
1790862480.887457,1790862480.940210,0.364286,5.523515,0.401151,0.000845,-0.028081,0.999407,0.019934,-3.216,-0.161,177.719,0.250267,-0.090228,-0.003729,-0.003465,-0.103586,0.091159
1790862480.920795,1790862480.977682,0.356270,5.526679,0.401095,0.001381,-0.027609,0.999451,0.018250,-3.161,-0.216,177.914,0.247307,-0.071802,-0.011687,0.054059,0.047683,0.114594
1790862480.954132,1790862481.016222,0.348004,5.529087,0.400883,-0.000533,-0.025901,0.999538,0.015907,-2.969,0.014,178.176,0.243949,-0.045969,-0.008935,0.138217,0.154214,0.175318
1790862480.987470,1790862481.055705,0.339988,5.530676,0.400865,-0.002618,-0.023824,0.999634,0.012524,-2.734,0.266,178.558,0.236650,-0.022146,0.006715,0.076431,0.046618,0.242432
1790862481.020806,1790862481.084585,0.329697,5.530952,0.401806,-0.001687,-0.023378,0.999691,0.008310,-2.681,0.171,179.043,0.232043,-0.015404,0.017801,-0.007733,-0.185620,0.236023
1790862481.054144,1790862481.109280,0.322689,5.531692,0.401986,0.001477,-0.023640,0.999707,0.004946,-2.708,-0.183,179.437,0.231931,-0.020767,-0.003572,-0.001339,-0.151529,0.138025
1790862481.087481,1790862481.143790,0.314863,5.532241,0.401448,0.002772,-0.022877,0.999728,0.003529,-2.621,-0.327,179.603,0.241904,-0.032867,-0.033577,0.126494,0.007198,0.006989
1790862481.120819,1790862481.185857,0.307643,5.533353,0.400127,0.001902,-0.020220,0.999783,0.004704,-2.316,-0.229,179.465,0.249629,-0.044161,-0.051348,0.154191,0.083899,-0.145348
1790862481.154156,1790862481.222496,0.298819,5.532752,0.398691,0.000919,-0.018478,0.999801,0.007463,-2.117,-0.121,179.147,0.254434,-0.038512,-0.053305,0.062568,0.018912,-0.194365
1790862481.187494,1790862481.244025,0.290799,5.534450,0.396912,0.001132,-0.018287,0.999771,0.011052,-2.094,-0.153,178.736,0.257810,-0.028717,-0.050313,-0.050350,-0.007719,-0.225256
1790862481.220834,1790862481.273576,0.282169,5.535275,0.395395,0.000853,-0.019741,0.999700,0.014471,-2.261,-0.130,178.344,0.253990,-0.007455,-0.044096,-0.137705,0.061525,-0.154946
1790862481.254177,1790862481.318746,0.273148,5.535850,0.394233,-0.000163,-0.022711,0.999609,0.016311,-2.603,-0.024,178.131,0.244928,0.011493,-0.027106,-0.205883,0.027435,-0.075048
1790862481.287519,1790862481.334675,0.265028,5.535626,0.393691,0.000160,-0.025413,0.999513,0.018113,-2.912,-0.071,177.925,0.243263,0.018282,-0.005595,-0.081244,-0.051394,-0.176252
1790862481.320862,1790862481.378646,0.255200,5.534016,0.393856,0.000310,-0.024835,0.999450,0.021975,-2.845,-0.098,177.483,0.249057,0.019316,0.006960,0.191465,0.059395,-0.276390
1790862481.354205,1790862481.420014,0.247130,5.533471,0.394307,-0.000611,-0.020686,0.999433,0.026542,-2.372,0.007,176.957,0.245277,0.016211,0.022213,0.282014,0.030632,-0.257218
1790862481.387548,1790862481.457404,0.237567,5.531788,0.395602,0.000558,-0.016755,0.999403,0.030201,-1.917,-0.122,176.540,0.243950,0.023449,0.033072,0.191457,-0.161123,-0.165607
1790862481.420891,1790862481.482657,0.228956,5.531832,0.396546,0.004428,-0.014525,0.999364,0.032275,-1.647,-0.561,176.309,0.249081,0.029111,0.024568,0.094516,-0.265520,-0.085708
1790862481.454233,1790862481.510297,0.220002,5.531698,0.397023,0.007914,-0.012796,0.999321,0.033630,-1.435,-0.956,176.157,0.260733,0.024274,-0.004463,0.156303,-0.078028,-0.095295
1790862481.487576,1790862481.553758,0.200903,5.533322,0.397113,0.006792,-0.010089,0.999292,0.035617,-1.128,-0.819,175.925,0.282658,0.015883,-0.034372,0.160557,0.193625,-0.156005
1790862481.520920,1790862481.585870,0.201302,5.530734,0.395936,0.003409,-0.008156,0.999203,0.038926,-0.919,-0.427,175.542,0.269785,0.017574,-0.039009,0.005023,0.206400,-0.231661
1790862481.554263,1790862481.608815,0.192556,5.530704,0.394878,0.001161,-0.009108,0.999052,0.042555,-1.037,-0.177,175.124,0.259452,0.027149,-0.020547,-0.124941,0.046605,-0.183724
1790862481.587606,1790862481.641668,0.183680,5.530608,0.394386,0.001066,-0.011512,0.998927,0.044848,-1.312,-0.181,174.861,0.246889,0.037827,-0.003081,-0.157965,-0.031158,-0.092106
1790862481.620949,1790862481.675862,0.169629,5.530734,0.395132,0.001067,-0.013601,0.998863,0.045688,-1.551,-0.193,174.765,0.244179,0.043438,0.006425,-0.048244,0.027433,-0.015400
1790862481.654292,1790862481.714014,0.166008,5.528929,0.395240,0.000250,-0.013224,0.998864,0.045770,-1.513,-0.098,174.754,0.231722,0.043334,0.013450,0.076395,0.076432,-0.001559
1790862481.687635,1790862481.743680,0.157879,5.528350,0.395830,-0.001009,-0.011867,0.998868,0.046053,-1.364,0.053,174.720,0.229399,0.039433,0.022216,0.065741,0.072172,-0.037777
1790862481.720978,1790862481.775940,0.149981,5.527543,0.396728,-0.001718,-0.011360,0.998827,0.047030,-1.310,0.135,174.607,0.227867,0.039160,0.034461,-0.028005,-0.002398,-0.064412
1790862481.754322,1790862481.809091,0.142199,5.526672,0.397978,-0.000870,-0.012323,0.998762,0.048182,-1.415,0.032,174.476,0.228046,0.038459,0.044569,-0.075942,-0.105730,-0.084654
1790862481.787665,1790862481.830980,0.134496,5.526188,0.399382,0.000826,-0.013520,0.998660,0.049949,-1.543,-0.172,174.276,0.228911,0.034012,0.038340,-0.056768,-0.074836,-0.134722
1790862481.821008,1790862481.858300,0.124505,5.524972,0.400886,0.001152,-0.014493,0.998530,0.052207,-1.652,-0.218,174.017,0.230755,0.039379,0.026758,-0.041858,0.021038,-0.127266
1790862481.854351,1790862481.910241,0.116514,5.524423,0.401697,0.000375,-0.015216,0.998421,0.054071,-1.739,-0.137,173.802,0.226452,0.048595,0.018546,-0.047185,0.066846,-0.091045
1790862481.887693,1790862481.939161,0.108529,5.523769,0.402262,-0.001057,-0.015606,0.998330,0.055614,-1.792,0.021,173.623,0.223184,0.054935,0.014372,0.014599,0.105196,-0.094239
1790862481.921037,1790862481.988660,0.100648,5.522882,0.402692,-0.002982,-0.014251,0.998257,0.057200,-1.650,0.248,173.437,0.218989,0.062181,0.013303,0.153087,0.130764,-0.091042
1790862481.954380,1790862482.023578,0.090505,5.520823,0.403169,-0.004818,-0.011417,0.998199,0.058689,-1.339,0.474,173.265,0.217373,0.074450,0.009019,0.158411,0.087091,-0.066530
1790862481.987723,1790862482.045081,0.082656,5.519055,0.403166,-0.005822,-0.009743,0.998185,0.059135,-1.154,0.600,173.213,0.213161,0.090140,0.002697,0.052949,0.040219,0.011234
1790862482.021066,1790862482.076194,0.074904,5.517127,0.403057,-0.005957,-0.009191,0.998222,0.058598,-1.091,0.620,173.275,0.213258,0.095629,0.001102,0.019925,-0.031154,0.052780
1790862482.054410,1790862482.115018,0.067155,5.514966,0.402893,-0.004986,-0.009212,0.998273,0.057800,-1.087,0.509,173.368,0.218392,0.096896,-0.001790,-0.024813,-0.079092,0.051716
1790862482.087753,1790862482.144643,0.059237,5.512661,0.402593,-0.003757,-0.009941,0.998322,0.056926,-1.162,0.365,173.469,0.221311,0.097608,-0.011270,-0.063164,-0.049262,0.058107
1790862482.121096,1790862482.181236,0.051169,5.510394,0.402025,-0.003636,-0.011175,0.998357,0.056080,-1.302,0.344,173.566,0.223142,0.089079,-0.019646,-0.048251,0.024241,0.015494
1790862482.154440,1790862482.215380,0.035375,5.508797,0.401459,-0.004681,-0.011980,0.998332,0.056288,-1.401,0.458,173.540,0.229173,0.079893,-0.024390,-0.064233,0.079650,-0.044145
1790862482.187783,1790862482.241818,0.033671,5.506339,0.400577,-0.005944,-0.012714,0.998282,0.056894,-1.493,0.597,173.469,0.213294,0.076711,-0.020606,-0.039731,0.074315,-0.009002
1790862482.221125,1790862482.273846,0.026322,5.504812,0.399869,-0.006839,-0.012757,0.998298,0.056501,-1.504,0.700,173.512,0.203740,0.073176,-0.013868,0.028448,0.040225,0.057043
1790862482.254464,1790862482.308203,0.019086,5.503445,0.399342,-0.007235,-0.011576,0.998359,0.055617,-1.371,0.754,173.614,0.199058,0.066543,-0.010093,0.118998,0.015723,0.054916
1790862482.287804,1790862482.345685,0.011904,5.502172,0.398789,-0.008064,-0.009250,0.998433,0.054605,-1.109,0.865,173.731,0.196477,0.061252,-0.018883,0.149892,0.124385,0.066635
1790862482.321143,1790862482.385948,0.001133,5.500958,0.398548,-0.011036,-0.006766,0.998493,0.053329,-0.842,1.221,173.877,0.198793,0.053533,-0.020969,0.113667,0.190438,0.092208
1790862482.354482,1790862482.409003,-0.005325,5.500084,0.397832,-0.013623,-0.005541,0.998547,0.051844,-0.715,1.526,174.046,0.199145,0.039332,-0.010406,0.005007,0.094561,0.090075
1790862482.387821,1790862482.432680,-0.011384,5.499490,0.397414,-0.013689,-0.006388,0.998615,0.050393,-0.810,1.530,174.211,0.200064,0.022930,0.002808,-0.110043,-0.100388,0.077291
1790862482.421161,1790862482.475981,-0.017602,5.499459,0.397231,-0.011460,-0.008950,0.998696,0.048946,-1.089,1.261,174.376,0.202415,0.007308,0.000700,-0.179287,-0.139805,0.092202
1790862482.454500,1790862482.526451,-0.032586,5.500835,0.397183,-0.010140,-0.012285,0.998741,0.047572,-1.462,1.094,174.532,0.218531,-0.009967,-0.012683,-0.201665,-0.058826,0.066648
1790862482.487839,1790862482.557958,-0.033484,5.501940,0.396500,-0.009747,-0.015480,0.998744,0.046642,-1.824,1.033,174.636,0.215849,-0.027649,-0.027038,-0.169705,0.026382,0.043201
1790862482.521179,1790862482.589303,-0.040918,5.503670,0.395462,-0.011144,-0.017669,0.998730,0.045845,-2.082,1.183,174.722,0.220076,-0.041236,-0.035943,-0.081287,0.111607,0.060246
1790862482.554518,1790862482.614206,-0.048363,5.505919,0.394282,-0.013125,-0.018261,0.998757,0.044477,-2.158,1.409,174.874,0.224105,-0.049239,-0.031473,-0.003521,0.103085,0.109250
1790862482.587857,1790862482.653241,-0.055660,5.508572,0.393359,-0.013953,-0.017730,0.998860,0.042076,-2.098,1.512,175.148,0.228469,-0.055121,-0.014568,0.062527,-0.037533,0.182755
1790862482.621197,1790862482.685024,-0.063608,5.511583,0.393416,-0.012486,-0.016211,0.999049,0.038499,-1.912,1.358,175.564,0.238581,-0.062109,-0.011022,0.107266,-0.092928,0.240274
1790862482.654536,1790862482.706619,-0.071331,5.514565,0.392670,-0.011889,-0.014625,0.999225,0.034542,-1.722,1.304,176.021,0.256751,-0.072699,-0.022823,0.062526,0.045558,0.226422
1790862482.687876,1790862482.746022,-0.080324,5.517573,0.391883,-0.012909,-0.014149,0.999334,0.031072,-1.667,1.428,176.417,0.274095,-0.084382,-0.019146,-0.028025,0.027447,0.181682
1790862482.721215,1790862482.777594,-0.089445,5.521008,0.391281,-0.012277,-0.015699,0.999388,0.028738,-1.839,1.354,176.684,0.288672,-0.099988,-0.005498,-0.144143,-0.127019,0.089000
1790862482.754554,1790862482.822860,-0.098656,5.524614,0.391014,-0.009442,-0.017983,0.999393,0.028302,-2.091,1.023,176.737,0.298642,-0.115416,0.003311,-0.089816,-0.195200,-0.046289
1790862482.787892,1790862482.857671,-0.109333,5.528489,0.392003,-0.007023,-0.018450,0.999381,0.029109,-2.137,0.743,176.649,0.304882,-0.111787,0.001856,0.066770,-0.067367,-0.022860
1790862482.821232,1790862482.877548,-0.119548,5.533136,0.391892,-0.007681,-0.015801,0.999445,0.028308,-1.835,0.829,176.742,0.304973,-0.097799,0.003583,0.227634,0.145693,0.133743
1790862482.854571,1790862482.907624,-0.129315,5.537123,0.392365,-0.009653,-0.011920,0.999567,0.025102,-1.394,1.071,177.110,0.304577,-0.089789,0.029638,0.211658,0.015726,0.243469
1790862482.887910,1790862482.939547,-0.139252,5.540776,0.393726,-0.007589,-0.009208,0.999702,0.021299,-1.074,0.847,177.551,0.308989,-0.090465,0.056354,0.104061,-0.264446,0.194467
1790862482.921250,1790862482.966204,-0.148681,5.544105,0.395316,-0.001710,-0.008572,0.999794,0.018297,-0.986,0.178,177.902,0.312643,-0.091784,0.056007,-0.018444,-0.377369,0.174224
1790862482.954589,1790862483.015261,-0.159233,5.547435,0.396848,0.003144,-0.009315,0.999834,0.015360,-1.062,-0.377,178.243,0.319655,-0.097132,0.028136,-0.041881,-0.161114,0.157178
1790862482.987928,1790862483.039096,-0.169759,5.550784,0.397741,0.003826,-0.009916,0.999853,0.013430,-1.130,-0.454,178.465,0.325484,-0.107481,0.004967,-0.039755,0.059399,0.073018
1790862483.021267,1790862483.094404,-0.180980,5.554487,0.398186,0.002760,-0.010247,0.999858,0.013128,-1.170,-0.332,178.499,0.325240,-0.114338,0.005588,0.007114,0.031702,-0.017532
1790862483.054606,1790862483.128284,-0.191805,5.558209,0.398820,0.002569,-0.010135,0.999856,0.013366,-1.157,-0.310,178.471,0.318636,-0.109212,0.011448,0.009239,-0.006649,0.004832
1790862483.087945,1790862483.149877,-0.202002,5.562036,0.399344,0.002740,-0.010047,0.999867,0.012520,-1.147,-0.328,178.569,0.307814,-0.096426,0.016619,0.004980,-0.002389,0.123081
1790862483.121284,1790862483.184808,-0.211979,5.565578,0.400112,0.002494,-0.009697,0.999910,0.008927,-1.109,-0.296,178.980,0.293765,-0.078787,0.019320,0.020962,0.009330,0.325488
1790862483.154624,1790862483.209234,-0.221922,5.568009,0.401086,0.002543,-0.009497,0.999949,0.002517,-1.088,-0.294,179.714,0.280556,-0.070239,0.014010,-0.004603,-0.023691,0.423493
1790862483.187963,1790862483.240297,-0.231326,5.570346,0.401434,0.002655,-0.009864,0.999938,-0.004504,-1.132,-0.299,-179.481,0.273500,-0.071412,0.004230,-0.034431,0.000809,0.401122
1790862483.221301,1790862483.289381,-0.240406,5.572627,0.401616,0.002875,-0.010454,0.999883,-0.010825,-1.201,-0.316,-178.756,0.268333,-0.073570,-0.000137,-0.034431,-0.038604,0.347858
1790862483.254641,1790862483.319977,-0.248987,5.575155,0.401901,-0.003706,0.010836,-0.999805,0.016105,-1.248,-0.405,-178.150,0.261879,-0.076353,-0.001433,-0.005665,-0.076957,0.276475
1790862483.287980,1790862483.340825,-0.257749,5.577133,0.401939,-0.005455,0.009995,-0.999730,0.020263,-1.158,-0.602,-177.672,0.254616,-0.081257,-0.001754,0.128558,-0.139810,0.224277
1790862483.321320,1790862483.390858,-0.266204,5.579374,0.401865,0.007624,-0.006964,0.999665,-0.023714,-0.819,-0.854,-177.276,0.247670,-0.082538,-0.012608,0.218042,-0.095066,0.186991
1790862483.354659,1790862483.421661,-0.274398,5.581691,0.401621,0.008039,-0.003189,0.999596,-0.027065,-0.390,-0.911,-176.895,0.243380,-0.078639,-0.026401,0.235085,0.055138,0.204027
1790862483.387999,1790862483.444514,-0.282788,5.583669,0.400784,0.005755,0.000528,0.999517,-0.030548,0.040,-0.661,-176.499,0.238984,-0.068345,-0.028447,0.207387,0.188301,0.215747
1790862483.421339,1790862483.475158,-0.290978,5.585223,0.400169,0.002789,0.003388,0.999392,-0.034598,0.377,-0.333,-176.036,0.232989,-0.055313,-0.011652,0.129620,0.120124,0.247704
1790862483.454678,1790862483.508489,-0.298543,5.586202,0.400176,0.002054,0.004651,0.999243,-0.038581,0.523,-0.256,-175.579,0.225004,-0.042654,0.011766,0.027352,-0.053520,0.239183
1790862483.488018,1790862483.546740,-0.305702,5.586950,0.400894,0.003495,0.005166,0.999072,-0.042622,0.574,-0.425,-175.116,0.217914,-0.029591,0.021638,0.034808,-0.080152,0.258353
1790862483.521357,1790862483.571840,-0.312792,5.587122,0.401548,0.004148,0.005899,0.998857,-0.047242,0.653,-0.507,-174.587,0.214788,-0.019209,0.014958,0.035875,0.021048,0.296707
1790862483.554697,1790862483.611302,-0.320122,5.586794,0.402014,0.003093,0.006094,0.998606,-0.052348,0.679,-0.391,-174.001,0.214362,-0.007035,0.007105,-0.006736,0.104143,0.319077
1790862483.588036,1790862483.650383,-0.327237,5.586029,0.402320,0.001378,0.005345,0.998304,-0.057953,0.602,-0.193,-173.356,0.214045,0.007046,0.007877,-0.075980,0.099882,0.341447
1790862483.621376,1790862483.689665,-0.334015,5.584618,0.402999,0.000341,0.003968,0.997980,-0.063411,0.451,-0.068,-172.729,0.213887,0.020384,0.014408,-0.071721,0.043420,0.284982
1790862483.654715,1790862483.712693,-0.340877,5.582306,0.403422,-0.000448,0.002602,0.997741,-0.067132,0.301,0.031,-172.301,0.216234,0.029384,0.014586,-0.070658,0.050877,0.146494
1790862483.688054,1790862483.752498,-0.347334,5.579840,0.403915,-0.000847,0.001535,0.997638,-0.068672,0.182,0.085,-172.124,0.216144,0.036703,0.018671,-0.032310,0.004000,0.043161
1790862483.721393,1790862483.780186,-0.353175,5.576957,0.404723,-0.000693,0.001859,0.997623,-0.068876,0.218,0.065,-172.101,0.213223,0.045951,0.017605,0.063561,-0.003461,-0.012232
1790862483.754733,1790862483.807878,-0.359891,5.574185,0.405140,-0.000860,0.003105,0.997655,-0.068374,0.362,0.074,-172.159,0.214763,0.058941,0.010333,0.096585,0.012517,-0.038864
1790862483.788072,1790862483.844013,-0.366524,5.570844,0.405364,-0.001290,0.004188,0.997685,-0.067861,0.489,0.115,-172.217,0.220472,0.073780,0.003769,0.018818,0.030627,-0.023949
1790862483.821412,1790862483.879452,-0.373264,5.567033,0.405523,-0.001366,0.003477,0.997700,-0.067683,0.408,0.129,-172.238,0.225829,0.087173,0.007432,-0.100495,-0.038616,0.004812
1790862483.854751,1790862483.918878,-0.379884,5.562885,0.405868,0.000137,0.001675,0.997681,-0.068038,0.190,-0.029,-172.197,0.228163,0.102972,0.014566,-0.107951,-0.120647,0.035707
1790862483.888091,1790862483.950242,-0.385720,5.557362,0.406906,0.002662,0.000276,0.997646,-0.068529,0.011,-0.307,-172.141,0.228984,0.114413,0.020763,-0.089847,-0.159003,0.012273
1790862483.921430,1790862483.978473,-0.393088,5.553024,0.407416,0.005386,-0.000708,0.997720,-0.067273,-0.123,-0.610,-172.284,0.230931,0.114230,0.021199,-0.012076,-0.131304,-0.203982
1790862483.954770,1790862484.004580,-0.398574,5.547297,0.408106,0.006479,0.000614,0.998013,-0.062668,0.024,-0.745,-172.814,0.224927,0.123441,0.019438,0.190324,0.012502,-0.330746
1790862483.988109,1790862484.036703,-0.405242,5.542007,0.408910,0.005278,0.004707,0.998330,-0.057338,0.504,-0.635,-173.429,0.210630,0.130702,0.025603,0.268089,0.079617,-0.300919
1790862484.021448,1790862484.075729,-0.409791,5.535965,0.410156,0.004465,0.008094,0.998564,-0.052775,0.899,-0.560,-173.954,0.191868,0.132669,0.040836,0.099768,-0.041832,-0.259367
1790862484.054788,1790862484.102939,-0.415301,5.531017,0.411913,0.006383,0.008938,0.998746,-0.048852,0.987,-0.781,-174.406,0.179551,0.129494,0.057515,0.013479,-0.199496,-0.215691
1790862484.088127,1790862484.141770,-0.419642,5.524971,0.414036,0.010203,0.009593,0.998853,-0.045790,1.045,-1.218,-174.762,0.166459,0.133720,0.058894,0.059281,-0.224002,-0.109156
1790862484.121466,1790862484.162857,-0.425059,5.520525,0.415996,0.012871,0.010155,0.998875,-0.044502,1.097,-1.525,-174.913,0.163706,0.130247,0.042574,-0.021678,-0.072728,-0.088918
1790862484.154805,1790862484.203361,-0.430045,5.515743,0.417432,0.013155,0.009435,0.998954,-0.042763,1.016,-1.552,-175.111,0.160893,0.124498,0.026935,-0.086662,0.055105,-0.119811
1790862484.188144,1790862484.252151,-0.434291,5.510450,0.418547,0.011818,0.007487,0.999061,-0.040995,0.802,-1.388,-175.310,0.151545,0.129852,0.024147,-0.119689,0.082802,-0.087849
1790862484.221484,1790862484.275773,-0.438831,5.505661,0.419618,0.011063,0.005632,0.999119,-0.040079,0.594,-1.293,-175.412,0.138886,0.139839,0.029255,-0.134604,-0.017334,-0.007952
1790862484.254823,1790862484.305339,-0.443098,5.500953,0.420715,0.012370,0.002695,0.999099,-0.040503,0.251,-1.429,-175.360,0.129703,0.133454,0.027950,-0.209174,-0.113210,0.037853
1790862484.288162,1790862484.333968,-0.447037,5.496336,0.421546,0.013810,-0.000312,0.999073,-0.040771,-0.100,-1.580,-175.325,0.123632,0.120816,0.013683,-0.138864,-0.008813,0.004827
1790862484.321501,1790862484.383718,-0.450726,5.491828,0.421853,0.012617,-0.001686,0.999069,-0.041226,-0.253,-1.437,-175.271,0.112381,0.122748,-0.002004,-0.023813,0.153113,0.065549
1790862484.354840,1790862484.415064,-0.453952,5.486739,0.421809,0.009865,-0.001928,0.999039,-0.042673,-0.269,-1.120,-175.106,0.101837,0.126463,-0.003668,-0.003576,0.145658,0.097513
1790862484.388180,1790862484.444628,-0.457022,5.482188,0.421831,0.007995,-0.002681,0.998985,-0.044237,-0.347,-0.902,-174.926,0.094241,0.127597,0.006837,-0.061102,0.061499,0.091120
1790862484.421519,1790862484.483214,-0.459754,5.477409,0.422213,0.007821,-0.004206,0.998912,-0.045779,-0.523,-0.873,-174.748,0.087712,0.129739,0.016594,-0.116498,-0.021592,0.092186
1790862484.454858,1790862484.518119,-0.462769,5.471655,0.422761,0.008312,-0.006494,0.998829,-0.047224,-0.788,-0.916,-174.580,0.084371,0.127565,0.015161,-0.145266,-0.021589,0.077277
1790862484.488197,1790862484.541363,-0.464952,5.467266,0.423177,-0.008363,0.008902,-0.998768,0.048092,-1.065,-0.908,-174.478,0.080743,0.116273,0.011799,-0.139940,0.026348,0.028272
1790862484.521536,1790862484.583309,-0.466977,5.463242,0.423618,-0.008306,0.011178,-0.998733,0.048354,-1.326,-0.889,-174.446,0.076270,0.106361,0.015436,-0.134616,-0.016263,-0.004750
1790862484.554874,1790862484.621315,-0.469886,5.458409,0.424130,-0.008913,0.013130,-0.998735,0.047713,-1.552,-0.948,-174.517,0.074195,0.094792,0.017854,-0.086684,-0.042892,-0.077183
1790862484.588214,1790862484.646445,-0.471744,5.455140,0.424637,-0.009487,0.013980,-0.998805,0.045860,-1.650,-1.012,-174.728,0.070870,0.080641,0.018464,-0.005723,-0.009870,-0.149624
1790862484.621553,1790862484.674743,-0.473599,5.452182,0.425197,-0.009348,0.013659,-0.998935,0.043068,-1.610,-1.003,-175.048,0.065097,0.074355,0.018257,0.052866,0.028479,-0.174126
1790862484.654892,1790862484.707559,-0.475371,5.449524,0.425845,-0.009100,0.012483,-0.999056,0.040597,-1.472,-0.984,-175.333,0.053783,0.075797,0.020675,0.090149,-0.008806,-0.114469
1790862484.688231,1790862484.740149,-0.477103,5.446866,0.426500,-0.009348,0.010674,-0.999128,0.039258,-1.264,-1.022,-175.489,0.044984,0.077511,0.020838,0.106129,-0.021587,-0.044160
1790862484.721570,1790862484.779736,-0.478655,5.444193,0.427126,0.009631,-0.009386,0.999162,-0.038664,-1.118,-1.061,-175.558,0.041064,0.078007,0.019144,0.032623,-0.020520,-0.014331
1790862484.754909,1790862484.814958,-0.480201,5.441395,0.427718,0.009856,-0.009563,0.999155,-0.038728,-1.139,-1.086,-175.550,0.039117,0.081949,0.016939,-0.039815,-0.007737,0.022952
1790862484.788248,1790862484.847609,-0.481466,5.438703,0.428230,-0.009778,0.010209,-0.999117,0.039573,-1.213,-1.073,-175.452,0.034074,0.085795,0.012874,-0.056858,0.034877,0.095392
1790862484.821587,1790862484.865609,-0.482712,5.435865,0.428612,-0.008972,0.011287,-0.999041,0.041344,-1.335,-0.974,-175.249,0.030902,0.086231,0.009862,-0.058987,0.067904,0.104979
1790862484.854926,1790862484.924206,-0.483748,5.432925,0.428914,-0.007668,0.012524,-0.998955,0.043286,-1.472,-0.816,-175.027,0.024439,0.090489,0.009404,-0.079227,0.076427,0.143329
1790862484.888265,1790862484.955325,-0.505302,5.423754,0.430314,-0.005047,0.014348,-0.998813,0.046276,-1.669,-0.502,-174.687,0.054948,0.092850,0.014797,-0.125038,0.000914,0.154173
1790862484.921604,1790862484.990376,-0.486323,5.426607,0.429606,-0.007059,0.016303,-0.998690,0.047985,-1.905,-0.718,-174.486,0.019569,0.075346,0.009433,-0.107991,-0.002398,0.081547
1790862484.954943,1790862485.025162,-0.488571,5.422921,0.429834,-0.006193,0.017990,-0.998614,0.049082,-2.094,-0.608,-174.361,0.019627,0.067454,-0.001710,-0.076036,0.112660,0.073030
1790862484.988282,1790862485.048400,-0.488925,5.420771,0.429674,-0.003938,0.019066,-0.998529,0.050610,-2.205,-0.340,-174.190,0.013438,0.062457,-0.007628,-0.035555,0.133967,0.107118
1790862485.021620,1790862485.066943,-0.489422,5.418781,0.429322,-0.002130,0.019832,-0.998427,0.052397,-2.282,-0.125,-173.989,0.010906,0.048643,-0.012694,-0.051535,0.075378,0.096465
1790862485.054959,1790862485.117550,-0.489894,5.417098,0.428656,-0.001170,0.020996,-0.998344,0.053549,-2.410,-0.005,-173.859,0.008830,0.032886,-0.022371,-0.081365,0.041289,0.069833
1790862485.088298,1790862485.147366,-0.492444,5.415440,0.427803,-0.000536,0.022659,-0.998226,0.055061,-2.596,0.082,-173.687,0.008416,0.022692,-0.032277,-0.110130,0.043426,0.134819
1790862485.121637,1790862485.172202,-0.492772,5.414986,0.426548,0.000479,0.024738,-0.998019,0.057848,-2.827,0.219,-173.371,0.006963,0.015971,-0.043227,-0.126110,0.084973,0.211518
1790862485.154976,1790862485.200691,-0.492931,5.414953,0.425026,0.002074,0.026584,-0.997718,0.062024,-3.026,0.426,-172.897,0.004523,0.013296,-0.047844,-0.054732,0.092432,0.302069
1790862485.188315,1790862485.249866,-0.492816,5.415180,0.423497,0.003552,0.026701,-0.997329,0.067887,-3.026,0.614,-172.228,0.001939,0.013474,-0.044568,0.013449,0.058344,0.414988
1790862485.221654,1790862485.284194,-0.494392,5.415094,0.422076,0.004456,0.026369,-0.996798,0.075355,-2.975,0.737,-171.373,0.002011,0.013993,-0.041615,0.025174,0.005086,0.478900
1790862485.254994,1790862485.323919,-0.494247,5.414951,0.420601,0.004783,0.025487,-0.996158,0.083648,-2.865,0.790,-170.420,0.005315,0.013474,-0.044470,0.077375,0.013608,0.508729
1790862485.288333,1790862485.355064,-0.495105,5.414512,0.419268,0.005543,0.023648,-0.995489,0.091713,-2.641,0.881,-169.493,0.016762,0.005671,-0.048773,0.183908,0.039178,0.458662
1790862485.321673,1790862485.379573,-0.495829,5.414086,0.417711,0.007070,0.019522,-0.994897,0.098733,-2.147,1.027,-168.684,0.026279,-0.003105,-0.047102,0.318134,0.072201,0.392615
1790862485.355012,1790862485.408964,-0.497384,5.413699,0.416281,0.009005,0.014421,-0.994358,0.104709,-1.536,1.199,-167.993,0.036216,-0.011076,-0.038433,0.295761,0.075398,0.323372
1790862485.388352,1790862485.442557,-0.498523,5.413722,0.415226,0.009697,0.009337,-0.993863,0.109797,-0.942,1.222,-167.402,0.039530,-0.014405,-0.019974,0.266997,-0.096114,0.305264
1790862485.421692,1790862485.476496,-0.500005,5.413507,0.414265,0.007935,0.006795,-0.993323,0.114894,-0.669,0.993,-166.810,0.042709,-0.018306,-0.022227,-0.030220,-0.112098,0.282895
1790862485.455030,1790862485.511436,-0.501621,5.413806,0.413432,0.006714,0.008394,-0.992845,0.118923,-0.864,0.878,-166.346,0.048074,-0.026202,-0.025559,-0.138882,0.004017,0.217909
1790862485.488370,1790862485.543516,-0.503864,5.414071,0.412630,0.007962,0.010168,-0.992305,0.123146,-1.044,1.049,-165.861,0.047508,-0.019127,-0.016413,-0.004654,0.160618,0.341482
1790862485.521709,1790862485.599391,-0.505641,5.414530,0.412573,0.010499,0.008853,-0.991349,0.130533,-0.849,1.325,-165.008,0.040429,-0.002091,0.011334,0.163665,0.069004,0.572653
1790862485.555049,1790862485.634931,-0.506793,5.414683,0.413217,0.010471,0.006062,-0.989966,0.140787,-0.519,1.286,-163.818,0.037023,0.010253,0.031887,0.122126,-0.125944,0.642963
1790862485.588388,1790862485.669682,-0.507999,5.414540,0.414233,0.008095,0.004754,-0.988494,0.150966,-0.399,0.999,-162.637,0.038938,0.018227,0.031105,-0.045119,-0.158966,0.587563
1790862485.621728,1790862485.700413,-0.509058,5.413150,0.415152,0.005501,0.005342,-0.986990,0.160601,-0.503,0.720,-161.519,0.038662,0.028115,0.024668,-0.050445,-0.128073,0.584369
1790862485.655067,1790862485.734232,-0.509873,5.412209,0.415701,0.004147,0.005768,-0.985394,0.170143,-0.571,0.581,-160.410,0.040356,0.030043,0.013002,-0.051508,-0.016218,0.566255
1790862485.688407,1790862485.757166,-0.510989,5.410609,0.416044,0.004057,0.006913,-0.983855,0.178787,-0.696,0.599,-159.405,0.047662,0.023192,0.007470,-0.098382,-0.013022,0.466118
1790862485.721746,1790862485.796447,-0.512059,5.409895,0.416268,0.002696,0.008362,-0.982595,0.185551,-0.884,0.481,-158.616,0.053060,0.015148,0.012146,-0.098378,-0.124879,0.368111
1790862485.755086,1790862485.827734,-0.513548,5.408671,0.416625,-0.000077,0.009340,-0.981424,0.191622,-1.052,0.196,-157.906,0.054846,0.014262,0.009855,-0.078139,-0.173884,0.378766
1790862485.788425,1790862485.859148,-0.514775,5.407737,0.416643,-0.002733,0.009631,-0.980046,0.198517,-1.144,-0.088,-157.097,0.053805,0.018522,-0.000589,0.008150,-0.113162,0.486368
1790862485.821765,1790862485.886644,-0.516456,5.406343,0.416466,-0.003223,0.008046,-0.978241,0.207289,-0.979,-0.170,-156.071,0.053024,0.023880,-0.013974,0.155160,0.008282,0.580111
1790862485.855104,1790862485.922996,-0.517626,5.404624,0.415745,-0.002108,0.006034,-0.976102,0.217217,-0.727,-0.086,-154.908,0.051910,0.031256,-0.027780,0.088045,0.056219,0.635511
1790862485.888442,1790862485.958292,-0.518753,5.402971,0.414783,-0.000833,0.005250,-0.973757,0.227526,-0.608,0.044,-153.697,0.052682,0.026946,-0.027257,0.036911,0.047697,0.612071
1790862485.921782,1790862485.994535,-0.520037,5.401415,0.414072,-0.000764,0.005059,-0.971471,0.237102,-0.584,0.052,-152.569,0.053154,0.020568,-0.016752,0.011343,-0.050309,0.566263
1790862485.955121,1790862486.032259,-0.521347,5.400233,0.413585,-0.001364,0.004526,-0.969256,0.246008,-0.541,-0.024,-151.517,0.053347,0.017481,-0.015820,-0.006763,-0.023675,0.537497
1790862485.988461,1790862486.062540,-0.522557,5.398875,0.413028,-0.001649,0.005327,-0.967052,0.254517,-0.638,-0.027,-150.509,0.051724,0.015772,-0.015616,-0.084529,0.007215,0.518323
1790862486.021800,1790862486.101714,-0.523797,5.397774,0.412782,-0.002066,0.006566,-0.964839,0.262752,-0.788,-0.031,-149.532,0.050180,0.008805,-0.005779,-0.069615,-0.027939,0.497014
1790862486.055140,1790862486.135936,-0.525184,5.396791,0.412723,-0.002964,0.007226,-0.962698,0.270464,-0.889,-0.103,-148.614,0.048775,-0.000893,0.001808,-0.029134,-0.063093,0.467189
1790862486.088479,1790862486.172621,-0.526187,5.395686,0.412759,-0.004005,0.007061,-0.960599,0.277821,-0.905,-0.216,-147.737,0.044029,-0.004590,-0.002031,0.019865,-0.038592,0.445888
1790862486.121818,1790862486.202965,-0.527505,5.395084,0.412621,-0.003647,0.006119,-0.958568,0.284776,-0.791,-0.201,-146.907,0.043049,-0.007501,-0.004766,0.106154,0.043433,0.418189
1790862486.155158,1790862486.245359,-0.528503,5.393823,0.412682,-0.002659,0.004597,-0.956581,0.291419,-0.593,-0.138,-146.113,0.041268,-0.004989,0.000958,0.113608,-0.004508,0.418194
1790862486.188497,1790862486.280884,-0.529626,5.393398,0.412749,-0.002784,0.003422,-0.954453,0.298329,-0.469,-0.188,-145.284,0.039266,-0.002691,0.003535,0.010275,-0.038595,0.455481
1790862486.221837,1790862486.312864,-0.530402,5.392056,0.412980,-0.003420,0.003561,-0.952124,0.305673,-0.508,-0.248,-144.401,0.040357,0.000931,0.009423,-0.032339,-0.041794,0.454421
1790862486.255179,1790862486.342986,-0.531452,5.391275,0.413491,0.004705,-0.003386,0.949794,-0.312821,-0.537,-0.391,-143.539,0.039514,0.004104,0.022398,0.020924,-0.116364,0.456550
1790862486.288521,1790862486.376623,-0.532437,5.390062,0.414339,0.006593,-0.002578,0.947315,-0.320224,-0.522,-0.621,-142.643,0.039646,0.007790,0.023350,-0.001446,-0.119560,0.470397
1790862486.321862,1790862486.413870,-0.533396,5.389199,0.415025,0.008196,-0.002196,0.944815,-0.327494,-0.545,-0.805,-141.761,0.041568,0.004441,0.015808,-0.024882,-0.073752,0.451221
1790862486.355203,1790862486.443534,-0.534485,5.387764,0.415478,0.009062,-0.002907,0.942360,-0.334464,-0.661,-0.867,-140.913,0.045897,0.001910,0.006013,-0.071759,0.006144,0.432046
1790862486.388546,1790862486.481749,-0.535624,5.386730,0.415679,0.008868,-0.003803,0.939986,-0.341077,-0.756,-0.807,-140.108,0.046187,0.001239,0.004592,0.019855,0.044494,0.422459
1790862486.421887,1790862486.519120,-0.536399,5.384998,0.415865,0.007949,-0.003146,0.937491,-0.347906,-0.655,-0.729,-139.276,0.043728,0.006052,0.008105,0.100816,0.024253,0.443770
1790862486.455229,1790862486.555197,-0.537321,5.383939,0.416131,0.006691,-0.001707,0.934801,-0.355106,-0.455,-0.647,-138.397,0.042864,0.008234,0.007724,0.109339,0.061539,0.473597
1790862486.488571,1790862486.587139,-0.538081,5.382154,0.416338,0.004954,-0.001298,0.931917,-0.362634,-0.345,-0.475,-137.474,0.041819,0.015605,0.008218,0.004938,0.089238,0.510888
1790862486.521913,1790862486.617560,-0.538630,5.380826,0.416673,0.004056,-0.002692,0.928460,-0.371400,-0.459,-0.317,-136.394,0.035744,0.027004,0.012832,-0.107980,0.059410,0.632328
1790862486.555255,1790862486.645288,-0.539000,5.379153,0.417304,0.004329,-0.004241,0.924319,-0.381572,-0.639,-0.273,-135.135,0.032474,0.034026,0.023410,-0.058978,-0.018355,0.683464
1790862486.588597,1790862486.675403,-0.538853,5.377721,0.418036,-0.004710,0.005229,-0.919689,0.392585,-0.763,-0.261,-133.766,0.029246,0.036468,0.019982,-0.062173,0.035972,0.730336
1790862486.621939,1790862486.713460,-0.538994,5.376324,0.418542,-0.004024,0.007015,-0.914944,0.403501,-0.922,-0.097,-132.403,0.029573,0.030700,0.013435,-0.110113,0.095629,0.701574
1790862486.655281,1790862486.755277,-0.539347,5.375163,0.418981,-0.003430,0.009010,-0.910364,0.413697,-1.103,0.069,-131.124,0.032253,0.017956,0.013000,-0.057915,0.040233,0.622745
1790862486.688623,1790862486.795826,-0.539853,5.374271,0.419427,-0.003263,0.008677,-0.906256,0.422628,-1.059,0.081,-129.997,0.030679,0.009245,0.014503,0.079507,-0.039663,0.563088
1790862486.721966,1790862486.827399,-0.540274,5.373441,0.419765,-0.003191,0.007428,-0.902352,0.430925,-0.926,0.037,-128.946,0.028777,0.005537,0.006174,0.039026,-0.005576,0.539652
1790862486.755308,1790862486.856122,-0.540781,5.372606,0.419995,-0.002902,0.006704,-0.898563,0.438784,-0.836,0.038,-127.946,0.030222,-0.002188,0.005179,0.066722,-0.014097,0.488516
1790862486.788649,1790862486.888531,-0.541537,5.371911,0.420177,-0.002672,0.005171,-0.895311,0.445404,-0.667,-0.010,-127.101,0.030195,-0.008477,0.005636,0.096551,-0.058840,0.405425
1790862486.821991,1790862486.918030,-0.542148,5.371323,0.420346,0.003578,-0.003527,0.892212,-0.451589,-0.546,-0.183,-126.307,0.025313,-0.006693,0.004992,0.011327,-0.114235,0.442713
1790862486.855333,1790862486.947569,-0.542982,5.370797,0.420476,0.005073,-0.002967,0.888883,-0.458097,-0.569,-0.361,-125.468,0.029048,-0.014404,0.003228,-0.001454,-0.074818,0.406491
1790862486.888675,1790862486.976961,-0.543847,5.370156,0.420448,0.005277,-0.002633,0.886108,-0.463442,-0.548,-0.396,-124.778,0.033086,-0.019830,-0.004735,0.033699,0.049819,0.329792
1790862486.922018,1790862487.010203,-0.545014,5.369636,0.420099,0.003803,-0.003298,0.883493,-0.468418,-0.538,-0.208,-124.135,0.032112,-0.015522,-0.018294,-0.025956,0.144631,0.343640
1790862486.955360,1790862487.038757,-0.545541,5.368723,0.419385,-0.001745,0.005176,-0.880801,0.473455,-0.617,0.105,-123.482,0.031066,-0.007548,-0.021051,-0.051523,0.165938,0.351105
1790862486.988702,1790862487.066506,-0.546232,5.368062,0.418853,-0.000039,0.006402,-0.877940,0.478728,-0.646,0.347,-122.796,0.027063,0.000838,-0.008968,0.029438,0.066864,0.380931
1790862487.022044,1790862487.096394,-0.545918,5.366818,0.418724,0.000545,0.006587,-0.874895,0.484268,-0.630,0.420,-122.072,0.022818,0.012356,0.000401,-0.007846,0.005078,0.374554
1790862487.055387,1790862487.123420,-0.545920,5.366035,0.418854,-0.000245,0.006730,-0.871626,0.490126,-0.686,0.354,-121.303,0.019290,0.018858,0.008299,-0.044065,-0.078013,0.428884
1790862487.088729,1790862487.149950,-0.545106,5.364722,0.419126,-0.002127,0.006826,-0.868052,0.496423,-0.800,0.177,-120.472,0.019825,0.024447,0.006373,-0.094135,-0.086535,0.434227
1790862487.122071,1790862487.183279,-0.544775,5.363707,0.419158,-0.003782,0.008140,-0.864399,0.502727,-1.024,0.094,-119.637,0.022216,0.026669,-0.003301,-0.127158,-0.008770,0.426768
1790862487.155414,1790862487.207150,-0.543992,5.362177,0.418934,-0.004507,0.009993,-0.860864,0.508717,-1.249,0.138,-118.841,0.027684,0.026761,-0.005026,-0.081350,0.028516,0.409737
1790862487.188756,1790862487.257246,-0.543867,5.360900,0.418736,-0.004539,0.011171,-0.857489,0.514361,-1.365,0.212,-118.088,0.034635,0.025488,-0.007558,-0.041934,0.030646,0.392691
1790862487.222097,1790862487.292315,-0.543498,5.359019,0.418373,-0.004128,0.011918,-0.854102,0.519953,-1.413,0.306,-117.340,0.043698,0.026320,-0.012049,0.002808,0.060474,0.383114
1790862487.255435,1790862487.317703,-0.543385,5.357105,0.417940,-0.003213,0.012487,-0.850939,0.525106,-1.411,0.438,-116.649,0.053432,0.028775,-0.010285,-0.023824,0.034907,0.355413
1790862487.288773,1790862487.353546,-0.543148,5.354641,0.417685,-0.003623,0.013430,-0.847507,0.530602,-1.525,0.465,-115.907,0.058480,0.039491,-0.004732,-0.084545,-0.016226,0.431057
1790862487.322112,1790862487.395575,-0.542735,5.352199,0.417546,-0.004410,0.014136,-0.843270,0.537286,-1.638,0.444,-115.000,0.061237,0.051026,0.000731,-0.036608,-0.030076,0.507755
1790862487.355450,1790862487.438959,-0.542103,5.349296,0.417628,-0.005406,0.014026,-0.838288,0.545020,-1.685,0.357,-113.945,0.065656,0.061508,0.008036,-0.020627,-0.087603,0.590847
1790862487.388788,1790862487.471776,-0.541132,5.346384,0.417882,-0.006286,0.013391,-0.832803,0.553372,-1.677,0.249,-112.798,0.074625,0.061936,0.011188,0.011330,-0.044990,0.582323
1790862487.422126,1790862487.513659,-0.540654,5.343094,0.418286,-0.006750,0.012924,-0.827650,0.561055,-1.660,0.191,-111.737,0.082118,0.059934,0.014189,-0.004646,-0.057774,0.542899
1790862487.455464,1790862487.550381,-0.540139,5.339615,0.418612,-0.007541,0.012850,-0.822572,0.568465,-1.703,0.126,-110.707,0.087046,0.061104,0.009446,-0.055780,-0.041796,0.532233
1790862487.488802,1790862487.586501,-0.539223,5.336080,0.418781,-0.008188,0.013416,-0.817776,0.575322,-1.797,0.117,-109.748,0.097658,0.059106,0.005250,-0.012103,0.010403,0.454471
1790862487.522141,1790862487.627517,-0.538646,5.331896,0.418758,-0.007092,0.013191,-0.813888,0.580828,-1.703,0.217,-108.976,0.114943,0.060981,0.001218,0.094425,0.071126,0.374567
1790862487.555479,1790862487.665264,-0.537796,5.327368,0.418633,-0.004681,0.013084,-0.810141,0.586070,-1.529,0.444,-108.241,0.123823,0.075056,-0.003180,0.058204,0.131847,0.427832
1790862487.588817,1790862487.702747,-0.536610,5.322223,0.418459,-0.003054,0.014077,-0.805216,0.592806,-1.507,0.674,-107.287,0.130805,0.092719,-0.000379,-0.066433,0.063667,0.574834
1790862487.622155,1790862487.734883,-0.534946,5.317065,0.418375,-0.003362,0.015377,-0.799351,0.600658,-1.640,0.750,-106.166,0.143424,0.101044,0.005105,-0.065368,-0.008773,0.583355
1790862487.655493,1790862487.764005,-0.533125,5.311205,0.418460,-0.003904,0.015827,-0.793488,0.608367,-1.712,0.748,-105.056,0.155917,0.106384,0.006551,-0.023821,-0.027949,0.581220
1790862487.688830,1790862487.796652,-0.530885,5.305011,0.418361,-0.003604,0.015817,-0.787468,0.616142,-1.682,0.792,-103.930,0.171840,0.107697,-0.004201,0.041160,0.084971,0.579090
1790862487.722168,1790862487.832201,-0.528962,5.298038,0.417762,-0.000707,0.016744,-0.781895,0.623185,-1.551,1.132,-102.904,0.190857,0.104008,-0.019596,0.068858,0.239439,0.494930
1790862487.755507,1790862487.864058,-0.527271,5.290648,0.416669,0.003840,0.018823,-0.777194,0.628968,-1.400,1.699,-102.056,0.206740,0.103415,-0.029105,0.067793,0.316139,0.406505
1790862487.788845,1790862487.889623,-0.525495,5.282825,0.415535,0.008592,0.020718,-0.773505,0.633393,-1.214,2.266,-101.399,0.221337,0.101355,-0.017407,0.107208,0.208541,0.304231
1790862487.822183,1790862487.923171,-0.523502,5.274821,0.414853,0.011349,0.020416,-0.770721,0.636744,-0.976,2.493,-100.896,0.234443,0.101330,-0.000611,0.122123,0.019986,0.229665
1790862487.855521,1790862487.954912,-0.521225,5.266233,0.414627,0.012410,0.018405,-0.768444,0.639532,-0.712,2.442,-100.478,0.245886,0.104222,0.006795,0.123188,-0.064172,0.210506
1790862487.888859,1790862487.986022,-0.519460,5.257407,0.414406,0.012161,0.016445,-0.765984,0.642534,-0.549,2.279,-100.029,0.259286,0.103529,0.002263,0.037964,-0.084412,0.246720
1790862487.922197,1790862488.011897,-0.517195,5.248044,0.414053,0.012549,0.015179,-0.763386,0.645642,-0.400,2.221,-99.561,0.277470,0.094704,-0.002122,0.126384,0.031702,0.222238
1790862487.955535,1790862488.033734,-0.515852,5.238183,0.413471,0.014483,0.014786,-0.761004,0.648417,-0.213,2.362,-99.139,0.290139,0.081738,-0.010067,0.025181,0.115860,0.219039
1790862487.988873,1790862488.063516,-0.514916,5.228105,0.412736,0.015604,0.015929,-0.759049,0.650652,-0.222,2.546,-98.799,0.300274,0.065248,-0.006342,-0.060041,0.044484,0.118902
1790862488.022211,1790862488.091492,-0.513929,5.217791,0.412191,0.014440,0.017094,-0.758021,0.651846,-0.407,2.532,-98.622,0.309602,0.055317,-0.003525,-0.148460,-0.039673,0.049677
1790862488.055549,1790862488.111192,-0.513908,5.207097,0.411434,0.012143,0.019264,-0.757733,0.652167,-0.766,2.495,-98.581,0.321834,0.049339,-0.013227,-0.203856,0.023178,-0.009984
1790862488.088886,1790862488.141198,-0.514023,5.196130,0.410328,0.011205,0.022312,-0.757929,0.651859,-1.102,2.641,-98.631,0.332770,0.037301,-0.022272,-0.148460,0.147817,-0.040877
1790862488.122223,1790862488.182844,-0.514687,5.184898,0.409034,0.012363,0.025447,-0.758529,0.651025,-1.291,2.974,-98.756,0.341266,0.022426,-0.020566,-0.030212,0.192560,-0.089881
1790862488.155561,1790862488.209760,-0.515017,5.173532,0.407845,0.014262,0.027612,-0.759652,0.649587,-1.344,3.299,-98.970,0.346256,0.016052,-0.010419,-0.039800,0.127576,-0.139929
1790862488.188899,1790862488.252587,-0.516652,5.161986,0.407186,0.014490,0.027787,-0.761503,0.647403,-1.352,3.328,-99.299,0.351457,0.004558,0.014139,0.099753,-0.116375,-0.223027
1790862488.222237,1790862488.275231,-0.518573,5.150253,0.407170,0.014798,0.024373,-0.764519,0.643970,-1.045,3.096,-99.812,0.364790,-0.001904,0.023752,0.270200,-0.081219,-0.312512
1790862488.255577,1790862488.318224,-0.520624,5.138155,0.407374,0.017576,0.020198,-0.767456,0.640543,-0.487,3.030,-100.314,0.368078,0.002234,0.027920,0.289375,-0.007716,-0.180415
1790862488.288917,1790862488.354146,-0.522788,5.126006,0.407785,0.019533,0.017096,-0.768847,0.638906,-0.076,2.974,-100.549,0.369716,0.003254,0.035415,0.125320,-0.058849,-0.077081
1790862488.322256,1790862488.385056,-0.523160,5.113884,0.408387,0.018830,0.015717,-0.769190,0.638550,-0.008,2.811,-100.604,0.376246,0.006011,0.041609,-0.044060,-0.106785,0.011367
1790862488.355596,1790862488.416591,-0.525671,5.101200,0.409233,0.016629,0.015405,-0.768780,0.639112,-0.139,2.594,-100.527,0.385212,0.001145,0.043764,-0.081346,-0.096132,0.066757
1790862488.388935,1790862488.443377,-0.528081,5.088584,0.410070,0.015087,0.015909,-0.767957,0.640127,-0.294,2.495,-100.381,0.391252,-0.005958,0.039779,-0.112240,-0.009845,0.074211
1790862488.422275,1790862488.484412,-0.530631,5.075682,0.410825,0.013581,0.018007,-0.767477,0.640680,-0.587,2.517,-100.303,0.398746,-0.014652,0.040726,-0.182549,0.030636,-0.005681
1790862488.455615,1790862488.522288,-0.533343,5.062554,0.411675,0.011653,0.021046,-0.767920,0.640094,-0.998,2.570,-100.397,0.405568,-0.016713,0.046871,-0.240075,0.006133,-0.065336
1790862488.488954,1790862488.559226,-0.536120,5.049287,0.412798,0.009267,0.023459,-0.768383,0.639493,-1.388,2.536,-100.492,0.406409,-0.011077,0.056616,-0.121827,-0.038606,-0.026986
1790862488.522294,1790862488.588692,-0.536897,5.036021,0.414135,0.008404,0.023487,-0.768566,0.639284,-1.454,2.461,-100.525,0.407636,-0.004398,0.059732,0.084842,-0.026889,-0.030154
1790862488.555632,1790862488.620111,-0.539649,5.022630,0.415501,0.010401,0.021603,-0.769182,0.638580,-1.144,2.498,-100.626,0.409150,0.002949,0.054798,0.261678,0.083900,-0.071697
1790862488.588972,1790862488.651235,-0.541781,5.008986,0.416714,0.014737,0.019066,-0.770271,0.637262,-0.607,2.694,-100.811,0.411598,0.013660,0.055154,0.285114,0.100945,-0.104723
1790862488.622312,1790862488.679945,-0.543895,4.995219,0.417881,0.017874,0.017181,-0.771075,0.636261,-0.215,2.833,-100.949,0.407105,0.036715,0.054669,0.078446,0.037027,-0.033348
1790862488.655651,1790862488.709953,-0.545134,4.981613,0.418953,0.017160,0.017928,-0.770993,0.636360,-0.333,2.825,-100.937,0.404184,0.058971,0.053307,-0.224095,-0.065241,0.056134
1790862488.688991,1790862488.740949,-0.545946,4.967915,0.420013,0.013252,0.020368,-0.769948,0.637644,-0.830,2.658,-100.759,0.404952,0.069928,0.052655,-0.267770,-0.112114,0.132835
1790862488.722330,1790862488.793899,-0.546533,4.954137,0.420949,0.008953,0.022187,-0.767930,0.640087,-1.297,2.416,-100.403,0.406551,0.060972,0.038187,-0.235810,-0.127028,0.239355
1790862488.755670,1790862488.832092,-0.546115,4.938996,0.421061,0.006157,0.023831,-0.765690,0.642739,-1.639,2.296,-100.011,0.413005,0.022113,0.008744,-0.122886,0.015720,0.091305
1790862488.789009,1790862488.863416,-0.548032,4.926852,0.420352,0.006172,0.026169,-0.765939,0.642351,-1.845,2.469,-100.070,0.416534,-0.015805,-0.020269,-0.077081,0.181906,-0.182468
1790862488.822349,1790862488.894823,-0.550455,4.913533,0.418914,0.008400,0.029396,-0.768702,0.638876,-1.977,2.893,-100.589,0.415786,-0.028851,-0.027470,-0.021686,0.264999,-0.307106
1790862488.855689,1790862488.923033,-0.553638,4.900314,0.417440,0.011483,0.032059,-0.771494,0.635325,-2.002,3.351,-101.116,0.404229,-0.028027,-0.018274,0.044360,0.203212,-0.179270
1790862488.889028,1790862488.955457,-0.557446,4.887548,0.416193,0.014610,0.032576,-0.772365,0.634175,-1.825,3.663,-101.281,0.387782,-0.024032,-0.010014,0.165803,0.151012,0.040178
1790862488.922367,1790862488.987944,-0.558831,4.874365,0.414994,0.019207,0.031487,-0.771092,0.635655,-1.387,3.994,-101.047,0.385369,-0.028546,-0.008093,0.285114,0.184039,0.191477
1790862488.955707,1790862489.017159,-0.562825,4.862364,0.413764,0.024752,0.029479,-0.768988,0.638104,-0.790,4.341,-100.658,0.391970,-0.046011,-0.011801,0.259547,0.152081,0.194671
1790862488.989046,1790862489.042774,-0.566834,4.849770,0.412321,0.028118,0.028325,-0.767169,0.640202,-0.429,4.555,-100.327,0.402546,-0.059994,-0.012071,0.074186,0.030637,0.150993
1790862489.022385,1790862489.074037,-0.571090,4.836886,0.410810,0.027245,0.028457,-0.765714,0.641973,-0.494,4.489,-100.067,0.414593,-0.066216,-0.012709,-0.176156,-0.090806,0.131817
1790862489.055724,1790862489.111798,-0.575170,4.818135,0.409152,0.023682,0.030488,-0.764422,0.643559,-0.927,4.327,-99.848,0.432042,-0.063996,-0.007781,-0.263511,-0.073755,0.127556
1790862489.089064,1790862489.130834,-0.579579,4.810083,0.408225,0.019594,0.032796,-0.762523,0.645832,-1.419,4.143,-99.524,0.430247,-0.069623,0.015472,-0.263508,-0.150459,0.182958
1790862489.122403,1790862489.186317,-0.584650,4.796376,0.408326,0.014519,0.033121,-0.761077,0.647653,-1.815,3.727,-99.266,0.441044,-0.096052,0.046450,-0.174023,-0.292145,0.061513
1790862489.155743,1790862489.224709,-0.590072,4.782388,0.409368,0.008925,0.030805,-0.761256,0.647658,-2.028,3.066,-99.274,0.443036,-0.113255,0.059012,-0.029144,-0.323037,-0.089758
1790862489.189082,1790862489.261577,-0.595294,4.766759,0.410522,0.007388,0.028266,-0.762115,0.646782,-1.924,2.741,-99.406,0.440467,-0.103043,0.055545,0.224395,0.046620,-0.007728
1790862489.222422,1790862489.293878,-0.601217,4.753140,0.412220,0.013540,0.025208,-0.761597,0.647419,-1.197,3.053,-99.297,0.431032,-0.096258,0.077142,0.470479,0.228784,0.108391
1790862489.255763,1790862489.329342,-0.607008,4.739284,0.414595,0.019609,0.021643,-0.760358,0.648848,-0.429,3.320,-99.061,0.426364,-0.092214,0.110380,0.255289,-0.037538,0.140351
1790862489.289104,1790862489.369195,-0.612294,4.717190,0.417583,0.018622,0.018407,-0.758619,0.651008,-0.211,2.993,-98.737,0.435518,-0.080589,0.126412,-0.076020,-0.348596,0.218106
1790862489.322445,1790862489.404236,-0.616382,4.710647,0.420758,0.011553,0.015814,-0.756288,0.653946,-0.505,2.187,-98.311,0.431185,-0.082369,0.097383,-0.253920,-0.400800,0.191477
1790862489.355786,1790862489.438235,-0.621073,4.696630,0.422604,0.005740,0.016985,-0.754776,0.655738,-1.038,1.773,-98.049,0.437072,-0.087281,0.038029,-0.243266,0.059405,0.071098
1790862489.389127,1790862489.469454,-0.626424,4.682180,0.422822,0.007674,0.020713,-0.754335,0.656118,-1.215,2.221,-97.990,0.443386,-0.093135,0.023332,0.119998,0.344906,0.008233
1790862489.422468,1790862489.503231,-0.631490,4.668186,0.423379,0.013835,0.021419,-0.754359,0.655967,-0.813,2.807,-98.001,0.434864,-0.088281,0.039741,0.243571,0.206418,-0.000278
1790862489.455808,1790862489.532827,-0.636277,4.654472,0.424198,0.016679,0.019819,-0.754022,0.656338,-0.459,2.933,-97.936,0.420142,-0.069630,0.054675,0.110410,-0.098255,0.108379
1790862489.489149,1790862489.561880,-0.640556,4.641649,0.425189,0.015478,0.017110,-0.752039,0.658715,-0.307,2.626,-97.576,0.406175,-0.049528,0.046290,0.029449,-0.182413,0.271370
1790862489.522490,1790862489.590630,-0.644189,4.629356,0.425721,0.014299,0.015422,-0.748277,0.663053,-0.236,2.399,-96.916,0.397604,-0.031585,0.019761,0.028387,-0.013032,0.417319
1790862489.555831,1790862489.626615,-0.646887,4.617159,0.425551,0.016313,0.015793,-0.743264,0.668613,-0.095,2.600,-96.055,0.395449,-0.015734,-0.000970,0.079524,0.221331,0.450347
1790862489.589172,1790862489.665764,-0.649595,4.603701,0.424875,0.020004,0.017761,-0.738587,0.673627,0.041,3.065,-95.266,0.396012,-0.001417,0.003076,-0.017414,0.212807,0.370441
1790862489.622513,1790862489.700157,-0.650428,4.590170,0.424604,0.020428,0.019422,-0.734890,0.677601,-0.049,3.230,-94.647,0.397612,0.008526,0.024898,-0.086659,-0.066299,0.272434
1790862489.655854,1790862489.724062,-0.651123,4.576820,0.424769,0.018094,0.018507,-0.732211,0.680586,-0.142,2.963,-94.189,0.403900,0.011066,0.022467,-0.002501,-0.140870,0.196798
1790862489.689195,1790862489.760746,-0.651436,4.562634,0.424374,0.018139,0.016573,-0.730292,0.682693,0.032,2.816,-93.858,0.417114,0.017266,-0.001891,0.202031,0.008273,0.163761
1790862489.722537,1790862489.783544,-0.651225,4.547312,0.423306,0.022132,0.013998,-0.728498,0.684547,0.568,2.947,-93.548,0.431817,0.028890,-0.024262,0.311753,0.106281,0.166956
1790862489.755878,1790862489.799943,-0.651235,4.532788,0.421527,0.026636,0.011415,-0.726343,0.686722,1.148,3.117,-93.181,0.443597,0.044379,-0.035699,0.257426,0.062603,0.223418
1790862489.789219,1790862489.838375,-0.650392,4.518157,0.419378,0.029559,0.009629,-0.723455,0.689671,1.540,3.213,-92.696,0.456095,0.055482,-0.046706,0.079522,0.057276,0.279878
1790862489.822560,1790862489.878514,-0.649213,4.503635,0.416740,0.029755,0.010533,-0.720300,0.692944,1.496,3.294,-92.175,0.469525,0.060745,-0.052728,-0.166560,0.034905,0.259626
1790862489.855901,1790862489.916824,-0.647245,4.488317,0.414286,0.026930,0.013605,-0.717480,0.695925,1.031,3.301,-91.718,0.477034,0.065979,-0.038900,-0.311440,-0.042860,0.219141
1790862489.889241,1790862489.936522,-0.645533,4.472412,0.412539,0.022093,0.016060,-0.715168,0.698419,0.453,3.097,-91.345,0.478360,0.058259,-0.014822,-0.281613,-0.174957,0.145635
1790862489.922582,1790862489.985412,-0.643724,4.456941,0.411509,0.017960,0.016303,-0.714652,0.699060,0.104,2.778,-91.261,0.484670,0.045161,-0.003430,-0.033398,-0.083343,-0.085530
1790862489.955923,1790862490.019400,-0.641266,4.441937,0.411044,0.020227,0.014841,-0.716812,0.696815,0.397,2.848,-91.611,0.490286,0.048238,0.008045,0.349031,0.137171,-0.238932
1790862489.989265,1790862490.046991,-0.640058,4.426005,0.410805,0.025960,0.011296,-0.719373,0.694047,1.135,3.040,-92.023,0.480362,0.058770,0.034774,0.402299,-0.005581,-0.151580
1790862490.022606,1790862490.083000,-0.637645,4.411463,0.411565,0.027370,0.006527,-0.720120,0.693278,1.638,2.778,-92.136,0.470251,0.073300,0.048329,0.073120,-0.264448,0.035915
1790862490.055947,1790862490.119017,-0.636463,4.394247,0.412407,0.022797,0.003598,-0.718925,0.694705,1.520,2.165,-91.934,0.478714,0.083816,0.038650,-0.165502,-0.320908,0.186119
1790862490.089288,1790862490.160594,-0.634677,4.373594,0.412843,0.017859,0.003614,-0.716390,0.697462,1.131,1.755,-91.517,0.491427,0.088800,0.007605,-0.259252,-0.047123,0.256452
1790862490.122629,1790862490.188147,-0.630711,4.362351,0.412385,0.016130,0.007713,-0.713303,0.700628,0.665,1.938,-91.016,0.479499,0.091180,-0.005158,-0.224098,0.237302,0.262827
1790862490.155971,1790862490.216941,-0.627266,4.346951,0.412172,0.017116,0.012399,-0.710433,0.703447,0.371,2.394,-90.558,0.465016,0.088467,0.026018,-0.084547,0.170188,0.196790
1790862490.189312,1790862490.245000,-0.624240,4.332052,0.413104,0.017013,0.013161,-0.708438,0.705445,0.307,2.446,-90.236,0.446920,0.087196,0.068133,0.023045,-0.152595,0.156308
1790862490.222653,1790862490.276759,-0.620438,4.318333,0.415029,0.015047,0.009177,-0.706958,0.707036,0.476,1.963,-89.985,0.432858,0.082096,0.072160,0.160465,-0.292150,0.095597
1790862490.255994,1790862490.317212,-0.617806,4.303985,0.416433,0.014892,0.004746,-0.706578,0.707463,0.823,1.591,-89.917,0.431399,0.070080,0.034860,0.157269,-0.039674,-0.018390
1790862490.289336,1790862490.354826,-0.615197,4.290018,0.416791,0.016590,0.003657,-0.706854,0.707156,1.049,1.640,-89.961,0.423639,0.064816,0.009204,0.061389,0.059398,-0.004539
1790862490.322677,1790862490.385885,-0.611861,4.277369,0.416669,0.016556,0.004215,-0.706626,0.707381,1.001,1.683,-89.924,0.407224,0.059596,-0.000911,-0.123976,-0.031154,0.031691
1790862490.356017,1790862490.405749,-0.610004,4.263974,0.415992,0.012926,0.006468,-0.706452,0.707613,0.525,1.571,-89.899,0.391970,0.046323,-0.020186,-0.361537,-0.049264,-0.009861
1790862490.389359,1790862490.438810,-0.608269,4.251716,0.414512,0.008859,0.011267,-0.706702,0.707366,-0.194,1.631,-89.949,0.372890,0.035380,-0.046590,-0.348755,0.163793,-0.053540
1790862490.422700,1790862490.477706,-0.607477,4.239267,0.412487,0.009475,0.017335,-0.707398,0.706540,-0.639,2.172,-90.082,0.354612,0.020794,-0.046829,-0.062190,0.377918,-0.078043
1790862490.456042,1790862490.509756,-0.607584,4.227014,0.410852,0.014940,0.021101,-0.708345,0.705392,-0.506,2.920,-90.252,0.337381,0.003709,-0.018395,0.173238,0.337438,-0.087627
1790862490.489383,1790862490.555919,-0.607987,4.215815,0.410215,0.019052,0.021557,-0.709065,0.704556,-0.214,3.290,-90.372,0.320490,-0.005576,0.015540,0.110389,-0.007719,-0.013053
1790862490.522724,1790862490.572257,-0.608345,4.205228,0.410273,0.018126,0.019387,-0.708980,0.704729,-0.111,3.040,-90.347,0.316486,-0.011324,0.015904,0.009184,-0.201600,0.035949
1790862490.556066,1790862490.621020,-0.607572,4.195241,0.409790,0.016395,0.017655,-0.708230,0.705570,-0.107,2.759,-90.218,0.325936,-0.013692,-0.021517,0.001725,-0.033285,0.090285
1790862490.589407,1790862490.654423,-0.606786,4.184946,0.407899,0.017361,0.018621,-0.707066,0.706689,-0.103,2.916,-90.033,0.344435,-0.012501,-0.059663,0.000654,0.193621,0.107339
1790862490.622749,1790862490.680420,-0.607539,4.172365,0.405028,0.019358,0.021494,-0.705504,0.708115,-0.167,3.311,-89.793,0.364873,-0.007840,-0.072083,-0.078177,0.186166,0.155277
1790862490.656090,1790862490.715667,-0.607820,4.159749,0.401994,0.020186,0.023864,-0.703433,0.710074,-0.282,3.571,-89.470,0.381828,-0.002078,-0.064316,-0.059001,0.086028,0.186170
1790862490.689432,1790862490.746062,-0.607718,4.146792,0.399308,0.020095,0.025067,-0.701346,0.712096,-0.376,3.663,-89.140,0.399264,-0.000145,-0.043874,-0.051545,-0.007718,0.153146
1790862490.722773,1790862490.772573,-0.607426,4.133718,0.397513,0.019131,0.024034,-0.699814,0.713664,-0.364,3.502,-88.888,0.412821,-0.005327,-0.009616,0.068833,-0.197340,0.105207
1790862490.756115,1790862490.810180,-0.607167,4.120566,0.396670,0.018078,0.018996,-0.699594,0.714059,-0.044,3.005,-88.829,0.422133,-0.019684,0.003728,0.263782,-0.205863,-0.071629
1790862490.789455,1790862490.843824,-0.606853,4.106590,0.396066,0.021206,0.014770,-0.701213,0.712483,0.545,2.911,-89.073,0.429589,-0.018947,0.005834,0.354329,0.104137,-0.145135
1790862490.822797,1790862490.885792,-0.606705,4.092131,0.396056,0.026220,0.011766,-0.702579,0.711025,1.191,3.071,-89.283,0.421986,-0.014869,0.038910,0.296801,-0.021567,-0.082282
1790862490.856138,1790862490.912159,-0.606801,4.079301,0.397098,0.026019,0.006655,-0.703914,0.709778,1.581,2.641,-89.488,0.416782,-0.025442,0.071142,0.099723,-0.427447,-0.146203
1790862490.889480,1790862490.948173,-0.607295,4.066443,0.398851,0.021098,0.000676,-0.706250,0.707648,1.657,1.763,-89.861,0.417751,-0.036614,0.068088,0.029412,-0.435970,-0.235690
1790862490.922821,1790862490.976817,-0.606796,4.049681,0.400446,0.017963,-0.003739,-0.709615,0.704351,1.755,1.159,-90.409,0.422080,-0.043635,0.042308,0.095452,-0.192012,-0.330488
1790862490.956163,1790862491.022935,-0.608277,4.039012,0.401094,0.019169,-0.005751,-0.713969,0.699891,2.009,1.107,-91.122,0.410690,-0.047190,0.018709,0.190265,0.122243,-0.388019
1790862490.989504,1790862491.059684,-0.609520,4.026472,0.401442,0.023928,-0.006234,-0.717794,0.695816,2.422,1.471,-91.750,0.389250,-0.029897,0.024286,0.237137,0.192552,-0.239954
1790862491.022846,1790862491.093534,-0.612288,4.012827,0.402139,0.027604,-0.007540,-0.719177,0.694238,2.820,1.675,-91.980,0.368543,-0.007361,0.039444,0.130612,-0.004527,-0.005588
1790862491.056187,1790862491.126018,-0.612807,3.993048,0.403117,0.026965,-0.007389,-0.718440,0.695027,2.758,1.632,-91.859,0.364978,0.012844,0.024021,-0.228395,-0.025821,0.126513
1790862491.089529,1790862491.164024,-0.610987,3.988469,0.403440,0.022938,-0.003755,-0.716406,0.697296,2.142,1.583,-91.519,0.344999,0.032967,0.006654,-0.376476,0.015714,0.226643
1790862491.122871,1790862491.197714,-0.608894,3.977149,0.403366,0.019389,0.000626,-0.713529,0.700357,1.506,1.636,-91.046,0.334275,0.047750,-0.008834,-0.330671,0.086025,0.250086
1790862491.156212,1790862491.233296,-0.607219,3.966275,0.402395,0.016978,0.006351,-0.710899,0.703060,0.851,1.895,-90.621,0.322914,0.047198,-0.023323,-0.320018,0.157399,0.171254
1790862491.189554,1790862491.276863,-0.605899,3.955396,0.401191,0.015856,0.011218,-0.709108,0.704832,0.369,2.195,-90.339,0.314335,0.039104,-0.026494,-0.175137,0.157401,0.100949
1790862491.222894,1790862491.306413,-0.604472,3.945284,0.399863,0.016533,0.013611,-0.708549,0.705336,0.231,2.443,-90.255,0.310235,0.029179,-0.024256,0.032593,0.091352,-0.005575
1790862491.256235,1790862491.335710,-0.603543,3.934936,0.398504,0.018614,0.013018,-0.708818,0.705026,0.447,2.565,-90.297,0.307646,0.031967,-0.030020,0.196650,0.059394,-0.003444
1790862491.289576,1790862491.369236,-0.602620,3.924584,0.396782,0.022912,0.011405,-0.708565,0.705181,0.927,2.783,-90.252,0.308279,0.041797,-0.046112,0.308506,0.208534,0.043431
1790862491.322916,1790862491.402737,-0.602413,3.900253,0.395135,0.030159,0.011557,-0.707946,0.705528,1.503,3.383,-90.152,0.326237,0.051739,-0.053688,0.238191,0.370479,0.038131
1790862491.356257,1790862491.433709,-0.598784,3.899502,0.392751,0.036624,0.013464,-0.707209,0.705927,1.877,4.061,-90.037,0.309918,0.071373,-0.037386,0.155099,0.327854,0.082844
1790862491.389597,1790862491.466583,-0.595954,3.889607,0.391257,0.040347,0.015195,-0.705699,0.707199,2.048,4.499,-89.798,0.305863,0.082127,-0.011282,-0.037719,0.111598,0.123321
1790862491.422938,1790862491.502756,-0.595405,3.881100,0.390364,0.038143,0.016241,-0.704845,0.708148,1.789,4.403,-89.663,0.309007,0.079018,0.006457,-0.247573,-0.231427,0.017863
1790862491.456279,1790862491.537011,-0.591899,3.871802,0.389498,0.031945,0.016430,-0.705154,0.708144,1.268,3.918,-89.714,0.319683,0.074583,-0.012207,-0.249705,-0.204796,-0.086540
1790862491.489619,1790862491.566919,-0.589454,3.858325,0.388274,0.028203,0.017674,-0.706972,0.706458,0.853,3.718,-90.014,0.338502,0.067828,-0.039843,-0.170876,-0.019432,-0.221835
1790862491.522960,1790862491.598393,-0.586705,3.845985,0.386135,0.026570,0.019812,-0.709927,0.703495,0.531,3.761,-90.504,0.352174,0.066969,-0.050871,-0.126138,0.047681,-0.288949
1790862491.556300,1790862491.630410,-0.584470,3.832656,0.383943,0.025594,0.022215,-0.713442,0.699895,0.237,3.877,-91.090,0.362964,0.070198,-0.049514,-0.159166,0.055142,-0.320911
1790862491.589641,1790862491.654255,-0.582271,3.820319,0.381599,0.023497,0.025041,-0.717347,0.695870,-0.185,3.931,-91.748,0.367262,0.076880,-0.034549,-0.245455,-0.024754,-0.373109
1790862491.622982,1790862491.680839,-0.580842,3.791970,0.380237,0.019659,0.028334,-0.721414,0.691644,-0.786,3.874,-92.440,0.390572,0.081719,-0.012651,-0.309381,-0.081185,-0.363483
1790862491.656322,1790862491.711070,-0.578274,3.794299,0.379098,0.015664,0.030431,-0.726255,0.686573,-1.303,3.700,-93.260,0.360846,0.078212,0.001181,-0.128274,0.038099,-0.536101
1790862491.689662,1790862491.746926,-0.576084,3.783220,0.378645,0.016888,0.031982,-0.733279,0.678965,-1.377,3.910,-94.452,0.355584,0.085270,0.021015,0.157221,0.213872,-0.692703
1790862491.723002,1790862491.778910,-0.573992,3.771040,0.378897,0.021960,0.031364,-0.741218,0.670172,-0.980,4.278,-95.800,0.349109,0.097942,0.051413,0.359627,0.127583,-0.665009
1790862491.756343,1790862491.813350,-0.570757,3.759478,0.380246,0.025787,0.026748,-0.748239,0.662388,-0.337,4.245,-96.978,0.345230,0.112952,0.073682,0.380928,-0.199462,-0.556337
1790862491.789684,1790862491.844764,-0.568596,3.747651,0.381686,0.025074,0.019963,-0.753653,0.656491,0.163,3.670,-97.878,0.351033,0.138776,0.058805,0.147630,-0.339017,-0.372043
1790862491.823024,1790862491.875421,-0.565223,3.727514,0.382340,0.021532,0.016348,-0.756994,0.652862,0.193,3.092,-98.443,0.372358,0.163997,0.034128,-0.060100,-0.292132,-0.210063
1790862491.856365,1790862491.919427,-0.560777,3.723242,0.382692,0.017059,0.014869,-0.758985,0.650714,-0.021,2.593,-98.784,0.366328,0.169511,0.018922,-0.102715,-0.206923,-0.158971
1790862491.889706,1790862491.948253,-0.556594,3.711177,0.382639,0.013111,0.013909,-0.761173,0.648267,-0.239,2.177,-99.165,0.367954,0.169700,0.008227,-0.164502,-0.228230,-0.266558
1790862491.923046,1790862491.981508,-0.552425,3.697752,0.382251,0.007685,0.015171,-0.764864,0.643967,-0.763,1.793,-99.821,0.360396,0.171183,-0.006105,-0.351998,-0.125961,-0.448732
1790862491.956387,1790862492.010169,-0.547964,3.686646,0.381435,0.003026,0.020045,-0.770309,0.637349,-1.549,1.731,-100.815,0.337775,0.173812,-0.005546,-0.355197,0.078571,-0.596802
1790862491.989727,1790862492.055321,-0.544281,3.674466,0.381152,0.001578,0.023555,-0.776530,0.629637,-1.984,1.840,-101.959,0.310412,0.178770,0.019744,-0.037739,0.027437,-0.527560
1790862492.023068,1790862492.090518,-0.540021,3.662788,0.381669,0.002216,0.022317,-0.780721,0.624477,-1.839,1.796,-102.718,0.280781,0.182085,0.031418,0.221122,-0.037540,-0.249510
1790862492.056408,1790862492.114808,-0.536865,3.652845,0.382090,0.004508,0.018404,-0.782876,0.621889,-1.331,1.716,-103.095,0.265998,0.179320,0.022963,0.260544,-0.040737,-0.151504
1790862492.089749,1790862492.135643,-0.533930,3.642805,0.382202,0.005605,0.015597,-0.784270,0.620198,-1.004,1.612,-103.340,0.262930,0.174942,0.005675,0.062403,-0.079088,-0.115275
1790862492.123089,1790862492.169736,-0.530089,3.632210,0.381734,0.003762,0.015018,-0.785376,0.618826,-1.085,1.404,-103.542,0.265064,0.168328,-0.016515,-0.151723,-0.101457,-0.112084
1790862492.156430,1790862492.216498,-0.527984,3.622285,0.380384,0.001209,0.017662,-0.786785,0.616973,-1.507,1.358,-103.813,0.269233,0.155124,-0.045373,-0.280618,0.095622,-0.177062
1790862492.189770,1790862492.254559,-0.524756,3.612178,0.378236,0.000757,0.023739,-0.788516,0.614555,-2.093,1.740,-104.167,0.265491,0.149363,-0.056250,-0.293405,0.319336,-0.161088
1790862492.223111,1790862492.290058,-0.523241,3.602001,0.376277,0.003736,0.029419,-0.789509,0.613022,-2.402,2.405,-104.395,0.256866,0.140955,-0.033090,0.017663,0.328926,-0.005551
1790862492.256451,1790862492.316965,-0.520827,3.592572,0.375011,0.008508,0.030588,-0.788907,0.613692,-2.170,2.921,-104.297,0.252141,0.130912,-0.003463,0.215809,0.167001,0.139324
1790862492.289819,1790862492.341676,-0.520768,3.582825,0.374660,0.011646,0.027856,-0.787219,0.615934,-1.693,3.018,-103.964,0.258995,0.118108,0.013058,0.199841,-0.080144,0.207509
1790862492.323206,1790862492.372056,-0.517802,3.572698,0.374351,0.011475,0.025166,-0.784861,0.619054,-1.451,2.818,-103.507,0.271880,0.117017,0.002943,0.069868,-0.109971,0.258638
1790862492.356594,1790862492.410059,-0.517416,3.562200,0.373623,0.011449,0.023444,-0.782260,0.622405,-1.287,2.699,-103.015,0.290424,0.104162,-0.019600,0.043241,-0.000245,0.236269
1790862492.389982,1790862492.441419,-0.516785,3.550841,0.372131,0.012312,0.024756,-0.779970,0.625205,-1.332,2.875,-102.604,0.310159,0.096118,-0.040004,-0.112289,0.160619,0.196849
1790862492.423370,1790862492.474549,-0.515810,3.539636,0.370203,0.012875,0.028131,-0.778213,0.627237,-1.586,3.172,-102.307,0.325576,0.090282,-0.032889,-0.162359,0.098831,0.106299
1790862492.456759,1790862492.514746,-0.515820,3.527895,0.368784,0.012100,0.030330,-0.777341,0.628231,-1.834,3.263,-102.163,0.339703,0.084265,-0.014108,-0.097375,-0.013022,0.046641
1790862492.490148,1790862492.550389,-0.515631,3.516334,0.367816,0.010893,0.030688,-0.777102,0.628532,-1.952,3.182,-102.121,0.352941,0.076552,0.002924,-0.022803,-0.065222,-0.005557
1790862492.523537,1790862492.578683,-0.516892,3.504426,0.367417,0.010177,0.029585,-0.777067,0.628640,-1.904,3.039,-102.105,0.362098,0.071400,0.018636,0.076275,-0.090789,0.039183
1790862492.556926,1790862492.608643,-0.517384,3.492206,0.367546,0.009956,0.026510,-0.776526,0.629449,-1.643,2.799,-101.984,0.367387,0.070388,0.029730,0.184936,-0.162163,0.077536
1790862492.590316,1790862492.640701,-0.517685,3.479827,0.367773,0.010697,0.022878,-0.775745,0.630541,-1.262,2.605,-101.819,0.370627,0.075426,0.020382,0.200918,0.012542,0.099906
1790862492.623706,1790862492.684492,-0.517262,3.466749,0.367850,0.014681,0.021428,-0.774281,0.632308,-0.839,2.856,-101.548,0.372800,0.084078,0.023281,0.195589,0.184057,0.198979
1790862492.657096,1790862492.717439,-0.518216,3.454720,0.368390,0.017360,0.020297,-0.771997,0.635065,-0.533,3.014,-101.131,0.370204,0.081242,0.048081,0.042193,-0.092918,0.227738
1790862492.690487,1790862492.745427,-0.517719,3.441676,0.369482,0.013750,0.019026,-0.769856,0.637786,-0.674,2.604,-100.735,0.370704,0.078695,0.058182,-0.200694,-0.315566,0.170213
1790862492.723878,1790862492.783719,-0.518762,3.429610,0.370746,0.006850,0.019091,-0.768317,0.639747,-1.179,2.003,-100.455,0.369485,0.068650,0.047211,-0.344502,-0.283608,0.114814
1790862492.757269,1790862492.814577,-0.518333,3.416559,0.371668,0.000267,0.020909,-0.767138,0.641141,-1.819,1.560,-100.250,0.368398,0.054562,0.030916,-0.296567,-0.164293,0.080724
1790862492.790661,1790862492.846011,-0.519111,3.404545,0.372120,-0.003449,0.022715,-0.766349,0.642013,-2.250,1.368,-100.117,0.365404,0.034590,0.015788,-0.144229,-0.042850,0.046632
1790862492.824053,1790862492.878032,-0.521820,3.393231,0.372183,-0.004023,0.023063,-0.766114,0.642278,-2.322,1.344,-100.077,0.359683,0.017378,0.003996,0.062443,0.022133,0.001885
1790862492.857445,1790862492.905450,-0.523465,3.381448,0.371884,-0.002312,0.021846,-0.766030,0.642430,-2.089,1.405,-100.056,0.352542,0.010555,-0.005092,0.155123,0.030655,0.033847
1790862492.890838,1790862492.946998,-0.525604,3.370384,0.371253,-0.000513,0.019977,-0.765595,0.643012,-1.791,1.427,-99.970,0.345129,-0.001948,-0.013920,0.163647,-0.015152,0.045565
1790862492.924231,1790862492.981023,-0.528084,3.359527,0.370293,0.000884,0.017554,-0.765092,0.643681,-1.474,1.372,-99.869,0.338435,-0.010046,-0.028982,0.134885,-0.013023,0.066872
1790862492.957623,1790862493.019636,-0.530498,3.348540,0.368784,0.002339,0.016606,-0.764164,0.644804,-1.282,1.432,-99.701,0.329298,-0.007904,-0.047491,0.061380,0.088181,0.122267
1790862492.991017,1790862493.045197,-0.532395,3.337052,0.366845,0.004844,0.017500,-0.762350,0.646910,-1.170,1.721,-99.384,0.318270,0.003311,-0.051860,0.054988,0.189386,0.213881
1790862493.024410,1790862493.079698,-0.533955,3.325044,0.364903,0.007599,0.018675,-0.759773,0.649876,-1.061,2.053,-98.935,0.310481,0.007196,-0.036861,0.032617,0.109490,0.218143
1790862493.057804,1790862493.119206,-0.538330,3.311978,0.363493,0.008271,0.019065,-0.757754,0.652209,-1.038,2.143,-98.581,0.312394,0.003912,-0.023849,-0.069637,-0.031119,0.143583
1790862493.091198,1790862493.152232,-0.538217,3.304137,0.362299,0.006330,0.019758,-0.756440,0.653733,-1.239,2.029,-98.353,0.308899,0.010348,-0.023767,-0.130363,-0.066280,0.100954
1790862493.124593,1790862493.192585,-0.539761,3.294593,0.361401,0.004538,0.020567,-0.755323,0.655014,-1.440,1.937,-98.161,0.310888,0.014709,-0.028954,-0.050466,-0.003429,0.108413
1790862493.157988,1790862493.231230,-0.540348,3.283292,0.359924,0.005915,0.021303,-0.754076,0.656415,-1.397,2.114,-97.947,0.314878,0.025462,-0.038029,0.093346,0.209632,0.113739
1790862493.191383,1790862493.264488,-0.539200,3.271080,0.358379,0.011030,0.022679,-0.753096,0.657427,-1.127,2.661,-97.787,0.316729,0.037480,-0.024524,0.170041,0.310837,0.058331
1790862493.224779,1790862493.291436,-0.538762,3.259333,0.357615,0.015783,0.023091,-0.752655,0.657821,-0.803,3.103,-97.715,0.312037,0.049928,0.014670,0.163648,0.079670,0.034895
1790862493.258174,1790862493.321272,-0.537819,3.248740,0.357857,0.016653,0.020878,-0.752571,0.657969,-0.546,3.012,-97.688,0.310031,0.055351,0.040290,0.101862,-0.167479,-0.032219
1790862493.291535,1790862493.351612,-0.537445,3.237689,0.358954,0.015255,0.017653,-0.753361,0.657194,-0.376,2.647,-97.809,0.317440,0.059851,0.031390,0.093337,-0.165349,-0.085477
1790862493.324870,1790862493.384833,-0.535447,3.225266,0.359111,0.015088,0.015376,-0.754463,0.655988,-0.195,2.461,-97.992,0.330013,0.071579,0.004059,0.119965,-0.014074,-0.095071
1790862493.358205,1790862493.411767,-0.533056,3.207406,0.357310,0.016592,0.014387,-0.755562,0.654709,-0.001,2.517,-98.181,0.349493,0.086325,-0.021036,0.086945,0.076476,-0.102546
1790862493.391540,1790862493.442604,-0.534583,3.200818,0.357017,0.018052,0.015007,-0.756425,0.653659,0.051,2.690,-98.335,0.354475,0.097741,-0.026431,-0.072849,0.061562,-0.064171
1790862493.424875,1790862493.479038,-0.532887,3.189078,0.355778,0.016063,0.016774,-0.756942,0.653069,-0.253,2.650,-98.432,0.360974,0.110673,-0.014322,-0.237971,-0.111015,-0.044998
1790862493.458208,1790862493.521283,-0.534274,3.166926,0.355135,0.011912,0.018532,-0.757530,0.652429,-0.719,2.420,-98.541,0.379681,0.117081,-0.001958,-0.258204,-0.148283,-0.079074
1790862493.491543,1790862493.559124,-0.531399,3.165411,0.355321,0.007109,0.020045,-0.758505,0.651319,-1.213,2.114,-98.718,0.365625,0.122575,0.006315,-0.244362,-0.109951,-0.101460
1790862493.524878,1790862493.591139,-0.528727,3.151645,0.355118,0.004302,0.021335,-0.760029,0.649525,-1.539,1.963,-98.992,0.364946,0.126408,0.019811,-0.060066,-0.007684,-0.217578
1790862493.558213,1790862493.623424,-0.526179,3.139354,0.355600,0.005011,0.021637,-0.762756,0.646304,-1.521,2.041,-99.476,0.362919,0.139762,0.041082,0.118901,0.056233,-0.264449
1790862493.591547,1790862493.658211,-0.523660,3.126759,0.356707,0.006417,0.018723,-0.765228,0.643455,-1.169,1.944,-99.901,0.359994,0.151402,0.058810,0.233954,-0.151499,-0.172830
1790862493.624882,1790862493.684336,-0.522689,3.109672,0.358203,0.006476,0.014363,-0.766593,0.641940,-0.786,1.626,-100.126,0.368049,0.162679,0.037521,0.127432,-0.138708,-0.079064
1790862493.658216,1790862493.717902,-0.517401,3.099641,0.358604,0.006263,0.012481,-0.767135,0.641333,-0.637,1.468,-100.216,0.370575,0.183272,0.006158,0.054984,-0.001292,-0.003446
1790862493.691550,1790862493.755970,-0.514565,3.086719,0.358392,0.007658,0.012134,-0.766862,0.641651,-0.503,1.565,-100.167,0.377177,0.194055,-0.008812,0.093337,0.079671,0.045565
1790862493.724885,1790862493.783818,-0.509839,3.071239,0.357659,0.009207,0.011590,-0.766739,0.641788,-0.341,1.662,-100.144,0.386086,0.195959,-0.006511,0.039004,-0.025790,-0.038598
1790862493.758219,1790862493.810358,-0.505241,3.058698,0.357001,0.007499,0.011393,-0.767672,0.640698,-0.452,1.496,-100.309,0.385512,0.205249,-0.006074,-0.151684,-0.131257,-0.145121
1790862493.791553,1790862493.851303,-0.499524,3.044455,0.356270,0.003685,0.012708,-0.769732,0.638230,-0.852,1.255,-100.681,0.380313,0.214260,-0.010267,-0.225192,-0.088645,-0.253786
1790862493.824888,1790862493.884229,-0.494254,3.031718,0.355653,0.001379,0.014695,-0.772539,0.634796,-1.201,1.191,-101.193,0.363930,0.223179,-0.008461,-0.056879,0.041317,-0.250578
1790862493.858222,1790862493.915171,-0.489682,3.017940,0.355175,0.003325,0.014198,-0.774879,0.631941,-1.020,1.324,-101.615,0.347774,0.227035,0.003574,0.274430,0.095649,-0.189858
1790862493.891555,1790862493.951567,-0.485126,2.997604,0.355034,0.008614,0.010283,-0.776642,0.629799,-0.294,1.509,-101.925,0.344061,0.235358,0.012340,0.468314,0.054123,-0.118469
1790862493.924889,1790862493.984445,-0.479748,2.993112,0.355191,0.014121,0.003629,-0.777426,0.628806,0.695,1.520,-102.057,0.316044,0.240006,0.005474,0.542887,0.015753,-0.039645
1790862493.958223,1790862494.022656,-0.474009,2.981322,0.354853,0.019633,-0.001483,-0.777951,0.628016,1.546,1.644,-102.152,0.311729,0.242287,-0.016113,0.298933,0.109499,-0.057757
1790862493.991557,1790862494.050012,-0.469192,2.969144,0.354509,0.021961,-0.003071,-0.778268,0.627540,1.854,1.738,-102.211,0.309765,0.239873,-0.013161,0.035807,-0.084381,-0.007688
1790862494.024891,1790862494.080642,-0.463101,2.956507,0.353890,0.018764,-0.005009,-0.778499,0.627346,1.797,1.314,-102.253,0.309969,0.225255,-0.018448,-0.074984,-0.303832,-0.039652
1790862494.058225,1790862494.120159,-0.459028,2.947319,0.352676,0.014825,-0.006358,-0.779310,0.626431,1.632,0.868,-102.401,0.306195,0.205566,-0.060768,-0.098416,-0.067340,-0.113154
1790862494.091559,1790862494.152448,-0.454091,2.934868,0.350031,0.015757,-0.003654,-0.780660,0.624746,1.455,1.148,-102.646,0.302474,0.196524,-0.096300,-0.053675,0.347061,-0.138731
1790862494.124893,1790862494.188633,-0.449600,2.921648,0.346761,0.021560,0.001370,-0.782048,0.622844,1.417,2.030,-102.905,0.293493,0.185886,-0.084991,0.031543,0.495141,-0.142987
1790862494.158227,1790862494.211293,-0.445741,2.911088,0.344704,0.027436,0.004259,-0.782780,0.621679,1.575,2.765,-103.049,0.275247,0.179902,-0.035013,0.116764,0.201119,-0.001295
1790862494.191561,1790862494.245940,-0.442486,2.901116,0.343770,0.029286,0.003442,-0.781998,0.622583,1.783,2.871,-102.906,0.264669,0.174807,-0.001576,0.072025,-0.058813,0.148910
1790862494.224894,1790862494.281262,-0.439874,2.882561,0.343651,0.028698,0.002613,-0.780185,0.624885,1.824,2.754,-102.571,0.285800,0.168039,0.000024,-0.066459,-0.083288,0.176627
1790862494.258228,1790862494.309987,-0.436569,2.880117,0.343155,0.026349,0.002946,-0.778460,0.627135,1.633,2.563,-102.253,0.283225,0.151839,-0.014129,-0.136768,-0.053483,0.159557
1790862494.291564,1790862494.346453,-0.433661,2.869820,0.342126,0.024898,0.004483,-0.777043,0.628939,1.397,2.541,-101.996,0.297458,0.133355,-0.031834,-0.120791,0.043458,0.096700
1790862494.324902,1790862494.382957,-0.431134,2.859129,0.340528,0.024810,0.006578,-0.776428,0.629683,1.206,2.683,-101.888,0.310150,0.121588,-0.041907,-0.069658,0.108441,0.012538
1790862494.358239,1790862494.408766,-0.429407,2.849131,0.339217,0.025894,0.007953,-0.776392,0.629668,1.162,2.879,-101.885,0.320332,0.112843,-0.033704,0.021953,0.085002,-0.017290
1790862494.391577,1790862494.455366,-0.427486,2.836448,0.337746,0.027097,0.008026,-0.776574,0.629392,1.242,2.992,-101.920,0.333356,0.108690,-0.020334,0.052845,0.034935,-0.016229
1790862494.424915,1790862494.486016,-0.426324,2.824757,0.336711,0.027877,0.007828,-0.776451,0.629513,1.316,3.046,-101.898,0.343656,0.109172,-0.010907,0.003842,0.027477,0.049818
1790862494.458253,1790862494.515591,-0.425295,2.812139,0.335956,0.028077,0.008465,-0.775371,0.630825,1.279,3.108,-101.703,0.349312,0.108198,-0.001764,-0.068598,0.046654,0.172327
1790862494.491591,1790862494.543128,-0.424454,2.799493,0.335531,0.027992,0.010763,-0.773025,0.633666,1.081,3.263,-101.285,0.350652,0.103044,0.010903,-0.163408,0.114835,0.252223
1790862494.524929,1790862494.583227,-0.423620,2.787114,0.335660,0.027390,0.013550,-0.770327,0.636916,0.804,3.409,-100.807,0.352108,0.094998,0.033910,-0.147428,0.010437,0.233047
1790862494.558267,1790862494.598695,-0.422880,2.774951,0.336366,0.025070,0.014695,-0.768278,0.639456,0.544,3.286,-100.442,0.354038,0.082397,0.043956,-0.158081,-0.120593,0.126518
1790862494.591604,1790862494.646536,-0.422016,2.763188,0.337275,0.021792,0.015224,-0.767853,0.640074,0.259,3.035,-100.365,0.361118,0.063467,0.039974,-0.127189,-0.133377,-0.049255
1790862494.624942,1790862494.688110,-0.421752,2.750918,0.337809,0.018881,0.015301,-0.769064,0.638709,0.033,2.785,-100.580,0.369523,0.047015,0.028430,-0.116538,-0.118464,-0.176023
1790862494.658280,1790862494.718185,-0.422285,2.738351,0.337915,0.016164,0.015599,-0.771236,0.636152,-0.201,2.566,-100.970,0.374879,0.036297,0.012768,-0.078189,-0.097160,-0.233548
1790862494.691617,1790862494.748586,-0.423507,2.725581,0.337550,0.015382,0.015126,-0.773767,0.633103,-0.225,2.462,-101.424,0.373623,0.033162,-0.004687,0.076277,0.030676,-0.182414
1790862494.724955,1790862494.780063,-0.432648,2.722230,0.338192,0.018599,0.014745,-0.774437,0.632206,0.039,2.720,-101.547,0.359695,0.026879,-0.015992,0.160451,0.226692,-0.003375
1790862494.758293,1790862494.808422,-0.427671,2.701273,0.336158,0.025520,0.013901,-0.773123,0.633590,0.622,3.272,-101.312,0.343219,0.069934,-0.000866,0.287209,0.259715,0.388579
1790862494.791629,1790862494.855625,-0.427819,2.689161,0.335730,0.029622,0.013448,-0.767732,0.639945,0.991,3.595,-100.343,0.333203,0.069646,0.020773,-0.025985,0.014699,0.496173
1790862494.824967,1790862494.870731,-0.428138,2.677655,0.336106,0.026238,0.014246,-0.764037,0.644481,0.692,3.351,-99.683,0.345521,0.031419,0.040371,-0.272068,-0.247362,0.153148
1790862494.858305,1790862494.920449,-0.430561,2.667880,0.337087,0.020966,0.014520,-0.761591,0.647556,0.289,2.908,-99.246,0.327404,0.046360,0.033889,-0.194298,-0.173858,0.375786
1790862494.891642,1790862494.954021,-0.432175,2.659896,0.338119,0.018218,0.015195,-0.757602,0.652285,0.043,2.718,-98.543,0.321872,0.037058,0.018717,-0.051548,-0.008739,0.280969
1790862494.924979,1790862494.983329,-0.431548,2.647079,0.337836,0.018825,0.014676,-0.755415,0.654812,0.142,2.732,-98.158,0.321514,0.033259,0.020917,0.137007,-0.005543,0.126503
1790862494.958317,1790862495.010449,-0.429627,2.600377,0.337751,0.020470,0.013376,-0.754679,0.655639,0.382,2.776,-98.025,0.359983,0.043976,0.025804,0.091193,-0.082177,0.000787
1790862494.991655,1790862495.051309,-0.432872,2.625672,0.338519,0.018876,0.010481,-0.755131,0.655218,0.511,2.421,-98.094,0.305207,0.039460,0.024559,0.046457,-0.177054,-0.030097
1790862495.024992,1790862495.082317,-0.435222,2.621435,0.338698,0.017091,0.007885,-0.755133,0.655302,0.601,2.072,-98.086,0.286648,0.042891,0.011253,0.029420,-0.133383,0.076428
1790862495.058329,1790862495.114979,-0.435058,2.610881,0.338465,0.017060,0.006622,-0.753750,0.656906,0.713,1.972,-97.842,0.276284,0.049308,-0.008689,0.084817,0.046652,0.182953
1790862495.091667,1790862495.150204,-0.434868,2.601576,0.337759,0.019516,0.006845,-0.751385,0.659540,0.886,2.198,-97.432,0.264620,0.052974,-0.018212,0.048597,0.180881,0.255392
1790862495.125004,1790862495.186606,-0.434292,2.592663,0.337045,0.021727,0.008499,-0.748177,0.663089,0.923,2.509,-96.880,0.250518,0.055962,-0.006403,-0.063258,0.119093,0.311852
1790862495.158342,1790862495.211787,-0.433576,2.584607,0.336786,0.021099,0.010114,-0.744986,0.666670,0.749,2.575,-96.334,0.242505,0.047630,0.011458,-0.127175,-0.062006,0.236216
1790862495.191679,1790862495.239263,-0.432626,2.576292,0.336807,0.018177,0.010127,-0.743210,0.668735,0.531,2.325,-96.028,0.244789,0.032999,0.009554,-0.089890,-0.157883,0.074289
1790862495.225015,1790862495.270350,-0.430408,2.557144,0.336294,0.016113,0.009743,-0.743265,0.668732,0.405,2.119,-96.036,0.267793,0.022501,-0.015313,-0.025980,-0.064118,-0.068505
1790862495.258352,1790862495.298262,-0.433142,2.560093,0.335213,0.016263,0.009155,-0.744357,0.667521,0.463,2.088,-96.222,0.267298,0.008076,-0.044110,0.101860,0.072220,-0.146229
1790862495.291691,1790862495.354089,-0.433804,2.550627,0.333065,0.019610,0.008864,-0.746416,0.665132,0.737,2.354,-96.576,0.281653,0.006297,-0.065666,0.211584,0.201121,-0.217603
1790862495.325030,1790862495.376493,-0.434693,2.540544,0.330309,0.025002,0.008734,-0.748804,0.662262,1.149,2.809,-96.991,0.295092,0.009684,-0.074114,0.209453,0.270366,-0.219733
1790862495.358369,1790862495.396264,-0.435321,2.530532,0.327460,0.030037,0.009718,-0.750884,0.659679,1.437,3.321,-97.357,0.303893,0.019028,-0.063999,0.103988,0.230950,-0.173926
1790862495.391709,1790862495.437478,-0.435490,2.520197,0.324992,0.032471,0.011438,-0.752512,0.657678,1.464,3.665,-97.648,0.311922,0.033825,-0.049363,-0.082437,0.122289,-0.135576
1790862495.425048,1790862495.481507,-0.435625,2.510032,0.322816,0.032015,0.014324,-0.753584,0.656416,1.174,3.845,-97.845,0.322659,0.043065,-0.039305,-0.221991,0.064763,-0.078050
1790862495.458387,1790862495.507674,-0.437975,2.496566,0.321566,0.029715,0.018121,-0.754386,0.655508,0.667,3.933,-98.000,0.341920,0.034027,-0.025183,-0.299755,-0.009800,-0.128083
1790862495.491727,1790862495.538932,-0.434095,2.485276,0.319616,0.024918,0.021378,-0.756374,0.653315,0.013,3.763,-98.362,0.358203,0.030509,-0.019042,-0.335985,-0.155750,-0.247435
1790862495.525066,1790862495.563124,-0.434335,2.473050,0.317990,0.019695,0.024001,-0.759489,0.649779,-0.624,3.503,-98.922,0.377934,0.017545,-0.024038,-0.231586,-0.077984,-0.352901
1790862495.558405,1790862495.612072,-0.435687,2.459153,0.316502,0.018609,0.024957,-0.764014,0.644448,-0.812,3.474,-99.729,0.396208,-0.002014,-0.019690,0.123154,0.078613,-0.506301
1790862495.591745,1790862495.660197,-0.435184,2.445290,0.315335,0.023095,0.023999,-0.770008,0.637164,-0.432,3.793,-100.800,0.400715,0.003754,-0.005889,0.333008,0.253321,-0.619217
1790862495.625084,1790862495.696960,-0.437771,2.430527,0.314700,0.029760,0.023022,-0.776798,0.628624,0.095,4.312,-102.033,0.393954,0.023089,0.023278,0.289332,0.260782,-0.651182
1790862495.658424,1790862495.733571,-0.438641,2.418177,0.315503,0.033648,0.022549,-0.783140,0.620524,0.370,4.628,-103.202,0.378625,0.050005,0.062191,0.062417,0.001913,-0.542518
1790862495.691762,1790862495.766701,-0.441101,2.408052,0.316661,0.030590,0.021643,-0.787566,0.615090,0.203,4.290,-104.013,0.360590,0.074009,0.077378,-0.174069,-0.325135,-0.268733
1790862495.725101,1790862495.796040,-0.438772,2.397061,0.317723,0.023849,0.021909,-0.789469,0.612935,-0.308,3.699,-104.359,0.348751,0.097895,0.047530,-0.323214,-0.226069,-0.094012
1790862495.758440,1790862495.825157,-0.439853,2.382891,0.318190,0.019142,0.024800,-0.789904,0.612429,-0.903,3.475,-104.453,0.344261,0.109433,0.017857,-0.237990,-0.025787,-0.029033
1790862495.791780,1790862495.854861,-0.438597,2.369766,0.318156,0.018418,0.026063,-0.790992,0.610993,-1.075,3.496,-104.665,0.346400,0.099282,0.009304,0.114618,0.048783,-0.241013
1790862495.825119,1790862495.884165,-0.438259,2.356927,0.317687,0.021262,0.024605,-0.794433,0.606481,-0.764,3.648,-105.307,0.346729,0.089919,0.003694,0.225408,0.110570,-0.441293
1790862495.858458,1790862495.918063,-0.436783,2.343147,0.317338,0.024490,0.023252,-0.799415,0.599829,-0.448,3.845,-106.251,0.340939,0.091694,0.008558,0.188116,0.088202,-0.523304
1790862495.891797,1790862495.952953,-0.436892,2.331595,0.316969,0.027305,0.020981,-0.804459,0.593009,-0.079,3.946,-107.211,0.329161,0.091985,0.019741,0.297841,0.053046,-0.464725
1790862495.925136,1790862495.984470,-0.437038,2.319232,0.317274,0.031380,0.017443,-0.808669,0.587167,0.496,4.085,-108.016,0.321547,0.089915,0.026993,0.340449,0.082877,-0.368844
1790862495.958475,1790862496.022297,-0.438043,2.308707,0.317538,0.034825,0.014083,-0.811799,0.582727,1.018,4.184,-108.620,0.312728,0.089699,0.038940,0.221139,-0.025783,-0.264442
1790862495.991814,1790862496.044628,-0.437849,2.297847,0.318258,0.034074,0.011433,-0.814256,0.579392,1.198,3.941,-109.090,0.307837,0.084044,0.044928,-0.033467,-0.231387,-0.245262
1790862496.025154,1790862496.070590,-0.438413,2.287822,0.318865,0.029302,0.010626,-0.816844,0.576015,0.941,3.446,-109.591,0.306053,0.073345,0.031869,-0.210306,-0.263347,-0.275092
1790862496.058493,1790862496.111121,-0.439609,2.277613,0.318970,0.023927,0.012284,-0.819771,0.572059,0.415,3.054,-110.172,0.307939,0.057393,0.005524,-0.284878,-0.117402,-0.335815
1790862496.091832,1790862496.152007,-0.442181,2.269721,0.318011,0.021184,0.015821,-0.823171,0.567178,-0.116,3.028,-110.868,0.303852,0.039443,-0.015620,-0.219889,0.116958,-0.372028
1790862496.125170,1790862496.178577,-0.444868,2.258279,0.317021,0.022357,0.020423,-0.826164,0.562615,-0.493,3.435,-111.505,0.300629,0.037495,-0.013282,-0.128274,0.312976,-0.267632
1790862496.158509,1790862496.223308,-0.449026,2.249460,0.316682,0.025666,0.024037,-0.827886,0.559794,-0.636,3.980,-111.891,0.291553,0.030872,0.025752,-0.011089,0.184074,-0.113156
1790862496.191848,1790862496.259189,-0.451880,2.241099,0.317341,0.025387,0.024257,-0.828121,0.559449,-0.676,3.967,-111.940,0.288831,0.034030,0.056602,-0.088853,-0.231394,0.073273
1790862496.225187,1790862496.289150,-0.456474,2.233511,0.318252,0.019477,0.023267,-0.826966,0.561433,-0.953,3.345,-111.682,0.301737,0.037169,0.041088,-0.259289,-0.362428,0.177675
1790862496.258526,1790862496.312070,-0.458527,2.222839,0.318426,0.012404,0.024681,-0.825213,0.564146,-1.534,2.770,-111.321,0.324004,0.037361,0.002438,-0.328535,-0.219677,0.177672
1790862496.291864,1790862496.344723,-0.461634,2.211222,0.317388,0.008587,0.028057,-0.823575,0.566448,-2.093,2.633,-111.008,0.346893,0.028918,-0.034465,-0.251834,0.096717,0.121212
1790862496.325198,1790862496.391225,-0.465293,2.199614,0.315491,0.008970,0.032888,-0.822845,0.567242,-2.522,2.985,-110.904,0.365496,0.021158,-0.041148,-0.197504,0.211770,-0.000232
1790862496.358533,1790862496.420790,-0.471483,2.190569,0.313944,0.009596,0.035874,-0.822992,0.566838,-2.765,3.237,-110.964,0.373719,0.011046,-0.015801,-0.064334,0.031730,-0.048167
1790862496.391868,1790862496.442349,-0.475404,2.179350,0.312944,0.008992,0.034956,-0.823875,0.565622,-2.722,3.116,-111.132,0.383596,0.005460,0.007411,0.164702,-0.139784,-0.145110
1790862496.425202,1790862496.485695,-0.479916,2.167750,0.312573,0.009499,0.030209,-0.825642,0.563305,-2.248,2.850,-111.447,0.392394,0.003035,0.012888,0.346870,-0.090781,-0.201568
1790862496.458536,1790862496.526985,-0.484649,2.155580,0.312419,0.012103,0.024240,-0.827874,0.560259,-1.524,2.705,-111.860,0.397695,0.003044,0.015662,0.408656,-0.073737,-0.216483
1790862496.491871,1790862496.553711,-0.489405,2.143268,0.312274,0.014490,0.018723,-0.829648,0.557785,-0.855,2.575,-112.192,0.389770,0.014518,0.009579,0.288277,-0.011949,-0.116344
1790862496.525205,1790862496.590287,-0.494093,2.131065,0.312048,0.017901,0.015560,-0.830370,0.556708,-0.339,2.697,-112.329,0.385054,0.020506,0.012647,0.277626,0.137192,-0.010879
1790862496.558538,1790862496.630120,-0.500215,2.121246,0.312670,0.022185,0.012370,-0.829925,0.557296,0.241,2.901,-112.231,0.378293,0.018670,0.033539,0.285086,0.032789,0.110572
1790862496.591872,1790862496.662601,-0.504177,2.109257,0.313232,0.022977,0.008893,-0.829014,0.558685,0.627,2.753,-112.032,0.376810,0.015778,0.047394,0.081616,-0.201575,0.067958
1790862496.625206,1790862496.694438,-0.508286,2.097768,0.314201,0.019333,0.006213,-0.829054,0.558799,0.648,2.235,-112.026,0.377020,0.005374,0.043726,-0.053675,-0.313432,-0.068398
1790862496.658541,1790862496.727670,-0.512583,2.086008,0.314876,0.014778,0.004836,-0.830157,0.557313,0.484,1.715,-112.243,0.372903,-0.006526,0.018941,-0.094159,-0.203706,-0.145102
1790862496.691875,1790862496.764972,-0.517600,2.074165,0.314773,0.012901,0.004996,-0.831723,0.555019,0.344,1.548,-112.564,0.362852,-0.018133,-0.011743,-0.015327,0.062618,-0.185588
1790862496.725209,1790862496.806352,-0.524133,2.064370,0.314150,0.016008,0.005819,-0.833511,0.552240,0.457,1.898,-112.940,0.347466,-0.028371,-0.016937,0.174296,0.283134,-0.198368
1790862496.758543,1790862496.844929,-0.529699,2.054202,0.313569,0.021878,0.004433,-0.835030,0.549751,0.955,2.373,-113.262,0.330613,-0.030982,0.014308,0.341548,0.139319,-0.120600
1790862496.791877,1790862496.878627,-0.535404,2.045951,0.313849,0.024656,-0.000484,-0.835363,0.549146,1.599,2.330,-113.328,0.314680,-0.023376,0.037955,0.288286,-0.179204,0.077546
1790862496.825210,1790862496.914780,-0.540971,2.038279,0.314449,0.023573,-0.005397,-0.834086,0.551104,2.006,1.913,-113.059,0.305556,-0.018027,0.032047,0.114648,-0.220754,0.203248
1790862496.858544,1790862496.948672,-0.551320,2.022548,0.314682,0.022317,-0.008325,-0.832148,0.554042,2.212,1.600,-112.658,0.312901,-0.023701,0.020233,0.077375,-0.093970,0.222396
1790862496.891878,1790862496.982897,-0.553328,2.023467,0.315305,0.022049,-0.009641,-0.830271,0.556840,2.326,1.483,-112.273,0.297068,-0.032330,0.014933,0.019845,-0.000242,0.158505
1790862496.925211,1790862497.021396,-0.557773,2.015687,0.315704,0.021512,-0.009379,-0.829264,0.558364,2.269,1.444,-112.065,0.291196,-0.040784,0.022997,-0.071770,-0.054572,0.044513
1790862496.958545,1790862497.061016,-0.563780,2.010960,0.316907,0.019232,-0.009750,-0.829422,0.558206,2.158,1.204,-112.096,0.281587,-0.053278,0.035947,-0.050461,-0.188803,-0.059892
1790862496.991879,1790862497.093477,-0.568798,2.002737,0.317702,0.016315,-0.010852,-0.830322,0.556939,2.074,0.860,-112.281,0.276485,-0.057484,0.028940,-0.018503,-0.122754,-0.104637
1790862497.025211,1790862497.125878,-0.574024,1.994916,0.318345,0.015910,-0.011142,-0.831145,0.555717,2.075,0.806,-112.451,0.271049,-0.051789,0.016899,0.026237,0.057281,-0.051371
1790862497.058544,1790862497.161392,-0.579161,1.987540,0.318839,0.017159,-0.010953,-0.831080,0.555780,2.137,0.937,-112.438,0.260056,-0.039340,0.018349,0.029433,0.063672,0.063680
1790862497.091877,1790862497.190457,-0.583747,1.980824,0.319283,0.017771,-0.010449,-0.830076,0.557268,2.130,1.023,-112.230,0.248024,-0.026514,0.023067,-0.064309,0.040235,0.141449
1790862497.125211,1790862497.215011,-0.587645,1.973715,0.319950,0.016724,-0.008913,-0.828880,0.559106,1.919,1.018,-111.981,0.240655,-0.019883,0.028415,-0.164446,-0.066294,0.109489
1790862497.158544,1790862497.242530,-0.590934,1.966846,0.320668,0.013012,-0.007415,-0.828373,0.559977,1.539,0.759,-111.873,0.238355,-0.018933,0.021765,-0.233691,-0.193064,-0.000237
1790862497.191877,1790862497.267071,-0.594115,1.959589,0.320986,0.008378,-0.006400,-0.828760,0.559504,1.145,0.385,-111.949,0.242022,-0.018498,0.000442,-0.135685,-0.155779,-0.074807
1790862497.225210,1790862497.302000,-0.597446,1.951743,0.320556,0.006452,-0.005758,-0.829624,0.558255,0.960,0.245,-112.125,0.250409,-0.020460,-0.030457,-0.037679,0.001884,-0.114224
1790862497.258543,1790862497.330050,-0.601685,1.945084,0.320440,0.007434,-0.005580,-0.830877,0.556378,1.005,0.352,-112.382,0.259628,-0.016260,-0.056774,0.085889,0.099893,-0.136602
1790862497.291878,1790862497.353058,-0.605576,1.935930,0.317725,0.010531,-0.005898,-0.831961,0.554703,1.232,0.629,-112.607,0.270963,-0.003401,-0.074451,0.128503,0.162744,-0.086533
1790862497.325214,1790862497.379036,-0.609267,1.927095,0.315058,0.013559,-0.006100,-0.832451,0.553900,1.443,0.906,-112.710,0.278439,0.007690,-0.074245,0.063520,0.108416,-0.031138
1790862497.358551,1790862497.400221,-0.612208,1.917642,0.312423,0.014340,-0.004920,-0.832620,0.553637,1.380,1.056,-112.745,0.284943,0.019146,-0.070064,-0.159125,0.045564,-0.017294
1790862497.391887,1790862497.447719,-0.615169,1.908449,0.310139,0.011762,-0.001282,-0.832693,0.553608,0.869,1.041,-112.757,0.287120,0.030949,-0.057477,-0.354074,-0.058835,0.005073
1790862497.425223,1790862497.486007,-0.617950,1.899292,0.308448,0.007296,0.002660,-0.832624,0.553785,0.209,0.865,-112.742,0.288471,0.031100,-0.034093,-0.304004,-0.128079,0.002942
1790862497.458558,1790862497.514112,-0.620803,1.890175,0.307484,0.003076,0.004902,-0.832825,0.553506,-0.273,0.605,-112.784,0.286542,0.022112,-0.019960,-0.193214,-0.096119,-0.063105
1790862497.491894,1790862497.549453,-0.623508,1.880620,0.306842,0.002519,0.006559,-0.833908,0.551858,-0.467,0.656,-113.012,0.286458,0.022550,-0.018176,0.030496,0.168073,-0.188810
1790862497.525230,1790862497.592634,-0.626084,1.870581,0.306362,0.007050,0.007109,-0.836062,0.548543,-0.238,1.122,-113.464,0.289003,0.024937,-0.008622,0.208398,0.291648,-0.267642
1790862497.558566,1790862497.627838,-0.629937,1.861517,0.307012,0.012056,0.006354,-0.838333,0.544988,0.143,1.555,-113.944,0.288847,0.031007,0.011591,0.168979,0.124399,-0.202665
1790862497.591902,1790862497.651710,-0.632790,1.853353,0.306585,0.012941,0.005297,-0.839620,0.542995,0.296,1.575,-114.213,0.291715,0.038448,0.020971,-0.020639,-0.102510,-0.080156
1790862497.625238,1790862497.686449,-0.636130,1.844567,0.306812,0.009997,0.004782,-0.840048,0.542400,0.161,1.260,-114.299,0.296193,0.042769,0.010778,-0.094144,-0.190929,-0.003457
1790862497.658574,1790862497.716902,-0.639053,1.835820,0.306871,0.007589,0.005272,-0.839873,0.542704,-0.035,1.058,-114.261,0.305472,0.048368,-0.012176,-0.116514,0.004017,0.038084
1790862497.691910,1790862497.735657,-0.642375,1.824841,0.306398,0.007043,0.007962,-0.839470,0.543303,-0.328,1.173,-114.182,0.312964,0.051708,-0.017220,-0.208129,0.059415,0.033822
1790862497.725245,1790862497.766167,-0.644955,1.814567,0.305772,0.004920,0.011651,-0.839329,0.543477,-0.814,1.199,-114.161,0.311462,0.051574,-0.010643,-0.281636,-0.040721,-0.027964
1790862497.758581,1790862497.820968,-0.647234,1.804188,0.305266,0.001933,0.014930,-0.840008,0.542365,-1.317,1.114,-114.315,0.307017,0.047753,-0.008327,-0.203870,-0.015153,-0.141953
1790862497.791917,1790862497.855256,-0.649178,1.793789,0.304863,0.001537,0.016980,-0.841801,0.539519,-1.543,1.198,-114.704,0.300636,0.044099,-0.004842,0.016642,0.094571,-0.252741
1790862497.825253,1790862497.885993,-0.651591,1.783452,0.304677,0.003884,0.016603,-0.844167,0.535809,-1.368,1.395,-115.208,0.290869,0.042357,0.003321,0.163651,0.116944,-0.264458
1790862497.858589,1790862497.920655,-0.654240,1.773626,0.304465,0.006514,0.015157,-0.846436,0.532235,-1.073,1.556,-115.692,0.280970,0.043845,0.013717,0.141279,0.054091,-0.246351
1790862497.891923,1790862497.957346,-0.656006,1.761393,0.305924,0.007738,0.013980,-0.848469,0.529004,-0.891,1.600,-116.127,0.277353,0.051455,0.028692,0.081617,-0.023669,-0.202661
1790862497.925259,1790862497.986590,-0.659053,1.752081,0.306223,0.007595,0.012559,-0.849967,0.526632,-0.765,1.498,-116.446,0.273047,0.054138,0.034995,0.050726,-0.074804,-0.121701
1790862497.958595,1790862498.017735,-0.662170,1.743568,0.307054,0.006666,0.011991,-0.850728,0.525426,-0.768,1.372,-116.609,0.268528,0.055160,0.029786,-0.058996,-0.048173,-0.054585
1790862497.991930,1790862498.060727,-0.665344,1.734920,0.307773,0.005198,0.013370,-0.850998,0.524973,-0.991,1.311,-116.671,0.265153,0.055562,0.022583,-0.169785,-0.019410,-0.011976
1790862498.025266,1790862498.099380,-0.669340,1.727474,0.309625,0.003393,0.015478,-0.850925,0.525048,-1.306,1.262,-116.662,0.258159,0.053418,0.021960,-0.162326,-0.031129,0.039146
1790862498.058601,1790862498.131211,-0.672136,1.719471,0.310138,0.001563,0.016688,-0.850246,0.526119,-1.532,1.158,-116.518,0.250961,0.047511,0.026092,-0.068579,-0.083328,0.096675
1790862498.091937,1790862498.165359,-0.675014,1.711479,0.310757,0.000196,0.015993,-0.849622,0.527149,-1.546,0.985,-116.378,0.249121,0.034020,0.019133,0.033689,-0.086524,0.028498
1790862498.125272,1790862498.195621,-0.677651,1.703478,0.311009,-0.000651,0.015179,-0.849774,0.526928,-1.518,0.853,-116.407,0.249028,0.023563,-0.001170,-0.021705,-0.039651,-0.072703
1790862498.158608,1790862498.227137,-0.680308,1.695404,0.310673,-0.000767,0.015389,-0.850662,0.525488,-1.547,0.852,-116.601,0.247193,0.018517,-0.023450,-0.006793,0.080727,-0.113185
1790862498.191943,1790862498.259552,-0.683810,1.686738,0.309475,0.001630,0.017806,-0.851517,0.524021,-1.640,1.228,-116.802,0.246174,0.018091,-0.037641,-0.104800,0.294852,-0.070573
1790862498.225279,1790862498.291613,-0.687456,1.678835,0.308298,0.004111,0.022009,-0.851540,0.523812,-1.902,1.723,-116.834,0.241917,0.019873,-0.010593,-0.149542,0.152103,0.070043
1790862498.258614,1790862498.324888,-0.691565,1.672069,0.308015,0.003302,0.023580,-0.850368,0.525650,-2.100,1.742,-116.588,0.238516,0.014366,0.018933,-0.057922,-0.125939,0.192554
1790862498.291950,1790862498.348698,-0.695968,1.665116,0.308055,0.001186,0.022906,-0.848411,0.528841,-2.156,1.504,-116.155,0.246100,0.007793,0.011850,-0.013176,-0.103568,0.241560
1790862498.325288,1790862498.385326,-0.699971,1.656937,0.307830,0.000388,0.022520,-0.846304,0.532224,-2.161,1.411,-115.697,0.260473,0.001194,-0.009972,-0.005719,0.001895,0.215994
1790862498.358624,1790862498.419926,-0.703715,1.648252,0.306955,0.000714,0.023068,-0.844477,0.535095,-2.190,1.484,-115.308,0.275845,-0.003502,-0.033625,-0.048332,0.050900,0.198946
1790862498.391961,1790862498.446357,-0.709317,1.642150,0.307214,0.000976,0.024107,-0.842797,0.537690,-2.270,1.580,-114.957,0.288373,-0.011773,-0.044625,-0.049396,0.032788,0.173374
1790862498.425298,1790862498.468875,-0.713649,1.633596,0.305236,0.001066,0.024468,-0.841476,0.539740,-2.295,1.616,-114.678,0.302407,-0.018713,-0.044952,0.035827,-0.011952,0.109461
1790862498.458636,1790862498.507905,-0.718387,1.624631,0.303507,0.001520,0.023287,-0.840745,0.540928,-2.151,1.590,-114.516,0.317084,-0.024307,-0.041009,0.129571,-0.008758,0.062587
1790862498.491973,1790862498.529329,-0.723433,1.614343,0.301951,0.002949,0.021257,-0.840351,0.541617,-1.865,1.603,-114.422,0.332911,-0.029931,-0.032027,0.153006,0.005091,0.055129
1790862498.525310,1790862498.582515,-0.729169,1.604399,0.300711,0.003962,0.019150,-0.839481,0.543037,-1.596,1.573,-114.227,0.339124,-0.027480,-0.019921,0.100808,-0.058826,0.182963
1790862498.558647,1790862498.610202,-0.737021,1.592978,0.301490,0.003944,0.017872,-0.836947,0.546977,-1.467,1.499,-113.687,0.342455,-0.025757,-0.012125,0.007065,-0.010884,0.404531
1790862498.591984,1790862498.635586,-0.743240,1.583231,0.300935,0.004286,0.018499,-0.832651,0.553472,-1.494,1.582,-112.796,0.347251,-0.035263,-0.003738,-0.071764,0.078598,0.517455
1790862498.625321,1790862498.679921,-0.749170,1.572924,0.300826,0.004550,0.020584,-0.827968,0.560379,-1.662,1.754,-111.844,0.348226,-0.051428,0.012727,-0.123963,0.057294,0.467389
1790862498.658658,1790862498.723275,-0.765533,1.536748,0.302184,0.004146,0.022366,-0.824058,0.566048,-1.844,1.843,-111.059,0.371101,-0.070718,0.038650,-0.047263,-0.089686,0.345892
1790862498.691995,1790862498.761790,-0.763467,1.546647,0.303253,0.001484,0.020501,-0.821508,0.569826,-1.834,1.478,-110.531,0.355064,-0.096328,0.050903,0.028372,-0.256960,0.169091
1790862498.725332,1790862498.786702,-0.772718,1.534798,0.305244,-0.001535,0.017862,-0.820582,0.571248,-1.781,1.025,-110.329,0.363154,-0.113596,0.031665,0.023045,-0.183454,0.023142
1790862498.758669,1790862498.808535,-0.780595,1.524029,0.305883,-0.002918,0.016704,-0.820781,0.570991,-1.762,0.819,-110.362,0.365589,-0.121486,0.006111,-0.017436,-0.035376,-0.037576
1790862498.792005,1790862498.854221,-0.788585,1.513642,0.305982,-0.003902,0.016968,-0.820838,0.570896,-1.852,0.743,-110.375,0.358921,-0.119209,-0.002928,-0.058982,-0.072661,0.047644
1790862498.825342,1790862498.886438,-0.797890,1.503279,0.306038,-0.005540,0.016843,-0.819956,0.572152,-1.946,0.584,-110.197,0.350573,-0.118576,-0.006255,-0.022762,-0.071594,0.133922
1790862498.858679,1790862498.914251,-0.806160,1.494308,0.305634,-0.005459,0.016087,-0.818459,0.574314,-1.868,0.547,-109.894,0.342389,-0.117173,-0.010420,0.096553,0.061565,0.178670
1790862498.892016,1790862498.938412,-0.813812,1.484815,0.305353,-0.002621,0.015590,-0.816659,0.576903,-1.633,0.785,-109.535,0.334159,-0.112423,-0.003177,0.134904,0.155312,0.220215
1790862498.925353,1790862498.964807,-0.821058,1.475829,0.305649,0.000401,0.014844,-0.814284,0.580277,-1.359,1.025,-109.063,0.322263,-0.107614,0.022606,0.121055,0.051978,0.283068
1790862498.958689,1790862499.009806,-0.827826,1.467740,0.306537,0.000463,0.013601,-0.811365,0.584382,-1.234,0.954,-108.484,0.306849,-0.101131,0.039490,-0.046193,-0.139775,0.313963
1790862498.992026,1790862499.052969,-0.834107,1.459487,0.307588,-0.003007,0.013608,-0.808326,0.588571,-1.464,0.639,-107.889,0.296829,-0.093271,0.032044,-0.205986,-0.163212,0.290528
1790862499.025362,1790862499.086003,-0.840443,1.452206,0.309208,-0.006171,0.015020,-0.805635,0.592190,-1.806,0.450,-107.371,0.291209,-0.089592,0.019063,-0.121827,-0.043898,0.247901
1790862499.058699,1790862499.109928,-0.846507,1.442585,0.309935,-0.006808,0.015375,-0.803328,0.595299,-1.880,0.422,-106.927,0.289696,-0.086366,0.015905,0.051813,-0.026852,0.223400
1790862499.092036,1790862499.150089,-0.851882,1.434605,0.310665,-0.006689,0.013729,-0.801087,0.598353,-1.719,0.327,-106.491,0.287326,-0.080090,0.016839,0.107208,-0.089704,0.220206
1790862499.125373,1790862499.188326,-0.868342,1.406993,0.311785,-0.006190,0.011517,-0.799156,0.600981,-1.481,0.226,-106.115,0.308312,-0.076676,0.012418,0.132778,-0.070500,0.197790
1790862499.158709,1790862499.219170,-0.862882,1.418737,0.311979,-0.005214,0.008855,-0.796905,0.604017,-1.170,0.137,-105.681,0.282720,-0.056893,0.003432,0.183913,0.060500,0.255345
1790862499.192046,1790862499.247037,-0.866885,1.410344,0.312078,-0.002118,0.008327,-0.794219,0.607571,-0.905,0.387,-105.172,0.282118,-0.037156,-0.000907,0.061403,0.184074,0.287302
1790862499.225381,1790862499.284325,-0.870228,1.401596,0.312256,-0.000146,0.009873,-0.791192,0.611488,-0.906,0.679,-104.607,0.281490,-0.020144,0.014523,-0.067494,0.060500,0.320327
1790862499.258718,1790862499.324359,-0.872487,1.394364,0.313878,-0.002037,0.010329,-0.787954,0.615644,-1.076,0.545,-104.003,0.282272,-0.012666,0.027029,-0.122892,-0.186650,0.302205
1790862499.292054,1790862499.351839,-0.875737,1.383897,0.314310,-0.005739,0.009664,-0.785002,0.619391,-1.277,0.170,-103.453,0.294976,-0.011070,0.012695,-0.060039,-0.196235,0.257462
1790862499.325389,1790862499.389392,-0.878280,1.374154,0.314312,-0.007823,0.008609,-0.782454,0.622600,-1.330,-0.087,-102.980,0.307690,-0.007339,-0.018123,0.003878,-0.064138,0.239353
1790862499.358725,1790862499.427102,-0.887917,1.350250,0.313695,-0.006974,0.008850,-0.780003,0.625674,-1.291,0.011,-102.531,0.340075,-0.005700,-0.044786,0.032640,0.092481,0.230801
1790862499.392060,1790862499.459299,-0.882991,1.351676,0.311966,-0.005571,0.009500,-0.777737,0.628494,-1.248,0.188,-102.118,0.335667,0.005717,-0.058285,-0.016366,0.116962,0.192475
1790862499.425395,1790862499.494122,-0.884582,1.341186,0.309881,-0.005279,0.011590,-0.775796,0.630855,-1.412,0.369,-101.770,0.342763,0.012811,-0.057502,-0.155919,0.037063,0.174365
1790862499.458730,1790862499.529904,-0.885586,1.331401,0.308502,-0.007639,0.013727,-0.773840,0.633186,-1.772,0.319,-101.422,0.344691,0.017783,-0.044020,-0.201727,-0.084383,0.192465
1790862499.492065,1790862499.562318,-0.888079,1.319296,0.307039,-0.010533,0.015191,-0.771707,0.635709,-2.111,0.175,-101.042,0.349490,0.014642,-0.033424,-0.155918,-0.052423,0.187139
1790862499.525400,1790862499.595934,-0.889706,1.307529,0.306078,-0.011865,0.016934,-0.769961,0.637755,-2.362,0.191,-100.734,0.349321,0.014602,-0.024028,-0.127156,0.065823,0.128547
1790862499.558735,1790862499.631222,-0.891131,1.296021,0.305520,-0.012365,0.019901,-0.768718,0.639159,-2.660,0.368,-100.524,0.344495,0.015677,-0.006783,-0.159115,0.087128,0.085935
1790862499.592070,1790862499.671183,-0.892933,1.283186,0.305697,-0.012596,0.022354,-0.768027,0.639904,-2.892,0.531,-100.413,0.339760,0.012942,0.013320,-0.061109,0.079674,0.053969
1790862499.625405,1790862499.705385,-0.892612,1.272573,0.306559,-0.012132,0.023269,-0.767249,0.640813,-2.938,0.642,-100.279,0.331405,0.015180,0.029078,0.010258,0.005102,0.102989
1790862499.658740,1790862499.737382,-0.894047,1.261714,0.307417,-0.012578,0.022809,-0.765373,0.643059,-2.929,0.578,-99.941,0.321889,0.024373,0.030694,-0.030220,-0.067336,0.281959
1790862499.692074,1790862499.767841,-0.895414,1.250401,0.308221,-0.013798,0.022774,-0.761283,0.647872,-3.013,0.487,-99.215,0.317346,0.037057,0.027025,-0.041937,-0.079055,0.477969
1790862499.725409,1790862499.801679,-0.896571,1.239020,0.308924,-0.014983,0.022090,-0.755672,0.654406,-3.038,0.359,-98.225,0.317672,0.046375,0.023968,-0.004650,-0.103554,0.553602
1790862499.758744,1790862499.837456,-0.896810,1.226532,0.310153,-0.016113,0.021636,-0.749219,0.661773,-3.081,0.257,-97.100,0.320442,0.055512,0.022130,-0.083485,-0.083312,0.589820
1790862499.792078,1790862499.871260,-0.895908,1.215792,0.310718,-0.018746,0.022682,-0.742767,0.668903,-3.369,0.143,-95.995,0.319334,0.058438,0.024009,-0.230496,-0.099293,0.545075
1790862499.825413,1790862499.891227,-0.894969,1.205080,0.311487,-0.022825,0.024502,-0.736981,0.675083,-3.838,-0.032,-95.019,0.314225,0.054678,0.029545,-0.241149,-0.154688,0.447068
1790862499.858747,1790862499.921841,-0.894998,1.195516,0.312553,0.026412,-0.025110,0.732547,-0.679740,-4.169,-0.261,-94.273,0.304901,0.047463,0.023335,-0.078156,-0.087578,0.305376
1790862499.892082,1790862499.950504,-0.893033,1.186039,0.313404,0.026234,-0.025461,0.729772,-0.682712,-4.185,-0.202,-93.809,0.294824,0.044403,0.010767,0.088027,0.145720,0.182863
1790862499.925416,1790862499.979780,-0.891848,1.176462,0.313767,-0.021990,0.025082,-0.727975,0.684792,-3.821,0.134,-93.506,0.279652,0.047814,0.019959,0.288301,0.118021,0.167951
1790862499.958751,1790862500.024763,-0.889948,1.167665,0.314844,-0.018402,0.021550,-0.725813,0.687308,-3.243,0.167,-93.126,0.263601,0.059418,0.035201,0.274452,-0.104626,0.252113
1790862499.992085,1790862500.052811,-0.888542,1.158553,0.315815,0.017502,-0.017465,0.722798,-0.690617,-2.833,-0.067,-92.607,0.259972,0.065390,0.032201,0.129571,-0.152563,0.261699
1790862500.025420,1790862500.084853,-0.886519,1.149954,0.316557,0.018429,-0.015278,0.719933,-0.693630,-2.726,-0.306,-92.125,0.257354,0.067338,0.017308,-0.025960,-0.111018,0.252110
1790862500.058754,1790862500.112365,-0.885379,1.137603,0.316899,0.019911,-0.015058,0.716658,-0.696978,-2.828,-0.433,-91.585,0.255473,0.065724,0.004915,-0.057920,-0.071594,0.295777
1790862500.092089,1790862500.152832,-0.881883,1.133565,0.316904,0.021386,-0.014635,0.713118,-0.700565,-2.914,-0.573,-91.003,0.238399,0.061284,0.002315,-0.013176,-0.095038,0.316028
1790862500.125422,1790862500.183138,-0.879620,1.125518,0.317225,0.022358,-0.013498,0.709357,-0.704365,-2.903,-0.728,-90.386,0.226491,0.055514,-0.005229,0.024105,-0.075864,0.313902
1790862500.158756,1790862500.217237,-0.877750,1.118313,0.316839,0.022470,-0.013350,0.705622,-0.708107,-2.904,-0.734,-89.780,0.214353,0.049643,-0.016277,-0.018505,0.037055,0.316031
1790862500.192090,1790862500.248668,-0.875649,1.111508,0.316337,0.022322,-0.014354,0.702056,-0.711627,-2.977,-0.625,-89.208,0.200017,0.043485,-0.015608,-0.040878,0.038119,0.294722
1790862500.225424,1790862500.283746,-0.874113,1.105225,0.315814,0.021625,-0.015485,0.698460,-0.715154,-3.013,-0.462,-88.635,0.185327,0.037715,-0.014063,0.024104,0.127603,0.312831
1790862500.258758,1790862500.323871,-0.872498,1.099544,0.315661,0.018936,-0.016513,0.694654,-0.718905,-2.876,-0.147,-88.031,0.172462,0.030119,0.001352,0.145547,0.115883,0.356507
1790862500.292093,1790862500.358195,-0.871542,1.093830,0.315955,0.016168,-0.014748,0.690010,-0.723469,-2.507,-0.056,-87.287,0.161097,0.024887,0.016713,0.212660,-0.063084,0.430010
1790862500.325428,1790862500.397874,-0.869840,1.088615,0.316481,0.014823,-0.011922,0.684786,-0.728496,-2.174,-0.168,-86.454,0.160094,0.018331,0.002031,0.140218,-0.046041,0.431084
1790862500.358763,1790862500.431230,-0.868953,1.083208,0.316155,0.013039,-0.010571,0.679664,-0.733332,-1.919,-0.127,-85.648,0.163985,0.006652,-0.019672,0.138087,0.042377,0.406580
1790862500.392097,1790862500.464943,-0.867537,1.077596,0.315444,0.010916,-0.009616,0.675029,-0.737648,-1.667,-0.032,-84.923,0.169337,-0.010161,-0.032280,0.116778,0.031721,0.329890
1790862500.425432,1790862500.499652,-0.867529,1.071763,0.314239,0.009726,-0.008926,0.671528,-0.740862,-1.513,0.009,-84.379,0.176278,-0.029469,-0.037086,0.044338,-0.014084,0.232946
1790862500.458767,1790862500.529136,-0.867372,1.065436,0.313253,0.010014,-0.007876,0.669205,-0.742969,-1.457,-0.097,-84.019,0.180091,-0.046152,-0.035604,0.052857,-0.101440,0.132817
1790862500.492101,1790862500.554985,-0.868502,1.058956,0.312030,0.009729,-0.006360,0.667799,-0.744251,-1.317,-0.202,-83.799,0.181048,-0.058600,-0.038595,0.107186,0.026394,0.108313
1790862500.525436,1790862500.578059,-0.869954,1.052501,0.311032,0.007302,-0.005726,0.666203,-0.745712,-1.061,-0.068,-83.553,0.180007,-0.068962,-0.022799,0.145537,0.058353,0.165839
1790862500.558769,1790862500.619199,-0.871686,1.046216,0.310731,0.006192,-0.004003,0.663682,-0.747978,-0.835,-0.128,-83.164,0.173831,-0.076397,-0.000348,0.066704,-0.138724,0.252127
1790862500.592103,1790862500.656690,-0.873262,1.039407,0.310929,0.007897,-0.002218,0.659839,-0.751362,-0.848,-0.406,-82.576,0.166501,-0.081622,-0.001584,-0.106938,-0.121678,0.381026
1790862500.625438,1790862500.681550,-0.875906,1.033384,0.310821,0.009956,-0.003266,0.654464,-0.756020,-1.108,-0.464,-81.759,0.156756,-0.088487,-0.011932,-0.149549,0.061550,0.458791
1790862500.658772,1790862500.717812,-0.878385,1.027485,0.310519,0.009648,-0.006519,0.648478,-0.761144,-1.326,-0.148,-80.859,0.149458,-0.093281,-0.012946,-0.062194,0.237324,0.495011
1790862500.692106,1790862500.756288,-0.880369,1.020868,0.310729,-0.006799,0.009824,-0.642020,0.766595,-1.320,0.363,-79.896,0.146136,-0.093607,0.005203,0.079488,0.235195,0.523766
1790862500.725441,1790862500.790421,-0.882617,1.015679,0.311287,-0.003473,0.010226,-0.635228,0.772249,-1.052,0.652,-78.885,0.136509,-0.092550,0.032287,0.184951,0.006156,0.547204
1790862500.758775,1790862500.825866,-0.884389,1.009427,0.312774,-0.002497,0.007271,-0.628147,0.778057,-0.746,0.469,-77.833,0.137864,-0.091488,0.039824,0.099727,-0.183465,0.524826
1790862500.792109,1790862500.857329,-0.886404,1.004418,0.313784,-0.003561,0.004511,-0.622094,0.782922,-0.641,0.151,-76.941,0.145888,-0.101379,0.020139,0.001722,-0.127004,0.376752
1790862500.825443,1790862500.889807,-0.888352,0.997456,0.314319,0.004402,-0.003677,0.618244,-0.785965,-0.657,0.019,-76.378,0.158583,-0.118899,-0.001083,-0.009998,-0.022605,0.208429
1790862500.858777,1790862500.924442,-0.890580,0.990516,0.314229,0.004423,-0.003943,0.616257,-0.787523,-0.678,0.043,-76.088,0.165169,-0.132593,-0.012674,-0.018521,0.030659,0.101896
1790862500.892111,1790862500.948436,-0.893886,0.984030,0.313891,0.004240,-0.004138,0.614987,-0.788515,-0.675,0.075,-75.904,0.163150,-0.141940,-0.005934,0.036872,-0.019409,0.109355
1790862500.925445,1790862500.976286,-0.897237,0.977594,0.313941,0.003835,-0.002449,0.613037,-0.790041,-0.519,-0.048,-75.620,0.157446,-0.147703,0.004606,0.117834,-0.103567,0.186055
1790862500.958779,1790862501.010498,-0.900793,0.971224,0.314100,0.002991,0.000117,0.610157,-0.792275,-0.263,-0.220,-75.202,0.152363,-0.149378,-0.000483,0.144466,-0.056694,0.256365
1790862500.992113,1790862501.060105,-0.904383,0.964930,0.313963,0.001144,0.001952,0.606131,-0.795362,0.031,-0.257,-74.621,0.143812,-0.146026,-0.010792,0.164707,0.015744,0.373545
1790862501.025445,1790862501.099045,-0.907372,0.958313,0.313714,-0.001000,0.003448,0.600547,-0.799581,0.329,-0.247,-73.819,0.134825,-0.145154,-0.011954,0.129552,-0.017277,0.433199
1790862501.058779,1790862501.131817,-0.910963,0.952697,0.313314,-0.001512,0.005014,0.595069,-0.803658,0.481,-0.359,-73.038,0.125031,-0.149513,-0.009522,0.028349,-0.089716,0.387390
1790862501.092113,1790862501.164840,-0.914299,0.946497,0.313269,-0.000419,0.006345,0.590274,-0.807178,0.468,-0.559,-72.357,0.117353,-0.156893,-0.006909,-0.036633,-0.111024,0.304294
1790862501.125447,1790862501.193987,-0.918303,0.941258,0.313037,0.001642,0.007083,0.587062,-0.809510,0.324,-0.768,-71.902,0.110982,-0.170266,-0.006482,-0.101615,-0.099306,0.172198
1790862501.158780,1790862501.222792,-0.922444,0.935685,0.312994,0.003742,0.007236,0.585241,-0.810818,0.138,-0.923,-71.644,0.104429,-0.180256,-0.007312,-0.054743,-0.055628,0.102953
1790862501.192114,1790862501.245649,-0.927312,0.930735,0.312726,0.004186,0.007133,0.584224,-0.811551,0.088,-0.944,-71.500,0.100063,-0.188710,-0.009235,-0.008935,0.050900,0.049690
1790862501.225447,1790862501.265972,-0.932324,0.925622,0.312722,0.003880,0.006850,0.583719,-0.811918,0.097,-0.897,-71.428,0.094447,-0.193596,0.009310,0.042198,-0.048172,0.030514
1790862501.258780,1790862501.307322,-0.937467,0.920736,0.313341,0.004130,0.009424,0.583093,-0.812340,0.245,-1.153,-71.344,0.088667,-0.194828,0.024691,0.112507,-0.194118,0.058213
1790862501.292115,1790862501.351292,-0.942669,0.915926,0.314035,0.004185,0.012711,0.582273,-0.812883,0.458,-1.463,-71.234,0.086495,-0.192533,0.013900,0.111442,-0.088653,0.050755
1790862501.325450,1790862501.384970,-0.947744,0.911085,0.314352,0.002396,0.014058,0.581646,-0.813317,0.714,-1.470,-71.150,0.085462,-0.185650,0.003062,0.166837,0.083923,0.040104
1790862501.358785,1790862501.425095,-0.952806,0.906747,0.314471,-0.001271,0.014170,0.581244,-0.813605,1.063,-1.237,-71.096,0.082686,-0.177571,0.006994,0.172165,0.135057,0.003882
1790862501.392120,1790862501.463943,-0.957119,0.903133,0.314938,-0.004300,0.014202,0.581263,-0.813580,1.347,-1.038,-71.100,0.078403,-0.167109,0.018336,0.110379,0.066876,-0.015290
1790862501.425455,1790862501.495398,-0.961518,0.898640,0.315598,-0.005496,0.014801,0.581466,-0.813418,1.499,-1.014,-71.131,0.078941,-0.159751,0.027912,0.050722,-0.057761,-0.007833
1790862501.458788,1790862501.528206,-0.965528,0.894353,0.316287,-0.004911,0.015979,0.581364,-0.813472,1.523,-1.162,-71.120,0.084756,-0.151197,0.016110,-0.034501,-0.054565,0.023060
1790862501.492123,1790862501.555229,-0.969231,0.889878,0.316408,-0.004112,0.015459,0.580750,-0.813925,1.413,-1.168,-71.031,0.093852,-0.139954,-0.006031,-0.054742,0.048767,0.080586
1790862501.525458,1790862501.590247,-0.972602,0.885185,0.315982,-0.004242,0.013994,0.579005,-0.815193,1.325,-1.026,-70.782,0.102196,-0.128191,-0.019599,-0.030238,0.099902,0.177526
1790862501.558793,1790862501.619335,-0.975533,0.880339,0.315218,-0.005234,0.012517,0.576215,-0.817185,1.317,-0.827,-70.387,0.110599,-0.116758,-0.025716,0.015568,0.124402,0.220137
1790862501.592127,1790862501.660590,-0.977811,0.875374,0.314276,-0.007011,0.010862,0.573359,-0.819202,1.372,-0.559,-69.983,0.120529,-0.106550,-0.028915,0.040069,0.172341,0.180720
1790862501.625462,1790862501.696470,-0.979650,0.871696,0.313450,-0.008868,0.008890,0.571516,-0.820495,1.416,-0.255,-69.721,0.131854,-0.100295,-0.024587,0.003851,0.136117,0.080588
1790862501.658796,1790862501.721452,-0.980625,0.865235,0.312618,0.009679,-0.008013,-0.570828,0.820974,1.435,-0.121,-69.624,0.145452,-0.094247,-0.020217,0.043265,0.015740,0.021995
1790862501.692131,1790862501.747203,-0.981510,0.859394,0.311684,0.010877,-0.008334,-0.570549,0.821149,1.569,-0.073,-69.585,0.162428,-0.087942,-0.030721,0.101857,0.050897,0.018800
1790862501.725465,1790862501.789973,-0.982069,0.853037,0.310399,0.013149,-0.008096,-0.570415,0.821212,1.767,0.098,-69.566,0.183362,-0.082146,-0.040271,0.102922,0.118010,-0.006766
1790862501.758800,1790862501.818512,-0.982011,0.845924,0.308969,0.014991,-0.007293,-0.570677,0.821006,1.888,0.294,-69.601,0.205630,-0.077170,-0.038259,-0.017455,0.063680,-0.035528
1790862501.792134,1790862501.846139,-0.981484,0.838297,0.307615,0.013510,-0.006144,-0.571375,0.820555,1.673,0.307,-69.697,0.224004,-0.074839,-0.032584,-0.221993,-0.060957,-0.062159
1790862501.825469,1790862501.885180,-0.980939,0.830317,0.306472,0.008413,-0.004948,-0.572353,0.819949,1.115,0.087,-69.832,0.234931,-0.075572,-0.027686,-0.341305,-0.183467,-0.083464
1790862501.858803,1790862501.917123,-0.979068,0.821233,0.305285,-0.002024,0.004283,0.573595,-0.819125,0.471,-0.269,-70.005,0.241121,-0.076791,-0.036736,-0.278455,-0.135525,-0.116485
1790862501.892136,1790862501.943691,-0.979026,0.812110,0.303925,-0.000337,0.002031,0.575923,-0.817502,0.166,-0.168,-70.329,0.248786,-0.079259,-0.053555,-0.016392,0.327877,-0.242189
1790862501.925470,1790862501.973111,-0.978555,0.803225,0.302559,0.006403,0.003367,-0.579981,0.814598,0.374,0.740,-70.898,0.250930,-0.080494,-0.023188,0.243540,0.472756,-0.326347
1790862501.958804,1790862502.017456,-0.978263,0.795121,0.302495,0.012739,0.004867,-0.583645,0.811894,0.860,1.305,-71.413,0.235551,-0.069717,0.036674,0.228625,0.037050,-0.201706
1790862501.992138,1790862502.050006,-0.976711,0.786379,0.304416,0.013674,0.001550,-0.585753,0.810373,1.166,1.062,-71.709,0.232745,-0.060114,0.067415,0.093333,-0.252710,-0.112216
1790862502.025473,1790862502.082078,-0.976560,0.777335,0.306374,0.011916,-0.002300,-0.586833,0.809617,1.260,0.588,-71.865,0.238456,-0.048640,0.056034,0.010239,-0.201575,-0.022732
1790862502.058807,1790862502.114830,-0.974104,0.767284,0.307811,0.010867,-0.003790,-0.586360,0.809969,1.263,0.378,-71.800,0.246293,-0.028752,0.027473,-0.000414,0.014680,0.109375
1790862502.092141,1790862502.151883,-0.972616,0.758845,0.308596,0.011719,-0.002239,-0.584040,0.811637,1.240,0.576,-71.470,0.247384,-0.006484,0.017466,-0.039829,0.164886,0.238272
1790862502.125474,1790862502.183110,-0.969754,0.749909,0.309495,0.011648,0.000050,-0.580063,0.814489,1.084,0.779,-70.908,0.245562,0.014424,0.040687,-0.166599,-0.011950,0.346937
1790862502.158808,1790862502.213041,-0.966698,0.742589,0.311077,0.007163,0.000532,-0.575280,0.817925,0.636,0.522,-70.238,0.243703,0.026336,0.062374,-0.317870,-0.264425,0.335219
1790862502.192142,1790862502.262101,-0.963062,0.735060,0.313029,0.000596,0.000493,0.571656,-0.820493,-0.024,-0.085,-69.732,0.246409,0.022652,0.058977,-0.342373,-0.358172,0.173294
1790862502.225476,1790862502.292653,-0.959055,0.725298,0.314484,0.007096,0.002551,0.570452,-0.821296,-0.501,-0.704,-69.563,0.252084,0.013855,0.036669,-0.094161,-0.246312,-0.010992
1790862502.258810,1790862502.325644,-0.954864,0.717914,0.315507,0.007858,0.004483,0.571385,-0.820632,-0.445,-0.936,-69.693,0.252426,0.010436,0.012964,0.176422,0.035989,-0.143091
1790862502.292144,1790862502.355085,-0.950154,0.708577,0.315894,0.003326,0.005605,0.574037,-0.818803,0.057,-0.745,-70.067,0.247131,0.012947,0.017769,0.323433,0.114824,-0.240025
1790862502.325480,1790862502.377447,-0.946617,0.701359,0.316943,-0.002072,0.007633,0.577079,-0.816650,0.699,-0.577,-70.497,0.232038,0.025864,0.036382,0.315975,0.037057,-0.171849
1790862502.358816,1790862502.406818,-0.942808,0.693816,0.318293,-0.006107,0.010873,0.578592,-0.815522,1.292,-0.611,-70.716,0.221353,0.037567,0.054758,0.302124,-0.103559,-0.044012
1790862502.392152,1790862502.452779,-0.939921,0.687212,0.320349,-0.008711,0.015800,0.578716,-0.815330,1.862,-0.898,-70.748,0.216639,0.038491,0.058398,0.266970,-0.187717,0.008184
1790862502.425488,1790862502.487398,-0.935903,0.680265,0.321907,-0.009459,0.019814,0.578515,-0.815376,2.198,-1.224,-70.735,0.216816,0.041050,0.039719,0.041123,-0.120602,0.014578
1790862502.458825,1790862502.510947,-0.932253,0.674034,0.323177,-0.008229,0.020171,0.578415,-0.815452,2.107,-1.340,-70.722,0.215174,0.037111,0.021240,-0.129322,0.013624,-0.007793
1790862502.492161,1790862502.555235,-0.928752,0.667739,0.324019,-0.006625,0.017393,0.578583,-0.815411,1.773,-1.186,-70.734,0.211101,0.033942,0.018582,-0.196434,0.140394,0.006054
1790862502.525498,1790862502.581233,-0.925559,0.661434,0.325070,-0.005593,0.013484,0.578274,-0.815712,1.417,-0.890,-70.678,0.204446,0.032508,0.035853,-0.183651,0.141459,0.056122
1790862502.558834,1790862502.619488,-0.922726,0.654954,0.326832,-0.004378,0.010918,0.576592,-0.816948,1.131,-0.733,-70.435,0.193947,0.033139,0.064495,-0.081382,0.004036,0.220177
1790862502.592170,1790862502.657643,-0.918889,0.641655,0.329189,-0.003899,0.011546,0.572809,-0.819598,1.124,-0.829,-69.907,0.200481,0.021018,0.084368,0.076275,-0.146159,0.303254
1790862502.625506,1790862502.677922,-0.918204,0.641735,0.332080,-0.003098,0.014877,0.568765,-0.822359,1.262,-1.200,-69.351,0.194334,0.011139,0.070237,0.026210,-0.141905,0.286226
1790862502.658842,1790862502.715104,-0.915526,0.635827,0.333963,-0.002042,0.015600,0.565102,-0.824871,1.204,-1.342,-68.843,0.202032,0.001999,0.032159,-0.086709,0.030671,0.235092
1790862502.692178,1790862502.754478,-0.912763,0.629617,0.334734,-0.001057,0.013490,0.562491,-0.826693,0.970,-1.210,-68.474,0.208954,-0.009278,0.004470,-0.154889,0.096720,0.147737
1790862502.725515,1790862502.783281,-0.911949,0.620768,0.334345,0.000684,0.010190,0.560726,-0.827939,0.590,-1.011,-68.221,0.215545,-0.018893,-0.015892,-0.247570,0.106310,0.133885
1790862502.758851,1790862502.812838,-0.909912,0.614299,0.333772,0.003340,0.006292,0.558843,-0.829243,0.086,-0.812,-67.954,0.219212,-0.025391,-0.027093,-0.260352,0.094591,0.144539
1790862502.792186,1790862502.843641,-0.907313,0.607649,0.332972,0.005922,0.002723,0.556845,-0.830591,-0.390,-0.637,-67.675,0.225217,-0.033995,-0.032479,-0.207088,0.093524,0.153057
1790862502.825522,1790862502.874902,-0.905561,0.600198,0.331956,0.006773,0.000315,0.554724,-0.832007,-0.626,-0.461,-67.383,0.231056,-0.045336,-0.036008,-0.018530,0.118027,0.162645
1790862502.858858,1790862502.915662,-0.904180,0.592231,0.330775,0.004649,-0.001453,0.551975,-0.833846,-0.536,-0.155,-67.005,0.236349,-0.049491,-0.034819,0.117826,0.188335,0.251065
1790862502.892193,1790862502.954566,-0.902925,0.584016,0.329906,-0.001458,0.002294,-0.548049,0.836442,-0.284,0.128,-66.467,0.242611,-0.055234,-0.014472,0.124218,0.065827,0.306461
1790862502.925529,1790862502.986612,-0.900643,0.575256,0.329660,-0.000310,0.001314,-0.543761,0.839239,-0.112,0.107,-65.880,0.253149,-0.060885,0.001478,0.047516,-0.062007,0.289413
1790862502.958865,1790862503.011164,-0.898894,0.566613,0.329723,-0.000071,0.001367,-0.539930,0.841709,-0.091,0.128,-65.358,0.267073,-0.061165,0.005024,-0.007879,0.118027,0.264913
1790862502.992201,1790862503.051429,-0.896801,0.557542,0.330237,0.001243,0.003469,-0.535900,0.844273,-0.093,0.412,-64.811,0.274119,-0.060364,0.029854,-0.001486,0.129745,0.325634
1790862503.025537,1790862503.089648,-0.893450,0.548092,0.331694,0.001028,0.004032,-0.530542,0.847648,-0.145,0.454,-64.085,0.273062,-0.059032,0.063866,-0.063276,-0.150425,0.427906
1790862503.058872,1790862503.109838,-0.891360,0.538656,0.333997,0.002741,-0.001516,0.524580,-0.851355,-0.359,-0.017,-63.280,0.277250,-0.069972,0.071718,-0.164479,-0.313416,0.376770
1790862503.092208,1790862503.159276,-0.889311,0.529365,0.336153,0.008541,0.000695,0.519960,-0.854148,-0.795,-0.577,-62.658,0.283675,-0.084540,0.052910,-0.274205,-0.269739,0.276633
1790862503.125544,1790862503.182869,-0.887331,0.518752,0.337573,0.014107,0.001483,0.516410,-0.856224,-1.297,-0.980,-62.179,0.287393,-0.099775,0.028446,-0.203897,-0.142969,0.208452
1790862503.158879,1790862503.220310,-0.885535,0.508563,0.338540,0.016730,0.001725,0.514029,-0.857608,-1.543,-1.155,-61.859,0.285758,-0.116010,0.009058,-0.019601,-0.058810,0.106183
1790862503.192215,1790862503.255115,-0.874710,0.476777,0.339044,0.015523,0.001873,0.512828,-0.858349,-1.417,-1.097,-61.700,0.313380,-0.125113,0.000496,0.173198,0.004071,0.068844
1790862503.225549,1790862503.285153,-0.884225,0.487043,0.339011,0.012291,0.004276,0.511816,-0.858997,-0.959,-1.142,-61.566,0.271500,-0.124408,0.003104,0.287202,0.027478,0.085938
1790862503.258885,1790862503.306099,-0.883667,0.477439,0.339415,0.008330,0.006631,0.510055,-0.860076,-0.433,-1.140,-61.334,0.259994,-0.113681,0.008547,0.254177,-0.044960,0.181814
1790862503.292221,1790862503.345353,-0.882940,0.468214,0.339860,0.005748,0.009607,0.506494,-0.862171,-0.010,-1.283,-60.865,0.248441,-0.101094,0.006055,0.200914,-0.092897,0.311779
1790862503.325556,1790862503.381384,-0.881940,0.459487,0.340007,0.003728,0.011692,0.501493,-0.865075,0.302,-1.373,-60.206,0.239933,-0.090641,-0.009987,0.118886,0.032805,0.383152
1790862503.358891,1790862503.426088,-0.880339,0.450935,0.339651,0.001984,0.010898,0.495785,-0.868374,0.422,-1.197,-59.452,0.232170,-0.080776,-0.021762,0.026206,0.145728,0.399131
1790862503.392225,1790862503.452762,-0.878527,0.442363,0.338974,0.000953,0.008400,0.490359,-0.871479,0.377,-0.892,-58.734,0.227012,-0.078382,-0.016253,-0.057951,0.157447,0.333075
1790862503.425560,1790862503.477113,-0.876494,0.434882,0.338913,0.000872,0.006004,0.486337,-0.873750,0.247,-0.650,-58.203,0.223731,-0.079722,0.006834,-0.057951,0.071158,0.221221
1790862503.458895,1790862503.514390,-0.874805,0.427051,0.339054,0.001010,0.005690,0.483410,-0.875375,0.214,-0.627,-57.819,0.222222,-0.078161,0.024441,0.038986,-0.051351,0.192458
1790862503.492229,1790862503.539627,-0.873159,0.419480,0.339849,0.000043,0.007157,0.480536,-0.876946,0.390,-0.722,-57.445,0.223893,-0.073175,0.016849,0.152972,-0.013001,0.203108
1790862503.525564,1790862503.581274,-0.870914,0.411878,0.340166,-0.003518,0.007986,0.477327,-0.878683,0.791,-0.612,-57.028,0.229343,-0.063954,-0.000174,0.248850,0.116965,0.225479
1790862503.558899,1790862503.621158,-0.868229,0.404323,0.340085,-0.007528,0.008595,0.473711,-0.880606,1.226,-0.459,-56.560,0.233314,-0.050109,-0.005584,0.182801,0.020023,0.285136
1790862503.592233,1790862503.652092,-0.864264,0.397112,0.339483,-0.009257,0.010255,0.468814,-0.883189,1.488,-0.541,-55.928,0.235062,-0.030280,-0.012920,0.081594,-0.068396,0.354384
1790862503.625568,1790862503.675574,-0.860508,0.389963,0.338981,-0.009318,0.010847,0.463558,-0.885951,1.522,-0.606,-55.248,0.242227,-0.006966,-0.029053,-0.030259,0.059439,0.361837
1790862503.658902,1790862503.730531,-0.855715,0.383443,0.337934,0.009698,-0.008591,-0.458021,0.888847,1.439,-0.366,-54.529,0.245221,0.020342,-0.040494,-0.066479,0.221364,0.379947
1790862503.692235,1790862503.761838,-0.838691,0.352301,0.336606,0.010952,-0.003378,-0.452535,0.891673,1.294,0.223,-53.814,0.283499,0.032040,-0.031802,-0.093127,0.240571,0.358589
1790862503.725569,1790862503.791863,-0.843712,0.371645,0.335627,0.009981,-0.001272,-0.447445,0.894255,1.088,0.381,-53.159,0.245560,0.044488,-0.009739,-0.137857,0.033872,0.303245
1790862503.758904,1790862503.822613,-0.837127,0.365907,0.335191,0.007359,-0.000801,-0.443422,0.896283,0.797,0.292,-52.644,0.251035,0.042171,-0.000538,-0.173014,-0.113137,0.224412
1790862503.792238,1790862503.852768,-0.831134,0.360472,0.335013,0.004211,-0.001482,-0.440735,0.897626,0.508,0.060,-52.302,0.263351,0.034817,-0.009121,-0.100574,-0.103551,0.126404
1790862503.825572,1790862503.889149,-0.824089,0.354379,0.334166,0.003147,-0.002189,-0.439911,0.898033,0.434,-0.067,-52.197,0.282324,0.023948,-0.023449,0.025125,-0.020458,-0.036586
1790862503.858906,1790862503.913752,-0.816420,0.348104,0.333262,0.003594,-0.002594,-0.441462,0.897269,0.501,-0.085,-52.395,0.297237,0.018720,-0.027089,0.047493,-0.032178,-0.159095
1790862503.892240,1790862503.943615,-0.810408,0.340769,0.332513,-0.003962,0.004232,0.443671,-0.896171,0.622,-0.233,-52.679,0.296954,0.026244,-0.021328,0.093302,-0.107815,-0.112222
1790862503.925574,1790862503.980660,-0.799001,0.326273,0.331706,0.006357,-0.005612,-0.444784,0.895598,0.938,-0.252,-52.823,0.312480,0.039772,-0.022671,0.265871,0.136147,-0.060038
1790862503.958908,1790862504.009270,-0.795548,0.327297,0.331098,0.013024,-0.003478,-0.445775,0.895044,1.514,0.309,-52.947,0.309520,0.060394,-0.008840,0.318077,0.475965,-0.068547
1790862503.992242,1790862504.060461,-0.787200,0.322007,0.331399,0.019455,0.000411,-0.445631,0.895005,1.975,1.036,-52.920,0.298658,0.082898,0.042444,0.129515,0.165962,0.100834
1790862504.025576,1790862504.090332,-0.778978,0.317115,0.333171,0.018612,-0.000986,-0.442951,0.896352,1.962,0.844,-52.580,0.290379,0.091206,0.078400,-0.119764,-0.317683,0.270213
1790862504.058909,1790862504.109987,-0.770963,0.310864,0.335639,0.013765,-0.004995,-0.437944,0.898883,1.669,0.176,-51.949,0.293296,0.093260,0.061621,-0.189009,-0.287855,0.414027
1790862504.092243,1790862504.141990,-0.762397,0.304407,0.337252,0.009432,-0.006419,-0.431207,0.902181,1.292,-0.198,-51.094,0.298525,0.090484,0.030220,-0.200727,-0.084382,0.484335
1790862504.125576,1790862504.183015,-0.754108,0.298519,0.337960,0.006325,-0.005546,-0.424682,0.905303,0.926,-0.268,-50.265,0.303201,0.079311,0.021257,-0.170898,-0.015139,0.353300
1790862504.158909,1790862504.214971,-0.745381,0.292721,0.338938,-0.003428,0.005002,0.420685,-0.907186,0.597,-0.355,-49.759,0.303291,0.071242,0.032181,-0.164507,-0.096101,0.178593
1790862504.192243,1790862504.248302,-0.736198,0.285177,0.340139,0.000000,0.006246,0.418787,-0.908063,0.300,-0.650,-49.519,0.301916,0.067271,0.040848,-0.121898,-0.219673,0.081654
1790862504.225576,1790862504.289610,-0.728713,0.281354,0.341504,0.002311,0.008764,0.418108,-0.908352,0.179,-1.023,-49.434,0.291933,0.067106,0.028657,0.005935,-0.098234,0.006016
1790862504.258910,1790862504.316479,-0.720546,0.276001,0.342185,0.001983,0.009073,0.418187,-0.908313,0.228,-1.039,-49.445,0.285649,0.066164,0.020840,0.067720,0.033860,-0.013159
1790862504.292243,1790862504.349799,-0.712691,0.270198,0.343295,0.001201,0.010177,0.418515,-0.908152,0.363,-1.117,-49.488,0.276856,0.063175,0.029905,0.045348,-0.145109,-0.024876
1790862504.325579,1790862504.382214,-0.704745,0.264657,0.344186,0.002938,0.012776,0.418525,-0.908111,0.307,-1.471,-49.491,0.271818,0.063529,0.017222,-0.089946,-0.168545,0.023059
1790862504.358914,1790862504.413332,-0.697259,0.259002,0.344655,0.005194,0.012470,0.418072,-0.908314,0.057,-1.547,-49.431,0.274678,0.065539,-0.005388,-0.190083,0.148913,0.036906
1790862504.392249,1790862504.462901,-0.689433,0.253474,0.344741,0.007350,0.007129,0.417504,-0.908617,-0.424,-1.094,-49.353,0.275207,0.073316,0.003601,-0.332832,0.254377,0.069930
1790862504.425584,1790862504.493938,-0.681084,0.247708,0.345322,0.011930,0.002555,0.415406,-0.909554,-1.122,-0.834,-49.086,0.270306,0.082514,0.039291,-0.350946,-0.043904,0.239312
1790862504.458919,1790862504.524289,-0.673525,0.242749,0.347068,0.017573,0.002043,0.410989,-0.911468,-1.740,-1.041,-48.526,0.269552,0.084796,0.054981,-0.279569,-0.129128,0.330927
1790862504.492254,1790862504.554992,-0.665948,0.236899,0.348613,0.021047,0.001334,0.405354,-0.913916,-2.143,-1.117,-47.817,0.271759,0.089176,0.048634,-0.101664,0.038121,0.431060
1790862504.525588,1790862504.581940,-0.657471,0.231958,0.350317,0.020136,-0.000147,0.397582,-0.917346,-2.124,-0.902,-46.848,0.274429,0.088108,0.047198,0.123112,0.131869,0.575942
1790862504.558922,1790862504.612546,-0.649046,0.227031,0.351939,0.017761,-0.001934,0.388912,-0.921101,-1.961,-0.587,-45.771,0.283154,0.077493,0.049690,0.018714,0.136129,0.535460
1790862504.592257,1790862504.649370,-0.640812,0.220988,0.353543,0.018033,-0.003703,0.381466,-0.924199,-2.072,-0.396,-44.850,0.291114,0.067635,0.062209,-0.112317,-0.014076,0.439580
1790862504.625592,1790862504.684950,-0.632021,0.216063,0.355768,0.020262,-0.003331,0.375265,-0.926690,-2.296,-0.518,-44.081,0.300278,0.058495,0.067669,-0.073968,-0.112083,0.346902
1790862504.658926,1790862504.711752,-0.623195,0.209609,0.357454,0.020966,-0.002975,0.370390,-0.928635,-2.358,-0.573,-43.478,0.311125,0.052924,0.053463,-0.015378,0.069015,0.280852
1790862504.692261,1790862504.753185,-0.614178,0.203857,0.359259,0.020753,-0.005559,0.366060,-0.930343,-2.446,-0.278,-42.950,0.316800,0.061924,0.057327,-0.067577,0.153173,0.304287
1790862504.725596,1790862504.782847,-0.603970,0.198646,0.361395,0.021730,-0.006629,0.360405,-0.932519,-2.597,-0.189,-42.257,0.318633,0.073831,0.080119,-0.059058,-0.130194,0.432124
1790862504.758930,1790862504.813347,-0.594345,0.193379,0.364038,0.023549,-0.004129,0.353148,-0.935262,-2.692,-0.510,-41.360,0.330908,0.076795,0.074607,-0.073973,-0.193047,0.470473
1790862504.792265,1790862504.847013,-0.583004,0.187567,0.365849,0.026513,-0.002547,0.346181,-0.937790,-2.952,-0.778,-40.503,0.353794,0.071983,0.051630,-0.127242,-0.166415,0.411881
1790862504.825599,1790862504.881450,-0.572289,0.181606,0.367201,0.027881,-0.000685,0.339562,-0.940170,-3.032,-1.011,-39.690,0.371599,0.070530,0.020288,0.095404,-0.065212,0.435316
1790862504.858933,1790862504.923651,-0.561023,0.174555,0.367233,0.024484,-0.000483,0.332729,-0.942705,-2.665,-0.881,-38.861,0.394351,0.070883,-0.008548,0.291417,0.138258,0.422532
1790862504.892268,1790862504.953999,-0.549096,0.168223,0.366861,0.019650,-0.000951,0.326169,-0.945107,-2.164,-0.631,-38.069,0.411512,0.079339,-0.018765,0.184888,0.051969,0.427858
1790862504.925602,1790862504.981984,-0.536698,0.161516,0.365682,0.019800,-0.000983,0.318870,-0.947591,-2.187,-0.617,-37.185,0.421618,0.088094,-0.039464,-0.236968,-0.051364,0.521605
1790862504.958936,1790862505.014135,-0.523655,0.155315,0.363964,0.026500,-0.002584,0.309980,-0.950370,-2.979,-0.660,-36.112,0.428186,0.081863,-0.064705,-0.548034,-0.044973,0.582325
1790862504.992270,1790862505.045847,-0.510957,0.148801,0.361306,0.034980,-0.004521,0.300294,-0.953194,-3.980,-0.710,-34.948,0.428075,0.065479,-0.079193,-0.404221,-0.090782,0.643046
1790862505.025604,1790862505.084688,-0.498566,0.141975,0.358474,0.038533,-0.004242,0.289710,-0.956329,-4.368,-0.814,-33.676,0.421103,0.035109,-0.099966,0.035746,-0.064148,0.647306
1790862505.058938,1790862505.119419,-0.486978,0.134894,0.354510,0.035547,-0.004704,0.280056,-0.959314,-4.062,-0.624,-32.527,0.414341,0.003221,-0.130596,0.266912,0.221347,0.566344
1790862505.092272,1790862505.151351,-0.475589,0.127439,0.350058,0.029785,-0.009523,0.271531,-0.961922,-3.582,0.123,-31.530,0.407203,-0.014454,-0.137414,0.233887,0.447189,0.543974
1790862505.125606,1790862505.192387,-0.464025,0.120799,0.345601,0.025212,-0.015581,0.262414,-0.964500,-3.257,0.964,-30.468,0.392546,-0.023208,-0.110987,0.091133,0.304438,0.639848
1790862505.158940,1790862505.231460,-0.453211,0.113697,0.342073,0.024445,-0.018924,0.251507,-0.967362,-3.258,1.393,-29.187,0.383001,-0.045461,-0.078231,-0.127255,0.007218,0.708027
1790862505.192274,1790862505.268388,-0.443613,0.106122,0.339333,0.027113,-0.016913,0.241327,-0.969918,-3.484,1.130,-27.979,0.373383,-0.079809,-0.075941,-0.082514,-0.254846,0.501355
1790862505.225607,1790862505.303430,-0.434303,0.098381,0.336067,0.028286,-0.016773,0.234434,-0.971576,-3.603,1.108,-27.166,0.366959,-0.085006,-0.106170,-0.022862,0.277798,0.394830
1790862505.258941,1790862505.338651,-0.424803,0.089992,0.332747,0.024622,-0.023788,0.227593,-0.973154,-3.370,2.011,-26.386,0.356436,-0.095638,-0.076634,0.275421,0.484467,0.501358
1790862505.292275,1790862505.372525,-0.416052,0.082528,0.330880,-0.018214,0.026483,-0.219059,0.975182,-2.704,2.503,-25.380,0.335086,-0.099371,-0.015571,0.311637,-0.123817,0.575933
1790862505.325610,1790862505.399676,-0.407762,0.074947,0.330365,-0.015271,0.021615,-0.209927,0.977359,-2.232,2.054,-24.285,0.325695,-0.103501,-0.004337,0.118819,-0.325159,0.529055
1790862505.358944,1790862505.428389,-0.399781,0.068280,0.329564,-0.014796,0.016752,-0.202120,0.979106,-2.049,1.537,-23.355,0.318007,-0.111557,-0.021454,0.069811,-0.213305,0.414009
1790862505.392279,1790862505.460806,-0.391453,0.060436,0.328461,-0.013598,0.014604,-0.195864,0.980428,-1.856,1.336,-22.617,0.313038,-0.118301,-0.040389,0.115620,0.031712,0.374592
1790862505.425613,1790862505.489142,-0.383435,0.053559,0.326560,-0.011467,0.017074,-0.189584,0.981649,-1.662,1.672,-21.886,0.303171,-0.116272,-0.051774,0.060221,0.284186,0.388446
1790862505.458947,1790862505.510643,-0.375796,0.046171,0.325021,-0.009855,0.021211,-0.183543,0.982733,-1.557,2.182,-21.188,0.290079,-0.118367,-0.023596,0.024002,0.186179,0.356485
1790862505.492281,1790862505.551900,-0.368588,0.039317,0.324676,-0.009010,0.022354,-0.177392,0.983845,-1.472,2.338,-20.472,0.274270,-0.113459,0.020697,0.077267,-0.065231,0.412943
1790862505.525615,1790862505.581172,-0.361514,0.033554,0.325335,-0.007075,0.020107,-0.170293,0.985163,-1.192,2.132,-19.636,0.265874,-0.107308,0.040780,0.171010,-0.108910,0.463016
1790862505.558950,1790862505.610677,-0.354289,0.027186,0.326496,-0.004440,0.018690,-0.162554,0.986513,-0.851,2.031,-18.729,0.265491,-0.105239,0.042228,0.136921,-0.020490,0.478992
1790862505.592284,1790862505.651851,-0.346956,0.021076,0.327612,-0.003105,0.018422,-0.154420,0.987829,-0.678,2.031,-17.781,0.265229,-0.103058,0.042273,-0.004762,-0.008773,0.520539
1790862505.625618,1790862505.690317,-0.339938,0.015874,0.328477,-0.003960,0.017853,-0.145615,0.989172,-0.747,1.958,-16.761,0.259472,-0.101097,0.047071,-0.095316,-0.100389,0.530124
1790862505.658952,1790862505.727632,-0.332773,0.010093,0.329931,-0.005787,0.016176,-0.137307,0.990380,-0.912,1.745,-15.800,0.257134,-0.108247,0.049679,-0.095315,-0.120630,0.454489
1790862505.692287,1790862505.758604,-0.326360,0.004881,0.330917,-0.007680,0.014848,-0.130404,0.991320,-1.095,1.572,-15.003,0.255385,-0.112923,0.048465,-0.093186,-0.069498,0.387368
1790862505.725621,1790862505.788560,-0.319035,-0.001064,0.332494,-0.008995,0.014331,-0.124312,0.992099,-1.227,1.501,-14.300,0.251941,-0.118448,0.051710,-0.054836,-0.009842,0.352216
1790862505.758955,1790862505.813241,-0.312450,-0.006644,0.333738,-0.008895,0.014255,-0.118546,0.992806,-1.206,1.501,-13.634,0.236221,-0.120459,0.059092,0.074061,-0.033280,0.346888
1790862505.792289,1790862505.844204,-0.305900,-0.012327,0.335781,-0.007141,0.012309,-0.112828,0.993513,-0.972,1.309,-12.969,0.215321,-0.120058,0.065038,0.120933,-0.187747,0.354346
1790862505.825622,1790862505.888743,-0.299969,-0.017737,0.337701,-0.005821,0.008942,-0.106907,0.994212,-0.773,0.947,-12.281,0.198512,-0.118654,0.052567,0.072996,-0.167506,0.344757
1790862505.858956,1790862505.925217,-0.294419,-0.023019,0.338570,-0.005256,0.007270,-0.101709,0.994774,-0.684,0.767,-11.680,0.185401,-0.118928,0.034063,0.005877,-0.026888,0.270190
1790862505.892289,1790862505.957040,-0.289472,-0.027953,0.339696,-0.005006,0.006757,-0.097163,0.995233,-0.646,0.715,-11.156,0.167297,-0.116722,0.030729,0.044230,-0.068435,0.300015
1790862505.925623,1790862505.992154,-0.285567,-0.033037,0.340079,-0.004096,0.005051,-0.091808,0.995755,-0.521,0.533,-10.538,0.147426,-0.115628,0.020518,0.063402,-0.113178,0.341560
1790862505.958956,1790862506.018918,-0.281742,-0.037657,0.340519,-0.003271,0.003695,-0.086141,0.996271,-0.410,0.390,-9.885,0.133672,-0.114796,0.004072,0.055946,-0.029020,0.330906
1790862505.992290,1790862506.052562,-0.278254,-0.042074,0.340500,-0.002014,0.003796,-0.080808,0.996720,-0.265,0.415,-9.271,0.122553,-0.113458,-0.002743,0.104950,0.045549,0.308534
1790862506.025624,1790862506.097703,-0.275242,-0.046681,0.340094,-0.000119,0.004474,-0.075647,0.997125,-0.052,0.510,-8.677,0.111387,-0.111622,0.001831,0.088968,0.037026,0.319191
1790862506.058957,1790862506.113543,-0.272443,-0.050675,0.340352,0.001173,0.004190,-0.070171,0.997526,0.100,0.488,-8.047,0.099570,-0.106750,0.012663,0.077250,-0.052457,0.330908
1790862506.092291,1790862506.152169,-0.269925,-0.054394,0.340778,0.002523,0.003061,-0.064961,0.997880,0.266,0.369,-7.448,0.090011,-0.096735,0.015425,0.084708,-0.048197,0.290427
1790862506.125624,1790862506.180317,-0.268082,-0.057722,0.340980,0.003624,0.002652,-0.060439,0.998162,0.396,0.328,-6.929,0.079848,-0.083886,0.014238,0.049551,0.012522,0.247816
1790862506.158957,1790862506.206728,-0.266123,-0.060307,0.341544,0.004141,0.002589,-0.056344,0.998399,0.457,0.323,-6.459,0.069292,-0.072280,0.019490,0.008005,-0.030088,0.236097
1790862506.192291,1790862506.247453,-0.264436,-0.062585,0.342193,0.003857,0.001518,-0.052977,0.998587,0.432,0.197,-6.073,0.060692,-0.066158,0.021350,-0.026083,-0.094006,0.160459
1790862506.225624,1790862506.288815,-0.263034,-0.064503,0.342798,0.003594,0.000071,-0.050927,0.998696,0.411,0.029,-5.838,0.054089,-0.061557,0.017754,0.035704,-0.055654,0.088019
1790862506.258958,1790862506.320878,-0.262556,-0.066270,0.342893,0.005542,-0.000433,-0.049936,0.998737,0.637,-0.018,-5.725,0.047843,-0.060566,0.017215,0.201887,0.015716,0.020904
1790862506.292291,1790862506.342835,-0.260772,-0.068343,0.343589,0.009640,-0.000102,-0.050003,0.998703,1.104,0.044,-5.732,0.044506,-0.058919,0.020687,0.259413,0.018912,-0.022770
1790862506.325626,1790862506.380773,-0.259767,-0.070093,0.344263,0.013155,-0.000430,-0.050595,0.998633,1.508,0.027,-5.800,0.041439,-0.056855,0.023733,0.158210,-0.040741,-0.052600
1790862506.358960,1790862506.408429,-0.259421,-0.070736,0.344761,0.014981,-0.001981,-0.051587,0.998554,1.726,-0.138,-5.917,0.038015,-0.054167,0.023460,0.096421,-0.116380,-0.055792
1790862506.392295,1790862506.447668,-0.258522,-0.072590,0.345334,0.016042,-0.003648,-0.052562,0.998482,1.858,-0.321,-6.032,0.039303,-0.057240,0.010236,0.043156,-0.057787,-0.074967
1790862506.425629,1790862506.488890,-0.257537,-0.074358,0.345381,0.016541,-0.004369,-0.054357,0.998375,1.920,-0.397,-6.239,0.044346,-0.062283,-0.005011,0.000545,-0.010915,-0.147409
1790862506.458964,1790862506.529751,-0.256430,-0.076084,0.344857,0.015762,-0.003735,-0.056864,0.998251,1.828,-0.325,-6.526,0.047434,-0.057876,-0.024032,-0.118768,0.113723,-0.144211
1790862506.492299,1790862506.558151,-0.255120,-0.077675,0.343982,0.013085,-0.001030,-0.059001,0.998172,1.504,-0.029,-6.766,0.049070,-0.047341,-0.023103,-0.211448,0.159531,-0.103730
1790862506.525634,1790862506.596905,-0.253919,-0.079063,0.343389,0.009830,0.001181,-0.060161,0.998140,1.116,0.203,-6.897,0.043733,-0.039209,-0.005754,-0.157118,0.049805,-0.021703
1790862506.558968,1790862506.631261,-0.252410,-0.078845,0.343018,0.007875,0.001447,-0.060164,0.998156,0.891,0.220,-6.897,0.043618,-0.029718,0.005185,-0.060181,-0.010915,0.010260
1790862506.592303,1790862506.655763,-0.252184,-0.079727,0.343166,0.007371,0.001402,-0.059865,0.998178,0.833,0.211,-6.863,0.047303,-0.022970,0.007911,-0.006915,0.002931,0.025171
1790862506.625637,1790862506.679622,-0.250823,-0.080386,0.343389,0.007579,0.001103,-0.059413,0.998204,0.859,0.178,-6.811,0.051584,-0.014812,0.008296,0.042087,-0.039679,0.043282
1790862506.658972,1790862506.703303,-0.249191,-0.080744,0.343484,0.008865,0.000621,-0.058841,0.998228,1.010,0.131,-6.746,0.060636,-0.006963,-0.000546,0.121984,0.012518,0.013452
1790862506.692306,1790862506.750658,-0.247196,-0.080713,0.343231,0.011186,0.001636,-0.058908,0.998199,1.269,0.263,-6.752,0.071336,0.003528,-0.013589,0.114526,0.122243,-0.003591
1790862506.725641,1790862506.784942,-0.244894,-0.080249,0.342656,0.012465,0.003635,-0.058592,0.998198,1.402,0.500,-6.712,0.077961,0.019094,-0.018232,0.003735,0.104134,0.056065
1790862506.758975,1790862506.813966,-0.242409,-0.079474,0.341998,0.011683,0.004771,-0.057309,0.998277,1.305,0.623,-6.564,0.084750,0.030997,-0.015952,-0.100663,0.021040,0.089089
1790862506.792308,1790862506.844862,-0.239661,-0.078445,0.341390,0.009824,0.004668,-0.055762,0.998385,1.094,0.597,-6.388,0.094217,0.036879,-0.015230,-0.092141,-0.038614,0.096544
1790862506.825643,1790862506.868882,-0.236516,-0.077346,0.340695,0.008666,0.003971,-0.053855,0.998503,0.967,0.508,-6.170,0.104281,0.038114,-0.022875,-0.032485,-0.030094,0.141287
1790862506.858977,1790862506.902871,-0.232751,-0.076168,0.339642,0.008215,0.004414,-0.051548,0.998627,0.914,0.554,-5.905,0.120027,0.034825,-0.038698,-0.046334,0.100937,0.111458
1790862506.892311,1790862506.938350,-0.228430,-0.074777,0.338181,0.006467,0.006978,-0.050425,0.998683,0.700,0.836,-5.776,0.137715,0.028853,-0.043469,-0.179497,0.177639,0.021974
1790862506.925645,1790862506.988440,-0.224470,-0.072296,0.336093,0.003263,0.009677,-0.050234,0.998685,0.318,1.126,-5.756,0.148930,0.023999,-0.020713,-0.173110,0.114784,0.001736
1790862506.958979,1790862507.014554,-0.219420,-0.072417,0.335994,0.001639,0.010490,-0.050331,0.998676,0.127,1.210,-5.769,0.161189,0.010730,0.020230,-0.014381,-0.033292,-0.009981
1790862506.992313,1790862507.057895,-0.213967,-0.072868,0.337016,0.002160,0.009309,-0.050122,0.998697,0.194,1.078,-5.744,0.173427,0.002874,0.049197,0.065514,-0.078034,0.053935
1790862507.025647,1790862507.086446,-0.208149,-0.073639,0.338847,0.003552,0.008063,-0.048515,0.998784,0.362,0.943,-5.559,0.180325,-0.000663,0.069147,0.087886,-0.070578,0.138094
1790862507.058981,1790862507.114059,-0.202232,-0.074396,0.341220,0.004048,0.006842,-0.045671,0.998925,0.428,0.804,-5.233,0.181787,0.002113,0.080190,-0.039949,-0.069512,0.204142
1790862507.092315,1790862507.160426,-0.196408,-0.074984,0.343897,0.002416,0.005538,-0.042188,0.999091,0.250,0.646,-4.835,0.182789,0.000873,0.085983,-0.140086,-0.101471,0.187096
1790862507.125649,1790862507.189156,-0.190933,-0.074278,0.345672,-0.000594,0.004052,-0.039768,0.999201,-0.086,0.461,-4.559,0.184830,-0.002682,0.082155,-0.199747,-0.083365,0.095484
1790862507.158983,1790862507.221352,-0.184605,-0.074804,0.348377,0.003990,-0.002979,0.038319,-0.999253,-0.470,0.324,-4.394,0.184046,-0.001692,0.068373,-0.196551,-0.062059,0.097614
1790862507.192316,1790862507.250836,-0.178776,-0.074591,0.349208,0.006855,-0.002560,0.035799,-0.999332,-0.796,0.265,-4.105,0.178226,0.005887,0.047585,-0.106006,0.009311,0.191362
1790862507.225649,1790862507.278775,-0.172888,-0.075029,0.350671,0.007778,-0.003303,0.032564,-0.999434,-0.903,0.349,-3.735,0.174898,0.005763,0.030233,-0.011193,0.057250,0.186035
1790862507.258983,1790862507.318930,-0.167054,-0.075196,0.351445,0.007485,-0.003838,0.029608,-0.999526,-0.870,0.414,-3.397,0.168919,0.007325,0.019622,0.015439,0.003984,0.171122
1790862507.292316,1790862507.358579,-0.161443,-0.075197,0.351909,0.007405,-0.003556,0.026982,-0.999602,-0.859,0.384,-3.095,0.165780,0.008800,0.014544,-0.009062,-0.045018,0.132772
1790862507.325652,1790862507.390137,-0.155505,-0.074737,0.351328,0.007665,-0.002399,0.025236,-0.999649,-0.885,0.253,-2.894,0.165670,0.009238,0.009092,-0.019719,-0.098284,0.075250
1790862507.358989,1790862507.417319,-0.149997,-0.074671,0.351433,0.008232,-0.001263,0.024554,-0.999664,-0.947,0.122,-2.815,0.166489,0.003497,-0.012212,-0.057005,-0.014126,-0.012104
1790862507.392325,1790862507.451488,-0.144287,-0.074730,0.350703,0.009221,-0.001944,0.025624,-0.999627,-1.062,0.196,-2.939,0.165805,-0.003799,-0.029456,-0.039960,0.067902,-0.106916
1790862507.425661,1790862507.478545,-0.138707,-0.075125,0.349632,0.009211,-0.002832,0.027370,-0.999579,-1.064,0.296,-3.140,0.159899,-0.010311,-0.033835,0.044197,0.034877,-0.085609
1790862507.458997,1790862507.524914,-0.133330,-0.075952,0.348318,0.008526,-0.003696,0.028133,-0.999561,-0.989,0.396,-3.228,0.154532,-0.012909,-0.042530,0.016499,0.082816,0.008135
1790862507.492333,1790862507.567085,-0.126933,-0.076299,0.345984,0.008427,-0.005502,0.027181,-0.999580,-0.983,0.604,-3.120,0.151924,-0.015749,-0.043843,0.006909,0.095598,0.110411
1790862507.525669,1790862507.593927,-0.122052,-0.077371,0.344568,0.008178,-0.007092,0.025135,-0.999625,-0.957,0.789,-2.887,0.149182,-0.023933,-0.046162,0.003714,0.120101,0.133845
1790862507.559005,1790862507.619020,-0.116836,-0.078643,0.342903,-0.008156,0.010389,-0.023081,0.999646,-0.962,1.169,-2.655,0.155334,-0.033323,-0.050335,-0.016526,0.279896,0.105082
1790862507.592342,1790862507.644500,-0.111292,-0.080123,0.341417,-0.008734,0.015670,-0.021272,0.999613,-1.039,1.774,-2.454,0.161797,-0.039162,-0.031417,-0.068725,0.291615,0.156217
1790862507.625678,1790862507.684004,-0.106261,-0.081985,0.340739,-0.009573,0.018870,-0.017470,0.999623,-1.135,2.143,-2.024,0.160044,-0.045628,0.005826,-0.017589,0.043401,0.313882
1790862507.659014,1790862507.723110,-0.099698,-0.084101,0.340434,-0.008651,0.018082,-0.011366,0.999734,-1.015,2.061,-1.321,0.166073,-0.062169,0.023874,0.108115,-0.121718,0.395917
1790862507.692348,1790862507.748804,-0.094591,-0.086609,0.341020,0.006255,-0.016125,0.004852,-0.999839,-0.726,1.844,-0.568,0.179966,-0.078808,0.016060,0.159250,-0.103610,0.390589
1790862507.725684,1790862507.788153,-0.088286,-0.089512,0.341172,0.003809,-0.014988,-0.001632,-0.999879,-0.434,1.718,0.181,0.197388,-0.092810,-0.001471,0.131552,-0.042888,0.390589
1790862507.759020,1790862507.824255,-0.080847,-0.093246,0.339968,0.002230,-0.014386,-0.007737,-0.999864,-0.243,1.651,0.883,0.212236,-0.105845,-0.017792,0.005849,-0.043953,0.346913
1790862507.792356,1790862507.856565,-0.073657,-0.096438,0.339155,0.003643,-0.013539,-0.013515,-0.999810,-0.397,1.557,1.543,0.219223,-0.108373,-0.023637,-0.164597,-0.056737,0.362892
1790862507.825692,1790862507.892620,-0.065914,-0.100592,0.337623,-0.006466,0.012555,0.019879,0.999703,-0.712,1.453,2.269,0.223706,-0.113247,-0.013497,-0.168856,-0.081240,0.404437
1790862507.859027,1790862507.921575,-0.058772,-0.103932,0.337549,-0.008246,0.010621,0.027175,0.999540,-0.912,1.242,3.105,0.221161,-0.118929,0.003061,-0.057001,-0.141962,0.466223
1790862507.892363,1790862507.952434,-0.050935,-0.107794,0.337321,-0.008213,0.008796,0.035234,0.999307,-0.905,1.040,4.030,0.215361,-0.124369,0.004697,0.021831,-0.005607,0.524821
1790862507.925699,1790862507.993893,-0.043378,-0.111305,0.337600,-0.007695,0.011437,0.045357,0.998876,-0.822,1.349,5.190,0.206570,-0.117483,0.018188,0.051659,0.272437,0.713379
1790862507.959034,1790862508.021829,-0.036116,-0.114995,0.338856,-0.006312,0.014553,0.058684,0.998151,-0.624,1.707,6.720,0.187405,-0.116186,0.070344,0.081492,-0.008802,0.891287
1790862507.992370,1790862508.046408,-0.029758,-0.117803,0.341647,-0.005799,0.010495,0.074387,0.997157,-0.573,1.249,8.526,0.170728,-0.113433,0.098353,-0.120915,-0.458355,0.970119
1790862508.025705,1790862508.090150,-0.023709,-0.121479,0.344453,-0.008470,0.002160,0.089897,0.995913,-0.944,0.334,10.313,0.170879,-0.123685,0.072218,-0.291358,-0.457292,0.848677
1790862508.059041,1790862508.118357,-0.017175,-0.125140,0.345980,-0.012774,-0.003721,0.102571,0.994637,-1.500,-0.274,11.779,0.176481,-0.141487,0.024237,-0.239156,-0.177120,0.671836
1790862508.092376,1790862508.149546,-0.010889,-0.129220,0.346309,-0.014691,-0.004027,0.112090,0.993581,-1.725,-0.270,12.877,0.181120,-0.166870,-0.004310,0.027169,0.116900,0.469431
1790862508.125710,1790862508.185337,-0.004081,-0.133680,0.346104,-0.014163,-0.001300,0.119207,0.992768,-1.629,0.046,13.693,0.174192,-0.171682,-0.009172,0.039954,0.158445,0.416167
1790862508.159046,1790862508.215737,0.002810,-0.137701,0.346116,-0.014325,0.000678,0.126449,0.991869,-1.619,0.285,14.526,0.162725,-0.159262,0.002215,-0.006917,0.052980,0.476891
1790862508.192381,1790862508.243633,0.009169,-0.141343,0.346595,-0.013960,0.001168,0.135209,0.990718,-1.567,0.349,15.538,0.149547,-0.145364,0.020819,0.069782,-0.024785,0.610056
1790862508.225717,1790862508.290105,0.015084,-0.144445,0.347627,-0.012409,0.000132,0.146421,0.989145,-1.404,0.223,16.838,0.140702,-0.124640,0.033846,0.077240,-0.167533,0.751741
1790862508.259052,1790862508.328270,0.020577,-0.146703,0.348684,-0.011203,-0.003011,0.159944,0.987058,-1.322,-0.135,18.410,0.130453,-0.100242,0.021146,-0.001589,-0.212276,0.884901
1790862508.292382,1790862508.349595,0.025641,-0.148197,0.348978,-0.012247,-0.004941,0.175085,0.984465,-1.481,-0.312,20.173,0.127927,-0.079697,-0.009409,-0.153926,0.015695,0.936037
1790862508.325745,1790862508.385011,0.030827,-0.149056,0.348423,-0.015635,-0.003999,0.190198,0.981613,-1.846,-0.109,21.933,0.130116,-0.068557,-0.025265,-0.199733,0.109444,0.908339
1790862508.359108,1790862508.419168,0.035851,-0.149390,0.347694,-0.019429,-0.002870,0.204163,0.978740,-2.247,0.133,23.563,0.132481,-0.068797,-0.023958,-0.218910,0.076419,0.776241
1790862508.392471,1790862508.447192,0.040969,-0.149691,0.347181,-0.023383,-0.002950,0.215311,0.976261,-2.690,0.247,24.869,0.135544,-0.074872,-0.011480,-0.192278,-0.067393,0.597272
1790862508.425835,1790862508.485740,0.046141,-0.150037,0.347053,-0.024886,-0.005687,0.224145,0.974221,-2.926,0.004,25.914,0.135586,-0.079087,-0.007037,-0.042070,-0.228253,0.489677
1790862508.459198,1790862508.523047,0.051263,-0.150392,0.346702,-0.023711,-0.008948,0.232446,0.972279,-2.881,-0.365,26.900,0.137097,-0.073475,-0.023386,0.088959,-0.176054,0.536550
1790862508.492563,1790862508.557608,0.056373,-0.150403,0.345630,-0.021726,-0.009821,0.241816,0.970029,-2.688,-0.490,28.007,0.140019,-0.061615,-0.046224,0.118787,0.000783,0.626036
1790862508.525927,1790862508.584400,0.061742,-0.149830,0.344058,-0.019956,-0.008389,0.252260,0.967417,-2.456,-0.353,29.237,0.145816,-0.050349,-0.053889,0.139029,0.056179,0.662255
1790862508.559291,1790862508.621464,0.066843,-0.148810,0.342349,-0.017650,-0.006586,0.263279,0.964536,-2.150,-0.195,30.539,0.147769,-0.040323,-0.052702,0.196556,0.056179,0.725109
1790862508.592656,1790862508.649392,0.071845,-0.147130,0.340685,-0.014489,-0.004341,0.275814,0.961092,-1.733,-0.020,32.025,0.147122,-0.031275,-0.050976,0.215729,0.062572,0.823114
1790862508.626021,1790862508.677659,0.076532,-0.145298,0.339032,-0.012079,-0.003049,0.288761,0.957320,-1.426,0.065,33.569,0.149983,-0.032531,-0.049992,0.075110,-0.037564,0.771979
1790862508.659387,1790862508.716456,0.081664,-0.142888,0.337358,-0.011540,-0.004633,0.300225,0.953787,-1.421,-0.109,34.946,0.157725,-0.041243,-0.058926,-0.059116,-0.165401,0.652661
1790862508.692753,1790862508.752046,0.087888,-0.139326,0.334982,-0.012961,-0.006930,0.309251,0.950867,-1.658,-0.296,36.037,0.171267,-0.053478,-0.086749,-0.141149,-0.055672,0.486451
1790862508.726120,1790862508.789516,0.092511,-0.138956,0.331761,-0.014867,-0.007501,0.316318,0.948507,-1.888,-0.276,36.891,0.168410,-0.070212,-0.113604,-0.100665,0.111575,0.408708
1790862508.759486,1790862508.815818,0.098019,-0.137110,0.327744,-0.016651,-0.004729,0.323022,0.946233,-1.981,0.104,37.696,0.163156,-0.076280,-0.129730,0.012253,0.267107,0.465167
1790862508.792853,1790862508.844575,0.103705,-0.135483,0.323508,-0.017813,0.000553,0.330861,0.943511,-1.906,0.735,38.636,0.154089,-0.077959,-0.122799,0.058060,0.290543,0.538674
1790862508.826221,1790862508.885530,0.109129,-0.134688,0.319725,-0.017857,0.004336,0.339054,0.940587,-1.757,1.161,39.628,0.137578,-0.077709,-0.104574,0.093217,0.104116,0.520564
1790862508.859588,1790862508.914332,0.114147,-0.133217,0.316289,-0.016815,0.006648,0.347867,0.937370,-1.542,1.384,40.702,0.131746,-0.064568,-0.103574,0.094281,0.133943,0.645204
1790862508.892956,1790862508.948104,0.118785,-0.132175,0.312781,-0.016921,0.008504,0.358866,0.933197,-1.461,1.605,42.049,0.122818,-0.062514,-0.102111,-0.075100,0.011435,0.766646
1790862508.926324,1790862508.991023,0.123389,-0.130527,0.309326,-0.018267,0.006321,0.371218,0.928344,-1.675,1.450,43.569,0.113725,-0.058260,-0.110803,-0.196544,-0.206949,0.807128
1790862508.959692,1790862509.019636,0.126846,-0.129801,0.305064,-0.021338,0.001787,0.383819,0.923160,-2.180,1.128,45.130,0.107104,-0.045865,-0.141312,-0.345685,-0.134510,0.810323
1790862508.993061,1790862509.045398,0.130232,-0.128037,0.299934,-0.026487,-0.001179,0.396523,0.917642,-2.841,1.080,46.713,0.100667,-0.025226,-0.165628,-0.362730,0.042329,0.855067
1790862509.026429,1790862509.081014,0.132953,-0.125967,0.294046,-0.032766,-0.000433,0.410200,0.911407,-3.446,1.495,48.418,0.091744,-0.011493,-0.183090,-0.256201,0.299065,0.948813
1790862509.059798,1790862509.117472,0.135169,-0.124040,0.287931,-0.037378,0.004462,0.424522,0.904635,-3.663,2.281,50.206,0.086952,-0.009751,-0.176002,-0.025030,0.354459,0.946687
1790862509.093168,1790862509.150697,0.137325,-0.122280,0.282520,-0.038814,0.009182,0.438524,0.897834,-3.539,2.896,51.975,0.080823,-0.011292,-0.140842,0.066582,0.094527,0.949883
1790862509.126538,1790862509.190160,0.139449,-0.120750,0.278325,-0.037580,0.009478,0.452721,0.890810,-3.351,2.918,53.795,0.076067,-0.012920,-0.109071,0.011187,-0.184579,0.949884
1790862509.159909,1790862509.216564,0.141447,-0.119365,0.274915,-0.034721,0.006558,0.466338,0.883900,-3.171,2.520,55.562,0.074274,-0.022397,-0.092962,0.087889,-0.293240,0.817784
1790862509.193279,1790862509.249213,0.143375,-0.118181,0.271806,-0.031368,0.003683,0.476906,0.878387,-2.959,2.085,56.944,0.074784,-0.041689,-0.091449,0.047408,-0.173927,0.542932
1790862509.226650,1790862509.281131,0.145990,-0.116989,0.268896,-0.030664,0.001921,0.483209,0.874966,-2.971,1.891,57.771,0.071979,-0.052240,-0.079993,-0.048467,-0.117465,0.347985
1790862509.260021,1790862509.315363,0.148462,-0.115999,0.266476,-0.030427,0.000200,0.488387,0.872096,-3.032,1.723,58.453,0.058007,-0.047231,-0.068474,0.028233,-0.071657,0.357573
1790862509.293398,1790862509.349095,0.150462,-0.115356,0.264470,-0.027957,0.000461,0.493725,0.869168,-2.761,1.628,59.158,0.043936,-0.044598,-0.054783,0.261534,-0.070592,0.387401
1790862509.326738,1790862509.383879,0.152052,-0.115010,0.262713,-0.023282,0.002526,0.499679,0.865894,-2.167,1.584,59.946,0.033982,-0.040450,-0.053975,0.330778,0.010371,0.453450
1790862509.360079,1790862509.421038,0.153836,-0.114799,0.260874,-0.018921,0.005908,0.506943,0.861752,-1.526,1.683,60.912,0.029484,-0.035261,-0.057270,0.293493,0.035937,0.552524
1790862509.393419,1790862509.460010,0.154784,-0.114469,0.258840,-0.015432,0.008106,0.515109,0.856948,-1.037,1.707,62.004,0.019730,-0.025526,-0.065452,0.193355,-0.061001,0.621769
1790862509.426759,1790862509.485711,0.155780,-0.114503,0.256376,-0.013014,0.008564,0.524575,0.851222,-0.755,1.618,63.277,0.013616,-0.018090,-0.082637,0.086825,-0.011998,0.698467
1790862509.460098,1790862509.524897,0.156015,-0.114412,0.253295,-0.012526,0.010061,0.535026,0.844683,-0.596,1.742,64.692,0.008355,-0.013157,-0.102395,0.009059,0.145665,0.798605
1790862509.493438,1790862509.550108,0.156972,-0.114616,0.249575,-0.015027,0.012613,0.546850,0.837001,-0.651,2.152,66.305,0.006884,-0.011705,-0.118694,-0.114514,0.255389,0.889156
1790862509.526778,1790862509.584554,0.157201,-0.115061,0.245624,-0.018394,0.014668,0.559525,0.828479,-0.807,2.573,68.049,0.000480,-0.011729,-0.115028,-0.100665,0.123293,0.953073
1790862509.560119,1790862509.608883,0.157412,-0.115551,0.241983,-0.019343,0.014240,0.572865,0.819298,-0.882,2.608,69.904,-0.009499,-0.019072,-0.105294,-0.033550,-0.153682,0.977573
1790862509.593459,1790862509.651808,0.157688,-0.116500,0.238375,-0.017857,0.011077,0.585963,0.810066,-0.915,2.228,71.743,-0.019298,-0.030816,-0.117206,-0.068705,-0.248493,0.908326
1790862509.626799,1790862509.681059,0.158262,-0.117713,0.234114,-0.016460,0.008504,0.597365,0.801755,-0.931,1.908,73.362,-0.018321,-0.042736,-0.142001,0.032497,-0.054609,0.771966
1790862509.660139,1790862509.718772,0.159457,-0.118774,0.229153,-0.015016,0.010662,0.606800,0.794641,-0.626,2.015,74.721,-0.012632,-0.057752,-0.158772,0.247688,0.138208,0.657976
1790862509.693479,1790862509.756891,0.161066,-0.119989,0.223717,-0.012322,0.015312,0.615349,0.788010,-0.033,2.252,75.971,-0.020105,-0.060440,-0.168821,0.286040,0.055114,0.667564
1790862509.726820,1790862509.798344,0.162512,-0.121345,0.218103,-0.008832,0.017613,0.624832,0.780511,0.472,2.208,77.367,-0.024634,-0.051216,-0.168533,0.221056,-0.114266,0.789009
1790862509.760160,1790862509.833920,0.163622,-0.122501,0.212492,-0.003727,0.018280,0.635173,0.772145,1.001,1.889,78.899,-0.017535,-0.045845,-0.172483,0.254080,-0.156878,0.825230
1790862509.793500,1790862509.865494,0.164465,-0.123394,0.206420,0.000592,0.018555,0.645837,0.763249,1.426,1.579,80.493,-0.015495,-0.035362,-0.192958,0.123050,-0.115330,0.871039
1790862509.826840,1790862509.892735,0.164900,-0.124231,0.199696,0.003354,0.018195,0.657278,0.753421,1.661,1.318,82.221,-0.016237,-0.031474,-0.206633,0.093222,-0.111069,0.912588
1790862509.860180,1790862509.925359,0.165356,-0.124912,0.192748,0.005572,0.016716,0.668234,0.743742,1.755,0.998,83.893,-0.006460,-0.030360,-0.208602,-0.101725,-0.171789,0.826301
1790862509.893519,1790862509.957771,0.165790,-0.125196,0.185797,0.005467,0.011891,0.678146,0.734811,1.385,0.576,85.414,-0.002005,-0.019826,-0.206619,-0.306262,-0.241033,0.779428
1790862509.926859,1790862509.994898,0.166035,-0.125340,0.178956,0.003110,0.004185,0.687205,0.726445,0.588,0.104,86.820,-0.001607,-0.012988,-0.201725,-0.510798,-0.236771,0.682488
1790862509.960199,1790862510.030909,0.166343,-0.125501,0.172532,0.000265,-0.004316,0.694251,0.719720,-0.321,-0.377,87.937,-0.002211,-0.021160,-0.182324,-0.359527,-0.245293,0.481147
1790862509.993540,1790862510.061202,0.166909,-0.125681,0.166837,-0.000611,-0.009555,0.699149,0.714912,-0.816,-0.734,88.728,-0.003413,-0.032201,-0.158302,-0.143271,-0.147284,0.325612
1790862510.026880,1790862510.087634,0.167874,-0.126037,0.162011,0.000628,-0.012227,0.702310,0.711765,-0.933,-1.048,89.242,-0.005200,-0.043038,-0.135350,0.006936,-0.167524,0.190319
1790862510.060220,1790862510.109537,0.169627,-0.126051,0.157708,0.003184,-0.012912,0.703776,0.710297,-0.782,-1.308,89.480,-0.000994,-0.048516,-0.125258,0.166729,-0.103607,0.040114
1790862510.093560,1790862510.150681,0.170794,-0.125987,0.153627,0.006938,-0.010827,0.703680,0.710401,-0.308,-1.441,89.459,0.010013,-0.046889,-0.126100,0.264737,0.029554,-0.084517
1790862510.126900,1790862510.184541,0.172573,-0.125428,0.149196,0.008234,-0.007213,0.702851,0.711253,0.090,-1.251,89.318,0.018071,-0.044007,-0.138465,0.164598,0.154195,-0.032319
1790862510.160240,1790862510.214757,0.173510,-0.124805,0.144530,0.007988,-0.003351,0.702678,0.711455,0.382,-0.916,89.286,0.014948,-0.039034,-0.140870,0.107073,0.168043,0.016693
1790862510.193580,1790862510.247648,0.175367,-0.124079,0.139982,0.007195,0.000293,0.702383,0.711763,0.610,-0.555,89.237,0.024451,-0.050904,-0.129540,0.152880,0.226635,-0.103687
1790862510.226920,1790862510.282569,0.176935,-0.123447,0.135811,0.006247,0.005535,0.700517,0.713587,0.955,-0.049,88.941,0.033727,-0.067690,-0.119384,0.158207,0.304402,-0.197422
1790862510.260260,1790862510.325064,0.178635,-0.122783,0.132343,0.004759,0.010338,0.698469,0.715549,1.218,0.467,88.621,0.034661,-0.069154,-0.083696,0.141162,0.187220,-0.178230
1790862510.293600,1790862510.361079,0.181110,-0.121787,0.129955,0.005160,0.012500,0.696415,0.717512,1.422,0.616,88.298,0.028159,-0.071977,-0.060686,0.053808,-0.021578,-0.183564
1790862510.326941,1790862510.381152,0.182860,-0.121435,0.127905,0.005922,0.012407,0.693800,0.720037,1.475,0.553,87.881,0.022637,-0.064106,-0.062197,-0.000521,-0.016249,-0.252796
1790862510.360280,1790862510.416713,0.184858,-0.120662,0.125591,0.004603,0.012563,0.690903,0.722824,1.376,0.676,87.421,0.019980,-0.045891,-0.071036,-0.060178,0.148870,-0.187819
1790862510.393620,1790862510.444562,0.185533,-0.120583,0.123054,0.002026,0.014562,0.688638,0.724956,1.318,1.050,87.069,0.017105,-0.041444,-0.083324,0.050612,0.251140,-0.191002
1790862510.426960,1790862510.477069,0.187327,-0.120197,0.119711,-0.001902,0.019216,0.686499,0.726874,1.354,1.750,86.748,0.019166,-0.041392,-0.114811,-0.108115,0.471656,-0.143067
1790862510.460301,1790862510.515582,0.188001,-0.120169,0.115614,-0.010920,0.020911,0.685577,0.727618,0.733,2.602,86.609,0.012557,-0.035941,-0.123821,-0.445815,0.355538,-0.042919
1790862510.493641,1790862510.549273,0.189768,-0.119886,0.111592,-0.018962,0.019430,0.685194,0.727854,-0.056,3.111,86.540,0.000422,-0.048292,-0.118143,-0.421313,0.163785,-0.035468
1790862510.526981,1790862510.584700,0.191179,-0.120326,0.107763,-0.027156,0.015124,0.684549,0.728304,-1.082,3.394,86.420,-0.003524,-0.063533,-0.105544,-0.538496,0.114782,-0.146251
1790862510.560322,1790862510.627924,0.193592,-0.121157,0.104878,-0.032243,0.011817,0.682250,0.730312,-1.778,3.512,86.048,-0.014981,-0.075680,-0.076943,-0.268975,0.165917,-0.145186
1790862510.593662,1790862510.659664,0.195566,-0.121573,0.103170,-0.037877,0.012321,0.680676,0.731501,-2.220,3.990,85.800,0.001135,-0.075929,-0.019956,0.094289,0.251141,-0.183534
1790862510.627002,1790862510.681069,0.198705,-0.121985,0.103768,-0.034404,0.018526,0.677315,0.734655,-1.463,4.234,85.295,0.005140,-0.080617,0.040185,0.554497,-0.016248,-0.286867
1790862510.660343,1790862510.719692,0.201077,-0.121550,0.105129,-0.029262,0.019988,0.674306,0.737601,-0.931,3.954,84.834,0.014817,-0.071606,0.032008,-0.036742,-0.262330,-0.218686
1790862510.693683,1790862510.745964,0.204139,-0.120954,0.105697,-0.028424,0.015326,0.672267,0.739604,-1.231,3.491,84.501,0.018564,-0.070466,-0.004750,-0.304130,-0.114256,-0.135597
1790862510.727023,1790862510.780229,0.206221,-0.119856,0.104635,-0.034540,0.011828,0.670848,0.740695,-2.027,3.662,84.269,0.028635,-0.058743,-0.058226,-0.459665,0.335298,-0.098309
1790862510.760364,1790862510.817365,0.208394,-0.119082,0.101963,-0.046864,0.012784,0.669885,0.740874,-3.009,4.688,84.115,0.028663,-0.053335,-0.092684,-0.612001,0.678325,-0.086590
1790862510.793703,1790862510.847172,0.210424,-0.118094,0.101242,-0.048583,0.017564,0.669085,0.741388,-2.793,5.224,84.004,0.022797,-0.044230,-0.015242,-0.218907,0.046603,-0.065285
1790862510.827044,1790862510.884681,0.211491,-0.117958,0.101042,-0.049852,0.013746,0.668755,0.741683,-3.197,4.995,83.941,-0.006928,-0.035906,-0.004643,-0.404268,-0.121709,-0.021606
1790862510.860384,1790862510.922574,0.212850,-0.118235,0.100935,-0.049841,0.011321,0.669413,0.741130,-3.378,4.790,84.037,-0.020155,-0.036117,-0.010773,0.098549,-0.004530,0.045505
1790862510.893724,1790862510.959062,0.213161,-0.117821,0.100595,-0.049523,0.012629,0.669787,0.740792,-3.248,4.879,84.098,-0.021003,-0.030033,-0.009660,-0.010109,-0.010917,0.065743
1790862510.927065,1790862510.987944,0.214256,-0.118913,0.100474,-0.049561,0.011284,0.671895,0.738901,-3.341,4.777,84.422,0.003645,-0.012828,-0.003930,-0.077224,-0.070575,0.332070
1790862510.960405,1790862511.015284,0.214282,-0.117283,0.100200,-0.049350,0.011355,0.677303,0.733959,-3.283,4.791,85.265,0.040157,-0.007952,-0.010659,0.212535,0.051936,0.500386
1790862510.993745,1790862511.046113,0.215195,-0.116954,0.099360,-0.046413,0.021272,0.685142,0.726618,-2.205,5.423,86.530,0.019937,-0.030100,-0.034726,0.710029,0.573929,0.763516
1790862511.027086,1790862511.087842,0.216920,-0.116689,0.098362,-0.044147,0.034240,0.691995,0.719737,-0.932,6.338,87.697,0.003530,-0.049516,-0.012572,0.188034,0.103069,0.560043
1790862511.060426,1790862511.123381,0.218857,-0.116411,0.098559,-0.043556,0.025385,0.698244,0.714083,-1.540,5.571,88.640,-0.011258,-0.046857,0.017015,-0.704684,-0.685248,0.340591
1790862511.093767,1790862511.152008,0.221195,-0.116821,0.099221,-0.044406,0.009024,0.700848,0.711870,-2.907,4.306,88.997,-0.006374,-0.043768,0.013735,-0.647158,-0.552088,0.075333
1790862511.127107,1790862511.184152,0.222586,-0.117187,0.099095,-0.043902,0.004907,0.703487,0.709334,-3.182,3.941,89.416,-0.011291,-0.042089,-0.028588,0.388310,0.255406,0.381070
1790862511.160448,1790862511.224989,0.223941,-0.117927,0.098049,-0.042775,0.016925,0.707031,0.705685,-2.096,4.840,90.021,-0.028004,-0.054621,-0.032294,0.458620,0.474858,0.225534
1790862511.193788,1790862511.248209,0.225439,-0.119449,0.097600,-0.043602,0.021026,0.708940,0.703606,-1.815,5.245,90.350,-0.048907,-0.037398,-0.005258,-0.249803,-0.210126,0.154156
1790862511.227127,1790862511.284163,0.226043,-0.121470,0.098113,-0.043984,0.007277,0.712039,0.700723,-2.947,4.177,90.810,-0.060932,-0.019029,0.023100,-0.958225,-0.916419,0.267074
1790862511.260468,1790862511.313356,0.226656,-0.123193,0.099215,-0.043833,-0.018053,0.714973,0.697543,-4.993,2.149,91.320,-0.069475,-0.017961,0.028602,-1.039187,-1.035731,0.119000
1790862511.293808,1790862511.347946,0.227255,-0.125611,0.099941,-0.043532,-0.037165,0.715148,0.696626,-6.535,0.601,91.469,-0.065961,-0.033213,0.005075,-0.482037,-0.561673,-0.081273
1790862511.327150,1790862511.387007,0.228353,-0.127636,0.099810,-0.042758,-0.042525,0.714215,0.697324,-6.914,0.101,91.365,-0.053150,-0.048632,-0.022611,0.117722,0.015716,-0.081273
1790862511.360494,1790862511.412425,0.230169,-0.129391,0.098854,-0.041132,-0.034637,0.712644,0.699461,-6.137,0.583,91.039,-0.050921,-0.065296,-0.048832,0.761162,0.489774,-0.292200
1790862511.393837,1790862511.465725,0.232464,-0.131813,0.097180,-0.036633,-0.016317,0.707700,0.705374,-4.290,1.652,90.127,-0.054536,-0.077160,-0.063346,1.137210,0.755032,-0.479691
1790862511.427181,1790862511.492204,0.234793,-0.133756,0.095455,-0.033759,0.005601,0.703804,0.709569,-2.297,3.180,89.469,-0.046558,-0.072292,-0.053806,0.992330,0.744380,-0.172885
1790862511.460524,1790862511.513535,0.236952,-0.136249,0.094017,-0.028876,0.023118,0.699802,0.713378,-0.508,4.209,88.880,-0.064215,-0.063857,-0.030317,0.514012,0.168053,-0.282612
1790862511.493867,1790862511.543693,0.238012,-0.138743,0.093881,-0.028571,0.016792,0.699824,0.713546,-0.992,3.667,88.856,-0.072281,-0.027263,0.005513,-0.698294,-0.627720,0.111545
1790862511.527211,1790862511.578564,0.239021,-0.140845,0.094001,-0.029331,0.005908,0.700429,0.713095,-1.925,2.838,88.925,-0.061478,-0.038694,-0.010634,-0.218911,-0.222908,-0.012026
1790862511.560555,1790862511.611146,0.240157,-0.143246,0.093496,-0.029049,0.005946,0.700394,0.713141,-1.899,2.819,88.920,-0.052684,-0.050161,-0.028904,0.287103,0.224515,0.028452
1790862511.593898,1790862511.647021,0.241776,-0.145206,0.092488,-0.027831,0.015502,0.700569,0.712874,-1.031,3.503,88.971,-0.050718,-0.056660,-0.035991,0.559819,0.422660,0.029518
1790862511.627241,1790862511.684001,0.243211,-0.147025,0.091859,-0.027032,0.019656,0.701727,0.711662,-0.625,3.779,89.174,-0.061071,-0.036551,-0.012615,-0.188019,-0.185623,0.160547
1790862511.660585,1790862511.711319,0.244461,-0.148988,0.091628,-0.027371,0.013964,0.703222,0.710306,-1.105,3.344,89.393,-0.057173,-0.038856,-0.016921,-0.034616,-0.050330,0.039104
1790862511.693928,1790862511.741408,0.245483,-0.150222,0.090937,-0.026638,0.017851,0.702785,0.710679,-0.733,3.601,89.337,-0.045243,-0.043197,-0.024414,0.262599,0.158467,-0.112167
1790862511.727271,1790862511.765224,0.246938,-0.152518,0.090403,-0.025800,0.019219,0.701669,0.711776,-0.560,3.644,89.163,-0.063374,-0.039482,-0.016436,-0.091076,-0.105725,-0.020553
1790862511.760615,1790862511.802526,0.247745,-0.153746,0.090001,-0.026075,0.016813,0.701424,0.712068,-0.778,3.470,89.114,-0.060160,-0.042303,-0.019510,-0.007986,-0.004523,-0.077013
1790862511.793959,1790862511.842947,0.249401,-0.156870,0.089372,-0.025485,0.018796,0.700430,0.713018,-0.575,3.584,88.961,-0.062492,-0.051405,-0.022996,0.130503,0.124378,-0.104713
1790862511.827302,1790862511.889062,0.249632,-0.157537,0.088800,-0.024260,0.020864,0.699425,0.713990,-0.313,3.654,88.809,-0.060816,-0.036092,-0.016617,-0.013312,-0.246342,0.038032
1790862511.860646,1790862511.910988,0.252094,-0.160266,0.088515,-0.022464,0.013951,0.700626,0.713039,-0.716,2.945,88.975,-0.060031,-0.033979,-0.012104,-0.235958,-0.167510,0.057210
1790862511.893990,1790862511.962681,0.253241,-0.161645,0.087928,-0.020295,0.014406,0.700896,0.712829,-0.501,2.808,89.020,-0.058377,-0.046841,-0.025175,0.381912,-0.022629,-0.100450
1790862511.927334,1790862511.993814,0.254535,-0.164471,0.087438,-0.013203,0.011328,0.698843,0.715063,-0.175,1.986,88.682,-0.080174,-0.043847,-0.011643,-0.033552,-0.896174,-0.227221
1790862511.960678,1790862512.026847,0.255699,-0.166964,0.087214,-0.004140,-0.002581,0.697186,0.716874,-0.546,0.119,88.404,-0.080831,-0.039024,-0.007601,-0.139017,-0.848234,-0.141995
1790862511.994021,1790862512.047780,0.258112,-0.170519,0.086872,0.002442,-0.010691,0.696483,0.717490,-0.653,-1.074,88.304,-0.075119,-0.047006,-0.012591,-0.032486,-0.264452,0.064672
1790862512.027365,1790862512.072230,0.258563,-0.171079,0.086193,0.004286,-0.008393,0.698000,0.716036,-0.320,-1.032,88.541,-0.055682,-0.047963,-0.019837,0.316928,0.070050,0.111543
1790862512.060709,1790862512.116916,0.260045,-0.172595,0.085678,0.005506,-0.007419,0.699266,0.714802,-0.144,-1.049,88.742,-0.054738,-0.044805,-0.016797,0.193353,0.048746,0.058280
1790862512.094053,1790862512.141408,0.261736,-0.175267,0.085129,0.006382,-0.005846,0.700519,0.713581,0.053,-0.990,88.941,-0.058497,-0.038801,-0.013410,-0.072968,-0.014106,0.165874
1790862512.127396,1790862512.188373,0.261796,-0.173850,0.084587,0.006529,-0.005376,0.701971,0.712155,0.100,-0.964,89.174,-0.052641,-0.038088,-0.014049,-0.010117,-0.002385,0.008211
1790862512.160740,1790862512.213047,0.263538,-0.177427,0.084085,0.006794,-0.005286,0.701978,0.712147,0.129,-0.978,89.175,-0.057985,-0.041892,-0.013453,0.036754,-0.004518,-0.001376
1790862512.194084,1790862512.243232,0.262702,-0.177471,0.083613,0.007278,-0.004800,0.701985,0.712138,0.208,-0.977,89.175,-0.054844,-0.036062,-0.013276,-0.017577,-0.015166,0.001818
1790862512.227428,1790862512.275428,0.263833,-0.177487,0.083103,0.007296,-0.004710,0.701980,0.712143,0.217,-0.971,89.175,-0.050310,-0.034901,-0.013394,0.000532,0.000812,-0.000309
1790862512.260772,1790862512.300876,0.265714,-0.179907,0.082607,0.007346,-0.004640,0.701977,0.712147,0.226,-0.970,89.174,-0.052383,-0.036452,-0.013396,0.000533,0.007203,0.000757
1790862512.294117,1790862512.338300,0.265295,-0.179835,0.082155,0.007184,-0.004691,0.701991,0.712134,0.209,-0.961,89.176,-0.050275,-0.033635,-0.013235,0.000531,-0.003448,-0.000311
1790862512.327466,1790862512.368324,0.267178,-0.182464,0.081665,0.007267,-0.004685,0.702007,0.712118,0.216,-0.967,89.179,-0.051993,-0.035458,-0.013337,-0.002664,0.000812,0.002888
1790862512.360818,1790862512.416378,0.267143,-0.182303,0.081243,0.007155,-0.004708,0.702040,0.712086,0.205,-0.960,89.184,-0.047658,-0.032910,-0.013147,0.002661,0.001879,0.001820
1790862512.394169,1790862512.441450,0.270013,-0.186401,0.080717,0.007292,-0.004667,0.702057,0.712068,0.220,-0.968,89.187,-0.053227,-0.036339,-0.013010,0.002663,-0.001319,0.000760
1790862512.427521,1790862512.468991,0.270389,-0.187144,0.080326,0.007220,-0.004715,0.702069,0.712057,0.210,-0.966,89.189,-0.052322,-0.034876,-0.012971,-0.001598,0.001878,0.000760
1790862512.460873,1790862512.503826,0.272081,-0.189785,0.079831,0.007247,-0.004726,0.702063,0.712063,0.211,-0.969,89.188,-0.054669,-0.036438,-0.013000,0.001598,-0.000254,-0.000304
1790862512.494225,1790862512.543423,0.272105,-0.191140,0.079555,0.007242,-0.004774,0.702084,0.712041,0.207,-0.972,89.191,-0.054093,-0.033974,-0.012770,-0.000535,-0.001324,-0.000309
1790862512.527577,1790862512.564796,0.273218,-0.192515,0.078943,0.007191,-0.004740,0.702096,0.712031,0.205,-0.965,89.193,-0.053326,-0.034419,-0.012858,-0.000535,-0.001320,-0.000310
1790862512.560928,1790862512.604415,0.272927,-0.192773,0.078558,0.007084,-0.004765,0.702085,0.712042,0.195,-0.959,89.192,-0.050968,-0.031305,-0.012443,-0.001602,0.002942,-0.001378
1790862512.594280,1790862512.636776,0.274299,-0.195516,0.078085,0.007129,-0.004772,0.702086,0.712040,0.198,-0.963,89.192,-0.054157,-0.032204,-0.012366,0.002659,0.002941,0.000752
1790862512.627633,1790862512.675218,0.274172,-0.195652,0.077659,0.007027,-0.004791,0.702087,0.712040,0.188,-0.956,89.192,-0.050368,-0.029383,-0.012254,0.000526,-0.000253,0.000752
1790862512.660985,1790862512.705297,0.276145,-0.198685,0.077189,0.007080,-0.004785,0.702090,0.712037,0.193,-0.960,89.192,-0.053159,-0.031385,-0.012198,-0.000537,0.000811,-0.001374
1790862512.694337,1790862512.731076,0.276013,-0.198360,0.076789,0.006990,-0.004772,0.702100,0.712029,0.186,-0.952,89.194,-0.050246,-0.029809,-0.012030,-0.000539,-0.000253,0.001819
1790862512.727690,1790862512.768393,0.278331,-0.201374,0.076292,0.007038,-0.004767,0.702119,0.712009,0.191,-0.955,89.197,-0.053334,-0.032767,-0.012053,0.002659,0.000812,0.002891
1790862512.761042,1790862512.808102,0.276477,-0.199100,0.075996,0.006830,-0.004774,0.702131,0.711999,0.173,-0.939,89.199,-0.044953,-0.026034,-0.011732,0.002655,-0.000252,0.001818
1790862512.794395,1790862512.833125,0.278261,-0.202079,0.075523,0.006901,-0.004792,0.702110,0.712019,0.178,-0.946,89.196,-0.047955,-0.027435,-0.011708,-0.001605,-0.001319,-0.000309
1790862512.827748,1790862512.865149,0.279940,-0.204545,0.075070,0.006946,-0.004808,0.702132,0.711997,0.180,-0.951,89.199,-0.050185,-0.028289,-0.011788,0.005851,-0.000252,0.001824
1790862512.861100,1790862512.905015,0.281243,-0.206643,0.074627,0.006980,-0.004785,0.702138,0.711991,0.185,-0.952,89.200,-0.051724,-0.029470,-0.011704,-0.001603,0.000812,0.002892
1790862512.894453,1790862512.944021,0.278581,-0.203389,0.074383,0.006762,-0.004805,0.702136,0.711994,0.165,-0.936,89.200,-0.043141,-0.022987,-0.011521,0.001588,0.002944,-0.000311
1790862512.927806,1790862512.978093,0.281516,-0.207661,0.073873,0.006874,-0.004782,0.702158,0.711972,0.176,-0.943,89.203,-0.047586,-0.026828,-0.011391,-0.000540,0.001879,-0.000305
1790862512.961159,1790862513.019729,0.280020,-0.205381,0.073591,0.006681,-0.004803,0.702187,0.711945,0.159,-0.929,89.208,-0.040882,-0.022001,-0.011230,0.000521,0.000814,-0.000306
1790862512.994512,1790862513.040172,0.281475,-0.207880,0.073147,0.006712,-0.004794,0.702180,0.711952,0.162,-0.931,89.207,-0.043268,-0.022762,-0.011258,-0.001607,-0.000251,-0.003500
1790862513.027864,1790862513.096667,0.282614,-0.209922,0.072734,0.006711,-0.004824,0.702180,0.711952,0.159,-0.934,89.207,-0.044426,-0.023296,-0.011175,-0.004803,0.000813,0.001827
1790862513.061217,1790862513.117500,0.283419,-0.211555,0.072339,0.006692,-0.004828,0.702178,0.711954,0.158,-0.932,89.207,-0.044623,-0.023686,-0.011352,0.002653,0.001879,-0.003499
1790862513.094571,1790862513.163215,0.284323,-0.213053,0.071932,0.006682,-0.004835,0.702161,0.711970,0.156,-0.932,89.204,-0.044842,-0.023791,-0.011171,-0.002673,-0.001318,-0.002431
1790862513.127924,1790862513.196979,0.284413,-0.212841,0.071610,0.006628,-0.004832,0.702174,0.711958,0.152,-0.928,89.206,-0.042982,-0.022827,-0.010729,-0.000543,-0.001318,-0.001360
1790862513.161277,1790862513.232653,0.282767,-0.210733,0.071408,0.006497,-0.004836,0.702176,0.711958,0.141,-0.917,89.206,-0.037468,-0.018043,-0.010420,-0.000546,-0.000251,0.000767
1790862513.194631,1790862513.257323,0.283379,-0.212016,0.071044,0.006489,-0.004837,0.702191,0.711943,0.140,-0.917,89.209,-0.037466,-0.017205,-0.010111,0.000519,0.000814,-0.001363
1790862513.227984,1790862513.286351,0.284425,-0.213743,0.070661,0.006494,-0.004845,0.702191,0.711943,0.140,-0.918,89.209,-0.038258,-0.018096,-0.010103,-0.001610,-0.000251,0.000768
1790862513.261338,1790862513.322064,0.284222,-0.213405,0.070412,0.006468,-0.004835,0.702189,0.711945,0.139,-0.915,89.208,-0.036082,-0.016590,-0.010001,0.000519,-0.001318,-0.002423
1790862513.294692,1790862513.358283,0.281617,-0.209265,0.070611,0.006328,-0.004827,0.702200,0.711936,0.128,-0.903,89.210,-0.028814,-0.011601,-0.008994,0.000515,0.000812,-0.002429
1790862513.328035,1790862513.383435,0.282823,-0.211617,0.070155,0.006369,-0.004825,0.702201,0.711934,0.131,-0.906,89.210,-0.030889,-0.012689,-0.009105,-0.000549,0.000812,0.005028
1790862513.361373,1790862513.404187,0.282966,-0.212324,0.069875,0.006348,-0.004831,0.702224,0.711911,0.129,-0.905,89.214,-0.030167,-0.011757,-0.008960,0.001582,-0.002383,0.000767
1790862513.394711,1790862513.430482,0.283024,-0.212944,0.069602,0.006323,-0.004831,0.702222,0.711914,0.127,-0.903,89.214,-0.030457,-0.011145,-0.008975,-0.004810,-0.001319,-0.001364
1790862513.428049,1790862513.467760,0.283018,-0.213483,0.069338,0.006306,-0.004844,0.702234,0.711901,0.125,-0.903,89.216,-0.029877,-0.010245,-0.008924,0.002645,-0.000252,-0.000301
1790862513.461386,1790862513.498929,0.282931,-0.213927,0.069086,0.006285,-0.004840,0.702224,0.711912,0.123,-0.901,89.214,-0.028633,-0.009398,-0.008762,-0.002682,-0.001319,-0.002432
1790862513.494724,1790862513.526875,0.282793,-0.214310,0.068844,0.006273,-0.004854,0.702219,0.711917,0.121,-0.901,89.213,-0.028145,-0.008703,-0.008433,-0.002683,-0.002383,-0.003500
1790862513.528062,1790862513.573437,0.282632,-0.214661,0.068612,0.006254,-0.004869,0.702213,0.711922,0.118,-0.901,89.212,-0.027390,-0.007579,-0.008169,0.002643,-0.002383,0.001824
1790862513.561399,1790862513.602151,0.282481,-0.215000,0.068394,0.006241,-0.004878,0.702234,0.711902,0.117,-0.900,89.216,-0.027008,-0.006850,-0.007850,0.000512,-0.004514,-0.000307
1790862513.594737,1790862513.648006,0.282334,-0.215366,0.068181,0.006236,-0.004887,0.702216,0.711920,0.116,-0.900,89.213,-0.026527,-0.005882,-0.007687,0.003707,0.000813,0.002888
1790862513.628075,1790862513.667557,0.282171,-0.215745,0.067973,0.006201,-0.004891,0.702223,0.711913,0.112,-0.898,89.214,-0.025796,-0.004856,-0.007667,-0.001619,-0.002383,-0.000309
1790862513.661413,1790862513.696290,0.281984,-0.216077,0.067769,0.006184,-0.004927,0.702214,0.711922,0.108,-0.900,89.213,-0.025703,-0.004568,-0.007678,-0.000554,-0.000252,-0.000310
1790862513.694751,1790862513.738560,0.282597,-0.217276,0.067449,0.006189,-0.004915,0.702219,0.711917,0.109,-0.899,89.213,-0.026095,-0.004903,-0.007655,-0.002685,-0.002383,0.001821
1790862513.728088,1790862513.774477,0.284532,-0.220190,0.066993,0.006230,-0.004937,0.702228,0.711908,0.111,-0.904,89.215,-0.028494,-0.006639,-0.007726,-0.001617,0.000813,0.002893
1790862513.761426,1790862513.824681,0.286277,-0.222735,0.066547,0.006276,-0.004929,0.702249,0.711887,0.115,-0.907,89.218,-0.029933,-0.007830,-0.007803,0.000514,-0.001318,-0.001363
1790862513.794764,1790862513.853396,0.283855,-0.216321,0.067353,0.006203,-0.004895,0.702253,0.711884,0.112,-0.899,89.219,-0.022479,-0.004208,-0.006951,0.001579,0.000812,0.001834
1790862513.828101,1790862513.886291,0.285260,-0.219594,0.066749,0.006250,-0.004858,0.702254,0.711882,0.119,-0.899,89.219,-0.025405,-0.005332,-0.007460,0.004774,0.001879,0.001835
1790862513.861439,1790862513.924407,0.283058,-0.213679,0.067614,0.006154,-0.004817,0.702265,0.711873,0.114,-0.888,89.221,-0.018495,-0.002383,-0.006492,0.005836,-0.001318,0.002903
1790862513.894776,1790862513.951230,0.283940,-0.215982,0.067099,0.006185,-0.004834,0.702271,0.711866,0.116,-0.892,89.222,-0.019935,-0.003062,-0.006663,-0.001617,-0.000252,-0.002421
1790862513.928113,1790862513.969643,0.283806,-0.216314,0.066932,0.006172,-0.004842,0.702279,0.711859,0.114,-0.892,89.223,-0.019628,-0.002496,-0.006458,0.002643,-0.000252,0.002903
1790862513.961451,1790862513.994810,0.283873,-0.216767,0.066762,0.006165,-0.004826,0.702295,0.711843,0.115,-0.890,89.225,-0.019585,-0.001902,-0.006226,-0.001617,-0.001319,0.001837
1790862513.994788,1790862514.026686,0.283778,-0.217084,0.066610,0.006155,-0.004806,0.702296,0.711843,0.115,-0.887,89.225,-0.019661,-0.001466,-0.006079,0.001578,-0.001318,-0.000293
1790862514.028126,1790862514.061718,0.283606,-0.217253,0.066482,0.006160,-0.004811,0.702313,0.711826,0.115,-0.888,89.228,-0.019004,-0.000908,-0.005829,0.000511,-0.002383,0.001835
1790862514.061463,1790862514.097819,0.283411,-0.217335,0.066358,0.006139,-0.004828,0.702322,0.711817,0.112,-0.888,89.230,-0.018051,-0.000139,-0.005975,-0.001618,0.001880,-0.003490
1790862514.094801,1790862514.130657,0.283192,-0.217346,0.066251,0.006117,-0.004835,0.702330,0.711809,0.110,-0.887,89.231,-0.017734,-0.000024,-0.005796,0.001577,-0.000251,0.002901
1790862514.128139,1790862514.170566,0.283026,-0.217322,0.066161,0.006117,-0.004843,0.702364,0.711775,0.109,-0.887,89.237,-0.017154,0.000627,-0.005857,0.000511,-0.000251,-0.000296
1790862514.161476,1790862514.204538,0.282877,-0.217381,0.066043,0.006113,-0.004835,0.702359,0.711780,0.109,-0.886,89.236,-0.016458,0.001188,-0.005419,0.001577,0.001881,0.003964
1790862514.194813,1790862514.236267,0.282729,-0.217481,0.065948,0.006086,-0.004836,0.702365,0.711775,0.107,-0.884,89.237,-0.016149,0.001387,-0.004906,-0.002685,0.001881,0.003964
1790862514.228151,1790862514.266768,0.282532,-0.217473,0.065896,0.006058,-0.004840,0.702376,0.711764,0.105,-0.882,89.238,-0.015507,0.002047,-0.004617,-0.004815,-0.001316,0.001832
1790862514.261488,1790862514.306703,0.282327,-0.217164,0.065880,0.006052,-0.004833,0.702377,0.711763,0.105,-0.881,89.239,-0.015042,0.002223,-0.004158,0.000510,-0.000249,0.001833
1790862514.294826,1790862514.332195,0.282532,-0.217804,0.065717,0.006063,-0.004835,0.702377,0.711762,0.105,-0.882,89.239,-0.014802,0.002613,-0.004088,0.000511,0.000815,0.002899
1790862514.328164,1790862514.368157,0.283605,-0.219691,0.065351,0.006094,-0.004828,0.702400,0.711740,0.108,-0.884,89.242,-0.015619,0.002208,-0.004245,-0.000552,0.001881,0.003966
1790862514.361502,1790862514.395928,0.283603,-0.220434,0.065164,0.006088,-0.004832,0.702394,0.711746,0.108,-0.884,89.241,-0.016227,0.002022,-0.003868,-0.000552,-0.000250,-0.001360
1790862514.394841,1790862514.438642,0.284260,-0.221248,0.064827,0.006094,-0.004832,0.702407,0.711733,0.108,-0.885,89.243,-0.015780,0.002055,-0.003850,0.000513,-0.001315,-0.001356
1790862514.428181,1790862514.486784,0.286067,-0.223299,0.064232,0.006124,-0.004827,0.702411,0.711729,0.111,-0.887,89.244,-0.016957,0.000692,-0.003732,0.000514,-0.001314,-0.000284
1790862514.461520,1790862514.517794,0.284707,-0.216954,0.065906,0.006087,-0.004772,0.702402,0.711739,0.112,-0.879,89.243,-0.011589,0.001779,-0.002492,0.000514,-0.001315,-0.001349
1790862514.494859,1790862514.545146,0.283710,-0.216103,0.065931,0.006080,-0.004771,0.702414,0.711726,0.112,-0.879,89.245,-0.010616,0.002983,-0.001957,0.003709,0.000817,0.003974
1790862514.528198,1790862514.571072,0.283507,-0.216043,0.065947,0.006086,-0.004778,0.702440,0.711701,0.112,-0.880,89.249,-0.010192,0.003380,-0.001795,0.000513,-0.001314,0.003972
1790862514.561538,1790862514.605444,0.283486,-0.215792,0.065973,0.006091,-0.004778,0.702474,0.711667,0.112,-0.880,89.254,-0.009525,0.003945,-0.001637,-0.000551,0.000818,0.001841
1790862514.594877,1790862514.630949,0.283348,-0.215858,0.065954,0.006101,-0.004789,0.702482,0.711659,0.112,-0.882,89.255,-0.009374,0.004333,-0.001586,0.001580,-0.002377,0.001840
1790862514.628216,1790862514.662093,0.283234,-0.215855,0.065970,0.006095,-0.004762,0.702488,0.711653,0.114,-0.879,89.256,-0.009225,0.004191,-0.001283,0.001580,0.000819,0.001839
1790862514.661556,1790862514.701297,0.283166,-0.215861,0.066000,0.006081,-0.004748,0.702502,0.711640,0.114,-0.877,89.259,-0.008732,0.004526,-0.001037,0.002645,0.000819,-0.000290
1790862514.694895,1790862514.741600,0.283136,-0.215887,0.066024,0.006075,-0.004724,0.702505,0.711638,0.115,-0.874,89.259,-0.008586,0.004304,-0.001068,0.000514,0.005081,0.000774
1790862514.728234,1790862514.783453,0.283145,-0.215680,0.066072,0.006078,-0.004726,0.702528,0.711615,0.115,-0.875,89.263,-0.008193,0.004673,-0.000905,-0.000550,-0.000245,0.001840
1790862514.761574,1790862514.803902,0.283012,-0.215698,0.066104,0.006068,-0.004722,0.702531,0.711612,0.115,-0.874,89.263,-0.007973,0.005226,-0.000714,0.000515,0.000820,-0.003487
1790862514.794912,1790862514.841206,0.283025,-0.215510,0.066173,0.006059,-0.004704,0.702543,0.711600,0.115,-0.871,89.265,-0.007791,0.005192,-0.000402,0.000515,0.000820,0.005035
1790862514.828251,1790862514.866958,0.282956,-0.215568,0.066213,0.006064,-0.004661,0.702559,0.711584,0.119,-0.868,89.268,-0.007461,0.005852,-0.000331,0.000516,0.000820,0.000773
1790862514.861590,1790862514.901794,0.282994,-0.215404,0.066272,0.006071,-0.004628,0.702570,0.711574,0.122,-0.866,89.269,-0.006999,0.005462,-0.000283,0.000516,0.000821,0.001838
1790862514.894929,1790862514.924999,0.282911,-0.215423,0.066322,0.006058,-0.004630,0.702577,0.711567,0.121,-0.865,89.271,-0.006713,0.005658,-0.000290,0.000516,0.000821,-0.001357
1790862514.928269,1790862514.967621,0.282973,-0.215202,0.066386,0.006077,-0.004607,0.702581,0.711562,0.125,-0.865,89.271,-0.006145,0.005989,-0.000177,0.001583,0.000822,-0.001356
1790862514.961608,1790862515.003238,0.282938,-0.215028,0.066441,0.006085,-0.004593,0.702585,0.711559,0.126,-0.864,89.272,-0.005924,0.006146,-0.000008,-0.002678,-0.001309,-0.000292
1790862514.994947,1790862515.032321,0.282828,-0.215024,0.066496,0.006059,-0.004605,0.702578,0.711566,0.123,-0.863,89.271,-0.005644,0.006263,-0.000047,0.000518,-0.000242,-0.002423
1790862515.028286,1790862515.073585,0.282862,-0.214788,0.066571,0.006060,-0.004590,0.702584,0.711560,0.125,-0.862,89.272,-0.005526,0.006312,0.000159,-0.000547,0.001889,-0.001357
1790862515.061625,1790862515.105678,0.282837,-0.214599,0.066636,0.006056,-0.004597,0.702586,0.711559,0.124,-0.862,89.272,-0.004952,0.006277,0.000286,-0.002677,0.000823,-0.001358
1790862515.094965,1790862515.134265,0.282741,-0.214573,0.066697,0.006032,-0.004615,0.702572,0.711572,0.120,-0.862,89.270,-0.004398,0.007128,0.000258,-0.005873,0.000823,-0.000294
1790862515.128304,1790862515.174516,0.282811,-0.214320,0.066778,0.006020,-0.004608,0.702574,0.711570,0.120,-0.860,89.270,-0.004000,0.006933,0.000120,0.002650,0.001890,0.002902
1790862515.161643,1790862515.214958,0.282829,-0.214126,0.066846,0.006030,-0.004573,0.702599,0.711546,0.123,-0.858,89.274,-0.003598,0.006941,0.000205,0.001586,-0.001307,0.001835
1790862515.194982,1790862515.243408,0.282901,-0.213941,0.066922,0.006014,-0.004561,0.702618,0.711527,0.123,-0.856,89.277,-0.003299,0.006849,0.000112,-0.001609,0.002955,-0.000295
1790862515.228320,1790862515.270651,0.282990,-0.213732,0.066998,0.006029,-0.004548,0.702628,0.711518,0.125,-0.856,89.279,-0.002812,0.006418,0.000188,0.002652,-0.000240,0.002901
1790862515.261659,1790862515.303416,0.283018,-0.213533,0.067067,0.006016,-0.004535,0.702646,0.711499,0.125,-0.854,89.282,-0.002152,0.006894,0.000306,0.001588,0.001891,0.001834
1790862515.294999,1790862515.333502,0.282962,-0.213513,0.067134,0.005993,-0.004510,0.702645,0.711501,0.125,-0.850,89.281,-0.002183,0.006959,0.000270,-0.002674,-0.000240,-0.001362
1790862515.328338,1790862515.362402,0.283082,-0.213276,0.067241,0.006005,-0.004492,0.702649,0.711497,0.128,-0.850,89.282,-0.001796,0.006975,0.000401,0.000522,0.000825,-0.000297
1790862515.361677,1790862515.397810,0.283170,-0.213057,0.067355,0.005991,-0.004458,0.702665,0.711482,0.129,-0.846,89.285,-0.001177,0.007080,0.000514,0.002654,0.000825,-0.000297
1790862515.395017,1790862515.431030,0.283141,-0.212978,0.067432,0.005999,-0.004462,0.702665,0.711482,0.130,-0.847,89.285,-0.000861,0.006606,0.000935,-0.003737,-0.000239,0.000766
1790862515.428356,1790862515.472110,0.283206,-0.212671,0.067515,0.005980,-0.004475,0.702663,0.711484,0.127,-0.846,89.284,-0.000282,0.006687,0.000894,-0.000541,-0.000239,0.001831
1790862515.461696,1790862515.493258,0.283179,-0.212545,0.067579,0.006020,-0.004441,0.702669,0.711478,0.133,-0.847,89.285,-0.000118,0.006817,0.000879,-0.002672,-0.002369,-0.000300
1790862515.495035,1790862515.531292,0.283272,-0.212193,0.067659,0.006038,-0.004448,0.702665,0.711481,0.134,-0.849,89.285,0.000236,0.006730,0.000935,0.003720,0.000827,-0.002428
1790862515.528374,1790862515.568931,0.283263,-0.212059,0.067723,0.006021,-0.004426,0.702692,0.711455,0.134,-0.846,89.289,0.000834,0.007025,0.000981,0.001591,-0.002369,-0.000301
1790862515.561714,1790862515.603381,0.283400,-0.211753,0.067832,0.006015,-0.004418,0.702695,0.711453,0.135,-0.845,89.289,0.001289,0.006866,0.001214,-0.004799,-0.000238,0.000765
1790862515.595053,1790862515.635457,0.283362,-0.211638,0.067920,0.005992,-0.004428,0.702699,0.711448,0.132,-0.844,89.290,0.001616,0.006825,0.001519,-0.001603,-0.001304,0.003959
1790862515.628393,1790862515.671220,0.283525,-0.211370,0.068013,0.005999,-0.004400,0.702720,0.711428,0.135,-0.842,89.293,0.002005,0.007031,0.001557,-0.000538,0.001894,-0.000301
1790862515.661732,1790862515.704118,0.283517,-0.211240,0.068108,0.005995,-0.004400,0.702714,0.711434,0.134,-0.841,89.292,0.002085,0.006779,0.001604,-0.003733,-0.000237,-0.001367
1790862515.695070,1790862515.735584,0.283510,-0.211104,0.068211,0.005981,-0.004377,0.702701,0.711446,0.135,-0.838,89.290,0.002767,0.007041,0.001608,-0.000537,0.000828,-0.000303
1790862515.728410,1790862515.767154,0.283552,-0.210985,0.068292,0.005988,-0.004386,0.702711,0.711436,0.135,-0.840,89.292,0.002939,0.007105,0.001679,0.002659,-0.000237,0.000762
1790862515.761749,1790862515.802351,0.283594,-0.210818,0.068342,0.005995,-0.004381,0.702722,0.711426,0.136,-0.840,89.294,0.003223,0.006808,0.001647,0.003724,0.000828,-0.000304
1790862515.795088,1790862515.833408,0.283627,-0.210642,0.068406,0.005994,-0.004376,0.702708,0.711439,0.136,-0.839,89.292,0.004009,0.006991,0.001669,-0.000536,0.001895,-0.003499
1790862515.828427,1790862515.869858,0.283677,-0.210505,0.068492,0.005989,-0.004343,0.702718,0.711430,0.139,-0.836,89.293,0.004163,0.006797,0.001849,-0.001600,-0.001303,0.001825
1790862515.861766,1790862515.902321,0.283775,-0.210382,0.068565,0.005970,-0.004350,0.702737,0.711411,0.136,-0.835,89.296,0.004800,0.006761,0.001608,-0.000535,0.000828,0.002891
1790862515.895106,1790862515.927542,0.283846,-0.210236,0.068640,0.005962,-0.004339,0.702744,0.711405,0.137,-0.834,89.297,0.005061,0.006702,0.001560,-0.004795,0.000829,0.000759
1790862515.928445,1790862515.966709,0.283859,-0.210093,0.068738,0.005948,-0.004324,0.702744,0.711405,0.137,-0.832,89.297,0.005301,0.006527,0.001960,0.000530,-0.001302,0.000759
1790862515.961784,1790862515.997791,0.283906,-0.209972,0.068823,0.005976,-0.004286,0.702757,0.711392,0.142,-0.831,89.299,0.006092,0.006605,0.002381,0.001597,0.000829,-0.001371
1790862515.995123,1790862516.037177,0.283989,-0.209826,0.068905,0.005977,-0.004276,0.702767,0.711382,0.143,-0.830,89.301,0.006359,0.006380,0.002409,-0.000534,0.001895,0.000758
1790862516.028463,1790862516.065874,0.284036,-0.209705,0.068993,0.005971,-0.004249,0.702758,0.711391,0.145,-0.827,89.299,0.006640,0.006431,0.002421,-0.001598,0.000829,0.001823
1790862516.061802,1790862516.100724,0.284094,-0.209599,0.069077,0.005967,-0.004244,0.702763,0.711386,0.145,-0.826,89.300,0.007116,0.006487,0.002759,-0.000533,-0.004498,-0.001371
1790862516.095141,1790862516.138280,0.284156,-0.209453,0.069132,0.005977,-0.004240,0.702761,0.711388,0.146,-0.827,89.300,0.007182,0.006266,0.003143,-0.000533,0.000829,-0.000307
1790862516.128479,1790862516.166990,0.284212,-0.209334,0.069190,0.005980,-0.004216,0.702770,0.711379,0.148,-0.825,89.301,0.007796,0.006457,0.003384,0.002663,-0.001302,0.000758
1790862516.161818,1790862516.207599,0.284291,-0.209241,0.069253,0.005995,-0.004219,0.702778,0.711371,0.149,-0.827,89.303,0.008173,0.006440,0.003401,-0.000532,-0.001302,0.000757
1790862516.195158,1790862516.233900,0.284352,-0.209120,0.069319,0.005978,-0.004200,0.702796,0.711353,0.149,-0.824,89.306,0.008362,0.006338,0.003651,0.002664,-0.001302,0.000756
