time_s,recv_time_s,x_m,y_m,z_m,qx,qy,qz,qw,roll_deg,pitch_deg,yaw_deg,vx_mps,vy_mps,vz_mps,wx_radps,wy_radps,wz_radps
1790937218.582686,1790937218.623030,-0.000085,0.000011,0.000166,0.003262,-0.013938,0.707055,0.707014,-0.865,-1.394,90.014,-0.001806,-0.001066,0.000151,0.003133,0.001335,-0.001929
1790937218.616019,1790937218.664001,-0.000058,0.000135,0.000149,0.003253,-0.013886,0.707039,0.707031,-0.862,-1.389,90.011,0.003869,-0.001571,-0.000557,0.001002,0.000267,-0.000866
1790937218.649351,1790937218.702005,-0.000082,0.000058,0.000157,0.003255,-0.013866,0.707033,0.707037,-0.860,-1.387,90.010,-0.002611,0.000460,0.000694,0.003133,-0.001864,0.000197
1790937218.682684,1790937218.738303,0.000010,0.000110,0.000116,0.003263,-0.013907,0.707044,0.707025,-0.863,-1.391,90.012,0.000763,-0.001875,-0.000754,-0.001128,-0.001864,-0.001925
1790937218.716017,1790937218.771302,-0.000075,0.000143,0.000121,0.003247,-0.013890,0.707039,0.707031,-0.863,-1.389,90.011,0.000803,0.003485,0.000267,0.002067,0.000267,0.000207
1790937218.749350,1790937218.802776,-0.000062,0.000139,0.000129,0.003220,-0.013887,0.707049,0.707021,-0.865,-1.386,90.013,-0.000318,-0.000077,0.000496,0.001000,0.001331,0.000206
1790937218.782683,1790937218.848127,-0.000072,0.000088,0.000122,0.003226,-0.013896,0.707038,0.707032,-0.865,-1.387,90.011,-0.001685,0.000065,-0.000092,0.001000,0.000267,-0.000860
1790937218.816016,1790937218.881011,-0.000080,0.000101,0.000130,0.003219,-0.013890,0.707026,0.707044,-0.865,-1.386,90.009,0.000312,0.000017,0.000253,0.002066,0.001331,0.001268
1790937218.849348,1790937218.914100,-0.000125,0.000071,0.000145,0.003207,-0.013902,0.707021,0.707049,-0.867,-1.386,90.008,-0.001562,0.001623,0.001110,0.003130,0.002393,-0.001923
1790937218.882681,1790937218.942632,-0.000086,0.000122,0.000120,0.003230,-0.013896,0.707015,0.707055,-0.864,-1.388,90.007,0.001082,-0.000552,-0.000258,-0.000067,0.000262,0.003404
1790937218.916013,1790937218.969571,-0.000126,0.000084,0.000128,0.003210,-0.013914,0.707013,0.707057,-0.867,-1.388,90.007,-0.001254,0.001272,0.000351,0.004194,0.001327,-0.004053
1790937218.949346,1790937218.993436,-0.000102,0.000128,0.000125,0.003212,-0.013904,0.706998,0.707071,-0.866,-1.387,90.005,0.001280,-0.000157,-0.000003,0.004193,0.001326,-0.000852
1790937218.982678,1790937219.023583,-0.000096,0.000061,0.000128,0.003220,-0.013905,0.707014,0.707056,-0.866,-1.388,90.007,-0.002245,0.000096,0.000397,-0.000068,-0.000805,-0.000854
1790937219.016011,1790937219.081272,-0.000144,0.000071,0.000128,0.003233,-0.013941,0.707020,0.707049,-0.868,-1.392,90.008,0.000002,0.001775,0.000120,-0.004328,0.000262,-0.000853
1790937219.049343,1790937219.109904,-0.000066,0.000085,0.000128,0.003240,-0.013931,0.707024,0.707045,-0.866,-1.391,90.009,0.000176,-0.001967,-0.000018,0.003128,0.000262,-0.000852
1790937219.082677,1790937219.130438,-0.000102,0.000104,0.000128,0.003225,-0.013897,0.707022,0.707048,-0.865,-1.387,90.008,0.000272,0.001280,0.000165,-0.002199,0.000261,-0.002982
1790937219.116014,1790937219.157613,-0.000078,0.000097,0.000119,0.003225,-0.013902,0.707036,0.707034,-0.865,-1.388,90.011,-0.000422,-0.000403,-0.000056,0.000997,0.000261,-0.000853
1790937219.149350,1790937219.195477,-0.000109,0.000108,0.000118,0.003220,-0.013921,0.707021,0.707048,-0.867,-1.389,90.008,0.000379,0.000861,-0.000325,0.003127,0.001327,-0.000852
1790937219.182686,1790937219.248413,-0.000091,0.000122,0.000131,0.003200,-0.013901,0.707018,0.707052,-0.867,-1.386,90.008,0.000519,-0.000242,0.000245,0.003127,-0.001869,0.000213
1790937219.216022,1790937219.281583,-0.000089,0.000058,0.000128,0.003241,-0.013917,0.707048,0.707021,-0.865,-1.390,90.013,-0.002428,0.000981,0.000100,-0.002199,0.001328,0.000213
1790937219.249358,1790937219.313653,-0.000067,0.000062,0.000132,0.003243,-0.013934,0.707049,0.707020,-0.866,-1.392,90.013,-0.000273,-0.000788,0.000149,0.000996,-0.000804,0.000210
1790937219.282694,1790937219.338049,-0.000028,0.000117,0.000128,0.003229,-0.013891,0.707051,0.707019,-0.864,-1.387,90.013,0.001442,-0.001655,0.000311,-0.002200,0.000260,-0.001920
1790937219.316030,1790937219.363464,-0.000029,0.000186,0.000103,0.003228,-0.013890,0.707039,0.707031,-0.864,-1.387,90.011,0.001380,0.000667,-0.000288,-0.002200,0.000260,-0.001914
1790937219.349366,1790937219.392941,-0.000081,0.000047,0.000138,0.003250,-0.013913,0.707055,0.707014,-0.864,-1.391,90.014,-0.004422,0.002494,0.001050,0.000996,-0.000806,-0.000849
1790937219.382702,1790937219.429444,-0.000056,0.000088,0.000137,0.003251,-0.013909,0.707047,0.707023,-0.864,-1.390,90.012,0.000561,-0.000626,0.000135,-0.002201,-0.001870,-0.000851
1790937219.416038,1790937219.456221,-0.000061,0.000046,0.000131,0.003232,-0.013919,0.707037,0.707033,-0.866,-1.390,90.011,-0.001519,0.000076,-0.000176,0.002061,-0.000806,0.002344
1790937219.449374,1790937219.489182,-0.000066,0.000116,0.000133,0.003237,-0.013908,0.707067,0.707002,-0.865,-1.389,90.016,0.002061,0.000588,0.000187,-0.002200,-0.001872,0.000215
1790937219.482709,1790937219.524463,-0.000111,0.000113,0.000133,0.003231,-0.013904,0.707060,0.707010,-0.865,-1.388,90.015,-0.000335,0.001729,0.000471,-0.000069,0.002389,0.000214
1790937219.516044,1790937219.556469,-0.000061,0.000105,0.000126,0.003213,-0.013925,0.707057,0.707012,-0.868,-1.389,90.014,-0.000599,-0.001778,0.000258,-0.002201,-0.000810,0.000213
1790937219.549380,1790937219.593596,-0.000064,0.000074,0.000123,0.003231,-0.013917,0.707049,0.707020,-0.866,-1.389,90.013,-0.001246,-0.000565,0.000270,0.000995,-0.001874,-0.001919
1790937219.582716,1790937219.628267,-0.000098,0.000114,0.000124,0.003223,-0.013922,0.707043,0.707026,-0.867,-1.389,90.012,0.001127,0.001348,-0.000053,-0.001134,0.001321,-0.001916
1790937219.616051,1790937219.655850,-0.000093,0.000107,0.000139,0.003219,-0.013891,0.707037,0.707033,-0.865,-1.386,90.011,-0.000742,0.000754,0.000884,-0.000071,0.001320,0.000216
1790937219.649387,1790937219.698707,-0.000099,0.000105,0.000120,0.003226,-0.013920,0.707050,0.707019,-0.867,-1.389,90.013,-0.000401,0.001095,-0.000359,-0.001135,-0.000811,0.001283
1790937219.682723,1790937219.725171,-0.000092,0.000087,0.000125,0.003225,-0.013933,0.707049,0.707020,-0.868,-1.390,90.013,-0.000462,-0.000124,0.000193,-0.000071,0.004516,0.000217
1790937219.716058,1790937219.760008,-0.000100,0.000062,0.000131,0.003227,-0.013942,0.707044,0.707025,-0.868,-1.391,90.012,-0.000843,0.000375,0.000194,0.002060,-0.000811,-0.001912
1790937219.749394,1790937219.804380,-0.000119,0.000145,0.000126,0.003218,-0.013923,0.707055,0.707014,-0.868,-1.389,90.014,0.002290,0.001137,0.000119,0.002060,0.001318,0.003417
1790937219.782729,1790937219.837425,-0.000009,0.000148,0.000114,0.003228,-0.013906,0.707066,0.707003,-0.865,-1.388,90.016,0.000136,-0.003410,-0.000238,0.000994,0.000254,0.002347
1790937219.816065,1790937219.871930,-0.000081,0.000089,0.000133,0.003234,-0.013901,0.707047,0.707023,-0.865,-1.388,90.012,-0.001587,0.001756,0.000202,-0.000071,-0.000812,-0.002977
1790937219.849400,1790937219.903923,-0.000043,0.000178,0.000118,0.003229,-0.013877,0.707052,0.707018,-0.863,-1.386,90.013,0.002678,-0.000592,-0.000303,-0.001136,0.000253,0.000221
1790937219.882735,1790937219.936294,-0.000084,0.000113,0.000127,0.003238,-0.013881,0.707065,0.707004,-0.863,-1.387,90.015,-0.002492,0.001590,0.000530,-0.001136,0.000253,0.000219
1790937219.916071,1790937219.968321,-0.000020,0.000115,0.000131,0.003234,-0.013870,0.707063,0.707007,-0.862,-1.386,90.015,-0.000453,-0.002436,0.000291,-0.000072,0.002383,0.002346
1790937219.949406,1790937220.000355,-0.000112,0.000097,0.000122,0.003222,-0.013899,0.707039,0.707031,-0.865,-1.387,90.011,-0.000953,0.002636,0.000068,0.000992,-0.000814,0.001282
1790937219.982740,1790937220.038060,-0.000043,0.000178,0.000108,0.003216,-0.013896,0.707056,0.707014,-0.866,-1.387,90.014,0.002365,-0.001896,-0.000592,-0.003267,-0.000814,0.002345
1790937220.016075,1790937220.064459,-0.000076,0.000101,0.000116,0.003225,-0.013900,0.707064,0.707005,-0.865,-1.388,90.015,-0.002477,0.001005,0.000401,0.002060,-0.000813,-0.000850
1790937220.049411,1790937220.093407,-0.000060,0.000084,0.000137,0.003235,-0.013890,0.707047,0.707023,-0.864,-1.388,90.012,-0.000701,-0.000257,0.000586,0.004189,0.002384,-0.000849
1790937220.082747,1790937220.138789,-0.000045,0.000160,0.000111,0.003241,-0.013868,0.707039,0.707032,-0.861,-1.386,90.011,0.002276,-0.000278,-0.000683,-0.002205,-0.000813,0.001284
1790937220.116086,1790937220.170086,-0.000022,0.000115,0.000125,0.003231,-0.013881,0.707063,0.707007,-0.863,-1.387,90.015,-0.002008,-0.000499,0.000910,-0.003268,0.001317,0.001280
1790937220.149424,1790937220.214317,-0.000079,0.000094,0.000129,0.003230,-0.013895,0.707060,0.707010,-0.864,-1.388,90.014,-0.000795,0.001461,0.000167,-0.000072,0.002383,0.002343
1790937220.182762,1790937220.248206,-0.000056,0.000142,0.000124,0.003217,-0.013895,0.707060,0.707010,-0.865,-1.386,90.015,0.001272,-0.001222,-0.000180,0.002060,0.000252,-0.001920
1790937220.216100,1790937220.281064,-0.000054,0.000135,0.000115,0.003239,-0.013878,0.707056,0.707014,-0.862,-1.387,90.014,-0.000198,-0.000321,-0.000389,0.002061,0.001317,0.001275
1790937220.249439,1790937220.314235,-0.000078,0.000050,0.000124,0.003232,-0.013905,0.707046,0.707023,-0.865,-1.389,90.012,-0.002454,0.000762,0.000177,-0.002202,-0.000814,-0.001921
1790937220.282777,1790937220.346273,-0.000063,0.000100,0.000134,0.003234,-0.013889,0.707038,0.707032,-0.864,-1.387,90.011,0.001260,-0.000634,0.000314,0.004189,0.000252,0.001274
1790937220.316114,1790937220.381500,-0.000076,0.000127,0.000124,0.003220,-0.013873,0.707048,0.707022,-0.863,-1.385,90.013,0.000589,0.000900,0.000133,-0.000072,-0.000816,0.000212
1790937220.349453,1790937220.414553,-0.000015,0.000164,0.000115,0.003232,-0.013877,0.707070,0.707000,-0.863,-1.386,90.016,0.000604,-0.001406,-0.000001,0.004190,-0.002945,-0.001920
1790937220.382791,1790937220.449622,-0.000010,0.000215,0.000093,0.003241,-0.013873,0.707062,0.707008,-0.862,-1.387,90.015,0.000923,-0.000417,-0.000550,-0.001136,-0.001880,-0.001922
1790937220.416127,1790937220.483449,-0.000043,0.000088,0.000118,0.003262,-0.013885,0.707046,0.707023,-0.861,-1.389,90.012,-0.003619,0.001032,0.000556,0.002059,0.002383,0.002338
1790937220.449465,1790937220.517524,-0.000080,0.000084,0.000131,0.003241,-0.013886,0.707060,0.707010,-0.863,-1.388,90.014,-0.000237,0.000980,0.000409,0.003124,0.001315,0.002335
1790937220.482803,1790937220.551258,-0.000075,0.000110,0.000124,0.003227,-0.013903,0.707053,0.707016,-0.865,-1.388,90.013,0.000291,-0.000154,-0.000023,0.002059,0.001315,-0.004054
1790937220.516141,1790937220.585128,-0.000075,0.000082,0.000131,0.003227,-0.013896,0.707044,0.707026,-0.865,-1.387,90.012,-0.001137,-0.000107,0.000500,-0.002204,0.000250,0.000205
1790937220.549479,1790937220.617264,-0.000035,0.000107,0.000124,0.003225,-0.013889,0.707051,0.707019,-0.864,-1.387,90.013,0.000475,-0.001566,-0.000223,0.000993,0.001314,0.002333
1790937220.582817,1790937220.645009,-0.000048,0.000113,0.000130,0.003235,-0.013860,0.707048,0.707022,-0.861,-1.385,90.013,0.000073,0.000210,0.000283,-0.001137,-0.001882,-0.000861
1790937220.616154,1790937220.671220,-0.000062,0.000121,0.000111,0.003221,-0.013872,0.707040,0.707030,-0.863,-1.385,90.011,0.000159,0.000806,-0.000551,0.002059,-0.000817,0.001269
1790937220.649492,1790937220.702222,-0.000094,0.000091,0.000123,0.003217,-0.013901,0.707046,0.707024,-0.866,-1.387,90.012,-0.001128,0.001349,0.000421,0.002059,0.000249,0.002333
1790937220.682830,1790937220.728340,-0.000093,0.000053,0.000131,0.003241,-0.013933,0.707050,0.707019,-0.867,-1.392,90.013,-0.001036,0.000157,-0.000022,-0.003268,0.000250,0.001268
1790937220.716167,1790937220.777619,-0.000051,0.000137,0.000121,0.003229,-0.013901,0.707058,0.707012,-0.865,-1.388,90.014,0.002380,-0.001303,-0.000407,-0.001137,-0.001882,0.000201
1790937220.749505,1790937220.812125,-0.000082,0.000141,0.000126,0.003217,-0.013873,0.707051,0.707019,-0.864,-1.385,90.013,-0.000197,0.000797,0.000469,0.002059,0.000247,-0.001928
1790937220.782843,1790937220.845591,-0.000087,0.000127,0.000108,0.003228,-0.013895,0.707050,0.707020,-0.865,-1.387,90.013,-0.000552,0.000596,-0.000216,-0.002204,-0.001884,0.001267
1790937220.816180,1790937220.874877,-0.000033,0.000109,0.000106,0.003245,-0.013900,0.707058,0.707011,-0.864,-1.389,90.014,-0.000738,-0.001162,-0.000197,-0.000072,-0.001883,0.001267
1790937220.849517,1790937220.909646,-0.000066,0.000101,0.000123,0.003244,-0.013882,0.707055,0.707015,-0.862,-1.388,90.014,-0.000060,0.000616,-0.000032,0.002059,-0.001881,-0.002996
1790937220.882854,1790937220.937818,-0.000113,0.000070,0.000136,0.003220,-0.013913,0.707033,0.707037,-0.867,-1.388,90.010,-0.000908,0.001441,0.000190,0.004188,0.000250,0.002330
1790937220.916192,1790937220.974645,-0.000051,0.000106,0.000131,0.003218,-0.013898,0.707047,0.707023,-0.866,-1.387,90.012,0.001071,-0.001713,-0.000181,-0.000072,-0.000818,0.000200
1790937220.949529,1790937221.008341,-0.000053,0.000085,0.000130,0.003222,-0.013874,0.707048,0.707022,-0.863,-1.385,90.013,-0.000860,-0.000172,0.000286,0.004189,0.002379,0.000199
1790937220.982867,1790937221.046735,-0.000087,0.000116,0.000132,0.003231,-0.013874,0.707052,0.707018,-0.863,-1.386,90.013,0.000854,0.001005,0.000222,-0.000072,0.000247,0.001261
1790937221.016204,1790937221.078217,-0.000090,0.000097,0.000126,0.003226,-0.013891,0.707064,0.707006,-0.864,-1.387,90.015,-0.000563,-0.000012,-0.000150,-0.000072,-0.000819,0.002325
1790937221.049541,1790937221.113015,-0.000091,0.000034,0.000148,0.003232,-0.013932,0.707051,0.707018,-0.867,-1.391,90.013,-0.001793,-0.000512,0.000660,0.000993,0.001311,0.001258
1790937221.082879,1790937221.151260,-0.000062,0.000108,0.000121,0.003242,-0.013917,0.707046,0.707023,-0.865,-1.390,90.012,0.001729,-0.001586,-0.000403,-0.001136,-0.000821,0.001253
1790937221.116216,1790937221.188339,-0.000043,0.000095,0.000117,0.003245,-0.013880,0.707030,0.707040,-0.862,-1.388,90.010,-0.000518,-0.001424,-0.000078,-0.002202,0.001310,0.001252
1790937221.149554,1790937221.223260,-0.000059,0.000111,0.000123,0.003227,-0.013864,0.707028,0.707043,-0.862,-1.385,90.009,0.000451,0.000208,0.000170,-0.001135,-0.002951,-0.003009
1790937221.182891,1790937221.252333,-0.000071,0.000118,0.000120,0.003241,-0.013859,0.707020,0.707050,-0.860,-1.386,90.008,-0.000216,0.000720,0.000162,-0.001136,0.000243,0.001253
1790937221.216228,1790937221.272377,-0.000094,0.000078,0.000123,0.003227,-0.013888,0.707029,0.707041,-0.864,-1.387,90.009,-0.001474,0.001263,0.000507,-0.000071,0.000243,-0.001941
1790937221.249566,1790937221.296662,-0.000039,0.000221,0.000096,0.003232,-0.013879,0.707040,0.707030,-0.863,-1.387,90.011,0.004561,-0.001621,-0.000932,0.000994,-0.002953,0.000186
1790937221.282903,1790937221.325897,-0.000063,0.000092,0.000110,0.003239,-0.013901,0.707030,0.707039,-0.864,-1.389,90.010,-0.004542,0.000762,0.000358,-0.003265,0.000246,-0.000879
1790937221.316240,1790937221.361231,-0.000073,0.000108,0.000129,0.003228,-0.013868,0.707028,0.707042,-0.862,-1.385,90.009,0.000689,0.000525,0.000227,-0.002201,0.001309,-0.001942
1790937221.349577,1790937221.393600,-0.000052,0.000232,0.000098,0.003242,-0.013865,0.707028,0.707042,-0.861,-1.386,90.009,0.003408,-0.000084,-0.001038,-0.002201,0.000246,-0.000875
1790937221.382914,1790937221.424688,-0.000072,0.000143,0.000114,0.003226,-0.013878,0.707046,0.707024,-0.863,-1.386,90.012,-0.003805,0.000931,0.000803,0.000995,-0.000820,-0.000878
1790937221.416251,1790937221.457637,-0.000064,0.000072,0.000130,0.003236,-0.013871,0.707033,0.707037,-0.862,-1.386,90.010,-0.001893,-0.000728,0.000430,-0.001135,0.001310,0.004444
1790937221.449589,1790937221.518413,-0.000084,0.000125,0.000115,0.003228,-0.013904,0.707051,0.707018,-0.865,-1.388,90.013,0.001123,0.001510,-0.000447,-0.001134,0.000246,-0.003011
1790937221.482926,1790937221.553710,-0.000056,0.000117,0.000125,0.003230,-0.013884,0.707056,0.707013,-0.864,-1.387,90.014,-0.000491,-0.000186,0.000064,-0.001134,-0.004017,0.001250
1790937221.516263,1790937221.589195,-0.000030,0.000164,0.000104,0.003234,-0.013888,0.707057,0.707013,-0.864,-1.387,90.014,0.001326,-0.000713,-0.000741,-0.001134,0.001311,0.001249
1790937221.549600,1790937221.624660,-0.000042,0.000120,0.000111,0.003235,-0.013889,0.707052,0.707018,-0.864,-1.387,90.013,-0.001453,0.000001,-0.000066,-0.001134,0.003442,0.000182
1790937221.582938,1790937221.657465,-0.000008,0.000140,0.000113,0.003222,-0.013873,0.707052,0.707018,-0.863,-1.385,90.013,0.000464,-0.001516,0.000109,-0.001134,-0.000821,0.002310
1790937221.616275,1790937221.692372,-0.000021,0.000167,0.000104,0.003232,-0.013863,0.707049,0.707021,-0.862,-1.385,90.013,-0.000002,0.000363,0.000141,0.000996,0.001310,-0.000884
1790937221.649612,1790937221.726562,-0.000011,0.000182,0.000105,0.003232,-0.013856,0.707056,0.707014,-0.861,-1.385,90.014,-0.000342,0.000165,0.000615,-0.000069,0.000243,0.005505
1790937221.682949,1790937221.765363,-0.000024,0.000211,0.000089,0.003234,-0.013874,0.707056,0.707014,-0.862,-1.386,90.014,0.000145,0.000278,0.000186,-0.000069,0.000242,0.002306
1790937221.716286,1790937221.803595,-0.000049,0.000085,0.000126,0.003216,-0.013895,0.707050,0.707020,-0.866,-1.386,90.013,-0.003328,0.000020,0.001342,0.000997,0.001305,0.003367
1790937221.749623,1790937221.839804,-0.000071,0.000125,0.000111,0.003222,-0.013881,0.707053,0.707017,-0.864,-1.386,90.013,0.001056,0.000133,-0.000281,0.003129,-0.000826,0.000168
1790937221.782960,1790937221.872133,-0.000021,0.000136,0.000113,0.003221,-0.013880,0.707054,0.707016,-0.864,-1.386,90.014,0.000248,-0.002062,0.000047,-0.002198,-0.000826,0.001228
1790937221.816297,1790937221.907003,-0.000054,0.000102,0.000125,0.003238,-0.013871,0.707047,0.707023,-0.862,-1.386,90.012,-0.000939,0.000355,0.000417,0.003129,0.002372,0.001227
1790937221.849634,1790937221.943823,-0.000072,0.000157,0.000111,0.003232,-0.013877,0.707044,0.707026,-0.863,-1.386,90.012,0.001809,0.001040,-0.000464,-0.000066,0.002371,0.002294
1790937221.882971,1790937221.978928,-0.000052,0.000101,0.000117,0.003232,-0.013888,0.707051,0.707019,-0.864,-1.387,90.013,-0.001703,-0.001029,0.000330,-0.001131,-0.000826,0.000158
1790937221.916308,1790937222.011285,-0.000061,0.000095,0.000121,0.003208,-0.013895,0.707024,0.707046,-0.866,-1.386,90.009,-0.000230,-0.000972,0.000132,-0.003261,0.001305,0.000157
1790937221.949645,1790937222.036933,-0.000100,0.000115,0.000126,0.003217,-0.013882,0.707017,0.707053,-0.864,-1.386,90.008,0.000473,0.001719,0.000151,0.000999,0.003436,-0.001970
1790937221.982982,1790937222.070776,-0.000048,0.000157,0.000116,0.003233,-0.013867,0.707029,0.707041,-0.862,-1.386,90.009,0.000914,-0.000631,-0.000239,-0.001131,-0.000827,0.000160
1790937222.016319,1790937222.099329,-0.000091,0.000133,0.000108,0.003235,-0.013900,0.707026,0.707044,-0.864,-1.388,90.009,-0.000764,0.001867,-0.000324,-0.001131,0.000241,0.002291
1790937222.049656,1790937222.121714,-0.000063,0.000127,0.000124,0.003220,-0.013875,0.707037,0.707033,-0.864,-1.385,90.011,-0.000141,-0.000497,0.000179,-0.000066,0.001305,-0.003034
1790937222.082996,1790937222.152982,-0.000070,0.000144,0.000101,0.003234,-0.013889,0.707038,0.707032,-0.864,-1.387,90.011,0.000281,0.000166,-0.000477,-0.000066,0.001305,-0.000903
1790937222.116340,1790937222.186341,-0.000050,0.000139,0.000108,0.003220,-0.013900,0.707032,0.707037,-0.866,-1.387,90.010,-0.000259,-0.000883,0.000165,-0.000066,0.000241,0.001223
1790937222.149683,1790937222.215518,-0.000081,0.000135,0.000117,0.003227,-0.013883,0.707034,0.707035,-0.864,-1.386,90.010,-0.000043,0.000656,0.000321,-0.005392,0.001306,-0.003037
1790937222.183025,1790937222.248891,-0.000097,0.000146,0.000116,0.003212,-0.013894,0.707025,0.707044,-0.866,-1.386,90.009,0.000180,0.001082,-0.000086,-0.001130,-0.000825,-0.000904
1790937222.216369,1790937222.275361,-0.000048,0.000218,0.000100,0.003223,-0.013889,0.707032,0.707037,-0.864,-1.387,90.010,0.001811,-0.000503,-0.000276,-0.000066,0.001305,-0.001964
1790937222.249712,1790937222.314147,-0.000016,0.000137,0.000101,0.003251,-0.013880,0.707033,0.707037,-0.862,-1.388,90.010,-0.003763,-0.000317,0.000680,-0.000067,0.001305,0.001231
1790937222.283055,1790937222.340805,-0.000084,0.000151,0.000119,0.003231,-0.013879,0.707029,0.707041,-0.863,-1.386,90.010,0.000997,0.001975,0.000321,-0.002199,0.003436,-0.001963
1790937222.316399,1790937222.362026,-0.000102,0.000108,0.000125,0.003207,-0.013887,0.707025,0.707045,-0.866,-1.385,90.009,-0.001398,0.000772,0.000363,-0.000068,-0.000827,0.002295
1790937222.349742,1790937222.386497,-0.000080,0.000098,0.000115,0.003234,-0.013908,0.707036,0.707033,-0.865,-1.389,90.011,-0.000320,-0.000481,-0.000474,-0.001132,0.000240,0.000166
1790937222.383086,1790937222.419992,-0.000051,0.000142,0.000115,0.003232,-0.013886,0.707044,0.707026,-0.863,-1.387,90.012,0.001385,-0.001026,-0.000166,-0.003263,-0.001891,0.001229
1790937222.416430,1790937222.451503,-0.000068,0.000175,0.000108,0.003211,-0.013884,0.707041,0.707029,-0.865,-1.385,90.011,0.000742,0.000572,-0.000144,0.000998,-0.000826,-0.000900
1790937222.449773,1790937222.510928,-0.000068,0.000144,0.000114,0.003219,-0.013886,0.707046,0.707024,-0.865,-1.386,90.012,-0.001159,-0.000049,0.000161,0.003128,0.000240,0.000162
1790937222.483116,1790937222.540507,-0.000051,0.000118,0.000109,0.003224,-0.013901,0.707039,0.707031,-0.865,-1.388,90.011,-0.000678,-0.000898,-0.000267,0.002064,0.000241,0.000161
1790937222.516460,1790937222.561117,-0.000088,0.000125,0.000123,0.003227,-0.013887,0.707034,0.707035,-0.864,-1.387,90.010,0.000228,0.001260,0.000107,0.003128,-0.001890,-0.000903
1790937222.549804,1790937222.619688,-0.000046,0.000052,0.000115,0.003240,-0.013901,0.707042,0.707028,-0.864,-1.389,90.012,-0.002270,-0.001097,-0.000642,-0.001133,-0.000824,0.001225
1790937222.583148,1790937222.652159,-0.000026,0.000187,0.000100,0.003235,-0.013885,0.707035,0.707035,-0.863,-1.387,90.011,0.004331,-0.000595,-0.000870,-0.000069,-0.000824,0.001227
1790937222.616491,1790937222.689468,-0.000030,0.000228,0.000078,0.003224,-0.013899,0.707034,0.707036,-0.865,-1.387,90.010,-0.002142,0.001127,0.000453,0.003127,0.001307,-0.003033
1790937222.649834,1790937222.722643,-0.000063,0.000158,0.000109,0.003228,-0.013898,0.707027,0.707042,-0.865,-1.388,90.009,-0.001102,0.001554,0.000853,-0.000069,-0.000825,-0.000898
1790937222.683177,1790937222.757601,-0.000058,0.000168,0.000111,0.003223,-0.013893,0.707053,0.707017,-0.865,-1.387,90.013,0.000597,0.000258,0.000052,-0.001134,-0.000825,-0.001965
1790937222.716521,1790937222.793138,-0.000063,0.000127,0.000118,0.003210,-0.013884,0.707023,0.707046,-0.865,-1.385,90.009,-0.001280,0.000299,0.000277,0.000995,0.002373,0.000166
1790937222.749865,1790937222.819818,-0.000075,0.000100,0.000126,0.003209,-0.013887,0.707040,0.707029,-0.865,-1.385,90.011,-0.000952,0.001278,0.000433,-0.001134,-0.001890,0.000168
1790937222.783209,1790937222.852475,-0.000047,0.000151,0.000109,0.003195,-0.013891,0.707055,0.707015,-0.867,-1.384,90.014,0.001349,-0.000057,-0.000289,-0.004330,-0.000826,0.000168
1790937222.816552,1790937222.889704,-0.000012,0.000185,0.000105,0.003200,-0.013890,0.707065,0.707004,-0.866,-1.385,90.015,0.000447,-0.001076,0.000106,0.000996,-0.000827,-0.000900
1790937222.849896,1790937222.918486,-0.000050,0.000145,0.000115,0.003216,-0.013882,0.707058,0.707012,-0.865,-1.385,90.014,-0.001397,0.000791,0.000463,-0.000069,0.002371,-0.000901
1790937222.883240,1790937222.950847,-0.000056,0.000083,0.000135,0.003201,-0.013891,0.707046,0.707023,-0.866,-1.385,90.012,-0.001758,0.000323,0.000732,-0.000068,0.000239,0.001230
1790937222.916584,1790937222.980278,-0.000054,0.000090,0.000127,0.003245,-0.013869,0.707049,0.707021,-0.861,-1.387,90.013,-0.000264,0.000417,0.000056,0.003127,0.001303,0.003362
1790937222.949928,1790937223.009139,-0.000042,0.000110,0.000119,0.003222,-0.013900,0.707056,0.707013,-0.865,-1.387,90.014,0.000463,-0.000316,-0.000224,0.000996,0.002370,-0.000899
1790937222.983272,1790937223.039353,-0.000034,0.000119,0.000128,0.003222,-0.013874,0.707058,0.707013,-0.863,-1.385,90.014,0.000203,-0.000268,0.000047,-0.001133,0.000239,0.001230
1790937223.016616,1790937223.062779,-0.000060,0.000130,0.000111,0.003217,-0.013879,0.707055,0.707015,-0.864,-1.385,90.014,0.000302,0.001189,-0.000543,-0.005395,0.001304,-0.001963
1790937223.049960,1790937223.096037,-0.000026,0.000147,0.000115,0.003222,-0.013885,0.707058,0.707012,-0.864,-1.386,90.014,0.000303,-0.000792,-0.000015,0.002062,0.001304,0.002295
1790937223.083300,1790937223.135743,0.000007,0.000203,0.000099,0.003227,-0.013886,0.707068,0.707001,-0.864,-1.387,90.016,0.001151,-0.001005,-0.000388,-0.001133,0.000240,0.000164
1790937223.116636,1790937223.169499,0.000012,0.000248,0.000089,0.003213,-0.013873,0.707064,0.707006,-0.864,-1.384,90.015,-0.000168,-0.000046,0.000101,-0.004328,0.000238,0.000163
1790937223.149971,1790937223.198894,-0.000009,0.000212,0.000083,0.003221,-0.013888,0.707059,0.707011,-0.865,-1.386,90.014,-0.001350,0.000759,-0.000065,0.002064,0.002369,-0.005162
1790937223.183307,1790937223.237336,-0.000032,0.000126,0.000126,0.003233,-0.013875,0.707048,0.707022,-0.863,-1.386,90.013,-0.001401,0.000914,0.000840,-0.001133,-0.002958,0.003363
1790937223.216643,1790937223.266410,-0.000059,0.000156,0.000110,0.003228,-0.013881,0.707065,0.707005,-0.863,-1.386,90.015,0.001182,0.001434,-0.000463,-0.001133,-0.002958,0.002296
1790937223.249978,1790937223.300597,-0.000011,0.000141,0.000110,0.003225,-0.013890,0.707072,0.706998,-0.864,-1.387,90.017,-0.000633,-0.001102,-0.000146,-0.000068,-0.000829,-0.000897
1790937223.283314,1790937223.341870,-0.000031,0.000096,0.000127,0.003241,-0.013876,0.707064,0.707006,-0.862,-1.387,90.015,-0.001187,0.000451,0.000507,-0.001133,-0.000828,-0.003029
1790937223.316649,1790937223.372384,-0.000036,0.000057,0.000144,0.003219,-0.013867,0.707048,0.707022,-0.863,-1.384,90.013,-0.001732,0.000132,0.000863,0.005256,0.000235,0.000167
1790937223.349985,1790937223.404618,-0.000042,0.000132,0.000119,0.003233,-0.013862,0.707059,0.707011,-0.862,-1.385,90.014,0.001596,0.000631,0.000172,0.002061,0.000234,-0.003027
1790937223.383320,1790937223.431993,-0.000028,0.000137,0.000126,0.003218,-0.013868,0.707057,0.707013,-0.863,-1.384,90.014,-0.000071,-0.000108,0.000553,-0.000070,0.000234,0.001234
1790937223.416656,1790937223.478230,-0.000070,0.000047,0.000147,0.003209,-0.013892,0.707055,0.707015,-0.866,-1.386,90.014,-0.003009,0.001035,0.001105,0.004190,0.000231,-0.004094
1790937223.449991,1790937223.513305,-0.000055,0.000155,0.000122,0.003216,-0.013901,0.707053,0.707016,-0.866,-1.387,90.013,0.002740,-0.000066,-0.000458,-0.000070,-0.000836,0.002299
1790937223.483326,1790937223.545637,-0.000010,0.000201,0.000093,0.003233,-0.013896,0.707076,0.706994,-0.864,-1.388,90.017,0.000863,-0.000754,-0.000835,-0.000069,0.000231,0.002299
1790937223.516661,1790937223.577197,-0.000005,0.000090,0.000119,0.003249,-0.013877,0.707077,0.706993,-0.861,-1.388,90.017,-0.003262,-0.000455,0.000678,0.000995,0.000230,-0.001964
1790937223.549996,1790937223.604843,-0.000040,0.000148,0.000125,0.003235,-0.013858,0.707074,0.706996,-0.861,-1.385,90.017,0.001448,0.001005,0.000393,-0.003265,-0.001902,-0.001963
1790937223.583331,1790937223.647340,-0.000029,0.000219,0.000100,0.003217,-0.013885,0.707069,0.707000,-0.865,-1.386,90.016,0.001744,-0.000235,-0.000471,-0.001134,0.000230,0.000163
1790937223.616666,1790937223.672490,-0.000013,0.000277,0.000077,0.003208,-0.013885,0.707054,0.707016,-0.865,-1.385,90.013,0.000321,-0.000250,-0.000487,-0.001134,-0.001901,-0.000900
1790937223.650001,1790937223.697404,-0.000023,0.000157,0.000103,0.003222,-0.013889,0.707057,0.707013,-0.865,-1.386,90.014,-0.003458,0.000622,0.000807,-0.000069,-0.000836,-0.000899
1790937223.683336,1790937223.727437,-0.000053,0.000112,0.000122,0.003219,-0.013882,0.707058,0.707012,-0.864,-1.386,90.014,-0.000339,0.000851,0.000007,-0.000069,0.001296,0.000165
1790937223.716671,1790937223.757651,-0.000051,0.000171,0.000107,0.003207,-0.013878,0.707062,0.707008,-0.865,-1.384,90.015,0.001814,0.000218,-0.000471,0.000996,0.000231,0.002293
1790937223.750006,1790937223.790554,-0.000044,0.000179,0.000110,0.003210,-0.013873,0.707065,0.707005,-0.864,-1.384,90.015,-0.000010,0.000081,0.000372,0.002063,0.001296,-0.001965
1790937223.783341,1790937223.834314,-0.000020,0.000119,0.000119,0.003211,-0.013872,0.707050,0.707020,-0.864,-1.384,90.013,-0.001624,-0.000652,0.000152,0.002063,0.000231,-0.000900
1790937223.816676,1790937223.872743,-0.000043,0.000111,0.000129,0.003213,-0.013860,0.707050,0.707020,-0.863,-1.383,90.013,-0.000577,0.000833,0.000705,-0.000068,0.000230,-0.004096
1790937223.850011,1790937223.905091,-0.000031,0.000143,0.000121,0.003218,-0.013843,0.707045,0.707026,-0.861,-1.382,90.012,0.000480,-0.000056,0.000400,0.006321,-0.000839,0.002296
1790937223.883345,1790937223.935507,-0.000039,0.000117,0.000126,0.003234,-0.013856,0.707056,0.707015,-0.861,-1.385,90.014,-0.001168,0.000549,0.000549,-0.000069,0.001293,0.000166
1790937223.916680,1790937223.980465,-0.000025,0.000110,0.000133,0.003225,-0.013855,0.707047,0.707023,-0.862,-1.384,90.012,-0.000375,-0.000535,0.000106,0.000996,-0.000838,0.000166
1790937223.950015,1790937224.001702,-0.000052,0.000090,0.000132,0.003231,-0.013850,0.707044,0.707026,-0.861,-1.384,90.012,-0.000802,0.000895,0.000153,0.004191,-0.000838,-0.000899
1790937223.983348,1790937224.023645,-0.000035,0.000102,0.000129,0.003238,-0.013843,0.707033,0.707038,-0.859,-1.384,90.010,0.000271,-0.000179,0.000011,-0.001134,-0.000838,0.000167
1790937224.016683,1790937224.060477,-0.000033,0.000095,0.000128,0.003246,-0.013839,0.707037,0.707034,-0.859,-1.384,90.011,-0.000214,-0.000062,-0.000074,-0.000070,0.000228,0.000167
1790937224.050017,1790937224.113923,-0.000065,0.000130,0.000133,0.003232,-0.013840,0.707042,0.707029,-0.860,-1.383,90.011,0.000992,0.001015,0.000273,0.003126,0.000228,-0.000899
1790937224.083352,1790937224.148395,-0.000049,0.000088,0.000138,0.003242,-0.013841,0.707031,0.707040,-0.859,-1.384,90.010,-0.001452,-0.000519,0.000361,0.000994,0.001292,0.001231
1790937224.116687,1790937224.180145,-0.000072,0.000082,0.000127,0.003235,-0.013864,0.707031,0.707040,-0.861,-1.385,90.010,-0.000348,0.000978,-0.000310,0.002060,0.000228,-0.001962
1790937224.150022,1790937224.210979,-0.000068,0.000107,0.000121,0.003248,-0.013870,0.707033,0.707037,-0.861,-1.387,90.010,0.000725,0.000367,-0.000392,-0.001135,0.001294,-0.000896
1790937224.183357,1790937224.243235,-0.000050,0.000148,0.000128,0.003217,-0.013858,0.707043,0.707027,-0.862,-1.384,90.012,0.001461,-0.000422,0.000136,0.000994,0.001293,0.002297
1790937224.216691,1790937224.274656,-0.000048,0.000121,0.000126,0.003234,-0.013847,0.707035,0.707036,-0.860,-1.384,90.010,-0.001337,-0.000013,0.000163,0.005254,0.003423,-0.000897
1790937224.250026,1790937224.306622,-0.000010,0.000121,0.000123,0.003265,-0.013840,0.707041,0.707030,-0.857,-1.386,90.011,-0.000151,-0.001072,0.000011,0.000994,0.000227,-0.000895
1790937224.283360,1790937224.333424,-0.000067,0.000104,0.000125,0.003250,-0.013855,0.707044,0.707027,-0.860,-1.386,90.012,-0.000865,0.002237,0.000349,-0.002202,0.000227,0.002299
1790937224.316695,1790937224.376886,-0.000020,0.000165,0.000113,0.003243,-0.013849,0.707052,0.707018,-0.860,-1.385,90.013,0.001835,-0.001452,-0.000288,0.000993,-0.000839,0.001232
1790937224.350029,1790937224.411206,-0.000015,0.000205,0.000091,0.003236,-0.013850,0.707043,0.707027,-0.860,-1.384,90.012,0.000236,-0.000368,-0.000602,-0.000071,0.000228,-0.001963
1790937224.383363,1790937224.445548,-0.000056,0.000121,0.000115,0.003244,-0.013859,0.707037,0.707034,-0.860,-1.386,90.011,-0.002326,0.001330,0.000804,0.002060,-0.002968,0.001231
1790937224.416697,1790937224.479811,-0.000042,0.000125,0.000127,0.003243,-0.013841,0.707036,0.707034,-0.859,-1.384,90.011,0.000239,-0.000485,0.000479,-0.001136,-0.001904,0.004426
1790937224.450031,1790937224.513750,-0.000049,0.000122,0.000123,0.003228,-0.013845,0.707037,0.707034,-0.860,-1.383,90.011,-0.000064,0.000281,-0.000274,-0.001136,0.000228,-0.001963
1790937224.483366,1790937224.546611,-0.000067,0.000130,0.000127,0.003241,-0.013844,0.707029,0.707042,-0.859,-1.384,90.009,0.000337,0.001052,-0.000170,-0.000072,-0.000838,0.000168
1790937224.516700,1790937224.573405,-0.000087,0.000106,0.000137,0.003228,-0.013852,0.707037,0.707034,-0.861,-1.384,90.011,-0.000862,0.001468,0.000366,0.003124,0.001292,0.003365
1790937224.550034,1790937224.610343,-0.000075,0.000081,0.000138,0.003253,-0.013866,0.707042,0.707028,-0.860,-1.387,90.012,-0.001114,0.000162,0.000631,-0.000072,0.000225,-0.001960
1790937224.583368,1790937224.646097,-0.000070,0.000027,0.000151,0.003285,-0.013901,0.707049,0.707020,-0.860,-1.393,90.013,-0.002640,-0.000087,0.001308,-0.000071,-0.001913,-0.001963
1790937224.616702,1790937224.679529,-0.000056,0.000098,0.000116,0.003337,-0.013917,0.707053,0.707016,-0.858,-1.398,90.013,0.000981,-0.000105,-0.000021,0.003126,0.000215,-0.004092
1790937224.650036,1790937224.706590,-0.000007,0.000107,0.000103,0.003367,-0.013891,0.707061,0.707008,-0.853,-1.398,90.015,-0.000254,-0.001209,0.000336,-0.001135,0.001279,-0.001961
1790937224.683370,1790937224.730142,-0.000008,0.000085,0.000092,0.003397,-0.013918,0.707072,0.706996,-0.853,-1.403,90.017,-0.000850,-0.000284,-0.000280,-0.000070,0.001280,0.001231
1790937224.716704,1790937224.762438,-0.000051,0.000068,0.000112,0.003385,-0.013935,0.707060,0.707008,-0.855,-1.403,90.015,-0.000640,0.001175,0.000545,-0.004330,-0.002981,0.000166
1790937224.750038,1790937224.804891,-0.000012,0.000176,0.000066,0.003387,-0.013945,0.707064,0.707004,-0.856,-1.404,90.015,0.003462,-0.001386,-0.001698,0.003126,0.001281,0.003359
1790937224.783371,1790937224.843598,-0.000035,0.000164,0.000090,0.003382,-0.013917,0.707066,0.707003,-0.854,-1.402,90.016,-0.000281,0.000500,0.000488,0.004191,-0.000851,0.001227
1790937224.816705,1790937224.867387,-0.000019,0.000160,0.000094,0.003381,-0.013909,0.707071,0.706998,-0.853,-1.401,90.016,-0.000130,-0.000559,0.000384,-0.000070,0.001280,0.002292
1790937224.850038,1790937224.887055,-0.000029,0.000127,0.000083,0.003383,-0.013928,0.707062,0.707006,-0.855,-1.403,90.015,-0.001320,-0.000030,-0.000199,-0.000070,-0.000851,0.002291
1790937224.883371,1790937224.922363,-0.000039,0.000113,0.000092,0.003379,-0.013928,0.707056,0.707012,-0.855,-1.402,90.014,-0.000410,0.000111,0.000172,-0.001135,0.000216,0.003357
1790937224.916705,1790937224.981413,-0.000018,0.000090,0.000099,0.003386,-0.013922,0.707065,0.707003,-0.854,-1.402,90.015,-0.001003,-0.000721,0.000205,-0.000070,0.001281,0.003356
1790937224.950039,1790937225.001401,-0.000033,0.000069,0.000101,0.003384,-0.013939,0.707061,0.707007,-0.855,-1.404,90.015,-0.000591,0.000067,-0.000253,0.000995,0.000217,0.003355
1790937224.983372,1790937225.024793,-0.000046,0.000031,0.000113,0.003374,-0.013955,0.707055,0.707013,-0.858,-1.404,90.014,-0.001091,0.000259,0.000171,-0.000069,0.001281,-0.001971
1790937225.016706,1790937225.064262,-0.000022,0.000084,0.000105,0.003382,-0.013946,0.707060,0.707008,-0.856,-1.404,90.015,0.001496,-0.000734,-0.000083,0.002062,0.003412,0.000158
1790937225.050039,1790937225.125438,-0.000046,0.000076,0.000107,0.003359,-0.013932,0.707044,0.707025,-0.857,-1.401,90.012,-0.000672,0.000696,0.000464,-0.001134,0.001280,-0.000907
1790937225.083373,1790937225.156579,-0.000029,0.000108,0.000097,0.003373,-0.013921,0.707050,0.707018,-0.855,-1.401,90.013,0.000677,0.000130,-0.000140,0.002062,0.001279,-0.004100
1790937225.116707,1790937225.180689,-0.000054,0.000093,0.000101,0.003380,-0.013919,0.707058,0.707010,-0.854,-1.402,90.014,-0.000878,0.001177,0.000256,0.002061,0.001279,0.003356
1790937225.150041,1790937225.202848,-0.000039,0.000093,0.000103,0.003379,-0.013935,0.707062,0.707006,-0.856,-1.403,90.015,-0.000142,-0.000522,0.000112,0.000995,0.000214,0.003355
1790937225.183375,1790937225.224621,-0.000018,0.000095,0.000091,0.003372,-0.013935,0.707053,0.707015,-0.856,-1.402,90.014,-0.000171,-0.001063,-0.000429,0.002061,-0.002982,-0.001972
1790937225.216709,1790937225.256832,-0.000035,0.000103,0.000104,0.003368,-0.013919,0.707056,0.707012,-0.855,-1.401,90.014,0.000087,0.000066,0.000356,-0.000069,0.002345,0.000157
1790937225.250043,1790937225.314345,-0.000008,0.000082,0.000104,0.003361,-0.013910,0.707046,0.707023,-0.855,-1.399,90.012,-0.000909,-0.000905,0.000133,0.000995,0.004474,0.001222
1790937225.283377,1790937225.339829,-0.000030,0.000093,0.000107,0.003384,-0.013907,0.707048,0.707020,-0.853,-1.401,90.013,0.000017,0.001199,0.000358,0.000995,0.001278,-0.000907
1790937225.316710,1790937225.367097,-0.000023,0.000066,0.000110,0.003388,-0.013912,0.707055,0.707014,-0.853,-1.402,90.014,-0.001277,0.000370,0.000350,-0.000069,0.002344,0.001223
1790937225.350043,1790937225.411458,-0.000018,0.000109,0.000107,0.003372,-0.013912,0.707065,0.707004,-0.854,-1.400,90.015,0.000963,-0.000505,0.000111,-0.000069,-0.000855,0.003351
1790937225.383377,1790937225.441371,-0.000021,0.000067,0.000094,0.003378,-0.013932,0.707059,0.707009,-0.855,-1.403,90.014,-0.001328,-0.000385,-0.000284,-0.001134,-0.005114,-0.001975
1790937225.416710,1790937225.471868,-0.000022,0.000095,0.000104,0.003384,-0.013929,0.707054,0.707014,-0.855,-1.403,90.014,0.000946,-0.000233,-0.000135,-0.000069,0.000213,0.002283
1790937225.450044,1790937225.493165,-0.000042,0.000099,0.000107,0.003365,-0.013921,0.707062,0.707007,-0.856,-1.401,90.015,-0.000011,0.000312,-0.000136,-0.001133,0.000213,-0.000913
1790937225.483378,1790937225.549937,-0.000023,0.000069,0.000110,0.003372,-0.013929,0.707046,0.707022,-0.856,-1.402,90.012,-0.000814,-0.000691,0.000030,0.000996,0.000213,0.000152
1790937225.516711,1790937225.574275,-0.000029,0.000081,0.000111,0.003367,-0.013916,0.707056,0.707013,-0.855,-1.400,90.014,0.000019,0.000584,0.000237,0.002063,-0.000854,0.007608
1790937225.550045,1790937225.612604,-0.000014,0.000100,0.000106,0.003372,-0.013908,0.707053,0.707016,-0.854,-1.400,90.013,0.000220,-0.000346,0.000345,-0.003264,-0.000855,-0.001977
1790937225.583378,1790937225.637165,-0.000033,0.000098,0.000108,0.003358,-0.013917,0.707063,0.707006,-0.856,-1.400,90.015,-0.000570,0.000219,0.000450,0.002063,0.000211,0.004411
1790937225.616711,1790937225.682355,-0.000015,0.000091,0.000108,0.003360,-0.013919,0.707056,0.707012,-0.856,-1.400,90.014,-0.000731,-0.001012,0.000480,-0.003264,0.001275,-0.003047
1790937225.650044,1790937225.705955,-0.000056,0.000104,0.000103,0.003356,-0.013937,0.707047,0.707022,-0.858,-1.401,90.013,0.000090,0.001507,-0.000075,-0.001132,-0.004052,0.002279
1790937225.683378,1790937225.730772,-0.000038,0.000105,0.000115,0.003365,-0.013919,0.707061,0.707007,-0.855,-1.401,90.015,-0.000353,-0.000420,0.000449,-0.001133,0.001275,0.002277
1790937225.716711,1790937225.753730,-0.000036,0.000110,0.000105,0.003359,-0.013919,0.707045,0.707024,-0.856,-1.400,90.012,-0.000052,-0.000516,-0.000034,0.000997,0.000210,-0.003048
1790937225.750042,1790937225.797157,-0.000063,0.000079,0.000110,0.003378,-0.013923,0.707038,0.707030,-0.855,-1.402,90.011,-0.001382,0.001271,0.000361,0.000996,0.002340,0.000153
1790937225.783376,1790937225.832786,-0.000021,0.000120,0.000095,0.003382,-0.013921,0.707061,0.707008,-0.854,-1.402,90.015,0.000724,-0.000270,-0.000369,-0.005395,-0.000859,0.001220
1790937225.816709,1790937225.856451,-0.000012,0.000144,0.000079,0.003368,-0.013936,0.707059,0.707009,-0.857,-1.402,90.014,0.000618,-0.000128,-0.000578,-0.000068,0.002339,-0.001975
1790937225.850041,1790937225.890702,-0.000029,0.000132,0.000096,0.003366,-0.013907,0.707046,0.707023,-0.854,-1.400,90.012,-0.000544,0.000368,0.000635,0.003127,0.003403,-0.000910
1790937225.883374,1790937225.925874,-0.000048,0.000090,0.000115,0.003368,-0.013908,0.707049,0.707020,-0.854,-1.400,90.013,-0.001559,0.000613,0.000910,-0.003265,-0.000859,0.002284
1790937225.916707,1790937225.957036,-0.000036,0.000051,0.000112,0.003375,-0.013940,0.707058,0.707010,-0.856,-1.403,90.014,-0.001759,-0.000417,0.000050,0.002063,0.000207,-0.000911
1790937225.950040,1790937225.995331,-0.000066,0.000098,0.000112,0.003388,-0.013936,0.707055,0.707013,-0.855,-1.404,90.014,0.000975,0.001115,0.000037,0.004192,0.000207,-0.004106
1790937225.983372,1790937226.026414,0.000011,0.000076,0.000103,0.003379,-0.013927,0.707062,0.707006,-0.855,-1.402,90.015,-0.000892,-0.002396,-0.000300,-0.000069,-0.001924,0.003349
1790937226.016705,1790937226.060454,-0.000036,0.000114,0.000092,0.003383,-0.013933,0.707054,0.707014,-0.855,-1.403,90.014,0.001391,0.000723,-0.000660,0.000996,0.000209,-0.001979
1790937226.050037,1790937226.096002,-0.000018,0.000062,0.000116,0.003374,-0.013922,0.707047,0.707022,-0.855,-1.402,90.013,-0.001434,-0.000815,0.000530,-0.000069,0.002339,0.001215
1790937226.083372,1790937226.138745,-0.000039,0.000099,0.000086,0.003388,-0.013935,0.707042,0.707026,-0.855,-1.404,90.012,0.001285,0.000790,-0.001049,0.004192,-0.000857,-0.000915
1790937226.116711,1790937226.172887,-0.000065,0.000049,0.000097,0.003381,-0.013940,0.707044,0.707024,-0.856,-1.403,90.012,-0.001352,0.000838,-0.000041,-0.003264,-0.001921,0.001215
1790937226.150050,1790937226.198799,-0.000047,0.000027,0.000122,0.003386,-0.013960,0.707048,0.707020,-0.857,-1.406,90.013,-0.000780,-0.000315,0.000913,0.002063,0.002341,-0.003046
1790937226.183389,1790937226.228814,-0.000052,0.000075,0.000108,0.003384,-0.013949,0.707053,0.707015,-0.856,-1.404,90.014,0.000853,0.000289,-0.000271,0.000996,-0.000857,0.003345
1790937226.216728,1790937226.257474,-0.000029,0.000124,0.000107,0.003386,-0.013902,0.707055,0.707014,-0.852,-1.401,90.014,0.001205,-0.000328,0.000105,0.000996,0.000209,-0.003045
1790937226.250067,1790937226.292291,-0.000014,0.000190,0.000078,0.003384,-0.013910,0.707064,0.707005,-0.853,-1.401,90.015,0.001584,-0.000280,-0.000638,-0.001134,0.002340,0.001214
1790937226.283407,1790937226.340138,-0.000025,0.000057,0.000106,0.003373,-0.013935,0.707055,0.707013,-0.856,-1.402,90.014,-0.003969,-0.000086,0.000902,0.002062,0.000210,0.002277
1790937226.316746,1790937226.367608,-0.000046,0.000026,0.000118,0.003391,-0.013951,0.707055,0.707012,-0.856,-1.405,90.014,-0.001149,0.000229,0.000137,-0.000068,-0.000855,0.004404
1790937226.350085,1790937226.394251,-0.000058,0.000066,0.000106,0.003394,-0.013956,0.707039,0.707029,-0.856,-1.406,90.011,0.001148,0.000279,-0.000716,-0.002200,0.002343,0.003341
1790937226.383425,1790937226.424218,-0.000022,0.000068,0.000110,0.003384,-0.013926,0.707051,0.707017,-0.854,-1.403,90.013,-0.000102,-0.000977,0.000078,-0.000069,0.001276,-0.001985
1790937226.416764,1790937226.463211,-0.000019,0.000135,0.000105,0.003372,-0.013909,0.707045,0.707024,-0.854,-1.400,90.012,0.001881,0.000171,-0.000051,0.002062,0.000211,0.004407
1790937226.450104,1790937226.499234,-0.000003,0.000080,0.000110,0.003379,-0.013897,0.707064,0.707005,-0.853,-1.400,90.015,-0.002027,-0.000641,0.000398,-0.001133,0.001275,0.001207
1790937226.483443,1790937226.519707,-0.000056,0.000108,0.000097,0.003364,-0.013927,0.707047,0.707022,-0.856,-1.401,90.012,0.000631,0.001255,-0.000516,-0.001133,0.000211,0.001207
1790937226.516782,1790937226.553427,-0.000036,0.000045,0.000120,0.003359,-0.013925,0.707050,0.707018,-0.856,-1.400,90.013,-0.002210,-0.000582,0.000805,0.002063,-0.002986,0.000140
1790937226.550122,1790937226.597581,-0.000011,0.000096,0.000096,0.003391,-0.013916,0.707042,0.707026,-0.853,-1.402,90.012,0.001187,-0.000735,-0.000462,0.004192,-0.001922,0.000144
1790937226.583461,1790937226.628395,-0.000042,0.000104,0.000090,0.003386,-0.013919,0.707056,0.707012,-0.854,-1.402,90.014,0.000201,0.001199,-0.000299,-0.002200,-0.000857,-0.000922
1790937226.616800,1790937226.657681,-0.000017,0.000063,0.000111,0.003359,-0.013921,0.707047,0.707021,-0.856,-1.400,90.013,-0.001117,-0.000827,0.000430,0.000996,0.000209,0.000143
1790937226.650139,1790937226.705172,-0.000029,0.000090,0.000108,0.003377,-0.013896,0.707060,0.707009,-0.853,-1.400,90.015,0.000455,0.000278,0.000227,-0.000068,0.000208,0.001206
1790937226.683478,1790937226.726747,-0.000031,0.000083,0.000101,0.003371,-0.013925,0.707047,0.707022,-0.855,-1.401,90.012,-0.000457,0.000188,0.000135,-0.003264,0.000208,0.000142
1790937226.716817,1790937226.759071,-0.000023,0.000094,0.000099,0.003381,-0.013912,0.707049,0.707019,-0.854,-1.401,90.013,0.000182,-0.000093,0.000057,-0.001133,0.000208,-0.000923
1790937226.750157,1790937226.802000,-0.000044,0.000090,0.000097,0.003381,-0.013926,0.707050,0.707018,-0.855,-1.402,90.013,-0.000408,0.000719,-0.000104,0.002063,0.002339,-0.003056
1790937226.783496,1790937226.826874,-0.000044,0.000083,0.000091,0.003375,-0.013930,0.707037,0.707031,-0.855,-1.402,90.011,-0.000301,0.000270,-0.000139,-0.003264,-0.001923,0.000141
1790937226.816835,1790937226.855245,-0.000049,0.000112,0.000090,0.003363,-0.013934,0.707047,0.707021,-0.857,-1.402,90.013,0.000815,0.000492,-0.000251,0.005257,0.000208,0.001205
1790937226.850175,1790937226.887980,-0.000036,0.000109,0.000101,0.003382,-0.013910,0.707049,0.707019,-0.853,-1.401,90.013,-0.000285,-0.000228,0.000324,0.002063,0.000208,0.001206
1790937226.883514,1790937226.928277,-0.000024,0.000131,0.000089,0.003366,-0.013920,0.707063,0.707006,-0.855,-1.401,90.015,0.000559,-0.000348,-0.000359,-0.004328,0.002339,-0.000925
1790937226.916853,1790937226.965624,-0.000021,0.000132,0.000097,0.003390,-0.013896,0.707052,0.707017,-0.852,-1.401,90.013,-0.000225,0.000332,0.000611,0.004192,-0.002988,0.000143
1790937226.950193,1790937226.986694,-0.000038,0.000121,0.000092,0.003374,-0.013926,0.707057,0.707012,-0.855,-1.402,90.014,-0.000494,0.000849,-0.000200,0.000996,-0.001923,-0.000923
1790937226.983532,1790937227.026072,-0.000071,0.000007,0.000115,0.003393,-0.013975,0.707045,0.707022,-0.858,-1.407,90.012,-0.003534,0.000953,0.000418,-0.002199,0.000210,0.001206
1790937227.016872,1790937227.061665,-0.000017,0.000142,0.000101,0.003403,-0.013950,0.707040,0.707028,-0.855,-1.406,90.011,0.004190,-0.001304,-0.000688,-0.000069,0.000208,-0.003050
1790937227.050211,1790937227.094882,-0.000044,0.000065,0.000097,0.003380,-0.013937,0.707056,0.707012,-0.856,-1.403,90.014,-0.002207,0.000683,-0.000094,0.000996,0.001274,-0.001987
1790937227.083549,1790937227.128097,-0.000018,0.000083,0.000107,0.003385,-0.013925,0.707038,0.707030,-0.854,-1.403,90.011,0.000348,-0.000810,0.000282,-0.001133,-0.002987,0.002273
1790937227.116887,1790937227.163254,-0.000021,0.000108,0.000097,0.003378,-0.013915,0.707063,0.707005,-0.854,-1.401,90.015,0.000660,0.000180,-0.000339,0.000997,0.001274,0.004403
1790937227.150225,1790937227.200804,-0.000005,0.000066,0.000099,0.003368,-0.013922,0.707052,0.707017,-0.855,-1.401,90.013,-0.001275,-0.000901,-0.000045,-0.000068,-0.001922,-0.000925
1790937227.183563,1790937227.233889,-0.000021,0.000085,0.000099,0.003377,-0.013927,0.707051,0.707017,-0.855,-1.402,90.013,0.000832,-0.000084,-0.000200,-0.000067,0.000211,0.003334
1790937227.216901,1790937227.254170,-0.000037,0.000099,0.000105,0.003367,-0.013918,0.707054,0.707014,-0.855,-1.401,90.014,0.000384,0.000586,-0.000044,0.000998,0.000211,0.000139
1790937227.250239,1790937227.299530,-0.000025,0.000033,0.000123,0.003379,-0.013911,0.707046,0.707022,-0.854,-1.401,90.012,-0.002369,-0.000138,0.000971,-0.002199,0.002340,-0.003057
1790937227.283577,1790937227.337656,-0.000058,0.000048,0.000124,0.003387,-0.013938,0.707047,0.707021,-0.855,-1.404,90.013,-0.000127,0.001308,0.000433,-0.002199,0.000209,-0.000925
1790937227.316915,1790937227.360904,-0.000061,0.000068,0.000112,0.003383,-0.013951,0.707048,0.707020,-0.857,-1.405,90.013,0.000062,0.000421,-0.000132,-0.000068,0.002340,0.004400
1790937227.350252,1790937227.393494,-0.000042,0.000115,0.000097,0.003384,-0.013935,0.707050,0.707019,-0.855,-1.403,90.013,0.001161,-0.000135,-0.000430,-0.001132,-0.000857,-0.001988
1790937227.383590,1790937227.433833,-0.000003,0.000131,0.000084,0.003375,-0.013939,0.707057,0.707011,-0.856,-1.403,90.014,0.000648,-0.001040,-0.000851,0.002064,0.001275,-0.000925
1790937227.416928,1790937227.467426,-0.000077,0.000070,0.000105,0.003378,-0.013935,0.707040,0.707028,-0.856,-1.403,90.011,-0.001628,0.002335,0.000354,-0.000068,-0.000856,-0.000923
1790937227.450266,1790937227.499239,-0.000040,0.000038,0.000125,0.003385,-0.013933,0.707038,0.707030,-0.855,-1.403,90.011,-0.001475,-0.000366,0.001189,0.002063,-0.001923,-0.000920
1790937227.483604,1790937227.529338,-0.000064,0.000063,0.000106,0.003395,-0.013953,0.707041,0.707027,-0.856,-1.406,90.012,0.000320,0.001148,-0.000384,0.002062,-0.000857,-0.001984
1790937227.516941,1790937227.572754,-0.000027,0.000165,0.000077,0.003384,-0.013945,0.707050,0.707018,-0.856,-1.404,90.013,0.003515,-0.000779,-0.001448,-0.001133,0.000211,0.001212
1790937227.550279,1790937227.609976,-0.000002,0.000109,0.000095,0.003367,-0.013919,0.707057,0.707011,-0.855,-1.401,90.014,-0.001614,-0.000867,0.000378,-0.001133,-0.000856,0.003340
1790937227.583617,1790937227.633588,-0.000035,0.000042,0.000098,0.003374,-0.013930,0.707047,0.707021,-0.856,-1.402,90.013,-0.002144,0.000557,0.000159,0.000996,0.000211,0.000143
1790937227.616954,1790937227.669163,-0.000018,0.000070,0.000108,0.003389,-0.013922,0.707040,0.707028,-0.854,-1.403,90.011,0.000630,-0.000595,0.000039,0.000996,-0.000855,-0.003051
1790937227.650292,1790937227.717144,-0.000048,0.000065,0.000111,0.003376,-0.013919,0.707039,0.707030,-0.854,-1.401,90.011,-0.000513,0.001432,0.000318,0.000996,-0.000856,-0.001982
1790937227.683630,1790937227.750942,-0.000044,0.000171,0.000084,0.003372,-0.013919,0.707045,0.707024,-0.855,-1.401,90.012,0.003231,0.000734,-0.000995,-0.001134,0.000211,0.001214
1790937227.716968,1790937227.785436,-0.000021,0.000082,0.000108,0.003380,-0.013917,0.707053,0.707016,-0.854,-1.402,90.013,-0.002956,-0.000412,0.000828,0.000996,0.000211,0.002278
1790937227.750306,1790937227.819951,-0.000006,0.000136,0.000092,0.003386,-0.013914,0.707050,0.707018,-0.853,-1.402,90.013,0.001411,-0.000398,-0.000497,-0.000069,-0.000856,0.001215
1790937227.783643,1790937227.848184,-0.000031,0.000057,0.000112,0.003384,-0.013909,0.707052,0.707016,-0.853,-1.401,90.013,-0.002688,0.001022,0.000824,-0.000070,0.000211,0.001215
1790937227.816981,1790937227.875373,-0.000026,0.000175,0.000079,0.003377,-0.013933,0.707054,0.707014,-0.856,-1.403,90.014,0.003628,0.000155,-0.001161,0.003126,0.000212,0.001216
1790937227.850319,1790937227.900784,-0.000006,0.000164,0.000079,0.003375,-0.013915,0.707059,0.707010,-0.854,-1.401,90.014,-0.000231,-0.000622,-0.000288,-0.000069,0.000213,0.000150
1790937227.883657,1790937227.947942,-0.000064,0.000140,0.000103,0.003350,-0.013916,0.707054,0.707014,-0.856,-1.399,90.014,-0.000536,0.001701,0.000716,-0.001134,0.000212,0.000149
1790937227.916995,1790937227.970618,-0.000025,0.000127,0.000101,0.003348,-0.013919,0.707060,0.707008,-0.857,-1.399,90.015,-0.000581,-0.001340,0.000004,-0.001133,-0.000854,0.001212
1790937227.950332,1790937227.987746,-0.000060,0.000109,0.000094,0.003353,-0.013915,0.707041,0.707027,-0.856,-1.399,90.012,-0.000894,0.001320,-0.000196,0.003127,0.004472,0.000149
1790937227.983669,1790937228.030968,-0.000014,0.000146,0.000099,0.003371,-0.013896,0.707061,0.707008,-0.853,-1.399,90.015,0.000830,-0.000926,0.000213,0.005256,-0.000855,-0.003046
1790937228.017007,1790937228.075968,-0.000017,0.000018,0.000125,0.003383,-0.013920,0.707057,0.707011,-0.854,-1.402,90.014,-0.004484,-0.000192,0.001288,0.000996,0.000210,-0.001983
1790937228.050344,1790937228.108257,-0.000064,0.000068,0.000111,0.003391,-0.013933,0.707039,0.707030,-0.854,-1.404,90.011,0.000636,0.001584,0.000166,-0.000070,-0.001921,-0.001979
1790937228.083685,1790937228.137361,-0.000071,0.000034,0.000123,0.003372,-0.013962,0.707045,0.707022,-0.858,-1.404,90.012,-0.001228,0.000638,0.000330,-0.000070,0.001274,-0.001981
1790937228.117038,1790937228.163497,-0.000041,0.000082,0.000110,0.003370,-0.013949,0.707041,0.707027,-0.857,-1.403,90.012,0.001085,-0.000742,-0.000132,-0.001134,0.002340,0.003346
1790937228.150391,1790937228.185342,-0.000054,0.000087,0.000104,0.003370,-0.013926,0.707044,0.707024,-0.856,-1.401,90.012,-0.000117,0.000759,-0.000032,-0.001135,-0.000858,-0.000914
1790937228.183744,1790937228.221891,-0.000023,0.000081,0.000099,0.003383,-0.013925,0.707052,0.707016,-0.854,-1.402,90.013,-0.000178,-0.000834,-0.000291,0.002061,-0.001922,0.000151
1790937228.217098,1790937228.259850,-0.000064,0.000077,0.000102,0.003381,-0.013927,0.707047,0.707022,-0.855,-1.402,90.012,-0.000171,0.001397,-0.000025,0.000994,-0.001922,-0.001978
1790937228.250452,1790937228.301362,0.000025,0.000110,0.000074,0.003393,-0.013942,0.707054,0.707014,-0.855,-1.405,90.014,0.001361,-0.002745,-0.001322,-0.001135,-0.001919,0.001214
1790937228.283806,1790937228.336649,-0.000030,0.000032,0.000116,0.003387,-0.013916,0.707051,0.707017,-0.853,-1.402,90.013,-0.002218,0.001337,0.001179,0.002061,0.003406,0.002278
1790937228.317160,1790937228.372701,-0.000045,0.000098,0.000104,0.003377,-0.013921,0.707041,0.707027,-0.855,-1.402,90.012,0.001589,0.000880,0.000121,0.004190,-0.001922,0.001216
1790937228.350514,1790937228.402274,-0.000047,0.000068,0.000111,0.003377,-0.013926,0.707050,0.707019,-0.855,-1.402,90.013,-0.000998,0.000458,0.000367,-0.001135,-0.000857,0.002280
1790937228.383869,1790937228.446240,-0.000011,0.000124,0.000096,0.003391,-0.013913,0.707063,0.707006,-0.853,-1.402,90.015,0.001884,-0.001302,-0.000678,0.000994,0.001275,0.001213
1790937228.417222,1790937228.479436,-0.000023,0.000121,0.000090,0.003368,-0.013929,0.707050,0.707018,-0.856,-1.401,90.013,0.000133,0.000398,-0.000574,0.002060,0.002343,-0.000915
1790937228.450577,1790937228.512039,-0.000068,0.000036,0.000109,0.003368,-0.013945,0.707043,0.707025,-0.857,-1.403,90.012,-0.002365,0.001442,0.000239,0.002060,-0.001919,-0.001981
1790937228.483932,1790937228.548350,0.000003,0.000113,0.000091,0.003377,-0.013957,0.707054,0.707013,-0.858,-1.405,90.014,0.002609,-0.002483,-0.001062,-0.002201,-0.000853,0.000146
1790937228.517287,1790937228.581428,-0.000087,0.000086,0.000107,0.003359,-0.013929,0.707044,0.707024,-0.857,-1.401,90.012,-0.000833,0.002850,0.000284,0.003126,0.003409,-0.005178
1790937228.550643,1790937228.606816,-0.000068,0.000068,0.000113,0.003363,-0.013958,0.707042,0.707026,-0.859,-1.403,90.012,-0.000898,0.000213,0.000336,-0.002201,0.000213,-0.001981
1790937228.583999,1790937228.640220,-0.000050,0.000087,0.000105,0.003358,-0.013943,0.707056,0.707013,-0.858,-1.402,90.014,0.000144,-0.000348,-0.000123,-0.000070,-0.000853,-0.000917
1790937228.617355,1790937228.666362,-0.000010,0.000089,0.000103,0.003367,-0.013931,0.707048,0.707021,-0.856,-1.402,90.013,0.000063,-0.001401,-0.000275,-0.002201,0.000214,0.001212
1790937228.650711,1790937228.690692,-0.000048,0.000094,0.000115,0.003362,-0.013908,0.707048,0.707021,-0.855,-1.399,90.013,-0.000007,0.001356,0.000393,0.000995,0.002344,0.001212
1790937228.684067,1790937228.723523,-0.000035,0.000145,0.000097,0.003352,-0.013907,0.707049,0.707020,-0.856,-1.398,90.013,0.001351,0.000039,-0.000327,0.000995,0.001277,0.001212
1790937228.717423,1790937228.766286,-0.000052,0.000096,0.000115,0.003365,-0.013911,0.707059,0.707010,-0.855,-1.400,90.014,-0.002230,0.000955,0.000988,0.004191,0.001276,-0.000916
1790937228.750780,1790937228.795497,-0.000027,0.000092,0.000116,0.003372,-0.013899,0.707048,0.707021,-0.853,-1.399,90.013,-0.000718,-0.000508,0.000665,0.002060,0.000210,0.001215
1790937228.784137,1790937228.823613,-0.000044,0.000070,0.000118,0.003355,-0.013902,0.707051,0.707018,-0.855,-1.398,90.013,-0.001332,0.000772,0.000561,0.003125,-0.000857,-0.003045
1790937228.817493,1790937228.853315,-0.000030,0.000074,0.000104,0.003376,-0.013917,0.707055,0.707014,-0.854,-1.401,90.014,-0.000514,-0.000339,0.000054,0.002060,0.001274,-0.000915
1790937228.850850,1790937228.895128,-0.000050,0.000094,0.000103,0.003368,-0.013912,0.707048,0.707021,-0.855,-1.400,90.013,-0.000095,0.000699,0.000490,0.003125,0.000208,-0.000914
1790937228.884207,1790937228.928597,-0.000028,0.000100,0.000100,0.003349,-0.013916,0.707058,0.707011,-0.856,-1.399,90.014,-0.000241,-0.000510,0.000178,0.000994,-0.001923,0.000150
1790937228.917564,1790937228.958988,-0.000050,0.000049,0.000106,0.003362,-0.013934,0.707040,0.707028,-0.857,-1.401,90.011,-0.001700,0.000741,0.000148,-0.002202,0.000209,-0.003045
1790937228.950922,1790937229.004406,-0.000069,0.000099,0.000090,0.003375,-0.013967,0.707049,0.707019,-0.858,-1.405,90.013,0.001961,0.000778,-0.001185,-0.001135,-0.001920,0.005473
1790937228.984280,1790937229.038427,-0.000051,0.000079,0.000102,0.003376,-0.013929,0.707044,0.707024,-0.855,-1.402,90.012,-0.000252,-0.000652,-0.000048,0.000994,0.000211,0.000148
1790937229.017638,1790937229.066791,-0.000047,0.000069,0.000110,0.003374,-0.013930,0.707047,0.707021,-0.856,-1.402,90.013,-0.000419,-0.000200,0.000258,-0.000071,0.000211,0.000148
1790937229.050996,1790937229.102742,-0.000030,0.000101,0.000099,0.003364,-0.013918,0.707051,0.707017,-0.855,-1.400,90.013,0.000646,-0.000182,-0.000203,-0.000071,0.001275,0.002278
1790937229.084351,1790937229.140117,-0.000059,0.000107,0.000119,0.003371,-0.013892,0.707046,0.707023,-0.853,-1.399,90.012,-0.000484,0.001529,0.001039,0.002060,0.003404,-0.003044
1790937229.117689,1790937229.175602,-0.000044,0.000019,0.000117,0.003390,-0.013940,0.707058,0.707010,-0.855,-1.404,90.014,-0.003355,0.000090,0.000310,0.002060,0.000209,0.003347
1790937229.151028,1790937229.211468,0.000004,0.000076,0.000105,0.003402,-0.013948,0.707060,0.707007,-0.855,-1.406,90.015,0.001442,-0.001984,-0.000524,0.000994,0.000210,-0.000915
1790937229.184366,1790937229.240635,-0.000018,0.000116,0.000091,0.003392,-0.013908,0.707062,0.707006,-0.852,-1.402,90.015,0.001396,0.000157,-0.000802,0.004190,0.001275,0.002278
1790937229.217704,1790937229.275495,-0.000025,0.000088,0.000102,0.003368,-0.013909,0.707054,0.707015,-0.854,-1.400,90.014,-0.000739,-0.000145,0.000307,-0.002202,0.000210,-0.001982
1790937229.251042,1790937229.310705,-0.000013,0.000139,0.000086,0.003367,-0.013905,0.707046,0.707023,-0.854,-1.400,90.012,0.001514,-0.000219,-0.000619,0.002060,-0.001921,0.000149
1790937229.284380,1790937229.344157,-0.000040,0.000101,0.000095,0.003361,-0.013916,0.707056,0.707013,-0.855,-1.400,90.014,-0.001311,0.001068,0.000587,0.000994,-0.000857,-0.003048
1790937229.317717,1790937229.373089,-0.000062,0.000085,0.000099,0.003375,-0.013926,0.707053,0.707016,-0.855,-1.402,90.013,-0.000577,0.000838,0.000040,-0.002202,0.001274,0.000148
1790937229.351055,1790937229.395430,-0.000047,0.000090,0.000109,0.003376,-0.013931,0.707064,0.707005,-0.855,-1.402,90.015,-0.000145,0.000033,0.000112,-0.000071,0.000210,-0.000917
1790937229.384393,1790937229.424979,-0.000048,0.000077,0.000109,0.003356,-0.013931,0.707043,0.707025,-0.857,-1.401,90.012,-0.000685,-0.000047,0.000081,-0.000071,0.000210,0.000148
1790937229.417732,1790937229.455264,-0.000029,0.000068,0.000118,0.003371,-0.013917,0.707051,0.707018,-0.855,-1.401,90.013,-0.000578,-0.000487,0.000467,0.004190,0.000209,0.000148
1790937229.451069,1790937229.503055,-0.000005,0.000140,0.000101,0.003384,-0.013895,0.707051,0.707018,-0.852,-1.400,90.013,0.002172,-0.000577,-0.000489,0.000993,0.001275,0.005472
1790937229.484407,1790937229.532332,-0.000075,0.000073,0.000116,0.003367,-0.013917,0.707053,0.707016,-0.855,-1.400,90.013,-0.002327,0.002112,0.000649,-0.000071,0.000209,0.000147
1790937229.517745,1790937229.572206,-0.000024,0.000131,0.000094,0.003378,-0.013932,0.707057,0.707011,-0.855,-1.403,90.014,0.001572,-0.001409,-0.000859,0.000993,0.001276,0.001211
1790937229.551083,1790937229.625601,-0.000044,0.000070,0.000103,0.003361,-0.013921,0.707050,0.707018,-0.856,-1.400,90.013,-0.001287,0.000466,-0.000035,-0.001136,-0.001919,0.001210
1790937229.584421,1790937229.649556,-0.000041,0.000071,0.000112,0.003367,-0.013935,0.707049,0.707019,-0.857,-1.402,90.013,-0.000100,-0.000105,0.000289,-0.001136,0.001276,0.001210
1790937229.617759,1790937229.672852,-0.000057,0.000043,0.000116,0.003373,-0.013920,0.707031,0.707037,-0.855,-1.401,90.010,-0.001244,0.000950,0.000279,0.002059,0.000211,-0.003049
1790937229.651097,1790937229.698366,-0.000028,0.000073,0.000117,0.003365,-0.013931,0.707054,0.707015,-0.856,-1.401,90.014,0.000622,-0.000722,0.000202,-0.002202,0.000211,0.000145
1790937229.684435,1790937229.733728,-0.000040,0.000051,0.000113,0.003366,-0.013916,0.707048,0.707021,-0.855,-1.400,90.013,-0.000978,0.000509,0.000102,0.002060,0.000210,0.002276
1790937229.717773,1790937229.762241,-0.000045,0.000080,0.000104,0.003384,-0.013916,0.707058,0.707011,-0.854,-1.402,90.014,0.000561,0.000949,0.000116,0.003125,0.002340,0.002278
1790937229.751109,1790937229.795185,-0.000029,0.000010,0.000128,0.003384,-0.013924,0.707062,0.707006,-0.854,-1.402,90.015,-0.002857,-0.000603,0.001376,-0.001137,0.001272,-0.000920
1790937229.784447,1790937229.835017,-0.000057,0.000078,0.000121,0.003381,-0.013918,0.707037,0.707032,-0.854,-1.402,90.011,0.001244,0.000600,0.000575,-0.002204,-0.000861,-0.000918
1790937229.817785,1790937229.867621,-0.000033,0.000158,0.000091,0.003351,-0.013907,0.707039,0.707029,-0.856,-1.398,90.011,0.002089,0.000020,-0.000543,-0.003269,0.000205,-0.000914
1790937229.851123,1790937229.896543,-0.000031,0.000105,0.000095,0.003359,-0.013911,0.707055,0.707014,-0.855,-1.399,90.014,-0.001586,0.001003,-0.000171,-0.000072,-0.000860,-0.000912
1790937229.884460,1790937229.924897,-0.000014,0.000118,0.000105,0.003384,-0.013884,0.707071,0.706998,-0.851,-1.399,90.016,0.000496,0.000045,0.000083,0.005253,0.000206,-0.000912
1790937229.917798,1790937229.957771,-0.000071,0.000063,0.000118,0.003368,-0.013911,0.707056,0.707013,-0.855,-1.400,90.014,-0.002066,0.001738,0.000591,0.000992,-0.000860,0.001217
1790937229.951136,1790937229.993318,-0.000024,0.000055,0.000122,0.003366,-0.013929,0.707054,0.707015,-0.856,-1.401,90.014,-0.000513,-0.001418,0.000245,-0.000073,0.000206,-0.003044
1790937229.984473,1790937230.025345,-0.000066,0.000085,0.000108,0.003377,-0.013919,0.707047,0.707021,-0.854,-1.402,90.013,0.000682,0.001649,-0.000409,0.002058,0.001271,0.001217
1790937230.017811,1790937230.058453,-0.000034,0.000068,0.000124,0.003369,-0.013927,0.707064,0.707004,-0.856,-1.401,90.015,-0.000702,-0.000584,0.000562,-0.001137,0.001271,0.002281
1790937230.051149,1790937230.118130,-0.000039,0.000098,0.000115,0.003367,-0.013904,0.707062,0.707007,-0.854,-1.399,90.015,0.000946,-0.000179,-0.000306,0.000992,-0.000860,0.001216
1790937230.084486,1790937230.144498,-0.000023,0.000108,0.000110,0.003358,-0.013886,0.707055,0.707015,-0.853,-1.397,90.014,0.000094,-0.000782,0.000340,-0.000073,-0.000861,-0.004110
1790937230.117826,1790937230.167777,-0.000030,0.000099,0.000104,0.003365,-0.013898,0.707058,0.707011,-0.854,-1.399,90.014,-0.000253,-0.000008,-0.000230,0.000992,0.000206,-0.000915
1790937230.151165,1790937230.204362,-0.000007,0.000111,0.000113,0.003363,-0.013888,0.707057,0.707012,-0.853,-1.398,90.014,0.000355,-0.000663,0.000097,0.006317,-0.000860,0.002279
1790937230.184504,1790937230.228804,-0.000002,0.000116,0.000107,0.003374,-0.013879,0.707062,0.707007,-0.851,-1.398,90.015,-0.000025,-0.000135,-0.000083,-0.000073,-0.000861,0.001215
1790937230.217843,1790937230.279109,-0.000023,0.000091,0.000115,0.003364,-0.013887,0.707069,0.707000,-0.853,-1.398,90.016,-0.001109,0.000733,0.000528,0.003123,0.002336,0.001214
1790937230.251182,1790937230.310137,-0.000041,0.000141,0.000103,0.003355,-0.013886,0.707064,0.707005,-0.854,-1.397,90.015,0.001361,0.000345,-0.000344,0.002058,-0.001926,-0.001981
1790937230.284522,1790937230.336626,-0.000032,0.000170,0.000090,0.003358,-0.013893,0.707055,0.707015,-0.854,-1.398,90.014,0.000581,0.000089,-0.000380,0.000991,0.001270,-0.004110
1790937230.317861,1790937230.372579,-0.000017,0.000032,0.000125,0.003378,-0.013907,0.707062,0.707007,-0.853,-1.401,90.015,-0.004349,-0.000008,0.001092,-0.000073,-0.000860,-0.001979
1790937230.351200,1790937230.406175,-0.000023,0.000134,0.000103,0.003383,-0.013890,0.707075,0.706995,-0.852,-1.400,90.017,0.002829,0.000378,-0.000857,0.000992,0.001269,0.000149
1790937230.384540,1790937230.438900,-0.000040,0.000080,0.000124,0.003373,-0.013889,0.707078,0.706991,-0.852,-1.399,90.017,-0.001781,0.000589,0.000833,-0.000073,0.000204,0.001212
1790937230.417879,1790937230.472693,0.000003,0.000129,0.000112,0.003372,-0.013877,0.707077,0.706992,-0.852,-1.398,90.017,0.001226,-0.001589,-0.000231,0.002058,0.000203,0.002275
1790937230.451218,1790937230.495616,-0.000018,0.000167,0.000105,0.003345,-0.013874,0.707060,0.707010,-0.853,-1.395,90.014,0.000755,0.000440,0.000109,0.003122,0.003398,0.000146
1790937230.484558,1790937230.532271,-0.000014,0.000123,0.000111,0.003361,-0.013878,0.707057,0.707012,-0.852,-1.397,90.014,-0.001821,0.000229,0.000768,-0.003269,0.001266,-0.001982
1790937230.517897,1790937230.562199,-0.000048,0.000114,0.000110,0.003355,-0.013892,0.707050,0.707019,-0.854,-1.398,90.013,-0.000376,0.001671,0.000057,0.002057,0.000202,-0.003047
1790937230.551236,1790937230.592775,-0.000045,0.000106,0.000115,0.003355,-0.013886,0.707053,0.707016,-0.854,-1.397,90.013,-0.000536,0.000695,0.000147,0.000991,0.000202,0.000150
1790937230.584575,1790937230.623814,-0.000018,0.000071,0.000118,0.003371,-0.013880,0.707075,0.706995,-0.852,-1.398,90.017,-0.001621,-0.000313,0.000451,0.000991,-0.001931,-0.003046
1790937230.617914,1790937230.670700,-0.000022,0.000122,0.000103,0.003394,-0.013884,0.707064,0.707005,-0.850,-1.400,90.015,0.001500,0.000551,-0.000343,-0.000075,0.002333,-0.000913
1790937230.651253,1790937230.702936,-0.000033,0.000109,0.000118,0.003370,-0.013872,0.707056,0.707013,-0.851,-1.397,90.014,-0.000416,0.000865,0.000589,0.002055,0.000201,0.000153
1790937230.684592,1790937230.739686,-0.000025,0.000035,0.000128,0.003367,-0.013897,0.707071,0.706998,-0.854,-1.399,90.016,-0.002539,-0.000242,0.000753,0.003120,-0.002995,0.000152
1790937230.717931,1790937230.777529,0.000027,0.000284,0.000051,0.003380,-0.013922,0.707069,0.706999,-0.854,-1.402,90.016,0.008332,-0.001842,-0.002875,-0.003271,-0.000864,0.002280
1790937230.751270,1790937230.811256,-0.000017,0.000150,0.000087,0.003351,-0.013875,0.707063,0.707006,-0.853,-1.396,90.015,-0.004447,0.001525,0.001183,-0.002206,0.002333,0.001216
1790937230.784609,1790937230.846733,-0.000042,0.000078,0.000134,0.003344,-0.013898,0.707071,0.706998,-0.855,-1.397,90.016,-0.001572,0.000810,0.001435,0.002057,0.002332,0.001213
1790937230.817948,1790937230.866180,-0.000060,0.000040,0.000139,0.003353,-0.013905,0.707054,0.707015,-0.855,-1.398,90.014,-0.001785,0.000590,0.000616,0.000990,-0.000867,0.001212
1790937230.851287,1790937230.894809,-0.000015,0.000174,0.000089,0.003348,-0.013909,0.707064,0.707005,-0.856,-1.398,90.015,0.003838,-0.001322,-0.001208,-0.003270,0.001263,-0.001980
1790937230.884626,1790937230.930774,-0.000006,0.000079,0.000117,0.003355,-0.013892,0.707076,0.706993,-0.854,-1.397,90.017,-0.003100,-0.000502,0.001038,0.002058,-0.000869,0.003341
1790937230.917966,1790937230.964233,-0.000007,0.000101,0.000109,0.003371,-0.013878,0.707061,0.707008,-0.852,-1.398,90.015,0.000509,-0.000267,-0.000305,0.000991,-0.000868,0.000144
1790937230.951305,1790937230.996089,-0.000060,0.000084,0.000136,0.003341,-0.013871,0.707048,0.707022,-0.853,-1.395,90.013,-0.000970,0.001876,0.001312,0.000991,0.000196,0.001210
1790937230.984644,1790937231.025861,-0.000018,0.000074,0.000120,0.003357,-0.013892,0.707061,0.707008,-0.854,-1.398,90.015,-0.000905,-0.001079,0.000089,-0.004334,-0.000870,0.001210
1790937231.017983,1790937231.065987,-0.000037,0.000105,0.000112,0.003338,-0.013899,0.707051,0.707018,-0.856,-1.397,90.013,0.000515,0.000979,-0.000199,-0.003268,0.000195,-0.000917
1790937231.051322,1790937231.093543,-0.000032,0.000082,0.000121,0.003354,-0.013901,0.707070,0.706999,-0.855,-1.398,90.016,-0.000708,0.000367,0.000392,-0.002203,-0.001935,0.004406
1790937231.084660,1790937231.128374,-0.000013,0.000049,0.000121,0.003370,-0.013918,0.707072,0.706996,-0.855,-1.401,90.017,-0.000957,-0.001158,-0.000554,-0.003268,-0.000870,-0.001985
1790937231.118001,1790937231.164629,-0.000012,0.000063,0.000116,0.003368,-0.013912,0.707058,0.707011,-0.855,-1.400,90.014,0.000467,-0.000401,-0.000602,-0.000072,0.000197,-0.000920
1790937231.151343,1790937231.202913,-0.000024,0.000134,0.000101,0.003381,-0.013872,0.707068,0.707001,-0.850,-1.398,90.016,0.002228,0.000597,-0.000694,0.002059,0.000197,-0.001985
1790937231.184685,1790937231.236590,-0.000039,0.000043,0.000130,0.003355,-0.013893,0.707059,0.707010,-0.854,-1.397,90.014,-0.003177,0.000687,0.001489,0.000992,0.002326,-0.001985
1790937231.218026,1790937231.269088,-0.000024,0.000006,0.000132,0.003395,-0.013923,0.707056,0.707012,-0.853,-1.403,90.014,-0.001875,-0.000531,0.000511,0.002058,0.000195,0.002273
1790937231.251368,1790937231.302232,-0.000028,0.000092,0.000114,0.003378,-0.013908,0.707057,0.707012,-0.853,-1.401,90.014,0.002178,0.000137,-0.000326,-0.000073,0.003390,0.002273
1790937231.284710,1790937231.334121,-0.000020,0.000044,0.000127,0.003376,-0.013882,0.707063,0.707007,-0.851,-1.398,90.015,-0.001795,0.000047,0.000645,-0.000073,0.002324,0.002274
1790937231.318052,1790937231.362285,-0.000044,0.000071,0.000121,0.003385,-0.013892,0.707057,0.707012,-0.852,-1.400,90.014,0.000140,0.001008,0.000481,-0.000074,0.001257,-0.000920
1790937231.351393,1790937231.408611,-0.000049,0.000027,0.000136,0.003368,-0.013899,0.707050,0.707019,-0.854,-1.399,90.013,-0.001982,-0.000360,0.000921,-0.002203,0.002320,0.001200
1790937231.384735,1790937231.442303,-0.000035,0.000049,0.000128,0.003382,-0.013896,0.707035,0.707034,-0.852,-1.400,90.010,-0.000014,-0.000414,0.000347,-0.001138,-0.000878,0.003339
1790937231.418077,1790937231.478155,-0.000013,0.000115,0.000095,0.003375,-0.013907,0.707060,0.707008,-0.854,-1.400,90.015,0.001907,0.000219,-0.001134,-0.000072,-0.000877,-0.000922
1790937231.451419,1790937231.513401,-0.000004,0.000134,0.000100,0.003366,-0.013890,0.707061,0.707008,-0.853,-1.398,90.015,0.000936,0.000047,-0.000442,0.002059,-0.001940,-0.004117
1790937231.484761,1790937231.550554,0.000023,0.000143,0.000090,0.003367,-0.013881,0.707061,0.707008,-0.852,-1.398,90.015,0.000028,-0.000624,-0.000274,-0.000072,-0.000877,0.000143
1790937231.518101,1790937231.583041,-0.000036,0.000097,0.000109,0.003374,-0.013898,0.707068,0.707001,-0.853,-1.399,90.016,-0.001192,0.001415,0.000091,-0.001136,-0.000874,0.002268
1790937231.551443,1790937231.605563,-0.000023,0.000061,0.000124,0.003367,-0.013900,0.707052,0.707016,-0.854,-1.399,90.013,-0.001120,-0.000428,0.000140,-0.000071,0.001258,0.001204
1790937231.584785,1790937231.636343,-0.000032,0.000153,0.000091,0.003367,-0.013900,0.707059,0.707010,-0.854,-1.399,90.014,0.002742,0.000777,-0.001031,-0.002202,-0.001937,0.002270
1790937231.618127,1790937231.669734,-0.000052,0.000028,0.000128,0.003366,-0.013918,0.707066,0.707003,-0.855,-1.400,90.016,-0.003782,0.000809,0.000866,0.000994,0.001259,-0.000928
1790937231.651469,1790937231.708972,-0.000047,0.000099,0.000117,0.003370,-0.013919,0.707063,0.707005,-0.855,-1.401,90.015,0.001657,-0.000157,-0.000011,0.002061,0.000193,-0.000928
1790937231.684811,1790937231.741953,-0.000008,0.000034,0.000120,0.003372,-0.013898,0.707051,0.707018,-0.853,-1.399,90.013,-0.002211,-0.000926,0.000129,-0.001135,-0.000873,0.000139
1790937231.718153,1790937231.775123,-0.000013,0.000124,0.000100,0.003365,-0.013905,0.707053,0.707016,-0.854,-1.399,90.013,0.002621,0.000449,-0.000838,-0.001135,-0.000872,0.001204
1790937231.751495,1790937231.798805,-0.000013,0.000185,0.000090,0.003369,-0.013880,0.707068,0.707002,-0.852,-1.398,90.016,0.001784,0.000833,-0.000477,-0.002201,-0.000872,0.003337
1790937231.784837,1790937231.833829,-0.000007,0.000123,0.000093,0.003374,-0.013895,0.707080,0.706989,-0.853,-1.399,90.018,-0.001510,-0.000305,-0.000129,-0.002200,-0.000871,0.000135
1790937231.818179,1790937231.859676,-0.000025,0.000047,0.000116,0.003357,-0.013909,0.707065,0.707003,-0.855,-1.399,90.015,-0.002223,-0.000263,0.000672,-0.001133,0.001259,0.003329
1790937231.851521,1790937231.905941,-0.000002,0.000144,0.000099,0.003354,-0.013902,0.707062,0.707007,-0.855,-1.398,90.015,0.002718,-0.001064,-0.000571,-0.002198,-0.000874,-0.005194
1790937231.884864,1790937231.940181,-0.000057,0.000143,0.000096,0.003357,-0.013886,0.707054,0.707015,-0.853,-1.397,90.014,-0.000155,0.001940,0.000022,-0.000067,-0.000874,0.003328
1790937231.918205,1790937231.971106,-0.000024,0.000099,0.000109,0.003351,-0.013879,0.707063,0.707006,-0.853,-1.396,90.015,-0.001462,-0.000659,0.000400,-0.004327,-0.000875,0.003327
1790937231.951548,1790937232.003883,-0.000017,0.000069,0.000118,0.003361,-0.013888,0.707059,0.707010,-0.853,-1.398,90.014,-0.001470,-0.000527,0.000708,0.005258,0.002322,-0.001999
1790937231.984889,1790937232.034518,0.000006,0.000127,0.000104,0.003368,-0.013861,0.707052,0.707018,-0.850,-1.396,90.013,0.001371,-0.001068,-0.000138,0.002063,-0.000876,-0.002000
1790937232.018231,1790937232.070927,-0.000058,0.000128,0.000110,0.003365,-0.013860,0.707053,0.707016,-0.851,-1.396,90.013,-0.000032,0.002060,0.000164,-0.001133,0.000191,0.000131
1790937232.051573,1790937232.093031,-0.000022,0.000097,0.000103,0.003351,-0.013891,0.707061,0.707009,-0.854,-1.397,90.015,-0.000886,-0.000532,-0.000377,0.002063,0.000191,0.001196
1790937232.084916,1790937232.125272,-0.000019,0.000050,0.000116,0.003366,-0.013895,0.707056,0.707013,-0.853,-1.399,90.014,-0.001574,-0.000087,0.000354,-0.001133,-0.000875,0.000131
1790937232.118256,1790937232.162223,-0.000016,-0.000009,0.000129,0.003408,-0.013901,0.707054,0.707015,-0.850,-1.403,90.014,-0.002089,-0.000116,0.000414,-0.000068,-0.001940,-0.000934
1790937232.151596,1790937232.201925,-0.000025,0.000051,0.000112,0.003400,-0.013930,0.707055,0.707013,-0.853,-1.404,90.014,0.001769,0.000416,-0.000671,-0.003264,0.001255,0.000131
1790937232.184936,1790937232.223089,-0.000026,0.000108,0.000097,0.003370,-0.013918,0.707065,0.707003,-0.855,-1.401,90.015,0.001861,0.000148,-0.000424,-0.002199,0.000191,-0.000934
1790937232.218277,1790937232.267995,-0.000040,0.000080,0.000104,0.003353,-0.013907,0.707049,0.707020,-0.855,-1.399,90.013,-0.000655,0.000389,-0.000076,0.002063,-0.001940,0.000131
1790937232.251617,1790937232.297399,-0.000032,0.000066,0.000107,0.003379,-0.013911,0.707052,0.707017,-0.854,-1.401,90.013,-0.000644,0.000033,-0.000135,-0.000068,-0.001940,0.000132
1790937232.284957,1790937232.330525,-0.000055,0.000022,0.000113,0.003401,-0.013945,0.707053,0.707015,-0.855,-1.405,90.014,-0.001197,0.001062,-0.000216,0.000997,0.000193,-0.000933
1790937232.318298,1790937232.371890,-0.000019,0.000041,0.000125,0.003402,-0.013943,0.707056,0.707012,-0.854,-1.405,90.014,0.000622,-0.001154,0.000192,0.002063,0.001256,0.000131
1790937232.351638,1790937232.395262,0.000004,0.000060,0.000110,0.003382,-0.013910,0.707057,0.707012,-0.853,-1.401,90.014,0.000116,-0.001182,-0.000100,0.000997,0.001256,-0.002000
1790937232.384978,1790937232.429621,-0.000041,0.000068,0.000113,0.003394,-0.013892,0.707050,0.707019,-0.851,-1.401,90.013,0.000178,0.001141,0.000047,0.000997,-0.000875,-0.000935
1790937232.418318,1790937232.462598,-0.000029,0.000095,0.000111,0.003373,-0.013909,0.707041,0.707028,-0.854,-1.400,90.011,0.000716,-0.000409,-0.000312,-0.001133,0.000192,-0.002000
1790937232.451658,1790937232.498327,-0.000050,0.000106,0.000104,0.003365,-0.013897,0.707045,0.707024,-0.854,-1.399,90.012,0.000274,0.000950,-0.000136,0.000997,0.001256,0.001195
1790937232.484998,1790937232.523035,-0.000020,0.000087,0.000104,0.003375,-0.013901,0.707044,0.707025,-0.853,-1.400,90.012,-0.000832,-0.000556,-0.000171,-0.000068,-0.001939,0.001195
1790937232.518339,1790937232.559369,-0.000040,0.000034,0.000115,0.003409,-0.013956,0.707042,0.707026,-0.855,-1.407,90.012,-0.001880,0.000459,0.000582,0.002063,-0.004071,0.000129
1790937232.551679,1790937232.608104,-0.000081,-0.000005,0.000128,0.003482,-0.014038,0.707039,0.707027,-0.856,-1.420,90.012,-0.001296,0.001008,0.000849,-0.001132,-0.000877,0.000127
1790937232.585019,1790937232.633539,-0.000066,0.000082,0.000108,0.003472,-0.014046,0.707043,0.707023,-0.857,-1.419,90.012,0.001963,-0.000272,-0.000270,0.000997,0.000187,-0.002002
1790937232.618360,1790937232.660754,-0.000032,0.000021,0.000106,0.003462,-0.014012,0.707049,0.707018,-0.855,-1.416,90.013,-0.002363,-0.000733,0.000560,0.000997,0.000186,-0.000937
1790937232.651700,1790937232.690637,-0.000017,0.000048,0.000112,0.003447,-0.014023,0.707060,0.707007,-0.857,-1.416,90.015,0.000230,-0.000561,0.000516,-0.000067,0.001250,0.003322
1790937232.685040,1790937232.725814,-0.000004,0.000091,0.000089,0.003445,-0.013986,0.707062,0.707005,-0.854,-1.412,90.015,0.000807,-0.000189,-0.000576,-0.002198,0.000185,0.000128
1790937232.718381,1790937232.762363,-0.000039,0.000031,0.000106,0.003446,-0.014018,0.707066,0.707000,-0.857,-1.415,90.016,-0.001889,0.001125,0.000266,-0.001131,0.000186,0.000125
1790937232.751721,1790937232.794608,-0.000029,0.000043,0.000100,0.003455,-0.014048,0.707064,0.707001,-0.859,-1.418,90.016,0.000586,-0.000386,-0.000439,-0.000067,0.000186,-0.002003
1790937232.785061,1790937232.825755,-0.000029,0.000090,0.000107,0.003425,-0.014019,0.707065,0.707002,-0.859,-1.413,90.016,0.001217,0.000524,0.000217,-0.000067,-0.001945,-0.003069
1790937232.818402,1790937232.857158,-0.000012,0.000123,0.000091,0.003415,-0.013995,0.707067,0.707000,-0.858,-1.411,90.016,0.000903,-0.000042,-0.000400,-0.001132,0.001251,-0.003068
1790937232.851741,1790937232.906545,0.000026,0.000095,0.000097,0.003455,-0.014015,0.707068,0.706998,-0.856,-1.416,90.016,-0.001186,-0.001118,0.000487,0.002064,-0.014725,0.000127
1790937232.885082,1790937232.936275,-0.000013,0.000120,0.000108,0.003578,-0.014103,0.707047,0.707017,-0.853,-1.433,90.013,0.001179,0.001408,-0.000246,-0.002198,0.003382,-0.003067
1790937232.918422,1790937232.998300,-0.000019,0.000039,0.000116,0.003623,-0.014123,0.707047,0.707016,-0.851,-1.438,90.013,-0.002539,0.000474,0.000095,-0.002199,0.000187,-0.002002
1790937232.951762,1790937233.026439,-0.000041,0.000030,0.000103,0.003670,-0.014208,0.707028,0.707033,-0.854,-1.449,90.010,-0.000637,0.000886,-0.000387,0.007388,-0.003007,0.000129
1790937232.985103,1790937233.055470,0.000442,0.001030,-0.000151,0.003658,-0.014007,0.707040,0.707025,-0.839,-1.431,90.012,0.030547,-0.015661,-0.007925,-0.001133,-0.000883,0.002256
1790937233.018443,1790937233.085069,0.000612,0.001756,-0.000365,0.003402,-0.013515,0.707051,0.707025,-0.820,-1.371,90.012,0.003901,0.000622,-0.001438,-0.002200,0.000182,0.001194
1790937233.051784,1790937233.119636,0.000711,0.001867,-0.000373,0.003331,-0.013426,0.707057,0.707021,-0.818,-1.358,90.013,0.005361,-0.003494,-0.000890,-0.000069,-0.001951,-0.002000
1790937233.085124,1790937233.147482,0.000762,0.002066,-0.000440,0.003246,-0.013261,0.707043,0.707038,-0.812,-1.338,90.010,0.005054,-0.001462,-0.001772,0.000996,0.003376,-0.002003
1790937233.118463,1790937233.174420,0.000709,0.002011,-0.000412,0.003164,-0.013152,0.707025,0.707059,-0.809,-1.322,90.007,-0.000376,0.001486,0.000664,-0.002200,0.002310,0.001194
1790937233.151802,1790937233.198932,0.000686,0.001912,-0.000406,0.003161,-0.013147,0.707034,0.707050,-0.809,-1.321,90.008,-0.001369,0.000483,0.000206,0.003126,0.000178,0.002259
1790937233.185141,1790937233.228683,0.000545,0.001580,-0.000321,0.003146,-0.013201,0.707021,0.707062,-0.815,-1.325,90.006,-0.009951,0.004257,0.003073,-0.006462,0.001242,-0.002000
1790937233.218480,1790937233.267037,0.000598,0.001685,-0.000350,0.003145,-0.013181,0.707011,0.707072,-0.813,-1.323,90.004,0.002984,-0.002429,-0.000804,0.002061,0.002308,0.002260
1790937233.251819,1790937233.295969,0.000682,0.001924,-0.000407,0.003076,-0.013032,0.707010,0.707077,-0.807,-1.305,90.004,0.002280,-0.001096,-0.000339,-0.004330,0.001240,0.000126
1790937233.285158,1790937233.332883,0.000681,0.002013,-0.000429,0.003033,-0.012950,0.707007,0.707082,-0.804,-1.295,90.003,0.003037,-0.000388,-0.000785,-0.000068,0.001241,-0.000939
1790937233.318496,1790937233.376466,0.000396,0.001144,-0.000213,0.003087,-0.013081,0.707005,0.707081,-0.810,-1.310,90.003,-0.019923,0.006167,0.005067,-0.001132,0.001243,0.003317
1790937233.351835,1790937233.408840,0.000253,0.000767,-0.000111,0.003202,-0.013294,0.707001,0.707080,-0.818,-1.337,90.003,-0.010225,0.004273,0.002419,0.002063,0.001245,0.001186
1790937233.385174,1790937233.445227,0.000489,0.001382,-0.000261,0.003159,-0.013290,0.707015,0.707066,-0.821,-1.333,90.005,0.016348,-0.006747,-0.004494,-0.001131,0.001245,-0.004141
1790937233.418513,1790937233.482844,-0.000132,0.000013,0.000069,0.003225,-0.013418,0.706982,0.707097,-0.826,-1.349,90.000,-0.042791,0.019379,0.010849,-0.003262,-0.003010,0.002244
1790937233.451852,1790937233.519954,0.000245,0.000708,-0.000086,0.003370,-0.013672,0.706983,0.707090,-0.835,-1.381,90.001,0.020773,-0.010607,-0.006020,-0.001133,0.002318,0.001187
1790937233.485190,1790937233.556148,0.000408,0.001266,-0.000237,0.003122,-0.013274,0.707014,0.707068,-0.823,-1.329,90.005,-0.004620,0.002111,0.000789,-0.000068,0.002318,-0.004141
1790937233.518529,1790937233.592458,0.000540,0.001539,-0.000298,0.003088,-0.013217,0.706988,0.707095,-0.821,-1.321,90.001,0.009676,-0.004145,-0.002115,-0.003265,-0.001947,-0.002004
1790937233.551868,1790937233.630411,0.000705,0.001989,-0.000419,0.002995,-0.013011,0.707011,0.707076,-0.812,-1.297,90.004,0.007360,-0.002489,-0.002100,0.000997,0.000184,0.000122
1790937233.585207,1790937233.672071,-0.000160,-0.000021,0.000085,0.003193,-0.013381,0.706983,0.707097,-0.826,-1.343,90.000,-0.048239,0.021775,0.012733,0.004193,0.001253,0.000116
1790937233.618546,1790937233.699795,0.000276,0.000616,-0.000068,0.003374,-0.013692,0.706989,0.707084,-0.836,-1.383,90.002,0.018887,-0.012369,-0.005717,-0.001133,-0.000878,-0.002008
1790937233.651885,1790937233.724905,0.000115,0.000448,-0.000025,0.003232,-0.013391,0.707017,0.707062,-0.823,-1.347,90.006,-0.024727,0.010507,0.006907,0.002064,0.000190,0.003312
1790937233.685223,1790937233.752437,-0.000060,-0.000052,0.000119,0.003372,-0.013724,0.707008,0.707064,-0.839,-1.385,90.006,-0.013500,0.005821,0.003271,-0.003263,0.004454,-0.000949
1790937233.718562,1790937233.778169,0.000379,0.000963,-0.000154,0.003349,-0.013650,0.707034,0.707040,-0.835,-1.377,90.010,0.027572,-0.013059,-0.008043,0.003128,-0.007265,0.006511
1790937233.751900,1790937233.803396,-0.000003,0.000120,0.000078,0.003307,-0.013516,0.707116,0.706960,-0.828,-1.363,90.022,-0.031935,0.012904,0.009555,0.007388,0.003390,0.003305
1790937233.785238,1790937233.826289,-0.000102,-0.000039,0.000142,0.003516,-0.013946,0.707138,0.706929,-0.846,-1.415,90.027,-0.004239,0.003330,0.001352,0.015910,0.004457,0.009702
1790937233.818577,1790937233.860621,0.000011,-0.000021,0.000159,0.003561,-0.013992,0.707196,0.706870,-0.846,-1.422,90.037,-0.002397,-0.001241,0.001229,-0.001135,0.001261,0.002248
1790937233.851916,1790937233.894405,0.000013,0.000016,0.000137,0.003587,-0.013994,0.707200,0.706866,-0.844,-1.424,90.038,0.000294,0.000438,-0.000158,-0.001135,-0.004068,-0.000945
1790937233.885254,1790937233.940622,0.000021,-0.000054,0.000144,0.003613,-0.014047,0.707181,0.706884,-0.846,-1.431,90.035,-0.002334,0.000181,0.000331,-0.001134,-0.001935,0.002248
1790937233.918593,1790937233.978321,0.000019,0.000029,0.000138,0.003635,-0.014044,0.707187,0.706878,-0.844,-1.432,90.036,0.002433,-0.000200,-0.000402,-0.001134,0.000195,0.003311
1790937233.951932,1790937234.012656,0.000032,-0.000002,0.000135,0.003619,-0.014056,0.707181,0.706884,-0.846,-1.432,90.035,-0.000845,-0.000790,-0.000217,-0.001133,0.000197,0.000114
1790937233.985271,1790937234.047633,0.000007,0.000039,0.000131,0.003625,-0.014029,0.707197,0.706868,-0.844,-1.430,90.037,0.001104,0.000907,-0.000425,0.002062,0.000197,0.000116
1790937234.018609,1790937234.084562,0.000013,-0.000008,0.000150,0.003610,-0.014030,0.707273,0.706792,-0.845,-1.429,90.050,-0.001734,-0.000035,0.000947,0.002062,0.002325,0.006507
1790937234.051948,1790937234.119084,0.000100,-0.000011,0.000137,0.003610,-0.013975,0.707353,0.706714,-0.841,-1.424,90.062,-0.000088,-0.002881,-0.000066,-0.000069,0.001258,0.006506
1790937234.085286,1790937234.152693,0.000054,-0.000112,0.000152,0.003591,-0.013966,0.707359,0.706708,-0.842,-1.422,90.063,-0.003498,0.001782,0.000775,0.002062,0.006585,0.005443
1790937234.118626,1790937234.184961,0.000006,-0.000065,0.000136,0.003604,-0.014013,0.707365,0.706701,-0.844,-1.427,90.064,0.001119,0.001857,-0.000301,0.005257,0.001257,0.001179
1790937234.151966,1790937234.221328,0.000490,0.000864,-0.000103,0.003568,-0.013650,0.707470,0.706602,-0.818,-1.395,90.080,0.026849,-0.016118,-0.007194,0.007389,0.006580,0.035262
1790937234.185304,1790937234.254958,0.000794,0.001788,-0.000351,0.003373,-0.012798,0.708110,0.705978,-0.766,-1.309,90.182,0.011665,-0.006332,-0.002360,0.014845,0.005511,0.055498
1790937234.218644,1790937234.286734,0.000813,0.001732,-0.000375,0.003347,-0.012515,0.708500,0.705592,-0.746,-1.284,90.244,0.003677,-0.000534,-0.001401,0.004191,0.004445,0.006507
1790937234.251984,1790937234.319972,0.000818,0.001568,-0.000303,0.003441,-0.012186,0.708758,0.705338,-0.712,-1.264,90.285,-0.004210,-0.000414,0.002981,0.036148,-0.017925,0.056572
1790937234.285323,1790937234.353991,0.000800,0.001283,-0.000240,0.003590,-0.011766,0.709310,0.704789,-0.667,-1.242,90.374,-0.003689,-0.001182,0.001564,0.018035,0.010838,0.011834
1790937234.318663,1790937234.387152,0.000765,0.001337,-0.000248,0.003545,-0.011545,0.709306,0.704798,-0.652,-1.221,90.372,0.001209,0.003021,-0.000061,0.004186,0.003378,0.001191
1790937234.352003,1790937234.420608,0.000771,0.001283,-0.000206,0.003553,-0.011213,0.709403,0.704705,-0.625,-1.194,90.387,-0.003512,0.000777,0.002406,0.021230,0.012965,0.018230
1790937234.385343,1790937234.454664,0.000786,0.001291,-0.000178,0.003757,-0.010531,0.709677,0.704438,-0.553,-1.156,90.430,0.001944,-0.001675,-0.001190,0.101126,0.067295,0.027817
1790937234.418682,1790937234.488474,0.000151,-0.000265,0.000061,0.004052,-0.010205,0.709842,0.704275,-0.503,-1.153,90.456,-0.037485,0.017274,0.004461,-0.000073,0.001251,0.007575
1790937234.452022,1790937234.523213,-0.000360,-0.001727,0.000383,0.004137,-0.010595,0.709974,0.704136,-0.528,-1.192,90.479,-0.019746,0.000776,0.006041,0.008451,0.058774,0.048045
1790937234.485361,1790937234.550882,-0.000493,-0.002112,0.000577,0.003418,-0.009690,0.710900,0.703218,-0.514,-1.059,90.627,-0.012068,-0.002259,0.011261,0.015914,0.118416,0.128987
1790937234.518701,1790937234.576613,-0.000414,-0.001858,0.000607,0.002485,-0.008066,0.712575,0.701546,-0.459,-0.851,90.897,0.004198,-0.003896,0.008168,0.109654,0.067288,0.149232
1790937234.552041,1790937234.601654,-0.000176,-0.001380,0.000899,0.002861,-0.006408,0.713908,0.700204,-0.295,-0.748,91.112,-0.000774,0.002135,0.006838,0.042535,0.053443,0.076810
1790937234.585380,1790937234.646660,0.000142,-0.001484,0.001035,0.002529,-0.005561,0.715006,0.699092,-0.253,-0.653,91.291,-0.010596,-0.002952,0.006504,0.053190,0.037463,0.078941
1790937234.618720,1790937234.693567,0.000057,-0.001558,0.001248,0.002772,-0.004641,0.715473,0.698619,-0.159,-0.599,91.367,-0.005507,0.010414,0.005770,0.037205,0.034270,-0.011591
1790937234.652059,1790937234.722816,-0.000148,-0.001776,0.001522,0.003175,-0.003807,0.714943,0.699165,-0.057,-0.565,91.279,-0.008016,0.012362,0.006816,0.046779,0.015102,-0.075464
1790937234.685398,1790937234.748482,-0.000281,-0.001769,0.001575,0.001773,-0.003341,0.714388,0.699739,-0.131,-0.413,91.187,-0.005778,0.014095,-0.000854,-0.121540,0.126935,-0.040235
1790937234.718738,1790937234.779622,-0.000657,-0.001509,0.001229,-0.001607,-0.003373,0.713621,0.700522,-0.405,-0.139,91.062,-0.001232,0.017731,-0.005575,-0.187564,0.150287,-0.075273
1790937234.752077,1790937234.806516,-0.001050,-0.001124,0.000838,-0.004295,-0.003358,0.712716,0.701431,-0.620,0.081,90.914,-0.002453,0.009839,0.000373,0.001017,0.080980,-0.051648
1790937234.785417,1790937234.847836,-0.000950,-0.000892,0.000799,-0.004592,-0.002202,0.712748,0.701402,-0.549,0.198,90.918,-0.005087,0.004158,0.001455,0.069199,0.046874,0.050793
1790937234.818757,1790937234.886484,-0.000580,-0.000456,0.000725,-0.004991,-0.001833,0.713158,0.700983,-0.551,0.261,90.985,0.002974,0.005814,-0.000030,0.070258,0.022385,-0.004443
1790937234.852096,1790937234.918842,-0.000633,-0.000385,0.000742,-0.005386,-0.000823,0.712786,0.701361,-0.500,0.374,90.924,0.003734,0.007730,-0.003526,-0.046903,0.015342,-0.059476
1790937234.885436,1790937234.946721,-0.000775,0.000073,0.000509,-0.005872,-0.001134,0.712782,0.701360,-0.565,0.389,90.924,0.002164,-0.001026,0.000901,0.126820,0.040843,0.031146
1790937234.918775,1790937234.980570,-0.000620,0.000283,0.000590,-0.006040,-0.000588,0.713039,0.701098,-0.533,0.446,90.965,0.005612,0.000516,-0.001818,-0.008379,0.042787,0.014148
1790937234.952115,1790937235.008200,-0.000508,0.000418,0.000686,-0.006061,0.000402,0.712957,0.701182,-0.454,0.528,90.952,0.000613,-0.000480,0.005639,0.119543,0.056407,-0.010280
1790937234.985454,1790937235.034849,-0.000415,0.000648,0.001290,-0.004670,0.003527,0.712750,0.701393,-0.087,0.665,90.920,0.007078,-0.004946,0.016980,0.235569,0.088131,-0.044137
1790937235.018794,1790937235.069567,-0.000315,0.001157,0.001924,-0.005412,0.006872,0.712476,0.701642,0.126,0.994,90.879,0.011257,0.000863,0.009240,0.018171,0.217638,-0.020522
1790937235.052134,1790937235.119948,-0.000394,0.001545,0.002336,-0.007775,0.010033,0.711943,0.702123,0.193,1.442,90.798,0.013288,-0.001076,0.012141,0.028839,0.252286,-0.016249
1790937235.085472,1790937235.151089,-0.000509,0.002369,0.002367,-0.010791,0.012872,0.712293,0.701682,0.183,1.916,90.863,0.012508,0.002120,0.007214,-0.026493,0.237019,0.061415
1790937235.118812,1790937235.189904,-0.000915,0.002506,0.002635,-0.012521,0.015601,0.712284,0.701606,0.267,2.277,90.871,0.006726,-0.001955,0.016629,0.151422,0.153895,-0.040803
1790937235.152152,1790937235.221305,-0.000837,0.001980,0.002964,-0.011708,0.017895,0.712135,0.701717,0.519,2.395,90.855,-0.006090,-0.004320,0.011640,0.097025,0.109127,0.053965
1790937235.185493,1790937235.250064,0.000121,0.003335,0.003245,-0.011885,0.021508,0.712958,0.700776,0.804,2.699,91.006,-0.001503,-0.009538,0.016907,0.179991,0.055918,0.054820
1790937235.218832,1790937235.278531,0.000758,0.003617,0.003621,-0.010446,0.023692,0.713202,0.700480,1.099,2.757,91.058,0.002120,-0.007160,0.009928,0.102039,-0.005631,0.010995
1790937235.252173,1790937235.312535,0.000954,0.003448,0.003996,-0.007687,0.025218,0.712675,0.700998,1.444,2.654,90.980,-0.001499,-0.004604,0.020988,0.320169,-0.166031,-0.141123
1790937235.285513,1790937235.353046,0.000934,0.003015,0.004662,-0.000460,0.026534,0.709925,0.703777,2.123,2.178,90.539,-0.029215,-0.016574,0.014485,0.192023,-0.104755,-0.116150
1790937235.318853,1790937235.389005,0.001967,0.002185,0.004560,0.000758,0.026819,0.710412,0.703275,2.246,2.100,90.620,-0.024016,-0.006198,-0.008417,-0.170081,-0.011844,0.154128
1790937235.352193,1790937235.424295,0.002660,0.001607,0.004364,-0.000935,0.025438,0.711188,0.702541,2.000,2.125,90.738,-0.011943,-0.018374,0.001620,-0.088857,-0.013027,-0.063741
1790937235.385533,1790937235.459811,0.002259,0.000561,0.004249,-0.002078,0.024228,0.710124,0.703656,1.806,2.123,90.558,-0.014085,-0.009320,0.000559,-0.141025,0.050653,-0.065726
1790937235.418873,1790937235.494715,0.002329,-0.000408,0.004087,-0.005324,0.021972,0.709749,0.704092,1.359,2.206,90.485,-0.003989,-0.014397,-0.005611,-0.233579,0.056869,-0.067878
1790937235.452213,1790937235.527904,0.003342,-0.000918,0.004009,-0.007921,0.019675,0.709272,0.704615,0.960,2.233,90.396,0.001256,-0.007624,0.005744,-0.167365,-0.048487,0.028889
1790937235.485554,1790937235.561619,0.003928,-0.000967,0.004823,-0.008085,0.016926,0.710515,0.703432,0.727,2.023,90.587,0.002996,0.005076,0.033923,-0.128942,-0.247268,0.148956
1790937235.518893,1790937235.593699,0.002922,0.000159,0.005887,-0.006929,0.011132,0.711441,0.702624,0.350,1.461,90.719,0.007306,-0.009277,0.046568,-0.260950,-0.350093,-0.018597
1790937235.552233,1790937235.635467,0.002008,0.000784,0.007176,-0.005641,0.003783,0.710615,0.703548,-0.147,0.764,90.572,0.008015,-0.022417,0.045318,-0.233134,-0.371020,-0.127148
1790937235.585573,1790937235.678089,0.002648,0.000234,0.009397,-0.003437,-0.001772,0.709211,0.704986,-0.422,0.136,90.342,0.000468,-0.024594,0.037271,-0.099744,-0.246513,-0.103604
1790937235.618913,1790937235.716700,0.003496,-0.000566,0.009032,-0.004019,-0.003924,0.708815,0.705372,-0.644,0.009,90.279,-0.005866,-0.016780,0.004925,-0.068972,0.128316,0.008061
1790937235.652253,1790937235.753626,0.004214,-0.000245,0.010041,-0.006760,-0.002511,0.708794,0.705379,-0.750,0.346,90.274,0.012345,-0.006554,0.009473,-0.116038,0.168639,0.034635
1790937235.685593,1790937235.786470,0.003491,-0.001022,0.009945,-0.009343,-0.003771,0.710011,0.704119,-1.061,0.456,90.473,0.005816,0.007491,0.034063,-0.156595,-0.014570,0.201734
1790937235.718933,1790937235.819625,0.003032,-0.001186,0.011520,-0.010114,-0.006459,0.712753,0.701313,-1.340,0.307,90.923,0.020794,0.001697,0.073379,-0.155461,-0.142245,0.228138
1790937235.752273,1790937235.854738,0.002680,-0.000907,0.014308,-0.009422,-0.010207,0.714719,0.699273,-1.591,-0.046,91.252,0.033155,-0.012528,0.097536,-0.130950,-0.216687,0.080031
1790937235.785614,1790937235.896063,0.002490,0.000645,0.018253,-0.008338,-0.014049,0.715325,0.698601,-1.819,-0.441,91.362,0.050190,-0.010846,0.121727,-0.079932,-0.236840,0.048153
1790937235.818954,1790937235.923671,0.002812,0.003094,0.023423,-0.005838,-0.017355,0.715784,0.698081,-1.891,-0.910,91.450,0.065236,-0.011591,0.148891,-0.026767,-0.276220,-0.006203
1790937235.852294,1790937235.958546,0.002743,0.004517,0.028209,-0.003172,-0.020902,0.715563,0.698228,-1.969,-1.412,91.429,0.062285,-0.013837,0.156867,-0.032100,-0.189958,-0.013642
1790937235.885634,1790937235.988339,0.002931,0.007388,0.034873,-0.003128,-0.022491,0.715615,0.698126,-2.096,-1.543,91.446,0.067454,-0.012592,0.157397,-0.098246,0.008151,0.028944
1790937235.918974,1790937236.022930,0.002765,0.007618,0.039072,-0.004288,-0.023225,0.716073,0.697625,-2.250,-1.505,91.525,0.053419,-0.005582,0.158604,-0.054570,0.077266,0.066236
1790937235.952314,1790937236.057865,0.002053,0.008318,0.044851,-0.005118,-0.022929,0.717067,0.696608,-2.294,-1.410,91.687,0.046542,0.000990,0.180352,0.038075,0.012250,0.097086
1790937235.985653,1790937236.092036,0.001314,0.009327,0.051275,-0.004601,-0.023482,0.718067,0.695563,-2.300,-1.493,91.854,0.041161,0.003704,0.207255,-0.045034,-0.115537,0.091706
1790937236.018993,1790937236.124065,0.000482,0.010216,0.058433,-0.003496,-0.025967,0.719458,0.694041,-2.421,-1.777,92.098,0.033295,0.005859,0.224089,-0.074830,-0.159143,0.153413
1790937236.052333,1790937236.160739,-0.000214,0.010986,0.066042,-0.002937,-0.028496,0.721263,0.692069,-2.591,-2.018,92.412,0.025077,0.004049,0.232359,-0.068423,-0.101592,0.171465
1790937236.085673,1790937236.200369,-0.002190,0.008529,0.074277,-0.002469,-0.029587,0.723179,0.690022,-2.650,-2.135,92.737,0.010294,0.007400,0.237469,0.077534,0.011274,0.177751
1790937236.119015,1790937236.240091,-0.003057,0.008954,0.082425,-0.002286,-0.027381,0.725183,0.688007,-2.458,-1.969,93.056,0.008542,0.010394,0.243997,0.109404,0.134871,0.149025
1790937236.152356,1790937236.280510,-0.005490,0.006459,0.091725,-0.003180,-0.025397,0.726725,0.686452,-2.367,-1.733,93.301,0.001747,0.014037,0.266949,0.057025,0.126292,0.119146
1790937236.185697,1790937236.319176,-0.006619,0.005318,0.100146,-0.003450,-0.023299,0.727733,0.685456,-2.215,-1.543,93.457,-0.002566,0.004238,0.298143,0.108138,0.082648,0.024347
1790937236.219038,1790937236.353475,-0.007600,0.003834,0.110693,-0.003200,-0.021632,0.727385,0.685881,-2.056,-1.434,93.390,-0.008247,-0.000134,0.330900,0.081474,0.066689,-0.059754
1790937236.252380,1790937236.386046,-0.008648,0.002286,0.122218,-0.003336,-0.020194,0.727110,0.686216,-1.946,-1.310,93.337,-0.009243,0.010247,0.359522,0.022873,0.083755,0.022276
1790937236.285722,1790937236.422490,-0.009623,0.001238,0.134803,-0.004587,-0.019670,0.727408,0.685908,-2.001,-1.164,93.384,-0.001107,0.006652,0.394426,-0.065534,0.089101,0.028612
1790937236.319063,1790937236.457932,-0.010313,0.000620,0.148333,-0.006889,-0.019539,0.727703,0.685579,-2.171,-0.961,93.433,0.001744,-0.006094,0.416807,-0.104942,0.135990,0.014730
1790937236.352404,1790937236.510840,-0.010748,-0.000118,0.162654,-0.009282,-0.019255,0.727522,0.685752,-2.335,-0.739,93.401,0.001772,-0.025789,0.439281,-0.049561,0.079536,-0.030010
1790937236.385746,1790937236.559988,-0.012647,-0.003382,0.178033,-0.009745,-0.019401,0.727212,0.686069,-2.384,-0.713,93.350,-0.003647,-0.038842,0.460450,-0.018645,-0.022683,-0.003522
1790937236.419086,1790937236.592333,-0.012154,-0.004031,0.193809,-0.009490,-0.019742,0.726833,0.686464,-2.392,-0.763,93.288,-0.003579,-0.056996,0.459014,0.025007,0.008220,-0.081353
1790937236.452428,1790937236.614770,-0.011297,-0.005472,0.209625,-0.009370,-0.019226,0.725288,0.688113,-2.338,-0.737,93.028,-0.006985,-0.069523,0.448364,0.028168,0.093448,-0.189990
1790937236.485770,1790937236.636623,-0.009957,-0.006999,0.224762,-0.010764,-0.017732,0.722648,0.690904,-2.321,-0.513,92.583,-0.008973,-0.077800,0.439056,-0.008066,0.196778,-0.263462
1790937236.519111,1790937236.663079,-0.008379,-0.008031,0.239744,-0.013129,-0.016551,0.719583,0.694085,-2.410,-0.234,92.072,-0.015087,-0.075361,0.448225,-0.089044,0.112612,-0.233637
1790937236.552453,1790937236.690623,-0.007145,-0.009296,0.254492,-0.014670,-0.017567,0.717168,0.696524,-2.616,-0.197,91.678,-0.020215,-0.069871,0.460347,-0.102859,-0.040656,-0.180390
1790937236.585794,1790937236.712936,-0.005103,-0.008398,0.270012,-0.014653,-0.019288,0.715349,0.698347,-2.755,-0.342,91.386,-0.019283,-0.062267,0.468578,-0.033625,-0.057680,-0.105886
1790937236.619136,1790937236.735086,-0.003513,-0.008789,0.285782,-0.014402,-0.019671,0.714740,0.698965,-2.766,-0.396,91.288,-0.017287,-0.053713,0.471870,0.032426,0.015821,-0.021737
1790937236.652477,1790937236.763556,-0.002476,-0.009525,0.301453,-0.014004,-0.018459,0.714401,0.699353,-2.634,-0.333,91.227,-0.010856,-0.048478,0.482971,0.066463,0.031736,-0.035608
1790937236.685819,1790937236.782335,-0.001661,-0.009854,0.318004,-0.013447,-0.017772,0.714102,0.699687,-2.533,-0.325,91.176,-0.007388,-0.033915,0.502459,0.028100,-0.046030,-0.016423
1790937236.719161,1790937236.807135,-0.001455,-0.010169,0.335136,-0.012290,-0.018093,0.713953,0.699852,-2.467,-0.445,91.152,-0.002627,-0.020321,0.518571,0.032356,-0.073731,-0.016431
1790937236.752502,1790937236.835284,-0.002018,-0.010699,0.352727,-0.011237,-0.018706,0.713837,0.699972,-2.432,-0.581,91.136,-0.001986,-0.004392,0.526099,-0.041160,-0.063074,0.011233
1790937236.785844,1790937236.872126,-0.002648,-0.010854,0.370325,-0.011580,-0.020139,0.714040,0.699719,-2.577,-0.667,91.176,-0.000992,0.005169,0.520804,-0.081635,-0.030047,0.001627
1790937236.819186,1790937236.912172,-0.002000,-0.010955,0.386453,-0.011803,-0.020920,0.713794,0.699944,-2.659,-0.713,91.139,-0.000898,0.007821,0.517012,-0.087922,-0.085504,-0.012300
1790937236.852526,1790937236.948475,-0.003527,-0.010871,0.404165,-0.011940,-0.023296,0.714368,0.699280,-2.865,-0.889,91.245,-0.002636,0.024282,0.515530,-0.131685,-0.117446,0.128291
1790937236.885868,1790937236.980383,-0.004152,-0.010105,0.421144,-0.011404,-0.024789,0.715653,0.697923,-2.947,-1.047,91.464,0.001803,0.021507,0.514831,-0.012338,-0.076957,0.096335
1790937236.919210,1790937237.018719,-0.005133,-0.009846,0.438057,-0.010422,-0.025056,0.717065,0.696477,-2.892,-1.143,91.698,-0.002408,0.031404,0.512600,0.071844,-0.056729,0.140051
1790937236.952552,1790937237.053672,-0.007306,-0.011352,0.454659,-0.009271,-0.024189,0.718643,0.694897,-2.732,-1.163,91.953,-0.005059,0.040229,0.505193,0.063321,0.016744,0.143243
1790937236.985893,1790937237.089327,-0.009707,-0.012046,0.471202,-0.009316,-0.022138,0.720407,0.693135,-2.569,-0.989,92.233,-0.012364,0.051575,0.493962,0.073945,0.130737,0.157116
1790937237.019235,1790937237.124186,-0.012009,-0.012687,0.487341,-0.011015,-0.019973,0.722348,0.691153,-2.527,-0.670,92.543,-0.020621,0.055778,0.480685,-0.010203,0.141394,0.169900
1790937237.052577,1790937237.160643,-0.014509,-0.013568,0.503278,-0.011949,-0.018708,0.723696,0.689762,-2.497,-0.488,92.761,-0.022094,0.044789,0.482560,0.018549,0.010358,0.041009
1790937237.085919,1790937237.200764,-0.017305,-0.016027,0.518515,-0.011676,-0.019132,0.723330,0.690139,-2.510,-0.545,92.702,-0.021513,0.027710,0.477956,-0.068838,-0.072768,-0.110351
1790937237.119259,1790937237.233538,-0.020168,-0.017006,0.534481,-0.011496,-0.020562,0.721128,0.692401,-2.612,-0.681,92.344,-0.016608,0.003031,0.476175,-0.031664,-0.059986,-0.290414
1790937237.152599,1790937237.269034,-0.021794,-0.017668,0.550292,-0.011367,-0.021719,0.716983,0.696660,-2.693,-0.800,91.666,-0.013427,-0.021700,0.471586,-0.081827,-0.031225,-0.403349
1790937237.185938,1790937237.305866,-0.021703,-0.018465,0.565853,-0.011612,-0.022594,0.712427,0.701286,-2.779,-0.868,90.924,-0.013966,-0.036245,0.469053,-0.026455,-0.006730,-0.356477
1790937237.219278,1790937237.342262,-0.020288,-0.019076,0.581329,-0.011561,-0.023162,0.708838,0.704896,-2.817,-0.932,90.342,-0.018944,-0.043010,0.463370,-0.045600,-0.040817,-0.216925
1790937237.252618,1790937237.380693,-0.020373,-0.019764,0.596395,-0.011607,-0.023959,0.707644,0.706068,-2.884,-0.997,90.153,-0.020244,-0.030010,0.456436,-0.040316,-0.012068,0.033438
1790937237.285958,1790937237.414022,-0.020095,-0.021422,0.612179,-0.012224,-0.024567,0.708951,0.704724,-2.985,-0.991,90.369,-0.016876,-0.023241,0.459755,-0.077580,-0.020577,0.154829
1790937237.319297,1790937237.448202,-0.019298,-0.022021,0.627582,-0.011977,-0.025961,0.710551,0.703065,-3.081,-1.116,90.637,-0.006385,-0.025727,0.466748,-0.026405,-0.135622,0.107954
1790937237.352637,1790937237.483857,-0.018958,-0.022329,0.642851,-0.010501,-0.027949,0.711419,0.702133,-3.126,-1.393,90.791,0.004657,-0.027959,0.456842,-0.047702,-0.145210,0.040849
1790937237.385976,1790937237.519350,-0.018551,-0.022067,0.657861,-0.009434,-0.029799,0.711842,0.701644,-3.192,-1.627,90.872,0.013768,-0.023847,0.448287,-0.010399,-0.124967,0.035536
1790937237.419316,1790937237.557291,-0.018227,-0.021557,0.672637,-0.007350,-0.030899,0.712120,0.701338,-3.115,-1.884,90.925,0.017351,-0.021605,0.438675,0.082298,-0.144140,-0.017711
1790937237.452656,1790937237.595224,-0.018320,-0.021168,0.686282,-0.004426,-0.030792,0.711681,0.701814,-2.870,-2.116,90.853,0.012966,-0.013989,0.416309,0.127102,-0.085531,-0.051810
1790937237.485995,1790937237.631191,-0.018263,-0.021755,0.700219,-0.002351,-0.029577,0.711352,0.702209,-2.603,-2.189,90.791,0.002937,-0.000862,0.391876,0.129245,0.025250,-0.023028
1790937237.519335,1790937237.669561,-0.018430,-0.022245,0.713212,-0.001265,-0.027430,0.711180,0.702474,-2.339,-2.105,90.749,-0.005794,0.007315,0.373813,0.140997,0.078519,-0.019826
1790937237.552675,1790937237.705759,-0.018905,-0.023138,0.725678,-0.000696,-0.024478,0.711160,0.702603,-2.052,-1.914,90.728,-0.017050,0.016620,0.357508,0.147421,0.147763,-0.008101
1790937237.586015,1790937237.739246,-0.019767,-0.024306,0.737727,-0.001432,-0.021941,0.710823,0.703027,-1.904,-1.651,90.659,-0.025938,0.018917,0.348831,0.016413,0.123257,-0.047510
1790937237.619354,1790937237.772214,-0.020481,-0.025545,0.749358,-0.002257,-0.021025,0.710713,0.703164,-1.895,-1.511,90.637,-0.034153,0.028808,0.345678,0.027106,0.042298,0.038784
1790937237.652694,1790937237.805349,-0.021391,-0.026773,0.760853,-0.001722,-0.019963,0.711214,0.702690,-1.766,-1.467,90.713,-0.038918,0.034204,0.340319,0.083602,0.025257,0.041981
1790937237.686034,1790937237.828187,-0.022494,-0.028499,0.771983,-0.001175,-0.018863,0.711839,0.702088,-1.634,-1.422,90.811,-0.042488,0.042327,0.328978,0.060189,0.024194,0.067555
1790937237.719373,1790937237.852932,-0.023747,-0.030181,0.782802,-0.000727,-0.018039,0.712871,0.701063,-1.533,-1.390,90.976,-0.039215,0.050809,0.320738,0.050638,0.000759,0.099520
1790937237.752712,1790937237.877268,-0.025153,-0.031690,0.793117,0.000498,-0.017906,0.713871,0.700048,-1.425,-1.477,91.139,-0.032368,0.053198,0.314115,0.047476,-0.098313,0.061180
1790937237.786052,1790937237.915226,-0.026799,-0.033108,0.802756,0.002647,-0.018579,0.714306,0.699582,-1.309,-1.706,91.213,-0.030135,0.053833,0.289612,0.062408,-0.111098,-0.001659
1790937237.819391,1790937237.945469,-0.024552,-0.035313,0.810775,0.004568,-0.018630,0.714024,0.699858,-1.159,-1.868,91.167,-0.025935,0.051171,0.260318,0.004043,-0.062071,-0.036802
1790937237.852731,1790937237.972934,-0.025540,-0.036966,0.819659,0.006066,-0.019472,0.714111,0.699736,-1.108,-2.058,91.185,-0.016939,0.061638,0.243588,0.014753,-0.112162,0.072926
1790937237.886071,1790937237.996756,-0.027788,-0.037078,0.827791,0.008096,-0.020346,0.715413,0.698359,-1.021,-2.293,91.403,-0.006828,0.068893,0.219193,0.071225,-0.094059,0.095268
1790937237.919411,1790937238.021902,-0.029499,-0.037423,0.834581,0.010414,-0.020579,0.715769,0.697956,-0.856,-2.501,91.463,0.002077,0.061683,0.196354,0.030768,-0.091950,-0.045338
1790937237.952750,1790937238.056378,-0.031406,-0.037566,0.840654,0.011595,-0.021443,0.715162,0.698533,-0.830,-2.668,91.367,0.007805,0.060745,0.169213,-0.048061,-0.031252,-0.025088
1790937237.986090,1790937238.086615,-0.028637,-0.036669,0.843360,0.011368,-0.021481,0.715113,0.698586,-0.851,-2.652,91.359,0.017467,0.051393,0.144650,-0.051089,0.038004,0.030247
1790937238.019429,1790937238.112544,-0.029247,-0.036642,0.849798,0.010911,-0.021178,0.715663,0.698039,-0.865,-2.590,91.448,0.020038,0.045204,0.121509,0.017112,0.068865,0.070730
1790937238.052769,1790937238.140107,-0.029555,-0.036599,0.853945,0.011332,-0.019575,0.716717,0.696998,-0.703,-2.495,91.614,0.025171,0.042325,0.102205,0.094915,0.072015,0.094172
1790937238.086109,1790937238.165349,-0.029887,-0.036187,0.856907,0.012598,-0.018175,0.717798,0.695900,-0.491,-2.486,91.785,0.027195,0.040917,0.089640,0.065105,-0.034553,0.078200
1790937238.119451,1790937238.190887,-0.030145,-0.035611,0.858597,0.014601,-0.018508,0.718737,0.694882,-0.362,-2.677,91.942,0.025193,0.044114,0.073820,0.006528,-0.120867,0.097379
1790937238.152794,1790937238.217041,-0.030236,-0.035096,0.859872,0.017048,-0.019781,0.719841,0.693648,-0.277,-2.980,92.130,0.025528,0.042274,0.060616,-0.010496,-0.141128,0.093120
1790937238.186136,1790937238.255780,-0.030396,-0.034704,0.861246,0.018361,-0.021618,0.720726,0.692640,-0.329,-3.234,92.286,0.021763,0.037950,0.041078,-0.097844,-0.077233,0.082469
1790937238.219479,1790937238.290803,-0.030362,-0.034737,0.862574,0.018552,-0.023398,0.721761,0.691498,-0.466,-3.390,92.467,0.014851,0.034486,0.023192,-0.085054,-0.036780,0.102713
1790937238.252822,1790937238.327105,-0.030771,-0.034951,0.863605,0.018415,-0.023798,0.722648,0.690561,-0.514,-3.410,92.617,0.008380,0.022993,0.006440,0.018260,0.049496,0.023889
1790937238.286166,1790937238.362168,-0.027594,-0.030428,0.853991,0.018180,-0.021485,0.722234,0.691076,-0.339,-3.208,92.535,0.007077,0.008714,-0.010408,0.051377,0.097386,-0.092177
1790937238.319509,1790937238.396853,-0.029074,-0.037007,0.863189,0.018255,-0.020325,0.721143,0.692247,-0.232,-3.122,92.349,-0.002757,0.011222,0.001028,0.040607,0.033467,-0.095371
1790937238.352852,1790937238.432803,-0.029054,-0.037775,0.862439,0.018917,-0.019628,0.720070,0.693366,-0.117,-3.122,92.168,-0.004728,0.011106,-0.000476,0.038469,0.012147,-0.090041
1790937238.386196,1790937238.467937,-0.028869,-0.038515,0.861963,0.019419,-0.018825,0.719304,0.694168,-0.007,-3.100,92.038,-0.003864,0.013190,-0.002051,0.036342,0.036635,-0.042099
1790937238.419539,1790937238.504267,-0.028543,-0.039466,0.861786,0.019584,-0.017979,0.718931,0.694573,0.078,-3.046,91.972,-0.002059,0.010590,-0.002334,0.015043,0.043012,-0.037834
1790937238.452882,1790937238.541378,-0.028658,-0.039306,0.861153,0.019490,-0.017386,0.718459,0.695079,0.121,-2.991,91.892,0.001284,0.007102,-0.002436,-0.024383,0.025965,-0.036772
1790937238.486226,1790937238.573968,-0.028229,-0.039700,0.860413,0.019077,-0.017438,0.718163,0.695394,0.085,-2.961,91.843,0.004563,0.001788,-0.001423,-0.047814,0.031285,-0.026114
1790937238.519569,1790937238.607831,-0.027720,-0.040207,0.860183,0.018521,-0.017126,0.717750,0.695844,0.068,-2.890,91.774,0.007828,-0.004363,-0.000320,-0.005201,0.058970,-0.048480
1790937238.552913,1790937238.640205,-0.027346,-0.040576,0.859792,0.018222,-0.016362,0.717272,0.696362,0.109,-2.805,91.692,0.013037,-0.005720,0.005441,0.028882,0.035525,-0.031428
1790937238.586256,1790937238.670982,-0.026639,-0.040628,0.859025,0.018500,-0.015447,0.717231,0.696418,0.207,-2.754,91.682,0.017622,-0.004080,0.008483,0.054462,0.028064,0.028232
1790937238.619600,1790937238.703235,-0.025771,-0.040503,0.858604,0.019072,-0.014079,0.717714,0.695934,0.363,-2.692,91.757,0.024397,-0.002381,0.012177,0.097094,0.030186,0.047412
1790937238.652943,1790937238.734808,-0.025307,-0.039862,0.858226,0.020010,-0.012414,0.718346,0.695288,0.573,-2.637,91.856,0.031151,0.001121,0.013754,0.108822,0.022727,0.061266
1790937238.686286,1790937238.763948,-0.025053,-0.039173,0.857915,0.020996,-0.010722,0.719288,0.694312,0.788,-2.584,92.007,0.038360,0.005307,0.014157,0.104571,0.019526,0.085772
1790937238.719630,1790937238.795568,-0.025048,-0.038189,0.857344,0.021963,-0.009661,0.720216,0.693335,0.949,-2.581,92.158,0.047784,0.006749,0.017984,0.030010,-0.031605,0.074058
1790937238.752974,1790937238.830554,-0.025277,-0.036478,0.856267,0.022766,-0.010153,0.721019,0.692466,0.969,-2.688,92.292,0.058379,0.005847,0.021423,-0.000872,-0.088055,0.078324
1790937238.786317,1790937238.863289,-0.025186,-0.034527,0.856032,0.023481,-0.010859,0.721939,0.691473,0.963,-2.804,92.446,0.066946,0.002137,0.016626,-0.000857,-0.030523,0.088979
1790937238.819661,1790937238.896357,-0.025002,-0.032877,0.857320,0.023489,-0.010590,0.722898,0.690474,0.982,-2.785,92.605,0.075689,-0.004441,0.012574,0.024715,0.047231,0.071934
1790937238.853005,1790937238.931479,-0.025025,-0.030968,0.858560,0.023262,-0.009539,0.723691,0.689666,1.049,-2.684,92.734,0.084830,-0.010374,0.013604,0.063057,0.058934,0.066609
1790937238.886349,1790937238.965681,-0.024620,-0.028765,0.859218,0.023406,-0.007816,0.724925,0.688386,1.198,-2.562,92.935,0.089669,-0.009029,0.003704,0.092887,0.090877,0.163551
1790937238.919693,1790937238.995123,-0.023719,-0.025479,0.859611,0.023078,-0.005517,0.727426,0.685776,1.355,-2.358,93.348,0.094034,-0.009039,-0.018469,0.084378,0.147309,0.264744
1790937238.953037,1790937239.031991,-0.023463,-0.021229,0.858790,0.022283,-0.003379,0.730370,0.682680,1.462,-2.130,93.839,0.109508,-0.018872,-0.031302,0.044960,0.094023,0.209343
1790937238.986381,1790937239.061635,-0.020833,-0.026523,0.861790,0.022596,-0.003080,0.731834,0.681102,1.506,-2.136,94.085,0.124111,-0.033391,-0.029671,0.014106,-0.009388,0.016628
1790937239.019725,1790937239.086707,-0.023383,-0.019576,0.857140,0.022682,-0.003319,0.731416,0.681546,1.495,-2.161,94.015,0.155403,-0.038550,-0.029616,-0.017960,-0.009382,-0.072898
1790937239.053069,1790937239.108911,-0.023799,-0.010205,0.852507,0.021518,-0.003562,0.730753,0.682293,1.385,-2.081,93.903,0.187365,-0.034574,-0.028251,-0.103218,0.037475,-0.021780
1790937239.086412,1790937239.136838,-0.023131,-0.003267,0.851857,0.019747,-0.003908,0.730771,0.682326,1.218,-1.960,93.906,0.214863,-0.027789,-0.023428,-0.051010,0.065166,-0.003671
1790937239.119753,1790937239.183572,-0.023044,0.003954,0.851554,0.018060,-0.003185,0.730443,0.682727,1.147,-1.761,93.850,0.246272,-0.021906,-0.026314,-0.006268,0.114161,-0.064390
1790937239.153095,1790937239.205635,-0.023654,0.012424,0.850656,0.016829,-0.002053,0.729742,0.683512,1.147,-1.568,93.731,0.276934,-0.005658,-0.031138,0.000117,0.054503,-0.052668
1790937239.186435,1790937239.227934,-0.024784,0.022157,0.848545,0.015991,-0.001984,0.729073,0.684246,1.089,-1.492,93.619,0.309962,0.009282,-0.045889,-0.045690,0.007635,-0.088889
1790937239.219776,1790937239.260025,-0.026415,0.032907,0.846319,0.014885,-0.002885,0.728098,0.685305,0.929,-1.469,93.456,0.342589,0.026595,-0.052120,-0.119189,-0.008339,-0.060131
1790937239.253117,1790937239.292997,-0.028337,0.045105,0.844152,0.013162,-0.005006,0.727791,0.685655,0.617,-1.491,93.407,0.377888,0.039979,-0.041529,-0.160724,-0.059463,0.003775
1790937239.286458,1790937239.340579,-0.030482,0.058561,0.842071,0.012232,-0.007821,0.727958,0.685468,0.309,-1.635,93.439,0.407530,0.041962,-0.018571,-0.127683,-0.122300,0.015482
1790937239.319800,1790937239.374720,-0.033082,0.072482,0.841240,0.012116,-0.010595,0.727789,0.685612,0.068,-1.843,93.417,0.421388,0.039386,-0.001563,-0.078675,-0.103114,-0.065482
1790937239.353141,1790937239.412868,-0.036373,0.086498,0.842601,0.011313,-0.011737,0.726700,0.686762,-0.087,-1.866,93.238,0.427151,0.040701,0.011825,-0.029687,0.057738,-0.113419
1790937239.386482,1790937239.446739,-0.039689,0.100345,0.845305,0.009708,-0.010742,0.725404,0.688171,-0.127,-1.654,93.019,0.439273,0.043136,0.039654,0.001188,0.118441,-0.113419
1790937239.419822,1790937239.475415,-0.042433,0.114863,0.846941,0.008094,-0.010313,0.724201,0.689464,-0.216,-1.487,92.818,0.456325,0.049798,0.069221,-0.080838,0.016165,-0.086778
1790937239.453164,1790937239.500170,-0.045316,0.130498,0.847536,0.006782,-0.012494,0.723410,0.690272,-0.499,-1.551,92.692,0.468748,0.062887,0.081335,-0.134090,-0.129759,-0.051621
1790937239.486505,1790937239.554536,-0.048630,0.146777,0.848491,0.006873,-0.015653,0.722813,0.690832,-0.753,-1.809,92.604,0.472732,0.073394,0.061552,-0.096789,-0.125470,-0.046298
1790937239.519845,1790937239.590257,-0.052232,0.162405,0.851130,0.005610,-0.017472,0.722472,0.691157,-1.003,-1.849,92.554,0.475544,0.078678,0.038432,-0.090389,0.055632,-0.007952
1790937239.553186,1790937239.625126,-0.056356,0.178182,0.854254,0.003699,-0.017626,0.722201,0.691449,-1.166,-1.703,92.510,0.490536,0.068204,0.042818,0.003349,0.065204,-0.049504
1790937239.586527,1790937239.660669,-0.060511,0.193919,0.855800,0.004105,-0.017628,0.721004,0.692695,-1.131,-1.739,92.312,0.509085,0.052295,0.055745,0.057670,-0.127575,-0.156029
1790937239.619868,1790937239.690004,-0.064094,0.210690,0.856922,0.006899,-0.019314,0.719231,0.694468,-1.044,-2.106,92.026,0.511766,0.044931,0.052838,0.048081,-0.255388,-0.143191
1790937239.653209,1790937239.725562,-0.065971,0.228460,0.857524,0.009928,-0.021880,0.717823,0.695811,-1.009,-2.562,91.807,0.504528,0.033056,0.034108,0.037468,-0.228785,-0.121843
1790937239.686550,1790937239.759014,-0.068009,0.244962,0.859272,0.011525,-0.023242,0.716072,0.697544,-0.987,-2.805,91.526,0.494266,0.017319,0.007009,0.004443,-0.044475,-0.163390
1790937239.719891,1790937239.798613,-0.069602,0.260688,0.861309,0.010646,-0.023691,0.714479,0.699175,-1.088,-2.771,91.267,0.489563,0.007223,-0.005584,-0.075462,0.056747,-0.070717
1790937239.753232,1790937239.838185,-0.068723,0.278275,0.860390,0.009159,-0.023575,0.714582,0.699094,-1.198,-2.640,91.283,0.492292,-0.002425,-0.004056,0.010848,0.050311,0.051933
1790937239.786574,1790937239.872112,-0.069342,0.295556,0.861422,0.009012,-0.022766,0.715295,0.698394,-1.146,-2.561,91.396,0.502621,-0.018690,-0.001850,0.105657,-0.013568,0.045513
1790937239.819915,1790937239.907211,-0.069397,0.312308,0.861951,0.009867,-0.021827,0.715676,0.698022,-1.002,-2.556,91.453,0.514395,-0.033932,-0.005847,0.083277,-0.008226,0.026339
1790937239.853256,1790937239.941286,-0.068936,0.329600,0.862557,0.010054,-0.021768,0.716164,0.697520,-0.984,-2.566,91.533,0.527398,-0.047236,-0.006260,0.001243,-0.052947,0.056170
1790937239.886597,1790937239.977374,-0.068655,0.347935,0.863423,0.010464,-0.022999,0.717018,0.696596,-1.056,-2.697,91.680,0.537475,-0.058980,-0.010245,0.002301,-0.115776,0.100896
1790937239.919938,1790937240.010719,-0.068352,0.366774,0.864199,0.011159,-0.024071,0.717984,0.695553,-1.092,-2.838,91.845,0.548237,-0.073348,-0.026585,0.042759,-0.040110,0.061457
1790937239.953279,1790937240.043690,-0.067045,0.385481,0.864668,0.011457,-0.023397,0.718291,0.695255,-1.014,-2.808,91.892,0.565049,-0.088545,-0.033938,0.080025,0.028077,-0.015243
1790937239.986620,1790937240.078050,-0.065330,0.404709,0.864881,0.012471,-0.022402,0.717744,0.695835,-0.849,-2.813,91.797,0.588030,-0.099672,-0.014114,0.138596,-0.074182,-0.097265
1790937240.019961,1790937240.112354,-0.063313,0.425074,0.865271,0.015407,-0.022408,0.716247,0.697317,-0.609,-3.057,91.551,0.604132,-0.099009,0.014493,0.143905,-0.204131,-0.152653
1790937240.053302,1790937240.146930,-0.060852,0.445711,0.866210,0.018667,-0.024104,0.715358,0.698093,-0.484,-3.461,91.414,0.591537,-0.078146,0.039446,-0.014826,-0.232875,0.091294
1790937240.086643,1790937240.184970,-0.057778,0.465131,0.868371,0.019417,-0.027222,0.718034,0.695205,-0.694,-3.769,91.874,0.574614,-0.061276,0.056989,-0.145831,-0.085859,0.415119
1790937240.119984,1790937240.222425,-0.056172,0.486739,0.872770,0.017113,-0.029399,0.723478,0.689508,-1.088,-3.744,92.790,0.575116,-0.062220,0.073112,-0.113948,0.051619,0.536435
1790937240.153326,1790937240.264954,-0.052144,0.501547,0.872759,0.015463,-0.030129,0.729126,0.683541,-1.309,-3.654,93.738,0.566667,-0.085925,0.082011,-0.026518,-0.004941,0.383068
1790937240.186667,1790937240.301953,-0.052022,0.517763,0.875404,0.015532,-0.030977,0.732065,0.680353,-1.391,-3.721,94.239,0.553982,-0.104339,0.074826,0.013930,-0.076375,0.106095
1790937240.220008,1790937240.342683,-0.051380,0.536835,0.879406,0.016318,-0.031635,0.732350,0.679997,-1.387,-3.837,94.292,0.544507,-0.107050,0.065523,0.043717,-0.098730,-0.050477
1790937240.253349,1790937240.378678,-0.051846,0.555043,0.881575,0.018479,-0.032819,0.731292,0.681024,-1.312,-4.113,94.124,0.533101,-0.104786,0.052097,0.059623,-0.206346,-0.115472
1790937240.286690,1790937240.415111,-0.049244,0.573112,0.883987,0.021215,-0.034348,0.730114,0.682132,-1.219,-4.464,93.939,0.524939,-0.103273,0.029147,0.050038,-0.157336,-0.073922
1790937240.320031,1790937240.447258,-0.047288,0.591063,0.885953,0.022621,-0.034964,0.729601,0.682604,-1.158,-4.631,93.859,0.519618,-0.095767,0.005857,0.037249,-0.038018,-0.019595
1790937240.353373,1790937240.481437,-0.045543,0.608612,0.887295,0.023476,-0.034540,0.729315,0.682903,-1.053,-4.670,93.808,0.515699,-0.086897,-0.005217,0.107554,-0.048673,-0.039837
1790937240.386714,1790937240.524630,-0.043977,0.625888,0.888254,0.025546,-0.033584,0.729245,0.682951,-0.810,-4.769,93.789,0.504190,-0.068361,-0.012174,0.161884,-0.057195,0.052843
1790937240.420054,1790937240.564003,-0.044239,0.642131,0.888406,0.026757,-0.032469,0.730904,0.681182,-0.633,-4.781,94.060,0.484116,-0.041260,-0.025732,0.064904,0.047188,0.226482
1790937240.453395,1790937240.598302,-0.043098,0.657699,0.888717,0.025453,-0.030972,0.733692,0.678299,-0.628,-4.552,94.518,0.473623,-0.035263,-0.033406,0.020190,0.187801,0.214775
1790937240.486737,1790937240.635050,-0.043423,0.673685,0.889152,0.023005,-0.028947,0.735886,0.676096,-0.661,-4.186,94.874,0.472111,-0.035600,-0.024446,-0.035206,0.157972,0.154053
1790937240.520078,1790937240.671154,-0.043840,0.689614,0.889667,0.020956,-0.029122,0.737171,0.674753,-0.842,-4.025,95.092,0.472909,-0.037924,-0.011004,-0.125762,-0.010342,0.061374
1790937240.553419,1790937240.711660,-0.044145,0.705481,0.890167,0.020098,-0.031142,0.737245,0.674608,-1.080,-4.109,95.119,0.477855,-0.040885,-0.015867,-0.099130,-0.048688,-0.040892
1790937240.586760,1790937240.750450,-0.045693,0.720443,0.889102,0.019615,-0.032232,0.736237,0.675671,-1.204,-4.154,94.956,0.490920,-0.040587,-0.032192,-0.044852,-0.002895,-0.141000
1790937240.620101,1790937240.785980,-0.046179,0.737944,0.888452,0.019137,-0.032595,0.734496,0.677559,-1.261,-4.145,94.664,0.505205,-0.032295,-0.051130,-0.000127,-0.023128,-0.158048
1790937240.653443,1790937240.822696,-0.046628,0.754984,0.887227,0.019374,-0.032885,0.732963,0.679196,-1.258,-4.190,94.407,0.515540,-0.015285,-0.076876,-0.039541,-0.030586,-0.090934
1790937240.686784,1790937240.857660,-0.047503,0.772446,0.885314,0.018747,-0.033996,0.732219,0.679962,-1.396,-4.226,94.290,0.532767,0.000737,-0.098203,-0.078948,-0.003955,-0.033409
1790937240.720125,1790937240.890301,-0.048938,0.790379,0.883047,0.017976,-0.034386,0.731868,0.680341,-1.487,-4.192,94.234,0.550575,0.010065,-0.108288,-0.015025,0.030135,-0.044061
1790937240.753466,1790937240.925647,-0.050909,0.809168,0.880866,0.017310,-0.034384,0.730995,0.681296,-1.533,-4.138,94.086,0.564582,0.014543,-0.102070,-0.060839,0.026938,-0.118632
1790937240.786808,1790937240.960446,-0.053073,0.828088,0.879205,0.016350,-0.035326,0.729428,0.682949,-1.678,-4.135,93.830,0.570275,0.021211,-0.075852,-0.084279,-0.031651,-0.147395
1790937240.820149,1790937241.001860,-0.055161,0.846595,0.878468,0.016533,-0.036845,0.727511,0.684906,-1.779,-4.274,93.522,0.560136,0.025052,-0.036443,-0.049124,-0.111548,-0.174027
1790937240.853489,1790937241.043417,-0.059892,0.864633,0.878314,0.017074,-0.039023,0.725605,0.686792,-1.907,-4.495,93.223,0.541971,0.036131,-0.015680,-0.069392,-0.097672,-0.156967
1790937240.886830,1790937241.075844,-0.061834,0.882153,0.879030,0.017223,-0.040493,0.723545,0.688873,-2.005,-4.629,92.893,0.523461,0.044174,-0.011249,-0.043824,-0.030568,-0.203839
1790937240.920172,1790937241.104703,-0.064508,0.899182,0.879895,0.016629,-0.041195,0.721131,0.691373,-2.094,-4.643,92.499,0.501666,0.057325,-0.017287,-0.103485,0.047195,-0.186795
1790937240.953513,1790937241.141343,-0.067494,0.915538,0.880387,0.014012,-0.040882,0.719181,0.693478,-2.263,-4.408,92.172,0.483775,0.068490,-0.019076,-0.042769,0.231490,-0.152707
1790937240.986854,1790937241.174241,-0.071446,0.930423,0.879941,0.010883,-0.037401,0.717242,0.695734,-2.212,-3.879,91.819,0.476606,0.072173,0.002055,0.066932,0.264518,-0.208096
1790937241.020195,1790937241.201869,-0.074555,0.946935,0.880450,0.009160,-0.034318,0.714813,0.698413,-2.082,-3.499,91.393,0.476167,0.078018,0.031091,0.024309,0.062118,-0.196380
1790937241.053537,1790937241.237852,-0.077639,0.962657,0.881218,0.008829,-0.034610,0.713154,0.700097,-2.125,-3.500,91.124,0.473732,0.087274,0.036207,-0.035345,-0.116844,-0.078134
1790937241.086878,1790937241.268793,-0.081563,0.974695,0.880964,0.010009,-0.036164,0.712333,0.700838,-2.153,-3.724,91.002,0.462961,0.088333,0.014207,0.013650,-0.154153,-0.087719
1790937241.120222,1790937241.294255,-0.084803,0.991631,0.880982,0.011118,-0.037031,0.710928,0.702201,-2.127,-3.888,90.780,0.452131,0.084293,-0.021400,0.004058,-0.056130,-0.140990
1790937241.153568,1790937241.321730,-0.087883,1.006602,0.880245,0.010404,-0.037596,0.709453,0.703672,-2.223,-3.880,90.544,0.439501,0.084046,-0.041666,-0.102470,0.032290,-0.089858
1790937241.186914,1790937241.351037,-0.090638,1.021164,0.879553,0.008721,-0.038554,0.708407,0.704696,-2.432,-3.824,90.382,0.430715,0.072541,-0.032108,-0.101402,0.003526,-0.099446
1790937241.220260,1790937241.376891,-0.092945,1.035087,0.879236,0.007705,-0.039593,0.706705,0.706357,-2.589,-3.832,90.115,0.420372,0.055130,-0.018130,-0.051334,0.000329,-0.181473
1790937241.253607,1790937241.413467,-0.094771,1.048491,0.879322,0.007440,-0.039352,0.704568,0.708506,-2.580,-3.798,89.766,0.407394,0.046773,-0.006865,0.047737,0.039743,-0.154841
1790937241.286953,1790937241.445762,-0.096988,1.059299,0.879270,0.007733,-0.037828,0.703068,0.710074,-2.424,-3.704,89.510,0.396895,0.044516,0.005183,0.088211,0.048240,-0.102643
1790937241.320298,1790937241.472651,-0.098662,1.073486,0.880006,0.008119,-0.036479,0.702412,0.710789,-2.280,-3.627,89.393,0.395563,0.048691,0.012663,0.055180,-0.010339,-0.012100
1790937241.353645,1790937241.505271,-0.100163,1.086838,0.880715,0.008937,-0.036456,0.702652,0.710543,-2.213,-3.690,89.431,0.398612,0.050017,0.010212,0.015765,-0.080646,0.043293
1790937241.386991,1790937241.532627,-0.101690,1.100330,0.881254,0.009851,-0.037336,0.703437,0.709708,-2.214,-3.833,89.566,0.406223,0.050783,-0.005698,-0.006604,-0.081712,0.112536
1790937241.420338,1790937241.561498,-0.103241,1.114215,0.881348,0.010099,-0.038247,0.705047,0.708056,-2.277,-3.922,89.834,0.417745,0.049296,-0.030641,-0.027911,-0.038033,0.156212
1790937241.453684,1790937241.588788,-0.104697,1.128516,0.880736,0.009769,-0.039110,0.707056,0.706007,-2.385,-3.959,90.168,0.432028,0.042730,-0.053134,-0.047086,-0.028447,0.198823
1790937241.487031,1790937241.621610,-0.105897,1.143474,0.879657,0.009818,-0.039836,0.709539,0.703471,-2.454,-4.013,90.578,0.445194,0.031763,-0.066729,0.037063,-0.049759,0.219063
1790937241.520377,1790937241.657751,-0.106916,1.158416,0.878141,0.010833,-0.039395,0.712016,0.700974,-2.351,-4.052,90.979,0.451983,0.021805,-0.083359,0.091398,0.012028,0.199887
1790937241.553724,1790937241.686202,-0.108082,1.173513,0.876270,0.011026,-0.037408,0.714388,0.698662,-2.185,-3.901,91.350,0.458751,0.017284,-0.089715,0.119090,0.133468,0.196689
1790937241.587071,1790937241.724150,-0.109147,1.188971,0.874666,0.010901,-0.034311,0.716602,0.696552,-1.952,-3.636,91.688,0.471750,0.010064,-0.074513,0.146784,0.115355,0.159403
1790937241.620418,1790937241.758756,-0.112215,1.203913,0.871609,0.010856,-0.031722,0.718538,0.694680,-1.751,-3.421,91.987,0.484588,0.005930,-0.051277,0.099904,0.015231,0.163676
1790937241.653764,1790937241.786215,-0.112442,1.222145,0.869824,0.011688,-0.030955,0.720353,0.692818,-1.630,-3.424,92.281,0.501546,-0.005233,-0.036011,0.065811,-0.092351,0.128516
1790937241.687111,1790937241.810969,-0.112489,1.239685,0.868769,0.013111,-0.031131,0.721434,0.691658,-1.538,-3.554,92.462,0.516935,-0.020124,-0.032112,0.070074,-0.091283,0.049687
1790937241.720458,1790937241.839298,-0.112230,1.257619,0.868594,0.015005,-0.030802,0.721705,0.691352,-1.362,-3.684,92.505,0.529488,-0.030242,-0.021687,0.133994,-0.067845,0.006011
1790937241.753804,1790937241.865187,-0.111610,1.276035,0.869233,0.016717,-0.030226,0.722338,0.690677,-1.182,-3.779,92.606,0.541083,-0.032353,-0.010046,0.065815,-0.033756,0.122129
1790937241.787151,1790937241.890512,-0.111102,1.294659,0.870244,0.017128,-0.029930,0.724298,0.688624,-1.135,-3.786,92.930,0.548805,-0.038652,-0.007860,0.024269,0.024832,0.196700
1790937241.820498,1790937241.926641,-0.110323,1.313346,0.871416,0.016528,-0.029315,0.726332,0.686519,-1.142,-3.684,93.265,0.550342,-0.057503,-0.006084,-0.004492,0.075966,0.141305
1790937241.853844,1790937241.956277,-0.109152,1.328643,0.870184,0.014637,-0.028328,0.727618,0.685241,-1.215,-3.447,93.473,0.546212,-0.075346,0.004578,-0.018296,0.072786,0.093375
1790937241.887191,1790937241.989976,-0.107475,1.347795,0.870798,0.013844,-0.027576,0.728672,0.684167,-1.219,-3.320,93.644,0.541606,-0.088465,0.018655,0.037094,0.012065,0.085916
1790937241.920538,1790937242.022404,-0.105631,1.366709,0.872218,0.013908,-0.027130,0.729798,0.682982,-1.182,-3.288,93.830,0.532697,-0.088824,0.024078,0.015772,0.009928,0.126397
1790937241.953886,1790937242.057649,-0.103738,1.384025,0.873855,0.013208,-0.026940,0.731886,0.680766,-1.231,-3.211,94.179,0.519516,-0.082978,0.023703,-0.021496,0.045087,0.242515
1790937241.987232,1790937242.092072,-0.102060,1.401725,0.875606,0.012340,-0.027260,0.734595,0.677845,-1.338,-3.158,94.639,0.514077,-0.086653,0.030227,-0.058782,-0.044396,0.221210
1790937242.020580,1790937242.134444,-0.100363,1.419512,0.877540,0.012413,-0.030080,0.736663,0.675476,-1.581,-3.378,95.009,0.512628,-0.088660,0.029150,-0.154673,-0.195675,0.167941
1790937242.053927,1790937242.176191,-0.097583,1.434274,0.877893,0.013362,-0.034534,0.738585,0.673143,-1.897,-3.797,95.371,0.505659,-0.085226,0.012185,-0.136531,-0.276640,0.215874
1790937242.087274,1790937242.210318,-0.096743,1.451691,0.878338,0.015122,-0.038853,0.741115,0.670082,-2.145,-4.272,95.843,0.494340,-0.080482,-0.018958,-0.101385,-0.229767,0.270202
1790937242.120618,1790937242.253579,-0.095805,1.469183,0.878681,0.015973,-0.041201,0.744283,0.666401,-2.302,-4.513,96.411,0.479510,-0.073953,-0.052616,0.012585,-0.012452,0.288306
1790937242.153958,1790937242.294158,-0.094365,1.479271,0.877877,0.015306,-0.039675,0.746631,0.663878,-2.237,-4.332,96.800,0.468423,-0.079102,-0.066803,0.060555,0.197389,0.091220
1790937242.187297,1790937242.327971,-0.094059,1.499005,0.877058,0.012951,-0.037039,0.747060,0.663597,-2.192,-3.928,96.847,0.472588,-0.078986,-0.049739,-0.022553,0.171838,-0.009981
1790937242.220638,1790937242.360996,-0.093295,1.514849,0.876952,0.010896,-0.036557,0.746865,0.663881,-2.305,-3.716,96.808,0.474781,-0.076766,-0.027529,-0.103515,0.041870,-0.027026
1790937242.253978,1790937242.394538,-0.092443,1.530367,0.877479,0.009707,-0.038264,0.745982,0.664795,-2.538,-3.747,96.670,0.483450,-0.080652,-0.015259,-0.120557,-0.055071,-0.133556
1790937242.287318,1790937242.427777,-0.091517,1.546110,0.878396,0.010009,-0.039955,0.743935,0.666981,-2.648,-3.910,96.334,0.496371,-0.081226,-0.023236,-0.015083,-0.072115,-0.217712
1790937242.320659,1790937242.454915,-0.090402,1.562500,0.878811,0.010742,-0.040509,0.741509,0.669632,-2.625,-4.025,95.924,0.511218,-0.074791,-0.048618,0.007288,-0.011398,-0.209187
1790937242.353999,1790937242.481835,-0.089526,1.579792,0.878318,0.010982,-0.040391,0.739439,0.671921,-2.584,-4.044,95.569,0.526712,-0.065782,-0.070800,-0.004429,0.001381,-0.162313
1790937242.387339,1790937242.508400,-0.089060,1.598145,0.877002,0.011047,-0.040776,0.737806,0.673690,-2.602,-4.085,95.294,0.540722,-0.056742,-0.088130,-0.041715,-0.033771,-0.116506
1790937242.420680,1790937242.536752,-0.088694,1.616454,0.875140,0.010808,-0.041759,0.736680,0.674864,-2.697,-4.145,95.113,0.556265,-0.047107,-0.106220,-0.079000,-0.001816,-0.067503
1790937242.454020,1790937242.564446,-0.088551,1.635290,0.873259,0.009734,-0.042270,0.736089,0.675493,-2.820,-4.097,95.017,0.575339,-0.039861,-0.114095,-0.035320,0.062100,-0.040871
1790937242.487360,1790937242.590161,-0.088817,1.654905,0.871204,0.009020,-0.041855,0.735515,0.676154,-2.837,-4.007,94.915,0.591741,-0.033571,-0.102855,-0.003362,0.030140,-0.064308
1790937242.520701,1790937242.628428,-0.089403,1.674920,0.869449,0.008836,-0.041910,0.734861,0.676864,-2.852,-3.998,94.805,0.606088,-0.024284,-0.086810,-0.020409,-0.013536,-0.041936
1790937242.554041,1790937242.658490,-0.088920,1.693896,0.869026,0.008942,-0.042957,0.734464,0.677227,-2.930,-4.090,94.748,0.618100,-0.017555,-0.071195,-0.100310,-0.046576,-0.021711
1790937242.587382,1790937242.685429,-0.089717,1.714188,0.868869,0.008300,-0.045505,0.734086,0.677479,-3.194,-4.235,94.711,0.623127,-0.010276,-0.062509,-0.179131,-0.079598,-0.022773
1790937242.620722,1790937242.712614,-0.090975,1.735034,0.868435,0.007322,-0.048382,0.733710,0.677699,-3.512,-4.377,94.679,0.624198,-0.003564,-0.059896,-0.159957,-0.061488,-0.018513
1790937242.654061,1790937242.740256,-0.092486,1.755858,0.868016,0.006460,-0.050315,0.733247,0.678068,-3.740,-4.457,94.624,0.621227,0.001397,-0.060947,-0.073670,-0.008225,-0.048342
1790937242.687402,1790937242.766334,-0.094159,1.776633,0.867850,0.006217,-0.050255,0.732557,0.678819,-3.749,-4.436,94.506,0.621215,0.008532,-0.053792,0.053098,0.047169,-0.081367
1790937242.720742,1790937242.792033,-0.095994,1.797276,0.867851,0.006484,-0.048361,0.731561,0.680028,-3.561,-4.316,94.316,0.620235,0.016164,-0.038074,0.111687,0.094040,-0.103737
1790937242.754082,1790937242.822767,-0.098056,1.817854,0.868648,0.006863,-0.045451,0.730486,0.681379,-3.279,-4.127,94.102,0.620352,0.022780,-0.015189,0.167082,0.102563,-0.111195
1790937242.787423,1790937242.858429,-0.100395,1.838961,0.870005,0.008241,-0.042808,0.729351,0.682749,-2.942,-4.041,93.884,0.622290,0.023218,0.002882,0.144697,-0.026340,-0.106937
1790937242.820763,1790937242.898442,-0.102418,1.859651,0.871435,0.010978,-0.042632,0.728163,0.683989,-2.705,-4.261,93.684,0.619303,0.017066,-0.003322,0.077583,-0.176549,-0.138896
1790937242.854104,1790937242.936790,-0.102799,1.877786,0.872876,0.013859,-0.044267,0.725845,0.686293,-2.601,-4.639,93.314,0.605989,0.005271,-0.036324,-0.008690,-0.140333,-0.260353
1790937242.887444,1790937242.972584,-0.104252,1.897336,0.872905,0.014829,-0.045411,0.722682,0.689527,-2.599,-4.822,92.799,0.589377,0.001498,-0.066907,-0.052367,-0.013561,-0.247570
1790937242.920784,1790937243.012591,-0.105149,1.917173,0.872218,0.014076,-0.045788,0.720699,0.691592,-2.676,-4.797,92.473,0.574208,0.000985,-0.076548,-0.047051,0.048218,-0.090975
1790937242.954125,1790937243.053211,-0.104674,1.931274,0.871814,0.013394,-0.045256,0.719747,0.692630,-2.679,-4.702,92.310,0.556657,-0.011923,-0.075082,0.024353,0.086568,-0.088856
1790937242.987465,1790937243.085806,-0.104802,1.950184,0.871170,0.012592,-0.043439,0.718795,0.693750,-2.586,-4.495,92.133,0.549935,-0.016976,-0.065693,0.046719,0.138767,-0.066486
1790937243.020805,1790937243.117321,-0.104838,1.968417,0.870713,0.011525,-0.041305,0.718505,0.694198,-2.492,-4.239,92.064,0.549573,-0.015109,-0.050535,0.026477,0.124917,0.021931
1790937243.054146,1790937243.151890,-0.105058,1.986586,0.870558,0.010801,-0.039872,0.719527,0.693235,-2.436,-4.061,92.219,0.548537,-0.010505,-0.042270,0.038194,0.042890,0.135918
1790937243.087485,1790937243.185881,-0.105396,2.004819,0.870459,0.011370,-0.038999,0.721267,0.691464,-2.329,-4.033,92.499,0.553453,-0.015058,-0.048960,0.082935,-0.008246,0.151895
1790937243.120826,1790937243.219131,-0.105580,2.023339,0.870012,0.012421,-0.038003,0.723020,0.689669,-2.173,-4.036,92.781,0.563713,-0.025248,-0.067504,0.087193,-0.002920,0.127394
1790937243.154166,1790937243.251452,-0.105656,2.042522,0.868901,0.013089,-0.037296,0.724229,0.688426,-2.068,-4.032,92.976,0.575781,-0.037252,-0.093970,-0.011881,0.013058,0.063476
1790937243.187506,1790937243.284949,-0.105340,2.062280,0.866923,0.012259,-0.037503,0.724565,0.688076,-2.153,-3.978,93.034,0.592155,-0.050861,-0.114788,-0.069411,0.046083,-0.007899
1790937243.220845,1790937243.316882,-0.104398,2.082461,0.864353,0.010899,-0.037613,0.724168,0.688511,-2.267,-3.875,92.968,0.611719,-0.065793,-0.124378,-0.041715,0.059931,-0.083536
1790937243.254185,1790937243.357034,-0.102917,2.103322,0.861788,0.010743,-0.036830,0.722531,0.690274,-2.205,-3.805,92.689,0.632656,-0.081920,-0.115653,0.078657,0.004533,-0.198588
1790937243.287525,1790937243.394065,-0.100848,2.119558,0.860062,0.012204,-0.036309,0.720442,0.692456,-2.034,-3.892,92.339,0.641221,-0.080314,-0.103351,0.017928,-0.050885,-0.115517
1790937243.320865,1790937243.428760,-0.098608,2.140771,0.857784,0.012787,-0.036669,0.720115,0.692767,-2.016,-3.969,92.288,0.639788,-0.075524,-0.082721,-0.022549,-0.023187,0.074103
1790937243.354205,1790937243.469065,-0.096680,2.161846,0.857269,0.012043,-0.037137,0.721883,0.690913,-2.124,-3.940,92.585,0.622657,-0.071308,-0.058331,-0.098183,0.082275,0.275445
1790937243.387545,1790937243.498977,-0.094921,2.181922,0.857678,0.008979,-0.036439,0.726051,0.686616,-2.331,-3.616,93.272,0.615184,-0.072063,-0.031648,-0.069411,0.233552,0.429917
1790937243.420885,1790937243.525497,-0.093485,2.202232,0.858916,0.005872,-0.034215,0.730524,0.682004,-2.410,-3.167,94.001,0.619552,-0.094492,0.004586,-0.000168,0.144065,0.293560
1790937243.454225,1790937243.551623,-0.091662,2.222979,0.861046,0.005377,-0.033965,0.732590,0.679801,-2.437,-3.099,94.347,0.624689,-0.115645,0.031643,-0.049175,-0.107345,0.068783
1790937243.487565,1790937243.588130,-0.089534,2.243771,0.863520,0.006682,-0.036555,0.732904,0.679317,-2.555,-3.409,94.422,0.621030,-0.116301,0.035595,-0.073681,-0.189374,0.014452
1790937243.520904,1790937243.620720,-0.087699,2.262530,0.865666,0.008210,-0.039254,0.733073,0.678967,-2.665,-3.746,94.476,0.612998,-0.110117,0.022525,-0.058774,-0.163818,0.032547
1790937243.554244,1790937243.649592,-0.085397,2.283263,0.867484,0.009926,-0.041323,0.733259,0.678620,-2.708,-4.051,94.528,0.607170,-0.108471,0.001755,0.008339,-0.164882,-0.006867
1790937243.587584,1790937243.676995,-0.083557,2.304047,0.868735,0.012373,-0.042764,0.732725,0.679067,-2.636,-4.371,94.454,0.600600,-0.104390,-0.023040,0.037098,-0.156359,-0.084635
1790937243.620924,1790937243.715833,-0.081649,2.323899,0.869306,0.014892,-0.043900,0.731698,0.680051,-2.530,-4.675,94.294,0.588859,-0.088906,-0.041692,0.054143,-0.152097,-0.076113
1790937243.654264,1790937243.748152,-0.080155,2.341160,0.869239,0.017506,-0.044356,0.731285,0.680403,-2.362,-4.931,94.230,0.567405,-0.064306,-0.057586,0.098886,-0.072208,0.031463
1790937243.687604,1790937243.774507,-0.080341,2.361311,0.867846,0.018321,-0.043010,0.732203,0.679480,-2.191,-4.892,94.371,0.551693,-0.043869,-0.069505,0.093553,0.098239,0.109236
1790937243.720944,1790937243.808927,-0.080517,2.379913,0.867318,0.017571,-0.040666,0.733870,0.677844,-2.062,-4.641,94.629,0.544707,-0.030970,-0.057918,0.042416,0.122740,0.171022
1790937243.754283,1790937243.841152,-0.081174,2.398167,0.867228,0.016828,-0.039407,0.735764,0.675881,-2.026,-4.475,94.937,0.542030,-0.027382,-0.043830,0.007254,0.032187,0.129475
1790937243.787624,1790937243.873648,-0.081807,2.416202,0.867319,0.016592,-0.039660,0.736502,0.675067,-2.070,-4.473,95.065,0.546086,-0.030883,-0.042047,-0.063057,-0.028534,-0.015405
1790937243.820963,1790937243.908469,-0.082287,2.434487,0.867217,0.016492,-0.041058,0.735600,0.675969,-2.191,-4.575,94.925,0.553206,-0.031461,-0.049883,-0.055601,-0.071148,-0.128326
1790937243.854303,1790937243.941328,-0.082720,2.453028,0.866660,0.016964,-0.042332,0.733769,0.677867,-2.250,-4.720,94.628,0.563561,-0.027597,-0.070020,-0.030035,-0.064758,-0.189048
1790937243.887643,1790937243.976649,-0.083350,2.471733,0.865423,0.017396,-0.042966,0.731672,0.680079,-2.255,-4.813,94.281,0.572725,-0.015035,-0.094588,-0.009796,-0.009365,-0.150698
1790937243.920983,1790937244.010798,-0.084345,2.490779,0.863647,0.017169,-0.042770,0.730484,0.681373,-2.248,-4.782,94.078,0.580937,0.000096,-0.115571,0.001922,0.056681,-0.075061
1790937243.954323,1790937244.045886,-0.085367,2.510776,0.861975,0.016561,-0.041920,0.729726,0.682253,-2.219,-4.667,93.942,0.593838,0.009882,-0.127131,0.005122,0.082252,-0.062276
1790937243.987662,1790937244.079370,-0.087066,2.530761,0.859250,0.015256,-0.041113,0.729199,0.682895,-2.249,-4.497,93.845,0.607564,0.021865,-0.130423,-0.033227,0.095035,-0.028186
1790937244.021002,1790937244.117460,-0.089220,2.551157,0.856648,0.014236,-0.040449,0.728835,0.683345,-2.271,-4.361,93.776,0.623440,0.029318,-0.118235,0.001926,0.048160,-0.040971
1790937244.054341,1790937244.150274,-0.091609,2.572025,0.854501,0.014020,-0.039959,0.728190,0.684066,-2.242,-4.306,93.663,0.638462,0.036392,-0.101586,0.006182,0.015136,-0.065472
1790937244.087681,1790937244.189607,-0.094455,2.593293,0.852955,0.013853,-0.040285,0.727684,0.684588,-2.280,-4.319,93.582,0.638490,0.049021,-0.083783,-0.049220,-0.013630,-0.019666
1790937244.121021,1790937244.230769,-0.096749,2.612269,0.851653,0.013549,-0.040520,0.727156,0.685141,-2.320,-4.314,93.495,0.632131,0.047360,-0.068752,-0.006603,0.047085,-0.110214
1790937244.154361,1790937244.268028,-0.099716,2.633209,0.851238,0.012786,-0.039464,0.725186,0.687302,-2.279,-4.174,93.156,0.625521,0.044232,-0.052995,0.018962,0.096091,-0.232724
1790937244.187701,1790937244.304052,-0.102451,2.653604,0.851212,0.012339,-0.038450,0.722523,0.690166,-2.214,-4.066,92.703,0.611836,0.053163,-0.035504,0.006175,0.041760,-0.218875
1790937244.221041,1790937244.342935,-0.105388,2.673424,0.851512,0.011792,-0.037523,0.720374,0.692470,-2.167,-3.954,92.338,0.596295,0.063855,-0.029332,0.005109,0.120593,-0.125130
1790937244.254381,1790937244.377129,-0.108516,2.693260,0.852418,0.010106,-0.035522,0.719712,0.693290,-2.132,-3.658,92.211,0.586644,0.072131,-0.016105,0.024285,0.175990,0.003769
1790937244.287721,1790937244.414279,-0.111719,2.712405,0.853397,0.009183,-0.033772,0.720115,0.692972,-2.062,-3.442,92.263,0.584973,0.073010,0.000924,0.043462,0.021523,0.042120
1790937244.321061,1790937244.447464,-0.115199,2.728948,0.854723,0.010385,-0.034244,0.720460,0.692573,-2.007,-3.577,92.324,0.583535,0.072193,-0.001753,0.005113,-0.157453,0.003780
1790937244.354401,1790937244.473842,-0.118134,2.747734,0.856477,0.012544,-0.036569,0.720111,0.692781,-2.027,-3.941,92.286,0.576683,0.067318,-0.028533,-0.032166,-0.169169,-0.081442
1790937244.387740,1790937244.499707,-0.120722,2.766606,0.856299,0.013587,-0.038110,0.718573,0.694273,-2.063,-4.154,92.046,0.563849,0.058228,-0.063543,-0.009793,-0.029617,-0.173055
1790937244.421079,1790937244.529313,-0.123186,2.784730,0.855222,0.012855,-0.037633,0.716687,0.696260,-2.071,-4.062,91.730,0.546422,0.053401,-0.086408,-0.023643,0.151481,-0.131509
1790937244.454419,1790937244.558628,-0.125245,2.802423,0.853731,0.010598,-0.035603,0.715274,0.697856,-2.075,-3.718,91.480,0.537539,0.039614,-0.076981,0.004053,0.202615,-0.125118
1790937244.487759,1790937244.585883,-0.126839,2.820386,0.852713,0.008646,-0.033221,0.713733,0.699576,-2.028,-3.372,91.208,0.536430,0.028135,-0.048000,0.031748,0.162135,-0.141096
1790937244.521099,1790937244.611518,-0.128015,2.838360,0.852701,0.008101,-0.030897,0.712337,0.701110,-1.874,-3.145,90.962,0.542690,0.026028,-0.017020,0.098861,0.054541,-0.102746
1790937244.554439,1790937244.648469,-0.129135,2.856387,0.853459,0.009885,-0.029814,0.711249,0.702238,-1.637,-3.206,90.776,0.552987,0.025324,-0.001054,0.095665,-0.115907,-0.088897
1790937244.587779,1790937244.679692,-0.129461,2.871788,0.854099,0.011710,-0.030965,0.710492,0.702926,-1.581,-3.450,90.661,0.558302,0.027271,-0.017737,-0.050278,-0.104192,-0.027105
1790937244.621119,1790937244.707744,-0.130406,2.891227,0.854239,0.011736,-0.032695,0.710377,0.702963,-1.720,-3.591,90.655,0.567091,0.023345,-0.037862,-0.077973,-0.057317,-0.001540
1790937244.654459,1790937244.734066,-0.130947,2.910362,0.853963,0.011822,-0.034146,0.710116,0.703157,-1.830,-3.716,90.624,0.579611,0.010032,-0.057408,-0.048144,-0.070101,-0.042021
1790937244.687799,1790937244.759422,-0.131062,2.929860,0.852942,0.012279,-0.034976,0.709349,0.703882,-1.857,-3.822,90.505,0.591223,-0.001322,-0.087233,0.015774,-0.024294,-0.081437
1790937244.721138,1790937244.786018,-0.130942,2.949804,0.850978,0.012476,-0.034491,0.708413,0.704844,-1.796,-3.801,90.349,0.601444,-0.002824,-0.113252,0.024297,0.053471,-0.044151
1790937244.754478,1790937244.820010,-0.130918,2.970130,0.848331,0.011622,-0.033339,0.708850,0.704475,-1.774,-3.638,90.411,0.613977,0.006343,-0.125037,0.033885,0.112063,0.129491
1790937244.787818,1790937244.850030,-0.131123,2.991128,0.845642,0.010762,-0.031260,0.711066,0.702348,-1.684,-3.395,90.757,0.635998,0.007250,-0.116877,0.083954,0.120585,0.210454
1790937244.821158,1790937244.886546,-0.131459,3.012661,0.843503,0.010751,-0.029179,0.713574,0.699890,-1.526,-3.221,91.152,0.653954,0.000761,-0.094618,0.080758,0.044947,0.209388
1790937244.854497,1790937244.926840,-0.131796,3.034536,0.842049,0.010647,-0.028530,0.716056,0.697378,-1.493,-3.155,91.555,0.655910,-0.005851,-0.074575,-0.011924,0.035357,0.198736
1790937244.887837,1790937244.955959,-0.131750,3.055982,0.841260,0.009563,-0.028049,0.718345,0.695056,-1.550,-3.023,91.929,0.647456,-0.016495,-0.049892,-0.028965,0.091818,0.226434
1790937244.921176,1790937244.993473,-0.131741,3.077252,0.841553,0.008077,-0.027937,0.721734,0.691559,-1.673,-2.883,92.488,0.645231,-0.026692,-0.008384,-0.048140,0.010855,0.344683
1790937244.954516,1790937245.024523,-0.130524,3.094834,0.843531,0.007755,-0.028939,0.725157,0.687931,-1.796,-2.927,93.064,0.646135,-0.048127,0.019018,-0.059858,-0.048809,0.221118
1790937244.987856,1790937245.051848,-0.129785,3.115617,0.845539,0.007145,-0.030435,0.726895,0.686037,-1.976,-2.989,93.364,0.646231,-0.057617,0.020685,-0.106726,-0.018982,0.114585
1790937245.021196,1790937245.089791,-0.128982,3.136651,0.847529,0.005932,-0.031869,0.728099,0.684705,-2.197,-2.997,93.576,0.640446,-0.062377,0.017636,-0.109921,0.008714,0.091149
1790937245.054536,1790937245.126520,-0.126995,3.150693,0.850341,0.004706,-0.032971,0.728345,0.684401,-2.387,-2.980,93.625,0.631513,-0.075045,0.014456,-0.056644,0.010834,-0.056911
1790937245.087876,1790937245.157634,-0.125907,3.172563,0.851886,0.004953,-0.033814,0.727229,0.685544,-2.433,-3.071,93.445,0.629835,-0.073190,0.021682,0.010471,-0.140434,-0.116574
1790937245.121216,1790937245.184933,-0.124742,3.192936,0.854057,0.008648,-0.036279,0.726256,0.686412,-2.344,-3.576,93.304,0.624248,-0.058196,0.020586,0.075455,-0.354559,-0.014303
1790937245.154557,1790937245.214051,-0.124527,3.213837,0.855608,0.013474,-0.039155,0.726858,0.685538,-2.209,-4.202,93.433,0.612384,-0.038065,-0.015073,0.087172,-0.255486,0.127377
1790937245.187899,1790937245.254928,-0.124993,3.234212,0.855857,0.016220,-0.039613,0.728811,0.683376,-2.045,-4.461,93.765,0.599094,-0.019135,-0.051478,0.104215,-0.020056,0.200880
1790937245.221240,1790937245.285184,-0.124883,3.248156,0.856285,0.016580,-0.037833,0.731227,0.680882,-1.882,-4.345,94.155,0.586847,-0.006643,-0.060998,0.092500,0.126942,0.205147
1790937245.254582,1790937245.314039,-0.126205,3.266633,0.855918,0.015514,-0.035262,0.733706,0.678375,-1.763,-4.049,94.550,0.581277,0.003820,-0.050179,0.061608,0.154639,0.215801
1790937245.287923,1790937245.345304,-0.127952,3.285393,0.855983,0.014277,-0.033611,0.736178,0.675802,-1.734,-3.810,94.955,0.578421,0.009014,-0.031691,-0.008699,0.063022,0.208343
1790937245.321264,1790937245.388695,-0.129875,3.304282,0.856497,0.013614,-0.034183,0.738018,0.673777,-1.844,-3.793,95.272,0.579902,0.005580,-0.022395,-0.070485,-0.039247,0.103945
1790937245.354605,1790937245.417833,-0.130740,3.320121,0.857801,0.013332,-0.035438,0.738478,0.673213,-1.975,-3.865,95.361,0.581142,-0.003103,-0.028823,-0.048109,-0.012618,-0.033469
1790937245.387947,1790937245.446810,-0.132225,3.339252,0.857974,0.013071,-0.036053,0.737261,0.674519,-2.041,-3.894,95.159,0.587670,-0.012105,-0.035637,-0.025737,-0.033924,-0.180480
1790937245.421288,1790937245.480459,-0.133770,3.359250,0.858077,0.013852,-0.037417,0.734687,0.677232,-2.081,-4.073,94.735,0.592200,-0.007591,-0.047396,-0.038535,-0.121284,-0.238010
1790937245.454630,1790937245.520584,-0.134865,3.378664,0.857597,0.015051,-0.039205,0.732395,0.679584,-2.125,-4.320,94.364,0.594746,0.007757,-0.069968,-0.014019,-0.107431,-0.145326
1790937245.487971,1790937245.556300,-0.136437,3.398316,0.856702,0.016512,-0.039366,0.730924,0.681122,-2.015,-4.460,94.118,0.601177,0.017047,-0.089519,0.099970,-0.029664,-0.118693
1790937245.521312,1790937245.589685,-0.138477,3.418793,0.855110,0.017671,-0.038434,0.729885,0.682260,-1.839,-4.487,93.935,0.610466,0.026634,-0.098327,0.054160,-0.001968,-0.064363
1790937245.554654,1790937245.626363,-0.140920,3.439751,0.853472,0.018584,-0.038062,0.729367,0.682810,-1.733,-4.536,93.845,0.624698,0.036075,-0.093916,0.054154,-0.056299,-0.040928
1790937245.587996,1790937245.662514,-0.142730,3.458359,0.853109,0.020059,-0.038853,0.729074,0.683037,-1.682,-4.722,93.804,0.633154,0.043368,-0.080562,-0.018269,-0.117018,-0.001497
1790937245.621337,1790937245.695629,-0.145591,3.479162,0.852368,0.020570,-0.040683,0.729182,0.682800,-1.797,-4.908,93.840,0.628540,0.047019,-0.067571,-0.073665,-0.044578,0.010219
1790937245.654679,1790937245.724694,-0.148295,3.499969,0.852088,0.019656,-0.041067,0.728499,0.683533,-1.896,-4.863,93.728,0.621815,0.038365,-0.054592,-0.032116,0.112020,-0.160226
1790937245.688020,1790937245.752878,-0.150846,3.521012,0.852257,0.017708,-0.039614,0.725791,0.686545,-1.908,-4.594,93.260,0.621809,0.034843,-0.031935,-0.024660,0.141848,-0.295519
1790937245.721362,1790937245.781851,-0.153259,3.542274,0.853290,0.016722,-0.039383,0.722359,0.690193,-1.944,-4.504,92.685,0.620195,0.040642,-0.002621,-0.033184,-0.046706,-0.289128
1790937245.754702,1790937245.827294,-0.155931,3.563307,0.854964,0.018016,-0.040437,0.719109,0.693486,-1.907,-4.703,92.157,0.611020,0.045709,0.012042,0.054164,-0.111689,-0.264625
1790937245.788043,1790937245.859501,-0.158986,3.592135,0.858364,0.020113,-0.040043,0.716245,0.696409,-1.688,-4.852,91.680,0.611603,0.053231,0.016814,0.128729,-0.021111,-0.212421
1790937245.821385,1790937245.887963,-0.160623,3.602071,0.860069,0.021727,-0.038885,0.714592,0.698122,-1.451,-4.896,91.398,0.603033,0.063197,0.014017,0.069077,-0.027530,-0.074993
1790937245.854727,1790937245.931831,-0.163520,3.621890,0.861970,0.022886,-0.039360,0.714460,0.698194,-1.397,-5.029,91.381,0.600691,0.068800,0.003637,-0.021472,-0.123407,0.059230
1790937245.888068,1790937245.969231,-0.165099,3.638371,0.864889,0.024125,-0.042335,0.715227,0.697192,-1.549,-5.367,91.536,0.593677,0.059900,-0.016029,-0.107758,-0.197978,0.053920
1790937245.921410,1790937246.005024,-0.167349,3.658083,0.865552,0.024712,-0.045884,0.715023,0.697156,-1.794,-5.700,91.539,0.577162,0.045357,-0.058038,-0.132260,-0.119147,-0.060066
1790937245.954751,1790937246.041085,-0.169064,3.677063,0.864825,0.024202,-0.047943,0.713864,0.698222,-1.996,-5.826,91.371,0.551772,0.031230,-0.097789,-0.092844,-0.000901,-0.106941
1790937245.988092,1790937246.078271,-0.170209,3.695664,0.862967,0.022676,-0.048378,0.712583,0.699551,-2.144,-5.739,91.165,0.530315,0.018368,-0.117283,-0.069409,0.096042,-0.102679
1790937246.021434,1790937246.113534,-0.170889,3.713444,0.860677,0.020878,-0.046968,0.711525,0.700778,-2.163,-5.482,90.976,0.514424,0.011532,-0.119581,0.044576,0.187658,-0.081374
1790937246.054776,1790937246.150161,-0.171504,3.730712,0.858406,0.019325,-0.043381,0.711034,0.701552,-1.989,-5.069,90.857,0.504001,0.013901,-0.108666,0.108493,0.237725,-0.009999
1790937246.088117,1790937246.186812,-0.172321,3.747725,0.856527,0.017998,-0.039765,0.711662,0.701165,-1.803,-4.668,90.925,0.499765,0.020298,-0.088593,0.085055,0.156763,0.095464
1790937246.121459,1790937246.221290,-0.173268,3.764582,0.855078,0.017290,-0.038224,0.713322,0.699579,-1.744,-4.482,91.183,0.500435,0.024708,-0.078921,0.003028,0.038515,0.179622
1790937246.154801,1790937246.256340,-0.174241,3.781273,0.853735,0.016877,-0.038274,0.715689,0.697165,-1.796,-4.446,91.572,0.506985,0.023469,-0.083853,-0.019341,0.002296,0.217973
1790937246.188142,1790937246.283344,-0.175160,3.798121,0.852025,0.016073,-0.038632,0.718109,0.694671,-1.906,-4.402,91.974,0.516325,0.014253,-0.101778,-0.063017,0.039581,0.193473
1790937246.221483,1790937246.322788,-0.175896,3.815089,0.849734,0.014420,-0.038782,0.720054,0.692684,-2.062,-4.272,92.297,0.526296,0.001147,-0.115576,-0.051301,0.077927,0.133815
1790937246.254825,1790937246.361594,-0.175171,3.838817,0.849125,0.013530,-0.038211,0.720998,0.691751,-2.090,-4.150,92.448,0.542618,-0.014962,-0.121083,0.038191,0.042802,0.012382
1790937246.288167,1790937246.395658,-0.174474,3.847691,0.845306,0.013791,-0.037330,0.720934,0.691860,-1.996,-4.102,92.429,0.546495,-0.016641,-0.124861,0.044586,0.026793,0.000665
1790937246.321509,1790937246.430630,-0.174513,3.865327,0.842590,0.013906,-0.036149,0.721200,0.691643,-1.890,-4.018,92.463,0.564161,-0.016867,-0.115881,0.076546,0.054489,0.027297
1790937246.354851,1790937246.466762,-0.174494,3.884437,0.840396,0.014348,-0.034616,0.721208,0.691704,-1.728,-3.933,92.452,0.582523,-0.027302,-0.094299,0.076545,0.019332,-0.043010
1790937246.388193,1790937246.502541,-0.174419,3.904368,0.839281,0.015289,-0.034247,0.720758,0.692171,-1.620,-3.982,92.374,0.589502,-0.025029,-0.058398,0.048843,-0.080804,0.012383
1790937246.421535,1790937246.537893,-0.174281,3.924051,0.839202,0.016902,-0.034588,0.721929,0.690895,-1.527,-4.140,92.572,0.585797,-0.020213,-0.033002,0.048848,-0.054171,0.203072
1790937246.454877,1790937246.572713,-0.174496,3.943558,0.839727,0.016818,-0.034114,0.725141,0.687549,-1.514,-4.089,93.103,0.586062,-0.018030,-0.023360,0.011562,0.103492,0.368194
1790937246.488219,1790937246.614650,-0.175043,3.962588,0.840527,0.015537,-0.032291,0.729638,0.682894,-1.488,-3.829,93.840,0.581988,-0.024058,-0.012807,0.097848,0.117337,0.361800
1790937246.521561,1790937246.651747,-0.174376,3.978767,0.842024,0.015875,-0.029994,0.733189,0.679178,-1.287,-3.671,94.421,0.568603,-0.039403,-0.009822,0.136201,0.053414,0.223319
1790937246.554903,1790937246.689770,-0.174551,3.996878,0.842763,0.016009,-0.028012,0.735208,0.677074,-1.120,-3.524,94.749,0.559106,-0.049262,-0.015999,0.042450,0.114131,0.135964
1790937246.588245,1790937246.728756,-0.173576,4.012665,0.843816,0.014605,-0.026469,0.736811,0.675423,-1.106,-3.284,95.010,0.559745,-0.061507,-0.005521,0.048855,0.087500,0.124256
1790937246.621587,1790937246.766501,-0.172915,4.031482,0.844920,0.015107,-0.025548,0.737925,0.674229,-0.995,-3.253,95.193,0.562650,-0.078172,0.005488,0.058442,-0.080814,0.069925
1790937246.654928,1790937246.805899,-0.172004,4.050470,0.846082,0.016758,-0.026872,0.738791,0.673190,-0.984,-3.494,95.350,0.554747,-0.081173,-0.007157,-0.037434,-0.156452,0.092297
1790937246.688270,1790937246.838251,-0.170973,4.069000,0.846765,0.018101,-0.029257,0.739768,0.671982,-1.089,-3.790,95.534,0.541920,-0.080345,-0.022703,-0.047018,-0.151124,0.089102
1790937246.721612,1790937246.870298,-0.170117,4.087038,0.847010,0.018763,-0.031609,0.740786,0.670734,-1.244,-4.026,95.726,0.525327,-0.074095,-0.039472,-0.104544,-0.087207,0.117865
1790937246.754954,1790937246.910173,-0.169600,4.104597,0.846812,0.018204,-0.033525,0.742487,0.668773,-1.461,-4.122,96.033,0.508210,-0.060756,-0.050838,-0.072585,-0.019027,0.209479
1790937246.788296,1790937246.941794,-0.169688,4.120326,0.846617,0.017227,-0.034172,0.744969,0.666000,-1.607,-4.082,96.464,0.493049,-0.055918,-0.053192,-0.035300,0.061934,0.211616
1790937246.821638,1790937246.982996,-0.169752,4.137245,0.846045,0.015941,-0.033310,0.746998,0.663800,-1.643,-3.901,96.806,0.479282,-0.053489,-0.045126,0.033942,0.107743,0.145567
1790937246.854980,1790937247.018463,-0.170134,4.153352,0.845919,0.015014,-0.031459,0.748623,0.662079,-1.563,-3.677,97.071,0.469699,-0.047176,-0.029646,0.060572,0.117331,0.138112
1790937246.888323,1790937247.057338,-0.170717,4.168998,0.846215,0.013985,-0.029767,0.750012,0.660606,-1.503,-3.457,97.299,0.471425,-0.046296,-0.013532,-0.021458,0.087500,0.099759
1790937246.921665,1790937247.097231,-0.171311,4.183179,0.847037,0.012703,-0.030139,0.750894,0.659613,-1.636,-3.373,97.454,0.476810,-0.048763,-0.004338,-0.112007,-0.015831,0.055022
1790937246.955007,1790937247.133226,-0.171804,4.199294,0.847710,0.011899,-0.032273,0.750989,0.659418,-1.882,-3.465,97.486,0.486206,-0.056253,-0.012915,-0.106682,-0.071227,-0.042984
1790937246.988349,1790937247.169885,-0.171937,4.215732,0.848112,0.012331,-0.034092,0.749641,0.660851,-1.999,-3.643,97.268,0.497903,-0.067692,-0.028464,-0.028916,-0.112774,-0.197453
1790937247.021691,1790937247.205322,-0.171981,4.232705,0.847906,0.013486,-0.035794,0.747191,0.663508,-2.045,-3.879,96.859,0.506390,-0.067832,-0.050354,-0.043833,-0.102122,-0.208109
1790937247.055033,1790937247.238518,-0.171968,4.250159,0.847034,0.013977,-0.037059,0.745033,0.665851,-2.103,-4.024,96.498,0.519450,-0.066967,-0.070964,-0.040640,-0.041401,-0.184674
1790937247.088375,1790937247.272684,-0.171649,4.267998,0.845812,0.013889,-0.038089,0.742910,0.668162,-2.185,-4.102,96.143,0.537263,-0.066080,-0.082221,-0.081121,-0.038204,-0.170825
1790937247.121716,1790937247.306453,-0.171419,4.286226,0.844441,0.013659,-0.039702,0.741051,0.670134,-2.329,-4.212,95.839,0.552315,-0.059525,-0.084662,-0.080058,-0.071230,-0.155912
1790937247.155056,1790937247.346107,-0.171395,4.304744,0.843183,0.014107,-0.041478,0.739222,0.672035,-2.435,-4.394,95.545,0.558159,-0.053117,-0.081845,-0.066212,-0.085081,-0.156977
1790937247.188395,1790937247.384536,-0.172106,4.323020,0.842363,0.013853,-0.042619,0.737524,0.673833,-2.541,-4.466,95.267,0.548837,-0.043841,-0.076715,-0.053431,0.058735,-0.138866
1790937247.221735,1790937247.419471,-0.172118,4.341358,0.841543,0.011864,-0.041671,0.735843,0.675764,-2.603,-4.231,94.970,0.539655,-0.040036,-0.055278,-0.034256,0.186572,-0.178280
1790937247.255075,1790937247.452647,-0.172411,4.359481,0.841562,0.009453,-0.039927,0.733586,0.678356,-2.629,-3.901,94.570,0.540357,-0.035054,-0.022623,-0.023604,0.158873,-0.217697
1790937247.288414,1790937247.490210,-0.172897,4.377340,0.842482,0.008471,-0.039163,0.731059,0.681137,-2.626,-3.769,94.136,0.539700,-0.027427,0.002280,-0.005498,-0.032881,-0.237939
1790937247.321754,1790937247.526280,-0.173709,4.394756,0.844312,0.009678,-0.040596,0.728069,0.684232,-2.635,-3.994,93.648,0.530033,-0.021077,-0.002502,-0.047049,-0.135146,-0.283744
1790937247.355093,1790937247.560215,-0.174084,4.411530,0.845030,0.010286,-0.041895,0.724978,0.687420,-2.678,-4.158,93.144,0.505586,-0.009104,-0.027677,-0.023610,0.024646,-0.226218
1790937247.388433,1790937247.600536,-0.174993,4.427649,0.844887,0.008962,-0.040542,0.723202,0.689387,-2.659,-3.949,92.834,0.474975,0.006602,-0.048108,0.052020,0.211071,-0.099448
1790937247.421773,1790937247.637666,-0.175982,4.443073,0.845240,0.007621,-0.036492,0.721787,0.691111,-2.420,-3.523,92.562,0.460833,0.008947,-0.038400,0.121268,0.224928,-0.181472
1790937247.455112,1790937247.672540,-0.177005,4.458001,0.845182,0.006871,-0.033782,0.719888,0.693234,-2.245,-3.252,92.225,0.452277,0.022261,-0.019507,0.027522,0.051284,-0.117556
1790937247.488452,1790937247.706742,-0.178562,4.472663,0.845427,0.007429,-0.033821,0.718995,0.694152,-2.200,-3.304,92.078,0.445507,0.032124,-0.020593,0.008345,-0.072289,-0.074944
1790937247.521791,1790937247.746121,-0.180204,4.487048,0.845208,0.008332,-0.034560,0.717832,0.695308,-2.183,-3.441,91.892,0.440042,0.033092,-0.047455,-0.039595,-0.052049,-0.112230
1790937247.555130,1790937247.783502,-0.182097,4.499537,0.844351,0.008451,-0.035714,0.716688,0.696427,-2.264,-3.546,91.713,0.426521,0.036964,-0.075506,-0.052381,-0.035004,-0.066423
1790937247.588470,1790937247.820085,-0.183568,4.513392,0.842188,0.008083,-0.036153,0.716228,0.696883,-2.327,-3.553,91.641,0.410204,0.034798,-0.100786,-0.039599,0.056608,-0.017421
1790937247.621809,1790937247.855878,-0.184875,4.526627,0.839380,0.006481,-0.034983,0.715882,0.697314,-2.357,-3.329,91.574,0.397629,0.025877,-0.114434,0.009402,0.196162,-0.052577
1790937247.655149,1790937247.890961,-0.185908,4.539359,0.836376,0.003981,-0.031796,0.715258,0.698126,-2.291,-2.871,91.446,0.386353,0.019299,-0.104622,0.024315,0.280319,-0.044054
1790937247.688488,1790937247.925515,-0.186779,4.551740,0.833924,0.001223,-0.028095,0.715143,0.698413,-2.207,-2.349,91.401,0.386672,0.013040,-0.073080,0.060533,0.244099,0.019863
1790937247.721828,1790937247.968049,-0.187460,4.564121,0.832508,-0.000309,-0.024962,0.715740,0.697921,-2.074,-1.971,91.480,0.395619,0.006213,-0.041490,0.056269,0.127978,0.098694
1790937247.755167,1790937248.002318,-0.188699,4.574343,0.831762,-0.000944,-0.024049,0.717509,0.696133,-2.054,-1.841,91.766,0.403116,0.004227,-0.027997,-0.028962,0.007593,0.199896
1790937247.788507,1790937248.032463,-0.188896,4.587760,0.831257,-0.001303,-0.024520,0.719776,0.693772,-2.128,-1.842,92.142,0.416471,-0.010366,-0.032692,-0.020438,-0.008386,0.165804
1790937247.821846,1790937248.059172,-0.188769,4.601414,0.830356,-0.001562,-0.024862,0.721363,0.692109,-2.181,-1.843,92.406,0.430128,-0.025066,-0.045869,-0.037483,-0.009452,0.117867
1790937247.855186,1790937248.085437,-0.188302,4.615917,0.829122,-0.001900,-0.025325,0.722474,0.690931,-2.249,-1.848,92.593,0.444500,-0.039919,-0.059480,-0.014047,-0.001996,0.073124
1790937247.888525,1790937248.123175,-0.187388,4.630882,0.827508,-0.001658,-0.025121,0.723008,0.690380,-2.214,-1.850,92.681,0.461336,-0.051781,-0.067782,0.050934,-0.004128,0.023056
1790937247.921865,1790937248.153469,-0.186955,4.651594,0.825871,-0.000768,-0.024315,0.723180,0.690231,-2.077,-1.860,92.704,0.483736,-0.057335,-0.065976,0.099937,-0.024349,0.003881
1790937247.955204,1790937248.178526,-0.185553,4.659908,0.824255,0.001361,-0.023578,0.723152,0.690285,-1.848,-1.978,92.696,0.492500,-0.062876,-0.054631,0.135087,-0.089355,-0.019554
1790937247.988543,1790937248.205186,-0.184169,4.676213,0.823334,0.004307,-0.023480,0.723020,0.690415,-1.606,-2.215,92.674,0.494631,-0.063518,-0.038553,0.091410,-0.150077,0.010271
1790937248.021883,1790937248.232241,-0.182927,4.692663,0.822953,0.006645,-0.023835,0.723799,0.689567,-1.453,-2.435,92.806,0.471153,-0.058029,-0.028254,0.080756,-0.044614,0.153021
1790937248.055222,1790937248.256602,-0.181877,4.708645,0.822919,0.006577,-0.022277,0.726573,0.686697,-1.338,-2.301,93.259,0.451786,-0.050775,-0.016013,0.036015,0.178034,0.324533
1790937248.088561,1790937248.281842,-0.181070,4.723667,0.823515,0.004004,-0.019906,0.730974,0.682103,-1.355,-1.892,93.984,0.450222,-0.052304,0.019358,-0.032161,0.160989,0.417213
1790937248.121901,1790937248.317330,-0.180362,4.738431,0.825231,0.002520,-0.020364,0.735505,0.677208,-1.522,-1.793,94.750,0.450854,-0.066886,0.051949,-0.110993,-0.108532,0.359687
1790937248.155241,1790937248.346935,-0.179651,4.750535,0.827341,0.003486,-0.023830,0.738664,0.673644,-1.749,-2.135,95.304,0.447500,-0.088164,0.053602,-0.099281,-0.233178,0.187111
1790937248.188581,1790937248.385142,-0.177921,4.766007,0.829528,0.004904,-0.027289,0.739572,0.672506,-1.937,-2.519,95.481,0.440707,-0.108397,0.030585,-0.063063,-0.163933,-0.023817
1790937248.221922,1790937248.423630,-0.176282,4.777870,0.830638,0.006105,-0.029624,0.738810,0.673234,-2.040,-2.803,95.368,0.421763,-0.112015,0.008364,-0.035370,-0.124523,-0.080277
1790937248.255262,1790937248.457994,-0.173831,4.792565,0.831454,0.007071,-0.030896,0.738003,0.674053,-2.070,-2.986,95.240,0.403274,-0.107800,-0.009892,0.022155,-0.056344,-0.064294
1790937248.288602,1790937248.492169,-0.171478,4.806067,0.831788,0.008187,-0.030441,0.737189,0.674951,-1.941,-3.047,95.099,0.387960,-0.102925,-0.017260,0.079681,-0.017992,-0.085599
1790937248.321942,1790937248.525273,-0.169517,4.819163,0.832046,0.009423,-0.029887,0.736484,0.675729,-1.796,-3.111,94.976,0.369191,-0.088735,-0.018883,0.063700,-0.048886,-0.027009
1790937248.355283,1790937248.566159,-0.167824,4.831156,0.832061,0.011034,-0.029739,0.736488,0.675707,-1.658,-3.236,94.976,0.346164,-0.072453,-0.024342,0.059440,-0.076585,0.014536
1790937248.388623,1790937248.606612,-0.167032,4.840834,0.831676,0.012073,-0.030349,0.737106,0.674987,-1.633,-3.369,95.086,0.319238,-0.049102,-0.036806,-0.015132,-0.045693,0.113615
1790937248.421962,1790937248.631424,-0.166612,4.851466,0.830884,0.012106,-0.030436,0.738826,0.673100,-1.646,-3.375,95.379,0.300153,-0.031816,-0.045852,0.029607,0.032072,0.163685
1790937248.455302,1790937248.658577,-0.166594,4.861444,0.830006,0.011861,-0.029590,0.740367,0.671446,-1.601,-3.285,95.635,0.287014,-0.023145,-0.043605,0.016825,0.043790,0.108288
1790937248.488643,1790937248.685591,-0.166936,4.870809,0.829202,0.011393,-0.028978,0.741553,0.670171,-1.590,-3.195,95.834,0.272620,-0.013449,-0.037193,0.011498,0.050182,0.099766
1790937248.521983,1790937248.711884,-0.167468,4.879749,0.828620,0.010790,-0.028145,0.742357,0.669326,-1.569,-3.078,95.965,0.261886,-0.011568,-0.027148,0.011497,0.065095,0.019870
1790937248.555323,1790937248.739099,-0.168150,4.888244,0.828356,0.010163,-0.027262,0.742248,0.669493,-1.541,-2.957,95.940,0.252506,-0.009389,-0.016733,0.020018,0.060834,-0.031263
1790937248.588663,1790937248.765014,-0.168859,4.896337,0.828314,0.009873,-0.026519,0.741993,0.669810,-1.499,-2.876,95.891,0.244453,-0.007339,-0.011188,0.027475,0.029940,-0.027002
1790937248.622003,1790937248.792689,-0.169559,4.904170,0.828356,0.010048,-0.025919,0.741666,0.670193,-1.433,-2.846,95.832,0.238409,-0.006965,-0.010485,0.023211,0.000111,-0.028067
1790937248.655343,1790937248.819844,-0.170321,4.911989,0.828304,0.010184,-0.025845,0.741439,0.670445,-1.415,-2.852,95.792,0.235440,-0.005166,-0.016471,0.006165,0.000111,-0.020611
1790937248.688684,1790937248.854657,-0.171060,4.919547,0.828020,0.010123,-0.025652,0.740949,0.670995,-1.401,-2.833,95.707,0.238271,-0.006998,-0.024397,-0.009814,0.020351,-0.072811
1790937248.722024,1790937248.886975,-0.171773,4.927316,0.827499,0.009732,-0.025893,0.739946,0.672097,-1.448,-2.820,95.538,0.243579,-0.008974,-0.030332,-0.036449,-0.005217,-0.100508
1790937248.755364,1790937248.923445,-0.172370,4.935246,0.826836,0.009558,-0.026373,0.738637,0.673520,-1.497,-2.846,95.317,0.249681,-0.011081,-0.034228,-0.024731,-0.007349,-0.129271
1790937248.788704,1790937248.949512,-0.172891,4.943236,0.826005,0.009376,-0.026478,0.736925,0.675391,-1.512,-2.842,95.027,0.257196,-0.011961,-0.039711,-0.016212,0.020348,-0.177210
1790937248.822044,1790937248.975993,-0.173369,4.951534,0.825122,0.009103,-0.026635,0.734921,0.677568,-1.538,-2.836,94.688,0.265612,-0.008777,-0.036706,-0.023669,-0.016937,-0.181470
1790937248.855383,1790937249.000967,-0.173853,4.959908,0.824402,0.009439,-0.027277,0.732477,0.680179,-1.556,-2.920,94.280,0.277191,-0.009735,-0.029383,-0.026867,-0.060615,-0.259237
1790937248.888723,1790937249.026914,-0.174277,4.969784,0.824066,0.010033,-0.028596,0.729352,0.683467,-1.607,-3.080,93.764,0.285547,-0.003293,-0.021230,-0.041781,-0.098965,-0.268826
1790937248.922064,1790937249.060476,-0.175028,4.979076,0.824058,0.011285,-0.030345,0.726433,0.686475,-1.641,-3.328,93.288,0.283868,0.005880,-0.007533,-0.020476,-0.150098,-0.246454
1790937248.955404,1790937249.089193,-0.176559,4.984205,0.824501,0.013155,-0.032240,0.723348,0.689605,-1.636,-3.641,92.788,0.276044,0.012659,-0.001398,-0.011960,-0.131994,-0.287989
1790937248.988744,1790937249.115883,-0.177687,4.995418,0.824863,0.014018,-0.032898,0.719933,0.693121,-1.604,-3.772,92.227,0.264974,0.024117,-0.011705,0.005083,0.034194,-0.293320
1790937249.022084,1790937249.159797,-0.179032,5.004121,0.824880,0.012727,-0.031517,0.716627,0.696628,-1.575,-3.563,91.671,0.249211,0.034324,-0.021154,-0.023679,0.208902,-0.281602
1790937249.055424,1790937249.198442,-0.181150,5.010885,0.824811,0.009328,-0.029346,0.713411,0.700069,-1.653,-3.118,91.127,0.243922,0.038277,-0.011170,-0.082275,0.242991,-0.278397
1790937249.088764,1790937249.235616,-0.182597,5.017564,0.825112,0.006320,-0.028455,0.710216,0.703380,-1.809,-2.809,90.598,0.245907,0.036660,0.009124,-0.107843,0.061887,-0.281597
1790937249.122104,1790937249.277696,-0.183936,5.025350,0.825870,0.005803,-0.029961,0.706670,0.706884,-1.959,-2.898,90.032,0.248936,0.033044,0.015937,-0.070558,-0.134126,-0.310361
1790937249.155443,1790937249.317353,-0.185727,5.029640,0.826594,0.007233,-0.032296,0.703033,0.710386,-2.017,-3.213,89.460,0.242774,0.036926,-0.002940,-0.020497,-0.126674,-0.287984
1790937249.188782,1790937249.343144,-0.186661,5.039976,0.826534,0.008069,-0.033050,0.699712,0.713614,-1.994,-3.352,88.931,0.241436,0.041031,-0.022076,0.008267,-0.003097,-0.269875
1790937249.222122,1790937249.376701,-0.187953,5.048173,0.826136,0.008014,-0.032567,0.696693,0.716585,-1.945,-3.316,88.444,0.235926,0.047547,-0.026954,0.009331,0.053363,-0.236851
1790937249.255461,1790937249.409763,-0.189647,5.054067,0.825754,0.007593,-0.031707,0.693801,0.719428,-1.898,-3.219,87.976,0.229005,0.052122,-0.020285,0.008263,0.060821,-0.253892
1790937249.288800,1790937249.430179,-0.191086,5.061604,0.825603,0.007139,-0.031024,0.690319,0.722804,-1.866,-3.136,87.417,0.222046,0.051322,-0.009439,-0.004518,0.038448,-0.336986
1790937249.322139,1790937249.462609,-0.192519,5.068944,0.825726,0.007062,-0.030924,0.686003,0.726907,-1.846,-3.133,86.734,0.212081,0.050378,-0.002014,-0.007716,-0.018009,-0.371076
1790937249.355478,1790937249.494688,-0.194174,5.073534,0.825926,0.007516,-0.031471,0.681455,0.731145,-1.831,-3.225,86.022,0.199424,0.050256,-0.002069,-0.006654,-0.047840,-0.379596
1790937249.388817,1790937249.526466,-0.195189,5.080680,0.826080,0.008198,-0.031898,0.676691,0.735530,-1.786,-3.326,85.280,0.191088,0.047257,-0.005364,0.009324,-0.030795,-0.403033
1790937249.422157,1790937249.561315,-0.196550,5.087046,0.826026,0.008718,-0.031984,0.671687,0.740093,-1.726,-3.386,84.503,0.183012,0.044334,-0.006724,0.013584,-0.012681,-0.420074
1790937249.455496,1790937249.600597,-0.197338,5.093322,0.826209,0.009335,-0.031963,0.666429,0.744824,-1.647,-3.443,83.691,0.175575,0.040529,-0.002233,0.010388,-0.027595,-0.430726
1790937249.488835,1790937249.641099,-0.197973,5.098398,0.826516,0.010104,-0.032423,0.661183,0.749455,-1.592,-3.552,82.888,0.164068,0.038652,0.000684,-0.014112,-0.060616,-0.407284
1790937249.522174,1790937249.683487,-0.198506,5.103617,0.826760,0.010456,-0.033403,0.656282,0.753704,-1.613,-3.674,82.147,0.149689,0.036715,-0.004951,-0.050331,-0.033985,-0.371064
1790937249.555513,1790937249.720690,-0.198872,5.108261,0.826653,0.010234,-0.034015,0.651621,0.757712,-1.655,-3.720,81.444,0.136116,0.031269,-0.010532,-0.041807,0.000106,-0.368928
1790937249.588853,1790937249.753175,-0.199060,5.113087,0.826548,0.009882,-0.034378,0.646685,0.761918,-1.689,-3.736,80.702,0.123048,0.023098,-0.011963,-0.037545,0.002238,-0.413674
1790937249.622192,1790937249.797861,-0.198599,5.116810,0.826313,0.009770,-0.034674,0.641187,0.766538,-1.693,-3.766,79.879,0.110782,0.016037,-0.012366,-0.049257,-0.007347,-0.432849
1790937249.655531,1790937249.838838,-0.198378,5.120532,0.826139,0.009523,-0.035225,0.635704,0.771070,-1.729,-3.809,79.065,0.100175,0.011869,-0.014623,-0.050321,-0.010541,-0.430717
1790937249.688870,1790937249.877726,-0.197544,5.123765,0.825708,0.009338,-0.035546,0.629866,0.775833,-1.740,-3.837,78.202,0.090483,0.005590,-0.018975,-0.047117,0.010770,-0.475459
1790937249.722209,1790937249.917672,-0.197096,5.126537,0.825200,0.008603,-0.035776,0.623527,0.780936,-1.791,-3.819,77.270,0.081535,0.002546,-0.024094,-0.083339,0.028879,-0.496765
1790937249.755548,1790937249.961092,-0.195807,5.129115,0.824453,0.007918,-0.035976,0.616743,0.786302,-1.833,-3.804,76.279,0.073839,-0.005491,-0.027184,-0.058827,0.008644,-0.547896
1790937249.788887,1790937250.002662,-0.194969,5.131219,0.823637,0.007404,-0.036304,0.609051,0.792265,-1.866,-3.816,75.164,0.064604,-0.013684,-0.032719,-0.063091,0.027817,-0.619271
1790937249.822226,1790937250.045318,-0.193193,5.133289,0.822543,0.006568,-0.035989,0.600611,0.798704,-1.880,-3.749,73.947,0.055944,-0.021551,-0.038010,-0.062016,0.072567,-0.655485
1790937249.855565,1790937250.087391,-0.191860,5.134882,0.821476,0.005886,-0.035264,0.591660,0.805394,-1.852,-3.656,72.663,0.051621,-0.027345,-0.035182,-0.016210,0.052327,-0.687443
1790937249.888904,1790937250.133356,-0.189578,5.136447,0.820412,0.005852,-0.034861,0.582266,0.812229,-1.785,-3.638,71.328,0.049749,-0.032039,-0.033442,-0.044963,-0.013713,-0.697027
1790937249.922243,1790937250.174919,-0.187097,5.137921,0.819440,0.006363,-0.035863,0.572812,0.818877,-1.761,-3.786,70.004,0.048057,-0.035646,-0.031784,-0.059864,-0.122367,-0.685302
1790937249.955582,1790937250.215268,-0.184598,5.139735,0.818454,0.007694,-0.037782,0.563412,0.825276,-1.716,-4.073,68.703,0.048200,-0.037941,-0.035908,-0.063049,-0.127684,-0.672511
1790937249.988921,1790937250.254933,-0.182092,5.141429,0.817290,0.008523,-0.038824,0.554256,0.831397,-1.659,-4.244,67.441,0.046914,-0.039529,-0.042896,-0.050255,-0.011556,-0.627765
1790937250.022260,1790937250.294500,-0.179675,5.142916,0.815968,0.008095,-0.038073,0.546140,0.836789,-1.611,-4.161,66.320,0.047521,-0.039915,-0.043253,-0.043855,0.110958,-0.540403
1790937250.055599,1790937250.334006,-0.177137,5.144494,0.814799,0.007208,-0.035997,0.538760,0.841659,-1.531,-3.920,65.300,0.050557,-0.043402,-0.034592,-0.001235,0.128011,-0.518026
1790937250.088938,1790937250.376642,-0.174982,5.145754,0.813992,0.007001,-0.034010,0.531703,0.846219,-1.396,-3.727,64.330,0.052499,-0.045756,-0.023935,0.003024,0.071551,-0.477547
1790937250.122277,1790937250.409527,-0.172089,5.147274,0.813379,0.006984,-0.033030,0.525231,0.850290,-1.310,-3.641,63.450,0.059114,-0.048257,-0.022892,-0.033187,0.018292,-0.434932
1790937250.155617,1790937250.447393,-0.169616,5.148595,0.812710,0.006787,-0.033219,0.519226,0.853964,-1.315,-3.657,62.643,0.064701,-0.052816,-0.028173,-0.047037,-0.024318,-0.417888
1790937250.188955,1790937250.487082,-0.166000,5.150125,0.811757,0.007033,-0.033492,0.512950,0.857736,-1.280,-3.708,61.803,0.073131,-0.065449,-0.040542,-0.025721,-0.008334,-0.463693
1790937250.222294,1790937250.527126,-0.162598,5.151391,0.810451,0.007278,-0.033336,0.505838,0.861954,-1.216,-3.717,60.853,0.081988,-0.081686,-0.049028,0.017952,0.006579,-0.544655
1790937250.255633,1790937250.562784,-0.157495,5.152756,0.809045,0.008274,-0.032828,0.497290,0.866923,-1.051,-3.735,59.714,0.093023,-0.103295,-0.047209,0.042466,-0.015786,-0.658638
1790937250.288972,1790937250.604108,-0.152634,5.153892,0.807791,0.009502,-0.032301,0.487027,0.872738,-0.854,-3.763,58.355,0.100511,-0.120654,-0.044430,0.036072,0.010846,-0.755582
1790937250.322312,1790937250.648602,-0.146119,5.154974,0.806697,0.010465,-0.031457,0.476080,0.878777,-0.664,-3.741,56.915,0.110685,-0.128428,-0.034521,0.015843,0.007654,-0.728947
1790937250.355651,1790937250.690430,-0.139375,5.156237,0.805988,0.011767,-0.030870,0.465362,0.884504,-0.454,-3.759,55.515,0.114352,-0.133177,-0.024481,0.057398,-0.033885,-0.734273
1790937250.388990,1790937250.735678,-0.132564,5.157349,0.805463,0.013974,-0.030061,0.454403,0.890179,-0.140,-3.797,54.090,0.105314,-0.130790,-0.022304,0.111737,-0.001924,-0.737468
1790937250.422329,1790937250.780837,-0.126228,5.158016,0.804923,0.015967,-0.028233,0.443759,0.895559,0.203,-3.712,52.711,0.095964,-0.123660,-0.021076,0.090436,0.068388,-0.694857
1790937250.455668,1790937250.827165,-0.120276,5.158428,0.804429,0.017281,-0.025894,0.433525,0.900604,0.498,-3.533,51.394,0.098069,-0.117883,-0.016141,0.064876,0.082238,-0.689529
1790937250.489007,1790937250.869811,-0.114640,5.158696,0.804080,0.018080,-0.024434,0.422833,0.905698,0.694,-3.414,50.031,0.100963,-0.114863,-0.012747,0.039313,0.008738,-0.755577
1790937250.522346,1790937250.910169,-0.108840,5.158402,0.803143,0.017289,-0.021780,0.408633,0.912275,0.789,-3.088,48.237,0.087753,-0.138536,-0.052364,-0.168414,0.343244,-1.089014
1790937250.555685,1790937250.950660,-0.103342,5.158263,0.801324,0.013409,-0.017030,0.393860,0.918915,0.644,-2.399,46.388,0.101595,-0.095512,-0.054760,-0.035249,0.270806,-0.771555
1790937250.589024,1790937250.990455,-0.098395,5.158601,0.799848,0.012697,-0.014154,0.382340,0.923826,0.725,-2.055,44.953,0.095440,-0.099368,-0.037472,-0.008613,0.048160,-0.816297
1790937250.622364,1790937251.030783,-0.093306,5.158154,0.799040,0.012577,-0.014703,0.367886,0.929670,0.721,-2.097,43.166,0.094263,-0.115981,-0.013992,-0.068267,-0.132935,-1.040011
1790937250.655702,1790937251.071689,-0.087972,5.157444,0.798911,0.012875,-0.018588,0.351491,0.935918,0.633,-2.513,41.154,0.094801,-0.113198,0.001048,-0.126854,-0.332143,-1.030423
1790937250.689041,1790937251.114173,-0.082944,5.156556,0.799113,0.013309,-0.024954,0.335555,0.941596,0.477,-3.206,39.216,0.086256,-0.107142,0.003812,-0.134308,-0.396057,-0.982487
1790937250.722380,1790937251.156581,-0.078504,5.155235,0.799289,0.013432,-0.031120,0.320376,0.946684,0.315,-3.872,37.383,0.066663,-0.102133,-0.000469,-0.170523,-0.294850,-0.906853
1790937250.755719,1790937251.199677,-0.074875,5.153413,0.799308,0.012644,-0.035796,0.306977,0.950959,0.119,-4.350,35.776,0.048971,-0.091671,-0.004021,-0.138560,-0.211751,-0.747060
1790937250.789058,1790937251.241885,-0.071899,5.151322,0.799088,0.011877,-0.039219,0.296054,0.954292,-0.032,-4.697,34.473,0.030604,-0.077433,-0.014789,-0.126837,-0.112671,-0.605377
1790937250.822397,1790937251.284440,-0.069752,5.148973,0.798364,0.010706,-0.040418,0.286732,0.957098,-0.154,-4.790,33.361,0.012647,-0.064967,-0.030110,-0.091676,0.053518,-0.567027
1790937250.855736,1790937251.316735,-0.068163,5.146560,0.797150,0.008909,-0.038788,0.277522,0.959895,-0.254,-4.555,32.261,-0.003896,-0.056883,-0.039163,-0.091670,0.219712,-0.591533
1790937250.889075,1790937251.351885,-0.067477,5.145073,0.795892,0.006779,-0.035264,0.267618,0.962856,-0.334,-4.102,31.078,-0.016196,-0.049479,-0.033622,-0.093801,0.238888,-0.652254
1790937250.922414,1790937251.395449,-0.066859,5.142618,0.794884,0.005108,-0.032422,0.256441,0.966003,-0.388,-3.742,29.747,-0.030070,-0.049243,-0.021494,-0.071425,0.140887,-0.743875
1790937250.955753,1790937251.435673,-0.066520,5.139572,0.794252,0.003887,-0.031603,0.243666,0.969336,-0.452,-3.621,28.235,-0.044754,-0.054393,-0.010312,-0.089528,0.005600,-0.844015
1790937250.989092,1790937251.477967,-0.066465,5.136372,0.793868,0.003242,-0.032476,0.229203,0.972831,-0.493,-3.708,26.531,-0.056159,-0.061553,-0.007386,-0.060759,-0.062574,-0.950549
1790937251.022431,1790937251.518698,-0.066706,5.133069,0.793391,0.003548,-0.033703,0.213243,0.976411,-0.428,-3.861,24.654,-0.069677,-0.061661,-0.014847,-0.037319,-0.066833,-0.975054
1790937251.055769,1790937251.557958,-0.067435,5.130250,0.792632,0.003788,-0.034554,0.198089,0.979568,-0.360,-3.968,22.877,-0.084877,-0.051532,-0.020898,-0.012814,-0.018895,-0.870660
1790937251.089108,1790937251.594657,-0.068913,5.127225,0.791709,0.004109,-0.034162,0.184337,0.982261,-0.260,-3.935,21.267,-0.100469,-0.047278,-0.020808,-0.019203,0.073785,-0.814201
1790937251.122447,1790937251.633093,-0.071048,5.124443,0.790903,0.004105,-0.032277,0.171087,0.984719,-0.170,-3.725,19.718,-0.112467,-0.047169,-0.012910,-0.027723,0.151554,-0.798224
1790937251.155787,1790937251.670022,-0.073605,5.121757,0.790519,0.003596,-0.029382,0.157921,0.987008,-0.125,-3.390,18.184,-0.116800,-0.050015,0.005524,-0.024524,0.172864,-0.816334
1790937251.189126,1790937251.708333,-0.076553,5.118843,0.790830,0.003799,-0.027033,0.143938,0.989210,-0.015,-3.129,16.558,-0.122016,-0.057036,0.026423,0.043654,0.074862,-0.889839
1790937251.222466,1790937251.746478,-0.079767,5.115693,0.791698,0.005045,-0.026433,0.129062,0.991271,0.182,-3.079,14.831,-0.123526,-0.057329,0.038416,0.051115,-0.028464,-0.891969
1790937251.255806,1790937251.784713,-0.083283,5.112732,0.792705,0.006039,-0.027238,0.115099,0.992962,0.328,-3.181,13.215,-0.120382,-0.046882,0.034254,0.011701,-0.075330,-0.788635
1790937251.289146,1790937251.823240,-0.086799,5.110115,0.793293,0.006621,-0.028290,0.102590,0.994299,0.423,-3.303,11.769,-0.117548,-0.040519,0.014996,-0.005340,-0.043366,-0.721523
1790937251.322486,1790937251.863492,-0.090125,5.107713,0.793204,0.006937,-0.028471,0.090934,0.995426,0.495,-3.322,10.425,-0.111568,-0.036722,-0.002921,-0.007468,0.014164,-0.672522
1790937251.355826,1790937251.905748,-0.093390,5.105413,0.792733,0.007013,-0.028007,0.080569,0.996331,0.543,-3.264,9.231,-0.104158,-0.032500,-0.008872,-0.014921,0.033343,-0.571321
1790937251.389166,1790937251.944113,-0.096477,5.103283,0.792198,0.007188,-0.027707,0.071465,0.997032,0.595,-3.226,8.183,-0.099151,-0.032501,-0.008941,-0.001070,0.003521,-0.527647
1790937251.422506,1790937251.983841,-0.099539,5.101769,0.791726,0.007219,-0.027433,0.062827,0.997621,0.629,-3.190,7.190,-0.094247,-0.032109,-0.007449,-0.018114,0.036544,-0.516994
1790937251.455846,1790937252.024632,-0.102190,5.099630,0.791387,0.007429,-0.026419,0.054165,0.998155,0.687,-3.069,6.194,-0.086839,-0.032340,0.001939,0.014910,0.056790,-0.519128
1790937251.489186,1790937252.067490,-0.104908,5.098401,0.791578,0.007761,-0.025743,0.045719,0.998592,0.754,-2.988,5.223,-0.079091,-0.030848,0.019304,0.007454,0.008853,-0.495691
1790937251.522524,1790937252.098828,-0.106931,5.096213,0.792327,0.008361,-0.026095,0.037515,0.998920,0.846,-3.024,4.279,-0.069816,-0.035922,0.036977,0.025567,-0.073167,-0.483978
1790937251.555864,1790937252.130563,-0.109277,5.094877,0.793705,0.008974,-0.028304,0.029361,0.999128,0.934,-3.273,3.340,-0.063322,-0.041433,0.052965,-0.005326,-0.219112,-0.495695
1790937251.589204,1790937252.160861,-0.110470,5.092665,0.795314,0.008812,-0.032348,0.021118,0.999215,0.933,-3.728,2.391,-0.059923,-0.047317,0.051508,-0.066045,-0.255324,-0.479721
1790937251.622544,1790937252.198610,-0.113201,5.090735,0.796606,0.008073,-0.035821,0.013087,0.999240,0.873,-4.117,1.469,-0.060738,-0.052268,0.036300,-0.036217,-0.142404,-0.485046
1790937251.655884,1790937252.229482,-0.114680,5.087754,0.797334,0.008090,-0.037296,0.005067,0.999259,0.907,-4.279,0.547,-0.058008,-0.057798,0.022642,-0.004252,-0.046517,-0.458419
1790937251.689224,1790937252.258847,-0.116742,5.085994,0.797763,0.008316,-0.037608,-0.001866,0.999256,0.963,-4.309,-0.250,-0.058189,-0.051786,0.014550,0.005333,-0.001779,-0.351889
1790937251.722564,1790937252.289042,-0.117600,5.083159,0.798021,0.008869,-0.037625,-0.006945,0.999228,1.049,-4.305,-0.836,-0.050598,-0.051160,0.015002,0.017054,-0.019879,-0.264538
1790937251.755903,1790937252.319700,-0.119367,5.081596,0.798430,0.009153,-0.038326,-0.010858,0.999164,1.099,-4.381,-1.287,-0.046726,-0.048241,0.018063,-0.008512,-0.068884,-0.200620
1790937251.789243,1790937252.351330,-0.119171,5.078784,0.798809,0.009005,-0.039421,-0.013762,0.999087,1.097,-4.504,-1.621,-0.042490,-0.048569,0.014494,-0.030880,-0.062485,-0.149488
1790937251.822583,1790937252.369943,-0.120891,5.077595,0.799064,0.008590,-0.039984,-0.016120,0.999033,1.061,-4.566,-1.891,-0.041958,-0.049526,0.008345,-0.023423,-0.008158,-0.139901
1790937251.855923,1790937252.396133,-0.122055,5.076142,0.799149,0.008625,-0.039865,-0.018482,0.998997,1.075,-4.550,-2.162,-0.042226,-0.051533,0.004979,0.012794,0.018473,-0.136706
1790937251.889262,1790937252.433524,-0.123196,5.074665,0.799178,0.009232,-0.039528,-0.020637,0.998963,1.154,-4.508,-2.412,-0.042686,-0.052246,0.003971,0.047949,0.012082,-0.134576
1790937251.922602,1790937252.467226,-0.121700,5.072266,0.799118,0.010138,-0.039100,-0.022802,0.998924,1.267,-4.454,-2.665,-0.036934,-0.054021,-0.000603,0.018122,0.027002,-0.116471
1790937251.955942,1790937252.491008,-0.122809,5.070957,0.798947,0.010002,-0.038491,-0.024029,0.998920,1.255,-4.383,-2.804,-0.032496,-0.049377,-0.003253,-0.036208,0.036587,-0.024855
1790937251.989281,1790937252.519948,-0.123418,5.069432,0.798712,0.009192,-0.037857,-0.023951,0.998954,1.159,-4.312,-2.791,-0.024186,-0.048972,-0.005469,-0.067100,0.028065,0.032669
1790937252.022621,1790937252.550987,-0.123727,5.067866,0.798452,0.008036,-0.037403,-0.023135,0.999000,1.022,-4.264,-2.691,-0.014499,-0.051186,-0.005651,-0.056449,0.022739,0.068889
1790937252.055960,1790937252.583686,-0.123463,5.066288,0.798256,0.007172,-0.037303,-0.021985,0.999036,0.918,-4.256,-2.555,0.001884,-0.055207,-0.005548,-0.056450,-0.019871,0.061431
1790937252.089300,1790937252.613285,-0.123185,5.064828,0.797975,0.006016,-0.037741,-0.021092,0.999047,0.782,-4.310,-2.448,0.013880,-0.054510,-0.012665,-0.076691,-0.024133,0.064626
1790937252.122640,1790937252.641382,-0.122119,5.063261,0.797395,0.004664,-0.037847,-0.019765,0.999077,0.621,-4.327,-2.290,0.019722,-0.049155,-0.025658,-0.070298,0.020608,0.104042
1790937252.155979,1790937252.668836,-0.120803,5.061850,0.796442,0.003701,-0.036780,-0.017852,0.999157,0.500,-4.207,-2.066,0.026727,-0.045736,-0.034666,-0.042602,0.114352,0.136000
1790937252.189319,1790937252.696028,-0.119116,5.060702,0.795316,0.003268,-0.034137,-0.015498,0.999292,0.436,-3.906,-1.792,0.041149,-0.043906,-0.037873,0.009595,0.199575,0.136000
1790937252.222658,1790937252.723583,-0.116784,5.059695,0.794341,0.003539,-0.030703,-0.013457,0.999432,0.454,-3.513,-1.557,0.059835,-0.043852,-0.026554,0.018116,0.183596,0.117890
1790937252.255998,1790937252.751013,-0.113540,5.058846,0.793982,0.003739,-0.028831,-0.011170,0.999515,0.466,-3.299,-1.294,0.080452,-0.038323,-0.005045,0.019182,0.018474,0.160500
1790937252.289337,1790937252.788376,-0.110399,5.057479,0.794201,0.004286,-0.029452,-0.008216,0.999523,0.519,-3.371,-0.957,0.098083,-0.033983,0.006647,0.054337,-0.078466,0.189263
1790937252.322677,1790937252.820156,-0.098729,5.057010,0.794841,0.004907,-0.030300,-0.004977,0.999516,0.580,-3.470,-0.588,0.123391,-0.032435,0.003541,0.010659,-0.035848,0.195648
1790937252.356016,1790937252.848932,-0.091898,5.057326,0.795267,0.004746,-0.030226,-0.001796,0.999530,0.551,-3.463,-0.223,0.137845,-0.033452,0.000564,-0.013845,0.037652,0.184997
1790937252.389355,1790937252.876870,-0.085826,5.057140,0.795690,0.004534,-0.029328,0.001125,0.999559,0.516,-3.362,0.114,0.150141,-0.038904,0.004689,0.002134,0.055760,0.157299
1790937252.422694,1790937252.915730,-0.079586,5.056655,0.796405,0.004856,-0.028848,0.003437,0.999566,0.546,-3.308,0.378,0.165284,-0.043166,0.018241,0.047939,-0.014548,0.121079
1790937252.456033,1790937252.947893,-0.063349,5.057259,0.797948,0.005958,-0.029637,0.005349,0.999529,0.665,-3.400,0.593,0.192238,-0.041632,0.029335,0.046870,-0.111490,0.115746
1790937252.489373,1790937252.975842,-0.054688,5.057554,0.799425,0.006550,-0.031819,0.007609,0.999443,0.724,-3.652,0.849,0.203523,-0.035749,0.027138,0.026627,-0.146647,0.162617
1790937252.522712,1790937253.006923,-0.046451,5.057257,0.800665,0.007131,-0.034086,0.010536,0.999338,0.777,-3.915,1.182,0.212486,-0.031262,0.015548,0.051128,-0.127473,0.188183
1790937252.556051,1790937253.040242,-0.038556,5.056885,0.801446,0.007856,-0.035956,0.014091,0.999223,0.844,-4.133,1.585,0.216890,-0.023516,-0.001073,0.038343,-0.081666,0.248905
1790937252.589391,1790937253.084174,-0.030666,5.056825,0.801717,0.008136,-0.036794,0.018754,0.999114,0.855,-4.234,2.119,0.216335,-0.017018,-0.016339,0.010646,-0.012424,0.312822
1790937252.622730,1790937253.123257,-0.013554,5.058682,0.802006,0.008145,-0.036244,0.023979,0.999022,0.835,-4.175,2.719,0.226225,-0.019353,-0.024807,0.002121,0.063209,0.300028
1790937252.656070,1790937253.151840,-0.004027,5.058986,0.801830,0.008175,-0.034667,0.028352,0.998963,0.825,-3.998,3.223,0.231671,-0.028301,-0.021174,0.008509,0.104752,0.232913
1790937252.689409,1790937253.194158,0.004759,5.059053,0.801840,0.008086,-0.033571,0.031825,0.998897,0.805,-3.875,3.622,0.240029,-0.037128,-0.014325,-0.002144,0.007808,0.171126
1790937252.722748,1790937253.227385,0.021803,5.060497,0.802472,0.007799,-0.034301,0.034430,0.998788,0.759,-3.960,3.922,0.253360,-0.040425,-0.019452,-0.049022,-0.097666,0.173245
1790937252.756087,1790937253.255817,0.031089,5.059793,0.802205,0.006756,-0.036129,0.037684,0.998614,0.619,-4.167,4.300,0.255062,-0.038031,-0.032129,-0.054350,-0.101927,0.215856
1790937252.789427,1790937253.284700,0.039807,5.059149,0.801489,0.006153,-0.037087,0.041003,0.998452,0.531,-4.276,4.683,0.256538,-0.036986,-0.049803,0.015959,0.017384,0.161524
1790937252.822766,1790937253.326674,0.048848,5.058964,0.800273,0.006657,-0.035486,0.042942,0.998425,0.589,-4.096,4.904,0.265101,-0.034750,-0.061662,0.055373,0.183569,0.070973
1790937252.856104,1790937253.358979,0.064592,5.059791,0.799696,0.007314,-0.031890,0.044187,0.998487,0.677,-3.688,5.046,0.286492,-0.023326,-0.054662,0.004230,0.226159,0.096527
1790937252.889444,1790937253.388883,0.074677,5.059522,0.798719,0.006581,-0.028801,0.046164,0.998497,0.602,-3.332,5.277,0.301719,-0.017293,-0.035473,-0.065013,0.123893,0.130617
1790937252.922783,1790937253.418802,0.085123,5.059846,0.798390,0.005262,-0.027713,0.048318,0.998434,0.449,-3.201,5.529,0.316423,-0.015530,-0.020781,-0.066078,0.023755,0.100790
1790937252.956122,1790937253.458061,0.096095,5.060469,0.798414,0.004437,-0.027537,0.049046,0.998407,0.353,-3.177,5.615,0.335571,-0.020689,-0.014681,-0.020270,-0.002877,-0.034500
1790937252.989461,1790937253.491011,0.112606,5.060761,0.799171,0.004477,-0.028023,0.047578,0.998464,0.360,-3.232,5.446,0.359505,-0.020026,-0.015160,-0.016017,-0.059352,-0.120791
1790937253.022800,1790937253.520089,0.124473,5.061279,0.799138,0.003807,-0.029381,0.045667,0.998517,0.282,-3.384,5.229,0.375884,-0.009359,-0.025016,-0.078868,-0.089177,-0.085636
1790937253.056140,1790937253.548779,0.137295,5.062146,0.798916,0.002676,-0.030734,0.044377,0.998538,0.150,-3.533,5.085,0.395071,0.001787,-0.033573,-0.051171,-0.063609,-0.072854
1790937253.089479,1790937253.579160,0.150772,5.063307,0.798604,0.002303,-0.031908,0.043128,0.998557,0.106,-3.665,4.943,0.413043,0.011822,-0.035269,0.006354,-0.077458,-0.081376
1790937253.122818,1790937253.607769,0.164747,5.064868,0.798393,0.002810,-0.033135,0.041661,0.998578,0.164,-3.808,4.773,0.426422,0.019794,-0.030678,0.010616,-0.071067,-0.085636
1790937253.156158,1790937253.636395,0.179113,5.066728,0.798566,0.002568,-0.034284,0.040518,0.998587,0.135,-3.938,4.642,0.438601,0.033736,-0.016458,-0.065019,-0.058284,-0.038763
1790937253.189497,1790937253.666697,0.193751,5.068973,0.799283,0.001334,-0.034851,0.039610,0.998606,-0.006,-3.997,4.543,0.446866,0.042182,-0.003299,-0.071410,0.010960,-0.092027
1790937253.222837,1790937253.696117,0.208546,5.071508,0.800427,0.000907,-0.033972,0.036843,0.998743,-0.040,-3.895,4.227,0.453762,0.040719,0.010021,-0.004295,0.084463,-0.248626
1790937253.256176,1790937253.736681,0.223462,5.073201,0.801960,0.001000,-0.033137,0.032161,0.998933,-0.008,-3.800,3.688,0.455900,0.046098,0.030562,0.006362,-0.017802,-0.308277
1790937253.289516,1790937253.780043,0.242334,5.076307,0.804987,0.001585,-0.034263,0.027050,0.999045,0.075,-3.930,3.099,0.466231,0.060339,0.043792,0.042568,-0.098780,-0.301885
1790937253.322855,1790937253.815515,0.257753,5.079140,0.807524,0.002791,-0.035971,0.022170,0.999103,0.229,-4.129,2.534,0.477363,0.077697,0.044421,0.071332,-0.112625,-0.286971
1790937253.356194,1790937253.859109,0.273839,5.082158,0.810014,0.003735,-0.038151,0.017905,0.999105,0.350,-4.380,2.040,0.486642,0.103283,0.036147,-0.002169,-0.161628,-0.199617
1790937253.389534,1790937253.902544,0.293030,5.085447,0.812754,0.003243,-0.041139,0.015682,0.999025,0.298,-4.721,1.786,0.492218,0.126399,0.023448,-0.065030,-0.185075,-0.054726
1790937253.422873,1790937253.941300,0.309664,5.090199,0.814705,0.001894,-0.043790,0.015666,0.998916,0.139,-5.022,1.791,0.491849,0.135722,0.008622,-0.102314,-0.107307,0.050730
1790937253.456213,1790937253.973885,0.326114,5.094738,0.816164,0.000300,-0.044787,0.016365,0.998862,-0.050,-5.134,1.879,0.487583,0.129985,-0.004216,-0.087394,0.002418,0.027293
1790937253.489552,1790937254.012605,0.342150,5.099603,0.817471,-0.000893,-0.044541,0.016256,0.998875,-0.186,-5.103,1.873,0.481675,0.120499,-0.007084,-0.058634,0.000286,-0.034492
1790937253.522891,1790937254.050468,0.358153,5.103809,0.818626,-0.001746,-0.045192,0.015430,0.998858,-0.281,-5.177,1.783,0.476357,0.110643,-0.008299,-0.042655,-0.082805,-0.061126
1790937253.556231,1790937254.089038,0.374030,5.107577,0.819722,-0.002073,-0.046887,0.013724,0.998804,-0.312,-5.371,1.589,0.475260,0.093970,-0.010770,0.001022,-0.122221,-0.169784
1790937253.589570,1790937254.133521,0.389853,5.110389,0.820625,-0.001455,-0.049344,0.009958,0.998731,-0.224,-5.655,1.154,0.468333,0.081785,-0.016764,0.042574,-0.170157,-0.273118
1790937253.622910,1790937254.175633,0.407716,5.112146,0.821626,-0.000332,-0.052023,0.005592,0.998630,-0.072,-5.964,0.645,0.458137,0.079501,-0.029837,0.044699,-0.113699,-0.220916
1790937253.656249,1790937254.210943,0.422796,5.114368,0.821909,0.000529,-0.052960,0.003020,0.998592,0.042,-6.072,0.344,0.445552,0.080690,-0.039290,0.021270,0.017332,-0.058992
1790937253.689589,1790937254.257635,0.437839,5.116558,0.822081,0.000733,-0.051694,0.003050,0.998658,0.066,-5.927,0.347,0.436879,0.074889,-0.041174,0.014882,0.137710,0.045404
1790937253.722928,1790937254.294500,0.455367,5.117246,0.822555,0.001194,-0.049228,0.003710,0.998780,0.116,-5.644,0.420,0.441956,0.058827,-0.029848,0.024466,0.121731,0.031557
1790937253.756266,1790937254.324641,0.469972,5.119555,0.823224,0.001224,-0.048070,0.004323,0.998834,0.117,-5.511,0.490,0.446918,0.049408,-0.018242,-0.005363,0.001353,0.037948
1790937253.789606,1790937254.353464,0.485121,5.120967,0.823992,0.000848,-0.048628,0.005013,0.998804,0.069,-5.575,0.572,0.452490,0.039227,-0.023902,-0.037321,-0.059366,0.051797
1790937253.822945,1790937254.382213,0.500582,5.121975,0.824375,-0.000137,-0.049587,0.006086,0.998751,-0.050,-5.684,0.701,0.461466,0.028094,-0.044210,-0.083127,-0.039125,0.083755
1790937253.856285,1790937254.409623,0.516398,5.122561,0.824016,-0.001586,-0.049857,0.007433,0.998727,-0.225,-5.714,0.864,0.470827,0.012977,-0.070291,-0.062885,0.016268,0.068841
1790937253.889624,1790937254.438536,0.532476,5.122767,0.822947,-0.001932,-0.049554,0.007774,0.998739,-0.267,-5.679,0.905,0.480742,-0.002056,-0.086637,0.021272,0.014139,-0.032361
1790937253.922963,1790937254.469107,0.548776,5.122801,0.821515,-0.001425,-0.049496,0.007048,0.998748,-0.204,-5.673,0.819,0.489468,-0.003860,-0.094923,0.021272,0.002421,-0.045144
1790937253.956303,1790937254.498382,0.565438,5.122747,0.819929,-0.001310,-0.049338,0.006611,0.998759,-0.188,-5.655,0.768,0.501827,-0.000304,-0.098640,-0.014944,0.014139,0.016641
1790937253.989642,1790937254.526770,0.582655,5.122651,0.818269,-0.001555,-0.049056,0.007763,0.998765,-0.223,-5.622,0.902,0.511456,0.006947,-0.100268,-0.010681,0.022661,0.124236
1790937254.022981,1790937254.554948,0.600262,5.122643,0.816644,-0.001693,-0.048287,0.010237,0.998780,-0.252,-5.533,1.187,0.514993,0.007952,-0.095674,0.011691,0.082317,0.164717
1790937254.056321,1790937254.585009,0.617667,5.122842,0.815320,-0.001417,-0.046449,0.013271,0.998832,-0.234,-5.322,1.533,0.511813,0.005578,-0.079900,0.054306,0.132387,0.205199
1790937254.089660,1790937254.624694,0.634964,5.123127,0.814514,-0.000432,-0.043962,0.017162,0.998886,-0.136,-5.038,1.975,0.515409,0.000119,-0.061485,0.067090,0.164345,0.251007
1790937254.122999,1790937254.659162,0.655123,5.120420,0.814270,0.000106,-0.041275,0.021573,0.998915,-0.090,-4.730,2.478,0.523219,-0.007058,-0.043670,0.020226,0.132386,0.271244
1790937254.156340,1790937254.687719,0.672216,5.121427,0.814380,-0.000083,-0.039718,0.025784,0.998878,-0.127,-4.551,2.962,0.523829,-0.014029,-0.033763,-0.014926,0.061011,0.217979
1790937254.189680,1790937254.729960,0.689629,5.121615,0.814611,-0.000693,-0.038292,0.029010,0.998845,-0.207,-4.385,3.335,0.520429,-0.019930,-0.033863,-0.043688,0.132387,0.187086
1790937254.223021,1790937254.762932,0.709341,5.119395,0.814752,-0.001703,-0.035425,0.032394,0.998846,-0.327,-4.052,3.727,0.524467,-0.024531,-0.023034,-0.040485,0.189918,0.224368
1790937254.256361,1790937254.792265,0.726888,5.120064,0.815538,-0.002260,-0.032920,0.035684,0.998818,-0.394,-3.761,4.105,0.533781,-0.034343,-0.000603,0.026626,0.080193,0.130621
1790937254.289702,1790937254.835930,0.744696,5.120122,0.816909,-0.001239,-0.033091,0.036782,0.998775,-0.282,-3.785,4.228,0.541342,-0.040236,0.009919,0.076696,-0.113690,0.016635
1790937254.323043,1790937254.871909,0.764188,5.118143,0.818057,-0.000468,-0.035629,0.037184,0.998673,-0.206,-4.079,4.272,0.542165,-0.034604,-0.007726,-0.004258,-0.155232,0.045395
1790937254.356384,1790937254.903803,0.782329,5.118547,0.818588,-0.000341,-0.037610,0.038186,0.998563,-0.204,-4.306,4.388,0.534265,-0.024103,-0.040455,0.019178,-0.057225,0.069896
1790937254.389724,1790937254.933599,0.800119,5.119071,0.818117,-0.000049,-0.037320,0.039653,0.998516,-0.176,-4.274,4.555,0.526874,-0.009136,-0.065083,0.010656,0.099371,0.122095
1790937254.423065,1790937254.962781,0.817733,5.120155,0.817192,-0.000325,-0.034828,0.042346,0.998496,-0.207,-3.987,4.864,0.525672,0.004182,-0.063135,-0.020234,0.187790,0.188144
1790937254.456406,1790937254.991659,0.835261,5.121681,0.816609,-0.000986,-0.031736,0.045151,0.998475,-0.278,-3.628,5.187,0.528802,0.007460,-0.039600,-0.033016,0.176071,0.140205
1790937254.489746,1790937255.021842,0.852842,5.123556,0.816808,-0.001937,-0.029397,0.047076,0.998457,-0.381,-3.355,5.410,0.534939,0.011819,-0.013138,-0.056453,0.101500,0.086941
1790937254.523087,1790937255.063678,0.870552,5.125650,0.817560,-0.003466,-0.028535,0.047915,0.998438,-0.554,-3.247,5.511,0.541607,0.015117,-0.003955,-0.123566,-0.002898,0.011306
1790937254.556428,1790937255.099386,0.890357,5.125463,0.818117,-0.005509,-0.029397,0.047564,0.998420,-0.792,-3.335,5.478,0.551649,0.014549,-0.011213,-0.125689,-0.084920,-0.041964
1790937254.589769,1790937255.128728,0.908847,5.128007,0.818528,-0.007391,-0.030646,0.046479,0.998422,-1.011,-3.469,5.361,0.565117,0.019249,-0.030772,-0.103317,-0.032721,-0.082446
1790937254.623109,1790937255.159445,0.927794,5.130424,0.818200,-0.008596,-0.030580,0.045025,0.998481,-1.143,-3.457,5.198,0.576695,0.032234,-0.056721,-0.040463,0.049306,-0.079250
1790937254.656449,1790937255.188725,0.947213,5.133354,0.817059,-0.009238,-0.029718,0.043987,0.998547,-1.209,-3.356,5.080,0.593822,0.054744,-0.077735,-0.063899,0.045044,-0.011070
1790937254.689790,1790937255.218191,0.967262,5.136938,0.815363,-0.010816,-0.029298,0.044624,0.998516,-1.390,-3.299,5.158,0.616839,0.073462,-0.087358,-0.112900,0.008826,0.084804
1790937254.723131,1790937255.250387,0.988084,5.141049,0.813557,-0.012175,-0.029873,0.045639,0.998437,-1.552,-3.356,5.280,0.644900,0.077137,-0.084633,-0.036198,-0.087050,0.009168
1790937254.756471,1790937255.278889,1.009511,5.145534,0.812113,-0.012053,-0.032113,0.044941,0.998401,-1.548,-3.614,5.203,0.657543,0.078305,-0.072674,0.027720,-0.173338,-0.104818
1790937254.789812,1790937255.309054,1.030852,5.150064,0.811292,-0.011224,-0.034639,0.042463,0.998434,-1.456,-3.911,4.920,0.641268,0.079400,-0.056277,0.058613,-0.090244,-0.211347
1790937254.823153,1790937255.337748,1.051631,5.154550,0.811087,-0.009129,-0.034405,0.037751,0.998653,-1.196,-3.901,4.370,0.623786,0.080833,-0.039917,0.168339,0.127075,-0.354095
1790937254.856493,1790937255.367543,1.072087,5.158930,0.811472,-0.006593,-0.031225,0.032152,0.998973,-0.871,-3.552,3.714,0.619455,0.096370,-0.012951,0.091637,0.209101,-0.266740
1790937254.889834,1790937255.410635,1.092622,5.163213,0.812785,-0.006133,-0.028997,0.029417,0.999128,-0.801,-3.301,3.396,0.626267,0.111212,0.024919,-0.034064,0.023741,-0.081381
1790937254.923175,1790937255.449690,1.114388,5.164713,0.814689,-0.006158,-0.030434,0.027969,0.999126,-0.804,-3.467,3.231,0.621332,0.103311,0.040683,0.002169,-0.181852,-0.126129
1790937254.956516,1790937255.480889,1.134482,5.169394,0.817125,-0.004576,-0.033211,0.025476,0.999113,-0.622,-3.792,2.942,0.606950,0.094905,0.029055,0.156634,-0.123261,-0.178329
1790937254.989856,1790937255.511232,1.154231,5.173452,0.819153,-0.001885,-0.034142,0.022933,0.999152,-0.306,-3.907,2.640,0.592911,0.094450,0.016095,0.124676,-0.011405,-0.128261
1790937255.023197,1790937255.540656,1.173564,5.177202,0.821031,-0.000523,-0.034630,0.021037,0.999179,-0.144,-3.967,2.417,0.581790,0.090677,0.019746,0.030932,-0.091303,-0.114412
1790937255.056538,1790937255.586827,1.192519,5.180665,0.822980,-0.000169,-0.036837,0.019100,0.999139,-0.100,-4.221,2.194,0.570330,0.083494,0.017116,0.004302,-0.168004,-0.133588
1790937255.089878,1790937255.621451,1.211851,5.180985,0.824503,0.000060,-0.039499,0.016316,0.999086,-0.067,-4.527,1.874,0.554591,0.068949,0.001252,-0.010606,-0.142434,-0.196447
1790937255.123218,1790937255.652943,1.229603,5.184049,0.825693,-0.000228,-0.041174,0.013027,0.999067,-0.088,-4.719,1.498,0.532615,0.059145,-0.019466,-0.042565,-0.041233,-0.179402
1790937255.156562,1790937255.683764,1.247027,5.186054,0.826271,-0.000802,-0.041050,0.010281,0.999104,-0.141,-4.704,1.185,0.512885,0.047674,-0.028585,-0.036173,0.056772,-0.146377
1790937255.189906,1790937255.725968,1.263326,5.187283,0.826732,-0.001007,-0.039847,0.007997,0.999173,-0.152,-4.566,0.923,0.501515,0.035673,-0.015907,-0.007406,0.075948,-0.129333
1790937255.223250,1790937255.759568,1.278193,5.186137,0.827519,-0.001144,-0.039048,0.006103,0.999218,-0.159,-4.475,0.706,0.495422,0.026868,0.002796,-0.016987,0.002445,-0.084592
1790937255.256594,1790937255.790396,1.294198,5.187221,0.829140,-0.001098,-0.039919,0.005128,0.999189,-0.150,-4.575,0.594,0.490646,0.021788,0.015756,0.012839,-0.116868,-0.030262
1790937255.289938,1790937255.820923,1.310367,5.187824,0.830884,-0.001168,-0.042396,0.005110,0.999087,-0.159,-4.859,0.593,0.487792,0.017487,0.007829,-0.036162,-0.163739,0.035785
1790937255.323282,1790937255.855056,1.326386,5.188202,0.832148,-0.001956,-0.044715,0.006214,0.998979,-0.257,-5.124,0.724,0.481630,0.009945,-0.016090,-0.045747,-0.092364,0.086919
1790937255.356626,1790937255.886135,1.342157,5.188205,0.832585,-0.002672,-0.045357,0.007470,0.998939,-0.346,-5.197,0.873,0.474718,-0.003454,-0.042016,-0.035092,0.023751,0.056024
1790937255.389970,1790937255.917391,1.357762,5.187897,0.832328,-0.002976,-0.044184,0.008017,0.998987,-0.383,-5.062,0.937,0.472939,-0.018430,-0.055946,0.016042,0.105777,-0.004696
1790937255.423314,1790937255.947573,1.373363,5.187263,0.831808,-0.002228,-0.042713,0.007281,0.999058,-0.292,-4.894,0.848,0.476327,-0.031358,-0.055149,0.083155,0.039731,-0.093115
1790937255.456658,1790937255.978126,1.389104,5.186294,0.831297,-0.000491,-0.042816,0.005282,0.999069,-0.082,-4.908,0.609,0.480491,-0.034739,-0.056106,0.098069,-0.046556,-0.143182
1790937255.490002,1790937256.012851,1.404964,5.185129,0.830618,0.000914,-0.043562,0.003421,0.999044,0.088,-4.994,0.389,0.486735,-0.030174,-0.065008,0.053329,-0.031641,-0.071807
1790937255.523345,1790937256.046236,1.420627,5.183539,0.829670,0.001703,-0.044064,0.003306,0.999022,0.179,-5.052,0.371,0.498580,-0.025306,-0.067179,0.035223,-0.046555,0.062417
1790937255.556690,1790937256.077364,1.437390,5.182603,0.829058,0.002130,-0.045416,0.004717,0.998955,0.220,-5.207,0.531,0.514023,-0.028689,-0.058141,0.026701,-0.134975,0.083723
1790937255.590034,1790937256.106247,1.454530,5.181264,0.828861,0.002711,-0.047994,0.005550,0.998829,0.281,-5.503,0.623,0.513740,-0.036550,-0.051017,0.034160,-0.149889,0.017675
1790937255.623378,1790937256.136456,1.471331,5.179648,0.828730,0.003419,-0.049329,0.006206,0.998757,0.358,-5.657,0.694,0.500647,-0.038215,-0.057057,0.059730,0.022688,0.097574
1790937255.656722,1790937256.166336,1.487507,5.178087,0.828385,0.004345,-0.047333,0.009106,0.998828,0.450,-5.430,1.023,0.492445,-0.031830,-0.059237,0.058666,0.221896,0.254172
1790937255.690066,1790937256.198722,1.503457,5.176907,0.828054,0.004948,-0.042943,0.013822,0.998970,0.500,-4.930,1.564,0.488390,-0.029278,-0.048459,0.045885,0.287943,0.276544
1790937255.723411,1790937256.230051,1.519460,5.176172,0.828100,0.005216,-0.038288,0.017762,0.999095,0.521,-4.398,2.017,0.494530,-0.035672,-0.026532,-0.002051,0.267702,0.184929
1790937255.756755,1790937256.262917,1.535676,5.175515,0.828745,0.004411,-0.034401,0.020247,0.999193,0.426,-3.952,2.307,0.500121,-0.037869,-0.003001,-0.071295,0.171824,0.109294
1790937255.790099,1790937256.307707,1.551989,5.174777,0.830003,0.002739,-0.032903,0.021255,0.999229,0.234,-3.777,2.429,0.505231,-0.041810,0.016352,-0.111775,0.002445,0.010220
1790937255.823444,1790937256.345311,1.566069,5.169277,0.831224,0.001648,-0.034351,0.020711,0.999194,0.107,-3.940,2.371,0.508736,-0.049162,0.028346,-0.005236,-0.183978,-0.067541
1790937255.856788,1790937256.376263,1.582644,5.169087,0.833276,0.002392,-0.038101,0.019429,0.999082,0.190,-4.372,2.221,0.509001,-0.046603,0.015577,0.073594,-0.238308,-0.076065
1790937255.890132,1790937256.407081,1.599396,5.168013,0.834584,0.003778,-0.041069,0.018978,0.998969,0.344,-4.715,2.163,0.503098,-0.031236,-0.015441,0.082118,-0.105146,0.038985
1790937255.923476,1790937256.437894,1.616639,5.168636,0.835253,0.005548,-0.041522,0.021109,0.998899,0.537,-4.772,2.399,0.493249,-0.011581,-0.039033,0.139643,0.047189,0.207298
1790937255.956821,1790937256.467653,1.632553,5.168707,0.835103,0.007708,-0.040153,0.025394,0.998841,0.768,-4.623,2.882,0.476272,-0.000695,-0.048453,0.155623,0.106845,0.275476
1790937255.990164,1790937256.501870,1.647390,5.169115,0.834658,0.009770,-0.038183,0.030158,0.998768,0.989,-4.408,3.421,0.458687,0.002993,-0.047142,0.087446,0.130281,0.275477
1790937256.023509,1790937256.532611,1.662329,5.169955,0.834359,0.010004,-0.035740,0.034306,0.998722,1.007,-4.133,3.898,0.456052,0.000390,-0.035200,-0.044648,0.155848,0.208364
1790937256.056853,1790937256.571217,1.676873,5.170350,0.834313,0.008590,-0.033789,0.037087,0.998704,0.841,-3.906,4.225,0.457853,-0.007132,-0.017106,-0.090449,0.061036,0.116747
1790937256.090198,1790937256.610217,1.691578,5.168389,0.834168,0.006935,-0.033952,0.037931,0.998679,0.648,-3.919,4.328,0.459439,-0.019238,-0.012261,-0.111750,-0.068923,-0.015346
1790937256.123543,1790937256.645941,1.706639,5.169442,0.834723,0.005296,-0.035140,0.036952,0.998685,0.458,-4.047,4.222,0.466209,-0.025112,-0.021132,-0.084052,-0.049749,-0.087787
1790937256.156882,1790937256.683383,1.722463,5.169790,0.835057,0.004555,-0.035773,0.035105,0.998733,0.378,-4.116,4.013,0.476911,-0.027032,-0.032535,-0.019072,-0.033769,-0.129332
1790937256.190222,1790937256.718480,1.738349,5.169752,0.834853,0.004396,-0.036364,0.032837,0.998789,0.367,-4.182,3.753,0.488557,-0.023365,-0.043818,-0.016939,-0.041227,-0.125072
1790937256.223562,1790937256.754736,1.754720,5.169953,0.834368,0.004164,-0.037174,0.030996,0.998819,0.345,-4.274,3.542,0.502696,-0.015094,-0.056200,-0.040375,-0.051878,-0.086720
1790937256.256902,1790937256.790288,1.771494,5.170286,0.833454,0.003236,-0.037850,0.029874,0.998832,0.242,-4.348,3.417,0.517606,-0.005176,-0.073397,-0.072332,-0.018855,-0.046239
1790937256.290241,1790937256.824363,1.788758,5.171019,0.832054,0.002291,-0.037830,0.029084,0.998858,0.137,-4.342,3.331,0.529166,0.005082,-0.086920,-0.038241,0.025887,-0.051566
1790937256.323581,1790937256.862210,1.806331,5.172047,0.830478,0.001589,-0.037266,0.028162,0.998907,0.062,-4.275,3.228,0.537216,0.013685,-0.085314,-0.060611,0.037604,-0.063284
1790937256.356921,1790937256.897539,1.824040,5.173307,0.829258,0.000291,-0.036807,0.026745,0.998964,-0.080,-4.218,3.070,0.538246,0.019589,-0.063457,-0.111744,0.020559,-0.103765
1790937256.390260,1790937256.933774,1.841421,5.174842,0.828925,-0.001857,-0.036494,0.025201,0.999014,-0.319,-4.176,2.902,0.523193,0.031391,-0.030533,-0.109612,0.048256,-0.087787
1790937256.423599,1790937256.969720,1.858544,5.176643,0.829695,-0.003013,-0.034811,0.023420,0.999115,-0.439,-3.981,2.701,0.522416,0.035404,0.003965,-0.031845,0.168635,-0.119745
1790937256.456939,1790937257.016875,1.875864,5.178660,0.831535,-0.003589,-0.032241,0.021701,0.999238,-0.492,-3.685,2.504,0.524907,0.044257,0.037940,-0.052085,0.091935,-0.071806
1790937256.490278,1790937257.051700,1.893242,5.178440,0.833363,-0.004440,-0.032245,0.020637,0.999257,-0.586,-3.684,2.385,0.525197,0.047452,0.057566,-0.016926,-0.089158,-0.080328
1790937256.523618,1790937257.079743,1.910921,5.181103,0.836484,-0.003566,-0.033660,0.018549,0.999255,-0.481,-3.850,2.143,0.527185,0.048721,0.050090,0.121559,-0.035895,-0.184731
1790937256.556958,1790937257.109303,1.928582,5.183647,0.839013,-0.001110,-0.033132,0.015339,0.999333,-0.186,-3.795,1.765,0.529391,0.059615,0.032643,0.137539,0.078091,-0.173011
1790937256.590297,1790937257.146524,1.946342,5.186336,0.841100,0.000602,-0.032190,0.013670,0.999388,0.019,-3.690,1.567,0.535458,0.074705,0.026250,0.050184,-0.007134,-0.011087
1790937256.623637,1790937257.180691,1.964380,5.188984,0.842943,0.001083,-0.033438,0.013885,0.999344,0.071,-3.834,1.590,0.545895,0.074559,0.019484,0.000120,-0.163729,-0.000437
1790937256.656977,1790937257.213731,1.982820,5.191877,0.844445,0.001500,-0.036793,0.012574,0.999243,0.119,-4.219,1.438,0.551882,0.064402,-0.005896,0.048057,-0.213798,-0.181536
1790937256.690316,1790937257.254274,2.001033,5.194577,0.844879,0.002480,-0.039336,0.008588,0.999186,0.246,-4.511,0.975,0.546484,0.061219,-0.046027,0.020360,-0.058264,-0.250781
1790937256.723656,1790937257.292667,2.018912,5.195289,0.843088,0.002296,-0.039508,0.005317,0.999202,0.240,-4.530,0.600,0.533660,0.062810,-0.068848,-0.062729,0.012052,-0.106974
1790937256.756996,1790937257.329833,2.037341,5.197599,0.842578,0.000865,-0.039314,0.004705,0.999215,0.078,-4.507,0.537,0.519983,0.060267,-0.071363,-0.094687,0.018443,0.031513
1790937256.790335,1790937257.366708,2.054569,5.199404,0.841577,-0.000190,-0.038591,0.005364,0.999241,-0.046,-4.423,0.617,0.506811,0.046411,-0.066401,-0.019051,0.083427,0.032578
1790937256.823675,1790937257.403792,2.071370,5.200933,0.840866,-0.000100,-0.036744,0.005890,0.999307,-0.036,-4.211,0.677,0.494924,0.033748,-0.049604,0.041669,0.126039,0.051754
1790937256.857013,1790937257.441170,2.087638,5.202103,0.840691,0.000509,-0.034852,0.007559,0.999364,0.028,-3.995,0.866,0.484365,0.028065,-0.029759,0.026756,0.093014,0.162544
1790937256.890353,1790937257.475571,2.103412,5.202975,0.840929,0.000751,-0.033617,0.011175,0.999372,0.043,-3.854,1.280,0.477482,0.020604,-0.021368,0.025692,0.056793,0.260551
1790937256.923693,1790937257.509671,2.119070,5.203755,0.841152,0.001018,-0.032780,0.015474,0.999342,0.059,-3.758,1.772,0.475861,0.007108,-0.026442,0.016105,0.039750,0.237115
1790937256.957032,1790937257.544384,2.134775,5.204484,0.841195,0.000550,-0.032333,0.019071,0.999295,-0.008,-3.706,2.187,0.477969,-0.007178,-0.035845,-0.070182,0.013115,0.196636
1790937256.990372,1790937257.577637,2.150344,5.204634,0.840828,-0.001028,-0.032238,0.022161,0.999234,-0.200,-3.691,2.547,0.479891,-0.021608,-0.046898,-0.088293,0.005659,0.180656
1790937257.023711,1790937257.619828,2.166158,5.204439,0.840126,-0.002171,-0.032221,0.024687,0.999173,-0.340,-3.686,2.842,0.483510,-0.038345,-0.058089,-0.022245,-0.004995,0.108216
1790937257.057051,1790937257.647804,2.196570,5.203571,0.838782,-0.002095,-0.032221,0.025696,0.999148,-0.335,-3.685,2.957,0.499307,-0.050582,-0.068480,0.027824,-0.015633,0.012328
1790937257.090390,1790937257.682228,2.198224,5.201989,0.836576,-0.001114,-0.032445,0.025074,0.999158,-0.221,-3.714,2.882,0.498888,-0.061179,-0.070424,0.098135,-0.003925,-0.110176
1790937257.123729,1790937257.708392,2.214172,5.200701,0.835411,0.000901,-0.032659,0.022404,0.999215,0.019,-3.744,2.568,0.510046,-0.072691,-0.059918,0.116245,-0.042273,-0.201790
1790937257.157072,1790937257.739219,2.231228,5.199095,0.834762,0.002612,-0.033755,0.019603,0.999234,0.224,-3.874,2.240,0.512966,-0.069547,-0.045491,0.070437,-0.087016,-0.116567
1790937257.190415,1790937257.767241,2.248219,5.197228,0.834518,0.003555,-0.034793,0.018957,0.999208,0.332,-3.995,2.162,0.496856,-0.067031,-0.038723,0.038479,-0.000728,0.044291
1790937257.223757,1790937257.794381,2.264324,5.195358,0.834429,0.003834,-0.033539,0.020973,0.999210,0.359,-3.852,2.393,0.483791,-0.064100,-0.032222,-0.012651,0.164394,0.223260
1790937257.257099,1790937257.822915,2.280224,5.193605,0.834774,0.003112,-0.030475,0.025944,0.999194,0.266,-3.501,2.967,0.477979,-0.063076,-0.010477,-0.036089,0.177175,0.360684
1790937257.290442,1790937257.850953,2.296093,5.191933,0.835841,0.001872,-0.028553,0.031860,0.999083,0.110,-3.278,3.650,0.474798,-0.073080,0.015928,-0.095744,0.047209,0.311681
1790937257.323784,1790937257.880303,2.313092,5.190060,0.837737,-0.000142,-0.028434,0.035887,0.998951,-0.133,-3.256,4.119,0.478579,-0.088885,0.038751,-0.114919,-0.018836,0.149757
1790937257.357126,1790937257.920568,2.329314,5.188325,0.840256,-0.002070,-0.029326,0.037056,0.998881,-0.362,-3.350,4.260,0.483035,-0.097590,0.055291,-0.124506,-0.090211,0.007007
1790937257.390469,1790937257.951317,2.341653,5.183817,0.841742,-0.003831,-0.031705,0.036313,0.998830,-0.572,-3.615,4.182,0.480220,-0.105546,0.056035,-0.064845,-0.192474,-0.081423
1790937257.423811,1790937257.977907,2.357462,5.181292,0.844590,-0.003960,-0.035059,0.034640,0.998777,-0.594,-4.000,3.993,0.472994,-0.111228,0.042799,0.037423,-0.192474,-0.128296
1790937257.457154,1790937258.006223,2.373542,5.178637,0.846836,-0.002633,-0.037690,0.032099,0.998770,-0.441,-4.308,3.698,0.458923,-0.113263,0.020055,0.096014,-0.115774,-0.185822
1790937257.490497,1790937258.033935,2.388815,5.175955,0.848385,-0.000721,-0.039179,0.029067,0.998809,-0.214,-4.486,3.342,0.438365,-0.103397,0.001861,0.104536,-0.075291,-0.153864
1790937257.523840,1790937258.076702,2.402806,5.173494,0.849345,0.000927,-0.040338,0.027428,0.998809,-0.021,-4.625,3.147,0.416037,-0.083160,-0.011264,0.074709,-0.072095,-0.037746
1790937257.557183,1790937258.110466,2.412835,5.171435,0.849144,0.001898,-0.041332,0.027691,0.998760,0.086,-4.742,3.173,0.390734,-0.065463,-0.024842,0.038487,-0.034810,0.060254
1790937257.590525,1790937258.135732,2.424845,5.170054,0.849180,0.002240,-0.041137,0.028977,0.998731,0.120,-4.721,3.319,0.367024,-0.058993,-0.041120,0.004399,0.083434,0.068777
1790937257.623868,1790937258.159195,2.436730,5.168865,0.848673,0.002327,-0.038735,0.029567,0.998809,0.135,-4.446,3.386,0.349317,-0.062151,-0.045322,0.043814,0.198486,-0.026033
1790937257.657211,1790937258.184322,2.448362,5.167605,0.848205,0.003502,-0.035262,0.028136,0.998976,0.288,-4.051,3.216,0.338231,-0.066888,-0.032124,0.089621,0.195289,-0.147477
1790937257.690554,1790937258.207540,2.459609,5.166296,0.848169,0.004985,-0.032761,0.025511,0.999125,0.476,-3.768,2.910,0.331804,-0.063211,-0.011675,0.062988,0.083433,-0.164522
1790937257.723897,1790937258.231990,2.470552,5.164916,0.848626,0.005500,-0.032170,0.022694,0.999210,0.547,-3.700,2.584,0.328326,-0.060214,0.000166,-0.013712,-0.017767,-0.190088
1790937257.757239,1790937258.260483,2.481148,5.163421,0.849178,0.004828,-0.032638,0.019129,0.999273,0.482,-3.751,2.178,0.323657,-0.056825,-0.006044,-0.076565,-0.024159,-0.222049
1790937257.790582,1790937258.307235,2.492231,5.162106,0.849447,0.003504,-0.032695,0.015554,0.999338,0.344,-3.753,1.772,0.319475,-0.049969,-0.019892,-0.089348,0.026974,-0.190089
1790937257.823925,1790937258.347078,2.498432,5.161098,0.848343,0.002222,-0.031869,0.012525,0.999411,0.209,-3.655,1.429,0.313926,-0.045008,-0.031732,-0.063783,0.069586,-0.175180
1790937257.857268,1790937258.375463,2.508266,5.159179,0.848037,0.001264,-0.030720,0.009392,0.999483,0.112,-3.522,1.073,0.313204,-0.041738,-0.042264,-0.075500,0.062128,-0.191159
1790937257.890611,1790937258.398056,2.518214,5.158088,0.847117,-0.000216,-0.029588,0.006187,0.999543,-0.046,-3.391,0.711,0.316887,-0.034297,-0.046751,-0.115981,0.073847,-0.189028
1790937257.923954,1790937258.438302,2.528865,5.157268,0.846287,-0.002009,-0.028536,0.002531,0.999588,-0.239,-3.270,0.297,0.327715,-0.030642,-0.036290,-0.106394,0.039759,-0.267860
1790937257.957298,1790937258.479991,2.527760,5.157522,0.845086,-0.003580,-0.028577,-0.002666,0.999582,-0.402,-3.276,-0.294,0.330006,-0.026058,-0.014667,-0.094678,-0.051855,-0.343501
1790937257.990641,1790937258.512598,2.549524,5.156958,0.845780,-0.005239,-0.029888,-0.008086,0.999507,-0.573,-3.430,-0.910,0.333028,-0.013847,0.001610,-0.117051,-0.084876,-0.289175
1790937258.023984,1790937258.556058,2.560288,5.156433,0.846602,-0.006853,-0.030466,-0.012854,0.999430,-0.741,-3.501,-1.451,0.324750,-0.006905,0.007746,-0.069112,0.040828,-0.305154
1790937258.057327,1790937258.593177,2.568396,5.157973,0.846835,-0.007121,-0.028892,-0.019333,0.999370,-0.753,-3.326,-2.195,0.319492,-0.010342,0.013050,0.015040,0.135644,-0.490529
1790937258.090671,1790937258.630402,2.579674,5.157358,0.848086,0.006242,0.026986,0.028700,-0.999204,-0.627,-3.112,-3.273,0.315268,-0.007157,0.020105,0.040607,0.073856,-0.583202
1790937258.124014,1790937258.667212,2.582609,5.157805,0.848708,0.005653,0.026724,0.037711,-0.998915,-0.532,-3.085,-4.310,0.306171,0.010019,0.020945,-0.005200,-0.036929,-0.492658
1790937258.157357,1790937258.709713,2.599079,5.157042,0.849921,0.005834,0.028052,0.045485,-0.998554,-0.522,-3.242,-5.201,0.303712,0.023432,0.009650,-0.042485,-0.117889,-0.434067
1790937258.190698,1790937258.752731,2.605974,5.157466,0.850069,0.006847,0.029822,0.051893,-0.998184,-0.607,-3.454,-5.934,0.288796,0.038115,-0.012927,-0.078704,-0.069951,-0.322215
1790937258.224040,1790937258.785159,2.614993,5.157501,0.849990,0.008094,0.030224,0.056473,-0.997914,-0.731,-3.511,-6.456,0.279785,0.047059,-0.024927,-0.075507,0.009944,-0.209294
1790937258.257383,1790937258.818177,2.621697,5.158070,0.849351,0.008889,0.030015,0.059411,-0.997743,-0.814,-3.494,-6.791,0.267714,0.049847,-0.022902,-0.038220,0.000360,-0.152832
1790937258.290725,1790937258.838728,2.630299,5.158722,0.849142,0.009442,0.029983,0.061901,-0.997587,-0.868,-3.497,-7.075,0.251139,0.050323,-0.021342,-0.044613,0.019534,-0.147509
1790937258.324068,1790937258.854262,2.638357,5.159356,0.848927,0.010008,0.029413,0.064535,-0.997432,-0.928,-3.438,-7.376,0.233287,0.047186,-0.018062,-0.031829,0.034449,-0.175206
1790937258.357410,1790937258.882095,2.645814,5.159918,0.848853,0.009913,0.029324,0.067797,-0.997219,-0.907,-3.430,-7.752,0.215099,0.041644,-0.010190,0.037413,-0.036924,-0.223145
1790937258.390753,1790937258.916425,2.648005,5.160720,0.848652,0.009119,0.030480,0.071516,-0.996932,-0.794,-3.559,-8.182,0.197023,0.040494,-0.007428,0.033153,-0.084861,-0.208233
1790937258.424095,1790937258.941885,2.658142,5.161017,0.848786,0.008701,0.031829,0.074658,-0.996663,-0.723,-3.712,-8.544,0.191894,0.042103,-0.014372,0.015043,-0.064618,-0.170949
1790937258.457438,1790937258.962041,2.664445,5.161422,0.848546,0.008481,0.032632,0.077252,-0.996441,-0.681,-3.804,-8.844,0.186667,0.039047,-0.022475,0.015043,-0.030529,-0.156036
1790937258.490781,1790937258.992223,2.670436,5.161678,0.848087,0.008047,0.033196,0.079933,-0.996215,-0.616,-3.866,-9.154,0.181335,0.034702,-0.027621,0.011847,-0.044378,-0.160296
1790937258.524123,1790937259.026752,2.673193,5.162114,0.847034,0.008065,0.033839,0.082258,-0.996004,-0.603,-3.941,-9.422,0.163937,0.036114,-0.037694,-0.030760,-0.008156,-0.103842
1790937258.557466,1790937259.053221,2.678328,5.162417,0.845946,0.008770,0.032893,0.083443,-0.995931,-0.688,-3.841,-9.556,0.147066,0.037717,-0.047601,-0.062719,0.130331,-0.027142
1790937258.590808,1790937259.075310,2.682982,5.162822,0.844681,0.009457,0.029463,0.083482,-0.996029,-0.799,-3.455,-9.558,0.135403,0.036826,-0.041160,-0.045674,0.259232,0.018664
1790937258.624151,1790937259.095728,2.687304,5.163271,0.843982,0.009785,0.025218,0.083121,-0.996172,-0.878,-2.973,-9.517,0.132680,0.032198,-0.010437,-0.030761,0.204901,0.044231
1790937258.657492,1790937259.114986,2.691468,5.163547,0.844381,0.010349,0.023236,0.081954,-0.996311,-0.964,-2.751,-9.382,0.131688,0.030446,0.022745,-0.063784,0.015278,0.118801
1790937258.690835,1790937259.135236,2.695514,5.163720,0.845600,0.011545,0.023968,0.079527,-0.996478,-1.101,-2.843,-9.099,0.129904,0.028099,0.038616,-0.053129,-0.091249,0.169935
1790937258.724178,1790937259.155828,2.699540,5.163842,0.847026,0.011939,0.025497,0.076653,-0.996660,-1.141,-3.018,-8.766,0.128985,0.023154,0.034945,0.028896,-0.099772,0.176326
1790937258.757520,1790937259.176596,2.703677,5.163830,0.848193,0.011259,0.027143,0.073899,-0.996833,-1.058,-3.198,-8.450,0.129925,0.014237,0.021958,0.050202,-0.093380,0.144367
1790937258.790863,1790937259.199094,2.707798,5.163554,0.848943,0.010762,0.028693,0.072027,-0.996932,-0.994,-3.369,-8.235,0.133231,0.003173,0.010904,0.036354,-0.092314,0.070861
1790937258.824206,1790937259.219018,2.711845,5.163019,0.849442,0.010560,0.030247,0.071116,-0.996953,-0.962,-3.544,-8.131,0.130040,-0.001571,0.004745,-0.003060,-0.089118,0.045294
1790937258.857548,1790937259.240915,2.715594,5.162444,0.849711,0.010983,0.031365,0.070008,-0.996993,-1.005,-3.674,-8.001,0.116175,0.003994,-0.002627,-0.037150,-0.032659,0.106017
1790937258.890891,1790937259.261744,2.719059,5.161993,0.849742,0.011346,0.031011,0.067596,-0.997166,-1.058,-3.634,-7.722,0.103567,0.006690,-0.008085,0.013983,0.078131,0.182717
1790937258.924234,1790937259.282256,2.722097,5.161619,0.849673,0.010571,0.029112,0.063839,-0.997479,-0.997,-3.407,-7.294,0.098685,0.008496,-0.006812,0.070443,0.143112,0.286050
1790937258.957577,1790937259.320681,2.725090,5.161332,0.849773,0.009365,0.026940,0.058041,-0.997907,-0.893,-3.144,-6.633,0.101710,0.013901,0.002795,0.082164,0.099434,0.400037
1790937258.990919,1790937259.352265,2.721683,5.160968,0.849594,0.008223,0.026254,0.051560,-0.998291,-0.787,-3.053,-5.892,0.098603,0.009973,0.011764,0.068320,-0.017746,0.326524
1790937259.024262,1790937259.396376,2.727836,5.161283,0.850429,0.007380,0.027319,0.047606,-0.998465,-0.696,-3.168,-5.440,0.105312,-0.002709,0.022686,0.035292,-0.112555,0.143293
1790937259.057605,1790937259.436885,2.728622,5.160603,0.851017,0.007489,0.029585,0.045841,-0.998482,-0.703,-3.426,-5.236,0.103877,-0.014317,0.030065,-0.020098,-0.153032,0.079368
1790937259.090946,1790937259.470490,2.731936,5.159766,0.852230,0.007859,0.031943,0.045006,-0.998445,-0.736,-3.698,-5.138,0.101693,-0.028659,0.027600,0.010793,-0.115749,0.016516
1790937259.124289,1790937259.508671,2.735096,5.158322,0.853257,0.007428,0.033369,0.045141,-0.998396,-0.679,-3.859,-5.155,0.100932,-0.042431,0.019820,0.037425,-0.045438,-0.036745
1790937259.157634,1790937259.544662,2.738292,5.156645,0.854052,0.007402,0.033666,0.045471,-0.998371,-0.673,-3.893,-5.193,0.099027,-0.042476,0.013655,-0.030753,0.006759,0.023975
1790937259.190980,1790937259.578393,2.741461,5.154955,0.854783,0.007963,0.033385,0.044173,-0.998434,-0.744,-3.863,-5.041,0.100798,-0.037364,0.018165,-0.029686,0.013150,0.121981
1790937259.224327,1790937259.613943,2.744650,5.153289,0.855788,0.008785,0.033308,0.041845,-0.998530,-0.847,-3.856,-4.771,0.104830,-0.034215,0.027013,-0.062711,-0.017741,0.163528
1790937259.257674,1790937259.657734,2.748091,5.151734,0.857131,0.010072,0.034043,0.038775,-0.998617,-1.004,-3.944,-4.413,0.109184,-0.032330,0.037800,-0.068037,-0.084856,0.206138
1790937259.291020,1790937259.695194,2.749262,5.149963,0.858270,0.011346,0.035832,0.035550,-0.998661,-1.156,-4.150,-4.036,0.112112,-0.035835,0.039508,-0.073361,-0.121074,0.174171
1790937259.324367,1790937259.731479,2.752174,5.148580,0.859719,0.013077,0.037447,0.032812,-0.998674,-1.360,-4.339,-3.712,0.112856,-0.034980,0.026218,-0.107449,-0.073138,0.165650
1790937259.357714,1790937259.765022,2.755581,5.147154,0.860725,0.014568,0.038184,0.030005,-0.998714,-1.541,-4.424,-3.382,0.116633,-0.034289,0.015750,-0.025422,-0.031591,0.157127
1790937259.391060,1790937259.806153,2.759300,5.145796,0.861419,0.014268,0.038633,0.028162,-0.998755,-1.513,-4.472,-3.171,0.120844,-0.039525,0.004267,0.058734,-0.020940,0.050597
1790937259.424407,1790937259.847058,2.759487,5.143754,0.861101,0.013218,0.038511,0.027625,-0.998789,-1.395,-4.454,-3.114,0.120181,-0.040392,-0.008199,0.081109,0.062151,0.025021
1790937259.457754,1790937259.883049,2.763773,5.142096,0.861150,0.011481,0.036757,0.026969,-0.998894,-1.204,-4.247,-3.048,0.129443,-0.038934,-0.008662,0.124786,0.128200,0.042068
1790937259.491101,1790937259.918302,2.768141,5.140574,0.861383,0.009405,0.034946,0.026384,-0.998997,-0.973,-4.032,-2.991,0.142114,-0.037664,0.001238,0.105612,0.083458,0.021828
1790937259.524446,1790937259.952952,2.772889,5.139153,0.861930,0.007802,0.033856,0.026231,-0.999052,-0.793,-3.902,-2.981,0.153305,-0.035609,0.010272,0.091763,0.046173,-0.010128
1790937259.557793,1790937259.986521,2.777933,5.137798,0.862807,-0.006082,-0.033635,-0.026264,0.999071,-0.596,-3.872,-2.992,0.157536,-0.031677,0.022382,0.119459,-0.017743,0.012242
1790937259.591140,1790937260.022693,2.782958,5.136532,0.864024,-0.003985,-0.034278,-0.025464,0.999080,-0.357,-3.939,-2.908,0.155413,-0.026086,0.028800,0.132244,-0.052899,0.087877
1790937259.624487,1790937260.051415,2.787801,5.135374,0.865295,-0.002358,-0.035279,-0.023216,0.999105,-0.177,-4.049,-2.656,0.148213,-0.022130,0.024774,0.059805,-0.059291,0.181624
1790937259.657834,1790937260.081189,2.792180,5.134214,0.866269,-0.002138,-0.035914,-0.019498,0.999162,-0.165,-4.120,-2.230,0.136200,-0.018220,0.011985,-0.021155,-0.008158,0.258323
1790937259.691181,1790937260.112145,2.796203,5.133320,0.866863,-0.003342,-0.035687,-0.015025,0.999244,-0.322,-4.096,-1.711,0.126120,-0.016255,0.005122,-0.109575,0.022735,0.273239
1790937259.724528,1790937260.149769,2.799970,5.132702,0.867353,-0.005852,-0.035865,-0.010386,0.999286,-0.629,-4.117,-1.168,0.112981,-0.011020,0.006497,-0.194799,-0.069946,0.316915
1790937259.757875,1790937260.184188,2.797985,5.131673,0.867159,-0.010333,-0.037680,-0.003997,0.999228,-1.169,-4.323,-0.414,0.087318,0.001676,-0.004517,-0.278953,-0.117891,0.478831
1790937259.791223,1790937260.221101,2.800549,5.131618,0.867096,-0.014773,-0.039431,0.003663,0.999106,-1.713,-4.513,0.488,0.074795,-0.005866,-0.011556,-0.192664,-0.113631,0.393606
1790937259.824570,1790937260.256640,2.797275,5.131044,0.866517,-0.016713,-0.041957,0.007819,0.998949,-1.958,-4.794,0.979,0.060533,-0.031400,-0.016079,-0.008367,-0.177560,0.089994
1790937259.857917,1790937260.290907,2.801146,5.129971,0.865829,-0.016330,-0.044092,0.008192,0.998860,-1.918,-5.038,1.024,0.042781,-0.038864,-0.046173,0.043829,-0.018828,-0.008009
1790937259.891264,1790937260.320242,2.799278,5.128653,0.863588,-0.015051,-0.042751,0.008637,0.998935,-1.772,-4.885,1.066,0.018029,-0.031157,-0.076205,0.136510,0.182502,0.056974
1790937259.924612,1790937260.342523,2.799950,5.127611,0.860998,-0.012703,-0.039452,0.009542,0.999095,-1.502,-4.507,1.154,0.005884,-0.026108,-0.084527,0.125858,0.185698,0.023950
1790937259.957959,1790937260.361409,2.800139,5.126878,0.858072,-0.011414,-0.036634,0.009640,0.999217,-1.351,-4.186,1.155,-0.004782,-0.015976,-0.092472,0.023589,0.158001,-0.004810
1790937259.991305,1790937260.382267,2.800003,5.126546,0.854835,-0.011836,-0.033976,0.009601,0.999306,-1.396,-3.881,1.148,-0.010482,-0.002116,-0.099762,-0.042458,0.166523,-0.002678
1790937260.024652,1790937260.402679,2.799909,5.126619,0.851512,-0.012100,-0.031121,0.009232,0.999400,-1.422,-3.554,1.103,-0.000112,0.007098,-0.096274,0.027851,0.171848,-0.050617
1790937260.058000,1790937260.423402,2.800289,5.127048,0.848486,-0.011240,-0.028297,0.008197,0.999503,-1.316,-3.232,0.977,0.020227,0.016748,-0.083684,0.071527,0.158000,-0.054876
1790937260.091347,1790937260.458149,2.801261,5.127906,0.845994,-0.010200,-0.025844,0.007917,0.999583,-1.193,-2.952,0.938,0.042207,0.031737,-0.065037,0.048090,0.128170,0.035673
1790937260.124695,1790937260.490001,2.799126,5.129225,0.844016,-0.009589,-0.024139,0.008962,0.999622,-1.125,-2.756,1.054,0.061325,0.043761,-0.041287,0.037436,0.086611,0.069771
1790937260.158038,1790937260.518970,2.801683,5.130880,0.843074,-0.008980,-0.022985,0.010462,0.999641,-1.057,-2.623,1.223,0.079292,0.056166,-0.020586,0.038501,0.056783,0.131555
1790937260.191378,1790937260.551373,2.804341,5.133040,0.842816,-0.008401,-0.021937,0.013119,0.999638,-0.996,-2.501,1.526,0.093582,0.061702,0.002334,0.050219,0.054654,0.163516
1790937260.224718,1790937260.581462,2.807373,5.135316,0.843407,-0.007089,-0.021508,0.015487,0.999624,-0.851,-2.452,1.793,0.106361,0.056887,0.026762,0.101353,-0.012460,0.107055
1790937260.258059,1790937260.610843,2.810556,5.137573,0.844689,-0.005410,-0.022116,0.017092,0.999595,-0.664,-2.524,1.974,0.109452,0.052605,0.043466,0.103483,-0.071051,0.075097
1790937260.291399,1790937260.644034,2.813687,5.139574,0.846506,-0.003708,-0.023804,0.017892,0.999550,-0.474,-2.720,2.062,0.109761,0.041096,0.059291,0.113069,-0.153078,-0.000538
1790937260.324739,1790937260.680192,2.812658,5.141865,0.848520,-0.001660,-0.027121,0.017764,0.999473,-0.246,-3.104,2.043,0.103161,0.032220,0.067030,0.133308,-0.227660,-0.026087
1790937260.358080,1790937260.704186,2.816854,5.142940,0.850988,0.001006,-0.030904,0.017045,0.999376,0.055,-3.543,1.953,0.101927,0.020584,0.068845,0.176984,-0.226592,-0.077226
1790937260.391420,1790937260.725124,2.819866,5.143826,0.853469,0.004132,-0.034508,0.015463,0.999276,0.413,-3.962,1.759,0.097999,0.011918,0.067171,0.169527,-0.205287,-0.115575
1790937260.424760,1790937260.758159,2.822672,5.144515,0.855906,0.006711,-0.037798,0.013788,0.999168,0.711,-4.343,1.554,0.091911,0.010928,0.066449,0.117327,-0.195699,-0.075093
1790937260.458100,1790937260.783041,2.822140,5.146301,0.857972,0.008467,-0.040988,0.013247,0.999036,0.910,-4.710,1.482,0.083653,0.013642,0.057450,0.087493,-0.168011,-0.006895
1790937260.491440,1790937260.804615,2.825014,5.146565,0.859886,0.009914,-0.043272,0.013428,0.998924,1.072,-4.975,1.494,0.079173,0.010952,0.038965,0.070449,-0.092373,0.018667
1790937260.524781,1790937260.825118,2.827368,5.146960,0.861096,0.010817,-0.044159,0.013960,0.998868,1.172,-5.079,1.549,0.073149,0.005972,0.020181,0.038490,-0.023130,0.032516
1790937260.558121,1790937260.846277,2.829464,5.147215,0.861752,0.011402,-0.044411,0.014255,0.998847,1.238,-5.109,1.580,0.065029,-0.001004,0.007435,0.036360,-0.008218,0.000558
1790937260.591461,1790937260.867202,2.831284,5.147315,0.862000,0.012017,-0.044174,0.014350,0.998848,1.308,-5.083,1.588,0.057090,-0.003916,-0.000478,0.048078,0.035458,0.009081
1790937260.624801,1790937260.888224,2.832961,5.147349,0.862146,0.013011,-0.043567,0.014496,0.998861,1.422,-5.015,1.601,0.056843,-0.004774,0.001142,0.078970,0.028000,0.001623
1790937260.658142,1790937260.908813,2.834696,5.147372,0.862333,0.014163,-0.043123,0.014448,0.998865,1.556,-4.966,1.590,0.061106,-0.002532,0.000897,0.043815,0.030130,-0.007962
1790937260.691482,1790937260.928272,2.836592,5.147511,0.862413,0.014439,-0.042606,0.014509,0.998882,1.588,-4.907,1.596,0.065565,0.002569,-0.005177,-0.008383,0.029065,0.010146
1790937260.724823,1790937260.949271,2.838617,5.147876,0.862386,0.014787,-0.042637,0.014448,0.998877,1.628,-4.911,1.588,0.069467,0.003209,-0.006361,0.049141,-0.049766,-0.025006
1790937260.758163,1790937260.969508,2.840656,5.148443,0.862207,0.015357,-0.043886,0.014016,0.998820,1.694,-5.054,1.533,0.069747,0.010426,-0.016725,0.009724,-0.073203,0.001625
1790937260.791503,1790937260.990109,2.842779,5.149169,0.861546,0.015241,-0.044315,0.014604,0.998795,1.677,-5.104,1.601,0.071383,0.018903,-0.035102,0.004398,0.043978,0.065542
1790937260.824843,1790937261.012980,2.844924,5.150101,0.860402,0.015080,-0.042492,0.015910,0.998856,1.655,-4.897,1.754,0.071642,0.024197,-0.046655,-0.035017,0.177138,0.090045
1790937260.858183,1790937261.034698,2.846992,5.151392,0.859119,0.014344,-0.039073,0.017231,0.998985,1.570,-4.506,1.915,0.075227,0.023216,-0.041979,-0.042476,0.227206,0.031455
1790937260.891523,1790937261.055130,2.849250,5.152736,0.858162,0.013935,-0.035525,0.016480,0.999136,1.532,-4.097,1.835,0.085768,0.010448,-0.026378,-0.006257,0.185658,-0.146446
1790937260.924863,1790937261.076136,2.852062,5.153863,0.857603,0.013922,-0.033101,0.012732,0.999274,1.549,-3.813,1.408,0.097918,-0.004108,-0.013475,-0.003064,0.082324,-0.309435
1790937260.958203,1790937261.095609,2.855106,5.154400,0.857316,0.013915,-0.032473,0.006032,0.999358,1.575,-3.731,0.640,0.114469,-0.021950,-0.014165,-0.029698,-0.010354,-0.510774
1790937260.991544,1790937261.120780,2.858783,5.154333,0.856794,0.013295,-0.032551,-0.003707,0.999375,1.540,-3.725,-0.475,0.134522,-0.035020,-0.026922,-0.080835,-0.014614,-0.666304
1790937261.024884,1790937261.153583,2.863173,5.153629,0.855922,0.012460,-0.032772,-0.015983,0.999257,1.490,-3.732,-1.881,0.155433,-0.045107,-0.036202,-0.058465,-0.031659,-0.805856
1790937261.058224,1790937261.195467,2.859670,5.154707,0.854222,0.011563,-0.033480,-0.029810,0.998928,1.441,-3.796,-3.466,0.161873,-0.040648,-0.041917,-0.105344,-0.056177,-0.825004
1790937261.091564,1790937261.247606,2.862090,5.155008,0.852534,-0.009869,0.034097,0.042490,-0.998466,1.298,-3.856,-4.917,0.167712,-0.024246,-0.042431,-0.116001,-0.035939,-0.686488
1790937261.124905,1790937261.293104,2.864813,5.154924,0.851167,-0.008440,0.034505,0.053069,-0.997959,1.178,-3.898,-6.128,0.165079,-0.013320,-0.035986,-0.091503,-0.028485,-0.615090
1790937261.158244,1790937261.317695,2.868999,5.154399,0.850181,-0.007259,0.034386,0.063890,-0.997338,1.084,-3.880,-7.368,0.155329,-0.013696,-0.027634,-0.111744,0.042889,-0.710938
1790937261.191583,1790937261.354556,2.874227,5.153272,0.849885,-0.006201,0.033163,0.076473,-0.996501,1.001,-3.735,-8.809,0.148090,-0.019724,-0.011503,-0.055283,0.066325,-0.819601
1790937261.224923,1790937261.399534,2.877342,5.152012,0.849805,-0.006037,0.032511,0.091666,-0.995241,1.032,-3.647,-10.557,0.136833,-0.036725,0.006801,-0.033978,-0.016767,-1.037970
1790937261.258262,1790937261.446423,2.881668,5.150061,0.850125,-0.005926,0.032914,0.110613,-0.993301,1.094,-3.674,-12.744,0.121849,-0.046278,0.013249,-0.058477,-0.030608,-1.243565
1790937261.291601,1790937261.487053,2.885199,5.147776,0.850577,-0.005263,0.032267,0.131953,-0.990717,1.088,-3.586,-15.207,0.118039,-0.049158,0.010235,-0.118133,0.073794,-1.328781
1790937261.324939,1790937261.530532,2.887836,5.145172,0.851008,-0.004008,0.030545,0.153784,-0.987624,0.994,-3.388,-17.730,0.113123,-0.049746,0.014167,-0.133046,0.046099,-1.295752
1790937261.358278,1790937261.574243,2.890483,5.142559,0.851696,-0.002497,0.030635,0.174326,-0.984208,0.895,-3.407,-20.115,0.106369,-0.047038,0.018183,-0.114937,-0.115823,-1.193481
1790937261.391617,1790937261.623479,2.892775,5.139882,0.852336,-0.000902,0.032724,0.193194,-0.980614,0.828,-3.660,-22.317,0.098874,-0.044505,0.010411,-0.094695,-0.165890,-1.108256
1790937261.424956,1790937261.662955,2.894835,5.137277,0.852547,0.000299,0.034695,0.210936,-0.976884,0.807,-3.894,-24.397,0.091141,-0.044264,-0.005939,-0.063800,-0.097708,-1.064576
1790937261.458295,1790937261.710302,2.896548,5.134713,0.852226,0.000984,0.035319,0.228005,-0.973019,0.815,-3.967,-26.404,0.082649,-0.045402,-0.019420,-0.082976,-0.017809,-1.030487
1790937261.491634,1790937261.753536,2.897972,5.131942,0.851609,0.001533,0.035073,0.244720,-0.968958,0.815,-3.940,-28.376,0.075164,-0.053721,-0.021698,-0.040362,0.003497,-1.040074
1790937261.524973,1790937261.794047,2.899003,5.128854,0.851074,0.001316,0.035119,0.262039,-0.964417,0.911,-3.924,-30.433,0.071239,-0.068619,-0.015411,-0.017989,-0.026326,-1.112515
1790937261.558312,1790937261.830789,2.899444,5.125350,0.850659,0.001058,0.035339,0.280784,-0.959120,1.023,-3.921,-32.670,0.062789,-0.085530,-0.014463,-0.027575,-0.012475,-1.241417
1790937261.591651,1790937261.871746,2.899220,5.121598,0.850216,0.000919,0.035272,0.301465,-0.952824,1.121,-3.886,-35.152,0.051540,-0.102212,-0.012227,-0.042488,-0.001820,-1.346883
1790937261.624990,1790937261.912974,2.898099,5.117478,0.849951,0.000557,0.035151,0.322895,-0.945782,1.243,-3.833,-37.742,0.040626,-0.115784,-0.000682,-0.023309,-0.012470,-1.335165
1790937261.658329,1790937261.959541,2.896345,5.113450,0.850123,0.000497,0.035697,0.343127,-0.938610,1.353,-3.862,-40.207,0.032186,-0.124109,0.014830,-0.035025,-0.091298,-1.220115
1790937261.691668,1790937261.999124,2.894065,5.109424,0.850716,0.000774,0.037365,0.361542,-0.931607,1.469,-4.024,-42.473,0.026470,-0.134658,0.022608,-0.009456,-0.137103,-1.148742
1790937261.725007,1790937262.044805,2.891226,5.105370,0.851254,0.000874,0.039129,0.379120,-0.924519,1.612,-4.187,-44.653,0.019042,-0.147728,0.015236,-0.006258,-0.092357,-1.122109
1790937261.758345,1790937262.086064,2.887683,5.101282,0.851475,0.000479,0.040019,0.395947,-0.917401,1.771,-4.233,-46.755,0.007595,-0.155824,0.007901,0.012917,-0.027373,-1.043278
1790937261.791684,1790937262.127787,2.883691,5.097555,0.851414,-0.000424,0.040160,0.411093,-0.910708,1.942,-4.175,-48.660,-0.004603,-0.160863,0.000571,0.006527,0.028023,-0.943141
1790937261.825023,1790937262.164977,2.879205,5.094029,0.851071,-0.001488,0.039213,0.424905,-0.904387,2.069,-3.995,-50.403,-0.011235,-0.170974,-0.003653,-0.011579,0.089815,-0.886683
1790937261.858362,1790937262.211925,2.874173,5.090361,0.850804,-0.002295,0.037592,0.438098,-0.898138,2.128,-3.756,-52.075,-0.005686,-0.185570,0.007063,-0.047798,0.059990,-0.856855
1790937261.891701,1790937262.256832,2.868838,5.086395,0.850974,-0.002201,0.036772,0.450346,-0.892094,2.127,-3.648,-53.639,0.003314,-0.196937,0.019578,-0.050992,-0.013511,-0.763111
1790937261.925040,1790937262.302930,2.863248,5.082113,0.851328,-0.001690,0.036437,0.461026,-0.886636,2.101,-3.615,-55.013,0.010703,-0.206997,0.017332,-0.074427,0.005666,-0.682149
1790937261.958379,1790937262.351486,2.857330,5.077498,0.851577,-0.001395,0.035587,0.471339,-0.881233,2.067,-3.521,-56.345,0.018494,-0.224947,0.017055,-0.031814,0.022713,-0.734352
1790937261.991718,1790937262.391716,2.850965,5.072509,0.852036,-0.001585,0.035574,0.482560,-0.875139,2.131,-3.482,-57.810,0.027401,-0.240058,0.029043,0.010798,-0.057181,-0.802531
1790937262.025057,1790937262.429272,2.844274,5.067283,0.852869,-0.001555,0.036847,0.494286,-0.868517,2.247,-3.581,-59.360,0.031621,-0.244178,0.036691,-0.004113,-0.095529,-0.794010
1790937262.058396,1790937262.470110,2.837477,5.062279,0.853769,-0.001176,0.037598,0.505270,-0.862141,2.298,-3.649,-60.819,0.031307,-0.241381,0.035379,-0.016897,-0.016695,-0.715180
1790937262.091735,1790937262.516901,2.833370,5.054665,0.854837,-0.001866,0.036876,0.515208,-0.856269,2.365,-3.510,-62.142,0.053129,-0.236068,0.033805,-0.007295,0.047231,-0.667228
1790937262.125073,1790937262.563412,2.824636,5.051742,0.855523,-0.002177,0.036181,0.524876,-0.850406,2.393,-3.397,-63.437,0.053712,-0.241552,0.036081,-0.042463,0.031248,-0.721569
1790937262.158413,1790937262.616763,2.817571,5.046535,0.856597,-0.001920,0.036539,0.536008,-0.843420,2.435,-3.415,-64.946,0.062422,-0.246784,0.048970,0.001215,-0.157306,-0.846213
1790937262.191752,1790937262.658984,2.810622,5.041140,0.858181,-0.000355,0.040155,0.547994,-0.835518,2.562,-3.825,-66.605,0.066671,-0.242237,0.059916,0.012932,-0.339468,-0.848346
1790937262.225092,1790937262.703152,2.804035,5.035908,0.859719,0.002023,0.044768,0.559409,-0.827679,2.687,-4.380,-68.210,0.064218,-0.226889,0.043661,-0.011567,-0.277678,-0.791886
1790937262.258432,1790937262.756087,2.797391,5.031360,0.860456,0.003072,0.046851,0.569711,-0.820503,2.780,-4.611,-69.660,0.059200,-0.207624,0.018463,0.001217,-0.018808,-0.705599
1790937262.291772,1790937262.798171,2.791790,5.027032,0.860653,0.002190,0.046319,0.578418,-0.814422,2.876,-4.472,-70.878,0.061194,-0.180259,0.009525,-0.007305,0.066418,-0.554327
1790937262.325112,1790937262.842914,2.786812,5.023056,0.860815,0.001776,0.045316,0.584989,-0.809772,2.882,-4.328,-71.799,0.061156,-0.153028,0.012270,-0.076548,0.020612,-0.411578
1790937262.358452,1790937262.886539,2.782264,5.019682,0.861067,0.003060,0.044301,0.589855,-0.806287,2.720,-4.304,-72.478,0.049780,-0.131093,0.011436,-0.139397,-0.023061,-0.312509
1790937262.391792,1790937262.929622,2.778720,5.017085,0.861287,0.004886,0.043382,0.594244,-0.803099,2.512,-4.329,-73.093,0.042454,-0.117111,0.005689,-0.112766,-0.025193,-0.350860
1790937262.425132,1790937262.965545,2.774903,5.014267,0.861279,0.005983,0.042787,0.599843,-0.798950,2.401,-4.333,-73.888,0.041292,-0.115056,0.002401,-0.075479,-0.015603,-0.477631
1790937262.458472,1790937263.006564,2.772127,5.011786,0.861336,0.007077,0.042321,0.606411,-0.793993,2.304,-4.347,-74.829,0.040265,-0.102948,0.003249,-0.110633,-0.060345,-0.488282
1790937262.491811,1790937263.046193,2.768433,5.009385,0.861336,0.009473,0.042114,0.612825,-0.789039,2.108,-4.478,-75.753,0.038619,-0.090847,0.003011,-0.187334,-0.107216,-0.462718
1790937262.525151,1790937263.090931,2.766161,5.007665,0.861285,0.013278,0.040975,0.618625,-0.784505,1.717,-4.630,-76.585,0.027458,-0.068851,-0.007373,-0.294930,-0.059278,-0.401996
1790937262.558491,1790937263.126564,2.763675,5.005726,0.860851,0.016609,0.038484,0.624231,-0.780115,1.272,-4.633,-77.384,0.017834,-0.057544,-0.011988,-0.221422,0.017425,-0.453132
1790937262.591831,1790937263.168101,2.762081,5.005013,0.860494,0.018386,0.035945,0.630682,-0.774990,0.968,-4.526,-78.315,0.006603,-0.047653,-0.009977,-0.172419,0.077080,-0.512789
1790937262.625171,1790937263.201035,2.759982,5.003918,0.860102,0.019051,0.033088,0.637114,-0.769823,0.737,-4.314,-79.251,-0.004207,-0.032001,-0.007792,-0.158568,0.134608,-0.443545
1790937262.658510,1790937263.240505,2.759220,5.004175,0.859823,0.018828,0.029269,0.642387,-0.765590,0.504,-3.957,-80.016,-0.016798,-0.014191,-0.008737,-0.143654,0.246464,-0.363647
1790937262.691850,1790937263.273449,2.758198,5.003868,0.859430,0.017112,0.024524,0.646916,-0.761975,0.324,-3.412,-80.672,-0.021653,-0.001955,-0.008097,-0.085061,0.296535,-0.332753
1790937262.725190,1790937263.314873,2.758340,5.004685,0.859221,0.014915,0.020641,0.651325,-0.758372,0.245,-2.908,-81.321,-0.022330,0.010608,-0.001306,-0.044580,0.188939,-0.364711
1790937262.758529,1790937263.346955,2.758098,5.004481,0.859325,0.014076,0.019373,0.656110,-0.754285,0.240,-2.734,-82.042,-0.012531,0.023836,0.010512,-0.026467,-0.037965,-0.375364
1790937262.791869,1790937263.387716,2.759180,5.004999,0.859642,0.015374,0.020192,0.660763,-0.750166,0.208,-2.901,-82.754,-0.005547,0.043486,0.006258,-0.055230,-0.111471,-0.368972
1790937262.825209,1790937263.426903,2.760203,5.004446,0.859486,0.016956,0.020438,0.665459,-0.745961,0.109,-3.041,-83.474,0.002496,0.058032,-0.011291,-0.065882,-0.025178,-0.390276
1790937262.858549,1790937263.465071,2.762337,5.004516,0.858824,0.017534,0.019824,0.670386,-0.741541,0.033,-3.033,-84.231,0.008464,0.070032,-0.028088,-0.059491,0.022758,-0.381754
1790937262.891889,1790937263.496012,2.764414,5.003691,0.857692,0.018181,0.018982,0.674596,-0.737719,-0.070,-3.011,-84.880,0.007238,0.086834,-0.033011,-0.091448,-0.007067,-0.294399
1790937262.925229,1790937263.528943,2.767432,5.003739,0.856573,0.019140,0.017718,0.678248,-0.734370,-0.234,-2.980,-85.444,0.007323,0.090376,-0.035559,-0.075468,0.080288,-0.348729
1790937262.958569,1790937263.560157,2.770025,5.002952,0.855257,0.017594,0.015618,0.683539,-0.729535,-0.248,-2.685,-86.266,0.014251,0.082478,-0.038757,0.010820,0.240086,-0.508520
1790937262.991909,1790937263.596498,2.772949,5.002556,0.854201,0.014817,0.012671,0.689639,-0.723891,-0.228,-2.223,-87.219,0.019071,0.087335,-0.021582,-0.036052,0.197472,-0.443539
1790937263.025249,1790937263.627898,2.775813,5.001587,0.853921,0.014314,0.011159,0.694096,-0.719653,-0.293,-2.059,-87.923,0.025571,0.091246,0.005719,-0.065879,-0.056063,-0.300786
1790937263.058588,1790937263.660650,2.778833,5.000843,0.854367,0.016422,0.012287,0.697735,-0.716062,-0.365,-2.322,-88.507,0.030467,0.081778,0.015848,-0.032854,-0.205205,-0.341268
1790937263.091927,1790937263.691532,2.781594,4.999395,0.854661,0.019458,0.013636,0.701785,-0.711992,-0.492,-2.678,-89.161,0.033063,0.080440,0.001289,-0.132992,-0.128500,-0.311438
1790937263.125267,1790937263.726638,2.784398,4.998215,0.854496,0.021766,0.012454,0.704571,-0.709190,-0.764,-2.771,-89.607,0.035014,0.087357,-0.011171,-0.162821,0.035553,-0.138860
1790937263.158608,1790937263.757828,2.787441,4.996713,0.854090,0.022608,0.010003,0.705687,-0.708092,-1.027,-2.641,-89.781,0.041397,0.085308,-0.007928,-0.106359,0.079234,-0.060024
1790937263.191948,1790937263.780534,2.790228,4.995351,0.854003,0.022935,0.008339,0.706413,-0.707379,-1.185,-2.533,-89.896,0.045828,0.077683,0.001121,-0.072270,0.021707,-0.054697
1790937263.225290,1790937263.801914,2.792799,4.993672,0.854182,0.023238,0.007981,0.707133,-0.706653,-1.236,-2.530,-90.012,0.052134,0.070655,0.007259,0.028931,-0.001729,-0.081331
1790937263.258630,1790937263.825512,2.795113,4.991683,0.854449,0.022239,0.008566,0.708432,-0.705376,-1.103,-2.499,-90.224,0.062024,0.061603,0.005015,0.106698,0.045143,-0.147379
1790937263.291971,1790937263.847126,2.797485,4.989356,0.854571,0.020036,0.009512,0.710359,-0.703490,-0.842,-2.398,-90.539,0.071428,0.062499,-0.002236,0.122678,0.055797,-0.152704
1790937263.325312,1790937263.880853,2.799944,4.986615,0.854498,0.018731,0.010210,0.711526,-0.702336,-0.676,-2.350,-90.731,0.084410,0.071112,-0.006227,0.042781,-0.026229,-0.035523
1790937263.358653,1790937263.915399,2.802623,4.983116,0.854207,0.019103,0.011396,0.711611,-0.702221,-0.609,-2.476,-90.748,0.101493,0.072959,-0.014324,-0.000894,-0.108253,0.010286
1790937263.391994,1790937263.942948,2.805621,4.979147,0.853612,0.020824,0.011832,0.711345,-0.702435,-0.713,-2.651,-90.706,0.111007,0.070812,-0.031390,-0.083987,-0.060315,0.016676
1790937263.425335,1790937263.969383,2.807896,4.974997,0.852499,0.021766,0.011247,0.711298,-0.702463,-0.836,-2.680,-90.697,0.121076,0.063528,-0.044042,-0.043506,0.037690,0.004958
1790937263.458676,1790937263.994914,2.809898,4.970558,0.851133,0.021416,0.009677,0.710991,-0.702808,-0.937,-2.525,-90.643,0.131852,0.056301,-0.045585,-0.069074,0.137828,0.068877
1790937263.492017,1790937264.018897,2.811611,4.965657,0.849963,0.020196,0.006827,0.709993,-0.703886,-1.074,-2.194,-90.474,0.151776,0.044256,-0.033197,-0.047768,0.180438,0.097639
1790937263.525357,1790937264.045342,2.812860,4.959886,0.849414,0.019011,0.004962,0.708992,-0.704943,-1.133,-1.946,-90.309,0.175633,0.027805,-0.010519,-0.028593,0.043016,0.074201
1790937263.558698,1790937264.070885,2.813666,4.953507,0.849489,0.019889,0.004648,0.708247,-0.705670,-1.232,-1.990,-90.187,0.197104,0.015737,-0.000555,-0.068009,-0.089080,0.048636
1790937263.592039,1790937264.096048,2.813979,4.946367,0.849625,0.021781,0.005097,0.707912,-0.705946,-1.350,-2.180,-90.134,0.220444,0.003770,-0.008006,-0.046702,-0.091211,0.000697
1790937263.625380,1790937264.123180,2.813828,4.938390,0.849482,0.022936,0.005514,0.707907,-0.705912,-1.409,-2.307,-90.133,0.245739,-0.001805,-0.019072,-0.014744,-0.041142,0.006024
1790937263.658721,1790937264.150275,2.813494,4.929600,0.849089,0.023285,0.005889,0.707662,-0.706143,-1.408,-2.365,-90.094,0.273190,-0.002802,-0.025159,0.021474,-0.020902,0.035851
1790937263.692061,1790937264.177041,2.813376,4.919752,0.848666,0.022922,0.006369,0.706938,-0.706875,-1.342,-2.373,-89.977,0.301567,0.000419,-0.024388,0.054499,0.002534,0.090182
1790937263.725403,1790937264.203287,2.813516,4.909001,0.848370,0.022118,0.007055,0.705715,-0.708115,-1.225,-2.362,-89.780,0.330796,0.003806,-0.019678,0.068348,-0.004924,0.109358
1790937263.758744,1790937264.230254,2.813597,4.897661,0.848328,0.021596,0.008082,0.704457,-0.709372,-1.104,-2.401,-89.579,0.360166,0.005440,-0.010920,0.061954,-0.057122,0.106162
1790937263.792084,1790937264.256388,2.813945,4.885106,0.848669,0.022057,0.009822,0.702997,-0.710783,-1.006,-2.578,-89.346,0.388269,0.006861,-0.002586,0.052367,-0.139151,0.142381
1790937263.825425,1790937264.293115,2.814245,4.871651,0.849240,0.023382,0.012102,0.701236,-0.712443,-0.938,-2.868,-89.068,0.413940,0.001864,-0.003185,0.039585,-0.150869,0.138121
1790937263.858766,1790937264.325137,2.814824,4.854879,0.849700,0.023980,0.014204,0.700026,-0.713573,-0.823,-3.087,-88.880,0.441971,-0.014311,-0.009595,0.087522,-0.080556,0.026267
1790937263.892107,1790937264.352267,2.814392,4.840138,0.850135,0.023587,0.015861,0.700504,-0.713082,-0.655,-3.191,-88.962,0.458160,-0.028482,-0.013628,0.073674,-0.030488,-0.094111
1790937263.925448,1790937264.379965,2.813588,4.824746,0.850657,0.023272,0.016515,0.701452,-0.712145,-0.573,-3.220,-89.117,0.468327,-0.030164,-0.004535,0.027866,-0.016639,-0.052565
1790937263.958789,1790937264.406878,2.812664,4.809217,0.851660,0.022859,0.018000,0.701783,-0.711796,-0.418,-3.308,-89.176,0.474357,-0.032058,0.010681,0.134396,-0.079491,0.002830
1790937263.992129,1790937264.433604,2.811676,4.793721,0.853105,0.022174,0.020912,0.701010,-0.712500,-0.131,-3.491,-89.064,0.473668,-0.032962,0.019889,0.166354,-0.100796,0.129600
1790937264.025470,1790937264.460012,2.810679,4.778052,0.854833,0.021071,0.023421,0.698934,-0.714492,0.151,-3.608,-88.743,0.472623,-0.041424,0.023851,0.161027,0.002536,0.177537
1790937264.058810,1790937264.487212,2.809728,4.762403,0.856640,0.018636,0.024732,0.697068,-0.716336,0.447,-3.521,-88.452,0.470835,-0.053075,0.025497,0.155700,0.090954,0.112555
1790937264.092151,1790937264.524027,2.808638,4.746662,0.858473,0.016670,0.024536,0.696147,-0.717286,0.588,-3.348,-88.304,0.475781,-0.058680,0.028900,-0.017941,0.063257,0.044375
1790937264.125492,1790937264.559904,2.806711,4.729069,0.860432,0.017658,0.023760,0.695614,-0.717805,0.442,-3.364,-88.214,0.483901,-0.058172,0.031991,-0.109557,-0.086949,0.057159
1790937264.158832,1790937264.596656,2.805587,4.712264,0.862284,0.020175,0.023874,0.694861,-0.718465,0.240,-3.574,-88.094,0.491221,-0.054195,0.018146,-0.102101,-0.115713,0.065681
1790937264.192172,1790937264.634235,2.804424,4.695674,0.863548,0.022529,0.024075,0.694116,-0.719107,0.059,-3.779,-87.976,0.497576,-0.045398,-0.006092,-0.076533,-0.101863,0.068879
1790937264.225511,1790937264.670418,2.803639,4.679032,0.863995,0.024666,0.024463,0.692888,-0.720208,-0.094,-3.981,-87.782,0.496241,-0.030321,-0.035211,-0.066944,-0.096537,0.154102
1790937264.258851,1790937264.707731,2.803330,4.662551,0.863585,0.026056,0.024593,0.690528,-0.722418,-0.211,-4.101,-87.407,0.491044,-0.017466,-0.056630,-0.027530,-0.009183,0.243587
1790937264.292190,1790937264.744093,2.803658,4.646148,0.862796,0.025592,0.024098,0.687346,-0.725479,-0.230,-4.022,-86.900,0.487254,-0.008063,-0.058835,0.043844,0.088824,0.286199
1790937264.325530,1790937264.784491,2.805118,4.629700,0.862204,0.023717,0.023022,0.683670,-0.729043,-0.178,-3.784,-86.315,0.485790,0.002880,-0.042307,0.022537,0.153806,0.323485
1790937264.358869,1790937264.826500,2.805625,4.611938,0.862319,0.022090,0.020858,0.679969,-0.732611,-0.230,-3.474,-85.725,0.491296,0.004759,-0.015906,-0.039248,0.152740,0.258501
1790937264.392208,1790937264.868938,2.807309,4.595265,0.863246,0.021683,0.018928,0.677431,-0.735023,-0.358,-3.279,-85.320,0.498330,0.005140,0.012505,-0.065881,0.021708,0.161561
1790937264.425547,1790937264.908587,2.808504,4.577441,0.864866,0.023594,0.018689,0.675889,-0.736388,-0.544,-3.406,-85.078,0.504089,0.006873,0.016445,-0.137255,-0.147674,0.084860
1790937264.458886,1790937264.941316,2.810308,4.560245,0.866137,0.027099,0.019143,0.675235,-0.736856,-0.809,-3.716,-84.976,0.511539,0.008615,-0.004146,-0.108492,-0.158326,0.015616
1790937264.492225,1790937264.974587,2.812128,4.543015,0.866624,0.029457,0.019566,0.675273,-0.736719,-0.975,-3.934,-84.983,0.521561,0.011461,-0.036733,-0.081858,-0.052863,-0.035517
1790937264.525565,1790937265.009767,2.813657,4.525602,0.866109,0.030223,0.018866,0.676208,-0.735848,-1.089,-3.936,-85.126,0.532759,0.012795,-0.064626,-0.034985,0.044078,-0.122871
1790937264.558904,1790937265.046612,2.815567,4.507653,0.864897,0.029884,0.018087,0.678051,-0.734184,-1.111,-3.846,-85.410,0.546433,0.017963,-0.077555,-0.027529,0.033425,-0.160156
1790937264.592243,1790937265.082897,2.817700,4.488944,0.863631,0.030468,0.017928,0.679763,-0.732579,-1.164,-3.881,-85.677,0.574585,0.026105,-0.069988,-0.040312,-0.079494,-0.118610
1790937264.625582,1790937265.118648,2.820071,4.469340,0.862892,0.032510,0.019424,0.680854,-0.731439,-1.213,-4.168,-85.853,0.598800,0.038412,-0.056636,-0.060552,-0.207329,-0.058953
1790937264.658922,1790937265.155496,2.822868,4.449193,0.862663,0.036047,0.020846,0.681082,-0.731023,-1.397,-4.564,-85.893,0.608084,0.047569,-0.045917,-0.107425,-0.171110,0.003898
1790937264.692261,1790937265.190567,2.825763,4.429048,0.863081,0.038071,0.021476,0.681313,-0.730686,-1.516,-4.776,-85.931,0.603349,0.044608,-0.023042,-0.013679,-0.046469,-0.073866
1790937264.725600,1790937265.226955,2.829612,4.408888,0.864543,0.037817,0.021966,0.682961,-0.729144,-1.446,-4.801,-86.193,0.605984,0.042013,0.012614,0.050233,0.009989,-0.178262
1790937264.758940,1790937265.263155,2.830494,4.387521,0.867226,0.037647,0.022687,0.685030,-0.727187,-1.361,-4.852,-86.523,0.612707,0.044806,0.043992,-0.005158,-0.091212,-0.165478
1790937264.792279,1790937265.296111,2.833176,4.367344,0.870552,0.040032,0.024693,0.687156,-0.724986,-1.387,-5.211,-86.868,0.602153,0.045502,0.047160,-0.027529,-0.265921,-0.221940
1790937264.825619,1790937265.330361,2.835636,4.347717,0.873620,0.042426,0.027714,0.690039,-0.721996,-1.325,-5.657,-87.342,0.585831,0.046807,0.025968,0.053433,-0.124235,-0.261354
1790937264.858957,1790937265.370478,2.838745,4.328333,0.876008,0.041739,0.029555,0.692745,-0.719367,-1.100,-5.759,-87.785,0.579504,0.057023,0.006797,0.125871,0.014252,-0.183585
1790937264.892296,1790937265.414149,2.839465,4.308375,0.878150,0.040654,0.030983,0.694214,-0.717952,-0.884,-5.793,-88.029,0.584377,0.068425,0.004285,0.065153,-0.075232,-0.067467
1790937264.925635,1790937265.449309,2.842798,4.288510,0.880260,0.042304,0.033206,0.694115,-0.717852,-0.843,-6.108,-88.029,0.584262,0.075049,-0.001423,-0.011547,-0.243550,0.051843
1790937264.958974,1790937265.483158,2.845775,4.269168,0.881808,0.045091,0.036120,0.693590,-0.718049,-0.845,-6.570,-87.966,0.572172,0.062489,-0.036679,0.035323,-0.191351,-0.029117
1790937264.992313,1790937265.518115,2.848031,4.250213,0.881971,0.045235,0.037752,0.694757,-0.716827,-0.715,-6.718,-88.167,0.555630,0.038798,-0.081935,0.061955,0.060059,-0.173998
1790937265.025653,1790937265.559446,2.849510,4.231756,0.880951,0.042545,0.036782,0.697156,-0.714710,-0.549,-6.425,-88.544,0.536078,0.018022,-0.097420,0.075804,0.213461,-0.191043
1790937265.058992,1790937265.597743,2.848720,4.213366,0.880057,0.039139,0.035692,0.699297,-0.712866,-0.339,-6.063,-88.881,0.525732,-0.002592,-0.078957,0.065154,0.166587,-0.148431
1790937265.092331,1790937265.631660,2.849635,4.195325,0.879644,0.036834,0.034630,0.700829,-0.711535,-0.223,-5.792,-89.120,0.528354,-0.011137,-0.054174,0.024673,0.106930,-0.089842
1790937265.125670,1790937265.670839,2.849821,4.177309,0.879941,0.035886,0.033997,0.701590,-0.710864,-0.191,-5.664,-89.238,0.536168,-0.015189,-0.035281,-0.006221,0.022771,-0.040837
1790937265.159009,1790937265.717356,2.848734,4.158935,0.880749,0.036224,0.034084,0.701916,-0.710521,-0.209,-5.698,-89.291,0.544317,-0.019552,-0.027389,-0.025396,-0.065648,-0.003551
1790937265.192348,1790937265.751902,2.848654,4.139364,0.881599,0.037803,0.034735,0.701398,-0.710918,-0.289,-5.878,-89.213,0.553256,-0.018609,-0.038326,-0.046703,-0.116783,0.098715
1790937265.225687,1790937265.787043,2.848450,4.120762,0.881854,0.039475,0.035332,0.699637,-0.712531,-0.393,-6.061,-88.933,0.560176,-0.022123,-0.067201,-0.015810,-0.048604,0.178612
1790937265.259026,1790937265.819766,2.848297,4.101548,0.881266,0.039154,0.035591,0.697744,-0.714391,-0.362,-6.055,-88.630,0.570460,-0.033530,-0.087293,0.097110,0.053662,0.114692
1790937265.292364,1790937265.854405,2.847609,4.082006,0.880349,0.036907,0.036418,0.696752,-0.715435,-0.119,-5.943,-88.478,0.585817,-0.037451,-0.087602,0.167419,0.047271,0.069951
1790937265.325702,1790937265.887048,2.847019,4.061971,0.879600,0.034740,0.038084,0.695606,-0.716572,0.184,-5.907,-88.308,0.601234,-0.035770,-0.080033,0.123742,-0.008125,0.088060
1790937265.359041,1790937265.922064,2.846502,4.041437,0.879377,0.034550,0.038774,0.694764,-0.717360,0.248,-5.949,-88.179,0.616227,-0.039687,-0.054670,-0.034986,-0.059258,0.022012
1790937265.392379,1790937265.958237,2.845454,4.020808,0.880286,0.036499,0.040112,0.695054,-0.716910,0.198,-6.214,-88.237,0.621527,-0.044166,-0.026468,-0.023267,-0.217986,-0.077059
1790937265.425718,1790937265.991048,2.844693,4.000021,0.881841,0.039604,0.042318,0.695749,-0.715943,0.126,-6.644,-88.368,0.611837,-0.039449,-0.020875,-0.054161,-0.202008,-0.016336
1790937265.459057,1790937266.024694,2.844141,3.979678,0.883423,0.041543,0.043676,0.694724,-0.716747,0.065,-6.911,-88.216,0.602405,-0.026073,-0.029912,0.012950,-0.054995,0.208440
1790937265.492395,1790937266.061474,2.844684,3.959453,0.884491,0.040974,0.043355,0.691334,-0.720069,0.054,-6.840,-87.671,0.588343,-0.017036,-0.046698,0.053430,0.142082,0.339475
1790937265.525734,1790937266.095570,2.843674,3.939109,0.885027,0.037763,0.041294,0.687105,-0.724400,0.117,-6.415,-86.980,0.572984,-0.016085,-0.047427,0.073675,0.288030,0.381013
1790937265.559072,1790937266.125613,2.844145,3.920026,0.885813,0.033962,0.038104,0.682566,-0.729040,0.144,-5.850,-86.236,0.562633,-0.020596,-0.022666,0.022541,0.274181,0.377819
1790937265.592411,1790937266.162693,2.844619,3.901241,0.887444,0.031920,0.035423,0.678600,-0.732959,0.074,-5.466,-85.593,0.565504,-0.034349,0.009196,-0.028592,0.099472,0.269158
1790937265.625750,1790937266.204711,2.844482,3.880957,0.889768,0.032646,0.035303,0.676614,-0.734766,-0.012,-5.512,-85.281,0.574260,-0.050378,0.021950,-0.031786,-0.155131,0.061422
1790937265.659088,1790937266.239955,2.844459,3.861087,0.891994,0.035634,0.037010,0.676260,-0.734870,-0.133,-5.888,-85.236,0.570566,-0.053401,-0.005648,-0.097837,-0.204135,0.008159
1790937265.692427,1790937266.274864,2.844216,3.841870,0.893243,0.038502,0.038237,0.676088,-0.734820,-0.281,-6.215,-85.217,0.564521,-0.053683,-0.037985,-0.028592,-0.138086,0.001768
1790937265.725765,1790937266.306953,2.844169,3.822824,0.893625,0.039482,0.039852,0.675933,-0.734825,-0.239,-6.427,-85.206,0.553712,-0.046168,-0.064830,0.068349,-0.073104,0.031594
1790937265.759103,1790937266.335374,2.844549,3.804222,0.893161,0.038874,0.040640,0.674921,-0.735743,-0.135,-6.446,-85.055,0.541090,-0.029094,-0.084079,0.038519,0.068580,0.141320
1790937265.792441,1790937266.360820,2.845533,3.786003,0.892371,0.037299,0.039208,0.672685,-0.737947,-0.133,-6.203,-84.695,0.535017,-0.012451,-0.079778,0.003366,0.168717,0.220151
1790937265.825780,1790937266.398196,2.847073,3.768130,0.891880,0.035587,0.036946,0.670084,-0.740511,-0.184,-5.878,-84.274,0.530582,0.000778,-0.062346,-0.012613,0.152738,0.200975
1790937265.859118,1790937266.427926,2.849542,3.742974,0.892089,0.034644,0.035006,0.668056,-0.742480,-0.269,-5.640,-83.946,0.536251,0.010432,-0.048979,-0.060553,0.066454,0.141314
1790937265.892457,1790937266.455977,2.851574,3.729224,0.891829,0.035555,0.033512,0.666575,-0.743835,-0.473,-5.581,-83.706,0.535493,0.019778,-0.050108,-0.118078,0.015316,0.108292
1790937265.925795,1790937266.483172,2.854099,3.712023,0.891701,0.036707,0.032199,0.665606,-0.744705,-0.680,-5.556,-83.547,0.543727,0.022767,-0.064464,-0.078661,0.023838,0.047571
1790937265.959134,1790937266.523151,2.856791,3.693790,0.890931,0.037132,0.030762,0.665488,-0.744850,-0.827,-5.466,-83.519,0.555978,0.024700,-0.086965,-0.073336,0.069646,-0.037650
1790937265.992472,1790937266.556722,2.858759,3.673855,0.889460,0.037199,0.029301,0.666786,-0.743744,-0.936,-5.347,-83.710,0.574082,0.025668,-0.098764,-0.057351,0.039820,-0.151645
1790937266.025810,1790937266.587806,2.861703,3.654362,0.887913,0.037615,0.028971,0.669048,-0.741701,-0.980,-5.354,-84.058,0.590703,0.032544,-0.103407,-0.006216,-0.046468,-0.201713
1790937266.059149,1790937266.615263,2.864817,3.634192,0.886365,0.038374,0.030208,0.671306,-0.739570,-0.933,-5.521,-84.415,0.611670,0.044555,-0.102552,0.007631,-0.127432,-0.145253
1790937266.092487,1790937266.641647,2.868517,3.613383,0.885022,0.040367,0.031635,0.672201,-0.738590,-0.985,-5.797,-84.562,0.628898,0.062488,-0.099470,-0.095701,-0.138083,0.002823
1790937266.125825,1790937266.666896,2.872702,3.592272,0.883984,0.042883,0.031579,0.671610,-0.738988,-1.208,-5.985,-84.467,0.631525,0.070864,-0.088962,-0.111681,-0.031554,0.072067
1790937266.159164,1790937266.693715,2.876839,3.571352,0.883487,0.043338,0.029988,0.671431,-0.739191,-1.371,-5.885,-84.429,0.622520,0.064721,-0.064170,-0.023260,0.138892,-0.074942
1790937266.192502,1790937266.720253,2.880697,3.550752,0.884030,0.041207,0.028321,0.673483,-0.737510,-1.303,-5.582,-84.740,0.623994,0.056384,-0.022152,0.038525,0.131434,-0.229410
1790937266.225840,1790937266.759260,2.884332,3.530080,0.885929,0.040666,0.027769,0.676525,-0.734771,-1.277,-5.499,-85.212,0.626020,0.054435,0.015879,-0.070132,-0.075230,-0.256042
1790937266.259179,1790937266.791531,2.887062,3.506066,0.888586,0.043336,0.029032,0.680278,-0.731096,-1.375,-5.820,-85.806,0.617905,0.045566,0.021231,-0.079719,-0.226502,-0.384947
1790937266.292517,1790937266.817980,2.890071,3.486076,0.891118,0.045599,0.031416,0.685087,-0.726354,-1.337,-6.207,-86.578,0.605743,0.052922,0.001264,0.036398,-0.106123,-0.379620
1790937266.325856,1790937266.856959,2.893470,3.466159,0.892939,0.044975,0.032746,0.688687,-0.722921,-1.149,-6.275,-87.159,0.598044,0.072846,-0.014912,0.080073,0.027037,-0.186799
1790937266.359194,1790937266.889377,2.896595,3.443804,0.894514,0.044249,0.033632,0.689857,-0.721809,-1.007,-6.292,-87.351,0.598928,0.081775,-0.016322,0.021483,-0.086948,-0.030207
1790937266.392533,1790937266.914407,2.900112,3.424171,0.896054,0.045886,0.035445,0.690192,-0.721300,-0.996,-6.573,-87.418,0.591962,0.074321,-0.026197,0.007636,-0.174302,-0.084537
1790937266.425871,1790937266.942441,2.903117,3.404714,0.897030,0.047003,0.037516,0.691792,-0.719588,-0.908,-6.836,-87.689,0.572499,0.059710,-0.050482,0.059835,-0.066706,-0.225156
1790937266.459210,1790937266.988371,2.905424,3.386076,0.897206,0.045883,0.038776,0.695018,-0.716479,-0.684,-6.854,-88.217,0.546839,0.044550,-0.066664,0.094990,0.053670,-0.298661
1790937266.492548,1790937267.018984,2.907035,3.366146,0.896965,0.043791,0.038710,0.697983,-0.713725,-0.489,-6.684,-88.694,0.522541,0.038690,-0.065600,0.035334,0.125046,-0.166566
1790937266.525887,1790937267.045299,2.908635,3.348582,0.896961,0.041579,0.037575,0.699650,-0.712285,-0.384,-6.414,-88.953,0.510076,0.027772,-0.050720,0.065163,0.151678,-0.123955
1790937266.559225,1790937267.081314,2.909614,3.331682,0.897467,0.039232,0.036882,0.701238,-0.710891,-0.234,-6.169,-89.204,0.508491,0.016653,-0.029520,0.043856,0.086696,-0.129281
1790937266.592564,1790937267.110641,2.909939,3.315018,0.898377,0.038770,0.036732,0.702360,-0.709816,-0.198,-6.120,-89.384,0.510525,0.012745,-0.017685,-0.033908,-0.048595,-0.031277
1790937266.625902,1790937267.134650,2.910557,3.297067,0.899590,0.040087,0.037511,0.702117,-0.709942,-0.245,-6.290,-89.351,0.514325,0.007507,-0.030279,-0.016863,-0.115710,0.065662
1790937266.659240,1790937267.159118,2.910932,3.279842,0.899913,0.041334,0.038242,0.700917,-0.711016,-0.298,-6.449,-89.164,0.518646,0.000913,-0.067485,-0.011537,-0.039008,0.131710
1790937266.692578,1790937267.184751,2.911133,3.262425,0.898915,0.041090,0.037961,0.699094,-0.712838,-0.317,-6.406,-88.867,0.522899,-0.007356,-0.107601,0.030007,0.087761,0.157278
1790937266.725916,1790937267.210923,2.911072,3.244752,0.896837,0.038985,0.037059,0.697577,-0.714488,-0.231,-6.162,-88.615,0.531242,-0.019617,-0.127446,0.100318,0.155940,0.081642
1790937266.759254,1790937267.234911,2.910595,3.226628,0.894625,0.035737,0.036858,0.697351,-0.714889,0.018,-5.886,-88.578,0.549221,-0.032075,-0.113249,0.152518,0.106936,-0.041931
1790937266.792593,1790937267.260338,2.909836,3.207973,0.893237,0.033798,0.037763,0.698023,-0.714280,0.256,-5.804,-88.694,0.564438,-0.033227,-0.083611,0.056642,-0.025159,-0.046191
1790937266.825931,1790937267.284392,2.909280,3.189030,0.892796,0.033939,0.038563,0.698069,-0.714185,0.309,-5.881,-88.708,0.571132,-0.025926,-0.057969,0.014029,-0.042204,0.044357
1790937266.859269,1790937267.308793,2.908943,3.169984,0.893345,0.033854,0.040042,0.697096,-0.715058,0.427,-5.996,-88.565,0.574994,-0.024947,-0.026870,0.128015,-0.094403,0.112537
1790937266.892607,1790937267.333114,2.908711,3.151004,0.894926,0.033717,0.043057,0.694955,-0.716971,0.663,-6.235,-88.249,0.578589,-0.023570,-0.003687,0.148255,-0.135951,0.239307
1790937266.925946,1790937267.358342,2.908776,3.132055,0.897005,0.033419,0.045987,0.691438,-0.720196,0.891,-6.457,-87.716,0.578991,-0.024934,-0.000110,0.157844,-0.070967,0.295767
1790937266.959284,1790937267.393166,2.908690,3.113068,0.899106,0.032065,0.047887,0.688020,-0.723399,1.125,-6.512,-87.192,0.576770,-0.033110,-0.002954,0.139734,0.028103,0.233980
1790937266.992622,1790937267.425222,2.908547,3.094032,0.900819,0.029849,0.048185,0.685647,-0.725724,1.312,-6.365,-86.820,0.573440,-0.045108,0.001377,0.112036,0.129308,0.128514
1790937267.025960,1790937267.451225,2.907592,3.074537,0.903237,0.027440,0.047570,0.684896,-0.726568,1.457,-6.126,-86.696,0.575844,-0.062951,0.021159,0.024682,0.084565,-0.006777
1790937267.059299,1790937267.477686,2.906256,3.055287,0.906300,0.028013,0.047118,0.685456,-0.726048,1.378,-6.132,-86.779,0.578963,-0.073913,0.040173,-0.105284,-0.117839,-0.078152
1790937267.092636,1790937267.503653,2.904625,3.036076,0.909544,0.031821,0.048454,0.686542,-0.724776,1.177,-6.542,-86.964,0.576682,-0.074981,0.023329,-0.113806,-0.286157,-0.080282
1790937267.125974,1790937267.531940,2.903305,3.017013,0.911776,0.036053,0.050325,0.686844,-0.724163,0.977,-7.031,-87.030,0.566665,-0.061701,-0.022729,-0.099957,-0.187084,0.047552
1790937267.159312,1790937267.558058,2.902455,2.998129,0.912656,0.038222,0.050511,0.685366,-0.725438,0.796,-7.220,-86.796,0.558900,-0.045804,-0.056002,-0.044561,-0.010245,0.196694
1790937267.192652,1790937267.582040,2.902028,2.979612,0.912884,0.037991,0.049907,0.682601,-0.728095,0.740,-7.154,-86.352,0.549723,-0.037634,-0.062711,0.007638,0.067520,0.236111
1790937267.225991,1790937267.618932,2.902195,2.961401,0.913114,0.037787,0.048547,0.679810,-0.730803,0.622,-7.027,-85.898,0.539867,-0.028529,-0.053663,-0.074389,0.066455,0.241438
1790937267.259331,1790937267.647801,2.901728,2.945655,0.913265,0.038160,0.047093,0.677087,-0.733402,0.450,-6.935,-85.455,0.530562,-0.026100,-0.035438,-0.031773,0.021712,0.189236
1790937267.292670,1790937267.672787,2.902348,2.927499,0.914619,0.038580,0.047023,0.675675,-0.734686,0.396,-6.963,-85.232,0.526945,-0.026454,-0.026364,-0.022186,-0.051792,0.041161
1790937267.326010,1790937267.697006,2.902979,2.910104,0.915715,0.040101,0.047177,0.675423,-0.734826,0.277,-7.094,-85.193,0.519802,-0.017344,-0.039441,-0.095691,-0.075228,0.016658
1790937267.359349,1790937267.722438,2.903899,2.892900,0.916109,0.041755,0.046763,0.675352,-0.734826,0.104,-7.188,-85.177,0.517038,-0.012946,-0.065848,-0.082908,-0.003856,-0.004645
1790937267.392688,1790937267.747308,2.904890,2.875551,0.915662,0.042221,0.045459,0.675792,-0.734477,-0.033,-7.114,-85.232,0.523102,-0.013670,-0.086223,-0.042427,0.070714,-0.063236
1790937267.426028,1790937267.771687,2.905737,2.857813,0.914714,0.041478,0.044696,0.677158,-0.733307,-0.017,-6.992,-85.440,0.531014,-0.016915,-0.098698,0.015098,0.043018,-0.165505
1790937267.459367,1790937267.795613,2.906636,2.839636,0.913309,0.041248,0.044499,0.679547,-0.731118,0.009,-6.957,-85.813,0.538802,-0.012379,-0.113249,-0.034969,0.001471,-0.198528
1790937267.492706,1790937267.821790,2.907609,2.821403,0.911552,0.041690,0.044042,0.681725,-0.729091,-0.043,-6.953,-86.152,0.552742,-0.007262,-0.121297,-0.056275,0.000406,-0.162309
1790937267.526045,1790937267.846391,2.908705,2.802556,0.909731,0.042354,0.043593,0.683700,-0.727228,-0.115,-6.968,-86.459,0.563568,-0.000449,-0.120891,-0.053078,-0.023029,-0.155917
1790937267.559384,1790937267.869688,2.910071,2.783625,0.908154,0.043660,0.043408,0.685397,-0.725562,-0.222,-7.056,-86.725,0.563685,0.009492,-0.109280,-0.103148,-0.061381,-0.120761
1790937267.592723,1790937267.902446,2.911517,2.764790,0.907107,0.045397,0.042766,0.686945,-0.724028,-0.403,-7.140,-86.964,0.554354,0.012760,-0.092053,-0.098886,0.017450,-0.129283
1790937267.626062,1790937267.930741,2.912323,2.748722,0.905688,0.044917,0.040760,0.688635,-0.722567,-0.506,-6.936,-87.214,0.545484,0.015470,-0.072391,-0.059469,0.223052,-0.136740
1790937267.659402,1790937267.955928,2.913558,2.730184,0.905970,0.042229,0.036780,0.690840,-0.720836,-0.580,-6.394,-87.533,0.552413,0.014431,-0.040892,-0.059469,0.309341,-0.207050
1790937267.692741,1790937267.984745,2.914832,2.711705,0.907271,0.040316,0.033494,0.693971,-0.718092,-0.657,-5.973,-88.008,0.561532,0.013816,-0.001504,-0.074383,0.076041,-0.278425
1790937267.726080,1790937268.024302,2.916123,2.692320,0.909545,0.041579,0.033570,0.697477,-0.714612,-0.726,-6.084,-88.571,0.562695,0.018993,0.011822,-0.056274,-0.180693,-0.302925
1790937267.759419,1790937268.053364,2.916168,2.675949,0.910595,0.043996,0.035644,0.700828,-0.711079,-0.727,-6.451,-89.127,0.553204,0.028899,-0.011560,0.012973,-0.149798,-0.272034
1790937267.792759,1790937268.086645,2.917913,2.657484,0.911988,0.043886,0.037020,0.703843,-0.708032,-0.579,-6.557,-89.627,0.549871,0.041287,-0.036355,0.049193,0.052606,-0.233684
1790937267.826098,1790937268.124469,2.919959,2.638689,0.912648,0.042693,0.036239,0.705881,-0.706113,-0.526,-6.399,-89.952,0.553435,0.058614,-0.040812,-0.039226,0.080305,-0.085605
1790937267.859437,1790937268.164787,2.921344,2.620241,0.912712,0.042793,0.035488,0.706486,-0.705541,-0.590,-6.347,-90.044,0.553426,0.060635,-0.035601,-0.026438,-0.047528,-0.041929
1790937267.892776,1790937268.198071,2.923461,2.600973,0.913613,0.043886,0.036569,0.707570,-0.704331,-0.581,-6.524,-90.230,0.541433,0.047706,-0.040824,0.000192,-0.109315,-0.175091
1790937267.926116,1790937268.233949,2.924524,2.583241,0.914072,0.044657,0.037447,0.709969,-0.701818,-0.549,-6.660,-90.630,0.519159,0.035925,-0.053264,-0.024308,-0.004918,-0.215573
1790937267.959455,1790937268.268707,2.925390,2.566414,0.914149,0.044273,0.037037,0.712078,-0.699724,-0.531,-6.597,-90.972,0.500228,0.026219,-0.053812,0.026823,0.057935,-0.133546
1790937267.992793,1790937268.308329,2.925890,2.549783,0.914359,0.043329,0.036882,0.713316,-0.698529,-0.457,-6.508,-91.174,0.493051,0.014287,-0.044186,0.014040,0.028105,-0.083474
1790937268.026132,1790937268.346304,2.925376,2.534656,0.914105,0.043226,0.036881,0.713927,-0.697911,-0.443,-6.500,-91.275,0.493905,0.007174,-0.036005,-0.014717,-0.029418,-0.016363
1790937268.059471,1790937268.382765,2.925268,2.517233,0.914909,0.044088,0.037038,0.713913,-0.697863,-0.499,-6.583,-91.274,0.496153,0.002770,-0.042920,-0.039220,-0.050724,0.010266
1790937268.092810,1790937268.416268,2.924994,2.500695,0.915087,0.044823,0.036762,0.713608,-0.698142,-0.584,-6.621,-91.222,0.496912,-0.000788,-0.059942,-0.027502,0.022781,0.047552
1790937268.126149,1790937268.451789,2.924685,2.484205,0.914731,0.044275,0.036118,0.712736,-0.699101,-0.601,-6.524,-91.072,0.498901,-0.002593,-0.073469,0.012977,0.071784,0.116796
1790937268.159488,1790937268.487047,2.924317,2.467797,0.913923,0.043537,0.035140,0.710958,-0.701006,-0.638,-6.383,-90.772,0.503879,-0.003633,-0.085947,-0.025372,0.072849,0.190303
1790937268.192828,1790937268.522580,2.923729,2.451336,0.912690,0.043266,0.033768,0.708709,-0.703363,-0.749,-6.248,-90.393,0.514322,-0.011111,-0.097897,-0.023240,0.064326,0.182844
1790937268.226167,1790937268.556866,2.922998,2.434045,0.911090,0.042254,0.033334,0.707123,-0.705040,-0.717,-6.129,-90.131,0.528265,-0.024759,-0.108385,0.101398,0.053672,0.066727
1790937268.259507,1790937268.588896,2.921885,2.416531,0.909278,0.040115,0.034346,0.706789,-0.705450,-0.464,-6.037,-90.084,0.543094,-0.027423,-0.110346,0.158924,0.038758,0.001743
1790937268.292846,1790937268.619881,2.921038,2.398584,0.907565,0.038527,0.035380,0.706298,-0.705980,-0.255,-5.991,-90.012,0.554270,-0.021553,-0.104106,0.071570,0.008930,0.084837
1790937268.326186,1790937268.655632,2.920348,2.380098,0.906293,0.037531,0.036310,0.705271,-0.707012,-0.107,-5.986,-89.853,0.567749,-0.026173,-0.086657,0.131227,0.003603,0.057139
1790937268.359525,1790937268.690714,2.919163,2.365179,0.904498,0.035334,0.037918,0.704927,-0.707383,0.200,-5.939,-89.811,0.565816,-0.033259,-0.071620,0.169581,0.057932,0.008133
1790937268.392865,1790937268.723286,2.918274,2.345938,0.904401,0.032413,0.038555,0.704078,-0.708334,0.482,-5.754,-89.679,0.563763,-0.027453,-0.057227,0.142948,0.128241,0.177516
1790937268.426203,1790937268.752278,2.917886,2.327035,0.904627,0.029308,0.038537,0.700915,-0.711600,0.709,-5.505,-89.167,0.564859,-0.024090,-0.038672,0.137621,0.118654,0.337312
1790937268.459543,1790937268.781759,2.917426,2.308373,0.905266,0.027242,0.038457,0.696775,-0.715740,0.840,-5.337,-88.501,0.561056,-0.030387,-0.030192,0.052396,0.080303,0.339443
1790937268.492882,1790937268.816200,2.916817,2.289960,0.906011,0.025500,0.037126,0.693204,-0.719333,0.851,-5.093,-87.918,0.557031,-0.041802,-0.020843,0.033220,0.203878,0.249957
1790937268.526221,1790937268.851497,2.916424,2.276060,0.906382,0.022466,0.034763,0.690640,-0.722014,0.895,-4.659,-87.492,0.558100,-0.050561,0.008209,0.047071,0.219854,0.181777
1790937268.559561,1790937268.880949,2.915273,2.256037,0.908845,0.020385,0.033524,0.689099,-0.723604,0.960,-4.394,-87.238,0.572525,-0.059643,0.041180,0.034288,0.028100,0.063529
1790937268.592900,1790937268.915734,2.913994,2.236352,0.912097,0.021336,0.035448,0.689006,-0.723574,1.033,-4.629,-87.238,0.587274,-0.063811,0.056601,0.020439,-0.290421,-0.022758
1790937268.626239,1790937268.953174,2.912285,2.220953,0.914327,0.025647,0.039398,0.688675,-0.723544,0.987,-5.298,-87.217,0.578422,-0.054763,0.022958,-0.069041,-0.362861,0.084834
1790937268.659579,1790937268.986400,2.911715,2.201145,0.915926,0.029532,0.041628,0.687038,-0.724827,0.829,-5.792,-86.976,0.565694,-0.047364,-0.038293,-0.066910,-0.103993,0.157275
1790937268.692918,1790937269.023384,2.911216,2.182462,0.915703,0.029670,0.040242,0.685201,-0.726636,0.693,-5.690,-86.672,0.556773,-0.048616,-0.075803,-0.047736,0.192156,0.153014
1790937268.726257,1790937269.060799,2.911634,2.163965,0.914272,0.027410,0.037115,0.683686,-0.728317,0.623,-5.252,-86.408,0.552482,-0.054507,-0.070203,0.022571,0.223054,0.098684
1790937268.759596,1790937269.093479,2.910132,2.148751,0.913800,0.024863,0.035572,0.683249,-0.728894,0.711,-4.924,-86.328,0.549558,-0.061457,-0.041224,0.048142,0.123978,-0.025953
1790937268.792936,1790937269.124629,2.909196,2.130615,0.914378,0.023607,0.034979,0.684223,-0.728051,0.776,-4.775,-86.477,0.555196,-0.058683,-0.015930,-0.001926,0.032362,-0.120764
1790937268.826275,1790937269.148403,2.908504,2.112063,0.915538,0.023806,0.035022,0.685811,-0.726547,0.773,-4.792,-86.728,0.561877,-0.047249,-0.010076,-0.012577,-0.058188,-0.131418
1790937268.859613,1790937269.172828,2.908162,2.093320,0.916490,0.024901,0.035734,0.687282,-0.725083,0.748,-4.936,-86.966,0.571167,-0.035724,-0.029457,-0.033884,-0.079494,-0.122895
1790937268.892952,1790937269.196042,2.908082,2.073984,0.916697,0.025820,0.036379,0.688928,-0.723456,0.734,-5.061,-87.232,0.587560,-0.030053,-0.056975,-0.009381,-0.046468,-0.155920
1790937268.926292,1790937269.230278,2.908245,2.054683,0.916035,0.026213,0.036462,0.690642,-0.721801,0.720,-5.097,-87.505,0.604229,-0.017792,-0.086924,-0.030688,0.014251,-0.107981
1790937268.959631,1790937269.259714,2.909258,2.034959,0.913756,0.026180,0.035573,0.691485,-0.721039,0.658,-5.020,-87.632,0.623392,-0.006109,-0.105424,-0.060514,0.052602,-0.033408
1790937268.992970,1790937269.282961,2.910168,2.013556,0.912216,0.027087,0.034021,0.691482,-0.721084,0.459,-4.964,-87.619,0.649568,-0.000845,-0.100285,-0.131890,-0.020902,0.040096
1790937269.026309,1790937269.307081,2.911217,1.991268,0.911158,0.029607,0.033698,0.690906,-0.721552,0.221,-5.137,-87.524,0.671630,0.001666,-0.081556,-0.112714,-0.175369,0.045422
1790937269.059649,1790937269.329834,2.912227,1.968561,0.910753,0.033807,0.034712,0.690615,-0.721597,-0.049,-5.554,-87.484,0.676964,0.003089,-0.074198,-0.179829,-0.228635,0.007072
1790937269.092988,1790937269.352989,2.913424,1.946313,0.910313,0.038242,0.033932,0.690292,-0.721722,-0.481,-5.841,-87.425,0.664096,0.010563,-0.085708,-0.233093,-0.009184,0.072056
1790937269.126327,1790937269.376983,2.914828,1.924570,0.909558,0.039049,0.030200,0.689414,-0.722683,-0.852,-5.595,-87.259,0.659828,0.011555,-0.085414,-0.132955,0.260334,0.073121
1790937269.159667,1790937269.408184,2.916146,1.902659,0.909143,0.037351,0.025691,0.689405,-0.722956,-1.069,-5.086,-87.231,0.670614,0.006962,-0.056886,-0.106323,0.199612,-0.045125
1790937269.193008,1790937269.434668,2.918036,1.881993,0.908949,0.038308,0.023901,0.690819,-0.721616,-1.281,-5.015,-87.446,0.671855,0.007756,-0.023546,-0.129758,-0.143411,-0.185742
1790937269.226350,1790937269.458653,2.919377,1.858642,0.910531,0.041751,0.025252,0.693324,-0.718972,-1.440,-5.406,-87.851,0.662017,0.015588,-0.019983,-0.043470,-0.191350,-0.219832
1790937269.259692,1790937269.481225,2.920938,1.836875,0.911623,0.042272,0.026456,0.695150,-0.717133,-1.373,-5.550,-88.150,0.652837,0.027485,-0.037338,0.090755,0.072842,-0.079212
1790937269.293033,1790937269.504645,2.922734,1.815022,0.912395,0.039018,0.026279,0.695567,-0.716920,-1.116,-5.276,-88.216,0.658196,0.026994,-0.030951,0.119517,0.134629,-0.013163
1790937269.326374,1790937269.535557,2.924334,1.793214,0.913665,0.038366,0.026520,0.695838,-0.716683,-1.041,-5.245,-88.261,0.660953,0.021391,-0.013160,-0.036015,-0.131693,-0.045122
1790937269.359716,1790937269.562290,2.926716,1.773394,0.914466,0.040959,0.028809,0.696808,-0.715508,-1.063,-5.642,-88.430,0.648074,0.014542,-0.018096,0.033227,-0.233963,-0.144191
1790937269.393058,1790937269.584840,2.927766,1.752051,0.915744,0.041890,0.031598,0.698516,-0.713668,-0.901,-5.948,-88.724,0.628597,0.013520,-0.042203,0.080101,-0.052862,-0.127148
1790937269.426399,1790937269.607732,2.928980,1.731716,0.916180,0.040655,0.032054,0.699185,-0.713064,-0.758,-5.887,-88.835,0.607362,0.017274,-0.053864,0.035357,0.117585,0.033710
1790937269.459741,1790937269.629218,2.930066,1.712074,0.916536,0.038896,0.030057,0.698469,-0.713951,-0.780,-5.581,-88.706,0.597944,0.008211,-0.038790,-0.042408,0.180435,0.064605
1790937269.493083,1790937269.652336,2.930554,1.692329,0.917610,0.037741,0.027925,0.698303,-0.714261,-0.858,-5.313,-88.666,0.601487,-0.010880,-0.009694,-0.025363,0.058992,-0.033400
1790937269.526424,1790937269.677183,2.930469,1.672312,0.919440,0.038136,0.028230,0.698917,-0.713627,-0.862,-5.371,-88.766,0.605762,-0.024086,0.001550,-0.002992,-0.114650,-0.063228
1790937269.559766,1790937269.701195,2.930088,1.652139,0.921197,0.039859,0.029494,0.699446,-0.712964,-0.897,-5.613,-88.859,0.610568,-0.033622,-0.016737,-0.048800,-0.108258,-0.027009
1790937269.593108,1790937269.734165,2.929495,1.631737,0.922211,0.041201,0.029823,0.699369,-0.712949,-0.981,-5.748,-88.849,0.615697,-0.040710,-0.044013,-0.005124,-0.033688,0.043300
1790937269.626449,1790937269.769979,2.928747,1.611345,0.922425,0.041320,0.030157,0.698542,-0.713738,-0.971,-5.784,-88.718,0.621442,-0.047815,-0.067229,0.016180,-0.012383,0.083783
1790937269.659791,1790937269.806251,2.929063,1.596496,0.920850,0.041503,0.030405,0.697688,-0.714552,-0.973,-5.818,-88.582,0.628248,-0.056639,-0.083474,0.008722,-0.020909,0.041173
1790937269.693133,1790937269.839158,2.927432,1.574256,0.920349,0.041283,0.031201,0.697578,-0.714638,-0.891,-5.865,-88.570,0.645395,-0.068543,-0.085302,0.098206,-0.040082,-0.046179
1790937269.726475,1790937269.871640,2.925448,1.552289,0.919863,0.040479,0.033528,0.698434,-0.713742,-0.631,-5.993,-88.725,0.658765,-0.074638,-0.080327,0.139754,-0.099739,-0.104771
1790937269.759815,1790937269.903372,2.923625,1.530233,0.919605,0.040534,0.036208,0.699220,-0.712837,-0.412,-6.218,-88.873,0.663597,-0.068570,-0.075983,0.069443,-0.126372,-0.030200
1790937269.793157,1790937269.934718,2.922151,1.508143,0.919646,0.040814,0.038485,0.698981,-0.712937,-0.253,-6.427,-88.853,0.658799,-0.064284,-0.065923,0.119510,-0.072041,0.047565
1790937269.826499,1790937269.967056,2.920653,1.486583,0.920053,0.039378,0.040165,0.697754,-0.714126,-0.011,-6.449,-88.671,0.646822,-0.061398,-0.055848,0.125903,0.073901,0.166880
1790937269.859841,1790937270.001811,2.919770,1.465322,0.920696,0.036855,0.039063,0.694854,-0.717142,0.082,-6.156,-88.196,0.642279,-0.059097,-0.043869,0.020437,0.224109,0.317088
1790937269.893182,1790937270.036384,2.920239,1.446741,0.920793,0.034405,0.036354,0.691229,-0.720900,0.038,-5.738,-87.594,0.639460,-0.068736,-0.020311,0.019371,0.178300,0.270215
1790937269.926524,1790937270.073472,2.918188,1.425575,0.922781,0.032824,0.034940,0.688695,-0.723465,0.036,-5.495,-87.181,0.637519,-0.086682,0.002192,0.011913,0.083488,0.148772
1790937269.959866,1790937270.116135,2.917125,1.407829,0.924177,0.032346,0.033865,0.687724,-0.724460,-0.017,-5.368,-87.019,0.636078,-0.098053,0.014308,-0.059459,0.046201,0.006021
1790937269.993207,1790937270.149103,2.915020,1.385746,0.926833,0.032879,0.033070,0.688348,-0.723880,-0.119,-5.344,-87.112,0.639877,-0.104632,0.019390,-0.036024,-0.044347,-0.116487
1790937270.026549,1790937270.182055,2.912494,1.364120,0.929347,0.034441,0.034238,0.690020,-0.722159,-0.144,-5.565,-87.386,0.639434,-0.103533,0.005521,-0.031761,-0.188162,-0.154838
1790937270.059891,1790937270.213333,2.910254,1.343163,0.931138,0.037543,0.036265,0.691126,-0.720847,-0.230,-5.980,-87.576,0.631238,-0.089974,-0.026725,-0.077569,-0.210533,-0.003566
1790937270.093233,1790937270.246975,2.908546,1.322207,0.931837,0.040092,0.037254,0.690263,-0.721486,-0.370,-6.264,-87.446,0.620508,-0.076221,-0.065354,-0.038153,-0.033694,0.131725
1790937270.126575,1790937270.280578,2.907047,1.301642,0.931371,0.039174,0.036198,0.688681,-0.723100,-0.392,-6.102,-87.186,0.609581,-0.071164,-0.087847,0.057721,0.198539,0.132792
1790937270.159916,1790937270.309354,2.905640,1.281344,0.930784,0.035737,0.033923,0.687003,-0.724982,-0.300,-5.641,-86.904,0.603952,-0.062207,-0.066048,0.059852,0.236889,0.182860
1790937270.193254,1790937270.340197,2.905058,1.261393,0.931169,0.032960,0.032576,0.684785,-0.727270,-0.191,-5.309,-86.544,0.597765,-0.052064,-0.026131,0.071570,0.073897,0.178600
1790937270.226593,1790937270.379717,2.904788,1.241680,0.932509,0.032487,0.033059,0.683063,-0.728888,-0.126,-5.312,-86.276,0.591848,-0.045691,-0.009311,0.015108,-0.063523,0.092311
1790937270.259933,1790937270.398525,2.904680,1.221985,0.933833,0.033455,0.033640,0.682338,-0.729496,-0.167,-5.436,-86.166,0.589553,-0.039280,-0.026166,-0.044547,-0.041153,0.019871
1790937270.293272,1790937270.429822,2.906086,1.204745,0.933177,0.033820,0.033480,0.682673,-0.729172,-0.208,-5.451,-86.217,0.590299,-0.037682,-0.053719,0.009783,0.027024,-0.095182
1790937270.326611,1790937270.461400,2.906052,1.185536,0.932889,0.033050,0.033227,0.684441,-0.727560,-0.150,-5.370,-86.495,0.596367,-0.036142,-0.070452,0.007654,0.044068,-0.180406
1790937270.359950,1790937270.493736,2.906311,1.165556,0.932233,0.032566,0.033237,0.686570,-0.725573,-0.093,-5.333,-86.832,0.602344,-0.026471,-0.078422,0.030023,-0.014521,-0.151643
1790937270.393290,1790937270.525504,2.906870,1.145737,0.931313,0.032341,0.033959,0.688113,-0.724087,-0.006,-5.376,-87.081,0.607115,-0.017458,-0.088335,0.037481,-0.020915,-0.109030
1790937270.426629,1790937270.556843,2.907697,1.125970,0.930019,0.032206,0.034119,0.688967,-0.723273,0.024,-5.378,-87.218,0.613807,-0.009041,-0.100293,-0.032827,0.017435,-0.033394
1790937270.459968,1790937270.588042,2.908606,1.105937,0.928517,0.032723,0.033336,0.689457,-0.722819,-0.077,-5.354,-87.290,0.620526,-0.009021,-0.099373,-0.092484,-0.018785,-0.084529
1790937270.493307,1790937270.623719,2.909654,1.085651,0.927328,0.034477,0.032761,0.691375,-0.720929,-0.254,-5.446,-87.590,0.622139,-0.011798,-0.085291,-0.112726,-0.058202,-0.241122
1790937270.526646,1790937270.658212,2.910673,1.074693,0.924797,0.035614,0.031935,0.694557,-0.717845,-0.390,-5.470,-88.092,0.604391,-0.004062,-0.067201,-0.080762,0.067496,-0.258173
1790937270.559985,1790937270.688273,2.912134,1.054570,0.925215,0.034468,0.029397,0.697464,-0.715187,-0.477,-5.171,-88.541,0.596914,0.007364,-0.039120,-0.060523,0.247533,-0.205973
1790937270.593324,1790937270.727486,2.913135,1.035058,0.926311,0.032625,0.025556,0.699864,-0.713073,-0.618,-4.710,-88.903,0.605711,0.016657,0.005026,-0.122311,0.178288,-0.166556
1790937270.626664,1790937270.763977,2.915949,1.021591,0.927182,0.033504,0.023562,0.702004,-0.710994,-0.837,-4.620,-89.237,0.602266,0.020661,0.032890,-0.099937,-0.093366,-0.207034
1790937270.660002,1790937270.797413,2.917157,1.001033,0.929955,0.035705,0.024747,0.704798,-0.708077,-0.902,-4.898,-89.696,0.591889,0.023893,0.016868,0.005525,-0.124257,-0.254973
1790937270.693341,1790937270.833905,2.918188,0.982085,0.931670,0.035638,0.025769,0.707391,-0.705453,-0.795,-4.978,-90.123,0.579778,0.034759,-0.012729,0.050266,0.063232,-0.166552
1790937270.726680,1790937270.872086,2.921404,0.964635,0.931458,0.034204,0.025188,0.708538,-0.704393,-0.718,-4.816,-90.306,0.573573,0.049784,-0.023131,0.005527,0.060034,-0.026999
1790937270.760019,1790937270.905575,2.923413,0.945848,0.932441,0.034642,0.025499,0.708636,-0.704262,-0.728,-4.877,-90.324,0.573072,0.052344,-0.022843,-0.027498,-0.132783,-0.016346
1790937270.793358,1790937270.941152,2.925217,0.927285,0.932999,0.036898,0.026748,0.709114,-0.703619,-0.805,-5.162,-90.409,0.562141,0.047206,-0.044268,-0.049869,-0.117870,-0.087721
1790937270.826697,1790937270.976827,2.926628,0.909279,0.932736,0.037489,0.026959,0.710503,-0.702178,-0.825,-5.229,-90.638,0.543908,0.036998,-0.066483,0.009785,0.066424,-0.153770
1790937270.860036,1790937271.010875,2.927444,0.892261,0.932001,0.035647,0.025776,0.712642,-0.700148,-0.758,-4.985,-90.980,0.528585,0.026183,-0.064171,0.035352,0.177213,-0.188924
1790937270.893375,1790937271.047176,2.927875,0.875931,0.931656,0.033070,0.023964,0.714825,-0.698110,-0.685,-4.631,-91.328,0.516009,0.022757,-0.038272,0.010851,0.187866,-0.153769
1790937270.926714,1790937271.082272,2.929964,0.863846,0.930951,0.031228,0.022515,0.716107,-0.696929,-0.648,-4.365,-91.530,0.506066,0.024737,0.001973,0.016181,0.074939,-0.051499
1790937270.960053,1790937271.115707,2.930683,0.846510,0.933297,0.031183,0.023035,0.716504,-0.696505,-0.599,-4.403,-91.599,0.510286,0.022511,0.033382,0.027897,-0.128530,-0.022735
1790937270.993392,1790937271.150064,2.931391,0.829604,0.935792,0.033317,0.025365,0.716130,-0.696709,-0.580,-4.765,-91.551,0.511534,0.028492,0.027114,-0.013649,-0.224407,0.099770
1790937271.026731,1790937271.185499,2.932500,0.811267,0.937685,0.035880,0.026815,0.714043,-0.698667,-0.681,-5.089,-91.217,0.514758,0.034990,-0.008306,-0.056262,-0.088048,0.242520
1790937271.060070,1790937271.220180,2.933525,0.793863,0.938349,0.036599,0.025752,0.710763,-0.702007,-0.850,-5.059,-90.673,0.521878,0.034478,-0.040047,-0.062654,0.105833,0.313896
1790937271.093408,1790937271.253054,2.934450,0.776630,0.938180,0.035931,0.023369,0.707159,-0.705755,-1.016,-4.807,-90.071,0.529229,0.027654,-0.055613,-0.063719,0.126075,0.302178
1790937271.126747,1790937271.290194,2.935271,0.759085,0.937711,0.035576,0.021537,0.703969,-0.709012,-1.157,-4.625,-89.544,0.539928,0.015333,-0.060052,-0.008325,0.048307,0.243587
1790937271.160086,1790937271.327356,2.937044,0.746060,0.936073,0.034689,0.022059,0.701837,-0.711150,-1.056,-4.592,-89.202,0.549870,0.000905,-0.063200,0.152536,-0.009222,0.097643
1790937271.193428,1790937271.360411,2.936581,0.728491,0.935454,0.032402,0.024588,0.701472,-0.711535,-0.668,-4.614,-89.157,0.565731,-0.013436,-0.063013,0.243086,-0.010287,-0.064281
1790937271.226768,1790937271.391321,2.937080,0.708789,0.935170,0.029883,0.027625,0.702700,-0.710321,-0.209,-4.660,-89.373,0.582596,-0.017470,-0.048438,0.206865,-0.055028,-0.147375
1790937271.260110,1790937271.415922,2.936742,0.689321,0.935526,0.028806,0.031083,0.704167,-0.708768,0.169,-4.855,-89.634,0.587169,-0.016539,-0.026558,0.182362,-0.140252,-0.104763
1790937271.293451,1790937271.441170,2.936316,0.670089,0.936579,0.027940,0.034729,0.704873,-0.707932,0.541,-5.081,-89.776,0.575074,-0.019277,-0.011014,0.189820,-0.067813,-0.035518
1790937271.326792,1790937271.468123,2.935976,0.651239,0.938105,0.026122,0.036766,0.704578,-0.708191,0.852,-5.099,-89.745,0.568790,-0.022027,0.002766,0.125902,0.044042,0.090186
1790937271.360133,1790937271.507821,2.936791,0.637597,0.939002,0.024653,0.036795,0.702777,-0.710031,0.961,-4.985,-89.453,0.562167,-0.027305,0.011881,0.008719,0.069605,0.181803
1790937271.393474,1790937271.531157,2.935539,0.619844,0.941091,0.024403,0.035852,0.700972,-0.711869,0.892,-4.891,-89.154,0.556683,-0.044617,0.014809,-0.040282,0.028057,0.120015
1790937271.426815,1790937271.553934,2.934059,0.601510,0.943186,0.024902,0.035109,0.699846,-0.712996,0.784,-4.871,-88.967,0.550947,-0.056615,0.017556,-0.065850,-0.000706,0.097645
1790937271.460156,1790937271.577365,2.932428,0.583130,0.945255,0.026197,0.034071,0.698334,-0.714480,0.584,-4.892,-88.715,0.544367,-0.058009,0.012304,-0.114853,-0.014552,0.176477
1790937271.493498,1790937271.605829,2.930847,0.564763,0.947051,0.027428,0.033283,0.696108,-0.716641,0.404,-4.927,-88.352,0.541458,-0.061128,0.000918,-0.033891,-0.016683,0.187131
1790937271.526838,1790937271.636985,2.930803,0.552583,0.947248,0.028027,0.033098,0.694004,-0.718664,0.325,-4.961,-88.014,0.536559,-0.061453,-0.013244,-0.034953,-0.018818,0.169019
1790937271.560179,1790937271.668555,2.929722,0.534185,0.948327,0.029501,0.032588,0.691611,-0.720931,0.146,-5.037,-87.628,0.534848,-0.057535,-0.026235,-0.098872,-0.075277,0.242525
1790937271.593520,1790937271.701276,2.928634,0.516474,0.948699,0.031886,0.032453,0.688268,-0.724028,-0.086,-5.215,-87.095,0.525918,-0.054540,-0.048869,-0.091416,-0.088062,0.310705
1790937271.626861,1790937271.736733,2.927662,0.499381,0.948289,0.033357,0.032561,0.684499,-0.727522,-0.228,-5.339,-86.499,0.512538,-0.056826,-0.069382,0.030026,-0.040123,0.297920
1790937271.660203,1790937271.774911,2.927634,0.488047,0.946523,0.032520,0.033432,0.680903,-0.730887,-0.116,-5.345,-85.939,0.491916,-0.057859,-0.080691,0.114188,0.049357,0.270226
1790937271.693544,1790937271.815030,2.926821,0.472419,0.945408,0.030396,0.033564,0.677895,-0.733763,0.052,-5.190,-85.470,0.479018,-0.059885,-0.075372,0.101403,0.102620,0.214830
1790937271.726885,1790937271.851029,2.926566,0.459411,0.943879,0.028461,0.033290,0.675644,-0.735926,0.178,-5.017,-85.117,0.464566,-0.058947,-0.058917,0.056664,0.070660,0.147720
1790937271.760226,1790937271.887410,2.926143,0.444300,0.943505,0.027652,0.032785,0.674502,-0.737026,0.199,-4.912,-84.936,0.453567,-0.058353,-0.047301,-0.030691,0.046159,0.043321
1790937271.793568,1790937271.924556,2.925498,0.429480,0.943253,0.027777,0.031733,0.674433,-0.737131,0.107,-4.833,-84.918,0.447905,-0.058378,-0.044030,-0.048800,0.031244,-0.029118
1790937271.826909,1790937271.960474,2.924862,0.414455,0.942939,0.027809,0.031276,0.675005,-0.736625,0.072,-4.797,-85.004,0.447779,-0.055957,-0.052534,-0.002992,0.011004,-0.056816
1790937271.860250,1790937271.991780,2.924409,0.399802,0.942078,0.027417,0.030903,0.675707,-0.736012,0.081,-4.735,-85.111,0.450616,-0.048324,-0.073709,-0.001927,0.074921,-0.049360
1790937271.893592,1790937272.023551,2.924221,0.385164,0.940441,0.026257,0.029613,0.676407,-0.735464,0.083,-4.536,-85.213,0.452465,-0.039620,-0.094397,0.005529,0.118597,-0.068534
1790937271.926933,1790937272.055161,2.924333,0.370191,0.938207,0.024993,0.028513,0.677562,-0.734487,0.111,-4.345,-85.387,0.453068,-0.030596,-0.107536,0.011921,0.079180,-0.124996
1790937271.960274,1790937272.092618,2.924371,0.355718,0.935559,0.024141,0.027898,0.679661,-0.732598,0.147,-4.226,-85.712,0.458953,-0.023553,-0.117926,-0.006187,0.047221,-0.202762
1790937271.993614,1790937272.127977,2.925237,0.346540,0.931988,0.024487,0.027184,0.681887,-0.730542,0.074,-4.193,-86.057,0.464956,-0.009350,-0.121425,-0.099932,-0.011374,-0.136710
1790937272.026956,1790937272.158612,2.926271,0.330971,0.929210,0.025932,0.026621,0.683429,-0.729070,-0.082,-4.259,-86.296,0.470017,-0.003958,-0.118165,-0.064778,-0.049726,-0.140970
1790937272.060297,1790937272.188847,2.927258,0.315486,0.926581,0.026864,0.026851,0.685445,-0.727133,-0.130,-4.352,-86.614,0.469129,-0.003807,-0.107920,-0.004055,-0.029486,-0.175059
1790937272.093639,1790937272.226082,2.928213,0.300832,0.924428,0.026600,0.026972,0.687282,-0.725402,-0.087,-4.341,-86.905,0.453754,0.003791,-0.087466,0.014053,0.053605,-0.128187
1790937272.126980,1790937272.263942,2.929434,0.294856,0.922056,0.025263,0.026062,0.689107,-0.723750,-0.037,-4.160,-87.190,0.434010,0.005080,-0.061857,0.017251,0.136692,-0.189969
1790937272.160322,1790937272.290710,2.930371,0.279994,0.921564,0.023695,0.024248,0.691605,-0.721479,-0.037,-3.886,-87.577,0.430512,0.011187,-0.034129,-0.058384,0.123910,-0.185708
1790937272.193670,1790937272.326324,2.931422,0.265667,0.921686,0.023700,0.022343,0.693896,-0.719338,-0.177,-3.729,-87.932,0.432286,0.014757,-0.016398,-0.114845,0.029098,-0.202754
1790937272.227018,1790937272.358964,2.932316,0.251208,0.922202,0.024747,0.021256,0.696899,-0.716427,-0.335,-3.724,-88.406,0.431193,0.010701,-0.010776,-0.059450,-0.011381,-0.301826
1790937272.260366,1790937272.386401,2.932992,0.244548,0.922082,0.024893,0.021456,0.701006,-0.712398,-0.309,-3.754,-89.066,0.414673,0.008355,-0.012345,0.030034,0.007785,-0.370002
1790937272.293714,1790937272.420007,2.933552,0.230307,0.922658,0.024116,0.021898,0.705143,-0.708317,-0.188,-3.729,-89.737,0.408839,0.015457,-0.013208,0.033229,0.007785,-0.303955
1790937272.327062,1790937272.453197,2.933777,0.225349,0.922512,0.024212,0.022352,0.707971,-0.705473,-0.144,-3.774,-90.198,0.399021,0.025597,-0.015071,-0.037076,-0.038026,-0.163339
1790937272.360410,1790937272.483430,2.935015,0.217463,0.922165,0.025100,0.022438,0.709413,-0.703989,-0.201,-3.853,-90.433,0.388575,0.028497,-0.027509,-0.034945,-0.029510,-0.122859
1790937272.393758,1790937272.506798,2.935655,0.203840,0.921967,0.025603,0.022525,0.711255,-0.702106,-0.225,-3.902,-90.734,0.374680,0.020433,-0.040782,0.002340,-0.026312,-0.203822
1790937272.427105,1790937272.538894,2.935986,0.191977,0.921236,0.025926,0.022908,0.714006,-0.699285,-0.204,-3.960,-91.186,0.350785,0.013548,-0.050923,-0.021096,-0.026312,-0.243239
1790937272.460453,1790937272.570888,2.936220,0.181038,0.920150,0.026148,0.022756,0.716366,-0.696863,-0.221,-3.967,-91.574,0.325475,0.014113,-0.058727,-0.014705,0.043994,-0.160145
1790937272.493801,1790937272.598057,2.936346,0.177209,0.918426,0.025195,0.021689,0.718179,-0.695064,-0.222,-3.804,-91.867,0.295883,0.010061,-0.057944,-0.013639,0.140931,-0.138844
1790937272.527149,1790937272.626362,2.936198,0.167246,0.917445,0.022967,0.019995,0.719850,-0.693461,-0.176,-3.486,-92.134,0.280077,0.003895,-0.036741,0.048148,0.170759,-0.139908
1790937272.560498,1790937272.658437,2.936095,0.158393,0.917274,0.020587,0.019195,0.721216,-0.692138,-0.047,-3.226,-92.356,0.269742,0.004589,-0.005321,0.068388,0.075947,-0.056815
1790937272.593846,1790937272.694125,2.936172,0.149601,0.917983,0.020037,0.019384,0.721131,-0.692237,0.012,-3.195,-92.343,0.261991,0.011508,0.014622,-0.000856,-0.040168,0.068889
1790937272.627195,1790937272.731988,2.936799,0.146956,0.918578,0.021003,0.019957,0.719862,-0.693513,-0.023,-3.320,-92.135,0.253892,0.019744,0.012554,-0.010445,-0.059349,0.154110
1790937272.660543,1790937272.764021,2.937247,0.137849,0.919342,0.021419,0.020197,0.717550,-0.695884,-0.047,-3.374,-91.755,0.257530,0.024547,-0.001413,0.011925,0.016285,0.224421
1790937272.693891,1790937272.799099,2.937886,0.129202,0.919543,0.020800,0.019833,0.714994,-0.698540,-0.040,-3.294,-91.333,0.262469,0.021345,-0.013347,0.019382,0.048244,0.200983
1790937272.727240,1790937272.835190,2.938361,0.120534,0.919608,0.020052,0.020265,0.713089,-0.700493,0.046,-3.267,-91.022,0.267266,0.014358,-0.011228,0.098213,-0.048696,0.123216
1790937272.760588,1790937272.875819,2.939687,0.115222,0.919483,0.020075,0.022362,0.711564,-0.701979,0.209,-3.438,-90.783,0.264443,0.013754,-0.008368,0.058794,-0.104093,0.145585
1790937272.793937,1790937272.909963,2.940013,0.106541,0.919842,0.020608,0.023735,0.709469,-0.704036,0.268,-3.593,-90.449,0.262800,0.014442,-0.005657,0.034293,-0.038045,0.214829
1790937272.827286,1790937272.942539,2.940592,0.098424,0.920310,0.019806,0.024297,0.706800,-0.706719,0.365,-3.574,-90.018,0.257886,0.011219,0.003354,0.119515,0.065285,0.214830
1790937272.860633,1790937272.980527,2.941099,0.090305,0.921250,0.017503,0.024782,0.704300,-0.709254,0.579,-3.429,-89.616,0.251742,0.008858,0.024968,0.113123,0.075938,0.227614
1790937272.893982,1790937273.020236,2.942889,0.083662,0.922816,0.016070,0.025255,0.701120,-0.712415,0.718,-3.355,-89.105,0.246384,0.010796,0.052347,0.067311,-0.011415,0.308577
1790937272.927331,1790937273.052226,2.943281,0.075500,0.925416,0.016780,0.026605,0.697185,-0.716201,0.750,-3.526,-88.481,0.240948,0.007379,0.065737,-0.006192,-0.173342,0.328818
1790937272.960680,1790937273.092871,2.943648,0.067794,0.927994,0.019745,0.028700,0.693421,-0.719691,0.654,-3.939,-87.892,0.230939,0.000279,0.053079,-0.055196,-0.235128,0.286205
1790937272.994029,1790937273.134326,2.944993,0.060874,0.929620,0.023152,0.030026,0.689979,-0.722835,0.458,-4.322,-87.353,0.219101,-0.002732,0.020837,-0.107399,-0.139252,0.289402
1790937273.027377,1790937273.173570,2.945027,0.053683,0.930422,0.025574,0.029683,0.686561,-0.726016,0.208,-4.486,-86.808,0.207797,-0.010211,-0.003861,-0.102073,-0.033787,0.267030
1790937273.060726,1790937273.212049,2.945393,0.047296,0.930452,0.026867,0.028699,0.683745,-0.728662,0.005,-4.506,-86.357,0.195384,-0.020520,-0.018143,-0.045613,0.017346,0.175418
1790937273.094075,1790937273.247932,2.944821,0.040905,0.930298,0.026444,0.028300,0.682416,-0.729937,0.001,-4.439,-86.146,0.185444,-0.036019,-0.020222,0.056655,0.048238,0.044384
1790937273.127424,1790937273.281971,2.943845,0.034930,0.930148,0.025279,0.028333,0.682175,-0.730202,0.100,-4.351,-86.109,0.170852,-0.040937,-0.014456,0.049197,0.035455,0.011361
1790937273.160773,1790937273.314543,2.942837,0.029530,0.930236,0.024254,0.028677,0.682099,-0.730295,0.212,-4.300,-86.099,0.153915,-0.040597,-0.004956,0.066242,0.013083,-0.008878
1790937273.194110,1790937273.347185,2.941841,0.024725,0.930546,0.023547,0.029350,0.682339,-0.730067,0.326,-4.301,-86.141,0.137800,-0.037463,0.001037,0.041739,-0.011416,-0.029119
1790937273.227448,1790937273.380768,2.940978,0.020454,0.930929,0.023271,0.029825,0.682459,-0.729944,0.387,-4.319,-86.164,0.122317,-0.030329,0.002834,0.020434,-0.008223,0.017752
1790937273.260786,1790937273.414948,2.940398,0.016675,0.931319,0.023203,0.030144,0.682031,-0.730334,0.415,-4.340,-86.098,0.111909,-0.023974,0.003045,0.009780,-0.015679,0.053971
1790937273.294124,1790937273.447436,2.940063,0.012928,0.931635,0.023248,0.030362,0.681255,-0.731046,0.424,-4.363,-85.978,0.104555,-0.017181,-0.002348,0.008715,-0.005027,0.077409
1790937273.327461,1790937273.480173,2.939898,0.009613,0.931649,0.023098,0.030289,0.680178,-0.732057,0.424,-4.345,-85.808,0.097629,-0.011854,-0.011490,0.007651,0.025867,0.093388
1790937273.360799,1790937273.518762,2.939898,0.006596,0.931362,0.022669,0.029962,0.679086,-0.733097,0.428,-4.285,-85.635,0.090592,-0.009522,-0.019172,0.008715,0.038649,0.086997
1790937273.394137,1790937273.558023,2.940194,0.004171,0.930815,0.022001,0.029478,0.678109,-0.734040,0.441,-4.193,-85.480,0.082145,-0.010629,-0.022292,0.011909,0.067411,0.055041
1790937273.427475,1790937273.589086,2.939976,0.001643,0.930264,0.020800,0.028781,0.677996,-0.734208,0.487,-4.041,-85.458,0.075150,-0.017628,-0.021056,0.038541,0.081260,-0.048291
1790937273.460813,1790937273.624579,2.939351,-0.000589,0.929826,0.019418,0.028408,0.679049,-0.733286,0.580,-3.901,-85.621,0.068467,-0.024722,-0.014063,0.063044,0.050366,-0.131385
1790937273.494151,1790937273.660473,2.938585,-0.002557,0.929648,0.018273,0.028909,0.680960,-0.731521,0.726,-3.852,-85.924,0.062213,-0.029091,-0.005802,0.056653,0.000297,-0.179324
1790937273.527488,1790937273.693691,2.937822,-0.004303,0.929592,0.017759,0.029633,0.683158,-0.729453,0.837,-3.870,-86.274,0.055940,-0.028844,-0.005542,0.042804,-0.009291,-0.181453
1790937273.560826,1790937273.727604,2.937095,-0.005759,0.929475,0.017129,0.030122,0.685157,-0.727571,0.939,-3.859,-86.592,0.050125,-0.026657,-0.006828,0.040672,0.016275,-0.151626
1790937273.594164,1790937273.766502,2.936584,-0.007052,0.929305,0.016379,0.030512,0.686857,-0.725968,1.041,-3.830,-86.863,0.045860,-0.023575,-0.008046,0.055586,0.010949,-0.130320
1790937273.627502,1790937273.803054,2.935825,-0.004974,0.928989,0.015537,0.031364,0.688238,-0.724641,1.186,-3.833,-87.088,0.040712,-0.022294,-0.008364,0.067304,-0.018885,-0.114335
1790937273.660839,1790937273.831719,2.935323,-0.007033,0.928778,0.015231,0.032740,0.689908,-0.722996,1.330,-3.920,-87.362,0.046710,-0.027045,-0.009940,0.056652,-0.090259,-0.176125
1790937273.694177,1790937273.861421,2.934123,-0.008153,0.928425,0.015994,0.034648,0.692192,-0.720703,1.431,-4.134,-87.740,0.048461,-0.033538,-0.018921,0.032150,-0.139264,-0.212344
1790937273.727515,1790937273.888637,2.932832,-0.009300,0.927494,0.017046,0.036874,0.694920,-0.717939,1.539,-4.395,-88.192,0.044543,-0.040083,-0.041560,0.034281,-0.127546,-0.269870
1790937273.760851,1790937273.923343,2.931351,-0.010227,0.925762,0.017605,0.038277,0.698609,-0.714262,1.629,-4.547,-88.795,0.038757,-0.047596,-0.062962,0.019367,-0.019951,-0.365746
1790937273.794189,1790937273.963788,2.929596,-0.009319,0.923346,0.016756,0.038066,0.703322,-0.709653,1.711,-4.450,-89.553,0.028149,-0.051579,-0.080566,0.009778,0.117467,-0.425402
1790937273.827526,1790937274.003231,2.927627,-0.008122,0.920467,0.014345,0.035752,0.708544,-0.704614,1.749,-4.055,-90.381,0.022179,-0.050207,-0.089972,-0.048811,0.281518,-0.442447
1790937273.860864,1790937274.037169,2.926189,-0.009025,0.917480,0.011177,0.031323,0.713819,-0.699540,1.669,-3.427,-91.208,0.025102,-0.048316,-0.087248,-0.097815,0.331586,-0.452034
1790937273.894202,1790937274.074694,2.923086,-0.014300,0.915036,0.008368,0.026457,0.719714,-0.693715,1.519,-2.794,-92.145,0.040403,-0.057279,-0.075730,-0.110591,0.241048,-0.555363
1790937273.927539,1790937274.120784,2.921821,-0.008574,0.912356,0.007718,0.023674,0.727110,-0.686069,1.367,-2.505,-93.357,0.044133,-0.064256,-0.065014,-0.104206,0.055669,-0.748193
1790937273.960877,1790937274.162993,2.919290,-0.008424,0.910143,0.008620,0.022644,0.736385,-0.676129,1.244,-2.483,-94.912,0.057732,-0.068642,-0.065644,-0.105271,-0.055122,-0.872839
1790937273.994214,1790937274.200105,2.916788,-0.009422,0.907794,0.010368,0.022315,0.746579,-0.664841,1.120,-2.588,-96.654,0.072515,-0.068122,-0.074080,-0.126576,-0.086017,-0.931433
1790937274.027551,1790937274.237612,2.914388,-0.011513,0.905302,0.012660,0.022049,0.757039,-0.652874,0.967,-2.749,-98.474,0.084941,-0.063903,-0.079139,-0.139359,-0.105193,-0.976178
1790937274.060889,1790937274.268127,2.911850,-0.014213,0.902677,0.014968,0.021225,0.767993,-0.639931,0.771,-2.875,-100.414,0.095518,-0.061240,-0.084432,-0.159602,-0.045535,-1.056075
1790937274.094226,1790937274.304042,2.909234,-0.017086,0.899997,0.016257,0.019566,0.779500,-0.625885,0.582,-2.857,-102.490,0.094688,-0.057816,-0.081492,-0.143621,0.046079,-1.124256
1790937274.127564,1790937274.335708,2.906475,-0.019663,0.897606,0.016282,0.016945,0.791895,-0.610205,0.400,-2.663,-104.776,0.093493,-0.067958,-0.067822,-0.147881,0.133433,-1.314944
1790937274.160901,1790937274.365282,2.903042,-0.022068,0.895814,0.014905,0.014662,0.806195,-0.591281,0.345,-2.371,-107.493,0.099189,-0.084032,-0.044220,-0.033895,0.140891,-1.534398
1790937274.194240,1790937274.394933,2.899177,-0.024257,0.895011,0.013454,0.013713,0.821281,-0.570200,0.412,-2.163,-110.465,0.098791,-0.083477,-0.009071,-0.034958,0.024772,-1.531202
1790937274.227580,1790937274.429003,2.895436,-0.026204,0.895339,0.014356,0.013925,0.835172,-0.549626,0.429,-2.252,-113.311,0.095112,-0.078522,0.021128,-0.082897,-0.135020,-1.473677
1790937274.260921,1790937274.460347,2.891604,-0.027773,0.896346,0.017104,0.014189,0.848861,-0.528149,0.345,-2.523,-116.229,0.092093,-0.085444,0.030060,-0.108464,-0.165914,-1.588730
1790937274.294260,1790937274.492706,2.887747,-0.028980,0.897273,0.019893,0.014893,0.862610,-0.505258,0.321,-2.830,-119.290,0.080488,-0.082648,0.018232,-0.080765,-0.175499,-1.578079
1790937274.327600,1790937274.524945,2.884199,-0.029765,0.897667,0.022562,0.015437,0.875192,-0.483003,0.300,-3.119,-122.221,0.069029,-0.076704,0.000200,-0.088223,-0.123298,-1.477940
1790937274.360940,1790937274.560708,2.880908,-0.030132,0.897441,0.024079,0.015553,0.886548,-0.461747,0.306,-3.271,-124.984,0.058935,-0.075668,-0.018032,-0.073310,-0.048725,-1.398043
1790937274.394280,1790937274.594802,2.877869,-0.030064,0.896604,0.024424,0.014869,0.896776,-0.441561,0.293,-3.264,-127.578,0.045637,-0.073285,-0.034715,-0.073310,0.048215,-1.307494
1790937274.427620,1790937274.621670,2.875178,-0.029535,0.895300,0.023243,0.014344,0.906107,-0.422165,0.366,-3.109,-130.047,0.031107,-0.072599,-0.042064,0.008716,0.084438,-1.286187
1790937274.460960,1790937274.659502,2.872760,-0.028473,0.894071,0.021834,0.014499,0.915062,-0.402461,0.514,-2.959,-132.532,0.022913,-0.077716,-0.027861,-0.006197,0.034370,-1.297906
1790937274.494301,1790937274.697202,2.870431,-0.027010,0.893565,0.021509,0.015247,0.923336,-0.383087,0.670,-2.946,-134.951,0.018286,-0.084474,-0.001017,0.043869,-0.044461,-1.237185
1790937274.527641,1790937274.732408,2.868001,-0.024996,0.893843,0.021554,0.017256,0.930931,-0.364149,0.943,-3.021,-137.297,0.016748,-0.099636,0.018248,0.117374,-0.056179,-1.229729
1790937274.560981,1790937274.770285,2.865458,-0.022501,0.894513,0.021284,0.019629,0.937991,-0.345447,1.269,-3.066,-139.598,0.011644,-0.108780,0.025307,0.088610,-0.039133,-1.143441
1790937274.594321,1790937274.807289,2.863149,-0.019553,0.895235,0.021300,0.020836,0.943935,-0.328784,1.453,-3.090,-141.632,-0.000510,-0.113837,0.024985,-0.000874,-0.034870,-0.987908
1790937274.627661,1790937274.844137,2.861008,-0.016045,0.895956,0.021428,0.021163,0.949099,-0.313535,1.534,-3.092,-143.480,-0.007059,-0.131222,0.029151,-0.023247,-0.017824,-0.961274
1790937274.661000,1790937274.884182,2.858701,-0.011994,0.896938,0.021656,0.021398,0.953897,-0.298587,1.601,-3.101,-145.281,-0.006162,-0.143486,0.039241,-0.014726,-0.048717,-0.890965
1790937274.694340,1790937274.918955,2.856327,-0.007697,0.898112,0.022462,0.021470,0.957882,-0.285476,1.625,-3.169,-146.854,-0.004175,-0.146983,0.040320,-0.047752,-0.056174,-0.749281
1790937274.727680,1790937274.956483,2.853870,-0.003322,0.899266,0.023296,0.021093,0.961150,-0.274230,1.594,-3.230,-148.196,0.001216,-0.151234,0.039410,-0.052013,-0.051911,-0.652338
1790937274.761020,1790937274.992481,2.851219,0.001112,0.900435,0.024349,0.020892,0.963895,-0.264341,1.573,-3.324,-149.374,0.007369,-0.154483,0.039027,-0.062667,-0.074282,-0.564983
1790937274.794360,1790937275.034125,2.848376,0.005664,0.901530,0.025702,0.020321,0.966296,-0.255340,1.501,-3.443,-150.441,0.012285,-0.162782,0.035942,-0.039231,-0.075346,-0.571374
1790937274.827700,1790937275.067941,2.845317,0.010437,0.902599,0.026810,0.020204,0.968706,-0.245932,1.490,-3.548,-151.556,0.013697,-0.169441,0.038400,-0.043492,-0.076411,-0.571373
1790937274.861040,1790937275.107982,2.842421,0.015306,0.903784,0.028166,0.019892,0.970810,-0.237357,1.450,-3.677,-152.569,0.005687,-0.167483,0.039817,-0.065863,-0.068953,-0.466974
1790937274.894380,1790937275.140286,2.839866,0.020442,0.904970,0.028755,0.018853,0.972407,-0.230745,1.343,-3.705,-153.346,-0.003799,-0.168611,0.041803,-0.101017,0.023726,-0.333810
1790937274.927720,1790937275.182321,2.837664,0.025585,0.906271,0.028075,0.016755,0.973472,-0.226459,1.143,-3.569,-153.844,-0.007672,-0.167529,0.044088,-0.158544,0.102558,-0.195322
1790937274.961060,1790937275.216667,2.835222,0.031012,0.907670,0.027306,0.013934,0.974314,-0.223097,0.859,-3.407,-154.231,0.001769,-0.176631,0.047428,-0.156412,0.018400,-0.247520
1790937274.994400,1790937275.252280,2.832444,0.036469,0.909130,0.028818,0.012297,0.975454,-0.217964,0.656,-3.531,-154.829,0.012394,-0.188576,0.041766,-0.076516,-0.158437,-0.383880
1790937275.027740,1790937275.292211,2.829288,0.042154,0.910182,0.031927,0.013103,0.977010,-0.210382,0.699,-3.893,-155.720,0.019667,-0.196156,0.020841,0.024687,-0.192527,-0.559654
1790937275.061080,1790937275.327323,2.825706,0.048165,0.910342,0.034052,0.013982,0.979080,-0.200118,0.790,-4.145,-156.925,0.023435,-0.197255,-0.006972,-0.039230,-0.067888,-0.667248
1790937275.094419,1790937275.364383,2.822644,0.053720,0.909689,0.034274,0.012851,0.981088,-0.190069,0.700,-4.137,-158.097,0.016259,-0.182010,-0.027942,-0.137238,0.061012,-0.535151
1790937275.127759,1790937275.406673,2.819663,0.059391,0.908579,0.032731,0.010541,0.982750,-0.181716,0.507,-3.909,-159.065,0.010776,-0.176684,-0.030968,-0.110603,0.147302,-0.521304
1790937275.161099,1790937275.441876,2.816949,0.065068,0.907716,0.030707,0.009283,0.984457,-0.172669,0.441,-3.650,-160.118,0.008666,-0.169666,-0.014225,-0.034967,0.089776,-0.566046
1790937275.194440,1790937275.485296,2.814905,0.070011,0.907644,0.030166,0.009600,0.986029,-0.163540,0.520,-3.591,-161.182,0.009766,-0.150180,0.010172,0.056647,-0.044450,-0.541544
1790937275.227807,1790937275.518480,2.812710,0.074593,0.908120,0.031302,0.011267,0.987346,-0.155055,0.720,-3.744,-162.174,0.010163,-0.121923,0.018536,0.053452,-0.106236,-0.469103
1790937275.261190,1790937275.554971,2.811450,0.077877,0.908596,0.032518,0.012171,0.988364,-0.148090,0.829,-3.892,-162.985,0.003785,-0.086754,0.009519,-0.004072,-0.036992,-0.368967
1790937275.294574,1790937275.587886,2.810211,0.080667,0.908625,0.032175,0.011484,0.989215,-0.142432,0.778,-3.838,-163.639,0.000133,-0.062188,-0.002227,-0.099949,0.072732,-0.323159
1790937275.327958,1790937275.624106,2.809701,0.082432,0.908507,0.030941,0.009746,0.990072,-0.136764,0.622,-3.666,-164.290,0.002670,-0.051374,-0.001387,-0.102080,0.082319,-0.378554
1790937275.361342,1790937275.657051,2.808452,0.084571,0.908565,0.029918,0.008226,0.991078,-0.129624,0.491,-3.522,-165.112,0.008975,-0.052202,0.006473,-0.093556,0.046100,-0.488280
1790937275.394727,1790937275.691760,2.807683,0.086202,0.908889,0.029444,0.007556,0.992242,-0.120547,0.453,-3.454,-166.160,0.012409,-0.055255,0.010076,0.005515,0.023728,-0.620377
1790937275.428111,1790937275.720376,2.806042,0.088452,0.909084,0.028840,0.008789,0.993614,-0.108731,0.643,-3.395,-167.529,0.015382,-0.062586,-0.000070,0.123765,0.027989,-0.821718
1790937275.461497,1790937275.753436,2.805235,0.090241,0.908819,0.027635,0.012180,0.995081,-0.094349,1.092,-3.285,-169.199,0.012730,-0.055989,-0.015381,0.237752,0.066341,-0.898420
1790937275.494882,1790937275.791900,2.803919,0.091867,0.908148,0.025845,0.016606,0.996309,-0.080154,1.661,-3.105,-170.846,0.006403,-0.031204,-0.023061,0.257994,0.069537,-0.790823
1790937275.528267,1790937275.831752,2.803170,0.092541,0.907316,0.023873,0.020320,0.997164,-0.068420,2.138,-2.888,-172.204,0.001495,-0.000337,-0.024879,0.123767,0.103628,-0.645943
1790937275.561653,1790937275.873306,2.802603,0.092212,0.906679,0.021969,0.021295,0.997837,-0.058182,2.292,-2.655,-173.379,0.008399,0.022903,-0.012143,-0.033894,0.059953,-0.595872
1790937275.595039,1790937275.903825,2.802196,0.091382,0.906625,0.022194,0.019616,0.998378,-0.048629,2.123,-2.649,-174.472,0.009131,0.037795,0.004745,-0.192622,-0.116885,-0.540476
1790937275.628426,1790937275.938695,2.802138,0.089958,0.907017,0.025167,0.016295,0.998752,-0.039943,1.752,-2.956,-175.465,0.001605,0.044072,0.013538,-0.213927,-0.196783,-0.488277
1790937275.661813,1790937275.963901,2.802157,0.088640,0.907430,0.027958,0.013452,0.999012,-0.031833,1.440,-3.251,-176.391,-0.007614,0.045961,0.007250,-0.169185,-0.132861,-0.468036
1790937275.695200,1790937275.999875,2.802740,0.087064,0.907465,0.029468,0.010953,0.999209,-0.024344,1.174,-3.407,-177.244,-0.017403,0.053571,-0.005918,-0.158531,-0.047639,-0.403053
1790937275.728587,1790937276.035332,2.803342,0.085308,0.907064,0.029703,0.008629,0.999345,-0.018761,0.926,-3.422,-177.877,-0.022795,0.067767,-0.016089,-0.145748,0.019474,-0.237933
1790937275.761975,1790937276.068514,2.804178,0.082893,0.906425,0.028942,0.006289,0.999435,-0.015894,0.669,-3.328,-178.197,-0.021416,0.080975,-0.020988,-0.146813,0.067413,-0.102640
1790937275.795363,1790937276.099249,2.804758,0.080491,0.905631,0.027780,0.003920,0.999496,-0.014880,0.402,-3.190,-178.305,-0.015423,0.089003,-0.024849,-0.147877,0.061023,-0.019548
1790937275.828752,1790937276.118146,2.805222,0.077482,0.904720,0.027026,0.001950,0.999524,-0.014745,0.178,-3.100,-178.315,-0.010820,0.091448,-0.029265,-0.070110,0.024802,-0.015287
1790937275.862140,1790937276.137952,2.805487,0.074566,0.903659,0.026993,0.001282,0.999537,-0.014013,0.104,-3.095,-178.396,-0.003529,0.087073,-0.034051,-0.032825,-0.015677,-0.073878
1790937275.895529,1790937276.156262,2.805422,0.071726,0.902394,0.027161,0.000760,0.999552,-0.012577,0.048,-3.114,-178.559,0.005726,0.083204,-0.042786,-0.026434,0.006693,-0.093054
1790937275.928918,1790937276.176508,2.805039,0.069022,0.900848,0.026702,0.000674,0.999584,-0.010880,0.044,-3.061,-178.754,0.014842,0.076421,-0.050142,0.003394,0.037587,-0.121816
1790937275.962308,1790937276.195727,2.804362,0.066442,0.899110,0.026128,0.000422,0.999623,-0.008468,0.023,-2.995,-179.030,0.018719,0.067135,-0.056000,-0.061588,0.032260,-0.161231
1790937275.995697,1790937276.224370,2.803624,0.064374,0.897219,0.025556,-0.000862,0.999657,-0.005573,-0.115,-2.928,-179.358,0.018468,0.053473,-0.058599,-0.107396,0.043978,-0.179342
1790937276.029087,1790937276.259412,2.802850,0.062953,0.895346,0.024442,-0.002649,0.999694,-0.002670,-0.311,-2.800,-179.686,0.019432,0.036939,-0.053571,-0.107396,0.087655,-0.148448
1790937276.062477,1790937276.296705,2.801416,0.062593,0.893741,0.022838,-0.004468,0.999729,-0.000507,-0.514,-2.617,-179.930,0.024856,0.018133,-0.042547,-0.115918,0.098311,-0.096248
1790937276.095868,1790937276.329608,2.800466,0.062369,0.892536,0.021117,-0.006243,0.999757,0.000672,-0.714,-2.420,179.938,0.033869,0.001304,-0.032728,-0.086090,0.114289,-0.040854
1790937276.129259,1790937276.358503,2.799016,0.062726,0.891638,0.019143,-0.007183,0.999790,0.001266,-0.821,-2.195,179.871,0.047239,-0.013987,-0.024059,-0.036022,0.111093,-0.038723
1790937276.162650,1790937276.387932,2.797071,0.063388,0.891042,0.017837,-0.007921,0.999807,0.002135,-0.904,-2.046,179.771,0.062684,-0.021743,-0.018055,-0.076503,0.036522,-0.055768
1790937276.196042,1790937276.416486,2.794559,0.064251,0.890498,0.017623,-0.009541,0.999796,0.002646,-1.089,-2.022,179.716,0.080369,-0.020893,-0.021516,-0.097809,0.001368,0.002823
1790937276.229399,1790937276.455873,2.791270,0.065341,0.889730,0.017441,-0.010740,0.999787,0.002542,-1.226,-2.002,179.730,0.101523,-0.023103,-0.032799,-0.048805,0.025870,0.002822
1790937276.262734,1790937276.506079,2.786338,0.067632,0.888558,0.016749,-0.011252,0.999793,0.002447,-1.285,-1.922,179.741,0.124069,-0.023755,-0.046325,-0.013650,0.050372,0.027324
1790937276.296070,1790937276.533259,2.781589,0.067827,0.887030,0.015831,-0.011003,0.999813,0.001655,-1.258,-1.816,179.830,0.146133,-0.019149,-0.053879,0.046005,0.058894,0.056086
1790937276.329406,1790937276.557080,2.775985,0.068540,0.885386,0.014849,-0.010196,0.999837,0.000859,-1.167,-1.703,179.919,0.170985,-0.016453,-0.055109,0.036418,0.061024,0.034781
1790937276.362741,1790937276.578283,2.769675,0.069109,0.883845,0.013923,-0.009699,0.999856,0.000153,-1.112,-1.596,179.998,0.191612,-0.012442,-0.047369,0.033220,0.046110,0.060349
1790937276.396076,1790937276.602199,2.762742,0.069709,0.882682,0.013437,-0.009128,0.999867,-0.001541,-1.049,-1.538,-179.809,0.207409,-0.009459,-0.033087,0.030024,0.012020,0.140244
1790937276.429411,1790937276.630464,2.755315,0.070416,0.882069,0.013156,-0.008754,0.999866,-0.004183,-1.010,-1.503,-179.507,0.221551,-0.013155,-0.014851,0.016177,0.025869,0.175400
1790937276.462746,1790937276.656456,2.747477,0.071101,0.882199,0.012884,-0.008276,0.999857,-0.007128,-0.959,-1.470,-179.171,0.233781,-0.023853,0.010323,0.064114,-0.008221,0.173268
1790937276.496081,1790937276.685565,2.739211,0.071934,0.883189,0.013653,-0.006735,0.999839,-0.009508,-0.787,-1.557,-178.900,0.241747,-0.040163,0.032887,0.115249,-0.096639,0.094436
1790937276.529417,1790937276.722039,2.730572,0.073019,0.884744,0.015580,-0.004843,0.999813,-0.010401,-0.574,-1.780,-178.799,0.247323,-0.053327,0.041404,0.099268,-0.130729,0.001756
1790937276.562752,1790937276.756671,2.718399,0.076146,0.886515,0.017423,-0.003356,0.999793,-0.009913,-0.405,-1.993,-178.857,0.256501,-0.061443,0.035725,0.066246,-0.089184,-0.068549
1790937276.596087,1790937276.780763,2.709606,0.077180,0.887866,0.018596,-0.002355,0.999788,-0.008515,-0.288,-2.129,-179.019,0.257671,-0.062017,0.025541,0.066246,-0.057226,-0.082399
1790937276.629422,1790937276.807498,2.700718,0.078954,0.888909,0.019485,-0.001322,0.999780,-0.007613,-0.169,-2.232,-179.124,0.258541,-0.058618,0.015688,0.039614,-0.052966,0.001757
1790937276.662757,1790937276.833908,2.691868,0.080974,0.889645,0.020427,-0.001005,0.999754,-0.008631,-0.135,-2.340,-179.008,0.264917,-0.055695,0.006087,-0.005127,-0.064685,0.133854
1790937276.696092,1790937276.860012,2.682824,0.083026,0.890041,0.021530,-0.001314,0.999700,-0.011611,-0.179,-2.465,-178.665,0.272111,-0.059650,-0.007159,-0.021106,-0.070012,0.208424
1790937276.729427,1790937276.886236,2.673508,0.085039,0.889986,0.022774,-0.001627,0.999627,-0.015013,-0.226,-2.607,-178.274,0.273102,-0.066620,-0.022341,-0.000865,-0.081730,0.203097
1790937276.762762,1790937276.911853,2.664246,0.086993,0.889556,0.024077,-0.001460,0.999543,-0.018208,-0.218,-2.756,-177.908,0.269657,-0.070909,-0.030052,0.025765,-0.061490,0.171138
1790937276.796097,1790937276.953402,2.654803,0.088683,0.888978,0.024484,-0.000700,0.999494,-0.020283,-0.137,-2.804,-177.672,0.273412,-0.074812,-0.033842,0.049202,0.016274,0.055021
1790937276.829432,1790937276.987719,2.640587,0.091700,0.888941,0.024344,-0.000093,0.999494,-0.020452,-0.068,-2.789,-177.654,0.287429,-0.077675,-0.023746,0.004463,-0.046582,-0.030201
1790937276.862766,1790937277.013207,2.630173,0.093253,0.888779,0.026568,-0.000423,0.999444,-0.020141,-0.110,-3.043,-177.688,0.290771,-0.072466,-0.011499,-0.070107,-0.226617,0.009213
1790937276.896101,1790937277.039486,2.620355,0.095249,0.888895,0.030581,-0.001929,0.999319,-0.020533,-0.293,-3.500,-177.637,0.284630,-0.069420,-0.017987,-0.090348,-0.192527,0.021995
1790937276.929435,1790937277.066639,2.611114,0.097331,0.888711,0.032341,-0.003078,0.999265,-0.020339,-0.429,-3.699,-177.654,0.279124,-0.070150,-0.030123,-0.050933,0.006681,-0.048312
1790937276.962770,1790937277.097534,2.601656,0.099080,0.888371,0.031274,-0.003700,0.999317,-0.019346,-0.494,-3.575,-177.766,0.278589,-0.062857,-0.026935,-0.026430,0.104687,-0.054703
1790937276.996105,1790937277.130483,2.592101,0.100638,0.888367,0.029720,-0.004327,0.999370,-0.018928,-0.561,-3.396,-177.813,0.284071,-0.049882,-0.010707,-0.055193,0.054618,0.023062
1790937277.029440,1790937277.158643,2.582391,0.101874,0.888790,0.029769,-0.005606,0.999349,-0.019599,-0.710,-3.398,-177.732,0.291836,-0.039064,-0.003107,-0.104196,-0.070021,0.053954
1790937277.062774,1790937277.187305,2.572360,0.102694,0.889102,0.031407,-0.007340,0.999274,-0.020267,-0.915,-3.582,-177.648,0.302735,-0.029789,-0.021008,-0.109523,-0.100913,0.021995
1790937277.096109,1790937277.214111,2.561809,0.103061,0.888590,0.032564,-0.008918,0.999236,-0.019660,-1.097,-3.711,-177.710,0.319337,-0.023871,-0.050849,-0.073304,-0.024213,-0.110100
1790937277.129443,1790937277.242074,2.550941,0.103062,0.887185,0.032815,-0.010155,0.999260,-0.017331,-1.231,-3.740,-177.973,0.336339,-0.010384,-0.075531,-0.057324,-0.013560,-0.152711
1790937277.162778,1790937277.267449,2.539171,0.102880,0.885127,0.032889,-0.010601,0.999292,-0.014882,-1.273,-3.751,-178.252,0.354194,0.003817,-0.094275,-0.000862,0.024788,-0.134601
1790937277.196112,1790937277.304330,2.526716,0.102479,0.882653,0.031799,-0.009922,0.999358,-0.013153,-1.187,-3.629,-178.454,0.379676,0.018883,-0.098270,0.072640,0.097230,-0.053639
1790937277.229449,1790937277.334471,2.507115,0.102787,0.881419,0.030398,-0.008708,0.999417,-0.012848,-1.044,-3.471,-178.495,0.412611,0.031427,-0.078433,0.036425,0.043954,0.016666
1790937277.262785,1790937277.362018,2.492752,0.101111,0.879871,0.030441,-0.008778,0.999410,-0.013239,-1.053,-3.475,-178.450,0.429227,0.042207,-0.053681,-0.037080,-0.046591,0.020927
1790937277.296122,1790937277.388673,2.478199,0.099305,0.879364,0.031132,-0.009326,0.999386,-0.013114,-1.117,-3.554,-178.462,0.435784,0.046350,-0.029144,-0.009382,-0.016764,-0.050446
1790937277.329457,1790937277.416593,2.463654,0.097146,0.879718,0.030979,-0.009108,0.999413,-0.011454,-1.086,-3.538,-178.653,0.437465,0.047748,-0.002571,0.012986,0.039696,-0.164433
1790937277.362793,1790937277.442832,2.449083,0.094956,0.880987,0.030474,-0.009121,0.999462,-0.007996,-1.075,-3.484,-179.051,0.443943,0.049084,0.025409,-0.026427,0.014128,-0.240069
1790937277.396130,1790937277.468499,2.434396,0.092888,0.883004,0.030753,-0.009474,0.999475,-0.003731,-1.100,-3.520,-179.538,0.454005,0.052733,0.040972,-0.014709,-0.044462,-0.278419
1790937277.429466,1790937277.508040,2.419423,0.090837,0.885278,0.031992,-0.009192,0.999445,0.001090,-1.051,-3.668,179.909,0.469134,0.059013,0.040073,0.034292,-0.110510,-0.298660
1790937277.462802,1790937277.540004,2.398055,0.089640,0.888580,0.034393,-0.008507,0.999357,0.005570,-0.955,-3.947,179.394,0.486197,0.072982,0.028401,0.015120,-0.163784,-0.227285
1790937277.496138,1790937277.567798,2.381747,0.087404,0.890182,0.037261,-0.008329,0.999233,0.008735,-0.919,-4.279,179.033,0.488457,0.085478,0.009483,-0.004053,-0.156327,-0.156977
1790937277.529474,1790937277.605151,2.365687,0.085129,0.891405,0.039271,-0.008361,0.999136,0.010740,-0.912,-4.511,178.804,0.482587,0.094194,-0.006342,-0.014706,-0.062579,-0.051512
1790937277.562811,1790937277.636342,2.344672,0.083098,0.893342,0.039568,-0.008666,0.999124,0.010542,-0.947,-4.545,178.829,0.476859,0.099291,-0.015695,-0.029616,0.024764,0.067799
1790937277.596147,1790937277.667965,2.328827,0.080010,0.893806,0.039293,-0.009400,0.999139,0.009423,-1.037,-4.514,178.960,0.471698,0.092558,-0.018649,-0.046662,-0.028498,0.047559
1790937277.629483,1790937277.703744,2.313194,0.077509,0.894297,0.040558,-0.010508,0.999082,0.008924,-1.165,-4.659,179.024,0.458152,0.082595,-0.025451,-0.085014,-0.121178,0.004947
1790937277.662818,1790937277.730322,2.298117,0.075335,0.894396,0.042484,-0.011810,0.998980,0.009739,-1.309,-4.882,178.939,0.439146,0.066410,-0.040895,-0.066903,-0.080697,-0.100514
1790937277.696154,1790937277.760406,2.283511,0.073599,0.894079,0.042983,-0.012234,0.998934,0.011519,-1.349,-4.943,178.737,0.425473,0.060056,-0.051255,0.006600,0.033287,-0.061099
1790937277.729490,1790937277.787540,2.269191,0.072186,0.893481,0.041649,-0.012012,0.998995,0.011405,-1.325,-4.789,178.747,0.418379,0.058211,-0.053039,0.018319,0.124903,0.077389
1790937277.762825,1790937277.815480,2.254903,0.071041,0.893000,0.039430,-0.011397,0.999108,0.009900,-1.264,-4.532,178.915,0.421648,0.047128,-0.041885,0.059867,0.120642,0.077389
1790937277.796161,1790937277.840937,2.240549,0.070022,0.892913,0.038303,-0.010125,0.999175,0.008932,-1.123,-4.400,179.019,0.426767,0.038307,-0.030223,0.080108,-0.001868,0.035842
1790937277.829497,1790937277.875923,2.226131,0.069152,0.892955,0.039014,-0.009143,0.999163,0.008269,-1.013,-4.480,179.091,0.430412,0.035670,-0.036285,0.034300,-0.067914,0.056083
1790937277.862833,1790937277.928372,2.211693,0.068489,0.892536,0.039839,-0.008628,0.999143,0.007130,-0.958,-4.573,179.221,0.437421,0.030762,-0.057960,0.026842,-0.018910,0.078454
1790937277.896168,1790937277.958160,2.196858,0.068280,0.891383,0.039712,-0.008429,0.999160,0.005650,-0.942,-4.557,179.390,0.445940,0.021528,-0.081742,-0.000852,0.026896,0.090173
1790937277.929504,1790937277.989325,2.181499,0.068048,0.889549,0.039226,-0.008279,0.999187,0.004277,-0.932,-4.500,179.546,0.456813,0.008160,-0.100670,0.033235,0.024765,0.060346
1790937277.962839,1790937278.025595,2.165678,0.068117,0.887252,0.038933,-0.007366,0.999208,0.003705,-0.829,-4.466,179.607,0.470782,-0.005895,-0.111118,0.074782,0.008786,-0.002505
1790937277.996175,1790937278.057462,2.149387,0.068593,0.884852,0.039037,-0.005951,0.999211,0.004294,-0.664,-4.477,179.534,0.485408,-0.018487,-0.107520,0.073718,-0.040216,-0.066422
1790937278.029510,1790937278.099090,2.132639,0.069524,0.882851,0.040516,-0.005501,0.999152,0.004865,-0.609,-4.647,179.467,0.497797,-0.021107,-0.091462,-0.020027,-0.142485,0.019865
1790937278.062846,1790937278.129954,2.104155,0.070996,0.883448,0.043031,-0.005799,0.999050,0.003632,-0.648,-4.935,179.611,0.510994,-0.027431,-0.076656,0.000216,-0.133969,0.117872
1790937278.096181,1790937278.151853,2.091955,0.072525,0.882080,0.043996,-0.005725,0.999015,0.001067,-0.653,-5.044,179.906,0.499207,-0.040100,-0.069196,0.044958,0.047129,0.195642
1790937278.129517,1790937278.181762,2.075245,0.074228,0.881346,0.041834,-0.005059,0.999108,-0.002784,-0.595,-4.794,-179.656,0.494121,-0.050138,-0.062028,0.026847,0.210120,0.260625
1790937278.162852,1790937278.216964,2.058605,0.076022,0.880981,0.038302,-0.005604,0.999226,-0.007002,-0.674,-4.385,-179.171,0.494977,-0.058185,-0.040772,-0.062635,0.158985,0.223339
1790937278.196186,1790937278.252356,2.042220,0.077624,0.881251,0.037423,-0.006577,0.999232,-0.009621,-0.797,-4.282,-178.867,0.488941,-0.066208,-0.023193,-0.029610,-0.041290,0.094438
1790937278.229522,1790937278.283759,2.026252,0.079241,0.881725,0.037886,-0.006836,0.999197,-0.011135,-0.834,-4.333,-178.691,0.475039,-0.062963,-0.024164,0.015129,0.033279,0.105092
1790937278.262857,1790937278.346362,2.004133,0.082174,0.883600,0.036056,-0.006173,0.999240,-0.013461,-0.764,-4.123,-178.429,0.474919,-0.059253,-0.017378,0.079051,0.155784,0.151966
1790937278.296192,1790937278.383704,1.988470,0.083486,0.884310,0.034333,-0.004804,0.999280,-0.015413,-0.612,-3.926,-178.212,0.480891,-0.056796,-0.000863,0.044963,-0.015727,0.064612
1790937278.329527,1790937278.420463,1.972455,0.084693,0.885460,0.036511,-0.004617,0.999190,-0.016252,-0.598,-4.176,-178.114,0.480569,-0.048710,-0.002975,-0.011497,-0.246896,0.041176
1790937278.362863,1790937278.455547,1.956603,0.085631,0.886096,0.040705,-0.005062,0.999014,-0.016960,-0.661,-4.655,-178.028,0.469084,-0.041263,-0.037760,-0.042391,-0.202154,0.047567
1790937278.396198,1790937278.491651,1.941051,0.086285,0.885473,0.042104,-0.005478,0.998933,-0.018152,-0.717,-4.814,-177.888,0.450859,-0.032922,-0.077285,0.020460,0.063104,0.116810
1790937278.429533,1790937278.525279,1.926282,0.087249,0.883764,0.039386,-0.005017,0.998995,-0.020798,-0.670,-4.501,-177.588,0.436028,-0.027473,-0.087683,0.060942,0.254856,0.173273
1790937278.462868,1790937278.560481,1.911503,0.087447,0.882301,0.034722,-0.003789,0.999121,-0.023193,-0.527,-3.968,-177.322,0.428100,-0.028573,-0.062831,0.105685,0.265509,0.099767
1790937278.496203,1790937278.601232,1.896995,0.087383,0.881810,0.031475,-0.002480,0.999207,-0.024246,-0.372,-3.599,-177.208,0.426000,-0.022876,-0.024328,0.053485,0.098258,0.032654
1790937278.529538,1790937278.643201,1.866422,0.088320,0.884070,0.030931,-0.001935,0.999219,-0.024529,-0.309,-3.538,-177.178,0.437181,-0.016274,-0.002730,0.016200,-0.043426,-0.003565
1790937278.562873,1790937278.678636,1.861822,0.088369,0.884331,0.032111,-0.001817,0.999190,-0.024197,-0.298,-3.674,-177.216,0.434690,-0.008880,-0.012174,0.002355,-0.060473,-0.045107
1790937278.596207,1790937278.708337,1.847394,0.087766,0.884401,0.032296,-0.001659,0.999219,-0.022711,-0.275,-3.696,-177.387,0.442115,-0.001056,-0.043524,0.001289,0.047120,-0.139918
1790937278.629542,1790937278.741687,1.832176,0.087076,0.883542,0.031356,-0.001727,0.999306,-0.020052,-0.270,-3.589,-177.692,0.457558,0.011632,-0.062195,-0.017885,0.038597,-0.156964
1790937278.662876,1790937278.775118,1.816104,0.085903,0.882329,0.031397,-0.002156,0.999343,-0.017976,-0.312,-3.593,-177.929,0.473846,0.030158,-0.070240,-0.057301,-0.038101,-0.079198
1790937278.696211,1790937278.814975,1.799373,0.084398,0.880849,0.032205,-0.003774,0.999319,-0.017595,-0.498,-3.683,-177.967,0.492870,0.049990,-0.080192,-0.147850,-0.043427,0.051833
1790937278.729545,1790937278.846319,1.781995,0.082183,0.879185,0.032867,-0.006448,0.999258,-0.019012,-0.812,-3.752,-177.793,0.510355,0.063447,-0.082092,-0.175548,-0.033840,0.108292
1790937278.762880,1790937278.874824,1.764158,0.079472,0.877832,0.033568,-0.009434,0.999184,-0.020384,-1.161,-3.824,-177.624,0.523537,0.064653,-0.062816,-0.164895,-0.041298,0.061419
1790937278.796214,1790937278.903176,1.746377,0.076634,0.877422,0.033930,-0.011709,0.999133,-0.021080,-1.426,-3.859,-177.535,0.519274,0.066481,-0.030198,-0.095650,0.013031,0.022003
1790937278.829549,1790937278.935732,1.729097,0.073669,0.878088,0.033268,-0.012559,0.999150,-0.020869,-1.521,-3.782,-177.557,0.507001,0.067018,0.003284,-0.013623,0.068428,-0.035521
1790937278.862883,1790937278.966306,1.712099,0.070840,0.879775,0.032051,-0.012443,0.999212,-0.019850,-1.501,-3.644,-177.676,0.504501,0.067587,0.034592,0.011942,0.054579,-0.090917
1790937278.896218,1790937279.002878,1.695318,0.067871,0.882288,0.032251,-0.012048,0.999256,-0.017364,-1.447,-3.671,-177.963,0.506085,0.064666,0.053129,0.037510,-0.108410,-0.218752
1790937278.929552,1790937279.041925,1.669794,0.066094,0.886435,0.035256,-0.010768,0.999230,-0.013402,-1.290,-4.024,-178.418,0.506878,0.068795,0.043508,0.086515,-0.224529,-0.229403
1790937278.962887,1790937279.072461,1.654701,0.062915,0.888347,0.038164,-0.009078,0.999173,-0.010710,-1.089,-4.363,-178.730,0.497523,0.080407,0.013199,0.093973,-0.084976,-0.095176
1790937278.996221,1790937279.112603,1.638041,0.060089,0.889641,0.038316,-0.007819,0.999185,-0.010035,-0.942,-4.382,-178.813,0.496238,0.083129,-0.008376,0.035381,0.029009,0.006025
1790937279.029555,1790937279.154542,1.615764,0.058275,0.891692,0.038290,-0.007376,0.999186,-0.010337,-0.893,-4.380,-178.780,0.502207,0.075884,-0.014842,0.038579,-0.055149,0.001768
1790937279.062889,1790937279.187264,1.596071,0.055187,0.892098,0.040076,-0.006497,0.999129,-0.009642,-0.791,-4.586,-178.863,0.500914,0.062887,-0.024936,0.048166,-0.157417,-0.098370
1790937279.096222,1790937279.219561,1.579547,0.052186,0.892155,0.042598,-0.005826,0.999049,-0.007265,-0.705,-4.878,-179.137,0.481502,0.052734,-0.047838,0.019402,-0.100956,-0.183594
1790937279.129556,1790937279.253654,1.563638,0.050303,0.891528,0.043072,-0.005280,0.999050,-0.004098,-0.627,-4.935,-179.503,0.456801,0.047268,-0.069730,0.041772,0.054576,-0.182530
1790937279.162890,1790937279.285548,1.548210,0.048674,0.890452,0.041192,-0.004732,0.999139,-0.001722,-0.552,-4.721,-179.780,0.440325,0.047429,-0.068674,0.002359,0.157910,-0.082391
1790937279.196224,1790937279.320905,1.533056,0.047244,0.889633,0.038481,-0.005128,0.999245,-0.001718,-0.597,-4.410,-179.780,0.433508,0.048653,-0.048903,-0.054102,0.147256,0.080598
1790937279.229568,1790937279.355386,1.517869,0.045933,0.889451,0.036481,-0.006204,0.999309,-0.003448,-0.727,-4.179,-179.578,0.438128,0.041109,-0.027768,-0.065819,0.075881,0.107229
1790937279.262924,1790937279.389172,1.503462,0.044677,0.889613,0.036124,-0.007498,0.999307,-0.004964,-0.882,-4.136,-179.399,0.443233,0.030915,-0.020713,-0.083929,-0.039169,0.082727
1790937279.296281,1790937279.421201,1.488088,0.043781,0.889747,0.037404,-0.009102,0.999236,-0.006807,-1.074,-4.280,-179.179,0.445699,0.022807,-0.037911,-0.102040,-0.094564,0.143448
1790937279.329638,1790937279.445430,1.472581,0.043194,0.889111,0.038700,-0.010695,0.999151,-0.009258,-1.269,-4.424,-178.889,0.452874,0.008071,-0.068688,-0.064755,-0.048756,0.144515
1790937279.362994,1790937279.467932,1.456616,0.042996,0.887570,0.038655,-0.011016,0.999127,-0.011344,-1.316,-4.416,-178.648,0.465107,-0.009272,-0.095766,0.048166,0.050314,0.098707
1790937279.396351,1790937279.491805,1.440186,0.043051,0.885449,0.037708,-0.009289,0.999168,-0.012482,-1.121,-4.308,-178.526,0.480505,-0.021003,-0.104862,0.141911,0.033269,0.033724
1790937279.429708,1790937279.524285,1.423594,0.043150,0.883234,0.037632,-0.006435,0.999189,-0.012765,-0.794,-4.303,-178.506,0.499666,-0.024810,-0.097911,0.200503,-0.038102,-0.016343
1790937279.463066,1790937279.554989,1.395945,0.044437,0.882421,0.038820,-0.003579,0.999162,-0.012450,-0.467,-4.444,-178.554,0.521842,-0.026776,-0.085561,0.111018,-0.104151,-0.016341
1790937279.496423,1790937279.579797,1.379008,0.045190,0.881038,0.040651,-0.002306,0.999086,-0.012995,-0.326,-4.656,-178.496,0.522335,-0.025967,-0.074088,0.067340,-0.094564,0.089121
1790937279.529779,1790937279.602889,1.361354,0.045769,0.880188,0.041298,-0.001267,0.999030,-0.015204,-0.218,-4.731,-178.247,0.509481,-0.029478,-0.062911,0.052427,0.040727,0.186062
1790937279.563137,1790937279.626394,1.344555,0.045899,0.879725,0.039729,-0.000588,0.999026,-0.019201,-0.155,-4.552,-177.792,0.503321,-0.032200,-0.039250,0.050296,0.119558,0.316027
1790937279.596494,1790937279.651472,1.327575,0.046649,0.880128,0.038021,-0.000280,0.998960,-0.025165,-0.142,-4.356,-177.109,0.498110,-0.039936,-0.014913,0.014077,0.063099,0.377815
1790937279.629852,1790937279.682063,1.310778,0.047388,0.881111,0.037394,-0.000849,0.998825,-0.030813,-0.230,-4.281,-176.458,0.491678,-0.059022,-0.003820,-0.062622,0.024747,0.277677
1790937279.663209,1790937279.725055,1.294575,0.048261,0.882352,0.037031,-0.002165,0.998727,-0.034173,-0.394,-4.233,-176.066,0.489779,-0.080142,0.003603,-0.056231,0.005573,0.108294
1790937279.696567,1790937279.741186,1.278079,0.050075,0.883888,0.037748,-0.002800,0.998678,-0.034784,-0.472,-4.313,-175.993,0.494178,-0.095803,0.014147,-0.014684,-0.119066,-0.039780
1790937279.729925,1790937279.768435,1.253836,0.052384,0.886234,0.040681,-0.002695,0.998603,-0.033601,-0.467,-4.650,-176.127,0.497047,-0.099963,0.008208,0.016209,-0.225596,-0.095174
1790937279.763283,1790937279.826063,1.236791,0.054852,0.887425,0.044334,-0.001976,0.998498,-0.032121,-0.391,-5.072,-176.298,0.483741,-0.097156,-0.018100,0.057754,-0.188310,-0.083455
1790937279.796641,1790937279.861161,1.221721,0.057348,0.887837,0.046686,-0.000694,0.998439,-0.030640,-0.244,-5.347,-176.473,0.466833,-0.092194,-0.039902,0.084386,-0.075388,-0.107957
1790937279.830000,1790937279.885414,1.206346,0.059072,0.887887,0.047240,0.000825,0.998454,-0.029275,-0.064,-5.416,-176.638,0.447708,-0.078122,-0.043685,0.079059,0.001310,-0.040843
1790937279.863358,1790937279.919885,1.191628,0.060554,0.887905,0.046915,0.002128,0.998447,-0.029952,0.083,-5.383,-176.567,0.426501,-0.054459,-0.037264,0.069473,0.040727,0.140255
1790937279.896716,1790937279.967622,1.177742,0.061216,0.888066,0.045910,0.002658,0.998385,-0.033364,0.129,-5.270,-176.178,0.408724,-0.030284,-0.028880,0.009816,0.086535,0.272352
1790937279.930075,1790937280.000308,1.164213,0.061127,0.888479,0.044284,0.001586,0.998288,-0.038182,-0.012,-5.079,-175.619,0.394711,-0.012874,-0.021076,-0.102039,0.109971,0.286201
1790937279.963434,1790937280.032574,1.150951,0.060313,0.889038,0.043060,-0.000530,0.998177,-0.042278,-0.270,-4.929,-175.138,0.388827,-0.005138,-0.015755,-0.106299,0.024747,0.191390
1790937279.996791,1790937280.069773,1.137710,0.059095,0.889542,0.043389,-0.002054,0.998074,-0.044278,-0.457,-4.958,-174.900,0.389299,-0.003209,-0.024048,-0.080732,-0.058345,0.039052
1790937280.030150,1790937280.108250,1.095008,0.055059,0.890876,0.044116,-0.003367,0.998047,-0.044093,-0.610,-5.035,-174.914,0.410773,0.003240,-0.050236,-0.076478,-0.019989,-0.050434
1790937280.063509,1790937280.136948,1.097887,0.055368,0.889416,0.043810,-0.004462,0.998103,-0.043018,-0.729,-4.995,-175.032,0.408622,0.010662,-0.075658,-0.051971,0.071620,-0.058951
1790937280.096868,1790937280.158757,1.083967,0.053505,0.887859,0.042736,-0.004780,0.998188,-0.042078,-0.756,-4.871,-175.140,0.423721,0.021754,-0.087589,0.014075,0.041791,-0.062147
1790937280.130227,1790937280.180648,1.069214,0.051378,0.886026,0.042543,-0.004598,0.998251,-0.040779,-0.727,-4.851,-175.291,0.442611,0.033282,-0.096151,-0.022144,-0.018929,-0.079192
1790937280.163586,1790937280.219012,1.053631,0.048837,0.883887,0.043120,-0.005596,0.998256,-0.039937,-0.841,-4.913,-175.382,0.460871,0.047728,-0.109808,-0.105237,-0.033843,-0.014208
1790937280.196945,1790937280.256553,1.037475,0.045954,0.881472,0.043528,-0.007290,0.998243,-0.039542,-1.035,-4.952,-175.418,0.476408,0.052168,-0.112975,-0.094584,-0.008277,-0.042971
1790937280.230296,1790937280.278308,1.021446,0.043330,0.879407,0.043671,-0.008707,0.998273,-0.038325,-1.192,-4.964,-175.551,0.482671,0.049655,-0.096121,-0.100974,0.000245,-0.086648
1790937280.263630,1790937280.323989,1.005091,0.040319,0.878025,0.043200,-0.010956,0.998326,-0.036866,-1.441,-4.902,-175.709,0.472972,0.050228,-0.066726,-0.156370,0.087599,-0.086648
1790937280.296963,1790937280.358392,0.989046,0.037348,0.877736,0.041185,-0.013199,0.998465,-0.034593,-1.679,-4.665,-175.963,0.467150,0.042451,-0.026736,-0.118020,0.155779,-0.194244
1790937280.330296,1790937280.392429,0.972878,0.034660,0.878762,0.039479,-0.014997,0.998639,-0.030592,-1.861,-4.470,-176.418,0.466229,0.038171,0.016505,-0.103107,0.008768,-0.250704
1790937280.363629,1790937280.434386,0.957360,0.032096,0.880828,0.041524,-0.015907,0.998656,-0.026633,-1.954,-4.709,-176.864,0.465988,0.039204,0.033882,-0.001904,-0.237314,-0.227268
1790937280.396962,1790937280.467930,0.928759,0.027531,0.883800,0.045641,-0.014969,0.998579,-0.023102,-1.842,-5.190,-177.266,0.469072,0.044296,0.011612,0.096098,-0.206420,-0.200633
1790937280.430295,1790937280.487744,0.914765,0.025583,0.885072,0.047556,-0.012795,0.998572,-0.020709,-1.584,-5.419,-177.549,0.459097,0.056942,-0.021592,0.119535,-0.007212,-0.087713
1790937280.463628,1790937280.520525,0.899675,0.023041,0.885555,0.046684,-0.011236,0.998636,-0.020504,-1.402,-5.324,-177.582,0.455710,0.070390,-0.030857,0.060944,0.072686,0.074210
1790937280.496960,1790937280.563028,0.887654,0.019942,0.886443,0.046166,-0.010783,0.998626,-0.022330,-1.358,-5.263,-177.376,0.453829,0.074203,-0.022008,-0.000840,-0.032781,0.105111
1790937280.530293,1790937280.594458,0.858861,0.014897,0.887063,0.047833,-0.010785,0.998536,-0.022845,-1.366,-5.453,-177.314,0.454113,0.063811,-0.020675,0.014068,-0.174462,-0.070666
1790937280.563626,1790937280.614959,0.843893,0.011941,0.887541,0.050851,-0.009990,0.998447,-0.020465,-1.269,-5.804,-177.587,0.434518,0.053544,-0.035877,0.054549,-0.144634,-0.203827
1790937280.596959,1790937280.635253,0.829674,0.009504,0.887481,0.052100,-0.009474,0.998443,-0.017540,-1.195,-5.953,-177.925,0.412012,0.050827,-0.053694,-0.033870,0.018355,-0.122865
1790937280.630292,1790937280.691524,0.815916,0.007602,0.887037,0.050826,-0.010154,0.998523,-0.016293,-1.263,-5.807,-178.066,0.393976,0.039240,-0.055568,-0.045588,0.135539,-0.034445
1790937280.663624,1790937280.723971,0.802689,0.006347,0.886777,0.048319,-0.010581,0.998655,-0.015558,-1.303,-5.519,-178.152,0.385049,0.014117,-0.036147,0.002351,0.146192,-0.073861
1790937280.696957,1790937280.747123,0.790916,0.005659,0.887327,0.046529,-0.010180,0.998772,-0.013615,-1.243,-5.317,-178.380,0.384982,-0.011410,-0.010520,0.037504,0.053510,-0.158019
1790937280.730289,1790937280.790855,0.777847,0.005673,0.888327,0.046632,-0.009776,0.998804,-0.010946,-1.183,-5.333,-178.689,0.387969,-0.024318,-0.005064,-0.020021,-0.060474,-0.143105
1790937280.763622,1790937280.832950,0.764541,0.006192,0.889101,0.047881,-0.010271,0.998757,-0.009244,-1.232,-5.477,-178.881,0.392461,-0.030257,-0.025580,-0.046653,-0.067931,-0.048294
1790937280.796954,1790937280.865060,0.744232,0.005241,0.889279,0.048388,-0.011118,0.998725,-0.009140,-1.329,-5.535,-178.887,0.402885,-0.033233,-0.057784,-0.038134,0.021552,0.045449
1790937280.830287,1790937280.888016,0.731013,0.006474,0.888249,0.047652,-0.011460,0.998745,-0.010287,-1.374,-5.448,-178.754,0.409583,-0.039871,-0.083510,0.008737,0.054577,0.084865
1790937280.863618,1790937280.916897,0.717109,0.007495,0.886587,0.047024,-0.011228,0.998764,-0.011544,-1.353,-5.375,-178.612,0.420538,-0.047444,-0.097637,0.019390,0.015160,0.051842
1790937280.896950,1790937280.935651,0.702237,0.008617,0.884581,0.046899,-0.011083,0.998764,-0.012155,-1.340,-5.360,-178.543,0.433101,-0.050322,-0.105803,0.011932,-0.001885,0.028404
1790937280.930282,1790937280.986410,0.686797,0.009765,0.882457,0.046866,-0.010917,0.998757,-0.012960,-1.325,-5.355,-178.451,0.445257,-0.048932,-0.107900,0.015127,0.013029,0.080604
1790937280.963614,1790937281.024144,0.671137,0.011122,0.880379,0.046135,-0.010873,0.998765,-0.014870,-1.329,-5.269,-178.233,0.446513,-0.049258,-0.103430,0.010867,0.087600,0.161567
1790937280.996946,1790937281.053723,0.655584,0.012504,0.878660,0.043818,-0.010411,0.998820,-0.018180,-1.288,-5.000,-177.858,0.433415,-0.054202,-0.085469,0.062000,0.206915,0.239333
1790937281.030278,1790937281.087628,0.640367,0.013945,0.877642,0.039586,-0.009205,0.998922,-0.022446,-1.159,-4.512,-177.380,0.428689,-0.060746,-0.051595,0.102483,0.272963,0.276619
1790937281.063610,1790937281.140057,0.625149,0.015588,0.877598,0.035630,-0.008104,0.998966,-0.027042,-1.041,-4.057,-176.862,0.433323,-0.065483,-0.015262,0.044958,0.145127,0.240397
1790937281.096942,1790937281.173113,0.600927,0.014475,0.879378,0.034722,-0.008012,0.998915,-0.029983,-1.039,-3.950,-176.526,0.449159,-0.073878,0.008107,0.001277,-0.058343,0.089125
1790937281.130274,1790937281.199160,0.585260,0.015706,0.880681,0.036522,-0.008467,0.998824,-0.030726,-1.101,-4.154,-176.436,0.453772,-0.073589,0.002957,-0.067968,-0.135042,0.016683
1790937281.163605,1790937281.233769,0.569663,0.016901,0.881678,0.038370,-0.009919,0.998732,-0.031032,-1.275,-4.360,-176.392,0.453144,-0.068083,-0.017482,-0.091404,-0.051949,0.028401
1790937281.196937,1790937281.259667,0.554047,0.018116,0.882087,0.038586,-0.011107,0.998695,-0.031553,-1.415,-4.380,-176.327,0.455263,-0.063873,-0.032975,-0.032812,0.020490,0.043317
1790937281.230269,1790937281.282773,0.538684,0.019101,0.882155,0.038516,-0.010951,0.998674,-0.032370,-1.400,-4.371,-176.234,0.457921,-0.058316,-0.035249,0.038560,-0.038099,0.063558
1790937281.263603,1790937281.310921,0.523309,0.019963,0.882293,0.040201,-0.009993,0.998565,-0.033926,-1.304,-4.566,-176.056,0.456295,-0.050970,-0.034356,0.074781,-0.178718,0.130671
1790937281.296936,1790937281.356580,0.508199,0.020677,0.882184,0.043185,-0.008595,0.998356,-0.036689,-1.169,-4.910,-175.741,0.440414,-0.040648,-0.054237,0.090760,-0.132910,0.190328
1790937281.330269,1790937281.398547,0.482996,0.018005,0.882533,0.043257,-0.007605,0.998218,-0.040386,-1.074,-4.919,-175.320,0.425264,-0.026472,-0.079619,0.050276,0.139804,0.239330
1790937281.363602,1790937281.421229,0.467827,0.017537,0.880958,0.038949,-0.007105,0.998227,-0.044451,-1.014,-4.424,-174.861,0.416654,-0.020543,-0.070017,0.054538,0.335818,0.227614
1790937281.396935,1790937281.452042,0.452944,0.016624,0.880358,0.034085,-0.006727,0.998256,-0.047735,-0.958,-3.865,-174.492,0.417615,-0.020732,-0.027508,0.020447,0.177090,0.148781
1790937281.430269,1790937281.482939,0.440220,0.015070,0.880549,0.033497,-0.006729,0.998198,-0.049322,-0.961,-3.796,-174.311,0.412749,-0.021583,-0.004108,0.008727,-0.103081,0.032663
1790937281.463602,1790937281.525583,0.417586,0.011028,0.881835,0.036072,-0.006659,0.998128,-0.048940,-0.966,-4.092,-174.351,0.416900,-0.022823,-0.027821,0.002334,-0.158474,-0.102626
1790937281.496935,1790937281.561676,0.403312,0.010157,0.881107,0.037722,-0.006082,0.998187,-0.046516,-0.899,-4.286,-174.630,0.418698,-0.023321,-0.079114,0.060922,-0.018921,-0.185720
1790937281.530268,1790937281.582577,0.388164,0.009447,0.878834,0.037179,-0.004985,0.998357,-0.043312,-0.757,-4.233,-175.004,0.427629,-0.018409,-0.123937,0.042812,0.073758,-0.195307
1790937281.563601,1790937281.605068,0.372199,0.008925,0.875407,0.035692,-0.004906,0.998534,-0.040385,-0.728,-4.065,-175.342,0.441120,-0.011859,-0.149339,-0.054128,0.101456,-0.132453
1790937281.596934,1790937281.647147,0.356478,0.008399,0.871252,0.033807,-0.006431,0.998644,-0.039054,-0.889,-3.843,-175.491,0.457027,-0.007514,-0.160270,-0.120176,0.139806,-0.023794
1790937281.630267,1790937281.675991,0.340279,0.007722,0.866923,0.031452,-0.008339,0.998728,-0.038505,-1.095,-3.565,-175.550,0.476114,-0.014177,-0.149539,-0.093544,0.131284,-0.065340
1790937281.663600,1790937281.712452,0.323696,0.006956,0.863288,0.029997,-0.009957,0.998847,-0.036138,-1.266,-3.394,-175.818,0.481270,-0.025804,-0.120457,-0.089282,0.044995,-0.242181
1790937281.696933,1790937281.743973,0.299726,0.003004,0.861562,0.029345,-0.010920,0.999036,-0.030764,-1.356,-3.323,-176.433,0.470175,-0.026016,-0.085117,-0.036022,0.071630,-0.404103
1790937281.730265,1790937281.773003,0.284516,0.002764,0.860133,0.027274,-0.010991,0.999292,-0.023451,-1.334,-3.095,-177.275,0.456554,-0.014644,-0.047123,0.027894,0.192007,-0.442454
1790937281.763597,1790937281.816104,0.268992,0.002299,0.860042,0.024129,-0.010220,0.999515,-0.016828,-1.219,-2.745,-178.042,0.454938,0.004724,-0.006985,0.023632,0.129156,-0.325271
1790937281.796930,1790937281.859273,0.247240,-0.001851,0.861538,0.023917,-0.010644,0.999580,-0.012431,-1.255,-2.725,-178.545,0.459179,0.025390,0.015381,-0.066920,-0.121186,-0.202762
1790937281.830262,1790937281.896531,0.234357,-0.002284,0.862626,0.027039,-0.011347,0.999526,-0.009382,-1.331,-3.086,-178.889,0.458951,0.033278,0.010143,-0.024306,-0.233042,-0.172934
1790937281.863595,1790937281.930539,0.216359,-0.004840,0.863795,0.030938,-0.010892,0.999441,-0.006467,-1.273,-3.537,-179.219,0.453346,0.043112,-0.014750,0.058782,-0.203213,-0.163351
1790937281.896927,1790937281.956230,0.200024,-0.007089,0.863756,0.033112,-0.009693,0.999395,-0.004321,-1.129,-3.790,-179.467,0.437748,0.053277,-0.042063,0.043867,-0.035962,-0.090910
1790937281.930259,1790937281.986686,0.185048,-0.008982,0.863239,0.032938,-0.008928,0.999412,-0.003183,-1.037,-3.772,-179.601,0.428004,0.052589,-0.042304,0.068370,0.037543,-0.054689
1790937281.963592,1790937282.014137,0.165276,-0.012087,0.863438,0.032846,-0.007637,0.999429,-0.002060,-0.884,-3.763,-179.735,0.423893,0.047510,-0.027396,0.081151,-0.058332,-0.110087
1790937281.996924,1790937282.041085,0.152377,-0.013556,0.863550,0.034846,-0.006200,0.999373,0.000643,-0.709,-3.994,179.951,0.405847,0.036836,-0.021645,0.087542,-0.173384,-0.231530
1790937282.030256,1790937282.070738,0.139640,-0.014507,0.863528,0.037706,-0.004840,0.999265,0.005011,-0.534,-4.325,179.445,0.377358,0.029391,-0.035137,0.055583,-0.141424,-0.290120
1790937282.063588,1790937282.103477,0.127661,-0.014952,0.863079,0.038771,-0.003845,0.999198,0.009273,-0.400,-4.448,178.952,0.348334,0.028899,-0.048236,0.026821,0.038609,-0.180393
1790937282.096920,1790937282.156150,0.116030,-0.015316,0.862306,0.037094,-0.003828,0.999248,0.010621,-0.394,-4.256,178.797,0.324890,0.030796,-0.048397,-0.025376,0.146204,0.026272
1790937282.130252,1790937282.193889,0.100226,-0.015347,0.862165,0.034979,-0.004405,0.999336,0.009235,-0.469,-4.014,178.957,0.317329,0.024203,-0.031740,-0.041353,0.081222,0.124283
1790937282.163584,1790937282.215178,0.090550,-0.016157,0.862062,0.034461,-0.005170,0.999367,0.007231,-0.565,-3.954,179.190,0.312167,0.014835,-0.017010,-0.059464,-0.010392,0.115760
1790937282.196915,1790937282.246128,0.080226,-0.016368,0.862242,0.034896,-0.006504,0.999356,0.005331,-0.725,-4.003,179.414,0.308971,0.008474,-0.017621,-0.082901,-0.041286,0.133870
1790937282.230248,1790937282.273330,0.069946,-0.016336,0.862126,0.035704,-0.007887,0.999328,0.002386,-0.896,-4.094,179.758,0.301854,0.006739,-0.034724,-0.061593,-0.042351,0.230812
1790937282.263582,1790937282.310688,0.059672,-0.016140,0.861294,0.035766,-0.008579,0.999321,-0.001943,-0.993,-4.097,-179.742,0.296326,0.002781,-0.059815,0.003390,0.042872,0.284076
1790937282.296917,1790937282.347118,0.049413,-0.016075,0.859744,0.034493,-0.008175,0.999350,-0.006546,-0.964,-3.947,-179.216,0.297834,-0.001954,-0.075154,0.065176,0.095071,0.251053
1790937282.330251,1790937282.390923,0.038496,-0.016204,0.857961,0.033171,-0.006430,0.999378,-0.010059,-0.776,-3.794,-178.821,0.304691,-0.004155,-0.071130,0.148268,0.043937,0.158373
1790937282.363585,1790937282.419177,0.022642,-0.016420,0.856841,0.033021,-0.003822,0.999372,-0.012298,-0.485,-3.779,-178.574,0.315546,0.001328,-0.053418,0.155727,-0.043412,0.125352
1790937282.396920,1790937282.437083,0.011917,-0.017610,0.856059,0.034053,-0.001366,0.999303,-0.015222,-0.216,-3.900,-178.247,0.314953,0.014493,-0.032416,0.141877,-0.080697,0.230817
1790937282.430254,1790937282.475341,0.001162,-0.018169,0.855977,0.034941,0.001070,0.999191,-0.019870,0.043,-4.006,-177.723,0.304162,0.015310,-0.017051,0.158922,-0.013583,0.318170
1790937282.463588,1790937282.524502,-0.009171,-0.018880,0.856315,0.034100,0.003336,0.999082,-0.025701,0.282,-3.917,-177.062,0.291111,0.005849,-0.004170,0.131226,0.103598,0.366109
1790937282.496922,1790937282.562989,-0.025274,-0.018877,0.857657,0.032480,0.005461,0.998957,-0.031612,0.509,-3.740,-176.392,0.287607,-0.014454,0.019909,0.147206,0.042879,0.309648
1790937282.530256,1790937282.590895,-0.033931,-0.019131,0.859123,0.032833,0.007601,0.998795,-0.035686,0.737,-3.792,-175.932,0.275348,-0.038656,0.033383,0.123769,-0.079629,0.160507
1790937282.563590,1790937282.622571,-0.045343,-0.018088,0.860894,0.034008,0.008854,0.998677,-0.037537,0.869,-3.933,-175.725,0.266483,-0.056064,0.017795,-0.014717,-0.028492,0.088068
1790937282.596924,1790937282.645011,-0.053843,-0.017063,0.861743,0.033873,0.007434,0.998636,-0.039029,0.701,-3.913,-175.548,0.255865,-0.069416,0.001767,-0.105269,0.037555,0.080612
1790937282.630258,1790937282.686097,-0.062374,-0.015307,0.862203,0.033513,0.006051,0.998636,-0.039585,0.542,-3.865,-175.478,0.249748,-0.094235,-0.008577,-0.040285,0.007725,-0.018460
1790937282.663590,1790937282.722902,-0.070957,-0.012994,0.862282,0.033636,0.006089,0.998659,-0.038883,0.548,-3.879,-175.559,0.244545,-0.107766,-0.018621,0.025760,-0.016774,-0.041895
1790937282.696924,1790937282.754183,-0.079420,-0.010105,0.861981,0.033645,0.006216,0.998659,-0.038864,0.563,-3.881,-175.562,0.237004,-0.104898,-0.031760,-0.021111,0.031164,0.045457
1790937282.730258,1790937282.781864,-0.087761,-0.007112,0.861252,0.032527,0.005754,0.998638,-0.040387,0.509,-3.752,-175.385,0.224023,-0.094155,-0.042863,-0.016850,0.099341,0.155184
1790937282.763591,1790937282.799995,-0.095944,-0.004304,0.860178,0.030560,0.005100,0.998534,-0.044381,0.429,-3.525,-174.923,0.203618,-0.076091,-0.048231,-0.032827,0.140889,0.336281
1790937282.796925,1790937282.853619,-0.103218,-0.002076,0.859062,0.028372,0.004427,0.998299,-0.050738,0.342,-3.273,-174.191,0.180981,-0.066595,-0.040972,-0.017912,0.118517,0.412982
1790937282.830258,1790937282.890877,-0.109221,-0.000369,0.858262,0.026703,0.003810,0.997993,-0.057286,0.261,-3.080,-173.437,0.161235,-0.065829,-0.026104,-0.030696,0.088690,0.345869
1790937282.863592,1790937282.918669,-0.116020,0.001946,0.858439,0.025581,0.002670,0.997757,-0.061798,0.124,-2.945,-172.915,0.147054,-0.068660,-0.010369,-0.095677,0.058861,0.192466
1790937282.896925,1790937282.959866,-0.120871,0.002952,0.858425,0.024981,0.000901,0.997642,-0.063914,-0.080,-2.864,-172.667,0.134725,-0.070553,0.002419,-0.088222,0.010924,0.051848
1790937282.930258,1790937282.991717,-0.124921,0.005560,0.859473,0.025759,-0.000379,0.997652,-0.063462,-0.231,-2.943,-172.715,0.127880,-0.075855,0.012809,-0.095677,-0.106257,-0.078120
1790937282.963592,1790937283.025887,-0.128565,0.007357,0.859912,0.028130,-0.002023,0.997689,-0.061818,-0.431,-3.203,-172.897,0.119655,-0.075511,0.002626,-0.103135,-0.147805,-0.116470
1790937282.996925,1790937283.058114,-0.132330,0.009065,0.859936,0.030125,-0.002962,0.997777,-0.059364,-0.545,-3.426,-173.174,0.110016,-0.077054,-0.015915,-0.010456,-0.062581,-0.192105
1790937283.030258,1790937283.078664,-0.136427,0.010754,0.859457,0.030447,-0.002423,0.998004,-0.055282,-0.471,-3.469,-173.645,0.110521,-0.079749,-0.028362,0.059852,0.014119,-0.302896
1790937283.063591,1790937283.112181,-0.140400,0.012490,0.858676,0.030237,-0.001201,0.998280,-0.050221,-0.312,-3.454,-174.231,0.103851,-0.073741,-0.033345,0.058784,0.003466,-0.291177
1790937283.096923,1790937283.164149,-0.143973,0.014314,0.857811,0.030108,-0.000431,0.998494,-0.045867,-0.208,-3.445,-174.734,0.094532,-0.066739,-0.031458,0.028956,0.022641,-0.252825
1790937283.130256,1790937283.197067,-0.147961,0.014783,0.857943,0.029231,0.000165,0.998728,-0.041089,-0.119,-3.348,-175.285,0.091696,-0.068097,-0.021925,0.066239,0.090819,-0.356151
1790937283.163589,1790937283.218814,-0.154449,0.016776,0.857210,0.027716,0.001895,0.999032,-0.034107,0.109,-3.182,-176.092,0.091778,-0.077860,-0.010598,0.135482,0.046078,-0.499970
1790937283.196922,1790937283.264009,-0.157761,0.018898,0.857124,0.027982,0.004563,0.999272,-0.025516,0.441,-3.219,-177.087,0.086964,-0.081678,-0.003303,0.146135,-0.099866,-0.522341
1790937283.230255,1790937283.295454,-0.163353,0.019155,0.857646,0.030197,0.006780,0.999366,-0.017592,0.717,-3.474,-178.005,0.086164,-0.073676,-0.008259,0.118432,-0.152064,-0.442433
1790937283.263588,1790937283.322192,-0.166888,0.022041,0.857157,0.032253,0.009072,0.999386,-0.010251,1.003,-3.707,-178.857,0.087703,-0.072093,-0.022427,0.124824,-0.083884,-0.462677
1790937283.296922,1790937283.359634,-0.171998,0.022570,0.856712,0.032695,0.011233,0.999400,-0.001974,1.282,-3.750,-179.816,0.092595,-0.072849,-0.031592,0.106710,0.025840,-0.541502
1790937283.330256,1790937283.386996,-0.175579,0.025212,0.855826,0.031734,0.013135,0.999386,0.006914,1.533,-3.626,179.159,0.094289,-0.072800,-0.027056,0.067294,0.057799,-0.510610
1790937283.363590,1790937283.416789,-0.183779,0.024929,0.855513,0.030991,0.014383,0.999302,0.015083,1.704,-3.526,178.218,0.101351,-0.070972,-0.013696,0.072614,0.001343,-0.503139
1790937283.396923,1790937283.455616,-0.186920,0.027583,0.855227,0.031018,0.015524,0.999102,0.024342,1.868,-3.510,177.151,0.102032,-0.081564,-0.012135,0.000176,-0.006113,-0.629913
1790937283.430257,1790937283.491061,-0.193960,0.028322,0.855079,0.030819,0.015058,0.998772,0.035737,1.853,-3.468,175.845,0.106831,-0.088188,-0.019601,-0.075465,-0.009305,-0.753476
1790937283.463590,1790937283.525612,-0.197248,0.031923,0.854381,0.030927,0.014103,0.998205,0.049308,1.791,-3.460,174.290,0.110475,-0.102841,-0.025856,-0.085053,-0.039133,-0.886643
1790937283.496923,1790937283.561277,-0.201166,0.033798,0.853613,0.031687,0.013045,0.997292,0.065078,1.731,-3.526,172.480,0.119158,-0.111061,-0.029128,-0.101037,-0.091330,-1.013402
1790937283.530256,1790937283.596106,-0.202601,0.036976,0.852657,0.032748,0.010923,0.995983,0.082615,1.560,-3.637,170.467,0.123740,-0.116655,-0.034558,-0.203309,-0.071089,-1.082637
1790937283.563589,1790937283.625681,-0.203594,0.040799,0.851695,0.033392,0.007719,0.994287,0.101083,1.269,-3.718,168.349,0.133228,-0.123512,-0.032641,-0.236335,-0.073221,-1.132704
1790937283.596922,1790937283.654533,-0.205463,0.045528,0.850926,0.034517,0.004530,0.992127,0.120296,0.993,-3.865,166.140,0.140894,-0.129352,-0.025734,-0.206509,-0.130750,-1.158272
1790937283.630255,1790937283.689171,-0.208150,0.050674,0.850297,0.036872,0.001829,0.989570,0.139239,0.798,-4.156,163.952,0.141071,-0.127138,-0.027141,-0.172420,-0.182951,-1.122052
1790937283.663588,1790937283.717296,-0.210768,0.055910,0.849474,0.038804,-0.000779,0.986707,0.157804,0.615,-4.406,161.804,0.134005,-0.126260,-0.041672,-0.183074,-0.078553,-1.140163
1790937283.696921,1790937283.755140,-0.213160,0.061290,0.848163,0.038858,-0.002548,0.983334,0.177588,0.505,-4.435,159.506,0.129753,-0.131225,-0.050645,-0.117026,0.020518,-1.276520
1790937283.730254,1790937283.792173,-0.215180,0.066972,0.846822,0.037962,-0.003132,0.979089,0.199836,0.519,-4.335,156.909,0.121989,-0.139811,-0.044120,-0.095719,0.043953,-1.435248
1790937283.763587,1790937283.824546,-0.216700,0.072781,0.845664,0.036873,-0.004776,0.974010,0.223433,0.412,-4.242,154.145,0.111086,-0.140487,-0.041180,-0.234208,0.033299,-1.434183
1790937283.796920,1790937283.856010,-0.217564,0.078648,0.844506,0.035446,-0.007332,0.968320,0.247077,0.191,-4.144,151.365,0.102307,-0.151298,-0.042274,-0.184141,0.063128,-1.504491
1790937283.830253,1790937283.893638,-0.217523,0.084842,0.843311,0.033833,-0.008586,0.961626,0.272133,0.109,-3.999,148.394,0.093138,-0.164745,-0.041660,-0.115961,0.066323,-1.582258
1790937283.863586,1790937283.927178,-0.216889,0.091092,0.842195,0.033028,-0.008919,0.954261,0.297011,0.149,-3.918,145.418,0.082042,-0.164925,-0.036132,-0.077611,-0.001857,-1.505558
1790937283.896918,1790937283.965970,-0.215612,0.096987,0.841253,0.033388,-0.009694,0.946676,0.320305,0.174,-3.981,142.608,0.067870,-0.163748,-0.029853,-0.101048,-0.066837,-1.430987
1790937283.930251,1790937284.001626,-0.213656,0.102599,0.840445,0.034739,-0.010604,0.938656,0.342936,0.225,-4.157,139.852,0.055910,-0.167032,-0.027751,-0.047784,-0.127561,-1.473597
1790937283.963583,1790937284.035290,-0.211000,0.107861,0.839507,0.036709,-0.011196,0.929703,0.366305,0.349,-4.385,136.978,0.044912,-0.162403,-0.034979,-0.053109,-0.125431,-1.511950
1790937283.996915,1790937284.068122,-0.208302,0.112523,0.838322,0.038681,-0.012521,0.920532,0.388546,0.403,-4.643,134.216,0.036762,-0.140195,-0.040149,-0.134073,-0.168044,-1.303151
1790937284.030247,1790937284.099874,-0.205980,0.116342,0.836869,0.040178,-0.015664,0.912889,0.405923,0.231,-4.938,132.045,0.024567,-0.116739,-0.051663,-0.253385,-0.114778,-0.944147
1790937284.063580,1790937284.135615,-0.203411,0.119581,0.834914,0.039414,-0.019093,0.906737,0.419417,-0.090,-5.019,130.358,0.011182,-0.120718,-0.064406,-0.192663,0.039689,-0.863184
1790937284.096912,1790937284.170647,-0.200045,0.122904,0.832843,0.037696,-0.020036,0.900107,0.433572,-0.194,-4.890,128.569,0.004708,-0.149283,-0.057496,-0.086133,0.072711,-1.014458
1790937284.130244,1790937284.205505,-0.195622,0.126482,0.831222,0.037043,-0.020079,0.892343,0.449386,-0.146,-4.828,126.546,-0.002156,-0.174408,-0.039572,-0.039260,-0.015708,-1.078376
1790937284.163576,1790937284.239364,-0.190360,0.130132,0.830065,0.037767,-0.020218,0.884159,0.465218,-0.035,-4.910,124.498,-0.012114,-0.192377,-0.029933,-0.027542,-0.061516,-1.033635
1790937284.196908,1790937284.271359,-0.184314,0.133402,0.828989,0.038757,-0.020502,0.876303,0.479762,0.072,-5.025,122.597,-0.022897,-0.199170,-0.030826,-0.037129,-0.054059,-0.949477
1790937284.230242,1790937284.304710,-0.177812,0.136313,0.827799,0.039280,-0.020930,0.868633,0.493453,0.138,-5.100,120.794,-0.034201,-0.204614,-0.034042,-0.069087,-0.019971,-0.924977
1790937284.263575,1790937284.343575,-0.170847,0.138684,0.826526,0.039490,-0.021160,0.861044,0.506553,0.205,-5.132,119.054,-0.046726,-0.205748,-0.032771,-0.025410,-0.026364,-0.888758
1790937284.296908,1790937284.383750,-0.163654,0.140564,0.825322,0.040376,-0.020897,0.853385,0.519295,0.361,-5.199,117.342,-0.053771,-0.204469,-0.027602,0.019331,-0.055128,-0.889826
1790937284.330242,1790937284.421445,-0.156417,0.142017,0.824265,0.041517,-0.020561,0.846013,0.531145,0.536,-5.284,115.732,-0.056348,-0.191015,-0.021879,-0.008366,-0.037020,-0.759860
1790937284.363575,1790937284.459306,-0.149895,0.143060,0.823493,0.041676,-0.020801,0.839627,0.541163,0.586,-5.307,114.367,-0.052583,-0.177288,-0.009048,-0.062696,-0.008260,-0.662920
1790937284.396909,1790937284.494897,-0.143704,0.143920,0.823211,0.042129,-0.020988,0.833806,0.550048,0.653,-5.356,113.145,-0.050338,-0.168067,0.007232,0.020395,-0.076438,-0.612852
1790937284.430241,1790937284.531942,-0.137830,0.144533,0.823325,0.044350,-0.021177,0.828245,0.558207,0.831,-5.573,112.003,-0.048104,-0.158617,0.015012,0.024657,-0.160595,-0.544676
1790937284.463574,1790937284.557849,-0.131937,0.145076,0.823465,0.046824,-0.022066,0.823646,0.564737,0.952,-5.858,111.078,-0.049270,-0.146924,0.009807,0.006546,-0.149943,-0.396601
1790937284.496907,1790937284.586529,-0.126701,0.145104,0.823227,0.048943,-0.022745,0.820027,0.569775,1.064,-6.096,110.358,-0.057660,-0.144776,-0.010262,0.023591,-0.102006,-0.374230
1790937284.530240,1790937284.615072,-0.120668,0.145081,0.822152,0.049832,-0.022988,0.816201,0.575156,1.141,-6.188,109.596,-0.063352,-0.145939,-0.029938,-0.031803,-0.000806,-0.401932
1790937284.563573,1790937284.643511,-0.115523,0.144619,0.820699,0.049516,-0.022697,0.812373,0.580589,1.188,-6.131,108.831,-0.069953,-0.142895,-0.037981,0.004416,0.043937,-0.411518
1790937284.596906,1790937284.669149,-0.109437,0.144068,0.818985,0.049342,-0.021711,0.808035,0.586663,1.314,-6.039,107.969,-0.078987,-0.146465,-0.038751,0.029981,0.021564,-0.483963
1790937284.630239,1790937284.696715,-0.104210,0.143123,0.817299,0.049665,-0.020823,0.803350,0.593067,1.467,-5.998,107.051,-0.086437,-0.139502,-0.039359,0.029982,0.014108,-0.463722
1790937284.663572,1790937284.724885,-0.098378,0.141944,0.815426,0.049667,-0.020038,0.798850,0.599141,1.584,-5.933,106.178,-0.089161,-0.131943,-0.044689,-0.028608,0.037543,-0.437091
1790937284.696905,1790937284.764748,-0.093704,0.140364,0.813453,0.048689,-0.019875,0.794713,0.604703,1.572,-5.821,105.385,-0.089507,-0.117017,-0.049066,-0.043521,0.037543,-0.391283
1790937284.730237,1790937284.796063,-0.088549,0.138951,0.811326,0.048683,-0.019656,0.790979,0.609586,1.628,-5.796,104.677,-0.088941,-0.102622,-0.050030,0.008676,-0.047681,-0.339087
1790937284.763570,1790937284.839052,-0.084771,0.137155,0.809252,0.050077,-0.019911,0.787765,0.613614,1.733,-5.931,104.078,-0.089908,-0.085005,-0.051957,0.034244,-0.109467,-0.267712
1790937284.796902,1790937284.870923,-0.080652,0.135300,0.806930,0.051365,-0.020061,0.785124,0.616878,1.837,-6.051,103.589,-0.094700,-0.072495,-0.061343,0.006545,0.001320,-0.254933
1790937284.830235,1790937284.896232,-0.077539,0.132993,0.804398,0.049984,-0.019265,0.782119,0.620822,1.839,-5.860,103.023,-0.091862,-0.066926,-0.064601,-0.073351,0.168571,-0.345482
1790937284.863566,1790937284.930631,-0.075036,0.130717,0.802132,0.047220,-0.018054,0.778324,0.625825,1.785,-5.515,102.311,-0.084931,-0.058395,-0.049793,-0.047784,0.128089,-0.404074
1790937284.896899,1790937284.956328,-0.071990,0.129276,0.800348,0.046050,-0.017733,0.774013,0.631244,1.766,-5.375,101.519,-0.078842,-0.048429,-0.039839,-0.064828,-0.011463,-0.422186
1790937284.930231,1790937284.994592,-0.070382,0.127185,0.798511,0.045383,-0.018641,0.769337,0.636957,1.677,-5.369,100.677,-0.076549,-0.035733,-0.056887,-0.107438,0.040735,-0.474385
1790937284.963563,1790937285.026362,-0.069230,0.125780,0.795930,0.042810,-0.018410,0.763744,0.643835,1.554,-5.112,99.669,-0.068732,-0.029909,-0.082866,-0.102112,0.199464,-0.596896
1790937284.996896,1790937285.063637,-0.067850,0.124055,0.792727,0.039385,-0.016648,0.757070,0.651933,1.503,-4.666,98.473,-0.056339,-0.019171,-0.094478,-0.058434,0.204790,-0.641637
1790937285.030228,1790937285.101878,-0.067830,0.122765,0.789541,0.037381,-0.015544,0.750246,0.659918,1.495,-4.393,97.273,-0.037995,-0.002642,-0.093486,-0.041388,0.027951,-0.624592
1790937285.063560,1790937285.135717,-0.067606,0.122817,0.786202,0.037168,-0.016175,0.743504,0.667502,1.469,-4.408,96.110,-0.018018,0.014987,-0.099399,-0.076544,-0.070055,-0.583046
1790937285.096892,1790937285.162785,-0.069077,0.122984,0.782756,0.037354,-0.017568,0.737001,0.674630,1.409,-4.518,95.004,-0.008292,0.033535,-0.111499,-0.088260,-0.063662,-0.579848
1790937285.130224,1790937285.192520,-0.070325,0.123017,0.778865,0.036550,-0.019065,0.730137,0.682056,1.266,-4.553,93.850,-0.003658,0.044797,-0.123133,-0.157504,0.017298,-0.637375
1790937285.163556,1790937285.232840,-0.073153,0.123059,0.774770,0.033986,-0.020438,0.722419,0.690317,1.000,-4.435,92.565,-0.001635,0.045607,-0.125597,-0.217160,0.056716,-0.707680
1790937285.196887,1790937285.273779,-0.075385,0.123977,0.770765,0.031423,-0.022869,0.714237,0.698824,0.647,-4.408,91.225,-0.007716,0.042889,-0.114359,-0.249118,-0.083901,-0.678917
1790937285.230220,1790937285.318913,-0.078659,0.124682,0.767075,0.030575,-0.027164,0.706363,0.706668,0.278,-4.680,89.964,-0.023455,0.039857,-0.109216,-0.234199,-0.198951,-0.659739
1790937285.263555,1790937285.354553,-0.081900,0.125031,0.763394,0.031036,-0.031245,0.698165,0.714581,0.042,-5.048,88.667,-0.030084,0.034417,-0.109372,-0.105297,-0.194688,-0.685301
1790937285.296890,1790937285.389870,-0.082822,0.124277,0.759503,0.032401,-0.033710,0.690166,0.722139,0.015,-5.360,87.405,-0.034152,0.030537,-0.122003,-0.060554,-0.126509,-0.612860
1790937285.330224,1790937285.429983,-0.085159,0.123235,0.755022,0.032766,-0.035456,0.683521,0.728332,-0.043,-5.534,86.366,-0.040253,0.035509,-0.142867,-0.099969,-0.071110,-0.457320
1790937285.363559,1790937285.468263,-0.088455,0.123647,0.749754,0.032761,-0.037133,0.678728,0.732718,-0.138,-5.675,85.626,-0.041427,0.043483,-0.163220,-0.041374,-0.098807,-0.319893
1790937285.396894,1790937285.496875,-0.089618,0.122927,0.743823,0.033706,-0.038856,0.675211,0.735829,-0.165,-5.895,85.089,-0.048950,0.038082,-0.185648,-0.057354,-0.127571,-0.228279
1790937285.430229,1790937285.525729,-0.090924,0.122057,0.736931,0.035292,-0.040478,0.672894,0.737787,-0.138,-6.155,84.740,-0.062394,0.031631,-0.217377,0.028933,-0.136092,-0.133466
1790937285.463563,1790937285.544941,-0.091738,0.120492,0.728747,0.036686,-0.041548,0.671563,0.738872,-0.092,-6.354,84.541,-0.080430,0.022486,-0.262155,-0.009415,-0.060455,-0.058896
1790937285.496898,1790937285.564033,-0.092269,0.118518,0.718919,0.036597,-0.042058,0.671668,0.738752,-0.140,-6.390,84.562,-0.098986,0.019017,-0.310726,-0.022200,0.017310,0.090244
1790937285.530233,1790937285.588907,-0.092675,0.116074,0.707387,0.036012,-0.041972,0.673811,0.736831,-0.201,-6.337,84.895,-0.117599,0.018726,-0.361734,-0.028592,0.040747,0.263886
1790937285.563567,1790937285.615081,-0.093075,0.113249,0.694004,0.034949,-0.041875,0.677723,0.733292,-0.317,-6.245,85.507,-0.130773,0.018874,-0.417378,-0.017939,0.037551,0.366154
1790937285.596902,1790937285.646391,-0.093451,0.110224,0.678773,0.034300,-0.042067,0.682558,0.728813,-0.428,-6.208,86.269,-0.145733,0.014267,-0.471385,-0.027528,0.003461,0.422613
1790937285.630237,1790937285.684416,-0.093628,0.106776,0.661566,0.032694,-0.042941,0.687697,0.723989,-0.675,-6.151,87.091,-0.167250,0.005443,-0.533169,-0.120209,0.055660,0.438592
1790937285.663571,1790937285.728984,-0.093498,0.103183,0.642261,0.030069,-0.043814,0.693170,0.718812,-1.009,-6.008,87.972,-0.170049,0.002418,-0.594449,-0.111686,0.074836,0.483335
1790937285.696906,1790937285.760337,-0.090122,0.098858,0.620727,0.027640,-0.044098,0.698899,0.713324,-1.279,-5.828,88.895,-0.181140,-0.001602,-0.657564,-0.082925,0.096143,0.471613
1790937285.730240,1790937285.793323,-0.090489,0.095465,0.597272,0.025137,-0.044248,0.704477,0.707900,-1.541,-5.628,89.798,-0.194051,0.004535,-0.720217,-0.090380,0.067380,0.481200
1790937285.763573,1790937285.824880,-0.087247,0.091552,0.571693,0.023565,-0.044967,0.710077,0.702292,-1.771,-5.545,90.717,-0.192458,0.004308,-0.774243,-0.058423,-0.023168,0.482258
1790937285.796908,1790937285.862260,-0.087259,0.088007,0.544524,0.023572,-0.046223,0.715465,0.696719,-1.917,-5.632,91.615,-0.197859,0.013666,-0.829897,-0.010485,-0.086020,0.437518
1790937285.830242,1790937285.890139,-0.084593,0.084559,0.515170,0.024101,-0.046601,0.719858,0.692135,-1.943,-5.693,92.346,-0.207558,0.015847,-0.894122,0.038516,0.036486,0.329913
1790937285.863576,1790937285.922755,-0.084361,0.080630,0.483983,0.023118,-0.044675,0.723274,0.688726,-1.887,-5.450,92.893,-0.205013,0.018696,-0.941041,0.076868,0.202673,0.238300
1790937285.896910,1790937285.956963,-0.081238,0.076911,0.451651,0.020842,-0.041338,0.725538,0.686624,-1.804,-4.992,93.236,-0.192430,0.016565,-0.958935,0.039581,0.230372,0.157327
1790937285.930244,1790937286.003444,-0.081100,0.073725,0.419272,0.019790,-0.038575,0.727287,0.684963,-1.667,-4.682,93.501,-0.182463,0.026316,-0.959290,0.113086,0.056727,0.125370
1790937285.963579,1790937286.035972,-0.078987,0.070829,0.386766,0.020896,-0.037449,0.728264,0.683953,-1.493,-4.684,93.655,-0.185101,0.020839,-0.965665,0.056625,-0.029560,0.016700
1790937285.996912,1790937286.058893,-0.078864,0.067273,0.353930,0.020823,-0.036917,0.728000,0.684265,-1.452,-4.637,93.606,-0.192078,0.022225,-0.979639,0.018273,0.098275,-0.046147
1790937286.030247,1790937286.083811,-0.078715,0.063489,0.320681,0.018831,-0.034671,0.727496,0.684977,-1.416,-4.295,93.502,-0.192778,0.030440,-0.988913,0.011882,0.251677,-0.070650
1790937286.063581,1790937286.129315,-0.078809,0.059535,0.287518,0.016632,-0.030510,0.725939,0.686881,-1.232,-3.788,93.208,-0.182131,0.019627,-0.973183,0.188722,0.261266,-0.252815
1790937286.096915,1790937286.161918,-0.077815,0.057310,0.255418,0.016633,-0.024564,0.722755,0.690467,-0.720,-3.323,92.639,-0.164332,0.014049,-0.933019,0.260095,0.225044,-0.271998
1790937286.130249,1790937286.202627,-0.078058,0.053938,0.224926,0.015807,-0.020448,0.721119,0.692329,-0.436,-2.930,92.345,-0.144043,0.031215,-0.879425,0.023600,0.185627,-0.017390
1790937286.163582,1790937286.240179,-0.078618,0.053155,0.196495,0.014313,-0.018434,0.721689,0.691824,-0.390,-2.646,92.430,-0.116471,0.032716,-0.819333,0.032122,0.100403,0.087002
1790937286.196915,1790937286.259912,-0.078608,0.050227,0.169920,0.013791,-0.017758,0.722778,0.690714,-0.380,-2.549,92.607,-0.102321,0.024882,-0.764687,-0.026467,-0.001866,0.112569
1790937286.230249,1790937286.296857,-0.078898,0.048067,0.145209,0.013613,-0.018253,0.724169,0.689247,-0.440,-2.572,92.841,-0.092361,0.017527,-0.710748,-0.070144,0.000265,0.129615
1790937286.263583,1790937286.332412,-0.079512,0.048794,0.122418,0.012356,-0.019231,0.725818,0.687507,-0.627,-2.544,93.119,-0.081497,0.017045,-0.653193,-0.083993,0.026896,0.175425
1790937286.296918,1790937286.359431,-0.079573,0.046432,0.101573,0.011062,-0.019738,0.727851,0.685362,-0.778,-2.474,93.461,-0.075763,0.007623,-0.587486,-0.026467,0.021569,0.154116
1790937286.330252,1790937286.383036,-0.079333,0.045043,0.083172,0.011999,-0.019554,0.728294,0.684881,-0.691,-2.537,93.535,-0.060443,-0.015768,-0.514623,0.119476,-0.090285,-0.106879
1790937286.363586,1790937286.423341,-0.078774,0.043938,0.066908,0.014442,-0.019445,0.726607,0.686627,-0.483,-2.733,93.252,-0.060741,-0.019069,-0.460987,0.049167,-0.094546,-0.140967
1790937286.396920,1790937286.464271,-0.080140,0.044460,0.052276,0.015840,-0.019831,0.725471,0.687784,-0.401,-2.881,93.065,-0.058254,-0.017027,-0.418359,0.069407,-0.061524,-0.114328
1790937286.430254,1790937286.484803,-0.079043,0.043004,0.038875,0.017707,-0.019267,0.723571,0.689753,-0.198,-2.992,92.747,-0.055789,-0.026536,-0.381600,0.087516,-0.064719,-0.192096
1790937286.463588,1790937286.513979,-0.078270,0.041843,0.026552,0.019307,-0.019207,0.721825,0.691540,-0.059,-3.121,92.457,-0.056841,-0.015432,-0.355869,0.045971,-0.058328,-0.111133
1790937286.496921,1790937286.554359,-0.077770,0.040692,0.014888,0.020067,-0.018958,0.720445,0.692962,0.028,-3.164,92.227,-0.059105,-0.015722,-0.337179,0.012945,0.048200,-0.145222
1790937286.530255,1790937286.590511,-0.080205,0.041953,0.004095,0.018841,-0.017856,0.718941,0.694586,0.029,-2.975,91.973,-0.045474,-0.011797,-0.310700,-0.009424,0.138749,-0.113257
1790937286.563589,1790937286.611156,-0.078948,0.040623,-0.005919,0.016767,-0.016207,0.717810,0.695849,0.004,-2.672,91.780,-0.034686,-0.016097,-0.286299,-0.012619,0.180295,-0.094082
1790937286.596923,1790937286.651063,-0.078366,0.040030,-0.015153,0.014459,-0.014055,0.716774,0.697014,0.000,-2.311,91.601,-0.028339,-0.017795,-0.265662,-0.032860,0.193080,-0.103669
1790937286.630256,1790937286.696786,-0.077683,0.039509,-0.023566,0.011258,-0.012358,0.715298,0.698619,-0.112,-1.912,91.354,-0.030115,-0.028887,-0.233796,-0.105301,0.217581,-0.176110
1790937286.663589,1790937286.730386,-0.079723,0.042349,-0.030426,0.007376,-0.012126,0.713122,0.700896,-0.399,-1.577,90.996,-0.032017,-0.035998,-0.183517,-0.169220,0.096136,-0.160123
1790937286.696922,1790937286.754020,-0.078219,0.040870,-0.035892,0.006328,-0.012663,0.711879,0.702159,-0.524,-1.535,90.795,-0.053739,-0.032864,-0.149095,0.025728,-0.001871,-0.053595
1790937286.730255,1790937286.805806,-0.077246,0.038861,-0.041052,0.005292,-0.011697,0.712293,0.701764,-0.529,-1.373,90.860,-0.078664,-0.006462,-0.161013,0.054491,0.242082,0.137091
1790937286.763589,1790937286.836222,-0.079860,0.040103,-0.046644,0.001382,-0.005886,0.714779,0.699324,-0.371,-0.585,91.254,-0.089794,0.017800,-0.172658,0.140779,0.548885,0.252147
1790937286.796922,1790937286.856513,-0.079976,0.036159,-0.052348,-0.003517,0.003234,0.718074,0.695950,-0.014,0.547,91.793,-0.106382,0.024484,-0.172803,0.120539,0.654351,0.332044
1790937286.830255,1790937286.887626,-0.080774,0.032505,-0.057875,-0.010090,0.012353,0.721335,0.692402,0.221,1.815,92.348,-0.096783,0.006587,-0.142809,0.317618,0.649024,0.100876
1790937286.863588,1790937286.933961,-0.082016,0.035342,-0.058629,-0.007042,0.013478,0.720990,0.692779,0.555,1.652,92.294,-0.012148,-0.025901,0.029187,-0.032863,-0.528128,-0.084481
1790937286.896922,1790937286.964906,-0.082105,0.038950,-0.059298,-0.005771,0.013792,0.719157,0.694687,0.677,1.574,91.992,-0.008893,-0.033850,-0.062613,0.021463,0.407200,-0.183551
1790937286.930255,1790937286.988921,-0.081161,0.037952,-0.060414,-0.007491,0.014393,0.718197,0.695650,0.588,1.764,91.836,-0.013298,-0.011793,-0.009623,-0.016885,-0.213867,-0.056782
1790937286.963588,1790937287.010241,-0.080600,0.037489,-0.061364,-0.008431,0.014333,0.717223,0.696645,0.505,1.837,91.676,-0.015922,-0.012790,-0.028761,-0.055235,0.075893,-0.072763
1790937286.996921,1790937287.044009,-0.080317,0.036694,-0.062114,-0.008520,0.014233,0.716479,0.697411,0.488,1.837,91.553,-0.037899,-0.009574,-0.023373,0.023595,-0.011459,-0.032281
1790937287.030253,1790937287.082977,-0.080109,0.035638,-0.062806,-0.007770,0.014893,0.716324,0.697565,0.602,1.829,91.530,-0.032905,-0.004936,-0.021763,0.118406,0.004518,-0.021628
1790937287.063586,1790937287.120375,-0.079748,0.034438,-0.063701,-0.007439,0.013861,0.716956,0.696940,0.545,1.718,91.630,-0.046567,-0.001024,-0.035776,-0.217161,-0.121184,0.131772
1790937287.096918,1790937287.159675,-0.079161,0.032949,-0.064647,-0.009264,0.004804,0.718236,0.695721,-0.343,1.146,91.821,-0.043432,-0.007412,-0.006955,-0.833967,-0.639985,0.087030
1790937287.130251,1790937287.193164,-0.078795,0.031353,-0.064492,-0.013099,-0.018065,0.719839,0.693782,-2.532,-0.356,92.120,-0.045741,0.023394,0.019218,-1.621220,-1.110844,0.172252
1790937287.163584,1790937287.236602,-0.079205,0.029318,-0.064538,-0.015215,-0.035325,0.719034,0.693910,-4.126,-1.555,92.093,-0.026191,-0.024536,-0.073007,0.518959,0.692700,-0.368917
1790937287.196916,1790937287.273699,-0.077341,0.032232,-0.065975,-0.012599,-0.026883,0.717274,0.696159,-3.217,-1.109,91.743,-0.013594,-0.011343,-0.023301,0.002293,-0.023176,0.009260
1790937287.230249,1790937287.312002,-0.078540,0.036736,-0.066472,-0.012404,-0.027113,0.717622,0.695795,-3.221,-1.142,91.802,-0.015931,-0.021028,-0.031017,0.184456,0.079090,0.017779
1790937287.263582,1790937287.338006,-0.077584,0.034767,-0.067629,-0.011491,-0.024968,0.718153,0.695343,-2.972,-1.044,91.876,-0.017295,-0.013228,-0.028136,0.078991,0.030086,0.009259
1790937287.296915,1790937287.360555,-0.077365,0.034224,-0.068449,-0.011358,-0.025142,0.717097,0.696427,-2.974,-1.073,91.703,-0.017957,-0.006266,-0.019792,-0.158568,-0.111597,-0.163317
1790937287.330248,1790937287.383766,-0.077299,0.033487,-0.069098,-0.011431,-0.027632,0.714977,0.698508,-3.181,-1.275,91.370,-0.033284,-0.016492,-0.019681,-0.024340,-0.053006,-0.160121
1790937287.363580,1790937287.426139,-0.076808,0.032182,-0.070652,0.000210,-0.019641,0.713422,0.700460,-1.590,-1.594,91.073,-0.036091,-0.045230,-0.108221,2.218107,0.007714,-0.285826
1790937287.396913,1790937287.463382,-0.074797,0.031156,-0.072611,0.010589,-0.009187,0.715939,0.698022,0.093,-1.604,91.451,-0.024100,-0.023159,-0.016419,-0.226747,-0.061528,0.319262
1790937287.430246,1790937287.502054,-0.075110,0.034211,-0.074947,0.011070,-0.004862,0.716556,0.697425,0.486,-1.298,91.545,-0.003681,0.003747,-0.029668,-0.574035,-0.631462,0.077436
1790937287.463579,1790937287.539468,-0.075871,0.033465,-0.076817,0.010702,-0.007244,0.715485,0.698508,0.263,-1.457,91.372,-0.006670,-0.008755,-0.056786,-0.055236,-0.051940,-0.026961
1790937287.496911,1790937287.562244,-0.075292,0.033140,-0.078737,0.010830,-0.007177,0.715773,0.698212,0.278,-1.463,91.419,-0.008960,-0.011467,-0.058153,0.008680,0.007714,0.002866
1790937287.530243,1790937287.586710,-0.074874,0.032866,-0.080690,0.010804,-0.007313,0.715636,0.698352,0.265,-1.471,91.397,-0.008693,-0.012693,-0.058705,0.005485,0.009845,0.008191
1790937287.563575,1790937287.610488,-0.074601,0.032576,-0.082642,0.010805,-0.007254,0.715655,0.698333,0.270,-1.467,91.400,-0.008515,-0.010429,-0.058906,-0.003036,-0.000809,-0.012047
1790937287.596908,1790937287.633963,-0.074287,0.032331,-0.084597,0.010791,-0.007212,0.715663,0.698325,0.272,-1.462,91.402,-0.008476,-0.011667,-0.059120,-0.003036,-0.000809,0.000736
1790937287.630240,1790937287.670257,-0.073892,0.032024,-0.086558,0.010756,-0.007221,0.715666,0.698323,0.269,-1.460,91.402,-0.008432,-0.012673,-0.059264,0.003355,0.005584,0.007127
1790937287.663572,1790937287.701866,-0.073502,0.031704,-0.088529,0.010777,-0.007211,0.715662,0.698327,0.271,-1.461,91.401,-0.008343,-0.012380,-0.059524,0.001224,-0.002939,-0.000329
1790937287.696904,1790937287.740066,-0.073193,0.031446,-0.090508,0.010823,-0.007199,0.715644,0.698345,0.276,-1.464,91.398,-0.008349,-0.012450,-0.059713,0.000160,-0.001874,-0.001393
1790937287.730237,1790937287.771528,-0.072909,0.031154,-0.092489,0.010815,-0.007188,0.715625,0.698364,0.276,-1.462,91.395,-0.008321,-0.012854,-0.059839,-0.003036,-0.001875,-0.003524
1790937287.763569,1790937287.804224,-0.072630,0.030850,-0.094476,0.010831,-0.007181,0.715600,0.698389,0.278,-1.463,91.391,-0.008221,-0.013006,-0.060095,0.002290,0.000256,-0.000328
1790937287.796901,1790937287.836146,-0.072357,0.030588,-0.096470,0.010813,-0.007192,0.715581,0.698409,0.276,-1.462,91.388,-0.007894,-0.012907,-0.060373,-0.004101,-0.001875,-0.001392
1790937287.830232,1790937287.863208,-0.071998,0.030298,-0.098470,0.010800,-0.007211,0.715590,0.698400,0.273,-1.463,91.390,-0.007879,-0.013180,-0.060496,-0.001972,0.000256,0.001802
1790937287.863564,1790937287.907619,-0.071584,0.030004,-0.100477,0.010791,-0.007197,0.715590,0.698401,0.274,-1.461,91.389,-0.007737,-0.013658,-0.060619,-0.003036,-0.001876,0.000737
1790937287.896896,1790937287.938078,-0.071199,0.029754,-0.102491,0.010790,-0.007202,0.715585,0.698405,0.273,-1.461,91.389,-0.007542,-0.013945,-0.060758,-0.000905,0.004516,-0.001392
1790937287.930228,1790937287.964485,-0.070801,0.029478,-0.104511,0.010749,-0.007217,0.715585,0.698405,0.269,-1.459,91.389,-0.007631,-0.013919,-0.061271,-0.003037,0.004515,-0.000327
1790937287.963560,1790937288.001939,-0.070380,0.029193,-0.106552,0.010660,-0.007201,0.715589,0.698403,0.263,-1.451,91.389,-0.007605,-0.014044,-0.061879,0.000159,0.007711,0.000737
1790937287.996890,1790937288.031438,-0.069957,0.028940,-0.108598,0.010570,-0.007162,0.715594,0.698400,0.259,-1.440,91.390,-0.007134,-0.014514,-0.061510,0.000159,0.006646,-0.000327
1790937288.030222,1790937288.067803,-0.069520,0.028677,-0.110639,0.010549,-0.007106,0.715593,0.698401,0.262,-1.434,91.390,-0.007164,-0.015048,-0.061531,-0.001972,0.001319,0.003933
1790937288.063553,1790937288.104375,-0.069137,0.028425,-0.112679,0.010541,-0.007078,0.715579,0.698416,0.263,-1.431,91.388,-0.007341,-0.015337,-0.061373,0.001224,0.001319,-0.000327
1790937288.096884,1790937288.141934,-0.068862,0.028113,-0.114725,0.010530,-0.007082,0.715581,0.698415,0.262,-1.430,91.388,-0.007338,-0.015295,-0.062243,-0.000906,0.002385,-0.002456
1790937288.130216,1790937288.174230,-0.068406,0.027888,-0.116792,0.010510,-0.007087,0.715563,0.698434,0.260,-1.429,91.385,-0.007323,-0.015408,-0.062369,-0.003037,-0.000813,0.000738
1790937288.163547,1790937288.214941,-0.068086,0.027552,-0.118863,0.010519,-0.007077,0.715564,0.698432,0.262,-1.429,91.385,-0.007301,-0.015505,-0.062635,0.005484,0.000253,0.000738
1790937288.196878,1790937288.245781,-0.067727,0.027268,-0.120947,0.010524,-0.007055,0.715556,0.698441,0.264,-1.428,91.384,-0.007299,-0.015700,-0.063147,0.002290,0.001318,0.000738
1790937288.230210,1790937288.276337,-0.067298,0.026957,-0.123037,0.010532,-0.007039,0.715562,0.698435,0.266,-1.427,91.385,-0.007185,-0.015914,-0.063016,0.000158,0.001318,0.000738
1790937288.263549,1790937288.310503,-0.066866,0.026645,-0.125127,0.010529,-0.007034,0.715555,0.698442,0.266,-1.427,91.383,-0.007075,-0.016371,-0.063216,0.000158,0.001317,-0.002456
1790937288.296889,1790937288.345808,-0.066449,0.026355,-0.127225,0.010525,-0.007034,0.715553,0.698443,0.266,-1.426,91.383,-0.006997,-0.016644,-0.063375,0.001223,0.000252,0.001803
1790937288.330229,1790937288.369714,-0.065978,0.026037,-0.129331,0.010517,-0.007032,0.715559,0.698438,0.265,-1.425,91.384,-0.006954,-0.016760,-0.063622,0.002289,0.002383,-0.002455
1790937288.363569,1790937288.405531,-0.065500,0.025730,-0.131444,0.010516,-0.007009,0.715556,0.698441,0.267,-1.423,91.384,-0.006666,-0.017043,-0.064031,-0.000907,-0.000814,0.000739
1790937288.396909,1790937288.442441,-0.065073,0.025431,-0.133571,0.010517,-0.007002,0.715540,0.698458,0.268,-1.423,91.381,-0.006853,-0.017579,-0.064264,-0.001973,-0.000815,-0.000326
1790937288.430247,1790937288.478797,-0.064699,0.025003,-0.135705,0.010533,-0.006991,0.715545,0.698452,0.270,-1.423,91.382,-0.007039,-0.017815,-0.064349,0.003354,0.000251,0.000739
1790937288.463587,1790937288.517093,-0.064163,0.024725,-0.137836,0.010547,-0.006959,0.715544,0.698453,0.274,-1.422,91.382,-0.006857,-0.018395,-0.064496,-0.000907,0.001316,0.000739
1790937288.496927,1790937288.552750,-0.063742,0.024333,-0.139970,0.010539,-0.006940,0.715535,0.698463,0.275,-1.420,91.380,-0.006670,-0.018771,-0.064466,0.001222,0.000251,-0.000326
1790937288.530267,1790937288.583740,-0.063304,0.023945,-0.142115,0.010527,-0.006941,0.715526,0.698473,0.274,-1.419,91.379,-0.006592,-0.019037,-0.064606,0.000157,0.000251,-0.000325
1790937288.563607,1790937288.619652,-0.062866,0.023595,-0.144251,0.010505,-0.006959,0.715509,0.698490,0.270,-1.418,91.376,-0.006682,-0.019226,-0.064837,0.000157,-0.000816,-0.002454
1790937288.596946,1790937288.652913,-0.062425,0.023278,-0.146410,0.010509,-0.006964,0.715510,0.698489,0.270,-1.419,91.376,-0.006525,-0.019229,-0.065357,0.000157,0.000250,-0.001390
1790937288.630287,1790937288.685542,-0.061966,0.022954,-0.148588,0.010517,-0.006971,0.715510,0.698489,0.270,-1.420,91.376,-0.006083,-0.019538,-0.065705,0.000157,0.000250,-0.004585
1790937288.663626,1790937288.717259,-0.061479,0.022651,-0.150754,0.010499,-0.006973,0.715502,0.698497,0.269,-1.419,91.375,-0.006163,-0.019855,-0.065443,-0.003039,0.001314,0.002871
1790937288.696966,1790937288.750921,-0.061016,0.022338,-0.152918,0.010501,-0.006950,0.715491,0.698508,0.271,-1.417,91.373,-0.005963,-0.020053,-0.065682,0.002288,-0.000817,0.000740
1790937288.730306,1790937288.774673,-0.060659,0.021897,-0.155108,0.010484,-0.006951,0.715484,0.698516,0.269,-1.416,91.372,-0.005675,-0.020250,-0.065953,0.000157,0.002380,-0.001389
1790937288.763646,1790937288.803847,-0.060236,0.021517,-0.157276,0.010471,-0.006956,0.715471,0.698529,0.268,-1.415,91.370,-0.005569,-0.020269,-0.065772,-0.001974,0.001313,-0.002454
1790937288.796986,1790937288.835437,-0.059879,0.021163,-0.159455,0.010454,-0.006961,0.715442,0.698560,0.266,-1.414,91.365,-0.005446,-0.020412,-0.065922,0.002287,0.000248,-0.000324
1790937288.830326,1790937288.871712,-0.059628,0.020793,-0.161648,0.010448,-0.006946,0.715410,0.698592,0.267,-1.413,91.360,-0.005404,-0.020330,-0.065934,0.002287,0.002379,-0.003519
1790937288.863665,1790937288.907645,-0.059332,0.020445,-0.163824,0.010453,-0.006923,0.715407,0.698595,0.269,-1.411,91.359,-0.005575,-0.020292,-0.066129,0.001221,0.000248,-0.000323
1790937288.897005,1790937288.941038,-0.058940,0.020105,-0.166011,0.010470,-0.006921,0.715412,0.698590,0.271,-1.412,91.360,-0.005382,-0.020338,-0.066266,0.004416,0.000248,-0.000323
1790937288.930345,1790937288.973425,-0.058499,0.019756,-0.168215,0.010493,-0.006915,0.715418,0.698584,0.273,-1.414,91.361,-0.005300,-0.020465,-0.066762,-0.000909,0.001312,0.000741
1790937288.963685,1790937289.008624,-0.057972,0.019437,-0.170417,0.010469,-0.006914,0.715423,0.698579,0.271,-1.412,91.362,-0.005133,-0.020943,-0.066954,-0.000909,0.000247,-0.000323
1790937288.997025,1790937289.051320,-0.057383,0.019197,-0.172625,0.010441,-0.006940,0.715413,0.698589,0.267,-1.412,91.360,-0.005207,-0.021126,-0.066942,-0.000909,-0.000819,-0.004584
1790937289.030365,1790937289.084073,-0.056961,0.018780,-0.174850,0.010426,-0.006948,0.715406,0.698596,0.265,-1.411,91.359,-0.005093,-0.021190,-0.067187,0.002286,0.000247,0.000741
1790937289.063705,1790937289.109866,-0.056494,0.018382,-0.177063,0.010440,-0.006896,0.715407,0.698595,0.270,-1.408,91.359,-0.004976,-0.021339,-0.067216,0.001220,0.001311,-0.002452
1790937289.097045,1790937289.138132,-0.056133,0.017796,-0.179392,0.010418,-0.006864,0.715402,0.698602,0.271,-1.404,91.358,-0.004674,-0.021544,-0.067221,0.000155,0.000246,-0.001388
1790937289.130385,1790937289.173786,-0.055708,0.017276,-0.181624,0.010409,-0.006868,0.715397,0.698607,0.270,-1.403,91.357,-0.004600,-0.021759,-0.067471,-0.000910,0.000246,-0.000323
1790937289.163725,1790937289.207213,-0.055244,0.016823,-0.183851,0.010415,-0.006871,0.715383,0.698621,0.271,-1.404,91.355,-0.004562,-0.021661,-0.067470,0.001219,0.000246,-0.001388
1790937289.197065,1790937289.245860,-0.054802,0.016369,-0.186087,0.010409,-0.006867,0.715389,0.698615,0.270,-1.403,91.356,-0.004595,-0.021695,-0.067798,-0.003041,-0.000821,-0.000323
1790937289.230406,1790937289.274993,-0.053910,0.015919,-0.188411,0.010406,-0.006864,0.715384,0.698620,0.270,-1.403,91.355,-0.004558,-0.021833,-0.068295,0.000154,-0.000821,-0.003519
1790937289.263741,1790937289.307996,-0.053151,0.015513,-0.190672,0.010418,-0.006877,0.715383,0.698621,0.270,-1.405,91.355,-0.004657,-0.022012,-0.068764,0.001219,-0.000821,-0.001387
1790937289.297077,1790937289.341395,-0.052511,0.015089,-0.192957,0.010419,-0.006899,0.715390,0.698613,0.269,-1.407,91.356,-0.004709,-0.022259,-0.069090,-0.004106,-0.000821,0.003938
1790937289.330412,1790937289.374405,-0.051560,0.014530,-0.195295,0.010399,-0.006917,0.715380,0.698624,0.266,-1.406,91.355,-0.004733,-0.022764,-0.069142,-0.000910,-0.000821,-0.000323
1790937289.363747,1790937289.405751,-0.050702,0.013997,-0.197587,0.010389,-0.006930,0.715371,0.698634,0.264,-1.407,91.353,-0.004751,-0.023121,-0.069402,0.006544,0.000245,-0.000322
1790937289.397083,1790937289.439504,-0.049984,0.013736,-0.200039,0.010389,-0.006897,0.715359,0.698645,0.266,-1.404,91.351,-0.004295,-0.023663,-0.069536,-0.003041,-0.001886,0.000743
1790937289.430418,1790937289.469369,-0.049296,0.013483,-0.202480,0.010383,-0.006894,0.715370,0.698634,0.266,-1.403,91.353,-0.003817,-0.024110,-0.069797,-0.001977,-0.000822,-0.000322
1790937289.463753,1790937289.502043,-0.048363,0.013733,-0.204977,0.010363,-0.006909,0.715375,0.698630,0.263,-1.403,91.354,-0.003070,-0.024657,-0.069965,-0.000911,0.001310,0.000743
1790937289.497089,1790937289.551841,-0.047810,0.013823,-0.207483,0.010358,-0.006859,0.715381,0.698624,0.267,-1.398,91.355,-0.002590,-0.024846,-0.070469,0.000154,0.001310,-0.004582
1790937289.530424,1790937289.577440,-0.046585,0.012135,-0.208433,0.010479,-0.006945,0.715367,0.698636,0.270,-1.415,91.352,-0.005687,-0.025712,-0.070182,0.003351,-0.002958,0.000746
1790937289.563760,1790937289.602093,-0.047000,0.011935,-0.211798,0.010426,-0.006900,0.715399,0.698604,0.269,-1.407,91.358,-0.004365,-0.025139,-0.071042,0.001219,-0.002956,-0.000315
1790937289.597095,1790937289.636158,-0.047110,0.011944,-0.214211,0.010437,-0.006879,0.715400,0.698604,0.272,-1.406,91.358,-0.003843,-0.024935,-0.071299,0.000154,0.000240,-0.000316
1790937289.630430,1790937289.670099,-0.046941,0.011987,-0.216604,0.010416,-0.006866,0.715397,0.698607,0.271,-1.404,91.357,-0.003571,-0.025101,-0.071668,0.004414,0.001304,0.000748
1790937289.663765,1790937289.701968,-0.046610,0.012089,-0.219004,0.010417,-0.006866,0.715383,0.698621,0.271,-1.404,91.355,-0.003124,-0.025406,-0.072088,0.001218,0.002370,0.000748
1790937289.697100,1790937289.736751,-0.046234,0.012188,-0.221414,0.010423,-0.006856,0.715369,0.698635,0.272,-1.403,91.353,-0.002717,-0.025579,-0.072182,0.000153,0.000239,0.002879
1790937289.730435,1790937289.770404,-0.045750,0.012320,-0.223825,0.010400,-0.006845,0.715360,0.698645,0.272,-1.401,91.351,-0.002244,-0.025780,-0.072229,0.003349,0.002370,-0.000316
1790937289.763769,1790937289.803949,-0.045155,0.012492,-0.226242,0.010400,-0.006798,0.715382,0.698623,0.275,-1.397,91.355,-0.001717,-0.026087,-0.072622,0.000153,0.001304,0.002879
1790937289.797104,1790937289.840104,-0.044507,0.012644,-0.228672,0.010424,-0.006791,0.715384,0.698620,0.278,-1.398,91.355,-0.001224,-0.026427,-0.072832,0.001218,-0.000827,0.000747
1790937289.830439,1790937289.875224,-0.043568,0.012875,-0.231213,0.010423,-0.006759,0.715382,0.698623,0.280,-1.396,91.355,-0.000793,-0.027158,-0.073288,-0.000912,-0.002956,-0.000318
1790937289.863774,1790937289.902590,-0.042514,0.013243,-0.233667,0.010423,-0.006762,0.715404,0.698601,0.280,-1.396,91.358,-0.000073,-0.027535,-0.073570,-0.001978,0.001304,-0.001383
1790937289.897109,1790937289.938850,-0.041679,0.013414,-0.236136,0.010416,-0.006746,0.715391,0.698614,0.281,-1.394,91.356,0.000663,-0.027944,-0.073919,-0.001978,0.002370,0.000746
1790937289.930443,1790937289.972517,-0.040841,0.013608,-0.238615,0.010407,-0.006737,0.715394,0.698611,0.281,-1.393,91.357,0.000630,-0.028134,-0.074311,0.001217,0.001304,0.000746
1790937289.963778,1790937289.998635,-0.039678,0.014195,-0.241146,0.010407,-0.006719,0.715394,0.698611,0.282,-1.391,91.357,0.001410,-0.028655,-0.074654,0.003348,0.003436,-0.002448
1790937289.997113,1790937290.051288,-0.038853,0.014578,-0.243674,0.010425,-0.006688,0.715374,0.698632,0.286,-1.390,91.353,0.002118,-0.029020,-0.075108,0.001217,-0.000827,-0.001383
1790937290.030447,1790937290.081735,-0.038040,0.014988,-0.246190,0.010417,-0.006689,0.715375,0.698631,0.286,-1.390,91.353,0.002645,-0.029361,-0.075388,0.003348,-0.000827,-0.001382
1790937290.063782,1790937290.112962,-0.037215,0.015424,-0.248710,0.010434,-0.006643,0.715375,0.698631,0.291,-1.387,91.353,0.003275,-0.029589,-0.075810,-0.000912,0.000240,-0.001382
1790937290.097116,1790937290.144047,-0.036422,0.015845,-0.251241,0.010435,-0.006662,0.715366,0.698640,0.289,-1.389,91.352,0.003755,-0.030136,-0.075794,0.002283,0.003435,0.005007
1790937290.130451,1790937290.176690,-0.035578,0.016302,-0.253775,0.010436,-0.006656,0.715381,0.698625,0.290,-1.389,91.354,0.004148,-0.030495,-0.076236,0.002283,0.001304,-0.001383
1790937290.163785,1790937290.205344,-0.034717,0.016777,-0.256321,0.010455,-0.006625,0.715381,0.698625,0.294,-1.388,91.354,0.004648,-0.030751,-0.076474,0.000152,0.002371,0.000747
1790937290.197119,1790937290.237962,-0.033890,0.017229,-0.258877,0.010433,-0.006613,0.715381,0.698625,0.293,-1.385,91.354,0.005173,-0.031023,-0.076646,-0.000912,0.000240,0.005007
1790937290.230453,1790937290.276085,-0.032963,0.017730,-0.261439,0.010428,-0.006613,0.715409,0.698597,0.293,-1.384,91.359,0.005665,-0.031385,-0.077289,0.001217,0.000240,-0.001383
1790937290.263787,1790937290.308380,-0.031986,0.018262,-0.264017,0.010420,-0.006628,0.715403,0.698603,0.291,-1.385,91.358,0.006137,-0.031648,-0.077462,-0.000913,0.002371,0.000746
1790937290.297121,1790937290.343170,-0.031048,0.018772,-0.266605,0.010399,-0.006630,0.715414,0.698592,0.289,-1.383,91.360,0.006762,-0.031967,-0.077610,-0.003044,0.002371,0.002876
1790937290.330456,1790937290.372257,-0.030025,0.019344,-0.269193,0.010409,-0.006623,0.715430,0.698576,0.290,-1.384,91.362,0.007336,-0.032257,-0.077857,0.003348,0.001304,0.000745
1790937290.363790,1790937290.404250,-0.029002,0.019941,-0.271791,0.010415,-0.006604,0.715424,0.698582,0.292,-1.383,91.361,0.008032,-0.032475,-0.078200,0.001217,0.000239,-0.001385
1790937290.397124,1790937290.438712,-0.028060,0.020524,-0.274410,0.010412,-0.006623,0.715414,0.698592,0.291,-1.384,91.360,0.008667,-0.032837,-0.078468,0.000152,0.002370,0.000745
1790937290.430458,1790937290.481657,-0.027046,0.021172,-0.277030,0.010415,-0.006588,0.715422,0.698584,0.294,-1.381,91.361,0.009689,-0.033166,-0.078623,-0.000913,0.001304,0.001810
1790937290.463792,1790937290.517509,-0.025910,0.021163,-0.278510,0.010559,-0.006651,0.715419,0.698584,0.300,-1.398,91.361,0.006901,-0.034435,-0.078530,0.002285,0.001296,0.000743
1790937290.497125,1790937290.544780,-0.024636,0.021188,-0.281721,0.010497,-0.006611,0.715431,0.698573,0.298,-1.390,91.362,0.008170,-0.034647,-0.078982,-0.003043,0.000234,0.000743
1790937290.530459,1790937290.571733,-0.023403,0.021369,-0.284420,0.010508,-0.006581,0.715423,0.698581,0.302,-1.388,91.361,0.008722,-0.035243,-0.079153,0.004413,0.001298,0.003939
1790937290.563793,1790937290.607063,-0.022161,0.021593,-0.287080,0.010495,-0.006582,0.715434,0.698570,0.301,-1.387,91.363,0.009310,-0.035713,-0.079472,0.003349,-0.000833,-0.000322
1790937290.597126,1790937290.640192,-0.020936,0.021866,-0.289737,0.010523,-0.006577,0.715442,0.698562,0.303,-1.389,91.364,0.009995,-0.036314,-0.079354,0.004413,-0.000833,-0.000322
1790937290.630460,1790937290.675060,-0.019664,0.022237,-0.292394,0.010541,-0.006545,0.715449,0.698555,0.307,-1.388,91.365,0.010564,-0.036694,-0.079715,0.000153,0.000233,0.001807
1790937290.663792,1790937290.706793,-0.018441,0.022619,-0.295083,0.010550,-0.006517,0.715435,0.698569,0.310,-1.387,91.363,0.011185,-0.037315,-0.079890,-0.000912,0.001298,-0.002451
1790937290.697126,1790937290.742687,-0.017275,0.023033,-0.297770,0.010536,-0.006518,0.715426,0.698579,0.309,-1.386,91.362,0.011516,-0.037637,-0.080345,0.000153,0.000234,0.001807
1790937290.730459,1790937290.772519,-0.016077,0.023539,-0.300459,0.010538,-0.006507,0.715426,0.698579,0.310,-1.385,91.362,0.012078,-0.037993,-0.080544,0.000153,-0.000833,0.005003
1790937290.763793,1790937290.806447,-0.014902,0.024075,-0.303153,0.010539,-0.006503,0.715434,0.698570,0.311,-1.385,91.363,0.012536,-0.038165,-0.080689,-0.000912,-0.000833,-0.000322
1790937290.797126,1790937290.840602,-0.013795,0.024621,-0.305878,0.010515,-0.006497,0.715444,0.698561,0.309,-1.382,91.364,0.013261,-0.038577,-0.080980,0.000152,0.002365,-0.001387
1790937290.830459,1790937290.875951,-0.012617,0.025260,-0.308581,0.010504,-0.006515,0.715441,0.698564,0.307,-1.383,91.364,0.013718,-0.039066,-0.081204,-0.001979,-0.000833,0.001807
1790937290.863793,1790937290.912326,-0.011452,0.025926,-0.311293,0.010501,-0.006477,0.715440,0.698565,0.310,-1.380,91.364,0.014225,-0.039148,-0.081295,0.002283,0.002365,-0.003518
1790937290.897126,1790937290.939351,-0.010308,0.026622,-0.314009,0.010500,-0.006482,0.715443,0.698562,0.309,-1.380,91.364,0.014561,-0.039530,-0.081286,0.002283,0.002365,-0.001388
1790937290.930459,1790937290.984946,-0.009105,0.027405,-0.316718,0.010484,-0.006467,0.715437,0.698569,0.309,-1.377,91.363,0.015260,-0.039966,-0.081512,-0.000912,0.000234,-0.001388
1790937290.963792,1790937291.011513,-0.007910,0.028218,-0.319447,0.010494,-0.006461,0.715451,0.698554,0.310,-1.378,91.365,0.015892,-0.040555,-0.082100,0.000152,-0.002962,0.001806
1790937290.997125,1790937291.036594,-0.006722,0.029066,-0.322184,0.010498,-0.006471,0.715450,0.698555,0.310,-1.379,91.365,0.016473,-0.041209,-0.082058,0.001217,-0.001897,0.000741
1790937291.030458,1790937291.079999,-0.005479,0.029985,-0.324917,0.010516,-0.006448,0.715458,0.698546,0.313,-1.378,91.367,0.016853,-0.041538,-0.082350,0.001217,0.000234,-0.001389
1790937291.063791,1790937291.107935,-0.003791,0.031192,-0.327668,0.010529,-0.006422,0.715441,0.698564,0.316,-1.377,91.364,0.017867,-0.042331,-0.082542,-0.001979,0.000234,-0.002455
1790937291.097123,1790937291.141023,-0.002128,0.032452,-0.330423,0.010490,-0.006435,0.715436,0.698570,0.312,-1.375,91.363,0.019017,-0.042995,-0.082793,-0.000913,0.000234,0.000739
1790937291.130455,1790937291.168336,-0.000492,0.033770,-0.333184,0.010482,-0.006434,0.715448,0.698557,0.312,-1.374,91.365,0.019672,-0.043887,-0.083121,0.002283,-0.000832,-0.000325
1790937291.163788,1790937291.203029,0.001141,0.035110,-0.335950,0.010491,-0.006421,0.715447,0.698559,0.313,-1.374,91.365,0.020566,-0.044579,-0.083246,0.001217,0.000234,0.001804
1790937291.197121,1790937291.243332,0.002751,0.036500,-0.338722,0.010478,-0.006409,0.715443,0.698563,0.313,-1.372,91.364,0.021356,-0.045070,-0.083445,0.004413,0.002365,-0.000325
1790937291.230449,1790937291.273200,0.004330,0.037943,-0.341502,0.010479,-0.006354,0.715442,0.698565,0.318,-1.368,91.364,0.022331,-0.045879,-0.083646,0.000152,0.000234,-0.000325
1790937291.263806,1790937291.307070,0.005906,0.039421,-0.344292,0.010485,-0.006352,0.715449,0.698557,0.319,-1.368,91.365,0.023237,-0.046707,-0.084016,0.003348,0.001299,-0.000325
1790937291.297163,1790937291.339677,0.007495,0.040950,-0.347086,0.010476,-0.006326,0.715456,0.698550,0.320,-1.365,91.366,0.024152,-0.047581,-0.084374,-0.000912,0.000235,-0.002454
1790937291.330520,1790937291.371160,0.009068,0.042539,-0.349894,0.010491,-0.006301,0.715459,0.698548,0.323,-1.365,91.367,0.025077,-0.048164,-0.084468,0.001217,0.000235,0.002871
1790937291.363878,1790937291.402059,0.010639,0.044160,-0.352705,0.010488,-0.006282,0.715475,0.698532,0.325,-1.363,91.369,0.025824,-0.048978,-0.084780,0.000152,0.000235,-0.001390
1790937291.397235,1790937291.446107,0.012205,0.045836,-0.355520,0.010487,-0.006245,0.715462,0.698545,0.327,-1.360,91.367,0.026956,-0.049562,-0.084756,-0.000912,0.000235,0.000739
1790937291.430593,1790937291.475200,0.013775,0.047568,-0.358340,0.010469,-0.006256,0.715486,0.698521,0.325,-1.359,91.371,0.027967,-0.050254,-0.085003,-0.004108,-0.000831,0.000739
1790937291.463951,1790937291.502727,0.015338,0.049335,-0.361160,0.010450,-0.006239,0.715474,0.698534,0.325,-1.356,91.369,0.028824,-0.050887,-0.085058,-0.000912,0.000235,-0.000326
1790937291.497310,1790937291.536929,0.016904,0.051147,-0.363986,0.010449,-0.006217,0.715464,0.698543,0.327,-1.354,91.367,0.029732,-0.051445,-0.085303,0.003348,0.000236,-0.000325
1790937291.530667,1790937291.568477,0.018453,0.053018,-0.366822,0.010432,-0.006223,0.715468,0.698540,0.325,-1.354,91.368,0.030766,-0.052083,-0.085533,-0.001979,0.000236,-0.000325
1790937291.564026,1790937291.600296,0.019999,0.054932,-0.369659,0.010443,-0.006233,0.715487,0.698520,0.325,-1.355,91.371,0.031750,-0.052715,-0.085575,-0.000912,-0.000831,-0.002455
1790937291.597385,1790937291.640199,0.021546,0.056897,-0.372496,0.010414,-0.006239,0.715482,0.698526,0.322,-1.353,91.370,0.032624,-0.053284,-0.085744,-0.001979,-0.001895,-0.002456
1790937291.630744,1790937291.677471,0.023084,0.058908,-0.375357,0.010372,-0.006267,0.715475,0.698533,0.317,-1.352,91.369,0.034039,-0.053764,-0.085836,-0.000912,0.000236,0.000739
1790937291.664104,1790937291.715018,0.024601,0.060973,-0.378210,0.010364,-0.006274,0.715476,0.698533,0.315,-1.352,91.369,0.035016,-0.054306,-0.086013,-0.000913,0.001301,0.000739
1790937291.697464,1790937291.743570,0.026109,0.063095,-0.381066,0.010359,-0.006289,0.715473,0.698535,0.314,-1.353,91.369,0.035770,-0.054821,-0.086413,-0.001979,0.000236,0.000738
1790937291.730824,1790937291.769192,0.027606,0.065258,-0.383926,0.010363,-0.006256,0.715481,0.698527,0.317,-1.351,91.370,0.036600,-0.055148,-0.086357,0.000152,0.003432,0.003934
1790937291.764184,1790937291.807370,0.029089,0.067458,-0.386792,0.010346,-0.006272,0.715465,0.698543,0.314,-1.350,91.368,0.037663,-0.055776,-0.086718,0.000152,-0.001894,-0.002456
1790937291.797544,1790937291.846329,0.030496,0.069738,-0.389670,0.010345,-0.006275,0.715445,0.698564,0.314,-1.351,91.364,0.038547,-0.056249,-0.087068,-0.004108,-0.000830,0.001800
1790937291.830905,1790937291.882528,0.033278,0.072098,-0.390527,0.010470,-0.006300,0.715392,0.698616,0.322,-1.363,91.356,0.036822,-0.059969,-0.086639,0.001221,0.001296,-0.000342
1790937291.864266,1790937291.904477,0.034801,0.074302,-0.394745,0.010436,-0.006307,0.715375,0.698634,0.319,-1.361,91.353,0.037706,-0.058842,-0.087265,0.001218,-0.001900,-0.000342
1790937291.897627,1790937291.934118,0.036140,0.076514,-0.398019,0.010421,-0.006278,0.715386,0.698624,0.320,-1.357,91.355,0.038670,-0.059151,-0.087725,0.000153,0.001296,-0.000342
1790937291.930989,1790937291.971958,0.037468,0.078765,-0.401025,0.010417,-0.006276,0.715371,0.698639,0.320,-1.356,91.352,0.039765,-0.059748,-0.087883,0.001217,-0.001899,-0.001407
1790937291.964350,1790937292.000836,0.038809,0.081059,-0.403962,0.010406,-0.006235,0.715377,0.698633,0.322,-1.352,91.353,0.040925,-0.060209,-0.088178,0.003348,0.001297,0.001787
1790937291.997711,1790937292.034075,0.040141,0.083425,-0.406890,0.010399,-0.006240,0.715381,0.698629,0.321,-1.352,91.354,0.041573,-0.060668,-0.088292,-0.000912,-0.002964,-0.000343
1790937292.031074,1790937292.077105,0.041476,0.085838,-0.409811,0.010403,-0.006260,0.715384,0.698626,0.320,-1.354,91.354,0.042660,-0.061260,-0.088594,-0.000913,-0.001899,0.000721
1790937292.064436,1790937292.106576,0.042806,0.088292,-0.412742,0.010407,-0.006234,0.715371,0.698640,0.322,-1.352,91.352,0.043579,-0.061592,-0.088920,0.002283,0.000232,0.001786
1790937292.097798,1790937292.146231,0.044130,0.090816,-0.415683,0.010406,-0.006224,0.715387,0.698623,0.323,-1.352,91.355,0.044807,-0.061982,-0.089156,-0.003044,0.001297,-0.001409
1790937292.131161,1790937292.178566,0.045456,0.093389,-0.418624,0.010389,-0.006218,0.715380,0.698631,0.322,-1.350,91.354,0.045841,-0.062354,-0.089101,0.002283,0.001297,-0.000344
1790937292.164524,1790937292.215637,0.046728,0.096091,-0.420577,0.010476,-0.006274,0.715358,0.698651,0.324,-1.361,91.350,0.043783,-0.064290,-0.088818,0.004414,0.002358,0.003914
1790937292.197888,1790937292.235472,0.048180,0.098505,-0.423883,0.010433,-0.006259,0.715389,0.698621,0.322,-1.356,91.355,0.045333,-0.064019,-0.089071,-0.000912,0.001293,-0.002474
1790937292.231256,1790937292.269111,0.049593,0.100964,-0.426955,0.010409,-0.006251,0.715386,0.698624,0.321,-1.354,91.355,0.046226,-0.064489,-0.089359,0.001217,0.000228,0.003915
1790937292.264593,1790937292.306247,0.051003,0.103469,-0.429949,0.010399,-0.006242,0.715395,0.698615,0.321,-1.352,91.356,0.047311,-0.064758,-0.089726,-0.001979,-0.001903,-0.000346
1790937292.297930,1790937292.341838,0.052411,0.106055,-0.432932,0.010401,-0.006235,0.715375,0.698635,0.322,-1.352,91.353,0.048507,-0.065237,-0.090038,-0.000912,0.000228,-0.001411
1790937292.331267,1790937292.370047,0.053814,0.108693,-0.435918,0.010401,-0.006234,0.715367,0.698644,0.322,-1.352,91.351,0.049489,-0.065647,-0.090359,-0.000913,-0.000838,0.001783
1790937292.364604,1790937292.409081,0.055203,0.111379,-0.438911,0.010391,-0.006230,0.715367,0.698643,0.321,-1.351,91.351,0.050361,-0.065925,-0.090546,0.001217,0.000229,-0.001412
1790937292.397940,1790937292.441361,0.056582,0.114149,-0.441907,0.010385,-0.006213,0.715362,0.698649,0.322,-1.349,91.351,0.051371,-0.066334,-0.090895,-0.001979,-0.000838,-0.000347
