[0m[INFO] [1788070516.535888387]: init begins[0m
config_file: /work/bags/realsense_d435i_kalibr_183222/realsense_stereo_imu_config.yaml
USE_IMU: 1
IMU_TOPIC: /camera/imu
result path /work/output/kalibr_183222//vio.csv
[33m[WARN] [1788070516.544372102]:  fix extrinsic param [0m
camera number 2
[0m[INFO] [1788070516.549592325]: Loaded feature mask: /work/bags/realsense_d435i_kalibr_183222/mask_img.jpg (640x480)[0m
[0m[INFO] [1788070516.549722409]: Synchronized sensors, fix time offset: 0.00237074[0m
[0m[INFO] [1788070516.549751146]: ROW: 480 COL: 640 [0m
 exitrinsic cam 0
   0.999989 -0.00346411 -0.00320315
 0.00343636    0.999957 -0.00862942
 0.00323291  0.00861831    0.999958
-0.00287994  0.00684815   0.0163432
 exitrinsic cam 1
   0.999986 -0.00347901 -0.00395337
 0.00344046    0.999947 -0.00971533
 0.00398696  0.00970159    0.999945
0.0471209 0.0070235 0.0167301
set g     0     0 9.806
[33m[WARN] [1788070516.550554914]: waiting for image and imu...[0m
[0m[INFO] [1788070516.549972881]: reading paramerter of camera /work/bags/realsense_d435i_kalibr_183222/left.yaml[0m
[0m[INFO] [1788070516.550324411]: reading paramerter of camera /work/bags/realsense_d435i_kalibr_183222/right.yaml[0m
MULTIPLE_THREAD is 1
init first imu pose
averge acc 0.119750 -9.809315 -0.273276
init R0 
   0.999926   0.0121975 0.000339807
3.00927e-36   -0.027848    0.999612
  0.0122022   -0.999538  -0.0278459
[33m[WARN] [1788070517.175857136]: gyroscope bias initial calibration   -0.0101232 -0.000160367  -0.00366361[0m
[0m[INFO] [1788070517.212911803]: Initialization finish![0m
time: 1788070517.174740, t: -0.000014 -0.000046 0.000007 q: 0.697646 -0.716418 -0.004203 -0.004283 
time: 1788070517.207947, t: -0.000027 -0.000046 0.000002 q: 0.697654 -0.716410 -0.004200 -0.004272 
time: 1788070517.241144, t: -0.000068 -0.000227 0.000011 q: 0.697221 -0.716832 -0.004176 -0.004249 
time: 1788070517.274329, t: -0.000069 -0.000269 0.000006 q: 0.696897 -0.717147 -0.004085 -0.004136 
time: 1788070517.307502, t: -0.000063 -0.000206 0.000002 q: 0.696915 -0.717130 -0.004120 -0.004156 
time: 1788070517.340664, t: -0.000083 -0.000166 0.000012 q: 0.696936 -0.717109 -0.004142 -0.004180 
time: 1788070517.373814, t: -0.000084 -0.000128 0.000018 q: 0.696966 -0.717080 -0.004153 -0.004165 
time: 1788070517.406952, t: -0.000063 -0.000133 0.000004 q: 0.697042 -0.717006 -0.004151 -0.004173 
time: 1788070517.440079, t: -0.000050 -0.000093 0.000024 q: 0.697056 -0.716992 -0.004137 -0.004148 
time: 1788070517.473240, t: -0.000048 -0.000092 0.000011 q: 0.697098 -0.716951 -0.004136 -0.004180 
time: 1788070517.506242, t: -0.000093 -0.000101 -0.000064 q: 0.697167 -0.716884 -0.004157 -0.004249 
time: 1788070517.539226, t: -0.000154 -0.000098 -0.000101 q: 0.697187 -0.716864 -0.004163 -0.004280 
time: 1788070517.572192, t: -0.000157 -0.000108 -0.000089 q: 0.697212 -0.716840 -0.004139 -0.004245 
time: 1788070517.605139, t: -0.000152 -0.000092 -0.000056 q: 0.697221 -0.716832 -0.004137 -0.004245 
time: 1788070517.638069, t: -0.000167 -0.000132 -0.000052 q: 0.697244 -0.716809 -0.004105 -0.004252 
time: 1788070517.670981, t: -0.000194 -0.000116 -0.000084 q: 0.697264 -0.716789 -0.004133 -0.004300 
time: 1788070517.703875, t: -0.000246 -0.000033 -0.000133 q: 0.697273 -0.716781 -0.004146 -0.004324 
time: 1788070517.736750, t: -0.000296 -0.000044 -0.000092 q: 0.697302 -0.716752 -0.004141 -0.004336 
time: 1788070517.769608, t: -0.000295 -0.000090 -0.000102 q: 0.697332 -0.716723 -0.004162 -0.004323 
time: 1788070517.802448, t: -0.000249 -0.000083 -0.000150 q: 0.697357 -0.716698 -0.004161 -0.004323 
time: 1788070517.835268, t: -0.000184 0.000042 -0.000156 q: 0.697361 -0.716695 -0.004171 -0.004297 
time: 1788070517.868072, t: -0.000092 0.000200 -0.000175 q: 0.697380 -0.716676 -0.004179 -0.004292 
time: 1788070517.900858, t: -0.000078 0.000251 -0.000195 q: 0.697388 -0.716668 -0.004187 -0.004289 
time: 1788070517.933625, t: -0.000045 0.000297 -0.000194 q: 0.697393 -0.716664 -0.004200 -0.004273 
time: 1788070517.966375, t: -0.000009 0.000367 -0.000177 q: 0.697381 -0.716676 -0.004193 -0.004264 
time: 1788070517.999107, t: 0.000007 0.000421 -0.000139 q: 0.697378 -0.716679 -0.004190 -0.004265 
time: 1788070518.031821, t: -0.000014 0.000320 -0.000172 q: 0.697386 -0.716671 -0.004182 -0.004258 
time: 1788070518.064516, t: -0.000014 0.000346 -0.000137 q: 0.697389 -0.716669 -0.004150 -0.004258 
time: 1788070518.097194, t: -0.000016 0.000215 -0.000159 q: 0.697388 -0.716669 -0.004180 -0.004280 
time: 1788070518.129854, t: -0.000017 0.000204 -0.000137 q: 0.697399 -0.716658 -0.004172 -0.004287 
time: 1788070518.162495, t: -0.000044 0.000106 -0.000172 q: 0.697416 -0.716642 -0.004173 -0.004284 
time: 1788070518.195119, t: -0.000060 0.000070 -0.000179 q: 0.697427 -0.716630 -0.004197 -0.004271 
time: 1788070518.227725, t: -0.000035 0.000096 -0.000162 q: 0.697440 -0.716618 -0.004231 -0.004277 
time: 1788070518.260312, t: -0.000025 0.000092 -0.000156 q: 0.697442 -0.716616 -0.004253 -0.004261 
time: 1788070518.292881, t: -0.000018 0.000106 -0.000133 q: 0.697430 -0.716627 -0.004252 -0.004272 
time: 1788070518.325433, t: -0.000026 0.000045 -0.000142 q: 0.697433 -0.716625 -0.004227 -0.004278 
time: 1788070518.357966, t: -0.000022 0.000096 -0.000117 q: 0.697447 -0.716611 -0.004229 -0.004268 
time: 1788070518.390482, t: -0.000022 0.000103 -0.000154 q: 0.697436 -0.716622 -0.004222 -0.004268 
time: 1788070518.422980, t: -0.000020 0.000126 -0.000150 q: 0.697436 -0.716622 -0.004243 -0.004275 
time: 1788070518.455406, t: -0.000009 0.000179 -0.000115 q: 0.697452 -0.716606 -0.004242 -0.004269 
time: 1788070518.488748, t: 0.000006 0.000175 -0.000115 q: 0.697454 -0.716604 -0.004271 -0.004264 
time: 1788070518.522090, t: -0.000003 0.000158 -0.000124 q: 0.697455 -0.716603 -0.004282 -0.004275 
time: 1788070518.555433, t: -0.000028 0.000060 -0.000142 q: 0.697447 -0.716611 -0.004274 -0.004302 
time: 1788070518.588775, t: -0.000034 0.000006 -0.000162 q: 0.697472 -0.716586 -0.004277 -0.004297 
time: 1788070518.622118, t: -0.000033 -0.000002 -0.000177 q: 0.697473 -0.716585 -0.004263 -0.004303 
time: 1788070518.655460, t: -0.000031 0.000031 -0.000145 q: 0.697467 -0.716591 -0.004258 -0.004326 
time: 1788070518.688803, t: -0.000040 0.000011 -0.000168 q: 0.697463 -0.716595 -0.004223 -0.004318 
time: 1788070518.722146, t: -0.000028 0.000038 -0.000150 q: 0.697460 -0.716598 -0.004234 -0.004308 
time: 1788070518.755489, t: -0.000032 0.000032 -0.000190 q: 0.697473 -0.716586 -0.004242 -0.004333 
time: 1788070518.788832, t: -0.000028 0.000090 -0.000180 q: 0.697486 -0.716572 -0.004252 -0.004335 
time: 1788070518.822176, t: -0.000048 0.000133 -0.000227 q: 0.697472 -0.716587 -0.004246 -0.004338 
time: 1788070518.855519, t: -0.000041 0.000165 -0.000209 q: 0.697470 -0.716588 -0.004230 -0.004334 
time: 1788070518.888863, t: -0.000026 0.000191 -0.000189 q: 0.697471 -0.716587 -0.004236 -0.004307 
time: 1788070518.922207, t: -0.000031 0.000120 -0.000206 q: 0.697472 -0.716586 -0.004245 -0.004319 
time: 1788070518.955551, t: -0.000024 0.000139 -0.000159 q: 0.697485 -0.716574 -0.004257 -0.004332 
time: 1788070518.988895, t: -0.000024 0.000005 -0.000152 q: 0.697462 -0.716596 -0.004246 -0.004331 
time: 1788070519.022240, t: -0.000038 -0.000051 -0.000210 q: 0.697478 -0.716581 -0.004210 -0.004317 
time: 1788070519.055585, t: -0.000051 -0.000035 -0.000239 q: 0.697464 -0.716594 -0.004209 -0.004320 
time: 1788070519.088929, t: -0.000075 -0.000013 -0.000271 q: 0.697463 -0.716596 -0.004212 -0.004323 
time: 1788070519.122274, t: -0.000103 0.000002 -0.000299 q: 0.697457 -0.716601 -0.004207 -0.004355 
time: 1788070519.155618, t: -0.000110 0.000028 -0.000318 q: 0.697471 -0.716588 -0.004213 -0.004344 
time: 1788070519.188964, t: -0.000106 0.000056 -0.000336 q: 0.697479 -0.716580 -0.004225 -0.004343 
time: 1788070519.222309, t: -0.000106 0.000043 -0.000354 q: 0.697466 -0.716592 -0.004209 -0.004334 
time: 1788070519.255655, t: -0.000114 0.000008 -0.000369 q: 0.697473 -0.716585 -0.004201 -0.004330 
time: 1788070519.289000, t: -0.000129 -0.000019 -0.000390 q: 0.697485 -0.716574 -0.004212 -0.004352 
time: 1788070519.322346, t: -0.000139 -0.000013 -0.000417 q: 0.697483 -0.716575 -0.004219 -0.004368 
time: 1788070519.355692, t: -0.000141 -0.000016 -0.000435 q: 0.697483 -0.716576 -0.004207 -0.004360 
time: 1788070519.389038, t: -0.000168 -0.000039 -0.000456 q: 0.697489 -0.716570 -0.004217 -0.004369 
time: 1788070519.422384, t: -0.000184 -0.000043 -0.000473 q: 0.697491 -0.716568 -0.004221 -0.004372 
time: 1788070519.455728, t: -0.000186 -0.000056 -0.000502 q: 0.697496 -0.716563 -0.004222 -0.004373 
time: 1788070519.489089, t: -0.000193 -0.000061 -0.000524 q: 0.697505 -0.716554 -0.004203 -0.004360 
time: 1788070519.522450, t: -0.000214 -0.000081 -0.000550 q: 0.697510 -0.716549 -0.004206 -0.004326 
time: 1788070519.555812, t: -0.000221 -0.000144 -0.000567 q: 0.697507 -0.716552 -0.004184 -0.004316 
time: 1788070519.589174, t: -0.000222 -0.000192 -0.000567 q: 0.697520 -0.716540 -0.004175 -0.004333 
time: 1788070519.622537, t: -0.000254 -0.000177 -0.000591 q: 0.697529 -0.716531 -0.004169 -0.004351 
time: 1788070519.655900, t: -0.000273 -0.000141 -0.000630 q: 0.697549 -0.716512 -0.004184 -0.004328 
time: 1788070519.689265, t: -0.000246 -0.000126 -0.000645 q: 0.697546 -0.716515 -0.004188 -0.004309 
time: 1788070519.722630, t: -0.000232 -0.000123 -0.000650 q: 0.697552 -0.716509 -0.004173 -0.004324 
time: 1788070519.755996, t: -0.000240 -0.000141 -0.000657 q: 0.697560 -0.716502 -0.004180 -0.004306 
time: 1788070519.789362, t: -0.000238 -0.000184 -0.000671 q: 0.697545 -0.716515 -0.004184 -0.004315 
time: 1788070519.822729, t: -0.000196 -0.000200 -0.000659 q: 0.697555 -0.716506 -0.004207 -0.004327 
time: 1788070519.856097, t: -0.000204 -0.000214 -0.000690 q: 0.697569 -0.716492 -0.004212 -0.004339 
time: 1788070519.889465, t: -0.000197 -0.000194 -0.000691 q: 0.697573 -0.716488 -0.004226 -0.004338 
time: 1788070519.922833, t: -0.000168 -0.000154 -0.000644 q: 0.697568 -0.716492 -0.004241 -0.004328 
time: 1788070519.956203, t: -0.000199 -0.000188 -0.000670 q: 0.697564 -0.716497 -0.004259 -0.004340 
time: 1788070519.989573, t: -0.000170 -0.000174 -0.000642 q: 0.697570 -0.716491 -0.004249 -0.004339 
time: 1788070520.022943, t: -0.000130 -0.000139 -0.000574 q: 0.697554 -0.716507 -0.004240 -0.004318 
time: 1788070520.056314, t: -0.000120 -0.000132 -0.000552 q: 0.697563 -0.716498 -0.004247 -0.004298 
time: 1788070520.089686, t: -0.000091 -0.000080 -0.000538 q: 0.697590 -0.716471 -0.004263 -0.004323 
time: 1788070520.123058, t: -0.000091 -0.000032 -0.000529 q: 0.697575 -0.716486 -0.004256 -0.004305 
time: 1788070520.156432, t: -0.000078 0.000030 -0.000519 q: 0.697585 -0.716477 -0.004265 -0.004301 
time: 1788070520.189806, t: -0.000023 0.000079 -0.000479 q: 0.697569 -0.716492 -0.004282 -0.004278 
time: 1788070520.223180, t: -0.000003 0.000067 -0.000439 q: 0.697564 -0.716497 -0.004263 -0.004268 
time: 1788070520.256555, t: -0.000008 0.000040 -0.000403 q: 0.697555 -0.716506 -0.004266 -0.004272 
time: 1788070520.289931, t: -0.000014 0.000063 -0.000358 q: 0.697555 -0.716506 -0.004260 -0.004279 
time: 1788070520.323307, t: -0.000004 0.000082 -0.000303 q: 0.697559 -0.716502 -0.004273 -0.004290 
time: 1788070520.356684, t: 0.000028 0.000095 -0.000260 q: 0.697573 -0.716488 -0.004295 -0.004268 
time: 1788070520.390062, t: 0.000052 0.000144 -0.000211 q: 0.697558 -0.716503 -0.004290 -0.004237 
time: 1788070520.423440, t: 0.000050 0.000161 -0.000119 q: 0.697548 -0.716513 -0.004286 -0.004253 
time: 1788070520.456823, t: 0.000062 0.000169 -0.000023 q: 0.697538 -0.716522 -0.004301 -0.004249 
time: 1788070520.490164, t: 0.000086 0.000155 0.000048 q: 0.697535 -0.716525 -0.004305 -0.004250 
time: 1788070520.523505, t: 0.000100 0.000130 0.000098 q: 0.697527 -0.716533 -0.004312 -0.004254 
time: 1788070520.556847, t: 0.000103 0.000140 0.000122 q: 0.697535 -0.716525 -0.004292 -0.004275 
time: 1788070520.590188, t: 0.000108 0.000116 0.000153 q: 0.697536 -0.716524 -0.004294 -0.004259 
time: 1788070520.623529, t: 0.000119 0.000125 0.000177 q: 0.697564 -0.716497 -0.004307 -0.004262 
time: 1788070520.656871, t: 0.000123 0.000066 0.000177 q: 0.697574 -0.716487 -0.004283 -0.004261 
time: 1788070520.690212, t: 0.000119 0.000070 0.000198 q: 0.697562 -0.716499 -0.004280 -0.004246 
time: 1788070520.723554, t: 0.000124 0.000117 0.000213 q: 0.697577 -0.716485 -0.004270 -0.004233 
time: 1788070520.756895, t: 0.000124 0.000034 0.000220 q: 0.697581 -0.716480 -0.004291 -0.004243 
time: 1788070520.790236, t: 0.000114 0.000045 0.000215 q: 0.697588 -0.716474 -0.004281 -0.004238 
time: 1788070520.823578, t: 0.000120 0.000059 0.000232 q: 0.697596 -0.716466 -0.004243 -0.004215 
time: 1788070520.856919, t: 0.000132 -0.000036 0.000276 q: 0.697576 -0.716486 -0.004243 -0.004213 
time: 1788070520.890260, t: 0.000140 -0.000122 0.000303 q: 0.697563 -0.716498 -0.004223 -0.004199 
time: 1788070520.923602, t: 0.000137 -0.000115 0.000306 q: 0.697557 -0.716505 -0.004240 -0.004190 
time: 1788070520.956942, t: 0.000129 -0.000180 0.000307 q: 0.697560 -0.716501 -0.004233 -0.004201 
time: 1788070520.990283, t: 0.000135 -0.000222 0.000305 q: 0.697562 -0.716500 -0.004216 -0.004189 
time: 1788070521.023625, t: 0.000131 -0.000228 0.000287 q: 0.697572 -0.716490 -0.004204 -0.004178 
time: 1788070521.056966, t: 0.000136 -0.000268 0.000287 q: 0.697581 -0.716482 -0.004214 -0.004159 
time: 1788070521.090307, t: 0.000137 -0.000243 0.000282 q: 0.697571 -0.716491 -0.004211 -0.004139 
time: 1788070521.123648, t: 0.000143 -0.000277 0.000281 q: 0.697582 -0.716480 -0.004232 -0.004162 
time: 1788070521.156990, t: 0.000145 -0.000363 0.000269 q: 0.697583 -0.716479 -0.004207 -0.004140 
time: 1788070521.190331, t: 0.000142 -0.000420 0.000259 q: 0.697588 -0.716475 -0.004207 -0.004138 
time: 1788070521.223672, t: 0.000148 -0.000463 0.000249 q: 0.697583 -0.716480 -0.004193 -0.004122 
time: 1788070521.257013, t: 0.000156 -0.000468 0.000244 q: 0.697587 -0.716476 -0.004181 -0.004119 
time: 1788070521.290354, t: 0.000159 -0.000514 0.000216 q: 0.697595 -0.716468 -0.004172 -0.004109 
time: 1788070521.323696, t: 0.000155 -0.000543 0.000193 q: 0.697596 -0.716468 -0.004160 -0.004094 
time: 1788070521.357037, t: 0.000143 -0.000536 0.000202 q: 0.697593 -0.716470 -0.004149 -0.004080 
time: 1788070521.390377, t: 0.000147 -0.000560 0.000189 q: 0.697601 -0.716463 -0.004151 -0.004062 
time: 1788070521.423718, t: 0.000165 -0.000573 0.000166 q: 0.697628 -0.716437 -0.004168 -0.004060 
time: 1788070521.457059, t: 0.000193 -0.000568 0.000158 q: 0.697646 -0.716420 -0.004151 -0.004051 
time: 1788070521.490401, t: 0.000231 -0.000543 0.000150 q: 0.697645 -0.716420 -0.004152 -0.004024 
time: 1788070521.523742, t: 0.000235 -0.000553 0.000153 q: 0.697632 -0.716432 -0.004146 -0.004052 
time: 1788070521.557084, t: 0.000214 -0.000589 0.000172 q: 0.697642 -0.716423 -0.004170 -0.004056 
time: 1788070521.590426, t: 0.000219 -0.000552 0.000177 q: 0.697646 -0.716419 -0.004197 -0.004079 
time: 1788070521.623768, t: 0.000235 -0.000530 0.000159 q: 0.697644 -0.716420 -0.004197 -0.004060 
time: 1788070521.657109, t: 0.000283 -0.000560 0.000137 q: 0.697646 -0.716419 -0.004195 -0.004055 
time: 1788070521.690451, t: 0.000597 -0.000420 0.000088 q: 0.697652 -0.716413 -0.004225 -0.004012 
time: 1788070521.723793, t: 0.000871 -0.000265 -0.000039 q: 0.697661 -0.716404 -0.004269 -0.003991 
time: 1788070521.757135, t: 0.000883 -0.000235 -0.000076 q: 0.697681 -0.716385 -0.004270 -0.003979 
time: 1788070521.790476, t: 0.000865 -0.000217 -0.000087 q: 0.697688 -0.716378 -0.004277 -0.003982 
time: 1788070521.823817, t: 0.000874 -0.000253 -0.000131 q: 0.697695 -0.716370 -0.004298 -0.004005 
time: 1788070521.857159, t: 0.000912 -0.000274 -0.000166 q: 0.697703 -0.716363 -0.004299 -0.003991 
time: 1788070521.890501, t: 0.000952 -0.000247 -0.000137 q: 0.697703 -0.716363 -0.004303 -0.003999 
time: 1788070521.923842, t: 0.000944 -0.000221 -0.000117 q: 0.697704 -0.716362 -0.004300 -0.003989 
time: 1788070521.957184, t: 0.000963 -0.000212 -0.000121 q: 0.697712 -0.716354 -0.004308 -0.003978 
time: 1788070521.990526, t: 0.001019 -0.000220 -0.000136 q: 0.697721 -0.716346 -0.004302 -0.003971 
time: 1788070522.023867, t: 0.001003 -0.000232 -0.000115 q: 0.697717 -0.716350 -0.004276 -0.003967 
time: 1788070522.057209, t: 0.000979 -0.000219 -0.000084 q: 0.697724 -0.716343 -0.004268 -0.003948 
time: 1788070522.090551, t: 0.000976 -0.000230 -0.000110 q: 0.697724 -0.716343 -0.004283 -0.003967 
time: 1788070522.123892, t: 0.000996 -0.000259 -0.000119 q: 0.697730 -0.716338 -0.004265 -0.003943 
time: 1788070522.157234, t: 0.001041 -0.000246 -0.000086 q: 0.697732 -0.716336 -0.004263 -0.003927 
time: 1788070522.190576, t: 0.001030 -0.000225 -0.000054 q: 0.697734 -0.716334 -0.004273 -0.003918 
time: 1788070522.223917, t: 0.001044 -0.000220 -0.000025 q: 0.697734 -0.716334 -0.004268 -0.003900 
time: 1788070522.257259, t: 0.001030 -0.000243 -0.000063 q: 0.697745 -0.716323 -0.004250 -0.003905 
time: 1788070522.290600, t: 0.001041 -0.000230 -0.000085 q: 0.697764 -0.716304 -0.004252 -0.003909 
time: 1788070522.323941, t: 0.001086 -0.000114 0.000004 q: 0.697775 -0.716294 -0.004253 -0.003901 
time: 1788070522.357283, t: 0.001078 -0.000106 -0.000018 q: 0.697785 -0.716284 -0.004255 -0.003882 
time: 1788070522.390625, t: 0.001101 -0.000140 -0.000035 q: 0.697786 -0.716284 -0.004227 -0.003865 
time: 1788070522.423966, t: 0.001104 -0.000134 -0.000023 q: 0.697793 -0.716276 -0.004238 -0.003871 
time: 1788070522.457308, t: 0.001109 -0.000144 -0.000059 q: 0.697807 -0.716262 -0.004255 -0.003869 
time: 1788070522.490651, t: 0.001179 -0.000106 -0.000065 q: 0.697822 -0.716248 -0.004267 -0.003872 
time: 1788070522.523994, t: 0.001175 -0.000089 -0.000073 q: 0.697828 -0.716242 -0.004263 -0.003883 
time: 1788070522.557337, t: 0.001149 -0.000051 -0.000059 q: 0.697839 -0.716231 -0.004258 -0.003889 
time: 1788070522.590680, t: 0.001178 -0.000046 -0.000049 q: 0.697829 -0.716242 -0.004256 -0.003866 
time: 1788070522.624023, t: 0.001180 -0.000088 -0.000072 q: 0.697837 -0.716234 -0.004273 -0.003871 
time: 1788070522.657367, t: 0.001210 -0.000107 -0.000074 q: 0.697850 -0.716221 -0.004246 -0.003861 
time: 1788070522.690710, t: 0.001191 -0.000199 -0.000110 q: 0.697855 -0.716217 -0.004234 -0.003845 
time: 1788070522.724052, t: 0.001191 -0.000217 -0.000103 q: 0.697853 -0.716218 -0.004247 -0.003850 
time: 1788070522.757395, t: 0.001249 -0.000117 -0.000039 q: 0.697859 -0.716212 -0.004256 -0.003838 
time: 1788070522.790739, t: 0.001245 -0.000064 -0.000035 q: 0.697868 -0.716203 -0.004257 -0.003844 
time: 1788070522.824082, t: 0.001245 -0.000048 -0.000021 q: 0.697872 -0.716200 -0.004244 -0.003844 
time: 1788070522.857425, t: 0.001268 -0.000016 0.000006 q: 0.697893 -0.716179 -0.004248 -0.003846 
time: 1788070522.890768, t: 0.001186 -0.000046 -0.000051 q: 0.697907 -0.716166 -0.004241 -0.003836 
time: 1788070522.924112, t: 0.001183 -0.000031 -0.000047 q: 0.697923 -0.716151 -0.004192 -0.003837 
time: 1788070522.957455, t: 0.001237 0.000031 -0.000007 q: 0.697931 -0.716143 -0.004219 -0.003830 
time: 1788070522.990798, t: 0.001198 -0.000027 -0.000041 q: 0.697929 -0.716144 -0.004220 -0.003846 
time: 1788070523.024141, t: 0.001205 -0.000028 -0.000025 q: 0.697938 -0.716136 -0.004203 -0.003810 
time: 1788070523.057485, t: 0.001194 -0.000010 0.000003 q: 0.697935 -0.716138 -0.004190 -0.003808 
time: 1788070523.090828, t: 0.001181 -0.000045 0.000035 q: 0.697940 -0.716134 -0.004185 -0.003794 
time: 1788070523.124171, t: 0.001212 -0.000103 0.000014 q: 0.697955 -0.716120 -0.004191 -0.003794 
time: 1788070523.157513, t: 0.001231 -0.000089 0.000005 q: 0.697961 -0.716113 -0.004180 -0.003782 
time: 1788070523.190857, t: 0.001183 -0.000051 0.000029 q: 0.697966 -0.716109 -0.004149 -0.003776 
time: 1788070523.224200, t: 0.001175 -0.000076 0.000022 q: 0.697975 -0.716100 -0.004141 -0.003738 
time: 1788070523.257544, t: 0.001191 -0.000114 0.000001 q: 0.697996 -0.716080 -0.004145 -0.003723 
time: 1788070523.290887, t: 0.001218 -0.000085 0.000002 q: 0.698016 -0.716061 -0.004134 -0.003707 
time: 1788070523.324230, t: 0.001286 -0.000026 0.000029 q: 0.698018 -0.716058 -0.004126 -0.003711 
time: 1788070523.357574, t: 0.001320 -0.000037 0.000025 q: 0.698025 -0.716052 -0.004124 -0.003684 
time: 1788070523.390917, t: 0.001338 -0.000052 0.000028 q: 0.698037 -0.716040 -0.004099 -0.003645 
time: 1788070523.424260, t: 0.001327 -0.000021 0.000007 q: 0.698059 -0.716020 -0.004086 -0.003640 
time: 1788070523.457603, t: 0.001330 0.000022 -0.000017 q: 0.698077 -0.716002 -0.004058 -0.003618 
time: 1788070523.490947, t: 0.001383 0.000083 0.000057 q: 0.698082 -0.715998 -0.004041 -0.003573 
time: 1788070523.524291, t: 0.001414 0.000117 0.000131 q: 0.698092 -0.715988 -0.004045 -0.003567 
wait for imu ... 
time: 1788070523.557635, t: 0.001379 0.000143 0.000192 q: 0.698114 -0.715966 -0.004024 -0.003567 
time: 1788070523.590979, t: 0.001265 0.000198 0.000360 q: 0.698107 -0.715973 -0.004024 -0.003596 
time: 1788070523.624322, t: 0.000681 0.000063 0.000649 q: 0.698090 -0.715989 -0.003933 -0.003688 
time: 1788070523.657666, t: 0.000343 -0.000005 0.000684 q: 0.698095 -0.715985 -0.003851 -0.003748 
time: 1788070523.691010, t: 0.000343 0.000256 0.000722 q: 0.698098 -0.715982 -0.003865 -0.003723 
time: 1788070523.724354, t: 0.000374 0.000413 0.000772 q: 0.698107 -0.715973 -0.003887 -0.003740 
time: 1788070523.757699, t: 0.000432 0.000458 0.000886 q: 0.698105 -0.715976 -0.003851 -0.003676 
time: 1788070523.791043, t: 0.000573 0.000872 0.001066 q: 0.698106 -0.715975 -0.003852 -0.003638 
time: 1788070523.824387, t: 0.000780 0.001155 0.001191 q: 0.698109 -0.715972 -0.003820 -0.003634 
time: 1788070523.857731, t: 0.000942 0.001234 0.001225 q: 0.698114 -0.715967 -0.003833 -0.003600 
time: 1788070523.891075, t: 0.000875 0.001178 0.001018 q: 0.698136 -0.715946 -0.003796 -0.003643 
time: 1788070523.924419, t: 0.000314 -0.000649 -0.000058 q: 0.698247 -0.715838 -0.003736 -0.003730 
time: 1788070523.957763, t: 0.001093 0.000654 0.000560 q: 0.698213 -0.715871 -0.003766 -0.003571 
time: 1788070523.991107, t: 0.001055 0.000399 0.000299 q: 0.698262 -0.715824 -0.003739 -0.003578 
time: 1788070524.024452, t: 0.000907 0.000280 0.000123 q: 0.698302 -0.715785 -0.003755 -0.003573 
time: 1788070524.057795, t: 0.001049 0.000229 0.000049 q: 0.698320 -0.715767 -0.003730 -0.003517 
time: 1788070524.091139, t: 0.000933 0.000115 -0.000099 q: 0.698372 -0.715716 -0.003690 -0.003499 
time: 1788070524.124483, t: 0.000991 0.000048 -0.000171 q: 0.698412 -0.715679 -0.003641 -0.003439 
time: 1788070524.157828, t: 0.000920 -0.000032 -0.000278 q: 0.698490 -0.715603 -0.003573 -0.003379 
time: 1788070524.191172, t: 0.000930 -0.000127 -0.000361 q: 0.698568 -0.715527 -0.003506 -0.003294 
time: 1788070524.224516, t: 0.000942 -0.000200 -0.000427 q: 0.698642 -0.715456 -0.003407 -0.003216 
time: 1788070524.257861, t: 0.000926 -0.000285 -0.000492 q: 0.698727 -0.715374 -0.003284 -0.003100 
time: 1788070524.291205, t: 0.000918 -0.000356 -0.000562 q: 0.698830 -0.715275 -0.003191 -0.002982 
time: 1788070524.324549, t: 0.000913 -0.000423 -0.000662 q: 0.698983 -0.715125 -0.003115 -0.002908 
time: 1788070524.357894, t: 0.000864 -0.000507 -0.000824 q: 0.699229 -0.714884 -0.003176 -0.002972 
time: 1788070524.391238, t: 0.000837 -0.000568 -0.000924 q: 0.699411 -0.714707 -0.003131 -0.002893 
time: 1788070524.424582, t: 0.000837 -0.000604 -0.000948 q: 0.699494 -0.714628 -0.002936 -0.002675 
time: 1788070524.457927, t: 0.000828 -0.000664 -0.001008 q: 0.699639 -0.714487 -0.002783 -0.002499 
time: 1788070524.491269, t: 0.000791 -0.000758 -0.001070 q: 0.699774 -0.714355 -0.002588 -0.002323 
time: 1788070524.524610, t: 0.000737 -0.000832 -0.001140 q: 0.699888 -0.714245 -0.002496 -0.002247 
time: 1788070524.557952, t: 0.000497 -0.000421 -0.000896 q: 0.700096 -0.714043 -0.002246 -0.002020 
time: 1788070524.591293, t: 0.000499 -0.000558 -0.001168 q: 0.700404 -0.713742 -0.001840 -0.001621 
time: 1788070524.624635, t: 0.000553 -0.000540 -0.001211 q: 0.700717 -0.713437 -0.001393 -0.001138 
time: 1788070524.657976, t: 0.000457 -0.000348 -0.000991 q: 0.701415 -0.712753 -0.000406 -0.000194 
time: 1788070524.691318, t: 0.000210 -0.000567 -0.000940 q: 0.702088 -0.712089 0.000522 0.000741 
time: 1788070524.724659, t: 0.000202 -0.000351 -0.000449 q: 0.703005 -0.711179 0.001832 0.002052 
time: 1788070524.758001, t: 0.000089 -0.000095 -0.000101 q: 0.703682 -0.710503 0.002829 0.003033 
time: 1788070524.791342, t: 0.000049 -0.000006 0.000160 q: 0.704131 -0.710052 0.003516 0.003676 
time: 1788070524.824684, t: -0.000019 0.000036 0.000317 q: 0.704361 -0.709820 0.003851 0.003969 
time: 1788070524.858025, t: -0.000051 0.000066 0.000401 q: 0.704475 -0.709706 0.003961 0.004117 
time: 1788070524.891366, t: -0.000059 0.000077 0.000444 q: 0.704535 -0.709646 0.004015 0.004178 
time: 1788070524.924708, t: -0.000120 0.000043 0.000481 q: 0.704559 -0.709622 0.004071 0.004180 
time: 1788070524.958048, t: -0.000183 0.000007 0.000514 q: 0.704594 -0.709586 0.004102 0.004200 
time: 1788070524.991390, t: -0.000213 -0.000001 0.000550 q: 0.704626 -0.709555 0.004100 0.004226 
time: 1788070525.024731, t: -0.000202 0.000027 0.000579 q: 0.704671 -0.709509 0.004072 0.004256 
time: 1788070525.058073, t: -0.000160 0.000031 0.000612 q: 0.704713 -0.709468 0.004052 0.004239 
time: 1788070525.091414, t: -0.000181 0.000045 0.000608 q: 0.704742 -0.709440 0.004003 0.004155 
time: 1788070525.124756, t: -0.000199 0.000058 0.000586 q: 0.704707 -0.709476 0.003907 0.004094 
time: 1788070525.158097, t: -0.000196 -0.000008 0.000643 q: 0.704729 -0.709454 0.003918 0.004104 
time: 1788070525.191438, t: -0.000187 -0.000018 0.000709 q: 0.704798 -0.709386 0.003905 0.004120 
time: 1788070525.224780, t: -0.000143 0.000001 0.000747 q: 0.704817 -0.709367 0.003870 0.004101 
time: 1788070525.258121, t: -0.000177 -0.000003 0.000793 q: 0.704860 -0.709325 0.003824 0.004017 
time: 1788070525.291463, t: -0.000211 0.000043 0.000833 q: 0.704901 -0.709285 0.003768 0.003961 
time: 1788070525.324804, t: -0.000101 -0.000306 0.000805 q: 0.704900 -0.709287 0.003701 0.003844 
time: 1788070525.358145, t: 0.000147 0.000043 0.000846 q: 0.704919 -0.709268 0.003661 0.003818 
time: 1788070525.391486, t: 0.000083 -0.000050 0.000891 q: 0.704945 -0.709243 0.003583 0.003757 
time: 1788070525.424827, t: 0.000164 -0.000004 0.000780 q: 0.704797 -0.709392 0.003438 0.003582 
time: 1788070525.458169, t: 0.000168 0.000028 0.000932 q: 0.704870 -0.709318 0.003497 0.003613 
time: 1788070525.491513, t: 0.000129 0.000022 0.000976 q: 0.704901 -0.709289 0.003439 0.003541 
time: 1788070525.524858, t: 0.000116 0.000025 0.001004 q: 0.704945 -0.709246 0.003352 0.003474 
time: 1788070525.558204, t: 0.000107 0.000030 0.001039 q: 0.704977 -0.709214 0.003298 0.003399 
time: 1788070525.591549, t: 0.000093 0.000047 0.001089 q: 0.704979 -0.709212 0.003283 0.003388 
time: 1788070525.624895, t: 0.000084 0.000063 0.001133 q: 0.704986 -0.709206 0.003255 0.003350 
time: 1788070525.658241, t: 0.000060 0.000077 0.001168 q: 0.704989 -0.709203 0.003200 0.003313 
time: 1788070525.691587, t: 0.000037 0.000096 0.001187 q: 0.704985 -0.709208 0.003158 0.003284 
time: 1788070525.724932, t: 0.000046 0.000106 0.001219 q: 0.704967 -0.709225 0.003146 0.003277 
time: 1788070525.758278, t: 0.000069 0.000131 0.001250 q: 0.704947 -0.709245 0.003128 0.003264 
time: 1788070525.791624, t: 0.000105 0.000163 0.001284 q: 0.704933 -0.709260 0.003108 0.003262 
time: 1788070525.824969, t: 0.000178 0.000191 0.001315 q: 0.704911 -0.709282 0.003098 0.003283 
time: 1788070525.858315, t: 0.000224 0.000255 0.001345 q: 0.704904 -0.709288 0.003077 0.003299 
time: 1788070525.891661, t: 0.000226 0.000324 0.001355 q: 0.704907 -0.709285 0.003073 0.003287 
time: 1788070525.925007, t: 0.000257 0.000336 0.001349 q: 0.704890 -0.709303 0.003031 0.003267 
time: 1788070525.958353, t: 0.000283 0.000319 0.001359 q: 0.704847 -0.709345 0.003029 0.003270 
time: 1788070525.991699, t: 0.000268 0.000301 0.001365 q: 0.704820 -0.709372 0.002995 0.003258 
time: 1788070526.025045, t: 0.000270 0.000286 0.001364 q: 0.704798 -0.709394 0.003013 0.003259 
time: 1788070526.058391, t: 0.000237 0.000275 0.001362 q: 0.704750 -0.709442 0.003037 0.003276 
time: 1788070526.091737, t: 0.000211 0.000286 0.001354 q: 0.704745 -0.709447 0.003038 0.003253 
time: 1788070526.125083, t: 0.000225 0.000289 0.001337 q: 0.704716 -0.709476 0.003058 0.003247 
time: 1788070526.158429, t: 0.000196 0.000284 0.001347 q: 0.704670 -0.709521 0.003074 0.003271 
time: 1788070526.191775, t: 0.000188 0.000298 0.001354 q: 0.704646 -0.709544 0.003082 0.003292 
time: 1788070526.225121, t: 0.000194 0.000291 0.001355 q: 0.704580 -0.709610 0.003141 0.003305 
time: 1788070526.258468, t: 0.000242 0.000254 0.001354 q: 0.704530 -0.709660 0.003134 0.003347 
time: 1788070526.291813, t: 0.000319 0.000261 0.001361 q: 0.704491 -0.709698 0.003146 0.003371 
time: 1788070526.325159, t: 0.000333 0.000332 0.001377 q: 0.704446 -0.709743 0.003165 0.003409 
time: 1788070526.358506, t: 0.000365 0.000376 0.001394 q: 0.704418 -0.709769 0.003184 0.003437 
time: 1788070526.391852, t: 0.000386 0.000376 0.001395 q: 0.704392 -0.709796 0.003198 0.003477 
time: 1788070526.425198, t: 0.000424 0.000305 0.001344 q: 0.704335 -0.709852 0.003228 0.003483 
time: 1788070526.458545, t: 0.000413 0.000214 0.001321 q: 0.704306 -0.709881 0.003212 0.003462 
time: 1788070526.491888, t: 0.000368 0.000228 0.001336 q: 0.704337 -0.709851 0.003147 0.003410 
time: 1788070526.525228, t: 0.000399 0.000306 0.001332 q: 0.704285 -0.709902 0.003130 0.003448 
time: 1788070526.558568, t: 0.000454 0.000400 0.001332 q: 0.704272 -0.709915 0.003130 0.003479 
time: 1788070526.591909, t: 0.000484 0.000409 0.001326 q: 0.704240 -0.709946 0.003139 0.003476 
time: 1788070526.625249, t: 0.000493 0.000353 0.001311 q: 0.704213 -0.709973 0.003158 0.003484 
time: 1788070526.658590, t: 0.000478 0.000380 0.001297 q: 0.704190 -0.709996 0.003167 0.003478 
time: 1788070526.691930, t: 0.000452 0.000437 0.001292 q: 0.704155 -0.710031 0.003172 0.003487 
time: 1788070526.725270, t: 0.000502 0.000488 0.001298 q: 0.704124 -0.710062 0.003167 0.003506 
time: 1788070526.758610, t: 0.000555 0.000540 0.001302 q: 0.704099 -0.710086 0.003187 0.003519 
time: 1788070526.791950, t: 0.000565 0.000552 0.001298 q: 0.704078 -0.710107 0.003176 0.003520 
time: 1788070526.825291, t: 0.000597 0.000551 0.001296 q: 0.704054 -0.710131 0.003180 0.003530 
time: 1788070526.858631, t: 0.000604 0.000537 0.001306 q: 0.704016 -0.710168 0.003196 0.003546 
time: 1788070526.891971, t: 0.000609 0.000488 0.001319 q: 0.703988 -0.710196 0.003195 0.003544 
time: 1788070526.925312, t: 0.000637 0.000496 0.001330 q: 0.703959 -0.710224 0.003180 0.003567 
time: 1788070526.958652, t: 0.000672 0.000575 0.001342 q: 0.703929 -0.710254 0.003174 0.003591 
time: 1788070526.991992, t: 0.000729 0.000618 0.001358 q: 0.703900 -0.710283 0.003170 0.003613 
time: 1788070527.025332, t: 0.000787 0.000622 0.001349 q: 0.703891 -0.710292 0.003149 0.003608 
time: 1788070527.058673, t: 0.000821 0.000594 0.001327 q: 0.703855 -0.710328 0.003130 0.003598 
time: 1788070527.092013, t: 0.000871 0.000529 0.001289 q: 0.703822 -0.710360 0.003122 0.003591 
time: 1788070527.125353, t: 0.000918 0.000514 0.001266 q: 0.703798 -0.710385 0.003141 0.003601 
time: 1788070527.158692, t: 0.000936 0.000537 0.001224 q: 0.703773 -0.710409 0.003137 0.003598 
time: 1788070527.192033, t: 0.000989 0.000537 0.001190 q: 0.703733 -0.710448 0.003124 0.003617 
time: 1788070527.225373, t: 0.000994 0.000509 0.001217 q: 0.703701 -0.710480 0.003126 0.003625 
time: 1788070527.258713, t: 0.000976 0.000483 0.001249 q: 0.703672 -0.710508 0.003152 0.003651 
time: 1788070527.292053, t: 0.000911 0.000526 0.001283 q: 0.703665 -0.710515 0.003162 0.003653 
time: 1788070527.325393, t: 0.000926 0.000526 0.001310 q: 0.703642 -0.710538 0.003175 0.003682 
time: 1788070527.358733, t: 0.000973 0.000526 0.001318 q: 0.703631 -0.710549 0.003174 0.003699 
time: 1788070527.392073, t: 0.000973 0.000531 0.001357 q: 0.703605 -0.710574 0.003196 0.003726 
time: 1788070527.425413, t: 0.001031 0.000513 0.001343 q: 0.703602 -0.710577 0.003181 0.003764 
time: 1788070527.458753, t: 0.001104 0.000516 0.001325 q: 0.703568 -0.710611 0.003192 0.003804 
time: 1788070527.492094, t: 0.001061 0.000497 0.001355 q: 0.703569 -0.710609 0.003239 0.003805 
time: 1788070527.525434, t: 0.001034 0.000465 0.001371 q: 0.703555 -0.710623 0.003210 0.003815 
time: 1788070527.558775, t: 0.001049 0.000414 0.001342 q: 0.703557 -0.710621 0.003217 0.003792 
time: 1788070527.592115, t: 0.001032 0.000332 0.001324 q: 0.703530 -0.710648 0.003241 0.003814 
time: 1788070527.625455, t: 0.001024 0.000304 0.001332 q: 0.703517 -0.710661 0.003220 0.003792 
time: 1788070527.658796, t: 0.001025 0.000298 0.001349 q: 0.703510 -0.710668 0.003220 0.003822 
time: 1788070527.692136, t: 0.001025 0.000300 0.001361 q: 0.703503 -0.710675 0.003194 0.003788 
time: 1788070527.725477, t: 0.001029 0.000287 0.001323 q: 0.703478 -0.710700 0.003170 0.003763 
time: 1788070527.758817, t: 0.000964 0.000322 0.001328 q: 0.703473 -0.710705 0.003164 0.003749 
time: 1788070527.792158, t: 0.000953 0.000336 0.001373 q: 0.703465 -0.710713 0.003192 0.003774 
time: 1788070527.825498, t: 0.000991 0.000281 0.001369 q: 0.703446 -0.710732 0.003183 0.003794 
time: 1788070527.858839, t: 0.000992 0.000281 0.001380 q: 0.703438 -0.710739 0.003184 0.003778 
time: 1788070527.892179, t: 0.000991 0.000310 0.001394 q: 0.703426 -0.710752 0.003168 0.003779 
time: 1788070527.925519, t: 0.001022 0.000334 0.001398 q: 0.703422 -0.710755 0.003179 0.003771 
time: 1788070527.958860, t: 0.000993 0.000321 0.001381 q: 0.703422 -0.710756 0.003177 0.003735 
time: 1788070527.992200, t: 0.000956 0.000306 0.001377 q: 0.703416 -0.710761 0.003162 0.003753 
time: 1788070528.025541, t: 0.000918 0.000304 0.001371 q: 0.703403 -0.710775 0.003176 0.003744 
time: 1788070528.058880, t: 0.000877 0.000257 0.001391 q: 0.703389 -0.710789 0.003174 0.003744 
time: 1788070528.092221, t: 0.000853 0.000193 0.001404 q: 0.703385 -0.710792 0.003166 0.003749 
time: 1788070528.125561, t: 0.000887 0.000169 0.001402 q: 0.703383 -0.710794 0.003158 0.003773 
time: 1788070528.158901, t: 0.000912 0.000172 0.001411 q: 0.703379 -0.710798 0.003198 0.003774 
time: 1788070528.192242, t: 0.000886 0.000197 0.001411 q: 0.703384 -0.710792 0.003180 0.003776 
time: 1788070528.225582, t: 0.000864 0.000244 0.001386 q: 0.703376 -0.710801 0.003183 0.003764 
time: 1788070528.258922, t: 0.000830 0.000274 0.001380 q: 0.703389 -0.710788 0.003184 0.003772 
time: 1788070528.292263, t: 0.000882 0.000278 0.001363 q: 0.703391 -0.710786 0.003176 0.003773 
time: 1788070528.325603, t: 0.000888 0.000320 0.001336 q: 0.703400 -0.710778 0.003145 0.003753 
time: 1788070528.358943, t: 0.000903 0.000404 0.001317 q: 0.703399 -0.710778 0.003115 0.003745 
time: 1788070528.392284, t: 0.000951 0.000377 0.001311 q: 0.703384 -0.710793 0.003125 0.003719 
time: 1788070528.425624, t: 0.000930 0.000327 0.001316 q: 0.703385 -0.710792 0.003121 0.003704 
time: 1788070528.458964, t: 0.000899 0.000326 0.001321 q: 0.703384 -0.710794 0.003128 0.003708 
time: 1788070528.492304, t: 0.000891 0.000319 0.001317 q: 0.703392 -0.710786 0.003105 0.003702 
time: 1788070528.525645, t: 0.000907 0.000316 0.001310 q: 0.703381 -0.710797 0.003114 0.003710 
time: 1788070528.558985, t: 0.000904 0.000239 0.001309 q: 0.703389 -0.710788 0.003134 0.003699 
time: 1788070528.592326, t: 0.000900 0.000265 0.001310 q: 0.703383 -0.710794 0.003150 0.003699 
time: 1788070528.625667, t: 0.000907 0.000258 0.001318 q: 0.703379 -0.710799 0.003143 0.003691 
time: 1788070528.659008, t: 0.000867 0.000212 0.001304 q: 0.703390 -0.710788 0.003150 0.003684 
time: 1788070528.692348, t: 0.000824 0.000191 0.001299 q: 0.703378 -0.710799 0.003159 0.003700 
time: 1788070528.725689, t: 0.000832 0.000179 0.001313 q: 0.703374 -0.710803 0.003177 0.003724 
time: 1788070528.759030, t: 0.000848 0.000187 0.001338 q: 0.703370 -0.710807 0.003166 0.003751 
time: 1788070528.792371, t: 0.000860 0.000228 0.001346 q: 0.703376 -0.710801 0.003172 0.003743 
time: 1788070528.825711, t: 0.000882 0.000234 0.001355 q: 0.703365 -0.710812 0.003179 0.003773 
time: 1788070528.859052, t: 0.000930 0.000274 0.001386 q: 0.703358 -0.710819 0.003161 0.003767 
time: 1788070528.892393, t: 0.000947 0.000291 0.001411 q: 0.703358 -0.710819 0.003152 0.003744 
time: 1788070528.925733, t: 0.000986 0.000290 0.001411 q: 0.703356 -0.710821 0.003148 0.003735 
time: 1788070528.959073, t: 0.000979 0.000321 0.001398 q: 0.703354 -0.710823 0.003148 0.003758 
time: 1788070528.992414, t: 0.000950 0.000349 0.001401 q: 0.703369 -0.710807 0.003153 0.003763 
time: 1788070529.025754, t: 0.000940 0.000326 0.001392 q: 0.703361 -0.710816 0.003149 0.003752 
time: 1788070529.059095, t: 0.000899 0.000267 0.001401 q: 0.703354 -0.710823 0.003138 0.003715 
time: 1788070529.092436, t: 0.000911 0.000236 0.001391 q: 0.703370 -0.710807 0.003129 0.003721 
time: 1788070529.125776, t: 0.000932 0.000185 0.001357 q: 0.703369 -0.710809 0.003109 0.003695 
time: 1788070529.159117, t: 0.000888 0.000152 0.001359 q: 0.703348 -0.710830 0.003119 0.003686 
time: 1788070529.192457, t: 0.000818 0.000153 0.001376 q: 0.703352 -0.710825 0.003139 0.003688 
time: 1788070529.225798, t: 0.000764 0.000112 0.001379 q: 0.703342 -0.710835 0.003188 0.003702 
time: 1788070529.259138, t: 0.000730 0.000075 0.001386 q: 0.703347 -0.710829 0.003196 0.003686 
time: 1788070529.292479, t: 0.000726 0.000096 0.001387 q: 0.703340 -0.710837 0.003184 0.003686 
time: 1788070529.325819, t: 0.000761 0.000132 0.001376 q: 0.703349 -0.710829 0.003168 0.003675 
time: 1788070529.359160, t: 0.000803 0.000123 0.001360 q: 0.703351 -0.710826 0.003147 0.003674 
time: 1788070529.392500, t: 0.000837 0.000140 0.001332 q: 0.703357 -0.710820 0.003149 0.003687 
time: 1788070529.425840, t: 0.000885 0.000207 0.001327 q: 0.703360 -0.710817 0.003112 0.003688 
time: 1788070529.459181, t: 0.000943 0.000279 0.001323 q: 0.703371 -0.710807 0.003105 0.003701 
time: 1788070529.492522, t: 0.000980 0.000308 0.001305 q: 0.703366 -0.710812 0.003075 0.003686 
time: 1788070529.525862, t: 0.000992 0.000322 0.001313 q: 0.703356 -0.710822 0.003063 0.003695 
time: 1788070529.559203, t: 0.000983 0.000347 0.001312 q: 0.703369 -0.710808 0.003059 0.003679 
time: 1788070529.592544, t: 0.001004 0.000352 0.001281 q: 0.703364 -0.710814 0.003054 0.003660 
time: 1788070529.625885, t: 0.001038 0.000358 0.001274 q: 0.703360 -0.710818 0.003050 0.003655 
time: 1788070529.659226, t: 0.001000 0.000361 0.001261 q: 0.703359 -0.710819 0.003059 0.003639 
time: 1788070529.692566, t: 0.001000 0.000353 0.001223 q: 0.703364 -0.710814 0.003038 0.003637 
time: 1788070529.725907, t: 0.001044 0.000326 0.001151 q: 0.703364 -0.710814 0.003029 0.003601 
time: 1788070529.759248, t: 0.001019 0.000310 0.001147 q: 0.703345 -0.710833 0.003027 0.003616 
time: 1788070529.792589, t: 0.000957 0.000314 0.001181 q: 0.703354 -0.710824 0.003044 0.003617 
time: 1788070529.825928, t: 0.000979 0.000297 0.001154 q: 0.703333 -0.710845 0.003008 0.003605 
time: 1788070529.859269, t: 0.000977 0.000298 0.001191 q: 0.703308 -0.710870 0.003022 0.003606 
time: 1788070529.892610, t: 0.000964 0.000283 0.001254 q: 0.703302 -0.710875 0.003026 0.003624 
time: 1788070529.925951, t: 0.000982 0.000255 0.001275 q: 0.703284 -0.710894 0.003053 0.003622 
time: 1788070529.959291, t: 0.000914 0.000244 0.001285 q: 0.703283 -0.710894 0.003081 0.003621 
time: 1788070529.992632, t: 0.000869 0.000227 0.001295 q: 0.703263 -0.710914 0.003063 0.003620 
time: 1788070530.025973, t: 0.000883 0.000187 0.001321 q: 0.703244 -0.710932 0.003094 0.003622 
time: 1788070530.059314, t: 0.000857 0.000163 0.001325 q: 0.703254 -0.710923 0.003098 0.003600 
time: 1788070530.092654, t: 0.000793 0.000165 0.001298 q: 0.703251 -0.710926 0.003066 0.003579 
time: 1788070530.125995, t: 0.000777 0.000166 0.001318 q: 0.703228 -0.710949 0.003057 0.003578 
time: 1788070530.159335, t: 0.000786 0.000110 0.001327 q: 0.703227 -0.710949 0.003058 0.003567 
time: 1788070530.192676, t: 0.000792 0.000097 0.001319 q: 0.703224 -0.710952 0.003039 0.003558 
time: 1788070530.226017, t: 0.000788 0.000116 0.001321 q: 0.703220 -0.710957 0.003033 0.003533 
time: 1788070530.259357, t: 0.000773 0.000162 0.001310 q: 0.703228 -0.710950 0.003021 0.003540 
time: 1788070530.292697, t: 0.000815 0.000194 0.001302 q: 0.703214 -0.710963 0.003025 0.003558 
time: 1788070530.326038, t: 0.000815 0.000166 0.001318 q: 0.703203 -0.710974 0.003002 0.003528 
time: 1788070530.359378, t: 0.000744 0.000157 0.001344 q: 0.703190 -0.710987 0.003021 0.003516 
time: 1788070530.392719, t: 0.000732 0.000152 0.001349 q: 0.703196 -0.710981 0.002983 0.003506 
time: 1788070530.426059, t: 0.000798 0.000191 0.001356 q: 0.703180 -0.710997 0.002969 0.003536 
time: 1788070530.459400, t: 0.000905 0.000126 0.001340 q: 0.703167 -0.711010 0.002985 0.003569 
time: 1788070530.492741, t: 0.000885 0.000157 0.001331 q: 0.703154 -0.711022 0.003008 0.003601 
time: 1788070530.526081, t: 0.000861 0.000294 0.001101 q: 0.703174 -0.711002 0.003013 0.003551 
time: 1788070530.559422, t: 0.000919 0.000409 0.001148 q: 0.703172 -0.711005 0.002985 0.003546 
time: 1788070530.592762, t: 0.000954 0.000506 0.001164 q: 0.703149 -0.711028 0.002977 0.003583 
time: 1788070530.626103, t: 0.000997 0.000600 0.001193 q: 0.703157 -0.711020 0.002983 0.003599 
time: 1788070530.659443, t: 0.001033 0.000704 0.001197 q: 0.703157 -0.711019 0.002975 0.003591 
time: 1788070530.692784, t: 0.001059 0.000786 0.001206 q: 0.703148 -0.711028 0.002958 0.003603 
time: 1788070530.726123, t: 0.001063 0.000847 0.001203 q: 0.703143 -0.711033 0.002954 0.003567 
time: 1788070530.759464, t: 0.001089 0.000920 0.001198 q: 0.703141 -0.711035 0.002943 0.003568 
time: 1788070530.792804, t: 0.001090 0.000994 0.001191 q: 0.703151 -0.711025 0.002977 0.003564 
time: 1788070530.826145, t: 0.001085 0.001065 0.001177 q: 0.703160 -0.711016 0.002979 0.003560 
time: 1788070530.859485, t: 0.001077 0.001119 0.001156 q: 0.703167 -0.711010 0.002979 0.003530 
time: 1788070530.892825, t: 0.001016 0.001113 0.001116 q: 0.703187 -0.710990 0.002983 0.003496 
time: 1788070530.926166, t: 0.001040 0.001151 0.001088 q: 0.703198 -0.710979 0.002984 0.003509 
time: 1788070530.959506, t: 0.001076 0.001213 0.001063 q: 0.703217 -0.710961 0.002979 0.003496 
time: 1788070530.992847, t: 0.001051 0.001216 0.001032 q: 0.703222 -0.710955 0.002983 0.003503 
time: 1788070531.026187, t: 0.001050 0.001223 0.001004 q: 0.703239 -0.710939 0.002965 0.003506 
time: 1788070531.059527, t: 0.001067 0.001270 0.000971 q: 0.703257 -0.710921 0.002966 0.003506 
time: 1788070531.092868, t: 0.001060 0.001297 0.000953 q: 0.703265 -0.710913 0.002979 0.003523 
time: 1788070531.126208, t: 0.001089 0.001348 0.000958 q: 0.703268 -0.710910 0.002978 0.003543 
time: 1788070531.159547, t: 0.001149 0.001412 0.000977 q: 0.703253 -0.710924 0.002978 0.003553 
time: 1788070531.192888, t: 0.001137 0.001413 0.000996 q: 0.703259 -0.710919 0.002981 0.003543 
time: 1788070531.226228, t: 0.001088 0.001392 0.000983 q: 0.703266 -0.710912 0.002985 0.003534 
time: 1788070531.259568, t: 0.001090 0.001397 0.000971 q: 0.703249 -0.710929 0.003012 0.003577 
time: 1788070531.292908, t: 0.001139 0.001400 0.000954 q: 0.703265 -0.710912 0.002984 0.003607 
time: 1788070531.326249, t: 0.001153 0.001330 0.000944 q: 0.703260 -0.710918 0.002976 0.003614 
time: 1788070531.359589, t: 0.001152 0.001254 0.000942 q: 0.703263 -0.710914 0.002975 0.003635 
time: 1788070531.392929, t: 0.001164 0.001225 0.000952 q: 0.703239 -0.710938 0.002993 0.003658 
time: 1788070531.426270, t: 0.001152 0.001188 0.000965 q: 0.703240 -0.710937 0.002992 0.003663 
time: 1788070531.459610, t: 0.001136 0.001153 0.000978 q: 0.703241 -0.710936 0.003002 0.003649 
time: 1788070531.492950, t: 0.001085 0.001120 0.000972 q: 0.703252 -0.710926 0.003003 0.003615 
time: 1788070531.526292, t: 0.001022 0.001093 0.000948 q: 0.703258 -0.710919 0.002989 0.003584 
time: 1788070531.559633, t: 0.000984 0.001028 0.000956 q: 0.703249 -0.710928 0.003013 0.003560 
time: 1788070531.592974, t: 0.000929 0.000957 0.000964 q: 0.703248 -0.710929 0.003029 0.003562 
time: 1788070531.626314, t: 0.000900 0.000942 0.000980 q: 0.703239 -0.710938 0.003052 0.003583 
time: 1788070531.659655, t: 0.000904 0.000919 0.000999 q: 0.703247 -0.710930 0.003021 0.003592 
time: 1788070531.692996, t: 0.000934 0.000976 0.000959 q: 0.703294 -0.710884 0.002989 0.003548 
time: 1788070531.726337, t: 0.000969 0.001022 0.000920 q: 0.703298 -0.710880 0.002965 0.003563 
time: 1788070531.759678, t: 0.001004 0.001015 0.000929 q: 0.703301 -0.710877 0.002964 0.003548 
time: 1788070531.793020, t: 0.000996 0.000996 0.000940 q: 0.703291 -0.710888 0.002942 0.003525 
time: 1788070531.826361, t: 0.000986 0.000941 0.000955 q: 0.703282 -0.710896 0.002919 0.003533 
time: 1788070531.859702, t: 0.001017 0.000924 0.000962 q: 0.703291 -0.710887 0.002915 0.003535 
time: 1788070531.893043, t: 0.001009 0.000932 0.000964 q: 0.703289 -0.710890 0.002904 0.003506 
time: 1788070531.926384, t: 0.001003 0.000937 0.000969 q: 0.703296 -0.710883 0.002924 0.003517 
time: 1788070531.959725, t: 0.001063 0.000981 0.000981 q: 0.703287 -0.710892 0.002888 0.003521 
time: 1788070531.993066, t: 0.001114 0.001015 0.000992 q: 0.703284 -0.710894 0.002859 0.003488 
time: 1788070532.026407, t: 0.001104 0.000989 0.001005 q: 0.703286 -0.710893 0.002841 0.003464 
time: 1788070532.059747, t: 0.001095 0.000975 0.001011 q: 0.703276 -0.710902 0.002844 0.003473 
time: 1788070532.093088, t: 0.001104 0.000931 0.001030 q: 0.703254 -0.710924 0.002855 0.003496 
time: 1788070532.126430, t: 0.001082 0.000844 0.001038 q: 0.703271 -0.710908 0.002823 0.003477 
time: 1788070532.159770, t: 0.001044 0.000763 0.001031 q: 0.703272 -0.710907 0.002824 0.003459 
time: 1788070532.193112, t: 0.001101 0.000801 0.001056 q: 0.703269 -0.710910 0.002834 0.003493 
time: 1788070532.226453, t: 0.001128 0.000826 0.001089 q: 0.703243 -0.710935 0.002856 0.003497 
time: 1788070532.259794, t: 0.001064 0.000772 0.001116 q: 0.703235 -0.710944 0.002873 0.003459 
time: 1788070532.293135, t: 0.001025 0.000726 0.001129 q: 0.703231 -0.710947 0.002855 0.003478 
time: 1788070532.326476, t: 0.001001 0.000666 0.001147 q: 0.703219 -0.710959 0.002874 0.003487 
time: 1788070532.359817, t: 0.000981 0.000658 0.001148 q: 0.703211 -0.710966 0.002881 0.003482 
time: 1788070532.393158, t: 0.000987 0.000713 0.001141 q: 0.703223 -0.710956 0.002825 0.003426 
time: 1788070532.426499, t: 0.000990 0.000731 0.001163 q: 0.703214 -0.710964 0.002830 0.003434 
time: 1788070532.459840, t: 0.001014 0.000749 0.001184 q: 0.703202 -0.710976 0.002843 0.003467 
time: 1788070532.493180, t: 0.001076 0.000784 0.001213 q: 0.703183 -0.710995 0.002813 0.003455 
time: 1788070532.526520, t: 0.001091 0.000771 0.001222 q: 0.703189 -0.710989 0.002797 0.003458 
time: 1788070532.559861, t: 0.001067 0.000705 0.001233 q: 0.703184 -0.710994 0.002777 0.003419 
time: 1788070532.593202, t: 0.001081 0.000691 0.001256 q: 0.703184 -0.710994 0.002787 0.003443 
time: 1788070532.626543, t: 0.001067 0.000677 0.001260 q: 0.703161 -0.711017 0.002793 0.003432 
time: 1788070532.659884, t: 0.001083 0.000653 0.001294 q: 0.703154 -0.711024 0.002760 0.003443 
time: 1788070532.693225, t: 0.001147 0.000672 0.001325 q: 0.703155 -0.711023 0.002737 0.003439 
time: 1788070532.726565, t: 0.001138 0.000663 0.001314 q: 0.703151 -0.711027 0.002723 0.003413 
time: 1788070532.759906, t: 0.001127 0.000653 0.001303 q: 0.703142 -0.711036 0.002726 0.003407 
time: 1788070532.793247, t: 0.001091 0.000622 0.001308 q: 0.703135 -0.711043 0.002715 0.003378 
time: 1788070532.826588, t: 0.001087 0.000606 0.001318 q: 0.703145 -0.711033 0.002717 0.003409 
time: 1788070532.859928, t: 0.001133 0.000625 0.001316 q: 0.703136 -0.711042 0.002687 0.003410 
time: 1788070532.893269, t: 0.001158 0.000637 0.001325 q: 0.703133 -0.711045 0.002683 0.003407 
time: 1788070532.926610, t: 0.001171 0.000646 0.001339 q: 0.703123 -0.711055 0.002685 0.003417 
time: 1788070532.959950, t: 0.001204 0.000645 0.001348 q: 0.703124 -0.711054 0.002684 0.003431 
time: 1788070532.993290, t: 0.001211 0.000631 0.001355 q: 0.703117 -0.711061 0.002679 0.003438 
time: 1788070533.026631, t: 0.001222 0.000655 0.001345 q: 0.703133 -0.711045 0.002666 0.003420 
time: 1788070533.059972, t: 0.001286 0.000714 0.001328 q: 0.703134 -0.711044 0.002656 0.003434 
time: 1788070533.093313, t: 0.001298 0.000715 0.001325 q: 0.703129 -0.711049 0.002643 0.003441 
time: 1788070533.126653, t: 0.001315 0.000700 0.001333 q: 0.703128 -0.711050 0.002635 0.003442 
time: 1788070533.159994, t: 0.001298 0.000666 0.001322 q: 0.703130 -0.711048 0.002629 0.003413 
time: 1788070533.193335, t: 0.001256 0.000639 0.001287 q: 0.703140 -0.711038 0.002607 0.003415 
time: 1788070533.226676, t: 0.001298 0.000693 0.001278 q: 0.703139 -0.711040 0.002607 0.003400 
time: 1788070533.260016, t: 0.001311 0.000686 0.001315 q: 0.703104 -0.711074 0.002619 0.003405 
time: 1788070533.293357, t: 0.001302 0.000622 0.001366 q: 0.703088 -0.711090 0.002616 0.003430 
time: 1788070533.326698, t: 0.001315 0.000614 0.001369 q: 0.703105 -0.711073 0.002621 0.003438 
time: 1788070533.360038, t: 0.001347 0.000663 0.001317 q: 0.703138 -0.711040 0.002597 0.003416 
time: 1788070533.393378, t: 0.001371 0.000677 0.001283 q: 0.703135 -0.711043 0.002609 0.003448 
time: 1788070533.426718, t: 0.001383 0.000681 0.001306 q: 0.703113 -0.711065 0.002603 0.003432 
time: 1788070533.460059, t: 0.001407 0.000697 0.001317 q: 0.703104 -0.711074 0.002588 0.003436 
time: 1788070533.493400, t: 0.001411 0.000684 0.001323 q: 0.703094 -0.711084 0.002581 0.003426 
time: 1788070533.526741, t: 0.001442 0.000687 0.001358 q: 0.703074 -0.711104 0.002596 0.003459 
time: 1788070533.560082, t: 0.001430 0.000661 0.001367 q: 0.703057 -0.711121 0.002591 0.003467 
time: 1788070533.593423, t: 0.001430 0.000664 0.001378 q: 0.703044 -0.711133 0.002573 0.003493 
time: 1788070533.626764, t: 0.001474 0.000666 0.001414 q: 0.703042 -0.711135 0.002591 0.003545 
time: 1788070533.660105, t: 0.001511 0.000669 0.001421 q: 0.703066 -0.711112 0.002565 0.003516 
time: 1788070533.693445, t: 0.001561 0.000716 0.001426 q: 0.703038 -0.711139 0.002577 0.003507 
time: 1788070533.726786, t: 0.001514 0.000704 0.001418 q: 0.703043 -0.711134 0.002577 0.003492 
time: 1788070533.760128, t: 0.001474 0.000679 0.001412 q: 0.703030 -0.711146 0.002589 0.003505 
time: 1788070533.793468, t: 0.001536 0.000724 0.001408 q: 0.703038 -0.711139 0.002585 0.003522 
time: 1788070533.826808, t: 0.001503 0.000697 0.001411 q: 0.703035 -0.711142 0.002591 0.003491 
time: 1788070533.860149, t: 0.001400 0.000640 0.001408 q: 0.703045 -0.711132 0.002604 0.003464 
time: 1788070533.893490, t: 0.001348 0.000642 0.001388 q: 0.703056 -0.711121 0.002598 0.003445 
time: 1788070533.926831, t: 0.001329 0.000664 0.001353 q: 0.703067 -0.711110 0.002589 0.003437 
time: 1788070533.960172, t: 0.001370 0.000696 0.001349 q: 0.703063 -0.711115 0.002568 0.003451 
time: 1788070533.993513, t: 0.001398 0.000704 0.001347 q: 0.703080 -0.711098 0.002571 0.003444 
time: 1788070534.026854, t: 0.001412 0.000717 0.001346 q: 0.703073 -0.711105 0.002550 0.003433 
time: 1788070534.060194, t: 0.001413 0.000746 0.001329 q: 0.703084 -0.711094 0.002537 0.003388 
time: 1788070534.093535, t: 0.001389 0.000743 0.001281 q: 0.703105 -0.711073 0.002544 0.003389 
time: 1788070534.126876, t: 0.001373 0.000715 0.001273 q: 0.703088 -0.711090 0.002520 0.003371 
time: 1788070534.160217, t: 0.001376 0.000718 0.001299 q: 0.703085 -0.711093 0.002508 0.003362 
time: 1788070534.193558, t: 0.001382 0.000716 0.001317 q: 0.703076 -0.711103 0.002498 0.003374 
time: 1788070534.226898, t: 0.001417 0.000738 0.001310 q: 0.703086 -0.711093 0.002484 0.003363 
time: 1788070534.260239, t: 0.001458 0.000763 0.001299 q: 0.703088 -0.711091 0.002496 0.003394 
time: 1788070534.293579, t: 0.001449 0.000734 0.001307 q: 0.703071 -0.711108 0.002501 0.003394 
time: 1788070534.326920, t: 0.001434 0.000729 0.001305 q: 0.703074 -0.711104 0.002488 0.003375 
time: 1788070534.360261, t: 0.001475 0.000774 0.001284 q: 0.703086 -0.711092 0.002477 0.003392 
time: 1788070534.393602, t: 0.001523 0.000782 0.001273 q: 0.703076 -0.711102 0.002479 0.003407 
time: 1788070534.426942, t: 0.001527 0.000775 0.001260 q: 0.703087 -0.711092 0.002482 0.003421 
time: 1788070534.460283, t: 0.001503 0.000770 0.001250 q: 0.703099 -0.711080 0.002463 0.003371 
time: 1788070534.493624, t: 0.001526 0.000789 0.001255 q: 0.703086 -0.711093 0.002472 0.003416 
time: 1788070534.526965, t: 0.001550 0.000788 0.001255 q: 0.703080 -0.711098 0.002469 0.003412 
time: 1788070534.560307, t: 0.001521 0.000754 0.001255 q: 0.703085 -0.711093 0.002478 0.003402 
time: 1788070534.593648, t: 0.001524 0.000750 0.001248 q: 0.703081 -0.711098 0.002487 0.003431 
time: 1788070534.626989, t: 0.001544 0.000754 0.001248 q: 0.703077 -0.711101 0.002473 0.003441 
time: 1788070534.660330, t: 0.001574 0.000751 0.001273 q: 0.703074 -0.711104 0.002462 0.003438 
time: 1788070534.693672, t: 0.001594 0.000740 0.001306 q: 0.703061 -0.711117 0.002461 0.003442 
time: 1788070534.727012, t: 0.001578 0.000730 0.001332 q: 0.703052 -0.711126 0.002475 0.003434 
time: 1788070534.760353, t: 0.001555 0.000720 0.001344 q: 0.703054 -0.711124 0.002482 0.003433 
time: 1788070534.793694, t: 0.001604 0.000760 0.001354 q: 0.703040 -0.711137 0.002472 0.003432 
time: 1788070534.827036, t: 0.001652 0.000790 0.001369 q: 0.703041 -0.711137 0.002449 0.003409 
time: 1788070534.860377, t: 0.001640 0.000780 0.001365 q: 0.703046 -0.711132 0.002444 0.003409 
time: 1788070534.893718, t: 0.001630 0.000777 0.001346 q: 0.703058 -0.711120 0.002428 0.003391 
time: 1788070534.927060, t: 0.001631 0.000764 0.001310 q: 0.703072 -0.711106 0.002405 0.003384 
time: 1788070534.960401, t: 0.001622 0.000732 0.001294 q: 0.703065 -0.711114 0.002379 0.003362 
time: 1788070534.993742, t: 0.001610 0.000730 0.001289 q: 0.703070 -0.711109 0.002364 0.003349 
time: 1788070535.027083, t: 0.001641 0.000795 0.001276 q: 0.703084 -0.711095 0.002381 0.003347 
time: 1788070535.060425, t: 0.001662 0.000826 0.001281 q: 0.703080 -0.711098 0.002377 0.003354 
time: 1788070535.093766, t: 0.001689 0.000845 0.001303 q: 0.703061 -0.711117 0.002383 0.003389 
time: 1788070535.127107, t: 0.001693 0.000847 0.001305 q: 0.703064 -0.711115 0.002373 0.003374 
time: 1788070535.160447, t: 0.001648 0.000778 0.001315 q: 0.703056 -0.711122 0.002371 0.003376 
time: 1788070535.193788, t: 0.001638 0.000755 0.001344 q: 0.703039 -0.711139 0.002388 0.003372 
time: 1788070535.227130, t: 0.001659 0.000773 0.001391 q: 0.703033 -0.711145 0.002396 0.003414 
time: 1788070535.260471, t: 0.001681 0.000786 0.001418 q: 0.703023 -0.711154 0.002410 0.003416 
time: 1788070535.293812, t: 0.001677 0.000792 0.001421 q: 0.703023 -0.711155 0.002409 0.003422 
time: 1788070535.327153, t: 0.001631 0.000767 0.001428 q: 0.703015 -0.711163 0.002405 0.003389 
time: 1788070535.360494, t: 0.001626 0.000735 0.001459 q: 0.702995 -0.711183 0.002416 0.003422 
time: 1788070535.393836, t: 0.001653 0.000741 0.001476 q: 0.703007 -0.711171 0.002424 0.003421 
time: 1788070535.427177, t: 0.001636 0.000751 0.001451 q: 0.703007 -0.711171 0.002400 0.003389 
time: 1788070535.460518, t: 0.001590 0.000717 0.001463 q: 0.702993 -0.711185 0.002422 0.003403 
time: 1788070535.493859, t: 0.001567 0.000679 0.001487 q: 0.702990 -0.711187 0.002421 0.003408 
time: 1788070535.527200, t: 0.001592 0.000671 0.001506 q: 0.702980 -0.711197 0.002423 0.003416 
time: 1788070535.560541, t: 0.001641 0.000687 0.001525 q: 0.702962 -0.711215 0.002411 0.003413 
time: 1788070535.593882, t: 0.001663 0.000707 0.001514 q: 0.702983 -0.711194 0.002410 0.003406 
time: 1788070535.627221, t: 0.001664 0.000715 0.001513 q: 0.702973 -0.711205 0.002408 0.003430 
time: 1788070535.660562, t: 0.001676 0.000722 0.001539 q: 0.702956 -0.711221 0.002402 0.003428 
time: 1788070535.693903, t: 0.001704 0.000715 0.001548 q: 0.702959 -0.711219 0.002380 0.003410 
time: 1788070535.727243, t: 0.001702 0.000720 0.001533 q: 0.702946 -0.711231 0.002383 0.003393 
time: 1788070535.760584, t: 0.001693 0.000712 0.001548 q: 0.702942 -0.711235 0.002374 0.003400 
time: 1788070535.793925, t: 0.001704 0.000680 0.001583 q: 0.702927 -0.711250 0.002351 0.003389 
time: 1788070535.827266, t: 0.001691 0.000667 0.001574 q: 0.702944 -0.711233 0.002358 0.003371 
time: 1788070535.860606, t: 0.001688 0.000671 0.001558 q: 0.702930 -0.711247 0.002364 0.003365 
time: 1788070535.893947, t: 0.001685 0.000671 0.001571 q: 0.702931 -0.711246 0.002365 0.003377 
time: 1788070535.927288, t: 0.001654 0.000634 0.001574 q: 0.702935 -0.711242 0.002368 0.003376 
time: 1788070535.960629, t: 0.001692 0.000648 0.001572 q: 0.702926 -0.711251 0.002368 0.003406 
time: 1788070535.993969, t: 0.001742 0.000692 0.001572 q: 0.702919 -0.711258 0.002359 0.003403 
time: 1788070536.027310, t: 0.001746 0.000675 0.001588 q: 0.702914 -0.711263 0.002350 0.003398 
time: 1788070536.060650, t: 0.001742 0.000663 0.001582 q: 0.702931 -0.711246 0.002342 0.003394 
time: 1788070536.093990, t: 0.001758 0.000666 0.001586 q: 0.702907 -0.711270 0.002361 0.003405 
time: 1788070536.127331, t: 0.001748 0.000655 0.001606 q: 0.702899 -0.711277 0.002357 0.003403 
time: 1788070536.160672, t: 0.001747 0.000646 0.001609 q: 0.702894 -0.711283 0.002357 0.003393 
time: 1788070536.194012, t: 0.001748 0.000634 0.001628 q: 0.702884 -0.711292 0.002349 0.003383 
time: 1788070536.227353, t: 0.001710 0.000611 0.001623 q: 0.702887 -0.711289 0.002358 0.003377 
time: 1788070536.260693, t: 0.001688 0.000577 0.001638 q: 0.702880 -0.711296 0.002346 0.003391 
time: 1788070536.294034, t: 0.001712 0.000579 0.001648 q: 0.702879 -0.711298 0.002356 0.003366 
time: 1788070536.327375, t: 0.001685 0.000583 0.001614 q: 0.702890 -0.711287 0.002363 0.003347 
time: 1788070536.360715, t: 0.001655 0.000582 0.001602 q: 0.702856 -0.711320 0.002363 0.003357 
time: 1788070536.394056, t: 0.001672 0.000577 0.001645 q: 0.702862 -0.711314 0.002363 0.003350 
time: 1788070536.427397, t: 0.001648 0.000549 0.001627 q: 0.702866 -0.711311 0.002335 0.003331 
time: 1788070536.460737, t: 0.001648 0.000557 0.001627 q: 0.702834 -0.711342 0.002345 0.003332 
time: 1788070536.494077, t: 0.001637 0.000552 0.001661 q: 0.702853 -0.711323 0.002325 0.003308 
time: 1788070536.527418, t: 0.001626 0.000541 0.001677 q: 0.702840 -0.711337 0.002334 0.003293 
time: 1788070536.560759, t: 0.001660 0.000559 0.001705 q: 0.702842 -0.711334 0.002330 0.003325 
time: 1788070536.594100, t: 0.001655 0.000558 0.001722 q: 0.702835 -0.711342 0.002330 0.003335 
time: 1788070536.627441, t: 0.001666 0.000566 0.001701 q: 0.702853 -0.711324 0.002322 0.003333 
time: 1788070536.660782, t: 0.001712 0.000597 0.001665 q: 0.702841 -0.711335 0.002291 0.003309 
time: 1788070536.694124, t: 0.001694 0.000597 0.001657 q: 0.702860 -0.711317 0.002286 0.003280 
time: 1788070536.727465, t: 0.001668 0.000638 0.001636 q: 0.702863 -0.711314 0.002272 0.003276 
time: 1788070536.760806, t: 0.001705 0.000667 0.001648 q: 0.702841 -0.711336 0.002265 0.003299 
time: 1788070536.794147, t: 0.001749 0.000657 0.001662 q: 0.702856 -0.711321 0.002262 0.003307 
time: 1788070536.827488, t: 0.001750 0.000653 0.001656 q: 0.702847 -0.711330 0.002248 0.003314 
time: 1788070536.860829, t: 0.001762 0.000675 0.001658 q: 0.702840 -0.711337 0.002267 0.003318 
time: 1788070536.894170, t: 0.001744 0.000668 0.001657 q: 0.702850 -0.711327 0.002253 0.003301 
time: 1788070536.927511, t: 0.001719 0.000652 0.001659 q: 0.702840 -0.711336 0.002259 0.003296 
time: 1788070536.960851, t: 0.001709 0.000654 0.001657 q: 0.702847 -0.711330 0.002249 0.003278 
time: 1788070536.994192, t: 0.001694 0.000658 0.001651 q: 0.702849 -0.711328 0.002247 0.003265 
time: 1788070537.027533, t: 0.001689 0.000672 0.001641 q: 0.702853 -0.711324 0.002245 0.003234 
time: 1788070537.060874, t: 0.001647 0.000648 0.001642 q: 0.702837 -0.711340 0.002252 0.003244 
time: 1788070537.094215, t: 0.001635 0.000611 0.001672 q: 0.702815 -0.711362 0.002258 0.003239 
time: 1788070537.127556, t: 0.001665 0.000622 0.001679 q: 0.702832 -0.711345 0.002233 0.003246 
time: 1788070537.160897, t: 0.001698 0.000632 0.001689 q: 0.702820 -0.711357 0.002246 0.003247 
time: 1788070537.194238, t: 0.001698 0.000614 0.001703 q: 0.702817 -0.711360 0.002237 0.003248 
time: 1788070537.227579, t: 0.001692 0.000661 0.001688 q: 0.702823 -0.711354 0.002239 0.003255 
time: 1788070537.260920, t: 0.001695 0.000677 0.001685 q: 0.702809 -0.711368 0.002250 0.003266 
time: 1788070537.294261, t: 0.001724 0.000693 0.001702 q: 0.702806 -0.711370 0.002249 0.003302 
time: 1788070537.327602, t: 0.001744 0.000698 0.001699 q: 0.702811 -0.711366 0.002225 0.003277 
time: 1788070537.360943, t: 0.001723 0.000659 0.001689 q: 0.702823 -0.711354 0.002228 0.003281 
time: 1788070537.394283, t: 0.001696 0.000634 0.001674 q: 0.702834 -0.711343 0.002249 0.003261 
time: 1788070537.427624, t: 0.001686 0.000660 0.001646 q: 0.702844 -0.711333 0.002233 0.003266 
time: 1788070537.460965, t: 0.001668 0.000678 0.001609 q: 0.702836 -0.711341 0.002212 0.003257 
time: 1788070537.494306, t: 0.001733 0.000702 0.001611 q: 0.702831 -0.711346 0.002189 0.003250 
time: 1788070537.527647, t: 0.001769 0.000718 0.001634 q: 0.702842 -0.711335 0.002186 0.003238 
time: 1788070537.560988, t: 0.001709 0.000685 0.001618 q: 0.702844 -0.711333 0.002206 0.003251 
time: 1788070537.594329, t: 0.001702 0.000687 0.001580 q: 0.702856 -0.711322 0.002202 0.003218 
time: 1788070537.627669, t: 0.001698 0.000697 0.001563 q: 0.702861 -0.711316 0.002208 0.003232 
time: 1788070537.661011, t: 0.001753 0.000718 0.001578 q: 0.702848 -0.711330 0.002200 0.003255 
time: 1788070537.694351, t: 0.001748 0.000708 0.001575 q: 0.702854 -0.711323 0.002216 0.003251 
time: 1788070537.727692, t: 0.001698 0.000716 0.001556 q: 0.702857 -0.711320 0.002216 0.003247 
time: 1788070537.761033, t: 0.001729 0.000739 0.001556 q: 0.702860 -0.711318 0.002219 0.003287 
time: 1788070537.794374, t: 0.001755 0.000741 0.001542 q: 0.702872 -0.711305 0.002218 0.003281 
time: 1788070537.827714, t: 0.001804 0.000763 0.001527 q: 0.702881 -0.711296 0.002214 0.003266 
time: 1788070537.861054, t: 0.001798 0.000771 0.001509 q: 0.702884 -0.711294 0.002206 0.003275 
time: 1788070537.894395, t: 0.001785 0.000800 0.001485 q: 0.702870 -0.711307 0.002219 0.003317 
time: 1788070537.927736, t: 0.001851 0.000870 0.001485 q: 0.702865 -0.711312 0.002223 0.003327 
time: 1788070537.961077, t: 0.001892 0.000931 0.001496 q: 0.702875 -0.711303 0.002176 0.003297 
time: 1788070537.994418, t: 0.001894 0.000934 0.001507 q: 0.702854 -0.711323 0.002187 0.003331 
time: 1788070538.027759, t: 0.001929 0.000960 0.001476 q: 0.702881 -0.711297 0.002205 0.003347 
time: 1788070538.061099, t: 0.001947 0.000977 0.001458 q: 0.702881 -0.711296 0.002215 0.003357 
time: 1788070538.094440, t: 0.001950 0.001007 0.001443 q: 0.702905 -0.711273 0.002187 0.003330 
time: 1788070538.127781, t: 0.001971 0.001034 0.001423 q: 0.702898 -0.711280 0.002160 0.003332 
time: 1788070538.161122, t: 0.001995 0.001025 0.001426 q: 0.702890 -0.711288 0.002144 0.003323 
time: 1788070538.194463, t: 0.002008 0.001064 0.001410 q: 0.702894 -0.711284 0.002136 0.003284 
time: 1788070538.227803, t: 0.002013 0.001065 0.001415 q: 0.702884 -0.711294 0.002145 0.003302 
time: 1788070538.261144, t: 0.002036 0.001072 0.001415 q: 0.702901 -0.711277 0.002131 0.003308 
time: 1788070538.294484, t: 0.002090 0.001133 0.001408 q: 0.702895 -0.711283 0.002143 0.003326 
time: 1788070538.327824, t: 0.002089 0.001143 0.001425 q: 0.702890 -0.711287 0.002129 0.003325 
time: 1788070538.361165, t: 0.002098 0.001161 0.001445 q: 0.702890 -0.711287 0.002139 0.003360 
time: 1788070538.394506, t: 0.002089 0.001148 0.001431 q: 0.702902 -0.711276 0.002144 0.003342 
time: 1788070538.427847, t: 0.002093 0.001134 0.001431 q: 0.702896 -0.711281 0.002131 0.003376 
time: 1788070538.461188, t: 0.002122 0.001135 0.001439 q: 0.702892 -0.711285 0.002142 0.003363 
time: 1788070538.494528, t: 0.002130 0.001124 0.001455 q: 0.702885 -0.711293 0.002142 0.003380 
time: 1788070538.527870, t: 0.002175 0.001131 0.001483 q: 0.702885 -0.711292 0.002125 0.003375 
time: 1788070538.561212, t: 0.002204 0.001158 0.001476 q: 0.702892 -0.711286 0.002113 0.003383 
time: 1788070538.594554, t: 0.002197 0.001178 0.001467 q: 0.702886 -0.711291 0.002112 0.003370 
time: 1788070538.627897, t: 0.002226 0.001195 0.001496 q: 0.702878 -0.711299 0.002111 0.003356 
time: 1788070538.661238, t: 0.002360 0.001356 0.001732 q: 0.702894 -0.711283 0.002085 0.003352 
time: 1788070538.694581, t: 0.001088 0.000273 0.000336 q: 0.703052 -0.711129 0.002278 0.002928 
time: 1788070538.727922, t: 0.001875 0.000884 0.001145 q: 0.702958 -0.711221 0.002192 0.003112 
time: 1788070538.761264, t: 0.001882 0.001024 0.001095 q: 0.702955 -0.711225 0.002187 0.003105 
time: 1788070538.794606, t: 0.001857 0.001133 0.001065 q: 0.702994 -0.711186 0.002164 0.003054 
time: 1788070538.827948, t: 0.001865 0.001251 0.001035 q: 0.703017 -0.711163 0.002119 0.003049 
time: 1788070538.861290, t: 0.001839 0.001299 0.001022 q: 0.703010 -0.711171 0.002103 0.002997 
time: 1788070538.894632, t: 0.001802 0.001290 0.001007 q: 0.703035 -0.711146 0.002104 0.002975 
time: 1788070538.927974, t: 0.001813 0.001311 0.001004 q: 0.703040 -0.711141 0.002077 0.002985 
time: 1788070538.961316, t: 0.001826 0.001357 0.000983 q: 0.703036 -0.711144 0.002118 0.003001 
time: 1788070538.994658, t: 0.001797 0.001328 0.000980 q: 0.703032 -0.711149 0.002074 0.002982 
time: 1788070539.028001, t: 0.001767 0.001292 0.000979 q: 0.703061 -0.711120 0.002048 0.002959 
time: 1788070539.061343, t: 0.001784 0.001284 0.000961 q: 0.703060 -0.711122 0.002034 0.002974 
time: 1788070539.094685, t: 0.001782 0.001238 0.000977 q: 0.703054 -0.711127 0.002049 0.002992 
time: 1788070539.128027, t: 0.001792 0.001236 0.000981 q: 0.703067 -0.711114 0.002009 0.002970 
time: 1788070539.161368, t: 0.001807 0.001262 0.000969 q: 0.703084 -0.711097 0.002017 0.002973 
time: 1788070539.194710, t: 0.001768 0.001240 0.000983 q: 0.703074 -0.711108 0.002035 0.002968 
time: 1788070539.228052, t: 0.001715 0.001170 0.000989 q: 0.703087 -0.711095 0.002017 0.002967 
time: 1788070539.261395, t: 0.001699 0.001151 0.000983 q: 0.703091 -0.711091 0.002016 0.002954 
time: 1788070539.294737, t: 0.001725 0.001179 0.000975 q: 0.703101 -0.711081 0.001987 0.002932 
time: 1788070539.328079, t: 0.001746 0.001226 0.000950 q: 0.703132 -0.711051 0.001978 0.002933 
time: 1788070539.361421, t: 0.001709 0.001216 0.000928 q: 0.703138 -0.711044 0.001974 0.002913 
time: 1788070539.394763, t: 0.001695 0.001183 0.000918 q: 0.703139 -0.711044 0.001967 0.002905 
time: 1788070539.428105, t: 0.001735 0.001196 0.000931 q: 0.703132 -0.711051 0.001959 0.002912 
time: 1788070539.461448, t: 0.001716 0.001183 0.000953 q: 0.703124 -0.711059 0.001995 0.002929 
time: 1788070539.494790, t: 0.001681 0.001167 0.000954 q: 0.703124 -0.711058 0.001965 0.002911 
time: 1788070539.528132, t: 0.001698 0.001170 0.000946 q: 0.703119 -0.711064 0.001955 0.002897 
time: 1788070539.561474, t: 0.001671 0.001112 0.000962 q: 0.703103 -0.711079 0.001995 0.002906 
time: 1788070539.594817, t: 0.001602 0.000973 0.000976 q: 0.703096 -0.711086 0.001982 0.002911 
time: 1788070539.628158, t: 0.001604 0.000921 0.000978 q: 0.703099 -0.711083 0.001994 0.002940 
time: 1788070539.661500, t: 0.001643 0.000940 0.000986 q: 0.703097 -0.711085 0.001960 0.002955 
time: 1788070539.694843, t: 0.001682 0.000974 0.000996 q: 0.703100 -0.711082 0.001954 0.002974 
time: 1788070539.728185, t: 0.001696 0.000962 0.000983 q: 0.703116 -0.711067 0.001937 0.002966 
time: 1788070539.761527, t: 0.001703 0.000967 0.000998 q: 0.703109 -0.711073 0.001935 0.002983 
time: 1788070539.794869, t: 0.001724 0.000964 0.001022 q: 0.703093 -0.711089 0.001949 0.002984 
time: 1788070539.828212, t: 0.001731 0.000922 0.001036 q: 0.703096 -0.711086 0.001948 0.003016 
time: 1788070539.861554, t: 0.001734 0.000910 0.001050 q: 0.703094 -0.711088 0.001943 0.003012 
time: 1788070539.894896, t: 0.001770 0.000922 0.001062 q: 0.703086 -0.711095 0.001952 0.003017 
time: 1788070539.928239, t: 0.001755 0.000881 0.001087 q: 0.703072 -0.711109 0.001959 0.003008 
time: 1788070539.961581, t: 0.001686 0.000792 0.001110 q: 0.703058 -0.711124 0.001947 0.002981 
time: 1788070539.994923, t: 0.001645 0.000724 0.001116 q: 0.703056 -0.711126 0.001949 0.002952 
time: 1788070540.028266, t: 0.001639 0.000731 0.001114 q: 0.703066 -0.711116 0.001941 0.002940 
time: 1788070540.061607, t: 0.001639 0.000755 0.001096 q: 0.703065 -0.711117 0.001934 0.002919 
time: 1788070540.094949, t: 0.001621 0.000753 0.001104 q: 0.703054 -0.711128 0.001935 0.002925 
time: 1788070540.128292, t: 0.001623 0.000754 0.001113 q: 0.703056 -0.711126 0.001950 0.002926 
time: 1788070540.161634, t: 0.001593 0.000742 0.001089 q: 0.703078 -0.711104 0.001939 0.002888 
time: 1788070540.194977, t: 0.001547 0.000754 0.001069 q: 0.703077 -0.711105 0.001939 0.002867 
time: 1788070540.228319, t: 0.001555 0.000750 0.001074 q: 0.703054 -0.711128 0.001947 0.002893 
time: 1788070540.261662, t: 0.001607 0.000750 0.001094 q: 0.703056 -0.711126 0.001947 0.002917 
time: 1788070540.295004, t: 0.001634 0.000787 0.001090 q: 0.703066 -0.711116 0.001947 0.002908 
time: 1788070540.328346, t: 0.001644 0.000813 0.001062 q: 0.703088 -0.711094 0.001925 0.002909 
time: 1788070540.361689, t: 0.001675 0.000842 0.001037 q: 0.703078 -0.711104 0.001908 0.002918 
time: 1788070540.395031, t: 0.001671 0.000835 0.001037 q: 0.703082 -0.711101 0.001921 0.002897 
time: 1788070540.428374, t: 0.001646 0.000762 0.001032 q: 0.703095 -0.711087 0.001896 0.002896 
time: 1788070540.461716, t: 0.001656 0.000713 0.001038 q: 0.703078 -0.711104 0.001910 0.002930 
time: 1788070540.495058, t: 0.001667 0.000732 0.001044 q: 0.703072 -0.711110 0.001930 0.002920 
time: 1788070540.528399, t: 0.001648 0.000720 0.001062 q: 0.703064 -0.711118 0.001918 0.002919 
time: 1788070540.561741, t: 0.001626 0.000689 0.001072 q: 0.703053 -0.711129 0.001948 0.002946 
time: 1788070540.595083, t: 0.001637 0.000696 0.001089 q: 0.703041 -0.711140 0.001978 0.002962 
time: 1788070540.628424, t: 0.001618 0.000692 0.001085 q: 0.703054 -0.711128 0.001968 0.002957 
time: 1788070540.661765, t: 0.001592 0.000706 0.001070 q: 0.703063 -0.711119 0.001976 0.002943 
time: 1788070540.695107, t: 0.001591 0.000713 0.001075 q: 0.703056 -0.711125 0.002004 0.002957 
time: 1788070540.728448, t: 0.001620 0.000712 0.001098 q: 0.703049 -0.711133 0.001978 0.002967 
time: 1788070540.761790, t: 0.001659 0.000749 0.001105 q: 0.703057 -0.711125 0.001956 0.002950 
time: 1788070540.795132, t: 0.001686 0.000780 0.001062 q: 0.703108 -0.711074 0.001921 0.002927 
time: 1788070540.828473, t: 0.001686 0.000782 0.001040 q: 0.703098 -0.711084 0.001917 0.002923 
time: 1788070540.861815, t: 0.001644 0.000760 0.001049 q: 0.703084 -0.711098 0.001955 0.002938 
time: 1788070540.895156, t: 0.001628 0.000760 0.001063 q: 0.703072 -0.711110 0.001949 0.002914 
time: 1788070540.928498, t: 0.001581 0.000742 0.001082 q: 0.703070 -0.711112 0.001964 0.002899 
time: 1788070540.961838, t: 0.001574 0.000743 0.001108 q: 0.703061 -0.711121 0.001952 0.002879 
time: 1788070540.995180, t: 0.001647 0.000790 0.001131 q: 0.703061 -0.711121 0.001941 0.002888 
time: 1788070541.028522, t: 0.001675 0.000780 0.001136 q: 0.703059 -0.711123 0.001919 0.002902 
time: 1788070541.061863, t: 0.001711 0.000785 0.001180 q: 0.703060 -0.711122 0.001941 0.002926 
time: 1788070541.095205, t: 0.001769 0.000820 0.001223 q: 0.703067 -0.711115 0.001930 0.002903 
time: 1788070541.128546, t: 0.001632 0.000731 0.001242 q: 0.703070 -0.711113 0.001899 0.002885 
time: 1788070541.161887, t: 0.001002 0.000220 0.000900 q: 0.703113 -0.711070 0.002060 0.002672 
time: 1788070541.195229, t: 0.000910 0.000138 0.000708 q: 0.703151 -0.711032 0.002140 0.002640 
time: 1788070541.228570, t: 0.000902 0.000245 0.000800 q: 0.703144 -0.711039 0.002142 0.002668 
time: 1788070541.261912, t: 0.000830 0.000146 0.000685 q: 0.703170 -0.711014 0.002207 0.002644 
time: 1788070541.295254, t: 0.000805 0.000199 0.000755 q: 0.703179 -0.711004 0.002180 0.002633 
time: 1788070541.328595, t: 0.000812 0.000134 0.000646 q: 0.703203 -0.710981 0.002209 0.002608 
time: 1788070541.361937, t: 0.000816 0.000176 0.000740 q: 0.703186 -0.710998 0.002206 0.002629 
time: 1788070541.395277, t: 0.000832 0.000194 0.000832 q: 0.703165 -0.711018 0.002251 0.002659 
time: 1788070541.428619, t: 0.000752 -0.000004 0.000730 q: 0.703185 -0.710998 0.002286 0.002659 
time: 1788070541.461961, t: 0.000661 0.000037 0.000872 q: 0.703193 -0.710991 0.002272 0.002656 
time: 1788070541.495302, t: 0.000547 -0.000157 0.000830 q: 0.703210 -0.710974 0.002276 0.002595 
time: 1788070541.528645, t: 0.000525 -0.000174 0.000934 q: 0.703214 -0.710970 0.002296 0.002632 
time: 1788070541.561989, t: 0.000241 -0.000695 0.000541 q: 0.703227 -0.710957 0.002405 0.002565 
time: 1788070541.595332, t: 0.000252 -0.000722 0.000625 q: 0.703222 -0.710962 0.002409 0.002594 
time: 1788070541.628675, t: 0.000255 -0.000808 0.000522 q: 0.703208 -0.710975 0.002451 0.002609 
time: 1788070541.662019, t: 0.000211 -0.000826 0.000630 q: 0.703219 -0.710965 0.002464 0.002617 
time: 1788070541.695363, t: 0.000325 -0.000722 0.000665 q: 0.703183 -0.710999 0.002473 0.002633 
time: 1788070541.728706, t: 0.000379 -0.000719 0.000685 q: 0.703116 -0.711066 0.002531 0.002637 
time: 1788070541.762050, t: 0.000386 -0.000751 0.000765 q: 0.703065 -0.711116 0.002575 0.002642 
time: 1788070541.795393, t: 0.000367 -0.000719 0.000776 q: 0.702995 -0.711185 0.002606 0.002668 
time: 1788070541.828736, t: 0.000457 -0.000778 0.000856 q: 0.702972 -0.711208 0.002628 0.002670 
time: 1788070541.862080, t: 0.000454 -0.000785 0.000876 q: 0.702908 -0.711270 0.002665 0.002729 
time: 1788070541.895424, t: 0.000442 -0.000795 0.000912 q: 0.702806 -0.711371 0.002727 0.002779 
time: 1788070541.928767, t: 0.000480 -0.000830 0.000978 q: 0.702761 -0.711416 0.002748 0.002788 
time: 1788070541.962111, t: 0.000429 -0.000811 0.000982 q: 0.702684 -0.711491 0.002789 0.002840 
time: 1788070541.995455, t: 0.000494 -0.000846 0.001063 q: 0.702645 -0.711529 0.002847 0.002884 
time: 1788070542.028799, t: 0.000442 -0.000872 0.001073 q: 0.702567 -0.711606 0.002849 0.002923 
time: 1788070542.062142, t: 0.000415 -0.000893 0.001097 q: 0.702491 -0.711680 0.002846 0.002964 
time: 1788070542.095486, t: 0.000445 -0.000893 0.001166 q: 0.702430 -0.711741 0.002916 0.003017 
time: 1788070542.128830, t: 0.000465 -0.000875 0.001232 q: 0.702391 -0.711779 0.002950 0.003072 
time: 1788070542.162174, t: 0.000473 -0.000864 0.001291 q: 0.702363 -0.711806 0.003000 0.003075 
time: 1788070542.195518, t: 0.000505 -0.000838 0.001356 q: 0.702330 -0.711838 0.003015 0.003118 
time: 1788070542.228862, t: 0.000549 -0.000790 0.001413 q: 0.702302 -0.711865 0.003050 0.003186 
time: 1788070542.262206, t: 0.000543 -0.000747 0.001460 q: 0.702274 -0.711893 0.003054 0.003175 
time: 1788070542.295549, t: 0.000571 -0.000717 0.001502 q: 0.702256 -0.711911 0.003055 0.003192 
time: 1788070542.328892, t: 0.000421 -0.000652 0.001422 q: 0.702253 -0.711914 0.003017 0.003154 
time: 1788070542.362236, t: 0.000539 -0.000569 0.001546 q: 0.702281 -0.711886 0.003018 0.003158 
time: 1788070542.395581, t: 0.000411 -0.000628 0.001511 q: 0.702293 -0.711875 0.003014 0.003124 
time: 1788070542.428925, t: 0.000403 -0.000596 0.001571 q: 0.702302 -0.711866 0.003000 0.003117 
time: 1788070542.462269, t: 0.000306 -0.000652 0.001504 q: 0.702353 -0.711816 0.002942 0.003078 
time: 1788070542.495613, t: 0.000313 -0.000705 0.001462 q: 0.702413 -0.711758 0.002908 0.003019 
time: 1788070542.528955, t: 0.000330 -0.000645 0.001537 q: 0.702417 -0.711753 0.002921 0.003029 
time: 1788070542.562297, t: 0.000304 -0.000717 0.001508 q: 0.702445 -0.711726 0.002865 0.002992 
time: 1788070542.595639, t: 0.000332 -0.000656 0.001553 q: 0.702497 -0.711674 0.002832 0.002970 
time: 1788070542.628981, t: 0.000310 -0.000737 0.001513 q: 0.702536 -0.711636 0.002794 0.002930 
time: 1788070542.662323, t: 0.000353 -0.000778 0.001484 q: 0.702616 -0.711558 0.002732 0.002874 
time: 1788070542.695665, t: 0.000407 -0.000685 0.001540 q: 0.702658 -0.711517 0.002700 0.002868 
time: 1788070542.729005, t: 0.000426 -0.000749 0.001508 q: 0.702745 -0.711432 0.002605 0.002790 
time: 1788070542.762347, t: 0.000487 -0.000683 0.001555 q: 0.702776 -0.711401 0.002584 0.002799 
time: 1788070542.795689, t: 0.000523 -0.000688 0.001567 q: 0.702821 -0.711357 0.002557 0.002772 
time: 1788070542.829031, t: 0.000547 -0.000648 0.001599 q: 0.702878 -0.711300 0.002521 0.002740 
time: 1788070542.862373, t: 0.000528 -0.000698 0.001587 q: 0.702933 -0.711247 0.002483 0.002671 
time: 1788070542.895715, t: 0.000613 -0.000599 0.001627 q: 0.702982 -0.711199 0.002428 0.002651 
time: 1788070542.929057, t: 0.000648 -0.000600 0.001631 q: 0.703014 -0.711167 0.002398 0.002623 
time: 1788070542.962399, t: 0.000707 -0.000554 0.001668 q: 0.703052 -0.711130 0.002382 0.002593 
time: 1788070542.995741, t: 0.000738 -0.000525 0.001708 q: 0.703100 -0.711082 0.002343 0.002552 
time: 1788070543.029083, t: 0.000758 -0.000502 0.001745 q: 0.703166 -0.711017 0.002301 0.002492 
time: 1788070543.062425, t: 0.000774 -0.000482 0.001800 q: 0.703180 -0.711004 0.002283 0.002476 
time: 1788070543.095766, t: 0.000747 -0.000563 0.001817 q: 0.703198 -0.710986 0.002282 0.002439 
time: 1788070543.129108, t: 0.000676 -0.000668 0.001830 q: 0.703227 -0.710958 0.002237 0.002407 
time: 1788070543.162449, t: 0.000732 -0.000622 0.001891 q: 0.703253 -0.710932 0.002228 0.002419 
time: 1788070543.195791, t: 0.000709 -0.000667 0.001911 q: 0.703270 -0.710915 0.002214 0.002406 
time: 1788070543.229133, t: 0.000756 -0.000632 0.001963 q: 0.703265 -0.710921 0.002189 0.002417 
time: 1788070543.262475, t: 0.000749 -0.000673 0.001953 q: 0.703296 -0.710890 0.002125 0.002402 
time: 1788070543.295817, t: 0.000794 -0.000635 0.001988 q: 0.703308 -0.710878 0.002120 0.002404 
time: 1788070543.329159, t: 0.000777 -0.000667 0.001968 q: 0.703304 -0.710882 0.002126 0.002392 
time: 1788070543.362501, t: 0.000831 -0.000636 0.002004 q: 0.703286 -0.710900 0.002129 0.002384 
time: 1788070543.395843, t: 0.000861 -0.000612 0.002042 q: 0.703284 -0.710901 0.002103 0.002388 
time: 1788070543.429185, t: 0.000824 -0.000689 0.002038 q: 0.703266 -0.710919 0.002091 0.002407 
time: 1788070543.462527, t: 0.000869 -0.000641 0.002074 q: 0.703285 -0.710901 0.002101 0.002419 
time: 1788070543.495869, t: 0.000884 -0.000629 0.002108 q: 0.703264 -0.710922 0.002144 0.002415 
time: 1788070543.529211, t: 0.000795 -0.000677 0.002086 q: 0.703239 -0.710946 0.002185 0.002437 
time: 1788070543.562552, t: 0.000850 -0.000625 0.002141 q: 0.703217 -0.710968 0.002192 0.002430 
time: 1788070543.595894, t: 0.000851 -0.000575 0.002180 q: 0.703206 -0.710979 0.002175 0.002466 
time: 1788070543.629235, t: 0.000874 -0.000543 0.002216 q: 0.703201 -0.710983 0.002182 0.002517 
time: 1788070543.662576, t: 0.000909 -0.000521 0.002253 q: 0.703198 -0.710986 0.002179 0.002523 
time: 1788070543.695918, t: 0.000835 -0.000609 0.002214 q: 0.703149 -0.711035 0.002227 0.002565 
time: 1788070543.729260, t: 0.000874 -0.000524 0.002282 q: 0.703121 -0.711062 0.002247 0.002619 
time: 1788070543.762602, t: 0.000857 -0.000586 0.002248 q: 0.703057 -0.711125 0.002296 0.002691 
time: 1788070543.795943, t: 0.000891 -0.000506 0.002301 q: 0.703027 -0.711154 0.002299 0.002691 
time: 1788070543.829285, t: 0.000898 -0.000476 0.002337 q: 0.702968 -0.711213 0.002322 0.002721 
time: 1788070543.862627, t: 0.000917 -0.000426 0.002390 q: 0.702916 -0.711264 0.002365 0.002773 
time: 1788070543.895969, t: 0.000976 -0.000407 0.002427 q: 0.702875 -0.711303 0.002379 0.002830 
time: 1788070543.929311, t: 0.001009 -0.000384 0.002460 q: 0.702852 -0.711326 0.002387 0.002836 
time: 1788070543.962652, t: 0.000953 -0.000535 0.002390 q: 0.702812 -0.711366 0.002386 0.002848 
time: 1788070543.995994, t: 0.000946 -0.000619 0.002345 q: 0.702782 -0.711395 0.002395 0.002879 
time: 1788070544.029336, t: 0.001017 -0.000579 0.002396 q: 0.702725 -0.711451 0.002421 0.002913 
time: 1788070544.062676, t: 0.001010 -0.000642 0.002356 q: 0.702703 -0.711473 0.002417 0.002912 
time: 1788070544.096018, t: 0.000994 -0.000692 0.002328 q: 0.702695 -0.711481 0.002421 0.002892 
time: 1788070544.129360, t: 0.001048 -0.000633 0.002368 q: 0.702681 -0.711495 0.002387 0.002892 
time: 1788070544.162702, t: 0.001037 -0.000665 0.002331 q: 0.702664 -0.711511 0.002371 0.002916 
time: 1788070544.196043, t: 0.001095 -0.000647 0.002373 q: 0.702640 -0.711536 0.002396 0.002900 
time: 1788070544.229385, t: 0.001123 -0.000613 0.002404 q: 0.702621 -0.711555 0.002401 0.002905 
time: 1788070544.262727, t: 0.001108 -0.000686 0.002370 q: 0.702619 -0.711556 0.002367 0.002863 
time: 1788070544.296069, t: 0.001160 -0.000643 0.002397 q: 0.702626 -0.711550 0.002312 0.002875 
time: 1788070544.329411, t: 0.001128 -0.000693 0.002373 q: 0.702633 -0.711543 0.002301 0.002834 
time: 1788070544.362752, t: 0.001191 -0.000661 0.002407 q: 0.702631 -0.711546 0.002288 0.002839 
time: 1788070544.396094, t: 0.001168 -0.000737 0.002386 q: 0.702617 -0.711559 0.002304 0.002843 
time: 1788070544.429436, t: 0.001197 -0.000667 0.002412 q: 0.702612 -0.711564 0.002280 0.002869 
time: 1788070544.462778, t: 0.001154 -0.000684 0.002400 q: 0.702630 -0.711546 0.002272 0.002867 
time: 1788070544.496118, t: 0.001164 -0.000626 0.002421 q: 0.702622 -0.711554 0.002271 0.002860 
time: 1788070544.529460, t: 0.001173 -0.000567 0.002433 q: 0.702624 -0.711552 0.002264 0.002873 
time: 1788070544.562802, t: 0.001180 -0.000513 0.002435 q: 0.702627 -0.711548 0.002258 0.002886 
time: 1788070544.596143, t: 0.001197 -0.000462 0.002444 q: 0.702642 -0.711535 0.002233 0.002868 
time: 1788070544.629485, t: 0.001207 -0.000659 0.002424 q: 0.702650 -0.711526 0.002242 0.002859 
time: 1788070544.662826, t: 0.001163 -0.000466 0.002455 q: 0.702660 -0.711516 0.002257 0.002902 
time: 1788070544.696168, t: 0.001184 -0.000386 0.002467 q: 0.702677 -0.711499 0.002211 0.002886 
time: 1788070544.729510, t: 0.001204 -0.000321 0.002479 q: 0.702705 -0.711472 0.002201 0.002881 
time: 1788070544.762851, t: 0.001228 -0.000267 0.002493 q: 0.702718 -0.711459 0.002209 0.002896 
time: 1788070544.796193, t: 0.001222 -0.000203 0.002503 q: 0.702731 -0.711446 0.002190 0.002864 
time: 1788070544.829535, t: 0.001231 -0.000142 0.002518 q: 0.702732 -0.711446 0.002198 0.002852 
time: 1788070544.862876, t: 0.001232 -0.000108 0.002526 q: 0.702752 -0.711426 0.002184 0.002865 
time: 1788070544.896218, t: 0.001229 -0.000062 0.002546 q: 0.702753 -0.711425 0.002182 0.002885 
time: 1788070544.929559, t: 0.001257 -0.000021 0.002568 q: 0.702746 -0.711432 0.002198 0.002860 
time: 1788070544.962900, t: 0.001219 -0.000022 0.002577 q: 0.702756 -0.711422 0.002190 0.002835 
time: 1788070544.996241, t: 0.001171 -0.000002 0.002576 q: 0.702759 -0.711419 0.002190 0.002811 
time: 1788070545.029583, t: 0.001216 0.000091 0.002593 q: 0.702763 -0.711415 0.002192 0.002796 
time: 1788070545.062924, t: 0.001207 0.000155 0.002605 q: 0.702759 -0.711419 0.002194 0.002812 
time: 1788070545.096266, t: 0.001171 0.000133 0.002598 q: 0.702771 -0.711407 0.002213 0.002818 
time: 1788070545.129608, t: 0.001184 0.000218 0.002611 q: 0.702771 -0.711407 0.002191 0.002833 
time: 1788070545.162949, t: 0.001140 0.000285 0.002612 q: 0.702779 -0.711399 0.002181 0.002826 
time: 1788070545.196291, t: 0.001121 0.000294 0.002598 q: 0.702771 -0.711407 0.002162 0.002833 
time: 1788070545.229632, t: 0.001174 0.000324 0.002595 q: 0.702763 -0.711415 0.002148 0.002829 
time: 1788070545.262974, t: 0.001334 0.000362 0.002583 q: 0.702779 -0.711399 0.002116 0.002817 
time: 1788070545.296315, t: 0.001355 -0.000183 0.002473 q: 0.702816 -0.711363 0.002109 0.002831 
time: 1788070545.329657, t: 0.001305 -0.000012 0.002487 q: 0.702813 -0.711366 0.002090 0.002851 
time: 1788070545.362998, t: 0.001299 -0.000545 0.002350 q: 0.702844 -0.711335 0.002074 0.002838 
time: 1788070545.396339, t: 0.001240 -0.000282 0.002377 q: 0.702848 -0.711331 0.002049 0.002803 
time: 1788070545.429681, t: 0.001233 -0.000572 0.002300 q: 0.702864 -0.711316 0.002065 0.002782 
time: 1788070545.463022, t: 0.001224 -0.000742 0.002245 q: 0.702862 -0.711318 0.002094 0.002787 
time: 1788070545.496364, t: 0.001221 -0.000673 0.002228 q: 0.702875 -0.711305 0.002128 0.002758 
time: 1788070545.529706, t: 0.001229 -0.000629 0.002185 q: 0.702896 -0.711285 0.002116 0.002763 
time: 1788070545.563048, t: 0.001223 -0.000582 0.002169 q: 0.702880 -0.711300 0.002126 0.002785 
time: 1788070545.596389, t: 0.001213 -0.000528 0.002149 q: 0.702875 -0.711305 0.002111 0.002805 
time: 1788070545.629731, t: 0.001310 -0.000784 0.002107 q: 0.702908 -0.711272 0.002147 0.002840 
time: 1788070545.663073, t: 0.001240 -0.000622 0.002062 q: 0.702898 -0.711282 0.002131 0.002790 
time: 1788070545.696415, t: 0.001241 -0.000793 0.002039 q: 0.702906 -0.711274 0.002159 0.002786 
time: 1788070545.729757, t: 0.001248 -0.000719 0.002021 q: 0.702885 -0.711294 0.002157 0.002806 
time: 1788070545.763098, t: 0.001280 -0.000837 0.002003 q: 0.702892 -0.711288 0.002141 0.002804 
time: 1788070545.796440, t: 0.001284 -0.000776 0.001965 q: 0.702890 -0.711290 0.002110 0.002801 
time: 1788070545.829781, t: 0.001337 -0.000866 0.001944 q: 0.702896 -0.711284 0.002107 0.002798 
time: 1788070545.863123, t: 0.001297 -0.000776 0.001911 q: 0.702880 -0.711300 0.002100 0.002798 
time: 1788070545.896465, t: 0.001329 -0.000812 0.001883 q: 0.702886 -0.711294 0.002087 0.002796 
time: 1788070545.929807, t: 0.001337 -0.000735 0.001848 q: 0.702894 -0.711287 0.002049 0.002802 
time: 1788070545.963148, t: 0.001377 -0.000762 0.001824 q: 0.702919 -0.711261 0.002073 0.002805 
time: 1788070545.996490, t: 0.001338 -0.000723 0.001777 q: 0.702892 -0.711288 0.002080 0.002787 
time: 1788070546.029832, t: 0.001344 -0.000815 0.001737 q: 0.702887 -0.711293 0.002089 0.002817 
time: 1788070546.063174, t: 0.001374 -0.000701 0.001695 q: 0.702870 -0.711310 0.002093 0.002818 
time: 1788070546.096516, t: 0.001402 -0.000782 0.001666 q: 0.702896 -0.711284 0.002093 0.002826 
time: 1788070546.129858, t: 0.001398 -0.000756 0.001609 q: 0.702880 -0.711300 0.002129 0.002833 
time: 1788070546.163199, t: 0.001423 -0.000840 0.001562 q: 0.702888 -0.711291 0.002150 0.002829 
time: 1788070546.196541, t: 0.001453 -0.000791 0.001507 q: 0.702879 -0.711301 0.002155 0.002847 
time: 1788070546.229883, t: 0.001453 -0.000874 0.001470 q: 0.702906 -0.711274 0.002126 0.002841 
time: 1788070546.263225, t: 0.001486 -0.000818 0.001407 q: 0.702903 -0.711277 0.002078 0.002836 
time: 1788070546.296566, t: 0.001517 -0.000883 0.001372 q: 0.702932 -0.711249 0.002071 0.002870 
time: 1788070546.329907, t: 0.001539 -0.000851 0.001310 q: 0.702936 -0.711244 0.002083 0.002894 
time: 1788070546.363249, t: 0.001553 -0.000831 0.001255 q: 0.702928 -0.711252 0.002088 0.002910 
time: 1788070546.396591, t: 0.001581 -0.000811 0.001202 q: 0.702899 -0.711281 0.002090 0.002914 
time: 1788070546.429933, t: 0.001627 -0.000790 0.001152 q: 0.702874 -0.711305 0.002095 0.002911 
time: 1788070546.463275, t: 0.001672 -0.000766 0.001101 q: 0.702846 -0.711332 0.002095 0.002958 
time: 1788070546.496617, t: 0.001733 -0.000738 0.001059 q: 0.702803 -0.711375 0.002150 0.002985 
time: 1788070546.529958, t: 0.001732 -0.000770 0.001011 q: 0.702760 -0.711417 0.002236 0.003081 
time: 1788070546.563300, t: 0.001772 -0.000923 0.001042 q: 0.702722 -0.711454 0.002310 0.003188 
time: 1788070546.596642, t: 0.001826 -0.000844 0.000980 q: 0.702654 -0.711520 0.002392 0.003264 
time: 1788070546.629984, t: 0.001852 -0.000935 0.000975 q: 0.702647 -0.711527 0.002480 0.003309 
time: 1788070546.663326, t: 0.001881 -0.000918 0.000879 q: 0.702616 -0.711557 0.002504 0.003351 
time: 1788070546.696668, t: 0.001857 -0.000975 0.000870 q: 0.702623 -0.711550 0.002506 0.003372 
time: 1788070546.730009, t: 0.001868 -0.000946 0.000785 q: 0.702625 -0.711548 0.002503 0.003380 
time: 1788070546.763350, t: 0.001831 -0.001022 0.000783 q: 0.702640 -0.711533 0.002512 0.003378 
time: 1788070546.796692, t: 0.001830 -0.001040 0.000700 q: 0.702622 -0.711550 0.002539 0.003373 
time: 1788070546.830034, t: 0.001831 -0.001007 0.000722 q: 0.702633 -0.711540 0.002532 0.003367 
time: 1788070546.863376, t: 0.001841 -0.001084 0.000622 q: 0.702631 -0.711542 0.002536 0.003379 
time: 1788070546.896718, t: 0.001827 -0.001192 0.000606 q: 0.702637 -0.711536 0.002508 0.003389 
time: 1788070546.930060, t: 0.001833 -0.001281 0.000581 q: 0.702634 -0.711539 0.002505 0.003397 
time: 1788070546.963402, t: 0.001835 -0.001350 0.000554 q: 0.702633 -0.711540 0.002484 0.003400 
time: 1788070546.996743, t: 0.001841 -0.001395 0.000480 q: 0.702626 -0.711547 0.002500 0.003427 
time: 1788070547.030085, t: 0.001829 -0.001480 0.000425 q: 0.702604 -0.711569 0.002518 0.003438 
time: 1788070547.063427, t: 0.001868 -0.001623 0.000375 q: 0.702613 -0.711560 0.002531 0.003457 
time: 1788070547.096769, t: 0.001887 -0.001737 0.000329 q: 0.702624 -0.711548 0.002554 0.003458 
time: 1788070547.130111, t: 0.001877 -0.001791 0.000257 q: 0.702611 -0.711561 0.002567 0.003465 
time: 1788070547.163452, t: 0.001946 -0.001916 0.000202 q: 0.702613 -0.711559 0.002571 0.003472 
time: 1788070547.196794, t: 0.001912 -0.002055 0.000143 q: 0.702628 -0.711544 0.002603 0.003473 
time: 1788070547.230135, t: 0.001951 -0.002138 0.000062 q: 0.702617 -0.711555 0.002599 0.003486 
time: 1788070547.263477, t: 0.001914 -0.002259 0.000000 q: 0.702610 -0.711562 0.002621 0.003482 
time: 1788070547.296819, t: 0.001985 -0.002357 -0.000080 q: 0.702591 -0.711581 0.002630 0.003500 
time: 1788070547.330161, t: 0.002059 -0.002585 -0.000134 q: 0.702570 -0.711601 0.002687 0.003545 
time: 1788070547.363503, t: 0.002054 -0.002773 -0.000190 q: 0.702543 -0.711627 0.002715 0.003624 
time: 1788070547.396844, t: 0.002076 -0.002867 -0.000263 q: 0.702535 -0.711634 0.002722 0.003636 
time: 1788070547.430186, t: 0.002080 -0.002980 -0.000335 q: 0.702504 -0.711665 0.002765 0.003652 
time: 1788070547.463528, t: 0.002075 -0.003096 -0.000407 q: 0.702469 -0.711699 0.002806 0.003683 
time: 1788070547.496870, t: 0.002069 -0.003211 -0.000481 q: 0.702432 -0.711736 0.002852 0.003720 
time: 1788070547.530213, t: 0.002062 -0.003324 -0.000563 q: 0.702413 -0.711754 0.002846 0.003727 
time: 1788070547.563556, t: 0.002053 -0.003427 -0.000645 q: 0.702363 -0.711803 0.002876 0.003738 
time: 1788070547.596899, t: 0.002029 -0.003539 -0.000733 q: 0.702327 -0.711839 0.002899 0.003735 
time: 1788070547.630241, t: 0.002000 -0.003641 -0.000820 q: 0.702277 -0.711888 0.002937 0.003746 
time: 1788070547.663584, t: 0.001971 -0.003740 -0.000903 q: 0.702211 -0.711952 0.002978 0.003788 
time: 1788070547.696927, t: 0.001962 -0.003823 -0.000980 q: 0.702128 -0.712034 0.003012 0.003909 
time: 1788070547.730270, t: 0.001964 -0.003887 -0.001051 q: 0.702035 -0.712124 0.003062 0.003991 
time: 1788070547.763613, t: 0.001955 -0.003947 -0.001125 q: 0.701939 -0.712218 0.003140 0.004093 
time: 1788070547.796956, t: 0.001947 -0.004010 -0.001197 q: 0.701838 -0.712317 0.003215 0.004179 
time: 1788070547.830299, t: 0.001629 -0.003463 -0.001071 q: 0.701597 -0.712552 0.003401 0.004349 
time: 1788070547.863642, t: 0.001751 -0.003951 -0.001251 q: 0.701456 -0.712690 0.003537 0.004470 
time: 1788070547.896985, t: 0.001822 -0.003772 -0.001155 q: 0.701061 -0.713074 0.003858 0.004768 
time: 1788070547.930328, t: 0.001667 -0.003869 -0.001247 q: 0.700677 -0.713448 0.004146 0.005030 
time: 1788070547.963671, t: 0.001619 -0.003874 -0.001266 q: 0.700245 -0.713869 0.004488 0.005364 
time: 1788070547.997015, t: 0.001510 -0.003864 -0.001277 q: 0.699758 -0.714340 0.004878 0.005731 
time: 1788070548.030357, t: 0.001459 -0.003859 -0.001229 q: 0.699219 -0.714862 0.005273 0.006147 
time: 1788070548.063700, t: 0.001438 -0.003849 -0.001135 q: 0.698627 -0.715433 0.005704 0.006604 
time: 1788070548.097043, t: 0.001428 -0.003830 -0.000984 q: 0.697990 -0.716046 0.006166 0.007103 
time: 1788070548.130386, t: 0.001423 -0.003795 -0.000772 q: 0.697347 -0.716663 0.006651 0.007624 
time: 1788070548.163729, t: 0.001425 -0.003757 -0.000502 q: 0.696693 -0.717288 0.007112 0.008133 
time: 1788070548.197072, t: 0.001419 -0.003676 -0.000199 q: 0.696102 -0.717852 0.007539 0.008590 
time: 1788070548.230415, t: 0.001421 -0.003516 0.000078 q: 0.695628 -0.718304 0.007847 0.008982 
time: 1788070548.263759, t: 0.001451 -0.003385 0.000263 q: 0.695343 -0.718574 0.008041 0.009208 
time: 1788070548.297101, t: 0.001453 -0.003338 0.000340 q: 0.695236 -0.718676 0.008144 0.009282 
time: 1788070548.330445, t: 0.001667 -0.002978 0.000374 q: 0.695187 -0.718723 0.008133 0.009271 
time: 1788070548.363788, t: 0.001827 -0.002770 0.000385 q: 0.695184 -0.718727 0.008112 0.009246 
time: 1788070548.397131, t: 0.001782 -0.002832 0.000406 q: 0.695179 -0.718731 0.008132 0.009269 
time: 1788070548.430475, t: 0.001793 -0.002820 0.000427 q: 0.695211 -0.718700 0.008107 0.009252 
time: 1788070548.463818, t: 0.001813 -0.002800 0.000447 q: 0.695225 -0.718686 0.008105 0.009268 
time: 1788070548.497160, t: 0.001865 -0.002755 0.000473 q: 0.695247 -0.718666 0.008072 0.009253 
time: 1788070548.530502, t: 0.001852 -0.002764 0.000494 q: 0.695259 -0.718655 0.008073 0.009245 
time: 1788070548.563844, t: 0.001874 -0.002743 0.000524 q: 0.695259 -0.718654 0.008064 0.009241 
time: 1788070548.597186, t: 0.001890 -0.002726 0.000562 q: 0.695274 -0.718640 0.008057 0.009226 
time: 1788070548.630528, t: 0.001910 -0.002703 0.000591 q: 0.695320 -0.718596 0.008035 0.009237 
time: 1788070548.663870, t: 0.001949 -0.002675 0.000625 q: 0.695334 -0.718582 0.008033 0.009256 
time: 1788070548.697212, t: 0.001994 -0.002638 0.000666 q: 0.695376 -0.718542 0.008010 0.009262 
time: 1788070548.730553, t: 0.002035 -0.002607 0.000694 q: 0.695410 -0.718510 0.007986 0.009250 
time: 1788070548.763895, t: 0.002055 -0.002596 0.000724 q: 0.695438 -0.718483 0.007976 0.009218 
time: 1788070548.797237, t: 0.002076 -0.002570 0.000760 q: 0.695456 -0.718465 0.007966 0.009241 
time: 1788070548.830579, t: 0.002120 -0.002537 0.000800 q: 0.695486 -0.718437 0.007950 0.009232 
time: 1788070548.863921, t: 0.002153 -0.002524 0.000828 q: 0.695525 -0.718400 0.007915 0.009185 
time: 1788070548.897263, t: 0.002177 -0.002504 0.000853 q: 0.695555 -0.718371 0.007911 0.009187 
time: 1788070548.930604, t: 0.002213 -0.002479 0.000880 q: 0.695583 -0.718345 0.007878 0.009155 
time: 1788070548.963946, t: 0.002242 -0.002458 0.000900 q: 0.695626 -0.718303 0.007862 0.009122 
time: 1788070548.997287, t: 0.002271 -0.002441 0.000932 q: 0.695639 -0.718291 0.007829 0.009107 
time: 1788070549.030629, t: 0.002339 -0.002395 0.000958 q: 0.695673 -0.718259 0.007765 0.009085 
time: 1788070549.063971, t: 0.002439 -0.002325 0.000970 q: 0.695715 -0.718219 0.007704 0.009087 
time: 1788070549.097313, t: 0.002483 -0.002286 0.000981 q: 0.695771 -0.718165 0.007688 0.009053 
time: 1788070549.130655, t: 0.002483 -0.002283 0.000999 q: 0.695788 -0.718149 0.007665 0.009020 
time: 1788070549.163997, t: 0.002513 -0.002272 0.001027 q: 0.695815 -0.718124 0.007632 0.009011 
time: 1788070549.197338, t: 0.002515 -0.002279 0.001035 q: 0.695863 -0.718078 0.007618 0.008959 
time: 1788070549.230680, t: 0.002526 -0.002282 0.001045 q: 0.695898 -0.718044 0.007589 0.008960 
time: 1788070549.264022, t: 0.002591 -0.002232 0.001073 q: 0.695941 -0.718003 0.007547 0.008949 
time: 1788070549.297364, t: 0.002632 -0.002195 0.001084 q: 0.695999 -0.717948 0.007520 0.008930 
time: 1788070549.330706, t: 0.002651 -0.002169 0.001100 q: 0.696032 -0.717916 0.007507 0.008931 
time: 1788070549.364048, t: 0.002692 -0.002146 0.001127 q: 0.696077 -0.717873 0.007464 0.008921 
time: 1788070549.397389, t: 0.002742 -0.002137 0.001152 q: 0.696100 -0.717851 0.007415 0.008869 
time: 1788070549.430731, t: 0.002751 -0.002148 0.001172 q: 0.696133 -0.717821 0.007381 0.008822 
time: 1788070549.464072, t: 0.002774 -0.002125 0.001175 q: 0.696181 -0.717775 0.007320 0.008778 
time: 1788070549.497414, t: 0.002835 -0.002072 0.001186 q: 0.696211 -0.717747 0.007275 0.008779 
time: 1788070549.530758, t: 0.002894 -0.002046 0.001210 q: 0.696226 -0.717733 0.007222 0.008731 
time: 1788070549.564102, t: 0.002925 -0.002038 0.001215 q: 0.696265 -0.717697 0.007174 0.008682 
time: 1788070549.597446, t: 0.002935 -0.002039 0.001232 q: 0.696283 -0.717680 0.007137 0.008645 
time: 1788070549.630791, t: 0.002956 -0.002020 0.001240 q: 0.696327 -0.717638 0.007086 0.008601 
time: 1788070549.664135, t: 0.002984 -0.001994 0.001233 q: 0.696378 -0.717590 0.007054 0.008572 
time: 1788070549.697479, t: 0.002993 -0.001989 0.001211 q: 0.696443 -0.717527 0.007010 0.008506 
time: 1788070549.730824, t: 0.002976 -0.001969 0.001169 q: 0.696520 -0.717454 0.006950 0.008435 
time: 1788070549.764169, t: 0.002946 -0.001965 0.001128 q: 0.696585 -0.717392 0.006910 0.008379 
time: 1788070549.797513, t: 0.002910 -0.001997 0.001127 q: 0.696609 -0.717370 0.006884 0.008320 
time: 1788070549.830857, t: 0.002892 -0.002020 0.001143 q: 0.696641 -0.717339 0.006863 0.008308 
time: 1788070549.864201, t: 0.002902 -0.002029 0.001124 q: 0.696707 -0.717276 0.006822 0.008279 
time: 1788070549.897545, t: 0.002918 -0.002020 0.001103 q: 0.696763 -0.717222 0.006787 0.008232 
time: 1788070549.930890, t: 0.002923 -0.001997 0.001092 q: 0.696811 -0.717176 0.006738 0.008190 
time: 1788070549.964234, t: 0.002927 -0.001977 0.001074 q: 0.696854 -0.717136 0.006693 0.008144 
time: 1788070549.997579, t: 0.002943 -0.001968 0.001094 q: 0.696858 -0.717132 0.006676 0.008140 
time: 1788070550.030924, t: 0.002967 -0.001972 0.001121 q: 0.696884 -0.717107 0.006652 0.008143 
time: 1788070550.064268, t: 0.002984 -0.001962 0.001129 q: 0.696911 -0.717082 0.006609 0.008097 
time: 1788070550.097613, t: 0.002991 -0.001955 0.001120 q: 0.696955 -0.717040 0.006588 0.008061 
time: 1788070550.130958, t: 0.002980 -0.001965 0.001091 q: 0.696998 -0.716998 0.006536 0.008013 
time: 1788070550.164302, t: 0.002990 -0.001958 0.001066 q: 0.697045 -0.716954 0.006467 0.007960 
time: 1788070550.197647, t: 0.003021 -0.001926 0.001049 q: 0.697072 -0.716929 0.006426 0.007929 
time: 1788070550.230991, t: 0.003020 -0.001925 0.001044 q: 0.697096 -0.716905 0.006416 0.007906 
time: 1788070550.264336, t: 0.002979 -0.001964 0.001036 q: 0.697130 -0.716873 0.006401 0.007856 
time: 1788070550.297680, t: 0.002940 -0.001976 0.001013 q: 0.697177 -0.716828 0.006383 0.007822 
time: 1788070550.331024, t: 0.002918 -0.001971 0.001015 q: 0.697187 -0.716818 0.006378 0.007789 
time: 1788070550.364369, t: 0.002918 -0.001973 0.001033 q: 0.697205 -0.716802 0.006343 0.007787 
time: 1788070550.397714, t: 0.002905 -0.001973 0.001016 q: 0.697245 -0.716764 0.006324 0.007733 
time: 1788070550.431059, t: 0.002864 -0.001982 0.000986 q: 0.697291 -0.716719 0.006288 0.007674 
time: 1788070550.464404, t: 0.002828 -0.002027 0.000977 q: 0.697325 -0.716687 0.006259 0.007661 
time: 1788070550.497748, t: 0.002996 -0.001869 0.001053 q: 0.697331 -0.716681 0.006260 0.007669 
time: 1788070550.531092, t: 0.002889 -0.001995 0.000720 q: 0.697492 -0.716527 0.006157 0.007532 
time: 1788070550.564435, t: 0.003002 -0.001878 0.000816 q: 0.697507 -0.716512 0.006139 0.007560 
time: 1788070550.597778, t: 0.003079 -0.001803 0.000844 q: 0.697521 -0.716498 0.006089 0.007553 
time: 1788070550.631121, t: 0.003142 -0.001734 0.000869 q: 0.697542 -0.716478 0.006076 0.007552 
time: 1788070550.664465, t: 0.003195 -0.001669 0.000892 q: 0.697561 -0.716460 0.006043 0.007552 
time: 1788070550.697808, t: 0.003242 -0.001612 0.000918 q: 0.697573 -0.716449 0.006032 0.007540 
time: 1788070550.731150, t: 0.003262 -0.001582 0.000938 q: 0.697595 -0.716428 0.005999 0.007481 
time: 1788070550.764493, t: 0.003265 -0.001569 0.000954 q: 0.697605 -0.716418 0.006006 0.007452 
time: 1788070550.797836, t: 0.003264 -0.001561 0.000983 q: 0.697606 -0.716417 0.005996 0.007442 
time: 1788070550.831179, t: 0.003269 -0.001523 0.000998 q: 0.697638 -0.716387 0.005991 0.007433 
time: 1788070550.864522, t: 0.003271 -0.001475 0.001007 q: 0.697647 -0.716379 0.005970 0.007407 
time: 1788070550.897866, t: 0.003264 -0.001441 0.001017 q: 0.697679 -0.716348 0.005956 0.007365 
time: 1788070550.931209, t: 0.003261 -0.001392 0.000993 q: 0.697712 -0.716316 0.005955 0.007345 
time: 1788070550.964552, t: 0.002648 -0.002466 -0.000151 q: 0.698230 -0.715818 0.005598 0.006916 
time: 1788070550.997895, t: 0.002977 -0.001666 0.000666 q: 0.697900 -0.716135 0.005821 0.007192 
time: 1788070551.031238, t: 0.003131 -0.001448 0.000823 q: 0.697840 -0.716193 0.005839 0.007235 
time: 1788070551.064582, t: 0.003139 -0.001405 0.000869 q: 0.697823 -0.716210 0.005853 0.007255 
time: 1788070551.097925, t: 0.003126 -0.001380 0.000915 q: 0.697820 -0.716212 0.005882 0.007254 
time: 1788070551.131268, t: 0.003109 -0.001344 0.000947 q: 0.697833 -0.716200 0.005876 0.007254 
time: 1788070551.164610, t: 0.003104 -0.001319 0.000972 q: 0.697850 -0.716184 0.005872 0.007248 
time: 1788070551.197954, t: 0.003104 -0.001295 0.000984 q: 0.697883 -0.716151 0.005854 0.007243 
time: 1788070551.231297, t: 0.003100 -0.001263 0.000996 q: 0.697899 -0.716135 0.005854 0.007233 
time: 1788070551.264640, t: 0.003124 -0.001213 0.001014 q: 0.697920 -0.716116 0.005809 0.007222 
time: 1788070551.297983, t: 0.003175 -0.001138 0.001030 q: 0.697940 -0.716096 0.005777 0.007203 
time: 1788070551.331327, t: 0.003201 -0.001074 0.001056 q: 0.697941 -0.716095 0.005783 0.007220 
time: 1788070551.364670, t: 0.003247 -0.001004 0.001093 q: 0.697950 -0.716087 0.005762 0.007246 
time: 1788070551.398013, t: 0.003269 -0.000947 0.001113 q: 0.697966 -0.716071 0.005767 0.007202 
time: 1788070551.431356, t: 0.003277 -0.000923 0.001138 q: 0.697954 -0.716084 0.005737 0.007213 
time: 1788070551.464700, t: 0.003317 -0.000884 0.001176 q: 0.697958 -0.716079 0.005747 0.007227 
time: 1788070551.498043, t: 0.003312 -0.000848 0.001190 q: 0.697978 -0.716060 0.005753 0.007233 
time: 1788070551.531385, t: 0.003272 -0.000867 0.001206 q: 0.697972 -0.716065 0.005769 0.007215 
time: 1788070551.564726, t: 0.003208 -0.000957 0.001231 q: 0.697967 -0.716070 0.005790 0.007206 
time: 1788070551.598066, t: 0.003126 -0.001051 0.001246 q: 0.697970 -0.716067 0.005788 0.007190 
time: 1788070551.631406, t: 0.003044 -0.001116 0.001255 q: 0.697975 -0.716063 0.005813 0.007186 
time: 1788070551.664747, t: 0.003001 -0.001159 0.001269 q: 0.697984 -0.716053 0.005797 0.007178 
time: 1788070551.698088, t: 0.003010 -0.001183 0.001287 q: 0.697988 -0.716051 0.005794 0.007179 
time: 1788070551.731428, t: 0.003025 -0.001188 0.001304 q: 0.698000 -0.716038 0.005785 0.007188 
time: 1788070551.764769, t: 0.003018 -0.001169 0.001314 q: 0.698025 -0.716014 0.005791 0.007172 
time: 1788070551.798110, t: 0.002999 -0.001142 0.001317 q: 0.698039 -0.716000 0.005795 0.007168 
time: 1788070551.831450, t: 0.002976 -0.001147 0.001332 q: 0.698036 -0.716003 0.005799 0.007162 
time: 1788070551.864791, t: 0.002959 -0.001161 0.001358 q: 0.698032 -0.716008 0.005812 0.007164 
time: 1788070551.898132, t: 0.002940 -0.001175 0.001382 q: 0.698029 -0.716011 0.005817 0.007138 
time: 1788070551.931472, t: 0.002933 -0.001186 0.001386 q: 0.698054 -0.715986 0.005804 0.007137 
time: 1788070551.964813, t: 0.002752 -0.001700 0.000845 q: 0.698187 -0.715858 0.005739 0.007005 
time: 1788070551.998153, t: 0.002723 -0.001616 0.000984 q: 0.698182 -0.715863 0.005752 0.007004 
time: 1788070552.031494, t: 0.002572 -0.001994 0.000621 q: 0.698282 -0.715767 0.005703 0.006890 
time: 1788070552.064834, t: 0.002607 -0.001905 0.000747 q: 0.698267 -0.715782 0.005693 0.006917 
time: 1788070552.098174, t: 0.002627 -0.001895 0.000767 q: 0.698254 -0.715794 0.005681 0.006912 
time: 1788070552.131515, t: 0.002642 -0.001896 0.000786 q: 0.698245 -0.715803 0.005681 0.006916 
time: 1788070552.164855, t: 0.002656 -0.001894 0.000795 q: 0.698239 -0.715809 0.005659 0.006914 
time: 1788070552.198196, t: 0.002702 -0.001870 0.000820 q: 0.698234 -0.715813 0.005679 0.006937 
time: 1788070552.231537, t: 0.002752 -0.001830 0.000838 q: 0.698246 -0.715801 0.005702 0.006959 
time: 1788070552.264877, t: 0.002722 -0.001801 0.000875 q: 0.698251 -0.715796 0.005729 0.006981 
time: 1788070552.298218, t: 0.002562 -0.002230 0.000526 q: 0.698316 -0.715733 0.005722 0.006932 
time: 1788070552.331558, t: 0.002604 -0.002131 0.000645 q: 0.698287 -0.715761 0.005743 0.006953 
time: 1788070552.364899, t: 0.002450 -0.002384 0.000442 q: 0.698357 -0.715694 0.005685 0.006889 
time: 1788070552.398239, t: 0.002527 -0.002366 0.000475 q: 0.698361 -0.715689 0.005690 0.006897 
time: 1788070552.431580, t: 0.002373 -0.002643 0.000128 q: 0.698431 -0.715623 0.005626 0.006838 
time: 1788070552.464921, t: 0.002418 -0.002628 0.000127 q: 0.698421 -0.715632 0.005653 0.006860 
time: 1788070552.498260, t: 0.002317 -0.002821 -0.000146 q: 0.698468 -0.715587 0.005646 0.006783 
time: 1788070552.531600, t: 0.002353 -0.002809 -0.000150 q: 0.698447 -0.715607 0.005660 0.006811 
time: 1788070552.564942, t: 0.002289 -0.002985 -0.000400 q: 0.698498 -0.715558 0.005655 0.006733 
time: 1788070552.598283, t: 0.002322 -0.003038 -0.000423 q: 0.698492 -0.715564 0.005654 0.006737 
time: 1788070552.631624, t: 0.002341 -0.003192 -0.000484 q: 0.698509 -0.715548 0.005665 0.006720 
time: 1788070552.664965, t: 0.002283 -0.003213 -0.000482 q: 0.698499 -0.715558 0.005661 0.006685 
time: 1788070552.698306, t: 0.002326 -0.003191 -0.000492 q: 0.698498 -0.715558 0.005671 0.006680 
time: 1788070552.731647, t: 0.002154 -0.003226 -0.000481 q: 0.698480 -0.715576 0.005684 0.006668 
time: 1788070552.764988, t: 0.002261 -0.003245 -0.000504 q: 0.698479 -0.715577 0.005689 0.006657 
time: 1788070552.798329, t: 0.002211 -0.003243 -0.000496 q: 0.698490 -0.715567 0.005657 0.006651 
time: 1788070552.831670, t: 0.002160 -0.003266 -0.000489 q: 0.698485 -0.715571 0.005665 0.006656 
time: 1788070552.865011, t: 0.002240 -0.003266 -0.000510 q: 0.698521 -0.715536 0.005672 0.006663 
time: 1788070552.898352, t: 0.002117 -0.003335 -0.000515 q: 0.698527 -0.715530 0.005669 0.006651 
time: 1788070552.931693, t: 0.002218 -0.003312 -0.000525 q: 0.698519 -0.715537 0.005678 0.006681 
time: 1788070552.965033, t: 0.002142 -0.003375 -0.000525 q: 0.698528 -0.715529 0.005652 0.006680 
time: 1788070552.998374, t: 0.002105 -0.003406 -0.000515 q: 0.698512 -0.715545 0.005646 0.006685 
time: 1788070553.031715, t: 0.002138 -0.003428 -0.000521 q: 0.698506 -0.715551 0.005631 0.006694 
time: 1788070553.065056, t: 0.002106 -0.003446 -0.000511 q: 0.698494 -0.715563 0.005630 0.006683 
time: 1788070553.098397, t: 0.002149 -0.003488 -0.000508 q: 0.698492 -0.715565 0.005639 0.006667 
time: 1788070553.131738, t: 0.002128 -0.003529 -0.000492 q: 0.698490 -0.715567 0.005617 0.006688 
time: 1788070553.165079, t: 0.002112 -0.003548 -0.000464 q: 0.698485 -0.715571 0.005627 0.006693 
time: 1788070553.198420, t: 0.002144 -0.003570 -0.000437 q: 0.698478 -0.715578 0.005660 0.006697 
time: 1788070553.231761, t: 0.002127 -0.003550 -0.000402 q: 0.698468 -0.715588 0.005679 0.006694 
time: 1788070553.265102, t: 0.002151 -0.003612 -0.000372 q: 0.698455 -0.715599 0.005694 0.006722 
time: 1788070553.298443, t: 0.002159 -0.003625 -0.000343 q: 0.698455 -0.715600 0.005694 0.006709 
time: 1788070553.331784, t: 0.002142 -0.003623 -0.000308 q: 0.698427 -0.715627 0.005731 0.006718 
time: 1788070553.365125, t: 0.002098 -0.003630 -0.000267 q: 0.698426 -0.715628 0.005717 0.006720 
time: 1788070553.398465, t: 0.002151 -0.003634 -0.000217 q: 0.698413 -0.715640 0.005728 0.006740 
time: 1788070553.431806, t: 0.002137 -0.003657 -0.000166 q: 0.698412 -0.715642 0.005706 0.006723 
time: 1788070553.465147, t: 0.002169 -0.003666 -0.000106 q: 0.698390 -0.715663 0.005711 0.006738 
time: 1788070553.498487, t: 0.002199 -0.003665 -0.000047 q: 0.698382 -0.715671 0.005696 0.006754 
time: 1788070553.531829, t: 0.002219 -0.003656 0.000012 q: 0.698397 -0.715656 0.005693 0.006738 
time: 1788070553.565170, t: 0.002247 -0.003652 0.000071 q: 0.698402 -0.715651 0.005709 0.006773 
time: 1788070553.598511, t: 0.002216 -0.003656 0.000122 q: 0.698404 -0.715649 0.005727 0.006786 
time: 1788070553.631852, t: 0.002265 -0.003645 0.000176 q: 0.698403 -0.715649 0.005704 0.006821 
time: 1788070553.665193, t: 0.002316 -0.003626 0.000228 q: 0.698404 -0.715648 0.005698 0.006831 
time: 1788070553.698534, t: 0.002359 -0.003606 0.000279 q: 0.698384 -0.715668 0.005716 0.006837 
time: 1788070553.731875, t: 0.002405 -0.003584 0.000323 q: 0.698390 -0.715662 0.005708 0.006829 
time: 1788070553.765216, t: 0.002449 -0.003562 0.000364 q: 0.698391 -0.715661 0.005724 0.006834 
time: 1788070553.798557, t: 0.002485 -0.003548 0.000405 q: 0.698388 -0.715664 0.005710 0.006832 
time: 1788070553.831897, t: 0.002521 -0.003531 0.000445 q: 0.698381 -0.715671 0.005711 0.006819 
time: 1788070553.865238, t: 0.002055 -0.003715 0.000324 q: 0.698432 -0.715622 0.005616 0.006751 
time: 1788070553.898579, t: 0.002546 -0.003539 0.000493 q: 0.698371 -0.715681 0.005655 0.006832 
time: 1788070553.931921, t: 0.002613 -0.003501 0.000519 q: 0.698352 -0.715700 0.005665 0.006834 
time: 1788070553.965261, t: 0.002537 -0.003510 0.000478 q: 0.698387 -0.715665 0.005628 0.006824 
time: 1788070553.998603, t: 0.002477 -0.003511 0.000411 q: 0.698413 -0.715641 0.005613 0.006789 
time: 1788070554.031944, t: 0.002569 -0.003505 0.000428 q: 0.698417 -0.715637 0.005607 0.006795 
time: 1788070554.065284, t: 0.002625 -0.003470 0.000423 q: 0.698419 -0.715635 0.005629 0.006790 
time: 1788070554.098625, t: 0.002538 -0.003534 0.000358 q: 0.698430 -0.715624 0.005613 0.006773 
time: 1788070554.131967, t: 0.002775 -0.003490 0.000359 q: 0.698406 -0.715648 0.005650 0.006777 
time: 1788070554.165308, t: 0.002608 -0.003479 0.000288 q: 0.698413 -0.715642 0.005615 0.006704 
time: 1788070554.198648, t: 0.002869 -0.003479 0.000290 q: 0.698405 -0.715650 0.005641 0.006713 
time: 1788070554.231989, t: 0.002779 -0.003564 0.000224 q: 0.698428 -0.715627 0.005633 0.006685 
time: 1788070554.265331, t: 0.002923 -0.003475 0.000216 q: 0.698441 -0.715614 0.005635 0.006724 
time: 1788070554.298670, t: 0.002732 -0.003551 0.000148 q: 0.698473 -0.715583 0.005606 0.006690 
time: 1788070554.332011, t: 0.002949 -0.003459 0.000123 q: 0.698468 -0.715588 0.005603 0.006683 
time: 1788070554.365352, t: 0.002738 -0.003492 0.000081 q: 0.698483 -0.715574 0.005553 0.006671 
time: 1788070554.398693, t: 0.002939 -0.003427 0.000078 q: 0.698490 -0.715566 0.005568 0.006681 
time: 1788070554.432034, t: 0.002826 -0.003477 0.000060 q: 0.698496 -0.715562 0.005561 0.006672 
time: 1788070554.465375, t: 0.002942 -0.003403 0.000039 q: 0.698487 -0.715570 0.005600 0.006668 
time: 1788070554.498716, t: 0.003012 -0.003345 0.000013 q: 0.698478 -0.715578 0.005600 0.006641 
time: 1788070554.532057, t: 0.003087 -0.003288 -0.000010 q: 0.698460 -0.715597 0.005590 0.006629 
time: 1788070554.565399, t: 0.002697 -0.003395 -0.000018 q: 0.698460 -0.715597 0.005560 0.006601 
time: 1788070554.598741, t: 0.003008 -0.003313 -0.000067 q: 0.698459 -0.715598 0.005565 0.006639 
time: 1788070554.632082, t: 0.002700 -0.003404 -0.000090 q: 0.698467 -0.715590 0.005515 0.006618 
time: 1788070554.665424, t: 0.002900 -0.003354 -0.000134 q: 0.698474 -0.715584 0.005531 0.006639 
time: 1788070554.698765, t: 0.002703 -0.003506 -0.000157 q: 0.698481 -0.715577 0.005536 0.006646 
time: 1788070554.732106, t: 0.002577 -0.003599 -0.000172 q: 0.698488 -0.715570 0.005505 0.006654 
time: 1788070554.765447, t: 0.002669 -0.003552 -0.000212 q: 0.698482 -0.715575 0.005513 0.006673 
time: 1788070554.798789, t: 0.002544 -0.003603 -0.000229 q: 0.698483 -0.715574 0.005544 0.006686 
time: 1788070554.832130, t: 0.002672 -0.003562 -0.000273 q: 0.698486 -0.715571 0.005515 0.006692 
time: 1788070554.865472, t: 0.002618 -0.003646 -0.000298 q: 0.698489 -0.715569 0.005495 0.006667 
time: 1788070554.898813, t: 0.002556 -0.003724 -0.000319 q: 0.698497 -0.715561 0.005502 0.006677 
time: 1788070554.932155, t: 0.002630 -0.003648 -0.000363 q: 0.698505 -0.715553 0.005480 0.006668 
time: 1788070554.965497, t: 0.002672 -0.003598 -0.000409 q: 0.698502 -0.715556 0.005484 0.006690 
time: 1788070554.998838, t: 0.002717 -0.003547 -0.000459 q: 0.698522 -0.715536 0.005473 0.006690 
time: 1788070555.032179, t: 0.002626 -0.003521 -0.000467 q: 0.698492 -0.715566 0.005486 0.006680 
time: 1788070555.065521, t: 0.002691 -0.003566 -0.000561 q: 0.698508 -0.715550 0.005460 0.006674 
time: 1788070555.098863, t: 0.002656 -0.003628 -0.000606 q: 0.698495 -0.715563 0.005456 0.006693 
time: 1788070555.132204, t: 0.002636 -0.003675 -0.000660 q: 0.698486 -0.715572 0.005443 0.006711 
time: 1788070555.165545, t: 0.002607 -0.003698 -0.000704 q: 0.698485 -0.715573 0.005449 0.006672 
time: 1788070555.198886, t: 0.002625 -0.003654 -0.000781 q: 0.698486 -0.715572 0.005433 0.006649 
time: 1788070555.232228, t: 0.002602 -0.003712 -0.000831 q: 0.698485 -0.715573 0.005421 0.006686 
time: 1788070555.265569, t: 0.002594 -0.003757 -0.000882 q: 0.698478 -0.715580 0.005408 0.006681 
time: 1788070555.298911, t: 0.002617 -0.003717 -0.000957 q: 0.698476 -0.715582 0.005399 0.006710 
time: 1788070555.332253, t: 0.002626 -0.003752 -0.000993 q: 0.698460 -0.715598 0.005385 0.006733 
time: 1788070555.365594, t: 0.002671 -0.003725 -0.001083 q: 0.698469 -0.715588 0.005399 0.006761 
time: 1788070555.398935, t: 0.002692 -0.003797 -0.001130 q: 0.698477 -0.715580 0.005421 0.006769 
time: 1788070555.432277, t: 0.002728 -0.003834 -0.001175 q: 0.698464 -0.715593 0.005403 0.006790 
time: 1788070555.465618, t: 0.002777 -0.003799 -0.001241 q: 0.698467 -0.715589 0.005412 0.006814 
time: 1788070555.498960, t: 0.002827 -0.003776 -0.001306 q: 0.698466 -0.715591 0.005387 0.006820 
time: 1788070555.532302, t: 0.002882 -0.003755 -0.001378 q: 0.698472 -0.715585 0.005387 0.006826 
time: 1788070555.565645, t: 0.002923 -0.003734 -0.001453 q: 0.698467 -0.715589 0.005408 0.006811 
time: 1788070555.598987, t: 0.002956 -0.003717 -0.001524 q: 0.698452 -0.715604 0.005426 0.006802 
time: 1788070555.632329, t: 0.002989 -0.003700 -0.001588 q: 0.698456 -0.715599 0.005434 0.006815 
time: 1788070555.665672, t: 0.003022 -0.003680 -0.001647 q: 0.698472 -0.715584 0.005434 0.006818 
time: 1788070555.699014, t: 0.003047 -0.003667 -0.001708 q: 0.698467 -0.715589 0.005460 0.006808 
time: 1788070555.732357, t: 0.002943 -0.003522 -0.001623 q: 0.698443 -0.715612 0.005470 0.006813 
time: 1788070555.765700, t: 0.003089 -0.003791 -0.001785 q: 0.698480 -0.715576 0.005443 0.006803 
time: 1788070555.799042, t: 0.003137 -0.003808 -0.001843 q: 0.698470 -0.715587 0.005416 0.006810 
time: 1788070555.832385, t: 0.003187 -0.003821 -0.001903 q: 0.698463 -0.715594 0.005394 0.006824 
time: 1788070555.865728, t: 0.003214 -0.003838 -0.001969 q: 0.698472 -0.715584 0.005402 0.006793 
time: 1788070555.899071, t: 0.003223 -0.003865 -0.002043 q: 0.698463 -0.715594 0.005398 0.006774 
time: 1788070555.932413, t: 0.003234 -0.003906 -0.002122 q: 0.698445 -0.715611 0.005406 0.006783 
time: 1788070555.965756, t: 0.003031 -0.004214 -0.002057 q: 0.698430 -0.715626 0.005433 0.006785 
time: 1788070555.999099, t: 0.003120 -0.004196 -0.002176 q: 0.698440 -0.715615 0.005440 0.006777 
time: 1788070556.032442, t: 0.002956 -0.004221 -0.002061 q: 0.698401 -0.715653 0.005448 0.006806 
time: 1788070556.065784, t: 0.003033 -0.004405 -0.002198 q: 0.698434 -0.715621 0.005414 0.006822 
time: 1788070556.099126, t: 0.003063 -0.004417 -0.002268 q: 0.698434 -0.715621 0.005418 0.006814 
time: 1788070556.132469, t: 0.002946 -0.004532 -0.002168 q: 0.698407 -0.715648 0.005421 0.006820 
time: 1788070556.165812, t: 0.002784 -0.004212 -0.001883 q: 0.698330 -0.715723 0.005456 0.006866 
time: 1788070556.199155, t: 0.002873 -0.004620 -0.002142 q: 0.698416 -0.715639 0.005416 0.006823 
time: 1788070556.232497, t: 0.002778 -0.004648 -0.002067 q: 0.698409 -0.715646 0.005459 0.006821 
time: 1788070556.265840, t: 0.002783 -0.004701 -0.002140 q: 0.698418 -0.715636 0.005465 0.006847 
time: 1788070556.299183, t: 0.002670 -0.004717 -0.002079 q: 0.698398 -0.715656 0.005495 0.006818 
time: 1788070556.332526, t: 0.002566 -0.004692 -0.002013 q: 0.698373 -0.715681 0.005488 0.006797 
time: 1788070556.365868, t: 0.002588 -0.004771 -0.002071 q: 0.698363 -0.715691 0.005479 0.006784 
time: 1788070556.399211, t: 0.002533 -0.004795 -0.002063 q: 0.698369 -0.715685 0.005517 0.006783 
time: 1788070556.432554, t: 0.002515 -0.004873 -0.002104 q: 0.698357 -0.715697 0.005498 0.006773 
time: 1788070556.465897, t: 0.002487 -0.004899 -0.002104 q: 0.698348 -0.715705 0.005478 0.006763 
time: 1788070556.499239, t: 0.002404 -0.004999 -0.002139 q: 0.698345 -0.715709 0.005458 0.006753 
time: 1788070556.532581, t: 0.002396 -0.005078 -0.002173 q: 0.698322 -0.715731 0.005494 0.006786 
time: 1788070556.565922, t: 0.002356 -0.005130 -0.002197 q: 0.698322 -0.715731 0.005477 0.006781 
time: 1788070556.599263, t: 0.002312 -0.005221 -0.002237 q: 0.698328 -0.715725 0.005463 0.006761 
time: 1788070556.632603, t: 0.002306 -0.005235 -0.002251 q: 0.698309 -0.715744 0.005482 0.006775 
time: 1788070556.665944, t: 0.002256 -0.005247 -0.002280 q: 0.698304 -0.715749 0.005498 0.006754 
time: 1788070556.699285, t: 0.002185 -0.005367 -0.002322 q: 0.698308 -0.715745 0.005481 0.006766 
time: 1788070556.732626, t: 0.002165 -0.005399 -0.002335 q: 0.698298 -0.715754 0.005488 0.006776 
time: 1788070556.765967, t: 0.002153 -0.005426 -0.002340 q: 0.698289 -0.715763 0.005501 0.006780 
time: 1788070556.799307, t: 0.002163 -0.005455 -0.002353 q: 0.698300 -0.715752 0.005473 0.006771 
time: 1788070556.832648, t: 0.002075 -0.005564 -0.002385 q: 0.698299 -0.715754 0.005474 0.006756 
time: 1788070556.865989, t: 0.002068 -0.005618 -0.002399 q: 0.698294 -0.715758 0.005475 0.006751 
time: 1788070556.899330, t: 0.002119 -0.005630 -0.002399 q: 0.698276 -0.715775 0.005509 0.006787 
time: 1788070556.932670, t: 0.002088 -0.005691 -0.002428 q: 0.698272 -0.715779 0.005528 0.006796 
time: 1788070556.966010, t: 0.002122 -0.005690 -0.002439 q: 0.698272 -0.715779 0.005512 0.006835 
time: 1788070556.999351, t: 0.002064 -0.005795 -0.002493 q: 0.698276 -0.715775 0.005498 0.006816 
time: 1788070557.032692, t: 0.002080 -0.005821 -0.002520 q: 0.698255 -0.715796 0.005517 0.006814 
time: 1788070557.066032, t: 0.002097 -0.005826 -0.002532 q: 0.698222 -0.715827 0.005508 0.006828 
time: 1788070557.099373, t: 0.001908 -0.006046 -0.002620 q: 0.698244 -0.715806 0.005523 0.006776 
time: 1788070557.132714, t: 0.001887 -0.006114 -0.002636 q: 0.698223 -0.715826 0.005545 0.006794 
time: 1788070557.166055, t: 0.001860 -0.006183 -0.002675 q: 0.698218 -0.715831 0.005535 0.006770 
time: 1788070557.199395, t: 0.001861 -0.006223 -0.002691 q: 0.698189 -0.715860 0.005547 0.006781 
time: 1788070557.232736, t: 0.001866 -0.006245 -0.002708 q: 0.698179 -0.715869 0.005567 0.006816 
time: 1788070557.266077, t: 0.001876 -0.006263 -0.002718 q: 0.698166 -0.715882 0.005599 0.006823 
time: 1788070557.299417, t: 0.001764 -0.006385 -0.002772 q: 0.698176 -0.715872 0.005607 0.006823 
time: 1788070557.332758, t: 0.001744 -0.006437 -0.002785 q: 0.698180 -0.715867 0.005612 0.006821 
time: 1788070557.366099, t: 0.001719 -0.006491 -0.002800 q: 0.698170 -0.715878 0.005624 0.006818 
time: 1788070557.399438, t: 0.001668 -0.006559 -0.002835 q: 0.698165 -0.715883 0.005620 0.006811 
time: 1788070557.432779, t: 0.001714 -0.006556 -0.002834 q: 0.698143 -0.715903 0.005626 0.006818 
time: 1788070557.466120, t: 0.001591 -0.006662 -0.002870 q: 0.698142 -0.715905 0.005607 0.006820 
time: 1788070557.499460, t: 0.001575 -0.006701 -0.002874 q: 0.698132 -0.715915 0.005585 0.006816 
time: 1788070557.532801, t: 0.001554 -0.006732 -0.002884 q: 0.698126 -0.715921 0.005594 0.006843 
time: 1788070557.566142, t: 0.001490 -0.006768 -0.002903 q: 0.698134 -0.715912 0.005610 0.006843 
time: 1788070557.599483, t: 0.001546 -0.006832 -0.002897 q: 0.698117 -0.715928 0.005635 0.006880 
time: 1788070557.632823, t: 0.001432 -0.006806 -0.002902 q: 0.698105 -0.715941 0.005619 0.006867 
time: 1788070557.666164, t: 0.001455 -0.006806 -0.002883 q: 0.698100 -0.715945 0.005640 0.006884 
time: 1788070557.699505, t: 0.001472 -0.006798 -0.002864 q: 0.698071 -0.715973 0.005663 0.006884 
time: 1788070557.732845, t: 0.001412 -0.006828 -0.002868 q: 0.698064 -0.715980 0.005674 0.006895 
time: 1788070557.766186, t: 0.001481 -0.006893 -0.002854 q: 0.698075 -0.715968 0.005722 0.006918 
time: 1788070557.799527, t: 0.001382 -0.006869 -0.002858 q: 0.698073 -0.715970 0.005730 0.006923 
time: 1788070557.832866, t: 0.001420 -0.006897 -0.002842 q: 0.698064 -0.715979 0.005758 0.006914 
time: 1788070557.866207, t: 0.001450 -0.006943 -0.002827 q: 0.698060 -0.715983 0.005789 0.006918 
time: 1788070557.899548, t: 0.001432 -0.006970 -0.002825 q: 0.698069 -0.715974 0.005771 0.006923 
time: 1788070557.932889, t: 0.001422 -0.006996 -0.002819 q: 0.698057 -0.715985 0.005786 0.006955 
time: 1788070557.966229, t: 0.001490 -0.006991 -0.002806 q: 0.698045 -0.715997 0.005784 0.006954 
time: 1788070557.999570, t: 0.001449 -0.007046 -0.002796 q: 0.698034 -0.716008 0.005777 0.006969 
time: 1788070558.032910, t: 0.001433 -0.007085 -0.002800 q: 0.698034 -0.716008 0.005773 0.006954 
time: 1788070558.066251, t: 0.001472 -0.007134 -0.002789 q: 0.698031 -0.716010 0.005774 0.006966 
time: 1788070558.099591, t: 0.001466 -0.007176 -0.002783 q: 0.698033 -0.716008 0.005773 0.006957 
time: 1788070558.132932, t: 0.001481 -0.007187 -0.002775 q: 0.698032 -0.716009 0.005790 0.006987 
time: 1788070558.166273, t: 0.001494 -0.007200 -0.002761 q: 0.698025 -0.716016 0.005796 0.006995 
time: 1788070558.199613, t: 0.001494 -0.007196 -0.002753 q: 0.698028 -0.716013 0.005793 0.006989 
time: 1788070558.232954, t: 0.001473 -0.007203 -0.002748 q: 0.698009 -0.716031 0.005818 0.006972 
time: 1788070558.266294, t: 0.001444 -0.007250 -0.002745 q: 0.698024 -0.716017 0.005823 0.006983 
time: 1788070558.299634, t: 0.001441 -0.007254 -0.002742 q: 0.698017 -0.716024 0.005818 0.006974 
time: 1788070558.332975, t: 0.001419 -0.007236 -0.002730 q: 0.698009 -0.716031 0.005840 0.006975 
time: 1788070558.366315, t: 0.001409 -0.007228 -0.002733 q: 0.698001 -0.716039 0.005858 0.006980 
time: 1788070558.399656, t: 0.001402 -0.007238 -0.002729 q: 0.697991 -0.716048 0.005855 0.007011 
time: 1788070558.432996, t: 0.001414 -0.007224 -0.002729 q: 0.697974 -0.716065 0.005833 0.007035 
time: 1788070558.466337, t: 0.001428 -0.007204 -0.002733 q: 0.697976 -0.716062 0.005825 0.007060 
time: 1788070558.499677, t: 0.001439 -0.007181 -0.002732 q: 0.697972 -0.716067 0.005824 0.007062 
time: 1788070558.533018, t: 0.001454 -0.007158 -0.002729 q: 0.697987 -0.716052 0.005827 0.007083 
time: 1788070558.566357, t: 0.001554 -0.007168 -0.002728 q: 0.697995 -0.716044 0.005830 0.007106 
time: 1788070558.599697, t: 0.001520 -0.007152 -0.002708 q: 0.697978 -0.716060 0.005833 0.007111 
time: 1788070558.633037, t: 0.001563 -0.007164 -0.002677 q: 0.697977 -0.716061 0.005836 0.007128 
time: 1788070558.666376, t: 0.001598 -0.007212 -0.002674 q: 0.697992 -0.716047 0.005840 0.007117 
time: 1788070558.699716, t: 0.001595 -0.007250 -0.002663 q: 0.698007 -0.716031 0.005831 0.007136 
time: 1788070558.733054, t: 0.001642 -0.007223 -0.002646 q: 0.698021 -0.716018 0.005844 0.007154 
time: 1788070558.766394, t: 0.001663 -0.007253 -0.002635 q: 0.698040 -0.715999 0.005826 0.007147 
time: 1788070558.799734, t: 0.001687 -0.007275 -0.002617 q: 0.698035 -0.716004 0.005851 0.007166 
time: 1788070558.833073, t: 0.001717 -0.007249 -0.002602 q: 0.698015 -0.716023 0.005852 0.007174 
time: 1788070558.866413, t: 0.001733 -0.007243 -0.002596 q: 0.698008 -0.716031 0.005840 0.007151 
time: 1788070558.899752, t: 0.001744 -0.007228 -0.002590 q: 0.697991 -0.716046 0.005874 0.007155 
time: 1788070558.933092, t: 0.001756 -0.007220 -0.002588 q: 0.697997 -0.716040 0.005888 0.007175 
time: 1788070558.966431, t: 0.001843 -0.007204 -0.002587 q: 0.697979 -0.716058 0.005884 0.007193 
time: 1788070558.999771, t: 0.001793 -0.007181 -0.002577 q: 0.697976 -0.716061 0.005875 0.007159 
time: 1788070559.033110, t: 0.001798 -0.007159 -0.002570 q: 0.697962 -0.716075 0.005877 0.007180 
time: 1788070559.066450, t: 0.001806 -0.007127 -0.002563 q: 0.697948 -0.716089 0.005856 0.007164 
time: 1788070559.099789, t: 0.001831 -0.007058 -0.002542 q: 0.697947 -0.716090 0.005824 0.007165 
time: 1788070559.133129, t: 0.002092 -0.007027 -0.002549 q: 0.697944 -0.716092 0.005821 0.007213 
time: 1788070559.166467, t: 0.001673 -0.007156 -0.002613 q: 0.697957 -0.716081 0.005782 0.007165 
time: 1788070559.199806, t: 0.002179 -0.007005 -0.002529 q: 0.697957 -0.716080 0.005809 0.007215 
time: 1788070559.233146, t: 0.002147 -0.007073 -0.002515 q: 0.697931 -0.716105 0.005828 0.007213 
time: 1788070559.266485, t: 0.002105 -0.007058 -0.002502 q: 0.697920 -0.716116 0.005792 0.007193 
time: 1788070559.299824, t: 0.002207 -0.007008 -0.002500 q: 0.697917 -0.716119 0.005778 0.007234 
time: 1788070559.333164, t: 0.002099 -0.007021 -0.002490 q: 0.697921 -0.716115 0.005752 0.007238 
time: 1788070559.366503, t: 0.002269 -0.006966 -0.002480 q: 0.697912 -0.716124 0.005754 0.007250 
time: 1788070559.399843, t: 0.002246 -0.007016 -0.002477 q: 0.697919 -0.716117 0.005755 0.007256 
time: 1788070559.433182, t: 0.002337 -0.006939 -0.002470 q: 0.697912 -0.716123 0.005771 0.007252 
time: 1788070559.466521, t: 0.002262 -0.007000 -0.002464 q: 0.697922 -0.716113 0.005776 0.007276 
time: 1788070559.499860, t: 0.002406 -0.006907 -0.002451 q: 0.697909 -0.716126 0.005784 0.007298 
time: 1788070559.533200, t: 0.002244 -0.006990 -0.002445 q: 0.697919 -0.716116 0.005791 0.007274 
time: 1788070559.566541, t: 0.002463 -0.006878 -0.002429 q: 0.697920 -0.716115 0.005797 0.007298 
time: 1788070559.599883, t: 0.002401 -0.006972 -0.002412 q: 0.697930 -0.716105 0.005803 0.007332 
time: 1788070559.633223, t: 0.002508 -0.006869 -0.002402 q: 0.697929 -0.716107 0.005781 0.007310 
time: 1788070559.666565, t: 0.002588 -0.006785 -0.002393 q: 0.697938 -0.716098 0.005763 0.007309 
time: 1788070559.699906, t: 0.002669 -0.006706 -0.002382 q: 0.697930 -0.716105 0.005753 0.007306 
time: 1788070559.733248, t: 0.002753 -0.006621 -0.002374 q: 0.697921 -0.716114 0.005730 0.007322 
time: 1788070559.766589, t: 0.002832 -0.006536 -0.002367 q: 0.697926 -0.716110 0.005721 0.007293 
time: 1788070559.799930, t: 0.002630 -0.006635 -0.002367 q: 0.697929 -0.716108 0.005690 0.007252 
time: 1788070559.833272, t: 0.002876 -0.006460 -0.002355 q: 0.697925 -0.716112 0.005677 0.007278 
time: 1788070559.866613, t: 0.002724 -0.006481 -0.002349 q: 0.697949 -0.716088 0.005646 0.007268 
time: 1788070559.899955, t: 0.002879 -0.006417 -0.002337 q: 0.697954 -0.716083 0.005653 0.007302 
time: 1788070559.933296, t: 0.002761 -0.006543 -0.002329 q: 0.697983 -0.716055 0.005637 0.007280 
time: 1788070559.966637, t: 0.002867 -0.006416 -0.002311 q: 0.697974 -0.716064 0.005635 0.007281 
time: 1788070559.999979, t: 0.002709 -0.006546 -0.002310 q: 0.697974 -0.716065 0.005611 0.007266 
time: 1788070560.033320, t: 0.002871 -0.006389 -0.002282 q: 0.697960 -0.716078 0.005599 0.007282 
time: 1788070560.066660, t: 0.002676 -0.006561 -0.002294 q: 0.697988 -0.716051 0.005565 0.007283 
time: 1788070560.100002, t: 0.002855 -0.006362 -0.002255 q: 0.697979 -0.716060 0.005548 0.007270 
time: 1788070560.133343, t: 0.002764 -0.006459 -0.002252 q: 0.697992 -0.716047 0.005569 0.007247 
time: 1788070560.166685, t: 0.002835 -0.006343 -0.002235 q: 0.697985 -0.716054 0.005571 0.007257 
time: 1788070560.200026, t: 0.002730 -0.006445 -0.002236 q: 0.698011 -0.716029 0.005547 0.007258 
time: 1788070560.233367, t: 0.002861 -0.006351 -0.002212 q: 0.698001 -0.716038 0.005572 0.007271 
time: 1788070560.266709, t: 0.002751 -0.006511 -0.002231 q: 0.698026 -0.716014 0.005566 0.007268 
time: 1788070560.300050, t: 0.002907 -0.006346 -0.002191 q: 0.698029 -0.716011 0.005547 0.007270 
time: 1788070560.333391, t: 0.002894 -0.006390 -0.002195 q: 0.698046 -0.715995 0.005531 0.007264 
time: 1788070560.366732, t: 0.002979 -0.006281 -0.002179 q: 0.698055 -0.715986 0.005504 0.007266 
time: 1788070560.400074, t: 0.003042 -0.006196 -0.002153 q: 0.698058 -0.715983 0.005500 0.007285 
time: 1788070560.433415, t: 0.003030 -0.006238 -0.002145 q: 0.698074 -0.715968 0.005484 0.007271 
time: 1788070560.466757, t: 0.003090 -0.006140 -0.002109 q: 0.698069 -0.715973 0.005484 0.007244 
time: 1788070560.500097, t: 0.002968 -0.006283 -0.002116 q: 0.698091 -0.715952 0.005466 0.007175 
time: 1788070560.533438, t: 0.003094 -0.006124 -0.002055 q: 0.698076 -0.715967 0.005491 0.007177 
time: 1788070560.566779, t: 0.003026 -0.006209 -0.002044 q: 0.698074 -0.715969 0.005466 0.007191 
time: 1788070560.600120, t: 0.002965 -0.006268 -0.002033 q: 0.698088 -0.715955 0.005459 0.007209 
time: 1788070560.633461, t: 0.003007 -0.006178 -0.002004 q: 0.698087 -0.715956 0.005474 0.007189 
time: 1788070560.666802, t: 0.002890 -0.006333 -0.002020 q: 0.698095 -0.715949 0.005424 0.007166 
time: 1788070560.700143, t: 0.002978 -0.006173 -0.001974 q: 0.698071 -0.715972 0.005411 0.007176 
time: 1788070560.733484, t: 0.002926 -0.006231 -0.001963 q: 0.698075 -0.715969 0.005421 0.007154 
time: 1788070560.766825, t: 0.002886 -0.006275 -0.001953 q: 0.698063 -0.715980 0.005399 0.007161 
time: 1788070560.800167, t: 0.002851 -0.006342 -0.001953 q: 0.698072 -0.715971 0.005402 0.007168 
time: 1788070560.833508, t: 0.002882 -0.006222 -0.001928 q: 0.698047 -0.715996 0.005384 0.007184 
time: 1788070560.866848, t: 0.002874 -0.006244 -0.001925 q: 0.698050 -0.715993 0.005378 0.007178 
time: 1788070560.900189, t: 0.002877 -0.006264 -0.001914 q: 0.698049 -0.715994 0.005382 0.007211 
time: 1788070560.933531, t: 0.002900 -0.006193 -0.001895 q: 0.698042 -0.716000 0.005371 0.007227 
time: 1788070560.966870, t: 0.002925 -0.006255 -0.001889 q: 0.698035 -0.716007 0.005360 0.007228 
time: 1788070561.000211, t: 0.002903 -0.006161 -0.001858 q: 0.698032 -0.716010 0.005344 0.007258 
time: 1788070561.033552, t: 0.002950 -0.006075 -0.001837 q: 0.698042 -0.716001 0.005341 0.007249 
time: 1788070561.066893, t: 0.002955 -0.006011 -0.001815 q: 0.698054 -0.715989 0.005340 0.007253 
time: 1788070561.100234, t: 0.002979 -0.005936 -0.001791 q: 0.698051 -0.715991 0.005329 0.007263 
time: 1788070561.133575, t: 0.002986 -0.005866 -0.001767 q: 0.698049 -0.715993 0.005322 0.007237 
time: 1788070561.166916, t: 0.002924 -0.005838 -0.001748 q: 0.698037 -0.716005 0.005324 0.007228 
time: 1788070561.200257, t: 0.002990 -0.005720 -0.001713 q: 0.698028 -0.716014 0.005333 0.007213 
time: 1788070561.233598, t: 0.003058 -0.005599 -0.001683 q: 0.698019 -0.716023 0.005351 0.007238 
time: 1788070561.266939, t: 0.003082 -0.005494 -0.001656 q: 0.698029 -0.716013 0.005346 0.007248 
time: 1788070561.300280, t: 0.003084 -0.005412 -0.001634 q: 0.698028 -0.716014 0.005363 0.007265 
time: 1788070561.333621, t: 0.003091 -0.005328 -0.001610 q: 0.698048 -0.715994 0.005370 0.007250 
time: 1788070561.366962, t: 0.003094 -0.005263 -0.001598 q: 0.698047 -0.715995 0.005370 0.007245 
time: 1788070561.400302, t: 0.002983 -0.005291 -0.001589 q: 0.698062 -0.715981 0.005368 0.007225 
time: 1788070561.433643, t: 0.002941 -0.005281 -0.001580 q: 0.698077 -0.715967 0.005346 0.007229 
time: 1788070561.466984, t: 0.003030 -0.005174 -0.001567 q: 0.698085 -0.715958 0.005322 0.007251 
time: 1788070561.500324, t: 0.003073 -0.005112 -0.001554 q: 0.698087 -0.715957 0.005299 0.007258 
time: 1788070561.533665, t: 0.003014 -0.005122 -0.001530 q: 0.698089 -0.715954 0.005296 0.007271 
time: 1788070561.567007, t: 0.003119 -0.004960 -0.001494 q: 0.698104 -0.715939 0.005271 0.007284 
time: 1788070561.600348, t: 0.003141 -0.005524 -0.001554 q: 0.698144 -0.715901 0.005264 0.007296 
time: 1788070561.633689, t: 0.003207 -0.005881 -0.001607 q: 0.698177 -0.715869 0.005249 0.007319 
time: 1788070561.667030, t: 0.003203 -0.005680 -0.001572 q: 0.698162 -0.715884 0.005224 0.007294 
time: 1788070561.700371, t: 0.003253 -0.005888 -0.001613 q: 0.698181 -0.715865 0.005246 0.007262 
time: 1788070561.733712, t: 0.003327 -0.005718 -0.001590 q: 0.698170 -0.715875 0.005226 0.007298 
time: 1788070561.767054, t: 0.003347 -0.005931 -0.001696 q: 0.698191 -0.715856 0.005247 0.007283 
time: 1788070561.800395, t: 0.003357 -0.006097 -0.001778 q: 0.698197 -0.715849 0.005271 0.007266 
time: 1788070561.833735, t: 0.003300 -0.006073 -0.001760 q: 0.698185 -0.715861 0.005285 0.007247 
time: 1788070561.867076, t: 0.003245 -0.006254 -0.001817 q: 0.698213 -0.715834 0.005287 0.007230 
time: 1788070561.900417, t: 0.003263 -0.006167 -0.001800 q: 0.698230 -0.715818 0.005258 0.007233 
time: 1788070561.933758, t: 0.003181 -0.006330 -0.001854 q: 0.698242 -0.715806 0.005253 0.007238 
time: 1788070561.967100, t: 0.003137 -0.006481 -0.001900 q: 0.698255 -0.715793 0.005258 0.007258 
time: 1788070562.000441, t: 0.003112 -0.006419 -0.001883 q: 0.698239 -0.715808 0.005300 0.007289 
time: 1788070562.033782, t: 0.003096 -0.006462 -0.001873 q: 0.698256 -0.715792 0.005292 0.007268 
time: 1788070562.067123, t: 0.003064 -0.006525 -0.001864 q: 0.698264 -0.715783 0.005283 0.007284 
time: 1788070562.100464, t: 0.003062 -0.006578 -0.001854 q: 0.698291 -0.715758 0.005315 0.007293 
time: 1788070562.133805, t: 0.003065 -0.006552 -0.001837 q: 0.698290 -0.715758 0.005332 0.007289 
time: 1788070562.167146, t: 0.003028 -0.006622 -0.001825 q: 0.698289 -0.715759 0.005337 0.007296 
time: 1788070562.200487, t: 0.003021 -0.006674 -0.001814 q: 0.698295 -0.715754 0.005276 0.007286 
time: 1788070562.233828, t: 0.003006 -0.006685 -0.001794 q: 0.698288 -0.715760 0.005276 0.007291 
time: 1788070562.267170, t: 0.003035 -0.006731 -0.001786 q: 0.698293 -0.715756 0.005262 0.007278 
time: 1788070562.300510, t: 0.003019 -0.006750 -0.001769 q: 0.698288 -0.715760 0.005256 0.007280 
time: 1788070562.333851, t: 0.003055 -0.006788 -0.001767 q: 0.698279 -0.715770 0.005259 0.007257 
time: 1788070562.367192, t: 0.003078 -0.006852 -0.001765 q: 0.698281 -0.715767 0.005289 0.007283 
time: 1788070562.400533, t: 0.003080 -0.006887 -0.001749 q: 0.698260 -0.715787 0.005296 0.007303 
time: 1788070562.433874, t: 0.003074 -0.006941 -0.001737 q: 0.698250 -0.715798 0.005289 0.007296 
time: 1788070562.467215, t: 0.003103 -0.006970 -0.001719 q: 0.698238 -0.715809 0.005290 0.007275 
time: 1788070562.500556, t: 0.003119 -0.006977 -0.001709 q: 0.698242 -0.715805 0.005313 0.007299 
time: 1788070562.533897, t: 0.003113 -0.007083 -0.001713 q: 0.698245 -0.715801 0.005320 0.007298 
time: 1788070562.567238, t: 0.003132 -0.007121 -0.001705 q: 0.698249 -0.715797 0.005327 0.007302 
time: 1788070562.600579, t: 0.003149 -0.007157 -0.001704 q: 0.698259 -0.715788 0.005320 0.007311 
time: 1788070562.633920, t: 0.003120 -0.007199 -0.001717 q: 0.698258 -0.715789 0.005324 0.007318 
time: 1788070562.667261, t: 0.003151 -0.007277 -0.001719 q: 0.698259 -0.715788 0.005341 0.007317 
time: 1788070562.700602, t: 0.003096 -0.007324 -0.001726 q: 0.698249 -0.715797 0.005346 0.007301 
time: 1788070562.733942, t: 0.003186 -0.007373 -0.001742 q: 0.698287 -0.715761 0.005365 0.007302 
time: 1788070562.767283, t: 0.003153 -0.007424 -0.001764 q: 0.698281 -0.715766 0.005365 0.007333 
time: 1788070562.800624, t: 0.003138 -0.007517 -0.001781 q: 0.698279 -0.715769 0.005367 0.007320 
time: 1788070562.833965, t: 0.003157 -0.007575 -0.001797 q: 0.698276 -0.715771 0.005355 0.007300 
time: 1788070562.867306, t: 0.003229 -0.007593 -0.001807 q: 0.698291 -0.715757 0.005310 0.007293 
time: 1788070562.900646, t: 0.003317 -0.007594 -0.001813 q: 0.698274 -0.715773 0.005312 0.007296 
time: 1788070562.933987, t: 0.003297 -0.007670 -0.001822 q: 0.698281 -0.715767 0.005312 0.007288 
time: 1788070562.967328, t: 0.003324 -0.007712 -0.001836 q: 0.698285 -0.715763 0.005308 0.007260 
time: 1788070563.000669, t: 0.003370 -0.007729 -0.001850 q: 0.698272 -0.715777 0.005276 0.007249 
time: 1788070563.034010, t: 0.003339 -0.007790 -0.001863 q: 0.698276 -0.715773 0.005262 0.007231 
time: 1788070563.067351, t: 0.003276 -0.007871 -0.001878 q: 0.698274 -0.715775 0.005278 0.007237 
time: 1788070563.100692, t: 0.003390 -0.007817 -0.001886 q: 0.698273 -0.715775 0.005278 0.007234 
time: 1788070563.134033, t: 0.003371 -0.007862 -0.001900 q: 0.698254 -0.715794 0.005301 0.007221 
time: 1788070563.167372, t: 0.003078 -0.007237 -0.001874 q: 0.698238 -0.715810 0.005259 0.007222 
time: 1788070563.200713, t: 0.003465 -0.007651 -0.001926 q: 0.698253 -0.715795 0.005267 0.007260 
time: 1788070563.234054, t: 0.003303 -0.007484 -0.001916 q: 0.698234 -0.715814 0.005266 0.007259 
time: 1788070563.267395, t: 0.003308 -0.007400 -0.001921 q: 0.698232 -0.715815 0.005277 0.007276 
time: 1788070563.300736, t: 0.003278 -0.007291 -0.001920 q: 0.698216 -0.715830 0.005255 0.007292 
time: 1788070563.334077, t: 0.003301 -0.007343 -0.001939 q: 0.698221 -0.715826 0.005245 0.007285 
time: 1788070563.367418, t: 0.003262 -0.007299 -0.001938 q: 0.698226 -0.715821 0.005250 0.007304 
time: 1788070563.400758, t: 0.003227 -0.007246 -0.001936 q: 0.698216 -0.715830 0.005294 0.007324 
time: 1788070563.434099, t: 0.003277 -0.007241 -0.001963 q: 0.698205 -0.715841 0.005290 0.007315 
time: 1788070563.467440, t: 0.003242 -0.007196 -0.001963 q: 0.698191 -0.715854 0.005279 0.007328 
time: 1788070563.500781, t: 0.003225 -0.007242 -0.001991 q: 0.698193 -0.715853 0.005308 0.007322 
time: 1788070563.534122, t: 0.003165 -0.007235 -0.001991 q: 0.698194 -0.715851 0.005312 0.007338 
time: 1788070563.567462, t: 0.003152 -0.007231 -0.002008 q: 0.698197 -0.715848 0.005310 0.007326 
time: 1788070563.600803, t: 0.003162 -0.007217 -0.002051 q: 0.698169 -0.715875 0.005336 0.007345 
time: 1788070563.634143, t: 0.003148 -0.007234 -0.002074 q: 0.698179 -0.715866 0.005335 0.007342 
time: 1788070563.667483, t: 0.003148 -0.007217 -0.002110 q: 0.698184 -0.715861 0.005341 0.007335 
time: 1788070563.700824, t: 0.003137 -0.007236 -0.002131 q: 0.698198 -0.715847 0.005362 0.007367 
time: 1788070563.734164, t: 0.003135 -0.007254 -0.002156 q: 0.698225 -0.715820 0.005357 0.007375 
time: 1788070563.767505, t: 0.003155 -0.007215 -0.002196 q: 0.698230 -0.715815 0.005358 0.007369 
time: 1788070563.800846, t: 0.003164 -0.007196 -0.002229 q: 0.698232 -0.715814 0.005360 0.007408 
time: 1788070563.834186, t: 0.003171 -0.007177 -0.002260 q: 0.698236 -0.715809 0.005371 0.007415 
time: 1788070563.867527, t: 0.003174 -0.007161 -0.002287 q: 0.698235 -0.715810 0.005378 0.007411 
time: 1788070563.900867, t: 0.003225 -0.007127 -0.002311 q: 0.698227 -0.715818 0.005348 0.007412 
time: 1788070563.934208, t: 0.003242 -0.007115 -0.002335 q: 0.698222 -0.715823 0.005348 0.007442 
time: 1788070563.967549, t: 0.003231 -0.007182 -0.002316 q: 0.698211 -0.715833 0.005351 0.007426 
time: 1788070564.000889, t: 0.003239 -0.007145 -0.002354 q: 0.698197 -0.715847 0.005369 0.007419 
time: 1788070564.034230, t: 0.003179 -0.007228 -0.002331 q: 0.698204 -0.715840 0.005330 0.007420 
time: 1788070564.067569, t: 0.003257 -0.007188 -0.002350 q: 0.698197 -0.715847 0.005335 0.007458 
time: 1788070564.100910, t: 0.003265 -0.007257 -0.002307 q: 0.698199 -0.715845 0.005365 0.007476 
time: 1788070564.134251, t: 0.003280 -0.007304 -0.002272 q: 0.698189 -0.715854 0.005363 0.007469 
time: 1788070564.167591, t: 0.003308 -0.007312 -0.002284 q: 0.698170 -0.715872 0.005379 0.007474 
time: 1788070564.200932, t: 0.003316 -0.007352 -0.002252 q: 0.698177 -0.715866 0.005399 0.007463 
time: 1788070564.234272, t: 0.003372 -0.007389 -0.002263 q: 0.698171 -0.715872 0.005421 0.007432 
time: 1788070564.267613, t: 0.003362 -0.007482 -0.002233 q: 0.698175 -0.715868 0.005416 0.007419 
time: 1788070564.300954, t: 0.003345 -0.007547 -0.002221 q: 0.698197 -0.715847 0.005417 0.007400 
time: 1788070564.334294, t: 0.003423 -0.007574 -0.002234 q: 0.698193 -0.715851 0.005407 0.007401 
time: 1788070564.367635, t: 0.003364 -0.007600 -0.002213 q: 0.698193 -0.715851 0.005397 0.007404 
time: 1788070564.400975, t: 0.003475 -0.007634 -0.002221 q: 0.698197 -0.715847 0.005405 0.007450 
time: 1788070564.434316, t: 0.003563 -0.007680 -0.002245 q: 0.698166 -0.715876 0.005409 0.007480 
time: 1788070564.467656, t: 0.003561 -0.007722 -0.002249 q: 0.698172 -0.715870 0.005400 0.007493 
time: 1788070564.500996, t: 0.003544 -0.007721 -0.002256 q: 0.698164 -0.715878 0.005390 0.007497 
time: 1788070564.534336, t: 0.003635 -0.007771 -0.002272 q: 0.698164 -0.715878 0.005389 0.007501 
time: 1788070564.567678, t: 0.003640 -0.007792 -0.002283 q: 0.698173 -0.715869 0.005359 0.007520 
time: 1788070564.601021, t: 0.003627 -0.007809 -0.002293 q: 0.698171 -0.715872 0.005330 0.007502 
time: 1788070564.634362, t: 0.003686 -0.007817 -0.002307 q: 0.698168 -0.715874 0.005333 0.007517 
time: 1788070564.667704, t: 0.003743 -0.007813 -0.002321 q: 0.698151 -0.715891 0.005333 0.007500 
time: 1788070564.701046, t: 0.003801 -0.007806 -0.002338 q: 0.698139 -0.715903 0.005315 0.007497 
time: 1788070564.734388, t: 0.003840 -0.007805 -0.002349 q: 0.698126 -0.715916 0.005307 0.007493 
time: 1788070564.767730, t: 0.003904 -0.007783 -0.002363 q: 0.698121 -0.715921 0.005306 0.007508 
time: 1788070564.801073, t: 0.003941 -0.007767 -0.002378 q: 0.698112 -0.715930 0.005286 0.007503 
time: 1788070564.834414, t: 0.003994 -0.007744 -0.002393 q: 0.698105 -0.715937 0.005272 0.007507 
time: 1788070564.867756, t: 0.004024 -0.007731 -0.002406 q: 0.698098 -0.715943 0.005303 0.007528 
time: 1788070564.901098, t: 0.003994 -0.007741 -0.002425 q: 0.698095 -0.715946 0.005308 0.007510 
time: 1788070564.934440, t: 0.004019 -0.007733 -0.002446 q: 0.698085 -0.715956 0.005340 0.007506 
time: 1788070564.967782, t: 0.004032 -0.007730 -0.002462 q: 0.698076 -0.715964 0.005309 0.007502 
time: 1788070565.001123, t: 0.004044 -0.007706 -0.002473 q: 0.698068 -0.715972 0.005324 0.007499 
time: 1788070565.034466, t: 0.004049 -0.007676 -0.002483 q: 0.698061 -0.715979 0.005318 0.007476 
time: 1788070565.067808, t: 0.003540 -0.007180 -0.002375 q: 0.698046 -0.715995 0.005288 0.007453 
time: 1788070565.101150, t: 0.003869 -0.007646 -0.002457 q: 0.698065 -0.715975 0.005291 0.007502 
time: 1788070565.134492, t: 0.003715 -0.007701 -0.002415 q: 0.698089 -0.715953 0.005285 0.007475 
time: 1788070565.167834, t: 0.003638 -0.007708 -0.002379 q: 0.698088 -0.715954 0.005263 0.007469 
time: 1788070565.201176, t: 0.003697 -0.007654 -0.002383 q: 0.698077 -0.715964 0.005242 0.007482 
time: 1788070565.234518, t: 0.003606 -0.007690 -0.002348 q: 0.698095 -0.715947 0.005188 0.007474 
time: 1788070565.267860, t: 0.003746 -0.007593 -0.002348 q: 0.698094 -0.715949 0.005180 0.007459 
time: 1788070565.301202, t: 0.003712 -0.007628 -0.002307 q: 0.698132 -0.715912 0.005140 0.007441 
time: 1788070565.334544, t: 0.003695 -0.007609 -0.002271 q: 0.698132 -0.715912 0.005152 0.007427 
time: 1788070565.367886, t: 0.003736 -0.007548 -0.002266 q: 0.698127 -0.715917 0.005135 0.007428 
time: 1788070565.401227, t: 0.003583 -0.007593 -0.002250 q: 0.698130 -0.715914 0.005130 0.007373 
time: 1788070565.434569, t: 0.003666 -0.007514 -0.002242 q: 0.698125 -0.715919 0.005097 0.007380 
time: 1788070565.467911, t: 0.003574 -0.007574 -0.002224 q: 0.698141 -0.715904 0.005060 0.007360 
time: 1788070565.501253, t: 0.003558 -0.007571 -0.002219 q: 0.698154 -0.715892 0.005066 0.007354 
time: 1788070565.534595, t: 0.003607 -0.007503 -0.002200 q: 0.698143 -0.715903 0.005060 0.007388 
time: 1788070565.567938, t: 0.003620 -0.007487 -0.002198 q: 0.698152 -0.715893 0.005073 0.007411 
time: 1788070565.601281, t: 0.003650 -0.007439 -0.002177 q: 0.698151 -0.715894 0.005092 0.007430 
time: 1788070565.634624, t: 0.003635 -0.007451 -0.002177 q: 0.698155 -0.715890 0.005086 0.007441 
time: 1788070565.667968, t: 0.003636 -0.007456 -0.002179 q: 0.698150 -0.715895 0.005072 0.007445 
time: 1788070565.701311, t: 0.003685 -0.007365 -0.002165 q: 0.698152 -0.715893 0.005078 0.007429 
time: 1788070565.734654, t: 0.003689 -0.007369 -0.002161 q: 0.698157 -0.715889 0.005077 0.007434 
time: 1788070565.767998, t: 0.003676 -0.007294 -0.002143 q: 0.698148 -0.715897 0.005071 0.007428 
time: 1788070565.801341, t: 0.003636 -0.007316 -0.002141 q: 0.698156 -0.715890 0.005053 0.007421 
time: 1788070565.834683, t: 0.003614 -0.007342 -0.002134 q: 0.698159 -0.715887 0.005056 0.007398 
time: 1788070565.868026, t: 0.003582 -0.007403 -0.002132 q: 0.698160 -0.715886 0.005050 0.007377 
time: 1788070565.901370, t: 0.003597 -0.007307 -0.002111 q: 0.698159 -0.715886 0.005061 0.007386 
time: 1788070565.934713, t: 0.003560 -0.007349 -0.002105 q: 0.698181 -0.715865 0.005057 0.007368 
time: 1788070565.968056, t: 0.003535 -0.007387 -0.002095 q: 0.698197 -0.715850 0.005058 0.007368 
time: 1788070566.001400, t: 0.003531 -0.007342 -0.002069 q: 0.698182 -0.715865 0.005054 0.007379 
time: 1788070566.034743, t: 0.003526 -0.007414 -0.002054 q: 0.698190 -0.715856 0.005071 0.007395 
time: 1788070566.068087, t: 0.003492 -0.007343 -0.002018 q: 0.698173 -0.715873 0.005066 0.007404 
time: 1788070566.101430, t: 0.003485 -0.007397 -0.001999 q: 0.698175 -0.715872 0.005049 0.007368 
time: 1788070566.134774, t: 0.003485 -0.007351 -0.001962 q: 0.698209 -0.715839 0.005023 0.007366 
time: 1788070566.168117, t: 0.003500 -0.007391 -0.001933 q: 0.698234 -0.715814 0.005030 0.007353 
time: 1788070566.201461, t: 0.003492 -0.007362 -0.001893 q: 0.698212 -0.715836 0.005006 0.007379 
time: 1788070566.234804, t: 0.003546 -0.007422 -0.001879 q: 0.698218 -0.715829 0.004993 0.007408 
time: 1788070566.268148, t: 0.003553 -0.007333 -0.001829 q: 0.698225 -0.715823 0.004989 0.007411 
time: 1788070566.301490, t: 0.003635 -0.007335 -0.001807 q: 0.698233 -0.715814 0.004998 0.007458 
time: 1788070566.334834, t: 0.003607 -0.007318 -0.001765 q: 0.698243 -0.715804 0.004989 0.007455 
time: 1788070566.368177, t: 0.003629 -0.007285 -0.001731 q: 0.698241 -0.715806 0.004982 0.007482 
time: 1788070566.401521, t: 0.003674 -0.007332 -0.001723 q: 0.698234 -0.715813 0.004967 0.007504 
time: 1788070566.434865, t: 0.003650 -0.007335 -0.001692 q: 0.698257 -0.715791 0.004951 0.007506 
time: 1788070566.468208, t: 0.003653 -0.007320 -0.001662 q: 0.698261 -0.715787 0.004969 0.007507 
time: 1788070566.501552, t: 0.003720 -0.007324 -0.001670 q: 0.698241 -0.715806 0.004991 0.007529 
time: 1788070566.534896, t: 0.003740 -0.007273 -0.001613 q: 0.698235 -0.715811 0.005001 0.007518 
time: 1788070566.568237, t: 0.003797 -0.007281 -0.001602 q: 0.698252 -0.715795 0.004971 0.007508 
time: 1788070566.601577, t: 0.003847 -0.007277 -0.001585 q: 0.698260 -0.715788 0.004967 0.007471 
time: 1788070566.634918, t: 0.003860 -0.007264 -0.001557 q: 0.698272 -0.715777 0.004964 0.007470 
time: 1788070566.668258, t: 0.003859 -0.007310 -0.001568 q: 0.698269 -0.715779 0.004976 0.007477 
time: 1788070566.701599, t: 0.003925 -0.007259 -0.001530 q: 0.698275 -0.715773 0.004974 0.007497 
time: 1788070566.734939, t: 0.003962 -0.007243 -0.001542 q: 0.698266 -0.715782 0.004963 0.007494 
time: 1788070566.768279, t: 0.003965 -0.007241 -0.001526 q: 0.698260 -0.715788 0.004973 0.007468 
time: 1788070566.801620, t: 0.003965 -0.007282 -0.001527 q: 0.698264 -0.715784 0.004981 0.007468 
time: 1788070566.834960, t: 0.003970 -0.007293 -0.001501 q: 0.698262 -0.715786 0.004963 0.007461 
time: 1788070566.868301, t: 0.003954 -0.007307 -0.001508 q: 0.698243 -0.715804 0.004985 0.007492 
time: 1788070566.901642, t: 0.003962 -0.007331 -0.001480 q: 0.698251 -0.715796 0.004948 0.007492 
time: 1788070566.934983, t: 0.003942 -0.007369 -0.001478 q: 0.698250 -0.715797 0.004954 0.007512 
time: 1788070566.968323, t: 0.003946 -0.007381 -0.001448 q: 0.698253 -0.715794 0.004938 0.007557 
time: 1788070567.001664, t: 0.003948 -0.007387 -0.001422 q: 0.698267 -0.715781 0.004956 0.007552 
time: 1788070567.035004, t: 0.003935 -0.007415 -0.001408 q: 0.698258 -0.715790 0.004951 0.007541 
time: 1788070567.068345, t: 0.003948 -0.007428 -0.001370 q: 0.698267 -0.715780 0.004932 0.007574 
time: 1788070567.101685, t: 0.003973 -0.007432 -0.001358 q: 0.698274 -0.715774 0.004900 0.007593 
time: 1788070567.135026, t: 0.003978 -0.007475 -0.001311 q: 0.698279 -0.715769 0.004886 0.007590 
time: 1788070567.168366, t: 0.003985 -0.007528 -0.001309 q: 0.698276 -0.715772 0.004892 0.007575 
time: 1788070567.201706, t: 0.004020 -0.007565 -0.001289 q: 0.698278 -0.715770 0.004892 0.007578 
time: 1788070567.235047, t: 0.004013 -0.007589 -0.001231 q: 0.698283 -0.715765 0.004912 0.007556 
time: 1788070567.268388, t: 0.004012 -0.007612 -0.001221 q: 0.698270 -0.715778 0.004942 0.007559 
time: 1788070567.301728, t: 0.004038 -0.007650 -0.001154 q: 0.698269 -0.715778 0.004952 0.007558 
time: 1788070567.335069, t: 0.004061 -0.007687 -0.001139 q: 0.698253 -0.715794 0.004956 0.007538 
time: 1788070567.368409, t: 0.004089 -0.007707 -0.001123 q: 0.698255 -0.715792 0.004985 0.007545 
time: 1788070567.401750, t: 0.004109 -0.007712 -0.001071 q: 0.698280 -0.715767 0.004975 0.007569 
time: 1788070567.435090, t: 0.004096 -0.007721 -0.001073 q: 0.698276 -0.715771 0.004952 0.007562 
time: 1788070567.468431, t: 0.004131 -0.007726 -0.001015 q: 0.698267 -0.715781 0.004947 0.007543 
time: 1788070567.501772, t: 0.004108 -0.007744 -0.001003 q: 0.698277 -0.715771 0.004935 0.007507 
time: 1788070567.535112, t: 0.004082 -0.007774 -0.000990 q: 0.698294 -0.715755 0.004945 0.007497 
time: 1788070567.568455, t: 0.004096 -0.007773 -0.000950 q: 0.698277 -0.715771 0.004977 0.007506 
time: 1788070567.601798, t: 0.004110 -0.007775 -0.000921 q: 0.698271 -0.715777 0.004993 0.007512 
time: 1788070567.635140, t: 0.004118 -0.007779 -0.000886 q: 0.698255 -0.715792 0.004990 0.007539 
time: 1788070567.668483, t: 0.004132 -0.007769 -0.000847 q: 0.698264 -0.715784 0.004975 0.007519 
time: 1788070567.701826, t: 0.004124 -0.007767 -0.000819 q: 0.698269 -0.715779 0.004984 0.007486 
time: 1788070567.735169, t: 0.004091 -0.007785 -0.000790 q: 0.698256 -0.715792 0.004945 0.007479 
time: 1788070567.768512, t: 0.004058 -0.007709 -0.000861 q: 0.698228 -0.715819 0.004915 0.007481 
time: 1788070567.801855, t: 0.004023 -0.007855 -0.000796 q: 0.698239 -0.715809 0.004917 0.007465 
time: 1788070567.835198, t: 0.003969 -0.007852 -0.000800 q: 0.698220 -0.715827 0.004904 0.007482 
time: 1788070567.868541, t: 0.003932 -0.007866 -0.000800 q: 0.698215 -0.715832 0.004885 0.007503 
time: 1788070567.901884, t: 0.003931 -0.007904 -0.000797 q: 0.698218 -0.715829 0.004897 0.007479 
time: 1788070567.935227, t: 0.003908 -0.007900 -0.000767 q: 0.698220 -0.715828 0.004891 0.007445 
time: 1788070567.968570, t: 0.003903 -0.007935 -0.000755 q: 0.698217 -0.715831 0.004889 0.007439 
time: 1788070568.001913, t: 0.003896 -0.007973 -0.000739 q: 0.698221 -0.715827 0.004921 0.007438 
time: 1788070568.035256, t: 0.003885 -0.007980 -0.000704 q: 0.698217 -0.715830 0.004933 0.007428 
time: 1788070568.068598, t: 0.003874 -0.007992 -0.000668 q: 0.698217 -0.715831 0.004928 0.007435 
time: 1788070568.101941, t: 0.003815 -0.008089 -0.000665 q: 0.698222 -0.715826 0.004909 0.007404 
time: 1788070568.135284, t: 0.003843 -0.008067 -0.000609 q: 0.698198 -0.715850 0.004910 0.007418 
time: 1788070568.168627, t: 0.003826 -0.008116 -0.000590 q: 0.698203 -0.715844 0.004931 0.007434 
time: 1788070568.201970, t: 0.003809 -0.008149 -0.000560 q: 0.698204 -0.715843 0.004931 0.007405 
time: 1788070568.235313, t: 0.003799 -0.008151 -0.000531 q: 0.698187 -0.715860 0.004927 0.007435 
time: 1788070568.268656, t: 0.003737 -0.008150 -0.000481 q: 0.698181 -0.715866 0.004933 0.007416 
time: 1788070568.302000, t: 0.003697 -0.008153 -0.000439 q: 0.698182 -0.715865 0.004921 0.007432 
time: 1788070568.335343, t: 0.003651 -0.008157 -0.000404 q: 0.698176 -0.715871 0.004940 0.007396 
time: 1788070568.368685, t: 0.003596 -0.008136 -0.000362 q: 0.698192 -0.715855 0.004926 0.007435 
time: 1788070568.402029, t: 0.003602 -0.008251 -0.000350 q: 0.698212 -0.715835 0.004941 0.007429 
time: 1788070568.435372, t: 0.003513 -0.008117 -0.000285 q: 0.698202 -0.715845 0.004927 0.007424 
time: 1788070568.468715, t: 0.003466 -0.008102 -0.000241 q: 0.698213 -0.715835 0.004935 0.007387 
time: 1788070568.502057, t: 0.003452 -0.008116 -0.000213 q: 0.698203 -0.715845 0.004938 0.007368 
time: 1788070568.535400, t: 0.003461 -0.008191 -0.000191 q: 0.698214 -0.715834 0.004950 0.007374 
time: 1788070568.568743, t: 0.003393 -0.008120 -0.000133 q: 0.698210 -0.715838 0.004950 0.007358 
time: 1788070568.602086, t: 0.003350 -0.008107 -0.000083 q: 0.698234 -0.715815 0.004964 0.007345 
time: 1788070568.635429, t: 0.003358 -0.008150 -0.000051 q: 0.698219 -0.715829 0.004993 0.007344 
time: 1788070568.668772, t: 0.003304 -0.008136 0.000008 q: 0.698218 -0.715830 0.004983 0.007355 
time: 1788070568.702115, t: 0.003382 -0.008211 0.000017 q: 0.698210 -0.715837 0.005041 0.007381 
time: 1788070568.735457, t: 0.003279 -0.008128 0.000092 q: 0.698175 -0.715871 0.005061 0.007374 
time: 1788070568.768800, t: 0.003312 -0.008159 0.000117 q: 0.698193 -0.715854 0.005045 0.007374 
time: 1788070568.802143, t: 0.003255 -0.008149 0.000179 q: 0.698196 -0.715851 0.005026 0.007370 
time: 1788070568.835486, t: 0.003200 -0.008154 0.000238 q: 0.698170 -0.715876 0.005034 0.007377 
time: 1788070568.868829, t: 0.003178 -0.008130 0.000296 q: 0.698176 -0.715870 0.005022 0.007400 
time: 1788070568.902172, t: 0.003188 -0.008066 0.000357 q: 0.698185 -0.715861 0.005043 0.007392 
time: 1788070568.935515, t: 0.003200 -0.008002 0.000420 q: 0.698169 -0.715877 0.005044 0.007422 
time: 1788070568.968857, t: 0.003165 -0.008007 0.000467 q: 0.698169 -0.715877 0.005041 0.007419 
time: 1788070569.002200, t: 0.003173 -0.007974 0.000511 q: 0.698154 -0.715892 0.005022 0.007418 
time: 1788070569.035542, t: 0.003181 -0.007931 0.000551 q: 0.698164 -0.715882 0.005022 0.007420 
time: 1788070569.068886, t: 0.003148 -0.007913 0.000583 q: 0.698156 -0.715889 0.005016 0.007414 
time: 1788070569.102228, t: 0.003202 -0.007808 0.000636 q: 0.698155 -0.715891 0.004996 0.007409 
time: 1788070569.135571, t: 0.003275 -0.007679 0.000689 q: 0.698159 -0.715888 0.004967 0.007371 
time: 1788070569.168914, t: 0.002997 -0.007560 0.000795 q: 0.698153 -0.715894 0.004979 0.007360 
time: 1788070569.202257, t: 0.003262 -0.007682 0.000737 q: 0.698143 -0.715903 0.004996 0.007401 
time: 1788070569.235600, t: 0.003195 -0.007588 0.000812 q: 0.698156 -0.715890 0.004980 0.007389 
time: 1788070569.268943, t: 0.003405 -0.008021 0.000684 q: 0.698169 -0.715877 0.005011 0.007415 
time: 1788070569.302286, t: 0.003336 -0.007651 0.000802 q: 0.698129 -0.715916 0.005029 0.007423 
time: 1788070569.335629, t: 0.003483 -0.007775 0.000731 q: 0.698127 -0.715917 0.005054 0.007465 
time: 1788070569.368972, t: 0.003517 -0.007901 0.000690 q: 0.698141 -0.715903 0.005059 0.007509 
time: 1788070569.402314, t: 0.003493 -0.007810 0.000744 q: 0.698128 -0.715915 0.005061 0.007519 
time: 1788070569.435657, t: 0.003608 -0.008020 0.000663 q: 0.698140 -0.715904 0.005070 0.007519 
time: 1788070569.469000, t: 0.003475 -0.007889 0.000722 q: 0.698130 -0.715913 0.005094 0.007504 
time: 1788070569.502343, t: 0.003518 -0.008014 0.000671 q: 0.698126 -0.715918 0.005092 0.007495 
time: 1788070569.535686, t: 0.003532 -0.008137 0.000635 q: 0.698113 -0.715929 0.005124 0.007520 
time: 1788070569.569029, t: 0.003560 -0.008285 0.000604 q: 0.698118 -0.715925 0.005125 0.007550 
time: 1788070569.602371, t: 0.003548 -0.008167 0.000633 q: 0.698114 -0.715928 0.005108 0.007581 
time: 1788070569.635714, t: 0.003524 -0.008137 0.000648 q: 0.698114 -0.715928 0.005122 0.007584 
time: 1788070569.669056, t: 0.003516 -0.008097 0.000679 q: 0.698125 -0.715917 0.005140 0.007584 
time: 1788070569.702399, t: 0.003503 -0.008057 0.000711 q: 0.698139 -0.715904 0.005135 0.007575 
time: 1788070569.735741, t: 0.003537 -0.007986 0.000751 q: 0.698111 -0.715932 0.005123 0.007578 
time: 1788070569.769084, t: 0.003544 -0.007941 0.000787 q: 0.698102 -0.715940 0.005134 0.007575 
time: 1788070569.802426, t: 0.003522 -0.007922 0.000814 q: 0.698116 -0.715926 0.005110 0.007587 
time: 1788070569.835768, t: 0.003589 -0.007839 0.000857 q: 0.698093 -0.715948 0.005121 0.007593 
time: 1788070569.869110, t: 0.003668 -0.007953 0.000875 q: 0.698088 -0.715954 0.005113 0.007598 
time: 1788070569.902453, t: 0.003712 -0.008071 0.000882 q: 0.698069 -0.715972 0.005118 0.007619 
time: 1788070569.935795, t: 0.003697 -0.008013 0.000920 q: 0.698075 -0.715966 0.005102 0.007607 
time: 1788070569.969138, t: 0.003728 -0.008221 0.000903 q: 0.698087 -0.715955 0.005075 0.007620 
time: 1788070570.002481, t: 0.003799 -0.008080 0.000942 q: 0.698084 -0.715957 0.005065 0.007636 
time: 1788070570.035823, t: 0.003868 -0.008251 0.000915 q: 0.698100 -0.715941 0.005055 0.007647 
time: 1788070570.069165, t: 0.003856 -0.008394 0.000894 q: 0.698088 -0.715954 0.005076 0.007651 
time: 1788070570.102508, t: 0.003907 -0.008302 0.000930 q: 0.698094 -0.715948 0.005044 0.007656 
time: 1788070570.135851, t: 0.003928 -0.008394 0.000917 q: 0.698097 -0.715945 0.005038 0.007644 
time: 1788070570.169193, t: 0.004013 -0.008275 0.000941 q: 0.698104 -0.715938 0.005036 0.007647 
time: 1788070570.202536, t: 0.004021 -0.008240 0.000956 q: 0.698091 -0.715950 0.005011 0.007630 
time: 1788070570.235878, t: 0.004062 -0.008186 0.000972 q: 0.698088 -0.715954 0.004984 0.007642 
time: 1788070570.269221, t: 0.004100 -0.008122 0.000992 q: 0.698089 -0.715953 0.004978 0.007665 
time: 1788070570.302562, t: 0.004099 -0.008081 0.001007 q: 0.698082 -0.715960 0.004984 0.007680 
time: 1788070570.335905, t: 0.004195 -0.007962 0.001031 q: 0.698072 -0.715969 0.004988 0.007698 
time: 1788070570.369248, t: 0.004234 -0.007883 0.001048 q: 0.698079 -0.715962 0.004979 0.007673 
time: 1788070570.402590, t: 0.004265 -0.007812 0.001068 q: 0.698069 -0.715972 0.004991 0.007675 
time: 1788070570.435933, t: 0.004324 -0.007731 0.001091 q: 0.698066 -0.715974 0.004998 0.007695 
time: 1788070570.469276, t: 0.004308 -0.007709 0.001121 q: 0.698057 -0.715984 0.004976 0.007691 
time: 1788070570.502618, t: 0.004353 -0.007624 0.001155 q: 0.698068 -0.715973 0.004973 0.007687 
time: 1788070570.535961, t: 0.004396 -0.007538 0.001185 q: 0.698075 -0.715966 0.004948 0.007685 
time: 1788070570.569304, t: 0.004376 -0.007495 0.001219 q: 0.698068 -0.715973 0.004927 0.007675 
time: 1788070570.602647, t: 0.004370 -0.007431 0.001254 q: 0.698053 -0.715989 0.004936 0.007632 
time: 1788070570.635989, t: 0.004385 -0.007356 0.001282 q: 0.698063 -0.715978 0.004911 0.007632 
time: 1788070570.669333, t: 0.004202 -0.007930 0.001183 q: 0.698111 -0.715932 0.004915 0.007640 
time: 1788070570.702676, t: 0.004072 -0.008345 0.001087 q: 0.698117 -0.715926 0.004931 0.007618 
time: 1788070570.736017, t: 0.004104 -0.008203 0.001140 q: 0.698110 -0.715933 0.004912 0.007606 
time: 1788070570.769361, t: 0.004127 -0.008142 0.001161 q: 0.698100 -0.715943 0.004892 0.007607 
time: 1788070570.802704, t: 0.004014 -0.008449 0.001114 q: 0.698118 -0.715925 0.004908 0.007624 
time: 1788070570.836047, t: 0.004081 -0.008302 0.001152 q: 0.698124 -0.715919 0.004919 0.007657 
time: 1788070570.869390, t: 0.004161 -0.008180 0.001176 q: 0.698138 -0.715905 0.004895 0.007636 
time: 1788070570.902733, t: 0.004215 -0.008088 0.001203 q: 0.698137 -0.715907 0.004865 0.007645 
time: 1788070570.936076, t: 0.004199 -0.008086 0.001223 q: 0.698136 -0.715908 0.004852 0.007648 
time: 1788070570.969419, t: 0.004193 -0.008072 0.001243 q: 0.698148 -0.715897 0.004829 0.007624 
time: 1788070571.002762, t: 0.004295 -0.007935 0.001279 q: 0.698123 -0.715921 0.004842 0.007643 
time: 1788070571.036105, t: 0.004423 -0.007775 0.001317 q: 0.698138 -0.715906 0.004847 0.007651 
time: 1788070571.069448, t: 0.004374 -0.007784 0.001331 q: 0.698141 -0.715902 0.004866 0.007686 
time: 1788070571.102792, t: 0.004426 -0.007700 0.001358 q: 0.698134 -0.715909 0.004854 0.007686 
time: 1788070571.136135, t: 0.004591 -0.007508 0.001390 q: 0.698132 -0.715911 0.004857 0.007714 
time: 1788070571.169477, t: 0.004506 -0.007535 0.001401 q: 0.698142 -0.715901 0.004872 0.007717 
time: 1788070571.202820, t: 0.004525 -0.007478 0.001421 q: 0.698153 -0.715890 0.004868 0.007719 
time: 1788070571.236163, t: 0.004543 -0.007395 0.001448 q: 0.698161 -0.715883 0.004873 0.007696 
time: 1788070571.269506, t: 0.004468 -0.007398 0.001469 q: 0.698173 -0.715872 0.004868 0.007696 
time: 1788070571.302850, t: 0.004476 -0.007337 0.001493 q: 0.698176 -0.715868 0.004880 0.007697 
time: 1788070571.336193, t: 0.004501 -0.007270 0.001517 q: 0.698178 -0.715866 0.004851 0.007708 
time: 1788070571.369536, t: 0.004391 -0.008011 0.001166 q: 0.698198 -0.715847 0.004865 0.007683 
time: 1788070571.402879, t: 0.004324 -0.007785 0.001412 q: 0.698196 -0.715849 0.004861 0.007650 
time: 1788070571.436222, t: 0.004234 -0.008149 0.001256 q: 0.698228 -0.715818 0.004854 0.007623 
time: 1788070571.469566, t: 0.004299 -0.007975 0.001316 q: 0.698222 -0.715824 0.004878 0.007631 
time: 1788070571.502909, t: 0.004219 -0.008236 0.001203 q: 0.698219 -0.715827 0.004877 0.007635 
time: 1788070571.536252, t: 0.004287 -0.008113 0.001261 q: 0.698215 -0.715831 0.004900 0.007646 
time: 1788070571.569596, t: 0.004194 -0.008395 0.001151 q: 0.698225 -0.715821 0.004895 0.007622 
time: 1788070571.602939, t: 0.004313 -0.008216 0.001212 q: 0.698227 -0.715819 0.004885 0.007638 
time: 1788070571.636282, t: 0.004281 -0.008379 0.001121 q: 0.698239 -0.715807 0.004895 0.007633 
time: 1788070571.669626, t: 0.004359 -0.008274 0.001151 q: 0.698238 -0.715808 0.004887 0.007622 
time: 1788070571.702970, t: 0.004362 -0.008259 0.001155 q: 0.698228 -0.715819 0.004881 0.007611 
time: 1788070571.736314, t: 0.004388 -0.008225 0.001169 q: 0.698212 -0.715834 0.004878 0.007605 
time: 1788070571.769657, t: 0.004399 -0.008197 0.001190 q: 0.698194 -0.715851 0.004879 0.007603 
time: 1788070571.803001, t: 0.004496 -0.008093 0.001212 q: 0.698208 -0.715838 0.004867 0.007633 
time: 1788070571.836345, t: 0.004517 -0.008036 0.001229 q: 0.698210 -0.715836 0.004872 0.007629 
time: 1788070571.869689, t: 0.004537 -0.007983 0.001249 q: 0.698204 -0.715841 0.004865 0.007643 
time: 1788070571.903033, t: 0.004552 -0.007929 0.001265 q: 0.698225 -0.715821 0.004840 0.007635 
time: 1788070571.936377, t: 0.004464 -0.007946 0.001271 q: 0.698228 -0.715818 0.004842 0.007610 
time: 1788070571.969720, t: 0.004461 -0.007902 0.001279 q: 0.698240 -0.715806 0.004852 0.007632 
time: 1788070572.003064, t: 0.004174 -0.008343 0.001159 q: 0.698255 -0.715792 0.004835 0.007604 
time: 1788070572.036408, t: 0.004330 -0.008137 0.001202 q: 0.698242 -0.715805 0.004830 0.007623 
time: 1788070572.069751, t: 0.004239 -0.008392 0.001104 q: 0.698242 -0.715805 0.004842 0.007597 
time: 1788070572.103095, t: 0.004065 -0.008483 0.001097 q: 0.698264 -0.715784 0.004835 0.007557 
time: 1788070572.136439, t: 0.003920 -0.008768 0.000997 q: 0.698267 -0.715781 0.004821 0.007544 
time: 1788070572.169783, t: 0.003940 -0.008685 0.001001 q: 0.698248 -0.715800 0.004832 0.007575 
time: 1788070572.203127, t: 0.003881 -0.008719 0.000981 q: 0.698241 -0.715806 0.004801 0.007616 
time: 1788070572.236471, t: 0.003866 -0.008705 0.000968 q: 0.698226 -0.715821 0.004834 0.007618 
time: 1788070572.269815, t: 0.003809 -0.008907 0.000918 q: 0.698227 -0.715820 0.004827 0.007585 
time: 1788070572.303159, t: 0.003819 -0.008825 0.000910 q: 0.698234 -0.715813 0.004803 0.007577 
time: 1788070572.336504, t: 0.003803 -0.009003 0.000874 q: 0.698234 -0.715813 0.004813 0.007555 
time: 1788070572.369848, t: 0.003809 -0.008885 0.000845 q: 0.698238 -0.715810 0.004799 0.007563 
time: 1788070572.403192, t: 0.003770 -0.009020 0.000813 q: 0.698262 -0.715786 0.004829 0.007579 
time: 1788070572.436536, t: 0.003751 -0.008983 0.000792 q: 0.698260 -0.715788 0.004814 0.007593 
time: 1788070572.469880, t: 0.003717 -0.008969 0.000768 q: 0.698273 -0.715776 0.004817 0.007553 
time: 1788070572.503223, t: 0.003652 -0.009016 0.000736 q: 0.698270 -0.715778 0.004779 0.007566 
time: 1788070572.536568, t: 0.003659 -0.009009 0.000704 q: 0.698268 -0.715780 0.004797 0.007572 
time: 1788070572.569910, t: 0.003628 -0.009007 0.000678 q: 0.698264 -0.715784 0.004780 0.007555 
time: 1788070572.603252, t: 0.003615 -0.009010 0.000648 q: 0.698263 -0.715786 0.004787 0.007551 
time: 1788070572.636594, t: 0.003577 -0.009004 0.000623 q: 0.698271 -0.715778 0.004778 0.007526 
time: 1788070572.669936, t: 0.003469 -0.009044 0.000597 q: 0.698278 -0.715772 0.004787 0.007508 
time: 1788070572.703278, t: 0.003441 -0.009252 0.000579 q: 0.698281 -0.715769 0.004808 0.007491 
time: 1788070572.736620, t: 0.003516 -0.009367 0.000579 q: 0.698292 -0.715757 0.004828 0.007507 
time: 1788070572.769961, t: 0.003482 -0.009279 0.000540 q: 0.698293 -0.715756 0.004833 0.007515 
time: 1788070572.803303, t: 0.003567 -0.009312 0.000544 q: 0.698297 -0.715752 0.004865 0.007478 
time: 1788070572.836645, t: 0.003586 -0.009364 0.000546 q: 0.698315 -0.715735 0.004856 0.007503 
time: 1788070572.869987, t: 0.003566 -0.009329 0.000508 q: 0.698321 -0.715728 0.004857 0.007507 
time: 1788070572.903329, t: 0.003571 -0.009301 0.000474 q: 0.698329 -0.715721 0.004865 0.007509 
time: 1788070572.936671, t: 0.003576 -0.009267 0.000446 q: 0.698319 -0.715731 0.004891 0.007493 
time: 1788070572.970011, t: 0.003550 -0.009262 0.000420 q: 0.698320 -0.715729 0.004909 0.007473 
time: 1788070573.003353, t: 0.003486 -0.009277 0.000387 q: 0.698343 -0.715707 0.004922 0.007490 
time: 1788070573.036695, t: 0.003451 -0.009257 0.000359 q: 0.698337 -0.715713 0.004934 0.007501 
time: 1788070573.070037, t: 0.003464 -0.009224 0.000330 q: 0.698334 -0.715716 0.004953 0.007499 
time: 1788070573.103379, t: 0.003476 -0.009206 0.000288 q: 0.698331 -0.715718 0.004939 0.007519 
time: 1788070573.136721, t: 0.003506 -0.009181 0.000246 q: 0.698333 -0.715717 0.004932 0.007539 
time: 1788070573.170063, t: 0.003520 -0.009168 0.000206 q: 0.698348 -0.715702 0.004939 0.007557 
time: 1788070573.203404, t: 0.003438 -0.009238 0.000161 q: 0.698337 -0.715713 0.004916 0.007555 
time: 1788070573.236746, t: 0.003366 -0.009283 0.000122 q: 0.698349 -0.715700 0.004889 0.007572 
time: 1788070573.270088, t: 0.003365 -0.009278 0.000079 q: 0.698361 -0.715688 0.004900 0.007567 
time: 1788070573.303430, t: 0.003490 -0.009781 0.000238 q: 0.698391 -0.715659 0.004927 0.007597 
time: 1788070573.336772, t: 0.003487 -0.009405 0.000087 q: 0.698348 -0.715701 0.004909 0.007591 
time: 1788070573.370114, t: 0.003591 -0.009470 0.000162 q: 0.698359 -0.715690 0.004926 0.007594 
time: 1788070573.403454, t: 0.003517 -0.009530 0.000122 q: 0.698375 -0.715675 0.004913 0.007586 
time: 1788070573.436796, t: 0.003519 -0.009546 0.000098 q: 0.698386 -0.715664 0.004897 0.007580 
time: 1788070573.470138, t: 0.003472 -0.009605 0.000080 q: 0.698389 -0.715661 0.004919 0.007569 
time: 1788070573.503480, t: 0.003560 -0.009614 0.000178 q: 0.698391 -0.715659 0.004932 0.007591 
time: 1788070573.536822, t: 0.003547 -0.009664 0.000138 q: 0.698380 -0.715670 0.004929 0.007588 
time: 1788070573.570163, t: 0.003599 -0.009623 0.000229 q: 0.698381 -0.715669 0.004935 0.007555 
time: 1788070573.603505, t: 0.003694 -0.009620 0.000193 q: 0.698390 -0.715660 0.004936 0.007602 
time: 1788070573.636847, t: 0.003727 -0.009620 0.000241 q: 0.698387 -0.715663 0.004959 0.007610 
time: 1788070573.670188, t: 0.003689 -0.009703 0.000218 q: 0.698380 -0.715669 0.004960 0.007606 
time: 1788070573.703530, t: 0.003709 -0.009702 0.000212 q: 0.698388 -0.715661 0.004967 0.007619 
time: 1788070573.736871, t: 0.003699 -0.009713 0.000205 q: 0.698404 -0.715646 0.004975 0.007589 
time: 1788070573.770213, t: 0.003726 -0.009712 0.000196 q: 0.698401 -0.715649 0.004963 0.007588 
time: 1788070573.803555, t: 0.003752 -0.009675 0.000264 q: 0.698419 -0.715632 0.004932 0.007590 
time: 1788070573.836895, t: 0.003702 -0.009764 0.000247 q: 0.698426 -0.715625 0.004966 0.007583 
time: 1788070573.870237, t: 0.003699 -0.009675 0.000301 q: 0.698399 -0.715651 0.004950 0.007566 
time: 1788070573.903579, t: 0.003723 -0.009760 0.000287 q: 0.698411 -0.715640 0.004926 0.007565 
time: 1788070573.936920, t: 0.003760 -0.009681 0.000340 q: 0.698402 -0.715649 0.004904 0.007575 
time: 1788070573.970262, t: 0.003841 -0.009684 0.000330 q: 0.698393 -0.715657 0.004906 0.007606 
time: 1788070574.003603, t: 0.003817 -0.009674 0.000333 q: 0.698380 -0.715670 0.004889 0.007611 
time: 1788070574.036945, t: 0.003830 -0.009745 0.000324 q: 0.698381 -0.715669 0.004907 0.007613 
time: 1788070574.070287, t: 0.003818 -0.009659 0.000330 q: 0.698376 -0.715674 0.004917 0.007603 
time: 1788070574.103628, t: 0.003808 -0.009839 0.000325 q: 0.698385 -0.715665 0.004932 0.007606 
time: 1788070574.136970, t: 0.003756 -0.009896 0.000321 q: 0.698367 -0.715682 0.004916 0.007622 
time: 1788070574.170311, t: 0.003736 -0.009958 0.000319 q: 0.698355 -0.715694 0.004926 0.007630 
time: 1788070574.203653, t: 0.003767 -0.009992 0.000316 q: 0.698359 -0.715690 0.004907 0.007642 
time: 1788070574.236994, t: 0.003736 -0.010024 0.000311 q: 0.698358 -0.715691 0.004905 0.007630 
time: 1788070574.270336, t: 0.003729 -0.010126 0.000304 q: 0.698372 -0.715678 0.004897 0.007652 
time: 1788070574.303677, t: 0.003719 -0.010194 0.000287 q: 0.698371 -0.715678 0.004889 0.007678 
time: 1788070574.337018, t: 0.003703 -0.010260 0.000272 q: 0.698368 -0.715680 0.004928 0.007660 
time: 1788070574.370360, t: 0.003684 -0.010345 0.000250 q: 0.698369 -0.715680 0.004917 0.007645 
time: 1788070574.403701, t: 0.003613 -0.010387 0.000239 q: 0.698371 -0.715679 0.004924 0.007614 
time: 1788070574.437043, t: 0.003640 -0.010498 0.000227 q: 0.698381 -0.715669 0.004932 0.007615 
time: 1788070574.470385, t: 0.003611 -0.010559 0.000220 q: 0.698389 -0.715661 0.004918 0.007599 
time: 1788070574.503726, t: 0.003599 -0.010610 0.000215 q: 0.698385 -0.715665 0.004917 0.007594 
time: 1788070574.537068, t: 0.003606 -0.010707 0.000207 q: 0.698390 -0.715660 0.004892 0.007602 
time: 1788070574.570410, t: 0.003567 -0.010694 0.000206 q: 0.698397 -0.715654 0.004894 0.007568 
time: 1788070574.603752, t: 0.003599 -0.010862 0.000198 q: 0.698395 -0.715656 0.004908 0.007561 
time: 1788070574.637094, t: 0.003589 -0.010897 0.000201 q: 0.698396 -0.715654 0.004920 0.007573 
time: 1788070574.670436, t: 0.003567 -0.010933 0.000206 q: 0.698388 -0.715662 0.004914 0.007607 
time: 1788070574.703778, t: 0.003588 -0.011015 0.000207 q: 0.698400 -0.715651 0.004913 0.007609 
time: 1788070574.737119, t: 0.003532 -0.010967 0.000214 q: 0.698382 -0.715668 0.004919 0.007603 
time: 1788070574.770461, t: 0.003562 -0.011147 0.000218 q: 0.698387 -0.715663 0.004927 0.007609 
time: 1788070574.803803, t: 0.003526 -0.011160 0.000230 q: 0.698371 -0.715679 0.004929 0.007628 
time: 1788070574.837146, t: 0.003506 -0.011176 0.000241 q: 0.698356 -0.715693 0.004941 0.007647 
time: 1788070574.870488, t: 0.003500 -0.011264 0.000252 q: 0.698344 -0.715704 0.004945 0.007658 
time: 1788070574.903830, t: 0.003428 -0.011285 0.000261 q: 0.698346 -0.715702 0.004914 0.007651 
time: 1788070574.937172, t: 0.003495 -0.011345 0.000275 q: 0.698348 -0.715700 0.004926 0.007655 
time: 1788070574.970514, t: 0.003497 -0.011398 0.000290 q: 0.698344 -0.715705 0.004889 0.007675 
time: 1788070575.003856, t: 0.003523 -0.011433 0.000307 q: 0.698331 -0.715717 0.004898 0.007714 
time: 1788070575.037198, t: 0.003526 -0.011489 0.000325 q: 0.698311 -0.715736 0.004914 0.007711 
time: 1788070575.070540, t: 0.003554 -0.011402 0.000340 q: 0.698300 -0.715747 0.004899 0.007729 
time: 1788070575.103883, t: 0.003549 -0.011291 0.000360 q: 0.698279 -0.715767 0.004928 0.007725 
time: 1788070575.137225, t: 0.003539 -0.011424 0.000380 q: 0.698300 -0.715747 0.004934 0.007683 
time: 1788070575.170566, t: 0.003564 -0.011387 0.000396 q: 0.698310 -0.715737 0.004964 0.007674 
time: 1788070575.203908, t: 0.003539 -0.011465 0.000413 q: 0.698304 -0.715743 0.004961 0.007670 
time: 1788070575.237250, t: 0.003547 -0.011433 0.000421 q: 0.698283 -0.715764 0.004966 0.007664 
time: 1788070575.270592, t: 0.003523 -0.011421 0.000426 q: 0.698268 -0.715778 0.004969 0.007647 
time: 1788070575.303934, t: 0.003567 -0.011482 0.000438 q: 0.698255 -0.715791 0.004985 0.007659 
time: 1788070575.337276, t: 0.003565 -0.011501 0.000437 q: 0.698280 -0.715766 0.004954 0.007669 
time: 1788070575.370618, t: 0.003546 -0.011533 0.000430 q: 0.698300 -0.715748 0.004921 0.007664 
time: 1788070575.403960, t: 0.003613 -0.011522 0.000429 q: 0.698298 -0.715749 0.004921 0.007663 
time: 1788070575.437303, t: 0.003635 -0.011541 0.000424 q: 0.698308 -0.715739 0.004941 0.007683 
time: 1788070575.470644, t: 0.003641 -0.011557 0.000424 q: 0.698285 -0.715762 0.004938 0.007694 
time: 1788070575.503987, t: 0.003672 -0.011556 0.000421 q: 0.698317 -0.715730 0.004894 0.007689 
time: 1788070575.537329, t: 0.003718 -0.011551 0.000414 q: 0.698306 -0.715741 0.004894 0.007726 
time: 1788070575.570670, t: 0.003742 -0.011569 0.000407 q: 0.698306 -0.715741 0.004895 0.007712 
time: 1788070575.604011, t: 0.003747 -0.011587 0.000401 q: 0.698317 -0.715731 0.004888 0.007682 
time: 1788070575.637351, t: 0.003785 -0.011571 0.000405 q: 0.698310 -0.715738 0.004869 0.007655 
time: 1788070575.670692, t: 0.003808 -0.011576 0.000409 q: 0.698315 -0.715733 0.004838 0.007673 
time: 1788070575.704033, t: 0.003783 -0.011613 0.000412 q: 0.698310 -0.715738 0.004832 0.007667 
time: 1788070575.737375, t: 0.003868 -0.011560 0.000420 q: 0.698320 -0.715728 0.004830 0.007680 
time: 1788070575.770715, t: 0.003888 -0.011571 0.000420 q: 0.698317 -0.715731 0.004822 0.007688 
time: 1788070575.804057, t: 0.003822 -0.011644 0.000427 q: 0.698327 -0.715722 0.004801 0.007664 
time: 1788070575.837398, t: 0.003598 -0.011739 0.000431 q: 0.698316 -0.715733 0.004823 0.007622 
time: 1788070575.870739, t: 0.003793 -0.011667 0.000452 q: 0.698308 -0.715741 0.004838 0.007630 
time: 1788070575.904080, t: 0.003622 -0.010989 0.000405 q: 0.698290 -0.715758 0.004833 0.007615 
time: 1788070575.937421, t: 0.003744 -0.011619 0.000454 q: 0.698296 -0.715752 0.004853 0.007627 
time: 1788070575.970762, t: 0.003596 -0.011605 0.000451 q: 0.698283 -0.715765 0.004837 0.007615 
time: 1788070576.004103, t: 0.003596 -0.011522 0.000460 q: 0.698248 -0.715799 0.004834 0.007614 
time: 1788070576.037444, t: 0.003681 -0.011476 0.000484 q: 0.698263 -0.715784 0.004818 0.007634 
time: 1788070576.070784, t: 0.003718 -0.011448 0.000498 q: 0.698273 -0.715775 0.004803 0.007601 
time: 1788070576.104125, t: 0.003755 -0.011422 0.000511 q: 0.698266 -0.715782 0.004787 0.007603 
time: 1788070576.137466, t: 0.003789 -0.011398 0.000524 q: 0.698269 -0.715779 0.004788 0.007606 
time: 1788070576.170807, t: 0.003826 -0.011371 0.000536 q: 0.698266 -0.715782 0.004762 0.007605 
time: 1788070576.204148, t: 0.003869 -0.011344 0.000550 q: 0.698256 -0.715792 0.004739 0.007615 
time: 1788070576.237489, t: 0.003915 -0.011324 0.000559 q: 0.698275 -0.715773 0.004726 0.007595 
time: 1788070576.270830, t: 0.003940 -0.011300 0.000567 q: 0.698265 -0.715783 0.004750 0.007593 
time: 1788070576.304171, t: 0.003961 -0.011275 0.000572 q: 0.698279 -0.715770 0.004762 0.007599 
time: 1788070576.337512, t: 0.003981 -0.011241 0.000573 q: 0.698276 -0.715773 0.004745 0.007560 
time: 1788070576.370853, t: 0.004004 -0.011210 0.000575 q: 0.698264 -0.715785 0.004708 0.007538 
time: 1788070576.404194, t: 0.004036 -0.011202 0.000573 q: 0.698241 -0.715808 0.004693 0.007531 
time: 1788070576.437535, t: 0.004058 -0.011185 0.000567 q: 0.698256 -0.715794 0.004699 0.007528 
time: 1788070576.470876, t: 0.004066 -0.011148 0.000562 q: 0.698242 -0.715807 0.004700 0.007538 
time: 1788070576.504216, t: 0.004063 -0.011132 0.000559 q: 0.698227 -0.715821 0.004699 0.007519 
time: 1788070576.537557, t: 0.004062 -0.011109 0.000554 q: 0.698221 -0.715827 0.004712 0.007564 
time: 1788070576.570900, t: 0.004067 -0.011072 0.000541 q: 0.698231 -0.715817 0.004711 0.007550 
time: 1788070576.604244, t: 0.004064 -0.011041 0.000522 q: 0.698219 -0.715829 0.004700 0.007553 
time: 1788070576.637589, t: 0.004069 -0.011017 0.000509 q: 0.698215 -0.715833 0.004708 0.007583 
time: 1788070576.670934, t: 0.004081 -0.010994 0.000495 q: 0.698205 -0.715842 0.004699 0.007581 
time: 1788070576.704279, t: 0.003539 -0.011327 0.000436 q: 0.698218 -0.715830 0.004691 0.007528 
time: 1788070576.737623, t: 0.004059 -0.011008 0.000460 q: 0.698213 -0.715835 0.004702 0.007572 
time: 1788070576.770968, t: 0.003426 -0.011440 0.000440 q: 0.698234 -0.715814 0.004699 0.007524 
time: 1788070576.804313, t: 0.003916 -0.011015 0.000423 q: 0.698194 -0.715852 0.004703 0.007607 
time: 1788070576.837658, t: 0.003856 -0.011125 0.000419 q: 0.698208 -0.715839 0.004697 0.007602 
time: 1788070576.871003, t: 0.003802 -0.011175 0.000421 q: 0.698206 -0.715842 0.004724 0.007580 
time: 1788070576.904348, t: 0.003809 -0.011088 0.000434 q: 0.698224 -0.715823 0.004733 0.007578 
time: 1788070576.937693, t: 0.003788 -0.011064 0.000399 q: 0.698221 -0.715826 0.004739 0.007572 
time: 1788070576.971037, t: 0.003764 -0.011052 0.000390 q: 0.698219 -0.715828 0.004760 0.007588 
time: 1788070577.004382, t: 0.003679 -0.011196 0.000382 q: 0.698241 -0.715807 0.004764 0.007568 
time: 1788070577.037727, t: 0.003693 -0.011143 0.000365 q: 0.698253 -0.715796 0.004740 0.007545 
time: 1788070577.071072, t: 0.003627 -0.011279 0.000366 q: 0.698275 -0.715774 0.004722 0.007522 
time: 1788070577.104417, t: 0.003649 -0.011191 0.000348 q: 0.698278 -0.715771 0.004742 0.007533 
time: 1788070577.137762, t: 0.003652 -0.011153 0.000332 q: 0.698283 -0.715767 0.004730 0.007533 
time: 1788070577.171107, t: 0.003662 -0.011120 0.000315 q: 0.698269 -0.715780 0.004731 0.007530 
time: 1788070577.204452, t: 0.003654 -0.011194 0.000326 q: 0.698283 -0.715766 0.004723 0.007551 
time: 1788070577.237797, t: 0.003672 -0.011207 0.000306 q: 0.698295 -0.715754 0.004711 0.007566 
time: 1788070577.271142, t: 0.003652 -0.011171 0.000290 q: 0.698292 -0.715758 0.004686 0.007559 
time: 1788070577.304487, t: 0.003664 -0.011184 0.000278 q: 0.698289 -0.715761 0.004685 0.007574 
time: 1788070577.337832, t: 0.003679 -0.011197 0.000262 q: 0.698288 -0.715762 0.004651 0.007582 
time: 1788070577.371177, t: 0.003677 -0.011231 0.000251 q: 0.698307 -0.715743 0.004646 0.007593 
time: 1788070577.404521, t: 0.003678 -0.011180 0.000235 q: 0.698312 -0.715739 0.004638 0.007582 
time: 1788070577.437867, t: 0.003687 -0.011195 0.000220 q: 0.698343 -0.715708 0.004648 0.007585 
time: 1788070577.471212, t: 0.003690 -0.011227 0.000200 q: 0.698337 -0.715714 0.004630 0.007561 
time: 1788070577.504557, t: 0.003727 -0.011246 0.000180 q: 0.698358 -0.715693 0.004660 0.007555 
time: 1788070577.537902, t: 0.003689 -0.011236 0.000167 q: 0.698363 -0.715689 0.004674 0.007545 
time: 1788070577.571246, t: 0.003688 -0.011264 0.000150 q: 0.698374 -0.715678 0.004664 0.007543 
time: 1788070577.604586, t: 0.003684 -0.011295 0.000136 q: 0.698365 -0.715687 0.004678 0.007547 
time: 1788070577.637927, t: 0.003674 -0.011331 0.000120 q: 0.698362 -0.715689 0.004674 0.007563 
time: 1788070577.671268, t: 0.003662 -0.011298 0.000121 q: 0.698353 -0.715699 0.004651 0.007583 
time: 1788070577.704608, t: 0.003655 -0.011304 0.000119 q: 0.698361 -0.715691 0.004685 0.007563 
time: 1788070577.737949, t: 0.003644 -0.011313 0.000114 q: 0.698378 -0.715674 0.004665 0.007561 
time: 1788070577.771290, t: 0.003599 -0.011400 0.000101 q: 0.698389 -0.715663 0.004677 0.007546 
time: 1788070577.804630, t: 0.003601 -0.011337 0.000102 q: 0.698371 -0.715681 0.004672 0.007554 
time: 1788070577.837970, t: 0.003585 -0.011366 0.000096 q: 0.698360 -0.715691 0.004678 0.007567 
time: 1788070577.871310, t: 0.003580 -0.011404 0.000098 q: 0.698352 -0.715699 0.004655 0.007598 
time: 1788070577.904651, t: 0.003557 -0.011494 0.000097 q: 0.698363 -0.715689 0.004629 0.007603 
time: 1788070577.937992, t: 0.003568 -0.011461 0.000103 q: 0.698365 -0.715687 0.004613 0.007578 
time: 1788070577.971332, t: 0.003585 -0.011494 0.000106 q: 0.698358 -0.715694 0.004606 0.007583 
time: 1788070578.004673, t: 0.003598 -0.011529 0.000103 q: 0.698357 -0.715695 0.004608 0.007583 
time: 1788070578.038013, t: 0.003615 -0.011570 0.000084 q: 0.698356 -0.715696 0.004630 0.007590 
time: 1788070578.071354, t: 0.003597 -0.011578 0.000067 q: 0.698350 -0.715701 0.004627 0.007572 
time: 1788070578.104694, t: 0.003605 -0.011624 0.000049 q: 0.698342 -0.715709 0.004628 0.007592 
time: 1788070578.138035, t: 0.003623 -0.011674 0.000035 q: 0.698351 -0.715701 0.004617 0.007582 
time: 1788070578.171376, t: 0.003618 -0.011749 0.000016 q: 0.698384 -0.715669 0.004607 0.007577 
time: 1788070578.204716, t: 0.003628 -0.011762 -0.000006 q: 0.698385 -0.715667 0.004630 0.007575 
time: 1788070578.238057, t: 0.003621 -0.011814 -0.000025 q: 0.698379 -0.715673 0.004659 0.007590 
time: 1788070578.271397, t: 0.003626 -0.011858 -0.000045 q: 0.698376 -0.715676 0.004678 0.007587 
time: 1788070578.304737, t: 0.003618 -0.011887 -0.000068 q: 0.698378 -0.715674 0.004674 0.007585 
time: 1788070578.338077, t: 0.003583 -0.011943 -0.000088 q: 0.698389 -0.715663 0.004675 0.007576 
time: 1788070578.371418, t: 0.003556 -0.011984 -0.000101 q: 0.698377 -0.715675 0.004680 0.007586 
time: 1788070578.404758, t: 0.003512 -0.012026 -0.000109 q: 0.698382 -0.715670 0.004703 0.007590 
time: 1788070578.438098, t: 0.003476 -0.012080 -0.000120 q: 0.698366 -0.715686 0.004702 0.007554 
time: 1788070578.471439, t: 0.003442 -0.012121 -0.000135 q: 0.698374 -0.715677 0.004718 0.007580 
time: 1788070578.504779, t: 0.003405 -0.012167 -0.000150 q: 0.698369 -0.715683 0.004715 0.007556 
time: 1788070578.538120, t: 0.003364 -0.012218 -0.000172 q: 0.698359 -0.715693 0.004689 0.007557 
time: 1788070578.571461, t: 0.003323 -0.012292 -0.000190 q: 0.698361 -0.715690 0.004679 0.007572 
time: 1788070578.604802, t: 0.003265 -0.012334 -0.000210 q: 0.698367 -0.715685 0.004677 0.007548 
time: 1788070578.638143, t: 0.003217 -0.012397 -0.000227 q: 0.698378 -0.715674 0.004677 0.007548 
time: 1788070578.671484, t: 0.003175 -0.012457 -0.000245 q: 0.698367 -0.715684 0.004694 0.007544 
time: 1788070578.704825, t: 0.003169 -0.012507 -0.000264 q: 0.698375 -0.715677 0.004700 0.007534 
time: 1788070578.738165, t: 0.003080 -0.012565 -0.000289 q: 0.698375 -0.715677 0.004687 0.007520 
time: 1788070578.771507, t: 0.003057 -0.012617 -0.000311 q: 0.698391 -0.715661 0.004707 0.007543 
time: 1788070578.804848, t: 0.003049 -0.012655 -0.000333 q: 0.698391 -0.715661 0.004714 0.007571 
time: 1788070578.838189, t: 0.003063 -0.012699 -0.000356 q: 0.698393 -0.715659 0.004736 0.007543 
time: 1788070578.871530, t: 0.003004 -0.012761 -0.000392 q: 0.698387 -0.715665 0.004730 0.007525 
time: 1788070578.904871, t: 0.003014 -0.012819 -0.000426 q: 0.698374 -0.715677 0.004775 0.007567 
time: 1788070578.938212, t: 0.003025 -0.012881 -0.000458 q: 0.698366 -0.715685 0.004787 0.007579 
time: 1788070578.971553, t: 0.003010 -0.012939 -0.000495 q: 0.698376 -0.715675 0.004786 0.007562 
time: 1788070579.004894, t: 0.002995 -0.013032 -0.000545 q: 0.698377 -0.715675 0.004778 0.007562 
time: 1788070579.038235, t: 0.003001 -0.013095 -0.000578 q: 0.698381 -0.715670 0.004750 0.007562 
time: 1788070579.071576, t: 0.002998 -0.013159 -0.000612 q: 0.698375 -0.715676 0.004738 0.007589 
time: 1788070579.104917, t: 0.002954 -0.013252 -0.000649 q: 0.698384 -0.715668 0.004755 0.007576 
time: 1788070579.138258, t: 0.002987 -0.013328 -0.000709 q: 0.698376 -0.715676 0.004774 0.007575 
time: 1788070579.171598, t: 0.002991 -0.013393 -0.000763 q: 0.698378 -0.715673 0.004763 0.007601 
time: 1788070579.204939, t: 0.002994 -0.013456 -0.000816 q: 0.698394 -0.715657 0.004764 0.007577 
time: 1788070579.238281, t: 0.002985 -0.013553 -0.000885 q: 0.698377 -0.715675 0.004752 0.007570 
time: 1788070579.271621, t: 0.002967 -0.013537 -0.000927 q: 0.698386 -0.715666 0.004723 0.007542 
time: 1788070579.304962, t: 0.002965 -0.013711 -0.001000 q: 0.698398 -0.715654 0.004716 0.007535 
time: 1788070579.338304, t: 0.002952 -0.013760 -0.001047 q: 0.698397 -0.715656 0.004718 0.007515 
time: 1788070579.371644, t: 0.002942 -0.013787 -0.001089 q: 0.698377 -0.715676 0.004684 0.007499 
time: 1788070579.404986, t: 0.002892 -0.013823 -0.001128 q: 0.698377 -0.715676 0.004704 0.007473 
time: 1788070579.438326, t: 0.002902 -0.013913 -0.001198 q: 0.698400 -0.715653 0.004703 0.007495 
time: 1788070579.471668, t: 0.002882 -0.013935 -0.001250 q: 0.698424 -0.715629 0.004682 0.007516 
time: 1788070579.505008, t: 0.002852 -0.013963 -0.001296 q: 0.698429 -0.715625 0.004684 0.007511 
time: 1788070579.538349, t: 0.002833 -0.013998 -0.001338 q: 0.698409 -0.715645 0.004702 0.007502 
time: 1788070579.571690, t: 0.002776 -0.014102 -0.001412 q: 0.698414 -0.715639 0.004722 0.007515 
time: 1788070579.605031, t: 0.002753 -0.014150 -0.001458 q: 0.698396 -0.715656 0.004739 0.007531 
time: 1788070579.638370, t: 0.002725 -0.014218 -0.001509 q: 0.698394 -0.715658 0.004754 0.007518 
time: 1788070579.671710, t: 0.002684 -0.014290 -0.001562 q: 0.698373 -0.715679 0.004757 0.007531 
time: 1788070579.705050, t: 0.002648 -0.014416 -0.001639 q: 0.698382 -0.715670 0.004750 0.007532 
time: 1788070579.738390, t: 0.002602 -0.014527 -0.001705 q: 0.698369 -0.715682 0.004756 0.007555 
time: 1788070579.771730, t: 0.002582 -0.014615 -0.001747 q: 0.698352 -0.715699 0.004775 0.007567 
time: 1788070579.805070, t: 0.002550 -0.014694 -0.001780 q: 0.698352 -0.715698 0.004763 0.007595 
time: 1788070579.838410, t: 0.002541 -0.014806 -0.001852 q: 0.698348 -0.715703 0.004724 0.007611 
time: 1788070579.871750, t: 0.002558 -0.014876 -0.001895 q: 0.698341 -0.715710 0.004730 0.007579 
time: 1788070579.905090, t: 0.002560 -0.014953 -0.001936 q: 0.698341 -0.715710 0.004728 0.007568 
time: 1788070579.938430, t: 0.002555 -0.014991 -0.001975 q: 0.698349 -0.715702 0.004713 0.007538 
time: 1788070579.971770, t: 0.002508 -0.015152 -0.002058 q: 0.698341 -0.715710 0.004721 0.007541 
time: 1788070580.005110, t: 0.002519 -0.015221 -0.002101 q: 0.698353 -0.715699 0.004723 0.007534 
time: 1788070580.038450, t: 0.002523 -0.015276 -0.002133 q: 0.698373 -0.715679 0.004719 0.007518 
time: 1788070580.071789, t: 0.002530 -0.015289 -0.002157 q: 0.698357 -0.715694 0.004740 0.007508 
time: 1788070580.105129, t: 0.002526 -0.015409 -0.002219 q: 0.698356 -0.715695 0.004761 0.007506 
time: 1788070580.138469, t: 0.002537 -0.015452 -0.002254 q: 0.698348 -0.715703 0.004780 0.007528 
time: 1788070580.171809, t: 0.002528 -0.015500 -0.002290 q: 0.698348 -0.715703 0.004755 0.007505 
time: 1788070580.205149, t: 0.002512 -0.015527 -0.002328 q: 0.698334 -0.715717 0.004754 0.007483 
time: 1788070580.238489, t: 0.002496 -0.015631 -0.002385 q: 0.698338 -0.715713 0.004734 0.007468 
time: 1788070580.271829, t: 0.002457 -0.015673 -0.002416 q: 0.698352 -0.715700 0.004717 0.007469 
time: 1788070580.305168, t: 0.002414 -0.015709 -0.002441 q: 0.698369 -0.715683 0.004724 0.007495 
time: 1788070580.338508, t: 0.002388 -0.015750 -0.002469 q: 0.698352 -0.715699 0.004717 0.007499 
time: 1788070580.371848, t: 0.002340 -0.015822 -0.002508 q: 0.698347 -0.715705 0.004712 0.007508 
time: 1788070580.405188, t: 0.002318 -0.015853 -0.002533 q: 0.698340 -0.715711 0.004699 0.007514 
time: 1788070580.438528, t: 0.002297 -0.015894 -0.002564 q: 0.698335 -0.715717 0.004686 0.007508 
time: 1788070580.471867, t: 0.002277 -0.015965 -0.002604 q: 0.698333 -0.715718 0.004702 0.007532 
time: 1788070580.505206, t: 0.002242 -0.016018 -0.002658 q: 0.698314 -0.715736 0.004686 0.007554 
time: 1788070580.538546, t: 0.002252 -0.016073 -0.002692 q: 0.698321 -0.715729 0.004681 0.007574 
time: 1788070580.571886, t: 0.002274 -0.016128 -0.002724 q: 0.698328 -0.715722 0.004686 0.007586 
time: 1788070580.605225, t: 0.002307 -0.016174 -0.002754 q: 0.698326 -0.715724 0.004690 0.007585 
time: 1788070580.638565, t: 0.002260 -0.016270 -0.002798 q: 0.698313 -0.715737 0.004686 0.007565 
time: 1788070580.671905, t: 0.002288 -0.016326 -0.002830 q: 0.698298 -0.715752 0.004696 0.007579 
time: 1788070580.705244, t: 0.002304 -0.016388 -0.002864 q: 0.698308 -0.715742 0.004704 0.007576 
time: 1788070580.738584, t: 0.002305 -0.016431 -0.002897 q: 0.698330 -0.715721 0.004714 0.007555 
time: 1788070580.771924, t: 0.002264 -0.016539 -0.002953 q: 0.698331 -0.715720 0.004715 0.007546 
time: 1788070580.805264, t: 0.002256 -0.016605 -0.002992 q: 0.698326 -0.715724 0.004729 0.007581 
time: 1788070580.838603, t: 0.002246 -0.016671 -0.003028 q: 0.698316 -0.715734 0.004729 0.007574 
time: 1788070580.871943, t: 0.002232 -0.016720 -0.003064 q: 0.698331 -0.715720 0.004701 0.007596 
time: 1788070580.905282, t: 0.002200 -0.016827 -0.003113 q: 0.698329 -0.715721 0.004706 0.007630 
time: 1788070580.938622, t: 0.002188 -0.016876 -0.003140 q: 0.698327 -0.715723 0.004687 0.007652 
time: 1788070580.971961, t: 0.002176 -0.016928 -0.003159 q: 0.698320 -0.715730 0.004653 0.007681 
time: 1788070581.005300, t: 0.002152 -0.017012 -0.003192 q: 0.698334 -0.715715 0.004651 0.007728 
time: 1788070581.038639, t: 0.002178 -0.017057 -0.003201 q: 0.698333 -0.715716 0.004676 0.007726 
time: 1788070581.071979, t: 0.002172 -0.017143 -0.003231 q: 0.698332 -0.715716 0.004699 0.007759 
time: 1788070581.105319, t: 0.002239 -0.017166 -0.003248 q: 0.698336 -0.715713 0.004675 0.007752 
time: 1788070581.138658, t: 0.002317 -0.017176 -0.003276 q: 0.698343 -0.715706 0.004680 0.007796 
time: 1788070581.171998, t: 0.002342 -0.017255 -0.003326 q: 0.698338 -0.715710 0.004684 0.007820 
time: 1788070581.205337, t: 0.002325 -0.017269 -0.003358 q: 0.698345 -0.715704 0.004659 0.007794 
time: 1788070581.238677, t: 0.002465 -0.017371 -0.003406 q: 0.698344 -0.715704 0.004665 0.007825 
time: 1788070581.272016, t: 0.002568 -0.017368 -0.003426 q: 0.698327 -0.715721 0.004684 0.007807 
time: 1788070581.305355, t: 0.002592 -0.017466 -0.003475 q: 0.698314 -0.715733 0.004692 0.007814 
time: 1788070581.338695, t: 0.002637 -0.017540 -0.003520 q: 0.698325 -0.715722 0.004702 0.007835 
time: 1788070581.372034, t: 0.002657 -0.017614 -0.003567 q: 0.698306 -0.715741 0.004718 0.007824 
time: 1788070581.405373, t: 0.002705 -0.017676 -0.003618 q: 0.698284 -0.715762 0.004712 0.007841 
time: 1788070581.438712, t: 0.002725 -0.017759 -0.003675 q: 0.698294 -0.715753 0.004688 0.007879 
time: 1788070581.472051, t: 0.002787 -0.017685 -0.003679 q: 0.698293 -0.715753 0.004688 0.007879 
time: 1788070581.505391, t: 0.002744 -0.017606 -0.003682 q: 0.698287 -0.715759 0.004675 0.007858 
time: 1788070581.538730, t: 0.002865 -0.017717 -0.003735 q: 0.698289 -0.715757 0.004694 0.007865 
time: 1788070581.572070, t: 0.002875 -0.017638 -0.003727 q: 0.698284 -0.715763 0.004693 0.007875 
time: 1788070581.605412, t: 0.002831 -0.017585 -0.003736 q: 0.698290 -0.715757 0.004680 0.007894 
time: 1788070581.638753, t: 0.002772 -0.017540 -0.003745 q: 0.698291 -0.715756 0.004644 0.007847 
time: 1788070581.672095, t: 0.002847 -0.017608 -0.003800 q: 0.698283 -0.715763 0.004642 0.007870 
time: 1788070581.705437, t: 0.002823 -0.017578 -0.003806 q: 0.698292 -0.715754 0.004651 0.007869 
time: 1788070581.738779, t: 0.002781 -0.017582 -0.003816 q: 0.698280 -0.715766 0.004659 0.007872 
time: 1788070581.772120, t: 0.002762 -0.017566 -0.003834 q: 0.698283 -0.715763 0.004657 0.007882 
time: 1788070581.805462, t: 0.002799 -0.017633 -0.003885 q: 0.698315 -0.715733 0.004634 0.007882 
time: 1788070581.838803, t: 0.002822 -0.017675 -0.003919 q: 0.698302 -0.715745 0.004622 0.007877 
time: 1788070581.872145, t: 0.002835 -0.017724 -0.003952 q: 0.698282 -0.715765 0.004632 0.007854 
time: 1788070581.905486, t: 0.002878 -0.017762 -0.003999 q: 0.698283 -0.715764 0.004630 0.007841 
time: 1788070581.938828, t: 0.002779 -0.017776 -0.004023 q: 0.698271 -0.715776 0.004614 0.007864 
time: 1788070581.972170, t: 0.002935 -0.017841 -0.004072 q: 0.698274 -0.715772 0.004655 0.007863 
time: 1788070582.005512, t: 0.002940 -0.017877 -0.004096 q: 0.698270 -0.715776 0.004633 0.007886 
time: 1788070582.038853, t: 0.002944 -0.017911 -0.004115 q: 0.698312 -0.715735 0.004617 0.007899 
time: 1788070582.072195, t: 0.003000 -0.017932 -0.004148 q: 0.698309 -0.715738 0.004642 0.007917 
time: 1788070582.105537, t: 0.002960 -0.017900 -0.004149 q: 0.698303 -0.715744 0.004643 0.007895 
time: 1788070582.138879, t: 0.003044 -0.017997 -0.004173 q: 0.698307 -0.715740 0.004617 0.007889 
time: 1788070582.172220, t: 0.003019 -0.018024 -0.004172 q: 0.698319 -0.715729 0.004593 0.007864 
time: 1788070582.205562, t: 0.002989 -0.018057 -0.004171 q: 0.698309 -0.715738 0.004599 0.007837 
time: 1788070582.238904, t: 0.003040 -0.018098 -0.004185 q: 0.698308 -0.715740 0.004581 0.007867 
time: 1788070582.272246, t: 0.002983 -0.018050 -0.004181 q: 0.698285 -0.715762 0.004547 0.007864 
time: 1788070582.305586, t: 0.003080 -0.018160 -0.004206 q: 0.698296 -0.715751 0.004540 0.007888 
time: 1788070582.338928, t: 0.003055 -0.018183 -0.004207 q: 0.698308 -0.715740 0.004518 0.007862 
time: 1788070582.372270, t: 0.003043 -0.018208 -0.004218 q: 0.698280 -0.715768 0.004482 0.007831 
time: 1788070582.405612, t: 0.003079 -0.018235 -0.004236 q: 0.698278 -0.715769 0.004489 0.007847 
time: 1788070582.438953, t: 0.003005 -0.018194 -0.004236 q: 0.698250 -0.715797 0.004492 0.007852 
time: 1788070582.472295, t: 0.003091 -0.018282 -0.004258 q: 0.698256 -0.715791 0.004518 0.007866 
time: 1788070582.505637, t: 0.003083 -0.018281 -0.004257 q: 0.698270 -0.715777 0.004495 0.007851 
time: 1788070582.538979, t: 0.003105 -0.018300 -0.004269 q: 0.698270 -0.715777 0.004459 0.007881 
time: 1788070582.572320, t: 0.003114 -0.018310 -0.004279 q: 0.698279 -0.715769 0.004455 0.007864 
time: 1788070582.605660, t: 0.003131 -0.018316 -0.004290 q: 0.698268 -0.715780 0.004425 0.007859 
time: 1788070582.638999, t: 0.003128 -0.018312 -0.004297 q: 0.698279 -0.715769 0.004427 0.007866 
time: 1788070582.672339, t: 0.003133 -0.018301 -0.004303 q: 0.698257 -0.715790 0.004425 0.007911 
time: 1788070582.705679, t: 0.003147 -0.018293 -0.004309 q: 0.698263 -0.715784 0.004426 0.007904 
time: 1788070582.739017, t: 0.003166 -0.018271 -0.004312 q: 0.698253 -0.715794 0.004412 0.007937 
time: 1788070582.772357, t: 0.003193 -0.018251 -0.004306 q: 0.698236 -0.715809 0.004468 0.007958 
time: 1788070582.805697, t: 0.003199 -0.018236 -0.004300 q: 0.698234 -0.715812 0.004456 0.007930 
time: 1788070582.839036, t: 0.003202 -0.018223 -0.004290 q: 0.698234 -0.715812 0.004451 0.007929 
time: 1788070582.872376, t: 0.003227 -0.018200 -0.004283 q: 0.698239 -0.715807 0.004434 0.007936 
time: 1788070582.905715, t: 0.003259 -0.018161 -0.004275 q: 0.698239 -0.715807 0.004420 0.007933 
time: 1788070582.939055, t: 0.003248 -0.018141 -0.004275 q: 0.698233 -0.715813 0.004417 0.007941 
time: 1788070582.972394, t: 0.003236 -0.018125 -0.004280 q: 0.698226 -0.715820 0.004414 0.007943 
time: 1788070583.005734, t: 0.003249 -0.018091 -0.004288 q: 0.698228 -0.715818 0.004432 0.007920 
time: 1788070583.039073, t: 0.003197 -0.018093 -0.004298 q: 0.698239 -0.715807 0.004439 0.007893 
time: 1788070583.072413, t: 0.003100 -0.018194 -0.004228 q: 0.698253 -0.715793 0.004467 0.007882 
time: 1788070583.105752, t: 0.003093 -0.018187 -0.004284 q: 0.698257 -0.715789 0.004468 0.007896 
time: 1788070583.139092, t: 0.003070 -0.018311 -0.004263 q: 0.698256 -0.715791 0.004492 0.007917 
time: 1788070583.172430, t: 0.003077 -0.018282 -0.004263 q: 0.698242 -0.715804 0.004474 0.007911 
time: 1788070583.205770, t: 0.003047 -0.018348 -0.004234 q: 0.698252 -0.715795 0.004450 0.007874 
time: 1788070583.239109, t: 0.003078 -0.018357 -0.004208 q: 0.698252 -0.715796 0.004457 0.007854 
time: 1788070583.272448, t: 0.003107 -0.018348 -0.004221 q: 0.698271 -0.715777 0.004461 0.007840 
time: 1788070583.305788, t: 0.003101 -0.018331 -0.004205 q: 0.698277 -0.715771 0.004439 0.007831 
time: 1788070583.339127, t: 0.003141 -0.018365 -0.004195 q: 0.698286 -0.715762 0.004417 0.007831 
time: 1788070583.372466, t: 0.003131 -0.018399 -0.004171 q: 0.698289 -0.715759 0.004418 0.007832 
time: 1788070583.405805, t: 0.003138 -0.018441 -0.004153 q: 0.698290 -0.715758 0.004399 0.007828 
time: 1788070583.439145, t: 0.003160 -0.018448 -0.004144 q: 0.698288 -0.715760 0.004381 0.007847 
time: 1788070583.472484, t: 0.003123 -0.018515 -0.004152 q: 0.698289 -0.715760 0.004383 0.007850 
time: 1788070583.505823, t: 0.003194 -0.018489 -0.004119 q: 0.698300 -0.715749 0.004368 0.007824 
time: 1788070583.539162, t: 0.003186 -0.018507 -0.004108 q: 0.698291 -0.715758 0.004392 0.007837 
time: 1788070583.572502, t: 0.003198 -0.018519 -0.004091 q: 0.698297 -0.715751 0.004372 0.007860 
time: 1788070583.605843, t: 0.003213 -0.018524 -0.004067 q: 0.698296 -0.715752 0.004394 0.007843 
time: 1788070583.639183, t: 0.003188 -0.018543 -0.004050 q: 0.698296 -0.715753 0.004420 0.007831 
time: 1788070583.672524, t: 0.003218 -0.018529 -0.004004 q: 0.698287 -0.715762 0.004415 0.007839 
time: 1788070583.705865, t: 0.003199 -0.018528 -0.003970 q: 0.698289 -0.715760 0.004416 0.007842 
time: 1788070583.739206, t: 0.003185 -0.018529 -0.003941 q: 0.698294 -0.715754 0.004406 0.007855 
time: 1788070583.772547, t: 0.003178 -0.018528 -0.003906 q: 0.698285 -0.715764 0.004413 0.007857 
time: 1788070583.805889, t: 0.003139 -0.018614 -0.003895 q: 0.698299 -0.715750 0.004379 0.007874 
time: 1788070583.839230, t: 0.003148 -0.018534 -0.003839 q: 0.698284 -0.715764 0.004384 0.007903 
time: 1788070583.872571, t: 0.003136 -0.018532 -0.003821 q: 0.698283 -0.715765 0.004401 0.007921 
time: 1788070583.905912, t: 0.003120 -0.018532 -0.003800 q: 0.698293 -0.715755 0.004389 0.007899 
time: 1788070583.939253, t: 0.003106 -0.018577 -0.003793 q: 0.698289 -0.715758 0.004402 0.007931 
time: 1788070583.972594, t: 0.003099 -0.018517 -0.003752 q: 0.698296 -0.715751 0.004384 0.007938 
time: 1788070584.005935, t: 0.003109 -0.018524 -0.003728 q: 0.698298 -0.715749 0.004406 0.007953 
time: 1788070584.039276, t: 0.003118 -0.018536 -0.003703 q: 0.698292 -0.715756 0.004368 0.007949 
time: 1788070584.072616, t: 0.003105 -0.018535 -0.003662 q: 0.698285 -0.715763 0.004365 0.007930 
time: 1788070584.105958, t: 0.003184 -0.018543 -0.003636 q: 0.698277 -0.715771 0.004342 0.007923 
time: 1788070584.139299, t: 0.003138 -0.018527 -0.003578 q: 0.698276 -0.715771 0.004330 0.007909 
time: 1788070584.172640, t: 0.003180 -0.018528 -0.003552 q: 0.698269 -0.715779 0.004347 0.007911 
time: 1788070584.205981, t: 0.003210 -0.018535 -0.003528 q: 0.698269 -0.715778 0.004355 0.007915 
time: 1788070584.239322, t: 0.003195 -0.018532 -0.003490 q: 0.698265 -0.715782 0.004372 0.007908 
time: 1788070584.272663, t: 0.003221 -0.018588 -0.003480 q: 0.698271 -0.715777 0.004370 0.007914 
time: 1788070584.306004, t: 0.003206 -0.018545 -0.003427 q: 0.698265 -0.715783 0.004361 0.007887 
time: 1788070584.339345, t: 0.003215 -0.018559 -0.003399 q: 0.698274 -0.715774 0.004352 0.007908 
time: 1788070584.372686, t: 0.003230 -0.018562 -0.003366 q: 0.698258 -0.715788 0.004386 0.007940 
time: 1788070584.406027, t: 0.003226 -0.018607 -0.003341 q: 0.698264 -0.715782 0.004414 0.007957 
time: 1788070584.439368, t: 0.003197 -0.018564 -0.003290 q: 0.698273 -0.715774 0.004373 0.007938 
time: 1788070584.472709, t: 0.003181 -0.018575 -0.003269 q: 0.698267 -0.715780 0.004377 0.007936 
time: 1788070584.506049, t: 0.003165 -0.018595 -0.003242 q: 0.698263 -0.715784 0.004377 0.007959 
time: 1788070584.539390, t: 0.003143 -0.018658 -0.003220 q: 0.698247 -0.715799 0.004416 0.007942 
time: 1788070584.572732, t: 0.003135 -0.018593 -0.003168 q: 0.698254 -0.715792 0.004437 0.007925 
time: 1788070584.606074, t: 0.003120 -0.018613 -0.003138 q: 0.698262 -0.715784 0.004426 0.007948 
time: 1788070584.639416, t: 0.003114 -0.018629 -0.003105 q: 0.698262 -0.715784 0.004436 0.007967 
time: 1788070584.672759, t: 0.003103 -0.018609 -0.003058 q: 0.698270 -0.715776 0.004459 0.007939 
time: 1788070584.706101, t: 0.003121 -0.018674 -0.003042 q: 0.698279 -0.715768 0.004445 0.007968 
time: 1788070584.739443, t: 0.003099 -0.018588 -0.002972 q: 0.698267 -0.715779 0.004448 0.007953 
time: 1788070584.772786, t: 0.003111 -0.018594 -0.002929 q: 0.698254 -0.715792 0.004458 0.007951 
time: 1788070584.806128, t: 0.003111 -0.018614 -0.002886 q: 0.698248 -0.715798 0.004452 0.007966 
time: 1788070584.839470, t: 0.003108 -0.018587 -0.002829 q: 0.698264 -0.715783 0.004438 0.007955 
time: 1788070584.872813, t: 0.003133 -0.018639 -0.002809 q: 0.698261 -0.715786 0.004449 0.007969 
time: 1788070584.906155, t: 0.003119 -0.018553 -0.002733 q: 0.698252 -0.715793 0.004466 0.007978 
time: 1788070584.939497, t: 0.003118 -0.018569 -0.002698 q: 0.698263 -0.715783 0.004446 0.008010 
time: 1788070584.972839, t: 0.003126 -0.018584 -0.002673 q: 0.698270 -0.715776 0.004464 0.008011 
time: 1788070585.006181, t: 0.003129 -0.018562 -0.002632 q: 0.698268 -0.715778 0.004450 0.008005 
time: 1788070585.039524, t: 0.003113 -0.018692 -0.002644 q: 0.698271 -0.715774 0.004441 0.008049 
time: 1788070585.072866, t: 0.003176 -0.018552 -0.002578 q: 0.698264 -0.715781 0.004475 0.008082 
time: 1788070585.106209, t: 0.003192 -0.018543 -0.002534 q: 0.698259 -0.715785 0.004485 0.008099 
time: 1788070585.139551, t: 0.003200 -0.018545 -0.002494 q: 0.698256 -0.715788 0.004486 0.008087 
time: 1788070585.172893, t: 0.003233 -0.018571 -0.002479 q: 0.698257 -0.715788 0.004485 0.008064 
time: 1788070585.206236, t: 0.003203 -0.018684 -0.002472 q: 0.698260 -0.715785 0.004458 0.008081 
time: 1788070585.239578, t: 0.003303 -0.018572 -0.002394 q: 0.698243 -0.715801 0.004455 0.008117 
time: 1788070585.272921, t: 0.003344 -0.018590 -0.002366 q: 0.698238 -0.715806 0.004485 0.008107 
time: 1788070585.306263, t: 0.003376 -0.018596 -0.002315 q: 0.698236 -0.715808 0.004491 0.008121 
time: 1788070585.339606, t: 0.003420 -0.018632 -0.002302 q: 0.698234 -0.715809 0.004497 0.008108 
time: 1788070585.372948, t: 0.003458 -0.018645 -0.002293 q: 0.698226 -0.715817 0.004491 0.008106 
time: 1788070585.406290, t: 0.003538 -0.018629 -0.002217 q: 0.698222 -0.715821 0.004512 0.008119 
time: 1788070585.439632, t: 0.003554 -0.018595 -0.002143 q: 0.698227 -0.715816 0.004526 0.008127 
time: 1788070585.472974, t: 0.003542 -0.018613 -0.002099 q: 0.698225 -0.715818 0.004534 0.008116 
time: 1788070585.506317, t: 0.003466 -0.018692 -0.002071 q: 0.698237 -0.715807 0.004502 0.008080 
time: 1788070585.539660, t: 0.003574 -0.018629 -0.001969 q: 0.698218 -0.715826 0.004498 0.008081 
time: 1788070585.573002, t: 0.003551 -0.018662 -0.001917 q: 0.698230 -0.715814 0.004469 0.008075 
time: 1788070585.606343, t: 0.003602 -0.018654 -0.001822 q: 0.698233 -0.715811 0.004471 0.008070 
time: 1788070585.639685, t: 0.003650 -0.018642 -0.001735 q: 0.698220 -0.715824 0.004443 0.008066 
time: 1788070585.673026, t: 0.003679 -0.018644 -0.001646 q: 0.698208 -0.715835 0.004460 0.008077 
time: 1788070585.706367, t: 0.003694 -0.018650 -0.001554 q: 0.698202 -0.715842 0.004473 0.008080 
time: 1788070585.739709, t: 0.003748 -0.018619 -0.001463 q: 0.698204 -0.715839 0.004450 0.008096 
time: 1788070585.773050, t: 0.003667 -0.018639 -0.001421 q: 0.698191 -0.715852 0.004460 0.008088 
time: 1788070585.806392, t: 0.003534 -0.018753 -0.001411 q: 0.698186 -0.715857 0.004427 0.008091 
time: 1788070585.839732, t: 0.003627 -0.018672 -0.001282 q: 0.698199 -0.715844 0.004458 0.008098 
time: 1788070585.873074, t: 0.003643 -0.018647 -0.001183 q: 0.698197 -0.715846 0.004441 0.008121 
time: 1788070585.906415, t: 0.003663 -0.018609 -0.001065 q: 0.698199 -0.715844 0.004407 0.008132 
time: 1788070585.939756, t: 0.003738 -0.018538 -0.000960 q: 0.698202 -0.715841 0.004416 0.008126 
time: 1788070585.973098, t: 0.003768 -0.018505 -0.000857 q: 0.698178 -0.715865 0.004403 0.008119 
time: 1788070586.006439, t: 0.003958 -0.018252 -0.000698 q: 0.698171 -0.715872 0.004428 0.008119 
time: 1788070586.039781, t: 0.003804 -0.018299 -0.000705 q: 0.698168 -0.715875 0.004400 0.008116 
time: 1788070586.073122, t: 0.003725 -0.018378 -0.000728 q: 0.698154 -0.715888 0.004395 0.008081 
time: 1788070586.106464, t: 0.003798 -0.018248 -0.000560 q: 0.698168 -0.715875 0.004416 0.008080 
time: 1788070586.139805, t: 0.003717 -0.018292 -0.000578 q: 0.698137 -0.715905 0.004420 0.008082 
time: 1788070586.173146, t: 0.003696 -0.018324 -0.000587 q: 0.698128 -0.715914 0.004417 0.008067 
time: 1788070586.206488, t: 0.003629 -0.018449 -0.000619 q: 0.698128 -0.715914 0.004433 0.008028 
time: 1788070586.239829, t: 0.003728 -0.018307 -0.000469 q: 0.698108 -0.715933 0.004437 0.008056 
time: 1788070586.273171, t: 0.003712 -0.018359 -0.000465 q: 0.698091 -0.715950 0.004445 0.008082 
time: 1788070586.306511, t: 0.003711 -0.018383 -0.000422 q: 0.698096 -0.715944 0.004432 0.008080 
time: 1788070586.339853, t: 0.003788 -0.018307 -0.000316 q: 0.698079 -0.715962 0.004411 0.008098 
time: 1788070586.373194, t: 0.003774 -0.018399 -0.000313 q: 0.698079 -0.715962 0.004399 0.008099 
time: 1788070586.406535, t: 0.003871 -0.018269 -0.000166 q: 0.698068 -0.715972 0.004384 0.008090 
time: 1788070586.439877, t: 0.003899 -0.018261 -0.000081 q: 0.698047 -0.715993 0.004335 0.008088 
time: 1788070586.473218, t: 0.003934 -0.018256 0.000010 q: 0.698058 -0.715983 0.004325 0.008078 
time: 1788070586.506560, t: 0.004023 -0.018182 0.000139 q: 0.698056 -0.715984 0.004319 0.008058 
time: 1788070586.539901, t: 0.003964 -0.018235 0.000206 q: 0.698057 -0.715984 0.004327 0.008039 
time: 1788070586.573242, t: 0.004108 -0.018100 0.000360 q: 0.698060 -0.715982 0.004298 0.008042 
time: 1788070586.606584, t: 0.004180 -0.018029 0.000479 q: 0.698052 -0.715989 0.004281 0.008076 
time: 1788070586.639926, t: 0.004243 -0.017960 0.000605 q: 0.698041 -0.715999 0.004284 0.008086 
time: 1788070586.673268, t: 0.004306 -0.017871 0.000735 q: 0.698043 -0.715997 0.004266 0.008103 
time: 1788070586.706609, t: 0.004265 -0.017883 0.000817 q: 0.698031 -0.716008 0.004266 0.008119 
time: 1788070586.739950, t: 0.004228 -0.017949 0.000864 q: 0.698037 -0.716003 0.004235 0.008090 
time: 1788070586.773292, t: 0.004292 -0.017784 0.001029 q: 0.698029 -0.716011 0.004244 0.008093 
time: 1788070586.806633, t: 0.004277 -0.017771 0.001095 q: 0.698026 -0.716015 0.004235 0.008089 
time: 1788070586.839975, t: 0.004336 -0.017641 0.001237 q: 0.698027 -0.716013 0.004240 0.008085 
time: 1788070586.873317, t: 0.004356 -0.017526 0.001366 q: 0.698014 -0.716026 0.004263 0.008079 
time: 1788070586.906659, t: 0.004308 -0.017525 0.001421 q: 0.697984 -0.716055 0.004261 0.008078 
time: 1788070586.940001, t: 0.004247 -0.017630 0.001447 q: 0.698005 -0.716035 0.004267 0.008059 
time: 1788070586.973342, t: 0.004279 -0.017379 0.001622 q: 0.698003 -0.716037 0.004244 0.008056 
time: 1788070587.006684, t: 0.004297 -0.017245 0.001749 q: 0.698007 -0.716033 0.004248 0.008061 
time: 1788070587.040026, t: 0.004328 -0.017098 0.001876 q: 0.698000 -0.716040 0.004263 0.008069 
time: 1788070587.073368, t: 0.004345 -0.016961 0.002000 q: 0.698008 -0.716031 0.004246 0.008075 
time: 1788070587.106709, t: 0.004369 -0.016816 0.002125 q: 0.698009 -0.716031 0.004219 0.008057 
time: 1788070587.140051, t: 0.004417 -0.016650 0.002258 q: 0.698001 -0.716039 0.004183 0.008067 
time: 1788070587.173392, t: 0.004434 -0.016479 0.002399 q: 0.698003 -0.716037 0.004205 0.008084 
time: 1788070587.206734, t: 0.004377 -0.016568 0.002367 q: 0.697982 -0.716057 0.004217 0.008096 
time: 1788070587.240076, t: 0.004396 -0.016371 0.002525 q: 0.697971 -0.716068 0.004220 0.008069 
time: 1788070587.273417, t: 0.004414 -0.016219 0.002638 q: 0.697972 -0.716068 0.004193 0.008064 
time: 1788070587.306759, t: 0.004437 -0.016057 0.002745 q: 0.697970 -0.716070 0.004186 0.008069 
time: 1788070587.340101, t: 0.004454 -0.015888 0.002853 q: 0.697979 -0.716061 0.004188 0.008062 
time: 1788070587.373443, t: 0.004620 -0.016516 0.002595 q: 0.697990 -0.716049 0.004192 0.008102 
time: 1788070587.406785, t: 0.004445 -0.015861 0.002874 q: 0.697962 -0.716077 0.004161 0.008084 
time: 1788070587.440126, t: 0.004428 -0.016116 0.002738 q: 0.697953 -0.716086 0.004170 0.008086 
time: 1788070587.473468, t: 0.004426 -0.016287 0.002691 q: 0.697934 -0.716104 0.004200 0.008136 
time: 1788070587.506810, t: 0.004408 -0.016665 0.002585 q: 0.697947 -0.716091 0.004220 0.008156 
time: 1788070587.540152, t: 0.004412 -0.016286 0.002731 q: 0.697929 -0.716108 0.004231 0.008163 
time: 1788070587.573494, t: 0.004402 -0.016491 0.002663 q: 0.697917 -0.716119 0.004269 0.008200 
time: 1788070587.606835, t: 0.004408 -0.016649 0.002621 q: 0.697923 -0.716112 0.004274 0.008217 
time: 1788070587.640176, t: 0.004421 -0.016419 0.002702 q: 0.697927 -0.716108 0.004264 0.008238 
time: 1788070587.673517, t: 0.004427 -0.016242 0.002759 q: 0.697909 -0.716126 0.004296 0.008248 
time: 1788070587.706859, t: 0.004429 -0.016071 0.002815 q: 0.697903 -0.716133 0.004272 0.008235 
time: 1788070587.740201, t: 0.004454 -0.015883 0.002870 q: 0.697897 -0.716137 0.004297 0.008264 
time: 1788070587.773543, t: 0.004468 -0.015698 0.002922 q: 0.697906 -0.716129 0.004294 0.008242 
time: 1788070587.806884, t: 0.004490 -0.015512 0.002972 q: 0.697917 -0.716119 0.004284 0.008245 
time: 1788070587.840226, t: 0.004524 -0.015322 0.003023 q: 0.697936 -0.716099 0.004273 0.008252 
time: 1788070587.873568, t: 0.004556 -0.015115 0.003082 q: 0.697920 -0.716115 0.004278 0.008275 
time: 1788070587.906909, t: 0.004557 -0.014909 0.003145 q: 0.697928 -0.716108 0.004262 0.008285 
time: 1788070587.940251, t: 0.004628 -0.014638 0.003216 q: 0.697924 -0.716112 0.004286 0.008268 
time: 1788070587.973593, t: 0.004655 -0.014423 0.003277 q: 0.697920 -0.716116 0.004263 0.008266 
time: 1788070588.006934, t: 0.004697 -0.014209 0.003334 q: 0.697952 -0.716084 0.004232 0.008293 
time: 1788070588.040276, t: 0.004736 -0.013992 0.003401 q: 0.697946 -0.716090 0.004215 0.008288 
time: 1788070588.073617, t: 0.005179 -0.016060 0.002850 q: 0.698012 -0.716024 0.004259 0.008366 
time: 1788070588.106958, t: 0.005021 -0.014158 0.003361 q: 0.697957 -0.716079 0.004228 0.008323 
time: 1788070588.140300, t: 0.005054 -0.014838 0.003259 q: 0.697975 -0.716061 0.004232 0.008344 
time: 1788070588.173642, t: 0.005101 -0.015273 0.003205 q: 0.698020 -0.716017 0.004232 0.008365 
time: 1788070588.206983, t: 0.005160 -0.014946 0.003278 q: 0.698001 -0.716035 0.004256 0.008394 
time: 1788070588.240325, t: 0.005169 -0.015585 0.003164 q: 0.698034 -0.716002 0.004268 0.008428 
time: 1788070588.273667, t: 0.005245 -0.015081 0.003273 q: 0.698029 -0.716007 0.004255 0.008439 
time: 1788070588.307009, t: 0.005225 -0.015520 0.003206 q: 0.698058 -0.715978 0.004264 0.008444 
time: 1788070588.340350, t: 0.005269 -0.015263 0.003268 q: 0.698039 -0.715997 0.004253 0.008454 
time: 1788070588.373692, t: 0.005232 -0.015700 0.003203 q: 0.698057 -0.715980 0.004241 0.008444 
time: 1788070588.407034, t: 0.005305 -0.015437 0.003262 q: 0.698079 -0.715959 0.004216 0.008445 
time: 1788070588.440376, t: 0.005211 -0.016009 0.003145 q: 0.698121 -0.715917 0.004214 0.008439 
time: 1788070588.473717, t: 0.005322 -0.015606 0.003236 q: 0.698096 -0.715942 0.004231 0.008430 
time: 1788070588.507058, t: 0.005296 -0.015936 0.003166 q: 0.698122 -0.715917 0.004220 0.008419 
time: 1788070588.540400, t: 0.005354 -0.015735 0.003214 q: 0.698112 -0.715927 0.004223 0.008428 
time: 1788070588.573741, t: 0.005343 -0.015658 0.003243 q: 0.698107 -0.715932 0.004210 0.008428 
time: 1788070588.607082, t: 0.005389 -0.015525 0.003270 q: 0.698109 -0.715930 0.004207 0.008440 
time: 1788070588.640423, t: 0.005327 -0.015646 0.003264 q: 0.698128 -0.715911 0.004196 0.008417 
time: 1788070588.673764, t: 0.005392 -0.015439 0.003301 q: 0.698136 -0.715904 0.004161 0.008395 
time: 1788070588.707104, t: 0.005326 -0.015703 0.003265 q: 0.698175 -0.715866 0.004162 0.008383 
time: 1788070588.740445, t: 0.005368 -0.015402 0.003325 q: 0.698149 -0.715891 0.004161 0.008382 
time: 1788070588.773786, t: 0.005179 -0.015743 0.003285 q: 0.698185 -0.715856 0.004153 0.008365 
time: 1788070588.807127, t: 0.005115 -0.015925 0.003271 q: 0.698199 -0.715842 0.004142 0.008372 
time: 1788070588.840467, t: 0.005134 -0.015814 0.003309 q: 0.698201 -0.715841 0.004126 0.008364 
time: 1788070588.873808, t: 0.005121 -0.016003 0.003287 q: 0.698211 -0.715831 0.004116 0.008361 
time: 1788070588.907148, t: 0.005138 -0.015810 0.003348 q: 0.698205 -0.715837 0.004111 0.008402 
time: 1788070588.940489, t: 0.005115 -0.015905 0.003355 q: 0.698205 -0.715837 0.004082 0.008423 
time: 1788070588.973829, t: 0.005111 -0.015954 0.003367 q: 0.698217 -0.715825 0.004085 0.008409 
time: 1788070589.007169, t: 0.005158 -0.015815 0.003406 q: 0.698221 -0.715821 0.004092 0.008421 
time: 1788070589.040510, t: 0.005210 -0.015695 0.003444 q: 0.698220 -0.715822 0.004097 0.008447 
time: 1788070589.073851, t: 0.005212 -0.015892 0.003430 q: 0.698245 -0.715798 0.004094 0.008404 
time: 1788070589.107191, t: 0.005247 -0.015658 0.003495 q: 0.698241 -0.715802 0.004075 0.008387 
time: 1788070589.140532, t: 0.005272 -0.015667 0.003510 q: 0.698259 -0.715785 0.004080 0.008371 
time: 1788070589.173872, t: 0.005319 -0.015539 0.003560 q: 0.698254 -0.715789 0.004108 0.008364 
time: 1788070589.207213, t: 0.005321 -0.015563 0.003582 q: 0.698247 -0.715797 0.004109 0.008343 
time: 1788070589.240554, t: 0.005378 -0.015441 0.003629 q: 0.698260 -0.715784 0.004097 0.008341 
time: 1788070589.273894, t: 0.005360 -0.015511 0.003638 q: 0.698245 -0.715799 0.004066 0.008333 
time: 1788070589.307235, t: 0.005369 -0.015425 0.003703 q: 0.698249 -0.715795 0.004054 0.008336 
time: 1788070589.340576, t: 0.005319 -0.015527 0.003724 q: 0.698261 -0.715784 0.004052 0.008307 
time: 1788070589.373916, t: 0.005369 -0.015414 0.003777 q: 0.698232 -0.715812 0.004055 0.008302 
time: 1788070589.407256, t: 0.005400 -0.015337 0.003823 q: 0.698225 -0.715818 0.004100 0.008304 
time: 1788070589.440596, t: 0.005440 -0.015258 0.003867 q: 0.698216 -0.715827 0.004074 0.008303 
time: 1788070589.473937, t: 0.005354 -0.015443 0.003867 q: 0.698215 -0.715829 0.004058 0.008306 
time: 1788070589.507277, t: 0.005424 -0.015288 0.003911 q: 0.698199 -0.715844 0.004055 0.008322 
time: 1788070589.540618, t: 0.005460 -0.015203 0.003941 q: 0.698204 -0.715839 0.004049 0.008332 
time: 1788070589.573958, t: 0.005506 -0.015119 0.003980 q: 0.698207 -0.715836 0.004034 0.008325 
time: 1788070589.607300, t: 0.005520 -0.015041 0.004021 q: 0.698193 -0.715850 0.004012 0.008341 
time: 1788070589.640642, t: 0.005471 -0.015002 0.004065 q: 0.698211 -0.715832 0.004007 0.008287 
time: 1788070589.673983, t: 0.005453 -0.014932 0.004105 q: 0.698213 -0.715830 0.004011 0.008314 
time: 1788070589.707325, t: 0.005491 -0.014845 0.004139 q: 0.698212 -0.715832 0.003984 0.008323 
time: 1788070589.740666, t: 0.005512 -0.014761 0.004179 q: 0.698215 -0.715829 0.003985 0.008347 
time: 1788070589.774008, t: 0.005433 -0.015634 0.004017 q: 0.698268 -0.715777 0.003973 0.008309 
time: 1788070589.807349, t: 0.005365 -0.015086 0.004174 q: 0.698231 -0.715813 0.003981 0.008280 
time: 1788070589.840690, t: 0.005231 -0.015505 0.004101 q: 0.698229 -0.715815 0.003969 0.008290 
time: 1788070589.874032, t: 0.005295 -0.015314 0.004153 q: 0.698215 -0.715829 0.004010 0.008307 
time: 1788070589.907373, t: 0.005193 -0.015645 0.004093 q: 0.698227 -0.715817 0.003983 0.008331 
time: 1788070589.940715, t: 0.005164 -0.015608 0.004141 q: 0.698218 -0.715826 0.003958 0.008330 
time: 1788070589.974056, t: 0.005157 -0.015575 0.004179 q: 0.698228 -0.715816 0.003932 0.008329 
time: 1788070590.007398, t: 0.005174 -0.015970 0.004123 q: 0.698251 -0.715793 0.003980 0.008377 
time: 1788070590.040739, t: 0.005064 -0.015779 0.004214 q: 0.698241 -0.715803 0.003989 0.008350 
time: 1788070590.074081, t: 0.005032 -0.016040 0.004185 q: 0.698252 -0.715792 0.004024 0.008357 
time: 1788070590.107422, t: 0.005041 -0.015951 0.004235 q: 0.698249 -0.715795 0.004013 0.008361 
time: 1788070590.140764, t: 0.005043 -0.016140 0.004205 q: 0.698252 -0.715792 0.004007 0.008350 
time: 1788070590.174105, t: 0.005031 -0.016099 0.004257 q: 0.698230 -0.715814 0.003980 0.008308 
time: 1788070590.207447, t: 0.005038 -0.016295 0.004215 q: 0.698229 -0.715815 0.003989 0.008323 
time: 1788070590.240788, t: 0.005009 -0.016223 0.004279 q: 0.698226 -0.715818 0.003972 0.008321 
time: 1788070590.274130, t: 0.005061 -0.016324 0.004265 q: 0.698221 -0.715823 0.003965 0.008317 
time: 1788070590.307471, t: 0.005093 -0.016352 0.004279 q: 0.698212 -0.715831 0.003951 0.008339 
time: 1788070590.340812, t: 0.005116 -0.016391 0.004287 q: 0.698234 -0.715810 0.003955 0.008334 
time: 1788070590.374154, t: 0.005126 -0.016364 0.004321 q: 0.698222 -0.715822 0.003961 0.008345 
time: 1788070590.407495, t: 0.005158 -0.016377 0.004334 q: 0.698212 -0.715832 0.003942 0.008367 
time: 1788070590.440837, t: 0.005169 -0.016387 0.004345 q: 0.698204 -0.715840 0.003940 0.008368 
time: 1788070590.474178, t: 0.005166 -0.016368 0.004369 q: 0.698181 -0.715861 0.003947 0.008355 
time: 1788070590.507519, t: 0.005173 -0.016351 0.004390 q: 0.698169 -0.715873 0.003951 0.008384 
time: 1788070590.540861, t: 0.005195 -0.016318 0.004403 q: 0.698170 -0.715872 0.003955 0.008397 
time: 1788070590.574203, t: 0.005199 -0.016302 0.004415 q: 0.698150 -0.715891 0.003949 0.008412 
time: 1788070590.607545, t: 0.005210 -0.016274 0.004422 q: 0.698152 -0.715890 0.003962 0.008412 
time: 1788070590.640887, t: 0.005269 -0.016321 0.004397 q: 0.698162 -0.715880 0.003968 0.008403 
time: 1788070590.674229, t: 0.005196 -0.016282 0.004422 q: 0.698141 -0.715900 0.003969 0.008392 
time: 1788070590.707571, t: 0.005218 -0.016309 0.004414 q: 0.698124 -0.715916 0.004003 0.008393 
time: 1788070590.740912, t: 0.005224 -0.016337 0.004405 q: 0.698132 -0.715908 0.004020 0.008427 
time: 1788070590.774254, t: 0.005219 -0.016304 0.004394 q: 0.698125 -0.715915 0.004041 0.008427 
time: 1788070590.807596, t: 0.005207 -0.016270 0.004385 q: 0.698126 -0.715914 0.004066 0.008406 
time: 1788070590.840938, t: 0.005195 -0.016225 0.004378 q: 0.698130 -0.715910 0.004065 0.008412 
time: 1788070590.874280, t: 0.005183 -0.016173 0.004368 q: 0.698141 -0.715900 0.004058 0.008380 
time: 1788070590.907623, t: 0.005175 -0.016113 0.004359 q: 0.698127 -0.715914 0.004061 0.008389 
time: 1788070590.940965, t: 0.005173 -0.016051 0.004347 q: 0.698120 -0.715920 0.004064 0.008372 
time: 1788070590.974307, t: 0.005160 -0.015997 0.004335 q: 0.698124 -0.715916 0.004080 0.008391 
time: 1788070591.007649, t: 0.005135 -0.015946 0.004325 q: 0.698135 -0.715905 0.004095 0.008385 
time: 1788070591.040991, t: 0.005130 -0.015889 0.004315 q: 0.698141 -0.715900 0.004103 0.008390 
time: 1788070591.074333, t: 0.005152 -0.015809 0.004306 q: 0.698149 -0.715892 0.004110 0.008409 
time: 1788070591.107675, t: 0.005110 -0.015741 0.004289 q: 0.698141 -0.715899 0.004115 0.008392 
time: 1788070591.141018, t: 0.005247 -0.016523 0.004279 q: 0.698163 -0.715878 0.004131 0.008415 
time: 1788070591.174359, t: 0.005119 -0.015751 0.004266 q: 0.698127 -0.715913 0.004115 0.008401 
time: 1788070591.207701, t: 0.005091 -0.015988 0.004260 q: 0.698143 -0.715898 0.004075 0.008388 
time: 1788070591.241043, t: 0.005129 -0.015845 0.004233 q: 0.698160 -0.715880 0.004076 0.008405 
time: 1788070591.274385, t: 0.005113 -0.016073 0.004228 q: 0.698162 -0.715879 0.004070 0.008391 
time: 1788070591.307728, t: 0.005131 -0.016240 0.004231 q: 0.698174 -0.715867 0.004064 0.008371 
time: 1788070591.341070, t: 0.005134 -0.016140 0.004217 q: 0.698163 -0.715878 0.004062 0.008381 
time: 1788070591.374412, t: 0.005134 -0.016090 0.004196 q: 0.698166 -0.715875 0.004073 0.008398 
time: 1788070591.407754, t: 0.005133 -0.016062 0.004167 q: 0.698172 -0.715869 0.004075 0.008403 
time: 1788070591.441097, t: 0.005129 -0.016246 0.004167 q: 0.698192 -0.715849 0.004052 0.008441 
time: 1788070591.474439, t: 0.005153 -0.016148 0.004133 q: 0.698190 -0.715851 0.004047 0.008476 
time: 1788070591.507781, t: 0.005177 -0.016273 0.004146 q: 0.698197 -0.715844 0.004037 0.008495 
time: 1788070591.541123, t: 0.005166 -0.016195 0.004096 q: 0.698197 -0.715844 0.004044 0.008499 
time: 1788070591.574466, t: 0.005164 -0.016343 0.004082 q: 0.698225 -0.715816 0.004053 0.008513 
time: 1788070591.607807, t: 0.005145 -0.016405 0.004112 q: 0.698233 -0.715808 0.004047 0.008494 
time: 1788070591.641147, t: 0.005116 -0.016433 0.004102 q: 0.698252 -0.715790 0.004030 0.008455 
time: 1788070591.674488, t: 0.005134 -0.016364 0.004055 q: 0.698249 -0.715793 0.004061 0.008445 
time: 1788070591.707829, t: 0.005109 -0.016384 0.004041 q: 0.698241 -0.715801 0.004070 0.008449 
time: 1788070591.741171, t: 0.005080 -0.016401 0.004018 q: 0.698252 -0.715790 0.004044 0.008477 
time: 1788070591.774512, t: 0.005164 -0.016363 0.003948 q: 0.698257 -0.715786 0.004056 0.008470 
time: 1788070591.807853, t: 0.005195 -0.016336 0.003916 q: 0.698259 -0.715783 0.004077 0.008489 
time: 1788070591.841195, t: 0.005217 -0.016352 0.003860 q: 0.698275 -0.715768 0.004067 0.008487 
time: 1788070591.874536, t: 0.005247 -0.016361 0.003822 q: 0.698256 -0.715787 0.004061 0.008498 
time: 1788070591.907877, t: 0.005263 -0.016367 0.003783 q: 0.698238 -0.715804 0.004038 0.008496 
time: 1788070591.941218, t: 0.005296 -0.016335 0.003740 q: 0.698222 -0.715819 0.004018 0.008515 
time: 1788070591.974559, t: 0.005310 -0.016436 0.003706 q: 0.698238 -0.715804 0.004014 0.008508 
time: 1788070592.007901, t: 0.005322 -0.016311 0.003669 q: 0.698225 -0.715816 0.004009 0.008505 
time: 1788070592.041242, t: 0.005319 -0.016328 0.003641 q: 0.698230 -0.715812 0.003959 0.008505 
time: 1788070592.074582, t: 0.005311 -0.016347 0.003612 q: 0.698230 -0.715812 0.003934 0.008521 
time: 1788070592.107923, t: 0.005334 -0.016302 0.003575 q: 0.698227 -0.715815 0.003943 0.008542 
time: 1788070592.141264, t: 0.005334 -0.016334 0.003551 q: 0.698232 -0.715810 0.003892 0.008543 
time: 1788070592.174606, t: 0.005355 -0.016251 0.003528 q: 0.698207 -0.715833 0.003919 0.008569 
time: 1788070592.207947, t: 0.005387 -0.016260 0.003522 q: 0.698226 -0.715816 0.003911 0.008594 
time: 1788070592.241288, t: 0.005411 -0.016253 0.003513 q: 0.698233 -0.715808 0.003922 0.008606 
time: 1788070592.274629, t: 0.005441 -0.016274 0.003505 q: 0.698238 -0.715803 0.003919 0.008596 
time: 1788070592.307970, t: 0.005457 -0.016207 0.003495 q: 0.698227 -0.715814 0.003935 0.008588 
time: 1788070592.341311, t: 0.005482 -0.016223 0.003501 q: 0.698235 -0.715807 0.003931 0.008578 
time: 1788070592.374653, t: 0.005499 -0.016226 0.003507 q: 0.698238 -0.715803 0.003916 0.008602 
time: 1788070592.407994, t: 0.005526 -0.016171 0.003501 q: 0.698223 -0.715818 0.003903 0.008590 
time: 1788070592.441335, t: 0.005560 -0.016219 0.003498 q: 0.698249 -0.715793 0.003892 0.008627 
time: 1788070592.474676, t: 0.005577 -0.016142 0.003503 q: 0.698252 -0.715789 0.003881 0.008655 
time: 1788070592.508016, t: 0.005614 -0.016167 0.003512 q: 0.698255 -0.715786 0.003881 0.008675 
time: 1788070592.541358, t: 0.005637 -0.016183 0.003523 q: 0.698269 -0.715772 0.003860 0.008674 
time: 1788070592.574698, t: 0.005649 -0.016224 0.003522 q: 0.698287 -0.715755 0.003853 0.008670 
time: 1788070592.608041, t: 0.005680 -0.016165 0.003525 q: 0.698278 -0.715763 0.003835 0.008688 
time: 1788070592.641384, t: 0.005696 -0.016188 0.003522 q: 0.698284 -0.715758 0.003849 0.008686 
time: 1788070592.674727, t: 0.005710 -0.016223 0.003517 q: 0.698277 -0.715765 0.003871 0.008689 
time: 1788070592.708071, t: 0.005741 -0.016200 0.003512 q: 0.698270 -0.715772 0.003865 0.008686 
time: 1788070592.741414, t: 0.005772 -0.016178 0.003505 q: 0.698257 -0.715784 0.003856 0.008687 
time: 1788070592.774757, t: 0.005766 -0.016243 0.003484 q: 0.698261 -0.715779 0.003861 0.008709 
time: 1788070592.808100, t: 0.005841 -0.016184 0.003485 q: 0.698267 -0.715774 0.003853 0.008698 
time: 1788070592.841443, t: 0.005869 -0.016224 0.003482 q: 0.698264 -0.715777 0.003858 0.008706 
time: 1788070592.874786, t: 0.005922 -0.016195 0.003469 q: 0.698262 -0.715779 0.003858 0.008680 
time: 1788070592.908130, t: 0.005923 -0.016243 0.003453 q: 0.698248 -0.715793 0.003838 0.008685 
time: 1788070592.941473, t: 0.005979 -0.016208 0.003442 q: 0.698252 -0.715789 0.003845 0.008706 
time: 1788070592.974815, t: 0.006022 -0.016189 0.003420 q: 0.698250 -0.715790 0.003861 0.008740 
time: 1788070593.008158, t: 0.005976 -0.016229 0.003391 q: 0.698256 -0.715785 0.003860 0.008748 
time: 1788070593.041502, t: 0.006050 -0.016217 0.003368 q: 0.698258 -0.715782 0.003870 0.008780 
time: 1788070593.074845, t: 0.005990 -0.016291 0.003348 q: 0.698272 -0.715769 0.003853 0.008759 
time: 1788070593.108188, t: 0.006037 -0.016268 0.003315 q: 0.698271 -0.715769 0.003842 0.008746 
time: 1788070593.141532, t: 0.005978 -0.016346 0.003289 q: 0.698270 -0.715771 0.003814 0.008736 
time: 1788070593.174875, t: 0.006038 -0.016320 0.003248 q: 0.698282 -0.715759 0.003785 0.008764 
time: 1788070593.208219, t: 0.006077 -0.016310 0.003207 q: 0.698265 -0.715776 0.003781 0.008740 
time: 1788070593.241562, t: 0.006096 -0.016309 0.003174 q: 0.698260 -0.715781 0.003780 0.008722 
time: 1788070593.274906, t: 0.006119 -0.016298 0.003155 q: 0.698272 -0.715770 0.003774 0.008725 
time: 1788070593.308249, t: 0.006143 -0.016285 0.003140 q: 0.698274 -0.715768 0.003771 0.008712 
time: 1788070593.341593, t: 0.006162 -0.016275 0.003127 q: 0.698262 -0.715780 0.003784 0.008698 
time: 1788070593.374936, t: 0.006193 -0.016271 0.003119 q: 0.698253 -0.715788 0.003776 0.008739 
time: 1788070593.408279, t: 0.006237 -0.016259 0.003104 q: 0.698272 -0.715769 0.003769 0.008761 
time: 1788070593.441622, t: 0.006270 -0.016235 0.003092 q: 0.698281 -0.715761 0.003745 0.008742 
time: 1788070593.474966, t: 0.006292 -0.016219 0.003083 q: 0.698275 -0.715767 0.003727 0.008742 
time: 1788070593.508310, t: 0.006291 -0.016222 0.003074 q: 0.698255 -0.715786 0.003735 0.008722 
time: 1788070593.541653, t: 0.006298 -0.016229 0.003067 q: 0.698236 -0.715805 0.003718 0.008733 
time: 1788070593.574997, t: 0.006316 -0.016220 0.003053 q: 0.698246 -0.715795 0.003731 0.008742 
time: 1788070593.608341, t: 0.006323 -0.016218 0.003034 q: 0.698226 -0.715814 0.003742 0.008786 
time: 1788070593.641685, t: 0.006349 -0.016211 0.003012 q: 0.698237 -0.715803 0.003713 0.008791 
time: 1788070593.675030, t: 0.006377 -0.016198 0.002981 q: 0.698237 -0.715803 0.003723 0.008830 
time: 1788070593.708374, t: 0.006377 -0.016193 0.002947 q: 0.698239 -0.715800 0.003725 0.008839 
time: 1788070593.741719, t: 0.006398 -0.016186 0.002903 q: 0.698238 -0.715801 0.003709 0.008846 
time: 1788070593.775063, t: 0.006406 -0.016171 0.002858 q: 0.698243 -0.715796 0.003720 0.008844 
time: 1788070593.808408, t: 0.006393 -0.016183 0.002814 q: 0.698237 -0.715803 0.003707 0.008851 
time: 1788070593.841751, t: 0.006378 -0.016208 0.002768 q: 0.698249 -0.715791 0.003706 0.008833 
time: 1788070593.875096, t: 0.006389 -0.016217 0.002719 q: 0.698241 -0.715799 0.003701 0.008854 
time: 1788070593.908440, t: 0.006380 -0.016222 0.002666 q: 0.698252 -0.715788 0.003718 0.008824 
time: 1788070593.941785, t: 0.006327 -0.016215 0.002613 q: 0.698251 -0.715789 0.003734 0.008832 
time: 1788070593.975129, t: 0.005972 -0.016257 0.002843 q: 0.698266 -0.715775 0.003730 0.008785 
time: 1788070594.008474, t: 0.006120 -0.016469 0.002622 q: 0.698245 -0.715795 0.003743 0.008815 
time: 1788070594.041818, t: 0.005971 -0.016634 0.002749 q: 0.698254 -0.715786 0.003733 0.008800 
time: 1788070594.075163, t: 0.005975 -0.016674 0.002628 q: 0.698234 -0.715806 0.003753 0.008807 
time: 1788070594.108508, t: 0.005906 -0.016743 0.002733 q: 0.698265 -0.715775 0.003777 0.008783 
time: 1788070594.141852, t: 0.005854 -0.016758 0.002787 q: 0.698283 -0.715758 0.003793 0.008766 
time: 1788070594.175197, t: 0.005851 -0.016739 0.002689 q: 0.698269 -0.715772 0.003789 0.008758 
time: 1788070594.208541, t: 0.005810 -0.016762 0.002747 q: 0.698281 -0.715760 0.003793 0.008754 
time: 1788070594.241886, t: 0.005823 -0.016767 0.002635 q: 0.698287 -0.715754 0.003791 0.008780 
time: 1788070594.275231, t: 0.005824 -0.016770 0.002662 q: 0.698293 -0.715748 0.003790 0.008817 
time: 1788070594.308575, t: 0.005822 -0.016799 0.002668 q: 0.698310 -0.715731 0.003804 0.008829 
time: 1788070594.341919, t: 0.005830 -0.016799 0.002564 q: 0.698301 -0.715740 0.003775 0.008858 
time: 1788070594.375264, t: 0.005842 -0.016828 0.002577 q: 0.698297 -0.715743 0.003773 0.008860 
time: 1788070594.408609, t: 0.005847 -0.016851 0.002460 q: 0.698290 -0.715751 0.003754 0.008849 
time: 1788070594.441954, t: 0.005872 -0.016891 0.002388 q: 0.698286 -0.715754 0.003736 0.008849 
time: 1788070594.475298, t: 0.005897 -0.016931 0.002318 q: 0.698308 -0.715733 0.003762 0.008853 
time: 1788070594.508643, t: 0.005899 -0.016948 0.002217 q: 0.698309 -0.715732 0.003764 0.008866 
time: 1788070594.541988, t: 0.005922 -0.016974 0.002149 q: 0.698325 -0.715716 0.003739 0.008855 
time: 1788070594.575333, t: 0.005951 -0.017014 0.002077 q: 0.698327 -0.715714 0.003749 0.008857 
time: 1788070594.608675, t: 0.005973 -0.017044 0.002006 q: 0.698331 -0.715710 0.003784 0.008849 
time: 1788070594.642018, t: 0.006012 -0.017072 0.001915 q: 0.698331 -0.715710 0.003785 0.008845 
time: 1788070594.675361, t: 0.006035 -0.017111 0.001854 q: 0.698324 -0.715717 0.003787 0.008852 
time: 1788070594.708704, t: 0.006040 -0.017160 0.001800 q: 0.698335 -0.715706 0.003791 0.008868 
time: 1788070594.742045, t: 0.006042 -0.017206 0.001738 q: 0.698345 -0.715696 0.003768 0.008869 
time: 1788070594.775388, t: 0.006077 -0.017267 0.001650 q: 0.698330 -0.715711 0.003800 0.008869 
time: 1788070594.808731, t: 0.006079 -0.017320 0.001591 q: 0.698350 -0.715691 0.003788 0.008849 
time: 1788070594.842074, t: 0.006087 -0.017369 0.001537 q: 0.698367 -0.715675 0.003768 0.008874 
time: 1788070594.875417, t: 0.006093 -0.017415 0.001483 q: 0.698371 -0.715671 0.003757 0.008866 
time: 1788070594.908759, t: 0.006157 -0.017493 0.001412 q: 0.698382 -0.715660 0.003750 0.008860 
time: 1788070594.942102, t: 0.006172 -0.017548 0.001360 q: 0.698384 -0.715658 0.003744 0.008863 
time: 1788070594.975445, t: 0.006180 -0.017597 0.001306 q: 0.698386 -0.715657 0.003736 0.008853 
time: 1788070595.008788, t: 0.006230 -0.017671 0.001222 q: 0.698392 -0.715651 0.003734 0.008848 
time: 1788070595.042131, t: 0.006187 -0.017681 0.001158 q: 0.698390 -0.715653 0.003711 0.008858 
time: 1788070595.075473, t: 0.006296 -0.017808 0.001064 q: 0.698384 -0.715658 0.003708 0.008872 
time: 1788070595.108816, t: 0.006293 -0.017879 0.000996 q: 0.698394 -0.715649 0.003704 0.008828 
time: 1788070595.142159, t: 0.006341 -0.017964 0.000905 q: 0.698392 -0.715652 0.003727 0.008831 
time: 1788070595.175501, t: 0.006312 -0.018012 0.000850 q: 0.698385 -0.715658 0.003707 0.008844 
time: 1788070595.208844, t: 0.006361 -0.018112 0.000756 q: 0.698385 -0.715657 0.003735 0.008850 
time: 1788070595.242187, t: 0.006255 -0.018090 0.000700 q: 0.698383 -0.715660 0.003714 0.008817 
time: 1788070595.275530, t: 0.006336 -0.018263 0.000595 q: 0.698394 -0.715649 0.003718 0.008816 
time: 1788070595.308872, t: 0.006274 -0.018302 0.000541 q: 0.698386 -0.715657 0.003710 0.008824 
time: 1788070595.342216, t: 0.006311 -0.018398 0.000444 q: 0.698393 -0.715651 0.003712 0.008825 
time: 1788070595.375558, t: 0.006241 -0.018424 0.000402 q: 0.698391 -0.715653 0.003715 0.008840 
time: 1788070595.408901, t: 0.006256 -0.018549 0.000299 q: 0.698411 -0.715633 0.003713 0.008817 
time: 1788070595.442244, t: 0.006262 -0.018647 0.000213 q: 0.698399 -0.715644 0.003718 0.008841 
time: 1788070595.475587, t: 0.006139 -0.018551 0.000205 q: 0.698393 -0.715651 0.003713 0.008825 
time: 1788070595.508930, t: 0.006194 -0.018803 0.000110 q: 0.698424 -0.715620 0.003725 0.008823 
time: 1788070595.542273, t: 0.006202 -0.018912 0.000039 q: 0.698425 -0.715619 0.003736 0.008831 
time: 1788070595.575616, t: 0.006108 -0.018897 0.000051 q: 0.698445 -0.715599 0.003703 0.008814 
time: 1788070595.608958, t: 0.006132 -0.019059 -0.000041 q: 0.698442 -0.715603 0.003705 0.008821 
time: 1788070595.642298, t: 0.006145 -0.019165 -0.000105 q: 0.698460 -0.715585 0.003681 0.008821 
time: 1788070595.675639, t: 0.006158 -0.019274 -0.000166 q: 0.698448 -0.715598 0.003668 0.008805 
time: 1788070595.708980, t: 0.005986 -0.018941 -0.000110 q: 0.698446 -0.715600 0.003662 0.008764 
time: 1788070595.742321, t: 0.006073 -0.019344 -0.000216 q: 0.698468 -0.715578 0.003608 0.008757 
time: 1788070595.775663, t: 0.006014 -0.019203 -0.000169 q: 0.698482 -0.715565 0.003589 0.008737 
time: 1788070595.809004, t: 0.006005 -0.019383 -0.000244 q: 0.698479 -0.715569 0.003570 0.008741 
time: 1788070595.842345, t: 0.005962 -0.019265 -0.000207 q: 0.698476 -0.715571 0.003573 0.008736 
time: 1788070595.875686, t: 0.005921 -0.019164 -0.000183 q: 0.698476 -0.715571 0.003544 0.008733 
time: 1788070595.909027, t: 0.005899 -0.019325 -0.000228 q: 0.698480 -0.715567 0.003568 0.008728 
time: 1788070595.942369, t: 0.005904 -0.019213 -0.000203 q: 0.698481 -0.715567 0.003567 0.008747 
time: 1788070595.975709, t: 0.005870 -0.019366 -0.000254 q: 0.698477 -0.715570 0.003546 0.008761 
time: 1788070596.009051, t: 0.005872 -0.019273 -0.000240 q: 0.698459 -0.715588 0.003570 0.008773 
time: 1788070596.042392, t: 0.005883 -0.019213 -0.000239 q: 0.698439 -0.715606 0.003582 0.008786 
time: 1788070596.075732, t: 0.005822 -0.019376 -0.000284 q: 0.698442 -0.715604 0.003619 0.008787 
time: 1788070596.109073, t: 0.005837 -0.019361 -0.000290 q: 0.698439 -0.715606 0.003587 0.008779 
time: 1788070596.142414, t: 0.005790 -0.019509 -0.000337 q: 0.698439 -0.715606 0.003595 0.008834 
time: 1788070596.175755, t: 0.005802 -0.019541 -0.000354 q: 0.698443 -0.715602 0.003604 0.008862 
time: 1788070596.209096, t: 0.005820 -0.019563 -0.000367 q: 0.698436 -0.715609 0.003590 0.008862 
time: 1788070596.242437, t: 0.005777 -0.019696 -0.000389 q: 0.698434 -0.715611 0.003603 0.008851 
time: 1788070596.275779, t: 0.005805 -0.019721 -0.000381 q: 0.698430 -0.715614 0.003638 0.008850 
time: 1788070596.309120, t: 0.005772 -0.019822 -0.000388 q: 0.698418 -0.715627 0.003639 0.008852 
time: 1788070596.342461, t: 0.005768 -0.019886 -0.000387 q: 0.698451 -0.715594 0.003651 0.008827 
time: 1788070596.375802, t: 0.005721 -0.020015 -0.000403 q: 0.698440 -0.715605 0.003658 0.008821 
time: 1788070596.409143, t: 0.005689 -0.020121 -0.000418 q: 0.698433 -0.715612 0.003649 0.008824 
time: 1788070596.442484, t: 0.005662 -0.020222 -0.000432 q: 0.698422 -0.715623 0.003638 0.008812 
time: 1788070596.475825, t: 0.005641 -0.020330 -0.000442 q: 0.698420 -0.715624 0.003646 0.008825 
time: 1788070596.509165, t: 0.005621 -0.020439 -0.000444 q: 0.698420 -0.715624 0.003662 0.008848 
time: 1788070596.542506, t: 0.005597 -0.020544 -0.000445 q: 0.698425 -0.715620 0.003663 0.008840 
time: 1788070596.575847, t: 0.005589 -0.020643 -0.000446 q: 0.698424 -0.715620 0.003655 0.008873 
time: 1788070596.609189, t: 0.005590 -0.020748 -0.000445 q: 0.698421 -0.715623 0.003657 0.008884 
time: 1788070596.642531, t: 0.005575 -0.020285 -0.000395 q: 0.698359 -0.715683 0.003675 0.008888 
time: 1788070596.675873, t: 0.005667 -0.020777 -0.000391 q: 0.698359 -0.715683 0.003668 0.008915 
time: 1788070596.709215, t: 0.005801 -0.020600 -0.000330 q: 0.698320 -0.715721 0.003678 0.008933 
time: 1788070596.742558, t: 0.005863 -0.020459 -0.000286 q: 0.698320 -0.715721 0.003672 0.008928 
time: 1788070596.775900, t: 0.005845 -0.020588 -0.000288 q: 0.698332 -0.715709 0.003706 0.008938 
time: 1788070596.809242, t: 0.005882 -0.020367 -0.000249 q: 0.698311 -0.715729 0.003686 0.008946 
time: 1788070596.842584, t: 0.005918 -0.020531 -0.000235 q: 0.698302 -0.715738 0.003686 0.008952 
time: 1788070596.875926, t: 0.005971 -0.020402 -0.000189 q: 0.698280 -0.715759 0.003687 0.008955 
time: 1788070596.909268, t: 0.005973 -0.020547 -0.000188 q: 0.698259 -0.715780 0.003657 0.008973 
time: 1788070596.942610, t: 0.006004 -0.020452 -0.000154 q: 0.698260 -0.715779 0.003664 0.008963 
time: 1788070596.975951, t: 0.005968 -0.020495 -0.000133 q: 0.698259 -0.715780 0.003657 0.008943 
time: 1788070597.009294, t: 0.005969 -0.020637 -0.000134 q: 0.698258 -0.715781 0.003670 0.008916 
time: 1788070597.042636, t: 0.005928 -0.020492 -0.000114 q: 0.698258 -0.715781 0.003669 0.008910 
time: 1788070597.075978, t: 0.005969 -0.020653 -0.000106 q: 0.698247 -0.715792 0.003692 0.008913 
time: 1788070597.109320, t: 0.005972 -0.020576 -0.000090 q: 0.698238 -0.715801 0.003725 0.008916 
time: 1788070597.142662, t: 0.005977 -0.020685 -0.000108 q: 0.698224 -0.715814 0.003723 0.008921 
time: 1788070597.176004, t: 0.005950 -0.020705 -0.000118 q: 0.698231 -0.715807 0.003731 0.008924 
time: 1788070597.209347, t: 0.005952 -0.020780 -0.000142 q: 0.698236 -0.715802 0.003730 0.008948 
time: 1788070597.242688, t: 0.005909 -0.020765 -0.000140 q: 0.698249 -0.715790 0.003737 0.008962 
time: 1788070597.276031, t: 0.005932 -0.020845 -0.000155 q: 0.698247 -0.715791 0.003750 0.008970 
time: 1788070597.309373, t: 0.005933 -0.020892 -0.000169 q: 0.698221 -0.715816 0.003754 0.008974 
time: 1788070597.342715, t: 0.005936 -0.020933 -0.000186 q: 0.698215 -0.715822 0.003725 0.008997 
time: 1788070597.376057, t: 0.005951 -0.020968 -0.000207 q: 0.698202 -0.715834 0.003709 0.009030 
time: 1788070597.409398, t: 0.005936 -0.020861 -0.000202 q: 0.698199 -0.715837 0.003683 0.009028 
time: 1788070597.442740, t: 0.005937 -0.020943 -0.000246 q: 0.698198 -0.715838 0.003700 0.009031 
time: 1788070597.476082, t: 0.005929 -0.020865 -0.000263 q: 0.698214 -0.715822 0.003697 0.009039 
time: 1788070597.509424, t: 0.005933 -0.020888 -0.000299 q: 0.698224 -0.715813 0.003663 0.009048 
time: 1788070597.542766, t: 0.005955 -0.020802 -0.000312 q: 0.698251 -0.715786 0.003675 0.009071 
time: 1788070597.576108, t: 0.005982 -0.020710 -0.000329 q: 0.698248 -0.715788 0.003656 0.009104 
time: 1788070597.609450, t: 0.006001 -0.020719 -0.000373 q: 0.698253 -0.715783 0.003642 0.009122 
time: 1788070597.642792, t: 0.006015 -0.020709 -0.000404 q: 0.698247 -0.715789 0.003655 0.009127 
time: 1788070597.676133, t: 0.006041 -0.020692 -0.000430 q: 0.698241 -0.715796 0.003646 0.009118 
time: 1788070597.709474, t: 0.006078 -0.020649 -0.000439 q: 0.698238 -0.715797 0.003679 0.009142 
time: 1788070597.742816, t: 0.006106 -0.020615 -0.000458 q: 0.698223 -0.715812 0.003676 0.009180 
time: 1788070597.776157, t: 0.006168 -0.020551 -0.000449 q: 0.698225 -0.715809 0.003715 0.009214 
time: 1788070597.809499, t: 0.006183 -0.020547 -0.000488 q: 0.698212 -0.715822 0.003762 0.009201 
time: 1788070597.842839, t: 0.006238 -0.020502 -0.000479 q: 0.698201 -0.715833 0.003787 0.009208 
time: 1788070597.876180, t: 0.006278 -0.020485 -0.000514 q: 0.698200 -0.715833 0.003775 0.009209 
time: 1788070597.909522, t: 0.006267 -0.020469 -0.000517 q: 0.698205 -0.715829 0.003794 0.009181 
time: 1788070597.942863, t: 0.006363 -0.020440 -0.000542 q: 0.698190 -0.715843 0.003774 0.009221 
time: 1788070597.976205, t: 0.006381 -0.020451 -0.000544 q: 0.698164 -0.715869 0.003793 0.009217 
time: 1788070598.009546, t: 0.006440 -0.020410 -0.000582 q: 0.698172 -0.715861 0.003763 0.009220 
time: 1788070598.042888, t: 0.006436 -0.020436 -0.000592 q: 0.698180 -0.715853 0.003749 0.009210 
time: 1788070598.076229, t: 0.006506 -0.020401 -0.000639 q: 0.698178 -0.715856 0.003756 0.009190 
time: 1788070598.109570, t: 0.006464 -0.020455 -0.000658 q: 0.698167 -0.715867 0.003755 0.009159 
time: 1788070598.142912, t: 0.006564 -0.020413 -0.000691 q: 0.698159 -0.715874 0.003781 0.009176 
time: 1788070598.176253, t: 0.006614 -0.020364 -0.000721 q: 0.698155 -0.715878 0.003779 0.009152 
time: 1788070598.209595, t: 0.006656 -0.020322 -0.000751 q: 0.698163 -0.715870 0.003755 0.009162 
time: 1788070598.242936, t: 0.006708 -0.020279 -0.000780 q: 0.698162 -0.715871 0.003743 0.009178 
time: 1788070598.276277, t: 0.006764 -0.020237 -0.000813 q: 0.698159 -0.715874 0.003717 0.009168 
time: 1788070598.309618, t: 0.006829 -0.020188 -0.000845 q: 0.698145 -0.715888 0.003695 0.009198 
time: 1788070598.342959, t: 0.006893 -0.020146 -0.000875 q: 0.698144 -0.715888 0.003672 0.009196 
time: 1788070598.376301, t: 0.006950 -0.020103 -0.000899 q: 0.698140 -0.715892 0.003684 0.009241 
time: 1788070598.409642, t: 0.006990 -0.020050 -0.000923 q: 0.698152 -0.715880 0.003695 0.009259 
time: 1788070598.442983, t: 0.007019 -0.020010 -0.000949 q: 0.698142 -0.715890 0.003706 0.009253 
time: 1788070598.476325, t: 0.007046 -0.019965 -0.000972 q: 0.698146 -0.715886 0.003718 0.009250 
time: 1788070598.509666, t: 0.007079 -0.019905 -0.001003 q: 0.698138 -0.715894 0.003706 0.009243 
time: 1788070598.543008, t: 0.007103 -0.019860 -0.001036 q: 0.698139 -0.715893 0.003697 0.009228 
time: 1788070598.576349, t: 0.007119 -0.019815 -0.001072 q: 0.698130 -0.715902 0.003705 0.009219 
time: 1788070598.609691, t: 0.007136 -0.019761 -0.001113 q: 0.698142 -0.715890 0.003707 0.009204 
time: 1788070598.643034, t: 0.007163 -0.019716 -0.001155 q: 0.698144 -0.715889 0.003685 0.009218 
time: 1788070598.676376, t: 0.007196 -0.019676 -0.001203 q: 0.698153 -0.715880 0.003682 0.009227 
time: 1788070598.709719, t: 0.007224 -0.019615 -0.001251 q: 0.698181 -0.715852 0.003670 0.009230 
time: 1788070598.743061, t: 0.007259 -0.019553 -0.001297 q: 0.698174 -0.715860 0.003632 0.009223 
time: 1788070598.776403, t: 0.007268 -0.019534 -0.001345 q: 0.698183 -0.715850 0.003625 0.009213 
time: 1788070598.809746, t: 0.007285 -0.019488 -0.001386 q: 0.698173 -0.715861 0.003633 0.009215 
time: 1788070598.843088, t: 0.007279 -0.019472 -0.001423 q: 0.698176 -0.715857 0.003662 0.009244 
time: 1788070598.876431, t: 0.007253 -0.019487 -0.001465 q: 0.698170 -0.715863 0.003634 0.009232 
time: 1788070598.909774, t: 0.006624 -0.020141 -0.001201 q: 0.698232 -0.715804 0.003612 0.009188 
time: 1788070598.943116, t: 0.007064 -0.019907 -0.001404 q: 0.698241 -0.715794 0.003609 0.009236 
time: 1788070598.976459, t: 0.006752 -0.020409 -0.001274 q: 0.698271 -0.715765 0.003602 0.009223 
time: 1788070599.009802, t: 0.006863 -0.020306 -0.001330 q: 0.698249 -0.715787 0.003599 0.009203 
time: 1788070599.043144, t: 0.006905 -0.020275 -0.001355 q: 0.698239 -0.715796 0.003579 0.009203 
time: 1788070599.076487, t: 0.006963 -0.020224 -0.001383 q: 0.698248 -0.715787 0.003560 0.009229 
time: 1788070599.109830, t: 0.006743 -0.020571 -0.001219 q: 0.698255 -0.715781 0.003568 0.009208 
time: 1788070599.143172, t: 0.006611 -0.020756 -0.001103 q: 0.698275 -0.715762 0.003574 0.009200 
time: 1788070599.176514, t: 0.006671 -0.020723 -0.001146 q: 0.698274 -0.715762 0.003572 0.009216 
time: 1788070599.209857, t: 0.006595 -0.020838 -0.001052 q: 0.698302 -0.715736 0.003568 0.009187 
time: 1788070599.243199, t: 0.006629 -0.020783 -0.001090 q: 0.698300 -0.715737 0.003590 0.009167 
time: 1788070599.276542, t: 0.006530 -0.020887 -0.001027 q: 0.698313 -0.715725 0.003608 0.009150 
time: 1788070599.309885, t: 0.006556 -0.020853 -0.001060 q: 0.698309 -0.715729 0.003605 0.009138 
time: 1788070599.343227, t: 0.006565 -0.020836 -0.001087 q: 0.698298 -0.715740 0.003581 0.009157 
time: 1788070599.376570, t: 0.006561 -0.020820 -0.001120 q: 0.698308 -0.715730 0.003592 0.009132 
time: 1788070599.409913, t: 0.006542 -0.020795 -0.001151 q: 0.698324 -0.715715 0.003592 0.009121 
time: 1788070599.443255, t: 0.006519 -0.020769 -0.001188 q: 0.698347 -0.715693 0.003597 0.009110 
time: 1788070599.476598, t: 0.006487 -0.020767 -0.001228 q: 0.698344 -0.715695 0.003604 0.009117 
time: 1788070599.509941, t: 0.006461 -0.020775 -0.001268 q: 0.698344 -0.715695 0.003583 0.009139 
time: 1788070599.543283, t: 0.006431 -0.020766 -0.001299 q: 0.698349 -0.715689 0.003602 0.009146 
time: 1788070599.576626, t: 0.006391 -0.020768 -0.001342 q: 0.698373 -0.715667 0.003585 0.009137 
time: 1788070599.609968, t: 0.006371 -0.020739 -0.001383 q: 0.698391 -0.715650 0.003582 0.009129 
time: 1788070599.643308, t: 0.006392 -0.020949 -0.001265 q: 0.698413 -0.715628 0.003575 0.009120 
time: 1788070599.676649, t: 0.006237 -0.020804 -0.001370 q: 0.698395 -0.715645 0.003533 0.009115 
time: 1788070599.709990, t: 0.006163 -0.020947 -0.001289 q: 0.698402 -0.715638 0.003555 0.009133 
time: 1788070599.743331, t: 0.006170 -0.020924 -0.001330 q: 0.698402 -0.715638 0.003539 0.009159 
time: 1788070599.776672, t: 0.006169 -0.020922 -0.001354 q: 0.698412 -0.715628 0.003545 0.009166 
time: 1788070599.810014, t: 0.006180 -0.020904 -0.001377 q: 0.698423 -0.715617 0.003519 0.009165 
time: 1788070599.843354, t: 0.006194 -0.020891 -0.001396 q: 0.698444 -0.715597 0.003510 0.009193 
time: 1788070599.876696, t: 0.006214 -0.020869 -0.001414 q: 0.698432 -0.715608 0.003501 0.009200 
time: 1788070599.910036, t: 0.006235 -0.020857 -0.001431 q: 0.698426 -0.715614 0.003496 0.009217 
time: 1788070599.943377, t: 0.006242 -0.020867 -0.001456 q: 0.698416 -0.715625 0.003505 0.009222 
time: 1788070599.976718, t: 0.006270 -0.020845 -0.001486 q: 0.698417 -0.715623 0.003512 0.009219 
time: 1788070600.010060, t: 0.006298 -0.021011 -0.001480 q: 0.698432 -0.715609 0.003505 0.009196 
time: 1788070600.043401, t: 0.006306 -0.020990 -0.001532 q: 0.698440 -0.715601 0.003514 0.009212 
time: 1788070600.076741, t: 0.006274 -0.021209 -0.001536 q: 0.698438 -0.715603 0.003526 0.009223 
time: 1788070600.110081, t: 0.006275 -0.021250 -0.001594 q: 0.698438 -0.715603 0.003528 0.009202 
time: 1788070600.143423, t: 0.006322 -0.021365 -0.001600 q: 0.698445 -0.715595 0.003541 0.009227 
time: 1788070600.176764, t: 0.006341 -0.021444 -0.001602 q: 0.698442 -0.715599 0.003534 0.009208 
time: 1788070600.210104, t: 0.006347 -0.021471 -0.001643 q: 0.698433 -0.715607 0.003497 0.009237 
time: 1788070600.243446, t: 0.006394 -0.021494 -0.001636 q: 0.698422 -0.715618 0.003482 0.009235 
time: 1788070600.276786, t: 0.006396 -0.021542 -0.001686 q: 0.698434 -0.715606 0.003485 0.009211 
time: 1788070600.310127, t: 0.006402 -0.021563 -0.001720 q: 0.698426 -0.715615 0.003498 0.009201 
time: 1788070600.343468, t: 0.006403 -0.021594 -0.001757 q: 0.698418 -0.715623 0.003491 0.009181 
time: 1788070600.376809, t: 0.006409 -0.021627 -0.001795 q: 0.698410 -0.715630 0.003481 0.009190 
time: 1788070600.410150, t: 0.006416 -0.021658 -0.001832 q: 0.698414 -0.715627 0.003471 0.009192 
time: 1788070600.443491, t: 0.006420 -0.021683 -0.001879 q: 0.698405 -0.715635 0.003465 0.009182 
time: 1788070600.476832, t: 0.006428 -0.021701 -0.001924 q: 0.698400 -0.715641 0.003455 0.009169 
time: 1788070600.510172, t: 0.006459 -0.021766 -0.001894 q: 0.698389 -0.715651 0.003461 0.009184 
time: 1788070600.543513, t: 0.006498 -0.021748 -0.001893 q: 0.698384 -0.715656 0.003446 0.009192 
time: 1788070600.576854, t: 0.006514 -0.021784 -0.001950 q: 0.698393 -0.715647 0.003466 0.009210 
time: 1788070600.610195, t: 0.006527 -0.021807 -0.001938 q: 0.698396 -0.715643 0.003480 0.009221 
time: 1788070600.643537, t: 0.006540 -0.021840 -0.001980 q: 0.698385 -0.715654 0.003466 0.009242 
time: 1788070600.676879, t: 0.006506 -0.021883 -0.001980 q: 0.698386 -0.715654 0.003492 0.009232 
time: 1788070600.710221, t: 0.006481 -0.021912 -0.001979 q: 0.698399 -0.715641 0.003498 0.009215 
time: 1788070600.743562, t: 0.006498 -0.021969 -0.002022 q: 0.698389 -0.715650 0.003528 0.009242 
time: 1788070600.776904, t: 0.006477 -0.022027 -0.002022 q: 0.698409 -0.715630 0.003551 0.009257 
time: 1788070600.810246, t: 0.006483 -0.022059 -0.002053 q: 0.698405 -0.715634 0.003532 0.009264 
time: 1788070600.843588, t: 0.006455 -0.022110 -0.002049 q: 0.698416 -0.715624 0.003553 0.009255 
time: 1788070600.876930, t: 0.006433 -0.022133 -0.002046 q: 0.698433 -0.715607 0.003540 0.009249 
time: 1788070600.910271, t: 0.006450 -0.022200 -0.002072 q: 0.698437 -0.715602 0.003543 0.009284 
time: 1788070600.943613, t: 0.006432 -0.022253 -0.002087 q: 0.698435 -0.715604 0.003566 0.009272 
time: 1788070600.976954, t: 0.006427 -0.022314 -0.002114 q: 0.698433 -0.715607 0.003581 0.009267 
time: 1788070601.010296, t: 0.006399 -0.022383 -0.002128 q: 0.698428 -0.715611 0.003581 0.009278 
time: 1788070601.043638, t: 0.006360 -0.022410 -0.002134 q: 0.698431 -0.715608 0.003592 0.009259 
time: 1788070601.076979, t: 0.006358 -0.022492 -0.002153 q: 0.698442 -0.715598 0.003563 0.009244 
time: 1788070601.110321, t: 0.006351 -0.022545 -0.002165 q: 0.698427 -0.715612 0.003567 0.009241 
time: 1788070601.143663, t: 0.006345 -0.022599 -0.002173 q: 0.698417 -0.715623 0.003560 0.009236 
time: 1788070601.177005, t: 0.006308 -0.022633 -0.002171 q: 0.698417 -0.715623 0.003550 0.009221 
time: 1788070601.210347, t: 0.006269 -0.022634 -0.002161 q: 0.698402 -0.715638 0.003527 0.009201 
time: 1788070601.243689, t: 0.006266 -0.022710 -0.002156 q: 0.698383 -0.715656 0.003525 0.009210 
time: 1788070601.277030, t: 0.006257 -0.022730 -0.002147 q: 0.698380 -0.715659 0.003546 0.009234 
time: 1788070601.310372, t: 0.006252 -0.022784 -0.002146 q: 0.698364 -0.715674 0.003549 0.009239 
time: 1788070601.343714, t: 0.006253 -0.022807 -0.002138 q: 0.698353 -0.715685 0.003540 0.009231 
time: 1788070601.377056, t: 0.006235 -0.022816 -0.002122 q: 0.698346 -0.715692 0.003552 0.009202 
time: 1788070601.410397, t: 0.006213 -0.022887 -0.002112 q: 0.698351 -0.715687 0.003576 0.009217 
time: 1788070601.443738, t: 0.006189 -0.022922 -0.002087 q: 0.698351 -0.715687 0.003574 0.009225 
time: 1788070601.477080, t: 0.006172 -0.022957 -0.002058 q: 0.698359 -0.715679 0.003591 0.009251 
time: 1788070601.510422, t: 0.006156 -0.022987 -0.002033 q: 0.698369 -0.715669 0.003599 0.009242 
time: 1788070601.543764, t: 0.006147 -0.023029 -0.002009 q: 0.698356 -0.715682 0.003590 0.009237 
time: 1788070601.577106, t: 0.006137 -0.023075 -0.001990 q: 0.698356 -0.715683 0.003555 0.009239 
time: 1788070601.610447, t: 0.006125 -0.023120 -0.001969 q: 0.698361 -0.715676 0.003559 0.009268 
time: 1788070601.643788, t: 0.006117 -0.023165 -0.001944 q: 0.698353 -0.715685 0.003575 0.009271 
time: 1788070601.677129, t: 0.006131 -0.023172 -0.001923 q: 0.698346 -0.715691 0.003594 0.009280 
time: 1788070601.710470, t: 0.006111 -0.023241 -0.001897 q: 0.698348 -0.715689 0.003608 0.009289 
time: 1788070601.743811, t: 0.006108 -0.023260 -0.001882 q: 0.698328 -0.715708 0.003617 0.009309 
time: 1788070601.777151, t: 0.006103 -0.023271 -0.001874 q: 0.698343 -0.715693 0.003601 0.009309 
time: 1788070601.810493, t: 0.006100 -0.023287 -0.001856 q: 0.698347 -0.715690 0.003610 0.009303 
time: 1788070601.843832, t: 0.006123 -0.023270 -0.001853 q: 0.698341 -0.715696 0.003607 0.009295 
time: 1788070601.877173, t: 0.006126 -0.023300 -0.001829 q: 0.698344 -0.715693 0.003621 0.009282 
time: 1788070601.910514, t: 0.006146 -0.023294 -0.001825 q: 0.698333 -0.715704 0.003621 0.009252 
time: 1788070601.943855, t: 0.006157 -0.023293 -0.001812 q: 0.698311 -0.715725 0.003642 0.009233 
time: 1788070601.977196, t: 0.006181 -0.023298 -0.001789 q: 0.698307 -0.715729 0.003649 0.009264 
time: 1788070602.010536, t: 0.006179 -0.023293 -0.001782 q: 0.698300 -0.715736 0.003646 0.009264 
time: 1788070602.043877, t: 0.006235 -0.023311 -0.001759 q: 0.698302 -0.715733 0.003648 0.009292 
time: 1788070602.077218, t: 0.006243 -0.023325 -0.001759 q: 0.698292 -0.715744 0.003653 0.009293 
time: 1788070602.110559, t: 0.006289 -0.023323 -0.001742 q: 0.698289 -0.715746 0.003652 0.009313 
time: 1788070602.143899, t: 0.006271 -0.023354 -0.001736 q: 0.698272 -0.715762 0.003661 0.009345 
time: 1788070602.177240, t: 0.006310 -0.023351 -0.001713 q: 0.698282 -0.715752 0.003663 0.009362 
time: 1788070602.210581, t: 0.006336 -0.023344 -0.001683 q: 0.698279 -0.715755 0.003698 0.009368 
time: 1788070602.243922, t: 0.006360 -0.023335 -0.001648 q: 0.698305 -0.715730 0.003686 0.009358 
time: 1788070602.277262, t: 0.006389 -0.023319 -0.001617 q: 0.698303 -0.715732 0.003668 0.009353 
time: 1788070602.310602, t: 0.006427 -0.023307 -0.001582 q: 0.698290 -0.715745 0.003645 0.009375 
time: 1788070602.343943, t: 0.006472 -0.023283 -0.001552 q: 0.698297 -0.715737 0.003640 0.009381 
time: 1788070602.377284, t: 0.006515 -0.023260 -0.001525 q: 0.698290 -0.715744 0.003633 0.009384 
time: 1788070602.410625, t: 0.006548 -0.023246 -0.001504 q: 0.698281 -0.715753 0.003653 0.009381 
time: 1788070602.443965, t: 0.006573 -0.023228 -0.001487 q: 0.698285 -0.715749 0.003661 0.009378 
time: 1788070602.477306, t: 0.006597 -0.023199 -0.001469 q: 0.698302 -0.715733 0.003667 0.009388 
time: 1788070602.510647, t: 0.006626 -0.023169 -0.001455 q: 0.698290 -0.715744 0.003668 0.009396 
time: 1788070602.543987, t: 0.006637 -0.023148 -0.001448 q: 0.698303 -0.715732 0.003670 0.009361 
time: 1788070602.577328, t: 0.006640 -0.023121 -0.001443 q: 0.698327 -0.715709 0.003649 0.009341 
time: 1788070602.610669, t: 0.006647 -0.023076 -0.001439 q: 0.698330 -0.715706 0.003669 0.009335 
time: 1788070602.644010, t: 0.006669 -0.023028 -0.001432 q: 0.698326 -0.715709 0.003656 0.009348 
time: 1788070602.677351, t: 0.006679 -0.022992 -0.001421 q: 0.698317 -0.715718 0.003674 0.009359 
time: 1788070602.710692, t: 0.006143 -0.023210 -0.001611 q: 0.698328 -0.715707 0.003623 0.009338 
time: 1788070602.744032, t: 0.006577 -0.023005 -0.001461 q: 0.698313 -0.715722 0.003631 0.009369 
time: 1788070602.777373, t: 0.006456 -0.023071 -0.001529 q: 0.698314 -0.715721 0.003607 0.009388 
time: 1788070602.810714, t: 0.006544 -0.022982 -0.001508 q: 0.698348 -0.715688 0.003576 0.009389 
time: 1788070602.844055, t: 0.006454 -0.023053 -0.001575 q: 0.698338 -0.715698 0.003550 0.009414 
time: 1788070602.877396, t: 0.006522 -0.022985 -0.001553 q: 0.698343 -0.715693 0.003519 0.009414 
time: 1788070602.910737, t: 0.006569 -0.022932 -0.001540 q: 0.698334 -0.715701 0.003533 0.009413 
time: 1788070602.944078, t: 0.006607 -0.022884 -0.001529 q: 0.698335 -0.715700 0.003518 0.009412 
time: 1788070602.977419, t: 0.006651 -0.022837 -0.001518 q: 0.698324 -0.715711 0.003494 0.009419 
time: 1788070603.010760, t: 0.006695 -0.022806 -0.001505 q: 0.698318 -0.715716 0.003489 0.009453 
time: 1788070603.044101, t: 0.006730 -0.022770 -0.001498 q: 0.698336 -0.715699 0.003489 0.009460 
time: 1788070603.077442, t: 0.006759 -0.022718 -0.001490 q: 0.698326 -0.715708 0.003492 0.009463 
time: 1788070603.110782, t: 0.006786 -0.022665 -0.001475 q: 0.698332 -0.715703 0.003465 0.009452 
time: 1788070603.144124, t: 0.006824 -0.022600 -0.001462 q: 0.698344 -0.715692 0.003450 0.009455 
time: 1788070603.177463, t: 0.006870 -0.022530 -0.001445 q: 0.698343 -0.715692 0.003463 0.009486 
time: 1788070603.210804, t: 0.006880 -0.022485 -0.001428 q: 0.698326 -0.715708 0.003491 0.009483 
time: 1788070603.244145, t: 0.006886 -0.022450 -0.001407 q: 0.698325 -0.715710 0.003485 0.009476 
time: 1788070603.277486, t: 0.006901 -0.022413 -0.001391 q: 0.698343 -0.715692 0.003501 0.009472 
time: 1788070603.310827, t: 0.006898 -0.022387 -0.001377 q: 0.698331 -0.715703 0.003505 0.009489 
time: 1788070603.344168, t: 0.006901 -0.022392 -0.001368 q: 0.698332 -0.715703 0.003487 0.009494 
time: 1788070603.377509, t: 0.006908 -0.022394 -0.001365 q: 0.698337 -0.715698 0.003493 0.009488 
time: 1788070603.410850, t: 0.006938 -0.022370 -0.001351 q: 0.698317 -0.715717 0.003485 0.009519 
time: 1788070603.444191, t: 0.006985 -0.022325 -0.001340 q: 0.698331 -0.715703 0.003483 0.009536 
time: 1788070603.477531, t: 0.007004 -0.022295 -0.001333 q: 0.698320 -0.715714 0.003468 0.009506 
time: 1788070603.510873, t: 0.007028 -0.022277 -0.001329 q: 0.698319 -0.715715 0.003436 0.009506 
time: 1788070603.544213, t: 0.007061 -0.022258 -0.001322 q: 0.698310 -0.715724 0.003440 0.009496 
time: 1788070603.577554, t: 0.007076 -0.022238 -0.001318 q: 0.698316 -0.715719 0.003446 0.009498 
time: 1788070603.610895, t: 0.007080 -0.022228 -0.001317 q: 0.698294 -0.715739 0.003465 0.009513 
time: 1788070603.644235, t: 0.007085 -0.022225 -0.001316 q: 0.698296 -0.715738 0.003446 0.009485 
time: 1788070603.677576, t: 0.007110 -0.022202 -0.001329 q: 0.698303 -0.715732 0.003434 0.009486 
time: 1788070603.710917, t: 0.007131 -0.022202 -0.001336 q: 0.698285 -0.715749 0.003436 0.009494 
time: 1788070603.744259, t: 0.007138 -0.022194 -0.001348 q: 0.698304 -0.715730 0.003439 0.009506 
time: 1788070603.777600, t: 0.007173 -0.022183 -0.001361 q: 0.698282 -0.715751 0.003417 0.009532 
time: 1788070603.810941, t: 0.007200 -0.022195 -0.001365 q: 0.698275 -0.715758 0.003422 0.009537 
time: 1788070603.844282, t: 0.007194 -0.022226 -0.001368 q: 0.698251 -0.715782 0.003440 0.009537 
time: 1788070603.877623, t: 0.007174 -0.022276 -0.001373 q: 0.698235 -0.715797 0.003422 0.009518 
time: 1788070603.910964, t: 0.007174 -0.022271 -0.001390 q: 0.698247 -0.715785 0.003431 0.009530 
time: 1788070603.944305, t: 0.007159 -0.022263 -0.001413 q: 0.698250 -0.715782 0.003442 0.009535 
time: 1788070603.977646, t: 0.007162 -0.022260 -0.001438 q: 0.698258 -0.715774 0.003433 0.009546 
time: 1788070604.010987, t: 0.007195 -0.022245 -0.001470 q: 0.698265 -0.715767 0.003422 0.009538 
time: 1788070604.044328, t: 0.007189 -0.022271 -0.001500 q: 0.698264 -0.715769 0.003413 0.009525 
time: 1788070604.077668, t: 0.007177 -0.022277 -0.001530 q: 0.698269 -0.715764 0.003417 0.009520 
time: 1788070604.111009, t: 0.007244 -0.022223 -0.001567 q: 0.698269 -0.715764 0.003363 0.009542 
time: 1788070604.144350, t: 0.007303 -0.022201 -0.001597 q: 0.698262 -0.715771 0.003352 0.009534 
time: 1788070604.177691, t: 0.007291 -0.022214 -0.001627 q: 0.698271 -0.715762 0.003351 0.009529 
time: 1788070604.211032, t: 0.007272 -0.022250 -0.001662 q: 0.698266 -0.715767 0.003343 0.009527 
time: 1788070604.244373, t: 0.007314 -0.022271 -0.001692 q: 0.698263 -0.715770 0.003334 0.009532 
time: 1788070604.277714, t: 0.007384 -0.022279 -0.001712 q: 0.698251 -0.715782 0.003324 0.009562 
time: 1788070604.311055, t: 0.007368 -0.022300 -0.001734 q: 0.698247 -0.715785 0.003336 0.009557 
time: 1788070604.344396, t: 0.007359 -0.022279 -0.001759 q: 0.698241 -0.715791 0.003319 0.009565 
time: 1788070604.377737, t: 0.007405 -0.022236 -0.001786 q: 0.698240 -0.715792 0.003306 0.009574 
time: 1788070604.411078, t: 0.007422 -0.022214 -0.001823 q: 0.698241 -0.715791 0.003323 0.009568 
time: 1788070604.444419, t: 0.007407 -0.022260 -0.001844 q: 0.698237 -0.715795 0.003313 0.009581 
time: 1788070604.477760, t: 0.007397 -0.022304 -0.001873 q: 0.698236 -0.715796 0.003313 0.009596 
time: 1788070604.511100, t: 0.007397 -0.022317 -0.001905 q: 0.698227 -0.715805 0.003327 0.009589 
time: 1788070604.544441, t: 0.007413 -0.022339 -0.001923 q: 0.698221 -0.715810 0.003324 0.009602 
time: 1788070604.577781, t: 0.007427 -0.022328 -0.001957 q: 0.698242 -0.715789 0.003311 0.009600 
time: 1788070604.611122, t: 0.007408 -0.022318 -0.001993 q: 0.698234 -0.715798 0.003327 0.009602 
time: 1788070604.644463, t: 0.007401 -0.022334 -0.002013 q: 0.698231 -0.715800 0.003323 0.009628 
time: 1788070604.677804, t: 0.007416 -0.022348 -0.002040 q: 0.698222 -0.715809 0.003291 0.009603 
time: 1788070604.711144, t: 0.007459 -0.022323 -0.002078 q: 0.698240 -0.715791 0.003280 0.009635 
time: 1788070604.744485, t: 0.007505 -0.022281 -0.002115 q: 0.698237 -0.715794 0.003286 0.009638 
time: 1788070604.777825, t: 0.007493 -0.022288 -0.002145 q: 0.698235 -0.715796 0.003296 0.009632 
time: 1788070604.811166, t: 0.007446 -0.022338 -0.002175 q: 0.698222 -0.715809 0.003312 0.009627 
time: 1788070604.844506, t: 0.007419 -0.022392 -0.002210 q: 0.698221 -0.715810 0.003296 0.009611 
time: 1788070604.877847, t: 0.007395 -0.022464 -0.002243 q: 0.698222 -0.715810 0.003315 0.009600 
time: 1788070604.911187, t: 0.007349 -0.022538 -0.002273 q: 0.698225 -0.715806 0.003312 0.009581 
time: 1788070604.944528, t: 0.007343 -0.022551 -0.002325 q: 0.698247 -0.715785 0.003293 0.009590 
time: 1788070604.977867, t: 0.007350 -0.022573 -0.002353 q: 0.698242 -0.715789 0.003292 0.009591 
time: 1788070605.011208, t: 0.007286 -0.022681 -0.002355 q: 0.698221 -0.715810 0.003340 0.009572 
time: 1788070605.044548, t: 0.007207 -0.022750 -0.002382 q: 0.698216 -0.715815 0.003352 0.009556 
time: 1788070605.077888, t: 0.007155 -0.022803 -0.002418 q: 0.698223 -0.715809 0.003350 0.009551 
time: 1788070605.111229, t: 0.007127 -0.022871 -0.002458 q: 0.698216 -0.715816 0.003343 0.009554 
time: 1788070605.144569, t: 0.007101 -0.022937 -0.002493 q: 0.698216 -0.715816 0.003338 0.009544 
time: 1788070605.177910, t: 0.007094 -0.022991 -0.002505 q: 0.698204 -0.715827 0.003338 0.009563 
time: 1788070605.211250, t: 0.006602 -0.022988 -0.001592 q: 0.698223 -0.715809 0.003384 0.009519 
time: 1788070605.244590, t: 0.006971 -0.023216 -0.002377 q: 0.698227 -0.715805 0.003332 0.009547 
time: 1788070605.277931, t: 0.006841 -0.023341 -0.002227 q: 0.698245 -0.715788 0.003377 0.009532 
time: 1788070605.311271, t: 0.006904 -0.023294 -0.002293 q: 0.698222 -0.715810 0.003379 0.009551 
time: 1788070605.344611, t: 0.006929 -0.023257 -0.002328 q: 0.698238 -0.715795 0.003369 0.009530 
time: 1788070605.377952, t: 0.006943 -0.023230 -0.002368 q: 0.698219 -0.715812 0.003398 0.009530 
time: 1788070605.411291, t: 0.006959 -0.023220 -0.002408 q: 0.698217 -0.715815 0.003397 0.009538 
time: 1788070605.444631, t: 0.006999 -0.023196 -0.002453 q: 0.698230 -0.715802 0.003390 0.009550 
time: 1788070605.477972, t: 0.007029 -0.023174 -0.002500 q: 0.698232 -0.715800 0.003381 0.009532 
time: 1788070605.511312, t: 0.007033 -0.023151 -0.002554 q: 0.698256 -0.715777 0.003392 0.009515 
time: 1788070605.544652, t: 0.007061 -0.023114 -0.002601 q: 0.698250 -0.715783 0.003391 0.009514 
time: 1788070605.577992, t: 0.007104 -0.023075 -0.002645 q: 0.698255 -0.715778 0.003376 0.009495 
time: 1788070605.611333, t: 0.007119 -0.023064 -0.002684 q: 0.698244 -0.715789 0.003403 0.009513 
time: 1788070605.644674, t: 0.007143 -0.023057 -0.002720 q: 0.698254 -0.715778 0.003380 0.009543 
time: 1788070605.678015, t: 0.007183 -0.023020 -0.002758 q: 0.698268 -0.715764 0.003379 0.009542 
time: 1788070605.711357, t: 0.007149 -0.023014 -0.002785 q: 0.698265 -0.715768 0.003395 0.009513 
time: 1788070605.744698, t: 0.007130 -0.023016 -0.002825 q: 0.698278 -0.715756 0.003375 0.009483 
time: 1788070605.778039, t: 0.007141 -0.023004 -0.002873 q: 0.698275 -0.715759 0.003393 0.009489 
time: 1788070605.811380, t: 0.007138 -0.023016 -0.002902 q: 0.698281 -0.715753 0.003371 0.009494 
time: 1788070605.844720, t: 0.007149 -0.023034 -0.002928 q: 0.698271 -0.715762 0.003352 0.009483 
time: 1788070605.878062, t: 0.007164 -0.023031 -0.002949 q: 0.698268 -0.715766 0.003328 0.009502 
time: 1788070605.911403, t: 0.007204 -0.023019 -0.002978 q: 0.698262 -0.715771 0.003304 0.009500 
time: 1788070605.944744, t: 0.007247 -0.023009 -0.003017 q: 0.698276 -0.715758 0.003285 0.009493 
time: 1788070605.978085, t: 0.007296 -0.022970 -0.003061 q: 0.698277 -0.715757 0.003274 0.009507 
time: 1788070606.011426, t: 0.007321 -0.022957 -0.003103 q: 0.698288 -0.715746 0.003283 0.009528 
time: 1788070606.044767, t: 0.007301 -0.022973 -0.003142 q: 0.698282 -0.715752 0.003292 0.009517 
time: 1788070606.078108, t: 0.007255 -0.023005 -0.003176 q: 0.698281 -0.715753 0.003303 0.009523 
time: 1788070606.111449, t: 0.007271 -0.023031 -0.003206 q: 0.698273 -0.715761 0.003278 0.009532 
time: 1788070606.144791, t: 0.007314 -0.023008 -0.003234 q: 0.698270 -0.715764 0.003294 0.009538 
time: 1788070606.178132, t: 0.007301 -0.023007 -0.003265 q: 0.698262 -0.715771 0.003291 0.009544 
time: 1788070606.211473, t: 0.007284 -0.023039 -0.003299 q: 0.698267 -0.715766 0.003311 0.009557 
time: 1788070606.244814, t: 0.007259 -0.023052 -0.003334 q: 0.698267 -0.715766 0.003326 0.009542 
time: 1788070606.278155, t: 0.007248 -0.023069 -0.003367 q: 0.698268 -0.715765 0.003324 0.009550 
time: 1788070606.311495, t: 0.007207 -0.023111 -0.003404 q: 0.698265 -0.715768 0.003318 0.009527 
time: 1788070606.344836, t: 0.007236 -0.023102 -0.003436 q: 0.698274 -0.715759 0.003285 0.009544 
time: 1788070606.378177, t: 0.007322 -0.023068 -0.003470 q: 0.698270 -0.715763 0.003261 0.009545 
time: 1788070606.411519, t: 0.007339 -0.023072 -0.003510 q: 0.698286 -0.715747 0.003281 0.009566 
time: 1788070606.444860, t: 0.007283 -0.023129 -0.003550 q: 0.698293 -0.715741 0.003292 0.009570 
time: 1788070606.478201, t: 0.007265 -0.023166 -0.003591 q: 0.698302 -0.715732 0.003284 0.009591 
time: 1788070606.511542, t: 0.007296 -0.023170 -0.003627 q: 0.698299 -0.715735 0.003290 0.009573 
time: 1788070606.544883, t: 0.007339 -0.023137 -0.003654 q: 0.698305 -0.715728 0.003265 0.009577 
time: 1788070606.578224, t: 0.007418 -0.023039 -0.003684 q: 0.698312 -0.715722 0.003238 0.009581 
time: 1788070606.611565, t: 0.007446 -0.023007 -0.003713 q: 0.698315 -0.715719 0.003247 0.009587 
time: 1788070606.644906, t: 0.007464 -0.023070 -0.003742 q: 0.698312 -0.715722 0.003217 0.009598 
time: 1788070606.678247, t: 0.007477 -0.023137 -0.003787 q: 0.698327 -0.715707 0.003201 0.009595 
time: 1788070606.711588, t: 0.007472 -0.023158 -0.003835 q: 0.698330 -0.715705 0.003205 0.009579 
time: 1788070606.744928, t: 0.007462 -0.023204 -0.003864 q: 0.698323 -0.715712 0.003187 0.009569 
time: 1788070606.778269, t: 0.007457 -0.023258 -0.003885 q: 0.698321 -0.715714 0.003171 0.009557 
time: 1788070606.811610, t: 0.007482 -0.023233 -0.003904 q: 0.698329 -0.715706 0.003179 0.009571 
time: 1788070606.844950, t: 0.007505 -0.023210 -0.003935 q: 0.698347 -0.715689 0.003172 0.009567 
time: 1788070606.878292, t: 0.007489 -0.023246 -0.003956 q: 0.698331 -0.715704 0.003191 0.009568 
time: 1788070606.911632, t: 0.007444 -0.023337 -0.003962 q: 0.698314 -0.715720 0.003181 0.009575 
time: 1788070606.944973, t: 0.007433 -0.023442 -0.003958 q: 0.698308 -0.715726 0.003182 0.009582 
time: 1788070606.978314, t: 0.007474 -0.023463 -0.003959 q: 0.698323 -0.715711 0.003163 0.009604 
time: 1788070607.011655, t: 0.007467 -0.023476 -0.003976 q: 0.698320 -0.715714 0.003183 0.009603 
time: 1788070607.044996, t: 0.007198 -0.023484 -0.003239 q: 0.698340 -0.715695 0.003235 0.009571 
time: 1788070607.078337, t: 0.007322 -0.023418 -0.003401 q: 0.698334 -0.715701 0.003207 0.009580 
time: 1788070607.111677, t: 0.007371 -0.023347 -0.003358 q: 0.698345 -0.715689 0.003221 0.009580 
time: 1788070607.145018, t: 0.007145 -0.023273 -0.002825 q: 0.698350 -0.715685 0.003301 0.009553 
time: 1788070607.178358, t: 0.007195 -0.023310 -0.002942 q: 0.698338 -0.715697 0.003310 0.009550 
time: 1788070607.211699, t: 0.007014 -0.023304 -0.002602 q: 0.698355 -0.715680 0.003362 0.009504 
time: 1788070607.245040, t: 0.007051 -0.023296 -0.002664 q: 0.698349 -0.715686 0.003357 0.009526 
time: 1788070607.278381, t: 0.007062 -0.023285 -0.002663 q: 0.698348 -0.715687 0.003365 0.009553 
time: 1788070607.311721, t: 0.007069 -0.023272 -0.002656 q: 0.698342 -0.715692 0.003359 0.009560 
time: 1788070607.345062, t: 0.007069 -0.023276 -0.002654 q: 0.698346 -0.715689 0.003361 0.009550 
time: 1788070607.378403, t: 0.007051 -0.023296 -0.002661 q: 0.698337 -0.715698 0.003373 0.009537 
time: 1788070607.411744, t: 0.007053 -0.023309 -0.002666 q: 0.698351 -0.715684 0.003342 0.009549 
time: 1788070607.445085, t: 0.007073 -0.023313 -0.002669 q: 0.698336 -0.715698 0.003351 0.009580 
time: 1788070607.478426, t: 0.007082 -0.023324 -0.002672 q: 0.698346 -0.715688 0.003349 0.009592 
time: 1788070607.511766, t: 0.007098 -0.023321 -0.002669 q: 0.698345 -0.715689 0.003342 0.009602 
time: 1788070607.545107, t: 0.007125 -0.023326 -0.002659 q: 0.698347 -0.715686 0.003347 0.009633 
time: 1788070607.578448, t: 0.007154 -0.023324 -0.002646 q: 0.698332 -0.715701 0.003350 0.009661 
time: 1788070607.611789, t: 0.007200 -0.023300 -0.002623 q: 0.698328 -0.715704 0.003350 0.009697 
time: 1788070607.645129, t: 0.007231 -0.023270 -0.002602 q: 0.698313 -0.715719 0.003364 0.009702 
time: 1788070607.678470, t: 0.007114 -0.023440 -0.002092 q: 0.698329 -0.715704 0.003398 0.009641 
time: 1788070607.711811, t: 0.007052 -0.023489 -0.001775 q: 0.698335 -0.715699 0.003470 0.009590 
time: 1788070607.745152, t: 0.007064 -0.023546 -0.001805 q: 0.698361 -0.715673 0.003441 0.009611 
time: 1788070607.778493, t: 0.006994 -0.023559 -0.001579 q: 0.698356 -0.715678 0.003481 0.009617 
time: 1788070607.811835, t: 0.006943 -0.023573 -0.001312 q: 0.698357 -0.715677 0.003502 0.009616 
time: 1788070607.845176, t: 0.006991 -0.023610 -0.001287 q: 0.698350 -0.715683 0.003520 0.009618 
time: 1788070607.878517, t: 0.006908 -0.023565 -0.001109 q: 0.698347 -0.715686 0.003548 0.009623 
time: 1788070607.911858, t: 0.006971 -0.023531 -0.001052 q: 0.698359 -0.715674 0.003533 0.009620 
time: 1788070607.945199, t: 0.006982 -0.023474 -0.001012 q: 0.698340 -0.715693 0.003560 0.009614 
time: 1788070607.978540, t: 0.006963 -0.023415 -0.000973 q: 0.698349 -0.715684 0.003554 0.009631 
time: 1788070608.011882, t: 0.007021 -0.023414 -0.000925 q: 0.698341 -0.715692 0.003573 0.009638 
time: 1788070608.045223, t: 0.006933 -0.023418 -0.000910 q: 0.698339 -0.715694 0.003553 0.009602 
time: 1788070608.078563, t: 0.007075 -0.023304 -0.000824 q: 0.698401 -0.715632 0.003582 0.009640 
time: 1788070608.111904, t: 0.006849 -0.023188 -0.000768 q: 0.698427 -0.715604 0.003147 0.010057 
time: 1788070608.145245, t: 0.005983 -0.022839 -0.000709 q: 0.698441 -0.715569 0.001123 0.011826 
time: 1788070608.178586, t: 0.005055 -0.022623 -0.000646 q: 0.698420 -0.715543 -0.001434 0.014345 
time: 1788070608.211927, t: 0.004100 -0.022513 -0.000611 q: 0.698437 -0.715494 -0.002852 0.015685 
time: 1788070608.245268, t: 0.003512 -0.021787 -0.000491 q: 0.698429 -0.715445 -0.004815 0.017660 
time: 1788070608.278609, t: 0.002911 -0.020338 -0.000415 q: 0.698408 -0.715369 -0.007553 0.020392 
time: 1788070608.311950, t: 0.002319 -0.017534 -0.000322 q: 0.698383 -0.715314 -0.009529 0.022284 
time: 1788070608.345292, t: 0.001550 -0.013423 -0.000309 q: 0.698363 -0.715398 -0.008030 0.020749 
time: 1788070608.378633, t: 0.000637 -0.008567 -0.000224 q: 0.698435 -0.715496 -0.002942 0.015671 
time: 1788070608.411974, t: -0.000589 -0.002898 -0.000131 q: 0.698463 -0.715513 -0.001045 0.013774 
time: 1788070608.445315, t: -0.001514 0.003815 -0.000044 q: 0.698460 -0.715519 -0.001015 0.013617 
time: 1788070608.478656, t: -0.002114 0.011181 0.000268 q: 0.698450 -0.715555 0.000343 0.012171 
time: 1788070608.511996, t: -0.002755 0.018939 0.000645 q: 0.698445 -0.715580 0.001573 0.010807 
time: 1788070608.545337, t: -0.003257 0.026246 0.000939 q: 0.698448 -0.715596 0.003449 0.008953 
time: 1788070608.578678, t: -0.003342 0.033264 0.001207 q: 0.698485 -0.715568 0.004797 0.007617 
time: 1788070608.612019, t: -0.003282 0.040201 0.001393 q: 0.698500 -0.715556 0.006110 0.006302 
time: 1788070608.645360, t: -0.003105 0.046661 0.001698 q: 0.698502 -0.715553 0.007303 0.005050 
time: 1788070608.678701, t: -0.003293 0.052587 0.001952 q: 0.698557 -0.715500 0.007478 0.004741 
time: 1788070608.712042, t: -0.002929 0.057766 0.002217 q: 0.698582 -0.715472 0.008081 0.004199 
time: 1788070608.745383, t: -0.002710 0.062537 0.002577 q: 0.698556 -0.715493 0.008800 0.003502 
time: 1788070608.778724, t: -0.002303 0.066595 0.002809 q: 0.698574 -0.715470 0.009384 0.002917 
time: 1788070608.812065, t: -0.002531 0.070500 0.003086 q: 0.698583 -0.715462 0.009424 0.002769 
time: 1788070608.845406, t: -0.002819 0.073721 0.003333 q: 0.698588 -0.715462 0.008949 0.003154 
time: 1788070608.878747, t: -0.003001 0.076490 0.003693 q: 0.698561 -0.715490 0.008636 0.003474 
time: 1788070608.912088, t: -0.003114 0.078295 0.003970 q: 0.698566 -0.715488 0.008201 0.003844 
time: 1788070608.945429, t: -0.003166 0.079775 0.004355 q: 0.698597 -0.715459 0.007907 0.004166 
time: 1788070608.978769, t: -0.002946 0.080077 0.004632 q: 0.698606 -0.715451 0.007918 0.004144 
time: 1788070609.012109, t: -0.002917 0.080325 0.004993 q: 0.698598 -0.715458 0.007954 0.004131 
time: 1788070609.045450, t: -0.002810 0.080083 0.005343 q: 0.698589 -0.715466 0.008140 0.003919 
time: 1788070609.078791, t: -0.002517 0.078415 0.005686 q: 0.698592 -0.715456 0.009138 0.003021 
time: 1788070609.112132, t: -0.002576 0.075654 0.006090 q: 0.698578 -0.715455 0.010497 0.001731 
time: 1788070609.145473, t: -0.002996 0.072230 0.006504 q: 0.698572 -0.715463 0.010338 0.001909 
time: 1788070609.178814, t: -0.003400 0.067355 0.006729 q: 0.698527 -0.715518 0.009184 0.003088 
time: 1788070609.212155, t: -0.003761 0.062344 0.007107 q: 0.698514 -0.715538 0.008148 0.004198 
time: 1788070609.245496, t: -0.004083 0.055843 0.007368 q: 0.698474 -0.715581 0.006947 0.005402 
time: 1788070609.278836, t: -0.005114 0.049284 0.007781 q: 0.698423 -0.715631 0.005842 0.006615 
time: 1788070609.312177, t: -0.005456 0.041233 0.007947 q: 0.698422 -0.715629 0.004897 0.007596 
time: 1788070609.345518, t: -0.005473 0.032742 0.007975 q: 0.698389 -0.715659 0.004530 0.007973 
time: 1788070609.378859, t: -0.005108 0.024718 0.008006 q: 0.698344 -0.715703 0.004885 0.007770 
time: 1788070609.412199, t: -0.004688 0.015550 0.007722 q: 0.698320 -0.715728 0.005699 0.007054 
time: 1788070609.445539, t: -0.003774 0.006962 0.007737 q: 0.698282 -0.715762 0.007587 0.005338 
time: 1788070609.478880, t: -0.002858 -0.001988 0.007352 q: 0.698223 -0.715806 0.009764 0.003298 
time: 1788070609.512221, t: -0.002406 -0.010436 0.006528 q: 0.698136 -0.715878 0.010997 0.002250 
time: 1788070609.545562, t: -0.002434 -0.018340 0.005944 q: 0.698167 -0.715846 0.011080 0.002182 
time: 1788070609.578902, t: -0.002736 -0.025764 0.005429 q: 0.698125 -0.715878 0.011712 0.001729 
time: 1788070609.612244, t: -0.003380 -0.031821 0.005226 q: 0.698099 -0.715907 0.011405 0.002036 
time: 1788070609.645587, t: -0.003912 -0.036914 0.005004 q: 0.698079 -0.715926 0.011428 0.002063 
time: 1788070609.678929, t: -0.004003 -0.040794 0.004784 q: 0.698080 -0.715933 0.010779 0.002876 
time: 1788070609.712272, t: -0.003917 -0.043320 0.004519 q: 0.698081 -0.715940 0.010039 0.003636 
time: 1788070609.745615, t: -0.003706 -0.044147 0.004295 q: 0.698045 -0.715979 0.009414 0.004328 
time: 1788070609.778959, t: -0.003697 -0.044142 0.004082 q: 0.698022 -0.716002 0.009321 0.004416 
time: 1788070609.812301, t: -0.003652 -0.044013 0.003890 q: 0.698016 -0.716008 0.009310 0.004415 
time: 1788070609.845644, t: -0.003604 -0.044146 0.003725 q: 0.698041 -0.715984 0.009270 0.004437 
time: 1788070609.878987, t: -0.003518 -0.044146 0.003528 q: 0.698040 -0.715986 0.009249 0.004412 
time: 1788070609.912330, t: -0.003619 -0.044294 0.003391 q: 0.698026 -0.716000 0.009207 0.004399 
time: 1788070609.945673, t: -0.003530 -0.044298 0.003181 q: 0.698015 -0.716011 0.009178 0.004422 
time: 1788070609.979016, t: -0.003453 -0.044284 0.003001 q: 0.698024 -0.716002 0.009173 0.004442 
time: 1788070610.012359, t: -0.003390 -0.044266 0.002819 q: 0.698033 -0.715993 0.009162 0.004442 
time: 1788070610.045702, t: -0.003329 -0.044240 0.002635 q: 0.698033 -0.715994 0.009150 0.004437 
time: 1788070610.079045, t: -0.003278 -0.044213 0.002454 q: 0.698056 -0.715971 0.009160 0.004440 
time: 1788070610.112388, t: -0.003205 -0.044200 0.002282 q: 0.698044 -0.715983 0.009140 0.004474 
time: 1788070610.145731, t: -0.003122 -0.044178 0.002115 q: 0.698050 -0.715977 0.009122 0.004468 
time: 1788070610.179075, t: -0.003054 -0.044144 0.001948 q: 0.698061 -0.715966 0.009100 0.004465 
time: 1788070610.212418, t: -0.002964 -0.044116 0.001784 q: 0.698071 -0.715957 0.009093 0.004464 
time: 1788070610.245761, t: -0.002927 -0.044077 0.001628 q: 0.698071 -0.715958 0.009058 0.004452 
time: 1788070610.279104, t: -0.002860 -0.044028 0.001470 q: 0.698094 -0.715935 0.009027 0.004472 
time: 1788070610.312447, t: -0.002792 -0.043983 0.001316 q: 0.698105 -0.715925 0.009008 0.004442 
time: 1788070610.345790, t: -0.002735 -0.043947 0.001167 q: 0.698109 -0.715922 0.008990 0.004453 
time: 1788070610.379133, t: -0.002654 -0.043913 0.001022 q: 0.698106 -0.715924 0.008979 0.004453 
time: 1788070610.412477, t: -0.002616 -0.043887 0.000878 q: 0.698090 -0.715939 0.008992 0.004451 
time: 1788070610.445820, t: -0.002578 -0.043856 0.000741 q: 0.698112 -0.715919 0.008964 0.004450 
time: 1788070610.479163, t: -0.002428 -0.043896 0.000581 q: 0.698127 -0.715905 0.008933 0.004440 
time: 1788070610.512506, t: -0.003195 -0.044712 0.000881 q: 0.698190 -0.715844 0.008851 0.004396 
time: 1788070610.545850, t: -0.002929 -0.045060 0.000652 q: 0.698192 -0.715842 0.008837 0.004400 
time: 1788070610.579193, t: -0.002930 -0.045566 0.000909 q: 0.698240 -0.715796 0.008815 0.004381 
time: 1788070610.612537, t: -0.002680 -0.045704 0.000732 q: 0.698235 -0.715801 0.008801 0.004389 
time: 1788070610.645879, t: -0.002944 -0.045157 0.000785 q: 0.698220 -0.715815 0.008809 0.004393 
time: 1788070610.679221, t: -0.002578 -0.045768 0.000576 q: 0.698253 -0.715784 0.008792 0.004388 
time: 1788070610.712564, t: -0.002552 -0.045832 0.000494 q: 0.698260 -0.715777 0.008797 0.004381 
time: 1788070610.745905, t: -0.002520 -0.045881 0.000423 q: 0.698262 -0.715775 0.008765 0.004377 
time: 1788070610.779247, t: -0.002473 -0.045920 0.000346 q: 0.698274 -0.715763 0.008749 0.004377 
time: 1788070610.812589, t: -0.002481 -0.045961 0.000265 q: 0.698279 -0.715759 0.008756 0.004357 
time: 1788070610.845932, t: -0.002470 -0.046029 0.000194 q: 0.698279 -0.715759 0.008751 0.004357 
time: 1788070610.879274, t: -0.002406 -0.046111 0.000130 q: 0.698278 -0.715760 0.008741 0.004381 
time: 1788070610.912616, t: -0.002372 -0.046173 0.000063 q: 0.698277 -0.715761 0.008734 0.004360 
time: 1788070610.945959, t: -0.002364 -0.046222 -0.000004 q: 0.698276 -0.715762 0.008719 0.004352 
time: 1788070610.979301, t: -0.002389 -0.046303 -0.000071 q: 0.698266 -0.715772 0.008745 0.004336 
time: 1788070611.012643, t: -0.002453 -0.046388 -0.000142 q: 0.698275 -0.715763 0.008770 0.004341 
time: 1788070611.045986, t: -0.002514 -0.046466 -0.000219 q: 0.698286 -0.715752 0.008792 0.004316 
time: 1788070611.079328, t: -0.002538 -0.046539 -0.000301 q: 0.698297 -0.715741 0.008788 0.004346 
time: 1788070611.112670, t: -0.002513 -0.046637 -0.000384 q: 0.698298 -0.715741 0.008784 0.004337 
time: 1788070611.146013, t: -0.002559 -0.046742 -0.000470 q: 0.698301 -0.715737 0.008795 0.004352 
time: 1788070611.179354, t: -0.002626 -0.046851 -0.000551 q: 0.698304 -0.715735 0.008775 0.004331 
time: 1788070611.212697, t: -0.002643 -0.046984 -0.000649 q: 0.698277 -0.715761 0.008767 0.004330 
time: 1788070611.246039, t: -0.002670 -0.047090 -0.000750 q: 0.698293 -0.715746 0.008771 0.004328 
time: 1788070611.279381, t: -0.002731 -0.047319 -0.000875 q: 0.698290 -0.715748 0.008767 0.004315 
time: 1788070611.312724, t: -0.003320 -0.047326 0.000081 q: 0.698305 -0.715734 0.008755 0.004287 
time: 1788070611.346066, t: -0.003222 -0.047625 -0.000113 q: 0.698306 -0.715733 0.008741 0.004284 
time: 1788070611.379409, t: -0.003234 -0.047048 0.000981 q: 0.698307 -0.715732 0.008752 0.004231 
time: 1788070611.412751, t: -0.003055 -0.047594 0.000721 q: 0.698313 -0.715727 0.008726 0.004243 
time: 1788070611.446094, t: -0.003243 -0.047073 0.001743 q: 0.698326 -0.715714 0.008707 0.004191 
time: 1788070611.479436, t: -0.003235 -0.047381 0.001595 q: 0.698337 -0.715704 0.008699 0.004183 
time: 1788070611.512779, t: -0.003430 -0.046759 0.002223 q: 0.698313 -0.715728 0.008657 0.004138 
time: 1788070611.546121, t: -0.003426 -0.047008 0.002116 q: 0.698330 -0.715712 0.008654 0.004138 
time: 1788070611.579463, t: -0.003439 -0.047141 0.002112 q: 0.698331 -0.715711 0.008648 0.004136 
time: 1788070611.612806, t: -0.003455 -0.047277 0.002105 q: 0.698345 -0.715697 0.008635 0.004107 
time: 1788070611.646147, t: -0.003478 -0.047424 0.002117 q: 0.698332 -0.715710 0.008651 0.004099 
time: 1788070611.679488, t: -0.003504 -0.047569 0.002130 q: 0.698311 -0.715730 0.008652 0.004112 
time: 1788070611.712830, t: -0.003531 -0.047706 0.002144 q: 0.698316 -0.715725 0.008659 0.004098 
time: 1788070611.746172, t: -0.003564 -0.047839 0.002157 q: 0.698315 -0.715726 0.008662 0.004093 
time: 1788070611.779514, t: -0.003585 -0.047969 0.002169 q: 0.698324 -0.715718 0.008645 0.004093 
time: 1788070611.812856, t: -0.003589 -0.048089 0.002183 q: 0.698315 -0.715726 0.008635 0.004112 
time: 1788070611.846198, t: -0.003594 -0.048196 0.002192 q: 0.698324 -0.715718 0.008652 0.004137 
time: 1788070611.879539, t: -0.003621 -0.048316 0.002204 q: 0.698304 -0.715737 0.008653 0.004128 
time: 1788070611.912881, t: -0.003654 -0.048449 0.002224 q: 0.698290 -0.715751 0.008653 0.004116 
time: 1788070611.946223, t: -0.003688 -0.048567 0.002242 q: 0.698279 -0.715761 0.008679 0.004128 
time: 1788070611.979565, t: -0.003735 -0.048667 0.002261 q: 0.698282 -0.715758 0.008688 0.004099 
time: 1788070612.012907, t: -0.003778 -0.048749 0.002284 q: 0.698275 -0.715765 0.008684 0.004090 
time: 1788070612.046249, t: -0.003830 -0.048819 0.002305 q: 0.698280 -0.715760 0.008692 0.004058 
time: 1788070612.079590, t: -0.003858 -0.048884 0.002328 q: 0.698275 -0.715765 0.008686 0.004078 
time: 1788070612.112931, t: -0.003866 -0.048953 0.002342 q: 0.698269 -0.715772 0.008683 0.004055 
time: 1788070612.146273, t: -0.003878 -0.049016 0.002364 q: 0.698261 -0.715780 0.008649 0.004037 
time: 1788070612.179615, t: -0.003890 -0.049067 0.002398 q: 0.698259 -0.715781 0.008666 0.004056 
time: 1788070612.212957, t: -0.003894 -0.049122 0.002426 q: 0.698248 -0.715791 0.008674 0.004084 
time: 1788070612.246299, t: -0.003873 -0.049148 0.002464 q: 0.698248 -0.715792 0.008661 0.004099 
time: 1788070612.279640, t: -0.003871 -0.046010 0.003272 q: 0.698176 -0.715862 0.008686 0.004106 
time: 1788070612.312982, t: -0.004044 -0.047833 0.003177 q: 0.698204 -0.715834 0.008689 0.004071 
time: 1788070612.346324, t: -0.004099 -0.046765 0.003610 q: 0.698151 -0.715886 0.008689 0.004047 
time: 1788070612.379666, t: -0.004165 -0.047020 0.003590 q: 0.698145 -0.715892 0.008692 0.004066 
time: 1788070612.413008, t: -0.004207 -0.047071 0.003620 q: 0.698143 -0.715894 0.008696 0.004051 
time: 1788070612.446350, t: -0.004260 -0.047115 0.003660 q: 0.698122 -0.715915 0.008713 0.004025 
time: 1788070612.479692, t: -0.004311 -0.047145 0.003698 q: 0.698130 -0.715907 0.008690 0.003998 
time: 1788070612.513032, t: -0.004331 -0.047166 0.003737 q: 0.698121 -0.715916 0.008675 0.004022 
time: 1788070612.546374, t: -0.004331 -0.047179 0.003782 q: 0.698132 -0.715905 0.008683 0.004058 
time: 1788070612.579716, t: -0.004355 -0.047188 0.003834 q: 0.698119 -0.715917 0.008718 0.004082 
time: 1788070612.613058, t: -0.004390 -0.047211 0.003896 q: 0.698113 -0.715923 0.008713 0.004116 
time: 1788070612.646400, t: -0.004391 -0.047212 0.003946 q: 0.698123 -0.715913 0.008701 0.004134 
time: 1788070612.679742, t: -0.004385 -0.047196 0.003997 q: 0.698110 -0.715926 0.008694 0.004145 
time: 1788070612.713085, t: -0.004396 -0.047198 0.004062 q: 0.698116 -0.715920 0.008695 0.004117 
time: 1788070612.746427, t: -0.004422 -0.047182 0.004139 q: 0.698103 -0.715932 0.008707 0.004130 
time: 1788070612.779769, t: -0.004456 -0.047157 0.004208 q: 0.698111 -0.715925 0.008724 0.004129 
time: 1788070612.813112, t: -0.004472 -0.047148 0.004277 q: 0.698098 -0.715937 0.008725 0.004125 
time: 1788070612.846454, t: -0.004474 -0.047155 0.004340 q: 0.698089 -0.715946 0.008749 0.004117 
time: 1788070612.879797, t: -0.004497 -0.047148 0.004390 q: 0.698081 -0.715953 0.008756 0.004104 
time: 1788070612.913139, t: -0.004474 -0.047121 0.004435 q: 0.698083 -0.715952 0.008734 0.004130 
time: 1788070612.946481, t: -0.004436 -0.047055 0.004473 q: 0.698089 -0.715946 0.008735 0.004156 
time: 1788070612.979823, t: -0.004454 -0.046992 0.004510 q: 0.698091 -0.715943 0.008769 0.004160 
time: 1788070613.013165, t: -0.004486 -0.046961 0.004543 q: 0.698081 -0.715952 0.008788 0.004193 
time: 1788070613.046508, t: -0.004468 -0.046954 0.004575 q: 0.698071 -0.715962 0.008805 0.004206 
time: 1788070613.079850, t: -0.004445 -0.046922 0.004608 q: 0.698065 -0.715967 0.008816 0.004228 
time: 1788070613.113192, t: -0.004432 -0.046863 0.004638 q: 0.698061 -0.715972 0.008824 0.004238 
time: 1788070613.146535, t: -0.004421 -0.046816 0.004667 q: 0.698069 -0.715964 0.008831 0.004249 
time: 1788070613.179877, t: -0.004403 -0.046755 0.004711 q: 0.698070 -0.715963 0.008818 0.004253 
time: 1788070613.213220, t: -0.004358 -0.046695 0.004747 q: 0.698052 -0.715980 0.008825 0.004286 
time: 1788070613.246562, t: -0.004311 -0.046628 0.004773 q: 0.698057 -0.715975 0.008830 0.004301 
time: 1788070613.279905, t: -0.004302 -0.046573 0.004799 q: 0.698056 -0.715976 0.008834 0.004269 
time: 1788070613.313247, t: -0.004297 -0.046529 0.004827 q: 0.698061 -0.715972 0.008833 0.004272 
time: 1788070613.346590, t: -0.004281 -0.046449 0.004855 q: 0.698064 -0.715968 0.008822 0.004279 
time: 1788070613.379932, t: -0.004256 -0.046383 0.004869 q: 0.698066 -0.715966 0.008829 0.004276 
time: 1788070613.413274, t: -0.004245 -0.046327 0.004891 q: 0.698063 -0.715969 0.008839 0.004272 
time: 1788070613.446616, t: -0.004212 -0.046297 0.004915 q: 0.698055 -0.715977 0.008850 0.004277 
time: 1788070613.479959, t: -0.004182 -0.046259 0.004936 q: 0.698051 -0.715981 0.008840 0.004285 
time: 1788070613.513301, t: -0.004163 -0.046212 0.004959 q: 0.698046 -0.715986 0.008853 0.004282 
time: 1788070613.546644, t: -0.004200 -0.046203 0.004999 q: 0.698010 -0.716021 0.008875 0.004283 
time: 1788070613.579987, t: -0.004225 -0.046175 0.005043 q: 0.698024 -0.716007 0.008879 0.004283 
time: 1788070613.613329, t: -0.004199 -0.046101 0.005070 q: 0.698032 -0.715999 0.008874 0.004286 
time: 1788070613.646670, t: -0.004165 -0.046051 0.005101 q: 0.698028 -0.716002 0.008882 0.004298 
time: 1788070613.680012, t: -0.004132 -0.045996 0.005120 q: 0.698035 -0.715995 0.008888 0.004310 
time: 1788070613.713353, t: -0.004092 -0.045905 0.005148 q: 0.698031 -0.716000 0.008871 0.004307 
time: 1788070613.746695, t: -0.004060 -0.045854 0.005194 q: 0.698020 -0.716011 0.008864 0.004316 
time: 1788070613.780036, t: -0.004009 -0.045804 0.005225 q: 0.698029 -0.716002 0.008845 0.004327 
time: 1788070613.813377, t: -0.003977 -0.045743 0.005234 q: 0.698045 -0.715986 0.008875 0.004320 
time: 1788070613.846718, t: -0.003987 -0.045690 0.005275 q: 0.698020 -0.716010 0.008883 0.004326 
time: 1788070613.880059, t: -0.003942 -0.045625 0.005324 q: 0.698027 -0.716004 0.008857 0.004341 
time: 1788070613.913400, t: -0.003839 -0.045535 0.005360 q: 0.698034 -0.715997 0.008849 0.004386 
time: 1788070613.946742, t: -0.003782 -0.045455 0.005401 q: 0.698022 -0.716008 0.008848 0.004406 
time: 1788070613.980083, t: -0.003743 -0.045407 0.005449 q: 0.698018 -0.716012 0.008838 0.004409 
time: 1788070614.013424, t: -0.003680 -0.045346 0.005502 q: 0.698020 -0.716010 0.008835 0.004424 
time: 1788070614.046766, t: -0.003630 -0.045299 0.005547 q: 0.698011 -0.716018 0.008844 0.004450 
time: 1788070614.080107, t: -0.003635 -0.045267 0.005587 q: 0.698011 -0.716018 0.008864 0.004453 
time: 1788070614.113448, t: -0.003660 -0.045198 0.005642 q: 0.698005 -0.716024 0.008849 0.004455 
time: 1788070614.146790, t: -0.003647 -0.045139 0.005679 q: 0.698013 -0.716017 0.008836 0.004455 
time: 1788070614.180131, t: -0.003579 -0.045066 0.005693 q: 0.698023 -0.716007 0.008836 0.004472 
time: 1788070614.213472, t: -0.003489 -0.044981 0.005706 q: 0.698037 -0.715992 0.008844 0.004524 
time: 1788070614.246814, t: -0.003418 -0.044944 0.005720 q: 0.698029 -0.716001 0.008832 0.004507 
time: 1788070614.280155, t: -0.003403 -0.044913 0.005765 q: 0.698021 -0.716008 0.008846 0.004508 
time: 1788070614.313495, t: -0.003360 -0.044849 0.005818 q: 0.698018 -0.716012 0.008812 0.004525 
time: 1788070614.346837, t: -0.003343 -0.044789 0.005882 q: 0.697988 -0.716041 0.008839 0.004538 
time: 1788070614.380178, t: -0.003335 -0.044774 0.005950 q: 0.697969 -0.716059 0.008821 0.004533 
time: 1788070614.413519, t: -0.003286 -0.044764 0.005978 q: 0.697994 -0.716035 0.008820 0.004526 
time: 1788070614.446860, t: -0.003246 -0.044712 0.005993 q: 0.697993 -0.716036 0.008810 0.004538 
time: 1788070614.480202, t: -0.003207 -0.044577 0.006035 q: 0.698006 -0.716023 0.008799 0.004539 
time: 1788070614.513543, t: -0.003186 -0.044526 0.006065 q: 0.697995 -0.716035 0.008788 0.004529 
time: 1788070614.546884, t: -0.003179 -0.044528 0.006081 q: 0.698002 -0.716028 0.008786 0.004516 
time: 1788070614.580225, t: -0.003149 -0.044441 0.006106 q: 0.698004 -0.716026 0.008759 0.004516 
time: 1788070614.613567, t: -0.003067 -0.044389 0.006144 q: 0.697998 -0.716031 0.008750 0.004537 
time: 1788070614.646909, t: -0.003003 -0.044387 0.006168 q: 0.697998 -0.716032 0.008730 0.004531 
time: 1788070614.680251, t: -0.002985 -0.044372 0.006179 q: 0.698006 -0.716024 0.008726 0.004517 
time: 1788070614.713593, t: -0.002959 -0.044320 0.006223 q: 0.697989 -0.716041 0.008720 0.004535 
time: 1788070614.746934, t: -0.002948 -0.044249 0.006273 q: 0.697990 -0.716040 0.008736 0.004538 
time: 1788070614.780276, t: -0.002927 -0.044213 0.006284 q: 0.697996 -0.716034 0.008731 0.004568 
time: 1788070614.813618, t: -0.002890 -0.044189 0.006300 q: 0.697994 -0.716036 0.008726 0.004578 
time: 1788070614.846961, t: -0.002890 -0.044173 0.006331 q: 0.697991 -0.716039 0.008742 0.004564 
time: 1788070614.880303, t: -0.002874 -0.044156 0.006357 q: 0.697997 -0.716032 0.008753 0.004599 
time: 1788070614.913645, t: -0.002819 -0.044096 0.006355 q: 0.698011 -0.716020 0.008719 0.004588 
time: 1788070614.946987, t: -0.002790 -0.044043 0.006333 q: 0.698036 -0.715995 0.008730 0.004586 
time: 1788070614.980329, t: -0.002797 -0.043974 0.006315 q: 0.698044 -0.715987 0.008726 0.004586 
time: 1788070615.013671, t: -0.002777 -0.043867 0.006340 q: 0.698044 -0.715987 0.008709 0.004590 
time: 1788070615.047014, t: -0.002733 -0.043803 0.006374 q: 0.698041 -0.715990 0.008705 0.004600 
time: 1788070615.080356, t: -0.002718 -0.043753 0.006382 q: 0.698052 -0.715979 0.008696 0.004567 
time: 1788070615.113698, t: -0.002740 -0.043759 0.006387 q: 0.698050 -0.715982 0.008670 0.004558 
time: 1788070615.147040, t: -0.002715 -0.043756 0.006402 q: 0.698043 -0.715989 0.008676 0.004553 
time: 1788070615.180381, t: -0.002693 -0.043680 0.006433 q: 0.698045 -0.715987 0.008682 0.004588 
time: 1788070615.213723, t: -0.002671 -0.043625 0.006449 q: 0.698036 -0.715995 0.008682 0.004613 
time: 1788070615.247066, t: -0.002670 -0.043652 0.006435 q: 0.698054 -0.715978 0.008709 0.004603 
time: 1788070615.280408, t: -0.002659 -0.043702 0.006417 q: 0.698055 -0.715977 0.008688 0.004605 
time: 1788070615.313750, t: -0.002609 -0.043680 0.006444 q: 0.698050 -0.715982 0.008662 0.004580 
time: 1788070615.347092, t: -0.002646 -0.043688 0.006442 q: 0.698052 -0.715980 0.008673 0.004563 
time: 1788070615.380435, t: -0.002665 -0.043618 0.006433 q: 0.698054 -0.715978 0.008665 0.004566 
time: 1788070615.413777, t: -0.002651 -0.043706 0.006439 q: 0.698038 -0.715993 0.008685 0.004585 
time: 1788070615.447119, t: -0.002677 -0.043722 0.006459 q: 0.698034 -0.715998 0.008690 0.004599 
time: 1788070615.480461, t: -0.002674 -0.043729 0.006490 q: 0.698017 -0.716014 0.008698 0.004598 
time: 1788070615.513803, t: -0.002668 -0.043760 0.006528 q: 0.698024 -0.716007 0.008714 0.004652 
time: 1788070615.547146, t: -0.002664 -0.043717 0.006521 q: 0.698014 -0.716016 0.008716 0.004650 
time: 1788070615.580488, t: -0.002634 -0.043651 0.006533 q: 0.698020 -0.716010 0.008686 0.004634 
time: 1788070615.613831, t: -0.002618 -0.043621 0.006511 q: 0.698028 -0.716003 0.008672 0.004642 
time: 1788070615.647171, t: -0.002520 -0.043593 0.006471 q: 0.698028 -0.716003 0.008669 0.004650 
time: 1788070615.680513, t: -0.002364 -0.043429 0.006431 q: 0.698035 -0.715996 0.008656 0.004645 
time: 1788070615.713856, t: -0.002233 -0.043197 0.006447 q: 0.698029 -0.716002 0.008642 0.004652 
time: 1788070615.747198, t: -0.002287 -0.043306 0.006526 q: 0.698010 -0.716021 0.008649 0.004632 
time: 1788070615.780540, t: -0.002461 -0.043850 0.005074 q: 0.698016 -0.716014 0.008718 0.004583 
time: 1788070615.813882, t: -0.002281 -0.043578 0.005167 q: 0.698007 -0.716023 0.008700 0.004586 
time: 1788070615.847224, t: -0.002148 -0.043456 0.005164 q: 0.698009 -0.716021 0.008699 0.004585 
time: 1788070615.880566, t: -0.002055 -0.043361 0.005140 q: 0.698019 -0.716012 0.008691 0.004579 
time: 1788070615.913908, t: -0.001952 -0.043209 0.005258 q: 0.697992 -0.716038 0.008699 0.004578 
time: 1788070615.947250, t: -0.002581 -0.044192 0.004232 q: 0.698067 -0.715966 0.008683 0.004437 
time: 1788070615.980592, t: -0.002031 -0.043501 0.004489 q: 0.698039 -0.715993 0.008714 0.004499 
time: 1788070616.013934, t: -0.002255 -0.043997 0.004000 q: 0.698088 -0.715945 0.008723 0.004430 
time: 1788070616.047276, t: -0.001992 -0.043605 0.004070 q: 0.698092 -0.715941 0.008712 0.004444 
time: 1788070616.080617, t: -0.001865 -0.043375 0.004106 q: 0.698083 -0.715950 0.008713 0.004433 
time: 1788070616.113959, t: -0.001758 -0.043149 0.004151 q: 0.698069 -0.715964 0.008713 0.004460 
time: 1788070616.147301, t: -0.001650 -0.042911 0.004191 q: 0.698060 -0.715972 0.008693 0.004455 
time: 1788070616.180644, t: -0.001555 -0.042679 0.004225 q: 0.698063 -0.715969 0.008701 0.004459 
time: 1788070616.213986, t: -0.001496 -0.042443 0.004256 q: 0.698093 -0.715940 0.008693 0.004464 
time: 1788070616.247328, t: -0.001452 -0.042248 0.004278 q: 0.698083 -0.715950 0.008701 0.004451 
time: 1788070616.280670, t: -0.001420 -0.042079 0.004303 q: 0.698071 -0.715962 0.008690 0.004420 
time: 1788070616.314012, t: -0.001401 -0.041899 0.004316 q: 0.698086 -0.715948 0.008682 0.004413 
time: 1788070616.347354, t: -0.001375 -0.041696 0.004320 q: 0.698096 -0.715938 0.008700 0.004421 
time: 1788070616.380696, t: -0.001399 -0.041493 0.004335 q: 0.698095 -0.715939 0.008667 0.004423 
time: 1788070616.414038, t: -0.002391 -0.043268 0.003538 q: 0.698156 -0.715880 0.008672 0.004320 
time: 1788070616.447380, t: -0.001890 -0.042058 0.003987 q: 0.698135 -0.715900 0.008671 0.004350 
time: 1788070616.480722, t: -0.002260 -0.042876 0.003638 q: 0.698156 -0.715880 0.008692 0.004323 
time: 1788070616.514063, t: -0.002265 -0.042709 0.003612 q: 0.698161 -0.715875 0.008692 0.004329 
time: 1788070616.547405, t: -0.002217 -0.042612 0.003598 q: 0.698164 -0.715873 0.008668 0.004341 
time: 1788070616.580748, t: -0.002161 -0.042490 0.003635 q: 0.698176 -0.715861 0.008651 0.004339 
time: 1788070616.614090, t: -0.002671 -0.043290 0.003305 q: 0.698191 -0.715846 0.008685 0.004309 
time: 1788070616.647433, t: -0.002555 -0.043088 0.003346 q: 0.698191 -0.715846 0.008701 0.004329 
time: 1788070616.680777, t: -0.002839 -0.044385 0.002941 q: 0.698225 -0.715812 0.008719 0.004306 
time: 1788070616.714120, t: -0.002796 -0.044094 0.003010 q: 0.698222 -0.715816 0.008723 0.004316 
time: 1788070616.747463, t: -0.003065 -0.044973 0.002726 q: 0.698240 -0.715798 0.008720 0.004282 
time: 1788070616.780807, t: -0.003023 -0.044825 0.002744 q: 0.698243 -0.715795 0.008723 0.004291 
time: 1788070616.814150, t: -0.003031 -0.044800 0.002723 q: 0.698244 -0.715794 0.008703 0.004302 
time: 1788070616.847494, t: -0.003028 -0.044755 0.002710 q: 0.698239 -0.715799 0.008710 0.004298 
time: 1788070616.880837, t: -0.003031 -0.044716 0.002696 q: 0.698261 -0.715777 0.008711 0.004308 
time: 1788070616.914181, t: -0.003018 -0.044668 0.002679 q: 0.698279 -0.715760 0.008692 0.004313 
time: 1788070616.947524, t: -0.003011 -0.044638 0.002661 q: 0.698270 -0.715769 0.008704 0.004307 
time: 1788070616.980867, t: -0.003006 -0.044613 0.002646 q: 0.698272 -0.715767 0.008690 0.004322 
time: 1788070617.014210, t: -0.003005 -0.044572 0.002629 q: 0.698276 -0.715763 0.008689 0.004324 
time: 1788070617.047554, t: -0.003010 -0.044545 0.002607 q: 0.698267 -0.715772 0.008694 0.004336 
time: 1788070617.080897, t: -0.002969 -0.044492 0.002602 q: 0.698251 -0.715787 0.008725 0.004316 
time: 1788070617.114241, t: -0.003424 -0.045578 0.002583 q: 0.698282 -0.715757 0.008739 0.004308 
time: 1788070617.147584, t: -0.003354 -0.045420 0.002588 q: 0.698269 -0.715769 0.008753 0.004322 
time: 1788070617.180928, t: -0.003479 -0.045863 0.002566 q: 0.698289 -0.715749 0.008741 0.004317 
time: 1788070617.214272, t: -0.003431 -0.045740 0.002557 q: 0.698288 -0.715751 0.008756 0.004316 
time: 1788070617.247615, t: -0.003438 -0.045719 0.002547 q: 0.698288 -0.715751 0.008766 0.004327 
time: 1788070617.280959, t: -0.003445 -0.045692 0.002535 q: 0.698293 -0.715745 0.008761 0.004334 
time: 1788070617.314302, t: -0.003446 -0.045667 0.002516 q: 0.698299 -0.715740 0.008781 0.004345 
time: 1788070617.347646, t: -0.003452 -0.045667 0.002498 q: 0.698286 -0.715751 0.008822 0.004352 
time: 1788070617.380990, t: -0.003463 -0.045650 0.002483 q: 0.698285 -0.715752 0.008831 0.004387 
time: 1788070617.414332, t: -0.003458 -0.045613 0.002461 q: 0.698302 -0.715736 0.008802 0.004351 
time: 1788070617.447676, t: -0.003447 -0.045599 0.002441 q: 0.698306 -0.715733 0.008795 0.004339 
time: 1788070617.481020, t: -0.003446 -0.045584 0.002415 q: 0.698322 -0.715716 0.008779 0.004337 
time: 1788070617.514364, t: -0.003424 -0.045597 0.002395 q: 0.698310 -0.715729 0.008790 0.004335 
time: 1788070617.547707, t: -0.003349 -0.045753 0.002374 q: 0.698297 -0.715742 0.008776 0.004324 
time: 1788070617.581051, t: -0.003481 -0.046109 0.002364 q: 0.698305 -0.715734 0.008748 0.004315 
time: 1788070617.614394, t: -0.003366 -0.046000 0.002317 q: 0.698303 -0.715736 0.008749 0.004319 
time: 1788070617.647736, t: -0.003470 -0.046237 0.002311 q: 0.698294 -0.715745 0.008766 0.004306 
time: 1788070617.681077, t: -0.003393 -0.046185 0.002286 q: 0.698296 -0.715742 0.008779 0.004305 
time: 1788070617.714419, t: -0.003387 -0.046177 0.002256 q: 0.698303 -0.715736 0.008775 0.004298 
time: 1788070617.747760, t: -0.003378 -0.046189 0.002219 q: 0.698313 -0.715725 0.008818 0.004300 
time: 1788070617.781101, t: -0.003353 -0.046196 0.002182 q: 0.698326 -0.715712 0.008805 0.004316 
time: 1788070617.814443, t: -0.003351 -0.046163 0.002150 q: 0.698317 -0.715722 0.008779 0.004325 
time: 1788070617.847783, t: -0.003324 -0.046176 0.002123 q: 0.698301 -0.715737 0.008782 0.004330 
time: 1788070617.881124, t: -0.003307 -0.046196 0.002095 q: 0.698317 -0.715721 0.008797 0.004359 
time: 1788070617.914466, t: -0.003311 -0.046206 0.002058 q: 0.698343 -0.715696 0.008772 0.004351 
time: 1788070617.947807, t: -0.003309 -0.046213 0.002030 q: 0.698349 -0.715691 0.008782 0.004342 
time: 1788070617.981148, t: -0.003267 -0.046189 0.002016 q: 0.698362 -0.715678 0.008737 0.004378 
time: 1788070618.014490, t: -0.003228 -0.046151 0.002002 q: 0.698365 -0.715674 0.008770 0.004403 
time: 1788070618.047831, t: -0.003237 -0.046143 0.001988 q: 0.698367 -0.715672 0.008791 0.004411 
time: 1788070618.081172, t: -0.003192 -0.046122 0.001984 q: 0.698361 -0.715678 0.008788 0.004460 
time: 1788070618.114514, t: -0.003139 -0.046097 0.001977 q: 0.698369 -0.715670 0.008786 0.004444 
time: 1788070618.147855, t: -0.003140 -0.046102 0.001965 q: 0.698365 -0.715674 0.008771 0.004427 
time: 1788070618.181196, t: -0.003143 -0.046090 0.001959 q: 0.698371 -0.715668 0.008784 0.004419 
time: 1788070618.214538, t: -0.003127 -0.046069 0.001950 q: 0.698364 -0.715675 0.008790 0.004443 
time: 1788070618.247879, t: -0.003101 -0.046043 0.001946 q: 0.698375 -0.715665 0.008788 0.004431 
time: 1788070618.281220, t: -0.003052 -0.046020 0.001931 q: 0.698392 -0.715648 0.008781 0.004423 
time: 1788070618.314561, t: -0.002988 -0.046002 0.001902 q: 0.698409 -0.715631 0.008776 0.004418 
time: 1788070618.347902, t: -0.003001 -0.045944 0.001875 q: 0.698420 -0.715621 0.008750 0.004390 
time: 1788070618.381243, t: -0.002947 -0.045869 0.001857 q: 0.698422 -0.715619 0.008750 0.004371 
time: 1788070618.414584, t: -0.002944 -0.045913 0.001829 q: 0.698424 -0.715617 0.008764 0.004348 
time: 1788070618.447926, t: -0.002889 -0.045990 0.001817 q: 0.698419 -0.715622 0.008772 0.004353 
time: 1788070618.481267, t: -0.003060 -0.046147 0.001977 q: 0.698403 -0.715638 0.008781 0.004372 
time: 1788070618.514608, t: -0.003097 -0.046128 0.002096 q: 0.698405 -0.715636 0.008737 0.004373 
time: 1788070618.547950, t: -0.003042 -0.046139 0.002046 q: 0.698384 -0.715656 0.008767 0.004389 
time: 1788070618.581291, t: -0.003033 -0.046143 0.002021 q: 0.698388 -0.715652 0.008740 0.004377 
time: 1788070618.614632, t: -0.003030 -0.046147 0.001997 q: 0.698386 -0.715655 0.008753 0.004377 
time: 1788070618.647974, t: -0.003012 -0.046171 0.001972 q: 0.698382 -0.715658 0.008754 0.004379 
time: 1788070618.681315, t: -0.002989 -0.046203 0.001928 q: 0.698399 -0.715642 0.008723 0.004388 
time: 1788070618.714656, t: -0.002970 -0.046228 0.001877 q: 0.698423 -0.715619 0.008692 0.004366 
time: 1788070618.747997, t: -0.002948 -0.046262 0.001809 q: 0.698476 -0.715569 0.008622 0.004288 
time: 1788070618.781338, t: -0.002905 -0.046282 0.001776 q: 0.698513 -0.715534 0.008558 0.004232 
time: 1788070618.814679, t: -0.002811 -0.046224 0.001754 q: 0.698532 -0.715516 0.008504 0.004214 
time: 1788070618.848021, t: -0.002940 -0.046143 0.001896 q: 0.698558 -0.715491 0.008480 0.004163 
time: 1788070618.881362, t: -0.002850 -0.046166 0.001848 q: 0.698560 -0.715489 0.008518 0.004172 
time: 1788070618.914704, t: -0.002836 -0.046142 0.001850 q: 0.698562 -0.715486 0.008533 0.004186 
time: 1788070618.948045, t: -0.002817 -0.046164 0.001848 q: 0.698527 -0.715521 0.008537 0.004173 
time: 1788070618.981386, t: -0.002799 -0.046202 0.001836 q: 0.698538 -0.715509 0.008546 0.004170 
time: 1788070619.014728, t: -0.002768 -0.046208 0.001822 q: 0.698534 -0.715514 0.008543 0.004191 
time: 1788070619.048069, t: -0.002708 -0.046198 0.001809 q: 0.698554 -0.715494 0.008501 0.004195 
time: 1788070619.081410, t: -0.002674 -0.046173 0.001791 q: 0.698570 -0.715479 0.008477 0.004177 
time: 1788070619.114752, t: -0.002651 -0.046162 0.001779 q: 0.698568 -0.715481 0.008484 0.004202 
time: 1788070619.148093, t: -0.002595 -0.046159 0.001770 q: 0.698567 -0.715482 0.008475 0.004203 
time: 1788070619.181433, t: -0.002580 -0.046184 0.001760 q: 0.698552 -0.715496 0.008493 0.004205 
time: 1788070619.214774, t: -0.002592 -0.046236 0.001744 q: 0.698533 -0.715516 0.008466 0.004186 
time: 1788070619.248116, t: -0.002572 -0.046264 0.001737 q: 0.698529 -0.715520 0.008447 0.004178 
time: 1788070619.281457, t: -0.002550 -0.046284 0.001733 q: 0.698514 -0.715534 0.008441 0.004135 
time: 1788070619.314798, t: -0.002586 -0.046364 0.001702 q: 0.698546 -0.715503 0.008431 0.004117 
time: 1788070619.348140, t: -0.002616 -0.046381 0.001679 q: 0.698576 -0.715475 0.008378 0.004082 
time: 1788070619.381481, t: -0.002600 -0.046351 0.001679 q: 0.698590 -0.715462 0.008369 0.004094 
time: 1788070619.414822, t: -0.002572 -0.046330 0.001681 q: 0.698614 -0.715439 0.008333 0.004077 
time: 1788070619.448164, t: -0.002618 -0.046354 0.001683 q: 0.698629 -0.715424 0.008324 0.004059 
time: 1788070619.481505, t: -0.002628 -0.046404 0.001712 q: 0.698611 -0.715441 0.008337 0.004072 
time: 1788070619.514846, t: -0.002636 -0.046426 0.001750 q: 0.698609 -0.715444 0.008344 0.004051 
time: 1788070619.548187, t: -0.002712 -0.046447 0.001755 q: 0.698618 -0.715435 0.008366 0.004059 
time: 1788070619.581529, t: -0.002757 -0.046510 0.001757 q: 0.698630 -0.715422 0.008356 0.004063 
time: 1788070619.614870, t: -0.002808 -0.046565 0.001780 q: 0.698631 -0.715421 0.008377 0.004081 
time: 1788070619.648211, t: -0.002807 -0.046531 0.001802 q: 0.698643 -0.715410 0.008375 0.004060 
time: 1788070619.681555, t: -0.002812 -0.046574 0.001837 q: 0.698611 -0.715441 0.008381 0.004086 
time: 1788070619.714897, t: -0.002817 -0.046585 0.001857 q: 0.698626 -0.715427 0.008352 0.004063 
time: 1788070619.748240, t: -0.002808 -0.046541 0.001873 q: 0.698636 -0.715417 0.008332 0.004072 
time: 1788070619.781584, t: -0.002813 -0.046556 0.001889 q: 0.698624 -0.715429 0.008306 0.004050 
time: 1788070619.814927, t: -0.002754 -0.046675 0.001941 q: 0.698590 -0.715462 0.008311 0.004073 
time: 1788070619.848270, t: -0.002815 -0.045395 0.002358 q: 0.698545 -0.715506 0.008287 0.004081 
time: 1788070619.881613, t: -0.002879 -0.046541 0.002170 q: 0.698588 -0.715465 0.008277 0.004060 
time: 1788070619.914956, t: -0.002835 -0.046641 0.002165 q: 0.698606 -0.715447 0.008253 0.004068 
time: 1788070619.948299, t: -0.002822 -0.046643 0.002183 q: 0.698603 -0.715451 0.008256 0.004054 
time: 1788070619.981642, t: -0.002833 -0.046694 0.002194 q: 0.698596 -0.715457 0.008283 0.004078 
time: 1788070620.014985, t: -0.002847 -0.046750 0.002199 q: 0.698588 -0.715465 0.008296 0.004068 
time: 1788070620.048328, t: -0.002852 -0.046794 0.002214 q: 0.698577 -0.715476 0.008257 0.004032 
time: 1788070620.081671, t: -0.002826 -0.046822 0.002225 q: 0.698601 -0.715453 0.008202 0.004049 
time: 1788070620.115013, t: -0.002764 -0.046855 0.002228 q: 0.698590 -0.715463 0.008211 0.004056 
time: 1788070620.148357, t: -0.002735 -0.046866 0.002234 q: 0.698596 -0.715459 0.008186 0.004047 
time: 1788070620.181700, t: -0.002751 -0.046900 0.002250 q: 0.698576 -0.715477 0.008192 0.004051 
time: 1788070620.215043, t: -0.002756 -0.046952 0.002257 q: 0.698572 -0.715481 0.008213 0.004081 
time: 1788070620.248386, t: -0.002779 -0.046995 0.002258 q: 0.698553 -0.715499 0.008242 0.004103 
time: 1788070620.281729, t: -0.002779 -0.047051 0.002266 q: 0.698553 -0.715500 0.008200 0.004098 
time: 1788070620.315073, t: -0.002753 -0.047029 0.002291 q: 0.698547 -0.715505 0.008215 0.004109 
time: 1788070620.348416, t: -0.002737 -0.047018 0.002310 q: 0.698526 -0.715526 0.008218 0.004129 
time: 1788070620.381759, t: -0.002723 -0.047098 0.002322 q: 0.698514 -0.715537 0.008209 0.004125 
time: 1788070620.415102, t: -0.002755 -0.047153 0.002338 q: 0.698511 -0.715540 0.008214 0.004108 
time: 1788070620.448445, t: -0.002797 -0.047147 0.002356 q: 0.698511 -0.715540 0.008227 0.004090 
time: 1788070620.481788, t: -0.002848 -0.047185 0.002386 q: 0.698487 -0.715564 0.008210 0.004104 
time: 1788070620.515131, t: -0.002851 -0.047185 0.002429 q: 0.698471 -0.715579 0.008205 0.004105 
time: 1788070620.548474, t: -0.002815 -0.047110 0.002453 q: 0.698493 -0.715558 0.008173 0.004089 
time: 1788070620.581817, t: -0.002819 -0.047126 0.002476 q: 0.698487 -0.715565 0.008150 0.004070 
time: 1788070620.615160, t: -0.002863 -0.047266 0.002497 q: 0.698476 -0.715575 0.008190 0.004076 
time: 1788070620.648503, t: -0.002886 -0.047287 0.002540 q: 0.698455 -0.715596 0.008185 0.004090 
time: 1788070620.681846, t: -0.002868 -0.047211 0.002595 q: 0.698444 -0.715606 0.008193 0.004123 
time: 1788070620.715188, t: -0.002893 -0.047242 0.002619 q: 0.698450 -0.715600 0.008185 0.004085 
time: 1788070620.748531, t: -0.002897 -0.047220 0.002648 q: 0.698455 -0.715596 0.008155 0.004050 
time: 1788070620.781873, t: -0.002820 -0.047121 0.002673 q: 0.698449 -0.715602 0.008133 0.004077 
time: 1788070620.815216, t: -0.002784 -0.047092 0.002726 q: 0.698428 -0.715622 0.008168 0.004088 
time: 1788070620.848558, t: -0.002800 -0.047094 0.002806 q: 0.698411 -0.715639 0.008155 0.004129 
time: 1788070620.881901, t: -0.002766 -0.047079 0.002815 q: 0.698413 -0.715636 0.008130 0.004147 
time: 1788070620.915243, t: -0.002677 -0.047029 0.002841 q: 0.698418 -0.715631 0.008121 0.004167 
time: 1788070620.948586, t: -0.002646 -0.047043 0.002904 q: 0.698406 -0.715644 0.008134 0.004175 
time: 1788070620.981927, t: -0.002668 -0.047088 0.002954 q: 0.698378 -0.715670 0.008149 0.004201 
time: 1788070621.015270, t: -0.002611 -0.047006 0.002987 q: 0.698384 -0.715665 0.008144 0.004200 
time: 1788070621.048613, t: -0.002618 -0.046918 0.003020 q: 0.698384 -0.715665 0.008132 0.004186 
time: 1788070621.081955, t: -0.002653 -0.046895 0.003039 q: 0.698379 -0.715670 0.008131 0.004182 
time: 1788070621.115298, t: -0.002625 -0.046918 0.003069 q: 0.698373 -0.715676 0.008121 0.004172 
time: 1788070621.148640, t: -0.002593 -0.046914 0.003114 q: 0.698369 -0.715680 0.008108 0.004174 
time: 1788070621.181983, t: -0.002547 -0.046950 0.003149 q: 0.698344 -0.715704 0.008093 0.004201 
time: 1788070621.215325, t: -0.002586 -0.047034 0.003183 q: 0.698337 -0.715711 0.008101 0.004178 
time: 1788070621.248668, t: -0.002653 -0.047030 0.003224 q: 0.698322 -0.715726 0.008118 0.004193 
time: 1788070621.282011, t: -0.002615 -0.046957 0.003260 q: 0.698346 -0.715702 0.008087 0.004171 
time: 1788070621.315353, t: -0.002568 -0.046845 0.003285 q: 0.698330 -0.715718 0.008086 0.004208 
time: 1788070621.348696, t: -0.002542 -0.046832 0.003305 q: 0.698345 -0.715704 0.008073 0.004198 
time: 1788070621.382038, t: -0.002554 -0.046861 0.003334 q: 0.698347 -0.715702 0.008062 0.004171 
time: 1788070621.415380, t: -0.002620 -0.046854 0.003373 q: 0.698320 -0.715728 0.008079 0.004147 
time: 1788070621.448722, t: -0.002624 -0.046734 0.003412 q: 0.698298 -0.715750 0.008087 0.004139 
time: 1788070621.482065, t: -0.002605 -0.046687 0.003426 q: 0.698318 -0.715731 0.008050 0.004097 
time: 1788070621.515408, t: -0.002557 -0.046723 0.003449 q: 0.698332 -0.715717 0.008011 0.004077 
time: 1788070621.548750, t: -0.002512 -0.046704 0.003498 q: 0.698322 -0.715727 0.008017 0.004100 
time: 1788070621.582093, t: -0.002524 -0.046678 0.003566 q: 0.698285 -0.715762 0.008030 0.004149 
time: 1788070621.615436, t: -0.002517 -0.046669 0.003596 q: 0.698300 -0.715748 0.008026 0.004148 
time: 1788070621.648777, t: -0.002506 -0.046666 0.003605 q: 0.698297 -0.715751 0.008034 0.004165 
time: 1788070621.682119, t: -0.002543 -0.046701 0.003632 q: 0.698295 -0.715753 0.008040 0.004166 
time: 1788070621.715461, t: -0.002506 -0.046617 0.003668 q: 0.698285 -0.715763 0.008013 0.004162 
time: 1788070621.748803, t: -0.002435 -0.046498 0.003705 q: 0.698287 -0.715761 0.007995 0.004178 
time: 1788070621.782145, t: -0.002422 -0.046454 0.003735 q: 0.698273 -0.715775 0.007997 0.004168 
time: 1788070621.815487, t: -0.002405 -0.046406 0.003759 q: 0.698269 -0.715779 0.007986 0.004182 
time: 1788070621.848827, t: -0.002407 -0.046466 0.003786 q: 0.698265 -0.715783 0.007967 0.004159 
time: 1788070621.882169, t: -0.002375 -0.046424 0.003792 q: 0.698289 -0.715760 0.007960 0.004164 
time: 1788070621.915511, t: -0.002375 -0.046379 0.003786 q: 0.698283 -0.715765 0.007959 0.004167 
time: 1788070621.948853, t: -0.002410 -0.046360 0.003816 q: 0.698258 -0.715789 0.007981 0.004165 
time: 1788070621.982194, t: -0.002401 -0.046279 0.003835 q: 0.698273 -0.715775 0.007980 0.004158 
time: 1788070622.015536, t: -0.002374 -0.046289 0.003825 q: 0.698283 -0.715765 0.007956 0.004142 
time: 1788070622.048878, t: -0.002356 -0.046294 0.003809 q: 0.698298 -0.715751 0.007939 0.004153 
time: 1788070622.082220, t: -0.002414 -0.046316 0.003825 q: 0.698287 -0.715762 0.007969 0.004173 
time: 1788070622.115561, t: -0.002443 -0.046346 0.003845 q: 0.698284 -0.715764 0.007988 0.004175 
time: 1788070622.148903, t: -0.002436 -0.046272 0.003846 q: 0.698285 -0.715763 0.008012 0.004182 
time: 1788070622.182245, t: -0.002474 -0.046246 0.003862 q: 0.698272 -0.715775 0.008030 0.004148 
time: 1788070622.215586, t: -0.002520 -0.046354 0.003881 q: 0.698274 -0.715774 0.008010 0.004125 
time: 1788070622.248928, t: -0.002515 -0.046314 0.003899 q: 0.698273 -0.715775 0.008000 0.004143 
time: 1788070622.282270, t: -0.002451 -0.046173 0.003908 q: 0.698265 -0.715783 0.007989 0.004120 
time: 1788070622.315611, t: -0.002511 -0.046259 0.003924 q: 0.698251 -0.715796 0.007996 0.004096 
time: 1788070622.348952, t: -0.002513 -0.046305 0.003937 q: 0.698259 -0.715789 0.007969 0.004092 
time: 1788070622.382294, t: -0.002441 -0.046287 0.003935 q: 0.698256 -0.715792 0.007943 0.004076 
time: 1788070622.415636, t: -0.002479 -0.046244 0.003934 q: 0.698265 -0.715784 0.007940 0.004054 
time: 1788070622.448977, t: -0.002528 -0.046285 0.003934 q: 0.698253 -0.715795 0.007966 0.004041 
time: 1788070622.482319, t: -0.002533 -0.046371 0.003969 q: 0.698244 -0.715804 0.007957 0.004051 
time: 1788070622.515661, t: -0.002517 -0.046353 0.003995 q: 0.698241 -0.715807 0.007950 0.004048 
time: 1788070622.549003, t: -0.002538 -0.046299 0.003997 q: 0.698244 -0.715804 0.007951 0.004053 
time: 1788070622.582345, t: -0.002531 -0.046212 0.003986 q: 0.698256 -0.715792 0.007972 0.004070 
time: 1788070622.615686, t: -0.002521 -0.046215 0.003972 q: 0.698250 -0.715798 0.007964 0.004090 
time: 1788070622.649027, t: -0.002524 -0.046247 0.003980 q: 0.698233 -0.715815 0.007985 0.004097 
time: 1788070622.682366, t: -0.002471 -0.046235 0.004012 q: 0.698231 -0.715817 0.007966 0.004105 
time: 1788070622.715706, t: -0.002425 -0.046210 0.004024 q: 0.698236 -0.715811 0.007956 0.004093 
time: 1788070622.749045, t: -0.002445 -0.046215 0.004039 q: 0.698235 -0.715813 0.007947 0.004102 
time: 1788070622.782384, t: -0.002604 -0.046386 0.003970 q: 0.698232 -0.715815 0.008007 0.004094 
time: 1788070622.815724, t: -0.002669 -0.046391 0.003964 q: 0.698232 -0.715816 0.007996 0.004078 
time: 1788070622.849063, t: -0.002662 -0.046404 0.004000 q: 0.698219 -0.715828 0.007985 0.004083 
time: 1788070622.882403, t: -0.002670 -0.046427 0.004033 q: 0.698199 -0.715848 0.007981 0.004074 
time: 1788070622.915742, t: -0.002712 -0.046507 0.004054 q: 0.698170 -0.715876 0.007994 0.004086 
time: 1788070622.949082, t: -0.002705 -0.046514 0.004063 q: 0.698170 -0.715876 0.007966 0.004075 
time: 1788070622.982421, t: -0.002647 -0.046391 0.004084 q: 0.698182 -0.715865 0.007943 0.004051 
time: 1788070623.015760, t: -0.002634 -0.046298 0.004087 q: 0.698204 -0.715844 0.007911 0.004031 
time: 1788070623.049100, t: -0.002737 -0.046400 0.004049 q: 0.698205 -0.715843 0.007931 0.004010 
time: 1788070623.082439, t: -0.002686 -0.046332 0.004067 q: 0.698174 -0.715872 0.007941 0.004018 
time: 1788070623.115778, t: -0.002674 -0.046309 0.004063 q: 0.698198 -0.715849 0.007934 0.004013 
time: 1788070623.149118, t: -0.002744 -0.046404 0.004059 q: 0.698194 -0.715854 0.007948 0.004013 
time: 1788070623.182456, t: -0.002729 -0.046347 0.004088 q: 0.698183 -0.715864 0.007934 0.004020 
time: 1788070623.215796, t: -0.002692 -0.046338 0.004127 q: 0.698162 -0.715884 0.007940 0.004039 
time: 1788070623.249135, t: -0.002657 -0.046324 0.004176 q: 0.698139 -0.715907 0.007949 0.004053 
time: 1788070623.282474, t: -0.002725 -0.046379 0.004228 q: 0.698122 -0.715923 0.007968 0.004092 
time: 1788070623.315813, t: -0.002748 -0.046364 0.004238 q: 0.698135 -0.715910 0.007977 0.004085 
time: 1788070623.349153, t: -0.002719 -0.046355 0.004225 q: 0.698132 -0.715913 0.007986 0.004095 
time: 1788070623.382492, t: -0.002752 -0.046369 0.004238 q: 0.698120 -0.715924 0.007980 0.004087 
time: 1788070623.415831, t: -0.002739 -0.046333 0.004251 q: 0.698137 -0.715909 0.007954 0.004060 
time: 1788070623.449170, t: -0.002690 -0.046287 0.004248 q: 0.698144 -0.715902 0.007965 0.004070 
time: 1788070623.482509, t: -0.002740 -0.046401 0.004255 q: 0.698130 -0.715914 0.007989 0.004082 
time: 1788070623.515849, t: -0.002757 -0.046356 0.004274 q: 0.698124 -0.715921 0.008006 0.004114 
time: 1788070623.549188, t: -0.002693 -0.046252 0.004262 q: 0.698133 -0.715911 0.007985 0.004131 
time: 1788070623.582527, t: -0.002692 -0.046265 0.004252 q: 0.698125 -0.715919 0.007987 0.004124 
time: 1788070623.615866, t: -0.002669 -0.046260 0.004271 q: 0.698125 -0.715920 0.007969 0.004106 
time: 1788070623.649205, t: -0.002694 -0.046250 0.004237 q: 0.698138 -0.715907 0.007978 0.004096 
time: 1788070623.682547, t: -0.002755 -0.046341 0.004226 q: 0.698115 -0.715929 0.007993 0.004089 
time: 1788070623.715888, t: -0.002733 -0.046292 0.004226 q: 0.698130 -0.715915 0.007980 0.004072 
time: 1788070623.749229, t: -0.002804 -0.046319 0.004206 q: 0.698139 -0.715906 0.007982 0.004048 
time: 1788070623.782571, t: -0.002889 -0.046342 0.004196 q: 0.698155 -0.715890 0.007983 0.004048 
time: 1788070623.815912, t: -0.002861 -0.046349 0.004187 q: 0.698141 -0.715905 0.007977 0.004053 
time: 1788070623.849253, t: -0.002769 -0.046316 0.004182 q: 0.698138 -0.715908 0.007972 0.004059 
time: 1788070623.882595, t: -0.002698 -0.046267 0.004206 q: 0.698136 -0.715909 0.007958 0.004073 
time: 1788070623.915936, t: -0.002783 -0.046359 0.004250 q: 0.698113 -0.715932 0.007995 0.004065 
time: 1788070623.949278, t: -0.002843 -0.046345 0.004282 q: 0.698104 -0.715940 0.008011 0.004095 
time: 1788070623.982619, t: -0.002763 -0.046256 0.004303 q: 0.698107 -0.715937 0.007993 0.004109 
time: 1788070624.015960, t: -0.002747 -0.046219 0.004331 q: 0.698097 -0.715947 0.007993 0.004119 
time: 1788070624.049302, t: -0.002770 -0.046280 0.004335 q: 0.698100 -0.715944 0.007993 0.004093 
time: 1788070624.082642, t: -0.002801 -0.046334 0.004289 q: 0.698122 -0.715922 0.008003 0.004068 
time: 1788070624.115983, t: -0.002856 -0.046378 0.004249 q: 0.698126 -0.715919 0.007987 0.004065 
time: 1788070624.149325, t: -0.002818 -0.046244 0.004297 q: 0.698103 -0.715941 0.007982 0.004119 
time: 1788070624.182666, t: -0.002734 -0.046204 0.004358 q: 0.698111 -0.715933 0.007999 0.004125 
time: 1788070624.216007, t: -0.002749 -0.046184 0.004369 q: 0.698107 -0.715937 0.007999 0.004125 
time: 1788070624.249349, t: -0.002730 -0.046168 0.004360 q: 0.698111 -0.715933 0.008006 0.004158 
time: 1788070624.282690, t: -0.002710 -0.046147 0.004339 q: 0.698124 -0.715920 0.007997 0.004150 
time: 1788070624.316031, t: -0.002762 -0.046227 0.004344 q: 0.698108 -0.715936 0.007988 0.004137 
time: 1788070624.349373, t: -0.002738 -0.046219 0.004349 q: 0.698115 -0.715929 0.007987 0.004152 
time: 1788070624.382714, t: -0.002702 -0.046141 0.004364 q: 0.698094 -0.715950 0.007996 0.004142 
time: 1788070624.416056, t: -0.002706 -0.046114 0.004388 q: 0.698099 -0.715945 0.007979 0.004129 
time: 1788070624.449397, t: -0.002706 -0.046108 0.004376 q: 0.698101 -0.715943 0.007986 0.004122 
time: 1788070624.482738, t: -0.002717 -0.046155 0.004362 q: 0.698110 -0.715934 0.007997 0.004101 
time: 1788070624.516079, t: -0.002763 -0.046231 0.004385 q: 0.698087 -0.715957 0.007991 0.004125 
time: 1788070624.549420, t: -0.002793 -0.046271 0.004392 q: 0.698080 -0.715963 0.008010 0.004120 
time: 1788070624.582761, t: -0.002832 -0.046252 0.004365 q: 0.698090 -0.715953 0.008023 0.004133 
time: 1788070624.616102, t: -0.002796 -0.046190 0.004315 q: 0.698103 -0.715941 0.008016 0.004151 
time: 1788070624.649444, t: -0.002737 -0.046194 0.004282 q: 0.698095 -0.715948 0.008031 0.004176 
time: 1788070624.682785, t: -0.002670 -0.046097 0.004297 q: 0.698097 -0.715946 0.008013 0.004206 
time: 1788070624.716126, t: -0.002606 -0.046015 0.004320 q: 0.698096 -0.715948 0.007980 0.004194 
time: 1788070624.749467, t: -0.002605 -0.046058 0.004309 q: 0.698092 -0.715951 0.008015 0.004197 
time: 1788070624.782808, t: -0.002671 -0.046138 0.004323 q: 0.698087 -0.715955 0.008044 0.004209 
time: 1788070624.816149, t: -0.002669 -0.046110 0.004334 q: 0.698096 -0.715947 0.008036 0.004229 
time: 1788070624.849490, t: -0.002611 -0.046065 0.004328 q: 0.698082 -0.715961 0.007991 0.004213 
time: 1788070624.882831, t: -0.002684 -0.046143 0.004348 q: 0.698082 -0.715960 0.008010 0.004198 
time: 1788070624.916172, t: -0.002676 -0.046077 0.004374 q: 0.698069 -0.715973 0.008013 0.004189 
time: 1788070624.949513, t: -0.002655 -0.046059 0.004380 q: 0.698072 -0.715970 0.008003 0.004184 
time: 1788070624.982853, t: -0.002702 -0.046153 0.004344 q: 0.698086 -0.715957 0.008009 0.004165 
time: 1788070625.016194, t: -0.002750 -0.046146 0.004331 q: 0.698087 -0.715956 0.008007 0.004170 
time: 1788070625.049535, t: -0.002725 -0.046064 0.004365 q: 0.698084 -0.715959 0.008015 0.004181 
time: 1788070625.082876, t: -0.002778 -0.046144 0.004390 q: 0.698058 -0.715984 0.008054 0.004186 
time: 1788070625.116217, t: -0.002834 -0.046228 0.004399 q: 0.698057 -0.715984 0.008039 0.004188 
time: 1788070625.149558, t: -0.002731 -0.046182 0.004392 q: 0.698061 -0.715981 0.008029 0.004214 
time: 1788070625.182899, t: -0.002684 -0.046159 0.004402 q: 0.698038 -0.716003 0.008033 0.004244 
time: 1788070625.216240, t: -0.002708 -0.046194 0.004373 q: 0.698052 -0.715989 0.008037 0.004221 
time: 1788070625.249581, t: -0.002706 -0.046202 0.004349 q: 0.698055 -0.715986 0.008014 0.004239 
time: 1788070625.282922, t: -0.002592 -0.046046 0.004380 q: 0.698038 -0.716004 0.008002 0.004274 
time: 1788070625.316263, t: -0.002498 -0.045916 0.004365 q: 0.698036 -0.716005 0.008008 0.004272 
time: 1788070625.349603, t: -0.002470 -0.045861 0.004340 q: 0.698032 -0.716009 0.007997 0.004266 
time: 1788070625.382945, t: -0.002483 -0.045901 0.004340 q: 0.698015 -0.716025 0.008014 0.004267 
time: 1788070625.416284, t: -0.002427 -0.045830 0.004359 q: 0.698011 -0.716029 0.008023 0.004285 
time: 1788070625.449625, t: -0.002354 -0.045711 0.004346 q: 0.698022 -0.716018 0.008034 0.004336 
time: 1788070625.482966, t: -0.002384 -0.045741 0.004288 q: 0.698037 -0.716003 0.008024 0.004312 
time: 1788070625.516307, t: -0.002324 -0.045641 0.004233 q: 0.698060 -0.715982 0.008001 0.004311 
time: 1788070625.549648, t: -0.002227 -0.045508 0.004210 q: 0.698068 -0.715975 0.007986 0.004283 
time: 1788070625.582989, t: -0.002190 -0.045385 0.004188 q: 0.698087 -0.715956 0.007968 0.004267 
time: 1788070625.616330, t: -0.002204 -0.045488 0.004161 q: 0.698083 -0.715960 0.007954 0.004282 
time: 1788070625.649671, t: -0.002221 -0.045483 0.004170 q: 0.698083 -0.715960 0.007968 0.004272 
time: 1788070625.683012, t: -0.002180 -0.045299 0.004295 q: 0.698078 -0.715964 0.007970 0.004272 
time: 1788070625.716353, t: -0.002032 -0.045423 0.004410 q: 0.698061 -0.715981 0.007956 0.004274 
time: 1788070625.749695, t: -0.002532 -0.045527 0.003701 q: 0.698149 -0.715894 0.008105 0.004261 
time: 1788070625.783036, t: -0.002568 -0.045012 0.004130 q: 0.698108 -0.715935 0.008083 0.004269 
time: 1788070625.816377, t: -0.002545 -0.044737 0.004157 q: 0.698097 -0.715945 0.008070 0.004291 
time: 1788070625.849718, t: -0.002506 -0.044462 0.004152 q: 0.698112 -0.715929 0.008069 0.004342 
time: 1788070625.883059, t: -0.002491 -0.044244 0.004136 q: 0.698117 -0.715925 0.008067 0.004327 
time: 1788070625.916400, t: -0.002395 -0.043983 0.004127 q: 0.698129 -0.715913 0.008055 0.004348 
time: 1788070625.949741, t: -0.002311 -0.043763 0.004118 q: 0.698139 -0.715904 0.008041 0.004377 
time: 1788070625.983083, t: -0.002278 -0.043618 0.004109 q: 0.698135 -0.715907 0.008067 0.004380 
time: 1788070626.016424, t: -0.002269 -0.043497 0.004096 q: 0.698157 -0.715885 0.008082 0.004393 
time: 1788070626.049765, t: -0.002240 -0.043403 0.004072 q: 0.698173 -0.715871 0.008057 0.004396 
time: 1788070626.083107, t: -0.002148 -0.043268 0.004040 q: 0.698195 -0.715848 0.008068 0.004398 
time: 1788070626.116448, t: -0.002043 -0.043098 0.004027 q: 0.698200 -0.715843 0.008059 0.004413 
time: 1788070626.149789, t: -0.002018 -0.043018 0.004020 q: 0.698202 -0.715841 0.008098 0.004434 
time: 1788070626.183130, t: -0.002004 -0.042972 0.003971 q: 0.698207 -0.715837 0.008080 0.004405 
time: 1788070626.216472, t: -0.002177 -0.045237 0.003244 q: 0.698401 -0.715646 0.008229 0.004359 
time: 1788070626.249813, t: -0.002107 -0.043954 0.003602 q: 0.698312 -0.715734 0.008197 0.004355 
time: 1788070626.283154, t: -0.002034 -0.043783 0.003627 q: 0.698311 -0.715734 0.008182 0.004373 
time: 1788070626.316495, t: -0.001977 -0.043652 0.003644 q: 0.698310 -0.715735 0.008181 0.004380 
time: 1788070626.349836, t: -0.001941 -0.043544 0.003653 q: 0.698327 -0.715719 0.008203 0.004406 
time: 1788070626.383177, t: -0.001960 -0.043539 0.003662 q: 0.698311 -0.715734 0.008201 0.004405 
time: 1788070626.416518, t: -0.001958 -0.043526 0.003683 q: 0.698321 -0.715724 0.008194 0.004420 
time: 1788070626.449860, t: -0.001893 -0.043430 0.003702 q: 0.698320 -0.715725 0.008195 0.004432 
time: 1788070626.483201, t: -0.001835 -0.043389 0.003729 q: 0.698303 -0.715741 0.008196 0.004456 
time: 1788070626.516542, t: -0.001764 -0.043331 0.003752 q: 0.698311 -0.715735 0.008152 0.004443 
time: 1788070626.549883, t: -0.001762 -0.043327 0.003746 q: 0.698328 -0.715717 0.008167 0.004433 
time: 1788070626.583225, t: -0.001769 -0.043329 0.003740 q: 0.698335 -0.715710 0.008177 0.004467 
time: 1788070626.616566, t: -0.001759 -0.043358 0.003747 q: 0.698330 -0.715716 0.008168 0.004454 
time: 1788070626.649907, t: -0.001737 -0.043376 0.003775 q: 0.698305 -0.715740 0.008163 0.004456 
time: 1788070626.683248, t: -0.001720 -0.043410 0.003790 q: 0.698316 -0.715729 0.008159 0.004456 
time: 1788070626.716590, t: -0.001748 -0.043490 0.003792 q: 0.698333 -0.715713 0.008161 0.004469 
time: 1788070626.749930, t: -0.001676 -0.043432 0.003805 q: 0.698332 -0.715714 0.008165 0.004454 
time: 1788070626.783271, t: -0.001656 -0.043397 0.003817 q: 0.698337 -0.715709 0.008155 0.004467 
time: 1788070626.816612, t: -0.001711 -0.043453 0.003822 q: 0.698340 -0.715706 0.008151 0.004468 
time: 1788070626.849954, t: -0.001715 -0.043491 0.003828 q: 0.698344 -0.715702 0.008165 0.004478 
time: 1788070626.883295, t: -0.001727 -0.043519 0.003822 q: 0.698364 -0.715682 0.008147 0.004450 
time: 1788070626.916636, t: -0.001742 -0.043566 0.003811 q: 0.698371 -0.715676 0.008144 0.004436 
time: 1788070626.949977, t: -0.001758 -0.043604 0.003804 q: 0.698378 -0.715669 0.008163 0.004415 
time: 1788070626.983319, t: -0.001761 -0.043585 0.003804 q: 0.698386 -0.715661 0.008135 0.004413 
time: 1788070627.016660, t: -0.001765 -0.043615 0.003807 q: 0.698386 -0.715662 0.008144 0.004416 
time: 1788070627.050001, t: -0.001697 -0.043578 0.003811 q: 0.698397 -0.715651 0.008112 0.004439 
time: 1788070627.083342, t: -0.001642 -0.043514 0.003812 q: 0.698408 -0.715639 0.008127 0.004443 
time: 1788070627.116683, t: -0.001643 -0.043550 0.003801 q: 0.698417 -0.715631 0.008102 0.004472 
time: 1788070627.150025, t: -0.001601 -0.043535 0.003799 q: 0.698412 -0.715636 0.008105 0.004462 
time: 1788070627.183365, t: -0.001598 -0.043558 0.003792 q: 0.698426 -0.715623 0.008083 0.004457 
time: 1788070627.216706, t: -0.001605 -0.043605 0.003783 q: 0.698424 -0.715624 0.008103 0.004475 
time: 1788070627.250047, t: -0.001596 -0.043585 0.003782 q: 0.698437 -0.715612 0.008107 0.004455 
time: 1788070627.283389, t: -0.001631 -0.043593 0.003775 q: 0.698442 -0.715606 0.008128 0.004472 
time: 1788070627.316730, t: -0.001674 -0.043647 0.003776 q: 0.698443 -0.715606 0.008111 0.004451 
time: 1788070627.350071, t: -0.001682 -0.043718 0.003780 q: 0.698444 -0.715605 0.008125 0.004456 
time: 1788070627.383412, t: -0.001629 -0.043686 0.003783 q: 0.698464 -0.715585 0.008140 0.004477 
time: 1788070627.416754, t: -0.001642 -0.043663 0.003774 q: 0.698480 -0.715569 0.008137 0.004475 
time: 1788070627.450095, t: -0.001700 -0.043729 0.003766 q: 0.698484 -0.715565 0.008144 0.004457 
time: 1788070627.483436, t: -0.001717 -0.043791 0.003790 q: 0.698471 -0.715579 0.008131 0.004461 
time: 1788070627.516777, t: -0.001647 -0.043754 0.003815 q: 0.698471 -0.715578 0.008103 0.004462 
time: 1788070627.550118, t: -0.001591 -0.043672 0.003820 q: 0.698477 -0.715573 0.008125 0.004468 
time: 1788070627.583459, t: -0.001621 -0.043705 0.003822 q: 0.698499 -0.715551 0.008127 0.004467 
time: 1788070627.616801, t: -0.001612 -0.043729 0.003840 q: 0.698487 -0.715563 0.008106 0.004464 
time: 1788070627.650140, t: -0.001564 -0.043700 0.003845 q: 0.698495 -0.715555 0.008108 0.004487 
time: 1788070627.683481, t: -0.001559 -0.043691 0.003850 q: 0.698499 -0.715551 0.008122 0.004479 
time: 1788070627.716821, t: -0.001589 -0.043709 0.003852 q: 0.698494 -0.715556 0.008106 0.004480 
time: 1788070627.750161, t: -0.001565 -0.043716 0.003861 q: 0.698492 -0.715558 0.008101 0.004461 
time: 1788070627.783501, t: -0.001571 -0.043754 0.003878 q: 0.698483 -0.715566 0.008105 0.004467 
time: 1788070627.816841, t: -0.001532 -0.043758 0.003893 q: 0.698484 -0.715566 0.008076 0.004473 
time: 1788070627.850181, t: -0.001485 -0.043721 0.003898 q: 0.698488 -0.715563 0.008071 0.004482 
time: 1788070627.883521, t: -0.001510 -0.043753 0.003901 q: 0.698480 -0.715571 0.008073 0.004470 
time: 1788070627.916861, t: -0.001545 -0.043862 0.003895 q: 0.698473 -0.715577 0.008076 0.004495 
time: 1788070627.950201, t: -0.001453 -0.043790 0.003920 q: 0.698449 -0.715600 0.008084 0.004533 
time: 1788070627.983541, t: -0.001433 -0.043759 0.003930 q: 0.698452 -0.715596 0.008122 0.004557 
time: 1788070628.016881, t: -0.001431 -0.043728 0.003916 q: 0.698460 -0.715589 0.008113 0.004547 
time: 1788070628.050221, t: -0.001457 -0.043783 0.003913 q: 0.698454 -0.715594 0.008143 0.004563 
time: 1788070628.083560, t: -0.001580 -0.043993 0.003894 q: 0.698450 -0.715598 0.008179 0.004575 
time: 1788070628.116900, t: -0.001559 -0.043926 0.003900 q: 0.698456 -0.715592 0.008185 0.004587 
time: 1788070628.150240, t: -0.001560 -0.043917 0.003910 q: 0.698445 -0.715602 0.008181 0.004558 
time: 1788070628.183580, t: -0.001574 -0.043976 0.003913 q: 0.698443 -0.715604 0.008181 0.004574 
time: 1788070628.216920, t: -0.001478 -0.043893 0.003926 q: 0.698428 -0.715619 0.008199 0.004608 
time: 1788070628.250260, t: -0.001467 -0.043916 0.003950 q: 0.698417 -0.715629 0.008224 0.004617 
time: 1788070628.283600, t: -0.001503 -0.043974 0.003956 q: 0.698423 -0.715623 0.008229 0.004607 
time: 1788070628.316940, t: -0.001540 -0.044055 0.003967 q: 0.698406 -0.715639 0.008272 0.004637 
time: 1788070628.350280, t: -0.001675 -0.044246 0.003946 q: 0.698420 -0.715625 0.008285 0.004607 
time: 1788070628.383620, t: -0.001665 -0.044164 0.003933 q: 0.698409 -0.715636 0.008280 0.004600 
time: 1788070628.416960, t: -0.001610 -0.044070 0.003924 q: 0.698420 -0.715625 0.008265 0.004600 
time: 1788070628.450300, t: -0.002313 -0.045305 0.003294 q: 0.698439 -0.715606 0.008371 0.004470 
time: 1788070628.483639, t: -0.002044 -0.044917 0.003420 q: 0.698436 -0.715610 0.008345 0.004447 
time: 1788070628.516978, t: -0.002415 -0.045397 0.003065 q: 0.698480 -0.715568 0.008374 0.004356 
time: 1788070628.550318, t: -0.002307 -0.045283 0.003096 q: 0.698474 -0.715574 0.008328 0.004325 
time: 1788070628.583658, t: -0.002277 -0.045264 0.003095 q: 0.698458 -0.715590 0.008336 0.004309 
time: 1788070628.616998, t: -0.002236 -0.045245 0.003091 q: 0.698465 -0.715583 0.008323 0.004302 
time: 1788070628.650338, t: -0.002205 -0.045209 0.003085 q: 0.698480 -0.715568 0.008328 0.004342 
time: 1788070628.683679, t: -0.002194 -0.045168 0.003072 q: 0.698488 -0.715561 0.008323 0.004332 
time: 1788070628.717021, t: -0.002188 -0.045115 0.003067 q: 0.698490 -0.715558 0.008316 0.004331 
time: 1788070628.750362, t: -0.002139 -0.045056 0.003064 q: 0.698491 -0.715557 0.008309 0.004368 
time: 1788070628.783704, t: -0.002077 -0.044974 0.003062 q: 0.698494 -0.715555 0.008313 0.004371 
time: 1788070628.817045, t: -0.002069 -0.044910 0.003058 q: 0.698508 -0.715541 0.008284 0.004364 
time: 1788070628.850386, t: -0.002056 -0.044883 0.003057 q: 0.698509 -0.715540 0.008264 0.004338 
time: 1788070628.883728, t: -0.002051 -0.044858 0.003061 q: 0.698509 -0.715540 0.008255 0.004344 
time: 1788070628.917069, t: -0.002043 -0.044849 0.003056 q: 0.698511 -0.715538 0.008260 0.004349 
time: 1788070628.950410, t: -0.002059 -0.044854 0.003051 q: 0.698509 -0.715540 0.008299 0.004338 
time: 1788070628.983750, t: -0.002089 -0.044834 0.003051 q: 0.698503 -0.715546 0.008287 0.004338 
time: 1788070629.017092, t: -0.002122 -0.044850 0.003051 q: 0.698504 -0.715544 0.008316 0.004318 
time: 1788070629.050433, t: -0.002210 -0.044883 0.003053 q: 0.698505 -0.715544 0.008324 0.004300 
time: 1788070629.083774, t: -0.002203 -0.044854 0.003052 q: 0.698505 -0.715544 0.008320 0.004285 
time: 1788070629.117115, t: -0.002201 -0.044856 0.003050 q: 0.698522 -0.715528 0.008314 0.004282 
time: 1788070629.150457, t: -0.002172 -0.044845 0.003052 q: 0.698523 -0.715526 0.008302 0.004310 
time: 1788070629.183798, t: -0.002133 -0.044753 0.003060 q: 0.698536 -0.715514 0.008283 0.004311 
time: 1788070629.217139, t: -0.002156 -0.044688 0.003077 q: 0.698523 -0.715527 0.008265 0.004277 
time: 1788070629.250481, t: -0.002213 -0.044780 0.003074 q: 0.698544 -0.715507 0.008291 0.004281 
time: 1788070629.283822, t: -0.002293 -0.044840 0.003086 q: 0.698551 -0.715499 0.008284 0.004301 
time: 1788070629.317163, t: -0.002294 -0.044845 0.003105 q: 0.698539 -0.715511 0.008290 0.004316 
time: 1788070629.350504, t: -0.002276 -0.044887 0.003095 q: 0.698557 -0.715493 0.008291 0.004333 
time: 1788070629.383846, t: -0.002283 -0.044876 0.003111 q: 0.698540 -0.715510 0.008291 0.004349 
time: 1788070629.417186, t: -0.002315 -0.044885 0.003131 q: 0.698523 -0.715526 0.008269 0.004340 
time: 1788070629.450527, t: -0.002283 -0.044975 0.003138 q: 0.698540 -0.715511 0.008253 0.004343 
time: 1788070629.483868, t: -0.002248 -0.044995 0.003127 q: 0.698553 -0.715498 0.008257 0.004362 
time: 1788070629.517210, t: -0.002238 -0.044980 0.003129 q: 0.698548 -0.715503 0.008241 0.004367 
time: 1788070629.550551, t: -0.002227 -0.044963 0.003132 q: 0.698544 -0.715506 0.008271 0.004377 
time: 1788070629.583892, t: -0.002228 -0.044899 0.003137 q: 0.698559 -0.715492 0.008212 0.004382 
time: 1788070629.617234, t: -0.002205 -0.044911 0.003132 q: 0.698575 -0.715477 0.008218 0.004399 
time: 1788070629.650575, t: -0.002211 -0.044994 0.003134 q: 0.698574 -0.715477 0.008233 0.004379 
time: 1788070629.683916, t: -0.002228 -0.045037 0.003148 q: 0.698559 -0.715491 0.008214 0.004403 
time: 1788070629.717257, t: -0.002206 -0.045071 0.003158 q: 0.698546 -0.715505 0.008226 0.004415 
time: 1788070629.750599, t: -0.002197 -0.045075 0.003175 q: 0.698552 -0.715498 0.008205 0.004425 
time: 1788070629.783940, t: -0.002256 -0.045118 0.003170 q: 0.698557 -0.715494 0.008242 0.004405 
time: 1788070629.817281, t: -0.002286 -0.045185 0.003178 q: 0.698561 -0.715489 0.008231 0.004422 
time: 1788070629.850622, t: -0.002317 -0.045232 0.003209 q: 0.698541 -0.715508 0.008276 0.004428 
time: 1788070629.883963, t: -0.002415 -0.045296 0.003233 q: 0.698540 -0.715510 0.008290 0.004426 
time: 1788070629.917304, t: -0.002460 -0.045380 0.003249 q: 0.698534 -0.715515 0.008299 0.004411 
time: 1788070629.950645, t: -0.002489 -0.045457 0.003266 q: 0.698529 -0.715520 0.008301 0.004410 
time: 1788070629.983987, t: -0.002497 -0.045456 0.003280 q: 0.698538 -0.715511 0.008295 0.004414 
time: 1788070630.017328, t: -0.002461 -0.045447 0.003290 q: 0.698539 -0.715510 0.008303 0.004423 
time: 1788070630.050669, t: -0.002457 -0.045448 0.003306 q: 0.698537 -0.715512 0.008312 0.004432 
time: 1788070630.084011, t: -0.002476 -0.045469 0.003329 q: 0.698534 -0.715515 0.008303 0.004435 
time: 1788070630.117352, t: -0.002395 -0.045460 0.003347 q: 0.698509 -0.715540 0.008261 0.004427 
time: 1788070630.150693, t: -0.002320 -0.045498 0.003372 q: 0.698506 -0.715543 0.008260 0.004445 
time: 1788070630.184034, t: -0.002401 -0.045555 0.003419 q: 0.698490 -0.715558 0.008286 0.004427 
time: 1788070630.217376, t: -0.002485 -0.045544 0.003458 q: 0.698500 -0.715548 0.008291 0.004446 
time: 1788070630.250717, t: -0.002414 -0.045491 0.003456 q: 0.698499 -0.715549 0.008291 0.004439 
time: 1788070630.284058, t: -0.002347 -0.045499 0.003455 q: 0.698484 -0.715564 0.008288 0.004434 
time: 1788070630.317399, t: -0.002347 -0.045540 0.003479 q: 0.698476 -0.715571 0.008288 0.004442 
time: 1788070630.350739, t: -0.002342 -0.045546 0.003498 q: 0.698472 -0.715576 0.008281 0.004450 
time: 1788070630.384081, t: -0.002353 -0.045552 0.003529 q: 0.698479 -0.715569 0.008279 0.004459 
time: 1788070630.417422, t: -0.002383 -0.045584 0.003553 q: 0.698475 -0.715572 0.008287 0.004454 
time: 1788070630.450763, t: -0.002375 -0.045574 0.003556 q: 0.698475 -0.715573 0.008280 0.004448 
time: 1788070630.484104, t: -0.002429 -0.045610 0.003590 q: 0.698458 -0.715590 0.008282 0.004429 
time: 1788070630.517446, t: -0.002478 -0.045724 0.003610 q: 0.698462 -0.715585 0.008297 0.004421 
time: 1788070630.550787, t: -0.002513 -0.045798 0.003621 q: 0.698460 -0.715587 0.008319 0.004431 
time: 1788070630.584128, t: -0.002589 -0.045860 0.003656 q: 0.698453 -0.715594 0.008337 0.004442 
time: 1788070630.617470, t: -0.002596 -0.045948 0.003673 q: 0.698444 -0.715602 0.008334 0.004469 
time: 1788070630.650810, t: -0.002530 -0.045897 0.003670 q: 0.698449 -0.715598 0.008305 0.004476 
time: 1788070630.684152, t: -0.002508 -0.045820 0.003654 q: 0.698461 -0.715586 0.008309 0.004447 
time: 1788070630.717493, t: -0.002493 -0.045821 0.003659 q: 0.698462 -0.715585 0.008288 0.004478 
time: 1788070630.750834, t: -0.002487 -0.045829 0.003698 q: 0.698442 -0.715605 0.008267 0.004475 
time: 1788070630.784175, t: -0.002479 -0.045789 0.003727 q: 0.698459 -0.715589 0.008238 0.004477 
time: 1788070630.817516, t: -0.002437 -0.045710 0.003751 q: 0.698437 -0.715610 0.008236 0.004489 
time: 1788070630.850858, t: -0.002403 -0.045720 0.003733 q: 0.698465 -0.715582 0.008266 0.004483 
time: 1788070630.884199, t: -0.002405 -0.045783 0.003706 q: 0.698458 -0.715590 0.008252 0.004465 
time: 1788070630.917540, t: -0.002438 -0.045777 0.003717 q: 0.698463 -0.715585 0.008252 0.004466 
time: 1788070630.950881, t: -0.002456 -0.045774 0.003702 q: 0.698449 -0.715599 0.008247 0.004440 
time: 1788070630.984223, t: -0.002444 -0.045810 0.003696 q: 0.698441 -0.715607 0.008205 0.004417 
time: 1788070631.017564, t: -0.002452 -0.045845 0.003690 q: 0.698454 -0.715594 0.008206 0.004412 
time: 1788070631.050905, t: -0.002456 -0.045854 0.003697 q: 0.698447 -0.715602 0.008158 0.004371 
time: 1788070631.084247, t: -0.002412 -0.045827 0.003696 q: 0.698458 -0.715591 0.008148 0.004380 
time: 1788070631.117588, t: -0.002404 -0.045782 0.003702 q: 0.698451 -0.715599 0.008134 0.004345 
time: 1788070631.150929, t: -0.002449 -0.045711 0.003726 q: 0.698447 -0.715602 0.008140 0.004375 
time: 1788070631.184269, t: -0.002402 -0.045690 0.003756 q: 0.698427 -0.715621 0.008136 0.004390 
time: 1788070631.217611, t: -0.002350 -0.045741 0.003746 q: 0.698437 -0.715612 0.008142 0.004403 
time: 1788070631.250952, t: -0.002361 -0.045787 0.003740 q: 0.698442 -0.715607 0.008161 0.004411 
time: 1788070631.284293, t: -0.002362 -0.045786 0.003742 q: 0.698446 -0.715602 0.008163 0.004451 
time: 1788070631.317635, t: -0.002381 -0.045759 0.003758 q: 0.698441 -0.715607 0.008171 0.004436 
time: 1788070631.350976, t: -0.002406 -0.045764 0.003761 q: 0.698442 -0.715606 0.008172 0.004435 
time: 1788070631.384317, t: -0.002417 -0.045814 0.003785 q: 0.698412 -0.715635 0.008192 0.004445 
time: 1788070631.417658, t: -0.002440 -0.045856 0.003830 q: 0.698397 -0.715650 0.008197 0.004457 
time: 1788070631.450999, t: -0.002429 -0.045862 0.003839 q: 0.698401 -0.715646 0.008183 0.004451 
time: 1788070631.484341, t: -0.002428 -0.045863 0.003815 q: 0.698426 -0.715621 0.008191 0.004433 
time: 1788070631.517682, t: -0.002428 -0.045813 0.003779 q: 0.698437 -0.715611 0.008152 0.004431 
time: 1788070631.551023, t: -0.002398 -0.045757 0.003765 q: 0.698439 -0.715609 0.008159 0.004440 
time: 1788070631.584364, t: -0.002371 -0.045759 0.003760 q: 0.698431 -0.715617 0.008163 0.004448 
time: 1788070631.617706, t: -0.002377 -0.045788 0.003744 q: 0.698442 -0.715607 0.008175 0.004433 
time: 1788070631.651046, t: -0.002406 -0.045818 0.003721 q: 0.698445 -0.715604 0.008155 0.004384 
time: 1788070631.684388, t: -0.002421 -0.045793 0.003727 q: 0.698446 -0.715603 0.008129 0.004360 
time: 1788070631.717730, t: -0.002443 -0.045752 0.003722 q: 0.698449 -0.715600 0.008142 0.004367 
time: 1788070631.751071, t: -0.002410 -0.045777 0.003682 q: 0.698453 -0.715597 0.008113 0.004370 
time: 1788070631.784413, t: -0.002366 -0.045801 0.003657 q: 0.698461 -0.715589 0.008126 0.004394 
time: 1788070631.817755, t: -0.002354 -0.045774 0.003644 q: 0.698476 -0.715573 0.008117 0.004407 
time: 1788070631.851096, t: -0.002320 -0.045751 0.003628 q: 0.698476 -0.715574 0.008125 0.004431 
time: 1788070631.884438, t: -0.002287 -0.045742 0.003612 q: 0.698475 -0.715575 0.008133 0.004433 
time: 1788070631.917779, t: -0.002299 -0.045679 0.003638 q: 0.698472 -0.715577 0.008119 0.004439 
time: 1788070631.951121, t: -0.002297 -0.045648 0.003621 q: 0.698493 -0.715557 0.008111 0.004441 
time: 1788070631.984463, t: -0.002284 -0.045645 0.003580 q: 0.698496 -0.715554 0.008111 0.004436 
time: 1788070632.017804, t: -0.002268 -0.045670 0.003573 q: 0.698497 -0.715554 0.008110 0.004422 
time: 1788070632.051146, t: -0.002181 -0.045554 0.003547 q: 0.698498 -0.715552 0.008135 0.004423 
time: 1788070632.084486, t: -0.002639 -0.046082 0.003073 q: 0.698502 -0.715548 0.008283 0.004280 
time: 1788070632.117828, t: -0.002556 -0.046033 0.003114 q: 0.698524 -0.715527 0.008237 0.004288 
time: 1788070632.151170, t: -0.002988 -0.046389 0.002808 q: 0.698556 -0.715495 0.008335 0.004156 
time: 1788070632.184511, t: -0.002800 -0.046215 0.002826 q: 0.698568 -0.715483 0.008323 0.004176 
time: 1788070632.217853, t: -0.002758 -0.046129 0.002822 q: 0.698552 -0.715499 0.008323 0.004183 
time: 1788070632.251195, t: -0.002747 -0.046046 0.002830 q: 0.698537 -0.715514 0.008311 0.004204 
time: 1788070632.284536, t: -0.002721 -0.045948 0.002841 q: 0.698528 -0.715523 0.008279 0.004211 
time: 1788070632.317878, t: -0.002689 -0.045873 0.002835 q: 0.698536 -0.715515 0.008286 0.004199 
time: 1788070632.351220, t: -0.002651 -0.045809 0.002821 q: 0.698553 -0.715498 0.008284 0.004205 
time: 1788070632.384561, t: -0.002632 -0.045741 0.002798 q: 0.698556 -0.715495 0.008268 0.004183 
time: 1788070632.417903, t: -0.002643 -0.045670 0.002785 q: 0.698544 -0.715508 0.008260 0.004171 
time: 1788070632.451245, t: -0.002655 -0.045632 0.002773 q: 0.698538 -0.715514 0.008261 0.004156 
time: 1788070632.484586, t: -0.002635 -0.045633 0.002757 q: 0.698547 -0.715504 0.008258 0.004165 
time: 1788070632.517927, t: -0.002608 -0.045595 0.002748 q: 0.698533 -0.715518 0.008224 0.004172 
time: 1788070632.551269, t: -0.002618 -0.045524 0.002740 q: 0.698542 -0.715510 0.008212 0.004154 
time: 1788070632.584610, t: -0.002607 -0.045483 0.002731 q: 0.698531 -0.715521 0.008185 0.004162 
time: 1788070632.617952, t: -0.002571 -0.045444 0.002728 q: 0.698526 -0.715525 0.008186 0.004209 
time: 1788070632.651294, t: -0.002454 -0.045380 0.002711 q: 0.698547 -0.715505 0.008182 0.004234 
time: 1788070632.684636, t: -0.002415 -0.045336 0.002687 q: 0.698560 -0.715492 0.008194 0.004263 
time: 1788070632.717978, t: -0.002426 -0.045322 0.002689 q: 0.698538 -0.715513 0.008205 0.004250 
time: 1788070632.751320, t: -0.002420 -0.045333 0.002694 q: 0.698537 -0.715515 0.008195 0.004240 
time: 1788070632.784662, t: -0.002367 -0.045268 0.002694 q: 0.698555 -0.715497 0.008182 0.004257 
time: 1788070632.818004, t: -0.002343 -0.045218 0.002690 q: 0.698547 -0.715505 0.008187 0.004255 
time: 1788070632.851347, t: -0.002385 -0.045227 0.002707 q: 0.698546 -0.715505 0.008216 0.004257 
time: 1788070632.884689, t: -0.002423 -0.045204 0.002723 q: 0.698551 -0.715500 0.008240 0.004258 
time: 1788070632.918031, t: -0.002415 -0.045156 0.002737 q: 0.698540 -0.715510 0.008237 0.004262 
time: 1788070632.951373, t: -0.002352 -0.045029 0.002744 q: 0.698561 -0.715491 0.008209 0.004268 
time: 1788070632.984715, t: -0.002284 -0.044937 0.002746 q: 0.698546 -0.715506 0.008190 0.004261 
time: 1788070633.018057, t: -0.002284 -0.044936 0.002762 q: 0.698549 -0.715503 0.008215 0.004255 
time: 1788070633.051399, t: -0.002319 -0.044925 0.002773 q: 0.698544 -0.715508 0.008205 0.004238 
time: 1788070633.084741, t: -0.002315 -0.044907 0.002757 q: 0.698562 -0.715490 0.008201 0.004227 
time: 1788070633.118083, t: -0.002354 -0.044974 0.002749 q: 0.698558 -0.715494 0.008200 0.004215 
time: 1788070633.151426, t: -0.002377 -0.045107 0.002759 q: 0.698563 -0.715490 0.008177 0.004217 
time: 1788070633.184768, t: -0.002375 -0.045196 0.002760 q: 0.698562 -0.715491 0.008170 0.004244 
time: 1788070633.218110, t: -0.002414 -0.045281 0.002748 q: 0.698573 -0.715480 0.008164 0.004221 
time: 1788070633.251453, t: -0.002476 -0.045364 0.002740 q: 0.698571 -0.715482 0.008139 0.004209 
time: 1788070633.284795, t: -0.002516 -0.045491 0.002754 q: 0.698548 -0.715504 0.008147 0.004200 
time: 1788070633.318137, t: -0.002530 -0.045596 0.002766 q: 0.698554 -0.715499 0.008124 0.004201 
time: 1788070633.351480, t: -0.002550 -0.045608 0.002748 q: 0.698557 -0.715496 0.008132 0.004191 
time: 1788070633.384822, t: -0.002571 -0.045639 0.002731 q: 0.698547 -0.715506 0.008132 0.004188 
time: 1788070633.418163, t: -0.002584 -0.045700 0.002727 q: 0.698537 -0.715516 0.008133 0.004198 
time: 1788070633.451506, t: -0.002648 -0.045784 0.002729 q: 0.698533 -0.715519 0.008149 0.004162 
time: 1788070633.484848, t: -0.002709 -0.045864 0.002733 q: 0.698524 -0.715528 0.008143 0.004157 
time: 1788070633.518190, t: -0.002731 -0.045939 0.002728 q: 0.698520 -0.715532 0.008169 0.004161 
time: 1788070633.551533, t: -0.002796 -0.045992 0.002714 q: 0.698523 -0.715529 0.008181 0.004143 
time: 1788070633.584875, t: -0.002841 -0.046030 0.002691 q: 0.698529 -0.715523 0.008189 0.004133 
time: 1788070633.618217, t: -0.002816 -0.046035 0.002687 q: 0.698522 -0.715530 0.008171 0.004131 
time: 1788070633.651560, t: -0.002778 -0.046034 0.002692 q: 0.698498 -0.715554 0.008170 0.004132 
time: 1788070633.684902, t: -0.002775 -0.046111 0.002703 q: 0.698480 -0.715571 0.008172 0.004152 
time: 1788070633.718245, t: -0.002843 -0.046192 0.002712 q: 0.698470 -0.715580 0.008200 0.004147 
time: 1788070633.751587, t: -0.002887 -0.046234 0.002719 q: 0.698460 -0.715590 0.008223 0.004165 
time: 1788070633.784930, t: -0.002829 -0.046177 0.002715 q: 0.698466 -0.715584 0.008206 0.004174 
time: 1788070633.818273, t: -0.002843 -0.046142 0.002703 q: 0.698476 -0.715574 0.008203 0.004158 
time: 1788070633.851614, t: -0.002849 -0.046173 0.002691 q: 0.698469 -0.715581 0.008180 0.004153 
time: 1788070633.884957, t: -0.002867 -0.046222 0.002672 q: 0.698473 -0.715578 0.008173 0.004113 
time: 1788070633.918299, t: -0.002934 -0.046249 0.002677 q: 0.698463 -0.715588 0.008188 0.004106 
time: 1788070633.951642, t: -0.002834 -0.046118 0.002695 q: 0.698465 -0.715586 0.008189 0.004116 
time: 1788070633.984984, t: -0.002828 -0.046110 0.002697 q: 0.698456 -0.715595 0.008191 0.004089 
time: 1788070634.018327, t: -0.002966 -0.046290 0.002669 q: 0.698464 -0.715586 0.008200 0.004055 
time: 1788070634.051670, t: -0.003356 -0.046622 0.002416 q: 0.698471 -0.715579 0.008290 0.003974 
time: 1788070634.085012, t: -0.003632 -0.046822 0.002137 q: 0.698476 -0.715574 0.008366 0.003955 
time: 1788070634.118355, t: -0.003678 -0.046923 0.002104 q: 0.698473 -0.715576 0.008358 0.003970 
time: 1788070634.151697, t: -0.003696 -0.046932 0.002091 q: 0.698480 -0.715570 0.008347 0.003950 
time: 1788070634.185040, t: -0.003739 -0.046967 0.002079 q: 0.698473 -0.715576 0.008380 0.003961 
time: 1788070634.218383, t: -0.003784 -0.047040 0.002064 q: 0.698453 -0.715596 0.008375 0.003983 
time: 1788070634.251725, t: -0.003780 -0.047047 0.002053 q: 0.698441 -0.715608 0.008398 0.003997 
time: 1788070634.285068, t: -0.003813 -0.047089 0.002037 q: 0.698424 -0.715623 0.008412 0.004000 
time: 1788070634.318410, t: -0.003852 -0.047133 0.002003 q: 0.698450 -0.715599 0.008392 0.003970 
time: 1788070634.351752, t: -0.003873 -0.047134 0.001989 q: 0.698424 -0.715624 0.008378 0.003974 
time: 1788070634.385095, t: -0.003898 -0.047195 0.001991 q: 0.698404 -0.715643 0.008406 0.004017 
time: 1788070634.418437, t: -0.003931 -0.047222 0.001988 q: 0.698399 -0.715648 0.008424 0.004031 
time: 1788070634.451780, t: -0.003969 -0.047252 0.001975 q: 0.698387 -0.715659 0.008450 0.004042 
time: 1788070634.485123, t: -0.003996 -0.047264 0.001968 q: 0.698394 -0.715652 0.008486 0.004067 
time: 1788070634.518466, t: -0.003986 -0.047227 0.001954 q: 0.698404 -0.715642 0.008468 0.004058 
time: 1788070634.551808, t: -0.003997 -0.047260 0.001941 q: 0.698397 -0.715649 0.008471 0.004059 
time: 1788070634.585151, t: -0.004036 -0.047298 0.001919 q: 0.698396 -0.715650 0.008490 0.004056 
time: 1788070634.618494, t: -0.004048 -0.047277 0.001892 q: 0.698415 -0.715631 0.008504 0.004077 
time: 1788070634.651836, t: -0.004044 -0.047252 0.001871 q: 0.698423 -0.715623 0.008510 0.004078 
time: 1788070634.685178, t: -0.004058 -0.047242 0.001855 q: 0.698417 -0.715629 0.008505 0.004060 
time: 1788070634.718520, t: -0.004006 -0.047190 0.001857 q: 0.698393 -0.715652 0.008516 0.004069 
time: 1788070634.751861, t: -0.003942 -0.047136 0.001865 q: 0.698385 -0.715660 0.008530 0.004125 
time: 1788070634.785203, t: -0.003955 -0.047146 0.001851 q: 0.698387 -0.715658 0.008532 0.004110 
time: 1788070634.818544, t: -0.003978 -0.047195 0.001833 q: 0.698380 -0.715664 0.008549 0.004130 
time: 1788070634.851886, t: -0.003916 -0.047149 0.001833 q: 0.698382 -0.715662 0.008573 0.004149 
time: 1788070634.885228, t: -0.003887 -0.047084 0.001819 q: 0.698391 -0.715653 0.008559 0.004157 
time: 1788070634.918570, t: -0.003928 -0.047178 0.001778 q: 0.698395 -0.715649 0.008561 0.004157 
time: 1788070634.951911, t: -0.004055 -0.047641 0.002014 q: 0.698402 -0.715642 0.008599 0.004102 
time: 1788070634.985253, t: -0.004051 -0.047650 0.001994 q: 0.698405 -0.715640 0.008547 0.004087 
time: 1788070635.018595, t: -0.004150 -0.047600 0.002004 q: 0.698406 -0.715639 0.008564 0.004059 
time: 1788070635.051937, t: -0.004154 -0.047621 0.001941 q: 0.698376 -0.715669 0.008560 0.004076 
time: 1788070635.085279, t: -0.004136 -0.047614 0.001920 q: 0.698375 -0.715669 0.008554 0.004113 
time: 1788070635.118620, t: -0.004172 -0.047755 0.001887 q: 0.698404 -0.715641 0.008563 0.004104 
time: 1788070635.151962, t: -0.004170 -0.047782 0.001847 q: 0.698410 -0.715634 0.008579 0.004111 
time: 1788070635.185303, t: -0.004169 -0.047805 0.001812 q: 0.698408 -0.715636 0.008563 0.004129 
time: 1788070635.218645, t: -0.004143 -0.047817 0.001783 q: 0.698407 -0.715638 0.008565 0.004126 
time: 1788070635.251987, t: -0.004126 -0.047816 0.001754 q: 0.698406 -0.715639 0.008562 0.004098 
time: 1788070635.285328, t: -0.004128 -0.047823 0.001728 q: 0.698403 -0.715642 0.008552 0.004090 
time: 1788070635.318670, t: -0.004093 -0.047792 0.001707 q: 0.698402 -0.715643 0.008575 0.004089 
time: 1788070635.352012, t: -0.004054 -0.047775 0.001686 q: 0.698406 -0.715639 0.008557 0.004082 
time: 1788070635.385354, t: -0.004037 -0.047812 0.001662 q: 0.698390 -0.715654 0.008609 0.004085 
time: 1788070635.418695, t: -0.004029 -0.047824 0.001638 q: 0.698379 -0.715665 0.008603 0.004074 
time: 1788070635.452037, t: -0.004026 -0.047824 0.001606 q: 0.698384 -0.715660 0.008595 0.004052 
time: 1788070635.485379, t: -0.003994 -0.047844 0.001574 q: 0.698396 -0.715649 0.008580 0.004050 
time: 1788070635.518721, t: -0.003946 -0.047807 0.001552 q: 0.698390 -0.715654 0.008573 0.004052 
time: 1788070635.552063, t: -0.003893 -0.047793 0.001539 q: 0.698390 -0.715654 0.008564 0.004082 
time: 1788070635.585405, t: -0.003840 -0.047792 0.001518 q: 0.698395 -0.715651 0.008526 0.004078 
time: 1788070635.618746, t: -0.003808 -0.047770 0.001497 q: 0.698387 -0.715658 0.008532 0.004085 
time: 1788070635.652087, t: -0.003786 -0.047708 0.001483 q: 0.698399 -0.715646 0.008532 0.004072 
time: 1788070635.685430, t: -0.003787 -0.047650 0.001458 q: 0.698410 -0.715635 0.008545 0.004069 
time: 1788070635.718773, t: -0.003757 -0.047607 0.001420 q: 0.698412 -0.715633 0.008529 0.004054 
time: 1788070635.752116, t: -0.003756 -0.047569 0.001380 q: 0.698414 -0.715632 0.008542 0.004055 
time: 1788070635.785459, t: -0.003738 -0.047557 0.001344 q: 0.698406 -0.715639 0.008541 0.004063 
time: 1788070635.818802, t: -0.003707 -0.047536 0.001297 q: 0.698419 -0.715627 0.008505 0.004068 
time: 1788070635.852145, t: -0.003709 -0.047524 0.001248 q: 0.698412 -0.715634 0.008507 0.004093 
time: 1788070635.885488, t: -0.003713 -0.047501 0.001197 q: 0.698423 -0.715623 0.008502 0.004054 
time: 1788070635.918831, t: -0.003724 -0.047441 0.001136 q: 0.698442 -0.715605 0.008495 0.004042 
time: 1788070635.952173, t: -0.003698 -0.047418 0.001068 q: 0.698437 -0.715610 0.008489 0.004053 
time: 1788070635.985517, t: -0.003671 -0.047404 0.001007 q: 0.698441 -0.715605 0.008491 0.004077 
time: 1788070636.018860, t: -0.003658 -0.047403 0.000934 q: 0.698458 -0.715589 0.008496 0.004063 
time: 1788070636.052203, t: -0.003656 -0.047392 0.000863 q: 0.698477 -0.715571 0.008499 0.004051 
time: 1788070636.085545, t: -0.003651 -0.047392 0.000817 q: 0.698464 -0.715583 0.008508 0.004053 
time: 1788070636.118888, t: -0.003647 -0.047385 0.000786 q: 0.698434 -0.715612 0.008509 0.004103 
time: 1788070636.152231, t: -0.003693 -0.047444 0.000728 q: 0.698440 -0.715606 0.008536 0.004121 
time: 1788070636.185574, t: -0.003709 -0.047449 0.000654 q: 0.698448 -0.715598 0.008523 0.004147 
time: 1788070636.218917, t: -0.003673 -0.047405 0.000600 q: 0.698447 -0.715599 0.008542 0.004158 
time: 1788070636.252260, t: -0.003591 -0.047340 0.000555 q: 0.698435 -0.715610 0.008550 0.004187 
time: 1788070636.285603, t: -0.003535 -0.047289 0.000467 q: 0.698447 -0.715599 0.008531 0.004195 
time: 1788070636.318946, t: -0.003507 -0.047309 0.000375 q: 0.698440 -0.715606 0.008521 0.004198 
time: 1788070636.352289, t: -0.003489 -0.047340 0.000306 q: 0.698436 -0.715610 0.008515 0.004198 
time: 1788070636.385633, t: -0.003570 -0.047390 0.000245 q: 0.698416 -0.715629 0.008525 0.004171 
time: 1788070636.418976, t: -0.003584 -0.047496 0.000166 q: 0.698421 -0.715624 0.008516 0.004171 
time: 1788070636.452319, t: -0.003546 -0.047586 0.000090 q: 0.698412 -0.715634 0.008498 0.004168 
time: 1788070636.485662, t: -0.003566 -0.047711 0.000002 q: 0.698418 -0.715628 0.008472 0.004145 
time: 1788070636.519004, t: -0.003618 -0.047741 -0.000078 q: 0.698445 -0.715602 0.008466 0.004113 
time: 1788070636.552348, t: -0.003604 -0.047771 -0.000147 q: 0.698435 -0.715612 0.008434 0.004114 
time: 1788070636.585691, t: -0.003554 -0.047848 -0.000220 q: 0.698436 -0.715610 0.008461 0.004148 
time: 1788070636.619034, t: -0.003540 -0.047847 -0.000291 q: 0.698419 -0.715626 0.008479 0.004175 
time: 1788070636.652377, t: -0.003507 -0.047877 -0.000376 q: 0.698443 -0.715604 0.008450 0.004174 
time: 1788070636.685720, t: -0.003497 -0.047890 -0.000473 q: 0.698451 -0.715595 0.008463 0.004179 
time: 1788070636.719063, t: -0.003628 -0.048051 -0.000584 q: 0.698462 -0.715585 0.008454 0.004172 
time: 1788070636.752406, t: -0.003770 -0.047994 0.000390 q: 0.698458 -0.715589 0.008435 0.004177 
time: 1788070636.785749, t: -0.003723 -0.048031 0.000148 q: 0.698448 -0.715599 0.008430 0.004174 
time: 1788070636.819092, t: -0.003752 -0.048068 0.000066 q: 0.698450 -0.715597 0.008443 0.004148 
time: 1788070636.852435, t: -0.003757 -0.048073 -0.000019 q: 0.698476 -0.715573 0.008404 0.004123 
time: 1788070636.885778, t: -0.003726 -0.048091 -0.000114 q: 0.698474 -0.715575 0.008388 0.004155 
time: 1788070636.919121, t: -0.003664 -0.048091 -0.000189 q: 0.698481 -0.715568 0.008389 0.004155 
time: 1788070636.952464, t: -0.003618 -0.048108 -0.000261 q: 0.698467 -0.715581 0.008377 0.004115 
time: 1788070636.985806, t: -0.003671 -0.048169 -0.000336 q: 0.698473 -0.715576 0.008365 0.004100 
time: 1788070637.019149, t: -0.003697 -0.048199 -0.000426 q: 0.698481 -0.715568 0.008368 0.004107 
time: 1788070637.052492, t: -0.003677 -0.048222 -0.000480 q: 0.698456 -0.715592 0.008367 0.004145 
time: 1788070637.085835, t: -0.003616 -0.048202 -0.000541 q: 0.698456 -0.715592 0.008379 0.004148 
time: 1788070637.119179, t: -0.003577 -0.048199 -0.000605 q: 0.698456 -0.715593 0.008337 0.004108 
time: 1788070637.152522, t: -0.003604 -0.048243 -0.000673 q: 0.698460 -0.715590 0.008316 0.004091 
time: 1788070637.185865, t: -0.003626 -0.048309 -0.000747 q: 0.698463 -0.715586 0.008333 0.004073 
time: 1788070637.219208, t: -0.003636 -0.048345 -0.000795 q: 0.698467 -0.715582 0.008345 0.004097 
time: 1788070637.252551, t: -0.003651 -0.048369 -0.000832 q: 0.698460 -0.715588 0.008377 0.004103 
time: 1788070637.285894, t: -0.003649 -0.048412 -0.000865 q: 0.698447 -0.715601 0.008376 0.004133 
time: 1788070637.319237, t: -0.003641 -0.048470 -0.000898 q: 0.698448 -0.715600 0.008379 0.004129 
time: 1788070637.352581, t: -0.003630 -0.048518 -0.000928 q: 0.698438 -0.715609 0.008383 0.004163 
time: 1788070637.385924, t: -0.003599 -0.048511 -0.000939 q: 0.698426 -0.715621 0.008376 0.004164 
time: 1788070637.419266, t: -0.003634 -0.048553 -0.000946 q: 0.698439 -0.715609 0.008386 0.004176 
time: 1788070637.452609, t: -0.003637 -0.048524 -0.000955 q: 0.698445 -0.715602 0.008385 0.004194 
time: 1788070637.485953, t: -0.003610 -0.048515 -0.000973 q: 0.698451 -0.715596 0.008394 0.004189 
time: 1788070637.519296, t: -0.003622 -0.048554 -0.000989 q: 0.698452 -0.715595 0.008394 0.004180 
time: 1788070637.552639, t: -0.003656 -0.048484 -0.000987 q: 0.698467 -0.715581 0.008373 0.004159 
time: 1788070637.585982, t: -0.003669 -0.048402 -0.000991 q: 0.698469 -0.715579 0.008362 0.004147 
time: 1788070637.619326, t: -0.003678 -0.048493 -0.001008 q: 0.698455 -0.715593 0.008384 0.004134 
time: 1788070637.652669, t: -0.003696 -0.048587 -0.001026 q: 0.698474 -0.715575 0.008372 0.004120 
time: 1788070637.686013, t: -0.003705 -0.048608 -0.001041 q: 0.698477 -0.715572 0.008343 0.004121 
time: 1788070637.719356, t: -0.003688 -0.048618 -0.001040 q: 0.698465 -0.715583 0.008341 0.004148 
time: 1788070637.752699, t: -0.003653 -0.048549 -0.000993 q: 0.698433 -0.715614 0.008354 0.004173 
time: 1788070637.786043, t: -0.003662 -0.048512 -0.000969 q: 0.698438 -0.715609 0.008347 0.004141 
time: 1788070637.819387, t: -0.003695 -0.048510 -0.000952 q: 0.698447 -0.715601 0.008339 0.004134 
time: 1788070637.852729, t: -0.003687 -0.048540 -0.000948 q: 0.698456 -0.715593 0.008325 0.004125 
time: 1788070637.886073, t: -0.003630 -0.048528 -0.000942 q: 0.698457 -0.715591 0.008344 0.004141 
time: 1788070637.919416, t: -0.003605 -0.048440 -0.000922 q: 0.698448 -0.715600 0.008330 0.004138 
time: 1788070637.952760, t: -0.003591 -0.048396 -0.000915 q: 0.698481 -0.715568 0.008308 0.004121 
time: 1788070637.986104, t: -0.003542 -0.048313 -0.000908 q: 0.698490 -0.715560 0.008256 0.004111 
time: 1788070638.019448, t: -0.003446 -0.048205 -0.000889 q: 0.698484 -0.715566 0.008245 0.004100 
time: 1788070638.052791, t: -0.003498 -0.048190 -0.001003 q: 0.698459 -0.715590 0.008280 0.004154 
time: 1788070638.086135, t: -0.003557 -0.047184 0.000718 q: 0.698457 -0.715593 0.008238 0.004065 
time: 1788070638.119478, t: -0.003520 -0.047685 0.000197 q: 0.698446 -0.715604 0.008197 0.004029 
time: 1788070638.152822, t: -0.003553 -0.047711 0.000201 q: 0.698432 -0.715618 0.008181 0.004025 
time: 1788070638.186166, t: -0.003542 -0.047726 0.000207 q: 0.698414 -0.715636 0.008172 0.004024 
time: 1788070638.219510, t: -0.003542 -0.047773 0.000191 q: 0.698406 -0.715644 0.008171 0.004003 
time: 1788070638.252854, t: -0.003548 -0.047782 0.000191 q: 0.698382 -0.715667 0.008163 0.003980 
time: 1788070638.286197, t: -0.003589 -0.047806 0.000188 q: 0.698388 -0.715662 0.008170 0.003969 
time: 1788070638.319540, t: -0.003601 -0.047784 0.000194 q: 0.698370 -0.715679 0.008184 0.003985 
time: 1788070638.352884, t: -0.003587 -0.047738 0.000214 q: 0.698365 -0.715685 0.008155 0.003969 
time: 1788070638.386228, t: -0.003600 -0.047730 0.000249 q: 0.698325 -0.715724 0.008140 0.003975 
time: 1788070638.419572, t: -0.003548 -0.047718 0.000261 q: 0.698327 -0.715722 0.008111 0.003977 
time: 1788070638.452915, t: -0.003520 -0.047736 0.000254 q: 0.698326 -0.715723 0.008114 0.003959 
time: 1788070638.486259, t: -0.003555 -0.047805 0.000243 q: 0.698334 -0.715715 0.008117 0.003919 
time: 1788070638.519603, t: -0.003580 -0.047716 0.000250 q: 0.698352 -0.715698 0.008104 0.003898 
time: 1788070638.552947, t: -0.003619 -0.047697 0.000180 q: 0.698352 -0.715697 0.008145 0.003909 
time: 1788070638.586291, t: -0.003592 -0.047142 0.001174 q: 0.698323 -0.715727 0.008075 0.003792 
time: 1788070638.619635, t: -0.003561 -0.047099 0.001104 q: 0.698279 -0.715771 0.008011 0.003752 
time: 1788070638.652979, t: -0.003537 -0.047073 0.001122 q: 0.698265 -0.715785 0.007961 0.003731 
time: 1788070638.686320, t: -0.003559 -0.047023 0.001137 q: 0.698254 -0.715796 0.007956 0.003722 
time: 1788070638.719661, t: -0.003550 -0.047012 0.001142 q: 0.698257 -0.715793 0.007940 0.003717 
time: 1788070638.753000, t: -0.003532 -0.046986 0.001147 q: 0.698262 -0.715789 0.007917 0.003718 
time: 1788070638.786341, t: -0.003531 -0.046984 0.001154 q: 0.698253 -0.715797 0.007934 0.003707 
time: 1788070638.819682, t: -0.003521 -0.046997 0.001167 q: 0.698246 -0.715804 0.007935 0.003706 
time: 1788070638.853023, t: -0.003562 -0.046987 0.001178 q: 0.698242 -0.715808 0.007954 0.003685 
time: 1788070638.886364, t: -0.003569 -0.047000 0.001188 q: 0.698248 -0.715802 0.007960 0.003697 
time: 1788070638.919704, t: -0.003556 -0.047000 0.001185 q: 0.698254 -0.715797 0.007939 0.003678 
time: 1788070638.953045, t: -0.003551 -0.046994 0.001182 q: 0.698255 -0.715796 0.007958 0.003684 
time: 1788070638.986386, t: -0.003551 -0.047009 0.001171 q: 0.698269 -0.715781 0.007974 0.003673 
time: 1788070639.019727, t: -0.003577 -0.046989 0.001163 q: 0.698268 -0.715782 0.007997 0.003679 
time: 1788070639.053067, t: -0.003573 -0.046966 0.001178 q: 0.698262 -0.715788 0.008000 0.003716 
time: 1788070639.086408, t: -0.003575 -0.046962 0.001197 q: 0.698250 -0.715800 0.007971 0.003699 
time: 1788070639.119749, t: -0.003572 -0.046983 0.001214 q: 0.698257 -0.715793 0.007981 0.003693 
time: 1788070639.153089, t: -0.003566 -0.047040 0.001226 q: 0.698237 -0.715812 0.008018 0.003701 
time: 1788070639.186429, t: -0.003634 -0.047049 0.001251 q: 0.698234 -0.715815 0.008033 0.003699 
time: 1788070639.219769, t: -0.003630 -0.047048 0.001264 q: 0.698229 -0.715820 0.008001 0.003703 
time: 1788070639.253110, t: -0.003565 -0.047069 0.001271 q: 0.698235 -0.715814 0.008018 0.003718 
time: 1788070639.286451, t: -0.003599 -0.047030 0.001275 q: 0.698242 -0.715808 0.007997 0.003694 
time: 1788070639.319792, t: -0.003577 -0.047018 0.001270 q: 0.698254 -0.715797 0.007976 0.003682 
time: 1788070639.353132, t: -0.003509 -0.047040 0.001303 q: 0.698248 -0.715802 0.007981 0.003682 
time: 1788070639.386473, t: -0.003528 -0.047056 0.001326 q: 0.698239 -0.715811 0.007995 0.003659 
time: 1788070639.419813, t: -0.003593 -0.047038 0.001350 q: 0.698228 -0.715821 0.007997 0.003674 
time: 1788070639.453154, t: -0.003576 -0.047002 0.001348 q: 0.698236 -0.715814 0.007981 0.003665 
time: 1788070639.486494, t: -0.003570 -0.047017 0.001356 q: 0.698223 -0.715827 0.008004 0.003654 
time: 1788070639.519835, t: -0.003614 -0.047007 0.001384 q: 0.698215 -0.715833 0.008017 0.003662 
time: 1788070639.553175, t: -0.003596 -0.047022 0.001414 q: 0.698201 -0.715848 0.007984 0.003654 
time: 1788070639.586516, t: -0.003603 -0.047074 0.001437 q: 0.698202 -0.715847 0.007969 0.003640 
time: 1788070639.619856, t: -0.003581 -0.047068 0.001437 q: 0.698233 -0.715818 0.007936 0.003618 
time: 1788070639.653196, t: -0.003563 -0.047088 0.001443 q: 0.698205 -0.715844 0.007959 0.003607 
time: 1788070639.686538, t: -0.003591 -0.047110 0.001478 q: 0.698189 -0.715860 0.007960 0.003618 
time: 1788070639.719879, t: -0.003579 -0.047127 0.001505 q: 0.698187 -0.715862 0.007964 0.003631 
time: 1788070639.753221, t: -0.003552 -0.047113 0.001520 q: 0.698201 -0.715849 0.007941 0.003623 
time: 1788070639.786562, t: -0.003541 -0.047028 0.001516 q: 0.698218 -0.715832 0.007932 0.003639 
time: 1788070639.819904, t: -0.003509 -0.046989 0.001527 q: 0.698222 -0.715828 0.007928 0.003665 
time: 1788070639.853246, t: -0.003481 -0.047009 0.001553 q: 0.698204 -0.715845 0.007949 0.003675 
time: 1788070639.886588, t: -0.003515 -0.047035 0.001573 q: 0.698212 -0.715837 0.007973 0.003661 
time: 1788070639.919929, t: -0.003515 -0.047045 0.001582 q: 0.698192 -0.715857 0.007984 0.003710 
time: 1788070639.953271, t: -0.003504 -0.047065 0.001595 q: 0.698190 -0.715858 0.008015 0.003699 
time: 1788070639.986613, t: -0.003528 -0.047102 0.001591 q: 0.698209 -0.715839 0.008013 0.003682 
time: 1788070640.019954, t: -0.003554 -0.047105 0.001575 q: 0.698217 -0.715832 0.007989 0.003645 
time: 1788070640.053296, t: -0.003589 -0.047091 0.001576 q: 0.698222 -0.715827 0.008012 0.003655 
time: 1788070640.086637, t: -0.003600 -0.047096 0.001583 q: 0.698213 -0.715836 0.008012 0.003649 
time: 1788070640.119978, t: -0.003628 -0.047064 0.001578 q: 0.698225 -0.715825 0.008006 0.003641 
time: 1788070640.153320, t: -0.003638 -0.047060 0.001573 q: 0.698218 -0.715831 0.008018 0.003636 
time: 1788070640.186662, t: -0.003637 -0.047077 0.001560 q: 0.698234 -0.715816 0.008005 0.003634 
time: 1788070640.220003, t: -0.003618 -0.047048 0.001575 q: 0.698216 -0.715833 0.008002 0.003663 
time: 1788070640.253345, t: -0.003595 -0.047055 0.001593 q: 0.698230 -0.715819 0.007994 0.003649 
time: 1788070640.286687, t: -0.003569 -0.047051 0.001604 q: 0.698224 -0.715826 0.007998 0.003664 
time: 1788070640.320029, t: -0.003546 -0.047046 0.001624 q: 0.698200 -0.715848 0.008012 0.003691 
time: 1788070640.353370, t: -0.003557 -0.047014 0.001640 q: 0.698202 -0.715847 0.008005 0.003701 
time: 1788070640.386712, t: -0.003537 -0.046936 0.001652 q: 0.698187 -0.715861 0.008005 0.003716 
time: 1788070640.420053, t: -0.003483 -0.046910 0.001680 q: 0.698156 -0.715891 0.007999 0.003711 
time: 1788070640.453395, t: -0.003479 -0.046925 0.001680 q: 0.698187 -0.715862 0.007998 0.003688 
time: 1788070640.486737, t: -0.003516 -0.046935 0.001648 q: 0.698191 -0.715857 0.008008 0.003671 
time: 1788070640.520078, t: -0.003536 -0.046962 0.001656 q: 0.698172 -0.715876 0.007985 0.003688 
time: 1788070640.553419, t: -0.003545 -0.047006 0.001676 q: 0.698145 -0.715902 0.008016 0.003702 
time: 1788070640.586761, t: -0.003573 -0.047072 0.001685 q: 0.698132 -0.715915 0.008018 0.003716 
time: 1788070640.620103, t: -0.003576 -0.047125 0.001700 q: 0.698124 -0.715922 0.008015 0.003711 
time: 1788070640.653444, t: -0.003594 -0.047150 0.001726 q: 0.698116 -0.715930 0.008013 0.003706 
time: 1788070640.686790, t: -0.003611 -0.047173 0.001747 q: 0.698096 -0.715950 0.008023 0.003692 
time: 1788070640.720135, t: -0.003641 -0.047215 0.001763 q: 0.698075 -0.715970 0.008066 0.003690 
time: 1788070640.753481, t: -0.003687 -0.047223 0.001770 q: 0.698068 -0.715976 0.008069 0.003681 
time: 1788070640.786826, t: -0.003724 -0.047234 0.001786 q: 0.698045 -0.715998 0.008093 0.003678 
time: 1788070640.820172, t: -0.003769 -0.047235 0.001808 q: 0.698044 -0.716000 0.008084 0.003642 
time: 1788070640.853518, t: -0.003753 -0.047228 0.001828 q: 0.698011 -0.716031 0.008090 0.003669 
time: 1788070640.886863, t: -0.003680 -0.047262 0.001883 q: 0.697971 -0.716071 0.008050 0.003674 
time: 1788070640.920209, t: -0.003627 -0.047250 0.001910 q: 0.697969 -0.716074 0.008027 0.003633 
time: 1788070640.953555, t: -0.003603 -0.047224 0.001892 q: 0.697956 -0.716087 0.008020 0.003652 
time: 1788070640.986899, t: -0.003563 -0.047132 0.001968 q: 0.697948 -0.716095 0.008014 0.003642 
time: 1788070641.020245, t: -0.003588 -0.047167 0.001967 q: 0.697929 -0.716113 0.008001 0.003652 
time: 1788070641.053591, t: -0.003636 -0.047263 0.001915 q: 0.697920 -0.716122 0.007980 0.003623 
time: 1788070641.086937, t: -0.003636 -0.047326 0.001914 q: 0.697942 -0.716101 0.007982 0.003644 
time: 1788070641.120282, t: -0.003636 -0.047306 0.001897 q: 0.697951 -0.716091 0.008020 0.003659 
time: 1788070641.153628, t: -0.003677 -0.047276 0.001880 q: 0.697945 -0.716096 0.008061 0.003685 
time: 1788070641.186974, t: -0.003714 -0.047287 0.001894 q: 0.697953 -0.716089 0.008054 0.003657 
time: 1788070641.220320, t: -0.003730 -0.047299 0.001922 q: 0.697924 -0.716117 0.008072 0.003691 
time: 1788070641.253666, t: -0.003728 -0.047274 0.001935 q: 0.697918 -0.716123 0.008054 0.003694 
time: 1788070641.287012, t: -0.003694 -0.047285 0.001938 q: 0.697912 -0.716130 0.007990 0.003633 
time: 1788070641.320358, t: -0.003727 -0.047261 0.001962 q: 0.697897 -0.716145 0.007959 0.003609 
time: 1788070641.353704, t: -0.003743 -0.047303 0.001977 q: 0.697899 -0.716144 0.007904 0.003549 
time: 1788070641.387050, t: -0.003730 -0.047391 0.002020 q: 0.697862 -0.716179 0.007953 0.003558 
time: 1788070641.420395, t: -0.003751 -0.047329 0.002010 q: 0.697853 -0.716187 0.007959 0.003592 
time: 1788070641.453741, t: -0.003743 -0.047305 0.001987 q: 0.697845 -0.716196 0.007979 0.003589 
time: 1788070641.487087, t: -0.003798 -0.047336 0.001981 q: 0.697850 -0.716191 0.007978 0.003568 
time: 1788070641.520433, t: -0.003804 -0.047357 0.001997 q: 0.697832 -0.716208 0.007960 0.003577 
time: 1788070641.553779, t: -0.003776 -0.047322 0.002027 q: 0.697829 -0.716212 0.007957 0.003583 
time: 1788070641.587126, t: -0.003755 -0.047257 0.002033 q: 0.697807 -0.716233 0.007940 0.003582 
time: 1788070641.620472, t: -0.003714 -0.047284 0.002039 q: 0.697796 -0.716244 0.00terminate called without an active exception
